sample_id,subject_id,sample_index,label,consensus_prediction,consensus_correct,classifier_prediction,classifier_correct,score_P,score_margin,score_entropy,score_agreement,reliability,qualifies_threshold,delta_prediction,delta_correct,delta_weight,theta_prediction,theta_correct,theta_weight,alpha_prediction,alpha_correct,alpha_weight,beta_prediction,beta_correct,beta_weight,gamma_prediction,gamma_correct,gamma_weight
subject_14:sample_0000000,14,0,1,3,0,1,1,0.6776543855667114,0.3556368350982666,0.5445189476013184,0.6000000238418579,0.5297181010246277,0,3,0,0.23052771389484406,3,0,0.24034202098846436,3,0,0.21655361354351044,1,1,0.15623383224010468,1,1,0.1563418060541153
subject_14:sample_0000001,14,1,1,3,0,1,1,0.6775866150856018,0.3554997742176056,0.5444909334182739,0.6000000238418579,0.5296470522880554,0,3,0,0.23059560358524323,3,0,0.24013714492321014,3,0,0.21656140685081482,1,1,0.1563001126050949,1,1,0.1564047783613205
subject_14:sample_0000002,14,2,1,3,0,1,1,0.6777560710906982,0.35583868622779846,0.5445818901062012,0.6000000238418579,0.5298284292221069,0,3,0,0.23054754734039307,3,0,0.24042025208473206,3,0,0.2163563221693039,1,1,0.1563357710838318,1,1,0.1563391238451004
subject_14:sample_0000003,14,3,1,3,0,1,1,0.6778182983398438,0.35596007108688354,0.544631838798523,0.6000000238418579,0.5298978686332703,0,3,0,0.2302495390176773,3,0,0.24073368310928345,3,0,0.21644437313079834,1,1,0.15635676681995392,1,1,0.15621468424797058
subject_14:sample_0000004,14,4,1,3,0,1,1,0.6778375506401062,0.3560065031051636,0.5446001887321472,0.6000000238418579,0.5299113392829895,0,3,0,0.23036155104637146,3,0,0.24175702035427094,3,0,0.21627023816108704,1,1,0.15593519806861877,1,1,0.1556749790906906
subject_14:sample_0000005,14,5,1,3,0,1,1,0.6779168844223022,0.35617029666900635,0.5446146726608276,0.6000000238418579,0.5299912095069885,0,3,0,0.23044292628765106,3,0,0.24248825013637543,3,0,0.21624097228050232,1,1,0.1555781364440918,1,1,0.1552487313747406
subject_14:sample_0000006,14,6,1,3,0,1,1,0.6790522933006287,0.35843032598495483,0.5452858209609985,0.6000000238418579,0.5312156677246094,0,3,0,0.2293507307767868,3,0,0.24221672117710114,3,0,0.21693915128707886,1,1,0.15603677928447723,1,1,0.15545566380023956
subject_14:sample_0000007,14,7,1,3,0,1,1,0.6801568865776062,0.3606339693069458,0.5459161996841431,0.6000000238418579,0.5324002504348755,0,3,0,0.22835318744182587,3,0,0.24256174266338348,3,0,0.21749508380889893,1,1,0.15623155236244202,1,1,0.15535743534564972
subject_14:sample_0000008,14,8,1,3,0,1,1,0.680778980255127,0.3618614077568054,0.5463468432426453,0.6000000238418579,0.5330795645713806,0,3,0,0.22631511092185974,3,0,0.241702601313591,3,0,0.2186223864555359,1,1,0.15731306374073029,1,1,0.15604595839977264
subject_14:sample_0000009,14,9,1,3,0,1,1,0.6811321377754211,0.3625629246234894,0.5465669631958008,0.6000000238418579,0.5334606766700745,0,3,0,0.2246798723936081,3,0,0.241993248462677,3,0,0.21927335858345032,1,1,0.15785962343215942,1,1,0.15619298815727234
subject_14:sample_0000010,14,10,1,3,0,3,0,0.6811283826828003,0.3625514805316925,0.5465872287750244,0.6000000238418579,0.5334606170654297,0,3,0,0.22296138107776642,3,0,0.24221661686897278,3,0,0.21986423432826996,1,1,0.15853461623191833,1,1,0.1564222127199173
subject_14:sample_0000011,14,11,1,3,0,3,0,0.681329607963562,0.3629530072212219,0.5467028617858887,0.6000000238418579,0.5336759090423584,0,3,0,0.22193413972854614,3,0,0.24250496923923492,3,0,0.22034409642219543,1,1,0.1588379591703415,1,1,0.156377911567688
subject_14:sample_0000012,14,12,1,3,0,3,0,0.6810207366943359,0.36233285069465637,0.5465476512908936,0.6000000238418579,0.5333493947982788,0,3,0,0.22081433236598969,3,0,0.24230611324310303,3,0,0.22074076533317566,1,1,0.15949027240276337,1,1,0.15664756298065186
subject_14:sample_0000013,14,13,1,3,0,3,0,0.6817533373832703,0.36380624771118164,0.5469062328338623,0.6000000238418579,0.5341219305992126,0,3,0,0.22037091851234436,3,0,0.2431836575269699,3,0,0.22092396020889282,1,1,0.15930593013763428,1,1,0.15621455013751984
subject_14:sample_0000014,14,14,1,3,0,3,0,0.6821926236152649,0.36469078063964844,0.5471161603927612,0.6000000238418579,0.5345836281776428,0,3,0,0.21989315748214722,3,0,0.24376694858074188,3,0,0.22097207605838776,1,1,0.1593482792377472,1,1,0.15601857006549835
subject_14:sample_0000015,14,15,1,3,0,3,0,0.6814460158348083,0.36319780349731445,0.546704888343811,0.6000000238418579,0.5337891578674316,0,3,0,0.21874019503593445,3,0,0.24366416037082672,3,0,0.22094042599201202,1,1,0.16014474630355835,1,1,0.15650948882102966
subject_14:sample_0000016,14,16,1,3,0,3,0,0.6824771761894226,0.36527884006500244,0.547173798084259,0.6000000238418579,0.5348688960075378,0,3,0,0.2190123051404953,3,0,0.24446310102939606,3,0,0.22103257477283478,1,1,0.159652978181839,1,1,0.1558380424976349
subject_14:sample_0000017,14,17,1,3,0,3,0,0.6841965913772583,0.3687613308429718,0.5479023456573486,0.6000000238418579,0.536655068397522,0,3,0,0.22021643817424774,3,0,0.24521909654140472,3,0,0.2213205099105835,1,1,0.15859046578407288,1,1,0.15465247631072998
subject_14:sample_0000018,14,18,1,3,0,3,0,0.6852955222129822,0.3710155189037323,0.5482338666915894,0.6000000238418579,0.5377702713012695,0,3,0,0.2213209718465805,3,0,0.24530556797981262,3,0,0.22165672481060028,1,1,0.15787550806999207,1,1,0.15384022891521454
subject_14:sample_0000019,14,19,1,3,0,1,1,0.6859812140464783,0.37248215079307556,0.5481566786766052,0.6000000238418579,0.5384165644645691,0,3,0,0.22245386242866516,3,0,0.2447742223739624,3,0,0.22205698490142822,1,1,0.15743425488471985,1,1,0.15327969193458557
subject_14:sample_0000020,14,20,1,3,0,1,1,0.6861082315444946,0.37287819385528564,0.5475673675537109,0.6000000238418579,0.5384397506713867,0,3,0,0.22332507371902466,3,0,0.2439495325088501,3,0,0.22207757830619812,1,1,0.1574212908744812,1,1,0.15322549641132355
subject_14:sample_0000021,14,21,1,3,0,0,0,0.6868736743927002,0.37470412254333496,0.5467039942741394,0.6000000238418579,0.5390353798866272,0,3,0,0.22521930932998657,3,0,0.24304653704166412,3,0,0.22229145467281342,1,1,0.15672613680362701,1,1,0.15271562337875366
subject_14:sample_0000022,14,22,1,3,0,0,0,0.6870461106300354,0.3757227063179016,0.5440939664840698,0.6000000238418579,0.5387901067733765,0,3,0,0.22569215297698975,3,0,0.2429286390542984,3,0,0.22236870229244232,1,1,0.15619848668575287,1,1,0.15281109511852264
subject_14:sample_0000023,14,23,1,3,0,0,0,0.6872915625572205,0.3782191276550293,0.5372425317764282,0.6000000238418579,0.538023829460144,0,3,0,0.22668781876564026,3,0,0.24393588304519653,3,0,0.22263652086257935,1,1,0.154554083943367,1,1,0.15218468010425568
subject_14:sample_0000024,14,24,1,3,0,0,0,0.6810156106948853,0.37482374906539917,0.5092235803604126,0.6000000238418579,0.5284586548805237,0,3,0,0.22801095247268677,3,0,0.2452889084815979,3,0,0.22307613492012024,1,1,0.1523696929216385,1,1,0.1512533575296402
subject_14:sample_0000025,14,25,1,3,0,0,0,0.6430648565292358,0.339470237493515,0.42083293199539185,0.6000000238418579,0.4845396876335144,0,3,0,0.23021504282951355,3,0,0.24545690417289734,3,0,0.2238374948501587,1,1,0.15003730356693268,1,1,0.15045225620269775
subject_14:sample_0000026,14,26,1,3,0,0,0,0.5272737741470337,0.22525128722190857,0.27743589878082275,0.4000000059604645,0.33882975578308105,0,3,0,0.23189714550971985,0,0,0.24447834491729736,3,0,0.2247343510389328,1,1,0.14827410876750946,1,1,0.15061506628990173
subject_14:sample_0000027,14,27,1,3,0,0,0,0.460890531539917,0.15931916236877441,0.23478329181671143,0.4000000059604645,0.28816965222358704,0,3,0,0.2336508184671402,0,0,0.2411707639694214,3,0,0.22632810473442078,1,1,0.14682534337043762,1,1,0.15202398598194122
subject_14:sample_0000028,14,28,1,3,0,0,0,0.46311041712760925,0.16077691316604614,0.23598933219909668,0.4000000059604645,0.28954440355300903,0,3,0,0.23714494705200195,0,0,0.2340584099292755,3,0,0.22942619025707245,1,1,0.14576826989650726,1,1,0.1536012887954712
subject_14:sample_0000029,14,29,1,3,0,0,0,0.47011086344718933,0.1661604642868042,0.2398640513420105,0.4000000059604645,0.2942309081554413,0,3,0,0.24137453734874725,0,0,0.22500666975975037,3,0,0.2331727296113968,1,1,0.1446838229894638,1,1,0.15576133131980896
subject_14:sample_0000030,14,30,1,3,0,0,0,0.4766661524772644,0.17036661505699158,0.24398308992385864,0.4000000059604645,0.2983696162700653,0,3,0,0.2452261745929718,0,0,0.2158384919166565,3,0,0.23677413165569305,1,1,0.1440008282661438,1,1,0.15815937519073486
subject_14:sample_0000031,14,31,1,3,0,0,0,0.48210516571998596,0.1734851896762848,0.24776971340179443,0.4000000059604645,0.3017366826534271,0,3,0,0.2476264089345932,0,0,0.2079232782125473,3,0,0.2396286129951477,1,1,0.14397287368774414,1,1,0.16084790229797363
subject_14:sample_0000032,14,32,1,3,0,0,0,0.48391467332839966,0.1752941608428955,0.2488672137260437,0.4000000059604645,0.3031384348869324,0,3,0,0.24905970692634583,0,0,0.2061161994934082,3,0,0.24004200100898743,1,1,0.14391310513019562,1,1,0.16086812317371368
subject_14:sample_0000033,14,33,1,3,0,0,0,0.48522451519966125,0.17714521288871765,0.24952560663223267,0.4000000059604645,0.3043419420719147,0,3,0,0.24972647428512573,0,0,0.2054499089717865,3,0,0.23997077345848083,1,1,0.14399510622024536,1,1,0.16085681319236755
subject_14:sample_0000034,14,34,1,3,0,0,0,0.48571816086769104,0.1784227192401886,0.24961870908737183,0.4000000059604645,0.3049951195716858,0,3,0,0.24973361194133759,0,0,0.20589038729667664,3,0,0.23939149081707,1,1,0.14417023956775665,1,1,0.1608133465051651
subject_14:sample_0000035,14,35,1,3,0,0,0,0.4874812364578247,0.17904376983642578,0.25105226039886475,0.4000000059604645,0.3059746026992798,0,3,0,0.25006750226020813,0,0,0.20305845141410828,3,0,0.2398596704006195,1,1,0.14452345669269562,1,1,0.16248996555805206
subject_14:sample_0000036,14,36,1,3,0,0,0,0.4880519509315491,0.1802724003791809,0.25121909379959106,0.4000000059604645,0.3066387176513672,0,3,0,0.25083133578300476,0,0,0.20320622622966766,3,0,0.2395407110452652,1,1,0.14439553022384644,1,1,0.16202525794506073
subject_14:sample_0000037,14,37,1,3,0,0,0,0.48855024576187134,0.18165794014930725,0.25127196311950684,0.4000000059604645,0.307320773601532,0,3,0,0.2517051696777344,0,0,0.20362897217273712,3,0,0.23933030664920807,1,1,0.14423055946826935,1,1,0.16110406816005707
subject_14:sample_0000038,14,38,1,3,0,0,0,0.49260738492012024,0.18413808941841125,0.2543463706970215,0.4000000059604645,0.3099434971809387,0,3,0,0.25399503111839294,0,0,0.19794246554374695,3,0,0.24136757850646973,1,1,0.14451509714126587,1,1,0.1621789038181305
subject_14:sample_0000039,14,39,1,3,0,0,0,0.4942234754562378,0.1852218508720398,0.25557971000671387,0.4000000059604645,0.31102874875068665,0,3,0,0.25520169734954834,0,0,0.19577667117118835,3,0,0.2421051561832428,1,1,0.1445993036031723,1,1,0.1623162478208542
subject_14:sample_0000040,14,40,1,3,0,0,0,0.4949902892112732,0.18535321950912476,0.25629979372024536,0.4000000059604645,0.3114234209060669,0,3,0,0.25549572706222534,0,0,0.19437275826931,3,0,0.2425316423177719,1,1,0.14484819769859314,1,1,0.16275079548358917
subject_14:sample_0000041,14,41,1,3,0,0,0,0.4976798892021179,0.18680095672607422,0.2585466504096985,0.4000000059604645,0.3131352961063385,0,3,0,0.25694581866264343,0,0,0.19038636982440948,3,0,0.24406613409519196,1,1,0.14513160288333893,1,1,0.1634691208600998
subject_14:sample_0000042,14,42,2,1,0,1,0,0.7736198902130127,0.5483640432357788,0.6090308427810669,0.800000011920929,0.6742662787437439,0,1,0,0.21535147726535797,1,0,0.1962241679430008,2,1,0.22626449167728424,1,0,0.19224262237548828,1,0,0.1699163317680359
subject_14:sample_0000043,14,43,2,1,0,1,0,0.7732334136962891,0.5475924611091614,0.6086827516555786,0.800000011920929,0.6738483905792236,0,1,0,0.21508926153182983,1,0,0.1961873471736908,2,1,0.2266722023487091,1,0,0.192409485578537,1,0,0.16964073479175568
subject_14:sample_0000044,14,44,2,1,0,1,0,0.7758803963661194,0.5529187917709351,0.6109262704849243,0.800000011920929,0.6766805648803711,0,1,0,0.21348686516284943,1,0,0.1979687660932541,2,1,0.22420012950897217,1,0,0.19417572021484375,1,0,0.17016759514808655
subject_14:sample_0000045,14,45,2,1,0,1,0,0.7781689167022705,0.5575277209281921,0.6128758192062378,0.800000011920929,0.6791265606880188,0,1,0,0.2122897505760193,1,0,0.19935598969459534,2,1,0.22212223708629608,1,0,0.1955416351556778,1,0,0.1706894040107727
subject_14:sample_0000046,14,46,2,1,0,1,0,0.7807450294494629,0.5627104043960571,0.6151180863380432,0.800000011920929,0.681884229183197,0,1,0,0.21162688732147217,1,0,0.20029906928539276,2,1,0.22001294791698456,1,0,0.1965915411710739,1,0,0.1714685559272766
subject_14:sample_0000047,14,47,2,1,0,1,0,0.7823920845985413,0.5660145282745361,0.6166015863418579,0.800000011920929,0.6836544871330261,0,1,0,0.2117590755224228,1,0,0.20038996636867523,2,1,0.21858705580234528,1,0,0.19719764590263367,1,0,0.17206530272960663
subject_14:sample_0000048,14,48,2,1,0,1,0,0.7839247584342957,0.5690876841545105,0.6179983615875244,0.800000011920929,0.6853031516075134,0,1,0,0.21200761198997498,1,0,0.20049065351486206,2,1,0.21724462509155273,1,0,0.19749490916728973,1,0,0.1727612316608429
subject_14:sample_0000049,14,49,2,1,0,1,0,0.7862446308135986,0.5737449526786804,0.6201106905937195,0.800000011920929,0.6877948641777039,0,1,0,0.2120567113161087,1,0,0.20138031244277954,2,1,0.21494799852371216,1,0,0.19795174896717072,1,0,0.17366226017475128
subject_14:sample_0000050,14,50,2,1,0,1,0,0.7879961729049683,0.5772629976272583,0.6217150092124939,0.800000011920929,0.6896754503250122,0,1,0,0.21207405626773834,1,0,0.20214492082595825,2,1,0.2129916548728943,1,0,0.19835352897644043,1,0,0.1744348555803299
subject_14:sample_0000051,14,51,2,1,0,1,0,0.7899867296218872,0.5812636017799377,0.623545229434967,0.800000011920929,0.6918113827705383,0,1,0,0.21169693768024445,1,0,0.20355550944805145,2,1,0.21082156896591187,1,0,0.19877348840236664,1,0,0.17515148222446442
subject_14:sample_0000052,14,52,2,1,0,1,0,0.7919423580169678,0.5851806402206421,0.6254093050956726,0.800000011920929,0.6939200758934021,0,1,0,0.2112538069486618,1,0,0.2051130086183548,2,1,0.20861072838306427,1,0,0.19904832541942596,1,0,0.17597319185733795
subject_14:sample_0000053,14,53,2,1,0,1,0,0.7933483123779297,0.5880041122436523,0.6267330646514893,0.800000011920929,0.6954312324523926,0,1,0,0.20983920991420746,1,0,0.20704679191112518,2,1,0.20754069089889526,1,0,0.19899317622184753,1,0,0.17657916247844696
subject_14:sample_0000054,14,54,2,1,0,1,0,0.7946252822875977,0.5905385613441467,0.6280517578125,0.800000011920929,0.696825385093689,0,1,0,0.20848575234413147,1,0,0.20939314365386963,2,1,0.20551878213882446,1,0,0.19919469952583313,1,0,0.1774066984653473
subject_14:sample_0000055,14,55,2,1,0,1,0,0.7952828407287598,0.5918291211128235,0.6287865042686462,0.800000011920929,0.6975538730621338,0,1,0,0.20795656740665436,1,0,0.2107211798429489,2,1,0.20444077253341675,1,0,0.1990128457546234,1,0,0.17786771059036255
subject_14:sample_0000056,14,56,2,1,0,1,0,0.7959904074668884,0.5932230949401855,0.6295615434646606,0.800000011920929,0.6983345746994019,0,1,0,0.2081061154603958,1,0,0.21149875223636627,2,1,0.20335085690021515,1,0,0.19902846217155457,1,0,0.17801488935947418
subject_14:sample_0000057,14,57,2,1,0,1,0,0.796802282333374,0.5948296189308167,0.6304278373718262,0.800000011920929,0.6992252469062805,0,1,0,0.20775915682315826,1,0,0.21269384026527405,2,1,0.20230220258235931,1,0,0.19903478026390076,1,0,0.17820903658866882
subject_14:sample_0000058,14,58,2,1,0,1,0,0.7976013422012329,0.5964012145996094,0.6313172578811646,0.800000011920929,0.7001086473464966,1,1,0,0.20719614624977112,1,0,0.21429744362831116,2,1,0.20138248801231384,1,0,0.19869905710220337,1,0,0.1784239113330841
subject_14:sample_0000059,14,59,2,1,0,1,0,0.7982403635978699,0.5976721048355103,0.6319791078567505,0.800000011920929,0.7008052468299866,1,1,0,0.20688839256763458,1,0,0.21534350514411926,2,1,0.20069248974323273,1,0,0.19861935079097748,1,0,0.17845536768436432
subject_14:sample_0000060,14,60,2,1,0,1,0,0.7989342212677002,0.5990365147590637,0.6327576637268066,0.800000011920929,0.7015730738639832,1,1,0,0.20713704824447632,1,0,0.2160317599773407,2,1,0.1998981088399887,1,0,0.1982794851064682,1,0,0.17865267395973206
subject_14:sample_0000061,14,61,2,1,0,1,0,0.7995429039001465,0.6002554893493652,0.633360743522644,0.800000011920929,0.7022305727005005,1,1,0,0.20874746143817902,1,0,0.2151002287864685,2,1,0.19917842745780945,1,0,0.19848576188087463,1,0,0.1784871220588684
subject_14:sample_0000062,14,62,2,1,0,1,0,0.8000732660293579,0.6013249754905701,0.6338605880737305,0.800000011920929,0.7027982473373413,1,1,0,0.2105855792760849,1,0,0.2138373702764511,2,1,0.19852913916110992,1,0,0.19874361157417297,1,0,0.17830336093902588
subject_14:sample_0000063,14,63,2,1,0,1,0,0.8003414869308472,0.60186767578125,0.6341067552566528,0.800000011920929,0.703083872795105,1,1,0,0.2115209847688675,1,0,0.21324080228805542,2,1,0.19820523262023926,1,0,0.19878628849983215,1,0,0.17824576795101166
subject_14:sample_0000064,14,64,2,1,0,1,0,0.8001385927200317,0.6014670133590698,0.6338837742805481,0.800000011920929,0.7028604745864868,1,1,0,0.2120000123977661,1,0,0.21271145343780518,2,1,0.19840896129608154,1,0,0.19863846898078918,1,0,0.17824013531208038
subject_14:sample_0000065,14,65,3,3,1,0,0,0.5662569999694824,0.13362213969230652,0.5003395080566406,0.6000000238418579,0.3882192075252533,0,0,0,0.2100902795791626,3,1,0.2321692407131195,3,1,0.1592586785554886,3,1,0.17609752714633942,0,0,0.22238336503505707
subject_14:sample_0000066,14,66,3,3,1,0,0,0.5694629549980164,0.1401294469833374,0.5005469918251038,0.6000000238418579,0.39345744252204895,0,0,0,0.20834210515022278,3,1,0.23450273275375366,3,1,0.1598145216703415,3,1,0.1765255182981491,0,0,0.22081415355205536
subject_14:sample_0000067,14,67,3,3,1,0,0,0.5701494216918945,0.14166486263275146,0.4999702572822571,0.6000000238418579,0.39453595876693726,0,0,0,0.20787489414215088,3,1,0.23614594340324402,3,1,0.1594313532114029,3,1,0.1761350929737091,0,0,0.22041179239749908
subject_14:sample_0000068,14,68,3,3,1,0,0,0.564601719379425,0.13056930899620056,0.49887388944625854,0.6000000238418579,0.3854174315929413,0,0,0,0.2108522206544876,3,1,0.23317734897136688,3,1,0.1581340879201889,3,1,0.1748398244380951,0,0,0.2229955792427063
subject_14:sample_0000069,14,69,3,3,1,0,0,0.5566564798355103,0.11486625671386719,0.49665021896362305,0.6000000238418579,0.37153130769729614,0,0,0,0.21502690017223358,3,1,0.23079904913902283,3,1,0.15535923838615417,3,1,0.17224349081516266,0,0,0.2265702784061432
subject_14:sample_0000070,14,70,3,3,1,0,0,0.5468028783798218,0.09538048505783081,0.4942145347595215,0.6000000238418579,0.3526462912559509,0,0,0,0.22045671939849854,3,1,0.22780285775661469,3,1,0.151991605758667,3,1,0.16897952556610107,0,0,0.23076841235160828
subject_14:sample_0000071,14,71,3,3,1,0,0,0.5338073372840881,0.0699121356010437,0.49053889513015747,0.6000000238418579,0.3237355947494507,0,0,0,0.2280748337507248,3,1,0.22419525682926178,3,1,0.14800919592380524,3,1,0.16388683021068573,0,0,0.23583292961120605
subject_14:sample_0000072,14,72,3,3,1,3,1,0.5253464579582214,0.057654350996017456,0.47372132539749146,0.6000000238418579,0.30460572242736816,0,0,0,0.23318777978420258,3,1,0.22369961440563202,3,1,0.14485253393650055,3,1,0.15999336540699005,0,0,0.238265722990036
subject_14:sample_0000073,14,73,3,3,1,0,0,0.5237074494361877,0.059816181659698486,0.45804303884506226,0.6000000238418579,0.30460795760154724,0,0,0,0.23376500606536865,3,1,0.2252466231584549,3,1,0.14376439154148102,3,1,0.1595219075679779,0,0,0.23770111799240112
subject_14:sample_0000074,14,74,3,3,1,0,0,0.5189238786697388,0.07400715351104736,0.4059401750564575,0.6000000238418579,0.3109908998012543,0,0,0,0.23518238961696625,3,1,0.22588615119457245,3,1,0.14229562878608704,3,1,0.15891133248806,0,0,0.23772357404232025
subject_14:sample_0000075,14,75,3,3,1,3,1,0.5017538070678711,0.010516583919525146,0.4718925356864929,0.6000000238418579,0.19660291075706482,0,2,0,0.24552208185195923,3,1,0.21911956369876862,3,1,0.13799050450325012,3,1,0.154717817902565,2,0,0.24264907836914062
subject_14:sample_0000076,14,76,3,2,0,3,1,0.5117226243019104,0.024898648262023926,0.4923766851425171,0.4000000059604645,0.2238164097070694,0,2,0,0.2544387876987457,3,1,0.21198585629463196,3,1,0.1348906308412552,3,1,0.15071915090084076,2,0,0.24796456098556519
subject_14:sample_0000077,14,77,3,2,0,2,0,0.5158975720405579,0.03317412734031677,0.4928739666938782,0.4000000059604645,0.2410125881433487,0,2,0,0.25926533341407776,3,1,0.20971457660198212,3,1,0.13555210828781128,3,1,0.15155845880508423,2,0,0.24390855431556702
subject_14:sample_0000078,14,78,3,2,0,2,0,0.5150157809257507,0.03124794363975525,0.4935932755470276,0.4000000059604645,0.23742026090621948,0,2,0,0.26066917181015015,3,1,0.2090359777212143,3,1,0.1407325118780136,3,1,0.1543855369091034,2,0,0.23517587780952454
subject_14:sample_0000079,14,79,3,2,0,2,0,0.5257369875907898,0.05268022418022156,0.49433159828186035,0.4000000059604645,0.27203425765037537,0,2,0,0.25985389947891235,3,1,0.2083209902048111,3,1,0.1447409838438034,3,1,0.1575540006160736,2,0,0.22952915728092194
subject_14:sample_0000080,14,80,3,2,0,2,0,0.5506315231323242,0.10242420434951782,0.4974575638771057,0.4000000059604645,0.3254767060279846,0,2,0,0.25877436995506287,3,1,0.20660775899887085,3,1,0.15087340772151947,3,1,0.16055692732334137,2,0,0.22318658232688904
subject_14:sample_0000081,14,81,3,2,0,2,0,0.5989200472831726,0.19888591766357422,0.5087219476699829,0.6000000238418579,0.436667799949646,0,2,0,0.2572150230407715,2,0,0.20617836713790894,3,1,0.1563905030488968,3,1,0.1625053435564041,2,0,0.2177097499370575
subject_14:sample_0000082,14,82,3,2,0,2,0,0.6487703323364258,0.29828450083732605,0.5284684896469116,0.6000000238418579,0.4977061152458191,0,2,0,0.2560544013977051,2,0,0.2067093551158905,3,1,0.15995921194553375,3,1,0.16385319828987122,2,0,0.21342283487319946
subject_14:sample_0000083,14,83,3,2,0,2,0,0.6643114686012268,0.3291133642196655,0.5369632840156555,0.6000000238418579,0.5151732563972473,0,2,0,0.2553485631942749,2,0,0.20615433156490326,3,1,0.16609002649784088,3,1,0.16393806040287018,2,0,0.20846803486347198
subject_14:sample_0000084,14,84,3,2,0,2,0,0.6643227338790894,0.32905566692352295,0.5373633503913879,0.6000000238418579,0.5152487754821777,0,2,0,0.25495192408561707,2,0,0.20591996610164642,3,1,0.1715661883354187,3,1,0.16230811178684235,2,0,0.20525288581848145
subject_14:sample_0000085,14,85,3,2,0,2,0,0.6625072956085205,0.32540714740753174,0.5365630388259888,0.6000000238418579,0.5132718682289124,0,2,0,0.2538987994194031,2,0,0.20630419254302979,3,1,0.17642278969287872,3,1,0.1601363569498062,2,0,0.20323693752288818
subject_14:sample_0000086,14,86,3,2,0,2,0,0.6619765758514404,0.32433071732521057,0.5363809466362,0.6000000238418579,0.512700617313385,0,2,0,0.2534794211387634,2,0,0.20708146691322327,3,1,0.18002966046333313,3,1,0.1574200838804245,2,0,0.2019883692264557
subject_14:sample_0000087,14,87,3,2,0,2,0,0.6626315712928772,0.32563528418540955,0.5367273092269897,0.6000000238418579,0.5134251713752747,0,2,0,0.2534652352333069,2,0,0.2083909660577774,3,1,0.1819181889295578,3,1,0.15497183799743652,2,0,0.2012528032064438
subject_14:sample_0000088,14,88,3,2,0,2,0,0.6631138920783997,0.32659465074539185,0.536989688873291,0.6000000238418579,0.5139591097831726,0,2,0,0.25365856289863586,2,0,0.20942622423171997,3,1,0.1832371950149536,3,1,0.1532418578863144,2,0,0.20043522119522095
subject_14:sample_0000089,14,89,3,2,0,2,0,0.663634717464447,0.3276333212852478,0.5372601747512817,0.6000000238418579,0.5145330429077148,0,2,0,0.2537856101989746,2,0,0.2104872614145279,3,1,0.18333375453948975,3,1,0.15265314280986786,2,0,0.19973930716514587
subject_14:sample_0000090,14,90,3,2,0,2,0,0.664462149143219,0.3292998969554901,0.5376104116439819,0.6000000238418579,0.5154306292533875,0,2,0,0.25388142466545105,2,0,0.21163152158260345,3,1,0.18293361365795135,3,1,0.15216785669326782,2,0,0.19938455522060394
subject_14:sample_0000091,14,91,3,2,0,2,0,0.6659277677536011,0.3322625458240509,0.5381837487220764,0.6000000238418579,0.5170084238052368,0,2,0,0.25391027331352234,2,0,0.2130192518234253,3,1,0.18224266171455383,3,1,0.15115085244178772,2,0,0.19967593252658844
subject_14:sample_0000092,14,92,3,2,0,2,0,0.6677206158638,0.3358857333660126,0.5389012098312378,0.6000000238418579,0.5189334750175476,0,2,0,0.25409796833992004,2,0,0.214379221200943,3,1,0.18211886286735535,3,1,0.1489863395690918,2,0,0.2004166543483734
subject_14:sample_0000093,14,93,3,2,0,2,0,0.6694950461387634,0.33945056796073914,0.5397247076034546,0.6000000238418579,0.5208490490913391,0,2,0,0.25418052077293396,2,0,0.21664322912693024,3,1,0.1813110113143921,3,1,0.14746947586536407,2,0,0.20039474964141846
subject_14:sample_0000094,14,94,3,2,0,2,0,0.6702999472618103,0.3410743176937103,0.540069043636322,0.6000000238418579,0.5217106342315674,0,2,0,0.25349441170692444,2,0,0.21896019577980042,3,1,0.1810779869556427,3,1,0.14635005593299866,2,0,0.20011642575263977
subject_14:sample_0000095,14,95,3,2,0,2,0,0.67128986120224,0.3430384397506714,0.540652871131897,0.6000000238418579,0.5227940678596497,0,2,0,0.2527935802936554,2,0,0.22097279131412506,3,1,0.18075160682201385,3,1,0.14579036831855774,2,0,0.19969071447849274
subject_14:sample_0000096,14,96,3,2,0,2,0,0.6696208119392395,0.3397843539714813,0.5393998622894287,0.6000000238418579,0.5209230780601501,0,2,0,0.2518913745880127,2,0,0.22286538779735565,3,1,0.17839495837688446,3,1,0.14683200418949127,2,0,0.2000153809785843
subject_14:sample_0000097,14,97,3,2,0,2,0,0.6656008958816528,0.3318341076374054,0.536959171295166,0.6000000238418579,0.5164839625358582,0,2,0,0.25119468569755554,2,0,0.2247818112373352,3,1,0.17585423588752747,3,1,0.1479947865009308,2,0,0.2001735270023346
subject_14:sample_0000098,14,98,3,2,0,2,0,0.6542225480079651,0.3092082738876343,0.5309115648269653,0.6000000238418579,0.503834068775177,0,2,0,0.24984845519065857,2,0,0.2265477329492569,3,1,0.17396996915340424,3,1,0.1495964378118515,2,0,0.20003651082515717
subject_14:sample_0000099,14,99,3,2,0,2,0,0.656317412853241,0.3133583664894104,0.5320639610290527,0.6000000238418579,0.5061947107315063,0,2,0,0.24815547466278076,2,0,0.2284357100725174,3,1,0.17397522926330566,3,1,0.15039731562137604,2,0,0.19903531670570374
subject_14:sample_0000100,14,100,3,2,0,2,0,0.590385377407074,0.18184679746627808,0.5064051151275635,0.6000000238418579,0.4249840974807739,0,2,0,0.24665115773677826,2,0,0.2304951250553131,3,1,0.1716434806585312,3,1,0.15310651063919067,2,0,0.1981026977300644
subject_14:sample_0000101,14,101,3,3,1,2,0,0.5481657385826111,0.09678828716278076,0.5007058382034302,0.6000000238418579,0.35531798005104065,0,2,0,0.2495613694190979,3,1,0.2250114530324936,3,1,0.1675991714000702,3,1,0.15771989524364471,2,0,0.2001071274280548
subject_14:sample_0000102,14,102,3,3,1,2,0,0.5476512312889099,0.0956910252571106,0.5009812116622925,0.6000000238418579,0.35427209734916687,0,2,0,0.25122198462486267,3,1,0.2235594391822815,3,1,0.16578876972198486,3,1,0.15920114517211914,2,0,0.20022772252559662
subject_14:sample_0000103,14,103,3,3,1,2,0,0.5482684373855591,0.09690135717391968,0.5011919736862183,0.6000000238418579,0.35552453994750977,0,2,0,0.25122010707855225,3,1,0.2228415459394455,3,1,0.165622740983963,3,1,0.16038572788238525,2,0,0.19992892444133759
subject_14:sample_0000104,14,104,3,3,1,2,0,0.5502524375915527,0.10086125135421753,0.5015189051628113,0.6000000238418579,0.359485387802124,0,2,0,0.25042346119880676,3,1,0.2244054526090622,3,1,0.16508246958255768,3,1,0.16126972436904907,2,0,0.19881796836853027
subject_14:sample_0000105,14,105,3,3,1,2,0,0.5527456998825073,0.10584431886672974,0.501910388469696,0.6000000238418579,0.3643280565738678,0,2,0,0.2493584305047989,3,1,0.22663819789886475,3,1,0.16385208070278168,3,1,0.16270707547664642,2,0,0.19744323194026947
subject_14:sample_0000106,14,106,3,3,1,2,0,0.5565806031227112,0.11352261900901794,0.5024774074554443,0.6000000238418579,0.37150922417640686,0,2,0,0.24741418659687042,3,1,0.22954729199409485,3,1,0.16319520771503448,3,1,0.16427844762802124,2,0,0.19556383788585663
subject_14:sample_0000107,14,107,3,3,1,2,0,0.5646653175354004,0.1297086477279663,0.5038179159164429,0.6000000238418579,0.38574138283729553,0,2,0,0.24222341179847717,3,1,0.23547899723052979,3,1,0.16406391561031342,3,1,0.16561353206634521,2,0,0.1926191747188568
subject_14:sample_0000108,14,108,3,3,1,2,0,0.5676910281181335,0.13576960563659668,0.5043525695800781,0.6000000238418579,0.39079591631889343,0,2,0,0.23878462612628937,3,1,0.2365235984325409,3,1,0.16388095915317535,3,1,0.16776509582996368,2,0,0.19304482638835907
subject_14:sample_0000109,14,109,3,3,1,2,0,0.5676808953285217,0.1357526183128357,0.5043350458145142,0.6000000238418579,0.3907785415649414,0,2,0,0.23605933785438538,3,1,0.23580051958560944,3,1,0.16307950019836426,3,1,0.16926118731498718,2,0,0.19579845666885376
subject_14:sample_0000110,14,110,3,3,1,2,0,0.5653451681137085,0.13107922673225403,0.5038915872573853,0.6000000238418579,0.386886864900589,0,2,0,0.23419654369354248,3,1,0.23400752246379852,3,1,0.16195103526115417,3,1,0.16982398927211761,2,0,0.20002000033855438
subject_14:sample_0000111,14,111,3,3,1,2,0,0.5640650391578674,0.12851974368095398,0.503646969795227,0.6000000238418579,0.38471946120262146,0,2,0,0.23313306272029877,3,1,0.23328857123851776,3,1,0.16161292791366577,3,1,0.16958853602409363,2,0,0.20237596333026886
subject_14:sample_0000112,14,112,3,3,1,2,0,0.5645362138748169,0.1294640302658081,0.5037250518798828,0.6000000238418579,0.3855195641517639,0,2,0,0.2322193682193756,3,1,0.23373503983020782,3,1,0.16203077137470245,3,1,0.16919369995594025,2,0,0.20282021164894104
subject_14:sample_0000113,14,113,3,3,1,2,0,0.5658904910087585,0.13217785954475403,0.5039557218551636,0.6000000238418579,0.38780081272125244,0,2,0,0.23108871281147003,3,1,0.23462751507759094,3,1,0.16248157620429993,3,1,0.16920994222164154,2,0,0.20259127020835876
subject_14:sample_0000114,14,114,0,3,0,3,0,0.9993669986724854,0.9988517165184021,0.9959099888801575,1.0,0.9985309839248657,1,3,0,0.17358596622943878,3,0,0.23953011631965637,3,0,0.20107708871364594,3,0,0.19616900384426117,3,0,0.1896369457244873
subject_14:sample_0000115,14,115,0,3,0,3,0,0.999367356300354,0.9988528490066528,0.9959120154380798,1.0,0.9985318183898926,1,3,0,0.173484206199646,3,0,0.2396305501461029,3,0,0.20100045204162598,3,0,0.1960972547531128,3,0,0.18978653848171234
subject_14:sample_0000116,14,116,0,3,0,3,0,0.9993671774864197,0.9988526105880737,0.9959113597869873,1.0,0.9985315799713135,1,3,0,0.1736803650856018,3,0,0.23951458930969238,3,0,0.20078498125076294,3,0,0.19610907137393951,3,0,0.18990999460220337
subject_14:sample_0000117,14,117,0,3,0,3,0,0.9993666410446167,0.9988513588905334,0.9959080815315247,1.0,0.9985303282737732,1,3,0,0.17393457889556885,3,0,0.2393256425857544,3,0,0.2006346881389618,3,0,0.1960507035255432,3,0,0.19005341827869415
subject_14:sample_0000118,14,118,0,3,0,3,0,0.9993646144866943,0.9988468885421753,0.9958980679512024,1.0,0.9985261559486389,1,3,0,0.17478974163532257,3,0,0.23836933076381683,3,0,0.20077739655971527,3,0,0.19576582312583923,3,0,0.19029675424098969
subject_14:sample_0000119,14,119,0,3,0,3,0,0.9993610382080078,0.9988389611244202,0.9958795309066772,1.0,0.9985186457633972,1,3,0,0.17624647915363312,3,0,0.2364652007818222,3,0,0.20121973752975464,3,0,0.19538326561450958,3,0,0.19068439304828644
subject_14:sample_0000120,14,120,0,3,0,3,0,0.9993574619293213,0.9988312125205994,0.9958620667457581,1.0,0.9985114336013794,1,3,0,0.17786769568920135,3,0,0.23465891182422638,3,0,0.20159971714019775,3,0,0.19496653974056244,3,0,0.19090616703033447
subject_14:sample_0000121,14,121,0,3,0,3,0,0.9993529319763184,0.9988213777542114,0.9958382844924927,1.0,0.9985018372535706,1,3,0,0.17997367680072784,3,0,0.23220251500606537,3,0,0.20222000777721405,3,0,0.19441047310829163,3,0,0.1911924034357071
subject_14:sample_0000122,14,122,0,3,0,3,0,0.9993495345115662,0.9988143444061279,0.9958213567733765,1.0,0.9984950423240662,1,3,0,0.18147331476211548,3,0,0.23057354986667633,3,0,0.20275075733661652,3,0,0.19382210075855255,3,0,0.19137930870056152
subject_14:sample_0000123,14,123,0,3,0,3,0,0.9993449449539185,0.9988047480583191,0.9957969188690186,1.0,0.9984853863716125,1,3,0,0.18351192772388458,3,0,0.2281881421804428,3,0,0.20341436564922333,3,0,0.19326290488243103,3,0,0.19162172079086304
subject_14:sample_0000124,14,124,0,3,0,3,0,0.9993418455123901,0.9987990260124207,0.9957807660102844,1.0,0.9984790682792664,1,3,0,0.18496620655059814,3,0,0.22672119736671448,3,0,0.20384109020233154,3,0,0.19255748391151428,3,0,0.19191302359104156
subject_14:sample_0000125,14,125,0,3,0,3,0,0.9993395209312439,0.9987947344779968,0.9957682490348816,1.0,0.9984742999076843,1,3,0,0.18594712018966675,3,0,0.22579139471054077,3,0,0.20418964326381683,3,0,0.19189000129699707,3,0,0.192180797457695
subject_14:sample_0000126,14,126,0,3,0,3,0,0.9993372559547424,0.9987900853157043,0.9957555532455444,1.0,0.9984694123268127,1,3,0,0.18678657710552216,3,0,0.22470970451831818,3,0,0.20460571348667145,3,0,0.1914639174938202,3,0,0.192433163523674
subject_14:sample_0000127,14,127,0,3,0,3,0,0.9993364810943604,0.998788595199585,0.995751678943634,1.0,0.9984678626060486,1,3,0,0.18701615929603577,3,0,0.22457323968410492,3,0,0.2047988474369049,3,0,0.19106535613536835,3,0,0.19254550337791443
subject_14:sample_0000128,14,128,0,3,0,3,0,0.9993343949317932,0.9987843632698059,0.9957407712936401,1.0,0.9984635710716248,1,3,0,0.18757548928260803,3,0,0.2236858606338501,3,0,0.20517849922180176,3,0,0.19087831676006317,3,0,0.19268091022968292
subject_14:sample_0000129,14,129,0,3,0,3,0,0.9993318319320679,0.9987791776657104,0.9957272410392761,1.0,0.998458206653595,1,3,0,0.18827295303344727,3,0,0.2224784642457962,3,0,0.20558978617191315,3,0,0.19086132943630219,3,0,0.19279655814170837
subject_14:sample_0000130,14,130,0,3,0,3,0,0.9993290305137634,0.9987736940383911,0.9957121014595032,1.0,0.998452365398407,1,3,0,0.18896816670894623,3,0,0.22120335698127747,3,0,0.20593565702438354,3,0,0.19087718427181244,3,0,0.1930147111415863
subject_14:sample_0000131,14,131,0,3,0,3,0,0.9993244409561157,0.99876469373703,0.99568772315979,1.0,0.9984428882598877,1,3,0,0.19004380702972412,3,0,0.2189805954694748,3,0,0.20652692019939423,3,0,0.19112640619277954,3,0,0.1933213174343109
subject_14:sample_0000132,14,132,0,3,0,3,0,0.9993218183517456,0.9987596869468689,0.9956737756729126,1.0,0.9984374642372131,1,3,0,0.19063319265842438,3,0,0.2177676558494568,3,0,0.20672883093357086,3,0,0.19124147295951843,3,0,0.19362790882587433
subject_14:sample_0000133,14,133,0,3,0,3,0,0.999320924282074,0.9987581968307495,0.9956682920455933,1.0,0.9984354972839355,1,3,0,0.19075347483158112,3,0,0.21743205189704895,3,0,0.20660685002803802,3,0,0.19110146164894104,3,0,0.19410520792007446
subject_14:sample_0000134,14,134,0,3,0,3,0,0.9993184208869934,0.9987537264823914,0.9956543445587158,1.0,0.9984302520751953,1,3,0,0.19126269221305847,3,0,0.21623674035072327,3,0,0.20662319660186768,3,0,0.19109711050987244,3,0,0.19477935135364532
subject_14:sample_0000135,14,135,0,3,0,3,0,0.9993140697479248,0.9987454414367676,0.9956313371658325,1.0,0.998421311378479,1,3,0,0.1920318603515625,3,0,0.21448209881782532,3,0,0.20681117475032806,3,0,0.1911858171224594,3,0,0.19548802077770233
subject_14:sample_0000136,14,136,0,3,0,3,0,0.9993113875389099,0.9987403750419617,0.9956170320510864,1.0,0.9984157681465149,1,3,0,0.1923915445804596,3,0,0.21341973543167114,3,0,0.20678488910198212,3,0,0.19114993512630463,3,0,0.19625285267829895
subject_14:sample_0000137,14,137,0,3,0,3,0,0.9993097186088562,0.9987372159957886,0.9956075549125671,1.0,0.9984121918678284,1,3,0,0.1926906853914261,3,0,0.21264901757240295,3,0,0.2067754864692688,3,0,0.1910530924797058,3,0,0.19683074951171875
subject_14:sample_0000138,14,138,0,3,0,3,0,0.9993097186088562,0.9987373352050781,0.9956068396568298,1.0,0.998412013053894,1,3,0,0.19271863996982574,3,0,0.21245363354682922,3,0,0.20672963559627533,3,0,0.19093570113182068,3,0,0.1971614509820938
subject_14:sample_0000139,14,139,0,3,0,3,0,0.9993087649345398,0.9987354874610901,0.9956021308898926,1.0,0.9984102249145508,1,3,0,0.19281291961669922,3,0,0.21204575896263123,3,0,0.2067776620388031,3,0,0.19096246361732483,3,0,0.19740019738674164
subject_14:sample_0000140,14,140,0,3,0,3,0,0.9993078708648682,0.9987335801124573,0.9955973625183105,1.0,0.9984082579612732,1,3,0,0.19292086362838745,3,0,0.21161578595638275,3,0,0.20685258507728577,3,0,0.19105668365955353,3,0,0.1975530982017517
subject_14:sample_0000141,14,141,0,3,0,3,0,0.999306321144104,0.9987304210662842,0.9955890774726868,1.0,0.9984050393104553,1,3,0,0.19309507310390472,3,0,0.21102707087993622,3,0,0.2069500833749771,3,0,0.19109676778316498,3,0,0.19783005118370056
subject_14:sample_0000142,14,142,0,3,0,3,0,0.999303936958313,0.9987255930900574,0.9955770373344421,1.0,0.9984002113342285,1,3,0,0.19337056577205658,3,0,0.21030482649803162,3,0,0.2071472704410553,3,0,0.19118468463420868,3,0,0.19799171388149261
subject_14:sample_0000143,14,143,0,3,0,3,0,0.9993017911911011,0.9987210631370544,0.9955655336380005,1.0,0.9983956217765808,1,3,0,0.19366410374641418,3,0,0.20961284637451172,3,0,0.20729732513427734,3,0,0.19133402407169342,3,0,0.1980908215045929
subject_14:sample_0000144,14,144,0,3,0,3,0,0.9992992877960205,0.998715877532959,0.9955528974533081,1.0,0.9983904957771301,1,3,0,0.1939491182565689,3,0,0.20892919600009918,3,0,0.20751863718032837,3,0,0.19147828221321106,3,0,0.19812384247779846
subject_14:sample_0000145,14,145,0,3,0,3,0,0.9992985129356384,0.9987143874168396,0.9955493211746216,1.0,0.9983890652656555,1,3,0,0.19398373365402222,3,0,0.20877188444137573,3,0,0.20761080086231232,3,0,0.19149401783943176,3,0,0.19813856482505798
subject_14:sample_0000146,14,146,2,1,0,1,0,0.764898419380188,0.5314929485321045,0.5992164611816406,0.6000000238418579,0.6183140277862549,0,1,0,0.2939692735671997,1,0,0.22190657258033752,2,1,0.13029120862483978,2,1,0.1020137295126915,1,0,0.25181829929351807
subject_14:sample_0000147,14,147,2,1,0,1,0,0.7648846507072449,0.5314967632293701,0.5990973711013794,0.6000000238418579,0.6182816028594971,0,1,0,0.2916952073574066,1,0,0.22329606115818024,2,1,0.13030345737934113,2,1,0.10206516832113266,1,0,0.25263911485671997
subject_14:sample_0000148,14,148,2,1,0,1,0,0.7645232677459717,0.5308264493942261,0.5986050963401794,0.6000000238418579,0.6178865432739258,0,1,0,0.289266437292099,1,0,0.2247106283903122,2,1,0.13044150173664093,2,1,0.10232415795326233,1,0,0.25325632095336914
subject_14:sample_0000149,14,149,2,1,0,1,0,0.7637951374053955,0.5294651389122009,0.5976526141166687,0.6000000238418579,0.6170971989631653,0,1,0,0.28585538268089294,1,0,0.22678185999393463,2,1,0.13068248331546783,2,1,0.10282488167285919,1,0,0.2538544237613678
subject_14:sample_0000150,14,150,2,1,0,1,0,0.7632639408111572,0.5284463167190552,0.5970503091812134,0.6000000238418579,0.6165373921394348,0,1,0,0.284236878156662,1,0,0.22779585421085358,2,1,0.13085149228572845,2,1,0.1031932383775711,1,0,0.2539215683937073
subject_14:sample_0000151,14,151,2,1,0,1,0,0.7626988887786865,0.5273357629776001,0.5965033769607544,0.6000000238418579,0.615958034992218,0,1,0,0.28327998518943787,1,0,0.22849087417125702,2,1,0.13104933500289917,2,1,0.10356710106134415,1,0,0.2536117136478424
subject_14:sample_0000152,14,152,2,1,0,1,0,0.7618356943130493,0.5256255865097046,0.5957173109054565,0.6000000238418579,0.6150810122489929,0,1,0,0.28249591588974,1,0,0.22884759306907654,2,1,0.13141781091690063,2,1,0.10407064855098724,1,0,0.2531670331954956
subject_14:sample_0000153,14,153,2,1,0,1,0,0.7615290880203247,0.5250281095504761,0.5954033136367798,0.6000000238418579,0.6147632598876953,0,1,0,0.2818203270435333,1,0,0.22951827943325043,2,1,0.13150785863399506,2,1,0.10428277403116226,1,0,0.2528698146343231
subject_14:sample_0000154,14,154,2,1,0,1,0,0.7614300847053528,0.5248770117759705,0.5951566696166992,0.6000000238418579,0.6146354079246521,0,1,0,0.28103500604629517,1,0,0.23061886429786682,2,1,0.13144616782665253,2,1,0.10442367941141129,1,0,0.2524753510951996
subject_14:sample_0000155,14,155,2,1,0,1,0,0.7609197497367859,0.5238842964172363,0.5946297645568848,0.6000000238418579,0.6141055822372437,0,1,0,0.2808791995048523,1,0,0.23099341988563538,2,1,0.13160663843154907,2,1,0.10475237667560577,1,0,0.25176742672920227
subject_14:sample_0000156,14,156,2,1,0,1,0,0.7605286240577698,0.5231063365936279,0.5942848920822144,0.6000000238418579,0.6137096285820007,0,1,0,0.28133630752563477,1,0,0.23064972460269928,2,1,0.1317305564880371,2,1,0.10500148683786392,1,0,0.2512809634208679
subject_14:sample_0000157,14,157,2,1,0,1,0,0.7592138648033142,0.520459771156311,0.5932415723800659,0.6000000238418579,0.6123976707458496,0,1,0,0.2817580997943878,1,0,0.229579895734787,2,1,0.13238082826137543,2,1,0.10566439479589462,1,0,0.25061580538749695
subject_14:sample_0000158,14,158,2,1,0,1,0,0.7580733895301819,0.5181525945663452,0.5923845767974854,0.6000000238418579,0.61126708984375,0,1,0,0.2823316156864166,1,0,0.22849342226982117,2,1,0.1329631507396698,2,1,0.10624562948942184,1,0,0.24996517598628998
subject_14:sample_0000159,14,159,2,1,0,1,0,0.7568099498748779,0.5155942440032959,0.5914480686187744,0.6000000238418579,0.6100152730941772,0,1,0,0.2829309403896332,1,0,0.2272370308637619,2,1,0.13360589742660522,2,1,0.10687558352947235,1,0,0.24934954941272736
subject_14:sample_0000160,14,160,2,1,0,1,0,0.7565019726753235,0.5149526596069336,0.591285228729248,0.6000000238418579,0.6097213625907898,0,1,0,0.28335458040237427,1,0,0.22667677700519562,2,1,0.1338212937116623,2,1,0.10699433088302612,1,0,0.24915216863155365
subject_14:sample_0000161,14,161,2,1,0,1,0,0.7560446262359619,0.5140267610549927,0.5909519791603088,0.6000000238418579,0.6092691421508789,0,1,0,0.2834380269050598,1,0,0.22627487778663635,2,1,0.13409541547298431,2,1,0.10720463842153549,1,0,0.24898608028888702
subject_14:sample_0000162,14,162,2,1,0,1,0,0.756341278553009,0.514615535736084,0.5912141799926758,0.6000000238418579,0.6095708608627319,0,1,0,0.2835458517074585,1,0,0.2263849526643753,2,1,0.13397029042243958,2,1,0.10704053938388824,1,0,0.24905739724636078
subject_14:sample_0000163,14,163,2,1,0,1,0,0.7573187947273254,0.5165786743164062,0.5919898152351379,0.6000000238418579,0.6105484962463379,0,1,0,0.2836776673793793,1,0,0.22689396142959595,2,1,0.13344822824001312,2,1,0.10655133426189423,1,0,0.24942786991596222
subject_14:sample_0000164,14,164,2,1,0,1,0,0.7582542896270752,0.5184345841407776,0.5928193926811218,0.6000000238418579,0.6114988327026367,0,1,0,0.28376901149749756,1,0,0.22722844779491425,2,1,0.1330411583185196,2,1,0.10603142529726028,1,0,0.24992899596691132
subject_14:sample_0000165,14,165,2,1,0,1,0,0.7596955299377441,0.521295428276062,0.5940965414047241,0.6000000238418579,0.6129611730575562,0,1,0,0.28376108407974243,1,0,0.22783781588077545,2,1,0.132367342710495,2,1,0.10525677353143692,1,0,0.2507760226726532
subject_14:sample_0000166,14,166,2,1,0,1,0,0.760588526725769,0.523051381111145,0.5949490070343018,0.6000000238418579,0.6138768196105957,0,1,0,0.28385692834854126,1,0,0.22790077328681946,2,1,0.13200706243515015,2,1,0.1047179326415062,1,0,0.25151634216308594
subject_14:sample_0000167,14,167,2,1,0,1,0,0.7604589462280273,0.5227829813957214,0.5948753356933594,0.6000000238418579,0.6137529611587524,0,1,0,0.28356438875198364,1,0,0.22777871787548065,2,1,0.1321086585521698,2,1,0.10476557910442352,1,0,0.2517816424369812
subject_14:sample_0000168,14,168,0,1,0,0,1,0.6925350427627563,0.3942166566848755,0.523922324180603,0.6000000238418579,0.5412510633468628,0,0,1,0.08786988258361816,0,1,0.21028275787830353,1,0,0.23921993374824524,1,0,0.24986685812473297,1,0,0.2127596139907837
subject_14:sample_0000169,14,169,0,1,0,0,1,0.8810533285140991,0.7728061079978943,0.7077701091766357,0.800000011920929,0.7879773378372192,1,0,1,0.0942491963505745,1,0,0.2071695476770401,1,0,0.2397586554288864,1,0,0.24635940790176392,1,0,0.21246221661567688
subject_14:sample_0000170,14,170,0,1,0,0,1,0.888007640838623,0.7851307392120361,0.7220247983932495,0.800000011920929,0.7966181635856628,1,0,1,0.10153854638338089,1,0,0.2013942152261734,1,0,0.24066351354122162,1,0,0.24368853867053986,1,0,0.21271419525146484
subject_14:sample_0000171,14,171,0,1,0,0,1,0.8811635375022888,0.7704768180847168,0.7137750387191772,0.800000011920929,0.7890724539756775,1,0,1,0.11007089912891388,1,0,0.19611838459968567,1,0,0.2409442812204361,1,0,0.24003608524799347,1,0,0.21282948553562164
subject_14:sample_0000172,14,172,0,1,0,0,1,0.8782211542129517,0.7647514939308167,0.7090171575546265,0.800000011920929,0.785629391670227,1,0,1,0.11276157945394516,1,0,0.19689685106277466,1,0,0.23971551656723022,1,0,0.23817528784275055,1,0,0.2124497890472412
subject_14:sample_0000173,14,173,0,1,0,0,1,0.8691779971122742,0.7462496161460876,0.6968516111373901,0.800000011920929,0.7754535675048828,1,0,1,0.12234726548194885,1,0,0.1954028308391571,1,0,0.23774968087673187,1,0,0.23281021416187286,1,0,0.2116890549659729
subject_14:sample_0000174,14,174,0,1,0,0,1,0.8610429167747498,0.7299283146858215,0.6856234073638916,0.800000011920929,0.766249418258667,1,0,1,0.1304633915424347,1,0,0.19562587141990662,1,0,0.23508478701114655,1,0,0.22812935709953308,1,0,0.2106955647468567
subject_14:sample_0000175,14,175,0,1,0,0,1,0.8539733290672302,0.7168208360671997,0.6734098196029663,0.800000011920929,0.7578026056289673,1,0,1,0.1331108957529068,1,0,0.19976377487182617,1,0,0.2314862757921219,1,0,0.2257465422153473,1,0,0.20989160239696503
subject_14:sample_0000176,14,176,0,1,0,0,1,0.7594903707504272,0.528175413608551,0.5714644193649292,0.800000011920929,0.654402494430542,0,0,1,0.1337827742099762,1,0,0.201405867934227,1,0,0.2294682413339615,1,0,0.22479186952114105,1,0,0.21055030822753906
subject_14:sample_0000177,14,177,0,1,0,0,1,0.7030080556869507,0.4146190881729126,0.5313122272491455,0.6000000238418579,0.5521125793457031,0,0,1,0.13993322849273682,0,1,0.19964246451854706,1,0,0.22705377638339996,1,0,0.2223997414112091,1,0,0.21096979081630707
subject_14:sample_0000178,14,178,0,1,0,0,1,0.6868321895599365,0.38222721219062805,0.5216008424758911,0.6000000238418579,0.5353841185569763,0,0,1,0.15242111682891846,0,1,0.19629210233688354,1,0,0.22306302189826965,1,0,0.21797794103622437,1,0,0.21024486422538757
subject_14:sample_0000179,14,179,0,1,0,0,1,0.6429483294487,0.2944035828113556,0.49978184700012207,0.6000000238418579,0.4881044328212738,0,0,1,0.16507259011268616,0,1,0.19167651236057281,1,0,0.21873511373996735,1,0,0.21446101367473602,1,0,0.21005375683307648
subject_14:sample_0000180,14,180,0,1,0,0,1,0.6295902132987976,0.26867377758026123,0.4916248917579651,0.6000000238418579,0.47262540459632874,0,0,1,0.17382211983203888,0,1,0.1865115612745285,1,0,0.21585574746131897,1,0,0.21212638914585114,1,0,0.2116832584142685
subject_14:sample_0000181,14,181,0,1,0,0,1,0.6215462684631348,0.2536553144454956,0.4856364130973816,0.6000000238418579,0.4629616141319275,0,0,1,0.1838635951280594,0,1,0.18264450132846832,1,0,0.2127642184495926,1,0,0.2078569233417511,1,0,0.21286985278129578
subject_14:sample_0000182,14,182,0,1,0,0,1,0.6200366020202637,0.2516413629055023,0.4823506474494934,0.6000000238418579,0.4609760642051697,0,0,1,0.19346973299980164,0,1,0.18038630485534668,1,0,0.20978446304798126,1,0,0.20262430608272552,1,0,0.21373417973518372
subject_14:sample_0000183,14,183,0,1,0,0,1,0.6626489758491516,0.338748574256897,0.4960927963256836,0.6000000238418579,0.5084155201911926,0,0,1,0.19740049540996552,0,1,0.1791478544473648,1,0,0.20878253877162933,1,0,0.19845761358737946,1,0,0.2162104994058609
subject_14:sample_0000184,14,184,0,1,0,0,1,0.8844069838523865,0.7882677316665649,0.6994889974594116,1.0,0.8356543779373169,1,1,0,0.20196042954921722,1,0,0.17683205008506775,1,0,0.2083626687526703,1,0,0.19421379268169403,1,0,0.21863016486167908
subject_14:sample_0000185,14,185,0,1,0,0,1,0.9401009678840637,0.9064540266990662,0.8029213547706604,1.0,0.9094908833503723,1,1,0,0.20636479556560516,1,0,0.17393893003463745,1,0,0.20800812542438507,1,0,0.19123655557632446,1,0,0.22045063972473145
subject_14:sample_0000186,14,186,0,1,0,0,1,0.818834662437439,0.6776708364486694,0.5858789682388306,0.800000011920929,0.7141315937042236,1,1,0,0.20911546051502228,1,0,0.171737939119339,1,0,0.20755818486213684,1,0,0.19165746867656708,3,0,0.21992997825145721
subject_14:sample_0000187,14,187,0,1,0,0,1,0.6419748067855835,0.4136773943901062,0.3563730716705322,0.800000011920929,0.5245581865310669,0,1,0,0.21303912997245789,1,0,0.17077146470546722,1,0,0.20774848759174347,1,0,0.19620364904403687,3,0,0.21223634481430054
subject_14:sample_0000188,14,188,0,1,0,0,1,0.44241103529930115,0.1121252179145813,0.23078900575637817,0.4000000059604645,0.2601363956928253,0,1,0,0.21772775053977966,0,1,0.16922451555728912,1,0,0.20683425664901733,0,1,0.20647941529750824,3,0,0.19973309338092804
subject_14:sample_0000189,14,189,0,0,1,0,1,0.6019869446754456,0.3996722102165222,0.31570565700531006,0.6000000238418579,0.4620417058467865,0,0,1,0.22328639030456543,0,1,0.16504518687725067,1,0,0.2035946100950241,0,1,0.22254927456378937,3,0,0.18552353978157043
subject_14:sample_0000190,14,190,0,0,1,0,1,0.6173152327537537,0.4247168302536011,0.32839417457580566,0.6000000238418579,0.47674742341041565,0,0,1,0.22751083970069885,0,1,0.16052356362342834,1,0,0.20243321359157562,0,1,0.229694664478302,3,0,0.17983666062355042
subject_14:sample_0000191,14,191,0,0,1,0,1,0.6054707169532776,0.39857470989227295,0.3189300298690796,0.6000000238418579,0.4635668396949768,0,0,1,0.22707496583461761,0,1,0.15744729340076447,1,0,0.20903819799423218,0,1,0.22442252933979034,3,0,0.1820160448551178
subject_14:sample_0000192,14,192,0,0,1,0,1,0.5577793121337891,0.28774023056030273,0.29125654697418213,0.6000000238418579,0.4092347323894501,0,0,1,0.22805167734622955,0,1,0.15415498614311218,1,0,0.21597282588481903,0,1,0.21703669428825378,3,0,0.18478289246559143
subject_14:sample_0000193,14,193,0,3,0,0,1,0.43320658802986145,0.011851072311401367,0.2732442021369934,0.4000000059604645,0.15390968322753906,0,0,1,0.2263210117816925,0,1,0.15395522117614746,1,0,0.22346016764640808,3,0,0.20872148871421814,3,0,0.18754108250141144
subject_14:sample_0000194,14,194,0,3,0,0,1,0.639142632484436,0.3818419277667999,0.37183451652526855,0.800000011920929,0.5190751552581787,0,3,0,0.21835726499557495,0,1,0.15579189360141754,3,0,0.23372693359851837,3,0,0.20099084079265594,3,0,0.19113212823867798
subject_14:sample_0000195,14,195,0,3,0,0,1,0.7749847769737244,0.605892539024353,0.5239086151123047,0.800000011920929,0.6660526990890503,0,3,0,0.20295961201190948,0,1,0.1671057790517807,3,0,0.2440059632062912,3,0,0.19041040539741516,3,0,0.19551725685596466
subject_14:sample_0000196,14,196,0,3,0,3,0,0.8132530450820923,0.6319432258605957,0.6346123814582825,0.800000011920929,0.7147029042243958,1,3,0,0.18043050169944763,0,1,0.18102900683879852,3,0,0.25327542424201965,3,0,0.1799217164516449,3,0,0.2053423970937729
subject_14:sample_0000197,14,197,0,3,0,3,0,0.8092271089553833,0.6198616027832031,0.6421829462051392,0.800000011920929,0.7124895453453064,1,3,0,0.16434402763843536,0,1,0.18922100961208344,3,0,0.2598513662815094,3,0,0.17100198566913605,3,0,0.21558059751987457
subject_14:sample_0000198,14,198,0,3,0,3,0,0.7977820634841919,0.5965579152107239,0.6320328116416931,0.800000011920929,0.7003927230834961,1,3,0,0.15010970830917358,0,1,0.20112498104572296,3,0,0.2651754915714264,3,0,0.16218309104442596,3,0,0.2214057743549347
subject_14:sample_0000199,14,199,0,3,0,3,0,0.7795954346656799,0.5601003170013428,0.6150189638137817,0.800000011920929,0.6808139085769653,0,3,0,0.14097122848033905,0,1,0.21942682564258575,3,0,0.26413679122924805,3,0,0.15339723229408264,3,0,0.2220669984817505
subject_14:sample_0000200,14,200,0,3,0,3,0,0.7661111354827881,0.5331283807754517,0.6030652523040771,0.800000011920929,0.6662610769271851,0,3,0,0.1355900764465332,0,1,0.23292499780654907,3,0,0.26195859909057617,3,0,0.14560452103614807,3,0,0.22392086684703827
subject_14:sample_0000201,14,201,0,3,0,3,0,0.7548848390579224,0.5106914043426514,0.5935977697372437,0.800000011920929,0.6541169285774231,0,3,0,0.13145951926708221,0,1,0.2441427856683731,3,0,0.2595185339450836,3,0,0.13942809402942657,3,0,0.22545012831687927
subject_14:sample_0000202,14,202,0,3,0,3,0,0.7467772960662842,0.4944891631603241,0.5870563387870789,0.800000011920929,0.6453263759613037,0,3,0,0.1283458173274994,0,1,0.2522442638874054,3,0,0.2569696605205536,3,0,0.13453055918216705,3,0,0.22790871560573578
subject_14:sample_0000203,14,203,0,3,0,3,0,0.7407376766204834,0.4824289083480835,0.5823085308074951,0.800000011920929,0.6387563347816467,0,3,0,0.12583613395690918,0,1,0.2582753598690033,3,0,0.25514867901802063,3,0,0.13131621479988098,3,0,0.2294227033853531
subject_14:sample_0000204,14,204,0,3,0,3,0,0.7342014312744141,0.4693472385406494,0.5774588584899902,0.800000011920929,0.6316552758216858,0,3,0,0.12422167509794235,0,1,0.2648354768753052,3,0,0.25022372603416443,3,0,0.12876789271831512,3,0,0.2319502979516983
subject_14:sample_0000205,14,205,0,3,0,3,0,0.7326892614364624,0.4663349986076355,0.5762962102890015,0.800000011920929,0.6299968957901001,0,3,0,0.12343442440032959,0,1,0.2663465142250061,3,0,0.24878716468811035,3,0,0.12780173122882843,3,0,0.23362918198108673
subject_14:sample_0000206,14,206,0,3,0,3,0,0.7301832437515259,0.4613291621208191,0.5744516849517822,0.800000011920929,0.6272585391998291,0,3,0,0.12282203137874603,0,1,0.2688591480255127,3,0,0.247455433011055,3,0,0.12692859768867493,3,0,0.23393382132053375
subject_14:sample_0000207,14,207,0,3,0,3,0,0.7292497158050537,0.4594687521457672,0.5737514495849609,0.800000011920929,0.6262337565422058,0,3,0,0.12272334843873978,0,1,0.26979485154151917,3,0,0.24683579802513123,3,0,0.12659470736980438,3,0,0.23405027389526367
subject_14:sample_0000208,14,208,0,2,0,0,1,0.6132681369781494,0.2346925139427185,0.48730987310409546,0.4000000059604645,0.4092641770839691,0,0,1,0.0460171140730381,2,0,0.3107379078865051,0,1,0.05915258824825287,0,1,0.2835873067378998,2,0,0.3005041778087616
subject_14:sample_0000209,14,209,0,2,0,0,1,0.6189780831336975,0.2458598017692566,0.4901113510131836,0.4000000059604645,0.4156036972999573,0,0,1,0.04645597189664841,2,0,0.31120261549949646,0,1,0.05946219339966774,0,1,0.28255119919776917,2,0,0.3003270626068115
subject_14:sample_0000210,14,210,0,2,0,0,1,0.6492152214050293,0.3065027594566345,0.502042293548584,0.4000000059604645,0.4471012055873871,0,0,1,0.04713650420308113,2,0,0.3127121925354004,0,1,0.05989420786499977,0,1,0.28032419085502625,2,0,0.29993191361427307
subject_14:sample_0000211,14,211,0,2,0,0,1,0.6590592861175537,0.32528266310691833,0.5094605684280396,0.4000000059604645,0.4571818709373474,0,0,1,0.04801809787750244,2,0,0.31253644824028015,0,1,0.06077835336327553,0,1,0.2791593670845032,2,0,0.299506813287735
subject_14:sample_0000212,14,212,0,2,0,0,1,0.709139347076416,0.4249926209449768,0.5395016074180603,0.4000000059604645,0.5050000548362732,0,0,1,0.050253529101610184,2,0,0.303508460521698,0,1,0.06340505182743073,0,1,0.2793332636356354,2,0,0.3034987151622772
subject_14:sample_0000213,14,213,0,2,0,0,1,0.6932072639465332,0.39222651720046997,0.5322407484054565,0.4000000059604645,0.4905034303665161,0,0,1,0.05221763625741005,2,0,0.290498286485672,0,1,0.06583136320114136,0,1,0.28277772665023804,2,0,0.30867400765419006
subject_14:sample_0000214,14,214,0,2,0,0,1,0.6232492327690125,0.2503240406513214,0.5052005052566528,0.4000000059604645,0.4213781952857971,0,0,1,0.05165689066052437,2,0,0.2932697534561157,0,1,0.0652323067188263,0,1,0.2840069532394409,2,0,0.3058331310749054
subject_14:sample_0000215,14,215,0,2,0,0,1,0.6033000946044922,0.20898446440696716,0.5039588809013367,0.4000000059604645,0.39927828311920166,0,0,1,0.049724701792001724,2,0,0.30404871702194214,0,1,0.06307857483625412,0,1,0.28422811627388,2,0,0.29891884326934814
subject_14:sample_0000216,14,216,0,2,0,0,1,0.6052226424217224,0.21236705780029297,0.5064581632614136,0.4000000059604645,0.40169966220855713,0,0,1,0.04805067554116249,2,0,0.3157384693622589,0,1,0.06121474876999855,0,1,0.28350362181663513,2,0,0.29149147868156433
subject_14:sample_0000217,14,217,0,2,0,0,1,0.6050606966018677,0.2122054398059845,0.5057116150856018,0.4000000059604645,0.4014482796192169,0,0,1,0.04627523571252823,2,0,0.3214927613735199,0,1,0.05914176255464554,0,1,0.2862952649593353,2,0,0.2867940366268158
subject_14:sample_0000218,14,218,0,2,0,0,1,0.6024011969566345,0.20783045887947083,0.5010998249053955,0.4000000059604645,0.398010790348053,0,0,1,0.04474428668618202,2,0,0.32286444306373596,0,1,0.057419177144765854,0,1,0.2899821102619171,2,0,0.28498902916908264
subject_14:sample_0000219,14,219,0,2,0,0,1,0.5872362852096558,0.17974016070365906,0.4887154698371887,0.4000000059604645,0.37900376319885254,0,0,1,0.04301551729440689,2,0,0.3164736330509186,0,1,0.05545796453952789,0,1,0.304344117641449,2,0,0.28070780634880066
subject_14:sample_0000220,14,220,0,2,0,0,1,0.5439399480819702,0.3151019811630249,0.2685251235961914,0.4000000059604645,0.36835092306137085,0,0,1,0.039998818188905716,2,0,0.29497188329696655,0,1,0.05179760232567787,3,0,0.3475169837474823,2,0,0.26571378111839294
subject_14:sample_0000221,14,221,0,2,0,0,1,0.5440824031829834,0.19856047630310059,0.3134831190109253,0.4000000059604645,0.3411598205566406,0,0,1,0.04183658957481384,2,0,0.30561262369155884,0,1,0.05476808547973633,3,0,0.3154381811618805,2,0,0.2823435664176941
subject_14:sample_0000222,14,222,0,2,0,0,1,0.5067488551139832,0.13423699140548706,0.2929686903953552,0.4000000059604645,0.2988041043281555,0,0,1,0.043142788112163544,2,0,0.3099781274795532,0,1,0.05736894533038139,3,0,0.29684868454933167,2,0,0.29266056418418884
subject_14:sample_0000223,14,223,0,2,0,0,1,0.4447236657142639,0.020249277353286743,0.2754109501838684,0.4000000059604645,0.1774742156267166,0,0,1,0.04394562169909477,2,0,0.3114442825317383,0,1,0.05995626002550125,3,0,0.28567200899124146,2,0,0.29898083209991455
subject_14:sample_0000224,14,224,0,3,0,0,1,0.479109525680542,0.09887558221817017,0.27059322595596313,0.4000000059604645,0.26759326457977295,0,0,1,0.04447616636753082,3,0,0.31222423911094666,0,1,0.06251341104507446,3,0,0.2772282063961029,2,0,0.30355703830718994
subject_14:sample_0000225,14,225,0,3,0,0,1,0.5153480768203735,0.18213987350463867,0.27241355180740356,0.4000000059604645,0.3180157542228699,0,0,1,0.04468871280550957,3,0,0.31201452016830444,0,1,0.06624765694141388,3,0,0.2717358469963074,2,0,0.30531227588653564
subject_14:sample_0000226,14,226,0,3,0,0,1,0.5397033095359802,0.245184063911438,0.27489757537841797,0.4000000059604645,0.3473118245601654,0,0,1,0.04454290121793747,3,0,0.31088194251060486,0,1,0.07242752611637115,3,0,0.2670026421546936,2,0,0.3051440119743347
subject_14:sample_0000227,14,227,0,3,0,0,1,0.5509901642799377,0.27830472588539124,0.2768922448158264,0.4000000059604645,0.3610013723373413,0,0,1,0.04415997862815857,3,0,0.3111681044101715,0,1,0.07923002541065216,3,0,0.2652670443058014,2,0,0.30017390847206116
subject_14:sample_0000228,14,228,0,3,0,0,1,0.5577980875968933,0.31631365418434143,0.27556782960891724,0.4000000059604645,0.3734400272369385,0,0,1,0.043763816356658936,3,0,0.31017160415649414,0,1,0.08920414745807648,3,0,0.26283368468284607,2,0,0.29402583837509155
subject_14:sample_0000229,14,229,0,3,0,0,1,0.5663496851921082,0.34417158365249634,0.28047484159469604,0.4000000059604645,0.3845505118370056,0,0,1,0.043647535145282745,3,0,0.31466609239578247,0,1,0.09215590357780457,3,0,0.26506733894348145,2,0,0.2844622731208801
subject_14:sample_0000230,14,230,0,3,0,0,1,0.5740047097206116,0.2594712972640991,0.3244199752807617,0.4000000059604645,0.3728576600551605,0,0,1,0.043174199759960175,3,0,0.3163704574108124,0,1,0.10198649764060974,3,0,0.26668545603752136,0,1,0.27178239822387695
subject_14:sample_0000231,14,231,0,3,0,0,1,0.5847384333610535,0.1877908706665039,0.4533708691596985,0.4000000059604645,0.375653475522995,0,0,1,0.043015241622924805,3,0,0.3216477930545807,0,1,0.111030712723732,3,0,0.2713477909564972,0,1,0.2529574930667877
subject_14:sample_0000232,14,232,0,3,0,0,1,0.5973566174507141,0.20129817724227905,0.48783695697784424,0.4000000059604645,0.3913831114768982,0,0,1,0.04317045211791992,3,0,0.3268831670284271,0,1,0.1285257339477539,3,0,0.2768307626247406,0,1,0.22458896040916443
subject_14:sample_0000233,14,233,0,3,0,0,1,0.6175114512443542,0.2403872013092041,0.49825698137283325,0.4000000059604645,0.4147319197654724,0,0,1,0.044178370386362076,3,0,0.33667516708374023,0,1,0.1414017528295517,3,0,0.2861924171447754,0,1,0.1915513277053833
subject_14:sample_0000234,14,234,0,3,0,0,1,0.6377947330474854,0.27905428409576416,0.5124732851982117,0.4000000059604645,0.43704402446746826,0,0,1,0.04545196145772934,3,0,0.3445409834384918,0,1,0.1591997891664505,3,0,0.2967233955860138,0,1,0.15408289432525635
subject_14:sample_0000235,14,235,0,3,0,0,1,0.6550671458244324,0.3128160834312439,0.5229412317276001,0.4000000059604645,0.4550110101699829,0,0,1,0.046433236449956894,3,0,0.35151275992393494,0,1,0.17409254610538483,3,0,0.3062426447868347,0,1,0.12171788513660431
subject_14:sample_0000236,14,236,0,3,0,0,1,0.6660292148590088,0.3340977132320404,0.5307260751724243,0.4000000059604645,0.4662021994590759,0,0,1,0.0469839908182621,3,0,0.35470014810562134,0,1,0.1826540231704712,3,0,0.31337520480155945,0,1,0.10228565335273743
subject_14:sample_0000237,14,237,0,3,0,0,1,0.6710042953491211,0.34408098459243774,0.5331324338912964,0.4000000059604645,0.47105351090431213,0,0,1,0.04706403240561485,3,0,0.35574814677238464,0,1,0.18832485377788544,3,0,0.31733596324920654,0,1,0.09152603894472122
subject_14:sample_0000238,14,238,0,3,0,0,1,0.6721694469451904,0.3460567891597748,0.5351616740226746,0.4000000059604645,0.4723814129829407,0,0,1,0.046946931630373,3,0,0.35385972261428833,0,1,0.1926315277814865,3,0,0.3200351595878601,0,1,0.08652567118406296
subject_14:sample_0000239,14,239,0,3,0,0,1,0.671901524066925,0.34554100036621094,0.5349416732788086,0.4000000059604645,0.47210970520973206,0,0,1,0.04681708663702011,3,0,0.35229045152664185,0,1,0.19530020654201508,3,0,0.3213571310043335,0,1,0.08423420041799545
subject_14:sample_0000240,14,240,0,3,0,0,1,0.6716768741607666,0.3450230658054352,0.5351089239120483,0.4000000059604645,0.4719301164150238,0,0,1,0.046514321118593216,3,0,0.3502490222454071,0,1,0.19690151512622833,3,0,0.32310569286346436,0,1,0.08322853595018387
subject_14:sample_0000241,14,241,0,3,0,0,1,0.6706991195678711,0.34291064739227295,0.5352602005004883,0.4000000059604645,0.4710678160190582,0,0,1,0.04635433107614517,3,0,0.34850138425827026,0,1,0.1983206570148468,3,0,0.32371893525123596,0,1,0.0831037163734436
subject_14:sample_0000242,14,242,0,3,0,0,1,0.6684367656707764,0.3381287753582001,0.5352084040641785,0.4000000059604645,0.4690091609954834,0,0,1,0.04637254774570465,3,0,0.3461659252643585,0,1,0.19949552416801453,3,0,0.3235350251197815,0,1,0.08442999422550201
subject_14:sample_0000243,14,243,0,3,0,0,1,0.6682572960853577,0.3377038836479187,0.5354107022285461,0.4000000059604645,0.46887457370758057,0,0,1,0.04635670408606529,3,0,0.34585094451904297,0,1,0.19906948506832123,3,0,0.3236050307750702,0,1,0.08511684834957123
subject_14:sample_0000244,14,244,0,3,0,0,1,0.6683015823364258,0.3378187417984009,0.5353192090988159,0.4000000059604645,0.46890223026275635,0,0,1,0.04629189148545265,3,0,0.34646543860435486,0,1,0.1991729438304901,3,0,0.32306167483329773,0,1,0.08500712364912033
subject_14:sample_0000245,14,245,0,3,0,0,1,0.6663340330123901,0.3337877690792084,0.5347532033920288,0.4000000059604645,0.4670291244983673,0,0,1,0.0463518463075161,3,0,0.3451548218727112,0,1,0.2002839744091034,3,0,0.32230880856513977,0,1,0.08589962869882584
subject_14:sample_0000246,14,246,1,0,0,0,0,0.9999736547470093,0.9999531507492065,0.9997757077217102,1.0,0.9999255537986755,1,0,0,0.4138585925102234,0,0,0.11710363626480103,0,0,0.13787983357906342,0,0,0.18866777420043945,0,0,0.14248917996883392
subject_14:sample_0000247,14,247,1,0,0,0,0,0.9999750852584839,0.9999558329582214,0.9997864961624146,1.0,0.9999293088912964,1,0,0,0.4124947488307953,0,0,0.11684641987085342,0,0,0.13743893802165985,0,0,0.18792779743671417,0,0,0.14529110491275787
subject_14:sample_0000248,14,248,1,0,0,0,0,0.9999779462814331,0.999961256980896,0.9998084902763367,1.0,0.9999368786811829,1,0,0,0.4124811887741089,0,0,0.11480098962783813,0,0,0.13589335978031158,0,0,0.1878344565629959,0,0,0.14898905158042908
subject_14:sample_0000249,14,249,1,0,0,0,0,0.9999827146530151,0.9999703764915466,0.9998460412025452,1.0,0.9999497532844543,1,0,0,0.4065333902835846,0,0,0.11354153603315353,0,0,0.13600803911685944,0,0,0.1890566349029541,0,0,0.1548594981431961
subject_14:sample_0000250,14,250,1,0,0,0,0,0.9999803304672241,0.9999659657478333,0.9998275637626648,1.0,0.9999434351921082,1,0,0,0.4061959981918335,0,0,0.11697849631309509,0,0,0.13900378346443176,0,0,0.18717287480831146,0,0,0.1506478488445282
subject_14:sample_0000251,14,251,1,0,0,0,0,0.9999837875366211,0.9999728202819824,0.9998565316200256,1.0,0.9999532699584961,1,0,0,0.39317649602890015,0,0,0.12315570563077927,0,0,0.14482294023036957,0,0,0.19009418785572052,0,0,0.1487497240304947
subject_14:sample_0000252,14,252,1,0,0,0,0,0.9999870657920837,0.9999792575836182,0.9998854398727417,1.0,0.9999629259109497,1,0,0,0.3789672255516052,0,0,0.12686459720134735,0,0,0.1482469141483307,0,0,0.19453859329223633,0,0,0.15138167142868042
subject_14:sample_0000253,14,253,1,0,0,0,0,0.9999886751174927,0.9999824166297913,0.9998995661735535,1.0,0.999967634677887,1,0,0,0.3665495812892914,0,0,0.12934528291225433,0,0,0.15119749307632446,0,0,0.20027858018875122,0,0,0.15262803435325623
subject_14:sample_0000254,14,254,1,0,0,0,0,0.9999898672103882,0.9999846816062927,0.9999091029167175,1.0,0.9999709129333496,1,0,0,0.3475714921951294,0,0,0.13318075239658356,0,0,0.15544216334819794,0,0,0.2087937444448471,0,0,0.15501095354557037
subject_14:sample_0000255,14,255,1,0,0,0,0,0.9999901056289673,0.9999853372573853,0.9999129772186279,1.0,0.9999720454216003,1,0,0,0.3379865288734436,0,0,0.1351749449968338,0,0,0.15647730231285095,0,0,0.21445509791374207,0,0,0.1559050977230072
subject_14:sample_0000256,14,256,1,0,0,0,0,0.9999907612800598,0.9999862909317017,0.9999178051948547,1.0,0.9999736547470093,1,0,0,0.334445059299469,0,0,0.13511539995670319,0,0,0.15416838228702545,0,0,0.21955782175064087,0,0,0.1567123830318451
subject_14:sample_0000257,14,257,1,0,0,0,0,0.999991238117218,0.999987006187439,0.9999215602874756,1.0,0.9999749064445496,1,0,0,0.3342139720916748,0,0,0.13324692845344543,0,0,0.1489914208650589,0,0,0.22647632658481598,0,0,0.1570703685283661
subject_14:sample_0000258,14,258,1,0,0,0,0,0.999991238117218,0.9999870657920837,0.999921977519989,1.0,0.9999750852584839,1,0,0,0.3350374102592468,0,0,0.13432911038398743,0,0,0.14796356856822968,0,0,0.2299736887216568,0,0,0.1526951789855957
subject_14:sample_0000259,14,259,1,0,0,0,0,0.9999892711639404,0.9999847412109375,0.9999029636383057,1.0,0.9999692440032959,1,0,0,0.3381024897098541,0,0,0.13664610683918,0,0,0.15212009847164154,0,0,0.22830107808113098,0,0,0.14482930302619934
subject_14:sample_0000260,14,260,1,0,0,0,0,0.9999828338623047,0.9999767541885376,0.999845564365387,1.0,0.9999512434005737,1,0,0,0.3359781503677368,0,0,0.13819263875484467,0,0,0.157999187707901,0,0,0.22758784890174866,0,0,0.14024122059345245
subject_14:sample_0000261,14,261,1,0,0,0,0,0.9999146461486816,0.9998540878295898,0.999319314956665,1.0,0.9997719526290894,1,0,0,0.3296795189380646,0,0,0.14178965985774994,0,0,0.16806045174598694,0,0,0.22192677855491638,0,0,0.13854262232780457
subject_14:sample_0000262,14,262,1,0,0,0,0,0.9975669384002686,0.995278000831604,0.9872310161590576,1.0,0.9950073957443237,1,0,0,0.32514578104019165,0,0,0.14980341494083405,0,0,0.17348399758338928,0,0,0.21364933252334595,0,0,0.13791656494140625
subject_14:sample_0000263,14,263,1,0,0,0,0,0.7517736554145813,0.5050135254859924,0.5887799859046936,0.800000011920929,0.6502918004989624,0,0,0,0.3165110647678375,0,0,0.16947481036186218,2,0,0.17277678847312927,0,0,0.20311453938484192,0,0,0.1381218135356903
subject_14:sample_0000264,14,264,1,2,0,0,0,0.6868866682052612,0.37443771958351135,0.548004150390625,0.800000011920929,0.5794748663902283,0,0,0,0.3086854815483093,2,0,0.1786995828151703,2,0,0.16994598507881165,2,0,0.19980676472187042,2,0,0.1428612321615219
subject_14:sample_0000265,14,265,1,2,0,0,0,0.6995868682861328,0.3994669020175934,0.5573198795318604,0.800000011920929,0.5941268801689148,0,0,0,0.30014151334762573,2,0,0.17999853193759918,2,0,0.17028096318244934,2,0,0.19714070856571198,2,0,0.15243731439113617
subject_14:sample_0000266,14,266,1,2,0,2,0,0.6948761343955994,0.39015382528305054,0.5538651347160339,0.800000011920929,0.5887206196784973,0,0,0,0.3050921857357025,2,0,0.17489944398403168,2,0,0.17047257721424103,2,0,0.19279034435749054,2,0,0.15674449503421783
subject_14:sample_0000267,14,267,1,2,0,2,0,0.6729984283447266,0.3704105019569397,0.480644166469574,0.800000011920929,0.5564199686050415,0,0,0,0.3286854028701782,2,0,0.1659063696861267,2,0,0.1682468205690384,2,0,0.18339894711971283,2,0,0.15376156568527222
subject_14:sample_0000268,14,268,1,2,0,2,0,0.664287805557251,0.36799317598342896,0.4510549306869507,0.800000011920929,0.5449778437614441,0,3,0,0.3359493911266327,2,0,0.1628001630306244,2,0,0.16707228124141693,2,0,0.18010610342025757,2,0,0.15407100319862366
subject_14:sample_0000269,14,269,1,2,0,2,0,0.6698057651519775,0.3431994318962097,0.5275775194168091,0.800000011920929,0.5581075549125671,0,3,0,0.33006352186203003,2,0,0.1634736955165863,2,0,0.1688033938407898,2,0,0.18067705631256104,2,0,0.15698137879371643
subject_14:sample_0000270,14,270,1,2,0,2,0,0.6712831258773804,0.3444366157054901,0.5343968868255615,0.800000011920929,0.5607150793075562,0,3,0,0.32856830954551697,2,0,0.16338615119457245,2,0,0.16949152946472168,2,0,0.18018101155757904,2,0,0.15837202966213226
subject_14:sample_0000271,14,271,1,2,0,2,0,0.6721165180206299,0.34538519382476807,0.5377002954483032,0.800000011920929,0.562140166759491,0,3,0,0.3277285695075989,2,0,0.1635746955871582,2,0,0.17024104297161102,2,0,0.17915982007980347,2,0,0.15929493308067322
subject_14:sample_0000272,14,272,1,2,0,2,0,0.6764162182807922,0.35338589549064636,0.5426744222640991,0.800000011920929,0.5675749182701111,0,3,0,0.32342103123664856,2,0,0.16530507802963257,2,0,0.1720387041568756,2,0,0.17875099182128906,2,0,0.16048327088356018
subject_14:sample_0000273,14,273,1,2,0,2,0,0.6829015612602234,0.3661494851112366,0.5472954511642456,0.800000011920929,0.5752175450325012,0,3,0,0.31692883372306824,2,0,0.16840992867946625,2,0,0.17429044842720032,2,0,0.17886406183242798,2,0,0.16150586307048798
subject_14:sample_0000274,14,274,1,2,0,2,0,0.6880220174789429,0.37633830308914185,0.5505028367042542,0.800000011920929,0.5811089277267456,0,3,0,0.3118116557598114,2,0,0.1714557707309723,2,0,0.17579859495162964,2,0,0.1787806898355484,2,0,0.1621522754430771
subject_14:sample_0000275,14,275,1,2,0,2,0,0.6914970874786377,0.38328322768211365,0.5525668859481812,0.800000011920929,0.585054337978363,0,3,0,0.3083488643169403,2,0,0.17397186160087585,2,0,0.17702294886112213,2,0,0.17841029167175293,2,0,0.16224510967731476
subject_14:sample_0000276,14,276,1,2,0,2,0,0.6946529746055603,0.38961315155029297,0.5543553829193115,0.800000011920929,0.5885995626449585,0,3,0,0.3052428066730499,2,0,0.1761905401945114,2,0,0.17753730714321136,2,0,0.17821234464645386,2,0,0.16281606256961823
subject_14:sample_0000277,14,277,1,2,0,2,0,0.6971167922019958,0.3945861756801605,0.5556167364120483,0.800000011920929,0.5913276076316833,0,3,0,0.3029303252696991,2,0,0.17789998650550842,2,0,0.17809242010116577,2,0,0.1779048889875412,2,0,0.1631714105606079
subject_14:sample_0000278,14,278,1,2,0,2,0,0.6986395120620728,0.397754430770874,0.5559583306312561,0.800000011920929,0.5929253697395325,0,3,0,0.30233946442604065,2,0,0.178905189037323,2,0,0.17795330286026,2,0,0.1772059202194214,2,0,0.16359518468379974
subject_14:sample_0000279,14,279,1,2,0,2,0,0.7085683345794678,0.41808274388313293,0.5601135492324829,0.800000011920929,0.6036045551300049,0,3,0,0.30460605025291443,2,0,0.17878670990467072,2,0,0.17711564898490906,2,0,0.17565511167049408,2,0,0.1638355255126953
subject_14:sample_0000280,14,280,1,2,0,2,0,0.7505055665969849,0.5025436878204346,0.5880156755447388,0.800000011920929,0.649010419845581,0,3,0,0.3076174259185791,2,0,0.17832361161708832,2,0,0.17680031061172485,2,0,0.1740041822195053,2,0,0.1632535755634308
subject_14:sample_0000281,14,281,1,2,0,2,0,0.8372179269790649,0.6762901544570923,0.6722100973129272,0.800000011920929,0.7428337931632996,1,3,0,0.310462087392807,2,0,0.17792773246765137,2,0,0.17655469477176666,2,0,0.17249169945716858,2,0,0.16256281733512878
subject_14:sample_0000282,14,282,1,2,0,2,0,0.8896409273147583,0.7810693979263306,0.742896556854248,1.0,0.8476336598396301,1,2,0,0.3120587170124054,2,0,0.1779390275478363,2,0,0.1766914278268814,2,0,0.1714378446340561,2,0,0.1618720144033432
subject_14:sample_0000283,14,283,1,2,0,2,0,0.9554264545440674,0.9122060537338257,0.8641827702522278,1.0,0.9315881729125977,1,2,0,0.314098984003067,2,0,0.1775103211402893,2,0,0.17652779817581177,2,0,0.17048843204975128,2,0,0.16137348115444183
subject_14:sample_0000284,14,284,1,2,0,2,0,0.9775101542472839,0.9560800194740295,0.919315755367279,1.0,0.9627644419670105,1,2,0,0.31542348861694336,2,0,0.177238330245018,2,0,0.1762143075466156,2,0,0.16988389194011688,2,0,0.16123905777931213
subject_14:sample_0000285,14,285,1,2,0,2,0,0.9909037947654724,0.9825741648674011,0.9607296586036682,1.0,0.9834437370300293,1,2,0,0.31676235795021057,2,0,0.17696325480937958,2,0,0.17575915157794952,2,0,0.16930751502513885,2,0,0.16120678186416626
subject_14:sample_0000286,14,286,1,2,0,2,0,0.9959574937820435,0.9924993515014648,0.9798109531402588,1.0,0.9920380711555481,1,2,0,0.31780508160591125,2,0,0.17682145535945892,2,0,0.1753944307565689,2,0,0.16881710290908813,2,0,0.1611609309911728
subject_14:sample_0000287,14,287,1,2,0,2,0,0.997695803642273,0.9958822131156921,0.9873804450035095,1.0,0.995228111743927,1,2,0,0.3182199001312256,2,0,0.17648287117481232,2,0,0.1756022870540619,2,0,0.16861596703529358,2,0,0.16107803583145142
subject_14:sample_0000288,14,288,1,2,0,2,0,0.9978770613670349,0.9962337613105774,0.9882222414016724,1.0,0.9955732822418213,1,2,0,0.31877803802490234,2,0,0.17630545794963837,2,0,0.1758093237876892,2,0,0.16824325919151306,2,0,0.1608629822731018
subject_14:sample_0000289,14,289,1,2,0,2,0,0.9984377026557922,0.9973137974739075,0.9909188747406006,1.0,0.9966616034507751,1,2,0,0.3191535174846649,2,0,0.17598006129264832,2,0,0.17618079483509064,2,0,0.1677583009004593,2,0,0.16092634201049805
subject_14:sample_0000290,14,290,1,2,0,2,0,0.9989516735076904,0.9982935190200806,0.9935523271560669,1.0,0.9976963400840759,1,2,0,0.318963885307312,2,0,0.17542414367198944,2,0,0.17688748240470886,2,0,0.1673058122396469,2,0,0.16141773760318756
subject_14:sample_0000291,14,291,1,2,0,2,0,0.9990184903144836,0.9984201788902283,0.9939104318618774,1.0,0.9978345632553101,1,2,0,0.3193078637123108,2,0,0.17489492893218994,2,0,0.17730815708637238,2,0,0.1669611632823944,2,0,0.16152693331241608
subject_14:sample_0000292,14,292,1,2,0,2,0,0.9990915060043335,0.9985581636428833,0.9943071603775024,1.0,0.9979867339134216,1,2,0,0.3196374177932739,2,0,0.17428447306156158,2,0,0.17771974205970764,2,0,0.1666487157344818,2,0,0.16170865297317505
subject_14:sample_0000293,14,293,1,2,0,2,0,0.9990554451942444,0.9984908103942871,0.9941100478172302,1.0,0.9979114532470703,1,2,0,0.32045304775238037,2,0,0.17350445687770844,2,0,0.1783471405506134,2,0,0.1660698801279068,2,0,0.1616245061159134
subject_14:sample_0000294,14,294,1,2,0,2,0,0.999128520488739,0.998627781867981,0.9945098757743835,1.0,0.9980643391609192,1,2,0,0.3210909366607666,2,0,0.17269793152809143,2,0,0.17845480144023895,2,0,0.16565172374248505,2,0,0.1621035933494568
subject_14:sample_0000295,14,295,1,2,0,2,0,0.9993419647216797,0.9990025162696838,0.9957156181335449,1.0,0.9985136389732361,1,2,0,0.31946712732315063,2,0,0.17269638180732727,2,0,0.17880235612392426,2,0,0.1658257097005844,2,0,0.16320739686489105
subject_14:sample_0000296,14,296,1,2,0,2,0,0.9994191527366638,0.9990922808647156,0.9961678981781006,1.0,0.9986687302589417,1,2,0,0.3181527554988861,2,0,0.1724378615617752,2,0,0.17971664667129517,2,0,0.1659497618675232,2,0,0.16374202072620392
subject_14:sample_0000297,14,297,1,2,0,2,0,0.9995251893997192,0.9992184042930603,0.996810257434845,1.0,0.9988876581192017,1,2,0,0.3149796724319458,2,0,0.17286378145217896,2,0,0.18057668209075928,2,0,0.16663585603237152,2,0,0.16494305431842804
subject_14:sample_0000298,14,298,0,3,0,3,0,0.6311795115470886,0.26274386048316956,0.5227631330490112,0.6000000238418579,0.47756823897361755,0,3,0,0.16387413442134857,3,0,0.21220335364341736,3,0,0.25442349910736084,1,0,0.192516028881073,1,0,0.17698203027248383
subject_14:sample_0000299,14,299,0,3,0,3,0,0.6325799226760864,0.265544593334198,0.5233107805252075,0.6000000238418579,0.479226678609848,0,3,0,0.16397075355052948,3,0,0.21352089941501617,3,0,0.2544349133968353,1,0,0.19161456823349,1,0,0.17645789682865143
subject_14:sample_0000300,14,300,0,3,0,3,0,0.6322306990623474,0.2648089826107025,0.523371696472168,0.6000000238418579,0.47884225845336914,0,3,0,0.16642925143241882,3,0,0.21365465223789215,3,0,0.25147244334220886,1,0,0.19133803248405457,1,0,0.1771046668291092
subject_14:sample_0000301,14,301,0,3,0,3,0,0.6323299407958984,0.2649792432785034,0.5235621929168701,0.6000000238418579,0.47898152470588684,0,3,0,0.1682358980178833,3,0,0.2106032371520996,3,0,0.2528282403945923,1,0,0.1911628097295761,1,0,0.17716893553733826
subject_14:sample_0000302,14,302,0,3,0,3,0,0.6331067085266113,0.2665053606033325,0.5240185856819153,0.6000000238418579,0.47992148995399475,0,3,0,0.17074579000473022,3,0,0.2087072730064392,3,0,0.2530253827571869,1,0,0.1908312886953354,1,0,0.17668934166431427
subject_14:sample_0000303,14,303,0,3,0,3,0,0.6346833109855652,0.26963844895362854,0.5247567892074585,0.6000000238418579,0.4817947447299957,0,3,0,0.17306634783744812,3,0,0.20784910023212433,3,0,0.25317949056625366,1,0,0.18999765813350677,1,0,0.1759064793586731
subject_14:sample_0000304,14,304,0,3,0,3,0,0.6351558566093445,0.2705609202384949,0.5250750780105591,0.6000000238418579,0.4823690950870514,0,3,0,0.17634038627147675,3,0,0.20569702982902527,3,0,0.25255751609802246,1,0,0.1897052824497223,1,0,0.1756988763809204
subject_14:sample_0000305,14,305,0,3,0,3,0,0.6356844305992126,0.27160370349884033,0.5253723859786987,0.6000000238418579,0.4830020070075989,0,3,0,0.18043479323387146,3,0,0.20494233071804047,3,0,0.24978572130203247,1,0,0.1894531399011612,1,0,0.17538297176361084
subject_14:sample_0000306,14,306,0,3,0,3,0,0.6368195414543152,0.2738695740699768,0.5258559584617615,0.6000000238418579,0.4843335747718811,0,3,0,0.18386895954608917,3,0,0.20603249967098236,3,0,0.2464393675327301,1,0,0.18881560862064362,1,0,0.17484262585639954
subject_14:sample_0000307,14,307,0,3,0,3,0,0.6384534239768982,0.27713117003440857,0.5265601277351379,0.6000000238418579,0.4862430691719055,0,3,0,0.18685001134872437,3,0,0.20683304965496063,3,0,0.2443411946296692,1,0,0.18802981078624725,1,0,0.17394490540027618
subject_14:sample_0000308,14,308,0,3,0,3,0,0.6402127742767334,0.2806440591812134,0.5273212194442749,0.6000000238418579,0.48828864097595215,0,3,0,0.19046667218208313,3,0,0.20726189017295837,3,0,0.24211595952510834,1,0,0.18717940151691437,1,0,0.17297513782978058
subject_14:sample_0000309,14,309,0,3,0,3,0,0.6417661309242249,0.28374630212783813,0.5279985666275024,0.6000000238418579,0.49008652567863464,0,3,0,0.19334185123443604,3,0,0.2072848528623581,3,0,0.24082405865192413,1,0,0.18636709451675415,1,0,0.17218123376369476
subject_14:sample_0000310,14,310,0,3,0,3,0,0.6434551477432251,0.2871234118938446,0.5287202000617981,0.6000000238418579,0.4920293688774109,0,3,0,0.19524677097797394,3,0,0.20864732563495636,3,0,0.23929327726364136,1,0,0.18555498123168945,1,0,0.17125670611858368
subject_14:sample_0000311,14,311,0,3,0,3,0,0.6435239315032959,0.2872616648674011,0.5287445783615112,0.6000000238418579,0.4921073913574219,0,3,0,0.19677120447158813,3,0,0.20946647226810455,3,0,0.23704086244106293,1,0,0.18534570932388306,1,0,0.17137478291988373
subject_14:sample_0000312,14,312,0,3,0,3,0,0.6440367102622986,0.28828635811805725,0.528968334197998,0.6000000238418579,0.4926958680152893,0,3,0,0.19927793741226196,3,0,0.21006113290786743,3,0,0.23451194167137146,1,0,0.1849219650030136,1,0,0.17122603952884674
subject_14:sample_0000313,14,313,0,3,0,3,0,0.64284747838974,0.28591006994247437,0.5284475088119507,0.6000000238418579,0.4913293123245239,0,3,0,0.20124447345733643,3,0,0.20968404412269592,3,0,0.23176275193691254,1,0,0.18514816462993622,1,0,0.17215964198112488
subject_14:sample_0000314,14,314,0,3,0,3,0,0.6408737301826477,0.2819660007953644,0.5275949239730835,0.6000000238418579,0.4890522360801697,0,3,0,0.20217104256153107,3,0,0.2089557647705078,3,0,0.2295740246772766,1,0,0.18575620651245117,1,0,0.1735420674085617
subject_14:sample_0000315,14,315,0,3,0,3,0,0.6403527855873108,0.28092342615127563,0.5273813605308533,0.6000000238418579,0.4884507954120636,0,3,0,0.20312464237213135,3,0,0.20867983996868134,3,0,0.22838914394378662,1,0,0.18576398491859436,1,0,0.17404146492481232
subject_14:sample_0000316,14,316,0,3,0,3,0,0.6392281651496887,0.2786708474159241,0.5269352793693542,0.6000000238418579,0.48715144395828247,0,3,0,0.20385602116584778,3,0,0.2069992572069168,3,0,0.2281998097896576,1,0,0.186103954911232,1,0,0.17483991384506226
subject_14:sample_0000317,14,317,0,3,0,3,0,0.6398438215255737,0.27989721298217773,0.5272191762924194,0.6000000238418579,0.48786962032318115,0,3,0,0.20499081909656525,3,0,0.20628948509693146,3,0,0.2284161001443863,1,0,0.18563953042030334,1,0,0.17466311156749725
subject_14:sample_0000318,14,318,0,3,0,3,0,0.6401296257972717,0.280462384223938,0.5273761749267578,0.6000000238418579,0.48820650577545166,0,3,0,0.20606841146945953,3,0,0.2047102451324463,3,0,0.2292185127735138,1,0,0.1853841245174408,1,0,0.17461776733398438
subject_14:sample_0000319,14,319,0,3,0,3,0,0.6396856904029846,0.2795677185058594,0.5272320508956909,0.6000000238418579,0.4876987636089325,0,3,0,0.20592141151428223,3,0,0.2028256505727768,3,0,0.23076693713665009,1,0,0.1857452690601349,1,0,0.174739807844162
subject_14:sample_0000320,14,320,0,3,0,3,0,0.6410841941833496,0.2823599576950073,0.5278438925743103,0.6000000238418579,0.48932084441185,0,3,0,0.20794892311096191,3,0,0.20265251398086548,3,0,0.23039717972278595,1,0,0.18520471453666687,1,0,0.17379571497440338
subject_14:sample_0000321,14,321,0,3,0,3,0,0.6442733407020569,0.28873416781425476,0.5292203426361084,0.6000000238418579,0.49299106001853943,0,3,0,0.21126534044742584,3,0,0.20361840724945068,3,0,0.22950994968414307,1,0,0.1837739646434784,1,0,0.17183136940002441
subject_14:sample_0000322,14,322,0,3,0,3,0,0.6456271409988403,0.291442334651947,0.5297998189926147,0.6000000238418579,0.49453771114349365,0,3,0,0.21387018263339996,3,0,0.20487584173679352,3,0,0.2272264063358307,1,0,0.18346711993217468,1,0,0.17055949568748474
subject_14:sample_0000323,14,323,0,3,0,3,0,0.6486212015151978,0.29743802547454834,0.5310643911361694,0.6000000238418579,0.4979337155818939,0,3,0,0.21910512447357178,3,0,0.20771212875843048,3,0,0.22289583086967468,1,0,0.18199825286865234,1,0,0.16828766465187073
subject_14:sample_0000324,14,324,0,3,0,3,0,0.6483039855957031,0.2968226671218872,0.5308111906051636,0.6000000238418579,0.49755576252937317,0,3,0,0.22235698997974396,3,0,0.20997948944568634,3,0,0.21780265867710114,1,0,0.18196655809879303,1,0,0.16789330542087555
subject_14:sample_0000325,14,325,0,3,0,3,0,0.6474388837814331,0.29511579871177673,0.5302942991256714,0.6000000238418579,0.49655216932296753,0,3,0,0.22534728050231934,3,0,0.21151332557201385,3,0,0.21322520077228546,1,0,0.182255819439888,1,0,0.16765737533569336
subject_14:sample_0000326,14,326,0,3,0,3,0,0.6474562287330627,0.2951812148094177,0.5301278233528137,0.6000000238418579,0.4965439736843109,0,3,0,0.22966906428337097,3,0,0.21354149281978607,3,0,0.20800331234931946,1,0,0.18183213472366333,1,0,0.166952982544899
subject_14:sample_0000327,14,327,0,3,0,3,0,0.6470456123352051,0.2943790555000305,0.529841423034668,0.6000000238418579,0.4960605800151825,0,3,0,0.23271885514259338,3,0,0.21526513993740082,3,0,0.20329678058624268,1,0,0.1820269078016281,1,0,0.16669133305549622
subject_14:sample_0000328,14,328,0,3,0,1,0,0.6467192769050598,0.29373520612716675,0.5296491384506226,0.6000000238418579,0.49568167328834534,0,3,0,0.2363535612821579,3,0,0.21646089851856232,3,0,0.19901464879512787,1,0,0.18184390664100647,1,0,0.16632604598999023
subject_14:sample_0000329,14,329,0,3,0,1,0,0.6459340453147888,0.29216739535331726,0.5292922258377075,0.6000000238418579,0.4947851598262787,0,3,0,0.23841285705566406,3,0,0.21732918918132782,3,0,0.19580063223838806,1,0,0.18220411241054535,1,0,0.16625216603279114
subject_14:sample_0000330,14,330,0,3,0,1,0,0.645026683807373,0.29035335779190063,0.5288950204849243,0.6000000238418579,0.49374908208847046,0,3,0,0.23939405381679535,3,0,0.2180645614862442,3,0,0.19363930821418762,1,0,0.1828126311302185,1,0,0.16608856618404388
subject_14:sample_0000331,14,331,0,3,0,1,0,0.6435446739196777,0.2873920202255249,0.5282432436943054,0.6000000238418579,0.4920504689216614,0,3,0,0.23986530303955078,3,0,0.2188982516527176,3,0,0.19253823161125183,1,0,0.1831437349319458,1,0,0.1655535101890564
subject_14:sample_0000332,14,332,0,3,0,1,0,0.6414850354194641,0.28328004479408264,0.5273295640945435,0.6000000238418579,0.48967617750167847,0,3,0,0.24034233391284943,3,0,0.21969503164291382,3,0,0.19282810389995575,1,0,0.18243685364723206,1,0,0.16469670832157135
subject_14:sample_0000333,14,333,0,3,0,1,0,0.6416144967079163,0.2835405468940735,0.5273751616477966,0.6000000238418579,0.4898240268230438,0,3,0,0.23988288640975952,3,0,0.2201935201883316,3,0,0.19312997162342072,1,0,0.18234893679618835,1,0,0.16444368660449982
subject_14:sample_0000334,14,334,1,1,1,1,1,0.9975112676620483,0.9956363439559937,0.9864039421081543,1.0,0.9948745369911194,1,1,1,0.18426893651485443,1,1,0.21591989696025848,1,1,0.23790225386619568,1,1,0.18187767267227173,1,1,0.1800301969051361
subject_14:sample_0000335,14,335,1,1,1,1,1,0.9975053071975708,0.9956284761428833,0.9863739609718323,1.0,0.9948635697364807,1,1,1,0.18434138596057892,1,1,0.21569551527500153,1,1,0.23790650069713593,1,1,0.1819329410791397,1,1,0.18012262880802155
subject_14:sample_0000336,14,336,1,1,1,1,1,0.9975113272666931,0.9956330060958862,0.9864072203636169,1.0,0.9948745369911194,1,1,1,0.18423661589622498,1,1,0.2159038931131363,1,1,0.23776234686374664,1,1,0.18196913599967957,1,1,0.18012703955173492
subject_14:sample_0000337,14,337,1,1,1,1,1,0.9975191354751587,0.9956408143043518,0.9864489436149597,1.0,0.9948890209197998,1,1,1,0.18399307131767273,1,1,0.21645572781562805,1,1,0.23740139603614807,1,1,0.18203148245811462,1,1,0.1801173835992813
subject_14:sample_0000338,14,338,1,1,1,1,1,0.99752277135849,0.9956416487693787,0.9864709973335266,1.0,0.9948956966400146,1,1,1,0.18382872641086578,1,1,0.21680964529514313,1,1,0.2371015101671219,1,1,0.1821371465921402,1,1,0.18012194335460663
subject_14:sample_0000339,14,339,1,1,1,1,1,0.9975252747535706,0.9956491589546204,0.9864804148674011,1.0,0.9949005246162415,1,1,1,0.18369992077350616,1,1,0.21718911826610565,1,1,0.2367607206106186,1,1,0.1822262406349182,1,1,0.18012306094169617
subject_14:sample_0000340,14,340,1,1,1,1,1,0.9975261688232422,0.9956549406051636,0.9864808320999146,1.0,0.9949023127555847,1,1,1,0.183689147233963,1,1,0.2173716425895691,1,1,0.23650586605072021,1,1,0.1822807341814041,1,1,0.18015161156654358
subject_14:sample_0000341,14,341,1,1,1,1,1,0.9975210428237915,0.995656430721283,0.9864482283592224,1.0,0.9948932528495789,1,1,1,0.18386709690093994,1,1,0.21716445684432983,1,1,0.2363809496164322,1,1,0.18235422670841217,1,1,0.1802322268486023
subject_14:sample_0000342,14,342,1,1,1,1,1,0.9975138306617737,0.9956550002098083,0.9864044189453125,1.0,0.9948800206184387,1,1,1,0.18409819900989532,1,1,0.21672578155994415,1,1,0.23648567497730255,1,1,0.18236638605594635,1,1,0.18032297492027283
subject_14:sample_0000343,14,343,1,1,1,1,1,0.9975082874298096,0.9956526160240173,0.9863719940185547,1.0,0.9948698282241821,1,1,1,0.18432244658470154,1,1,0.2163069248199463,1,1,0.23658078908920288,1,1,0.18242934346199036,1,1,0.18035952746868134
subject_14:sample_0000344,14,344,1,1,1,1,1,0.9975069165229797,0.9956573843955994,0.9863596558570862,1.0,0.9948675036430359,1,1,1,0.18436546623706818,1,1,0.2162826955318451,1,1,0.23646757006645203,1,1,0.18250484764575958,1,1,0.18037846684455872
subject_14:sample_0000345,14,345,1,1,1,1,1,0.9975026249885559,0.9956586360931396,0.9863319396972656,1.0,0.9948598146438599,1,1,1,0.18448545038700104,1,1,0.21611560881137848,1,1,0.2363954484462738,1,1,0.18261012434959412,1,1,0.18039241433143616
subject_14:sample_0000346,14,346,1,1,1,1,1,0.9975029826164246,0.9956639409065247,0.9863300919532776,1.0,0.994860827922821,1,1,1,0.18451480567455292,1,1,0.21617740392684937,1,1,0.23631632328033447,1,1,0.1826069951057434,1,1,0.18038353323936462
subject_14:sample_0000347,14,347,1,1,1,1,1,0.9974992275238037,0.9956682920455933,0.9863035678863525,1.0,0.9948542714118958,1,1,1,0.18461185693740845,1,1,0.21615958213806152,1,1,0.23644094169139862,1,1,0.18255667388439178,1,1,0.18022996187210083
subject_14:sample_0000348,14,348,1,1,1,1,1,0.9975000619888306,0.995672345161438,0.9863064289093018,1.0,0.9948562383651733,1,1,1,0.1847541183233261,1,1,0.21601955592632294,1,1,0.23668454587459564,1,1,0.18243280053138733,1,1,0.1801079511642456
subject_14:sample_0000349,14,349,1,1,1,1,1,0.9975026845932007,0.995678186416626,0.9863172173500061,1.0,0.9948610067367554,1,1,1,0.1849798709154129,1,1,0.21576443314552307,1,1,0.2370106726884842,1,1,0.1822778582572937,1,1,0.17996612191200256
subject_14:sample_0000350,14,350,1,1,1,1,1,0.9975100755691528,0.9956822991371155,0.9863587021827698,1.0,0.9948743581771851,1,1,1,0.18524324893951416,1,1,0.21532021462917328,1,1,0.23765882849693298,1,1,0.18204863369464874,1,1,0.17972812056541443
subject_14:sample_0000351,14,351,1,1,1,1,1,0.9975177049636841,0.9956880211830139,0.9864006042480469,1.0,0.9948882460594177,1,1,1,0.18554715812206268,1,1,0.21491409838199615,1,1,0.2382499873638153,1,1,0.18185900151729584,1,1,0.17942878603935242
subject_14:sample_0000352,14,352,1,1,1,1,1,0.9975243210792542,0.9956960678100586,0.9864344000816345,1.0,0.9949004650115967,1,1,1,0.1857263147830963,1,1,0.21478797495365143,1,1,0.23870405554771423,1,1,0.18172584474086761,1,1,0.1790548712015152
subject_14:sample_0000353,14,353,1,1,1,1,1,0.997522234916687,0.9957039952278137,0.9864146709442139,1.0,0.9948968887329102,1,1,1,0.18597015738487244,1,1,0.21481792628765106,1,1,0.23897729814052582,1,1,0.18166153132915497,1,1,0.1785721778869629
subject_14:sample_0000354,14,354,1,1,1,1,1,0.9975215196609497,0.9957129955291748,0.9864040017127991,1.0,0.9948962926864624,1,1,1,0.18620386719703674,1,1,0.2148783653974533,1,1,0.23920249938964844,1,1,0.18158870935440063,1,1,0.1781255304813385
subject_14:sample_0000355,14,355,1,1,1,1,1,0.9975275993347168,0.9957166910171509,0.9864377379417419,1.0,0.9949072599411011,1,1,1,0.18653956055641174,1,1,0.21427413821220398,1,1,0.2399756759405136,1,1,0.18144816160202026,1,1,0.17776159942150116
subject_14:sample_0000356,14,356,1,1,1,1,1,0.9975346326828003,0.995720386505127,0.9864773750305176,1.0,0.9949198961257935,1,1,1,0.18686048686504364,1,1,0.21358273923397064,1,1,0.24073319137096405,1,1,0.1813681572675705,1,1,0.17745447158813477
subject_14:sample_0000357,14,357,1,1,1,1,1,0.9975451231002808,0.9957331418991089,0.9865322113037109,1.0,0.9949395060539246,1,1,1,0.18709412217140198,1,1,0.2132209688425064,1,1,0.2411676049232483,1,1,0.18136759102344513,1,1,0.177148699760437
subject_14:sample_0000358,14,358,1,1,1,1,1,0.9975473880767822,0.995753824710846,0.9865296483039856,1.0,0.99494469165802,1,1,1,0.18735185265541077,1,1,0.21320782601833344,1,1,0.24109119176864624,1,1,0.18155747652053833,1,1,0.1767907589673996
subject_14:sample_0000359,14,359,1,1,1,1,1,0.9975372552871704,0.9957777261734009,0.9864522218704224,1.0,0.9949285984039307,1,1,1,0.18750905990600586,1,1,0.21393342316150665,1,1,0.24048162996768951,1,1,0.18179459869861603,1,1,0.17628034949302673
subject_14:sample_0000360,14,360,1,1,1,1,1,0.9975264072418213,0.9957974553108215,0.9863748550415039,1.0,0.994911253452301,1,1,1,0.1876966953277588,1,1,0.21471647918224335,1,1,0.23992784321308136,1,1,0.18197552859783173,1,1,0.17568250000476837
subject_14:sample_0000361,14,361,1,1,1,1,1,0.9975055456161499,0.9958118796348572,0.9862459897994995,1.0,0.9948772192001343,1,1,1,0.18799643218517303,1,1,0.2155756652355194,1,1,0.23906400799751282,1,1,0.18227048218250275,1,1,0.1750924438238144
subject_14:sample_0000362,14,362,1,1,1,1,1,0.9974251985549927,0.9957852959632874,0.9858089089393616,1.0,0.9947402477264404,1,1,1,0.18813017010688782,1,1,0.21748793125152588,1,1,0.237390398979187,1,1,0.18268486857414246,1,1,0.17430567741394043
subject_14:sample_0000363,14,363,1,1,1,1,1,0.9972503781318665,0.995660662651062,0.9849231243133545,1.0,0.9944420456886292,1,1,1,0.18848702311515808,1,1,0.21898065507411957,1,1,0.23560957610607147,1,1,0.1833668053150177,1,1,0.17355495691299438
subject_14:sample_0000364,14,364,1,1,1,1,1,0.9970243573188782,0.9954635500907898,0.9838276505470276,1.0,0.9940598011016846,1,1,1,0.18911248445510864,1,1,0.21963869035243988,1,1,0.23419727385044098,1,1,0.18409518897533417,1,1,0.17295536398887634
subject_14:sample_0000365,14,365,1,1,1,1,1,0.9968026280403137,0.9951668381690979,0.9827851057052612,1.0,0.9936670660972595,1,1,1,0.1898745894432068,1,1,0.21952442824840546,1,1,0.23313605785369873,1,1,0.1848464459180832,1,1,0.17261753976345062
subject_14:sample_0000366,14,366,1,1,1,1,1,0.996588945388794,0.9947258830070496,0.9818048477172852,1.0,0.9932559728622437,1,1,1,0.19070284068584442,1,1,0.2191017121076584,1,1,0.23206868767738342,1,1,0.18568411469459534,1,1,0.17244172096252441
subject_14:sample_0000367,14,367,1,1,1,1,1,0.9964338541030884,0.9944123029708862,0.9811058044433594,1.0,0.992962121963501,1,1,1,0.19116482138633728,1,1,0.21907314658164978,1,1,0.2313755601644516,1,1,0.1861087828874588,1,1,0.17227670550346375
subject_14:sample_0000368,14,368,1,1,1,1,1,0.9961199760437012,0.9937764406204224,0.9797163605690002,1.0,0.9923734664916992,1,1,1,0.19203123450279236,1,1,0.21820886433124542,1,1,0.230381578207016,1,1,0.18708033859729767,1,1,0.17229704558849335
subject_14:sample_0000369,14,369,1,1,1,1,1,0.9955384731292725,0.9926048517227173,0.977220892906189,1.0,0.9913038611412048,1,1,1,0.19321101903915405,1,1,0.21663416922092438,1,1,0.22901120781898499,1,1,0.18845319747924805,1,1,0.1726894974708557
subject_14:sample_0000370,14,370,1,1,1,1,1,0.9949707984924316,0.9914649128913879,0.9748672246932983,1.0,0.9902806282043457,1,1,1,0.19398869574069977,1,1,0.21561495959758759,1,1,0.22790822386741638,1,1,0.18933643400669098,1,1,0.17315079271793365
subject_14:sample_0000371,14,371,1,1,1,1,1,0.9940258264541626,0.9895622134208679,0.9711020588874817,1.0,0.9886131882667542,1,1,1,0.1951734870672226,1,1,0.21412310004234314,1,1,0.22634202241897583,1,1,0.1905227154493332,1,1,0.1738377809524536
subject_14:sample_0000372,14,372,1,1,1,1,1,0.9932678937911987,0.988051176071167,0.9681795239448547,1.0,0.9873029589653015,1,1,1,0.19556298851966858,1,1,0.21338403224945068,1,1,0.22542832791805267,1,1,0.19115716218948364,1,1,0.17446652054786682
subject_14:sample_0000373,14,373,1,1,1,1,1,0.9927572011947632,0.9870402812957764,0.9662485718727112,1.0,0.9864309430122375,1,1,1,0.19557885825634003,1,1,0.2130788415670395,1,1,0.22492767870426178,1,1,0.19147886335849762,1,1,0.17493481934070587
subject_14:sample_0000374,14,374,1,1,1,1,1,0.9924517869949341,0.9864425659179688,0.9651016592979431,1.0,0.9859129190444946,1,1,1,0.1954970508813858,1,1,0.21288496255874634,1,1,0.2247074693441391,1,1,0.19165703654289246,1,1,0.1752525269985199
subject_14:sample_0000375,14,375,1,1,1,1,1,0.9921904802322388,0.985924482345581,0.9641356468200684,1.0,0.9854718446731567,1,1,1,0.19550564885139465,1,1,0.21278482675552368,1,1,0.22442035377025604,1,1,0.1918174773454666,1,1,0.17547079920768738
subject_14:sample_0000376,14,376,2,2,1,2,1,0.9955812692642212,0.9919309020042419,0.9780608415603638,1.0,0.9913591742515564,1,2,1,0.2566356062889099,2,1,0.21325862407684326,2,1,0.19023358821868896,2,1,0.13114763796329498,2,1,0.2087235450744629
subject_14:sample_0000377,14,377,2,2,1,2,1,0.9959568381309509,0.9926561713218689,0.9796218872070312,1.0,0.9920292496681213,1,2,1,0.25640854239463806,2,1,0.213186115026474,2,1,0.19062335789203644,2,1,0.13158956170082092,2,1,0.20819148421287537
subject_14:sample_0000378,14,378,2,2,1,2,1,0.9969295263290405,0.994525134563446,0.9838106632232666,1.0,0.9937976002693176,1,2,1,0.25542813539505005,2,1,0.2134234458208084,2,1,0.19139741361141205,2,1,0.13259749114513397,2,1,0.2071525752544403
subject_14:sample_0000379,14,379,2,2,1,2,1,0.9975149035453796,0.995643138885498,0.9864523410797119,1.0,0.9948893785476685,1,2,1,0.2530019283294678,2,1,0.21258579194545746,2,1,0.192722350358963,2,1,0.13484440743923187,2,1,0.20684456825256348
subject_14:sample_0000380,14,380,2,2,1,2,1,0.9977585077285767,0.9961073398590088,0.9875844717025757,1.0,0.9953514337539673,1,2,1,0.2507377564907074,2,1,0.2114073634147644,2,1,0.19362172484397888,2,1,0.13694138824939728,2,1,0.20729082822799683
subject_14:sample_0000381,14,381,2,2,1,2,1,0.9979599714279175,0.9964900016784668,0.9885380864143372,1.0,0.9957375526428223,1,2,1,0.2486177384853363,2,1,0.2098764181137085,2,1,0.1941644549369812,2,1,0.13937096297740936,2,1,0.20796947181224823
subject_14:sample_0000382,14,382,2,2,1,2,1,0.9977178573608398,0.9960386753082275,0.987387478351593,1.0,0.995274543762207,1,2,1,0.24600310623645782,2,1,0.2067754864692688,2,1,0.19442389905452728,2,1,0.1424424797296524,2,1,0.21035411953926086
subject_14:sample_0000383,14,383,2,2,1,2,1,0.9979620575904846,0.9965012669563293,0.9885421395301819,1.0,0.9957418441772461,1,2,1,0.24314716458320618,2,1,0.2039012461900711,2,1,0.19498762488365173,2,1,0.14575688540935516,2,1,0.212206169962883
subject_14:sample_0000384,14,384,2,2,1,2,1,0.9980136156082153,0.9966005086898804,0.9887889623641968,1.0,0.9958416819572449,1,2,1,0.2386220097541809,2,1,0.19983461499214172,2,1,0.19542300701141357,2,1,0.1500304490327835,2,1,0.21608895063400269
subject_14:sample_0000385,14,385,2,2,1,2,1,0.9978141188621521,0.9962263703346252,0.9878363609313965,1.0,0.9954585433006287,1,2,1,0.23663796484470367,2,1,0.19741708040237427,2,1,0.19538646936416626,2,1,0.15212447941303253,2,1,0.2184329777956009
subject_14:sample_0000386,14,386,2,2,1,2,1,0.9975591897964478,0.9957451224327087,0.9866429567337036,1.0,0.9949739575386047,1,2,1,0.23497310280799866,2,1,0.19525057077407837,2,1,0.19530904293060303,2,1,0.15407928824424744,2,1,0.2203870415687561
subject_14:sample_0000387,14,387,2,2,1,2,1,0.9970098733901978,0.9947056770324707,0.9841436147689819,1.0,0.9939467906951904,1,2,1,0.23307377099990845,2,1,0.19385689496994019,2,1,0.19513416290283203,2,1,0.15599164366722107,2,1,0.22194251418113708
subject_14:sample_0000388,14,388,1,0,0,0,0,0.4970289468765259,0.17927709221839905,0.25903457403182983,0.6000000238418579,0.343047171831131,0,0,0,0.16299068927764893,1,1,0.18366162478923798,3,0,0.2534036934375763,0,0,0.14223578572273254,0,0,0.2577073276042938
subject_14:sample_0000389,14,389,1,0,0,0,0,0.5362118482589722,0.25971508026123047,0.2739311456680298,0.6000000238418579,0.38896146416664124,0,0,0,0.15713350474834442,1,1,0.18578580021858215,3,0,0.2565577030181885,0,0,0.1388009637594223,0,0,0.26172110438346863
subject_14:sample_0000390,14,390,1,0,0,0,0,0.5639461278915405,0.3194345235824585,0.28782421350479126,0.6000000238418579,0.41997605562210083,0,0,0,0.14617374539375305,1,1,0.19011348485946655,3,0,0.26372119784355164,0,0,0.13120366632938385,0,0,0.2687869369983673
subject_14:sample_0000391,14,391,1,0,0,0,0,0.55866938829422,0.3159838914871216,0.2833515405654907,0.6000000238418579,0.41622117161750793,0,0,0,0.13278521597385406,1,1,0.19722887873649597,3,0,0.27499833703041077,0,0,0.12310581654310226,0,0,0.27188071608543396
subject_14:sample_0000392,14,392,1,0,0,0,0,0.5479366779327393,0.3018345236778259,0.27584415674209595,0.6000000238418579,0.40675100684165955,0,0,0,0.12301738560199738,1,1,0.20452658832073212,3,0,0.2862154543399811,0,0,0.1167701855301857,0,0,0.2694694399833679
subject_14:sample_0000393,14,393,1,0,0,0,0,0.5371453762054443,0.2899104356765747,0.26836860179901123,0.6000000238418579,0.3979327082633972,0,0,0,0.11226427555084229,1,1,0.21419648826122284,3,0,0.30077147483825684,0,0,0.10965794324874878,0,0,0.26310887932777405
subject_14:sample_0000394,14,394,1,0,0,0,0,0.5294704437255859,0.28524500131607056,0.2629396319389343,0.6000000238418579,0.3928861916065216,0,0,0,0.10184188187122345,1,1,0.2249027043581009,3,0,0.316608190536499,0,0,0.10253766179084778,0,0,0.25410857796669006
subject_14:sample_0000395,14,395,1,0,0,0,0,0.5386906862258911,0.30356043577194214,0.26798611879348755,0.6000000238418579,0.4026818573474884,0,0,0,0.0933879166841507,1,1,0.23464106023311615,3,0,0.330673485994339,0,0,0.09565092623233795,0,0,0.2456456571817398
subject_14:sample_0000396,14,396,1,0,0,0,0,0.5576881766319275,0.3165394365787506,0.28111517429351807,0.6000000238418579,0.4153973162174225,0,0,0,0.08776730298995972,1,1,0.2408675104379654,3,0,0.3406597077846527,0,0,0.09071525931358337,0,0,0.2399892657995224
subject_14:sample_0000397,14,397,1,0,0,0,0,0.578853189945221,0.33182448148727417,0.298808753490448,0.800000011920929,0.46290305256843567,0,0,0,0.08248937129974365,1,1,0.24700045585632324,0,0,0.3500877320766449,0,0,0.08576437830924988,0,0,0.23465710878372192
subject_14:sample_0000398,14,398,1,0,0,0,0,0.5962458848953247,0.34645190834999084,0.3152173161506653,0.800000011920929,0.4777405261993408,0,0,0,0.07990041375160217,1,1,0.2499665915966034,0,0,0.3546350598335266,0,0,0.08309295028448105,0,0,0.23240402340888977
subject_14:sample_0000399,14,399,1,0,0,0,0,0.6278690099716187,0.3756153881549835,0.3504919409751892,0.800000011920929,0.5071017742156982,0,0,0,0.07722669839859009,1,1,0.2527444362640381,0,0,0.360134094953537,0,0,0.08002761751413345,0,0,0.22986619174480438
subject_14:sample_0000400,14,400,1,0,0,0,0,0.6662842631340027,0.41096359491348267,0.40506309270858765,0.800000011920929,0.5457816123962402,0,0,0,0.07419011741876602,1,1,0.2562080919742584,0,0,0.36660072207450867,0,0,0.07657305151224136,0,0,0.2264270782470703
subject_14:sample_0000401,14,401,1,0,0,0,0,0.6989837288856506,0.43970611691474915,0.4674614667892456,0.800000011920929,0.5822591781616211,0,0,0,0.07153443247079849,1,1,0.26057183742523193,0,0,0.37091466784477234,0,0,0.07367609441280365,0,0,0.2233019769191742
subject_14:sample_0000402,14,402,1,0,0,0,0,0.7172102332115173,0.45461028814315796,0.514620304107666,0.800000011920929,0.6052929759025574,0,0,0,0.0700337290763855,1,1,0.264168918132782,0,0,0.372031033039093,0,0,0.07187606394290924,0,0,0.22188933193683624
subject_14:sample_0000403,14,403,1,0,0,0,0,0.7222660779953003,0.4553113877773285,0.5381556749343872,0.800000011920929,0.6134101152420044,0,0,0,0.06817048043012619,1,1,0.2686866819858551,0,0,0.37363624572753906,0,0,0.06963898241519928,0,0,0.21986663341522217
subject_14:sample_0000404,14,404,1,0,0,0,0,0.7210065126419067,0.44933071732521057,0.5460819005966187,0.800000011920929,0.61335688829422,0,0,0,0.06629403680562973,1,1,0.27350592613220215,0,0,0.3751697540283203,0,0,0.06748934090137482,0,0,0.21753999590873718
subject_14:sample_0000405,14,405,1,0,0,0,0,0.7171662449836731,0.4390091896057129,0.5511950254440308,0.800000011920929,0.610410749912262,0,0,0,0.06441698223352432,1,1,0.2800428569316864,0,0,0.3752269148826599,0,0,0.06523200869560242,0,0,0.21508026123046875
subject_14:sample_0000406,14,406,1,0,0,0,0,0.7129801511764526,0.4295606017112732,0.5519481897354126,0.800000011920929,0.6064186096191406,0,0,0,0.06339260190725327,1,1,0.2853233814239502,0,0,0.3734200894832611,0,0,0.06392122805118561,0,0,0.21394173800945282
subject_14:sample_0000407,14,407,1,0,0,0,0,0.707073450088501,0.4171260893344879,0.5503056049346924,0.800000011920929,0.6002835631370544,0,0,0,0.06233573332428932,1,1,0.2918948233127594,0,0,0.37023061513900757,0,0,0.06273973733186722,0,0,0.212798073887825
subject_14:sample_0000408,14,408,1,0,0,0,0,0.6997174024581909,0.4020484983921051,0.5470584630966187,0.800000011920929,0.5923538208007812,0,0,0,0.06072072684764862,1,1,0.29967406392097473,0,0,0.36779019236564636,0,0,0.06118956208229065,0,0,0.21062445640563965
subject_14:sample_0000409,14,409,1,0,0,0,0,0.694921612739563,0.39238762855529785,0.5444127917289734,0.800000011920929,0.587039589881897,0,0,0,0.05965718626976013,1,1,0.3045681118965149,0,0,0.36632415652275085,0,0,0.06019136309623718,0,0,0.2092583030462265
subject_14:sample_0000410,14,410,1,0,0,0,0,0.6932612657546997,0.38910922408103943,0.5432552695274353,0.800000011920929,0.5851477980613708,0,0,0,0.05938177928328514,1,1,0.3062395453453064,0,0,0.3652140498161316,0,0,0.06000787392258644,0,0,0.20915579795837402
subject_14:sample_0000411,14,411,1,0,0,0,0,0.6908013224601746,0.38416045904159546,0.5419180393218994,0.800000011920929,0.5824013352394104,0,0,0,0.058997899293899536,1,1,0.30875182151794434,0,0,0.3637044131755829,0,0,0.05960327759385109,0,0,0.20894157886505127
subject_14:sample_0000412,14,412,1,0,0,0,0,0.6875808835029602,0.37762320041656494,0.5404313802719116,0.800000011920929,0.5788329839706421,0,0,0,0.05833020061254501,1,1,0.3120340406894684,0,0,0.36268550157546997,0,0,0.05889838561415672,0,0,0.20805086195468903
subject_14:sample_0000413,14,413,1,0,0,0,0,0.6850446462631226,0.37251174449920654,0.5391406416893005,0.800000011920929,0.5759870409965515,0,0,0,0.05743727460503578,1,1,0.3146020770072937,0,0,0.36325204372406006,0,0,0.05807291343808174,0,0,0.2066347301006317
subject_14:sample_0000414,14,414,1,0,0,0,0,0.6831800937652588,0.36876651644706726,0.5381555557250977,0.800000011920929,0.5738800168037415,0,0,0,0.05684731528162956,1,1,0.3165091574192047,0,0,0.36323031783103943,0,0,0.05757065862417221,0,0,0.20584164559841156
subject_14:sample_0000415,14,415,1,2,0,2,0,0.603399932384491,0.35128363966941833,0.32543259859085083,0.6000000238418579,0.4510439932346344,0,2,0,0.1992853879928589,2,0,0.20206934213638306,2,0,0.20308810472488403,0,0,0.14344964921474457,3,0,0.25210660696029663
subject_14:sample_0000416,14,416,1,2,0,2,0,0.60344398021698,0.35044530034065247,0.32579272985458374,0.6000000238418579,0.45090749859809875,0,2,0,0.19914144277572632,2,0,0.20229744911193848,2,0,0.20320209860801697,0,0,0.1424071043729782,3,0,0.25295090675354004
subject_14:sample_0000417,14,417,1,2,0,2,0,0.6031674146652222,0.3502204120159149,0.3254912495613098,0.6000000238418579,0.4506791830062866,0,2,0,0.19865059852600098,2,0,0.20210504531860352,2,0,0.203572615981102,0,0,0.14277704060077667,3,0,0.25289371609687805
subject_14:sample_0000418,14,418,1,2,0,2,0,0.6028352975845337,0.35120999813079834,0.32464975118637085,0.6000000238418579,0.4506434202194214,0,2,0,0.19749632477760315,2,0,0.2022274285554886,2,0,0.20416146516799927,0,0,0.14454694092273712,3,0,0.25156688690185547
subject_14:sample_0000419,14,419,1,2,0,2,0,0.6038358211517334,0.35316428542137146,0.3251376748085022,0.6000000238418579,0.45162561535835266,0,2,0,0.19948463141918182,2,0,0.20137180387973785,2,0,0.20491863787174225,0,0,0.1439182609319687,3,0,0.250305712223053
subject_14:sample_0000420,14,420,1,2,0,2,0,0.6011614799499512,0.3508348762989044,0.32181644439697266,0.6000000238418579,0.44922441244125366,0,2,0,0.20275765657424927,2,0,0.1989639401435852,2,0,0.20645353198051453,0,0,0.14316682517528534,3,0,0.24865703284740448
subject_14:sample_0000421,14,421,1,2,0,2,0,0.5837712287902832,0.3318854570388794,0.30489128828048706,0.6000000238418579,0.433892160654068,0,2,0,0.20596115291118622,2,0,0.19711428880691528,2,0,0.20721693336963654,0,0,0.14378079771995544,3,0,0.2459259182214737
subject_14:sample_0000422,14,422,1,2,0,2,0,0.5401193499565125,0.28037160634994507,0.27044785022735596,0.6000000238418579,0.3959265947341919,0,2,0,0.20909950137138367,2,0,0.19610875844955444,2,0,0.20707282423973083,0,0,0.1437496393918991,3,0,0.24396829307079315
subject_14:sample_0000423,14,423,1,2,0,2,0,0.4422036409378052,0.16011250019073486,0.22030669450759888,0.4000000059604645,0.2810501754283905,0,2,0,0.21240046620368958,2,0,0.1953420788049698,0,0,0.20667122304439545,0,0,0.14266306161880493,3,0,0.24292224645614624
subject_14:sample_0000424,14,424,1,2,0,3,0,0.33668577671051025,0.0017752349376678467,0.20146441459655762,0.4000000059604645,0.08330762386322021,0,2,0,0.21400712430477142,2,0,0.19336415827274323,0,0,0.20788918435573578,0,0,0.144293874502182,3,0,0.24044476449489594
subject_14:sample_0000425,14,425,1,3,0,3,0,0.38334596157073975,0.03862902522087097,0.20946604013442993,0.4000000059604645,0.1876806914806366,0,2,0,0.21404197812080383,3,0,0.18811151385307312,0,0,0.2119278460741043,0,0,0.15115398168563843,3,0,0.23476369678974152
subject_14:sample_0000426,14,426,1,3,0,3,0,0.39850059151649475,0.03974241018295288,0.21831440925598145,0.4000000059604645,0.19284412264823914,0,2,0,0.21296900510787964,3,0,0.18215955793857574,0,0,0.21676479279994965,0,0,0.15949895977973938,3,0,0.2286066710948944
subject_14:sample_0000427,14,427,1,3,0,3,0,0.39838260412216187,0.05047699809074402,0.2158089280128479,0.4000000059604645,0.2041177749633789,0,2,0,0.21078218519687653,3,0,0.1757943332195282,0,0,0.2213754802942276,0,0,0.1702258139848709,3,0,0.22182120382785797
subject_14:sample_0000428,14,428,1,3,0,3,0,0.40275484323501587,0.06832557916641235,0.21449148654937744,0.4000000059604645,0.22043144702911377,0,2,0,0.2101321816444397,3,0,0.17153272032737732,0,0,0.22357045114040375,0,0,0.17595966160297394,3,0,0.21880407631397247
subject_14:sample_0000429,14,429,1,3,0,3,0,0.4273812770843506,0.1183260977268219,0.21853327751159668,0.4000000059604645,0.2578507661819458,0,2,0,0.20789644122123718,3,0,0.16751925647258759,2,0,0.22523856163024902,0,0,0.18498855829238892,3,0,0.2143561840057373
subject_14:sample_0000430,14,430,1,3,0,3,0,0.45814162492752075,0.1365010142326355,0.23438268899917603,0.4000000059604645,0.27671343088150024,0,2,0,0.20453102886676788,3,0,0.1664799302816391,2,0,0.22555062174797058,0,0,0.19384147226810455,3,0,0.20959600806236267
subject_14:sample_0000431,14,431,1,3,0,3,0,0.49554041028022766,0.21022957563400269,0.24700331687927246,0.6000000238418579,0.3524980843067169,0,2,0,0.20227877795696259,3,0,0.1673126369714737,3,0,0.22580379247665405,0,0,0.19743628799915314,3,0,0.20716755092144012
subject_14:sample_0000432,14,432,1,3,0,3,0,0.5261701941490173,0.2674538791179657,0.26177549362182617,0.6000000238418579,0.3855794370174408,0,2,0,0.20041094720363617,3,0,0.16811296343803406,3,0,0.2256510704755783,0,0,0.20109021663665771,3,0,0.20473389327526093
subject_14:sample_0000433,14,433,1,3,0,3,0,0.5517887473106384,0.3167143166065216,0.27660125494003296,0.6000000238418579,0.41267815232276917,0,2,0,0.19801665842533112,3,0,0.17061065137386322,3,0,0.2249022275209427,0,0,0.20370708405971527,3,0,0.2027624249458313
subject_14:sample_0000434,14,434,1,3,0,3,0,0.5730680227279663,0.3526202440261841,0.2909674048423767,0.6000000238418579,0.4333883821964264,0,2,0,0.19404253363609314,3,0,0.1756477653980255,3,0,0.22334612905979156,0,0,0.20702071487903595,3,0,0.19994190335273743
subject_14:sample_0000435,14,435,1,3,0,3,0,0.6821962594985962,0.45974570512771606,0.4054630994796753,0.800000011920929,0.5647640824317932,0,2,0,0.18927383422851562,3,0,0.18173588812351227,3,0,0.22154127061367035,3,0,0.21148382127285004,3,0,0.19596421718597412
subject_14:sample_0000436,14,436,1,3,0,3,0,0.7467232346534729,0.5035479068756104,0.5587986707687378,0.800000011920929,0.6403043866157532,0,2,0,0.18649645149707794,3,0,0.18581834435462952,3,0,0.2209388017654419,3,0,0.2131517082452774,3,0,0.19359374046325684
subject_14:sample_0000437,14,437,1,3,0,3,0,0.6837196350097656,0.3703724443912506,0.536394476890564,0.800000011920929,0.574146568775177,0,2,0,0.18328824639320374,3,0,0.1933000683784485,3,0,0.22013621032238007,3,0,0.2117854505777359,3,0,0.1914890706539154
subject_14:sample_0000438,14,438,1,3,0,3,0,0.5380665063858032,0.07803738117218018,0.49240928888320923,0.4000000059604645,0.30156517028808594,0,2,0,0.18066191673278809,2,0,0.2008064091205597,2,0,0.21932275593280792,3,0,0.20963670313358307,3,0,0.18957124650478363
subject_14:sample_0000439,14,439,1,2,0,3,0,0.5653327703475952,0.13198637962341309,0.49924057722091675,0.6000000238418579,0.3866550028324127,0,2,0,0.17790499329566956,2,0,0.20774930715560913,2,0,0.2181234210729599,3,0,0.20807819068431854,3,0,0.18814314901828766
subject_14:sample_0000440,14,440,1,2,0,2,0,0.5979593992233276,0.19681715965270996,0.509028434753418,0.6000000238418579,0.43541860580444336,0,2,0,0.1764436513185501,2,0,0.21187320351600647,2,0,0.21639832854270935,3,0,0.20762167870998383,3,0,0.18766209483146667
subject_14:sample_0000441,14,441,1,2,0,2,0,0.6033356189727783,0.20735543966293335,0.5116673111915588,0.6000000238418579,0.44269371032714844,0,2,0,0.1764266937971115,2,0,0.21353241801261902,2,0,0.21373672783374786,3,0,0.20772941410541534,3,0,0.18857379257678986
subject_14:sample_0000442,14,442,1,2,0,2,0,0.6021254658699036,0.20485401153564453,0.5117260217666626,0.6000000238418579,0.441143661737442,0,2,0,0.17639048397541046,2,0,0.21344327926635742,2,0,0.21066248416900635,3,0,0.20946374535560608,3,0,0.19003911316394806
subject_14:sample_0000443,14,443,1,2,0,2,0,0.5998958349227905,0.20037925243377686,0.5111647844314575,0.6000000238418579,0.43818777799606323,0,2,0,0.17613202333450317,2,0,0.21305519342422485,2,0,0.2068478912115097,3,0,0.21168719232082367,3,0,0.1922767609357834
subject_14:sample_0000444,14,444,1,2,0,2,0,0.5984954237937927,0.19760119915008545,0.5106741189956665,0.6000000238418579,0.4363011419773102,0,2,0,0.17507746815681458,2,0,0.21298205852508545,2,0,0.2028590887784958,3,0,0.21375490725040436,3,0,0.19532546401023865
subject_14:sample_0000445,14,445,1,2,0,2,0,0.6037596464157104,0.20821627974510193,0.511851966381073,0.6000000238418579,0.4432702958583832,0,2,0,0.17384710907936096,2,0,0.21343031525611877,2,0,0.19838421046733856,3,0,0.21542146801948547,3,0,0.1989159733057022
subject_14:sample_0000446,14,446,1,2,0,2,0,0.6442569494247437,0.2894013822078705,0.5258879065513611,0.6000000238418579,0.4924941062927246,0,2,0,0.17270074784755707,2,0,0.21334289014339447,2,0,0.193796768784523,3,0,0.21721194684505463,3,0,0.20294663310050964
subject_14:sample_0000447,14,447,1,2,0,2,0,0.7613715529441833,0.5235304832458496,0.5997623205184937,0.800000011920929,0.6613051891326904,0,2,0,0.17093387246131897,2,0,0.2135545164346695,2,0,0.18758980929851532,2,0,0.2191307693719864,3,0,0.20879007875919342
subject_14:sample_0000448,14,448,1,2,0,2,0,0.7838075757026672,0.5681604743003845,0.6206464171409607,0.800000011920929,0.6857307553291321,0,2,0,0.169941708445549,2,0,0.21446934342384338,2,0,0.18462121486663818,2,0,0.21748296916484833,3,0,0.21348373591899872
subject_14:sample_0000449,14,449,1,2,0,2,0,0.7829076647758484,0.5662966966629028,0.6200939416885376,0.800000011920929,0.6848185062408447,0,2,0,0.16881993412971497,2,0,0.2168840765953064,2,0,0.18333986401557922,2,0,0.21444828808307648,3,0,0.21650683879852295
subject_14:sample_0000450,14,450,1,2,0,2,0,0.7819663286209106,0.5644204616546631,0.6191967725753784,0.800000011920929,0.6837972402572632,0,2,0,0.1689990907907486,2,0,0.21979114413261414,2,0,0.18540158867835999,2,0,0.20815151929855347,3,0,0.2176557332277298
subject_14:sample_0000451,14,451,1,2,0,2,0,0.7812826633453369,0.5631114840507507,0.6183120608329773,0.800000011920929,0.683006763458252,0,2,0,0.17033444344997406,2,0,0.22385403513908386,2,0,0.18643958866596222,2,0,0.2010732740163803,3,0,0.21829766035079956
subject_14:sample_0000452,14,452,1,2,0,2,0,0.7799072861671448,0.5604082942008972,0.6168453097343445,0.800000011920929,0.6814805269241333,0,2,0,0.1730346530675888,2,0,0.226345032453537,2,0,0.1859189122915268,2,0,0.19507110118865967,3,0,0.2196294069290161
subject_14:sample_0000453,14,453,1,2,0,2,0,0.7775626182556152,0.5558197498321533,0.6142879724502563,0.800000011920929,0.6788641214370728,0,2,0,0.1766052097082138,2,0,0.22931939363479614,2,0,0.18360133469104767,2,0,0.18860594928264618,3,0,0.2218671292066574
subject_14:sample_0000454,14,454,1,2,0,2,0,0.7749010324478149,0.5506057143211365,0.6114441156387329,0.800000011920929,0.6759015321731567,0,2,0,0.18054312467575073,2,0,0.23164376616477966,2,0,0.18091453611850739,2,0,0.18248598277568817,3,0,0.22441157698631287
subject_14:sample_0000455,14,455,1,2,0,2,0,0.7706819772720337,0.5430148839950562,0.6044958829879761,0.800000011920929,0.6707220673561096,0,2,0,0.18416155874729156,2,0,0.2344735562801361,2,0,0.17808696627616882,2,0,0.17554858326911926,3,0,0.22772833704948425
subject_14:sample_0000456,14,456,1,2,0,2,0,0.7587735652923584,0.5268256068229675,0.5730503797531128,0.800000011920929,0.6542827486991882,0,2,0,0.18730181455612183,2,0,0.23597460985183716,2,0,0.175906702876091,2,0,0.1690574437379837,3,0,0.2317584902048111
subject_14:sample_0000457,14,457,1,2,0,2,0,0.5568601489067078,0.31975510716438293,0.28381890058517456,0.6000000238418579,0.4172910153865814,0,2,0,0.1903904229402542,1,1,0.23366577923297882,2,0,0.17521238327026367,2,0,0.16494879126548767,3,0,0.23578162491321564
subject_14:sample_0000458,14,458,1,2,0,2,0,0.5341939926147461,0.2937403619289398,0.2688831090927124,0.6000000238418579,0.3988818824291229,0,2,0,0.19341015815734863,1,1,0.22771938145160675,2,0,0.17574915289878845,2,0,0.16334833204746246,3,0,0.23977209627628326
subject_14:sample_0000459,14,459,1,2,0,2,0,0.5336916446685791,0.2901643216609955,0.2687361240386963,0.6000000238418579,0.3975144326686859,0,2,0,0.19548527896404266,1,1,0.22395704686641693,2,0,0.17580337822437286,2,0,0.16176533699035645,3,0,0.24298804998397827
subject_14:sample_0000460,14,460,1,2,0,2,0,0.5322152972221375,0.28620660305023193,0.2679765820503235,0.6000000238418579,0.3955977261066437,0,2,0,0.19619716703891754,1,1,0.22276709973812103,2,0,0.17537203431129456,2,0,0.16015943884849548,3,0,0.2455032616853714
subject_14:sample_0000461,14,461,1,2,0,2,0,0.5336399674415588,0.28513598442077637,0.269095778465271,0.6000000238418579,0.3959037661552429,0,2,0,0.1978706419467926,1,1,0.21850644052028656,2,0,0.1759883314371109,2,0,0.15956252813339233,3,0,0.2480711042881012
subject_14:sample_0000462,14,462,1,2,0,2,0,0.5349427461624146,0.2850683629512787,0.2700815796852112,0.6000000238418579,0.3964839577674866,0,2,0,0.1987805962562561,1,1,0.215705007314682,2,0,0.1765739768743515,2,0,0.15946504473686218,3,0,0.24947437644004822
subject_14:sample_0000463,14,463,1,2,0,2,0,0.5364134311676025,0.28652989864349365,0.2710534930229187,0.6000000238418579,0.39762064814567566,0,2,0,0.198174387216568,1,1,0.21418914198875427,2,0,0.17721447348594666,2,0,0.16092632710933685,3,0,0.24949471652507782
subject_14:sample_0000464,14,464,1,2,0,2,0,0.5347317457199097,0.2852763831615448,0.2699006199836731,0.6000000238418579,0.3964507579803467,0,2,0,0.19637995958328247,1,1,0.2164248377084732,2,0,0.17682640254497528,2,0,0.1613309532403946,3,0,0.24903687834739685
subject_14:sample_0000465,14,465,1,2,0,2,0,0.533203125,0.2847660183906555,0.26881009340286255,0.6000000238418579,0.3955892324447632,0,2,0,0.1947261393070221,1,1,0.21918711066246033,2,0,0.1763986051082611,2,0,0.16171222925186157,3,0,0.2479749321937561
subject_14:sample_0000466,14,466,1,2,0,2,0,0.5338229537010193,0.28671979904174805,0.2690897583961487,0.6000000238418579,0.3964841961860657,0,2,0,0.19358094036579132,1,1,0.22001102566719055,2,0,0.17670638859272003,2,0,0.16307660937309265,3,0,0.24662412703037262
subject_14:sample_0000467,14,467,1,2,0,2,0,0.5355773568153381,0.290035605430603,0.2700870633125305,0.6000000238418579,0.3983200490474701,0,2,0,0.19305457174777985,1,1,0.2197645902633667,2,0,0.17725706100463867,2,0,0.1648537665605545,3,0,0.24506907165050507
subject_14:sample_0000468,14,468,1,2,0,2,0,0.5378211736679077,0.2929837703704834,0.2714838981628418,0.6000000238418579,0.40026184916496277,0,2,0,0.1930665820837021,1,1,0.21807487308979034,2,0,0.17805811762809753,2,0,0.1664067804813385,3,0,0.2443927377462387
subject_14:sample_0000469,14,469,1,1,1,1,1,0.9963719844818115,0.9931560754776001,0.9817299246788025,1.0,0.9927908182144165,1,1,1,0.18805630505084991,1,1,0.20191678404808044,1,1,0.22567693889141083,1,1,0.21474578976631165,1,1,0.16960319876670837
subject_14:sample_0000470,14,470,1,1,1,1,1,0.9963774681091309,0.9931667447090149,0.9817534685134888,1.0,0.9928008317947388,1,1,1,0.18785448372364044,1,1,0.20188726484775543,1,1,0.22583991289138794,1,1,0.21489226818084717,1,1,0.1695251166820526
subject_14:sample_0000471,14,471,1,1,1,1,1,0.9963977336883545,0.9932076930999756,0.9818365573883057,1.0,0.9928371906280518,1,1,1,0.1875169575214386,1,1,0.20185847580432892,1,1,0.2261899709701538,1,1,0.2150263637304306,1,1,0.16940723359584808
subject_14:sample_0000472,14,472,1,1,1,1,1,0.9964321851730347,0.9932788610458374,0.9819768667221069,1.0,0.9928988814353943,1,1,1,0.18702265620231628,1,1,0.20159435272216797,1,1,0.2268863469362259,1,1,0.2149786651134491,1,1,0.16951698064804077
subject_14:sample_0000473,14,473,1,1,1,1,1,0.9964760541915894,0.9933694005012512,0.9821542501449585,1.0,0.9929773807525635,1,1,1,0.18622712790966034,1,1,0.20115406811237335,1,1,0.2277778685092926,1,1,0.214894637465477,1,1,0.1699453592300415
subject_14:sample_0000474,14,474,1,1,1,1,1,0.996518611907959,0.9934592843055725,0.9823252558708191,1.0,0.9930536150932312,1,1,1,0.1851685792207718,1,1,0.20074580609798431,1,1,0.228846475481987,1,1,0.21458770334720612,1,1,0.170650452375412
subject_14:sample_0000475,14,475,1,1,1,1,1,0.9965603947639465,0.9935474395751953,0.98249351978302,1.0,0.9931285381317139,1,1,1,0.1839253306388855,1,1,0.20053298771381378,1,1,0.22974815964698792,1,1,0.21398639678955078,1,1,0.17180615663528442
subject_14:sample_0000476,14,476,1,1,1,1,1,0.9966061115264893,0.9936463236808777,0.9826747179031372,1.0,0.9932105541229248,1,1,1,0.18221938610076904,1,1,0.20052149891853333,1,1,0.23090989887714386,1,1,0.21318784356117249,1,1,0.17316047847270966
subject_14:sample_0000477,14,477,1,1,1,1,1,0.9966408014297485,0.9937252998352051,0.9828082323074341,1.0,0.993272602558136,1,1,1,0.18013311922550201,1,1,0.20042526721954346,1,1,0.2322968989610672,1,1,0.21266719698905945,1,1,0.1744764894247055
subject_14:sample_0000478,14,478,1,1,1,1,1,0.9966692924499512,0.9937907457351685,0.9829156994819641,1.0,0.9933232665061951,1,1,1,0.17842228710651398,1,1,0.20037193596363068,1,1,0.2329832762479782,1,1,0.21237081289291382,1,1,0.1758507788181305
subject_14:sample_0000479,14,479,1,1,1,1,1,0.9966938495635986,0.993848443031311,0.9830089211463928,1.0,0.9933673143386841,1,1,1,0.17723605036735535,1,1,0.20033708214759827,1,1,0.23312491178512573,1,1,0.21208415925502777,1,1,0.1772168129682541
subject_14:sample_0000480,14,480,1,1,1,1,1,0.9967066049575806,0.9938828945159912,0.9830508828163147,1.0,0.9933896660804749,1,1,1,0.17593558132648468,1,1,0.20015022158622742,1,1,0.2333005666732788,1,1,0.21229587495326996,1,1,0.17831678688526154
subject_14:sample_0000481,14,481,1,1,1,1,1,0.9967230558395386,0.9939228892326355,0.9831116795539856,1.0,0.9934191107749939,1,1,1,0.17546266317367554,1,1,0.19997000694274902,1,1,0.23276562988758087,1,1,0.21234914660453796,1,1,0.17945151031017303
subject_14:sample_0000482,14,482,1,1,1,1,1,0.996735155582428,0.9939534068107605,0.9831544756889343,1.0,0.993440568447113,1,1,1,0.17484530806541443,1,1,0.1997910439968109,1,1,0.2322154939174652,1,1,0.21282926201820374,1,1,0.1803179532289505
subject_14:sample_0000483,14,483,1,1,1,1,1,0.9967446327209473,0.9939777255058289,0.983188807964325,1.0,0.9934577345848083,1,1,1,0.17441943287849426,1,1,0.19977784156799316,1,1,0.23157142102718353,1,1,0.2131350189447403,1,1,0.18109530210494995
subject_14:sample_0000484,14,484,1,1,1,1,1,0.9967525005340576,0.9939988255500793,0.9832155704498291,1.0,0.9934716820716858,1,1,1,0.17404595017433167,1,1,0.1995779126882553,1,1,0.23094043135643005,1,1,0.21354593336582184,1,1,0.18188878893852234
subject_14:sample_0000485,14,485,1,1,1,1,1,0.9967547655105591,0.9940069317817688,0.983220636844635,1.0,0.9934755563735962,1,1,1,0.17398037016391754,1,1,0.19933736324310303,1,1,0.23031795024871826,1,1,0.2138180285692215,1,1,0.18254533410072327
subject_14:sample_0000486,14,486,1,1,1,1,1,0.9967541694641113,0.9940090775489807,0.9832144975662231,1.0,0.9934743642807007,1,1,1,0.17395904660224915,1,1,0.19926659762859344,1,1,0.2300870418548584,1,1,0.21341140568256378,1,1,0.18327493965625763
subject_14:sample_0000487,14,487,1,1,1,1,1,0.996751606464386,0.9940061569213867,0.9832001328468323,1.0,0.9934693574905396,1,1,1,0.17388953268527985,1,1,0.19911174476146698,1,1,0.22998851537704468,1,1,0.21317431330680847,1,1,0.18383502960205078
subject_14:sample_0000488,14,488,1,1,1,1,1,0.996753454208374,0.9940104484558105,0.9832074642181396,1.0,0.993472695350647,1,1,1,0.17387013137340546,1,1,0.19899488985538483,1,1,0.2300339639186859,1,1,0.2129022479057312,1,1,0.18419784307479858
subject_14:sample_0000489,14,489,1,1,1,1,1,0.9967516660690308,0.9940072298049927,0.9831995964050293,1.0,0.9934695363044739,1,1,1,0.17379029095172882,1,1,0.19891634583473206,1,1,0.23019404709339142,1,1,0.2126283347606659,1,1,0.1844700127840042
subject_14:sample_0000490,14,490,1,1,1,1,1,0.996746301651001,0.9939975142478943,0.9831751585006714,1.0,0.9934596419334412,1,1,1,0.1737019121646881,1,1,0.19882532954216003,1,1,0.2303798645734787,1,1,0.2122521698474884,1,1,0.18483971059322357
subject_14:sample_0000491,14,491,1,1,1,1,1,0.9967442750930786,0.9939939975738525,0.9831659197807312,1.0,0.9934559464454651,1,1,1,0.1738346964120865,1,1,0.19887666404247284,1,1,0.23064027726650238,1,1,0.21147730946540833,1,1,0.18517011404037476
subject_14:sample_0000492,14,492,1,1,1,1,1,0.9967378377914429,0.9939821362495422,0.9831375479698181,1.0,0.9934441447257996,1,1,1,0.17376954853534698,1,1,0.19875545799732208,1,1,0.23070849478244781,1,1,0.2113458812236786,1,1,0.18541967868804932
subject_14:sample_0000493,14,493,1,1,1,1,1,0.9967312812805176,0.9939690828323364,0.9831097722053528,1.0,0.9934322237968445,1,1,1,0.17389759421348572,1,1,0.19858376681804657,1,1,0.23065085709095,1,1,0.21144430339336395,1,1,0.18542245030403137
subject_14:sample_0000494,14,494,1,1,1,1,1,0.9967211484909058,0.9939497709274292,0.9830653071403503,1.0,0.9934136867523193,1,1,1,0.17385582625865936,1,1,0.19832666218280792,1,1,0.23061423003673553,1,1,0.2116350680589676,1,1,0.1855672150850296
subject_14:sample_0000495,14,495,1,1,1,1,1,0.9967068433761597,0.9939224720001221,0.9830029010772705,1.0,0.9933874607086182,1,1,1,0.1737610548734665,1,1,0.1979576200246811,1,1,0.23055046796798706,1,1,0.21201667189598083,1,1,0.18571321666240692
subject_14:sample_0000496,14,496,1,1,1,1,1,0.9966919422149658,0.9938937425613403,0.9829386472702026,1.0,0.9933604001998901,1,1,1,0.1732744723558426,1,1,0.1975938081741333,1,1,0.23073406517505646,1,1,0.21240200102329254,1,1,0.18599463999271393
subject_14:sample_0000497,14,497,1,1,1,1,1,0.9966732263565063,0.993857204914093,0.9828575849533081,1.0,0.9933261871337891,1,1,1,0.17270132899284363,1,1,0.1971626877784729,1,1,0.23097366094589233,1,1,0.21282723546028137,1,1,0.18633419275283813
subject_14:sample_0000498,14,498,1,1,1,1,1,0.9966542720794678,0.9938201308250427,0.9827771186828613,1.0,0.9932917356491089,1,1,1,0.17210879921913147,1,1,0.19668897986412048,1,1,0.23111894726753235,1,1,0.21351006627082825,1,1,0.18657219409942627
subject_14:sample_0000499,14,499,1,1,1,1,1,0.9966346025466919,0.9937812685966492,0.9826928377151489,1.0,0.9932559132575989,1,1,1,0.17176978290081024,1,1,0.1961657851934433,1,1,0.2312602698802948,1,1,0.2139478176832199,1,1,0.18685542047023773
subject_14:sample_0000500,14,500,1,1,1,1,1,0.9966139793395996,0.9937406778335571,0.9826056957244873,1.0,0.9932185411453247,1,1,1,0.1712062656879425,1,1,0.19573752582073212,1,1,0.2316303551197052,1,1,0.21412885189056396,1,1,0.1872960329055786
subject_14:sample_0000501,14,501,1,1,1,1,1,0.9965909123420715,0.9936954379081726,0.982507050037384,1.0,0.9931766390800476,1,1,1,0.1709216982126236,1,1,0.1952604204416275,1,1,0.2317749410867691,1,1,0.21439658105373383,1,1,0.18764540553092957
subject_14:sample_0000502,14,502,1,1,1,1,1,0.9965647459030151,0.9936441779136658,0.9823951125144958,1.0,0.9931289553642273,1,1,1,0.17044325172901154,1,1,0.19488109648227692,1,1,0.23197157680988312,1,1,0.21467922627925873,1,1,0.18802385032176971
subject_14:sample_0000503,14,503,1,1,1,1,1,0.9965484142303467,0.9936118721961975,0.9823266863822937,1.0,0.9930995106697083,1,1,1,0.17031359672546387,1,1,0.19450631737709045,1,1,0.23221871256828308,1,1,0.21476152539253235,1,1,0.18819881975650787
subject_14:sample_0000504,14,504,1,1,1,1,1,0.9965311288833618,0.9935775399208069,0.9822536706924438,1.0,0.9930682182312012,1,1,1,0.1700778603553772,1,1,0.1940852850675583,1,1,0.23256605863571167,1,1,0.21482427418231964,1,1,0.18844552338123322
subject_14:sample_0000505,14,505,1,1,1,1,1,0.9965094327926636,0.9935353398323059,0.9821603894233704,1.0,0.9930286407470703,1,1,1,0.16997839510440826,1,1,0.19362561404705048,1,1,0.23267099261283875,1,1,0.21502196788787842,1,1,0.1887020766735077
subject_14:sample_0000506,14,506,1,1,1,1,1,0.9964926838874817,0.9935030937194824,0.9820889234542847,1.0,0.9929983615875244,1,1,1,0.16976650059223175,1,1,0.19340257346630096,1,1,0.23274585604667664,1,1,0.21521347761154175,1,1,0.1888706088066101
subject_14:sample_0000507,14,507,1,1,1,1,1,0.9964721202850342,0.9934628009796143,0.982001781463623,1.0,0.9929611682891846,1,1,1,0.16940651834011078,1,1,0.19314013421535492,1,1,0.23306700587272644,1,1,0.2150147557258606,1,1,0.18937069177627563
subject_14:sample_0000508,14,508,1,1,1,1,1,0.9964545965194702,0.9934285879135132,0.9819271564483643,1.0,0.9929293990135193,1,1,1,0.1692751944065094,1,1,0.19285178184509277,1,1,0.23316584527492523,1,1,0.21499909460544586,1,1,0.18970711529254913
subject_14:sample_0000509,14,509,1,1,1,1,1,0.9964451789855957,0.9934109449386597,0.9818870425224304,1.0,0.9929124712944031,1,1,1,0.1692909300327301,1,1,0.19300177693367004,1,1,0.23296840488910675,1,1,0.21493908762931824,1,1,0.1897987574338913
subject_14:sample_0000510,14,510,1,1,1,1,1,0.9964390397071838,0.9933995604515076,0.9818602204322815,1.0,0.9929013252258301,1,1,1,0.16953440010547638,1,1,0.1932653784751892,1,1,0.23265093564987183,1,1,0.21478354930877686,1,1,0.18976473808288574
subject_14:sample_0000511,14,511,2,3,0,3,0,0.7617388367652893,0.5259956121444702,0.5936164855957031,0.800000011920929,0.6604592800140381,0,2,1,0.23397821187973022,3,0,0.24807633459568024,3,0,0.2418764978647232,3,0,0.10444711148738861,3,0,0.1716209203004837
subject_14:sample_0000512,14,512,2,1,0,1,0,0.9976822137832642,0.996390163898468,0.9869858622550964,1.0,0.9952521920204163,1,1,0,0.2172326147556305,1,0,0.18260005116462708,1,0,0.1805453896522522,1,0,0.20901408791542053,1,0,0.2106069177389145
subject_14:sample_0000513,14,513,2,1,0,1,0,0.9976738691329956,0.9963839650154114,0.9869445562362671,1.0,0.995238184928894,1,1,0,0.218355193734169,1,0,0.18246111273765564,1,0,0.18038903176784515,1,0,0.2086828649044037,1,0,0.21011078357696533
subject_14:sample_0000514,14,514,2,1,0,1,0,0.9976860284805298,0.9963912963867188,0.9870063662528992,1.0,0.9952585697174072,1,1,0,0.21848005056381226,1,0,0.182837575674057,1,0,0.1807098388671875,1,0,0.2091151475906372,1,0,0.20885641872882843
subject_14:sample_0000515,14,515,2,1,0,1,0,0.9976892471313477,0.9963945746421814,0.9870226383209229,1.0,0.9952643513679504,1,1,0,0.21857447922229767,1,0,0.18292535841464996,1,0,0.18070752918720245,1,0,0.20923691987991333,1,0,0.20855474472045898
subject_14:sample_0000516,14,516,2,1,0,1,0,0.9977085590362549,0.9964092373847961,0.9871199131011963,1.0,0.995297372341156,1,1,0,0.2181054651737213,1,0,0.18346619606018066,1,0,0.18105845153331757,1,0,0.20993651449680328,1,0,0.20743249356746674
subject_14:sample_0000517,14,517,2,1,0,1,0,0.9977210760116577,0.9964196681976318,0.9871833324432373,1.0,0.9953190684318542,1,1,0,0.2174944430589676,1,0,0.18376360833644867,1,0,0.18126726150512695,1,0,0.21031685173511505,1,0,0.20715688169002533
subject_14:sample_0000518,14,518,2,1,0,1,0,0.9977272748947144,0.9964265823364258,0.9872144460678101,1.0,0.9953301548957825,1,1,0,0.2172282636165619,1,0,0.18385542929172516,1,0,0.18128648400306702,1,0,0.2102954238653183,1,0,0.20733337104320526
subject_14:sample_0000519,14,519,2,1,0,1,0,0.9977296590805054,0.9964321851730347,0.987224817276001,1.0,0.9953347444534302,1,1,0,0.2167109251022339,1,0,0.1837853491306305,1,0,0.1812039315700531,1,0,0.20993424952030182,1,0,0.2083645910024643
subject_14:sample_0000520,14,520,2,1,0,1,0,0.9977339506149292,0.9964391589164734,0.9872447848320007,1.0,0.9953425526618958,1,1,0,0.2160271406173706,1,0,0.1839006245136261,1,0,0.18117065727710724,1,0,0.20957066118717194,1,0,0.20932991802692413
subject_14:sample_0000521,14,521,2,1,0,1,0,0.9977425336837769,0.9964461326599121,0.987287163734436,1.0,0.995357096195221,1,1,0,0.2148667871952057,1,0,0.1842755377292633,1,0,0.1813131421804428,1,0,0.20963013172149658,1,0,0.2099134624004364
subject_14:sample_0000522,14,522,2,1,0,1,0,0.9977501630783081,0.996448814868927,0.987326979637146,1.0,0.9953697919845581,1,1,0,0.21419869363307953,1,0,0.1846989095211029,1,0,0.1815798431634903,1,0,0.21004906296730042,1,0,0.20947258174419403
subject_14:sample_0000523,14,523,2,1,0,1,0,0.9977520108222961,0.9964478015899658,0.9873377680778503,1.0,0.9953726530075073,1,1,0,0.2139638066291809,1,0,0.1849658191204071,1,0,0.18168336153030396,1,0,0.2102910578250885,1,0,0.20909498631954193
subject_14:sample_0000524,14,524,2,1,0,1,0,0.9977433681488037,0.9964479207992554,0.9872910976409912,1.0,0.9953588247299194,1,1,0,0.2144772708415985,1,0,0.184482604265213,1,0,0.18121059238910675,1,0,0.20952078700065613,1,0,0.21030782163143158
subject_14:sample_0000525,14,525,2,1,0,1,0,0.9977381825447083,0.9964433908462524,0.9872655868530273,1.0,0.9953499436378479,1,1,0,0.2151668220758438,1,0,0.18434645235538483,1,0,0.18108859658241272,1,0,0.2094821333885193,1,0,0.20991502702236176
subject_14:sample_0000526,14,526,2,1,0,1,0,0.9977267980575562,0.9964339733123779,0.987208366394043,1.0,0.9953303933143616,1,1,0,0.21666720509529114,1,0,0.18404167890548706,1,0,0.18079224228858948,1,0,0.20938421785831451,1,0,0.2091137021780014
subject_14:sample_0000527,14,527,2,1,0,1,0,0.9977235794067383,0.996429979801178,0.987192690372467,1.0,0.9953246116638184,1,1,0,0.21741920709609985,1,0,0.18396061658859253,1,0,0.18089309334754944,1,0,0.2093031257390976,1,0,0.20842300355434418
subject_14:sample_0000528,14,528,2,1,0,1,0,0.9977197647094727,0.9964247941970825,0.987174928188324,1.0,0.9953178763389587,1,1,0,0.2182997465133667,1,0,0.18385370075702667,1,0,0.1810077726840973,1,0,0.20934778451919556,1,0,0.20749005675315857
subject_14:sample_0000529,14,529,2,1,0,1,0,0.9977083802223206,0.996420681476593,0.9871172904968262,1.0,0.9952995181083679,1,1,0,0.21953710913658142,1,0,0.1832933872938156,1,0,0.1807023584842682,1,0,0.20874528586864471,1,0,0.20772089064121246
subject_14:sample_0000530,14,530,2,1,0,1,0,0.9976977705955505,0.9964135885238647,0.9870637655258179,1.0,0.9952815175056458,1,1,0,0.2208610624074936,1,0,0.1830255091190338,1,0,0.18055643141269684,1,0,0.20833410322666168,1,0,0.20722195506095886
subject_14:sample_0000531,14,531,2,1,0,1,0,0.9977126121520996,0.9964269399642944,0.9871384501457214,1.0,0.995307445526123,1,1,0,0.22028613090515137,1,0,0.18334969878196716,1,0,0.18099096417427063,1,0,0.2086501568555832,1,0,0.20672206580638885
subject_14:sample_0000532,14,532,2,1,0,1,0,0.9977203607559204,0.9964383244514465,0.987176775932312,1.0,0.9953218698501587,1,1,0,0.22012634575366974,1,0,0.18345731496810913,1,0,0.18105144798755646,1,0,0.20860999822616577,1,0,0.2067539393901825
subject_14:sample_0000533,14,533,2,1,0,1,0,0.9977166056632996,0.9964489936828613,0.9871538877487183,1.0,0.9953178763389587,1,1,0,0.21990364789962769,1,0,0.18322128057479858,1,0,0.1806349754333496,1,0,0.20793648064136505,1,0,0.20830269157886505
subject_14:sample_0000534,14,534,2,1,0,1,0,0.9977102279663086,0.9964522123336792,0.9871195554733276,1.0,0.9953084588050842,1,1,0,0.21991518139839172,1,0,0.1832871437072754,1,0,0.1799708604812622,1,0,0.20803412795066833,1,0,0.2087917923927307
subject_14:sample_0000535,14,535,2,1,0,1,0,0.9976984262466431,0.9964451193809509,0.9870611429214478,1.0,0.9952889680862427,1,1,0,0.22112421691417694,1,0,0.183636873960495,1,0,0.17892980575561523,1,0,0.20885170996189117,1,0,0.20745646953582764
subject_14:sample_0000536,14,536,2,1,0,1,0,0.9976658821105957,0.9964207410812378,0.9868996739387512,1.0,0.9952340126037598,1,1,0,0.22393760085105896,1,0,0.1838712841272354,1,0,0.17735430598258972,1,0,0.2099161446094513,1,0,0.20491977035999298
subject_14:sample_0000537,14,537,2,1,0,1,0,0.9975540041923523,0.9963377714157104,0.9863525032997131,1.0,0.995047390460968,1,1,0,0.228361576795578,1,0,0.18327775597572327,1,0,0.17551866173744202,1,0,0.21064825356006622,1,0,0.2021927684545517
subject_14:sample_0000538,14,538,2,1,0,1,0,0.9972166419029236,0.9956105351448059,0.9847578406333923,1.0,0.9943794012069702,1,1,0,0.23294468224048615,1,0,0.18163472414016724,1,0,0.17481526732444763,1,0,0.21037879586219788,1,0,0.2002255767583847
subject_14:sample_0000539,14,539,2,1,0,1,0,0.9962476491928101,0.9935997128486633,0.9804801940917969,1.0,0.9925546050071716,1,1,0,0.2347399741411209,1,0,0.18005424737930298,1,0,0.1772981733083725,1,0,0.20984023809432983,1,0,0.19806639850139618
subject_14:sample_0000540,14,540,2,1,0,1,0,0.9942264556884766,0.9894882440567017,0.9723573327064514,1.0,0.9889639616012573,1,1,0,0.2335978001356125,1,0,0.1781352162361145,1,0,0.1838221251964569,1,0,0.20843319594860077,1,0,0.19601070880889893
subject_14:sample_0000541,14,541,2,1,0,1,0,0.9893920421600342,0.9797580242156982,0.9551871418952942,1.0,0.9809433817863464,1,1,0,0.23174239695072174,1,0,0.1731022745370865,1,0,0.19486749172210693,1,0,0.20583556592464447,1,0,0.19445131719112396
subject_14:sample_0000542,14,542,2,1,0,1,0,0.9790587425231934,0.9590524435043335,0.9238304495811462,1.0,0.9650744795799255,1,1,0,0.23085783421993256,1,0,0.16569316387176514,1,0,0.20649756491184235,1,0,0.20376059412956238,1,0,0.1931898295879364
subject_14:sample_0000543,14,543,2,1,0,1,0,0.9849182367324829,0.970761239528656,0.9410034418106079,1.0,0.9739260673522949,1,1,0,0.23182877898216248,1,0,0.16040106117725372,1,0,0.21629619598388672,1,0,0.20236915349960327,1,0,0.1891038864850998
subject_14:sample_0000544,14,544,2,1,0,1,0,0.9871573448181152,0.9752187132835388,0.9480352401733398,1.0,0.9774132370948792,1,1,0,0.23267491161823273,1,0,0.15391381084918976,1,0,0.22738628089427948,1,0,0.20066900551319122,1,0,0.1853550225496292
subject_14:sample_0000545,14,545,2,1,0,1,0,0.9905209541320801,0.9819419980049133,0.9591410160064697,1.0,0.9827837944030762,1,1,0,0.23400786519050598,1,0,0.15147599577903748,1,0,0.23440499603748322,1,0,0.19999870657920837,1,0,0.1801115870475769
subject_14:sample_0000546,14,546,2,1,0,1,0,0.9937586784362793,0.9884405732154846,0.9707189202308655,1.0,0.9881690740585327,1,1,0,0.2343882918357849,1,0,0.15478192269802094,1,0,0.23580697178840637,1,0,0.20098447799682617,1,0,0.1740373820066452
subject_14:sample_0000547,14,547,2,1,0,1,0,0.9946998953819275,0.9903379678726196,0.9743185639381409,1.0,0.9897924065589905,1,1,0,0.2337101548910141,1,0,0.16007927060127258,1,0,0.23587943613529205,1,0,0.20115838944911957,1,0,0.16917186975479126
subject_14:sample_0000548,14,548,2,1,0,1,0,0.9957723617553711,0.9925200343132019,0.9785892963409424,1.0,0.9916877150535583,1,1,0,0.23106035590171814,1,0,0.1714460402727127,1,0,0.23231901228427887,1,0,0.20107081532478333,1,0,0.16410280764102936
subject_14:sample_0000549,14,549,2,1,0,1,0,0.99653160572052,0.9941118955612183,0.9817434549331665,1.0,0.9930728673934937,1,1,0,0.22913075983524323,1,0,0.1796635091304779,1,0,0.22784268856048584,1,0,0.20094358921051025,1,0,0.1624184548854828
subject_14:sample_0000550,14,550,2,1,0,1,0,0.9969543218612671,0.9950668811798096,0.9835568070411682,1.0,0.9938750267028809,1,1,0,0.22830364108085632,1,0,0.1823776811361313,1,0,0.22513200342655182,1,0,0.19948486983776093,1,0,0.16470086574554443
subject_14:sample_0000551,14,551,2,1,0,1,0,0.9971212148666382,0.9955341815948486,0.9842816591262817,1.0,0.9942163228988647,1,1,0,0.22811482846736908,1,0,0.18236161768436432,1,0,0.22363236546516418,1,0,0.19692744314670563,1,0,0.16896283626556396
subject_14:sample_0000552,14,552,2,1,0,1,0,0.9971351623535156,0.9957014322280884,0.984329104423523,1.0,0.9942735433578491,1,1,0,0.2285931259393692,1,0,0.18134357035160065,1,0,0.22278906404972076,1,0,0.19399046897888184,1,0,0.17328283190727234
subject_14:sample_0000553,14,553,2,1,0,1,0,0.9970840215682983,0.9955334067344666,0.9840878248214722,1.0,0.9941579103469849,1,1,0,0.2292482852935791,1,0,0.1805492490530014,1,0,0.22192220389842987,1,0,0.19111457467079163,1,0,0.1771647334098816
subject_14:sample_0000554,14,554,2,1,0,1,0,0.9970183372497559,0.9953111410140991,0.9837950468063354,1.0,0.9940121173858643,1,1,0,0.22867810726165771,1,0,0.1814529001712799,1,0,0.22010910511016846,1,0,0.18878035247325897,1,0,0.18097855150699615
subject_14:sample_0000555,14,555,2,1,0,1,0,0.99692702293396,0.9950582385063171,0.9833954572677612,1.0,0.9938252568244934,1,1,0,0.2273828536272049,1,0,0.18438705801963806,1,0,0.21752618253231049,1,0,0.18643444776535034,1,0,0.18426842987537384
subject_14:sample_0000556,14,556,2,1,0,1,0,0.996822714805603,0.9947726726531982,0.9829556941986084,1.0,0.9936167597770691,1,1,0,0.22314080595970154,1,0,0.19225312769412994,1,0,0.21392662823200226,1,0,0.18380054831504822,1,0,0.18687798082828522
subject_14:sample_0000557,14,557,2,1,0,1,0,0.9966650605201721,0.9944231510162354,0.9822738170623779,1.0,0.9933179616928101,1,1,0,0.21770429611206055,1,0,0.20107565820217133,1,0,0.21080537140369415,1,0,0.18163608014583588,1,0,0.1887776106595993
subject_14:sample_0000558,14,558,2,1,0,1,0,0.9964999556541443,0.9940086007118225,0.9816039204597473,1.0,0.9930038452148438,1,1,0,0.20898830890655518,1,0,0.20803017914295197,1,0,0.21039754152297974,1,0,0.182387113571167,1,0,0.19019587337970734
subject_14:sample_0000559,14,559,2,1,0,1,0,0.9963045120239258,0.9935809373855591,0.9807868599891663,1.0,0.9926416277885437,1,1,0,0.1998673528432846,1,0,0.21080665290355682,1,0,0.21442468464374542,1,0,0.1851464807987213,1,0,0.18975384533405304
subject_14:sample_0000560,14,560,2,1,0,1,0,0.996243953704834,0.993560254573822,0.9804483652114868,1.0,0.9925357103347778,1,1,0,0.19483034312725067,1,0,0.21331092715263367,1,0,0.2174961417913437,1,0,0.185679093003273,1,0,0.18868252635002136
subject_14:sample_0000561,14,561,2,1,0,1,0,0.996313750743866,0.9938302636146545,0.9806612730026245,1.0,0.9926744699478149,1,1,0,0.194184809923172,1,0,0.20801718533039093,1,0,0.221388578414917,1,0,0.1883348524570465,1,0,0.18807365000247955
subject_14:sample_0000562,14,562,2,1,0,1,0,0.9961354732513428,0.9938689470291138,0.9797260761260986,1.0,0.9924029111862183,1,1,0,0.19685155153274536,1,0,0.19793280959129333,1,0,0.2230941653251648,1,0,0.19386416673660278,1,0,0.1882563978433609
subject_14:sample_0000563,14,563,2,1,0,1,0,0.9948344230651855,0.9917738437652588,0.974030077457428,1.0,0.9901111721992493,1,1,0,0.19951580464839935,1,0,0.20077422261238098,1,0,0.21747170388698578,1,0,0.19711677730083466,1,0,0.18512049317359924
subject_14:sample_0000564,14,564,2,1,0,1,0,0.9690342545509338,0.9399458169937134,0.8951818943023682,1.0,0.9502509236335754,1,1,0,0.20207230746746063,1,0,0.2058984935283661,1,0,0.2114964723587036,1,0,0.1995454877614975,1,0,0.18098624050617218
subject_14:sample_0000565,14,565,2,1,0,1,0,0.6114778518676758,0.22448846697807312,0.5107674598693848,0.6000000238418579,0.45288434624671936,0,2,1,0.2037913054227829,2,1,0.18920159339904785,1,0,0.21417047083377838,1,0,0.20897051692008972,1,0,0.18386512994766235
subject_14:sample_0000566,14,566,2,1,0,1,0,0.6184775233268738,0.23834875226020813,0.513713538646698,0.6000000238418579,0.4616919159889221,0,2,1,0.20237010717391968,2,1,0.1779029667377472,1,0,0.2172061949968338,1,0,0.21645453572273254,1,0,0.18606525659561157
subject_14:sample_0000567,14,567,2,1,0,1,0,0.6271905899047852,0.2556685507297516,0.5173212289810181,0.6000000238418579,0.472331702709198,0,2,1,0.1991957426071167,2,1,0.17227575182914734,1,0,0.21968597173690796,1,0,0.2212904691696167,1,0,0.1875511109828949
subject_14:sample_0000568,14,568,2,1,0,1,0,0.6374644637107849,0.2761034071445465,0.5218287110328674,0.6000000238418579,0.48450884222984314,0,2,1,0.19455088675022125,2,1,0.16661123931407928,1,0,0.22298109531402588,1,0,0.22680014371871948,1,0,0.18905571103096008
subject_14:sample_0000569,14,569,2,1,0,2,1,0.6433296203613281,0.28772857785224915,0.5247231721878052,0.6000000238418579,0.49133142828941345,0,2,1,0.19183622300624847,2,1,0.1634618490934372,1,0,0.22577707469463348,1,0,0.23003098368644714,1,0,0.18889296054840088
subject_14:sample_0000570,14,570,2,1,0,2,1,0.6484569311141968,0.29789528250694275,0.5273306369781494,0.6000000238418579,0.4972156584262848,0,2,1,0.18876509368419647,2,1,0.16141976416110992,1,0,0.22965238988399506,1,0,0.23216569423675537,1,0,0.18799608945846558
subject_14:sample_0000571,14,571,2,1,0,2,1,0.6527073979377747,0.3063194751739502,0.5295733213424683,0.6000000238418579,0.5020450353622437,0,2,1,0.1859007477760315,2,1,0.16004535555839539,1,0,0.2340000718832016,1,0,0.23330840468406677,1,0,0.18674445152282715
subject_14:sample_0000572,14,572,2,1,0,2,1,0.6562293767929077,0.3133210241794586,0.5313843488693237,0.6000000238418579,0.5060009360313416,0,2,1,0.18314775824546814,2,1,0.15931177139282227,1,0,0.23840275406837463,1,0,0.23311711847782135,1,0,0.1860196888446808
subject_14:sample_0000573,14,573,2,1,0,2,1,0.6588810086250305,0.31859540939331055,0.5327610969543457,0.6000000238418579,0.5089586973190308,0,2,1,0.18104064464569092,2,1,0.15877000987529755,1,0,0.24165715277194977,1,0,0.23274356126785278,1,0,0.18578758835792542
subject_14:sample_0000574,14,574,2,1,0,2,1,0.6681405305862427,0.3370514512062073,0.5375854969024658,0.6000000238418579,0.5191473960876465,0,2,1,0.17494715750217438,2,1,0.1552199423313141,1,0,0.24434970319271088,1,0,0.23747661709785461,1,0,0.18800562620162964
subject_14:sample_0000575,14,575,3,1,0,1,0,0.996226966381073,0.9928919076919556,0.9810922741889954,1.0,0.9925274848937988,1,1,0,0.17356422543525696,1,0,0.22003263235092163,1,0,0.22630761563777924,1,0,0.19045251607894897,1,0,0.1896420568227768
subject_14:sample_0000576,14,576,3,1,0,1,0,0.9961961507797241,0.992830216884613,0.9809655547142029,1.0,0.9924723505973816,1,1,0,0.17339731752872467,1,0,0.22011052072048187,1,0,0.22628739476203918,1,0,0.1904020607471466,1,0,0.18980182707309723
subject_14:sample_0000577,14,577,3,1,0,1,0,0.996129035949707,0.9926961064338684,0.980690062046051,1.0,0.9923523664474487,1,1,0,0.1732703447341919,1,0,0.22034095227718353,1,0,0.2260143905878067,1,0,0.1902790516614914,1,0,0.19009436666965485
subject_14:sample_0000578,14,578,3,1,0,1,0,0.99607253074646,0.9925839304924011,0.9804591536521912,1.0,0.9922519326210022,1,1,0,0.17318089306354523,1,0,0.22048522531986237,1,0,0.22580447793006897,1,0,0.19017842411994934,1,0,0.19035007059574127
subject_14:sample_0000579,14,579,3,1,0,1,0,0.9960326552391052,0.9925054311752319,0.9802947640419006,1.0,0.9921807050704956,1,1,0,0.17308729887008667,1,0,0.22071872651576996,1,0,0.22556471824645996,1,0,0.19003885984420776,1,0,0.1905895173549652
subject_14:sample_0000580,14,580,3,1,0,1,0,0.9960437417030334,0.9925296902656555,0.9803373217582703,1.0,0.9922003746032715,1,1,0,0.17275238037109375,1,0,0.22104422748088837,1,0,0.22557364404201508,1,0,0.18988783657550812,1,0,0.19074097275733948
subject_14:sample_0000581,14,581,3,1,0,1,0,0.9960900545120239,0.9926250576972961,0.9805217981338501,1.0,0.9922823309898376,1,1,0,0.17227326333522797,1,0,0.22139371931552887,1,0,0.2257688194513321,1,0,0.18976861238479614,1,0,0.1907946616411209
subject_14:sample_0000582,14,582,3,1,0,1,0,0.9961552023887634,0.9927578568458557,0.9807844758033752,1.0,0.9923981428146362,1,1,0,0.172127366065979,1,0,0.22150644659996033,1,0,0.22585910558700562,1,0,0.18976667523384094,1,0,0.1907394677400589
subject_14:sample_0000583,14,583,3,1,0,1,0,0.9962404370307922,0.9929320812225342,0.9811293482780457,1.0,0.9925501942634583,1,1,0,0.17150571942329407,1,0,0.22164753079414368,1,0,0.22642011940479279,1,0,0.1898418813943863,1,0,0.19058384001255035
subject_14:sample_0000584,14,584,3,1,0,1,0,0.996300220489502,0.9930558800697327,0.9813703894615173,1.0,0.9926570057868958,1,1,0,0.1709081083536148,1,0,0.22170384228229523,1,0,0.2268940806388855,1,0,0.1900249570608139,1,0,0.19046802818775177
subject_14:sample_0000585,14,585,3,1,0,1,0,0.9963438510894775,0.9931468367576599,0.9815444946289062,1.0,0.9927346110343933,1,1,0,0.17062906920909882,1,0,0.22166913747787476,1,0,0.22706210613250732,1,0,0.19029919803142548,1,0,0.1903395652770996
subject_14:sample_0000586,14,586,3,1,0,1,0,0.9964829683303833,0.9934276938438416,0.9821197986602783,1.0,0.99298495054245,1,1,0,0.1713877171278,1,0,0.2210996001958847,1,0,0.22740362584590912,1,0,0.19086265563964844,1,0,0.18924541771411896
subject_14:sample_0000587,14,587,3,1,0,1,0,0.9965912103652954,0.9936472177505493,0.9825690388679504,1.0,0.9931802749633789,1,1,0,0.17196162045001984,1,0,0.22051478922367096,1,0,0.22782866656780243,1,0,0.19146378338336945,1,0,0.18823015689849854
subject_14:sample_0000588,14,588,3,1,0,1,0,0.9966811537742615,0.9938305616378784,0.9829431176185608,1.0,0.9933429956436157,1,1,0,0.17234642803668976,1,0,0.21995921432971954,1,0,0.22822676599025726,1,0,0.19207879900932312,1,0,0.18738782405853271
subject_14:sample_0000589,14,589,3,1,0,1,0,0.9967639446258545,0.9939993023872375,0.9832892417907715,1.0,0.9934931397438049,1,1,0,0.1728501170873642,1,0,0.21929334104061127,1,0,0.22865453362464905,1,0,0.1927555650472641,1,0,0.1864454299211502
subject_14:sample_0000590,14,590,3,1,0,1,0,0.9968246221542358,0.9941239953041077,0.9835425615310669,1.0,0.993603527545929,1,1,0,0.1731824427843094,1,0,0.21864403784275055,1,0,0.22903941571712494,1,0,0.19346091151237488,1,0,0.18567222356796265
subject_14:sample_0000591,14,591,3,1,0,1,0,0.9968708157539368,0.9942200779914856,0.983734667301178,1.0,0.9936875700950623,1,1,0,0.17342475056648254,1,0,0.21806026995182037,1,0,0.22938653826713562,1,0,0.1941540241241455,1,0,0.18497353792190552
subject_14:sample_0000592,14,592,3,1,0,1,0,0.9969065189361572,0.9942952990531921,0.9838830828666687,1.0,0.9937527179718018,1,1,0,0.1735062301158905,1,0,0.21749483048915863,1,0,0.2298591583967209,1,0,0.19474300742149353,1,0,0.184395894408226
subject_14:sample_0000593,14,593,3,1,0,1,0,0.9969315528869629,0.9943481087684631,0.9839877486228943,1.0,0.993798553943634,1,1,0,0.17360374331474304,1,0,0.21714989840984344,1,0,0.23018358647823334,1,0,0.19507117569446564,1,0,0.18399064242839813
subject_14:sample_0000594,14,594,3,1,0,1,0,0.9969537258148193,0.9943950176239014,0.9840794801712036,1.0,0.993838906288147,1,1,0,0.17376644909381866,1,0,0.21676193177700043,1,0,0.23033717274665833,1,0,0.1954442709684372,1,0,0.1836891919374466
subject_14:sample_0000595,14,595,3,1,0,1,0,0.9969784021377563,0.9944471716880798,0.9841824769973755,1.0,0.9938841462135315,1,1,0,0.1739308387041092,1,0,0.21634313464164734,1,0,0.23047377169132233,1,0,0.19580122828483582,1,0,0.18344998359680176
subject_14:sample_0000596,14,596,3,1,0,1,0,0.9969832301139832,0.9944587349891663,0.9842007160186768,1.0,0.9938929080963135,1,1,0,0.17377232015132904,1,0,0.21587805449962616,1,0,0.23104074597358704,1,0,0.19615226984024048,1,0,0.18315564095973969
subject_14:sample_0000597,14,597,3,1,0,1,0,0.9969766736030579,0.9944478869438171,0.9841694235801697,1.0,0.9938806295394897,1,1,0,0.17349795997142792,1,0,0.21543587744235992,1,0,0.23170408606529236,1,0,0.1965615153312683,1,0,0.18279960751533508
subject_14:sample_0000598,14,598,3,1,0,1,0,0.9969657063484192,0.9944290518760681,0.984119176864624,1.0,0.9938605427742004,1,1,0,0.17320239543914795,1,0,0.21488304436206818,1,0,0.2324269711971283,1,0,0.19709500670433044,1,0,0.18239156901836395
subject_14:sample_0000599,14,599,3,1,0,1,0,0.9969478845596313,0.9943966269493103,0.9840383529663086,1.0,0.9938275814056396,1,1,0,0.1728726029396057,1,0,0.2143528163433075,1,0,0.233098566532135,1,0,0.19775788486003876,1,0,0.18191717565059662
subject_14:sample_0000600,14,600,3,1,0,1,0,0.9969286918640137,0.9943608045578003,0.9839531183242798,1.0,0.9937922954559326,1,1,0,0.1725510060787201,1,0,0.2138795703649521,1,0,0.2337413877248764,1,0,0.19831624627113342,1,0,0.1815108209848404
subject_14:sample_0000601,14,601,3,1,0,1,0,0.9969197511672974,0.9943457245826721,0.9839112758636475,1.0,0.9937757253646851,1,1,0,0.17238543927669525,1,0,0.21353064477443695,1,0,0.23405028879642487,1,0,0.19883979856967926,1,0,0.18119290471076965
subject_14:sample_0000602,14,602,3,1,0,1,0,0.9969085454940796,0.9943248629570007,0.9838609099388123,1.0,0.9937549233436584,1,1,0,0.17224128544330597,1,0,0.2132173329591751,1,0,0.23435315489768982,1,0,0.19922812283039093,1,0,0.18095917999744415
subject_14:sample_0000603,14,603,3,1,0,1,0,0.9968953132629395,0.9942997097969055,0.9838034510612488,1.0,0.9937309622764587,1,1,0,0.1720816195011139,1,0,0.2130333036184311,1,0,0.23456253111362457,1,0,0.19960595667362213,1,0,0.18071559071540833
subject_14:sample_0000604,14,604,3,1,0,1,0,0.9968804717063904,0.9942704439163208,0.9837387204170227,1.0,0.9937035441398621,1,1,0,0.17183682322502136,1,0,0.21293257176876068,1,0,0.23496025800704956,1,0,0.19984379410743713,1,0,0.18042564392089844
subject_14:sample_0000605,14,605,3,1,0,1,0,0.996863067150116,0.9942358136177063,0.983664333820343,1.0,0.9936717748641968,1,1,0,0.17157214879989624,1,0,0.21284043788909912,1,0,0.23532409965991974,1,0,0.20011234283447266,1,0,0.18015000224113464
subject_14:sample_0000606,14,606,3,1,0,1,0,0.9968507289886475,0.9942118525505066,0.9836113452911377,1.0,0.9936493039131165,1,1,0,0.17143267393112183,1,0,0.21273773908615112,1,0,0.23550522327423096,1,0,0.20033392310142517,1,0,0.17998942732810974
subject_14:sample_0000607,14,607,3,1,0,1,0,0.9968416094779968,0.9941945672035217,0.9835706949234009,1.0,0.9936324954032898,1,1,0,0.17134054005146027,1,0,0.21268898248672485,1,0,0.2355240136384964,1,0,0.20053301751613617,1,0,0.17991256713867188
subject_14:sample_0000608,14,608,3,1,0,1,0,0.9968295097351074,0.9941707849502563,0.9835190773010254,1.0,0.9936105012893677,1,1,0,0.17115743458271027,1,0,0.21264100074768066,1,0,0.23580391705036163,1,0,0.2006085216999054,1,0,0.17978812754154205
subject_14:sample_0000609,14,609,3,1,0,1,0,0.9968212246894836,0.9941539764404297,0.9834840297698975,1.0,0.9935953617095947,1,1,0,0.17107520997524261,1,0,0.2126331478357315,1,0,0.2358647584915161,1,0,0.20065239071846008,1,0,0.1797734946012497
subject_14:sample_0000610,14,610,2,1,0,1,0,0.8174240589141846,0.6363034248352051,0.6509524583816528,0.800000011920929,0.7214192152023315,1,2,1,0.18039816617965698,1,0,0.1891452670097351,1,0,0.2693428099155426,1,0,0.16830062866210938,1,0,0.19281217455863953
subject_14:sample_0000611,14,611,2,1,0,1,0,0.8170095682144165,0.635468065738678,0.6505252122879028,0.800000011920929,0.7209725379943848,1,2,1,0.1808507889509201,1,0,0.18860295414924622,1,0,0.269305020570755,1,0,0.16843532025814056,1,0,0.19280493259429932
subject_14:sample_0000612,14,612,2,1,0,1,0,0.817509651184082,0.6364648342132568,0.6510801315307617,0.800000011920929,0.7215192914009094,1,2,1,0.1803359091281891,1,0,0.18773546814918518,1,0,0.269480437040329,1,0,0.1692086011171341,1,0,0.19323861598968506
subject_14:sample_0000613,14,613,2,1,0,1,0,0.8200254440307617,0.641524076461792,0.6537319421768188,0.800000011920929,0.7242400050163269,1,2,1,0.1776406466960907,1,0,0.18790629506111145,1,0,0.27019527554512024,1,0,0.17022335529327393,1,0,0.19403348863124847
subject_14:sample_0000614,14,614,2,1,0,1,0,0.8239142894744873,0.6493644714355469,0.6578253507614136,0.800000011920929,0.7284382581710815,1,2,1,0.17330630123615265,1,0,0.18902692198753357,1,0,0.2706534266471863,1,0,0.17208725214004517,1,0,0.19492512941360474
subject_14:sample_0000615,14,615,2,1,0,1,0,0.8255443572998047,0.6526473760604858,0.6595768928527832,0.800000011920929,0.7302029728889465,1,2,1,0.1714967042207718,1,0,0.18911446630954742,1,0,0.27052488923072815,1,0,0.17373868823051453,1,0,0.1951243281364441
subject_14:sample_0000616,14,616,2,1,0,1,0,0.8266443610191345,0.6548537015914917,0.6607966423034668,0.800000011920929,0.7314004302024841,1,2,1,0.17035247385501862,1,0,0.18933163583278656,1,0,0.27037307620048523,1,0,0.1748422533273697,1,0,0.1950996220111847
subject_14:sample_0000617,14,617,2,1,0,1,0,0.8262425065040588,0.6540464758872986,0.6603537797927856,0.800000011920929,0.7309635281562805,1,2,1,0.17091995477676392,1,0,0.18806728720664978,1,0,0.27037522196769714,1,0,0.17520672082901,1,0,0.19542987644672394
subject_14:sample_0000618,14,618,2,1,0,1,0,0.8249548077583313,0.6514581441879272,0.6589470505714417,0.800000011920929,0.7295655012130737,1,2,1,0.17237988114356995,1,0,0.18599596619606018,1,0,0.2705842852592468,1,0,0.1752815693616867,1,0,0.19575728476047516
subject_14:sample_0000619,14,619,2,1,0,1,0,0.8254374265670776,0.6524216532707214,0.6594940423965454,0.800000011920929,0.730093240737915,1,2,1,0.17185404896736145,1,0,0.18536725640296936,1,0,0.2708302140235901,1,0,0.17610861361026764,1,0,0.19583885371685028
subject_14:sample_0000620,14,620,2,1,0,1,0,0.8302310109138489,0.662077784538269,0.6647114753723145,0.800000011920929,0.7352885007858276,1,2,1,0.16604508459568024,1,0,0.18865299224853516,1,0,0.2701529264450073,1,0,0.1791871041059494,1,0,0.19596093893051147
subject_14:sample_0000621,14,621,2,1,0,1,0,0.8330085277557373,0.6677546501159668,0.6675127744674683,0.800000011920929,0.7382509112358093,1,2,1,0.15972407162189484,1,0,0.19468967616558075,1,0,0.2665165066719055,1,0,0.18311773240566254,1,0,0.19595102965831757
subject_14:sample_0000622,14,622,2,1,0,2,1,0.8260301351547241,0.6539759039878845,0.65889972448349,0.800000011920929,0.7304941415786743,1,2,1,0.15398529171943665,1,0,0.20259328186511993,1,0,0.2608616352081299,1,0,0.18614423274993896,1,0,0.1964145451784134
subject_14:sample_0000623,14,623,2,1,0,2,1,0.7876413464546204,0.5774083137512207,0.6182799339294434,0.800000011920929,0.6886866092681885,0,2,1,0.1492890864610672,1,0,0.21019423007965088,1,0,0.25501853227615356,1,0,0.1887982040643692,1,0,0.19669897854328156
subject_14:sample_0000624,14,624,2,1,0,2,1,0.6499923467636108,0.302219957113266,0.5230556726455688,0.6000000238418579,0.4982905387878418,0,2,1,0.14477112889289856,1,0,0.2180868685245514,2,1,0.2484968900680542,1,0,0.19141826033592224,1,0,0.197225883603096
subject_14:sample_0000625,14,625,2,2,1,2,1,0.6196162700653076,0.24125248193740845,0.5116115808486938,0.800000011920929,0.4973432421684265,0,2,1,0.1418560892343521,2,1,0.22208252549171448,2,1,0.2450236976146698,2,1,0.19314439594745636,1,0,0.19789235293865204
subject_14:sample_0000626,14,626,2,2,1,2,1,0.7088379263877869,0.4195129871368408,0.5567102432250977,0.800000011920929,0.6032576560974121,0,2,1,0.14086458086967468,2,1,0.22313828766345978,2,1,0.24446897208690643,2,1,0.193319633603096,1,0,0.19820760190486908
subject_14:sample_0000627,14,627,2,3,0,2,1,0.7319523096084595,0.46442195773124695,0.5778863430023193,0.6000000238418579,0.5859321355819702,0,3,0,0.2594376802444458,2,1,0.1248076856136322,2,1,0.14269517362117767,3,0,0.20179808139801025,3,0,0.2712603807449341
subject_14:sample_0000628,14,628,2,3,0,2,1,0.7307376265525818,0.46199214458465576,0.5770097970962524,0.6000000238418579,0.5846993923187256,0,3,0,0.2598024606704712,2,1,0.12481008470058441,2,1,0.14391088485717773,3,0,0.20039790868759155,3,0,0.2710776925086975
subject_14:sample_0000629,14,629,2,3,0,2,1,0.7331708073616028,0.4668583869934082,0.5787773132324219,0.6000000238418579,0.5871691703796387,0,3,0,0.2613118588924408,2,1,0.12340057641267776,2,1,0.1428861916065216,3,0,0.20095153152942657,3,0,0.27144888043403625
subject_14:sample_0000630,14,630,2,3,0,2,1,0.7317013740539551,0.4639188051223755,0.577710747718811,0.6000000238418579,0.5856786370277405,0,3,0,0.2603716552257538,2,1,0.12291774153709412,2,1,0.1448419690132141,3,0,0.2010846585035324,3,0,0.27078306674957275
subject_14:sample_0000631,14,631,2,3,0,2,1,0.7323461771011353,0.46520861983299255,0.5781782865524292,0.6000000238418579,0.5863329172134399,0,3,0,0.25991714000701904,2,1,0.12254191190004349,2,1,0.14457137882709503,3,0,0.20181386172771454,3,0,0.2711547613143921
subject_14:sample_0000632,14,632,2,3,0,2,1,0.732501745223999,0.46552035212516785,0.5782885551452637,0.6000000238418579,0.586490273475647,0,3,0,0.25748780369758606,2,1,0.12172093987464905,2,1,0.14522989094257355,3,0,0.2052820920944214,3,0,0.27027827501296997
subject_14:sample_0000633,14,633,2,3,0,2,1,0.7323164939880371,0.46515288949012756,0.5781392455101013,0.6000000238418579,0.5862995386123657,0,3,0,0.25426992774009705,2,1,0.12117858231067657,2,1,0.1459442675113678,3,0,0.20843689143657684,3,0,0.27016934752464294
subject_14:sample_0000634,14,634,2,3,0,2,1,0.7328740358352661,0.46627077460289,0.5785322785377502,0.6000000238418579,0.5868628621101379,0,3,0,0.25136885046958923,2,1,0.1205529049038887,2,1,0.1459968239068985,3,0,0.21202655136585236,3,0,0.2700538635253906
subject_14:sample_0000635,14,635,2,3,0,2,1,0.7346705794334412,0.4698654115200043,0.5798403024673462,0.6000000238418579,0.5886829495429993,0,3,0,0.24738548696041107,2,1,0.1196228638291359,2,1,0.14510810375213623,3,0,0.21853278577327728,3,0,0.2693497836589813
subject_14:sample_0000636,14,636,2,3,0,2,1,0.7369354963302612,0.4743995666503906,0.5814955234527588,0.6000000238418579,0.5909733176231384,0,3,0,0.2433575838804245,2,1,0.1182653084397316,2,1,0.14415988326072693,3,0,0.22608430683612823,3,0,0.2681320309638977
subject_14:sample_0000637,14,637,2,3,0,2,1,0.7400137186050415,0.4805639386177063,0.5837677121162415,0.6000000238418579,0.5940808653831482,0,3,0,0.2398443967103958,2,1,0.11675330996513367,2,1,0.14252012968063354,3,0,0.23519788682460785,3,0,0.2656833231449127
subject_14:sample_0000638,14,638,2,3,0,2,1,0.7430851459503174,0.48671895265579224,0.5860507488250732,0.6000000238418579,0.5971739292144775,0,3,0,0.23599351942539215,2,1,0.11518775671720505,2,1,0.14086942374706268,3,0,0.2464982569217682,3,0,0.2614501118659973
subject_14:sample_0000639,14,639,2,3,0,2,1,0.746208906173706,0.4929877519607544,0.5883716344833374,0.6000000238418579,0.6003090143203735,0,3,0,0.2326882779598236,2,1,0.11357969045639038,2,1,0.13905274868011475,3,0,0.25754812359809875,3,0,0.2571302056312561
subject_14:sample_0000640,14,640,2,3,0,2,1,0.7487284541130066,0.4980679452419281,0.5901652574539185,0.6000000238418579,0.602815568447113,0,3,0,0.2291347086429596,2,1,0.11202028393745422,2,1,0.1372220367193222,3,0,0.26951396465301514,3,0,0.25210803747177124
subject_14:sample_0000641,14,641,2,3,0,2,1,0.7493947744369507,0.49951261281967163,0.5902069807052612,0.6000000238418579,0.6033971309661865,0,3,0,0.22600029408931732,2,1,0.10990989953279495,2,1,0.13460859656333923,3,0,0.2828297019004822,3,0,0.24665053188800812
subject_14:sample_0000642,14,642,2,3,0,2,1,0.7456240653991699,0.4920344054698944,0.5869793891906738,0.6000000238418579,0.5995457768440247,0,3,0,0.22406326234340668,2,1,0.10985954105854034,2,1,0.1343408077955246,3,0,0.2882237434387207,3,0,0.24351173639297485
subject_14:sample_0000643,14,643,2,3,0,2,1,0.7114804983139038,0.42405930161476135,0.5612784624099731,0.6000000238418579,0.5645856261253357,0,3,0,0.22107508778572083,2,1,0.1092984676361084,2,1,0.13338632881641388,3,0,0.2974454462528229,3,0,0.23879365622997284
subject_14:sample_0000644,14,644,2,3,0,2,1,0.588370144367218,0.17808830738067627,0.5046837329864502,0.4000000059604645,0.38136541843414307,0,3,0,0.2187826931476593,2,1,0.10954263061285019,2,1,0.1334652155637741,2,1,0.3032383918762207,3,0,0.2349700778722763
subject_14:sample_0000645,14,645,2,2,1,2,1,0.5051066875457764,0.01130974292755127,0.49432849884033203,0.6000000238418579,0.20288534462451935,0,3,0,0.21619081497192383,2,1,0.11114834994077682,2,1,0.13491685688495636,2,1,0.3049546778202057,3,0,0.2327883392572403
subject_14:sample_0000646,14,646,2,2,1,2,1,0.5415320992469788,0.08387771248817444,0.4981171488761902,0.6000000238418579,0.34134092926979065,0,3,0,0.21378473937511444,2,1,0.1133292019367218,2,1,0.13685885071754456,2,1,0.3047577142715454,3,0,0.23126858472824097
subject_14:sample_0000647,14,647,2,2,1,2,1,0.5484088659286499,0.09755682945251465,0.49936598539352417,0.6000000238418579,0.35582226514816284,0,3,0,0.21256867051124573,2,1,0.11501356959342957,2,1,0.13802991807460785,2,1,0.3042707145214081,3,0,0.23011621832847595
subject_14:sample_0000648,14,648,2,2,1,2,1,0.5536954402923584,0.10806465148925781,0.5004609823226929,0.6000000238418579,0.3661162555217743,0,3,0,0.21153491735458374,2,1,0.11701706796884537,2,1,0.13931140303611755,2,1,0.3032047748565674,3,0,0.22893087565898895
subject_14:sample_0000649,14,649,2,2,1,2,1,0.5556254386901855,0.1118963360786438,0.5009028315544128,0.6000000238418579,0.36972230672836304,0,3,0,0.21125994622707367,2,1,0.1178026869893074,2,1,0.14033371210098267,2,1,0.3025089502334595,3,0,0.2280937284231186
subject_14:sample_0000650,14,650,2,2,1,2,1,0.5571650266647339,0.11491185426712036,0.5014604330062866,0.6000000238418579,0.3725496828556061,0,3,0,0.21190007030963898,2,1,0.11839573085308075,2,1,0.14132852852344513,2,1,0.3004342317581177,3,0,0.22794048488140106
subject_14:sample_0000651,14,651,2,2,1,2,1,0.5574733018875122,0.11544796824455261,0.5019030570983887,0.6000000238418579,0.3731172978878021,0,3,0,0.21253637969493866,2,1,0.11901607364416122,2,1,0.14295434951782227,2,1,0.2967020571231842,3,0,0.22879017889499664
subject_14:sample_0000652,14,652,2,2,1,2,1,0.5550310611724854,0.11052060127258301,0.5017138123512268,0.6000000238418579,0.3686310946941376,0,3,0,0.21364866197109222,2,1,0.118692547082901,2,1,0.14441226422786713,2,1,0.2925697863101959,3,0,0.23067575693130493
subject_14:sample_0000653,14,653,2,2,1,2,1,0.553463876247406,0.10736781358718872,0.5015569925308228,0.6000000238418579,0.3656863272190094,0,3,0,0.21434102952480316,2,1,0.11879917979240417,2,1,0.14555016160011292,2,1,0.2896265685558319,3,0,0.23168212175369263
subject_14:sample_0000654,14,654,2,2,1,2,1,0.5530116558074951,0.10645997524261475,0.501501739025116,0.6000000238418579,0.3648262619972229,0,3,0,0.2148159295320511,2,1,0.11886312067508698,2,1,0.14575453102588654,2,1,0.2889690697193146,3,0,0.2315964698791504
subject_14:sample_0000655,14,655,2,2,1,2,1,0.5528085827827454,0.10605558753013611,0.5014592409133911,0.6000000238418579,0.36443811655044556,0,3,0,0.2152407318353653,2,1,0.11884281784296036,2,1,0.14569427073001862,2,1,0.2889780104160309,3,0,0.23124325275421143
subject_14:sample_0000656,14,656,2,2,1,2,1,0.5531432032585144,0.10674363374710083,0.5014146566390991,0.6000000238418579,0.36507487297058105,0,3,0,0.21541979908943176,2,1,0.1186324879527092,2,1,0.14498481154441833,2,1,0.290673166513443,3,0,0.23028875887393951
subject_14:sample_0000657,14,657,2,2,1,2,1,0.5511619448661804,0.10277605056762695,0.5011383295059204,0.6000000238418579,0.36126014590263367,0,3,0,0.21670350432395935,2,1,0.11809379607439041,2,1,0.14429761469364166,2,1,0.28985968232154846,3,0,0.23104438185691833
subject_14:sample_0000658,14,658,2,2,1,2,1,0.5478599071502686,0.09615767002105713,0.5007318258285522,0.6000000238418579,0.35469290614128113,0,3,0,0.2188599556684494,2,1,0.1173047348856926,2,1,0.14313380420207977,2,1,0.28829440474510193,3,0,0.23240622878074646
subject_14:sample_0000659,14,659,2,2,1,2,1,0.5451409816741943,0.09070941805839539,0.5004135370254517,0.6000000238418579,0.349068284034729,0,3,0,0.2209962159395218,2,1,0.11683903634548187,2,1,0.14230026304721832,2,1,0.2867802679538727,3,0,0.23308326303958893
subject_14:sample_0000660,14,660,2,2,1,2,1,0.5426377654075623,0.08568185567855835,0.5001972913742065,0.6000000238418579,0.3436947464942932,0,3,0,0.22295330464839935,2,1,0.11708871275186539,2,1,0.14331211149692535,2,1,0.2827710509300232,3,0,0.23387382924556732
subject_14:sample_0000661,14,661,2,2,1,2,1,0.5412513017654419,0.08289527893066406,0.5000936388969421,0.6000000238418579,0.3406299352645874,0,3,0,0.22399422526359558,2,1,0.11799032986164093,2,1,0.1452881544828415,2,1,0.27839043736457825,3,0,0.23433592915534973
subject_14:sample_0000662,14,662,2,2,1,2,1,0.5398850440979004,0.08015361428260803,0.4999755620956421,0.6000000238418579,0.3375445306301117,0,3,0,0.22539280354976654,2,1,0.11865134537220001,2,1,0.14692924916744232,2,1,0.27465835213661194,3,0,0.23436731100082397
subject_14:sample_0000663,14,663,2,2,1,2,1,0.5391584038734436,0.07869085669517517,0.4999345541000366,0.6000000238418579,0.33587393164634705,0,3,0,0.22694848477840424,2,1,0.11984210461378098,2,1,0.14946487545967102,2,1,0.27015623450279236,3,0,0.2335873246192932
subject_14:sample_0000664,14,664,2,2,1,2,1,0.5401935577392578,0.08075711131095886,0.5000693202018738,0.6000000238418579,0.3382422924041748,0,3,0,0.22804196178913116,2,1,0.12122828513383865,2,1,0.1518065631389618,2,1,0.26746687293052673,3,0,0.23145529627799988
subject_14:sample_0000665,14,665,2,2,1,2,1,0.5437136292457581,0.08780229091644287,0.5004723072052002,0.6000000238418579,0.34602048993110657,0,3,0,0.2275862693786621,2,1,0.12226477265357971,2,1,0.1523282378911972,2,1,0.26954206824302673,3,0,0.22827771306037903
subject_14:sample_0000666,14,666,2,2,1,2,1,0.546212911605835,0.0928046703338623,0.5007786750793457,0.6000000238418579,0.3513032793998718,0,3,0,0.22742146253585815,2,1,0.1230890080332756,2,1,0.15321937203407288,2,1,0.2704298496246338,3,0,0.22583933174610138
subject_14:sample_0000667,14,667,2,2,1,2,1,0.5482695698738098,0.0969286859035492,0.5010075569152832,0.6000000238418579,0.35551711916923523,0,3,0,0.22757600247859955,2,1,0.12273846566677094,2,1,0.15286199748516083,2,1,0.27342841029167175,3,0,0.22339417040348053
subject_14:sample_0000668,14,668,2,2,1,2,1,0.5487382411956787,0.09788209199905396,0.5009887218475342,0.6000000238418579,0.35646095871925354,0,3,0,0.22922031581401825,2,1,0.12259624898433685,2,1,0.15238165855407715,2,1,0.2750673294067383,3,0,0.22073350846767426
subject_14:sample_0000669,14,669,2,2,1,2,1,0.5488730669021606,0.09815829992294312,0.5009735226631165,0.6000000238418579,0.3567313551902771,0,3,0,0.23004813492298126,2,1,0.12293058633804321,2,1,0.1526229977607727,2,1,0.2749219536781311,3,0,0.21947534382343292
subject_14:sample_0000670,14,670,2,2,1,2,1,0.5478615164756775,0.09613415598869324,0.5008316040039062,0.6000000238418579,0.3546891212463379,0,3,0,0.23208589851856232,2,1,0.123012013733387,2,1,0.15283013880252838,2,1,0.27369698882102966,3,0,0.21837401390075684
subject_14:sample_0000671,14,671,3,1,0,0,0,0.8383735418319702,0.6865551471710205,0.6540729999542236,0.800000011920929,0.740810751914978,1,1,0,0.220327690243721,1,0,0.19510962069034576,1,0,0.23949392139911652,2,0,0.13872645795345306,1,0,0.20634134113788605
subject_14:sample_0000672,14,672,3,1,0,2,0,0.837835431098938,0.6848543286323547,0.6546825170516968,0.800000011920929,0.7404051423072815,1,1,0,0.22087520360946655,1,0,0.1950557976961136,1,0,0.23999884724617004,2,0,0.13664595782756805,1,0,0.20742325484752655
subject_14:sample_0000673,14,673,3,1,0,2,0,0.8226919174194336,0.6540889739990234,0.6377325057983398,0.800000011920929,0.7238534688949585,1,1,0,0.22306570410728455,1,0,0.19442954659461975,1,0,0.2405267208814621,2,0,0.13308307528495789,1,0,0.20889396965503693
subject_14:sample_0000674,14,674,3,1,0,0,0,0.7726399302482605,0.5531516075134277,0.5882294178009033,0.800000011920929,0.6696756482124329,0,1,0,0.22897420823574066,1,0,0.19183632731437683,1,0,0.24165648221969604,2,0,0.1287265419960022,1,0,0.20880553126335144
subject_14:sample_0000675,14,675,3,1,0,0,0,0.6062995195388794,0.2863600552082062,0.36088502407073975,0.6000000238418579,0.4403316378593445,0,1,0,0.23293103277683258,2,0,0.18879640102386475,1,0,0.2449968457221985,2,0,0.12289446592330933,1,0,0.21038024127483368
subject_14:sample_0000676,14,676,3,1,0,0,0,0.4615030288696289,0.13676458597183228,0.21535617113113403,0.4000000059604645,0.27154478430747986,0,0,0,0.22865712642669678,2,0,0.18800270557403564,1,0,0.24857982993125916,2,0,0.1206168606877327,1,0,0.21414244174957275
subject_14:sample_0000677,14,677,3,2,0,2,0,0.43970823287963867,0.14511403441429138,0.19690734148025513,0.6000000238418579,0.29466038942337036,0,0,0,0.22215093672275543,2,0,0.18804767727851868,1,0,0.2533785104751587,2,0,0.12016572058200836,2,0,0.21625623106956482
subject_14:sample_0000678,14,678,3,2,0,2,0,0.52406907081604,0.05468177795410156,0.47450733184814453,0.6000000238418579,0.30054280161857605,0,0,0,0.21416358649730682,2,0,0.18847142159938812,0,0,0.2632238268852234,2,0,0.12119679152965546,2,0,0.212943434715271
subject_14:sample_0000679,14,679,3,2,0,2,0,0.5185903906822205,0.03759613633155823,0.49795711040496826,0.6000000238418579,0.2762661874294281,0,0,0,0.21120816469192505,2,0,0.189849391579628,0,0,0.27062854170799255,2,0,0.12453494220972061,2,0,0.2037779688835144
subject_14:sample_0000680,14,680,3,2,0,2,0,0.5166261196136475,0.03338274359703064,0.49949079751968384,0.6000000238418579,0.2681293189525604,0,0,0,0.2080669105052948,2,0,0.19183002412319183,0,0,0.27527910470962524,2,0,0.13068245351314545,2,0,0.19414053857326508
subject_14:sample_0000681,14,681,3,2,0,2,0,0.5291228294372559,0.0583668053150177,0.5003781318664551,0.6000000238418579,0.3103080093860626,0,0,0,0.1979803889989853,2,0,0.19839033484458923,0,0,0.27262741327285767,2,0,0.13994696736335754,2,0,0.19105391204357147
subject_14:sample_0000682,14,682,3,2,0,2,0,0.5495173931121826,0.09919092059135437,0.5024814605712891,0.6000000238418579,0.3580396771430969,0,0,0,0.1870890110731125,2,0,0.2054542899131775,0,0,0.2622133791446686,2,0,0.14908410608768463,2,0,0.1961582452058792
subject_14:sample_0000683,14,683,3,2,0,2,0,0.5600371360778809,0.12032929062843323,0.503559410572052,0.6000000238418579,0.37774398922920227,0,0,0,0.18312257528305054,2,0,0.21114595234394073,0,0,0.24365006387233734,2,0,0.15881390869617462,2,0,0.20326657593250275
subject_14:sample_0000684,14,684,3,0,0,2,0,0.509295642375946,0.018939048051834106,0.4979066252708435,0.4000000059604645,0.20935535430908203,0,0,0,0.19319187104701996,2,0,0.21155168116092682,0,0,0.2245199829339981,2,0,0.16617543995380402,2,0,0.20456013083457947
subject_14:sample_0000685,14,685,3,0,0,0,0,0.6007152199745178,0.20164746046066284,0.5133094787597656,0.6000000238418579,0.4394889175891876,0,0,0,0.20118732750415802,0,0,0.21066148579120636,0,0,0.20788350701332092,2,0,0.17241425812244415,2,0,0.2078525274991989
subject_14:sample_0000686,14,686,3,0,0,0,0,0.6042139530181885,0.20856013894081116,0.5148765444755554,0.6000000238418579,0.4441903531551361,0,0,0,0.2026916742324829,0,0,0.20793291926383972,0,0,0.19403274357318878,2,0,0.18094323575496674,2,0,0.21439844369888306
subject_14:sample_0000687,14,687,3,0,0,0,0,0.582630455493927,0.16540440917015076,0.5089148283004761,0.6000000238418579,0.41417524218559265,0,0,0,0.19712430238723755,0,0,0.2028646171092987,0,0,0.1826523244380951,2,0,0.19272035360336304,2,0,0.22463741898536682
subject_14:sample_0000688,14,688,3,0,0,0,0,0.560790479183197,0.1217532753944397,0.5041810274124146,0.6000000238418579,0.37910085916519165,0,0,0,0.1910984218120575,0,0,0.19391760230064392,0,0,0.17576752603054047,2,0,0.20427994430065155,2,0,0.23493553698062897
subject_14:sample_0000689,14,689,3,0,0,0,0,0.5294455885887146,0.05911552906036377,0.49976348876953125,0.6000000238418579,0.3112502098083496,0,0,0,0.17560189962387085,0,0,0.184179425239563,0,0,0.16962605714797974,2,0,0.22300468385219574,2,0,0.2475869357585907
subject_14:sample_0000690,14,690,3,2,0,0,0,0.5191702842712402,0.03866896033287048,0.4984276294708252,0.4000000059604645,0.251526415348053,0,0,0,0.14439326524734497,0,0,0.172822505235672,0,0,0.1630854457616806,2,0,0.2530875504016876,2,0,0.2666102945804596
subject_14:sample_0000691,14,691,3,2,0,0,0,0.552974283695221,0.10641169548034668,0.5012211203575134,0.4000000059604645,0.32956865429878235,0,0,0,0.1279883086681366,0,0,0.16111260652542114,0,0,0.1567077487707138,2,0,0.2760850489139557,2,0,0.27810531854629517
subject_14:sample_0000692,14,692,3,2,0,0,0,0.5730281472206116,0.14670154452323914,0.5039375424385071,0.4000000059604645,0.36079612374305725,0,0,0,0.12136837095022202,0,0,0.1506861448287964,0,0,0.15178775787353516,2,0,0.29121920466423035,2,0,0.2849375307559967
subject_14:sample_0000693,14,693,3,2,0,0,0,0.586833119392395,0.1747245490550995,0.5051110982894897,0.4000000059604645,0.37938392162323,0,0,0,0.11616889387369156,0,0,0.1382392942905426,0,0,0.14504313468933105,2,0,0.30929943919181824,2,0,0.29124826192855835
subject_14:sample_0000694,14,694,3,2,0,0,0,0.536200761795044,0.07419079542160034,0.4925529956817627,0.4000000059604645,0.2975415289402008,0,0,0,0.11154350638389587,0,0,0.12694716453552246,0,0,0.1379837542772293,2,0,0.32577306032180786,2,0,0.2977515459060669
subject_14:sample_0000695,14,695,3,0,0,0,0,0.6004389524459839,0.20233553647994995,0.5069796442985535,0.800000011920929,0.471145898103714,0,0,0,0.10845725983381271,0,0,0.1204705685377121,0,0,0.1331954300403595,2,0,0.3339873254299164,0,0,0.3038884997367859
subject_14:sample_0000696,14,696,3,0,0,0,0,0.6553947329521179,0.31153643131256104,0.5312098264694214,0.800000011920929,0.5427401661872864,0,0,0,0.10554663836956024,0,0,0.1158720850944519,0,0,0.12921398878097534,2,0,0.33913201093673706,0,0,0.31023427844047546
subject_14:sample_0000697,14,697,3,0,0,0,0,0.6630313396453857,0.32685965299606323,0.5346118211746216,0.800000011920929,0.5517672896385193,0,0,0,0.1037396714091301,0,0,0.11330126225948334,0,0,0.1268271952867508,2,0,0.34477514028549194,0,0,0.3113558292388916
subject_14:sample_0000698,14,698,3,0,0,0,0,0.7127398252487183,0.4268347918987274,0.5605552196502686,0.800000011920929,0.6077497601509094,0,0,0,0.10350929200649261,0,0,0.11260230094194412,0,0,0.1263597458600998,2,0,0.35097524523735046,0,0,0.3065524101257324
subject_14:sample_0000699,14,699,3,0,0,0,0,0.8330435156822205,0.6675456166267395,0.6679377555847168,1.0,0.780676543712616,1,0,0,0.10581944137811661,0,0,0.11428318917751312,0,0,0.12850861251354218,0,0,0.35491669178009033,0,0,0.29647111892700195
subject_14:sample_0000700,14,700,3,0,0,0,0,0.9382504224777222,0.8774861693382263,0.8287392854690552,1.0,0.9088543057441711,1,0,0,0.10783709585666656,0,0,0.11583773046731949,0,0,0.13048918545246124,0,0,0.3563968539237976,0,0,0.2894382178783417
subject_14:sample_0000701,14,701,3,0,0,0,0,0.9630383253097534,0.9268426895141602,0.8828898072242737,1.0,0.9421911835670471,1,0,0,0.10889147967100143,0,0,0.11629142612218857,0,0,0.13126257061958313,0,0,0.3571755886077881,0,0,0.2863779067993164
subject_14:sample_0000702,14,702,3,0,0,0,0,0.9661290049552917,0.9329908490180969,0.8904153108596802,1.0,0.9465123414993286,1,0,0,0.10950951278209686,0,0,0.11648983508348465,0,0,0.13162215054035187,0,0,0.3567740023136139,0,0,0.2856035828590393
subject_14:sample_0000703,14,703,3,0,0,0,0,0.9776475429534912,0.9558930993080139,0.9205399751663208,1.0,0.9630715847015381,1,0,0,0.11000785231590271,0,0,0.11661762744188309,0,0,0.1319228708744049,0,0,0.35661765933036804,0,0,0.28483307361602783
subject_14:sample_0000704,14,704,3,0,0,0,0,0.9658138751983643,0.9323726892471313,0.8896194100379944,1.0,0.9460667967796326,1,0,0,0.11102694272994995,0,0,0.11700087040662766,0,0,0.1325991153717041,0,0,0.3570309579372406,0,0,0.2823411524295807
subject_14:sample_0000705,14,705,3,0,0,0,0,0.9703844785690308,0.9414722323417664,0.9010860323905945,1.0,0.952531635761261,1,0,0,0.11225215345621109,0,0,0.11798118054866791,0,0,0.13381442427635193,0,0,0.36061540246009827,0,0,0.2753358483314514
subject_14:sample_0000706,14,706,3,3,1,3,1,0.6142934560775757,0.27727675437927246,0.4134902358055115,0.6000000238418579,0.45339471101760864,0,3,1,0.16194002330303192,3,1,0.14915511012077332,2,0,0.24366621673107147,3,1,0.20061424374580383,2,0,0.24462348222732544
subject_14:sample_0000707,14,707,3,3,1,3,1,0.6368826031684875,0.3461834192276001,0.39648324251174927,0.800000011920929,0.5142450332641602,0,3,1,0.16182811558246613,3,1,0.1492357850074768,3,1,0.24357213079929352,3,1,0.1995263248682022,2,0,0.24583663046360016
subject_14:sample_0000708,14,708,3,3,1,3,1,0.6467710137367249,0.4088079333305359,0.37059277296066284,0.800000011920929,0.5291321277618408,0,3,1,0.16311532258987427,3,1,0.14885970950126648,3,1,0.24335293471813202,3,1,0.19929276406764984,2,0,0.24537836015224457
subject_14:sample_0000709,14,709,3,3,1,3,1,0.6474812030792236,0.45319852232933044,0.35689425468444824,0.800000011920929,0.538004994392395,0,3,1,0.16478000581264496,3,1,0.14803491532802582,3,1,0.24271884560585022,3,1,0.20027798414230347,1,0,0.24418731033802032
subject_14:sample_0000710,14,710,3,3,1,3,1,0.6475786566734314,0.44169846177101135,0.35927754640579224,0.800000011920929,0.5354693531990051,0,3,1,0.16652581095695496,3,1,0.14719536900520325,3,1,0.24172097444534302,3,1,0.2019764631986618,1,0,0.24258041381835938
subject_14:sample_0000711,14,711,3,3,1,3,1,0.6267201900482178,0.43839550018310547,0.3367677330970764,0.800000011920929,0.5216029286384583,0,3,1,0.16810567677021027,3,1,0.1465338170528412,3,1,0.23963306844234467,3,1,0.20545229315757751,1,0,0.24027423560619354
subject_14:sample_0000712,14,712,3,3,1,3,1,0.6264386177062988,0.42990440130233765,0.3368803858757019,0.800000011920929,0.5190438628196716,0,3,1,0.1687857061624527,3,1,0.1459849327802658,3,1,0.23821908235549927,3,1,0.20816652476787567,1,0,0.23884278535842896
subject_14:sample_0000713,14,713,3,3,1,3,1,0.6285827159881592,0.4094184637069702,0.342764675617218,0.800000011920929,0.5154113173484802,0,3,1,0.1694713979959488,3,1,0.14560095965862274,3,1,0.237271249294281,3,1,0.209847554564476,1,0,0.23780786991119385
subject_14:sample_0000714,14,714,3,3,1,3,1,0.6376497149467468,0.3745844066143036,0.37418991327285767,0.800000011920929,0.5171046853065491,0,3,1,0.169697567820549,3,1,0.1453360617160797,3,1,0.23739735782146454,3,1,0.21061104536056519,1,0,0.23695704340934753
subject_14:sample_0000715,14,715,3,3,1,3,1,0.6584710478782654,0.35476523637771606,0.4510943293571472,0.800000011920929,0.5388386845588684,0,3,1,0.16874825954437256,3,1,0.14528748393058777,3,1,0.23916472494602203,3,1,0.2095712125301361,1,0,0.2372273951768875
subject_14:sample_0000716,14,716,3,3,1,3,1,0.6665005087852478,0.358514666557312,0.4757649898529053,0.800000011920929,0.5491582155227661,0,3,1,0.16878274083137512,3,1,0.1452387124300003,3,1,0.23961402475833893,3,1,0.2089647799730301,1,0,0.23739883303642273
subject_14:sample_0000717,14,717,3,3,1,3,1,0.6662328839302063,0.3626634478569031,0.46751517057418823,0.800000011920929,0.5482818484306335,0,3,1,0.1693570762872696,3,1,0.14515361189842224,3,1,0.23890991508960724,3,1,0.209212988615036,1,0,0.23736554384231567
subject_14:sample_0000718,14,718,0,1,0,0,1,0.5070979595184326,0.10175076127052307,0.3310536742210388,0.4000000059604645,0.2875060737133026,0,1,0,0.27786099910736084,0,1,0.11469189822673798,0,1,0.15048591792583466,0,1,0.1053709164261818,1,0,0.35158926248550415
subject_14:sample_0000719,14,719,0,1,0,0,1,0.49925005435943604,0.08857369422912598,0.3270689845085144,0.4000000059604645,0.27579131722450256,0,1,0,0.277987003326416,0,1,0.11480405181646347,0,1,0.15036754310131073,0,1,0.10559715330600739,1,0,0.3512432873249054
subject_14:sample_0000720,14,720,0,1,0,0,1,0.4986227750778198,0.08612900972366333,0.3282615542411804,0.4000000059604645,0.27403146028518677,0,1,0,0.27774578332901,0,1,0.11465089023113251,0,1,0.15079237520694733,0,1,0.10544878244400024,1,0,0.3513611853122711
subject_14:sample_0000721,14,721,0,1,0,0,1,0.49456214904785156,0.077237069606781,0.3285815715789795,0.4000000059604645,0.2661873698234558,0,1,0,0.27664071321487427,0,1,0.11510482430458069,0,1,0.15218806266784668,0,1,0.10599615424871445,1,0,0.3500693738460541
subject_14:sample_0000722,14,722,0,1,0,0,1,0.5005743503570557,0.0855955183506012,0.3336043953895569,0.4000000059604645,0.2749811112880707,0,1,0,0.2740246057510376,0,1,0.1162504330277443,0,1,0.15571743249893188,0,1,0.1074690967798233,1,0,0.34653744101524353
subject_14:sample_0000723,14,723,0,1,0,0,1,0.49800223112106323,0.08030253648757935,0.3334704637527466,0.4000000059604645,0.2702523469924927,0,1,0,0.27281320095062256,0,1,0.11682474613189697,0,1,0.15818463265895844,0,1,0.10829586535692215,1,0,0.34388065338134766
subject_14:sample_0000724,14,724,0,1,0,0,1,0.495017409324646,0.07396438717842102,0.3335685729980469,0.4000000059604645,0.2643760144710541,0,1,0,0.27079954743385315,0,1,0.1173870787024498,0,1,0.1619948148727417,0,1,0.10939321666955948,1,0,0.34042441844940186
subject_14:sample_0000725,14,725,0,1,0,0,1,0.4869079887866974,0.0610022246837616,0.32899439334869385,0.4000000059604645,0.2500404715538025,0,1,0,0.269620805978775,0,1,0.11829443275928497,0,1,0.16426706314086914,0,1,0.11068359762430191,1,0,0.33713310956954956
subject_14:sample_0000726,14,726,0,1,0,0,1,0.48828554153442383,0.06200134754180908,0.3312445878982544,0.4000000059604645,0.2516639232635498,0,1,0,0.26719629764556885,0,1,0.11950968205928802,0,1,0.168045774102211,0,1,0.11210321635007858,1,0,0.33314400911331177
subject_14:sample_0000727,14,727,0,1,0,0,1,0.4850500524044037,0.05518779158592224,0.33138614892959595,0.4000000059604645,0.2440652847290039,0,1,0,0.26490139961242676,0,1,0.12137465924024582,0,1,0.17124533653259277,0,1,0.1133389100432396,1,0,0.32913869619369507
subject_14:sample_0000728,14,728,0,1,0,0,1,0.47436386346817017,0.037956416606903076,0.32576555013656616,0.4000000059604645,0.220085009932518,0,1,0,0.26346346735954285,0,1,0.12289916723966599,0,1,0.1729917973279953,0,1,0.11419695615768433,1,0,0.32644766569137573
subject_14:sample_0000729,14,729,0,1,0,0,1,0.46695634722709656,0.025014132261276245,0.32319992780685425,0.4000000059604645,0.19712796807289124,0,1,0,0.26110291481018066,0,1,0.12567634880542755,0,1,0.17536377906799316,0,1,0.11563403159379959,1,0,0.322221964597702
subject_14:sample_0000730,14,730,0,0,1,0,1,0.538114607334137,0.18273231387138367,0.31948018074035645,0.800000011920929,0.3981585204601288,0,1,0,0.26052558422088623,0,1,0.12712091207504272,0,1,0.1760692447423935,0,1,0.11746077239513397,0,1,0.31882256269454956
subject_14:sample_0000731,14,731,0,0,1,0,1,0.7158652544021606,0.4528128206729889,0.5138292908668518,0.800000011920929,0.604177713394165,0,1,0,0.26306337118148804,0,1,0.12878620624542236,0,1,0.17831799387931824,0,1,0.11960560828447342,0,1,0.3102259337902069
subject_14:sample_0000732,14,732,0,0,1,0,1,0.7308535575866699,0.4680522680282593,0.5569969415664673,0.800000011920929,0.6248372197151184,0,1,0,0.2673046290874481,0,1,0.1326732337474823,0,1,0.18251203000545502,0,1,0.12319245934486389,0,1,0.29431676864624023
subject_14:sample_0000733,14,733,0,0,1,0,1,0.7287424802780151,0.4637148380279541,0.5557389855384827,0.800000011920929,0.6225818395614624,0,1,0,0.27073249220848083,0,1,0.13615848124027252,0,1,0.18687431514263153,0,1,0.12669625878334045,0,1,0.27953746914863586
subject_14:sample_0000734,14,734,0,0,1,0,1,0.7269687652587891,0.46086668968200684,0.5526847839355469,0.800000011920929,0.6203897595405579,0,1,0,0.27272626757621765,0,1,0.13750305771827698,0,1,0.19027790427207947,0,1,0.1292676329612732,0,1,0.2702241539955139
subject_14:sample_0000735,14,735,0,0,1,0,1,0.7230712175369263,0.4551367461681366,0.5446121692657471,0.800000011920929,0.6153540015220642,0,1,0,0.2767246663570404,0,1,0.13783958554267883,0,1,0.191537007689476,0,1,0.13012957572937012,0,1,0.2637682855129242
subject_14:sample_0000736,14,736,0,0,1,0,1,0.718813955783844,0.44983991980552673,0.5341132879257202,0.800000011920929,0.6096765398979187,0,1,0,0.2810375392436981,0,1,0.13664719462394714,0,1,0.1916843205690384,0,1,0.13019998371601105,0,1,0.2604299783706665
subject_14:sample_0000737,14,737,0,0,1,0,1,0.7139955759048462,0.4487878978252411,0.5133143067359924,0.800000011920929,0.602285623550415,0,1,0,0.28588396310806274,0,1,0.1368056684732437,0,1,0.190012589097023,0,1,0.13110534846782684,0,1,0.2561914324760437
subject_14:sample_0000738,14,738,0,0,1,0,1,0.7082434892654419,0.4504091441631317,0.48765450716018677,0.800000011920929,0.5939474701881409,0,1,0,0.2916669249534607,0,1,0.13722114264965057,0,1,0.18611261248588562,0,1,0.13024255633354187,0,1,0.25475576519966125
subject_14:sample_0000739,14,739,0,0,1,0,1,0.704414963722229,0.45679429173469543,0.4663059115409851,0.800000011920929,0.5886098742485046,0,1,0,0.29551348090171814,0,1,0.13922777771949768,0,1,0.18250945210456848,0,1,0.1299634873867035,0,1,0.2527848780155182
subject_14:sample_0000740,14,740,0,0,1,0,1,0.7012307643890381,0.4625171720981598,0.45077621936798096,0.800000011920929,0.5848034620285034,0,1,0,0.2987126111984253,0,1,0.1405550092458725,0,1,0.17963892221450806,0,1,0.1291736662387848,0,1,0.25191885232925415
subject_14:sample_0000741,14,741,0,0,1,0,1,0.6961984038352966,0.45832982659339905,0.44127219915390015,0.800000011920929,0.5793311595916748,0,1,0,0.30376020073890686,0,1,0.13921350240707397,0,1,0.17651699483394623,0,1,0.12713193893432617,0,1,0.2533763647079468
subject_14:sample_0000742,14,742,0,0,1,0,1,0.6906374096870422,0.4496403634548187,0.4348076581954956,0.800000011920929,0.5732916593551636,0,1,0,0.3093322813510895,0,1,0.13674554228782654,0,1,0.17364369332790375,0,1,0.12486021220684052,0,1,0.2554172873497009
subject_14:sample_0000743,14,743,0,0,1,0,1,0.6841386556625366,0.43742454051971436,0.429276704788208,0.800000011920929,0.5661984086036682,0,1,0,0.3158397376537323,0,1,0.13313168287277222,0,1,0.1701761931180954,0,1,0.12218158692121506,0,1,0.2586698532104492
subject_14:sample_0000744,14,744,0,0,1,0,1,0.6772040128707886,0.4180928170681,0.42962539196014404,0.800000011920929,0.5585255026817322,0,1,0,0.32278087735176086,0,1,0.12909124791622162,0,1,0.1662849336862564,0,1,0.11878213286399841,0,1,0.2630598843097687
subject_14:sample_0000745,14,745,0,0,1,0,1,0.670131266117096,0.39608335494995117,0.4334067106246948,0.800000011920929,0.5507861971855164,0,1,0,0.3298576772212982,0,1,0.1250438541173935,0,1,0.16265588998794556,0,1,0.11537016928195953,0,1,0.2670714259147644
subject_14:sample_0000746,14,746,3,0,0,0,0,0.9996626377105713,0.9993324875831604,0.9977903366088867,1.0,0.9991959929466248,1,0,0,0.05058829113841057,0,0,0.06803465634584427,0,0,0.7516589760780334,0,0,0.06518659740686417,0,0,0.06453052908182144
subject_14:sample_0000747,14,747,3,0,0,0,0,0.9998735785484314,0.9997522830963135,0.9990816712379456,1.0,0.9996768236160278,1,0,0,0.049917738884687424,0,0,0.06681877374649048,0,0,0.7554833292961121,0,0,0.06426329910755157,0,0,0.06351582705974579
subject_14:sample_0000748,14,748,3,0,0,0,0,0.9999142289161682,0.9998340010643005,0.9993495345115662,1.0,0.9997743964195251,1,0,0,0.05180390551686287,0,0,0.06908213347196579,0,0,0.7463101744651794,0,0,0.06683043390512466,0,0,0.06597243249416351
subject_14:sample_0000749,14,749,3,0,0,0,0,0.9998986124992371,0.9998041391372681,0.9992405772209167,1.0,0.9997357726097107,1,0,0,0.0529230497777462,0,0,0.07057232409715652,0,0,0.7405031323432922,0,0,0.06859217584133148,0,0,0.06740837544202805
subject_14:sample_0000750,14,750,3,0,0,0,0,0.9998307824134827,0.9996670484542847,0.9988058805465698,1.0,0.9995757937431335,1,0,0,0.04998882859945297,0,0,0.0666867196559906,0,0,0.754324197769165,0,0,0.06563150137662888,0,0,0.06336783617734909
subject_14:sample_0000751,14,751,3,0,0,0,0,0.9995670318603516,0.9991423487663269,0.9972437620162964,1.0,0.9989877939224243,1,0,0,0.050842344760894775,0,0,0.06775921583175659,0,0,0.7489445805549622,0,0,0.06824147701263428,0,0,0.06421143561601639
subject_14:sample_0000752,14,752,3,0,0,0,0,0.998555600643158,0.9971259832382202,0.9920840859413147,1.0,0.9969368577003479,1,0,0,0.05287189781665802,0,0,0.07053537666797638,0,0,0.7334296107292175,0,0,0.076420359313488,0,0,0.06674181669950485
subject_14:sample_0000753,14,753,3,0,0,0,0,0.8241494297981262,0.6485978364944458,0.6628115177154541,1.0,0.7715123295783997,1,0,0,0.05428556352853775,0,0,0.07447261363267899,0,0,0.6150109767913818,0,0,0.18644659221172333,0,0,0.06978326290845871
subject_14:sample_0000754,14,754,3,0,0,0,0,0.6275185942649841,0.25541144609451294,0.5214189291000366,0.800000011920929,0.5084940791130066,0,0,0,0.041957903653383255,0,0,0.06500782817602158,3,1,0.38052821159362793,0,0,0.45486950874328613,0,0,0.05763561278581619
subject_14:sample_0000755,14,755,3,3,1,0,0,0.5896440148353577,0.20511531829833984,0.4412950277328491,0.4000000059604645,0.3822471499443054,0,0,0,0.05559806898236275,0,0,0.10282070189714432,3,1,0.34079599380493164,3,1,0.4033558964729309,0,0,0.09742837399244308
subject_14:sample_0000756,14,756,3,0,0,0,0,0.4163779616355896,0.09920105338096619,0.2189319133758545,0.6000000238418579,0.2714039087295532,0,0,0,0.08467251062393188,0,0,0.13719137012958527,3,1,0.27700257301330566,1,0,0.3070104122161865,0,0,0.19412218034267426
subject_14:sample_0000757,14,757,3,1,0,0,0,0.4414832890033722,0.1275438666343689,0.22767645120620728,0.4000000059604645,0.2676011621952057,0,0,0,0.11607415229082108,0,0,0.1970505267381668,3,1,0.24417026340961456,1,0,0.2550167441368103,1,0,0.18768735229969025
subject_14:sample_0000758,14,758,3,0,0,0,0,0.4155183434486389,0.028272628784179688,0.23989999294281006,0.4000000059604645,0.18323636054992676,0,0,0,0.15763916075229645,0,0,0.25781726837158203,3,1,0.21597780287265778,1,0,0.21322835981845856,1,0,0.1553364396095276
subject_14:sample_0000759,14,759,3,0,0,0,0,0.49419742822647095,0.08964872360229492,0.3165178894996643,0.4000000059604645,0.2736690640449524,0,0,0,0.198636993765831,0,0,0.2959425151348114,3,1,0.19328197836875916,1,0,0.1787407249212265,1,0,0.13339684903621674
subject_14:sample_0000760,14,760,3,0,0,0,0,0.4898271858692169,0.04077121615409851,0.3644605875015259,0.4000000059604645,0.23228797316551208,0,0,0,0.21808235347270966,0,0,0.2851431369781494,1,0,0.19310025870800018,1,0,0.17165641486644745,1,0,0.1320168823003769
subject_14:sample_0000761,14,761,3,0,0,0,0,0.47909268736839294,0.028242647647857666,0.35145241022109985,0.4000000059604645,0.20883961021900177,0,0,0,0.22393007576465607,0,0,0.2796228229999542,1,0,0.19269655644893646,1,0,0.17130324244499207,1,0,0.13244636356830597
subject_14:sample_0000762,14,762,3,0,0,0,0,0.46261096000671387,0.008691012859344482,0.3337881565093994,0.4000000059604645,0.1522139012813568,0,0,0,0.2281392514705658,0,0,0.2743193507194519,1,0,0.19272004067897797,1,0,0.17156505584716797,1,0,0.13325533270835876
subject_14:sample_0000763,14,763,3,1,0,0,0,0.45827966928482056,0.015509545803070068,0.31589245796203613,0.6000000238418579,0.19158218801021576,0,0,0,0.22993898391723633,0,0,0.27090635895729065,1,0,0.1929829716682434,1,0,0.17199893295764923,1,0,0.13417182862758636
subject_14:sample_0000764,14,764,3,1,0,0,0,0.46381962299346924,0.04878765344619751,0.2943553328514099,0.6000000238418579,0.25143200159072876,0,0,0,0.23174096643924713,0,0,0.2672799527645111,1,0,0.19326409697532654,1,0,0.17234042286872864,1,0,0.13537360727787018
subject_14:sample_0000765,14,765,3,1,0,0,0,0.4683547616004944,0.08179578185081482,0.27577638626098633,0.6000000238418579,0.2821652591228485,0,0,0,0.23351401090621948,0,0,0.2638130486011505,1,0,0.19362342357635498,1,0,0.17256928980350494,1,0,0.1364792287349701
subject_14:sample_0000766,14,766,3,1,0,0,0,0.471875935792923,0.11466675996780396,0.260387122631073,0.6000000238418579,0.30322083830833435,0,0,0,0.23588311672210693,3,1,0.25950121879577637,1,0,0.1940058469772339,1,0,0.1728885918855667,1,0,0.1377202421426773
subject_14:sample_0000767,14,767,3,1,0,0,0,0.4740857481956482,0.13673493266105652,0.2524791955947876,0.6000000238418579,0.3147953748703003,0,0,0,0.23840345442295074,3,1,0.25516214966773987,1,0,0.19422292709350586,1,0,0.17327743768692017,1,0,0.13893313705921173
subject_14:sample_0000768,14,768,3,1,0,0,0,0.47512584924697876,0.1566646695137024,0.2462126612663269,0.6000000238418579,0.32382500171661377,0,0,0,0.24060536921024323,3,1,0.2509250044822693,1,0,0.19443778693675995,1,0,0.17402873933315277,1,0,0.14000214636325836
subject_14:sample_0000769,14,769,3,1,0,0,0,0.47462794184684753,0.16706830263137817,0.24285495281219482,0.6000000238418579,0.32785847783088684,0,0,0,0.24335643649101257,3,1,0.2468443065881729,1,0,0.194397434592247,1,0,0.17465312778949738,1,0,0.14074772596359253
subject_14:sample_0000770,14,770,3,1,0,0,0,0.4723009765148163,0.17370140552520752,0.2396143078804016,0.6000000238418579,0.329550176858902,0,0,0,0.24632367491722107,3,1,0.2428041398525238,1,0,0.19426576793193817,1,0,0.17525744438171387,1,0,0.14134807884693146
subject_14:sample_0000771,14,771,3,1,0,0,0,0.4720739722251892,0.1821765899658203,0.23804104328155518,0.6000000238418579,0.3329096734523773,0,0,0,0.250386118888855,3,1,0.23801368474960327,1,0,0.1941480040550232,1,0,0.17543593049049377,1,0,0.14201532304286957
subject_14:sample_0000772,14,772,3,1,0,0,0,0.4719535708427429,0.1879270374774933,0.237235426902771,0.6000000238418579,0.335200697183609,0,0,0,0.2517446279525757,3,1,0.23617126047611237,1,0,0.19400903582572937,1,0,0.17568764090538025,1,0,0.14238648116588593
subject_14:sample_0000773,14,773,3,1,0,0,0,0.47278472781181335,0.1924901008605957,0.23724961280822754,0.6000000238418579,0.3373705744743347,0,0,0,0.2521136403083801,3,1,0.23554933071136475,1,0,0.19383196532726288,1,0,0.17584984004497528,1,0,0.14265429973602295
subject_14:sample_0000774,14,774,0,3,0,3,0,0.9993634223937988,0.9988836050033569,0.9958474040031433,1.0,0.9985224008560181,1,3,0,0.19694456458091736,3,0,0.22638781368732452,3,0,0.1862717717885971,3,0,0.1799410879611969,3,0,0.2104538083076477
subject_14:sample_0000775,14,775,0,3,0,3,0,0.9993647336959839,0.9988861680030823,0.9958548545837402,1.0,0.9985252022743225,1,3,0,0.1986408680677414,3,0,0.22673769295215607,3,0,0.18559138476848602,3,0,0.17921948432922363,3,0,0.20980961620807648
subject_14:sample_0000776,14,776,0,3,0,3,0,0.9993665814399719,0.9988895654678345,0.9958657026290894,1.0,0.998529314994812,1,3,0,0.19977694749832153,3,0,0.2271922081708908,3,0,0.18494777381420135,3,0,0.17849138379096985,3,0,0.20959068834781647
subject_14:sample_0000777,14,777,0,3,0,3,0,0.9993695020675659,0.9988940954208374,0.9958826303482056,1.0,0.9985353946685791,1,3,0,0.2009831815958023,3,0,0.22727978229522705,3,0,0.1843966394662857,3,0,0.17768189311027527,3,0,0.20965754985809326
subject_14:sample_0000778,14,778,0,3,0,3,0,0.9993733763694763,0.9989014267921448,0.9959041476249695,1.0,0.9985434412956238,1,3,0,0.2027735561132431,3,0,0.22653204202651978,3,0,0.1834631860256195,3,0,0.1769164800643921,3,0,0.21031372249126434
subject_14:sample_0000779,14,779,0,3,0,3,0,0.9993760585784912,0.9989057779312134,0.9959202408790588,1.0,0.9985492825508118,1,3,0,0.20271824300289154,3,0,0.2259913980960846,3,0,0.18380671739578247,3,0,0.1771995574235916,3,0,0.210283100605011
subject_14:sample_0000780,14,780,0,3,0,3,0,0.999379575252533,0.9989121556282043,0.9959398508071899,1.0,0.9985566735267639,1,3,0,0.20258870720863342,3,0,0.22517463564872742,3,0,0.1840013712644577,3,0,0.17765997350215912,3,0,0.21057440340518951
subject_14:sample_0000781,14,781,0,3,0,3,0,0.9993852376937866,0.9989233016967773,0.9959706664085388,1.0,0.998568594455719,1,3,0,0.20267274975776672,3,0,0.22512198984622955,3,0,0.1837439090013504,3,0,0.17806865274906158,3,0,0.2103918045759201
subject_14:sample_0000782,14,782,0,3,0,3,0,0.9993912577629089,0.9989356398582458,0.9960036873817444,1.0,0.9985814690589905,1,3,0,0.20265290141105652,3,0,0.2247968316078186,3,0,0.1837751865386963,3,0,0.17865079641342163,3,0,0.21012338995933533
subject_14:sample_0000783,14,783,0,3,0,3,0,0.9993977546691895,0.9989485144615173,0.9960387945175171,1.0,0.998595118522644,1,3,0,0.2023146003484726,3,0,0.2248515635728836,3,0,0.18419189751148224,3,0,0.17947232723236084,3,0,0.20916873216629028
subject_14:sample_0000784,14,784,0,3,0,3,0,0.9994048476219177,0.9989631175994873,0.9960781931877136,1.0,0.9986104369163513,1,3,0,0.20223571360111237,3,0,0.2251790165901184,3,0,0.18456785380840302,3,0,0.18042416870594025,3,0,0.20759229362010956
subject_14:sample_0000785,14,785,0,3,0,3,0,0.9994107484817505,0.998975396156311,0.996109664440155,1.0,0.9986228942871094,1,3,0,0.20170912146568298,3,0,0.22625385224819183,3,0,0.18507981300354004,3,0,0.18158411979675293,3,0,0.20537211000919342
subject_14:sample_0000786,14,786,0,3,0,3,0,0.9994154572486877,0.9989845752716064,0.9961353540420532,1.0,0.9986327290534973,1,3,0,0.20051021873950958,3,0,0.22786369919776917,3,0,0.18589290976524353,3,0,0.18292422592639923,3,0,0.2028079777956009
subject_14:sample_0000787,14,787,0,3,0,3,0,0.9994192719459534,0.998991847038269,0.9961557984352112,1.0,0.9986406564712524,1,3,0,0.1993696689605713,3,0,0.22959738969802856,3,0,0.18637830018997192,3,0,0.18398883938789368,3,0,0.20066484808921814
subject_14:sample_0000788,14,788,0,3,0,3,0,0.9994211792945862,0.9989955425262451,0.9961647987365723,1.0,0.9986442923545837,1,3,0,0.19847264885902405,3,0,0.23142386972904205,3,0,0.1862017810344696,3,0,0.18449482321739197,3,0,0.19940589368343353
subject_14:sample_0000789,14,789,0,3,0,3,0,0.9994185566902161,0.9989907741546631,0.9961483478546143,1.0,0.9986383318901062,1,3,0,0.19820520281791687,3,0,0.23193612694740295,3,0,0.1856871247291565,3,0,0.18421413004398346,3,0,0.19995644688606262
subject_14:sample_0000790,14,790,0,3,0,3,0,0.9994149208068848,0.9989855289459229,0.996124267578125,1.0,0.9986300468444824,1,3,0,0.1986473947763443,3,0,0.2309270054101944,3,0,0.18533797562122345,3,0,0.1834307312965393,3,0,0.20165593922138214
subject_14:sample_0000791,14,791,0,3,0,3,0,0.9994114637374878,0.9989826083183289,0.996099591255188,1.0,0.9986223578453064,1,3,0,0.1990850567817688,3,0,0.2290721833705902,3,0,0.18565870821475983,3,0,0.18274450302124023,3,0,0.20343849062919617
subject_14:sample_0000792,14,792,0,3,0,3,0,0.9994070529937744,0.9989809989929199,0.9960663914680481,1.0,0.9986124634742737,1,3,0,0.19783470034599304,3,0,0.22739410400390625,3,0,0.18632499873638153,3,0,0.1827583611011505,3,0,0.20568686723709106
subject_14:sample_0000793,14,793,0,3,0,3,0,0.999395489692688,0.9989693760871887,0.9959887266159058,1.0,0.9985872507095337,1,3,0,0.19284605979919434,3,0,0.2272292822599411,3,0,0.187332883477211,3,0,0.18334612250328064,3,0,0.20924469828605652
subject_14:sample_0000794,14,794,0,3,0,3,0,0.999367892742157,0.998934268951416,0.9958131909370422,1.0,0.9985275268554688,1,3,0,0.18821650743484497,3,0,0.23099388182163239,3,0,0.18966816365718842,3,0,0.17507030069828033,3,0,0.21605020761489868
subject_14:sample_0000795,14,795,0,3,0,3,0,0.9993371367454529,0.9988981485366821,0.9956175684928894,1.0,0.9984617829322815,1,3,0,0.18568460643291473,3,0,0.23408779501914978,3,0,0.18894292414188385,3,0,0.17037619650363922,3,0,0.22090750932693481
subject_14:sample_0000796,14,796,0,3,0,3,0,0.9993022084236145,0.9988569021224976,0.9953994154930115,1.0,0.9983879923820496,1,3,0,0.18490411341190338,3,0,0.2356119602918625,3,0,0.18656617403030396,3,0,0.16969344019889832,3,0,0.22322335839271545
subject_14:sample_0000797,14,797,0,3,0,3,0,0.9992601275444031,0.9988085627555847,0.9951403737068176,1.0,0.9983005523681641,1,3,0,0.18482233583927155,3,0,0.23595015704631805,3,0,0.18530285358428955,3,0,0.1695491075515747,3,0,0.22437453269958496
subject_14:sample_0000798,14,798,0,3,0,3,0,0.9991953372955322,0.9987346529960632,0.994749128818512,1.0,0.9981676936149597,1,3,0,0.18492864072322845,3,0,0.23638616502285004,3,0,0.18449467420578003,3,0,0.16904069483280182,3,0,0.22514890134334564
subject_14:sample_0000799,14,799,0,3,0,3,0,0.9989916086196899,0.9984987378120422,0.9935718178749084,1.0,0.9977625012397766,1,3,0,0.18581153452396393,3,0,0.2357679158449173,3,0,0.1846880316734314,3,0,0.1687937080860138,3,0,0.2249377965927124
subject_14:sample_0000800,14,800,0,3,0,3,0,0.9982752203941345,0.9972402453422546,0.9897890686988831,1.0,0.9963184595108032,1,3,0,0.18694430589675903,3,0,0.23436811566352844,3,0,0.1857829988002777,3,0,0.1691868007183075,3,0,0.2237168252468109
subject_14:sample_0000801,14,801,0,3,0,3,0,0.9941526055335999,0.9892487525939941,0.9719796180725098,1.0,0.9887896180152893,1,3,0,0.1881885528564453,3,0,0.23235097527503967,3,0,0.18764713406562805,3,0,0.1708267629146576,3,0,0.22098562121391296
subject_14:sample_0000802,14,802,0,3,0,3,0,0.9719294905662537,0.9452746510505676,0.9033210873603821,1.0,0.9544621706008911,1,3,0,0.18893831968307495,3,0,0.22886672616004944,3,0,0.18993166089057922,3,0,0.17462743818759918,3,0,0.21763484179973602
subject_14:sample_0000803,14,803,0,3,0,3,0,0.9141710996627808,0.8300724029541016,0.7823331356048584,1.0,0.8777762055397034,1,3,0,0.18968670070171356,3,0,0.22601473331451416,3,0,0.19220735132694244,3,0,0.1781582236289978,3,0,0.2139320969581604
subject_14:sample_0000804,14,804,0,3,0,3,0,0.8576931357383728,0.7169667482376099,0.6982393264770508,0.800000011920929,0.7655636072158813,1,3,0,0.1910342127084732,3,0,0.22312688827514648,3,0,0.19526764750480652,3,0,0.18058228492736816,2,0,0.209988072514534
subject_14:sample_0000805,14,805,0,3,0,3,0,0.8213597536087036,0.64396071434021,0.6557472944259644,0.800000011920929,0.72577965259552,1,3,0,0.19245165586471558,3,0,0.22093631327152252,3,0,0.19775930047035217,3,0,0.18271394073963165,2,0,0.20613783597946167
subject_14:sample_0000806,14,806,0,3,0,3,0,0.809018075466156,0.6190375089645386,0.6433675289154053,0.800000011920929,0.7125348448753357,1,3,0,0.19407759606838226,3,0,0.2190539687871933,3,0,0.19997632503509521,3,0,0.1845158189535141,2,0,0.20237529277801514
subject_14:sample_0000807,14,807,0,3,0,3,0,0.8074197173118591,0.6157402396202087,0.6420724391937256,0.800000011920929,0.7108741402626038,1,3,0,0.19655965268611908,3,0,0.21674907207489014,3,0,0.20165269076824188,3,0,0.18689510226249695,2,0,0.19814258813858032
subject_14:sample_0000808,14,808,0,3,0,3,0,0.8089491128921509,0.6187930107116699,0.6436589956283569,0.800000011920929,0.7125298976898193,1,3,0,0.19862568378448486,3,0,0.214887797832489,3,0,0.20281939208507538,3,0,0.18862126767635345,2,0,0.19504480063915253
subject_14:sample_0000809,14,809,0,3,0,3,0,0.8107994794845581,0.6225504875183105,0.6453210115432739,0.800000011920929,0.7144773602485657,1,3,0,0.20064663887023926,3,0,0.21327003836631775,3,0,0.20366041362285614,3,0,0.18989145755767822,2,0,0.19253048300743103
subject_14:sample_0000810,14,810,0,3,0,3,0,0.8132300972938538,0.6276054978370667,0.6470741033554077,0.800000011920929,0.7169453501701355,1,3,0,0.20236347615718842,3,0,0.21276478469371796,3,0,0.20363634824752808,3,0,0.1911705881357193,2,0,0.19006383419036865
subject_14:sample_0000811,14,811,0,3,0,3,0,0.8174925446510315,0.6364078521728516,0.6505643725395203,0.800000011920929,0.7213564515113831,1,3,0,0.2020193189382553,3,0,0.2129419595003128,3,0,0.2020423859357834,3,0,0.19151926040649414,2,0,0.19147618114948273
subject_14:sample_0000812,14,812,0,3,0,3,0,0.8313469290733337,0.6648068428039551,0.6636607050895691,0.800000011920929,0.7360010743141174,1,3,0,0.20121222734451294,3,0,0.214339479804039,3,0,0.19987770915031433,3,0,0.19252203404903412,2,0,0.19204765558242798
subject_14:sample_0000813,14,813,0,3,0,3,0,0.8767120242118835,0.7581036686897278,0.7151188850402832,0.800000011920929,0.7852599024772644,1,3,0,0.20023146271705627,3,0,0.21715980768203735,3,0,0.1965201050043106,3,0,0.1937273144721985,2,0,0.19236037135124207
subject_14:sample_0000814,14,814,0,3,0,3,0,0.9331295490264893,0.8876673579216003,0.7910699844360352,1.0,0.8997083902359009,1,3,0,0.1995157152414322,3,0,0.21970507502555847,3,0,0.19312025606632233,3,0,0.19525574147701263,3,0,0.19240234792232513
subject_14:sample_0000815,14,815,0,3,0,3,0,0.8702501654624939,0.7496358156204224,0.6967149376869202,1.0,0.8210836052894592,1,3,0,0.19930322468280792,3,0,0.22104038298130035,3,0,0.19118823111057281,3,0,0.1962050348520279,3,0,0.1922621726989746
subject_14:sample_0000816,14,816,0,3,0,3,0,0.7921739816665649,0.5870217084884644,0.620418906211853,0.800000011920929,0.693126380443573,0,3,0,0.19865788519382477,3,0,0.2217283546924591,3,0,0.18991878628730774,3,0,0.19649173319339752,0,1,0.19320225715637207
subject_14:sample_0000817,14,817,3,3,1,3,1,0.9897806644439697,0.9811879992485046,0.9554298520088196,1.0,0.9814597964286804,1,3,1,0.18327391147613525,3,1,0.213192418217659,3,1,0.1879052370786667,3,1,0.1815541684627533,3,1,0.2340732216835022
subject_14:sample_0000818,14,818,3,3,1,3,1,0.9894375205039978,0.9805184006690979,0.9542367458343506,1.0,0.9809007048606873,1,3,1,0.18323415517807007,3,1,0.21333040297031403,3,1,0.18784576654434204,3,1,0.18176071345806122,3,1,0.23382802307605743
subject_14:sample_0000819,14,819,3,3,1,3,1,0.9876043200492859,0.9769700765609741,0.947988748550415,1.0,0.977950394153595,1,3,1,0.18383269011974335,3,1,0.21219874918460846,3,1,0.1872369796037674,3,1,0.1826925277709961,3,1,0.23403804004192352
subject_14:sample_0000820,14,820,3,3,1,3,1,0.9876376390457153,0.9770950078964233,0.948040246963501,1.0,0.978003203868866,1,3,1,0.18456241488456726,3,1,0.20930030941963196,3,1,0.18674470484256744,3,1,0.18322713673114777,3,1,0.23616448044776917
subject_14:sample_0000821,14,821,3,3,1,3,1,0.987950325012207,0.9777559638023376,0.9490317106246948,1.0,0.9785016775131226,1,3,1,0.18508456647396088,3,1,0.20703129470348358,3,1,0.18687476217746735,3,1,0.18377864360809326,3,1,0.23722973465919495
subject_14:sample_0000822,14,822,3,3,1,3,1,0.9884739518165588,0.9788232445716858,0.9507496356964111,1.0,0.9793409109115601,1,3,1,0.18556760251522064,3,1,0.20516759157180786,3,1,0.18703283369541168,3,1,0.1845133751630783,3,1,0.2377176433801651
subject_14:sample_0000823,14,823,3,3,1,3,1,0.9886330962181091,0.9791485667228699,0.9512732625007629,1.0,0.9795965552330017,1,3,1,0.18563471734523773,3,1,0.20449252426624298,3,1,0.18736869096755981,3,1,0.18512870371341705,3,1,0.23737436532974243
subject_14:sample_0000824,14,824,3,3,1,3,1,0.9900884628295898,0.9820195436477661,0.9562844634056091,1.0,0.9819634556770325,1,3,1,0.1859753280878067,3,1,0.2031208723783493,3,1,0.18772505223751068,3,1,0.18602976202964783,3,1,0.2371480017900467
subject_14:sample_0000825,14,825,3,3,1,3,1,0.9902724623680115,0.9823682308197021,0.9569392800331116,1.0,0.9822642803192139,1,3,1,0.18592716753482819,3,1,0.20267155766487122,3,1,0.18813849985599518,3,1,0.1864519715309143,3,1,0.2368098348379135
subject_14:sample_0000826,14,826,3,3,1,3,1,0.9918729066848755,0.9854539036750793,0.9627472758293152,1.0,0.9849204421043396,1,3,1,0.18563051521778107,3,1,0.20204609632492065,3,1,0.18899127840995789,3,1,0.18668022751808167,3,1,0.23665091395378113
subject_14:sample_0000827,14,827,3,3,1,3,1,0.9922911524772644,0.9862378835678101,0.9643141031265259,1.0,0.9856207370758057,1,3,1,0.1850297451019287,3,1,0.20247919857501984,3,1,0.18971452116966248,3,1,0.18659497797489166,3,1,0.2361806035041809
subject_14:sample_0000828,14,828,3,3,1,3,1,0.9926368594169617,0.9868848323822021,0.9656186103820801,1.0,0.9862014055252075,1,3,1,0.18451456725597382,3,1,0.20256949961185455,3,1,0.19022388756275177,3,1,0.18645185232162476,3,1,0.23623915016651154
subject_14:sample_0000829,14,829,3,3,1,3,1,0.9927677512168884,0.9871280193328857,0.9661077260971069,1.0,0.9864194989204407,1,3,1,0.18411323428153992,3,1,0.2032354474067688,3,1,0.19057103991508484,3,1,0.1862567663192749,3,1,0.2358226180076599
subject_14:sample_0000830,14,830,3,3,1,3,1,0.9935951232910156,0.9887155294418335,0.9692866802215576,1.0,0.9878323674201965,1,3,1,0.18351322412490845,3,1,0.20331299304962158,3,1,0.19121770560741425,3,1,0.18602268397808075,3,1,0.23593248426914215
subject_14:sample_0000831,14,831,3,3,1,3,1,0.9941374659538269,0.9897933006286621,0.9714051485061646,1.0,0.9887758493423462,1,3,1,0.1837516576051712,3,1,0.20230723917484283,3,1,0.19131769239902496,3,1,0.18647462129592896,3,1,0.23614777624607086
subject_14:sample_0000832,14,832,3,3,1,3,1,0.9942525029182434,0.9900412559509277,0.9718464016914368,1.0,0.9889786243438721,1,3,1,0.18374840915203094,3,1,0.2022046446800232,3,1,0.19133155047893524,3,1,0.1866484433412552,3,1,0.23606598377227783
subject_14:sample_0000833,14,833,3,3,1,3,1,0.9943192601203918,0.9901972413063049,0.9720962047576904,1.0,0.9890977144241333,1,3,1,0.18373076617717743,3,1,0.20201002061367035,3,1,0.19117414951324463,3,1,0.18668918311595917,3,1,0.23639488220214844
subject_14:sample_0000834,14,834,3,3,1,3,1,0.9948312044143677,0.9912167191505432,0.9741619825363159,1.0,0.9900047183036804,1,3,1,0.18408691883087158,3,1,0.2013750672340393,3,1,0.1909368932247162,3,1,0.18702706694602966,3,1,0.23657312989234924
subject_14:sample_0000835,14,835,3,3,1,3,1,0.9946045875549316,0.9908730387687683,0.9731910824775696,1.0,0.9896158576011658,1,3,1,0.18551625311374664,3,1,0.20082540810108185,3,1,0.1901862472295761,3,1,0.1882157176733017,3,1,0.2352554351091385
subject_14:sample_0000836,14,836,3,3,1,3,1,0.9949226975440979,0.991523265838623,0.9744848012924194,1.0,0.9901860952377319,1,3,1,0.18607814610004425,3,1,0.20027245581150055,3,1,0.1893843412399292,3,1,0.18813681602478027,3,1,0.23612730205059052
subject_14:sample_0000837,14,837,3,3,1,3,1,0.9953961968421936,0.9924231767654419,0.9764744639396667,1.0,0.9910337924957275,1,3,1,0.18630699813365936,3,1,0.19988450407981873,3,1,0.1887435019016266,3,1,0.18775641918182373,3,1,0.237307608127594
subject_14:sample_0000838,14,838,3,3,1,3,1,0.9956328272819519,0.992874264717102,0.977486252784729,1.0,0.9914619326591492,1,3,1,0.1867685467004776,3,1,0.19953420758247375,3,1,0.18797355890274048,3,1,0.18747854232788086,3,1,0.2382441759109497
subject_14:sample_0000839,14,839,3,3,1,3,1,0.9959323406219482,0.9934476017951965,0.9787871837615967,1.0,0.9920092821121216,1,3,1,0.1873713582754135,3,1,0.19928359985351562,3,1,0.1870521903038025,3,1,0.18731050193309784,3,1,0.23898141086101532
subject_14:sample_0000840,14,840,3,3,1,3,1,0.9963710308074951,0.9942644238471985,0.9807358384132385,1.0,0.9928159713745117,1,3,1,0.18756598234176636,3,1,0.19930753111839294,3,1,0.18642382323741913,3,1,0.18694885075092316,3,1,0.2397528737783432
subject_14:sample_0000841,14,841,3,3,1,3,1,0.9968838095664978,0.9952147603034973,0.9830805063247681,1.0,0.9937739372253418,1,3,1,0.1882672756910324,3,1,0.19908325374126434,3,1,0.18591700494289398,3,1,0.18682491779327393,3,1,0.2399066537618637
subject_14:sample_0000842,14,842,3,3,1,3,1,0.9972965121269226,0.9959644079208374,0.9850295186042786,1.0,0.994556188583374,1,3,1,0.18865394592285156,3,1,0.19898256659507751,3,1,0.185876727104187,3,1,0.1865740865468979,3,1,0.2399117648601532
subject_14:sample_0000843,14,843,3,3,1,3,1,0.9976453185081482,0.9963871240615845,0.9867250323295593,1.0,0.9951764941215515,1,3,1,0.1885630488395691,3,1,0.19886133074760437,3,1,0.18598727881908417,3,1,0.18615297973155975,3,1,0.24043433368206024
subject_14:sample_0000844,14,844,3,3,1,3,1,0.9978544116020203,0.9966393113136292,0.9877679944038391,1.0,0.995554506778717,1,3,1,0.1890864074230194,3,1,0.1986989825963974,3,1,0.1859329789876938,3,1,0.18599504232406616,3,1,0.24028563499450684
subject_14:sample_0000845,14,845,3,3,1,3,1,0.9980940818786621,0.9969386458396912,0.9889881610870361,1.0,0.995996356010437,1,3,1,0.18947075307369232,3,1,0.19853350520133972,3,1,0.18606306612491608,3,1,0.18582990765571594,3,1,0.24010181427001953
subject_14:sample_0000846,14,846,3,3,1,3,1,0.9982701539993286,0.9971616268157959,0.9899056553840637,1.0,0.9963269233703613,1,3,1,0.1897600293159485,3,1,0.19894163310527802,3,1,0.18609991669654846,3,1,0.18546967208385468,3,1,0.23972785472869873
subject_14:sample_0000847,14,847,3,3,1,3,1,0.9984244108200073,0.9973609447479248,0.9907252192497253,1.0,0.9966213703155518,1,3,1,0.1901988387107849,3,1,0.19901727139949799,3,1,0.18621379137039185,3,1,0.1852593719959259,3,1,0.23930980265140533
subject_14:sample_0000848,14,848,3,3,1,3,1,0.9984592199325562,0.9974048733711243,0.9909144639968872,1.0,0.9966886639595032,1,3,1,0.19014626741409302,3,1,0.19954699277877808,3,1,0.18605634570121765,3,1,0.184808611869812,3,1,0.23944084346294403
subject_14:sample_0000849,14,849,3,3,1,3,1,0.9984617233276367,0.9974097609519958,0.9909273386001587,1.0,0.9966936111450195,1,3,1,0.18991045653820038,3,1,0.19956891238689423,3,1,0.18591450154781342,3,1,0.18442873656749725,3,1,0.24017637968063354
subject_14:sample_0000850,14,850,3,3,1,3,1,0.9984549880027771,0.9973998665809631,0.9908918738365173,1.0,0.9966806769371033,1,3,1,0.19010767340660095,3,1,0.1992194801568985,3,1,0.1858159303665161,3,1,0.18440647423267365,3,1,0.2404494434595108
subject_13:sample_0000000,13,0,1,3,0,3,0,0.999082088470459,0.9983172416687012,0.9943462610244751,1.0,0.997934103012085,1,3,0,0.20987489819526672,3,0,0.21612213551998138,3,0,0.16653671860694885,3,0,0.14764927327632904,3,0,0.2598159909248352
subject_13:sample_0000001,13,1,1,3,0,3,0,0.9990713000297546,0.998295247554779,0.9942908883094788,1.0,0.9979119896888733,1,3,0,0.2105993926525116,3,0,0.21544259786605835,3,0,0.16657224297523499,3,0,0.14765934646129608,3,0,0.2597254514694214
subject_13:sample_0000002,13,2,1,3,0,3,0,0.99906325340271,0.9982783198356628,0.994251012802124,1.0,0.9978957772254944,1,3,0,0.2109527289867401,3,0,0.21441254019737244,3,0,0.16712406277656555,3,0,0.14790129661560059,3,0,0.2596084475517273
subject_13:sample_0000003,13,3,1,3,0,3,0,0.9990473985671997,0.9982460141181946,0.9941702485084534,1.0,0.9978634715080261,1,3,0,0.21105198562145233,3,0,0.21358805894851685,3,0,0.1678956151008606,3,0,0.14829587936401367,3,0,0.25916749238967896
subject_13:sample_0000004,13,4,1,3,0,3,0,0.9990150928497314,0.9981812834739685,0.9940046072006226,1.0,0.9977976679801941,1,3,0,0.21160978078842163,3,0,0.2127799242734909,3,0,0.16832152009010315,3,0,0.148599311709404,3,0,0.25868844985961914
subject_13:sample_0000005,13,5,1,3,0,3,0,0.9989482164382935,0.9980471134185791,0.9936653971672058,1.0,0.9976622462272644,1,3,0,0.21331700682640076,3,0,0.21082282066345215,3,0,0.16852539777755737,3,0,0.1486935019493103,3,0,0.2586403489112854
subject_13:sample_0000006,13,6,1,3,0,3,0,0.9988442063331604,0.9978417158126831,0.9931386113166809,1.0,0.9974527359008789,1,3,0,0.21548908948898315,3,0,0.209373340010643,3,0,0.16793300211429596,3,0,0.1480714976787567,3,0,0.25913214683532715
subject_13:sample_0000007,13,7,1,3,0,3,0,0.9987192749977112,0.9975961446762085,0.9925151467323303,1.0,0.9972035884857178,1,3,0,0.21681080758571625,3,0,0.2080880105495453,3,0,0.1674780696630478,3,0,0.1475512534379959,3,0,0.2600708603858948
subject_13:sample_0000008,13,8,1,3,0,3,0,0.998563289642334,0.9972867369651794,0.9917529821395874,1.0,0.9968958497047424,1,3,0,0.21768176555633545,3,0,0.20597106218338013,3,0,0.1675465703010559,3,0,0.14714635908603668,3,0,0.26165324449539185
subject_13:sample_0000009,13,9,1,3,0,3,0,0.9983625411987305,0.9968881011009216,0.990792989730835,1.0,0.9965047836303711,1,3,0,0.21836183965206146,3,0,0.20416171848773956,3,0,0.16769017279148102,3,0,0.14689426124095917,3,0,0.26289108395576477
subject_13:sample_0000010,13,10,1,3,0,3,0,0.9978785514831543,0.9959248900413513,0.9885585904121399,1.0,0.9955812096595764,1,3,0,0.21959184110164642,3,0,0.20037204027175903,3,0,0.16811229288578033,3,0,0.14684878289699554,3,0,0.26507413387298584
subject_13:sample_0000011,13,11,1,3,0,3,0,0.9971028566360474,0.9943789839744568,0.9851544499397278,1.0,0.9941434860229492,1,3,0,0.2211998552083969,3,0,0.19716747105121613,3,0,0.16810905933380127,3,0,0.1465485841035843,3,0,0.26697415113449097
subject_13:sample_0000012,13,12,1,3,0,3,0,0.9954439401626587,0.9910701513290405,0.9783728718757629,1.0,0.9911888241767883,1,3,0,0.22355537116527557,3,0,0.1936374455690384,3,0,0.1679893583059311,3,0,0.1461457461118698,3,0,0.26867109537124634
subject_13:sample_0000013,13,13,1,3,0,3,0,0.9932531118392944,0.9866951704025269,0.9701170921325684,1.0,0.9874537587165833,1,3,0,0.22557373344898224,3,0,0.19044846296310425,3,0,0.16764625906944275,3,0,0.14569607377052307,3,0,0.27063459157943726
subject_13:sample_0000014,13,14,1,3,0,3,0,0.9891054630279541,0.9784114956855774,0.9558560848236084,1.0,0.9807068109512329,1,3,0,0.22767899930477142,3,0,0.18801762163639069,3,0,0.16706810891628265,3,0,0.14506499469280243,3,0,0.27216923236846924
subject_13:sample_0000015,13,15,1,3,0,3,0,0.9811177253723145,0.9624491333961487,0.9314978122711182,1.0,0.9684344530105591,1,3,0,0.23071053624153137,3,0,0.18443022668361664,3,0,0.1667211353778839,3,0,0.1447925567626953,3,0,0.27334460616111755
subject_13:sample_0000016,13,16,1,3,0,3,0,0.9617432951927185,0.9237247705459595,0.8817216753959656,1.0,0.9407697319984436,1,3,0,0.2343290150165558,3,0,0.1810663491487503,3,0,0.16600914299488068,3,0,0.14432452619075775,3,0,0.2742699980735779
subject_13:sample_0000017,13,17,1,3,0,3,0,0.9072760343551636,0.8148385882377625,0.7757151126861572,1.0,0.8702185153961182,1,3,0,0.23799751698970795,3,0,0.17759285867214203,3,0,0.1655997633934021,3,0,0.14409121870994568,3,0,0.2747177481651306
subject_13:sample_0000018,13,18,1,3,0,3,0,0.8044517040252686,0.6092362403869629,0.6416109800338745,0.800000011920929,0.708209753036499,1,1,1,0.2410443276166916,3,0,0.17435681819915771,3,0,0.16489945352077484,3,0,0.1437297910451889,3,0,0.27596861124038696
subject_13:sample_0000019,13,19,1,3,0,3,0,0.767436683177948,0.5352113842964172,0.6067845821380615,0.800000011920929,0.6682256460189819,0,1,1,0.24213391542434692,3,0,0.17288994789123535,3,0,0.16440458595752716,3,0,0.14340050518512726,3,0,0.2771700620651245
subject_13:sample_0000020,13,20,1,3,0,3,0,0.7233238816261292,0.4469887912273407,0.5725116729736328,0.800000011920929,0.6203345060348511,0,1,1,0.23987539112567902,3,0,0.17267020046710968,3,0,0.164333775639534,3,0,0.14351977407932281,3,0,0.2795998752117157
subject_13:sample_0000021,13,21,1,3,0,3,0,0.6961638331413269,0.39267784357070923,0.5549142360687256,0.800000011920929,0.5902227759361267,0,1,1,0.22992749512195587,3,0,0.17459189891815186,3,0,0.1659521907567978,3,0,0.14514733850955963,3,0,0.28438013792037964
subject_13:sample_0000022,13,22,1,3,0,3,0,0.6748981475830078,0.35015955567359924,0.5428695678710938,0.800000011920929,0.5660077929496765,0,1,1,0.21888884902000427,3,0,0.17792730033397675,3,0,0.16762180626392365,3,0,0.14681389927864075,3,0,0.2887471616268158
subject_13:sample_0000023,13,23,1,3,0,3,0,0.6640525460243225,0.32847630977630615,0.5372959971427917,0.800000011920929,0.5533533692359924,0,1,1,0.21300049126148224,3,0,0.18110348284244537,3,0,0.16764137148857117,3,0,0.14691177010536194,3,0,0.2913419306278229
subject_13:sample_0000024,13,24,1,3,0,3,0,0.6574939489364624,0.3153635561466217,0.5341122150421143,0.800000011920929,0.5455775260925293,0,1,1,0.20843668282032013,3,0,0.1842985600233078,3,0,0.1671520471572876,3,0,0.1465941220521927,3,0,0.2935176491737366
subject_13:sample_0000025,13,25,1,3,0,3,0,0.6593523025512695,0.31908106803894043,0.5349888801574707,0.800000011920929,0.5477889776229858,0,1,1,0.20710605382919312,3,0,0.1866060197353363,3,0,0.1662408411502838,3,0,0.14576582610607147,3,0,0.2942802906036377
subject_13:sample_0000026,13,26,1,3,0,3,0,0.6494711637496948,0.29932379722595215,0.5304036140441895,0.6000000238418579,0.4987291097640991,0,1,1,0.20126481354236603,3,0,0.18960008025169373,3,0,0.16645976901054382,3,0,0.14621195197105408,1,1,0.2964624762535095
subject_13:sample_0000027,13,27,1,3,0,3,0,0.6257663369178772,0.25192224979400635,0.5206788778305054,0.6000000238418579,0.4710857570171356,0,1,1,0.19144022464752197,3,0,0.19410136342048645,3,0,0.167631134390831,3,0,0.1477147787809372,1,1,0.2991114854812622
subject_13:sample_0000028,13,28,1,3,0,3,0,0.6091331243515015,0.21865850687026978,0.5149073600769043,0.6000000238418579,0.45039102435112,0,1,1,0.18579931557178497,3,0,0.19795987010002136,3,0,0.16812752187252045,3,0,0.14849604666233063,1,1,0.2996162474155426
subject_13:sample_0000029,13,29,1,3,0,3,0,0.5973315834999084,0.19505584239959717,0.5113298892974854,0.6000000238418579,0.43481722474098206,0,1,1,0.1824248880147934,3,0,0.20113155245780945,3,0,0.16835391521453857,3,0,0.1489490419626236,1,1,0.2991395592689514
subject_13:sample_0000030,13,30,1,3,0,3,0,0.5885112881660461,0.17741715908050537,0.5089195966720581,0.6000000238418579,0.42255935072898865,0,1,1,0.1783474236726761,3,0,0.20539985597133636,3,0,0.16889098286628723,3,0,0.14957936108112335,1,1,0.29778140783309937
subject_13:sample_0000031,13,31,1,3,0,3,0,0.5809612274169922,0.16231748461723328,0.507046639919281,0.6000000238418579,0.41155505180358887,0,1,1,0.17342719435691833,3,0,0.2102043479681015,3,0,0.16973374783992767,3,0,0.15059182047843933,1,1,0.29604196548461914
subject_13:sample_0000032,13,32,1,3,0,3,0,0.5744760036468506,0.14934390783309937,0.505592942237854,0.6000000238418579,0.40165475010871887,0,1,1,0.1683681607246399,3,0,0.21502092480659485,3,0,0.17127098143100739,3,0,0.15241511166095734,1,1,0.2929238975048065
subject_13:sample_0000033,13,33,1,3,0,3,0,0.5723737478256226,0.14513450860977173,0.5051700472831726,0.6000000238418579,0.39834538102149963,0,1,1,0.16454970836639404,3,0,0.21921607851982117,3,0,0.17269206047058105,3,0,0.15426810085773468,1,1,0.28927308320999146
subject_13:sample_0000034,13,34,1,3,0,3,0,0.5728589296340942,0.14609670639038086,0.505318820476532,0.6000000238418579,0.39911794662475586,0,1,1,0.16159619390964508,3,0,0.22290894389152527,3,0,0.1744116097688675,3,0,0.15657810866832733,1,1,0.2845042049884796
subject_13:sample_0000035,13,35,1,3,0,3,0,0.5753796696662903,0.15112709999084473,0.5059258341789246,0.6000000238418579,0.4030730724334717,0,1,1,0.15933647751808167,3,0,0.22566911578178406,3,0,0.17664562165737152,3,0,0.1594267636537552,1,1,0.27892106771469116
subject_13:sample_0000036,13,36,1,3,0,3,0,0.581924557685852,0.16420918703079224,0.5074713230133057,0.6000000238418579,0.41300633549690247,0,1,1,0.15669746696949005,3,0,0.22991737723350525,3,0,0.17973320186138153,3,0,0.1629275679588318,1,1,0.2707233726978302
subject_13:sample_0000037,13,37,1,3,0,3,0,0.5891265869140625,0.17860925197601318,0.5092926621437073,0.6000000238418579,0.42345550656318665,0,1,1,0.15372055768966675,3,0,0.23396097123622894,3,0,0.18223515152931213,3,0,0.16577239334583282,1,1,0.26431000232696533
subject_13:sample_0000038,13,38,1,3,0,3,0,0.5973642468452454,0.1950843632221222,0.5115422606468201,0.6000000238418579,0.4348842203617096,0,1,1,0.15094031393527985,3,0,0.23834306001663208,3,0,0.18491370975971222,3,0,0.16861669719219208,1,1,0.2571852207183838
subject_13:sample_0000039,13,39,1,3,0,3,0,0.6060220003128052,0.21240150928497314,0.5141146183013916,0.6000000238418579,0.4463898539543152,0,1,1,0.14804700016975403,3,0,0.24300295114517212,3,0,0.18744325637817383,3,0,0.17121681571006775,1,1,0.2502889931201935
subject_13:sample_0000040,13,40,1,3,0,3,0,0.6138486266136169,0.22805535793304443,0.5166397094726562,0.6000000238418579,0.45641523599624634,0,1,1,0.14598487317562103,3,0,0.24658456444740295,3,0,0.18996748328208923,3,0,0.17377546429634094,1,1,0.24368660151958466
subject_13:sample_0000041,13,41,1,3,0,3,0,0.6177586317062378,0.23587465286254883,0.5179771184921265,0.6000000238418579,0.46130743622779846,0,1,1,0.14560870826244354,3,0,0.24783068895339966,3,0,0.19146624207496643,3,0,0.17535582184791565,1,1,0.2397375851869583
subject_13:sample_0000042,13,42,2,1,0,1,0,0.6046411991119385,0.21010515093803406,0.5115742683410645,0.6000000238418579,0.4443739652633667,0,2,1,0.20772391557693481,1,0,0.1730175018310547,2,1,0.18283142149448395,1,0,0.27828213572502136,1,0,0.15814407169818878
subject_13:sample_0000043,13,43,2,1,0,1,0,0.6052272319793701,0.21127891540527344,0.5117465257644653,0.6000000238418579,0.445138543844223,0,2,1,0.20594559609889984,1,0,0.1727893054485321,2,1,0.18223290145397186,1,0,0.2812974750995636,1,0,0.1577337384223938
subject_13:sample_0000044,13,44,2,1,0,1,0,0.5977258086204529,0.19627821445465088,0.5094971656799316,0.6000000238418579,0.43517783284187317,0,2,1,0.2050367295742035,1,0,0.1698775738477707,2,1,0.18156258761882782,1,0,0.28644564747810364,1,0,0.15707653760910034
subject_13:sample_0000045,13,45,2,1,0,1,0,0.5607378482818604,0.12230223417282104,0.5009151697158813,0.6000000238418579,0.37890249490737915,0,2,1,0.2051725536584854,1,0,0.1684243083000183,2,1,0.18111971020698547,1,0,0.2880792021751404,1,0,0.1572032868862152
subject_13:sample_0000046,13,46,2,2,1,1,0,0.5752494931221008,0.15124255418777466,0.504186749458313,0.6000000238418579,0.40278029441833496,0,2,1,0.2061891257762909,1,0,0.1674489974975586,2,1,0.18253448605537415,2,1,0.28535038232803345,1,0,0.1584760695695877
subject_13:sample_0000047,13,47,2,2,1,1,0,0.6483541131019592,0.29737353324890137,0.5286800861358643,0.6000000238418579,0.49729570746421814,0,2,1,0.2076830118894577,1,0,0.16592825949192047,2,1,0.18421483039855957,2,1,0.2821027338504791,1,0,0.16007021069526672
subject_13:sample_0000048,13,48,2,2,1,1,0,0.6365603804588318,0.27380263805389404,0.5236022472381592,0.6000000238418579,0.48373496532440186,0,2,1,0.20697139203548431,1,0,0.16580310463905334,2,1,0.1837117224931717,2,1,0.283555805683136,1,0,0.15995700657367706
subject_13:sample_0000049,13,49,2,2,1,1,0,0.6404694318771362,0.28162235021591187,0.5252050161361694,0.6000000238418579,0.488271564245224,0,2,1,0.20768241584300995,1,0,0.16306695342063904,2,1,0.1852419674396515,2,1,0.284296452999115,1,0,0.15971121191978455
subject_13:sample_0000050,13,50,2,2,1,1,0,0.6641235947608948,0.32890599966049194,0.536088228225708,0.6000000238418579,0.514845609664917,0,2,1,0.20931769907474518,1,0,0.1612374186515808,2,1,0.18717250227928162,2,1,0.2819715738296509,1,0,0.1602998822927475
subject_13:sample_0000051,13,51,2,2,1,2,1,0.6743283271789551,0.34930264949798584,0.5413491725921631,0.6000000238418579,0.5259270071983337,0,2,1,0.21104875206947327,1,0,0.16058814525604248,2,1,0.1886112093925476,2,1,0.27859950065612793,1,0,0.1611514538526535
subject_13:sample_0000052,13,52,2,2,1,2,1,0.6762295365333557,0.35310184955596924,0.5423703193664551,0.6000000238418579,0.5279713273048401,0,2,1,0.21268391609191895,1,0,0.16085438430309296,2,1,0.1894080936908722,2,1,0.27492547035217285,1,0,0.16212722659111023
subject_13:sample_0000053,13,53,2,2,1,2,1,0.674924373626709,0.35049349069595337,0.5416690111160278,0.6000000238418579,0.5265687704086304,0,2,1,0.21267642080783844,1,0,0.1617981493473053,2,1,0.1890658289194107,2,1,0.27361857891082764,1,0,0.1628400832414627
subject_13:sample_0000054,13,54,2,2,1,2,1,0.6728566884994507,0.3463599681854248,0.5405746698379517,0.6000000238418579,0.5243415832519531,0,2,1,0.2123298943042755,1,0,0.163569375872612,2,1,0.188650444149971,2,1,0.2721666395664215,1,0,0.16328267753124237
subject_13:sample_0000055,13,55,2,2,1,2,1,0.6687959432601929,0.3382384777069092,0.5384835004806519,0.6000000238418579,0.5199481844902039,0,2,1,0.2114821821451187,1,0,0.16673068702220917,2,1,0.186942458152771,2,1,0.27053388953208923,1,0,0.1643098145723343
subject_13:sample_0000056,13,56,2,2,1,2,1,0.6631091237068176,0.32686251401901245,0.5356548428535461,0.6000000238418579,0.5137438178062439,0,2,1,0.21019382774829865,1,0,0.17127594351768494,2,1,0.18454748392105103,2,1,0.2684253752231598,1,0,0.1655564308166504
subject_13:sample_0000057,13,57,2,2,1,2,1,0.6539139151573181,0.3084685206413269,0.5313017964363098,0.6000000238418579,0.5035655498504639,0,2,1,0.20768959820270538,1,0,0.17932730913162231,2,1,0.18076713383197784,2,1,0.26546189188957214,1,0,0.1667531281709671
subject_13:sample_0000058,13,58,2,2,1,2,1,0.6422083973884583,0.28506356477737427,0.5261022448539734,0.6000000238418579,0.4902975559234619,0,2,1,0.20434299111366272,1,0,0.19039824604988098,2,1,0.17662933468818665,2,1,0.2612156271934509,1,0,0.1674128770828247
subject_13:sample_0000059,13,59,2,2,1,2,1,0.6298435926437378,0.26035961508750916,0.520989716053009,0.6000000238418579,0.47582435607910156,0,2,1,0.2005855292081833,1,0,0.20246398448944092,2,1,0.17242151498794556,2,1,0.2568438947200775,1,0,0.1676841378211975
subject_13:sample_0000060,13,60,2,2,1,2,1,0.6207804083824158,0.2422623634338379,0.5174964070320129,0.6000000238418579,0.46485838294029236,0,2,1,0.1979161500930786,1,0,0.21110287308692932,2,1,0.16931061446666718,2,1,0.25358086824417114,1,0,0.16808851063251495
subject_13:sample_0000061,13,61,2,2,1,2,1,0.6145676374435425,0.22985827922821045,0.5152402520179749,0.6000000238418579,0.45713838934898376,0,2,1,0.19652871787548065,1,0,0.21682560443878174,2,1,0.16747911274433136,2,1,0.2505631446838379,1,0,0.16860243678092957
subject_13:sample_0000062,13,62,2,2,1,2,1,0.609821617603302,0.2203870415687561,0.5135757923126221,0.6000000238418579,0.45111387968063354,0,2,1,0.1950705647468567,1,0,0.22086817026138306,2,1,0.16544334590435028,2,1,0.24931930005550385,1,0,0.16929759085178375
subject_13:sample_0000063,13,63,2,2,1,2,1,0.6082758903503418,0.2173074185848236,0.5130251049995422,0.6000000238418579,0.4491240084171295,0,2,1,0.19432809948921204,1,0,0.2220136523246765,2,1,0.16483423113822937,2,1,0.24915087223052979,1,0,0.16967220604419708
subject_13:sample_0000064,13,64,2,2,1,2,1,0.6072385907173157,0.21523940563201904,0.5126663446426392,0.6000000238418579,0.4477822184562683,0,2,1,0.19402846693992615,1,0,0.22291959822177887,2,1,0.16459868848323822,2,1,0.24865351617336273,1,0,0.16979870200157166
subject_13:sample_0000065,13,65,3,3,1,3,1,0.9992854595184326,0.9987003803253174,0.995457112789154,1.0,0.998359203338623,1,3,1,0.19139714539051056,3,1,0.19666790962219238,3,1,0.1966925859451294,3,1,0.19680319726467133,3,1,0.21843810379505157
subject_13:sample_0000066,13,66,3,3,1,3,1,0.9992862343788147,0.9987024068832397,0.9954598546028137,1.0,0.9983606338500977,1,3,1,0.19118140637874603,3,1,0.19665402173995972,3,1,0.19669274985790253,3,1,0.19728797674179077,3,1,0.21818289160728455
subject_13:sample_0000067,13,67,3,3,1,3,1,0.9992822408676147,0.9986982345581055,0.9954319596290588,1.0,0.9983515739440918,1,3,1,0.19103379547595978,3,1,0.19703496992588043,3,1,0.19551879167556763,3,1,0.19845829904079437,3,1,0.2179531455039978
subject_13:sample_0000068,13,68,3,3,1,3,1,0.9992806911468506,0.9986976385116577,0.995419979095459,1.0,0.99834805727005,1,3,1,0.1910012662410736,3,1,0.1974499225616455,3,1,0.19457870721817017,3,1,0.1991320699453354,3,1,0.21783700585365295
subject_13:sample_0000069,13,69,3,3,1,3,1,0.9992777705192566,0.9986950755119324,0.9953981637954712,1.0,0.9983412027359009,1,3,1,0.19100317358970642,3,1,0.19807104766368866,3,1,0.1933748573064804,3,1,0.20004026591777802,3,1,0.2175097018480301
subject_13:sample_0000070,13,70,3,3,1,3,1,0.9992722868919373,0.9986889958381653,0.9953612685203552,1.0,0.9983291029930115,1,3,1,0.191071018576622,3,1,0.1988806426525116,3,1,0.1917489618062973,3,1,0.20081548392772675,3,1,0.21748292446136475
subject_13:sample_0000071,13,71,3,3,1,3,1,0.9992643594741821,0.9986786246299744,0.9953106641769409,1.0,0.9983118176460266,1,3,1,0.19121070206165314,3,1,0.19951865077018738,3,1,0.19037753343582153,3,1,0.2015431523323059,3,1,0.21734894812107086
subject_13:sample_0000072,13,72,3,3,1,3,1,0.9992570281028748,0.99866783618927,0.9952654838562012,1.0,0.9982959628105164,1,3,1,0.19145499169826508,3,1,0.2000640481710434,3,1,0.1893983632326126,3,1,0.2015276998281479,3,1,0.2175540179014206
subject_13:sample_0000073,13,73,3,3,1,3,1,0.9992481470108032,0.998655378818512,0.9952108263969421,1.0,0.998276948928833,1,3,1,0.1915619969367981,3,1,0.20041143894195557,3,1,0.18888935446739197,3,1,0.20180223882198334,3,1,0.21733403205871582
subject_13:sample_0000074,13,74,3,3,1,3,1,0.9992405772209167,0.9986438751220703,0.9951657056808472,1.0,0.9982608556747437,1,3,1,0.19198709726333618,3,1,0.20086991786956787,3,1,0.18833231925964355,3,1,0.20188233256340027,3,1,0.21692737936973572
subject_13:sample_0000075,13,75,3,3,1,3,1,0.9992350935935974,0.9986345767974854,0.9951351881027222,1.0,0.9982494711875916,1,3,1,0.19266676902770996,3,1,0.20160752534866333,3,1,0.1872507631778717,3,1,0.20160318911075592,3,1,0.2168707549571991
subject_13:sample_0000076,13,76,3,3,1,3,1,0.9992286562919617,0.9986240863800049,0.9950970411300659,1.0,0.9982357025146484,1,3,1,0.19335782527923584,3,1,0.202306866645813,3,1,0.18627765774726868,3,1,0.20112410187721252,3,1,0.21693257987499237
subject_13:sample_0000077,13,77,3,3,1,3,1,0.999225914478302,0.9986172914505005,0.9950843453407288,1.0,0.9982300400733948,1,3,1,0.19467978179454803,3,1,0.20330725610256195,3,1,0.18464824557304382,3,1,0.20008282363414764,3,1,0.21728098392486572
subject_13:sample_0000078,13,78,3,3,1,3,1,0.9992237687110901,0.9986116886138916,0.9950750470161438,1.0,0.9982258081436157,1,3,1,0.19614212214946747,3,1,0.2042187750339508,3,1,0.18318702280521393,3,1,0.19885002076625824,3,1,0.21760112047195435
subject_13:sample_0000079,13,79,3,3,1,3,1,0.9992230534553528,0.9986078143119812,0.9950761198997498,1.0,0.9982249736785889,1,3,1,0.19761593639850616,3,1,0.20499871671199799,3,1,0.18182596564292908,3,1,0.19783243536949158,3,1,0.2177259624004364
subject_13:sample_0000080,13,80,3,3,1,3,1,0.9992261528968811,0.9986101984977722,0.9950973987579346,1.0,0.9982316493988037,1,3,1,0.19919031858444214,3,1,0.20567291975021362,3,1,0.18050698935985565,3,1,0.19687791168689728,3,1,0.2177509069442749
subject_13:sample_0000081,13,81,3,3,1,3,1,0.9992302060127258,0.9986156225204468,0.9951238632202148,1.0,0.99824059009552,1,3,1,0.20046499371528625,3,1,0.2060067057609558,3,1,0.17966042459011078,3,1,0.19523681700229645,3,1,0.21863007545471191
subject_13:sample_0000082,13,82,3,3,1,3,1,0.999234676361084,0.9986213445663452,0.9951516389846802,1.0,0.9982501864433289,1,3,1,0.20176726579666138,3,1,0.20635060966014862,3,1,0.17899253964424133,3,1,0.19313780963420868,3,1,0.21975086629390717
subject_13:sample_0000083,13,83,3,3,1,3,1,0.9992431402206421,0.9986344575881958,0.9952025413513184,1.0,0.9982684254646301,1,3,1,0.2025173455476761,3,1,0.20601825416088104,3,1,0.17944110929965973,3,1,0.19045084714889526,3,1,0.22157156467437744
subject_13:sample_0000084,13,84,3,3,1,3,1,0.9992517232894897,0.9986481070518494,0.9952545166015625,1.0,0.9982869029045105,1,3,1,0.20325307548046112,3,1,0.2055237889289856,3,1,0.18059569597244263,3,1,0.18770231306552887,3,1,0.22292420268058777
subject_13:sample_0000085,13,85,3,3,1,3,1,0.9992570281028748,0.9986566305160522,0.9952859282493591,1.0,0.9982982873916626,1,3,1,0.20432579517364502,3,1,0.20546984672546387,3,1,0.1811656951904297,3,1,0.18513542413711548,3,1,0.22390231490135193
subject_13:sample_0000086,13,86,3,3,1,3,1,0.9992584586143494,0.9986591935157776,0.9952953457832336,1.0,0.9983015656471252,1,3,1,0.2053857445716858,3,1,0.205426424741745,3,1,0.18083655834197998,3,1,0.18320399522781372,3,1,0.2251463085412979
subject_13:sample_0000087,13,87,3,3,1,3,1,0.9992625117301941,0.9986674189567566,0.9953171014785767,1.0,0.9983101487159729,1,3,1,0.20565733313560486,3,1,0.20483647286891937,3,1,0.18061380088329315,3,1,0.18121321499347687,3,1,0.22767816483974457
subject_13:sample_0000088,13,88,3,3,1,3,1,0.9992683529853821,0.9986791014671326,0.9953475594520569,1.0,0.9983221292495728,1,3,1,0.20570611953735352,3,1,0.20382460951805115,3,1,0.180453360080719,3,1,0.17900581657886505,3,1,0.23100914061069489
subject_13:sample_0000089,13,89,3,3,1,3,1,0.9992752075195312,0.9986931085586548,0.9953839182853699,1.0,0.9983364939689636,1,3,1,0.20613370835781097,3,1,0.20319193601608276,3,1,0.18077324330806732,3,1,0.17705793678760529,3,1,0.23284222185611725
subject_13:sample_0000090,13,90,3,3,1,3,1,0.9992823004722595,0.9987083077430725,0.9954211711883545,1.0,0.9983514547348022,1,3,1,0.20706968009471893,3,1,0.20323945581912994,3,1,0.18149909377098083,3,1,0.1757633239030838,3,1,0.23242740333080292
subject_13:sample_0000091,13,91,3,3,1,3,1,0.9992889761924744,0.9987232089042664,0.9954541921615601,1.0,0.998365044593811,1,3,1,0.2086167335510254,3,1,0.20393024384975433,3,1,0.18250519037246704,3,1,0.17502425611019135,3,1,0.22992262244224548
subject_13:sample_0000092,13,92,3,3,1,3,1,0.9992937445640564,0.9987350106239319,0.9954754710197449,1.0,0.9983745217323303,1,3,1,0.21044719219207764,3,1,0.20477722585201263,3,1,0.18289583921432495,3,1,0.1746203750371933,3,1,0.22725842893123627
subject_13:sample_0000093,13,93,3,3,1,3,1,0.9992972016334534,0.9987433552742004,0.9954927563667297,1.0,0.9983817934989929,1,3,1,0.21198540925979614,3,1,0.20539624989032745,3,1,0.18369264900684357,3,1,0.17367549240589142,3,1,0.22524920105934143
subject_13:sample_0000094,13,94,3,3,1,3,1,0.9992992877960205,0.9987492561340332,0.9955006241798401,1.0,0.9983857870101929,1,3,1,0.21344691514968872,3,1,0.2057979255914688,3,1,0.18352270126342773,3,1,0.17272379994392395,3,1,0.22450770437717438
subject_13:sample_0000095,13,95,3,3,1,3,1,0.9993010759353638,0.9987534284591675,0.9955096244812012,1.0,0.9983895421028137,1,3,1,0.21452976763248444,3,1,0.2055978775024414,3,1,0.18413136899471283,3,1,0.17158575356006622,3,1,0.2241543084383011
subject_13:sample_0000096,13,96,3,3,1,3,1,0.9993022680282593,0.9987567663192749,0.9955151081085205,1.0,0.9983920454978943,1,3,1,0.21555452048778534,3,1,0.20522068440914154,3,1,0.1845027208328247,3,1,0.17036986351013184,3,1,0.2243511825799942
subject_13:sample_0000097,13,97,3,3,1,3,1,0.9993031024932861,0.9987589120864868,0.9955182075500488,1.0,0.9983935356140137,1,3,1,0.2163616269826889,3,1,0.20469890534877777,3,1,0.18493162095546722,3,1,0.16920940577983856,3,1,0.22479753196239471
subject_13:sample_0000098,13,98,3,3,1,3,1,0.999303936958313,0.9987616539001465,0.9955215454101562,1.0,0.9983953237533569,1,3,1,0.2171066701412201,3,1,0.20404621958732605,3,1,0.18495483696460724,3,1,0.16832508146762848,3,1,0.22556617856025696
subject_13:sample_0000099,13,99,3,3,1,3,1,0.999305009841919,0.9987648129463196,0.9955258369445801,1.0,0.9983974099159241,1,3,1,0.2175266444683075,3,1,0.20320725440979004,3,1,0.1848706603050232,3,1,0.16791129112243652,3,1,0.22648324072360992
subject_13:sample_0000100,13,100,3,3,1,3,1,0.9993058443069458,0.998768150806427,0.9955276846885681,1.0,0.9983989596366882,1,3,1,0.21785829961299896,3,1,0.202509805560112,3,1,0.18414804339408875,3,1,0.16772587597370148,3,1,0.227757066488266
subject_13:sample_0000101,13,101,3,3,1,3,1,0.9993059635162354,0.9987701177597046,0.9955259561538696,1.0,0.998399019241333,1,3,1,0.217831090092659,3,1,0.20187650620937347,3,1,0.18335658311843872,3,1,0.16789591312408447,3,1,0.2290390133857727
subject_13:sample_0000102,13,102,3,3,1,3,1,0.9993067383766174,0.9987726211547852,0.9955288171768188,1.0,0.9984005689620972,1,3,1,0.2174481451511383,3,1,0.201308935880661,3,1,0.18330590426921844,3,1,0.1680576056241989,3,1,0.2298784703016281
subject_13:sample_0000103,13,103,3,3,1,3,1,0.9993072152137756,0.9987744688987732,0.995530366897583,1.0,0.9984014630317688,1,3,1,0.21704477071762085,3,1,0.2008858472108841,3,1,0.18320900201797485,3,1,0.16843879222869873,3,1,0.23042063415050507
subject_13:sample_0000104,13,104,3,3,1,3,1,0.9993088245391846,0.9987773299217224,0.9955390691757202,1.0,0.9984048008918762,1,3,1,0.21633078157901764,3,1,0.20045103132724762,3,1,0.18389904499053955,3,1,0.16906535625457764,3,1,0.23025289177894592
subject_13:sample_0000105,13,105,3,3,1,3,1,0.9993102550506592,0.9987801909446716,0.995547354221344,1.0,0.9984079599380493,1,3,1,0.2155909687280655,3,1,0.20020891726016998,3,1,0.1842622607946396,3,1,0.1699860394001007,3,1,0.22995087504386902
subject_13:sample_0000106,13,106,3,3,1,3,1,0.9993114471435547,0.9987828135490417,0.9955543875694275,1.0,0.998410701751709,1,3,1,0.2147551029920578,3,1,0.20005957782268524,3,1,0.18458715081214905,3,1,0.1710464060306549,3,1,0.22955074906349182
subject_13:sample_0000107,13,107,3,3,1,3,1,0.999312162399292,0.9987848997116089,0.995556652545929,1.0,0.9984119534492493,1,3,1,0.21402013301849365,3,1,0.1999882012605667,3,1,0.18464252352714539,3,1,0.1722395420074463,3,1,0.22910857200622559
subject_13:sample_0000108,13,108,3,3,1,3,1,0.999313473701477,0.9987877011299133,0.9955621957778931,1.0,0.9984143972396851,1,3,1,0.21336384117603302,3,1,0.19978198409080505,3,1,0.1849624663591385,3,1,0.17316271364688873,3,1,0.22872811555862427
subject_13:sample_0000109,13,109,3,3,1,3,1,0.9993143081665039,0.9987903833389282,0.9955666065216064,1.0,0.9984163641929626,1,3,1,0.21280299127101898,3,1,0.19967329502105713,3,1,0.18497297167778015,3,1,0.1739695817232132,3,1,0.22858017683029175
subject_13:sample_0000110,13,110,3,3,1,3,1,0.9993139505386353,0.998793363571167,0.99555903673172,1.0,0.9984151721000671,1,3,1,0.21255160868167877,3,1,0.19983220100402832,3,1,0.18330693244934082,3,1,0.17547565698623657,3,1,0.22883261740207672
subject_13:sample_0000111,13,111,3,3,1,3,1,0.9993150234222412,0.9987969398498535,0.9955623149871826,1.0,0.9984171390533447,1,3,1,0.21234744787216187,3,1,0.19977052509784698,3,1,0.18287166953086853,3,1,0.176100954413414,3,1,0.2289084643125534
subject_13:sample_0000112,13,112,3,3,1,3,1,0.9993165135383606,0.9987996220588684,0.9955712556838989,1.0,0.9984204769134521,1,3,1,0.2120838314294815,3,1,0.19954913854599,3,1,0.1832122951745987,3,1,0.17637410759925842,3,1,0.228779599070549
subject_13:sample_0000113,13,113,3,3,1,3,1,0.9993172287940979,0.9988007545471191,0.9955755472183228,1.0,0.9984220266342163,1,3,1,0.21199721097946167,3,1,0.19946087896823883,3,1,0.18334166705608368,3,1,0.17650121450424194,3,1,0.2286979854106903
subject_13:sample_0000114,13,114,0,0,1,0,1,0.5070715546607971,0.015228360891342163,0.4944743514060974,0.800000011920929,0.2350926548242569,0,0,1,0.11947741359472275,0,1,0.12787143886089325,3,0,0.4951927065849304,0,1,0.14326390624046326,0,1,0.1141936406493187
subject_13:sample_0000115,13,115,0,0,1,0,1,0.5053794980049133,0.011851221323013306,0.49441027641296387,0.800000011920929,0.22061729431152344,0,0,1,0.11885634064674377,0,1,0.127603217959404,3,0,0.49692654609680176,0,1,0.14250296354293823,0,1,0.11410998553037643
subject_13:sample_0000116,13,116,0,0,1,0,1,0.5027790069580078,0.0067182183265686035,0.4940761923789978,0.800000011920929,0.19115197658538818,0,0,1,0.11828652769327164,0,1,0.12717629969120026,3,0,0.49962031841278076,0,1,0.1410062462091446,0,1,0.11390964686870575
subject_13:sample_0000117,13,117,0,0,1,0,1,0.500198245048523,0.0016014575958251953,0.49386459589004517,0.800000011920929,0.13337942957878113,0,0,1,0.11747535318136215,0,1,0.12673449516296387,3,0,0.5022042989730835,0,1,0.13983789086341858,0,1,0.11374703794717789
subject_13:sample_0000118,13,118,0,3,0,0,1,0.505459189414978,0.012269049882888794,0.4932888150215149,0.20000000298023224,0.1572740525007248,0,0,1,0.11523745208978653,0,1,0.12569864094257355,3,0,0.5091806650161743,0,1,0.13658255338668823,0,1,0.11329972743988037
subject_13:sample_0000119,13,119,0,3,0,0,1,0.5108680129051208,0.023216664791107178,0.492878258228302,0.20000000298023224,0.18491390347480774,0,0,1,0.11336056888103485,0,1,0.12500423192977905,3,0,0.5143813490867615,0,1,0.13426658511161804,0,1,0.11298627406358719
subject_13:sample_0000120,13,120,0,3,0,0,1,0.5151851177215576,0.03204646706581116,0.4922404885292053,0.20000000298023224,0.2007879912853241,0,0,1,0.11204073578119278,0,1,0.12446603924036026,3,0,0.5185275673866272,0,1,0.1323028802871704,0,1,0.11266187578439713
subject_13:sample_0000121,13,121,0,3,0,0,1,0.5184394717216492,0.038924962282180786,0.49092209339141846,0.20000000298023224,0.21098047494888306,0,0,1,0.11128655076026917,0,1,0.12399148941040039,3,0,0.5217763781547546,0,1,0.13057321310043335,0,1,0.11237148195505142
subject_13:sample_0000122,13,122,0,3,0,0,1,0.5221231579780579,0.046962618827819824,0.4885810613632202,0.20000000298023224,0.22124476730823517,0,0,1,0.11051896959543228,0,1,0.12327974289655685,3,0,0.5258983969688416,0,1,0.12845514714717865,0,1,0.11184685677289963
subject_13:sample_0000123,13,123,0,3,0,0,1,0.5290488600730896,0.061697155237197876,0.4859296679496765,0.20000000298023224,0.23732368648052216,0,0,1,0.10905162245035172,0,1,0.12169403582811356,3,0,0.5336212515830994,0,1,0.12497594952583313,0,1,0.11065614223480225
subject_13:sample_0000124,13,124,0,3,0,0,1,0.5352854132652283,0.07519757747650146,0.48303914070129395,0.20000000298023224,0.2497183233499527,0,0,1,0.1080184355378151,0,1,0.12011370062828064,3,0,0.5408406257629395,0,1,0.12170901894569397,0,1,0.10931720584630966
subject_13:sample_0000125,13,125,0,3,0,0,1,0.5406520366668701,0.08723810315132141,0.4794566035270691,0.20000000298023224,0.2593288719654083,0,0,1,0.10700119286775589,0,1,0.1186559870839119,3,0,0.5475028157234192,0,1,0.11879423260688782,0,1,0.10804478824138641
subject_13:sample_0000126,13,126,0,3,0,0,1,0.5442158579826355,0.09516239166259766,0.47747325897216797,0.20000000298023224,0.2651880085468292,0,0,1,0.10629460215568542,0,1,0.11789505928754807,3,0,0.5518695712089539,0,1,0.11673330515623093,0,1,0.10720645636320114
subject_13:sample_0000127,13,127,0,3,0,0,1,0.5476917624473572,0.10292428731918335,0.4755527377128601,0.20000000298023224,0.27059558033943176,0,0,1,0.10557187348604202,0,1,0.11706585437059402,3,0,0.5561652779579163,0,1,0.11484532803297043,0,1,0.10635065287351608
subject_13:sample_0000128,13,128,0,3,0,0,1,0.5515469312667847,0.1128409206867218,0.4698837995529175,0.20000000298023224,0.27654603123664856,0,0,1,0.1043618768453598,0,1,0.11579014360904694,3,0,0.5622192025184631,0,1,0.11245860159397125,0,1,0.10516919940710068
subject_13:sample_0000129,13,129,0,3,0,0,1,0.5532662868499756,0.11925017833709717,0.4623141884803772,0.20000000298023224,0.2794731855392456,0,0,1,0.1032656729221344,0,1,0.11480563879013062,3,0,0.5668931603431702,0,1,0.11074892431497574,0,1,0.10428564250469208
subject_13:sample_0000130,13,130,0,3,0,0,1,0.5554692149162292,0.12576881051063538,0.4574497938156128,0.20000000298023224,0.28274935483932495,0,0,1,0.10196885466575623,0,1,0.1139916181564331,3,0,0.5712028741836548,0,1,0.1093909814953804,0,1,0.10344468802213669
subject_13:sample_0000131,13,131,0,3,0,0,1,0.5546950101852417,0.12862983345985413,0.44702428579330444,0.20000000298023224,0.2826111316680908,0,0,1,0.10086490958929062,0,1,0.11327745765447617,3,0,0.5748212933540344,0,1,0.10823877155780792,0,1,0.10279668122529984
subject_13:sample_0000132,13,132,0,3,0,0,1,0.5506510138511658,0.12650516629219055,0.4335286021232605,0.20000000298023224,0.27877774834632874,0,0,1,0.1004677340388298,0,1,0.11285387724637985,3,0,0.5767128467559814,0,1,0.1074458435177803,0,1,0.10251869261264801
subject_13:sample_0000133,13,133,0,3,0,0,1,0.5458948016166687,0.12272265553474426,0.4213985204696655,0.20000000298023224,0.2741190195083618,0,0,1,0.10037538409233093,0,1,0.11264321208000183,3,0,0.577660322189331,0,1,0.10688070952892303,0,1,0.10243940353393555
subject_13:sample_0000134,13,134,0,3,0,0,1,0.5375426411628723,0.11711543798446655,0.4002320170402527,0.20000000298023224,0.2664355933666229,0,0,1,0.0996413379907608,0,1,0.11200150847434998,3,0,0.5803713202476501,0,1,0.10596930235624313,0,1,0.10201556235551834
subject_13:sample_0000135,13,135,0,3,0,0,1,0.5275276303291321,0.1087602972984314,0.38017338514328003,0.20000000298023224,0.2569992244243622,0,0,1,0.09931040555238724,0,1,0.11155197024345398,3,0,0.5820010900497437,0,1,0.10532508045434952,0,1,0.1018105074763298
subject_13:sample_0000136,13,136,0,3,0,0,1,0.5158067941665649,0.09892702102661133,0.35927218198776245,0.20000000298023224,0.24607296288013458,0,0,1,0.09892718493938446,0,1,0.11112501472234726,3,0,0.5838592052459717,0,1,0.10451707243919373,0,1,0.10157053172588348
subject_13:sample_0000137,13,137,0,3,0,0,1,0.5074565410614014,0.09258255362510681,0.34494149684906006,0.20000000298023224,0.23860298097133636,0,0,1,0.09845224767923355,0,1,0.11069964617490768,3,0,0.5858467817306519,0,1,0.10375186800956726,0,1,0.10124842077493668
subject_13:sample_0000138,13,138,0,3,0,0,1,0.49451401829719543,0.08327686786651611,0.32430869340896606,0.20000000298023224,0.22733847796916962,0,0,1,0.09745883196592331,0,1,0.10984347760677338,3,0,0.5894742608070374,0,1,0.1026236042380333,0,1,0.10059892386198044
subject_13:sample_0000139,13,139,0,3,0,0,1,0.4753137528896332,0.06708309054374695,0.30014175176620483,0.20000000298023224,0.20916424691677094,0,0,1,0.09668634831905365,0,1,0.10903008282184601,3,0,0.5924746990203857,0,1,0.10176369547843933,0,1,0.10004422813653946
subject_13:sample_0000140,13,140,0,3,0,0,1,0.45738932490348816,0.05030748248100281,0.28219783306121826,0.20000000298023224,0.18983468413352966,0,0,1,0.09647700935602188,0,1,0.10873609781265259,3,0,0.5935983061790466,0,1,0.10130967199802399,0,1,0.09987796097993851
subject_13:sample_0000141,13,141,0,3,0,0,1,0.4322403073310852,0.026225805282592773,0.2614738941192627,0.20000000298023224,0.15603718161582947,0,0,1,0.09612537920475006,0,1,0.10843382030725479,3,0,0.5946160554885864,0,1,0.10108668357133865,0,1,0.09973705559968948
subject_13:sample_0000142,13,142,0,3,0,0,1,0.41217294335365295,0.007487684488296509,0.24765288829803467,0.20000000298023224,0.11119240522384644,0,0,1,0.09569939970970154,0,1,0.10809633135795593,3,0,0.5959087610244751,0,1,0.10077062249183655,0,1,0.09952384233474731
subject_13:sample_0000143,13,143,0,0,1,0,1,0.403433233499527,0.00914338231086731,0.23742908239364624,0.800000011920929,0.16269551217556,0,0,1,0.0952877476811409,0,1,0.10775533318519592,3,0,0.5971350073814392,0,1,0.10053305327892303,0,1,0.09928788989782333
subject_13:sample_0000144,13,144,0,0,1,0,1,0.4026322364807129,0.029928535223007202,0.22790545225143433,0.800000011920929,0.21650086343288422,0,0,1,0.09501130133867264,0,1,0.10745730996131897,3,0,0.5979123711585999,0,1,0.10052204877138138,0,1,0.09909594804048538
subject_13:sample_0000145,13,145,0,0,1,0,1,0.40218183398246765,0.037341922521591187,0.22500401735305786,0.800000011920929,0.22802099585533142,0,0,1,0.09484017640352249,0,1,0.1072678491473198,3,0,0.5983596444129944,0,1,0.10054714232683182,0,1,0.09898415952920914
subject_13:sample_0000146,13,146,2,1,0,1,0,0.8299188017845154,0.6637091636657715,0.657645583152771,0.800000011920929,0.7337089776992798,1,1,0,0.1922699213027954,2,1,0.21058684587478638,1,0,0.1974944770336151,1,0,0.21766746044158936,1,0,0.18198035657405853
subject_13:sample_0000147,13,147,2,1,0,1,0,0.8404926061630249,0.6849164366722107,0.6700482368469238,0.800000011920929,0.7453184723854065,1,1,0,0.192206010222435,2,1,0.21066530048847198,1,0,0.19712574779987335,1,0,0.21766290068626404,1,0,0.18233908712863922
subject_13:sample_0000148,13,148,2,1,0,1,0,0.8593511581420898,0.7227367162704468,0.6937433481216431,0.800000011920929,0.7662312984466553,1,1,0,0.19204562902450562,2,1,0.21093475818634033,1,0,0.1966777890920639,1,0,0.21757648885250092,1,0,0.18276433646678925
subject_13:sample_0000149,13,149,2,1,0,1,0,0.8995717167854309,0.803356409072876,0.7521246671676636,1.0,0.8586347699165344,1,1,0,0.19176867604255676,1,0,0.21115632355213165,1,0,0.19598998129367828,1,0,0.21793435513973236,1,0,0.18314963579177856
subject_13:sample_0000150,13,150,2,1,0,1,0,0.9010323286056519,0.8063540458679199,0.7543171048164368,1.0,0.8604092001914978,1,1,0,0.19176949560642242,1,0,0.2102939635515213,1,0,0.19578422605991364,1,0,0.218611478805542,1,0,0.18353980779647827
subject_13:sample_0000151,13,151,2,1,0,1,0,0.9016845226287842,0.8076916337013245,0.755304217338562,1.0,0.8612030148506165,1,1,0,0.1917792707681656,1,0,0.20966680347919464,1,0,0.19568325579166412,1,0,0.2191372662782669,1,0,0.18373243510723114
subject_13:sample_0000152,13,152,2,1,0,1,0,0.8585560321807861,0.72132408618927,0.6922385692596436,0.800000011920929,0.7652638554573059,1,1,0,0.19208121299743652,2,1,0.20749913156032562,1,0,0.19635026156902313,1,0,0.22025443613529205,1,0,0.18381400406360626
subject_13:sample_0000153,13,153,2,1,0,1,0,0.8289108276367188,0.6619046330451965,0.6559069156646729,0.800000011920929,0.7325020432472229,1,1,0,0.19247187674045563,2,1,0.20531776547431946,1,0,0.19702155888080597,1,0,0.22132696211338043,1,0,0.18386085331439972
subject_13:sample_0000154,13,154,2,1,0,1,0,0.8345038294792175,0.6731197834014893,0.6623744964599609,0.800000011920929,0.7386327385902405,1,1,0,0.19237715005874634,2,1,0.2049223929643631,1,0,0.1969345062971115,1,0,0.22153957188129425,1,0,0.1842254251241684
subject_13:sample_0000155,13,155,2,1,0,1,0,0.8451491594314575,0.6944599151611328,0.6751697063446045,0.800000011920929,0.7503620982170105,1,1,0,0.19225293397903442,2,1,0.20482097566127777,1,0,0.19674238562583923,1,0,0.2215641885995865,1,0,0.18461860716342926
subject_13:sample_0000156,13,156,2,1,0,1,0,0.831566572189331,0.667214035987854,0.6589995622634888,0.800000011920929,0.7354180812835693,1,1,0,0.1924324333667755,2,1,0.20362097024917603,1,0,0.19720204174518585,1,0,0.2218356877565384,1,0,0.18490786850452423
subject_13:sample_0000157,13,157,2,1,0,1,0,0.8272009491920471,0.658364474773407,0.6542626619338989,0.800000011920929,0.7306843996047974,1,1,0,0.19281883537769318,2,1,0.2024717479944229,1,0,0.19763679802417755,1,0,0.22203613817691803,1,0,0.18503552675247192
subject_13:sample_0000158,13,158,2,1,0,1,0,0.8386592268943787,0.6811904907226562,0.6679816246032715,0.800000011920929,0.7433222532272339,1,1,0,0.19320017099380493,2,1,0.20207124948501587,1,0,0.19766554236412048,1,0,0.22197271883487701,1,0,0.1850893646478653
subject_13:sample_0000159,13,159,2,1,0,1,0,0.8462597727775574,0.6963152885437012,0.6775127649307251,0.800000011920929,0.7517600655555725,1,1,0,0.19356566667556763,2,1,0.20142047107219696,1,0,0.197855144739151,1,0,0.22176159918308258,1,0,0.18539611995220184
subject_13:sample_0000160,13,160,2,1,0,1,0,0.8532160520553589,0.7101571559906006,0.6865211725234985,0.800000011920929,0.7595201730728149,1,1,0,0.19395077228546143,2,1,0.20065438747406006,1,0,0.19812099635601044,1,0,0.22138968110084534,1,0,0.18588313460350037
subject_13:sample_0000161,13,161,2,1,0,1,0,0.8486255407333374,0.7008489370346069,0.6810089349746704,0.800000011920929,0.7544766664505005,1,1,0,0.1944846361875534,2,1,0.19977451860904694,1,0,0.19860462844371796,1,0,0.22088246047496796,1,0,0.18625283241271973
subject_13:sample_0000162,13,162,2,1,0,1,0,0.8547461032867432,0.7130163908004761,0.689031720161438,0.800000011920929,0.7613186240196228,1,1,0,0.19504210352897644,2,1,0.19890055060386658,1,0,0.1988891214132309,1,0,0.22040407359600067,1,0,0.18676313757896423
subject_13:sample_0000163,13,163,2,1,0,1,0,0.8749769926071167,0.75344318151474,0.7166091203689575,0.800000011920929,0.7840700149536133,1,1,0,0.1954594999551773,2,1,0.198982372879982,1,0,0.19903148710727692,1,0,0.21953536570072174,1,0,0.18699027597904205
subject_13:sample_0000164,13,164,2,1,0,1,0,0.8955569863319397,0.7945464253425598,0.7475581169128418,0.800000011920929,0.8076754212379456,1,1,0,0.19589518010616302,2,1,0.19915735721588135,1,0,0.19931243360042572,1,0,0.21865025162696838,1,0,0.1869838386774063
subject_13:sample_0000165,13,165,2,1,0,1,0,0.8874720335006714,0.7782267332077026,0.7354611754417419,0.800000011920929,0.798413097858429,1,1,0,0.19668057560920715,2,1,0.19851969182491302,1,0,0.19988887012004852,1,0,0.21797825396060944,1,0,0.18693168461322784
subject_13:sample_0000166,13,166,2,1,0,1,0,0.8844985365867615,0.7721865773200989,0.7312383651733398,0.800000011920929,0.7950456738471985,1,1,0,0.19715525209903717,2,1,0.1982014775276184,1,0,0.20040325820446014,1,0,0.21745234727859497,1,0,0.18678666651248932
subject_13:sample_0000167,13,167,2,1,0,1,0,0.8763010501861572,0.7557046413421631,0.7195014357566833,0.800000011920929,0.7857452034950256,1,1,0,0.19764746725559235,2,1,0.19732965528964996,1,0,0.200978621840477,1,0,0.21724550426006317,1,0,0.18679778277873993
subject_13:sample_0000168,13,168,0,2,0,2,0,0.9759613275527954,0.9601853489875793,0.9067237973213196,1.0,0.9600982666015625,1,2,0,0.18937696516513824,2,0,0.26114964485168457,2,0,0.2057071179151535,2,0,0.16348938643932343,2,0,0.18027594685554504
subject_13:sample_0000169,13,169,0,2,0,2,0,0.9759179949760437,0.9596257209777832,0.906823992729187,1.0,0.9599742293357849,1,2,0,0.18937894701957703,2,0,0.2610952854156494,2,0,0.20580607652664185,2,0,0.16344456374645233,2,0,0.18027418851852417
subject_13:sample_0000170,13,170,0,2,0,2,0,0.986968457698822,0.9803327322006226,0.9432270526885986,1.0,0.9774020910263062,1,2,0,0.1886417418718338,2,0,0.26025688648223877,2,0,0.20750069618225098,2,0,0.16328158974647522,2,0,0.18031810224056244
subject_13:sample_0000171,13,171,0,2,0,2,0,0.9940250515937805,0.9895745515823364,0.9711673259735107,1.0,0.9886326789855957,1,2,0,0.18782968819141388,2,0,0.2585858702659607,2,0,0.20999373495578766,2,0,0.16310961544513702,2,0,0.18048015236854553
subject_13:sample_0000172,13,172,0,2,0,2,0,0.9965513348579407,0.9935606122016907,0.9824350476264954,1.0,0.9931148886680603,1,2,0,0.1874934434890747,2,0,0.25602832436561584,2,0,0.212194561958313,2,0,0.16326211392879486,2,0,0.18102063238620758
subject_13:sample_0000173,13,173,0,2,0,2,0,0.9973036050796509,0.994949221611023,0.9858111143112183,1.0,0.9945015907287598,1,2,0,0.18748639523983002,2,0,0.25426068902015686,2,0,0.2127360850572586,2,0,0.16367051005363464,2,0,0.18184533715248108
subject_13:sample_0000174,13,174,0,2,0,2,0,0.9980965852737427,0.9964177012443542,0.9895266890525818,1.0,0.9960024356842041,1,2,0,0.18753667175769806,2,0,0.25056615471839905,2,0,0.21416187286376953,2,0,0.16443130373954773,2,0,0.18330305814743042
subject_13:sample_0000175,13,175,0,2,0,2,0,0.9985777139663696,0.9973099231719971,0.9918938875198364,1.0,0.9969406723976135,1,2,0,0.1878189742565155,2,0,0.24463069438934326,2,0,0.21629278361797333,2,0,0.16579917073249817,2,0,0.18545743823051453
subject_13:sample_0000176,13,176,0,2,0,2,0,0.9990547895431519,0.9982098937034607,0.9943358898162842,1.0,0.9978978037834167,1,2,0,0.1893531084060669,2,0,0.2323104739189148,2,0,0.22066310048103333,2,0,0.1684265434741974,2,0,0.1892458200454712
subject_13:sample_0000177,13,177,0,2,0,2,0,0.9991018176078796,0.9982954263687134,0.9945898056030273,1.0,0.9979946613311768,1,2,0,0.18944145739078522,2,0,0.22626154124736786,2,0,0.2225508689880371,2,0,0.1699279248714447,2,0,0.19181732833385468
subject_13:sample_0000178,13,178,0,2,0,2,0,0.9990459680557251,0.9981766939163208,0.994316041469574,1.0,0.9978823661804199,1,2,0,0.18991753458976746,2,0,0.21934133768081665,2,0,0.2243964523077011,2,0,0.17176058888435364,2,0,0.19458316266536713
subject_13:sample_0000179,13,179,0,2,0,2,0,0.9993311762809753,0.9987390041351318,0.9958156943321228,1.0,0.99847012758255,1,2,0,0.19128940999507904,2,0,0.2089788317680359,2,0,0.22664986550807953,2,0,0.17449595034122467,2,0,0.19858498871326447
subject_13:sample_0000180,13,180,0,2,0,2,0,0.9994949102401733,0.999064564704895,0.9967141151428223,1.0,0.9988175630569458,1,2,0,0.19304636120796204,2,0,0.20330891013145447,2,0,0.22480256855487823,2,0,0.1770041286945343,2,0,0.20183704793453217
subject_13:sample_0000181,13,181,0,2,0,2,0,0.9995543956756592,0.9991846084594727,0.9970486164093018,1.0,0.9989462494850159,1,2,0,0.1953970193862915,2,0,0.2001887708902359,2,0,0.21972979605197906,2,0,0.17955602705478668,2,0,0.20512741804122925
subject_13:sample_0000182,13,182,0,2,0,2,0,0.9995617866516113,0.9992013573646545,0.9970882534980774,1.0,0.9989622235298157,1,2,0,0.1970556527376175,2,0,0.19837597012519836,2,0,0.2157454788684845,2,0,0.18137291073799133,2,0,0.20744900405406952
subject_13:sample_0000183,13,183,0,2,0,2,0,0.9995573163032532,0.999192476272583,0.9970626831054688,1.0,0.9989524483680725,1,2,0,0.19738367199897766,2,0,0.19692730903625488,2,0,0.21481545269489288,2,0,0.182119220495224,2,0,0.20875337719917297
subject_13:sample_0000184,13,184,0,2,0,2,0,0.9995527267456055,0.9991827607154846,0.9970370531082153,1.0,0.998942494392395,1,2,0,0.197016641497612,2,0,0.19646482169628143,2,0,0.2147875875234604,2,0,0.18230792880058289,2,0,0.2094220519065857
subject_13:sample_0000185,13,185,0,2,0,2,0,0.9995536804199219,0.9991835355758667,0.9970438480377197,1.0,0.9989445805549622,1,2,0,0.19639162719249725,2,0,0.196531742811203,2,0,0.2147291600704193,2,0,0.18239839375019073,2,0,0.20994813740253448
subject_13:sample_0000186,13,186,0,2,0,2,0,0.9995565414428711,0.9991879463195801,0.9970613718032837,1.0,0.9989508390426636,1,2,0,0.19549335539340973,2,0,0.19743841886520386,2,0,0.2146507203578949,2,0,0.18226027488708496,2,0,0.21015626192092896
subject_13:sample_0000187,13,187,0,2,0,2,0,0.9995641708374023,0.9992013573646545,0.9971070289611816,1.0,0.9989675283432007,1,2,0,0.1943959891796112,2,0,0.19859004020690918,2,0,0.21432507038116455,2,0,0.18216651678085327,2,0,0.21052144467830658
subject_13:sample_0000188,13,188,0,2,0,2,0,0.999569833278656,0.9992116093635559,0.9971413612365723,1.0,0.9989800453186035,1,2,0,0.19314946234226227,2,0,0.2002061903476715,2,0,0.2132246345281601,2,0,0.18223689496517181,2,0,0.21118181943893433
subject_13:sample_0000189,13,189,0,2,0,2,0,0.9995775818824768,0.9992258548736572,0.9971870183944702,1.0,0.9989970326423645,1,2,0,0.19215896725654602,2,0,0.20134612917900085,2,0,0.21169579029083252,2,0,0.18253816664218903,2,0,0.2122599333524704
subject_13:sample_0000190,13,190,0,2,0,2,0,0.9995805621147156,0.9992321133613586,0.997203528881073,1.0,0.9990033507347107,1,2,0,0.19071853160858154,2,0,0.20392942428588867,2,0,0.20952339470386505,2,0,0.18243183195590973,2,0,0.21339580416679382
subject_13:sample_0000191,13,191,0,2,0,2,0,0.999582052230835,0.9992360472679138,0.9972111582756042,1.0,0.9990066885948181,1,2,0,0.18905995786190033,2,0,0.20643848180770874,2,0,0.20751821994781494,2,0,0.1821960210800171,2,0,0.2147863358259201
subject_13:sample_0000192,13,192,0,2,0,2,0,0.9995849132537842,0.999242901802063,0.9972258806228638,1.0,0.99901282787323,1,2,0,0.18738192319869995,2,0,0.2088160216808319,2,0,0.2053878754377365,2,0,0.18182633817195892,2,0,0.2165868878364563
subject_13:sample_0000193,13,193,0,2,0,2,0,0.9995870590209961,0.9992488622665405,0.9972363710403442,1.0,0.9990174770355225,1,2,0,0.18542028963565826,2,0,0.21112412214279175,2,0,0.20303432643413544,2,0,0.18137730658054352,2,0,0.21904297173023224
subject_13:sample_0000194,13,194,0,2,0,2,0,0.9995876550674438,0.9992529153823853,0.9972367286682129,1.0,0.9990187287330627,1,2,0,0.18353235721588135,2,0,0.21329616010189056,2,0,0.20026573538780212,2,0,0.18094605207443237,2,0,0.22195878624916077
subject_13:sample_0000195,13,195,0,2,0,2,0,0.9995943307876587,0.9992662668228149,0.9972754716873169,1.0,0.9990334510803223,1,2,0,0.1823185831308365,2,0,0.21431992948055267,2,0,0.1979915350675583,2,0,0.1807941347360611,2,0,0.22457480430603027
subject_13:sample_0000196,13,196,0,2,0,2,0,0.9995991587638855,0.9992783665657043,0.9973013401031494,1.0,0.9990441203117371,1,2,0,0.1808127462863922,2,0,0.21570894122123718,2,0,0.19520698487758636,2,0,0.18071426451206207,2,0,0.22755607962608337
subject_13:sample_0000197,13,197,0,2,0,2,0,0.9996111392974854,0.9993019700050354,0.9973713159561157,1.0,0.9990705847740173,1,2,0,0.18022392690181732,2,0,0.21665488183498383,2,0,0.19214315712451935,2,0,0.18123741447925568,2,0,0.22973960638046265
subject_13:sample_0000198,13,198,0,2,0,2,0,0.9996070861816406,0.9992967247962952,0.9973440170288086,1.0,0.9990614056587219,1,2,0,0.18008634448051453,2,0,0.21790921688079834,2,0,0.19019480049610138,2,0,0.18162856996059418,2,0,0.23018015921115875
subject_13:sample_0000199,13,199,0,2,0,2,0,0.9996105432510376,0.9993028044700623,0.9973652958869934,1.0,0.999069094657898,1,2,0,0.17995141446590424,2,0,0.21839691698551178,2,0,0.18956561386585236,2,0,0.1819821447134018,2,0,0.230103000998497
subject_13:sample_0000200,13,200,0,2,0,2,0,0.9996205568313599,0.9993192553520203,0.9974277019500732,1.0,0.999091386795044,1,2,0,0.18001601099967957,2,0,0.21808286011219025,2,0,0.18963484466075897,2,0,0.182426318526268,2,0,0.2298390418291092
subject_13:sample_0000201,13,201,0,2,0,2,0,0.9996376633644104,0.9993475675582886,0.9975339770317078,1.0,0.9991293549537659,1,2,0,0.18040750920772552,2,0,0.21629378199577332,2,0,0.190129354596138,2,0,0.18312543630599976,2,0,0.2300429791212082
subject_13:sample_0000202,13,202,0,2,0,2,0,0.9996471405029297,0.9993632435798645,0.9975926876068115,1.0,0.9991503953933716,1,2,0,0.1810222566127777,2,0,0.21437129378318787,2,0,0.1906491369009018,2,0,0.1837133765220642,2,0,0.2302430272102356
subject_13:sample_0000203,13,203,0,2,0,2,0,0.9996533989906311,0.9993736147880554,0.9976319074630737,1.0,0.9991642832756042,1,2,0,0.1816025674343109,2,0,0.21246333420276642,2,0,0.19108910858631134,2,0,0.18422096967697144,2,0,0.2306230515241623
subject_13:sample_0000204,13,204,0,2,0,2,0,0.9996594786643982,0.9993836879730225,0.9976699352264404,1.0,0.9991778135299683,1,2,0,0.18233811855316162,2,0,0.20995588600635529,2,0,0.1915334314107895,2,0,0.18469062447547913,2,0,0.23148098587989807
subject_13:sample_0000205,13,205,0,2,0,2,0,0.9996606111526489,0.9993855357170105,0.9976772665977478,1.0,0.9991803765296936,1,2,0,0.18258266150951385,2,0,0.208977609872818,2,0,0.1917143315076828,2,0,0.18487173318862915,2,0,0.2318527102470398
subject_13:sample_0000206,13,206,0,2,0,2,0,0.9996594190597534,0.9993835687637329,0.9976698160171509,1.0,0.9991777539253235,1,2,0,0.18221884965896606,2,0,0.20940379798412323,2,0,0.1915152221918106,2,0,0.18471436202526093,2,0,0.232146754860878
subject_13:sample_0000207,13,207,0,2,0,2,0,0.9996600151062012,0.9993845820426941,0.9976736307144165,1.0,0.9991791248321533,1,2,0,0.18210922181606293,2,0,0.2096036672592163,2,0,0.19152121245861053,2,0,0.1846470683813095,2,0,0.23211787641048431
subject_13:sample_0000208,13,208,0,1,0,1,0,0.8765767812728882,0.757706344127655,0.7156708240509033,0.800000011920929,0.7852782011032104,1,0,1,0.11883354187011719,1,0,0.2321285456418991,1,0,0.23761995136737823,1,0,0.2312615066766739,1,0,0.1801554560661316
subject_13:sample_0000209,13,209,0,1,0,1,0,0.8783127069473267,0.7611497044563293,0.7182510495185852,0.800000011920929,0.7872657775878906,1,0,1,0.11712655425071716,1,0,0.23219767212867737,1,0,0.23793268203735352,1,0,0.23240633308887482,1,0,0.18033576011657715
subject_13:sample_0000210,13,210,0,1,0,1,0,0.8813115954399109,0.7672082185745239,0.7224951982498169,0.800000011920929,0.7906638979911804,1,0,1,0.11406657844781876,1,0,0.2319699078798294,1,0,0.23792782425880432,1,0,0.23567317426204681,1,0,0.18036161363124847
subject_13:sample_0000211,13,211,0,1,0,1,0,0.8839461803436279,0.7725794315338135,0.7261638641357422,0.800000011920929,0.7936396598815918,1,0,1,0.11132874339818954,1,0,0.23079505562782288,1,0,0.23729665577411652,1,0,0.24078421294689178,1,0,0.17979440093040466
subject_13:sample_0000212,13,212,0,1,0,1,0,0.8870997428894043,0.7789958119392395,0.7306585311889648,0.800000011920929,0.7972196340560913,1,0,1,0.10806458443403244,1,0,0.2295026332139969,1,0,0.2366899698972702,1,0,0.24662452936172485,1,0,0.17911726236343384
subject_13:sample_0000213,13,213,0,1,0,1,0,0.8919253945350647,0.7887243032455444,0.7378977537155151,0.800000011920929,0.8027585744857788,1,0,1,0.1031612828373909,1,0,0.2280610352754593,1,0,0.23660139739513397,1,0,0.25371572375297546,1,0,0.17845961451530457
subject_13:sample_0000214,13,214,0,1,0,1,0,0.896477222442627,0.7979080677032471,0.7448831796646118,0.800000011920929,0.8080114722251892,1,0,1,0.09852808713912964,1,0,0.22657884657382965,1,0,0.2370482236146927,1,0,0.2598108649253845,1,0,0.17803312838077545
subject_13:sample_0000215,13,215,0,1,0,1,0,0.9006475806236267,0.8064987659454346,0.7510584592819214,0.800000011920929,0.8127941489219666,1,0,1,0.09410420060157776,1,0,0.2245580106973648,1,0,0.23708589375019073,1,0,0.2668132781982422,1,0,0.1774376481771469
subject_13:sample_0000216,13,216,0,1,0,1,0,0.9020379781723022,0.8096837401390076,0.7524849772453308,0.800000011920929,0.8142954707145691,1,0,1,0.09230369329452515,1,0,0.22258499264717102,1,0,0.23671956360340118,1,0,0.2715851664543152,1,0,0.17680558562278748
subject_13:sample_0000217,13,217,0,1,0,1,0,0.9014686346054077,0.8112438917160034,0.7463918924331665,0.800000011920929,0.8129048943519592,1,0,1,0.09011811763048172,1,0,0.21820706129074097,1,0,0.23208314180374146,1,0,0.28666743636131287,1,0,0.172923281788826
subject_13:sample_0000218,13,218,0,1,0,1,0,0.8869728446006775,0.7952550649642944,0.7046114206314087,0.800000011920929,0.7940797209739685,1,0,1,0.08873329311609268,1,0,0.21411921083927155,1,0,0.22715018689632416,1,0,0.30109551548957825,1,0,0.16890083253383636
subject_13:sample_0000219,13,219,0,1,0,1,0,0.7385432720184326,0.5167979598045349,0.5030354261398315,0.800000011920929,0.6260316967964172,0,0,1,0.0897248312830925,1,0,0.21140629053115845,1,0,0.2240675538778305,1,0,0.30849093198776245,1,0,0.16630949079990387
subject_13:sample_0000220,13,220,0,1,0,0,1,0.6144610643386841,0.2433967888355255,0.4734760522842407,0.6000000238418579,0.45400917530059814,0,0,1,0.09150247275829315,1,0,0.2099168598651886,1,0,0.22372928261756897,0,1,0.3094455599784851,1,0,0.16540488600730896
subject_13:sample_0000221,13,221,0,1,0,0,1,0.5973525643348694,0.20125558972358704,0.48891907930374146,0.6000000238418579,0.43335291743278503,0,0,1,0.09342977404594421,1,0,0.20857886970043182,1,0,0.22376009821891785,0,1,0.30889520049095154,1,0,0.16533508896827698
subject_13:sample_0000222,13,222,0,1,0,0,1,0.5934469699859619,0.1907522976398468,0.49640512466430664,0.6000000238418579,0.4285088777542114,0,0,1,0.09574351459741592,1,0,0.20731067657470703,1,0,0.22399723529815674,0,1,0.30761560797691345,1,0,0.16533198952674866
subject_13:sample_0000223,13,223,0,1,0,0,1,0.5932124853134155,0.190213143825531,0.4965914487838745,0.6000000238418579,0.42820364236831665,0,0,1,0.09848793596029282,1,0,0.2065672129392624,1,0,0.22451411187648773,0,1,0.30481016635894775,1,0,0.1656196266412735
subject_13:sample_0000224,13,224,0,1,0,0,1,0.5936180353164673,0.19155317544937134,0.4949313998222351,0.6000000238418579,0.42867007851600647,0,0,1,0.10006739944219589,1,0,0.20493516325950623,1,0,0.2257002294063568,0,1,0.30267956852912903,1,0,0.16661669313907623
subject_13:sample_0000225,13,225,0,1,0,0,1,0.5978502631187439,0.20307329297065735,0.48670315742492676,0.6000000238418579,0.4339255094528198,0,0,1,0.09964421391487122,1,0,0.2039054036140442,1,0,0.2278154045343399,0,1,0.299628883600235,1,0,0.1690051406621933
subject_13:sample_0000226,13,226,0,1,0,0,1,0.602401852607727,0.21319535374641418,0.48520994186401367,0.6000000238418579,0.439730167388916,0,0,1,0.09732809662818909,1,0,0.20276257395744324,1,0,0.23157301545143127,0,1,0.29674988985061646,1,0,0.17158553004264832
subject_13:sample_0000227,13,227,0,1,0,0,1,0.6215739846229553,0.26817959547042847,0.45388102531433105,0.6000000238418579,0.4615863561630249,0,0,1,0.09423087537288666,1,0,0.20233289897441864,1,0,0.23893432319164276,0,1,0.2908264696598053,1,0,0.173674538731575
subject_13:sample_0000228,13,228,0,1,0,0,1,0.650390088558197,0.34840360283851624,0.43106359243392944,0.6000000238418579,0.49202513694763184,0,0,1,0.09093785285949707,1,0,0.20227813720703125,1,0,0.24600635468959808,0,1,0.2854399085044861,1,0,0.1753368377685547
subject_13:sample_0000229,13,229,0,1,0,0,1,0.7879936695098877,0.662929117679596,0.5213699340820312,0.800000011920929,0.683213472366333,0,0,1,0.08923619240522385,1,0,0.2030988484621048,1,0,0.25549808144569397,1,0,0.27418750524520874,1,0,0.17797841131687164
subject_13:sample_0000230,13,230,0,1,0,0,1,0.8487892150878906,0.7570933699607849,0.6185277700424194,0.800000011920929,0.7509302496910095,1,0,1,0.08721388131380081,1,0,0.20561449229717255,1,0,0.2655164897441864,1,0,0.26110976934432983,1,0,0.1805444359779358
subject_13:sample_0000231,13,231,0,1,0,0,1,0.8599863052368164,0.767488956451416,0.6413311958312988,0.800000011920929,0.7628409266471863,1,0,1,0.08455690741539001,1,0,0.21038751304149628,1,0,0.2757011651992798,1,0,0.24654559791088104,1,0,0.1828077882528305
subject_13:sample_0000232,13,232,0,1,0,0,1,0.8242935538291931,0.6975167989730835,0.5876530408859253,0.800000011920929,0.7210442423820496,1,0,1,0.08241712301969528,1,0,0.21703006327152252,1,0,0.2824966013431549,1,0,0.23342721164226532,1,0,0.1846279799938202
subject_13:sample_0000233,13,233,0,1,0,0,1,0.7334990501403809,0.5127453804016113,0.49157798290252686,0.6000000238418579,0.5771135091781616,0,0,1,0.08001869916915894,1,0,0.22589534521102905,0,1,0.2847226858139038,1,0,0.22368517518043518,1,0,0.18567712604999542
subject_13:sample_0000234,13,234,0,1,0,0,1,0.6719647645950317,0.3812876343727112,0.45790284872055054,0.6000000238418579,0.5150874257087708,0,0,1,0.07974893599748611,1,0,0.22653217613697052,0,1,0.28829556703567505,1,0,0.2165236920118332,1,0,0.18889868259429932
subject_13:sample_0000235,13,235,0,1,0,0,1,0.6559233665466309,0.3453483581542969,0.454856276512146,0.6000000238418579,0.4986364543437958,0,0,1,0.08043913543224335,1,0,0.22389891743659973,0,1,0.2911161482334137,1,0,0.21211768686771393,1,0,0.19242717325687408
subject_13:sample_0000236,13,236,0,1,0,0,1,0.6632871627807617,0.3595104217529297,0.45984983444213867,0.6000000238418579,0.5064599514007568,0,0,1,0.08277062326669693,1,0,0.21465317904949188,0,1,0.29533952474594116,1,0,0.2097647488117218,1,0,0.19747097790241241
subject_13:sample_0000237,13,237,0,1,0,0,1,0.6778504848480225,0.3905693292617798,0.4653623700141907,0.6000000238418579,0.5214271545410156,0,0,1,0.08525733649730682,1,0,0.20655784010887146,0,1,0.29866549372673035,1,0,0.2080375701189041,1,0,0.20148082077503204
subject_13:sample_0000238,13,238,0,1,0,0,1,0.6819353103637695,0.3991696536540985,0.46724963188171387,0.6000000238418579,0.5255938172340393,0,0,1,0.08630483597517014,1,0,0.20294660329818726,0,1,0.2998265326023102,1,0,0.20662866532802582,1,0,0.204292431473732
subject_13:sample_0000239,13,239,0,1,0,0,1,0.6910908222198486,0.41820794343948364,0.47209399938583374,0.6000000238418579,0.534905195236206,0,0,1,0.08724164217710495,1,0,0.20039856433868408,0,1,0.3006650507450104,1,0,0.20525826513767242,1,0,0.20643551647663116
subject_13:sample_0000240,13,240,0,1,0,0,1,0.6958884596824646,0.4277263283729553,0.4754354953765869,0.6000000238418579,0.5398052334785461,0,0,1,0.08778763562440872,1,0,0.19897234439849854,0,1,0.301749587059021,1,0,0.20388731360435486,1,0,0.2076021283864975
subject_13:sample_0000241,13,241,0,1,0,0,1,0.6990388631820679,0.4330484867095947,0.4790348410606384,0.6000000238418579,0.5431116223335266,0,0,1,0.08864641934633255,1,0,0.19933101534843445,0,1,0.30116575956344604,1,0,0.20256714522838593,1,0,0.20828868448734283
subject_13:sample_0000242,13,242,0,1,0,0,1,0.7010825872421265,0.43607762455940247,0.4820142984390259,0.6000000238418579,0.5453006625175476,0,0,1,0.08869121968746185,1,0,0.1994941085577011,0,1,0.3020152449607849,1,0,0.20073679089546204,1,0,0.2090616375207901
subject_13:sample_0000243,13,243,0,1,0,0,1,0.6909080743789673,0.412811815738678,0.47963762283325195,0.6000000238418579,0.53525310754776,0,0,1,0.08908960223197937,1,0,0.2014251947402954,0,1,0.3018524944782257,1,0,0.19856378436088562,1,0,0.2090679407119751
subject_13:sample_0000244,13,244,0,1,0,0,1,0.6652646064758301,0.35664618015289307,0.47249871492385864,0.6000000238418579,0.5092675089836121,0,0,1,0.08795979619026184,1,0,0.2064010053873062,0,1,0.3010885417461395,1,0,0.1964922696352005,1,0,0.2080574482679367
subject_13:sample_0000245,13,245,0,1,0,0,1,0.6768229007720947,0.38085246086120605,0.47715669870376587,0.6000000238418579,0.5212079882621765,0,0,1,0.08903764188289642,1,0,0.20712800323963165,0,1,0.30071088671684265,1,0,0.19552350044250488,1,0,0.2075989842414856
subject_13:sample_0000246,13,246,1,2,0,2,0,0.9390594363212585,0.8786296844482422,0.8322829008102417,1.0,0.9103166460990906,1,2,0,0.2032356858253479,2,0,0.19538618624210358,2,0,0.19473767280578613,2,0,0.181116983294487,2,0,0.2255224585533142
subject_13:sample_0000247,13,247,1,2,0,2,0,0.9252035021781921,0.8509492874145508,0.8058919906616211,1.0,0.8924922347068787,1,2,0,0.20265047252178192,2,0,0.19371415674686432,2,0,0.19530797004699707,2,0,0.18204882740974426,2,0,0.22627754509449005
subject_13:sample_0000248,13,248,1,2,0,2,0,0.898728609085083,0.7980588674545288,0.7608315944671631,0.800000011920929,0.8128501772880554,1,1,1,0.20122407376766205,2,0,0.19426187872886658,2,0,0.19510766863822937,2,0,0.1831931620836258,2,0,0.22621223330497742
subject_13:sample_0000249,13,249,1,2,0,2,0,0.8929877877235413,0.7866092920303345,0.7517760396003723,0.800000011920929,0.8062055706977844,1,1,1,0.20070011913776398,2,0,0.19757184386253357,2,0,0.1939692497253418,2,0,0.18312013149261475,2,0,0.22463777661323547
subject_13:sample_0000250,13,250,1,2,0,2,0,0.864383339881897,0.7294282913208008,0.7106571197509766,0.800000011920929,0.7737662196159363,1,1,1,0.19933022558689117,2,0,0.1991773545742035,2,0,0.19340883195400238,2,0,0.18433460593223572,2,0,0.22374805808067322
subject_13:sample_0000251,13,251,1,2,0,2,0,0.8476238250732422,0.6959091424942017,0.6890465021133423,0.800000011920929,0.7551331520080566,1,1,1,0.19814740121364594,2,0,0.20052246749401093,2,0,0.1927986592054367,2,0,0.18593792617321014,2,0,0.2225925624370575
subject_13:sample_0000252,13,252,1,2,0,2,0,0.8227554559707642,0.6460669040679932,0.6602776050567627,0.800000011920929,0.7279326915740967,1,1,1,0.1948736160993576,2,0,0.20155127346515656,2,0,0.19287653267383575,2,0,0.18866318464279175,2,0,0.22203445434570312
subject_13:sample_0000253,13,253,1,2,0,2,0,0.816020131111145,0.632500171661377,0.6533241271972656,0.800000011920929,0.720684289932251,1,1,1,0.1918330043554306,2,0,0.20216794312000275,2,0,0.19316786527633667,2,0,0.19144637882709503,2,0,0.22138383984565735
subject_13:sample_0000254,13,254,1,2,0,2,0,0.8156068325042725,0.6316125392913818,0.6531463861465454,0.800000011920929,0.7202910780906677,1,1,1,0.18789340555667877,2,0,0.20422643423080444,2,0,0.19300447404384613,2,0,0.19447970390319824,2,0,0.22039510309696198
subject_13:sample_0000255,13,255,1,2,0,2,0,0.8170459866523743,0.6344659328460693,0.6548082828521729,0.800000011920929,0.7218795418739319,1,1,1,0.18515481054782867,2,0,0.2052360326051712,2,0,0.19271047413349152,2,0,0.1973501592874527,2,0,0.2195475548505783
subject_13:sample_0000256,13,256,1,2,0,2,0,0.8186829090118408,0.6377235054969788,0.6566568613052368,0.800000011920929,0.7236759662628174,1,1,1,0.18280984461307526,2,0,0.20628288388252258,2,0,0.19191408157348633,2,0,0.20039306581020355,2,0,0.21859920024871826
subject_13:sample_0000257,13,257,1,2,0,2,0,0.8214806914329529,0.6433025598526001,0.6597961187362671,0.800000011920929,0.7267383337020874,1,1,1,0.1794183850288391,2,0,0.20738285779953003,2,0,0.19040809571743011,2,0,0.20479747653007507,2,0,0.21799229085445404
subject_13:sample_0000258,13,258,1,2,0,2,0,0.823210597038269,0.6467601656913757,0.6617206335067749,0.800000011920929,0.7286260724067688,1,1,1,0.1773705780506134,2,0,0.2079618126153946,2,0,0.187792107462883,2,0,0.2102227658033371,2,0,0.21665184199810028
subject_13:sample_0000259,13,259,1,2,0,2,0,0.8244152665138245,0.6491951942443848,0.6629482507705688,0.800000011920929,0.7299157977104187,1,1,1,0.17536258697509766,2,0,0.20859642326831818,2,0,0.18464282155036926,2,0,0.217134028673172,2,0,0.2142631560564041
subject_13:sample_0000260,13,260,1,2,0,2,0,0.8198703527450562,0.640188455581665,0.6575567722320557,0.800000011920929,0.7248849272727966,1,1,1,0.1761476844549179,2,0,0.20874309539794922,2,0,0.1824498325586319,2,0,0.22076039016246796,2,0,0.2118980437517166
subject_13:sample_0000261,13,261,1,2,0,2,0,0.6334531307220459,0.26794296503067017,0.5208696722984314,0.6000000238418579,0.47990942001342773,0,1,1,0.17701362073421478,2,0,0.21031521260738373,2,0,0.18376097083091736,1,1,0.21693535149097443,2,0,0.2119739055633545
subject_13:sample_0000262,13,262,1,2,0,2,0,0.5752807855606079,0.15162250399589539,0.5028542280197144,0.6000000238418579,0.4027719497680664,0,1,1,0.18005816638469696,2,0,0.2101098895072937,2,0,0.1844940483570099,1,1,0.21330031752586365,2,0,0.2120366394519806
subject_13:sample_0000263,13,263,1,1,1,2,0,0.563640832901001,0.1285356879234314,0.49965929985046387,0.6000000238418579,0.3838953673839569,0,1,1,0.18290607631206512,1,1,0.2087041735649109,2,0,0.18611644208431244,1,1,0.2094792127609253,2,0,0.21279312670230865
subject_13:sample_0000264,13,264,1,1,1,2,0,0.5924429893493652,0.1858963966369629,0.5072968006134033,0.6000000238418579,0.4278906285762787,0,1,1,0.18615393340587616,1,1,0.2043728083372116,2,0,0.18829117715358734,1,1,0.20688852667808533,2,0,0.21429257094860077
subject_13:sample_0000265,13,265,1,1,1,2,0,0.5910027623176575,0.18294250965118408,0.5072276592254639,0.6000000238418579,0.42590680718421936,0,1,1,0.1895643174648285,1,1,0.19830429553985596,2,0,0.19033832848072052,1,1,0.2058681845664978,2,0,0.21592389047145844
subject_13:sample_0000266,13,266,1,1,1,2,0,0.5881827473640442,0.1772812008857727,0.5065784454345703,0.6000000238418579,0.42193275690078735,0,1,1,0.19310438632965088,1,1,0.19141526520252228,2,0,0.191973015666008,1,1,0.2059190273284912,2,0,0.21758738160133362
subject_13:sample_0000267,13,267,1,1,1,2,0,0.5842084288597107,0.1693284511566162,0.5055906772613525,0.6000000238418579,0.41620954871177673,0,1,1,0.19478893280029297,1,1,0.18703827261924744,2,0,0.19440408051013947,1,1,0.20440177619457245,2,0,0.21936601400375366
subject_13:sample_0000268,13,268,1,1,1,2,0,0.5829716324806213,0.16684859991073608,0.5053147077560425,0.6000000238418579,0.41440099477767944,0,1,1,0.19647450745105743,1,1,0.18467001616954803,2,0,0.1952401101589203,1,1,0.20375674962997437,2,0,0.21985769271850586
subject_13:sample_0000269,13,269,1,1,1,2,0,0.5827935934066772,0.16648513078689575,0.5053035020828247,0.6000000238418579,0.4141412079334259,0,1,1,0.19828858971595764,1,1,0.18255968391895294,2,0,0.1953151971101761,1,1,0.20380108058452606,2,0,0.22003446519374847
subject_13:sample_0000270,13,270,1,1,1,2,0,0.5831297039985657,0.167147696018219,0.5054277777671814,0.6000000238418579,0.4146379232406616,0,1,1,0.1992676556110382,1,1,0.18139484524726868,2,0,0.19487078487873077,1,1,0.20427194237709045,2,0,0.22019372880458832
subject_13:sample_0000271,13,271,1,1,1,2,0,0.5846356153488159,0.17014145851135254,0.5058774948120117,0.6000000238418579,0.4168434739112854,0,1,1,0.2003306746482849,1,1,0.18078020215034485,2,0,0.19376152753829956,1,1,0.20528541505336761,2,0,0.2198411375284195
subject_13:sample_0000272,13,272,1,1,1,2,0,0.5861459970474243,0.17313581705093384,0.5063724517822266,0.6000000238418579,0.41903814673423767,0,1,1,0.20124076306819916,1,1,0.18068471550941467,2,0,0.19261068105697632,1,1,0.20595134794712067,2,0,0.21951155364513397
subject_13:sample_0000273,13,273,1,1,1,2,0,0.5883228182792664,0.17745870351791382,0.5070668458938599,0.6000000238418579,0.4221651256084442,0,1,1,0.2021283507347107,1,1,0.18098919093608856,2,0,0.1910090297460556,1,1,0.20694510638713837,2,0,0.2189272791147232
subject_13:sample_0000274,13,274,1,1,1,2,0,0.5891551375389099,0.17911145091056824,0.5073360800743103,0.6000000238418579,0.42335045337677,0,1,1,0.20245397090911865,1,1,0.1810397356748581,2,0,0.19055163860321045,1,1,0.20739682018756866,2,0,0.21855689585208893
subject_13:sample_0000275,13,275,1,1,1,2,0,0.5881398320198059,0.17707625031471252,0.5070925354957581,0.6000000238418579,0.42191001772880554,0,1,1,0.20217928290367126,1,1,0.18083594739437103,2,0,0.19128164649009705,1,1,0.20684093236923218,2,0,0.21886125206947327
subject_13:sample_0000276,13,276,1,1,1,2,0,0.5874662399291992,0.17571911215782166,0.5069637894630432,0.6000000238418579,0.4209519624710083,0,1,1,0.20226119458675385,1,1,0.18075285851955414,2,0,0.19190286099910736,1,1,0.20616360008716583,2,0,0.2189185619354248
subject_13:sample_0000277,13,277,1,1,1,1,1,0.5851187109947205,0.1710285246372223,0.5063496828079224,0.6000000238418579,0.4175693690776825,0,1,1,0.2014521062374115,1,1,0.18033526837825775,2,0,0.1937248408794403,1,1,0.2050158679485321,2,0,0.2194710075855255
subject_13:sample_0000278,13,278,1,1,1,1,1,0.5808541178703308,0.1625204086303711,0.5052179098129272,0.6000000238418579,0.4112929403781891,0,1,1,0.1996936947107315,1,1,0.17954306304454803,2,0,0.19674158096313477,1,1,0.20325525104999542,2,0,0.22076544165611267
subject_13:sample_0000279,13,279,1,1,1,1,1,0.5823652148246765,0.1655239462852478,0.5056632161140442,0.6000000238418579,0.41353973746299744,0,1,1,0.20031200349330902,1,1,0.17994055151939392,2,0,0.19584321975708008,1,1,0.20377278327941895,2,0,0.22013045847415924
subject_13:sample_0000280,13,280,1,1,1,1,1,0.5833979249000549,0.16757667064666748,0.5059707164764404,0.6000000238418579,0.4150627851486206,0,1,1,0.2006799280643463,1,1,0.1802041232585907,2,0,0.1953853815793991,1,1,0.20419879257678986,2,0,0.2195308655500412
subject_13:sample_0000281,13,281,1,1,1,1,1,0.5824334621429443,0.16565078496932983,0.5057234764099121,0.6000000238418579,0.41364336013793945,0,1,1,0.20011718571186066,1,1,0.17996153235435486,2,0,0.19619500637054443,1,1,0.20404301583766937,2,0,0.2196822464466095
subject_13:sample_0000282,13,282,1,1,1,1,1,0.5800111889839172,0.16083049774169922,0.5050374865531921,0.6000000238418579,0.41003409028053284,0,1,1,0.19892358779907227,1,1,0.17934295535087585,2,0,0.19809722900390625,1,1,0.20341891050338745,2,0,0.22021639347076416
subject_13:sample_0000283,13,283,1,1,1,1,1,0.5785278677940369,0.15790951251983643,0.5044883489608765,0.6000000238418579,0.40778735280036926,0,1,1,0.19794133305549622,1,1,0.17877885699272156,2,0,0.19968006014823914,1,1,0.20349077880382538,2,0,0.2201080471277237
subject_13:sample_0000284,13,284,1,1,1,1,1,0.5771422982215881,0.1551971435546875,0.5039117336273193,0.6000000238418579,0.40566548705101013,0,1,1,0.19683054089546204,1,1,0.17819416522979736,2,0,0.20132313668727875,1,1,0.20381377637386322,2,0,0.21983744204044342
subject_13:sample_0000285,13,285,1,1,1,1,1,0.576244592666626,0.1534406840801239,0.503538191318512,0.6000000238418579,0.4042804539203644,0,1,1,0.195759117603302,1,1,0.1775943487882614,2,0,0.20252211391925812,1,1,0.20459166169166565,2,0,0.2195318043231964
subject_13:sample_0000286,13,286,1,1,1,1,1,0.5746524333953857,0.15028929710388184,0.5030421018600464,0.6000000238418579,0.4018113613128662,0,1,1,0.19444255530834198,1,1,0.17686504125595093,2,0,0.20404042303562164,1,1,0.2050459384918213,2,0,0.21960507333278656
subject_13:sample_0000287,13,287,1,1,1,1,1,0.5723403692245483,0.14568579196929932,0.5024547576904297,0.6000000238418579,0.3981804847717285,0,1,1,0.19306831061840057,1,1,0.17599007487297058,2,0,0.20601192116737366,1,1,0.20497643947601318,2,0,0.2199523001909256
subject_13:sample_0000288,13,288,1,1,1,1,1,0.5675145387649536,0.13605740666389465,0.5013645887374878,0.6000000238418579,0.39039212465286255,0,1,1,0.19061435759067535,1,1,0.1746761053800583,2,0,0.2095162719488144,1,1,0.20388548076152802,2,0,0.2213069200515747
subject_13:sample_0000289,13,289,1,1,1,1,1,0.5643100142478943,0.1296776831150055,0.5006189346313477,0.6000000238418579,0.38504403829574585,0,1,1,0.18861398100852966,1,1,0.1736576110124588,2,0,0.21179179847240448,1,1,0.20368991792201996,2,0,0.2222457230091095
subject_13:sample_0000290,13,290,1,1,1,1,1,0.5603120923042297,0.1217203438282013,0.4997234344482422,0.6000000238418579,0.37815386056900024,0,1,1,0.18616582453250885,1,1,0.1724068969488144,2,0,0.21463806927204132,1,1,0.203383669257164,2,0,0.22340454161167145
subject_13:sample_0000291,13,291,1,1,1,1,1,0.5541432499885559,0.10940319299697876,0.49860048294067383,0.6000000238418579,0.36697715520858765,0,1,1,0.18299520015716553,1,1,0.17080868780612946,2,0,0.21868164837360382,1,1,0.20195002853870392,2,0,0.22556351125240326
subject_13:sample_0000292,13,292,1,1,1,1,1,0.5496493577957153,0.1004486083984375,0.49777400493621826,0.6000000238418579,0.3583465814590454,0,1,1,0.18039923906326294,1,1,0.1695501059293747,2,0,0.22166034579277039,1,1,0.2013067603111267,2,0,0.2270825356245041
subject_13:sample_0000293,13,293,1,1,1,1,1,0.5475760698318481,0.09630435705184937,0.4974689483642578,0.6000000238418579,0.3542027473449707,0,1,1,0.17870879173278809,1,1,0.1687440574169159,2,0,0.22285090386867523,1,1,0.201720729470253,2,0,0.22797450423240662
subject_13:sample_0000294,13,294,1,1,1,1,1,0.5465633273124695,0.09428322315216064,0.49731016159057617,0.6000000238418579,0.3521384000778198,0,1,1,0.17758913338184357,1,1,0.1683172732591629,2,0,0.2234247773885727,1,1,0.202250137925148,2,0,0.22841769456863403
subject_13:sample_0000295,13,295,1,1,1,1,1,0.5468437075614929,0.09486514329910278,0.49725764989852905,0.6000000238418579,0.3527163863182068,0,1,1,0.17694130539894104,1,1,0.16816261410713196,2,0,0.22321972250938416,1,1,0.20335786044597626,2,0,0.228317528963089
subject_13:sample_0000296,13,296,1,1,1,1,1,0.5486400723457336,0.09844809770584106,0.49755120277404785,0.6000000238418579,0.3563452363014221,0,1,1,0.1767374575138092,1,1,0.16788597404956818,2,0,0.2221815139055252,1,1,0.205647274851799,2,0,0.2275467962026596
subject_13:sample_0000297,13,297,1,1,1,1,1,0.5483943819999695,0.0979577898979187,0.49751192331314087,0.6000000238418579,0.3558538556098938,0,1,1,0.17643298208713531,1,1,0.16748787462711334,2,0,0.22233770787715912,1,1,0.206114262342453,2,0,0.22762618958950043
subject_13:sample_0000298,13,298,0,1,0,1,0,0.8390429019927979,0.6893657445907593,0.6513267755508423,0.6000000238418579,0.6895186305046082,0,0,1,0.07266107946634293,0,1,0.07682286947965622,1,0,0.3929254412651062,1,0,0.19327926635742188,1,0,0.26431044936180115
subject_13:sample_0000299,13,299,0,1,0,1,0,0.8391014933586121,0.6899088621139526,0.6505932807922363,0.6000000238418579,0.6894721984863281,0,0,1,0.07240493595600128,0,1,0.07657453417778015,1,0,0.39451950788497925,1,0,0.19278226792812347,1,0,0.26371780037879944
subject_13:sample_0000300,13,300,0,1,0,1,0,0.8390159010887146,0.6907029151916504,0.6487042903900146,0.6000000238418579,0.6891517639160156,0,0,1,0.07194267213344574,0,1,0.07610826194286346,1,0,0.3979414701461792,1,0,0.1916554570198059,1,0,0.2623511850833893
subject_13:sample_0000301,13,301,0,1,0,1,0,0.8385239243507385,0.6927480101585388,0.6428443193435669,0.6000000238418579,0.6879976391792297,0,0,1,0.07058220356702805,0,1,0.07471272349357605,1,0,0.406730055809021,1,0,0.18891261518001556,1,0,0.25906142592430115
subject_13:sample_0000302,13,302,0,1,0,0,1,0.8353068828582764,0.692157506942749,0.6298373937606812,0.6000000238418579,0.6836875081062317,0,0,1,0.06882987916469574,0,1,0.07290564477443695,1,0,0.4187939167022705,1,0,0.18504667282104492,1,0,0.25442296266555786
subject_13:sample_0000303,13,303,0,1,0,0,1,0.8267785906791687,0.6830664873123169,0.6086315512657166,0.6000000238418579,0.6738908290863037,0,0,1,0.06715983897447586,0,1,0.07118840515613556,1,0,0.4295578598976135,1,0,0.18160617351531982,1,0,0.25048673152923584
subject_13:sample_0000304,13,304,0,1,0,0,1,0.768165111541748,0.5796375870704651,0.5259420871734619,0.6000000238418579,0.6122447848320007,0,0,1,0.06521932035684586,0,1,0.0692048966884613,1,0,0.4439380466938019,1,0,0.17690616846084595,1,0,0.2447306513786316
subject_13:sample_0000305,13,305,0,1,0,0,1,0.7131044864654541,0.4692692756652832,0.4769969582557678,0.6000000238418579,0.5563019514083862,0,0,1,0.06468692421913147,0,1,0.06869054585695267,1,0,0.44663769006729126,1,0,0.17604708671569824,1,0,0.24393674731254578
subject_13:sample_0000306,13,306,0,1,0,0,1,0.64979088306427,0.33805784583091736,0.44234538078308105,0.6000000238418579,0.4913821518421173,0,0,1,0.06443628668785095,0,1,0.06844956427812576,1,0,0.44785475730895996,1,0,0.17555901408195496,1,0,0.24369941651821136
subject_13:sample_0000307,13,307,0,0,1,0,1,0.4910534620285034,0.00043827295303344727,0.4413309097290039,0.6000000238418579,0.0868854895234108,0,0,1,0.06350275129079819,0,1,0.06749201565980911,0,1,0.4520166516304016,1,0,0.17416857182979584,1,0,0.24281901121139526
subject_13:sample_0000308,13,308,0,0,1,0,1,0.5818023085594177,0.16674518585205078,0.49579983949661255,0.6000000238418579,0.41216546297073364,0,0,1,0.06305103003978729,0,1,0.06698848307132721,0,1,0.4583026170730591,1,0,0.17269660532474518,1,0,0.23896029591560364
subject_13:sample_0000309,13,309,0,0,1,0,1,0.5869487524032593,0.17626947164535522,0.499960720539093,0.6000000238418579,0.41972625255584717,0,0,1,0.06340659409761429,0,1,0.0673169493675232,0,1,0.4597305655479431,1,0,0.172485813498497,1,0,0.2370591014623642
subject_13:sample_0000310,13,310,0,0,1,0,1,0.5901628136634827,0.182153582572937,0.5029456615447998,0.6000000238418579,0.42439523339271545,0,0,1,0.06358211487531662,0,1,0.06746456027030945,0,1,0.46063748002052307,1,0,0.1721680909395218,1,0,0.23614677786827087
subject_13:sample_0000311,13,311,0,0,1,0,1,0.5908169150352478,0.18319424986839294,0.504220187664032,0.6000000238418579,0.42538684606552124,0,0,1,0.06361093372106552,0,1,0.06745242327451706,0,1,0.4603184163570404,1,0,0.17205382883548737,1,0,0.23656339943408966
subject_13:sample_0000312,13,312,0,0,1,0,1,0.5902878046035767,0.18210726976394653,0.504204511642456,0.6000000238418579,0.4246560037136078,0,0,1,0.06375692784786224,0,1,0.06756789982318878,0,1,0.4592974781990051,1,0,0.17199161648750305,1,0,0.23738513886928558
subject_13:sample_0000313,13,313,0,0,1,0,1,0.5895854830741882,0.1807236671447754,0.5039368867874146,0.6000000238418579,0.42366471886634827,0,0,1,0.06379849463701248,0,1,0.06758803129196167,0,1,0.4584370255470276,1,0,0.17179642617702484,1,0,0.23837906122207642
subject_13:sample_0000314,13,314,0,0,1,0,1,0.5877285599708557,0.17703980207443237,0.5033342838287354,0.6000000238418579,0.42103081941604614,0,0,1,0.06384842842817307,0,1,0.06759906560182571,0,1,0.45641621947288513,1,0,0.17189453542232513,1,0,0.24024079740047455
subject_13:sample_0000315,13,315,0,0,1,0,1,0.5847093462944031,0.17104727029800415,0.502383291721344,0.6000000238418579,0.41668766736984253,0,0,1,0.06395573914051056,0,1,0.06767492741346359,0,1,0.453143447637558,1,0,0.17242544889450073,1,0,0.24279944598674774
subject_13:sample_0000316,13,316,0,0,1,0,1,0.5846872925758362,0.17106008529663086,0.5021485686302185,0.6000000238418579,0.4166428744792938,0,0,1,0.06367141008377075,0,1,0.06735392659902573,0,1,0.45373979210853577,1,0,0.1718614101409912,1,0,0.24337254464626312
subject_13:sample_0000317,13,317,0,0,1,0,1,0.5872477889060974,0.1762595772743225,0.5024806261062622,0.6000000238418579,0.42030173540115356,0,0,1,0.06320320069789886,0,1,0.06682496517896652,0,1,0.45744264125823975,1,0,0.17041045427322388,1,0,0.2421177476644516
subject_13:sample_0000318,13,318,0,0,1,0,1,0.588086724281311,0.17827647924423218,0.5013412833213806,0.6000000238418579,0.4214102029800415,0,0,1,0.0631852075457573,0,1,0.06677810102701187,0,1,0.45928287506103516,1,0,0.16959869861602783,1,0,0.24115420877933502
subject_13:sample_0000319,13,319,0,0,1,0,1,0.5768876671791077,0.15853720903396606,0.48904895782470703,0.6000000238418579,0.40474504232406616,0,0,1,0.06356651335954666,0,1,0.06715696305036545,0,1,0.4570106267929077,1,0,0.17023994028568268,1,0,0.2420249730348587
subject_13:sample_0000320,13,320,0,1,0,0,1,0.4983763098716736,0.018206894397735596,0.4340619444847107,0.4000000059604645,0.19922837615013123,0,0,1,0.06436377018690109,0,1,0.06798026710748672,0,1,0.4507383406162262,1,0,0.17214487493038177,1,0,0.2447717785835266
subject_13:sample_0000321,13,321,0,1,0,0,1,0.6651067137718201,0.3719920814037323,0.44602054357528687,0.6000000238418579,0.5072625875473022,0,0,1,0.0652247741818428,0,1,0.06890024989843369,1,0,0.4443073868751526,1,0,0.174008309841156,1,0,0.24755825102329254
subject_13:sample_0000322,13,322,0,1,0,0,1,0.7943593263626099,0.6291239857673645,0.5573787689208984,0.6000000238418579,0.6393868923187256,0,0,1,0.06648275256156921,0,1,0.0702400729060173,1,0,0.43502116203308105,1,0,0.17683695256710052,1,0,0.25141817331314087
subject_13:sample_0000323,13,323,0,1,0,0,1,0.821593165397644,0.6750861406326294,0.5993369221687317,0.6000000238418579,0.6682816743850708,0,0,1,0.06748408824205399,0,1,0.07133428752422333,1,0,0.42730942368507385,1,0,0.17914867401123047,1,0,0.2547225058078766
subject_13:sample_0000324,13,324,0,1,0,0,1,0.8282985687255859,0.6841170787811279,0.6130193471908569,0.6000000238418579,0.6756716966629028,0,0,1,0.06814292073249817,0,1,0.07206637412309647,1,0,0.4230020344257355,1,0,0.18046455085277557,1,0,0.25632309913635254
subject_13:sample_0000325,13,325,0,1,0,0,1,0.83339923620224,0.6894047260284424,0.6259312629699707,0.6000000238418579,0.6815556287765503,0,0,1,0.06907656788825989,0,1,0.07308411598205566,1,0,0.41732609272003174,1,0,0.18233680725097656,1,0,0.25817540287971497
subject_13:sample_0000326,13,326,0,1,0,0,1,0.8351455926895142,0.6905650496482849,0.6314587593078613,0.6000000238418579,0.6837002635002136,0,0,1,0.06963181495666504,0,1,0.07369234412908554,1,0,0.4142301082611084,1,0,0.18342675268650055,1,0,0.2590179443359375
subject_13:sample_0000327,13,327,0,1,0,1,0,0.8364073038101196,0.6903796195983887,0.637154221534729,0.6000000238418579,0.6854494214057922,0,0,1,0.07054590433835983,0,1,0.07468076050281525,1,0,0.41020792722702026,1,0,0.1848156452178955,1,0,0.25974881649017334
subject_13:sample_0000328,13,328,0,1,0,1,0,0.835746169090271,0.6883481740951538,0.6374403238296509,0.6000000238418579,0.68488609790802,0,0,1,0.07123935222625732,0,1,0.07541611045598984,1,0,0.4096348285675049,1,0,0.18514180183410645,1,0,0.2585669159889221
subject_13:sample_0000329,13,329,0,1,0,1,0,0.8348135948181152,0.6864240169525146,0.6363533735275269,0.6000000238418579,0.68392413854599,0,0,1,0.07169903814792633,0,1,0.07589468359947205,1,0,0.4105212688446045,1,0,0.18512557446956635,1,0,0.2567584812641144
subject_13:sample_0000330,13,330,0,1,0,0,1,0.8333330750465393,0.6838464736938477,0.6338725090026855,0.6000000238418579,0.6823114156723022,0,0,1,0.07216769456863403,0,1,0.07636943459510803,1,0,0.41229555010795593,1,0,0.18476368486881256,1,0,0.25440269708633423
subject_13:sample_0000331,13,331,0,1,0,1,0,0.832237720489502,0.6805058717727661,0.6343989372253418,0.6000000238418579,0.6813939213752747,0,0,1,0.0733405277132988,0,1,0.07758883386850357,1,0,0.41087275743484497,1,0,0.18490266799926758,1,0,0.2532942593097687
subject_13:sample_0000332,13,332,0,1,0,0,1,0.8304381966590881,0.6775248050689697,0.6311615705490112,0.6000000238418579,0.6794086694717407,0,0,1,0.0738597884774208,0,1,0.07808521389961243,1,0,0.4123480021953583,1,0,0.18404605984687805,1,0,0.25165995955467224
subject_13:sample_0000333,13,333,0,1,0,0,1,0.8291911482810974,0.6758408546447754,0.6283137798309326,0.6000000238418579,0.6779642105102539,0,0,1,0.07399334013462067,0,1,0.07818952947854996,1,0,0.4138396680355072,1,0,0.1832735538482666,1,0,0.25070300698280334
subject_13:sample_0000334,13,334,1,1,1,1,1,0.9972562789916992,0.9952318072319031,0.9851166009902954,1.0,0.9943852424621582,1,1,1,0.24451498687267303,1,1,0.25054681301116943,1,1,0.1649625450372696,1,1,0.15259164571762085,1,1,0.1873830258846283
subject_13:sample_0000335,13,335,1,1,1,1,1,0.997269868850708,0.9952504634857178,0.9851860404014587,1.0,0.9944108128547668,1,1,1,0.24272534251213074,1,1,0.24970968067646027,1,1,0.16585835814476013,1,1,0.15335552394390106,1,1,0.18835008144378662
subject_13:sample_0000336,13,336,1,1,1,1,1,0.9973109364509583,0.9953134059906006,0.9853891730308533,1.0,0.994488000869751,1,1,1,0.23730815947055817,1,1,0.24875563383102417,1,1,0.16781693696975708,1,1,0.15539826452732086,1,1,0.1907200962305069
subject_13:sample_0000337,13,337,1,1,1,1,1,0.9973549842834473,0.9953842759132385,0.985604465007782,1.0,0.9945710301399231,1,1,1,0.23099592328071594,1,1,0.24739831686019897,1,1,0.17017513513565063,1,1,0.15789999067783356,1,1,0.19352968037128448
subject_13:sample_0000338,13,338,1,1,1,1,1,0.9973657131195068,0.9953936338424683,0.985664427280426,1.0,0.9945911765098572,1,1,1,0.22754709422588348,1,1,0.24667541682720184,1,1,0.17172552645206451,1,1,0.15942923724651337,1,1,0.1946217119693756
subject_13:sample_0000339,13,339,1,1,1,1,1,0.9974072575569153,0.995471179485321,0.985858678817749,1.0,0.9946698546409607,1,1,1,0.22171680629253387,1,1,0.24588170647621155,1,1,0.17307887971401215,1,1,0.16139431297779083,1,1,0.19792726635932922
subject_13:sample_0000340,13,340,1,1,1,1,1,0.9974360466003418,0.9955256581306458,0.9859936833381653,1.0,0.9947247505187988,1,1,1,0.21844346821308136,1,1,0.24556244909763336,1,1,0.1735355108976364,1,1,0.1626676768064499,1,1,0.19978994131088257
subject_13:sample_0000341,13,341,1,1,1,1,1,0.9974693655967712,0.9955957531929016,0.9861440658569336,1.0,0.9947885274887085,1,1,1,0.21655768156051636,1,1,0.2449692040681839,1,1,0.17382153868675232,1,1,0.1636773645877838,1,1,0.20097321271896362
subject_13:sample_0000342,13,342,1,1,1,1,1,0.9974890947341919,0.9956400394439697,0.986230731010437,1.0,0.9948263764381409,1,1,1,0.21598339080810547,1,1,0.2441469132900238,1,1,0.17409886419773102,1,1,0.16426388919353485,1,1,0.20150598883628845
subject_13:sample_0000343,13,343,1,1,1,1,1,0.9975006580352783,0.9956649541854858,0.9862838983535767,1.0,0.9948487877845764,1,1,1,0.21549952030181885,1,1,0.24343813955783844,1,1,0.17410370707511902,1,1,0.1644579917192459,1,1,0.2024996429681778
subject_13:sample_0000344,13,344,1,1,1,1,1,0.997498631477356,0.9956572651863098,0.9862780570983887,1.0,0.994844913482666,1,1,1,0.21535624563694,1,1,0.2432307004928589,1,1,0.1738215833902359,1,1,0.1641063094139099,1,1,0.20348423719406128
subject_13:sample_0000345,13,345,1,1,1,1,1,0.9974936842918396,0.9956446290016174,0.986258864402771,1.0,0.994835615158081,1,1,1,0.21473827958106995,1,1,0.24305671453475952,1,1,0.17365017533302307,1,1,0.16383560001850128,1,1,0.20471824705600739
subject_13:sample_0000346,13,346,1,1,1,1,1,0.9974845051765442,0.995622992515564,0.9862213730812073,1.0,0.9948185086250305,1,1,1,0.2137136161327362,1,1,0.24301299452781677,1,1,0.17351189255714417,1,1,0.1634758561849594,1,1,0.20628470182418823
subject_13:sample_0000347,13,347,1,1,1,1,1,0.9974771738052368,0.9956077933311462,0.9861897826194763,1.0,0.9948049187660217,1,1,1,0.21296179294586182,1,1,0.24379944801330566,1,1,0.17319384217262268,1,1,0.1630183905363083,1,1,0.20702552795410156
subject_13:sample_0000348,13,348,1,1,1,1,1,0.9974870085716248,0.995631754398346,0.9862318634986877,1.0,0.9948240518569946,1,1,1,0.2124081552028656,1,1,0.24391205608844757,1,1,0.17322494089603424,1,1,0.16315370798110962,1,1,0.20730024576187134
subject_13:sample_0000349,13,349,1,1,1,1,1,0.9974939823150635,0.9956477284431458,0.9862632751464844,1.0,0.9948375821113586,1,1,1,0.211729034781456,1,1,0.24451321363449097,1,1,0.1732766032218933,1,1,0.16322122514247894,1,1,0.20725896954536438
subject_13:sample_0000350,13,350,1,1,1,1,1,0.9974954724311829,0.9956521987915039,0.986270546913147,1.0,0.9948409199714661,1,1,1,0.2116590142250061,1,1,0.24457623064517975,1,1,0.17318308353424072,1,1,0.163119375705719,1,1,0.20746132731437683
subject_13:sample_0000351,13,351,1,1,1,1,1,0.9974935054779053,0.9956504106521606,0.9862608313560486,1.0,0.9948375225067139,1,1,1,0.21185465157032013,1,1,0.24471823871135712,1,1,0.17296555638313293,1,1,0.1628541201353073,1,1,0.20760643482208252
subject_13:sample_0000352,13,352,1,1,1,1,1,0.9974790811538696,0.995618462562561,0.9861971735954285,1.0,0.9948099851608276,1,1,1,0.21190088987350464,1,1,0.244252011179924,1,1,0.1729498654603958,1,1,0.16261018812656403,1,1,0.2082860916852951
subject_13:sample_0000353,13,353,1,1,1,1,1,0.9974572062492371,0.9955666661262512,0.9861049056053162,1.0,0.9947683215141296,1,1,1,0.2116916924715042,1,1,0.24408942461013794,1,1,0.1728530079126358,1,1,0.16231301426887512,1,1,0.2090519368648529
subject_13:sample_0000354,13,354,1,1,1,1,1,0.9974333047866821,0.9955112338066101,0.9860037565231323,1.0,0.9947229623794556,1,1,1,0.21104498207569122,1,1,0.24494510889053345,1,1,0.17268472909927368,1,1,0.16191379725933075,1,1,0.2094104140996933
subject_13:sample_0000355,13,355,1,1,1,1,1,0.9974033832550049,0.9954437017440796,0.9858748316764832,1.0,0.9946660995483398,1,1,1,0.21095557510852814,1,1,0.24633163213729858,1,1,0.17202118039131165,1,1,0.1611144095659256,1,1,0.20957624912261963
subject_13:sample_0000356,13,356,1,1,1,1,1,0.9973729252815247,0.9953783750534058,0.9857428073883057,1.0,0.9946089386940002,1,1,1,0.21080660820007324,1,1,0.24686293303966522,1,1,0.17169201374053955,1,1,0.16054373979568481,1,1,0.210093691945076
subject_13:sample_0000357,13,357,1,1,1,1,1,0.9973375201225281,0.9953044056892395,0.9855867028236389,1.0,0.9945422410964966,1,1,1,0.21055568754673004,1,1,0.24827498197555542,1,1,0.17127393186092377,1,1,0.15977750718593597,1,1,0.21011699736118317
subject_13:sample_0000358,13,358,1,1,1,1,1,0.997292160987854,0.9952083826065063,0.9853890538215637,1.0,0.9944571256637573,1,1,1,0.20973581075668335,1,1,0.24927707016468048,1,1,0.17114891111850739,1,1,0.15925128757953644,1,1,0.21058593690395355
subject_13:sample_0000359,13,359,1,1,1,1,1,0.9972605109214783,0.9951451420783997,0.9852479696273804,1.0,0.994397759437561,1,1,1,0.2090589553117752,1,1,0.2508368194103241,1,1,0.17087404429912567,1,1,0.15865269303321838,1,1,0.21057653427124023
subject_13:sample_0000360,13,360,1,1,1,1,1,0.9972151517868042,0.9950571656227112,0.9850430488586426,1.0,0.9943127632141113,1,1,1,0.20869696140289307,1,1,0.25327354669570923,1,1,0.170133575797081,1,1,0.15750788152217865,1,1,0.21038709580898285
subject_13:sample_0000361,13,361,1,1,1,1,1,0.9971522688865662,0.9949336647987366,0.9847627878189087,1.0,0.9941955208778381,1,1,1,0.20874109864234924,1,1,0.25443509221076965,1,1,0.16970913112163544,1,1,0.15638378262519836,1,1,0.2107299119234085
subject_13:sample_0000362,13,362,1,1,1,1,1,0.9970383644104004,0.9947149157524109,0.9842499494552612,1.0,0.9939830303192139,1,1,1,0.20877940952777863,1,1,0.25668638944625854,1,1,0.16898156702518463,1,1,0.15473981201648712,1,1,0.21081188321113586
subject_13:sample_0000363,13,363,1,1,1,1,1,0.9969063401222229,0.9944602847099304,0.9836593270301819,1.0,0.9937373399734497,1,1,1,0.20972761511802673,1,1,0.25713855028152466,1,1,0.16833467781543732,1,1,0.15315143764019012,1,1,0.21164679527282715
subject_13:sample_0000364,13,364,1,1,1,1,1,0.9967005252838135,0.9940707087516785,0.9827346205711365,1.0,0.9933551549911499,1,1,1,0.210990771651268,1,1,0.2573167383670807,1,1,0.16780756413936615,1,1,0.15143179893493652,1,1,0.21245215833187103
subject_13:sample_0000365,13,365,1,1,1,1,1,0.9964008331298828,0.9935024380683899,0.9813915491104126,1.0,0.9927991032600403,1,1,1,0.2128371000289917,1,1,0.2557355761528015,1,1,0.16785722970962524,1,1,0.15006478130817413,1,1,0.21350443363189697
subject_13:sample_0000366,13,366,1,1,1,1,1,0.996082067489624,0.9928959608078003,0.9799768328666687,1.0,0.9922102093696594,1,1,1,0.21411605179309845,1,1,0.25328245759010315,1,1,0.1686481386423111,1,1,0.14957214891910553,1,1,0.21438026428222656
subject_13:sample_0000367,13,367,1,1,1,1,1,0.9955714344978333,0.9919668436050415,0.9776665568351746,1.0,0.9912657141685486,1,1,1,0.21579574048519135,1,1,0.2503892183303833,1,1,0.1694963127374649,1,1,0.14890578389167786,1,1,0.21541202068328857
subject_13:sample_0000368,13,368,1,1,1,1,1,0.9945481419563293,0.9902993440628052,0.9729142189025879,1.0,0.9893882274627686,1,1,1,0.21692141890525818,1,1,0.2474740743637085,1,1,0.17082785069942474,1,1,0.14841429889202118,1,1,0.216361403465271
subject_13:sample_0000369,13,369,1,1,1,1,1,0.9919887185096741,0.9869108200073242,0.9613960385322571,1.0,0.9849671125411987,1,1,1,0.21784931421279907,1,1,0.24466143548488617,1,1,0.17254942655563354,1,1,0.14812223613262177,1,1,0.21681663393974304
subject_13:sample_0000370,13,370,1,1,1,1,1,0.9817672967910767,0.9702785611152649,0.9239421486854553,1.0,0.9685842990875244,1,1,1,0.21864888072013855,1,1,0.24223504960536957,1,1,0.1743045449256897,1,1,0.14774827659130096,1,1,0.2170623540878296
subject_13:sample_0000371,13,371,1,1,1,1,1,0.9565781354904175,0.920425295829773,0.8552119731903076,1.0,0.9315274953842163,1,1,1,0.21967537701129913,1,1,0.24134191870689392,1,1,0.17491619288921356,1,1,0.14727520942687988,1,1,0.2167903333902359
subject_13:sample_0000372,13,372,1,1,1,1,1,0.9381056427955627,0.8836566805839539,0.8143865466117859,1.0,0.9064450263977051,1,1,1,0.22029149532318115,1,1,0.24140356481075287,1,1,0.1748010665178299,1,1,0.14705361425876617,1,1,0.2164493054151535
subject_13:sample_0000373,13,373,1,1,1,1,1,0.9289695620536804,0.8657288551330566,0.7956390976905823,1.0,0.8943857550621033,1,1,1,0.22021369636058807,1,1,0.24092689156532288,1,1,0.17491629719734192,1,1,0.14682242274284363,1,1,0.21711976826190948
subject_13:sample_0000374,13,374,1,1,1,1,1,0.9303176403045654,0.8686327934265137,0.7979375123977661,1.0,0.8961054086685181,1,1,1,0.21993017196655273,1,1,0.24053527414798737,1,1,0.17527082562446594,1,1,0.14680688083171844,1,1,0.2174559086561203
subject_13:sample_0000375,13,375,1,1,1,1,1,0.9090401530265808,0.8262829184532166,0.7585446238517761,1.0,0.8688068985939026,1,1,1,0.2201250046491623,1,1,0.23989126086235046,1,1,0.17559421062469482,1,1,0.14654459059238434,1,1,0.2178439497947693
subject_13:sample_0000376,13,376,2,2,1,2,1,0.9903027415275574,0.9813043475151062,0.9587960243225098,1.0,0.9824817776679993,1,2,1,0.25355154275894165,2,1,0.12833596765995026,2,1,0.13794250786304474,2,1,0.21852444112300873,2,1,0.2616446018218994
subject_13:sample_0000377,13,377,2,2,1,2,1,0.9959982633590698,0.9925277233123779,0.980049729347229,1.0,0.9921156764030457,1,2,1,0.2522677779197693,2,1,0.1287781298160553,2,1,0.13887813687324524,2,1,0.2178448736667633,2,1,0.26223012804985046
subject_13:sample_0000378,13,378,2,2,1,2,1,0.997521162033081,0.9955183863639832,0.986608624458313,1.0,0.9948991537094116,1,2,1,0.2516334652900696,2,1,0.12889733910560608,2,1,0.13930529356002808,2,1,0.21855618059635162,2,1,0.26160678267478943
subject_13:sample_0000379,13,379,2,2,1,2,1,0.9986968040466309,0.9978078603744507,0.9922251105308533,1.0,0.9971780180931091,1,2,1,0.2508537471294403,2,1,0.12881849706172943,2,1,0.13897360861301422,2,1,0.21985097229480743,2,1,0.2615022659301758
subject_13:sample_0000380,13,380,2,2,1,2,1,0.9993717670440674,0.9990284442901611,0.9958909749984741,1.0,0.9985715746879578,1,2,1,0.2493254542350769,2,1,0.12930814921855927,2,1,0.1399061232805252,2,1,0.22203916311264038,2,1,0.25942015647888184
subject_13:sample_0000381,13,381,2,2,1,2,1,0.9994630813598633,0.9991424679756165,0.9964319467544556,1.0,0.9987583756446838,1,2,1,0.24942854046821594,2,1,0.1309022456407547,2,1,0.1417263299226761,2,1,0.22606083750724792,2,1,0.25188112258911133
subject_13:sample_0000382,13,382,2,2,1,2,1,0.9994290471076965,0.9990991353988647,0.9962288737297058,1.0,0.9986882209777832,1,2,1,0.24901023507118225,2,1,0.13176898658275604,2,1,0.14280927181243896,2,1,0.23031386733055115,2,1,0.2460966855287552
subject_13:sample_0000383,13,383,2,2,1,2,1,0.9993966817855835,0.9990589022636414,0.9960367679595947,1.0,0.9986218810081482,1,2,1,0.24947509169578552,2,1,0.13264474272727966,2,1,0.14376018941402435,2,1,0.23307202756404877,2,1,0.24104702472686768
subject_13:sample_0000384,13,384,2,2,1,2,1,0.9994967579841614,0.9991918206214905,0.9966335892677307,1.0,0.9988296627998352,1,2,1,0.25160861015319824,2,1,0.13547064363956451,2,1,0.14646703004837036,2,1,0.23242715001106262,2,1,0.23402553796768188
subject_13:sample_0000385,13,385,2,2,1,2,1,0.9995403289794922,0.9992510080337524,0.9968982338905334,1.0,0.9989216923713684,1,2,1,0.25294849276542664,2,1,0.13717041909694672,2,1,0.14778408408164978,2,1,0.23120999336242676,2,1,0.2308860868215561
subject_13:sample_0000386,13,386,2,2,1,2,1,0.9995517134666443,0.9992672204971313,0.9969685673713684,1.0,0.9989461898803711,1,2,1,0.2534664273262024,2,1,0.13785551488399506,2,1,0.14816898107528687,2,1,0.23088355362415314,2,1,0.22962453961372375
subject_13:sample_0000387,13,387,2,2,1,2,1,0.9995577335357666,0.9992752075195312,0.9970055818557739,1.0,0.998958945274353,1,2,1,0.25376975536346436,2,1,0.13822557032108307,2,1,0.14850196242332458,2,1,0.23020698130130768,2,1,0.2292947918176651
subject_13:sample_0000388,13,388,1,2,0,2,0,0.8222205638885498,0.6465659737586975,0.6540830135345459,0.800000011920929,0.7262414693832397,1,3,0,0.25140199065208435,2,0,0.17145167291164398,2,0,0.1762126237154007,2,0,0.20413945615291595,2,0,0.196793332695961
subject_13:sample_0000389,13,389,1,2,0,2,0,0.8418703079223633,0.685961902141571,0.6766563653945923,0.800000011920929,0.7477403879165649,1,3,0,0.25255000591278076,2,0,0.1707850843667984,2,0,0.17609728872776031,2,0,0.20384396612644196,2,0,0.19672271609306335
subject_13:sample_0000390,13,390,1,2,0,2,0,0.8474065065383911,0.69704270362854,0.6834506988525391,0.800000011920929,0.7538536787033081,1,3,0,0.2528231143951416,2,0,0.1706482172012329,2,0,0.1760416328907013,2,0,0.20386776328086853,2,0,0.19661827385425568
subject_13:sample_0000391,13,391,1,2,0,2,0,0.8578939437866211,0.718034565448761,0.6967979669570923,0.800000011920929,0.7654977440834045,1,3,0,0.2533494532108307,2,0,0.17017506062984467,2,0,0.17608070373535156,2,0,0.20380890369415283,2,0,0.19658489525318146
subject_13:sample_0000392,13,392,1,2,0,2,0,0.8606045842170715,0.7234727740287781,0.7003170251846313,0.800000011920929,0.7685154676437378,1,3,0,0.25362351536750793,2,0,0.1695656180381775,2,0,0.17637337744235992,2,0,0.20381377637386322,2,0,0.19662275910377502
subject_13:sample_0000393,13,393,1,2,0,2,0,0.8791255950927734,0.7605181336402893,0.7259352207183838,1.0,0.8346695899963379,1,2,0,0.25452813506126404,2,0,0.16902634501457214,2,0,0.17650294303894043,2,0,0.20367269217967987,2,0,0.19626891613006592
subject_13:sample_0000394,13,394,1,2,0,2,0,0.9055471420288086,0.813281774520874,0.7669117450714111,1.0,0.8669107556343079,1,2,0,0.255764365196228,2,0,0.16836990416049957,2,0,0.17655730247497559,2,0,0.203439861536026,2,0,0.1958676427602768
subject_13:sample_0000395,13,395,1,2,0,2,0,0.9312536716461182,0.8645257353782654,0.8128095865249634,1.0,0.8994120955467224,1,2,0,0.2571199834346771,2,0,0.16768722236156464,2,0,0.17667017877101898,2,0,0.2031417042016983,2,0,0.19537998735904694
subject_13:sample_0000396,13,396,1,2,0,2,0,0.9592597484588623,0.9201988577842712,0.8721100091934204,1.0,0.9366930723190308,1,2,0,0.25862357020378113,2,0,0.16727314889431,2,0,0.1764860600233078,2,0,0.20289765298366547,2,0,0.1947186440229416
subject_13:sample_0000397,13,397,1,2,0,2,0,0.9695451259613037,0.9405964612960815,0.8973378539085388,1.0,0.9511123895645142,1,2,0,0.2592068314552307,2,0,0.16703446209430695,2,0,0.176594078540802,2,0,0.2029396891593933,2,0,0.19422399997711182
subject_13:sample_0000398,13,398,1,2,0,2,0,0.9819642901420593,0.965153157711029,0.9316360950469971,1.0,0.9693588018417358,1,2,0,0.26042208075523376,2,0,0.16637271642684937,2,0,0.17676949501037598,2,0,0.20274820923805237,2,0,0.19368648529052734
subject_13:sample_0000399,13,399,1,2,0,2,0,0.9863052368164062,0.9737132787704468,0.9450329542160034,1.0,0.9760506749153137,1,2,0,0.2609236538410187,2,0,0.16608431935310364,2,0,0.17703446745872498,2,0,0.20278726518154144,2,0,0.19316932559013367
subject_13:sample_0000400,13,400,1,2,0,2,0,0.9921444654464722,0.9851716160774231,0.9648981690406799,1.0,0.9854669570922852,1,2,0,0.261724054813385,2,0,0.16576345264911652,2,0,0.17710651457309723,2,0,0.20273473858833313,2,0,0.1926702857017517
subject_13:sample_0000401,13,401,1,2,0,2,0,0.994931697845459,0.9906077980995178,0.9755035042762756,1.0,0.9902183413505554,1,2,0,0.2622750997543335,2,0,0.16545282304286957,2,0,0.17725659906864166,2,0,0.2027125209569931,2,0,0.19230204820632935
subject_13:sample_0000402,13,402,1,2,0,2,0,0.9966131448745728,0.9938643574714661,0.9824793934822083,1.0,0.9932172894477844,1,2,0,0.26262563467025757,2,0,0.16520215570926666,2,0,0.1774088442325592,2,0,0.20274445414543152,2,0,0.19201794266700745
subject_13:sample_0000403,13,403,1,2,0,2,0,0.997464656829834,0.9955009818077087,0.9862618446350098,1.0,0.9947933554649353,1,2,0,0.2625007927417755,2,0,0.1650703251361847,2,0,0.17769736051559448,2,0,0.2026856690645218,2,0,0.1920449435710907
subject_13:sample_0000404,13,404,1,2,0,2,0,0.9983195066452026,0.9971285462379456,0.990309476852417,1.0,0.9964324831962585,1,2,0,0.2621724009513855,2,0,0.16516989469528198,2,0,0.17776928842067719,2,0,0.20266519486904144,2,0,0.1922222524881363
subject_13:sample_0000405,13,405,1,2,0,2,0,0.9987494945526123,0.9979385733604431,0.9924812912940979,1.0,0.9972882270812988,1,2,0,0.26165756583213806,2,0,0.16554410755634308,2,0,0.17775817215442657,2,0,0.20283059775829315,2,0,0.19220863282680511
subject_13:sample_0000406,13,406,1,2,0,2,0,0.9989080429077148,0.9982364773750305,0.9933130145072937,1.0,0.9976110458374023,1,2,0,0.2612483501434326,2,0,0.16595548391342163,2,0,0.17784973978996277,2,0,0.20300038158893585,2,0,0.1919451504945755
subject_13:sample_0000407,13,407,1,2,0,2,0,0.9990563988685608,0.9985120296478271,0.9941122531890869,1.0,0.9979175925254822,1,2,0,0.2605358064174652,2,0,0.16681157052516937,2,0,0.17777346074581146,2,0,0.20320473611354828,2,0,0.19167347252368927
subject_13:sample_0000408,13,408,1,2,0,2,0,0.999059796333313,0.9985203742980957,0.994130551815033,1.0,0.9979251027107239,1,2,0,0.2597602605819702,2,0,0.16799134016036987,2,0,0.17753997445106506,2,0,0.20348529517650604,2,0,0.19122222065925598
subject_13:sample_0000409,13,409,1,2,0,2,0,0.998988151550293,0.9983910918235779,0.9937413930892944,1.0,0.9977772831916809,1,2,0,0.2588838040828705,2,0,0.16968464851379395,2,0,0.17696309089660645,2,0,0.20375052094459534,2,0,0.1907169669866562
subject_13:sample_0000410,13,410,1,2,0,2,0,0.998755931854248,0.9979692101478577,0.9925084114074707,1.0,0.9973043203353882,1,2,0,0.25791528820991516,2,0,0.171835258603096,2,0,0.1762164831161499,2,0,0.20378118753433228,2,0,0.19025085866451263
subject_13:sample_0000411,13,411,1,2,0,2,0,0.9981179237365723,0.996795117855072,0.989296555519104,1.0,0.9960440397262573,1,2,0,0.25654327869415283,2,0,0.17431433498859406,2,0,0.17547883093357086,2,0,0.20361675322055817,2,0,0.19004590809345245
subject_13:sample_0000412,13,412,1,2,0,2,0,0.9969762563705444,0.9946566224098206,0.983983039855957,1.0,0.9938856363296509,1,2,0,0.2560170888900757,2,0,0.17644758522510529,2,0,0.17544454336166382,2,0,0.2035527229309082,2,0,0.188537135720253
subject_13:sample_0000413,13,413,1,2,0,2,0,0.9951023459434509,0.9910959601402283,0.9760059118270874,1.0,0.9905102252960205,1,2,0,0.25536543130874634,2,0,0.17860147356987,2,0,0.17525503039360046,2,0,0.20347890257835388,2,0,0.18729820847511292
subject_13:sample_0000414,13,414,1,2,0,2,0,0.9948883056640625,0.9906883835792542,0.9751355051994324,1.0,0.9901342391967773,1,2,0,0.25526168942451477,2,0,0.17962993681430817,2,0,0.1748986691236496,2,0,0.203451469540596,2,0,0.18675737082958221
subject_13:sample_0000415,13,415,1,1,1,1,1,0.622612476348877,0.2506275177001953,0.5014271140098572,0.6000000238418579,0.46548041701316833,0,2,0,0.2516242265701294,1,1,0.187495157122612,1,1,0.20520754158496857,2,0,0.19786080718040466,1,1,0.15781131386756897
subject_13:sample_0000416,13,416,1,1,1,1,1,0.6513886451721191,0.30925923585891724,0.5102567672729492,0.6000000238418579,0.4983399510383606,0,2,0,0.25123757123947144,1,1,0.1885916143655777,1,1,0.20472541451454163,2,0,0.19744692742824554,1,1,0.15799753367900848
subject_13:sample_0000417,13,417,1,1,1,1,1,0.7262564897537231,0.46050578355789185,0.5504852533340454,0.800000011920929,0.6194983720779419,0,1,1,0.25136610865592957,1,1,0.1904551386833191,1,1,0.20290078222751617,2,0,0.19760575890541077,1,1,0.157671257853508
subject_13:sample_0000418,13,418,1,1,1,1,1,0.7756772041320801,0.5585358142852783,0.5930185317993164,0.800000011920929,0.6733216047286987,0,1,1,0.2515925168991089,1,1,0.19217005372047424,1,1,0.20108696818351746,2,0,0.19769394397735596,1,1,0.15745550394058228
subject_13:sample_0000419,13,419,1,1,1,1,1,0.7913560271263123,0.5885008573532104,0.6114113330841064,0.800000011920929,0.6908529996871948,0,1,1,0.2511211335659027,1,1,0.19369374215602875,1,1,0.1993873119354248,2,0,0.1987542361021042,1,1,0.15704260766506195
subject_13:sample_0000420,13,420,1,1,1,1,1,0.7921017408370972,0.5888757109642029,0.6150954961776733,0.800000011920929,0.6921644806861877,0,1,1,0.24848301708698273,1,1,0.1947401911020279,1,1,0.19799762964248657,2,0,0.20209114253520966,1,1,0.15668703615665436
subject_13:sample_0000421,13,421,1,1,1,1,1,0.7877747416496277,0.5790777206420898,0.6141390800476074,0.800000011920929,0.688056230545044,0,1,1,0.24294616281986237,1,1,0.19523461163043976,1,1,0.19658564031124115,2,0,0.20813319087028503,1,1,0.15709950029850006
subject_13:sample_0000422,13,422,1,1,1,1,1,0.7793301939964294,0.5614833831787109,0.6083569526672363,0.800000011920929,0.6793236136436462,0,1,1,0.23547565937042236,1,1,0.19427081942558289,1,1,0.19459863007068634,2,0,0.21745295822620392,1,1,0.15820102393627167
subject_13:sample_0000423,13,423,1,1,1,1,1,0.7666118144989014,0.5357359051704407,0.5980032086372375,0.800000011920929,0.6657787561416626,0,1,1,0.22860683500766754,1,1,0.18946002423763275,1,1,0.1918305605649948,2,0,0.2305433750152588,1,1,0.1595582216978073
subject_13:sample_0000424,13,424,1,1,1,1,1,0.7500490546226501,0.5023931860923767,0.584941029548645,0.800000011920929,0.6480132937431335,0,1,1,0.2215118408203125,1,1,0.18152935802936554,1,1,0.1883150041103363,2,0,0.24738532304763794,1,1,0.16125746071338654
subject_13:sample_0000425,13,425,1,1,1,1,1,0.7335233092308044,0.4691859185695648,0.5727906227111816,0.800000011920929,0.630174994468689,0,1,1,0.21531344950199127,1,1,0.1735057830810547,1,1,0.18328841030597687,2,0,0.26444941759109497,1,1,0.1634419858455658
subject_13:sample_0000426,13,426,1,1,1,1,1,0.9702062010765076,0.9427153468132019,0.8974238634109497,1.0,0.9518325924873352,1,1,1,0.20819136500358582,1,1,0.16962717473506927,1,1,0.18000461161136627,1,1,0.2747410833835602,1,1,0.1674347221851349
subject_13:sample_0000427,13,427,1,1,1,1,1,0.9931439757347107,0.9886102080345154,0.9672136902809143,1.0,0.9871653914451599,1,1,1,0.20705720782279968,1,1,0.1689309924840927,1,1,0.17883998155593872,1,1,0.27177244424819946,1,1,0.17339842021465302
subject_13:sample_0000428,13,428,1,1,1,1,1,0.9955402612686157,0.9931575059890747,0.9771053194999695,1.0,0.9914129376411438,1,1,1,0.20696066319942474,1,1,0.16828395426273346,1,1,0.17749831080436707,1,1,0.2677609622478485,1,1,0.1794951856136322
subject_13:sample_0000429,13,429,1,1,1,1,1,0.9960708618164062,0.9934889674186707,0.9796007871627808,1.0,0.9922602772712708,1,1,1,0.20833280682563782,1,1,0.1673828661441803,1,1,0.17550405859947205,1,1,0.26285114884376526,1,1,0.18592815101146698
subject_13:sample_0000430,13,430,1,1,1,1,1,0.9957491159439087,0.9926814436912537,0.9783320426940918,1.0,0.9916570782661438,1,1,1,0.21078258752822876,1,1,0.16582904756069183,1,1,0.1729702353477478,1,1,0.25731927156448364,1,1,0.19309794902801514
subject_13:sample_0000431,13,431,1,1,1,1,1,0.9944369792938232,0.9906553626060486,0.9725834131240845,1.0,0.9893653392791748,1,1,1,0.21111120283603668,1,1,0.16300375759601593,1,1,0.16952437162399292,1,1,0.2537812292575836,1,1,0.20257847011089325
subject_13:sample_0000432,13,432,1,1,1,1,1,0.9881143569946289,0.9813783168792725,0.9475182294845581,1.0,0.9790566563606262,1,1,1,0.21135254204273224,1,1,0.15999546647071838,1,1,0.166194349527359,1,1,0.25330621004104614,1,1,0.2091505080461502
subject_13:sample_0000433,13,433,1,1,1,1,1,0.9730467200279236,0.9528957009315491,0.8994776010513306,1.0,0.9556356072425842,1,1,1,0.2105194479227066,1,1,0.15838636457920074,1,1,0.16444174945354462,1,1,0.2519284188747406,1,1,0.21472303569316864
subject_13:sample_0000434,13,434,1,1,1,1,1,0.7695761919021606,0.550006628036499,0.5789616107940674,0.800000011920929,0.6654107570648193,0,1,1,0.20948295295238495,1,1,0.1566694676876068,1,1,0.16262614727020264,2,0,0.249199777841568,1,1,0.2220207154750824
subject_13:sample_0000435,13,435,1,1,1,1,1,0.5300686955451965,0.07437741756439209,0.4552376866340637,0.6000000238418579,0.3221370279788971,0,1,1,0.2093118578195572,1,1,0.15675315260887146,1,1,0.16171997785568237,2,0,0.2465134710073471,2,0,0.22570057213306427
subject_13:sample_0000436,13,436,1,1,1,1,1,0.5135446786880493,0.04361531138420105,0.4481990337371826,0.6000000238418579,0.27858635783195496,0,1,1,0.20943930745124817,1,1,0.15745516121387482,1,1,0.16155077517032623,2,0,0.24464207887649536,2,0,0.22691181302070618
subject_13:sample_0000437,13,437,1,1,1,1,1,0.5115104913711548,0.04493272304534912,0.43564850091934204,0.6000000238418579,0.27840447425842285,0,1,1,0.2123556286096573,1,1,0.15908008813858032,1,1,0.1622571349143982,2,0,0.24093389511108398,2,0,0.22537226974964142
subject_13:sample_0000438,13,438,1,1,1,1,1,0.5154356956481934,0.05530053377151489,0.43049925565719604,0.6000000238418579,0.29292529821395874,0,1,1,0.21638262271881104,1,1,0.1608157902956009,1,1,0.16350947320461273,2,0,0.23676224052906036,2,0,0.222528874874115
subject_13:sample_0000439,13,439,1,1,1,1,1,0.5140736699104309,0.06257706880569458,0.410578191280365,0.6000000238418579,0.2983643710613251,0,1,1,0.2225891500711441,1,1,0.16247530281543732,1,1,0.16647255420684814,2,0,0.23038743436336517,2,0,0.21807456016540527
subject_13:sample_0000440,13,440,1,2,0,1,1,0.4842660129070282,0.009472697973251343,0.3971827030181885,0.4000000059604645,0.16430547833442688,0,1,1,0.22770923376083374,1,1,0.1644146740436554,1,1,0.1748216152191162,2,0,0.22122547030448914,2,0,0.2118280529975891
subject_13:sample_0000441,13,441,1,2,0,2,0,0.6082690954208374,0.2253115177154541,0.4867309331893921,0.6000000238418579,0.4472803771495819,0,2,0,0.22530217468738556,1,1,0.1651095747947693,1,1,0.19294904172420502,2,0,0.21190623939037323,2,0,0.2047320157289505
subject_13:sample_0000442,13,442,1,2,0,2,0,0.6114532351493835,0.22403311729431152,0.5125100612640381,0.6000000238418579,0.45303553342819214,0,2,0,0.21755605936050415,1,1,0.15904055535793304,1,1,0.22998739778995514,2,0,0.1992366760969162,2,0,0.19417837262153625
subject_13:sample_0000443,13,443,1,2,0,2,0,0.8401410579681396,0.6806753873825073,0.6810254454612732,0.800000011920929,0.7471131682395935,1,2,0,0.2220260351896286,1,1,0.15840454399585724,2,0,0.2223910242319107,2,0,0.20068316161632538,2,0,0.19649432599544525
subject_13:sample_0000444,13,444,1,2,0,2,0,0.8387781381607056,0.6778504252433777,0.6798378825187683,0.800000011920929,0.7457084655761719,1,2,0,0.22723056375980377,1,1,0.16095636785030365,2,0,0.20977911353111267,2,0,0.202438622713089,2,0,0.19959433376789093
subject_13:sample_0000445,13,445,1,2,0,2,0,0.8374583721160889,0.6751962900161743,0.6783375144004822,0.800000011920929,0.7442730069160461,1,2,0,0.22754336893558502,1,1,0.16237059235572815,2,0,0.20627044141292572,2,0,0.20292320847511292,2,0,0.200891375541687
subject_13:sample_0000446,13,446,1,2,0,2,0,0.8368767499923706,0.67402184009552,0.6777009963989258,0.800000011920929,0.743645429611206,1,2,0,0.22411784529685974,1,1,0.16298618912696838,2,0,0.20569661259651184,2,0,0.20450690388679504,2,0,0.2026914805173874
subject_13:sample_0000447,13,447,1,2,0,2,0,0.8344544172286987,0.6691717505455017,0.6748812198638916,0.800000011920929,0.7409934401512146,1,2,0,0.2216264307498932,1,1,0.16542647778987885,2,0,0.20577193796634674,2,0,0.20433275401592255,2,0,0.20284143090248108
subject_13:sample_0000448,13,448,1,2,0,2,0,0.8324645757675171,0.665187656879425,0.6725877523422241,0.800000011920929,0.7388176321983337,1,2,0,0.22018486261367798,1,1,0.16742952167987823,2,0,0.20588418841362,2,0,0.20378845930099487,2,0,0.2027120143175125
subject_13:sample_0000449,13,449,1,2,0,2,0,0.8317576050758362,0.6637700796127319,0.6717872619628906,0.800000011920929,0.7380470037460327,1,2,0,0.21893301606178284,1,1,0.1681445837020874,2,0,0.20633098483085632,2,0,0.20363084971904755,2,0,0.20295961201190948
subject_13:sample_0000450,13,450,1,2,0,2,0,0.8314534425735474,0.6631581783294678,0.6714527606964111,0.800000011920929,0.7377175092697144,1,2,0,0.21747228503227234,1,1,0.16845375299453735,2,0,0.20689797401428223,2,0,0.20379802584648132,2,0,0.20337706804275513
subject_13:sample_0000451,13,451,1,2,0,2,0,0.8327430486679077,0.6657377481460571,0.6729423999786377,0.800000011920929,0.7391294240951538,1,2,0,0.21679124236106873,1,1,0.16716067492961884,2,0,0.20765386521816254,2,0,0.20437225699424744,2,0,0.20402096211910248
subject_13:sample_0000452,13,452,1,2,0,2,0,0.8327126502990723,0.6656761765480042,0.6729105114936829,0.800000011920929,0.7390968799591064,1,2,0,0.2168349176645279,1,1,0.16719292104244232,2,0,0.20772305130958557,2,0,0.20423230528831482,2,0,0.20401577651500702
subject_13:sample_0000453,13,453,1,2,0,2,0,0.8316128253936768,0.6634749174118042,0.671646237373352,0.800000011920929,0.7378941178321838,1,2,0,0.21632368862628937,1,1,0.16829745471477509,2,0,0.2076011300086975,2,0,0.20389066636562347,2,0,0.20388609170913696
subject_13:sample_0000454,13,454,1,2,0,2,0,0.8307093381881714,0.6616662740707397,0.6706141233444214,0.800000011920929,0.7369070649147034,1,2,0,0.21570245921611786,1,1,0.16920463740825653,2,0,0.20755033195018768,2,0,0.203687846660614,2,0,0.2038537561893463
subject_13:sample_0000455,13,455,1,2,0,2,0,0.8307721614837646,0.6617927551269531,0.6706821918487549,0.800000011920929,0.736974835395813,1,2,0,0.2162332385778427,1,1,0.16914160549640656,2,0,0.20742690563201904,2,0,0.20350532233715057,2,0,0.2036919742822647
subject_13:sample_0000456,13,456,1,2,0,2,0,0.8298833966255188,0.6600145697593689,0.6696667671203613,0.800000011920929,0.7360034584999084,1,2,0,0.2159825563430786,1,1,0.17003320157527924,2,0,0.20725420117378235,2,0,0.20323100686073303,2,0,0.20349805057048798
subject_13:sample_0000457,13,457,1,2,0,2,0,0.8291792869567871,0.658605694770813,0.6688655614852905,0.800000011920929,0.7352341413497925,1,2,0,0.21561220288276672,1,1,0.17073962092399597,2,0,0.20717161893844604,2,0,0.20304404199123383,2,0,0.20343150198459625
subject_13:sample_0000458,13,458,1,2,0,2,0,0.8288758397102356,0.657997727394104,0.6685240268707275,0.800000011920929,0.7349033355712891,1,2,0,0.21528108417987823,1,1,0.1710444539785385,2,0,0.20719154179096222,2,0,0.20299763977527618,2,0,0.20348435640335083
subject_13:sample_0000459,13,459,1,2,0,2,0,0.8292073607444763,0.6586608290672302,0.668901801109314,0.800000011920929,0.7352657318115234,1,2,0,0.21546314656734467,1,1,0.17071209847927094,2,0,0.20720012485980988,2,0,0.20304487645626068,2,0,0.20357879996299744
subject_13:sample_0000460,13,460,1,2,0,2,0,0.8308772444725037,0.6620035171508789,0.6708000898361206,0.800000011920929,0.737089216709137,1,2,0,0.21719872951507568,1,1,0.16903628408908844,2,0,0.20713961124420166,2,0,0.2030825912952423,2,0,0.20354178547859192
subject_13:sample_0000461,13,461,1,2,0,2,0,0.8340003490447998,0.6682558655738831,0.6743860244750977,0.800000011920929,0.7405030727386475,1,2,0,0.22050245106220245,1,1,0.165902778506279,2,0,0.2071790099143982,2,0,0.20297497510910034,2,0,0.2034398764371872
subject_13:sample_0000462,13,462,1,2,0,2,0,0.8368240594863892,0.6739110946655273,0.6776630878448486,0.800000011920929,0.7435927391052246,1,2,0,0.2240731418132782,1,1,0.16306951642036438,2,0,0.20741020143032074,2,0,0.2022150456905365,2,0,0.20323103666305542
subject_13:sample_0000463,13,463,1,2,0,2,0,0.8388835191726685,0.6780354976654053,0.6800791025161743,0.800000011920929,0.7458489537239075,1,2,0,0.22846050560474396,1,1,0.16100594401359558,2,0,0.20758941769599915,2,0,0.20046088099479675,2,0,0.20248234272003174
subject_13:sample_0000464,13,464,1,2,0,2,0,0.8405542373657227,0.6813850402832031,0.682040810585022,0.800000011920929,0.7476781010627747,1,2,0,0.23267269134521484,1,1,0.15932931005954742,2,0,0.20831690728664398,2,0,0.1984100192785263,2,0,0.20127002894878387
subject_13:sample_0000465,13,465,1,2,0,2,0,0.8407590389251709,0.6818022727966309,0.682252049446106,0.800000011920929,0.7478958964347839,1,2,0,0.23543989658355713,1,1,0.15912015736103058,2,0,0.20929178595542908,2,0,0.1964854598045349,2,0,0.1996617466211319
subject_13:sample_0000466,13,466,1,2,0,2,0,0.8384820818901062,0.6772615313529968,0.679470419883728,0.800000011920929,0.7453799247741699,1,2,0,0.23818542063236237,1,1,0.16139040887355804,2,0,0.20893150568008423,2,0,0.194061741232872,2,0,0.19742989540100098
subject_13:sample_0000467,13,467,1,2,0,2,0,0.8363034725189209,0.6729205846786499,0.6768174171447754,0.800000011920929,0.7429717183113098,1,2,0,0.23945683240890503,1,1,0.16355487704277039,2,0,0.20894357562065125,2,0,0.19234685599803925,2,0,0.1956969052553177
subject_13:sample_0000468,13,468,1,2,0,2,0,0.8345581889152527,0.6694473028182983,0.6746925115585327,0.800000011920929,0.7410410046577454,1,2,0,0.23955568671226501,1,1,0.1652814894914627,2,0,0.2095666229724884,2,0,0.19118762016296387,2,0,0.1944076120853424
subject_13:sample_0000469,13,469,1,3,0,0,0,0.7144248485565186,0.43053412437438965,0.5608787536621094,0.800000011920929,0.6095098853111267,0,3,0,0.24325311183929443,3,0,0.2850613594055176,3,0,0.17549261450767517,0,0,0.14357136189937592,3,0,0.1526205986738205
subject_13:sample_0000470,13,470,1,3,0,0,0,0.7283280491828918,0.4583438038825989,0.5704680681228638,0.800000011920929,0.6247552037239075,0,3,0,0.24356906116008759,3,0,0.2839033603668213,3,0,0.17564699053764343,0,0,0.1438460648059845,3,0,0.1530335545539856
subject_13:sample_0000471,13,471,1,3,0,0,0,0.7261960506439209,0.4540945589542389,0.5689026117324829,0.800000011920929,0.6224178075790405,0,3,0,0.24352064728736877,3,0,0.2845453917980194,3,0,0.17495097219944,0,0,0.14314067363739014,3,0,0.15384137630462646
subject_13:sample_0000472,13,472,1,3,0,0,0,0.73792564868927,0.4775923192501068,0.5773276686668396,0.800000011920929,0.6351782083511353,0,3,0,0.24361227452754974,3,0,0.28413400053977966,3,0,0.17390190064907074,0,0,0.14296996593475342,3,0,0.15538091957569122
subject_13:sample_0000473,13,473,1,3,0,0,0,0.7335348725318909,0.4689800441265106,0.5734553337097168,0.800000011920929,0.6302910447120667,0,3,0,0.24259446561336517,3,0,0.2845798432826996,3,0,0.1724395751953125,0,0,0.14103959500789642,3,0,0.1593456119298935
subject_13:sample_0000474,13,474,1,3,0,0,0,0.7371107339859009,0.476552277803421,0.5746280550956726,0.800000011920929,0.633913516998291,0,3,0,0.24076257646083832,3,0,0.2823328375816345,3,0,0.17015564441680908,0,0,0.13840660452842712,3,0,0.16834144294261932
subject_13:sample_0000475,13,475,1,3,0,0,0,0.7616348266601562,0.5263604521751404,0.5917035937309265,0.800000011920929,0.6600183844566345,0,3,0,0.23907601833343506,3,0,0.2761394679546356,3,0,0.16753165423870087,0,0,0.13613751530647278,3,0,0.18111436069011688
subject_13:sample_0000476,13,476,1,3,0,0,0,0.7940515279769897,0.5926506519317627,0.617151141166687,0.800000011920929,0.6942761540412903,0,3,0,0.2379729449748993,3,0,0.2668859362602234,3,0,0.16453680396080017,0,0,0.13489921391010284,3,0,0.19570405781269073
subject_13:sample_0000477,13,477,1,3,0,0,0,0.8213950395584106,0.6500431299209595,0.639324963092804,0.800000011920929,0.7228971123695374,1,3,0,0.23777270317077637,3,0,0.257009893655777,3,0,0.16228778660297394,0,0,0.13556618988513947,3,0,0.20736247301101685
subject_13:sample_0000478,13,478,1,3,0,0,0,0.8283795118331909,0.6701119542121887,0.6351560354232788,0.800000011920929,0.7287638187408447,1,3,0,0.23795641958713531,3,0,0.25019949674606323,3,0,0.16086584329605103,0,0,0.1384473741054535,3,0,0.21252991259098053
subject_13:sample_0000479,13,479,1,3,0,0,0,0.8087573647499084,0.6557874083518982,0.5785667896270752,0.800000011920929,0.7038922905921936,1,3,0,0.23559606075286865,3,0,0.24388998746871948,3,0,0.15958750247955322,0,0,0.1427070051431656,3,0,0.21821850538253784
subject_13:sample_0000480,13,480,1,3,0,0,0,0.7246145009994507,0.5672093629837036,0.439383864402771,0.800000011920929,0.616518497467041,0,3,0,0.2318626493215561,3,0,0.23929665982723236,3,0,0.16012580692768097,0,0,0.15221133828163147,3,0,0.2165026068687439
subject_13:sample_0000481,13,481,1,3,0,0,0,0.6530095934867859,0.4740146994590759,0.3605186939239502,0.6000000238418579,0.5086833834648132,0,3,0,0.225918710231781,3,0,0.2337503284215927,3,0,0.16136425733566284,0,0,0.16541200876235962,1,1,0.2135538011789322
subject_13:sample_0000482,13,482,1,3,0,0,0,0.6214785575866699,0.42394810914993286,0.33208101987838745,0.6000000238418579,0.4786670506000519,0,3,0,0.2198570966720581,3,0,0.22883912920951843,3,0,0.16214701533317566,0,0,0.17930403351783752,1,1,0.20985175669193268
subject_13:sample_0000483,13,483,1,3,0,0,0,0.605819582939148,0.40480613708496094,0.31884104013442993,0.6000000238418579,0.4654027819633484,0,3,0,0.21330803632736206,3,0,0.22483797371387482,3,0,0.16357500851154327,0,0,0.19185973703861237,1,1,0.20641827583312988
subject_13:sample_0000484,13,484,1,3,0,0,0,0.5965251326560974,0.39480048418045044,0.3113909363746643,0.6000000238418579,0.45800045132637024,0,3,0,0.2089240700006485,3,0,0.22214116156101227,3,0,0.1644815355539322,0,0,0.20064201951026917,1,1,0.20381027460098267
subject_13:sample_0000485,13,485,1,3,0,0,0,0.5930854082107544,0.3869549036026001,0.30875444412231445,0.6000000238418579,0.45408323407173157,0,3,0,0.20621739327907562,3,0,0.22000038623809814,3,0,0.16537049412727356,0,0,0.20516447722911835,1,1,0.20324625074863434
subject_13:sample_0000486,13,486,1,3,0,0,0,0.5913618803024292,0.3837234377861023,0.30743831396102905,0.6000000238418579,0.4523194134235382,0,3,0,0.20409385859966278,3,0,0.21891909837722778,3,0,0.1667700707912445,0,0,0.2069093883037567,1,1,0.20330668985843658
subject_13:sample_0000487,13,487,1,3,0,0,0,0.591269850730896,0.3865506947040558,0.30724233388900757,0.6000000238418579,0.4530603885650635,0,3,0,0.20397834479808807,3,0,0.21851781010627747,3,0,0.1678527146577835,0,0,0.20599868893623352,1,1,0.20365144312381744
subject_13:sample_0000488,13,488,1,3,0,0,0,0.594031035900116,0.35229986906051636,0.3142164945602417,0.6000000238418579,0.4456824064254761,0,3,0,0.20490434765815735,3,0,0.21814608573913574,3,0,0.16755591332912445,0,0,0.20426684617996216,1,1,0.2051258534193039
subject_13:sample_0000489,13,489,1,3,0,0,0,0.5986166596412659,0.2704714834690094,0.37513184547424316,0.6000000238418579,0.4369194507598877,0,3,0,0.20441614091396332,3,0,0.2175285667181015,3,0,0.1672884076833725,1,1,0.20332366228103638,1,1,0.2074422836303711
subject_13:sample_0000490,13,490,1,3,0,0,0,0.600214958190918,0.21904122829437256,0.45917201042175293,0.6000000238418579,0.4362544119358063,0,3,0,0.20494984090328217,3,0,0.21772201359272003,3,0,0.16724932193756104,1,1,0.20134112238883972,1,1,0.20873676240444183
subject_13:sample_0000491,13,491,1,3,0,0,0,0.6010000705718994,0.20749175548553467,0.49314677715301514,0.6000000238418579,0.43827906250953674,0,3,0,0.20622994005680084,3,0,0.21765866875648499,3,0,0.1674550175666809,1,1,0.19908259809017181,1,1,0.20957280695438385
subject_13:sample_0000492,13,492,1,3,0,0,0,0.6018726229667664,0.20617839694023132,0.5038321018218994,0.6000000238418579,0.4400947391986847,0,3,0,0.2089538425207138,3,0,0.21795248985290527,3,0,0.16724184155464172,1,1,0.19627989828586578,1,1,0.2095709592103958
subject_13:sample_0000493,13,493,1,3,0,0,0,0.6029580235481262,0.20779508352279663,0.5063078999519348,0.6000000238418579,0.44169458746910095,0,3,0,0.21107405424118042,3,0,0.21840298175811768,3,0,0.16729573905467987,1,1,0.19436511397361755,1,1,0.20886120200157166
subject_13:sample_0000494,13,494,1,3,0,0,0,0.6041709780693054,0.20996785163879395,0.5077043771743774,0.6000000238418579,0.4433724284172058,0,3,0,0.2140992432832718,3,0,0.21892522275447845,3,0,0.16788534820079803,1,1,0.19188697636127472,1,1,0.2072022408246994
subject_13:sample_0000495,13,495,1,3,0,0,0,0.6044816970825195,0.21040290594100952,0.5085747241973877,0.6000000238418579,0.44384899735450745,0,3,0,0.2180119901895523,3,0,0.21927663683891296,3,0,0.16865099966526031,1,1,0.18894919753074646,1,1,0.2051103264093399
subject_13:sample_0000496,13,496,1,3,0,0,0,0.6036553382873535,0.20866096019744873,0.508698582649231,0.6000000238418579,0.4428029954433441,0,3,0,0.2223970592021942,3,0,0.21950383484363556,3,0,0.16871657967567444,1,1,0.18627797067165375,1,1,0.20310364663600922
subject_13:sample_0000497,13,497,1,3,0,0,0,0.6037086844444275,0.2087467908859253,0.5088056325912476,0.6000000238418579,0.4428815245628357,0,3,0,0.22446587681770325,3,0,0.21945811808109283,3,0,0.16976244747638702,1,1,0.1846034973859787,1,1,0.20170912146568298
subject_13:sample_0000498,13,498,1,3,0,0,0,0.6025069952011108,0.20632654428482056,0.5085112452507019,0.6000000238418579,0.44130849838256836,0,3,0,0.22639836370944977,3,0,0.21972674131393433,3,0,0.17059621214866638,1,1,0.18300560116767883,1,1,0.20027212798595428
subject_13:sample_0000499,13,499,1,3,0,0,0,0.6005564332008362,0.2024160623550415,0.5079628229141235,0.6000000238418579,0.4387281537055969,0,3,0,0.22874018549919128,3,0,0.21985173225402832,3,0,0.17075258493423462,1,1,0.1816461831331253,1,1,0.1990083009004593
subject_13:sample_0000500,13,500,1,3,0,0,0,0.5987993478775024,0.1988457441329956,0.5076846480369568,0.6000000238418579,0.43640100955963135,0,3,0,0.2303473949432373,3,0,0.2202826589345932,3,0,0.17040660977363586,1,1,0.18073368072509766,1,1,0.19822868704795837
subject_13:sample_0000501,13,501,1,3,0,0,0,0.5995270609855652,0.20018506050109863,0.508407473564148,0.6000000238418579,0.4374222755432129,0,3,0,0.23102082312107086,3,0,0.2205493301153183,3,0,0.16965605318546295,1,1,0.1805601865053177,1,1,0.1982126235961914
subject_13:sample_0000502,13,502,1,3,0,0,0,0.5969162583351135,0.19489890336990356,0.5079355835914612,0.6000000238418579,0.43393105268478394,0,3,0,0.23284797370433807,3,0,0.22098778188228607,3,0,0.16904465854167938,1,1,0.17955851554870605,1,1,0.1975601464509964
subject_13:sample_0000503,13,503,1,3,0,0,0,0.5944430232048035,0.18987026810646057,0.5076064467430115,0.6000000238418579,0.43058744072914124,0,3,0,0.23482991755008698,3,0,0.2215605080127716,3,0,0.16815848648548126,1,1,0.17856048047542572,1,1,0.19688960909843445
subject_13:sample_0000504,13,504,1,3,0,0,0,0.5927302837371826,0.18638789653778076,0.5073933601379395,0.6000000238418579,0.4282453954219818,0,3,0,0.23558488488197327,3,0,0.2220185548067093,3,0,0.16796033084392548,1,1,0.17815987765789032,1,1,0.19627538323402405
subject_13:sample_0000505,13,505,1,3,0,0,0,0.5905212759971619,0.18192434310913086,0.5070079565048218,0.6000000238418579,0.4251802861690521,0,3,0,0.23569932579994202,3,0,0.22263209521770477,3,0,0.1677951216697693,1,1,0.17790299654006958,1,1,0.19596950709819794
subject_13:sample_0000506,13,506,1,3,0,0,0,0.5865851044654846,0.1740483045578003,0.5059975385665894,0.6000000238418579,0.419590026140213,0,3,0,0.23664341866970062,3,0,0.22303928434848785,3,0,0.16717398166656494,1,1,0.17755329608917236,1,1,0.19558905065059662
subject_13:sample_0000507,13,507,1,3,0,0,0,0.5878745913505554,0.1765771508216858,0.5065665245056152,0.6000000238418579,0.4214555025100708,0,3,0,0.23561251163482666,3,0,0.22330589592456818,3,0,0.16721251606941223,1,1,0.17811302840709686,1,1,0.19575512409210205
subject_13:sample_0000508,13,508,1,3,0,0,0,0.5920162796974182,0.18479561805725098,0.507973313331604,0.6000000238418579,0.42732110619544983,0,3,0,0.23307542502880096,3,0,0.2240716516971588,3,0,0.1689753383398056,1,1,0.17823301255702972,1,1,0.1956435889005661
subject_13:sample_0000509,13,509,1,3,0,0,0,0.5987802147865295,0.19828450679779053,0.5100600719451904,0.6000000238418579,0.43659844994544983,0,3,0,0.23018361628055573,3,0,0.2244889885187149,3,0,0.17092666029930115,1,1,0.1785878837108612,1,1,0.1958119422197342
subject_13:sample_0000510,13,510,1,3,0,0,0,0.6018577218055725,0.20442932844161987,0.5110174417495728,0.6000000238418579,0.44071313738822937,0,3,0,0.22868047654628754,3,0,0.2246752232313156,3,0,0.1720801442861557,1,1,0.17873331904411316,1,1,0.19582992792129517
subject_13:sample_0000511,13,511,2,2,1,2,1,0.9995259046554565,0.9991587400436401,0.996854305267334,1.0,0.9988839030265808,1,2,1,0.12665599584579468,2,1,0.138410285115242,2,1,0.1733928769826889,2,1,0.12922407686710358,2,1,0.432315856218338
subject_13:sample_0000512,13,512,2,1,0,1,0,0.7603608965873718,0.5230934023857117,0.5931264162063599,0.800000011920929,0.6591117978096008,0,1,0,0.18233473598957062,1,0,0.19300319254398346,1,0,0.20468531548976898,2,1,0.23739300668239594,1,0,0.18258285522460938
subject_13:sample_0000513,13,513,2,1,0,1,0,0.7597860097885132,0.5219376683235168,0.5926645398139954,0.800000011920929,0.6584945321083069,0,1,0,0.18270763754844666,1,0,0.19330835342407227,1,0,0.20326372981071472,2,1,0.23800471425056458,1,0,0.18271459639072418
subject_13:sample_0000514,13,514,2,1,0,1,0,0.7598987221717834,0.5221273303031921,0.5928785800933838,0.800000011920929,0.6586382389068604,0,1,0,0.1830669343471527,1,0,0.19365261495113373,1,0,0.20236201584339142,2,1,0.2379176914691925,1,0,0.18299977481365204
subject_13:sample_0000515,13,515,2,1,0,1,0,0.7600484490394592,0.5223822593688965,0.5931529998779297,0.800000011920929,0.6588273048400879,0,1,0,0.18371906876564026,1,0,0.1940659135580063,1,0,0.20113897323608398,2,1,0.23779597878456116,1,0,0.1832791566848755
subject_13:sample_0000516,13,516,2,1,0,1,0,0.759938657283783,0.5221062898635864,0.5932514667510986,0.800000011920929,0.6587438583374023,0,1,0,0.18473149836063385,1,0,0.19451536238193512,1,0,0.19909866154193878,2,1,0.2379346787929535,1,0,0.18371881544589996
subject_13:sample_0000517,13,517,2,1,0,1,0,0.7600421905517578,0.5222528576850891,0.5935420393943787,0.800000011920929,0.6588931679725647,0,1,0,0.18597863614559174,1,0,0.19517681002616882,1,0,0.19658786058425903,2,1,0.2378430813550949,1,0,0.18441271781921387
subject_13:sample_0000518,13,518,2,1,0,1,0,0.7591453790664673,0.5204277038574219,0.5928999185562134,0.800000011920929,0.65794438123703,0,1,0,0.18727117776870728,1,0,0.19554267823696136,1,0,0.19359716773033142,2,1,0.2387649565935135,1,0,0.18482300639152527
subject_13:sample_0000519,13,519,2,1,0,1,0,0.7582211494445801,0.5185223817825317,0.5923241376876831,0.800000011920929,0.6569815278053284,0,1,0,0.18805822730064392,1,0,0.1955072432756424,1,0,0.1911415010690689,2,1,0.2397267073392868,1,0,0.18556541204452515
subject_13:sample_0000520,13,520,2,1,0,1,0,0.7577926516532898,0.5176105499267578,0.5921570658683777,0.800000011920929,0.6565533876419067,0,1,0,0.18826979398727417,1,0,0.1952378898859024,1,0,0.1899867206811905,2,1,0.2401825189590454,1,0,0.18632206320762634
subject_13:sample_0000521,13,521,2,1,0,1,0,0.756184995174408,0.5143154859542847,0.5911048650741577,0.800000011920929,0.6548669338226318,0,1,0,0.19014033675193787,1,0,0.1959914267063141,1,0,0.18468540906906128,2,1,0.24184364080429077,1,0,0.1873382329940796
subject_13:sample_0000522,13,522,2,1,0,1,0,0.7543660402297974,0.5106121897697449,0.5898443460464478,0.800000011920929,0.6529428958892822,0,1,0,0.19177646934986115,1,0,0.19726313650608063,1,0,0.17918387055397034,2,1,0.24371252954006195,1,0,0.18806307017803192
subject_13:sample_0000523,13,523,2,1,0,1,0,0.7525043487548828,0.5068486928939819,0.588474452495575,0.800000011920929,0.6509553790092468,0,1,0,0.19268204271793365,1,0,0.19849883019924164,1,0,0.1752886176109314,2,1,0.24561136960983276,1,0,0.18791823089122772
subject_13:sample_0000524,13,524,2,1,0,1,0,0.7508317828178406,0.503466010093689,0.587261974811554,0.800000011920929,0.6491703391075134,0,1,0,0.19326533377170563,1,0,0.19939564168453217,1,0,0.1719900220632553,2,1,0.24731124937534332,1,0,0.18803684413433075
subject_13:sample_0000525,13,525,2,1,0,1,0,0.7477440237998962,0.49725982546806335,0.5849158763885498,0.800000011920929,0.6458474397659302,0,1,0,0.19407208263874054,1,0,0.19980528950691223,1,0,0.167376309633255,2,1,0.2504282593727112,1,0,0.18831712007522583
subject_13:sample_0000526,13,526,2,1,0,1,0,0.7465962767601013,0.49493280053138733,0.5841249823570251,0.800000011920929,0.6446247100830078,0,1,0,0.19411884248256683,1,0,0.19915418326854706,1,0,0.166416734457016,2,1,0.2515984773635864,1,0,0.18871082365512848
subject_13:sample_0000527,13,527,2,1,0,1,0,0.7464444637298584,0.49460336565971375,0.5840991735458374,0.800000011920929,0.6444775462150574,0,1,0,0.19379325211048126,1,0,0.19864384829998016,1,0,0.1668371707201004,2,1,0.2517683804035187,1,0,0.1889563798904419
subject_13:sample_0000528,13,528,2,1,0,1,0,0.7478010058403015,0.4972832202911377,0.5852858424186707,0.800000011920929,0.6459694504737854,0,1,0,0.19323110580444336,1,0,0.19809876382350922,1,0,0.16913236677646637,2,1,0.25042301416397095,1,0,0.1891137808561325
subject_13:sample_0000529,13,529,2,1,0,1,0,0.7510818243026733,0.5038155913352966,0.588001549243927,0.800000011920929,0.649541437625885,0,1,0,0.19242124259471893,1,0,0.19717973470687866,1,0,0.17408603429794312,2,1,0.24713967740535736,1,0,0.1891723871231079
subject_13:sample_0000530,13,530,2,1,0,1,0,0.7535334229469299,0.5087134838104248,0.5899972319602966,0.800000011920929,0.6521971821784973,0,1,0,0.19200067222118378,1,0,0.1959952563047409,1,0,0.17779435217380524,2,1,0.24467182159423828,1,0,0.18953697383403778
subject_13:sample_0000531,13,531,2,1,0,1,0,0.7548984289169312,0.5114333629608154,0.5911452770233154,0.800000011920929,0.6536804437637329,0,1,0,0.19191086292266846,1,0,0.1947171837091446,1,0,0.18019871413707733,2,1,0.24329695105552673,1,0,0.18987531960010529
subject_13:sample_0000532,13,532,2,1,0,1,0,0.7564709186553955,0.5145626664161682,0.5924899578094482,0.800000011920929,0.6553907990455627,0,1,0,0.19229578971862793,1,0,0.19370652735233307,1,0,0.18194016814231873,2,1,0.24171355366706848,1,0,0.1903430074453354
subject_13:sample_0000533,13,533,2,1,0,1,0,0.7577405571937561,0.517090916633606,0.5935771465301514,0.800000011920929,0.6567705273628235,0,1,0,0.19273781776428223,1,0,0.19312375783920288,1,0,0.18309453129768372,2,1,0.24043461680412292,1,0,0.19060832262039185
subject_13:sample_0000534,13,534,2,1,0,1,0,0.7586284279823303,0.5188486576080322,0.5943779945373535,0.800000011920929,0.6577420830726624,0,1,0,0.1926480084657669,1,0,0.19183868169784546,1,0,0.18523627519607544,2,1,0.2395462542772293,1,0,0.19072982668876648
subject_13:sample_0000535,13,535,2,1,0,1,0,0.75852370262146,0.5185956954956055,0.5944487452507019,0.800000011920929,0.6576587557792664,0,1,0,0.19286136329174042,1,0,0.19105233252048492,1,0,0.1856212168931961,2,1,0.23967470228672028,1,0,0.19078946113586426
subject_13:sample_0000536,13,536,2,1,0,1,0,0.7580705881118774,0.5176351070404053,0.594271183013916,0.800000011920929,0.6572067737579346,0,1,0,0.19370721280574799,1,0,0.19079507887363434,1,0,0.18414796888828278,2,1,0.24015693366527557,1,0,0.19119185209274292
subject_13:sample_0000537,13,537,2,1,0,1,0,0.758190393447876,0.517839252948761,0.5945006608963013,0.800000011920929,0.6573609709739685,0,1,0,0.19407424330711365,1,0,0.19022740423679352,1,0,0.18427394330501556,2,1,0.24005524814128876,1,0,0.19136826694011688
subject_13:sample_0000538,13,538,2,1,0,1,0,0.7579396367073059,0.5172942876815796,0.5944530963897705,0.800000011920929,0.6571204662322998,0,1,0,0.19497738778591156,1,0,0.19016627967357635,1,0,0.18259428441524506,2,1,0.24033191800117493,1,0,0.19192920625209808
subject_13:sample_0000539,13,539,2,1,0,1,0,0.7579249143600464,0.5172376036643982,0.5945417881011963,0.800000011920929,0.6571236848831177,0,1,0,0.19560742378234863,1,0,0.19011284410953522,1,0,0.18176208436489105,2,1,0.2403693050146103,1,0,0.19214743375778198
subject_13:sample_0000540,13,540,2,1,0,1,0,0.7584478259086609,0.5182670950889587,0.5950352549552917,0.800000011920929,0.65770024061203,0,1,0,0.19615261256694794,1,0,0.1901382952928543,1,0,0.18154127895832062,2,1,0.23986047506332397,1,0,0.19230641424655914
subject_13:sample_0000541,13,541,2,1,0,1,0,0.7592960596084595,0.5199539661407471,0.5957757234573364,0.800000011920929,0.658623456954956,0,1,0,0.19697487354278564,1,0,0.19081102311611176,1,0,0.18082235753536224,2,1,0.23901987075805664,1,0,0.1923709660768509
subject_13:sample_0000542,13,542,2,1,0,1,0,0.7620071172714233,0.5253861546516418,0.598010778427124,0.800000011920929,0.6615446209907532,0,1,0,0.19758214056491852,1,0,0.19116944074630737,1,0,0.18297629058361053,2,1,0.23630641400814056,1,0,0.19196473062038422
subject_13:sample_0000543,13,543,2,1,0,1,0,0.7643448114395142,0.5300758481025696,0.5999400615692139,0.800000011920929,0.6640584468841553,0,1,0,0.1980833262205124,1,0,0.19122761487960815,1,0,0.1852991282939911,2,1,0.2339700162410736,1,0,0.19141894578933716
subject_13:sample_0000544,13,544,2,1,0,1,0,0.7670559287071228,0.535523533821106,0.6021730303764343,0.800000011920929,0.6669667363166809,0,1,0,0.19913136959075928,1,0,0.1920970231294632,1,0,0.18684962391853333,2,1,0.2312423139810562,1,0,0.19067871570587158
subject_13:sample_0000545,13,545,2,1,0,1,0,0.7694600820541382,0.5403623580932617,0.6041491031646729,0.800000011920929,0.6695396900177002,0,1,0,0.19975464046001434,1,0,0.19256015121936798,1,0,0.18883031606674194,2,1,0.2288193553686142,1,0,0.19003456830978394
subject_13:sample_0000546,13,546,2,1,0,1,0,0.7718179225921631,0.5451307892799377,0.6060285568237305,0.800000011920929,0.672046959400177,0,1,0,0.1998215764760971,1,0,0.1925826519727707,1,0,0.1924823522567749,2,1,0.2264285534620285,1,0,0.1886838674545288
subject_13:sample_0000547,13,547,2,1,0,1,0,0.7759462594985962,0.5534647107124329,0.6094323396682739,0.800000011920929,0.6764477491378784,0,1,0,0.1998942345380783,1,0,0.1925291121006012,1,0,0.198040172457695,2,1,0.22223365306854248,1,0,0.1873018890619278
subject_13:sample_0000548,13,548,2,1,0,1,0,0.7802819013595581,0.5621724128723145,0.6132477521896362,0.800000011920929,0.6811013221740723,0,1,0,0.20013277232646942,1,0,0.19245904684066772,1,0,0.20244306325912476,2,1,0.21785762906074524,1,0,0.18710654973983765
subject_13:sample_0000549,13,549,2,1,0,1,0,0.7840704321861267,0.5698059797286987,0.6165611147880554,0.800000011920929,0.6851521730422974,0,1,0,0.20002423226833344,1,0,0.19284558296203613,1,0,0.20691612362861633,2,1,0.21401570737361908,1,0,0.18619738519191742
subject_13:sample_0000550,13,550,2,1,0,1,0,0.7867130041122437,0.5751438736915588,0.6188633441925049,0.800000011920929,0.6879698038101196,0,1,0,0.1997624933719635,1,0,0.19315141439437866,1,0,0.21024896204471588,2,1,0.21133042871952057,1,0,0.18550577759742737
subject_13:sample_0000551,13,551,2,1,0,1,0,0.7877063155174255,0.5771750211715698,0.6196517944335938,0.800000011920929,0.6890130043029785,0,1,0,0.19908089935779572,1,0,0.19323033094406128,1,0,0.2127922922372818,2,1,0.2103215903043747,1,0,0.1845739334821701
subject_13:sample_0000552,13,552,2,1,0,1,0,0.7871932983398438,0.5761487483978271,0.6191645860671997,0.800000011920929,0.6884589195251465,0,1,0,0.19880114495754242,1,0,0.19318097829818726,1,0,0.2128286212682724,2,1,0.2108781486749649,1,0,0.18431012332439423
subject_13:sample_0000553,13,553,2,1,0,1,0,0.7874515056610107,0.5766929388046265,0.6193135976791382,0.800000011920929,0.6887192726135254,0,1,0,0.19830895960330963,1,0,0.19344307482242584,1,0,0.2140764594078064,2,1,0.21066901087760925,1,0,0.1835014820098877
subject_13:sample_0000554,13,554,2,1,0,1,0,0.7889646291732788,0.5797747373580933,0.62056565284729,0.800000011920929,0.6903171539306641,0,1,0,0.19812828302383423,1,0,0.19382759928703308,1,0,0.216006800532341,2,1,0.20919528603553772,1,0,0.18284112215042114
subject_13:sample_0000555,13,555,2,1,0,1,0,0.7897655367851257,0.5814571380615234,0.6210587024688721,0.800000011920929,0.6911298632621765,0,1,0,0.19740454852581024,1,0,0.19430357217788696,1,0,0.21785056591033936,2,1,0.208766371011734,1,0,0.1816740185022354
subject_13:sample_0000556,13,556,2,1,0,1,0,0.7930384278297424,0.5881574749946594,0.6237102746963501,0.800000011920929,0.6945686936378479,0,1,0,0.19620250165462494,1,0,0.19419370591640472,1,0,0.21821559965610504,2,1,0.21128347516059875,1,0,0.1801038533449173
subject_13:sample_0000557,13,557,2,1,0,1,0,0.8955810070037842,0.7937220931053162,0.7498246431350708,1.0,0.854443371295929,1,1,0,0.19491592049598694,1,0,0.19327498972415924,1,0,0.21702921390533447,1,0,0.21644803881645203,1,0,0.17833088338375092
subject_13:sample_0000558,13,558,2,1,0,1,0,0.9808235168457031,0.9642888307571411,0.9259792566299438,1.0,0.9673860669136047,1,1,0,0.19544067978858948,1,0,0.1926884651184082,1,0,0.2156953066587448,1,0,0.21854834258556366,1,0,0.17762617766857147
subject_13:sample_0000559,13,559,2,1,0,1,0,0.9870302677154541,0.9767342805862427,0.9452118277549744,1.0,0.977032482624054,1,1,0,0.19697223603725433,1,0,0.19320090115070343,1,0,0.21510449051856995,1,0,0.21713466942310333,1,0,0.17758670449256897
subject_13:sample_0000560,13,560,2,1,0,1,0,0.9876623153686523,0.9780128002166748,0.9472925066947937,1.0,0.9780460000038147,1,1,0,0.19821347296237946,1,0,0.19319750368595123,1,0,0.21492122113704681,1,0,0.21567220985889435,1,0,0.17799457907676697
subject_13:sample_0000561,13,561,2,1,0,1,0,0.9890830516815186,0.9808516502380371,0.9521167874336243,1.0,0.9803509712219238,1,1,0,0.19894179701805115,1,0,0.1927342712879181,1,0,0.21529501676559448,1,0,0.2146960347890854,1,0,0.1783318668603897
subject_13:sample_0000562,13,562,2,1,0,1,0,0.9932061433792114,0.9890578985214233,0.9672927260398865,1.0,0.9873127341270447,1,1,0,0.19924116134643555,1,0,0.19201438128948212,1,0,0.21569222211837769,1,0,0.2144882082939148,1,0,0.17856310307979584
subject_13:sample_0000563,13,563,2,1,0,1,0,0.9956150054931641,0.9930641651153564,0.9774408340454102,1.0,0.9914934039115906,1,1,0,0.19979451596736908,1,0,0.19120922684669495,1,0,0.21614712476730347,1,0,0.21360650658607483,1,0,0.1792416274547577
subject_13:sample_0000564,13,564,2,1,0,1,0,0.9961491823196411,0.9936486482620239,0.9799116849899292,1.0,0.9923983812332153,1,1,0,0.20044821500778198,1,0,0.19120974838733673,1,0,0.21606366336345673,1,0,0.21222780644893646,1,0,0.1800495833158493
subject_13:sample_0000565,13,565,2,1,0,1,0,0.9966865181922913,0.994255542755127,0.9825144410133362,1.0,0.9933421611785889,1,1,0,0.2017417699098587,1,0,0.1922590732574463,1,0,0.21550652384757996,1,0,0.2089141309261322,1,0,0.18157757818698883
subject_13:sample_0000566,13,566,2,1,0,1,0,0.9968937039375305,0.9945022463798523,0.9835521578788757,1.0,0.9937176704406738,1,1,0,0.2030024528503418,1,0,0.19317831099033356,1,0,0.21570637822151184,1,0,0.20520061254501343,1,0,0.18291126191616058
subject_13:sample_0000567,13,567,2,1,0,1,0,0.9970616698265076,0.9947587251663208,0.9843595027923584,1.0,0.9940274357795715,1,1,0,0.20485693216323853,1,0,0.1948729306459427,1,0,0.2130335420370102,1,0,0.20230241119861603,1,0,0.18493324518203735
subject_13:sample_0000568,13,568,2,1,0,1,0,0.9971626996994019,0.9949275851249695,0.9848368763923645,1.0,0.9942153096199036,1,1,0,0.20689968764781952,1,0,0.19693858921527863,1,0,0.20852233469486237,1,0,0.20060980319976807,1,0,0.18702858686447144
subject_13:sample_0000569,13,569,2,1,0,1,0,0.9972115159034729,0.9950023293495178,0.9850743412971497,1.0,0.9943061470985413,1,1,0,0.20833943784236908,1,0,0.1985323578119278,1,0,0.205715611577034,1,0,0.19893082976341248,1,0,0.18848077952861786
subject_13:sample_0000570,13,570,2,1,0,1,0,0.9972366690635681,0.9950463771820068,0.9851922988891602,1.0,0.9943531155586243,1,1,0,0.20926065742969513,1,0,0.1994432806968689,1,0,0.203373521566391,1,0,0.19845351576805115,1,0,0.18946804106235504
subject_13:sample_0000571,13,571,2,1,0,1,0,0.9972483515739441,0.9950573444366455,0.9852560758590698,1.0,0.9943748712539673,1,1,0,0.20989717543125153,1,0,0.20041131973266602,1,0,0.20193634927272797,1,0,0.19755896925926208,1,0,0.19019529223442078
subject_13:sample_0000572,13,572,2,1,0,1,0,0.9972485303878784,0.9950500130653381,0.985265851020813,1.0,0.9943755865097046,1,1,0,0.21033975481987,1,0,0.20124782621860504,1,0,0.20037998259067535,1,0,0.19723071157932281,1,0,0.1908007264137268
subject_13:sample_0000573,13,573,2,1,0,1,0,0.9972146153450012,0.9949747323989868,0.9851248860359192,1.0,0.9943127632141113,1,1,0,0.21059684455394745,1,0,0.20213599503040314,1,0,0.1986604779958725,1,0,0.1972968578338623,1,0,0.1913089007139206
subject_13:sample_0000574,13,574,2,1,0,1,0,0.9971984624862671,0.9949400424957275,0.9850568771362305,1.0,0.9942829012870789,1,1,0,0.2105521559715271,1,0,0.20230090618133545,1,0,0.19834008812904358,1,0,0.19744285941123962,1,0,0.19136302173137665
subject_13:sample_0000575,13,575,3,1,0,1,0,0.46300455927848816,0.150885671377182,0.23807764053344727,0.4000000059604645,0.2855966091156006,0,3,1,0.25776487588882446,1,0,0.17664752900600433,2,0,0.16696761548519135,1,0,0.17697815597057343,2,0,0.22164089977741241
subject_13:sample_0000576,13,576,3,1,0,1,0,0.46657562255859375,0.15681672096252441,0.23936164379119873,0.4000000059604645,0.2893058955669403,0,3,1,0.25796011090278625,1,0,0.17667166888713837,2,0,0.16715362668037415,1,0,0.17679420113563538,2,0,0.22141946852207184
subject_13:sample_0000577,13,577,3,1,0,1,0,0.4932878911495209,0.20915713906288147,0.24862205982208252,0.4000000059604645,0.31826815009117126,0,3,1,0.25756245851516724,1,0,0.17681777477264404,2,0,0.16868539154529572,1,0,0.17643646895885468,2,0,0.22049696743488312
subject_13:sample_0000578,13,578,3,1,0,1,0,0.522610068321228,0.2660902142524719,0.2619944214820862,0.6000000238418579,0.38451433181762695,0,3,1,0.2568799555301666,1,0,0.17740511894226074,2,0,0.16989344358444214,1,0,0.1763526052236557,1,0,0.21946793794631958
subject_13:sample_0000579,13,579,3,1,0,1,0,0.5683217644691467,0.3495527505874634,0.2896307110786438,0.6000000238418579,0.43104806542396545,0,3,1,0.2556714415550232,1,0,0.17765045166015625,2,0,0.1733979433774948,1,0,0.1763468086719513,1,0,0.21693240106105804
subject_13:sample_0000580,13,580,3,1,0,1,0,0.5912034511566162,0.3769107162952423,0.3067026138305664,0.6000000238418579,0.4499984383583069,0,3,1,0.25459399819374084,1,0,0.17761528491973877,2,0,0.17849008738994598,1,0,0.17637047171592712,1,0,0.21292920410633087
subject_13:sample_0000581,13,581,3,1,0,1,0,0.5965234637260437,0.38590526580810547,0.31082862615585327,0.6000000238418579,0.45519259572029114,0,3,1,0.2533034384250641,1,0,0.17789341509342194,2,0,0.183018296957016,1,0,0.17676356434822083,1,0,0.20902034640312195
subject_13:sample_0000582,13,582,3,1,0,1,0,0.5950857400894165,0.38544613122940063,0.30990171432495117,0.6000000238418579,0.45444321632385254,0,3,1,0.2517834007740021,1,0,0.1786763221025467,2,0,0.18883824348449707,1,0,0.17749767005443573,1,0,0.20320343971252441
subject_13:sample_0000583,13,583,3,1,0,1,0,0.5923141241073608,0.3826245367527008,0.30786293745040894,0.6000000238418579,0.45233312249183655,0,3,1,0.24994860589504242,1,0,0.17979499697685242,2,0,0.1924818903207779,1,0,0.17973603308200836,1,0,0.1980375200510025
subject_13:sample_0000584,13,584,3,1,0,1,0,0.5848492980003357,0.3719899356365204,0.3022322654724121,0.6000000238418579,0.44567352533340454,0,3,1,0.2464401125907898,1,0,0.1809118092060089,2,0,0.1972019076347351,1,0,0.18168200552463531,1,0,0.1937631517648697
subject_13:sample_0000585,13,585,3,1,0,1,0,0.5799505114555359,0.36685359477996826,0.2985232472419739,0.6000000238418579,0.4418281018733978,0,3,1,0.24298596382141113,1,0,0.18147876858711243,2,0,0.20204897224903107,1,0,0.1830148547887802,1,0,0.19047047197818756
subject_13:sample_0000586,13,586,3,1,0,1,0,0.5739822387695312,0.36103421449661255,0.2939842939376831,0.6000000238418579,0.4372507631778717,0,3,1,0.23866714537143707,1,0,0.18202948570251465,2,0,0.20818473398685455,1,0,0.18396198749542236,1,0,0.18715563416481018
subject_13:sample_0000587,13,587,3,1,0,1,0,0.5664535760879517,0.34618762135505676,0.2884243130683899,0.6000000238418579,0.4292049705982208,0,3,1,0.23417803645133972,1,0,0.18213707208633423,2,0,0.2157522588968277,1,0,0.18423399329185486,1,0,0.1836976706981659
subject_13:sample_0000588,13,588,3,1,0,1,0,0.558025062084198,0.3293583393096924,0.28228235244750977,0.6000000238418579,0.42003878951072693,0,3,1,0.23056787252426147,1,0,0.18158958852291107,2,0,0.22473733127117157,1,0,0.1836441606283188,1,0,0.1794600933790207
subject_13:sample_0000589,13,589,3,1,0,0,0,0.5511519908905029,0.31625157594680786,0.2769608497619629,0.6000000238418579,0.4125422239303589,0,3,1,0.22806483507156372,1,0,0.18132738769054413,2,0,0.2315095067024231,1,0,0.18285177648067474,1,0,0.17624548077583313
subject_13:sample_0000590,13,590,3,1,0,0,0,0.5506682395935059,0.3150061368942261,0.27517616748809814,0.6000000238418579,0.4113796353340149,0,3,1,0.2279207408428192,1,0,0.18198120594024658,2,0,0.2322184294462204,1,0,0.1831732988357544,1,0,0.1747053861618042
subject_13:sample_0000591,13,591,3,1,0,0,0,0.5502370595932007,0.3156365752220154,0.27043241262435913,0.6000000238418579,0.40971967577934265,0,3,1,0.22809450328350067,1,0,0.18355271220207214,2,0,0.231434628367424,1,0,0.1835671067237854,1,0,0.17335008084774017
subject_13:sample_0000592,13,592,3,1,0,0,0,0.5492605566978455,0.31699949502944946,0.2636614441871643,0.6000000238418579,0.40738847851753235,0,3,1,0.2263178676366806,1,0,0.18524575233459473,2,0,0.23129108548164368,1,0,0.1838003695011139,1,0,0.1733439862728119
subject_13:sample_0000593,13,593,3,1,0,0,0,0.5498170852661133,0.3179464042186737,0.26307111978530884,0.6000000238418579,0.4075671136379242,0,3,1,0.2281702756881714,1,0,0.1855732947587967,2,0,0.22957603633403778,1,0,0.1836894154548645,1,0,0.17298997938632965
subject_13:sample_0000594,13,594,3,1,0,0,0,0.554302453994751,0.3225046992301941,0.26829075813293457,0.6000000238418579,0.4118697941303253,0,3,1,0.23027119040489197,1,0,0.18559420108795166,2,0,0.22719824314117432,1,0,0.18381351232528687,1,0,0.1731218546628952
subject_13:sample_0000595,13,595,3,1,0,0,0,0.5687375664710999,0.3397523760795593,0.2826041579246521,0.6000000238418579,0.42545247077941895,0,3,1,0.23425708711147308,1,0,0.18564987182617188,2,0,0.22190475463867188,1,0,0.1844845563173294,1,0,0.17370283603668213
subject_13:sample_0000596,13,596,3,1,0,0,0,0.577263355255127,0.35133498907089233,0.2924278974533081,0.6000000238418579,0.43432655930519104,0,3,1,0.23632192611694336,1,0,0.1857009381055832,2,0,0.21851609647274017,1,0,0.1848321408033371,1,0,0.17462801933288574
subject_13:sample_0000597,13,597,3,1,0,0,0,0.5826770067214966,0.3608235716819763,0.2984212636947632,0.6000000238418579,0.4404797852039337,0,3,1,0.2377275824546814,1,0,0.18610575795173645,2,0,0.2148130089044571,1,0,0.1853453814983368,1,0,0.17600734531879425
subject_13:sample_0000598,13,598,3,1,0,0,0,0.6020269393920898,0.38541871309280396,0.3152034878730774,0.6000000238418579,0.45769140124320984,0,3,1,0.24114084243774414,1,0,0.18623794615268707,2,0,0.20940673351287842,1,0,0.1860368847846985,1,0,0.1771766096353531
subject_13:sample_0000599,13,599,3,1,0,1,0,0.6119154691696167,0.40016722679138184,0.3242061138153076,0.6000000238418579,0.4671715497970581,0,3,1,0.24283690750598907,1,0,0.18643306195735931,2,0,0.20477820932865143,1,0,0.18724098801612854,1,0,0.17870989441871643
subject_13:sample_0000600,13,600,3,1,0,1,0,0.6156323552131653,0.4077959656715393,0.32748478651046753,0.6000000238418579,0.47127747535705566,0,3,1,0.24365173280239105,1,0,0.1867317259311676,2,0,0.20132802426815033,1,0,0.18828268349170685,1,0,0.1800048053264618
subject_13:sample_0000601,13,601,3,1,0,1,0,0.6126633882522583,0.40419188141822815,0.3251262903213501,0.6000000238418579,0.4688168466091156,0,3,1,0.24368149042129517,1,0,0.186103954911232,2,0,0.20259886980056763,1,0,0.18779699504375458,1,0,0.17981776595115662
subject_13:sample_0000602,13,602,3,1,0,1,0,0.6362177729606628,0.4312952160835266,0.34697699546813965,0.6000000238418579,0.4888865649700165,0,3,1,0.24694380164146423,1,0,0.18538865447044373,2,0,0.19993431866168976,1,0,0.18823349475860596,1,0,0.17949873208999634
subject_13:sample_0000603,13,603,3,1,0,1,0,0.6486960649490356,0.44214606285095215,0.36041438579559326,0.6000000238418579,0.4990454912185669,0,3,1,0.24855202436447144,1,0,0.18370075523853302,2,0,0.20250213146209717,1,0,0.18739892542362213,1,0,0.17784518003463745
subject_13:sample_0000604,13,604,3,1,0,1,0,0.6720110177993774,0.46353480219841003,0.3881874680519104,0.800000011920929,0.5576961040496826,0,1,0,0.25090548396110535,1,0,0.18164391815662384,2,0,0.20525066554546356,1,0,0.1865922063589096,1,0,0.17560677230358124
subject_13:sample_0000605,13,605,3,1,0,1,0,0.6753008365631104,0.46272701025009155,0.3941681385040283,0.800000011920929,0.5602713227272034,0,1,0,0.25197961926460266,1,0,0.17989200353622437,2,0,0.20978303253650665,1,0,0.18491573631763458,1,0,0.17342862486839294
subject_13:sample_0000606,13,606,3,1,0,1,0,0.6904201507568359,0.4804125130176544,0.41324174404144287,0.800000011920929,0.5754472017288208,0,1,0,0.25399288535118103,1,0,0.18001028895378113,2,0,0.20754557847976685,1,0,0.18519465625286102,1,0,0.17325568199157715
subject_13:sample_0000607,13,607,3,1,0,1,0,0.6975340247154236,0.4878618121147156,0.4232047200202942,0.800000011920929,0.5826069712638855,0,1,0,0.25484561920166016,1,0,0.179866760969162,2,0,0.20744255185127258,1,0,0.18504095077514648,1,0,0.17280316352844238
subject_13:sample_0000608,13,608,3,1,0,1,0,0.7204187512397766,0.5131447315216064,0.4571455121040344,0.800000011920929,0.6063764691352844,0,1,0,0.2568155825138092,1,0,0.17983265221118927,2,0,0.2053447663784027,1,0,0.1853998750448227,1,0,0.17260615527629852
subject_13:sample_0000609,13,609,3,1,0,1,0,0.7389208078384399,0.5341002345085144,0.4875381588935852,0.800000011920929,0.6263683438301086,0,1,0,0.25820857286453247,1,0,0.17998114228248596,2,0,0.20311714708805084,1,0,0.18585139513015747,1,0,0.17284078896045685
subject_13:sample_0000610,13,610,2,2,1,2,1,0.997633695602417,0.99628746509552,0.9868022203445435,1.0,0.995168149471283,1,2,1,0.21419407427310944,2,1,0.3498903512954712,2,1,0.15439298748970032,2,1,0.14168491959571838,2,1,0.13983669877052307
subject_13:sample_0000611,13,611,2,2,1,2,1,0.9980790615081787,0.9970682859420776,0.9889851212501526,1.0,0.9960241913795471,1,2,1,0.2138817459344864,2,1,0.3489477336406708,2,1,0.1549888253211975,2,1,0.14205627143383026,2,1,0.1401243954896927
subject_13:sample_0000612,13,612,2,2,1,2,1,0.9978764653205872,0.9967186450958252,0.9879820346832275,1.0,0.9956336617469788,1,2,1,0.21385514736175537,2,1,0.348764568567276,2,1,0.15525156259536743,2,1,0.1419721394777298,2,1,0.14015555381774902
subject_13:sample_0000613,13,613,2,2,1,2,1,0.9970656633377075,0.9952974915504456,0.9841156601905823,1.0,0.9941014647483826,1,2,1,0.21370254456996918,2,1,0.348407119512558,2,1,0.15570224821567535,2,1,0.14204294979572296,2,1,0.1401442289352417
subject_13:sample_0000614,13,614,2,2,1,2,1,0.9956353306770325,0.9927151203155518,0.9777445197105408,1.0,0.9914882183074951,1,2,1,0.2138364315032959,2,1,0.3476390540599823,2,1,0.15640166401863098,2,1,0.14197644591331482,2,1,0.14014549553394318
subject_13:sample_0000615,13,615,2,2,1,2,1,0.9735875725746155,0.9508433938026428,0.9042831659317017,1.0,0.9565267562866211,1,2,1,0.21509359776973724,2,1,0.3446221649646759,2,1,0.15745048224925995,2,1,0.1422761231660843,2,1,0.1405566930770874
subject_13:sample_0000616,13,616,2,2,1,2,1,0.8736457824707031,0.7542663812637329,0.7068531513214111,1.0,0.8261279463768005,1,2,1,0.21704120934009552,2,1,0.33934780955314636,2,1,0.1589173823595047,2,1,0.14310981333255768,2,1,0.14158280193805695
subject_13:sample_0000617,13,617,2,2,1,2,1,0.7186880111694336,0.44277283549308777,0.5521324276924133,0.800000011920929,0.6122991442680359,0,2,1,0.22030627727508545,3,0,0.33143872022628784,2,1,0.1606321781873703,2,1,0.14438532292842865,2,1,0.14323650300502777
subject_13:sample_0000618,13,618,2,2,1,2,1,0.6941578388214111,0.39209192991256714,0.5411610007286072,0.800000011920929,0.585889458656311,0,2,1,0.22187066078186035,3,0,0.3266623914241791,2,1,0.16215692460536957,2,1,0.14506568014621735,2,1,0.14424331486225128
subject_13:sample_0000619,13,619,2,2,1,2,1,0.6890256404876709,0.38115549087524414,0.5403043031692505,0.800000011920929,0.5804522037506104,0,2,1,0.22268718481063843,3,0,0.3240106403827667,2,1,0.16314491629600525,2,1,0.14522215723991394,2,1,0.14493422210216522
subject_13:sample_0000620,13,620,2,2,1,2,1,0.6868054866790771,0.37572214007377625,0.5424518585205078,0.800000011920929,0.5784794688224792,0,2,1,0.2247425615787506,3,0,0.31889966130256653,2,1,0.16450650990009308,2,1,0.1458217054605484,2,1,0.14602860808372498
subject_13:sample_0000621,13,621,2,2,1,2,1,0.6899759769439697,0.38136306405067444,0.5468927621841431,0.800000011920929,0.5824936032295227,0,2,1,0.2272803783416748,3,0,0.3123382329940796,2,1,0.1660221964120865,2,1,0.1469312161207199,2,1,0.14742696285247803
subject_13:sample_0000622,13,622,2,2,1,2,1,0.692034900188446,0.3853004574775696,0.5488041043281555,0.800000011920929,0.5849364399909973,0,2,1,0.2283990979194641,3,0,0.30959638953208923,2,1,0.1666644662618637,2,1,0.14728030562400818,2,1,0.14805878698825836
subject_13:sample_0000623,13,623,2,2,1,2,1,0.6953906416893005,0.39181363582611084,0.5515936613082886,0.800000011920929,0.5888496041297913,0,2,1,0.22998188436031342,3,0,0.3056538999080658,2,1,0.16767184436321259,2,1,0.14785167574882507,2,1,0.14883965253829956
subject_13:sample_0000624,13,624,2,2,1,2,1,0.6972928047180176,0.39552342891693115,0.5531269907951355,0.800000011920929,0.5910518765449524,0,2,1,0.23112145066261292,3,0,0.3035149574279785,2,1,0.1680126041173935,2,1,0.1481008529663086,2,1,0.14924922585487366
subject_13:sample_0000625,13,625,2,2,1,2,1,0.7002355456352234,0.4012911021709442,0.555415153503418,0.800000011920929,0.5944328904151917,0,2,1,0.23265774548053741,3,0,0.30031880736351013,2,1,0.16883492469787598,2,1,0.1484142243862152,2,1,0.14977329969406128
subject_13:sample_0000626,13,626,2,2,1,2,1,0.7045960426330566,0.40989434719085693,0.5586309432983398,0.800000011920929,0.5993862152099609,0,2,1,0.234414741396904,3,0,0.2957383096218109,2,1,0.17020836472511292,2,1,0.14911167323589325,2,1,0.15052597224712372
subject_13:sample_0000627,13,627,2,2,1,2,1,0.9994490146636963,0.9989931583404541,0.996433675289154,1.0,0.9987180829048157,1,2,1,0.21148820221424103,2,1,0.17888329923152924,2,1,0.1953698694705963,2,1,0.22692275047302246,2,1,0.1873348504304886
subject_13:sample_0000628,13,628,2,2,1,2,1,0.9994344115257263,0.998965322971344,0.9963517189025879,1.0,0.9986869096755981,1,2,1,0.21159838140010834,2,1,0.17892880737781525,2,1,0.19531254470348358,2,1,0.22696389257907867,2,1,0.1871953308582306
subject_13:sample_0000629,13,629,2,2,1,2,1,0.9994027018547058,0.9989047050476074,0.9961742758750916,1.0,0.9986193776130676,1,2,1,0.21127475798130035,2,1,0.17973534762859344,2,1,0.19527260959148407,2,1,0.2267148494720459,2,1,0.18700140714645386
subject_13:sample_0000630,13,630,2,2,1,2,1,0.9993481636047363,0.9987993836402893,0.9958719611167908,1.0,0.9985036253929138,1,2,1,0.21048074960708618,2,1,0.18054364621639252,2,1,0.19548335671424866,2,1,0.22647272050380707,2,1,0.1870185136795044
subject_13:sample_0000631,13,631,2,2,1,2,1,0.9992141723632812,0.9985392689704895,0.995146632194519,1.0,0.9982232451438904,1,2,1,0.20832735300064087,2,1,0.1822904497385025,2,1,0.19657012820243835,2,1,0.22508318722248077,2,1,0.1877278834581375
subject_13:sample_0000632,13,632,2,2,1,2,1,0.9989543557167053,0.9980347752571106,0.9937873482704163,1.0,0.9976913332939148,1,2,1,0.2047877013683319,2,1,0.1841789186000824,2,1,0.1996246725320816,2,1,0.22215904295444489,2,1,0.1892486810684204
subject_13:sample_0000633,13,633,2,2,1,2,1,0.998746395111084,0.9976353645324707,0.9927289485931396,1.0,0.997273862361908,1,2,1,0.20204241573810577,2,1,0.18480779230594635,2,1,0.20328263938426971,2,1,0.21957090497016907,2,1,0.19029535353183746
subject_13:sample_0000634,13,634,2,2,1,2,1,0.9981105923652649,0.9964073896408081,0.9896474480628967,1.0,0.9960337281227112,1,2,1,0.19857807457447052,2,1,0.18513144552707672,2,1,0.2086762636899948,2,1,0.21630093455314636,2,1,0.19131234288215637
subject_13:sample_0000635,13,635,2,2,1,2,1,0.785936713218689,0.5736744403839111,0.6179044246673584,0.800000011920929,0.6870938539505005,0,2,1,0.193619966506958,2,1,0.1909192055463791,1,0,0.20626604557037354,2,1,0.2122318148612976,2,1,0.19696202874183655
subject_13:sample_0000636,13,636,2,2,1,2,1,0.6209592819213867,0.24371576309204102,0.5130818486213684,0.6000000238418579,0.4645914137363434,0,1,0,0.19440533220767975,2,1,0.19586443901062012,1,0,0.1867586076259613,2,1,0.21260900795459747,2,1,0.21036162972450256
subject_13:sample_0000637,13,637,2,1,0,2,1,0.5581783056259155,0.11786752939224243,0.49760615825653076,0.6000000238418579,0.3743700087070465,0,1,0,0.18817153573036194,2,1,0.20444709062576294,1,0,0.18129800260066986,1,0,0.2018183469772339,2,1,0.2242640107870102
subject_13:sample_0000638,13,638,2,1,0,1,0,0.548011839389801,0.09732803702354431,0.4968746304512024,0.6000000238418579,0.3551047742366791,0,1,0,0.18211835622787476,2,1,0.2138872891664505,1,0,0.1806013137102127,1,0,0.18971601128578186,2,1,0.23367607593536377
subject_13:sample_0000639,13,639,2,1,0,1,0,0.5347325205802917,0.07063502073287964,0.49583274126052856,0.6000000238418579,0.3255823254585266,0,1,0,0.1777869462966919,2,1,0.22292013466358185,1,0,0.17981885373592377,1,0,0.17998306453227997,2,1,0.23949012160301208
subject_13:sample_0000640,13,640,2,1,0,1,0,0.5293389558792114,0.05978837609291077,0.4955829977989197,0.6000000238418579,0.3114616274833679,0,1,0,0.1771005094051361,2,1,0.22776417434215546,1,0,0.17866529524326324,1,0,0.17605873942375183,2,1,0.24041035771369934
subject_13:sample_0000641,13,641,2,1,0,1,0,0.5290653705596924,0.059213340282440186,0.49568235874176025,0.6000000238418579,0.3106854557991028,0,1,0,0.1789504736661911,2,1,0.2298155426979065,1,0,0.1772061288356781,1,0,0.17535249888896942,2,1,0.2386743724346161
subject_13:sample_0000642,13,642,2,1,0,1,0,0.5310351252555847,0.0631486177444458,0.4958763122558594,0.6000000238418579,0.31604790687561035,0,1,0,0.18214522302150726,2,1,0.2307385951280594,1,0,0.1756303608417511,1,0,0.175750732421875,2,1,0.2357340157032013
subject_13:sample_0000643,13,643,2,1,0,1,0,0.5339932441711426,0.06914597749710083,0.49580615758895874,0.6000000238418579,0.32373636960983276,0,1,0,0.18403968214988708,2,1,0.2339615523815155,1,0,0.17485177516937256,1,0,0.17502133548259735,2,1,0.2321246862411499
subject_13:sample_0000644,13,644,2,1,0,1,0,0.5828233957290649,0.1674545705318451,0.5015324950218201,0.6000000238418579,0.4139721095561981,0,1,0,0.18871822953224182,2,1,0.23463499546051025,1,0,0.17465004324913025,1,0,0.177140474319458,2,1,0.2248552143573761
subject_13:sample_0000645,13,645,2,1,0,1,0,0.9058664441108704,0.8150185346603394,0.7646417021751404,1.0,0.8668069839477539,1,1,0,0.1941797435283661,1,0,0.23279628157615662,1,0,0.176426500082016,1,0,0.1810029298067093,1,0,0.21559350192546844
subject_13:sample_0000646,13,646,2,1,0,1,0,0.9254353046417236,0.8535352945327759,0.8003246188163757,1.0,0.8916787505149841,1,1,0,0.2024344503879547,1,0,0.22444167733192444,1,0,0.17731203138828278,1,0,0.18952390551567078,1,0,0.20628699660301208
subject_13:sample_0000647,13,647,2,1,0,1,0,0.77989262342453,0.5623618364334106,0.6096900701522827,0.800000011920929,0.6800838112831116,0,2,1,0.20575983822345734,1,0,0.2130112648010254,1,0,0.17669516801834106,1,0,0.20513182878494263,1,0,0.19940099120140076
subject_13:sample_0000648,13,648,2,1,0,1,0,0.5784070491790771,0.16066855192184448,0.49307578802108765,0.6000000238418579,0.40719959139823914,0,2,1,0.19922827184200287,1,0,0.20352625846862793,1,0,0.17904089391231537,2,1,0.21838003396987915,1,0,0.19982357323169708
subject_13:sample_0000649,13,649,2,2,1,2,1,0.6232221722602844,0.25279444456100464,0.4988829493522644,0.6000000238418579,0.46600449085235596,0,2,1,0.18885652720928192,2,1,0.1953606903553009,1,0,0.18983352184295654,2,1,0.22036083042621613,1,0,0.2055874466896057
subject_13:sample_0000650,13,650,2,2,1,2,1,0.7889233827590942,0.58134925365448,0.6153653860092163,0.800000011920929,0.6893245577812195,0,2,1,0.18213731050491333,2,1,0.18800558149814606,1,0,0.20704030990600586,2,1,0.21196821331977844,2,1,0.21084758639335632
subject_13:sample_0000651,13,651,2,2,1,2,1,0.976759135723114,0.9559229612350464,0.9147825837135315,1.0,0.9613511562347412,1,2,1,0.18063241243362427,2,1,0.18343858420848846,2,1,0.21209891140460968,2,1,0.20949892699718475,2,1,0.21433019638061523
subject_13:sample_0000652,13,652,2,2,1,2,1,0.9969501495361328,0.9945656061172485,0.9839000701904297,1.0,0.9938353300094604,1,2,1,0.1812271922826767,2,1,0.1811046600341797,2,1,0.21472814679145813,2,1,0.2081807255744934,2,1,0.21475829184055328
subject_13:sample_0000653,13,653,2,2,1,2,1,0.9986424446105957,0.9976229667663574,0.9920021891593933,1.0,0.9970622062683105,1,2,1,0.18313848972320557,2,1,0.18120582401752472,2,1,0.2145351767539978,2,1,0.20674113929271698,2,1,0.21437841653823853
subject_13:sample_0000654,13,654,2,2,1,2,1,0.9991129040718079,0.9984381198883057,0.9945068359375,1.0,0.9980121850967407,1,2,1,0.1847369372844696,2,1,0.18355414271354675,2,1,0.21304069459438324,2,1,0.2046736776828766,2,1,0.2139936089515686
subject_13:sample_0000655,13,655,2,2,1,2,1,0.9993197321891785,0.9987965226173401,0.995661199092865,1.0,0.9984430074691772,1,2,1,0.18688541650772095,2,1,0.18335093557834625,2,1,0.21197225153446198,2,1,0.2032913863658905,2,1,0.21449905633926392
subject_13:sample_0000656,13,656,2,2,1,2,1,0.9994308352470398,0.9989908933639526,0.9962980151176453,1.0,0.9986789226531982,1,2,1,0.1889919489622116,2,1,0.18180929124355316,2,1,0.2100360095500946,2,1,0.20177122950553894,2,1,0.21739058196544647
subject_13:sample_0000657,13,657,2,2,1,2,1,0.9994625449180603,0.9990491271018982,0.9964802265167236,1.0,0.9987470507621765,1,2,1,0.19015543162822723,2,1,0.18054746091365814,2,1,0.20902252197265625,2,1,0.2007359266281128,2,1,0.21953770518302917
subject_13:sample_0000658,13,658,2,2,1,2,1,0.9994909763336182,0.9991036057472229,0.996642529964447,1.0,0.9988084435462952,1,2,1,0.19197019934654236,2,1,0.17855240404605865,2,1,0.20732367038726807,2,1,0.1980406492948532,2,1,0.2241121530532837
subject_13:sample_0000659,13,659,2,2,1,2,1,0.9995033144950867,0.9991269111633301,0.9967142939567566,1.0,0.9988353252410889,1,2,1,0.1930360198020935,2,1,0.17682473361492157,2,1,0.20630228519439697,2,1,0.19675949215888977,2,1,0.2270764857530594
subject_13:sample_0000660,13,660,2,2,1,2,1,0.9995129108428955,0.9991455674171448,0.9967684745788574,1.0,0.9988560080528259,1,2,1,0.19417792558670044,2,1,0.1752532571554184,2,1,0.2053222507238388,2,1,0.1952475756406784,2,1,0.22999809682369232
subject_13:sample_0000661,13,661,2,2,1,2,1,0.9995167255401611,0.9991536140441895,0.9967904686927795,1.0,0.9988644123077393,1,2,1,0.1945963352918625,2,1,0.17410904169082642,2,1,0.2051122486591339,2,1,0.19476734101772308,2,1,0.23141412436962128
subject_13:sample_0000662,13,662,2,2,1,2,1,0.9995163679122925,0.9991549253463745,0.9967866539955139,1.0,0.9988636374473572,1,2,1,0.19461889564990997,2,1,0.17327208817005157,2,1,0.20529824495315552,2,1,0.1945955455303192,2,1,0.2322142869234085
subject_13:sample_0000663,13,663,2,2,1,2,1,0.9995186924934387,0.9991597533226013,0.9967995882034302,1.0,0.9988687038421631,1,2,1,0.19472751021385193,2,1,0.17235121130943298,2,1,0.20529767870903015,2,1,0.19465123116970062,2,1,0.2329714447259903
subject_13:sample_0000664,13,664,2,2,1,2,1,0.9995218515396118,0.9991667866706848,0.9968172907829285,1.0,0.9988756775856018,1,2,1,0.19534136354923248,2,1,0.17149843275547028,2,1,0.20476287603378296,2,1,0.19374710321426392,2,1,0.23464928567409515
subject_13:sample_0000665,13,665,2,2,1,2,1,0.999519944190979,0.9991653561592102,0.9968047738075256,1.0,0.9988716840744019,1,2,1,0.19530746340751648,2,1,0.1709515005350113,2,1,0.20501242578029633,2,1,0.1936171054840088,2,1,0.23511053621768951
subject_13:sample_0000666,13,666,2,2,1,2,1,0.9995213747024536,0.9991688132286072,0.9968119859695435,1.0,0.9988747239112854,1,2,1,0.195667564868927,2,1,0.1706646829843521,2,1,0.20475631952285767,2,1,0.1929892897605896,2,1,0.2359212040901184
subject_13:sample_0000667,13,667,2,2,1,2,1,0.9995192885398865,0.9991670250892639,0.9967990517616272,1.0,0.9988704919815063,1,2,1,0.19592450559139252,2,1,0.1706136167049408,2,1,0.20464064180850983,2,1,0.1924632489681244,2,1,0.23635704815387726
subject_13:sample_0000668,13,668,2,2,1,2,1,0.9995253682136536,0.999176561832428,0.9968357682228088,1.0,0.9988836050033569,1,2,1,0.19667743146419525,2,1,0.17060202360153198,2,1,0.20354324579238892,2,1,0.19181287288665771,2,1,0.23736348748207092
subject_13:sample_0000669,13,669,2,2,1,2,1,0.9995308518409729,0.9991845488548279,0.996868371963501,1.0,0.9988952279090881,1,2,1,0.1970704346895218,2,1,0.1705646514892578,2,1,0.20284675061702728,2,1,0.19150803983211517,2,1,0.2380092591047287
subject_13:sample_0000670,13,670,2,2,1,2,1,0.9995331168174744,0.9991878867149353,0.9968835115432739,1.0,0.9989003539085388,1,2,1,0.197189599275589,2,1,0.17053912580013275,2,1,0.20261362195014954,2,1,0.19146206974983215,2,1,0.23819464445114136
subject_13:sample_0000671,13,671,3,3,1,0,0,0.4837114214897156,0.07882833480834961,0.3053687810897827,0.4000000059604645,0.2612392008304596,0,3,1,0.20786777138710022,0,0,0.2205885946750641,3,1,0.189812570810318,0,0,0.1710171103477478,0,0,0.21071302890777588
subject_13:sample_0000672,13,672,3,0,0,0,0,0.4510340690612793,0.004393190145492554,0.31228500604629517,0.6000000238418579,0.13881069421768188,0,3,1,0.20766961574554443,0,0,0.22176209092140198,3,1,0.18948984146118164,0,0,0.17073969542980194,0,0,0.21033786237239838
subject_13:sample_0000673,13,673,3,0,0,0,0,0.49873796105384827,0.07485204935073853,0.3438454270362854,0.6000000238418579,0.29624271392822266,0,3,1,0.20713476836681366,0,0,0.22266866266727448,3,1,0.18914322555065155,0,0,0.1705176681280136,0,0,0.2105347216129303
subject_13:sample_0000674,13,674,3,0,0,0,0,0.5460179448127747,0.1429578959941864,0.3876557946205139,0.6000000238418579,0.3670736253261566,0,3,1,0.20636862516403198,0,0,0.22391758859157562,3,1,0.188506618142128,0,0,0.1703966110944748,0,0,0.2108096331357956
subject_13:sample_0000675,13,675,3,0,0,0,0,0.5743448734283447,0.1805163323879242,0.42605459690093994,0.6000000238418579,0.40348413586616516,0,3,1,0.20557181537151337,0,0,0.2253350466489792,3,1,0.18756859004497528,0,0,0.17036624252796173,0,0,0.21115742623806
subject_13:sample_0000676,13,676,3,0,0,0,0,0.5854878425598145,0.19564172625541687,0.4428485035896301,0.6000000238418579,0.4176826775074005,0,3,1,0.20492160320281982,0,0,0.22585724294185638,3,1,0.18678174912929535,0,0,0.1707003116607666,0,0,0.21173806488513947
subject_13:sample_0000677,13,677,3,0,0,0,0,0.5751959085464478,0.18746355175971985,0.41705167293548584,0.6000000238418579,0.4052923917770386,0,3,1,0.20551107823848724,0,0,0.22402390837669373,3,1,0.18697908520698547,0,0,0.17125274240970612,0,0,0.21223223209381104
subject_13:sample_0000678,13,678,3,0,0,0,0,0.5147998332977295,0.12135371565818787,0.3299126625061035,0.6000000238418579,0.3334728479385376,0,3,1,0.20677344501018524,0,0,0.22021928429603577,3,1,0.18799583613872528,0,0,0.1722690910100937,0,0,0.21274133026599884
subject_13:sample_0000679,13,679,3,3,1,0,0,0.4257628917694092,0.03782838582992554,0.2459009885787964,0.4000000059604645,0.19950394332408905,0,1,0,0.2078126221895218,3,1,0.21684564650058746,3,1,0.1891288161277771,0,0,0.17326700687408447,0,0,0.21294495463371277
subject_13:sample_0000680,13,680,3,3,1,0,0,0.44711488485336304,0.15449610352516174,0.22703903913497925,0.4000000059604645,0.28143253922462463,0,1,0,0.20825479924678802,3,1,0.21377335488796234,3,1,0.19029267132282257,0,0,0.17433768510818481,0,0,0.21334046125411987
subject_13:sample_0000681,13,681,3,3,1,0,0,0.44623395800590515,0.15793746709823608,0.2263694405555725,0.4000000059604645,0.2826385498046875,0,1,0,0.2083047479391098,3,1,0.21198108792304993,3,1,0.19102320075035095,0,0,0.17513221502304077,1,0,0.21355777978897095
subject_13:sample_0000682,13,682,3,3,1,0,0,0.4305935800075531,0.09997180104255676,0.22635257244110107,0.4000000059604645,0.24986054003238678,0,1,0,0.20839813351631165,3,1,0.20962944626808167,3,1,0.1922222524881363,0,0,0.17601627111434937,1,0,0.21373291313648224
subject_13:sample_0000683,13,683,3,3,1,0,0,0.4173097610473633,0.05704236030578613,0.2291380763053894,0.4000000059604645,0.21612416207790375,0,1,0,0.20839311182498932,3,1,0.2079128623008728,3,1,0.1930270791053772,0,0,0.17672838270664215,1,0,0.21393762528896332
subject_13:sample_0000684,13,684,3,3,1,0,0,0.4193386137485504,0.05624893307685852,0.2310941219329834,0.4000000059604645,0.2160886824131012,0,1,0,0.2083863466978073,3,1,0.20726832747459412,3,1,0.1931782066822052,0,0,0.1772060990333557,1,0,0.21396012604236603
subject_13:sample_0000685,13,685,3,3,1,0,0,0.4093501567840576,0.02235826849937439,0.23614543676376343,0.4000000059604645,0.1714719980955124,0,1,0,0.20865963399410248,3,1,0.20587748289108276,3,1,0.1943695843219757,0,0,0.1776001900434494,1,0,0.21349218487739563
subject_13:sample_0000686,13,686,3,3,1,0,0,0.4181762933731079,0.037448883056640625,0.2377961277961731,0.4000000059604645,0.19645622372627258,0,1,0,0.20864072442054749,3,1,0.20519953966140747,3,1,0.1946648806333542,0,0,0.17804546654224396,1,0,0.2134484201669693
subject_13:sample_0000687,13,687,3,3,1,0,0,0.4432942867279053,0.09085768461227417,0.23934775590896606,0.4000000059604645,0.2491929829120636,0,1,0,0.20857003331184387,3,1,0.2043648064136505,3,1,0.19447652995586395,0,0,0.17872364819049835,1,0,0.21386410295963287
subject_13:sample_0000688,13,688,3,3,1,0,0,0.4564129412174225,0.11648890376091003,0.24202561378479004,0.4000000059604645,0.2678495943546295,0,1,0,0.2086629569530487,3,1,0.20274654030799866,3,1,0.19479970633983612,0,0,0.17963159084320068,1,0,0.21415822207927704
subject_13:sample_0000689,13,689,3,3,1,0,0,0.487476110458374,0.1782110333442688,0.2505563497543335,0.6000000238418579,0.3380540907382965,0,3,1,0.2088136225938797,3,1,0.20048654079437256,3,1,0.19543209671974182,0,0,0.18078099191188812,1,0,0.214485764503479
subject_13:sample_0000690,13,690,3,3,1,0,0,0.5131266713142395,0.2294963002204895,0.2602682113647461,0.6000000238418579,0.36825037002563477,0,3,1,0.20879296958446503,3,1,0.1979363113641739,3,1,0.19597533345222473,0,0,0.18230709433555603,1,0,0.21498730778694153
subject_13:sample_0000691,13,691,3,3,1,0,0,0.5660918951034546,0.3466431796550751,0.2882272005081177,0.6000000238418579,0.42920419573783875,0,3,1,0.20795781910419464,3,1,0.19531641900539398,3,1,0.19559475779533386,0,0,0.1843404471874237,1,0,0.2167896181344986
subject_13:sample_0000692,13,692,3,3,1,0,0,0.6003428101539612,0.36542683839797974,0.3184187412261963,0.6000000238418579,0.45246750116348267,0,3,1,0.2067929357290268,3,1,0.19385884702205658,3,1,0.1945488154888153,0,0,0.18612325191497803,1,0,0.21867519617080688
subject_13:sample_0000693,13,693,3,3,1,0,0,0.6089807748794556,0.33176323771476746,0.3465496301651001,0.6000000238418579,0.4527277648448944,0,3,1,0.2045515477657318,3,1,0.19388996064662933,3,1,0.19245189428329468,0,0,0.18779350817203522,1,0,0.22131210565567017
subject_13:sample_0000694,13,694,3,3,1,0,0,0.6062270402908325,0.2916044592857361,0.3733636140823364,0.6000000238418579,0.44609588384628296,0,3,1,0.201780766248703,3,1,0.19418056309223175,3,1,0.1912110149860382,0,0,0.18917471170425415,0,0,0.22365202009677887
subject_13:sample_0000695,13,695,3,3,1,0,0,0.6015533208847046,0.25469696521759033,0.4037986397743225,0.6000000238418579,0.43893831968307495,0,3,1,0.19873836636543274,3,1,0.19631223380565643,3,1,0.1893422156572342,0,0,0.18976551294326782,0,0,0.2258407324552536
subject_13:sample_0000696,13,696,3,3,1,0,0,0.5973777770996094,0.2296905517578125,0.4277382493019104,0.6000000238418579,0.4331919550895691,0,3,1,0.19568173587322235,3,1,0.19859376549720764,3,1,0.18830032646656036,0,0,0.18978893756866455,0,0,0.2276342213153839
subject_13:sample_0000697,13,697,3,3,1,0,0,0.5977250337600708,0.22662389278411865,0.4344336986541748,0.6000000238418579,0.433481365442276,0,3,1,0.1936080902814865,3,1,0.20192784070968628,3,1,0.18732915818691254,0,0,0.1890314817428589,0,0,0.22810252010822296
subject_13:sample_0000698,13,698,3,3,1,0,0,0.6052425503730774,0.2539299428462982,0.417042076587677,0.6000000238418579,0.4428367018699646,0,3,1,0.1930064558982849,3,1,0.2050994336605072,3,1,0.18723613023757935,0,0,0.1878674328327179,0,0,0.22678963840007782
subject_13:sample_0000699,13,699,3,3,1,0,0,0.6154229640960693,0.29902493953704834,0.3893752694129944,0.6000000238418579,0.45535510778427124,0,3,1,0.19288817048072815,3,1,0.20749565958976746,3,1,0.18762719631195068,0,0,0.18706808984279633,0,0,0.2249199002981186
subject_13:sample_0000700,13,700,3,3,1,0,0,0.6238848567008972,0.3528492748737335,0.36120736598968506,0.6000000238418579,0.4673587679862976,0,3,1,0.1931711733341217,3,1,0.20770347118377686,3,1,0.1890053153038025,0,0,0.1870030015707016,1,0,0.22311607003211975
subject_13:sample_0000701,13,701,3,3,1,0,0,0.6248250007629395,0.37297993898391724,0.350864052772522,0.6000000238418579,0.47063425183296204,0,3,1,0.19295388460159302,3,1,0.2063330113887787,3,1,0.19002296030521393,0,0,0.18825140595436096,1,0,0.2224377989768982
subject_13:sample_0000702,13,702,3,3,1,0,0,0.6234140992164612,0.37575361132621765,0.347167432308197,0.6000000238418579,0.4699941873550415,0,3,1,0.19225803017616272,3,1,0.20459622144699097,3,1,0.19012847542762756,0,0,0.19048665463924408,1,0,0.22252978384494781
subject_13:sample_0000703,13,703,3,3,1,0,0,0.6231445670127869,0.37030330300331116,0.3494134545326233,0.6000000238418579,0.46898534893989563,0,3,1,0.19115710258483887,3,1,0.20549416542053223,3,1,0.18931783735752106,0,0,0.19108448922634125,1,0,0.22294536232948303
subject_13:sample_0000704,13,704,3,3,1,0,0,0.622123658657074,0.36481553316116333,0.35058605670928955,0.6000000238418579,0.4674379229545593,0,3,1,0.19081000983715057,3,1,0.2049718201160431,3,1,0.18914863467216492,0,0,0.19177882373332977,1,0,0.22328980267047882
subject_13:sample_0000705,13,705,3,3,1,0,0,0.6219671368598938,0.36628982424736023,0.3495209217071533,0.6000000238418579,0.4675242602825165,0,3,1,0.1910114586353302,3,1,0.20488721132278442,3,1,0.1891534924507141,0,0,0.19198179244995117,1,0,0.2229650765657425
subject_13:sample_0000706,13,706,3,3,1,3,1,0.7010788917541504,0.5127825736999512,0.4177139401435852,0.800000011920929,0.5887315273284912,0,3,1,0.2018313854932785,3,1,0.18922625482082367,2,0,0.18829919397830963,3,1,0.18791908025741577,3,1,0.23272322118282318
subject_13:sample_0000707,13,707,3,3,1,3,1,0.700701117515564,0.5125840902328491,0.4171445965766907,0.800000011920929,0.5883945226669312,0,3,1,0.20179638266563416,3,1,0.18924406170845032,2,0,0.18811842799186707,3,1,0.1881338655948639,3,1,0.23270633816719055
subject_13:sample_0000708,13,708,3,3,1,3,1,0.7016371488571167,0.5138564705848694,0.4182639718055725,0.800000011920929,0.5893505215644836,0,3,1,0.20174290239810944,3,1,0.18921725451946259,2,0,0.18778055906295776,3,1,0.1883404552936554,3,1,0.2329179048538208
subject_13:sample_0000709,13,709,3,3,1,3,1,0.6993339657783508,0.5110716819763184,0.41539591550827026,0.800000011920929,0.5870562195777893,0,3,1,0.20173294842243195,3,1,0.18891958892345428,2,0,0.1882605105638504,3,1,0.18833579123020172,3,1,0.23275023698806763
subject_13:sample_0000710,13,710,3,3,1,3,1,0.6949462890625,0.5057488679885864,0.41000980138778687,0.800000011920929,0.5826967358589172,0,3,1,0.20172324776649475,3,1,0.18873260915279388,2,0,0.18919457495212555,3,1,0.18824155628681183,3,1,0.232107013463974
subject_13:sample_0000711,13,711,3,3,1,3,1,0.7058441638946533,0.5163549184799194,0.42466574907302856,0.800000011920929,0.593196451663971,0,3,1,0.20107752084732056,3,1,0.18859237432479858,2,0,0.18948672711849213,3,1,0.18832772970199585,3,1,0.23251469433307648
subject_13:sample_0000712,13,712,3,3,1,3,1,0.7153027057647705,0.5273851156234741,0.43729275465011597,0.800000011920929,0.60272616147995,0,3,1,0.20087312161922455,3,1,0.18880529701709747,2,0,0.1879126876592636,3,1,0.18883709609508514,3,1,0.2335708737373352
subject_13:sample_0000713,13,713,3,3,1,3,1,0.7271783351898193,0.5408084392547607,0.4541822671890259,0.800000011920929,0.6148244738578796,0,3,1,0.20054131746292114,3,1,0.1889342963695526,2,0,0.1863642930984497,3,1,0.18925213813781738,3,1,0.23490694165229797
subject_13:sample_0000714,13,714,3,3,1,3,1,0.738294780254364,0.5507116317749023,0.47267013788223267,0.800000011920929,0.626181960105896,0,3,1,0.19944964349269867,3,1,0.18839043378829956,2,0,0.1875792145729065,3,1,0.18912214040756226,3,1,0.23545768857002258
subject_13:sample_0000715,13,715,3,3,1,3,1,0.7476337552070618,0.5575945377349854,0.49057936668395996,0.800000011920929,0.6359919905662537,0,3,1,0.19828303158283234,3,1,0.1876552551984787,2,0,0.1900389939546585,3,1,0.1887102723121643,3,1,0.23531150817871094
subject_13:sample_0000716,13,716,3,3,1,3,1,0.7529320120811462,0.5612696409225464,0.5016903281211853,0.800000011920929,0.6417461633682251,0,3,1,0.19767597317695618,3,1,0.1872262805700302,2,0,0.19166558980941772,3,1,0.18837706744670868,3,1,0.2350541204214096
subject_13:sample_0000717,13,717,3,3,1,3,1,0.7529492974281311,0.5591843128204346,0.5036445260047913,0.800000011920929,0.6417763233184814,0,3,1,0.19723467528820038,3,1,0.18670471012592316,2,0,0.193770170211792,3,1,0.18789061903953552,3,1,0.23439887166023254
subject_13:sample_0000718,13,718,0,0,1,0,1,0.6585346460342407,0.3588636815547943,0.4406691789627075,0.800000011920929,0.5372515916824341,0,0,1,0.0947197899222374,2,0,0.3414423167705536,0,1,0.10865089297294617,0,1,0.10740116238594055,0,1,0.3477848768234253
subject_13:sample_0000719,13,719,0,0,1,0,1,0.6578001976013184,0.3574641942977905,0.4400293231010437,0.800000011920929,0.5363824367523193,0,0,1,0.0944005623459816,2,0,0.342176228761673,0,1,0.10778490453958511,0,1,0.10751110315322876,0,1,0.34812629222869873
subject_13:sample_0000720,13,720,0,0,1,0,1,0.6583030223846436,0.3607814610004425,0.4367559552192688,0.800000011920929,0.5367223620414734,0,0,1,0.09435487538576126,2,0,0.3416723906993866,0,1,0.1078992486000061,0,1,0.10786694288253784,0,1,0.3482055366039276
subject_13:sample_0000721,13,721,0,0,1,0,1,0.6580164432525635,0.3644827604293823,0.4303082823753357,0.800000011920929,0.536038339138031,0,0,1,0.09396518766880035,2,0,0.34195855259895325,0,1,0.10798473656177521,0,1,0.10790898650884628,0,1,0.3481815457344055
subject_13:sample_0000722,13,722,0,0,1,0,1,0.6580510139465332,0.37106138467788696,0.4214293360710144,0.800000011920929,0.5356486439704895,0,0,1,0.09338129311800003,2,0,0.34192344546318054,0,1,0.10872851312160492,0,1,0.10758606344461441,0,1,0.3483797013759613
subject_13:sample_0000723,13,723,0,0,1,0,1,0.6607358455657959,0.37953105568885803,0.41897958517074585,0.800000011920929,0.5384426712989807,0,0,1,0.09265094995498657,2,0,0.33923327922821045,0,1,0.11041964590549469,0,1,0.10866422951221466,0,1,0.3490309417247772
subject_13:sample_0000724,13,724,0,0,1,0,1,0.6627535223960876,0.38981467485427856,0.41252410411834717,0.800000011920929,0.5403652191162109,0,0,1,0.09163778275251389,2,0,0.3372094929218292,0,1,0.1121281236410141,0,1,0.10957471281290054,0,1,0.34944891929626465
subject_13:sample_0000725,13,725,0,0,1,0,1,0.6657571792602539,0.4006301760673523,0.40906041860580444,0.800000011920929,0.5435433983802795,0,0,1,0.0907055214047432,2,0,0.3342001140117645,0,1,0.116017185151577,0,1,0.11047209054231644,0,1,0.3486040532588959
subject_13:sample_0000726,13,726,0,0,1,0,1,0.6709908246994019,0.4157112240791321,0.4078850746154785,0.800000011920929,0.5492676496505737,0,0,1,0.08985612541437149,2,0,0.32896074652671814,0,1,0.12365450710058212,0,1,0.11153706908226013,0,1,0.3459905982017517
subject_13:sample_0000727,13,727,0,0,1,0,1,0.6764042377471924,0.4287160634994507,0.40956103801727295,0.800000011920929,0.5551957488059998,0,0,1,0.08822358399629593,2,0,0.32353734970092773,0,1,0.1339089274406433,0,1,0.11146973818540573,0,1,0.3428594470024109
subject_13:sample_0000728,13,728,0,0,1,0,1,0.6813815832138062,0.4370840787887573,0.4146770238876343,0.800000011920929,0.560646116733551,0,0,1,0.0865062028169632,2,0,0.3185511827468872,0,1,0.14457166194915771,0,1,0.11118201166391373,0,1,0.3391880691051483
subject_13:sample_0000729,13,729,0,0,1,0,1,0.6867915987968445,0.44922205805778503,0.4172670841217041,0.800000011920929,0.5664969086647034,0,0,1,0.08467421680688858,2,0,0.313133180141449,0,1,0.15699854493141174,0,1,0.11055062711238861,0,1,0.33464252948760986
subject_13:sample_0000730,13,730,0,0,1,0,1,0.691719114780426,0.46037617325782776,0.41971176862716675,0.800000011920929,0.5718352198600769,0,0,1,0.0830065980553627,2,0,0.308199405670166,0,1,0.16821730136871338,0,1,0.11015143245458603,0,1,0.3304242491722107
subject_13:sample_0000731,13,731,0,0,1,0,1,0.6962785720825195,0.46981820464134216,0.42283982038497925,0.800000011920929,0.5767594575881958,0,0,1,0.08176779747009277,2,0,0.303634911775589,0,1,0.1777045577764511,0,1,0.11031598597764969,0,1,0.3265758156776428
subject_13:sample_0000732,13,732,0,0,1,0,1,0.6986390948295593,0.47510862350463867,0.4238530993461609,0.800000011920929,0.5792123675346375,0,0,1,0.08071079850196838,2,0,0.3012653589248657,0,1,0.18345052003860474,0,1,0.10999035835266113,0,1,0.3245820701122284
subject_13:sample_0000733,13,733,0,0,1,0,1,0.7010043859481812,0.4803182780742645,0.425079345703125,0.800000011920929,0.5817045569419861,0,0,1,0.07977301627397537,2,0,0.2988930940628052,0,1,0.18922503292560577,0,1,0.1095476821064949,0,1,0.32256022095680237
subject_13:sample_0000734,13,734,0,0,1,0,1,0.7033720016479492,0.4895504117012024,0.42293304204940796,0.800000011920929,0.5842329263687134,0,0,1,0.0787791907787323,2,0,0.2965199053287506,0,1,0.19542665779590607,0,1,0.10903994739055634,0,1,0.32023337483406067
subject_13:sample_0000735,13,735,0,0,1,0,1,0.7056249976158142,0.49597734212875366,0.42297565937042236,0.800000011920929,0.5866246223449707,0,0,1,0.07785020023584366,2,0,0.29426103830337524,0,1,0.20134203135967255,0,1,0.10864702612161636,0,1,0.31789878010749817
subject_13:sample_0000736,13,736,0,0,1,0,1,0.7086524963378906,0.5026745200157166,0.42482489347457886,0.800000011920929,0.5898682475090027,0,0,1,0.07717689871788025,2,0,0.29122602939605713,0,1,0.20772498846054077,0,1,0.10860984772443771,0,1,0.3152613043785095
subject_13:sample_0000737,13,737,0,0,1,0,1,0.7120380401611328,0.5090868473052979,0.4279593229293823,0.800000011920929,0.5935357809066772,0,0,1,0.07664190977811813,2,0,0.28783196210861206,0,1,0.21400223672389984,0,1,0.10894984006881714,0,1,0.3125731348991394
subject_13:sample_0000738,13,738,0,0,1,0,1,0.7157184481620789,0.5167139768600464,0.4310264587402344,0.800000011920929,0.5975807309150696,0,0,1,0.07628873735666275,2,0,0.28414249420166016,0,1,0.22044172883033752,0,1,0.10928196460008621,0,1,0.30984410643577576
subject_13:sample_0000739,13,739,0,0,1,0,1,0.7190538644790649,0.5239946246147156,0.43362104892730713,0.800000011920929,0.6012735366821289,0,0,1,0.07570461183786392,2,0,0.28080084919929504,0,1,0.22691430151462555,0,1,0.10947288572788239,0,1,0.3071063756942749
subject_13:sample_0000740,13,740,0,0,1,0,1,0.7212013006210327,0.5251662731170654,0.4378367066383362,0.800000011920929,0.6035161018371582,0,0,1,0.07556753605604172,2,0,0.27864527702331543,0,1,0.23045562207698822,0,1,0.10971637815237045,0,1,0.305614173412323
subject_13:sample_0000741,13,741,0,0,1,0,1,0.7214349508285522,0.5224382877349854,0.4403269290924072,0.800000011920929,0.6036348342895508,0,0,1,0.07553397864103317,2,0,0.2784101665019989,0,1,0.23105643689632416,0,1,0.10963024944067001,0,1,0.30536821484565735
subject_13:sample_0000742,13,742,0,0,1,0,1,0.7220466136932373,0.521085262298584,0.44275039434432983,0.800000011920929,0.604200005531311,0,0,1,0.07549422234296799,2,0,0.2777976095676422,0,1,0.23237453401088715,0,1,0.10962449759244919,0,1,0.3047081232070923
subject_13:sample_0000743,13,743,0,0,1,0,1,0.7224386930465698,0.5223884582519531,0.44258230924606323,0.800000011920929,0.6046020984649658,0,0,1,0.0755523070693016,2,0,0.27740588784217834,0,1,0.23315806686878204,0,1,0.10961964726448059,0,1,0.3042631149291992
subject_13:sample_0000744,13,744,0,0,1,0,1,0.7236127853393555,0.5246565937995911,0.4437066316604614,0.800000011920929,0.605887234210968,0,0,1,0.07554555684328079,2,0,0.2762303650379181,0,1,0.23515699803829193,0,1,0.1098770722746849,0,1,0.3031889796257019
subject_13:sample_0000745,13,745,0,0,1,0,1,0.7240879535675049,0.5258975625038147,0.4438328146934509,0.800000011920929,0.606387734413147,0,0,1,0.07567114382982254,2,0,0.2757537066936493,0,1,0.23570728302001953,0,1,0.11015444993972778,0,1,0.30271250009536743
subject_13:sample_0000746,13,746,3,3,1,0,0,0.5990432500839233,0.19832506775856018,0.5127427577972412,0.6000000238418579,0.4372417628765106,0,3,1,0.20219986140727997,0,0,0.21578827500343323,0,0,0.17038966715335846,3,1,0.20276987552642822,3,1,0.20885132253170013
subject_13:sample_0000747,13,747,3,3,1,0,0,0.5966413021087646,0.19352149963378906,0.512052595615387,0.6000000238418579,0.43398740887641907,0,3,1,0.2020256668329239,0,0,0.21582593023777008,0,0,0.1703089028596878,3,1,0.20306390523910522,3,1,0.20877467095851898
subject_13:sample_0000748,13,748,3,3,1,0,0,0.6021493673324585,0.20454037189483643,0.5136398077011108,0.6000000238418579,0.44139084219932556,0,3,1,0.20095573365688324,0,0,0.21675200760364532,0,0,0.17061251401901245,3,1,0.20363815128803253,3,1,0.20804065465927124
subject_13:sample_0000749,13,749,3,3,1,0,0,0.6077330708503723,0.21571078896522522,0.5153414011001587,0.6000000238418579,0.44870176911354065,0,3,1,0.2007320523262024,0,0,0.2173650711774826,0,0,0.17146791517734528,3,1,0.20384712517261505,3,1,0.20658691227436066
subject_13:sample_0000750,13,750,3,3,1,0,0,0.617508590221405,0.23526573181152344,0.5185562372207642,0.6000000238418579,0.46109163761138916,0,3,1,0.20101703703403473,0,0,0.21825502812862396,0,0,0.17226435244083405,3,1,0.20381952822208405,3,1,0.20464307069778442
subject_13:sample_0000751,13,751,3,3,1,0,0,0.6234651207923889,0.24718225002288818,0.5206524133682251,0.6000000238418579,0.4684164524078369,0,3,1,0.20142222940921783,0,0,0.21919173002243042,0,0,0.17369000613689423,3,1,0.20386429131031036,3,1,0.20183078944683075
subject_13:sample_0000752,13,752,3,3,1,0,0,0.6199421882629395,0.2401362657546997,0.5193914771080017,0.6000000238418579,0.4641023874282837,0,3,1,0.20288731157779694,0,0,0.21995970606803894,0,0,0.17537778615951538,3,1,0.2034444361925125,3,1,0.19832976162433624
subject_13:sample_0000753,13,753,3,3,1,0,0,0.6232114434242249,0.24667689204216003,0.5205525755882263,0.6000000238418579,0.46810677647590637,0,3,1,0.2035347819328308,0,0,0.22144702076911926,0,0,0.1777155101299286,3,1,0.2030896693468094,3,1,0.19421198964118958
subject_13:sample_0000754,13,754,3,3,1,0,0,0.6121519804000854,0.2245589792728424,0.5167160034179688,0.6000000238418579,0.4543580710887909,0,3,1,0.20384439826011658,0,0,0.22347421944141388,0,0,0.17938965559005737,3,1,0.20293402671813965,3,1,0.1903567612171173
subject_13:sample_0000755,13,755,3,3,1,0,0,0.5968227982521057,0.19390088319778442,0.512019157409668,0.6000000238418579,0.434225857257843,0,3,1,0.20481501519680023,0,0,0.225362166762352,0,0,0.18029986321926117,3,1,0.20248617231845856,3,1,0.18703582882881165
subject_13:sample_0000756,13,756,3,3,1,0,0,0.5493502616882324,0.09894371032714844,0.5019785761833191,0.6000000238418579,0.3576996326446533,0,3,1,0.20789644122123718,0,0,0.2259308248758316,0,0,0.1804765909910202,3,1,0.20099297165870667,3,1,0.1847022920846939
subject_13:sample_0000757,13,757,3,3,1,0,0,0.5032408833503723,0.006710916757583618,0.49854010343551636,0.4000000059604645,0.16109402477741241,0,3,1,0.21172036230564117,0,0,0.2257445901632309,0,0,0.1801445335149765,0,0,0.19896185398101807,3,1,0.18342772126197815
subject_13:sample_0000758,13,758,3,0,0,0,0,0.5093045830726624,0.018835842609405518,0.49866753816604614,0.6000000238418579,0.23146282136440277,0,3,1,0.21412859857082367,0,0,0.2257571965456009,0,0,0.18004119396209717,0,0,0.19773635268211365,3,1,0.18233565986156464
subject_13:sample_0000759,13,759,3,0,0,0,0,0.5041804909706116,0.008593976497650146,0.4985297918319702,0.6000000238418579,0.18973858654499054,0,3,1,0.21608006954193115,0,0,0.22577044367790222,0,0,0.18009327352046967,0,0,0.1969355344772339,3,1,0.18111974000930786
subject_13:sample_0000760,13,760,3,0,0,0,0,0.5111673474311829,0.02256864309310913,0.49868297576904297,0.6000000238418579,0.24238795042037964,0,3,1,0.21906861662864685,0,0,0.22498613595962524,0,0,0.17984545230865479,0,0,0.19548098742961884,3,1,0.1806177794933319
subject_13:sample_0000761,13,761,3,0,0,0,0,0.5179619789123535,0.0361579954624176,0.49897074699401855,0.6000000238418579,0.2736416161060333,0,3,1,0.22205831110477448,0,0,0.22398914396762848,0,0,0.1797674298286438,0,0,0.19372805953025818,3,1,0.18045610189437866
subject_13:sample_0000762,13,762,3,0,0,0,0,0.5166434645652771,0.03352546691894531,0.4988793134689331,0.6000000238418579,0.2683354914188385,0,3,1,0.22477242350578308,0,0,0.22309036552906036,0,0,0.17987060546875,0,0,0.19191142916679382,3,1,0.18035420775413513
subject_13:sample_0000763,13,763,3,0,0,0,0,0.512909471988678,0.026064127683639526,0.49868160486221313,0.6000000238418579,0.25148648023605347,0,3,1,0.22703275084495544,0,0,0.22227755188941956,0,0,0.18042603135108948,0,0,0.19016273319721222,3,1,0.18009993433952332
subject_13:sample_0000764,13,764,3,0,0,0,0,0.5167362689971924,0.03372126817703247,0.498826801776886,0.6000000238418579,0.2687314450740814,0,3,1,0.22836744785308838,0,0,0.22172722220420837,0,0,0.1810290515422821,0,0,0.18866336345672607,3,1,0.18021197617053986
subject_13:sample_0000765,13,765,3,3,1,0,0,0.5117192268371582,0.023703962564468384,0.4985228180885315,0.4000000059604645,0.22176827490329742,0,3,1,0.22884052991867065,0,0,0.22124923765659332,0,0,0.18174858391284943,0,0,0.18794593214988708,3,1,0.18021473288536072
subject_13:sample_0000766,13,766,3,3,1,0,0,0.5343533754348755,0.06898438930511475,0.4999682903289795,0.6000000238418579,0.3242785930633545,0,3,1,0.22901467978954315,0,0,0.220866858959198,0,0,0.18261922895908356,3,1,0.18705080449581146,3,1,0.1804475039243698
subject_13:sample_0000767,13,767,3,3,1,0,0,0.5615968108177185,0.12347936630249023,0.5037171840667725,0.6000000238418579,0.38048651814460754,0,3,1,0.22758619487285614,0,0,0.22118490934371948,0,0,0.1837044209241867,3,1,0.18655000627040863,3,1,0.18097350001335144
subject_13:sample_0000768,13,768,3,3,1,0,0,0.5722822546958923,0.1448490023612976,0.5058025121688843,0.6000000238418579,0.3982580304145813,0,3,1,0.22534731030464172,0,0,0.22171662747859955,0,0,0.1846190243959427,3,1,0.1861872673034668,3,1,0.18212886154651642
subject_13:sample_0000769,13,769,3,3,1,0,0,0.5768414735794067,0.15396234393119812,0.5068182945251465,0.6000000238418579,0.40538594126701355,0,3,1,0.22177726030349731,0,0,0.22206822037696838,0,0,0.18574926257133484,3,1,0.18657785654067993,3,1,0.18382640182971954
subject_13:sample_0000770,13,770,3,3,1,0,0,0.5763646960258484,0.15300026535987854,0.5067557692527771,0.6000000238418579,0.40465492010116577,0,3,1,0.21928177773952484,0,0,0.21903909742832184,0,0,0.18753325939178467,3,1,0.18800050020217896,3,1,0.1861443817615509
subject_13:sample_0000771,13,771,3,3,1,0,0,0.5817699432373047,0.1638113260269165,0.5079953670501709,0.6000000238418579,0.41283509135246277,0,3,1,0.21912609040737152,0,0,0.2127266824245453,0,0,0.18917113542556763,3,1,0.19013680517673492,3,1,0.18883833289146423
subject_13:sample_0000772,13,772,3,3,1,0,0,0.5890214443206787,0.17832115292549133,0.5097641348838806,0.6000000238418579,0.42336368560791016,0,3,1,0.21855077147483826,0,0,0.20873478055000305,0,0,0.18991878628730774,3,1,0.1917380690574646,3,1,0.19105662405490875
subject_13:sample_0000773,13,773,3,3,1,0,0,0.6054132580757141,0.21111682057380676,0.5143632888793945,0.6000000238418579,0.4456552267074585,0,3,1,0.2192823737859726,0,0,0.20392565429210663,0,0,0.19065117835998535,3,1,0.1930985152721405,3,1,0.19304132461547852
subject_13:sample_0000774,13,774,0,1,0,0,1,0.5577904582023621,0.17461025714874268,0.37543267011642456,0.4000000059604645,0.3477628529071808,0,0,1,0.09775436669588089,0,1,0.140406534075737,1,0,0.26501601934432983,1,0,0.29331645369529724,0,1,0.20350565016269684
subject_13:sample_0000775,13,775,0,1,0,0,1,0.5574724674224854,0.17853587865829468,0.3692830204963684,0.4000000059604645,0.3482106626033783,0,0,1,0.0983014851808548,0,1,0.14097125828266144,1,0,0.26443761587142944,1,0,0.2935658097267151,0,1,0.20272287726402283
subject_13:sample_0000776,13,776,0,1,0,0,1,0.553832471370697,0.18210583925247192,0.35486042499542236,0.4000000059604645,0.34590351581573486,0,0,1,0.10046345740556717,0,1,0.14358045160770416,1,0,0.2619030773639679,1,0,0.2924324870109558,0,1,0.20161955058574677
subject_13:sample_0000777,13,777,0,1,0,0,1,0.5502269268035889,0.18146300315856934,0.3463214039802551,0.4000000059604645,0.3429393768310547,0,0,1,0.10248684883117676,0,1,0.14469550549983978,1,0,0.260209858417511,1,0,0.2904820740222931,0,1,0.20212480425834656
subject_13:sample_0000778,13,778,0,1,0,0,1,0.5468993186950684,0.18298906087875366,0.33663004636764526,0.4000000059604645,0.34071114659309387,0,0,1,0.10464983433485031,0,1,0.14578662812709808,1,0,0.2585631012916565,1,0,0.2887676954269409,0,1,0.2022317796945572
subject_13:sample_0000779,13,779,0,1,0,0,1,0.5439233183860779,0.18318605422973633,0.3296474814414978,0.4000000059604645,0.33855944871902466,0,0,1,0.10662241280078888,0,1,0.14693251252174377,1,0,0.25686773657798767,1,0,0.28747373819351196,0,1,0.2021026760339737
subject_13:sample_0000780,13,780,0,1,0,0,1,0.5411451458930969,0.1769295334815979,0.3295019268989563,0.4000000059604645,0.33516451716423035,0,0,1,0.10744915157556534,0,1,0.14770054817199707,1,0,0.2560085654258728,1,0,0.28552690148353577,0,1,0.20331385731697083
subject_13:sample_0000781,13,781,0,1,0,0,1,0.5386611223220825,0.16644346714019775,0.33434611558914185,0.4000000059604645,0.3309098780155182,0,0,1,0.1074678897857666,0,1,0.14795339107513428,1,0,0.25574469566345215,1,0,0.28328195214271545,0,1,0.20555104315280914
subject_13:sample_0000782,13,782,0,1,0,0,1,0.5383316278457642,0.15567547082901,0.3452826738357544,0.4000000059604645,0.3280017673969269,0,0,1,0.10669931769371033,0,1,0.14611667394638062,1,0,0.2569001317024231,1,0,0.2817992866039276,0,1,0.20848363637924194
subject_13:sample_0000783,13,783,0,1,0,0,1,0.5377955436706543,0.14413103461265564,0.3577713370323181,0.4000000059604645,0.3245339095592499,0,0,1,0.10614509880542755,0,1,0.14365096390247345,1,0,0.2579871118068695,1,0,0.2802019715309143,0,1,0.21201391518115997
subject_13:sample_0000784,13,784,0,1,0,0,1,0.5354228019714355,0.130398690700531,0.36922597885131836,0.4000000059604645,0.31866222620010376,0,0,1,0.10575299710035324,0,1,0.14348965883255005,1,0,0.25782981514930725,1,0,0.2780247628688812,0,1,0.21490180492401123
subject_13:sample_0000785,13,785,0,1,0,0,1,0.5306289792060852,0.11592519283294678,0.37532472610473633,0.4000000059604645,0.3099980652332306,0,0,1,0.10623737424612045,0,1,0.1458907127380371,1,0,0.2558605968952179,1,0,0.2752210795879364,0,1,0.21678923070430756
subject_13:sample_0000786,13,786,0,1,0,0,1,0.5251257419586182,0.10495996475219727,0.3743060827255249,0.4000000059604645,0.30140015482902527,0,0,1,0.10754319280385971,0,1,0.1485287994146347,1,0,0.25334417819976807,1,0,0.2722262144088745,0,1,0.218356654047966
subject_13:sample_0000787,13,787,0,1,0,0,1,0.522466242313385,0.09617704153060913,0.37914466857910156,0.4000000059604645,0.29545995593070984,0,0,1,0.10805604606866837,0,1,0.14886589348316193,1,0,0.25231391191482544,1,0,0.2706145644187927,0,1,0.22014865279197693
subject_13:sample_0000788,13,788,0,1,0,0,1,0.5165555477142334,0.08434796333312988,0.37835943698883057,0.4000000059604645,0.2849633991718292,0,0,1,0.10915090888738632,0,1,0.15297812223434448,1,0,0.24949710071086884,1,0,0.26750385761260986,0,1,0.22086907923221588
subject_13:sample_0000789,13,789,0,1,0,0,1,0.511047899723053,0.07131773233413696,0.3809126615524292,0.4000000059604645,0.2729833722114563,0,0,1,0.11023283749818802,0,1,0.156056746840477,1,0,0.24708552658557892,1,0,0.2644026577472687,0,1,0.22222131490707397
subject_13:sample_0000790,13,790,0,1,0,0,1,0.5046049356460571,0.057210683822631836,0.3822842240333557,0.4000000059604645,0.2577618956565857,0,0,1,0.11164544522762299,0,1,0.15967486798763275,1,0,0.24419339001178741,1,0,0.2608386278152466,0,1,0.22364668548107147
subject_13:sample_0000791,13,791,0,1,0,0,1,0.4985964596271515,0.04230359196662903,0.3866603970527649,0.4000000059604645,0.23898962140083313,0,0,1,0.11252650618553162,0,1,0.1634199172258377,1,0,0.24163836240768433,1,0,0.2573884427547455,0,1,0.22502584755420685
subject_13:sample_0000792,13,792,0,1,0,0,1,0.49195966124534607,0.028112024068832397,0.3879104256629944,0.4000000059604645,0.21523021161556244,0,0,1,0.11345894634723663,0,1,0.168812096118927,1,0,0.23869681358337402,1,0,0.2536785900592804,0,1,0.22535263001918793
subject_13:sample_0000793,13,793,0,1,0,0,1,0.48691388964653015,0.01683482527732849,0.3898273706436157,0.4000000059604645,0.18908117711544037,0,0,1,0.11439443379640579,0,1,0.1724800169467926,1,0,0.236420139670372,1,0,0.25090065598487854,0,1,0.22580382227897644
subject_13:sample_0000794,13,794,0,1,0,0,1,0.48581281304359436,0.009164929389953613,0.3996964693069458,0.4000000059604645,0.1633417159318924,0,0,1,0.11399316042661667,0,1,0.17350581288337708,1,0,0.23622289299964905,1,0,0.2500361502170563,0,1,0.22624102234840393
subject_13:sample_0000795,13,795,0,1,0,0,1,0.4838958978652954,0.00421673059463501,0.4017931818962097,0.4000000059604645,0.13456979393959045,0,0,1,0.1145595982670784,0,1,0.17475417256355286,1,0,0.2355511337518692,1,0,0.24879130721092224,0,1,0.22634285688400269
subject_13:sample_0000796,13,796,0,0,1,0,1,0.48541438579559326,0.002369433641433716,0.41131263971328735,0.6000000238418579,0.12979863584041595,0,0,1,0.11468014121055603,0,1,0.17469735443592072,1,0,0.23575074970722198,1,0,0.2477811723947525,0,1,0.22708958387374878
subject_13:sample_0000797,13,797,0,0,1,0,1,0.4914301633834839,0.008444875478744507,0.4237455725669861,0.6000000238418579,0.18023033440113068,0,0,1,0.1147075667977333,0,1,0.17380480468273163,1,0,0.2364381104707718,1,0,0.24709352850914001,0,1,0.22795501351356506
subject_13:sample_0000798,13,798,0,0,1,0,1,0.49282699823379517,0.0066672563552856445,0.43396425247192383,0.6000000238418579,0.1710258275270462,0,0,1,0.11426635086536407,0,1,0.1701475977897644,1,0,0.23872177302837372,1,0,0.24804073572158813,0,1,0.22882257401943207
subject_13:sample_0000799,13,799,0,1,0,0,1,0.493156760931015,0.0011778771877288818,0.4489576816558838,0.4000000059604645,0.10106193274259567,0,0,1,0.11353011429309845,0,1,0.16226236522197723,1,0,0.24329866468906403,1,0,0.25055766105651855,0,1,0.23035022616386414
subject_13:sample_0000800,13,800,0,1,0,0,1,0.5021640062332153,0.014041304588317871,0.463137149810791,0.4000000059604645,0.19011029601097107,0,0,1,0.11308310180902481,0,1,0.15189824998378754,1,0,0.24927815794944763,1,0,0.25368836522102356,0,1,0.23205120861530304
subject_13:sample_0000801,13,801,0,1,0,0,1,0.5130751132965088,0.03219479322433472,0.47481662034988403,0.4000000059604645,0.23666724562644958,0,0,1,0.11260011792182922,0,1,0.14015363156795502,1,0,0.2563984990119934,1,0,0.25757545232772827,0,1,0.23327139019966125
subject_13:sample_0000802,13,802,0,1,0,0,1,0.5235227346420288,0.05094456672668457,0.4828827977180481,0.4000000059604645,0.2679068148136139,0,0,1,0.11190024018287659,0,1,0.13015682995319366,1,0,0.2635835111141205,1,0,0.26091304421424866,0,1,0.2334454506635666
subject_13:sample_0000803,13,803,0,1,0,0,1,0.5334149599075317,0.0694611668586731,0.48863571882247925,0.4000000059604645,0.29171788692474365,0,0,1,0.11079569905996323,0,1,0.12222413718700409,1,0,0.27082058787345886,1,0,0.2636268436908722,0,1,0.23253178596496582
subject_13:sample_0000804,13,804,0,1,0,0,1,0.5423363447189331,0.08661961555480957,0.4925506114959717,0.4000000059604645,0.31016942858695984,0,0,1,0.10935451090335846,0,1,0.11668555438518524,1,0,0.2778826355934143,1,0,0.26552900671958923,0,1,0.23054732382297516
subject_13:sample_0000805,13,805,0,1,0,0,1,0.5501125454902649,0.101813405752182,0.49526602029800415,0.4000000059604645,0.324555367231369,0,0,1,0.1080595850944519,0,1,0.11251858621835709,1,0,0.2848079204559326,1,0,0.26641497015953064,0,1,0.22819799184799194
subject_13:sample_0000806,13,806,0,1,0,0,1,0.5574858784675598,0.1163974404335022,0.49723631143569946,0.4000000059604645,0.33705443143844604,0,0,1,0.10655871033668518,0,1,0.10967224836349487,1,0,0.29209744930267334,1,0,0.26652833819389343,0,1,0.22514225542545319
subject_13:sample_0000807,13,807,0,1,0,0,1,0.5630177855491638,0.12740087509155273,0.49853360652923584,0.4000000059604645,0.34582969546318054,0,0,1,0.10543374717235565,0,1,0.10791773349046707,1,0,0.29852744936943054,1,0,0.2656533718109131,0,1,0.22246675193309784
subject_13:sample_0000808,13,808,0,1,0,0,1,0.5709792375564575,0.14328894019126892,0.5003052949905396,0.4000000059604645,0.3577108383178711,0,0,1,0.1035662591457367,0,1,0.10554926097393036,1,0,0.30748146772384644,1,0,0.2646958827972412,0,1,0.21870623528957367
subject_13:sample_0000809,13,809,0,1,0,0,1,0.5816291570663452,0.1645956039428711,0.5027068853378296,0.4000000059604645,0.37248584628105164,0,0,1,0.10091359168291092,0,1,0.10249850153923035,1,0,0.32060298323631287,1,0,0.2622789144515991,0,1,0.21370503306388855
subject_13:sample_0000810,13,810,0,1,0,0,1,0.5927903652191162,0.18697071075439453,0.505374550819397,0.4000000059604645,0.38688957691192627,0,0,1,0.09820886701345444,0,1,0.09936293214559555,1,0,0.33542001247406006,1,0,0.2587021589279175,0,1,0.20830507576465607
subject_13:sample_0000811,13,811,0,1,0,0,1,0.6038274765014648,0.20913350582122803,0.5082275867462158,0.4000000059604645,0.40027981996536255,0,0,1,0.09556729346513748,0,1,0.09646451473236084,1,0,0.3506864905357361,1,0,0.25458186864852905,0,1,0.2026989609003067
subject_13:sample_0000812,13,812,0,1,0,0,1,0.608967661857605,0.21947267651557922,0.5096126794815063,0.4000000059604645,0.406273752450943,0,0,1,0.09444869309663773,0,1,0.09519006311893463,1,0,0.3579334020614624,1,0,0.25254207849502563,0,1,0.1998848021030426
subject_13:sample_0000813,13,813,0,1,0,0,1,0.6080342531204224,0.2176060676574707,0.5093117952346802,0.4000000059604645,0.40519189834594727,0,0,1,0.09495704621076584,0,1,0.09567833691835403,1,0,0.3570960462093353,1,0,0.25244519114494324,0,1,0.19982239603996277
subject_13:sample_0000814,13,814,0,1,0,0,1,0.6060804128646851,0.21368682384490967,0.5087351202964783,0.4000000059604645,0.40291640162467957,0,0,1,0.09559284895658493,0,1,0.09611386805772781,1,0,0.35469233989715576,1,0,0.25287824869155884,0,1,0.20072175562381744
subject_13:sample_0000815,13,815,0,1,0,0,1,0.6062949299812317,0.21413826942443848,0.508709192276001,0.4000000059604645,0.4031595289707184,0,0,1,0.09574641287326813,0,1,0.09612485021352768,1,0,0.3561749756336212,1,0,0.2516304850578308,0,1,0.2003222554922104
subject_13:sample_0000816,13,816,0,1,0,0,1,0.602637529373169,0.20679432153701782,0.5076912641525269,0.4000000059604645,0.39885368943214417,0,0,1,0.09681405127048492,0,1,0.09709993004798889,1,0,0.3516446650028229,1,0,0.25246670842170715,0,1,0.20197366178035736
subject_13:sample_0000817,13,817,3,3,1,3,1,0.999254047870636,0.9986721873283386,0.9952536225318909,1.0,0.9982932806015015,1,3,1,0.1976427584886551,3,1,0.1793653666973114,3,1,0.20603904128074646,3,1,0.17260633409023285,3,1,0.2443455457687378
subject_13:sample_0000818,13,818,3,3,1,3,1,0.9992539882659912,0.9986727833747864,0.9952529072761536,1.0,0.9982932209968567,1,3,1,0.1962115317583084,3,1,0.17957721650600433,3,1,0.20650863647460938,3,1,0.17255407571792603,3,1,0.24514760076999664
subject_13:sample_0000819,13,819,3,3,1,3,1,0.9992548227310181,0.9986745119094849,0.9952573776245117,1.0,0.9982950687408447,1,3,1,0.19551773369312286,3,1,0.17980608344078064,3,1,0.20660394430160522,3,1,0.17268763482570648,3,1,0.24538365006446838
subject_13:sample_0000820,13,820,3,3,1,3,1,0.9992551207542419,0.9986746311187744,0.9952599406242371,1.0,0.9982957243919373,1,3,1,0.1966417282819748,3,1,0.18019147217273712,3,1,0.20608262717723846,3,1,0.1726839691400528,3,1,0.24439923465251923
subject_13:sample_0000821,13,821,3,3,1,3,1,0.9992544054985046,0.998673141002655,0.9952564835548401,1.0,0.9982943534851074,1,3,1,0.19734123349189758,3,1,0.1804772913455963,3,1,0.2058350294828415,3,1,0.17262649536132812,3,1,0.2437189817428589
subject_13:sample_0000822,13,822,3,3,1,3,1,0.9992525577545166,0.9986692070960999,0.9952473044395447,1.0,0.9982905387878418,1,3,1,0.1990850567817688,3,1,0.18079473078250885,3,1,0.20522239804267883,3,1,0.1724468320608139,3,1,0.2424500435590744
subject_13:sample_0000823,13,823,3,3,1,3,1,0.999251127243042,0.9986661076545715,0.9952403903007507,1.0,0.9982876777648926,1,3,1,0.19978009164333344,3,1,0.18132427334785461,3,1,0.20462597906589508,3,1,0.17272083461284637,3,1,0.2415478229522705
subject_13:sample_0000824,13,824,3,3,1,3,1,0.9992493391036987,0.9986616969108582,0.9952321648597717,1.0,0.998284101486206,1,3,1,0.2011246383190155,3,1,0.1821373552083969,3,1,0.20327703654766083,3,1,0.17329759895801544,3,1,0.2401624172925949
subject_13:sample_0000825,13,825,3,3,1,3,1,0.9992477297782898,0.9986572861671448,0.9952254891395569,1.0,0.998280942440033,1,3,1,0.20187249779701233,3,1,0.18332813680171967,3,1,0.2013859748840332,3,1,0.1743689328432083,3,1,0.2390434890985489
subject_13:sample_0000826,13,826,3,3,1,3,1,0.9992467761039734,0.9986541867256165,0.9952222108840942,1.0,0.9982790946960449,1,3,1,0.20149968564510345,3,1,0.18465182185173035,3,1,0.1998719424009323,3,1,0.17601849138736725,3,1,0.23795703053474426
subject_13:sample_0000827,13,827,3,3,1,3,1,0.9992430806159973,0.9986464977264404,0.9952031970024109,1.0,0.9982714653015137,1,3,1,0.20137014985084534,3,1,0.18559105694293976,3,1,0.19878420233726501,3,1,0.1770336776971817,3,1,0.2372199147939682
subject_13:sample_0000828,13,828,3,3,1,3,1,0.9992372989654541,0.9986359477043152,0.9951720833778381,1.0,0.9982596039772034,1,3,1,0.2012641876935959,3,1,0.18651644885540009,3,1,0.1985643208026886,3,1,0.17749878764152527,3,1,0.23615527153015137
subject_13:sample_0000829,13,829,3,3,1,3,1,0.9992306232452393,0.9986239671707153,0.9951349496841431,1.0,0.9982456564903259,1,3,1,0.2013293355703354,3,1,0.1871909648180008,3,1,0.1986692100763321,3,1,0.17785324156284332,3,1,0.23495636880397797
subject_13:sample_0000830,13,830,3,3,1,3,1,0.9992234110832214,0.9986114501953125,0.9950953125953674,1.0,0.9982307553291321,1,3,1,0.2013426125049591,3,1,0.18756559491157532,3,1,0.19934573769569397,3,1,0.17801259458065033,3,1,0.23373256623744965
subject_13:sample_0000831,13,831,3,3,1,3,1,0.999216616153717,0.9985993504524231,0.9950581789016724,1.0,0.9982166886329651,1,3,1,0.20113277435302734,3,1,0.187694251537323,3,1,0.2000657320022583,3,1,0.17827890813350677,3,1,0.23282739520072937
subject_13:sample_0000832,13,832,3,3,1,3,1,0.9992075562477112,0.9985827803611755,0.9950084686279297,1.0,0.9981979131698608,1,3,1,0.2013370841741562,3,1,0.18733146786689758,3,1,0.200325146317482,3,1,0.17853079736232758,3,1,0.23247458040714264
subject_13:sample_0000833,13,833,3,3,1,3,1,0.9991987943649292,0.9985659718513489,0.994962751865387,1.0,0.9981799721717834,1,3,1,0.2010762095451355,3,1,0.18765118718147278,3,1,0.20003873109817505,3,1,0.17939896881580353,3,1,0.23183390498161316
subject_13:sample_0000834,13,834,3,3,1,3,1,0.9991919994354248,0.9985529780387878,0.9949268698692322,1.0,0.998166024684906,1,3,1,0.2010408192873001,3,1,0.18730567395687103,3,1,0.1999402493238449,3,1,0.18034140765666962,3,1,0.23137086629867554
subject_13:sample_0000835,13,835,3,3,1,3,1,0.9991855025291443,0.9985402226448059,0.9948915839195251,1.0,0.9981524348258972,1,3,1,0.20093633234500885,3,1,0.1871252954006195,3,1,0.19967132806777954,3,1,0.18159091472625732,3,1,0.23067526519298553
subject_13:sample_0000836,13,836,3,3,1,3,1,0.9991797208786011,0.9985294342041016,0.9948615431785583,1.0,0.9981406927108765,1,3,1,0.2011294960975647,3,1,0.18666648864746094,3,1,0.19950121641159058,3,1,0.1827934831380844,3,1,0.22990837693214417
subject_13:sample_0000837,13,837,3,3,1,3,1,0.9991739988327026,0.9985189437866211,0.9948303699493408,1.0,0.9981288909912109,1,3,1,0.2015988528728485,3,1,0.18623708188533783,3,1,0.19938483834266663,3,1,0.1838446706533432,3,1,0.22893363237380981
subject_13:sample_0000838,13,838,3,3,1,3,1,0.9991670250892639,0.9985066056251526,0.9947922229766846,1.0,0.9981144666671753,1,3,1,0.2021910846233368,3,1,0.18577100336551666,3,1,0.19933082163333893,3,1,0.18451733887195587,3,1,0.22818884253501892
subject_13:sample_0000839,13,839,3,3,1,3,1,0.9991551041603088,0.9984859228134155,0.9947276711463928,1.0,0.9980900883674622,1,3,1,0.20283180475234985,3,1,0.18577048182487488,3,1,0.1990545243024826,3,1,0.1846850961446762,3,1,0.22765710949897766
subject_13:sample_0000840,13,840,3,3,1,3,1,0.999144971370697,0.9984680414199829,0.9946725964546204,1.0,0.9980692863464355,1,3,1,0.20321419835090637,3,1,0.1857859194278717,3,1,0.19874003529548645,3,1,0.1849319487810135,3,1,0.2273268699645996
subject_13:sample_0000841,13,841,3,3,1,3,1,0.9991368055343628,0.9984531402587891,0.9946275353431702,1.0,0.9980522394180298,1,3,1,0.20310717821121216,3,1,0.185844287276268,3,1,0.19842024147510529,3,1,0.1852821707725525,3,1,0.22734518349170685
subject_13:sample_0000842,13,842,3,3,1,3,1,0.9991340637207031,0.9984472393989563,0.9946140646934509,1.0,0.9980466961860657,1,3,1,0.20273660123348236,3,1,0.18616876006126404,3,1,0.1979699581861496,3,1,0.18568283319473267,3,1,0.22744092345237732
subject_13:sample_0000843,13,843,3,3,1,3,1,0.9991323351860046,0.9984429478645325,0.9946066737174988,1.0,0.9980433583259583,1,3,1,0.2023468166589737,3,1,0.1865321695804596,3,1,0.1974816769361496,3,1,0.18621176481246948,3,1,0.22742655873298645
subject_13:sample_0000844,13,844,3,3,1,3,1,0.9991337060928345,0.9984440207481384,0.9946156740188599,1.0,0.9980462193489075,1,3,1,0.20190492272377014,3,1,0.1868187040090561,3,1,0.1970634162425995,3,1,0.1868439018726349,3,1,0.22736802697181702
subject_13:sample_0000845,13,845,3,3,1,3,1,0.9991363883018494,0.998447597026825,0.9946318864822388,1.0,0.9980518817901611,1,3,1,0.20146365463733673,3,1,0.18698875606060028,3,1,0.19663742184638977,3,1,0.1875234693288803,3,1,0.22738568484783173
subject_13:sample_0000846,13,846,3,3,1,3,1,0.9991422891616821,0.9984568953514099,0.9946652054786682,1.0,0.9980639219284058,1,3,1,0.2008058726787567,3,1,0.18715591728687286,3,1,0.1962895542383194,3,1,0.18831180036067963,3,1,0.2274358570575714
subject_13:sample_0000847,13,847,3,3,1,3,1,0.9991484880447388,0.9984667301177979,0.9946999549865723,1.0,0.9980766773223877,1,3,1,0.20010098814964294,3,1,0.18725740909576416,3,1,0.19603529572486877,3,1,0.18914607167243958,3,1,0.22745922207832336
subject_13:sample_0000848,13,848,3,3,1,3,1,0.999151885509491,0.9984722137451172,0.9947184920310974,1.0,0.9980835914611816,1,3,1,0.1995406448841095,3,1,0.18743334710597992,3,1,0.19555673003196716,3,1,0.18972812592983246,3,1,0.22774022817611694
subject_13:sample_0000849,13,849,3,3,1,3,1,0.999153733253479,0.998475193977356,0.9947289824485779,1.0,0.9980874061584473,1,3,1,0.19917050004005432,3,1,0.187508687376976,3,1,0.19526076316833496,3,1,0.19006842374801636,3,1,0.22799073159694672
subject_13:sample_0000850,13,850,3,3,1,3,1,0.9991551637649536,0.9984776973724365,0.9947367310523987,1.0,0.9980903267860413,1,3,1,0.1988281011581421,3,1,0.18756864964962006,3,1,0.1950303614139557,3,1,0.19041122496128082,3,1,0.22816073894500732
subject_02:sample_0000000,2,0,1,0,0,0,0,0.763489842414856,0.5315447449684143,0.5886690616607666,0.800000011920929,0.6611897349357605,0,0,0,0.14272338151931763,0,0,0.2710423767566681,0,0,0.1700552999973297,0,0,0.1294136792421341,1,1,0.2867642641067505
subject_02:sample_0000001,2,1,1,0,0,0,0,0.7660586833953857,0.5366356372833252,0.5910247564315796,0.800000011920929,0.6639865636825562,0,0,0,0.14337848126888275,0,0,0.27080222964286804,0,0,0.17056360840797424,0,0,0.1299164891242981,1,1,0.28533822298049927
subject_02:sample_0000002,2,2,1,0,0,0,0,0.7669362425804138,0.5384040474891663,0.5917514562606812,0.800000011920929,0.6649273633956909,0,0,0,0.143950954079628,0,0,0.269235223531723,0,0,0.17080608010292053,0,0,0.13041865825653076,1,1,0.2855881154537201
subject_02:sample_0000003,2,3,1,0,0,0,0,0.7657796144485474,0.5361706614494324,0.5905139446258545,0.800000011920929,0.6636387705802917,0,0,0,0.14488865435123444,0,0,0.2656913101673126,0,0,0.17087960243225098,0,0,0.13126902282238007,1,1,0.28727054595947266
subject_02:sample_0000004,2,4,1,0,0,0,0,0.7697347402572632,0.5440787672996521,0.5939876437187195,0.800000011920929,0.6679093837738037,0,0,0,0.14684584736824036,0,0,0.26006144285202026,0,0,0.1722826361656189,0,0,0.13307307660579681,1,1,0.28773608803749084
subject_02:sample_0000005,2,5,1,0,0,0,0,0.7748602628707886,0.5543310642242432,0.598573625087738,0.800000011920929,0.6734417080879211,0,0,0,0.1490306258201599,0,0,0.25289279222488403,0,0,0.1738215684890747,0,0,0.13518787920475006,1,1,0.2890661656856537
subject_02:sample_0000006,2,6,1,0,0,0,0,0.7797713875770569,0.564084529876709,0.6032702922821045,0.800000011920929,0.6787789463996887,0,0,0,0.15165922045707703,0,0,0.24530266225337982,0,0,0.1761394441127777,0,0,0.13781744241714478,1,1,0.28908026218414307
subject_02:sample_0000007,2,7,1,0,0,0,0,0.77741938829422,0.5593255758285522,0.6012610197067261,0.800000011920929,0.6762670874595642,0,0,0,0.15380772948265076,0,0,0.2401561141014099,0,0,0.17844748497009277,0,0,0.14013588428497314,1,1,0.287451833486557
subject_02:sample_0000008,2,8,1,0,0,0,0,0.7761421799659729,0.5566344261169434,0.6004883050918579,0.800000011920929,0.6749575734138489,0,0,0,0.15556301176548004,0,0,0.2362871766090393,0,0,0.18058598041534424,0,0,0.14233087003231049,1,1,0.2852320373058319
subject_02:sample_0000009,2,9,1,0,0,0,0,0.7800724506378174,0.5643333196640015,0.6045745611190796,0.800000011920929,0.6792859435081482,0,0,0,0.15724040567874908,0,0,0.23339688777923584,0,0,0.1824834942817688,0,0,0.14483164250850677,1,1,0.2820465862751007
subject_02:sample_0000010,2,10,1,0,0,0,0,0.7786158323287964,0.5611740350723267,0.603954553604126,0.800000011920929,0.6778424382209778,0,0,0,0.15867291390895844,0,0,0.23105454444885254,0,0,0.18510687351226807,0,0,0.1472465693950653,1,1,0.27791813015937805
subject_02:sample_0000011,2,11,1,0,0,0,0,0.7761944532394409,0.5559886693954468,0.602767288684845,0.800000011920929,0.6754123568534851,0,0,0,0.15995442867279053,0,0,0.22848358750343323,0,0,0.18782849609851837,0,0,0.14977259933948517,1,1,0.2739599049091339
subject_02:sample_0000012,2,12,1,0,0,0,0,0.7776190638542175,0.5584040880203247,0.6053973436355591,0.800000011920929,0.6771914958953857,0,0,0,0.1606350541114807,0,0,0.22883228957653046,0,0,0.190509632229805,0,0,0.15196429193019867,1,1,0.26805776357650757
subject_02:sample_0000013,2,13,1,0,0,0,0,0.7769948840141296,0.5567472577095032,0.6061209440231323,0.800000011920929,0.6767547726631165,0,0,0,0.16157588362693787,0,0,0.2287617325782776,0,0,0.19418703019618988,0,0,0.1546887457370758,1,1,0.26078569889068604
subject_02:sample_0000014,2,14,1,0,0,0,0,0.7761156558990479,0.55465167760849,0.6064258813858032,0.800000011920929,0.67601078748703,0,0,0,0.162270650267601,0,0,0.22994032502174377,0,0,0.19768573343753815,0,0,0.15695720911026,1,1,0.25314512848854065
subject_02:sample_0000015,2,15,1,0,0,0,0,0.770672082901001,0.5434591770172119,0.6026104688644409,0.800000011920929,0.6703333258628845,0,0,0,0.16282713413238525,0,0,0.232539564371109,0,0,0.2008466124534607,0,0,0.1588740348815918,1,1,0.24491170048713684
subject_02:sample_0000016,2,16,1,0,0,0,0,0.7722814083099365,0.5463852286338806,0.6050707101821899,0.800000011920929,0.6722683310508728,0,0,0,0.16326873004436493,0,0,0.2370053082704544,0,0,0.20349767804145813,0,0,0.16053663194179535,1,1,0.23569074273109436
subject_02:sample_0000017,2,17,1,0,0,0,0,0.7764715552330017,0.5545375943183899,0.6096518039703369,0.800000011920929,0.6769506931304932,0,0,0,0.16366133093833923,0,0,0.24139854311943054,0,0,0.20573224127292633,0,0,0.16129593551158905,1,1,0.22791101038455963
subject_02:sample_0000018,2,18,1,0,0,0,0,0.7825846076011658,0.5665704011917114,0.6159744262695312,0.800000011920929,0.6836903691291809,0,0,0,0.1640966683626175,0,0,0.24689124524593353,0,0,0.20808491110801697,0,0,0.16116663813591003,1,1,0.21975959837436676
subject_02:sample_0000019,2,19,1,0,0,0,0,0.7898988127708435,0.5810586214065552,0.623416006565094,0.800000011920929,0.6916953325271606,0,0,0,0.164369136095047,0,0,0.25473225116729736,0,0,0.20938557386398315,0,0,0.16002263128757477,1,1,0.2114894837141037
subject_02:sample_0000020,2,20,1,0,0,0,0,0.7973136305809021,0.5957889556884766,0.6310362815856934,0.800000011920929,0.699787974357605,0,0,0,0.1650327891111374,0,0,0.2639957070350647,0,0,0.20802731812000275,0,0,0.15930050611495972,1,1,0.20364274084568024
subject_02:sample_0000021,2,21,1,0,0,0,0,0.8032389879226685,0.6075758337974548,0.6372445821762085,0.800000011920929,0.7062530517578125,1,0,0,0.16677197813987732,0,0,0.269995778799057,0,0,0.2070140838623047,0,0,0.15876398980617523,1,1,0.19745320081710815
subject_02:sample_0000022,2,22,1,0,0,0,0,0.8092317581176758,0.619516909122467,0.643610417842865,0.800000011920929,0.7127870321273804,1,0,0,0.16988733410835266,0,0,0.27601158618927,0,0,0.20436584949493408,0,0,0.15844962000846863,1,1,0.191284641623497
subject_02:sample_0000023,2,23,1,0,0,0,0,0.8136725425720215,0.6283843517303467,0.6483650803565979,0.800000011920929,0.7176225781440735,1,0,0,0.17673993110656738,0,0,0.27436795830726624,0,0,0.20276615023612976,0,0,0.1594144105911255,1,1,0.1867106705904007
subject_02:sample_0000024,2,24,1,0,0,0,0,0.8146688938140869,0.6309394836425781,0.6474189758300781,0.800000011920929,0.7183085680007935,1,0,0,0.18828637897968292,0,0,0.2611820697784424,0,0,0.20358775556087494,0,0,0.16190160810947418,1,1,0.1850411295890808
subject_02:sample_0000025,2,25,1,0,0,0,0,0.7376673817634583,0.5535708665847778,0.46930480003356934,0.800000011920929,0.6257410645484924,0,0,0,0.20290149748325348,0,0,0.24058720469474792,0,0,0.2061881273984909,0,0,0.16510076820850372,1,1,0.1852213740348816
subject_02:sample_0000026,2,26,1,0,0,0,0,0.6043412089347839,0.39350953698158264,0.31832998991012573,0.6000000238418579,0.4616539776325226,0,0,0,0.2147430181503296,3,0,0.2237895280122757,0,0,0.20778526365756989,0,0,0.1677626371383667,1,1,0.1859186738729477
subject_02:sample_0000027,2,27,1,0,0,0,0,0.6021518707275391,0.3898838460445404,0.31661736965179443,0.6000000238418579,0.4595489799976349,0,0,0,0.22146739065647125,3,0,0.21396344900131226,0,0,0.2080637365579605,0,0,0.16975000500679016,1,1,0.18675443530082703
subject_02:sample_0000028,2,28,1,0,0,0,0,0.6078511476516724,0.4035065174102783,0.32083773612976074,0.6000000238418579,0.4661451280117035,0,0,0,0.2232999950647354,3,0,0.2034657895565033,0,0,0.2110304981470108,0,0,0.173148512840271,1,1,0.18905426561832428
subject_02:sample_0000029,2,29,1,0,0,0,0,0.4197051227092743,0.032499998807907104,0.24280381202697754,0.4000000059604645,0.19078129529953003,0,3,0,0.2155359983444214,3,0,0.19662009179592133,0,0,0.21579371392726898,0,0,0.17902085185050964,1,1,0.19302840530872345
subject_02:sample_0000030,2,30,1,0,0,0,0,0.40220069885253906,0.0010143518447875977,0.2404646873474121,0.4000000059604645,0.07914723455905914,0,3,0,0.21020229160785675,3,0,0.19192592799663544,0,0,0.21829858422279358,0,0,0.18358463048934937,1,1,0.19598764181137085
subject_02:sample_0000031,2,31,1,0,0,0,0,0.4071318805217743,0.014018446207046509,0.23887884616851807,0.4000000059604645,0.1528157740831375,0,3,0,0.2070995569229126,3,0,0.18823710083961487,0,0,0.2198273241519928,0,0,0.1871679574251175,1,1,0.19766713678836823
subject_02:sample_0000032,2,32,1,0,0,0,0,0.4125770330429077,0.031035959720611572,0.2360331416130066,0.4000000059604645,0.18646647036075592,0,3,0,0.20590521395206451,3,0,0.18177199363708496,0,0,0.2211591899394989,0,0,0.19133208692073822,1,1,0.1998305469751358
subject_02:sample_0000033,2,33,1,0,0,0,0,0.42023488879203796,0.054081857204437256,0.23304182291030884,0.4000000059604645,0.21454057097434998,0,3,0,0.20526447892189026,3,0,0.17229127883911133,0,0,0.22344720363616943,0,0,0.19673021137714386,1,1,0.2022659182548523
subject_02:sample_0000034,2,34,1,0,0,0,0,0.42594924569129944,0.07549819350242615,0.2296469807624817,0.4000000059604645,0.23313303291797638,0,3,0,0.20381349325180054,3,0,0.16726918518543243,0,0,0.2242448329925537,0,0,0.20165787637233734,1,1,0.20301364362239838
subject_02:sample_0000035,2,35,1,0,0,0,0,0.43218091130256653,0.10499775409698486,0.2249550223350525,0.4000000059604645,0.2527844309806824,0,3,0,0.20176245272159576,3,0,0.16205938160419464,0,0,0.2251136153936386,0,0,0.20702935755252838,1,1,0.20403431355953217
subject_02:sample_0000036,2,36,1,0,0,0,0,0.4391951858997345,0.1366388201713562,0.22117477655410767,0.4000000059604645,0.2699335217475891,0,3,0,0.19855041801929474,3,0,0.15579912066459656,0,0,0.22571319341659546,0,0,0.2134512960910797,1,1,0.2064850628376007
subject_02:sample_0000037,2,37,1,0,0,0,0,0.44347256422042847,0.1506100296974182,0.2185470461845398,0.4000000059604645,0.27642759680747986,0,3,0,0.19468584656715393,3,0,0.1532621532678604,0,0,0.22550466656684875,0,0,0.21794018149375916,1,1,0.20860624313354492
subject_02:sample_0000038,2,38,1,0,0,0,0,0.44714677333831787,0.15618029236793518,0.21574550867080688,0.4000000059604645,0.27862462401390076,0,3,0,0.1902918666601181,3,0,0.15294720232486725,0,0,0.22490477561950684,0,0,0.22221636772155762,1,1,0.20963884890079498
subject_02:sample_0000039,2,39,1,0,0,0,0,0.45079606771469116,0.16280415654182434,0.21155774593353271,0.4000000059604645,0.2807266116142273,0,3,0,0.18655447661876678,3,0,0.15213073790073395,0,0,0.22463290393352509,0,0,0.2261418253183365,1,1,0.21053902804851532
subject_02:sample_0000040,2,40,1,0,0,0,0,0.45264381170272827,0.16165292263031006,0.20834767818450928,0.4000000059604645,0.2794455885887146,0,3,0,0.1838662028312683,3,0,0.1521068960428238,0,0,0.2239699512720108,0,0,0.22865641117095947,1,1,0.21139958500862122
subject_02:sample_0000041,2,41,1,0,0,0,0,0.4526844918727875,0.15643197298049927,0.20893913507461548,0.4000000059604645,0.2773641049861908,0,3,0,0.18296098709106445,3,0,0.15282486379146576,0,0,0.22304756939411163,0,0,0.2296220064163208,1,1,0.21154358983039856
subject_02:sample_0000042,2,42,2,2,1,2,1,0.6398746967315674,0.4354991316795349,0.3508540391921997,0.6000000238418579,0.4921415448188782,0,2,1,0.19854623079299927,2,1,0.20672452449798584,2,1,0.22904357314109802,3,0,0.15249688923358917,1,0,0.21318784356117249
subject_02:sample_0000043,2,43,2,2,1,2,1,0.6404985785484314,0.4357513189315796,0.35156530141830444,0.6000000238418579,0.4925820231437683,0,2,1,0.1988234966993332,2,1,0.20663800835609436,2,1,0.2296096384525299,3,0,0.1515134572982788,1,0,0.21341438591480255
subject_02:sample_0000044,2,44,2,2,1,2,1,0.6411278247833252,0.4356182813644409,0.352369487285614,0.6000000238418579,0.4929468333721161,0,2,1,0.1991576850414276,2,1,0.20616811513900757,2,1,0.2306137979030609,3,0,0.1500588059425354,1,0,0.2140006422996521
subject_02:sample_0000045,2,45,2,2,1,2,1,0.6413734555244446,0.4351860582828522,0.3527686595916748,0.6000000238418579,0.4930112659931183,0,2,1,0.19946260750293732,2,1,0.2053852528333664,2,1,0.23144589364528656,3,0,0.14903143048286438,1,0,0.21467383205890656
subject_02:sample_0000046,2,46,2,2,1,2,1,0.640897274017334,0.4333750009536743,0.35257065296173096,0.6000000238418579,0.4923369586467743,0,2,1,0.19996576011180878,2,1,0.20427624881267548,2,1,0.23231345415115356,3,0,0.14828474819660187,1,0,0.21515882015228271
subject_02:sample_0000047,2,47,2,2,1,2,1,0.6398683786392212,0.43074676394462585,0.3518691062927246,0.6000000238418579,0.4911467730998993,0,2,1,0.2001914381980896,2,1,0.20327350497245789,2,1,0.23328883945941925,3,0,0.14790335297584534,1,0,0.21534192562103271
subject_02:sample_0000048,2,48,2,2,1,2,1,0.6377720832824707,0.4263640344142914,0.3502345085144043,0.6000000238418579,0.4889214038848877,0,2,1,0.20073722302913666,2,1,0.20175707340240479,2,1,0.2343541979789734,3,0,0.14771169424057007,1,0,0.2154388576745987
subject_02:sample_0000049,2,49,2,2,1,2,1,0.6331207752227783,0.41940462589263916,0.34599190950393677,0.6000000238418579,0.48454514145851135,0,2,1,0.2021784484386444,2,1,0.1991274505853653,2,1,0.23563867807388306,3,0,0.14822258055210114,1,0,0.21483184397220612
subject_02:sample_0000050,2,50,2,2,1,2,1,0.6235744953155518,0.4094197154045105,0.33656245470046997,0.6000000238418579,0.47650614380836487,0,2,1,0.20453500747680664,2,1,0.19634051620960236,2,1,0.23666982352733612,3,0,0.14950576424598694,1,0,0.21294793486595154
subject_02:sample_0000051,2,51,2,2,1,2,1,0.5917487144470215,0.3733603358268738,0.30870920419692993,0.6000000238418579,0.44977107644081116,0,2,1,0.211602583527565,2,1,0.19321167469024658,2,1,0.2369028776884079,3,0,0.15068838000297546,1,0,0.20759344100952148
subject_02:sample_0000052,2,52,2,2,1,2,1,0.44554704427719116,0.1100262701511383,0.23584115505218506,0.4000000059604645,0.2607758939266205,0,1,0,0.21843525767326355,2,1,0.192526176571846,2,1,0.23739255964756012,3,0,0.15272627770900726,1,0,0.19891873002052307
subject_02:sample_0000053,2,53,2,1,0,2,1,0.3898380398750305,0.0041356682777404785,0.22799170017242432,0.4000000059604645,0.11011646687984467,0,1,0,0.21865472197532654,2,1,0.19386491179466248,2,1,0.23778831958770752,3,0,0.15505026280879974,1,0,0.19464080035686493
subject_02:sample_0000054,2,54,2,1,0,2,1,0.3997212052345276,0.031176984310150146,0.2256770133972168,0.4000000059604645,0.1831406205892563,0,1,0,0.21630550920963287,2,1,0.19588647782802582,2,1,0.23888640105724335,3,0,0.15801529586315155,1,0,0.1909053474664688
subject_02:sample_0000055,2,55,2,1,0,2,1,0.3983364999294281,0.026753991842269897,0.22617065906524658,0.4000000059604645,0.17621129751205444,0,1,0,0.2134992778301239,2,1,0.19838351011276245,2,1,0.23924435675144196,3,0,0.16056087613105774,1,0,0.18831095099449158
subject_02:sample_0000056,2,56,2,1,0,2,1,0.3946313261985779,0.018411368131637573,0.22634702920913696,0.4000000059604645,0.1601504385471344,0,1,0,0.2098921686410904,2,1,0.20134352147579193,2,1,0.23951520025730133,3,0,0.16303026676177979,1,0,0.18621785938739777
subject_02:sample_0000057,2,57,2,1,0,2,1,0.38747867941856384,0.002343803644180298,0.22686833143234253,0.4000000059604645,0.09527978301048279,0,1,0,0.20389853417873383,2,1,0.20575352013111115,2,1,0.2401336133480072,3,0,0.16680920124053955,1,0,0.18340417742729187
subject_02:sample_0000058,2,58,2,2,1,2,1,0.3904171884059906,0.012697398662567139,0.2252759337425232,0.4000000059604645,0.1453799605369568,0,1,0,0.19572000205516815,2,1,0.2107364535331726,2,1,0.24199612438678741,3,0,0.17110106348991394,1,0,0.1804453432559967
subject_02:sample_0000059,2,59,2,2,1,2,1,0.3950592875480652,0.02943652868270874,0.22300958633422852,0.4000000059604645,0.1794663965702057,0,1,0,0.18572109937667847,2,1,0.21647153794765472,2,1,0.24432653188705444,3,0,0.1760646104812622,1,0,0.17741522192955017
subject_02:sample_0000060,2,60,2,2,1,2,1,0.4027884900569916,0.04110577702522278,0.22469991445541382,0.4000000059604645,0.1964087039232254,0,1,0,0.1824316531419754,2,1,0.21954157948493958,2,1,0.24293605983257294,3,0,0.1786108762025833,1,0,0.17647889256477356
subject_02:sample_0000061,2,61,2,2,1,2,1,0.40829136967658997,0.04675289988517761,0.22686457633972168,0.4000000059604645,0.20400996506214142,0,1,0,0.18210060894489288,2,1,0.22108133137226105,2,1,0.2400766909122467,3,0,0.18010416626930237,1,0,0.1766362488269806
subject_02:sample_0000062,2,62,2,2,1,2,1,0.4101278483867645,0.05037817358970642,0.2270491123199463,0.4000000059604645,0.208130344748497,0,1,0,0.18065626919269562,2,1,0.22222502529621124,2,1,0.23934628069400787,3,0,0.18154896795749664,1,0,0.17622242867946625
subject_02:sample_0000063,2,63,2,2,1,2,1,0.4109123647212982,0.052171796560287476,0.22705143690109253,0.4000000059604645,0.2100595086812973,0,1,0,0.17993532121181488,2,1,0.2226497232913971,2,1,0.23943983018398285,3,0,0.18200525641441345,1,0,0.17596888542175293
subject_02:sample_0000064,2,64,2,2,1,2,1,0.4088238775730133,0.05178365111351013,0.22566324472427368,0.4000000059604645,0.20907996594905853,0,1,0,0.1785639077425003,2,1,0.22315864264965057,2,1,0.2401159703731537,3,0,0.18268831074237823,1,0,0.17547224462032318
subject_02:sample_0000065,2,65,3,2,0,2,0,0.618066668510437,0.2370564043521881,0.5156217813491821,0.6000000238418579,0.46141570806503296,0,1,0,0.21358931064605713,1,0,0.20314255356788635,2,0,0.2173607349395752,2,0,0.17446115612983704,2,0,0.19144529104232788
subject_02:sample_0000066,2,66,3,2,0,2,0,0.6314799785614014,0.26386865973472595,0.5206414461135864,0.6000000238418579,0.4776494801044464,0,1,0,0.2144923061132431,1,0,0.20399229228496552,2,0,0.2161681354045868,2,0,0.17425867915153503,2,0,0.19108760356903076
subject_02:sample_0000067,2,67,3,2,0,2,0,0.639386773109436,0.2796613872051239,0.5239147543907166,0.6000000238418579,0.4869137108325958,0,1,0,0.215117409825325,1,0,0.20441916584968567,2,0,0.2149311602115631,2,0,0.17437155544757843,2,0,0.19115976989269257
subject_02:sample_0000068,2,68,3,2,0,2,0,0.6569029688835144,0.314694344997406,0.5316635966300964,0.6000000238418579,0.5067510008811951,0,1,0,0.21595196425914764,1,0,0.20477068424224854,2,0,0.21395322680473328,2,0,0.17468784749507904,2,0,0.19063535332679749
subject_02:sample_0000069,2,69,3,2,0,2,0,0.694666862487793,0.3902038037776947,0.5518355369567871,0.800000011920929,0.588155210018158,0,2,0,0.21700718998908997,1,0,0.20575879514217377,2,0,0.21278996765613556,2,0,0.1747695803642273,2,0,0.18967340886592865
subject_02:sample_0000070,2,70,3,2,0,2,0,0.7439975738525391,0.4887954890727997,0.5857632160186768,0.800000011920929,0.6425067782402039,0,2,0,0.21809698641300201,1,0,0.2073187232017517,2,0,0.21083593368530273,2,0,0.17501232028007507,2,0,0.18873506784439087
subject_02:sample_0000071,2,71,3,2,0,2,0,0.780823826789856,0.5623445510864258,0.6172729730606079,0.800000011920929,0.6823869347572327,0,2,0,0.2194737195968628,1,0,0.21004879474639893,2,0,0.20756082236766815,2,0,0.17528197169303894,2,0,0.18763376772403717
subject_02:sample_0000072,2,72,3,2,0,2,0,0.7871444225311279,0.5749808549880981,0.6231849193572998,0.800000011920929,0.6892133355140686,0,2,0,0.22026462852954865,1,0,0.2132149189710617,2,0,0.20372091233730316,2,0,0.17603541910648346,2,0,0.18676309287548065
subject_02:sample_0000073,2,73,3,2,0,2,0,0.7894497513771057,0.5796841979026794,0.6249980926513672,0.800000011920929,0.691625714302063,0,2,0,0.22046390175819397,1,0,0.2156243920326233,2,0,0.20033887028694153,2,0,0.17722566425800323,2,0,0.18634623289108276
subject_02:sample_0000074,2,74,3,2,0,2,0,0.7985179424285889,0.5979756712913513,0.6332389116287231,0.800000011920929,0.7013041377067566,1,2,0,0.22032414376735687,1,0,0.21759633719921112,2,0,0.197905495762825,2,0,0.17783690989017487,2,0,0.18633610010147095
subject_02:sample_0000075,2,75,3,2,0,2,0,0.8243258595466614,0.6497410535812378,0.659956693649292,0.800000011920929,0.7292242646217346,1,2,0,0.2196166068315506,1,0,0.21963636577129364,2,0,0.19657795131206512,2,0,0.17743733525276184,2,0,0.18673075735569
subject_02:sample_0000076,2,76,3,2,0,2,0,0.9299047589302063,0.8606840968132019,0.8134628534317017,1.0,0.898266077041626,1,2,0,0.21855099499225616,2,0,0.22254323959350586,2,0,0.1956454962491989,2,0,0.17610591650009155,2,0,0.1871534287929535
subject_02:sample_0000077,2,77,3,2,0,2,0,0.9874022603034973,0.9751782417297363,0.9500017762184143,1.0,0.97797030210495,1,2,0,0.21727178990840912,2,0,0.22566382586956024,2,0,0.19516216218471527,2,0,0.1742163896560669,2,0,0.18768486380577087
subject_02:sample_0000078,2,78,3,2,0,2,0,0.9970571994781494,0.9943017363548279,0.9850002527236938,1.0,0.9940738677978516,1,2,0,0.21576432883739471,2,0,0.22981014847755432,2,0,0.1948472410440445,2,0,0.17182379961013794,2,0,0.1877535730600357
subject_02:sample_0000079,2,79,3,2,0,2,0,0.9987848997116089,0.997695803642273,0.992943525314331,1.0,0.9973524212837219,1,2,0,0.21404576301574707,2,0,0.23410582542419434,2,0,0.19460590183734894,2,0,0.16981278359889984,2,0,0.1874287724494934
subject_02:sample_0000080,2,80,3,2,0,2,0,0.9991465210914612,0.9983999729156494,0.9947981238365173,1.0,0.9980841279029846,1,2,0,0.21300719678401947,2,0,0.23674912750720978,2,0,0.19451335072517395,2,0,0.16857285797595978,2,0,0.1871565282344818
subject_02:sample_0000081,2,81,3,2,0,2,0,0.9992543458938599,0.9986088275909424,0.9953732490539551,1.0,0.9983075261116028,1,2,0,0.2122780829668045,2,0,0.23885658383369446,2,0,0.19445833563804626,2,0,0.16782791912555695,2,0,0.18657810986042023
subject_02:sample_0000082,2,82,3,2,0,2,0,0.9993435740470886,0.9987812638282776,0.9958582520484924,1.0,0.9984945058822632,1,2,0,0.211458221077919,2,0,0.2406308799982071,2,0,0.19449687004089355,2,0,0.1675046980381012,2,0,0.18590830266475677
subject_02:sample_0000083,2,83,3,2,0,2,0,0.999402642250061,0.9988951683044434,0.9961845874786377,1.0,0.998619556427002,1,2,0,0.2110390067100525,2,0,0.24250224232673645,2,0,0.19456467032432556,2,0,0.16707633435726166,2,0,0.18481677770614624
subject_02:sample_0000084,2,84,3,2,0,2,0,0.9994502067565918,0.9989861249923706,0.9964510202407837,1.0,0.9987210035324097,1,2,0,0.21064046025276184,2,0,0.2442883402109146,2,0,0.19467361271381378,2,0,0.1667727530002594,2,0,0.18362392485141754
subject_02:sample_0000085,2,85,3,2,0,2,0,0.9994770884513855,0.9990370869636536,0.9966047406196594,1.0,0.9987788796424866,1,2,0,0.2103174775838852,2,0,0.2458343803882599,2,0,0.19470228254795074,2,0,0.1665336936712265,2,0,0.18261119723320007
subject_02:sample_0000086,2,86,3,2,0,2,0,0.9995065331459045,0.9990928173065186,0.9967728853225708,1.0,0.9988422989845276,1,2,0,0.20971015095710754,2,0,0.24698273837566376,2,0,0.19477547705173492,2,0,0.16658154129981995,2,0,0.18194912374019623
subject_02:sample_0000087,2,87,3,2,0,2,0,0.9995182156562805,0.9991145730018616,0.9968398213386536,1.0,0.9988674521446228,1,2,0,0.20907509326934814,2,0,0.2479887306690216,2,0,0.1947956532239914,2,0,0.16666288673877716,2,0,0.1814766675233841
subject_02:sample_0000088,2,88,3,2,0,2,0,0.9995275735855103,0.9991321563720703,0.9968945980072021,1.0,0.998887836933136,1,2,0,0.20848572254180908,2,0,0.2485535889863968,2,0,0.19472263753414154,2,0,0.16697505116462708,2,0,0.1812620609998703
subject_02:sample_0000089,2,89,3,2,0,2,0,0.9995487928390503,0.9991722106933594,0.9970180988311768,1.0,0.9989340901374817,1,2,0,0.20814242959022522,2,0,0.24899674952030182,2,0,0.1947854608297348,2,0,0.1672322005033493,2,0,0.18084219098091125
subject_02:sample_0000090,2,90,3,2,0,2,0,0.9995610117912292,0.9991948008537292,0.9970895051956177,1.0,0.9989606738090515,1,2,0,0.20799587666988373,2,0,0.24961914122104645,2,0,0.19463703036308289,2,0,0.16744640469551086,2,0,0.1803005486726761
subject_02:sample_0000091,2,91,3,2,0,2,0,0.9995598196983337,0.9991922974586487,0.9970828890800476,1.0,0.9989580512046814,1,2,0,0.2085028886795044,2,0,0.2507261037826538,2,0,0.19392123818397522,2,0,0.16732285916805267,2,0,0.17952601611614227
subject_02:sample_0000092,2,92,3,2,0,2,0,0.9995639324188232,0.9991995692253113,0.9971067905426025,1.0,0.9989669919013977,1,2,0,0.20899248123168945,2,0,0.25141626596450806,2,0,0.19335472583770752,2,0,0.16731469333171844,2,0,0.1789208948612213
subject_02:sample_0000093,2,93,3,2,0,2,0,0.9995666146278381,0.9992045760154724,0.9971232414245605,1.0,0.99897301197052,1,2,0,0.20944201946258545,2,0,0.25155410170555115,2,0,0.19289149343967438,2,0,0.1675315946340561,2,0,0.17857985198497772
subject_02:sample_0000094,2,94,3,2,0,2,0,0.9995710849761963,0.9992128014564514,0.9971492290496826,1.0,0.9989826679229736,1,2,0,0.21006739139556885,2,0,0.2514897286891937,2,0,0.19261988997459412,2,0,0.16773490607738495,2,0,0.17808715999126434
subject_02:sample_0000095,2,95,3,2,0,2,0,0.9995710849761963,0.9992126226425171,0.9971491694450378,1.0,0.9989826679229736,1,2,0,0.2105991691350937,2,0,0.2507619261741638,2,0,0.1924358755350113,2,0,0.1682075709104538,2,0,0.17799459397792816
subject_02:sample_0000096,2,96,3,2,0,2,0,0.9995608329772949,0.9991933703422546,0.9970898628234863,1.0,0.9989604353904724,1,2,0,0.21073155105113983,2,0,0.2500298321247101,2,0,0.19216927886009216,2,0,0.16884247958660126,2,0,0.17822588980197906
subject_02:sample_0000097,2,97,3,2,0,2,0,0.9995443820953369,0.9991621971130371,0.9969943761825562,1.0,0.9989245533943176,1,2,0,0.2104913741350174,2,0,0.2499939501285553,2,0,0.19182617962360382,2,0,0.16932903230190277,2,0,0.1783585101366043
subject_02:sample_0000098,2,98,3,2,0,2,0,0.9995133876800537,0.9991028308868408,0.9968158006668091,1.0,0.998857319355011,1,2,0,0.21023860573768616,2,0,0.24996018409729004,2,0,0.1914272904396057,2,0,0.16992314159870148,2,0,0.17844989895820618
subject_02:sample_0000099,2,99,3,2,0,2,0,0.9994615316390991,0.9990028738975525,0.996521532535553,1.0,0.9987456202507019,1,2,0,0.2102510929107666,2,0,0.24897204339504242,2,0,0.19125574827194214,2,0,0.1706666797399521,2,0,0.17885349690914154
subject_02:sample_0000100,2,100,3,2,0,2,0,0.999392569065094,0.9988689422607422,0.9961373209953308,1.0,0.9985986351966858,1,2,0,0.21037474274635315,2,0,0.2475471943616867,2,0,0.19130529463291168,2,0,0.17145822942256927,2,0,0.1793135553598404
subject_02:sample_0000101,2,101,3,2,0,2,0,0.99925696849823,0.9986051917076111,0.9953998327255249,1.0,0.9983139634132385,1,2,0,0.21078942716121674,2,0,0.2453537881374359,2,0,0.19139595329761505,2,0,0.17256981134414673,2,0,0.17989003658294678
subject_02:sample_0000102,2,102,3,2,0,2,0,0.9988420605659485,0.9977948069572449,0.9932503700256348,1.0,0.9974685311317444,1,2,0,0.21172434091567993,2,0,0.24136203527450562,2,0,0.19176563620567322,2,0,0.17409628629684448,2,0,0.18105070292949677
subject_02:sample_0000103,2,103,3,2,0,2,0,0.9969031810760498,0.9939777255058289,0.9843814373016357,1.0,0.9937983751296997,1,2,0,0.21319691836833954,2,0,0.23463048040866852,2,0,0.19281619787216187,2,0,0.17637991905212402,2,0,0.18297559022903442
subject_02:sample_0000104,2,104,3,2,0,2,0,0.9803034067153931,0.9610344767570496,0.9286416172981262,1.0,0.9671345949172974,1,2,0,0.21547305583953857,2,0,0.22671832144260406,2,0,0.19426898658275604,2,0,0.17871205508708954,2,0,0.18482659757137299
subject_02:sample_0000105,2,105,3,2,0,2,0,0.8715019822120667,0.74411940574646,0.7187220454216003,0.800000011920929,0.781430721282959,1,2,0,0.21709801256656647,1,0,0.22162263095378876,2,0,0.19521388411521912,2,0,0.18028686940670013,2,0,0.18577763438224792
subject_02:sample_0000106,2,106,3,2,0,2,0,0.7970683574676514,0.5952441692352295,0.6311593055725098,0.800000011920929,0.6996082663536072,0,2,0,0.2184503674507141,1,0,0.21821029484272003,2,0,0.19588260352611542,2,0,0.18121707439422607,2,0,0.18623872101306915
subject_02:sample_0000107,2,107,3,2,0,2,0,0.7881505489349365,0.5772420167922974,0.6231399774551392,0.800000011920929,0.6900978684425354,0,2,0,0.22045882046222687,1,0,0.21517689526081085,2,0,0.19646112620830536,2,0,0.18148142099380493,2,0,0.18642070889472961
subject_02:sample_0000108,2,108,3,2,0,2,0,0.7886011004447937,0.5780730247497559,0.62384432554245,0.800000011920929,0.6906396746635437,0,2,0,0.22257250547409058,1,0,0.21256180107593536,2,0,0.19709673523902893,2,0,0.18113607168197632,2,0,0.1866319477558136
subject_02:sample_0000109,2,109,3,2,0,2,0,0.7902256846427917,0.5812960267066956,0.6255017518997192,0.800000011920929,0.6924154758453369,0,2,0,0.22397500276565552,1,0,0.21020866930484772,2,0,0.19811773300170898,2,0,0.18037274479866028,2,0,0.1873249113559723
subject_02:sample_0000110,2,110,3,2,0,2,0,0.7912329435348511,0.5833225250244141,0.6264235973358154,0.800000011920929,0.6934941411018372,0,2,0,0.22405077517032623,1,0,0.20880554616451263,2,0,0.1989845633506775,2,0,0.17995822429656982,2,0,0.1881999373435974
subject_02:sample_0000111,2,111,3,2,0,2,0,0.7924874424934387,0.5858381986618042,0.6276097893714905,0.800000011920929,0.694844126701355,0,2,0,0.223577618598938,1,0,0.20692110061645508,2,0,0.20005443692207336,2,0,0.1798074096441269,2,0,0.18963849544525146
subject_02:sample_0000112,2,112,3,2,0,2,0,0.7927538156509399,0.5863912105560303,0.6277880668640137,0.800000011920929,0.695115864276886,0,2,0,0.2228778749704361,1,0,0.20589753985404968,2,0,0.2007462978363037,2,0,0.17983902990818024,2,0,0.19063831865787506
subject_02:sample_0000113,2,113,3,2,0,2,0,0.7925760746002197,0.5860570669174194,0.6275316476821899,0.800000011920929,0.6949069499969482,0,2,0,0.2226654440164566,1,0,0.20517154037952423,2,0,0.2010687291622162,2,0,0.17993509769439697,2,0,0.191158264875412
subject_02:sample_0000114,2,114,0,1,0,1,0,0.8161529302597046,0.63470858335495,0.6459911465644836,0.800000011920929,0.7193092107772827,1,0,1,0.18142777681350708,1,0,0.2069748044013977,1,0,0.21150554716587067,1,0,0.1984991878271103,1,0,0.20159178972244263
subject_02:sample_0000115,2,115,0,1,0,1,0,0.8147926330566406,0.6319777965545654,0.6445528268814087,0.800000011920929,0.7178345322608948,1,0,1,0.182798370718956,1,0,0.20675665140151978,1,0,0.21103857457637787,1,0,0.1981908082962036,1,0,0.20121461153030396
subject_02:sample_0000116,2,116,0,1,0,1,0,0.8122894763946533,0.6269512176513672,0.6419346332550049,0.800000011920929,0.7151240110397339,1,0,1,0.18532198667526245,1,0,0.2062702775001526,1,0,0.21010176837444305,1,0,0.19770795106887817,1,0,0.20059701800346375
subject_02:sample_0000117,2,117,0,1,0,1,0,0.8076198101043701,0.6175833940505981,0.6371013522148132,0.800000011920929,0.7100685238838196,1,0,1,0.1900203675031662,1,0,0.2052118480205536,1,0,0.20848888158798218,1,0,0.19683575630187988,1,0,0.19944222271442413
subject_02:sample_0000118,2,118,0,1,0,1,0,0.8014349937438965,0.605169415473938,0.6308810710906982,0.800000011920929,0.7033892273902893,1,0,1,0.19624990224838257,1,0,0.20384278893470764,1,0,0.2063676118850708,1,0,0.19564425945281982,1,0,0.19789445400238037
subject_02:sample_0000119,2,119,0,1,0,1,0,0.7933599948883057,0.5889763832092285,0.6229783296585083,0.800000011920929,0.6946766972541809,0,0,1,0.204368457198143,1,0,0.20203560590744019,1,0,0.20356258749961853,1,0,0.19412167370319366,1,0,0.19591070711612701
subject_02:sample_0000120,2,120,0,1,0,1,0,0.7833268642425537,0.5688585638999939,0.6135597229003906,0.800000011920929,0.6838699579238892,0,0,1,0.21445369720458984,1,0,0.19964352250099182,1,0,0.20025742053985596,1,0,0.19221186637878418,1,0,0.19343248009681702
subject_02:sample_0000121,2,121,0,1,0,1,0,0.7759116291999817,0.5539964437484741,0.6068578958511353,0.800000011920929,0.6758869290351868,0,0,1,0.22190098464488983,1,0,0.1977883130311966,1,0,0.19783785939216614,1,0,0.1908356100320816,1,0,0.19163627922534943
subject_02:sample_0000122,2,122,0,1,0,1,0,0.7654286623001099,0.5329873561859131,0.5977722406387329,0.800000011920929,0.6646022796630859,0,0,1,0.23242774605751038,1,0,0.1953851729631424,1,0,0.1943211853504181,1,0,0.18891964852809906,1,0,0.18894529342651367
subject_02:sample_0000123,2,123,0,1,0,1,0,0.7499919533729553,0.5020512342453003,0.5852022767066956,0.800000011920929,0.6479629278182983,0,0,1,0.24792826175689697,1,0,0.19179794192314148,1,0,0.1894378811120987,1,0,0.1858757883310318,1,0,0.18495921790599823
subject_02:sample_0000124,2,124,0,1,0,1,0,0.7281926274299622,0.45836135745048523,0.5690360069274902,0.800000011920929,0.624339759349823,0,0,1,0.26982125639915466,1,0,0.18680401146411896,1,0,0.1826786994934082,1,0,0.1814575344324112,1,0,0.179237499833107
subject_02:sample_0000125,2,125,0,1,0,1,0,0.7007370591163635,0.40334004163742065,0.5511444807052612,0.800000011920929,0.594149112701416,0,0,1,0.29743093252182007,1,0,0.18018069863319397,1,0,0.17466428875923157,1,0,0.17559075355529785,1,0,0.17213235795497894
subject_02:sample_0000126,2,126,0,1,0,1,0,0.9649402499198914,0.933466911315918,0.8803872466087341,1.0,0.9436658620834351,1,1,0,0.30873051285743713,1,0,0.17753997445106506,1,0,0.17112532258033752,1,0,0.17338845133781433,1,0,0.16921474039554596
subject_02:sample_0000127,2,127,0,1,0,1,0,0.9972931742668152,0.9953819513320923,0.9852472543716431,1.0,0.9944648742675781,1,1,0,0.2913840115070343,1,0,0.18219181895256042,1,0,0.174791619181633,1,0,0.17816154658794403,1,0,0.17347006499767303
subject_02:sample_0000128,2,128,0,1,0,1,0,0.9973689317703247,0.9953680634498596,0.9857422113418579,1.0,0.9946051836013794,1,1,0,0.26213493943214417,1,0,0.19001132249832153,1,0,0.18119701743125916,1,0,0.1858818084001541,1,0,0.18077389895915985
subject_02:sample_0000129,2,129,0,1,0,1,0,0.997391939163208,0.9953657388687134,0.9858906865119934,1.0,0.9946478605270386,1,1,0,0.238123819231987,1,0,0.19604946672916412,1,0,0.18681111931800842,1,0,0.19201891124248505,1,0,0.1869957000017166
subject_02:sample_0000130,2,130,0,1,0,1,0,0.997418224811554,0.9953984022140503,0.9860284328460693,1.0,0.9946972131729126,1,1,0,0.22285057604312897,1,0,0.1996764987707138,1,0,0.19053713977336884,1,0,0.19577232003211975,1,0,0.19116243720054626
subject_02:sample_0000131,2,131,0,1,0,1,0,0.9974358081817627,0.9954236745834351,0.9861164689064026,1.0,0.9947301745414734,1,1,0,0.21455174684524536,1,0,0.20168566703796387,1,0,0.1927182972431183,1,0,0.19775758683681488,1,0,0.19328579306602478
subject_02:sample_0000132,2,132,0,1,0,1,0,0.9974496364593506,0.9954503774642944,0.9861806631088257,1.0,0.9947565197944641,1,1,0,0.20935529470443726,1,0,0.20275014638900757,1,0,0.1947333812713623,1,0,0.19883044064044952,1,0,0.19432981312274933
subject_02:sample_0000133,2,133,0,1,0,1,0,0.9974579811096191,0.9954720735549927,0.9862144589424133,1.0,0.9947724938392639,1,1,0,0.20581674575805664,1,0,0.20325778424739838,1,0,0.19678963720798492,1,0,0.19937734305858612,1,0,0.19475755095481873
subject_02:sample_0000134,2,134,0,1,0,1,0,0.9974588751792908,0.9954803586006165,0.9862133264541626,1.0,0.9947745203971863,1,1,0,0.20406770706176758,1,0,0.2031823694705963,1,0,0.1983133852481842,1,0,0.19958184659481049,1,0,0.1948537677526474
subject_02:sample_0000135,2,135,0,1,0,1,0,0.9974507093429565,0.9954724907875061,0.9861712455749512,1.0,0.9947598576545715,1,1,0,0.20318599045276642,1,0,0.20293273031711578,1,0,0.19947727024555206,1,0,0.19954347610473633,1,0,0.19485953450202942
subject_02:sample_0000136,2,136,0,1,0,1,0,0.9974435567855835,0.9954635500907898,0.9861350059509277,1.0,0.9947466850280762,1,1,0,0.20231899619102478,1,0,0.20300595462322235,1,0,0.20022210478782654,1,0,0.19983834028244019,1,0,0.19461359083652496
subject_02:sample_0000137,2,137,0,1,0,1,0,0.9974431991577148,0.9954614043235779,0.9861339926719666,1.0,0.9947458505630493,1,1,0,0.20135155320167542,1,0,0.20351772010326385,1,0,0.20044037699699402,1,0,0.20043228566646576,1,0,0.1942572146654129
subject_02:sample_0000138,2,138,0,1,0,1,0,0.9974414110183716,0.9954599738121033,0.9861252307891846,1.0,0.9947428107261658,1,1,0,0.20083576440811157,1,0,0.20367620885372162,1,0,0.20063456892967224,1,0,0.2007138431072235,1,0,0.19413863122463226
subject_02:sample_0000139,2,139,0,1,0,1,0,0.9974328279495239,0.9954528212547302,0.9860782027244568,1.0,0.9947270154953003,1,1,0,0.20120050013065338,1,0,0.20321039855480194,1,0,0.20088712871074677,1,0,0.20025214552879333,1,0,0.19444890320301056
subject_02:sample_0000140,2,140,0,1,0,1,0,0.9974188208580017,0.9954343438148499,0.9860080480575562,1.0,0.9947012066841125,1,1,0,0.2020624428987503,1,0,0.20273996889591217,1,0,0.20047108829021454,1,0,0.19937734305858612,1,0,0.19534818828105927
subject_02:sample_0000141,2,141,0,1,0,1,0,0.9973886013031006,0.9953888654708862,0.9858605265617371,1.0,0.9946451783180237,1,1,0,0.20349277555942535,1,0,0.20173490047454834,1,0,0.19899387657642365,1,0,0.19827106595039368,1,0,0.19750641286373138
subject_02:sample_0000142,2,142,0,1,0,1,0,0.9973616600036621,0.9953466057777405,0.985730767250061,1.0,0.9945951700210571,1,1,0,0.20472678542137146,1,0,0.2009834200143814,1,0,0.19681799411773682,1,0,0.197539821267128,1,0,0.19993096590042114
subject_02:sample_0000143,2,143,0,1,0,1,0,0.9973552227020264,0.9953387975692749,0.9856973886489868,1.0,0.9945831298828125,1,1,0,0.2050914466381073,1,0,0.2004658430814743,1,0,0.19607971608638763,1,0,0.19711880385875702,1,0,0.20124325156211853
subject_02:sample_0000144,2,144,0,1,0,1,0,0.9973510503768921,0.9953378438949585,0.9856722950935364,1.0,0.994575560092926,1,1,0,0.20538057386875153,1,0,0.19987525045871735,1,0,0.19539675116539001,1,0,0.1966954916715622,1,0,0.2026510387659073
subject_02:sample_0000145,2,145,0,1,0,1,0,0.9973508715629578,0.995340883731842,0.9856696128845215,1.0,0.9945756196975708,1,1,0,0.2054707407951355,1,0,0.19956417381763458,1,0,0.19523389637470245,1,0,0.19643627107143402,1,0,0.20329387485980988
subject_02:sample_0000146,2,146,2,2,1,2,1,0.9940040111541748,0.9882177710533142,0.9728968739509583,1.0,0.9887281656265259,1,2,1,0.17746233940124512,2,1,0.22985978424549103,2,1,0.17720115184783936,2,1,0.16471122205257416,2,1,0.25076454877853394
subject_02:sample_0000147,2,147,2,2,1,2,1,0.992294430732727,0.9848202466964722,0.9666633605957031,1.0,0.9858667254447937,1,2,1,0.1769719421863556,2,1,0.22955462336540222,2,1,0.1768806427717209,2,1,0.16415371000766754,2,1,0.25243815779685974
subject_02:sample_0000148,2,148,2,2,1,2,1,0.9908232092857361,0.98189377784729,0.9615326523780823,1.0,0.9834588170051575,1,2,1,0.1766563206911087,2,1,0.22905582189559937,2,1,0.17668555676937103,2,1,0.16413667798042297,2,1,0.25346460938453674
subject_02:sample_0000149,2,149,2,2,1,2,1,0.9924086332321167,0.9850438833236694,0.9670782685279846,1.0,0.9860568046569824,1,2,1,0.1766820251941681,2,1,0.22902213037014008,2,1,0.17658616602420807,2,1,0.16412894427776337,2,1,0.2535797953605652
subject_02:sample_0000150,2,150,2,2,1,2,1,0.993621826171875,0.987453281879425,0.9714875221252441,1.0,0.9880837798118591,1,2,1,0.17662639915943146,2,1,0.22959482669830322,2,1,0.1763429045677185,2,1,0.16443976759910583,2,1,0.252995103597641
subject_02:sample_0000151,2,151,2,2,1,2,1,0.9956040382385254,0.9913866519927979,0.979083776473999,1.0,0.9914878606796265,1,2,1,0.17666861414909363,2,1,0.23130641877651215,2,1,0.17638246715068817,2,1,0.16502006351947784,2,1,0.2506214678287506
subject_02:sample_0000152,2,152,2,2,1,2,1,0.9971980452537537,0.9945438504219055,0.985680341720581,1.0,0.9943410158157349,1,2,1,0.17670565843582153,2,1,0.23438753187656403,2,1,0.17665541172027588,2,1,0.16587723791599274,2,1,0.2463732659816742
subject_02:sample_0000153,2,153,2,2,1,2,1,0.998406708240509,0.9969320893287659,0.9911393523216248,1.0,0.9966138601303101,1,2,1,0.1777033656835556,2,1,0.23850631713867188,2,1,0.17771108448505402,2,1,0.16787903010845184,2,1,0.23819927871227264
subject_02:sample_0000154,2,154,2,2,1,2,1,0.9988401532173157,0.997784435749054,0.9932517409324646,1.0,0.9974658489227295,1,2,1,0.17860962450504303,2,1,0.2416267693042755,2,1,0.1788165271282196,2,1,0.17066590487957,2,1,0.2302802950143814
subject_02:sample_0000155,2,155,2,2,1,2,1,0.9990105032920837,0.9981191158294678,0.9941130876541138,1.0,0.9978081583976746,1,2,1,0.17919567227363586,2,1,0.2451009899377823,2,1,0.1794796586036682,2,1,0.17309917509555817,2,1,0.22312361001968384
subject_02:sample_0000156,2,156,2,2,1,2,1,0.9991791248321533,0.9984493255615234,0.994990885257721,1.0,0.9981529712677002,1,2,1,0.17986509203910828,2,1,0.24931660294532776,2,1,0.18061314523220062,2,1,0.17615845799446106,2,1,0.21404576301574707
subject_02:sample_0000157,2,157,2,2,1,2,1,0.9992254376411438,0.9985408782958984,0.9952347874641418,1.0,0.9982485771179199,1,2,1,0.17972983419895172,2,1,0.2540377676486969,2,1,0.1812308430671692,2,1,0.17811687290668488,2,1,0.20688371360301971
subject_02:sample_0000158,2,158,2,2,1,2,1,0.9992660284042358,0.9986206293106079,0.9954507350921631,1.0,0.9983328580856323,1,2,1,0.17946414649486542,2,1,0.25642478466033936,2,1,0.18179573118686676,2,1,0.17969287931919098,2,1,0.20262151956558228
subject_02:sample_0000159,2,159,2,2,1,2,1,0.9993244409561157,0.9987335801124573,0.9957680702209473,1.0,0.998455286026001,1,2,1,0.17938204109668732,2,1,0.2564835250377655,2,1,0.1827411949634552,2,1,0.18124745786190033,2,1,0.20014482736587524
subject_02:sample_0000160,2,160,2,2,1,2,1,0.9993727803230286,0.9988270401954651,0.9960330128669739,1.0,0.9985570907592773,1,2,1,0.17924435436725616,2,1,0.2568299174308777,2,1,0.18497197329998016,2,1,0.18274390697479248,2,1,0.1962089091539383
subject_02:sample_0000161,2,161,2,2,1,2,1,0.9993982315063477,0.9988760352134705,0.9961739182472229,1.0,0.9986109733581543,1,2,1,0.17886032164096832,2,1,0.25620710849761963,2,1,0.18696936964988708,2,1,0.18381506204605103,2,1,0.19414716958999634
subject_02:sample_0000162,2,162,2,2,1,2,1,0.9994154572486877,0.9989091157913208,0.9962698817253113,1.0,0.9986476898193359,1,2,1,0.17844486236572266,2,1,0.25569912791252136,2,1,0.18817733228206635,2,1,0.18446850776672363,2,1,0.19320917129516602
subject_02:sample_0000163,2,163,2,2,1,2,1,0.9994206428527832,0.9989191889762878,0.9962978363037109,1.0,0.9986583590507507,1,2,1,0.17800571024417877,2,1,0.25564172863960266,2,1,0.18943656980991364,2,1,0.18474940955638885,2,1,0.19216568768024445
subject_02:sample_0000164,2,164,2,2,1,2,1,0.9994270205497742,0.9989314675331116,0.9963338375091553,1.0,0.9986720681190491,1,2,1,0.17764009535312653,2,1,0.25567835569381714,2,1,0.19057229161262512,2,1,0.1847551316022873,2,1,0.1913531869649887
subject_02:sample_0000165,2,165,2,2,1,2,1,0.9994346499443054,0.9989458918571472,0.9963773488998413,1.0,0.9986885190010071,1,2,1,0.17740510404109955,2,1,0.25521528720855713,2,1,0.19158896803855896,2,1,0.18489933013916016,2,1,0.19089041650295258
subject_02:sample_0000166,2,166,2,2,1,2,1,0.9994528889656067,0.9989798665046692,0.9964810609817505,1.0,0.9987276196479797,1,2,1,0.1778535097837448,2,1,0.25238585472106934,2,1,0.1930139660835266,2,1,0.18550977110862732,2,1,0.1912359595298767
subject_02:sample_0000167,2,167,2,2,1,2,1,0.9994574189186096,0.9989882111549377,0.9965066909790039,1.0,0.9987372756004333,1,2,1,0.17832547426223755,2,1,0.2511838376522064,2,1,0.19271254539489746,2,1,0.18588338792324066,2,1,0.1918938308954239
subject_02:sample_0000168,2,168,0,0,1,0,1,0.6346158981323242,0.2702695429325104,0.5208244323730469,0.800000011920929,0.5170378088951111,0,0,1,0.051012132316827774,3,0,0.3653833568096161,0,1,0.06608027964830399,0,1,0.4052629768848419,0,1,0.11226031929254532
subject_02:sample_0000169,2,169,0,0,1,0,1,0.632968008518219,0.26700717210769653,0.5200369358062744,0.800000011920929,0.5149406790733337,0,0,1,0.05143318697810173,3,0,0.36703750491142273,0,1,0.06689829379320145,0,1,0.4010443687438965,0,1,0.1135857030749321
subject_02:sample_0000170,2,170,0,0,1,0,1,0.6323540210723877,0.2657500207424164,0.5199012756347656,0.800000011920929,0.5141751766204834,0,0,1,0.05208520591259003,3,0,0.3676435947418213,0,1,0.06803197413682938,0,1,0.39671263098716736,0,1,0.11552567034959793
subject_02:sample_0000171,2,171,0,0,1,0,1,0.6256920695304871,0.2525005340576172,0.5169998407363892,0.800000011920929,0.5055927634239197,0,0,1,0.053400248289108276,3,0,0.37430641055107117,0,1,0.06927747279405594,0,1,0.38467565178871155,0,1,0.11833929270505905
subject_02:sample_0000172,2,172,0,0,1,0,1,0.6117852330207825,0.2249757945537567,0.5108765363693237,0.800000011920929,0.4870069622993469,0,0,1,0.05551077798008919,3,0,0.38822653889656067,0,1,0.07105955481529236,0,1,0.3627564609050751,0,1,0.1224457323551178
subject_02:sample_0000173,2,173,0,0,1,0,1,0.6027423739433289,0.21679553389549255,0.4769071936607361,0.800000011920929,0.47252681851387024,0,0,1,0.0580625981092453,3,0,0.40368205308914185,0,1,0.07395841926336288,0,1,0.3361344635486603,0,1,0.1281614452600479
subject_02:sample_0000174,2,174,0,0,1,0,1,0.9935214519500732,0.9896361231803894,0.9684649705886841,1.0,0.9878345131874084,1,0,1,0.06225807964801788,0,1,0.4091717302799225,0,1,0.07877614349126816,0,1,0.31320834159851074,0,1,0.1365848183631897
subject_02:sample_0000175,2,175,0,0,1,0,1,0.9998247623443604,0.9997325539588928,0.9986806511878967,1.0,0.9995594024658203,1,0,1,0.07002945244312286,0,1,0.3778340220451355,0,1,0.08837573230266571,0,1,0.30991968512535095,0,1,0.15384021401405334
subject_02:sample_0000176,2,176,0,0,1,0,1,0.9998840093612671,0.999821126461029,0.9990926384925842,1.0,0.9996993541717529,1,0,1,0.07347473502159119,0,1,0.3703535497188568,0,1,0.09258193522691727,0,1,0.30072134733200073,0,1,0.1628675013780594
subject_02:sample_0000177,2,177,0,0,1,0,1,0.9999049305915833,0.9998527765274048,0.9992433786392212,1.0,0.9997501969337463,1,0,1,0.0767211988568306,0,1,0.3641379177570343,0,1,0.0965183675289154,0,1,0.2914726734161377,0,1,0.1711488515138626
subject_02:sample_0000178,2,178,0,0,1,0,1,0.9999386668205261,0.9999030232429504,0.9994938373565674,1.0,0.999833881855011,1,0,1,0.08090783655643463,0,1,0.3531709611415863,0,1,0.10142617672681808,0,1,0.2841857075691223,0,1,0.18030838668346405
subject_02:sample_0000179,2,179,0,0,1,0,1,0.9999520182609558,0.9999229907989502,0.9995973706245422,1.0,0.9998680949211121,1,0,1,0.08455310016870499,0,1,0.3455197513103485,0,1,0.10590361058712006,0,1,0.2756842076778412,0,1,0.18833839893341064
subject_02:sample_0000180,2,180,0,0,1,0,1,0.9999507069587708,0.9999209642410278,0.9995871782302856,1.0,0.9998646378517151,1,0,1,0.08652245253324509,0,1,0.3447568416595459,0,1,0.1082015186548233,0,1,0.2677605450153351,0,1,0.19275763630867004
subject_02:sample_0000181,2,181,0,0,1,0,1,0.9999585151672363,0.9999327063560486,0.9996494054794312,1.0,0.9998851418495178,1,0,1,0.08859714865684509,0,1,0.3390917479991913,0,1,0.11067108809947968,0,1,0.2645653784275055,0,1,0.19707362353801727
subject_02:sample_0000182,2,182,0,0,1,0,1,0.9999628067016602,0.9999392032623291,0.9996832013130188,1.0,0.9998962879180908,1,0,1,0.09021192789077759,0,1,0.3355339467525482,0,1,0.11261811852455139,0,1,0.26156044006347656,0,1,0.20007465779781342
subject_02:sample_0000183,2,183,0,0,1,0,1,0.9999634027481079,0.9999400973320007,0.9996874928474426,1.0,0.9998977184295654,1,0,1,0.09172745794057846,0,1,0.3347148597240448,0,1,0.11432246118783951,0,1,0.25707554817199707,0,1,0.20215879380702972
subject_02:sample_0000184,2,184,0,0,1,0,1,0.9999687075614929,0.9999483823776245,0.999731183052063,1.0,0.9999120235443115,1,0,1,0.0936790332198143,0,1,0.3279443383216858,0,1,0.11684004962444305,0,1,0.2558632493019104,0,1,0.20567239820957184
subject_02:sample_0000185,2,185,0,0,1,0,1,0.9999735951423645,0.9999560713768005,0.9997715353965759,1.0,0.9999253153800964,1,0,1,0.09606348723173141,0,1,0.3208751976490021,0,1,0.11970231682062149,0,1,0.25448837876319885,0,1,0.20886965095996857
subject_02:sample_0000186,2,186,0,0,1,0,1,0.9999781250953674,0.9999633431434631,0.9998098611831665,1.0,0.9999377727508545,1,0,1,0.0985632836818695,0,1,0.3120581805706024,0,1,0.12287096679210663,0,1,0.2547678053379059,0,1,0.21173880994319916
subject_02:sample_0000187,2,187,0,0,1,0,1,0.9999819397926331,0.9999695420265198,0.9998418688774109,1.0,0.9999483227729797,1,0,1,0.10091724246740341,0,1,0.3037286102771759,0,1,0.12596644461154938,0,1,0.25489985942840576,0,1,0.21448691189289093
subject_02:sample_0000188,2,188,0,0,1,0,1,0.9999834299087524,0.9999720454216003,0.9998553991317749,1.0,0.9999526739120483,1,0,1,0.10249760746955872,0,1,0.2970767021179199,0,1,0.1288166046142578,0,1,0.2542574405670166,0,1,0.21735067665576935
subject_02:sample_0000189,2,189,0,0,1,0,1,0.9999834299087524,0.9999720454216003,0.9998555183410645,1.0,0.9999527335166931,1,0,1,0.10337356477975845,0,1,0.2934456765651703,0,1,0.1319144368171692,0,1,0.2519887089729309,0,1,0.21927663683891296
subject_02:sample_0000190,2,190,0,0,1,0,1,0.9999838471412659,0.9999727606773376,0.9998590350151062,1.0,0.9999539256095886,1,0,1,0.10456829518079758,0,1,0.2867562472820282,0,1,0.1381247639656067,0,1,0.24934649467468262,0,1,0.22120322287082672
subject_02:sample_0000191,2,191,0,0,1,0,1,0.999984860420227,0.9999744296073914,0.99986732006073,1.0,0.9999566078186035,1,0,1,0.10593988746404648,0,1,0.2797670066356659,0,1,0.14476312696933746,0,1,0.24720945954322815,0,1,0.222319558262825
subject_02:sample_0000192,2,192,0,0,1,0,1,0.9999855756759644,0.9999756813049316,0.9998740553855896,1.0,0.9999588131904602,1,0,1,0.10560360550880432,0,1,0.26803457736968994,0,1,0.16137315332889557,0,1,0.24315986037254333,0,1,0.22182783484458923
subject_02:sample_0000193,2,193,0,0,1,0,1,0.9999861121177673,0.9999765157699585,0.9998775124549866,1.0,0.9999600052833557,1,0,1,0.10430193692445755,0,1,0.2560969293117523,0,1,0.18384921550750732,0,1,0.23693916201591492,0,1,0.2188117802143097
subject_02:sample_0000194,2,194,0,0,1,0,1,0.9999867677688599,0.999977707862854,0.9998840689659119,1.0,0.9999620914459229,1,0,1,0.10384871065616608,0,1,0.24722029268741608,0,1,0.1996704488992691,0,1,0.23297974467277527,0,1,0.21627984941005707
subject_02:sample_0000195,2,195,0,0,1,0,1,0.9999872446060181,0.9999784827232361,0.9998878836631775,1.0,0.9999634027481079,1,0,1,0.1029936894774437,0,1,0.23779655992984772,0,1,0.21876803040504456,0,1,0.22757868468761444,0,1,0.2128620743751526
subject_02:sample_0000196,2,196,0,0,1,0,1,0.9999877214431763,0.9999793171882629,0.9998921751976013,1.0,0.9999647736549377,1,0,1,0.10207939893007278,0,1,0.22732259333133698,0,1,0.23862630128860474,0,1,0.2222602665424347,0,1,0.2097105234861374
subject_02:sample_0000197,2,197,0,0,1,0,1,0.9999876618385315,0.9999791383743286,0.9998908638954163,1.0,0.9999643564224243,1,0,1,0.10120661556720734,0,1,0.21773023903369904,0,1,0.2548523247241974,0,1,0.21856141090393066,0,1,0.20764845609664917
subject_02:sample_0000198,2,198,0,0,1,0,1,0.9999868273735046,0.999977707862854,0.9998830556869507,1.0,0.9999618530273438,1,0,1,0.10108242928981781,0,1,0.21084551513195038,0,1,0.2642592787742615,0,1,0.21670158207416534,0,1,0.20711031556129456
subject_02:sample_0000199,2,199,0,0,1,0,1,0.9999862313270569,0.9999767541885376,0.9998788237571716,1.0,0.9999604225158691,1,0,1,0.1010093092918396,0,1,0.2048945277929306,0,1,0.2712843716144562,0,1,0.21584343910217285,0,1,0.20696736872196198
subject_02:sample_0000200,2,200,0,0,1,0,1,0.9999857544898987,0.999975860118866,0.9998739957809448,1.0,0.999958872795105,1,0,1,0.1011475920677185,0,1,0.20085002481937408,0,1,0.27594685554504395,0,1,0.21535836160182953,0,1,0.20669622719287872
subject_02:sample_0000201,2,201,0,0,1,0,1,0.9999849796295166,0.9999746084213257,0.999868631362915,1.0,0.9999570250511169,1,0,1,0.10131887346506119,0,1,0.19818270206451416,0,1,0.2787455916404724,0,1,0.21458317339420319,0,1,0.20716868340969086
subject_02:sample_0000202,2,202,0,0,1,0,1,0.9999843239784241,0.999973475933075,0.9998626708984375,1.0,0.9999551177024841,1,0,1,0.10127517580986023,0,1,0.1968248188495636,0,1,0.28063809871673584,0,1,0.2138662189245224,0,1,0.20739470422267914
subject_02:sample_0000203,2,203,0,0,1,0,1,0.9999845027923584,0.9999736547470093,0.9998634457588196,1.0,0.9999553561210632,1,0,1,0.1011214330792427,0,1,0.1956535130739212,0,1,0.2824181616306305,0,1,0.21306787431240082,0,1,0.20773810148239136
subject_02:sample_0000204,2,204,0,0,1,0,1,0.9999836683273315,0.9999723434448242,0.9998568892478943,1.0,0.9999532103538513,1,0,1,0.1012096032500267,0,1,0.19534333050251007,0,1,0.2828059494495392,0,1,0.21210217475891113,0,1,0.2085379958152771
subject_02:sample_0000205,2,205,0,0,1,0,1,0.9999825954437256,0.999970555305481,0.9998470544815063,1.0,0.9999499917030334,1,0,1,0.10132478177547455,0,1,0.19439442455768585,0,1,0.2841638922691345,0,1,0.21097005903720856,0,1,0.2091459333896637
subject_02:sample_0000206,2,206,0,0,1,0,1,0.9999812245368958,0.9999683499336243,0.9998349547386169,1.0,0.999946117401123,1,0,1,0.10162600874900818,0,1,0.1939789056777954,0,1,0.28435373306274414,0,1,0.21036216616630554,0,1,0.20967824757099152
subject_02:sample_0000207,2,207,0,0,1,0,1,0.9999804496765137,0.999967098236084,0.9998283982276917,1.0,0.9999439716339111,1,0,1,0.10183276236057281,0,1,0.19345276057720184,0,1,0.2849825620651245,0,1,0.2100590169429779,0,1,0.2096719890832901
subject_02:sample_0000208,2,208,0,3,0,3,0,0.9992566704750061,0.99869704246521,0.9952350854873657,1.0,0.9982954859733582,1,3,0,0.1800573468208313,3,0,0.25239187479019165,3,0,0.18926793336868286,3,0,0.20148663222789764,3,0,0.17679522931575775
subject_02:sample_0000209,2,209,0,3,0,3,0,0.9992563128471375,0.9986960291862488,0.9952332973480225,1.0,0.9982947111129761,1,3,0,0.1799342930316925,3,0,0.25190845131874084,3,0,0.18950852751731873,3,0,0.201515793800354,3,0,0.17713195085525513
subject_02:sample_0000210,2,210,0,3,0,3,0,0.999255359172821,0.9986956119537354,0.9952261447906494,1.0,0.9982925653457642,1,3,0,0.1792939156293869,3,0,0.25202861428260803,3,0,0.1889289915561676,3,0,0.20155002176761627,3,0,0.17819750308990479
subject_02:sample_0000211,2,211,0,3,0,3,0,0.9992569088935852,0.9986976981163025,0.9952359199523926,1.0,0.9982959032058716,1,3,0,0.17932012677192688,3,0,0.25126349925994873,3,0,0.18877153098583221,3,0,0.20093746483325958,3,0,0.17970646917819977
subject_02:sample_0000212,2,212,0,3,0,3,0,0.9992601871490479,0.9987014532089233,0.9952564239501953,1.0,0.9983028769493103,1,3,0,0.17979279160499573,3,0,0.2498985081911087,3,0,0.1889934092760086,3,0,0.19993552565574646,3,0,0.18137884140014648
subject_02:sample_0000213,2,213,0,3,0,3,0,0.9992656111717224,0.9987096190452576,0.9952892065048218,1.0,0.9983144402503967,1,3,0,0.1799013316631317,3,0,0.24916745722293854,3,0,0.18846724927425385,3,0,0.19890852272510529,3,0,0.1835545152425766
subject_02:sample_0000214,2,214,0,3,0,3,0,0.9992720484733582,0.9987189173698425,0.9953274726867676,1.0,0.9983280301094055,1,3,0,0.18000826239585876,3,0,0.24860072135925293,3,0,0.18775415420532227,3,0,0.19773870706558228,3,0,0.18589721620082855
subject_02:sample_0000215,2,215,0,3,0,3,0,0.9992791414260864,0.9987300634384155,0.9953690767288208,1.0,0.9983430504798889,1,3,0,0.17963740229606628,3,0,0.2487913966178894,3,0,0.1864386647939682,3,0,0.19688747823238373,3,0,0.18824411928653717
subject_02:sample_0000216,2,216,0,3,0,3,0,0.999286949634552,0.9987416863441467,0.9954161047935486,1.0,0.9983596205711365,1,3,0,0.179548978805542,3,0,0.2488556057214737,3,0,0.18523691594600677,3,0,0.19596722722053528,3,0,0.19039034843444824
subject_02:sample_0000217,2,217,0,3,0,3,0,0.9992935061454773,0.9987516403198242,0.9954553246498108,1.0,0.9983736276626587,1,3,0,0.1798125058412552,3,0,0.2492256909608841,3,0,0.1840897649526596,3,0,0.1951262652873993,3,0,0.19174478948116302
subject_02:sample_0000218,2,218,0,3,0,3,0,0.9992934465408325,0.9987517595291138,0.9954555034637451,1.0,0.9983736276626587,1,3,0,0.1799868494272232,3,0,0.24952000379562378,3,0,0.1834881603717804,3,0,0.19469045102596283,3,0,0.19231350719928741
subject_02:sample_0000219,2,219,0,3,0,3,0,0.9992920756340027,0.9987494945526123,0.9954462051391602,1.0,0.9983704090118408,1,3,0,0.18043896555900574,3,0,0.25004997849464417,3,0,0.1829840987920761,3,0,0.1941121518611908,3,0,0.19241391122341156
subject_02:sample_0000220,2,220,0,3,0,3,0,0.9992889165878296,0.9987450838088989,0.9954283833503723,1.0,0.9983640313148499,1,3,0,0.18071243166923523,3,0,0.25049522519111633,3,0,0.18272435665130615,3,0,0.1938629150390625,3,0,0.19220411777496338
subject_02:sample_0000221,2,221,0,3,0,3,0,0.9992841482162476,0.9987372159957886,0.9954004287719727,1.0,0.9983539581298828,1,3,0,0.18108618259429932,3,0,0.2508995831012726,3,0,0.18265673518180847,3,0,0.1934095323085785,3,0,0.19194702804088593
subject_02:sample_0000222,2,222,0,3,0,3,0,0.9992803335189819,0.9987303614616394,0.9953800439834595,1.0,0.9983461499214172,1,3,0,0.18169055879116058,3,0,0.25090160965919495,3,0,0.18265315890312195,3,0,0.19299161434173584,3,0,0.19176208972930908
subject_02:sample_0000223,2,223,0,3,0,3,0,0.9992774128913879,0.998724639415741,0.9953644275665283,1.0,0.9983400106430054,1,3,0,0.18231643736362457,3,0,0.25088125467300415,3,0,0.18261055648326874,3,0,0.19266395270824432,3,0,0.1915268898010254
subject_02:sample_0000224,2,224,0,3,0,3,0,0.9992740154266357,0.9987189173698425,0.9953451156616211,1.0,0.9983329176902771,1,3,0,0.18254420161247253,3,0,0.25090211629867554,3,0,0.182802215218544,3,0,0.19266101717948914,3,0,0.19108949601650238
subject_02:sample_0000225,2,225,0,3,0,3,0,0.9992713928222656,0.99871426820755,0.995330810546875,1.0,0.9983275532722473,1,3,0,0.18264347314834595,3,0,0.2509976327419281,3,0,0.18280191719532013,3,0,0.1928148716688156,3,0,0.1907411515712738
subject_02:sample_0000226,2,226,0,3,0,3,0,0.9992679953575134,0.9987086057662964,0.9953118562698364,1.0,0.9983205199241638,1,3,0,0.1826562136411667,3,0,0.25136131048202515,3,0,0.18269114196300507,3,0,0.19268496334552765,3,0,0.19060538709163666
subject_02:sample_0000227,2,227,0,3,0,3,0,0.9992642402648926,0.9987003803253174,0.9952924251556396,1.0,0.9983125925064087,1,3,0,0.18329310417175293,3,0,0.2508062422275543,3,0,0.1829855740070343,3,0,0.19249281287193298,3,0,0.19042131304740906
subject_02:sample_0000228,2,228,0,3,0,3,0,0.9992603659629822,0.998691976070404,0.9952729940414429,1.0,0.9983046650886536,1,3,0,0.18401451408863068,3,0,0.25022000074386597,3,0,0.18330152332782745,3,0,0.19216947257518768,3,0,0.19029353559017181
subject_02:sample_0000229,2,229,0,3,0,3,0,0.9992575645446777,0.9986849427223206,0.9952603578567505,1.0,0.9982990622520447,1,3,0,0.1847297102212906,3,0,0.2492765635251999,3,0,0.1838294416666031,3,0,0.19207410514354706,3,0,0.19008919596672058
subject_02:sample_0000230,2,230,0,3,0,3,0,0.9992549419403076,0.9986768364906311,0.9952496290206909,1.0,0.9982936382293701,1,3,0,0.18555499613285065,3,0,0.2480664700269699,3,0,0.1842781901359558,3,0,0.19192764163017273,3,0,0.19017182290554047
subject_02:sample_0000231,2,231,0,3,0,3,0,0.9992528557777405,0.9986690282821655,0.995244026184082,1.0,0.9982897639274597,1,3,0,0.18645374476909637,3,0,0.24614305794239044,3,0,0.18494771420955658,3,0,0.1921049803495407,3,0,0.19034947454929352
subject_02:sample_0000232,2,232,0,3,0,3,0,0.9992512464523315,0.9986622333526611,0.9952399134635925,1.0,0.9982866644859314,1,3,0,0.1872827708721161,3,0,0.24405710399150848,3,0,0.18556250631809235,3,0,0.1923486441373825,3,0,0.19074803590774536
subject_02:sample_0000233,2,233,0,3,0,3,0,0.9992491006851196,0.9986540079116821,0.9952346682548523,1.0,0.998282790184021,1,3,0,0.18847261369228363,3,0,0.24101801216602325,3,0,0.1867298036813736,3,0,0.19282686710357666,3,0,0.1909516453742981
subject_02:sample_0000234,2,234,0,3,0,3,0,0.9992474913597107,0.9986470937728882,0.995230495929718,1.0,0.9982796311378479,1,3,0,0.18968157470226288,3,0,0.23791024088859558,3,0,0.18811284005641937,3,0,0.19346432387828827,3,0,0.19083012640476227
subject_02:sample_0000235,2,235,0,3,0,3,0,0.9992461800575256,0.9986416697502136,0.995227038860321,1.0,0.9982770681381226,1,3,0,0.19066879153251648,3,0,0.2351788431406021,3,0,0.18927142024040222,3,0,0.1940733790397644,3,0,0.19080659747123718
subject_02:sample_0000236,2,236,0,3,0,3,0,0.9992439150810242,0.9986336827278137,0.9952201843261719,1.0,0.9982727766036987,1,3,0,0.19198039174079895,3,0,0.23161382973194122,3,0,0.19077932834625244,3,0,0.19491060078144073,3,0,0.19071489572525024
subject_02:sample_0000237,2,237,0,3,0,3,0,0.9992418885231018,0.998626708984375,0.9952136278152466,1.0,0.9982688426971436,1,3,0,0.19307398796081543,3,0,0.2285357415676117,3,0,0.19226665794849396,3,0,0.19581250846385956,3,0,0.19031016528606415
subject_02:sample_0000238,2,238,0,3,0,3,0,0.9992386698722839,0.9986175894737244,0.9952012300491333,1.0,0.9982627034187317,1,3,0,0.1941974014043808,3,0,0.22523710131645203,3,0,0.19370366632938385,3,0,0.1967616081237793,3,0,0.19009922444820404
subject_02:sample_0000239,2,239,0,3,0,3,0,0.9992380142211914,0.9986151456832886,0.9951989054679871,1.0,0.9982612729072571,1,3,0,0.19446900486946106,3,0,0.22412419319152832,3,0,0.19433370232582092,3,0,0.19733154773712158,3,0,0.18974058330059052
subject_02:sample_0000240,2,240,0,3,0,3,0,0.9992339015007019,0.9986056685447693,0.9951785802841187,1.0,0.9982528686523438,1,3,0,0.19508244097232819,3,0,0.22243601083755493,3,0,0.19542492926120758,3,0,0.19756966829299927,3,0,0.18948601186275482
subject_02:sample_0000241,2,241,0,3,0,3,0,0.9992312788963318,0.9986000061035156,0.9951657056808472,1.0,0.9982475638389587,1,3,0,0.19522590935230255,3,0,0.22191302478313446,3,0,0.1957540363073349,3,0,0.1975383758544922,3,0,0.1895676851272583
subject_02:sample_0000242,2,242,0,3,0,3,0,0.9992294311523438,0.9985960721969604,0.995155930519104,1.0,0.9982435703277588,1,3,0,0.19521638751029968,3,0,0.2217281609773636,3,0,0.19593897461891174,3,0,0.19745761156082153,3,0,0.18965791165828705
subject_02:sample_0000243,2,243,0,3,0,3,0,0.9992255568504333,0.9985876083374023,0.9951372146606445,1.0,0.9982358813285828,1,3,0,0.19542473554611206,3,0,0.22070848941802979,3,0,0.1962689757347107,3,0,0.19754751026630402,3,0,0.19004930555820465
subject_02:sample_0000244,2,244,0,3,0,3,0,0.9992214441299438,0.9985784888267517,0.995116651058197,1.0,0.9982274174690247,1,3,0,0.19587673246860504,3,0,0.21947070956230164,3,0,0.19683031737804413,3,0,0.1976919323205948,3,0,0.190129354596138
subject_02:sample_0000245,2,245,0,3,0,3,0,0.9992184042930603,0.9985719323158264,0.9951016902923584,1.0,0.998221218585968,1,3,0,0.19629667699337006,3,0,0.21854126453399658,3,0,0.197368785738945,3,0,0.19780242443084717,3,0,0.18998989462852478
subject_02:sample_0000246,2,246,1,3,0,3,0,0.8090346455574036,0.6183541417121887,0.6465995907783508,0.800000011920929,0.7132346034049988,1,3,0,0.2201959490776062,1,1,0.19068676233291626,3,0,0.20812679827213287,3,0,0.17421452701091766,3,0,0.2067750245332718
subject_02:sample_0000247,2,247,1,3,0,3,0,0.8096497058868408,0.6195840835571289,0.6472421884536743,0.800000011920929,0.713901937007904,1,3,0,0.22077147662639618,1,1,0.19006551802158356,3,0,0.208148792386055,3,0,0.1742134690284729,3,0,0.20679980516433716
subject_02:sample_0000248,2,248,1,3,0,3,0,0.809724748134613,0.6197336912155151,0.6473238468170166,0.800000011920929,0.7139840722084045,1,3,0,0.22074297070503235,1,1,0.18998928368091583,3,0,0.20817609131336212,3,0,0.1742955595254898,3,0,0.2067951112985611
subject_02:sample_0000249,2,249,1,3,0,3,0,0.8109341859817505,0.622151792049408,0.6485949158668518,0.800000011920929,0.7152969837188721,1,3,0,0.22274859249591827,1,1,0.18876558542251587,3,0,0.20811475813388824,3,0,0.1737288236618042,3,0,0.2066413313150406
subject_02:sample_0000250,2,250,1,3,0,3,0,0.8115394115447998,0.6233615279197693,0.649236261844635,0.800000011920929,0.7159547805786133,1,3,0,0.2239028513431549,1,1,0.18815182149410248,3,0,0.2081652283668518,3,0,0.173201322555542,3,0,0.20657779276371002
subject_02:sample_0000251,2,251,1,3,0,3,0,0.8118594288825989,0.6239999532699585,0.6495822668075562,0.800000011920929,0.7163040041923523,1,3,0,0.22494281828403473,1,1,0.18782438337802887,3,0,0.20818465948104858,3,0,0.17254962027072906,3,0,0.20649755001068115
subject_02:sample_0000252,2,252,1,3,0,3,0,0.8128143548965454,0.6259078979492188,0.6506021618843079,0.800000011920929,0.7173429131507874,1,3,0,0.2274816781282425,1,1,0.1868515908718109,3,0,0.20804530382156372,3,0,0.1713687926530838,3,0,0.20625163614749908
subject_02:sample_0000253,2,253,1,3,0,3,0,0.8134518265724182,0.6271814107894897,0.6512866020202637,0.800000011920929,0.718036949634552,1,3,0,0.22964227199554443,1,1,0.1861991137266159,3,0,0.20787951350212097,3,0,0.1702909916639328,3,0,0.2059871405363083
subject_02:sample_0000254,2,254,1,3,0,3,0,0.8137606382369995,0.6277977228164673,0.6516214609146118,0.800000011920929,0.718373715877533,1,3,0,0.231300488114357,1,1,0.18587911128997803,3,0,0.2077285647392273,3,0,0.16931656002998352,3,0,0.20577430725097656
subject_02:sample_0000255,2,255,1,3,0,3,0,0.813556432723999,0.6273884177207947,0.6514091491699219,0.800000011920929,0.7181530594825745,1,3,0,0.23221974074840546,1,1,0.1860807240009308,3,0,0.20751215517520905,3,0,0.16856394708156586,3,0,0.20562250912189484
subject_02:sample_0000256,2,256,1,3,0,3,0,0.8137311935424805,0.6277374029159546,0.6515984535217285,0.800000011920929,0.7183436155319214,1,3,0,0.23298771679401398,1,1,0.18590013682842255,3,0,0.20753498375415802,3,0,0.1679864078760147,3,0,0.20558975636959076
subject_02:sample_0000257,2,257,1,3,0,3,0,0.8136982917785645,0.6276707649230957,0.6515672206878662,0.800000011920929,0.718308687210083,1,3,0,0.23313820362091064,1,1,0.18593162298202515,3,0,0.2075890600681305,3,0,0.16767500340938568,3,0,0.20566518604755402
subject_02:sample_0000258,2,258,1,3,0,3,0,0.8142602443695068,0.6287940740585327,0.6521698236465454,0.800000011920929,0.7189200520515442,1,3,0,0.2342139184474945,1,1,0.18535882234573364,3,0,0.20750269293785095,3,0,0.167284294962883,3,0,0.20563925802707672
subject_02:sample_0000259,2,259,1,3,0,3,0,0.8146799206733704,0.6296325922012329,0.652621328830719,0.800000011920929,0.7193766832351685,1,3,0,0.23503975570201874,1,1,0.1849309653043747,3,0,0.2074350267648697,3,0,0.16693617403507233,3,0,0.20565716922283173
subject_02:sample_0000260,2,260,1,3,0,3,0,0.8146483302116394,0.6295695304870605,0.6525874137878418,0.800000011920929,0.7193422913551331,1,3,0,0.23468491435050964,1,1,0.1849645972251892,3,0,0.20750144124031067,3,0,0.16698426008224487,3,0,0.2058638483285904
subject_02:sample_0000261,2,261,1,3,0,3,0,0.8144040703773499,0.6290808320045471,0.6523269414901733,0.800000011920929,0.7190770506858826,1,3,0,0.23348069190979004,1,1,0.1852165311574936,3,0,0.20773889124393463,3,0,0.16733303666114807,3,0,0.20622989535331726
subject_02:sample_0000262,2,262,1,3,0,3,0,0.8140327334403992,0.6283379197120667,0.6519320011138916,0.800000011920929,0.7186738848686218,1,3,0,0.23240827023983002,1,1,0.18559600412845612,3,0,0.20794633030891418,3,0,0.16753067076206207,3,0,0.2065177857875824
subject_02:sample_0000263,2,263,1,3,0,3,0,0.8135236501693726,0.6273195743560791,0.6513910889625549,0.800000011920929,0.7181210517883301,1,3,0,0.2312851846218109,1,1,0.18611463904380798,3,0,0.2081010937690735,3,0,0.16775158047676086,3,0,0.20674650371074677
subject_02:sample_0000264,2,264,1,3,0,3,0,0.8132266998291016,0.6267259120941162,0.6510746479034424,0.800000011920929,0.7177984118461609,1,3,0,0.23051083087921143,1,1,0.18641789257526398,3,0,0.20819802582263947,3,0,0.16799238324165344,3,0,0.2068798840045929
subject_02:sample_0000265,2,265,1,3,0,3,0,0.8127149939537048,0.6257023215293884,0.6505321264266968,0.800000011920929,0.7172427773475647,1,3,0,0.22943063080310822,1,1,0.18693852424621582,3,0,0.2083732932806015,3,0,0.16821643710136414,3,0,0.20704017579555511
subject_02:sample_0000266,2,266,1,3,0,3,0,0.8121526837348938,0.6245777606964111,0.6499371528625488,0.800000011920929,0.7166323661804199,1,3,0,0.2283906787633896,1,1,0.18750973045825958,3,0,0.2085595279932022,3,0,0.16834183037281036,3,0,0.20719726383686066
subject_02:sample_0000267,2,267,1,3,0,3,0,0.8112378120422363,0.6227477788925171,0.6489731669425964,0.800000011920929,0.7156394124031067,1,3,0,0.22705866396427155,1,1,0.18843667209148407,3,0,0.20879943668842316,3,0,0.16833338141441345,3,0,0.20737092196941376
subject_02:sample_0000268,2,268,1,3,0,3,0,0.8101062178611755,0.620484471321106,0.6477863788604736,0.800000011920929,0.7144118547439575,1,3,0,0.22562941908836365,1,1,0.18958143889904022,3,0,0.20902876555919647,3,0,0.16823364794254303,3,0,0.20752577483654022
subject_02:sample_0000269,2,269,1,3,0,3,0,0.8088541626930237,0.6179800033569336,0.6464806795120239,0.800000011920929,0.7130542397499084,1,3,0,0.22376498579978943,1,1,0.19084879755973816,3,0,0.20937006175518036,3,0,0.16830755770206451,3,0,0.2077077180147171
subject_02:sample_0000270,2,270,1,3,0,3,0,0.8074801564216614,0.6152318716049194,0.6450556516647339,0.800000011920929,0.711564838886261,1,3,0,0.22134461998939514,1,1,0.19224001467227936,3,0,0.20983734726905823,3,0,0.16857285797595978,3,0,0.2080041766166687
subject_02:sample_0000271,2,271,1,3,0,3,0,0.8059432506561279,0.6121581196784973,0.6434704661369324,0.800000011920929,0.7098991870880127,1,3,0,0.21830713748931885,1,1,0.19379617273807526,3,0,0.21038854122161865,3,0,0.16917647421360016,3,0,0.2083306759595871
subject_02:sample_0000272,2,272,1,3,0,3,0,0.8034142255783081,0.6070995330810547,0.6408889293670654,0.800000011920929,0.7071605324745178,1,3,0,0.2154301255941391,1,1,0.19635090231895447,3,0,0.21072010695934296,3,0,0.1690146028995514,3,0,0.20848329365253448
subject_02:sample_0000273,2,273,1,3,0,3,0,0.8009698390960693,0.6022098064422607,0.6384243965148926,0.800000011920929,0.7045160531997681,1,3,0,0.21305328607559204,1,1,0.1988190859556198,3,0,0.21086475253105164,3,0,0.16875292360782623,3,0,0.2085089385509491
subject_02:sample_0000274,2,274,1,3,0,3,0,0.7990546226501465,0.5983784794807434,0.6365125179290771,0.800000011920929,0.7024450302124023,1,3,0,0.21141120791435242,1,1,0.20075204968452454,3,0,0.21094518899917603,3,0,0.16843800246715546,3,0,0.20845256745815277
subject_02:sample_0000275,2,275,1,3,0,3,0,0.7968685030937195,0.5940046906471252,0.6343528032302856,0.800000011920929,0.7000826597213745,1,3,0,0.20986418426036835,1,1,0.2029583752155304,3,0,0.21087147295475006,3,0,0.16802281141281128,3,0,0.20828218758106232
subject_02:sample_0000276,2,276,1,3,0,3,0,0.7941521406173706,0.5885704755783081,0.6316985487937927,0.800000011920929,0.6971487998962402,0,3,0,0.20792844891548157,1,1,0.2056998312473297,3,0,0.21070854365825653,3,0,0.16760803759098053,3,0,0.20805417001247406
subject_02:sample_0000277,2,277,1,3,0,3,0,0.7913255095481873,0.5829142332077026,0.6289768218994141,0.800000011920929,0.6940985321998596,0,3,0,0.20632463693618774,1,1,0.2085542380809784,3,0,0.210331991314888,3,0,0.16711744666099548,3,0,0.20767080783843994
subject_02:sample_0000278,2,278,1,3,0,3,0,0.7887889742851257,0.5778388977050781,0.6265631914138794,0.800000011920929,0.691362202167511,0,3,0,0.20491334795951843,1,1,0.21111653745174408,3,0,0.20996598899364471,3,0,0.16673129796981812,3,0,0.20727185904979706
subject_02:sample_0000279,2,279,1,3,0,3,0,0.7857340574264526,0.5717254877090454,0.6236966848373413,0.800000011920929,0.6880684494972229,0,3,0,0.20383957028388977,1,1,0.2142052799463272,3,0,0.20920881628990173,3,0,0.16607074439525604,3,0,0.20667463541030884
subject_02:sample_0000280,2,280,1,3,0,3,0,0.7823452949523926,0.564943253993988,0.6205671429634094,0.800000011920929,0.6844165921211243,0,3,0,0.20275616645812988,1,1,0.21763668954372406,3,0,0.20831620693206787,3,0,0.1653069257736206,3,0,0.20598307251930237
subject_02:sample_0000281,2,281,1,3,0,3,0,0.7782357335090637,0.5567191243171692,0.6168347597122192,0.800000011920929,0.679988443851471,0,3,0,0.2013368308544159,1,1,0.22180572152137756,3,0,0.20717643201351166,3,0,0.16450446844100952,3,0,0.20517562329769135
subject_02:sample_0000282,2,282,1,3,0,3,0,0.772252082824707,0.544745683670044,0.6115187406539917,0.800000011920929,0.6735395789146423,0,3,0,0.1995195895433426,1,1,0.22789287567138672,3,0,0.20531298220157623,3,0,0.16341565549373627,3,0,0.20385800302028656
subject_02:sample_0000283,2,283,1,3,0,3,0,0.7648086547851562,0.529853105545044,0.6051021814346313,0.800000011920929,0.6655133366584778,0,3,0,0.19746410846710205,1,1,0.23550599813461304,3,0,0.20291073620319366,3,0,0.162026047706604,3,0,0.20209214091300964
subject_02:sample_0000284,2,284,1,3,0,3,0,0.7535312175750732,0.5072913765907288,0.5957911014556885,0.800000011920929,0.6533346772193909,0,3,0,0.1946619600057602,1,1,0.24720552563667297,3,0,0.19928251206874847,3,0,0.15954430401325226,3,0,0.1993047595024109
subject_02:sample_0000285,2,285,1,3,0,3,0,0.7399946451187134,0.48021575808525085,0.5852369070053101,0.800000011920929,0.6386629343032837,0,3,0,0.19116131961345673,1,1,0.2619202435016632,3,0,0.1947934478521347,3,0,0.15647535026073456,3,0,0.1956486701965332
subject_02:sample_0000286,2,286,1,3,0,3,0,0.7291210293769836,0.45849329233169556,0.5771198272705078,0.800000011920929,0.6267901062965393,0,3,0,0.1850222796201706,1,1,0.28565484285354614,3,0,0.1879110187292099,3,0,0.15165141224861145,3,0,0.18975956737995148
subject_02:sample_0000287,2,287,1,3,0,3,0,0.8744417428970337,0.7491494417190552,0.725989043712616,1.0,0.8304381966590881,1,3,0,0.18308483064174652,3,0,0.29445651173591614,3,0,0.1849987506866455,3,0,0.14975275099277496,3,0,0.18770624697208405
subject_02:sample_0000288,2,288,1,3,0,3,0,0.995553195476532,0.991234302520752,0.9789605140686035,1.0,0.9914059042930603,1,3,0,0.1842862218618393,3,0,0.2889295220375061,3,0,0.18570977449417114,3,0,0.15151067078113556,3,0,0.1895628273487091
subject_02:sample_0000289,2,289,1,3,0,3,0,0.9987155199050903,0.9975433349609375,0.9925863146781921,1.0,0.9972072839736938,1,3,0,0.18715178966522217,3,0,0.27702149748802185,3,0,0.18787986040115356,3,0,0.15467487275600433,3,0,0.19327104091644287
subject_02:sample_0000290,2,290,1,3,0,3,0,0.9990478157997131,0.9982056021690369,0.9942449927330017,1.0,0.9978722333908081,1,3,0,0.19019480049610138,3,0,0.2641792893409729,3,0,0.19007575511932373,3,0,0.1583302766084671,3,0,0.19721895456314087
subject_02:sample_0000291,2,291,1,3,0,3,0,0.9991497993469238,0.9984095096588135,0.9947713613510132,1.0,0.9980806112289429,1,3,0,0.19239461421966553,3,0,0.2548089921474457,3,0,0.19096869230270386,3,0,0.16151632368564606,3,0,0.20031045377254486
subject_02:sample_0000292,2,292,1,3,0,3,0,0.9991875290870667,0.9984850287437439,0.994968056678772,1.0,0.9981582760810852,1,3,0,0.19337297976016998,3,0,0.24971282482147217,3,0,0.19081170856952667,3,0,0.16384710371494293,3,0,0.20225441455841064
subject_02:sample_0000293,2,293,1,3,0,3,0,0.9992012977600098,0.9985127449035645,0.9950406551361084,1.0,0.9981868863105774,1,3,0,0.1936926692724228,3,0,0.24717941880226135,3,0,0.19003228843212128,3,0,0.16570836305618286,3,0,0.2033863067626953
subject_02:sample_0000294,2,294,1,3,0,3,0,0.9992078542709351,0.9985257983207703,0.9950745701789856,1.0,0.9982002973556519,1,3,0,0.19359950721263885,3,0,0.2457359880208969,3,0,0.18914847075939178,3,0,0.16733740270137787,3,0,0.20417770743370056
subject_02:sample_0000295,2,295,1,3,0,3,0,0.9992064237594604,0.9985230565071106,0.9950668215751648,1.0,0.9981973171234131,1,3,0,0.1935092955827713,3,0,0.24563869833946228,3,0,0.18834353983402252,3,0,0.1680442839860916,3,0,0.20446325838565826
subject_02:sample_0000296,2,296,1,3,0,3,0,0.9992114901542664,0.998533308506012,0.9950931668281555,1.0,0.9982077479362488,1,3,0,0.1934749037027359,3,0,0.24510617554187775,3,0,0.18757641315460205,3,0,0.16897201538085938,3,0,0.2048695832490921
subject_02:sample_0000297,2,297,1,3,0,3,0,0.999215841293335,0.9985421895980835,0.9951164126396179,1.0,0.9982168674468994,1,3,0,0.1934834122657776,3,0,0.24462179839611053,3,0,0.18703216314315796,3,0,0.16968980431556702,3,0,0.2051718682050705
subject_02:sample_0000298,2,298,0,1,0,0,1,0.5479645729064941,0.10068607330322266,0.4839295744895935,0.20000000298023224,0.2703233063220978,0,0,1,0.08106010407209396,0,1,0.0759483054280281,1,0,0.5527240633964539,0,1,0.08402210474014282,0,1,0.20624446868896484
subject_02:sample_0000299,2,299,0,1,0,0,1,0.5489726662635803,0.10269474983215332,0.48410260677337646,0.20000000298023224,0.27181077003479004,0,0,1,0.0807691141963005,0,1,0.07585630565881729,1,0,0.5537242293357849,0,1,0.08390454947948456,0,1,0.20574486255645752
subject_02:sample_0000300,2,300,0,1,0,0,1,0.5469235777854919,0.09855547547340393,0.4839397668838501,0.20000000298023224,0.26875540614128113,0,0,1,0.08119900524616241,0,1,0.07634365558624268,1,0,0.551633358001709,0,1,0.08430667221546173,0,1,0.20651637017726898
subject_02:sample_0000301,2,301,0,1,0,0,1,0.5430187582969666,0.09074419736862183,0.48341113328933716,0.20000000298023224,0.2627211809158325,0,0,1,0.08248452097177505,0,1,0.0771929994225502,1,0,0.547726035118103,0,1,0.0852365791797638,0,1,0.20735888183116913
subject_02:sample_0000302,2,302,0,1,0,0,1,0.5413992404937744,0.08749663829803467,0.483232319355011,0.20000000298023224,0.2601200044155121,0,0,1,0.08239669352769852,0,1,0.07705691456794739,1,0,0.5460992455482483,0,1,0.08501026779413223,0,1,0.20943588018417358
subject_02:sample_0000303,2,303,0,1,0,0,1,0.5333255529403687,0.071383535861969,0.48219555616378784,0.20000000298023224,0.24615629017353058,0,0,1,0.08305013179779053,0,1,0.07722024619579315,1,0,0.5380609631538391,0,1,0.08515728265047073,0,1,0.2165103554725647
subject_02:sample_0000304,2,304,0,1,0,0,1,0.5231390595436096,0.05098870396614075,0.481370747089386,0.20000000298023224,0.22511282563209534,0,0,1,0.08456093072891235,0,1,0.07784920930862427,1,0,0.5278528332710266,0,1,0.08587197959423065,0,1,0.2238641232252121
subject_02:sample_0000305,2,305,0,1,0,0,1,0.5176693797111511,0.04004758596420288,0.481020450592041,0.20000000298023224,0.21132729947566986,0,0,1,0.0855332612991333,0,1,0.07819825410842896,1,0,0.5223814845085144,0,1,0.08628663420677185,0,1,0.2275993973016739
subject_02:sample_0000306,2,306,0,1,0,0,1,0.5142953991889954,0.03335678577423096,0.4806533455848694,0.20000000298023224,0.20151840150356293,0,0,1,0.08562574535608292,0,1,0.07805905491113663,1,0,0.5190649032592773,0,1,0.0861666202545166,0,1,0.2310827672481537
subject_02:sample_0000307,2,307,0,1,0,0,1,0.5144319534301758,0.033853352069854736,0.47991764545440674,0.20000000298023224,0.20220018923282623,0,0,1,0.08522599190473557,0,1,0.07755867391824722,1,0,0.5194253325462341,0,1,0.08574584871530533,0,1,0.23204319179058075
subject_02:sample_0000308,2,308,0,1,0,0,1,0.5060059428215027,0.017169535160064697,0.4790570139884949,0.20000000298023224,0.16985675692558289,0,0,1,0.08561864495277405,0,1,0.07702121138572693,1,0,0.511167585849762,0,1,0.08520785719156265,0,1,0.2409837394952774
subject_02:sample_0000309,2,309,0,1,0,0,1,0.5015751123428345,0.008487522602081299,0.47838813066482544,0.20000000298023224,0.14206327497959137,0,0,1,0.08360321819782257,0,1,0.07528361678123474,1,0,0.506916344165802,0,1,0.08335485309362411,0,1,0.250840961933136
subject_02:sample_0000310,2,310,0,0,1,0,1,0.5052850842475891,0.015919655561447144,0.4784221053123474,0.800000011920929,0.23555529117584229,0,0,1,0.08294868469238281,0,1,0.0737352967262268,1,0,0.49471789598464966,0,1,0.08153612911701202,0,1,0.2670610547065735
subject_02:sample_0000311,2,311,0,0,1,0,1,0.5243778824806213,0.05381682515144348,0.48034417629241943,0.800000011920929,0.32270169258117676,0,0,1,0.084197498857975,0,1,0.0720076709985733,1,0,0.4756222665309906,0,1,0.07933201640844345,0,1,0.2888396382331848
subject_02:sample_0000312,2,312,0,0,1,0,1,0.5487967729568481,0.10199552774429321,0.4853031635284424,0.800000011920929,0.383949339389801,0,0,1,0.08879484981298447,0,1,0.07043609023094177,1,0,0.4511873722076416,0,1,0.07701179385185242,0,1,0.31256893277168274
subject_02:sample_0000313,2,313,0,0,1,0,1,0.571002721786499,0.1457999050617218,0.4913440942764282,0.800000011920929,0.42532193660736084,0,0,1,0.09600424021482468,0,1,0.06989257037639618,1,0,0.428059458732605,0,1,0.07548581063747406,0,1,0.3305569589138031
subject_02:sample_0000314,2,314,0,1,0,0,1,0.7022511959075928,0.41101014614105225,0.5368363261222839,0.4000000059604645,0.4989553689956665,0,0,1,0.10555894672870636,0,1,0.07124155759811401,1,0,0.40995529294013977,0,1,0.07538788765668869,1,0,0.3378553092479706
subject_02:sample_0000315,2,315,0,1,0,0,1,0.7291666269302368,0.46232879161834717,0.5631512999534607,0.4000000059604645,0.5249472856521606,0,0,1,0.11494087427854538,0,1,0.07466214150190353,1,0,0.40074390172958374,0,1,0.07705390453338623,1,0,0.3325982093811035
subject_02:sample_0000316,2,316,0,1,0,0,1,0.7026091814041138,0.408638596534729,0.5471128225326538,0.4000000059604645,0.5006653070449829,0,0,1,0.12860989570617676,0,1,0.08334710448980331,1,0,0.38774925470352173,0,1,0.08198565244674683,1,0,0.31830716133117676
subject_02:sample_0000317,2,317,0,1,0,0,1,0.6814941167831421,0.36628925800323486,0.535027027130127,0.4000000059604645,0.48076245188713074,0,0,1,0.13647125661373138,0,1,0.09193123131990433,1,0,0.37676942348480225,0,1,0.08678311109542847,1,0,0.3080439567565918
subject_02:sample_0000318,2,318,0,1,0,0,1,0.6635715961456299,0.33050063252449036,0.5254181027412415,0.4000000059604645,0.463346928358078,0,0,1,0.14210186898708344,0,1,0.09948083013296127,1,0,0.36767083406448364,0,1,0.09147142618894577,1,0,0.2992740869522095
subject_02:sample_0000319,2,319,0,1,0,0,1,0.6498253345489502,0.30323952436447144,0.5181270837783813,0.4000000059604645,0.4495414197444916,0,0,1,0.14654751121997833,0,1,0.10468719154596329,1,0,0.36088934540748596,0,1,0.09533435851335526,1,0,0.292540580034256
subject_02:sample_0000320,2,320,0,1,0,0,1,0.6402618885040283,0.28444138169288635,0.5128577947616577,0.4000000059604645,0.4396447241306305,0,0,1,0.15023191273212433,0,1,0.1076745092868805,1,0,0.3572329580783844,0,1,0.09789673984050751,1,0,0.2869628965854645
subject_02:sample_0000321,2,321,0,1,0,0,1,0.6333761215209961,0.27113813161849976,0.5085013508796692,0.4000000059604645,0.43231579661369324,0,0,1,0.15312257409095764,0,1,0.10975431650876999,1,0,0.3545648157596588,0,1,0.09934226423501968,1,0,0.28321510553359985
subject_02:sample_0000322,2,322,0,1,0,0,1,0.6276553869247437,0.2603670358657837,0.504132866859436,0.4000000059604645,0.42606717348098755,0,0,1,0.1560741662979126,0,1,0.11100791394710541,1,0,0.35290613770484924,0,1,0.1001850962638855,1,0,0.27982577681541443
subject_02:sample_0000323,2,323,0,1,0,0,1,0.6209865808486938,0.24770379066467285,0.49955832958221436,0.4000000059604645,0.4187118411064148,0,0,1,0.15941636264324188,0,1,0.11264315992593765,1,0,0.3507193326950073,0,1,0.10120034962892532,1,0,0.2760198712348938
subject_02:sample_0000324,2,324,0,1,0,0,1,0.6159479022026062,0.23858800530433655,0.4948875904083252,0.4000000059604645,0.4129902124404907,0,0,1,0.16127631068229675,0,1,0.11419276148080826,1,0,0.348843514919281,0,1,0.10186459124088287,1,0,0.2738218605518341
subject_02:sample_0000325,2,325,0,1,0,0,1,0.6097146272659302,0.22674942016601562,0.4909297823905945,0.4000000059604645,0.405917763710022,0,0,1,0.16371630132198334,0,1,0.11611500382423401,1,0,0.34595921635627747,0,1,0.10310602188110352,1,0,0.2711024880409241
subject_02:sample_0000326,2,326,0,1,0,0,1,0.6022156476974487,0.21267029643058777,0.4859004020690918,0.4000000059604645,0.3972066640853882,0,0,1,0.16732437908649445,0,1,0.11776509881019592,1,0,0.3426503837108612,0,1,0.10442502796649933,1,0,0.2678340971469879
subject_02:sample_0000327,2,327,0,1,0,0,1,0.5951215028762817,0.1989770233631134,0.4823758006095886,0.4000000059604645,0.3887886106967926,0,0,1,0.17071574926376343,0,1,0.1193794384598732,1,0,0.33880695700645447,0,1,0.1060166135430336,1,0,0.2650803327560425
subject_02:sample_0000328,2,328,0,1,0,0,1,0.5888075232505798,0.18667182326316833,0.47969794273376465,0.4000000059604645,0.3810833692550659,0,0,1,0.1740024834871292,0,1,0.12024463713169098,1,0,0.33484891057014465,0,1,0.1078542098402977,1,0,0.26304876804351807
subject_02:sample_0000329,2,329,0,1,0,0,1,0.5820262432098389,0.1740085780620575,0.475458025932312,0.4000000059604645,0.37253862619400024,0,0,1,0.17919962108135223,0,1,0.11903062462806702,1,0,0.33039936423301697,0,1,0.10974857211112976,1,0,0.2616209089756012
subject_02:sample_0000330,2,330,0,1,0,0,1,0.5768386125564575,0.16480529308319092,0.4710606336593628,0.4000000059604645,0.36583948135375977,0,0,1,0.1840491145849228,0,1,0.11617182940244675,1,0,0.3272837698459625,0,1,0.11176791787147522,1,0,0.2607264220714569
subject_02:sample_0000331,2,331,0,1,0,0,1,0.574626624584198,0.16079062223434448,0.4694673418998718,0.4000000059604645,0.36293426156044006,0,0,1,0.1861909031867981,0,1,0.11451859027147293,1,0,0.3257305324077606,0,1,0.11307983845472336,1,0,0.26047924160957336
subject_02:sample_0000332,2,332,0,1,0,0,1,0.5740220546722412,0.16015657782554626,0.4678446650505066,0.4000000059604645,0.3621669411659241,0,0,1,0.1869785040616989,0,1,0.1132785752415657,1,0,0.3257477581501007,0,1,0.113559290766716,1,0,0.26043492555618286
subject_02:sample_0000333,2,333,0,1,0,0,1,0.5740451812744141,0.16063466668128967,0.46675169467926025,0.4000000059604645,0.3622286915779114,0,0,1,0.18729276955127716,0,1,0.11214147508144379,1,0,0.32604169845581055,0,1,0.11392533034086227,1,0,0.260597825050354
subject_02:sample_0000334,2,334,1,1,1,1,1,0.9969438314437866,0.9944140315055847,0.9839555025100708,1.0,0.9938099980354309,1,1,1,0.18042218685150146,1,1,0.21292941272258759,1,1,0.2106512039899826,1,1,0.1961781084537506,1,1,0.19981816411018372
subject_02:sample_0000335,2,335,1,1,1,1,1,0.9969438910484314,0.994414746761322,0.9839556217193604,1.0,0.9938101768493652,1,1,1,0.1804204136133194,1,1,0.21312589943408966,1,1,0.21052484214305878,1,1,0.1962113231420517,1,1,0.19971659779548645
subject_02:sample_0000336,2,336,1,1,1,1,1,0.9969569444656372,0.9944437146186829,0.9840077757835388,1.0,0.9938338994979858,1,1,1,0.17994321882724762,1,1,0.21299922466278076,1,1,0.21051262319087982,1,1,0.19626767933368683,1,1,0.20027627050876617
subject_02:sample_0000337,2,337,1,1,1,1,1,0.9969704151153564,0.9944734573364258,0.9840613007545471,1.0,0.9938582181930542,1,1,1,0.17935556173324585,1,1,0.212948739528656,1,1,0.21042799949645996,1,1,0.19630484282970428,1,1,0.20096182823181152
subject_02:sample_0000338,2,338,1,1,1,1,1,0.9969915747642517,0.9945197105407715,0.9841467142105103,1.0,0.9938965439796448,1,1,1,0.17895865440368652,1,1,0.21216486394405365,1,1,0.21039770543575287,1,1,0.1964707225561142,1,1,0.20200709998607635
subject_02:sample_0000339,2,339,1,1,1,1,1,0.997018575668335,0.9945785403251648,0.9842556118965149,1.0,0.9939454793930054,1,1,1,0.17864084243774414,1,1,0.21010379493236542,1,1,0.2108621597290039,1,1,0.19635631144046783,1,1,0.20403596758842468
subject_02:sample_0000340,2,340,1,1,1,1,1,0.997038722038269,0.9946230053901672,0.9843357801437378,1.0,0.9939818978309631,1,1,1,0.17889858782291412,1,1,0.2072296440601349,1,1,0.21144171059131622,1,1,0.19599123299121857,1,1,0.206437885761261
subject_02:sample_0000341,2,341,1,1,1,1,1,0.997050940990448,0.9946510195732117,0.984382688999176,1.0,0.9940037727355957,1,1,1,0.1797034740447998,1,1,0.20496895909309387,1,1,0.21158844232559204,1,1,0.19539138674736023,1,1,0.20834676921367645
subject_02:sample_0000342,2,342,1,1,1,1,1,0.9970533847808838,0.994658350944519,0.9843884110450745,1.0,0.9940075874328613,1,1,1,0.18073824048042297,1,1,0.2040480226278305,1,1,0.21128475666046143,1,1,0.19480490684509277,1,1,0.20912311971187592
subject_02:sample_0000343,2,343,1,1,1,1,1,0.9970557689666748,0.9946664571762085,0.9843923449516296,1.0,0.9940112233161926,1,1,1,0.18242354691028595,1,1,0.20399558544158936,1,1,0.21043696999549866,1,1,0.1943424791097641,1,1,0.2088005393743515
subject_02:sample_0000344,2,344,1,1,1,1,1,0.9970587491989136,0.9946750998497009,0.9844015836715698,1.0,0.9940164089202881,1,1,1,0.18410624563694,1,1,0.20478668808937073,1,1,0.20932862162590027,1,1,0.19424214959144592,1,1,0.2075352817773819
subject_02:sample_0000345,2,345,1,1,1,1,1,0.9970567226409912,0.9946735501289368,0.9843893051147461,1.0,0.9940123558044434,1,1,1,0.1862674057483673,1,1,0.20663203299045563,1,1,0.20771820843219757,1,1,0.19432392716407776,1,1,0.20505744218826294
subject_02:sample_0000346,2,346,1,1,1,1,1,0.9970359802246094,0.9946333169937134,0.9842970967292786,1.0,0.993973970413208,1,1,1,0.18934662640094757,1,1,0.2085023671388626,1,1,0.20562447607517242,1,1,0.19467046856880188,1,1,0.2018551379442215
subject_02:sample_0000347,2,347,1,1,1,1,1,0.996981143951416,0.9945255517959595,0.9840585589408875,1.0,0.993873119354248,1,1,1,0.19383575022220612,1,1,0.2104012668132782,1,1,0.2019759565591812,1,1,0.19501888751983643,1,1,0.19876721501350403
subject_02:sample_0000348,2,348,1,1,1,1,1,0.9969240427017212,0.9944140315055847,0.9838108420372009,1.0,0.993768572807312,1,1,1,0.1976487934589386,1,1,0.2119644433259964,1,1,0.1986493021249771,1,1,0.19467364251613617,1,1,0.19706284999847412
subject_02:sample_0000349,2,349,1,1,1,1,1,0.996848464012146,0.9942690134048462,0.9834792613983154,1.0,0.9936297535896301,1,1,1,0.20246104896068573,1,1,0.211941197514534,1,1,0.19628728926181793,1,1,0.19393810629844666,1,1,0.19537138938903809
subject_02:sample_0000350,2,350,1,1,1,1,1,0.9967171549797058,0.9940190315246582,0.9829035401344299,1.0,0.9933891296386719,1,1,1,0.2106124758720398,1,1,0.2136009931564331,1,1,0.19260604679584503,1,1,0.19131840765476227,1,1,0.1918611079454422
subject_02:sample_0000351,2,351,1,1,1,1,1,0.996607780456543,0.9938268065452576,0.9824070334434509,1.0,0.9931883811950684,1,1,1,0.2222682684659958,1,1,0.2139834761619568,1,1,0.18839919567108154,1,1,0.18774811923503876,1,1,0.18759997189044952
subject_02:sample_0000352,2,352,1,1,1,1,1,0.9965378046035767,0.9936888217926025,0.9821088314056396,1.0,0.9930610656738281,1,1,1,0.22382569313049316,1,1,0.21654267609119415,1,1,0.18716441094875336,1,1,0.18653568625450134,1,1,0.18593059480190277
subject_02:sample_0000353,2,353,1,1,1,1,1,0.9964760541915894,0.9935737252235413,0.9818373322486877,1.0,0.9929482936859131,1,1,1,0.22513601183891296,1,1,0.2189588099718094,1,1,0.18596674501895905,1,1,0.18569046258926392,1,1,0.18424710631370544
subject_02:sample_0000354,2,354,1,1,1,1,1,0.9962571859359741,0.9932084083557129,0.9808297157287598,1.0,0.9925476312637329,1,1,1,0.23888126015663147,1,1,0.22671565413475037,1,1,0.17868784070014954,1,1,0.17893347144126892,1,1,0.1767808198928833
subject_02:sample_0000355,2,355,1,1,1,1,1,0.9959566593170166,0.9928019046783447,0.9793061017990112,1.0,0.9919856190681458,1,1,1,0.2530166506767273,1,1,0.2420957088470459,1,1,0.1691296100616455,1,1,0.16921110451221466,1,1,0.16654595732688904
subject_02:sample_0000356,2,356,1,1,1,1,1,0.9943863153457642,0.9910104274749756,0.971139669418335,1.0,0.9890739321708679,1,1,1,0.2623191177845001,1,1,0.25864464044570923,1,1,0.1609342098236084,1,1,0.16049882769584656,1,1,0.15760226547718048
subject_02:sample_0000357,2,357,1,1,1,1,1,0.5565842986106873,0.11653724312782288,0.4894264340400696,0.6000000238418579,0.37149983644485474,0,0,0,0.2660825252532959,0,0,0.275279700756073,1,1,0.15452326834201813,1,1,0.153655007481575,1,1,0.15045855939388275
subject_02:sample_0000358,2,358,1,0,0,1,1,0.5374830961227417,0.07636553049087524,0.4948709011077881,0.4000000059604645,0.30022963881492615,0,0,0,0.2665408253669739,0,0,0.27097681164741516,1,1,0.1561892181634903,1,1,0.15500125288963318,1,1,0.1512908935546875
subject_02:sample_0000359,2,359,1,0,0,1,1,0.5138324499130249,0.029133647680282593,0.49276214838027954,0.4000000059604645,0.23306573927402496,0,0,0,0.2597637474536896,0,0,0.2540547549724579,1,1,0.16469132900238037,1,1,0.16285212337970734,1,1,0.1586371213197708
subject_02:sample_0000360,2,360,1,1,1,1,1,0.5249306559562683,0.051455020904541016,0.49286574125289917,0.6000000238418579,0.2989526689052582,0,0,0,0.24299101531505585,0,0,0.2304651141166687,1,1,0.1789896935224533,1,1,0.1762140840291977,1,1,0.17133913934230804
subject_02:sample_0000361,2,361,1,1,1,1,1,0.5605562925338745,0.12282869219779968,0.4968467354774475,0.6000000238418579,0.3785063624382019,0,0,0,0.22608186304569244,0,0,0.21162356436252594,1,1,0.19196364283561707,1,1,0.18798646330833435,1,1,0.1823435127735138
subject_02:sample_0000362,2,362,1,1,1,1,1,0.59221351146698,0.18626800179481506,0.503463864326477,0.6000000238418579,0.427251935005188,0,0,0,0.2104358971118927,0,0,0.19548514485359192,1,1,0.20409995317459106,1,1,0.19811345636844635,1,1,0.19186460971832275
subject_02:sample_0000363,2,363,1,1,1,1,1,0.6289084553718567,0.2597919702529907,0.5149655342102051,0.6000000238418579,0.4740079641342163,0,0,0,0.19087764620780945,0,0,0.1782120168209076,1,1,0.2181907743215561,1,1,0.2095491588115692,1,1,0.20316946506500244
subject_02:sample_0000364,2,364,1,1,1,1,1,0.655867338180542,0.3138090670108795,0.5260822772979736,0.6000000238418579,0.5048608183860779,0,0,0,0.1759159415960312,0,0,0.16611364483833313,1,1,0.2288348376750946,1,1,0.21747024357318878,1,1,0.2116643637418747
subject_02:sample_0000365,2,365,1,1,1,1,1,0.6735019683837891,0.34914082288742065,0.5346279740333557,0.6000000238418579,0.5240654945373535,0,0,0,0.16574186086654663,0,0,0.15858928859233856,1,1,0.2359020859003067,1,1,0.22231826186180115,1,1,0.21744751930236816
subject_02:sample_0000366,2,366,1,1,1,1,1,0.6826924085617065,0.3675488233566284,0.5395078659057617,0.6000000238418579,0.5338537693023682,0,0,0,0.16044707596302032,0,0,0.1546657681465149,1,1,0.23991511762142181,1,1,0.22438466548919678,1,1,0.22058646380901337
subject_02:sample_0000367,2,367,1,1,1,1,1,0.6889430284500122,0.3800678551197052,0.5429911613464355,0.6000000238418579,0.5404395461082458,0,0,0,0.15653575956821442,0,0,0.15230800211429596,1,1,0.24256464838981628,1,1,0.22561515867710114,1,1,0.222975492477417
subject_02:sample_0000368,2,368,1,1,1,1,1,0.6963948607444763,0.3949965834617615,0.5473039150238037,0.6000000238418579,0.5482229590415955,0,0,0,0.15203897655010223,0,0,0.14932698011398315,1,1,0.24567334353923798,1,1,0.22716480493545532,1,1,0.2257949560880661
subject_02:sample_0000369,2,369,1,1,1,1,1,0.6970033049583435,0.39621585607528687,0.5476638674736023,0.6000000238418579,0.5488555431365967,0,0,0,0.151983380317688,0,0,0.1487714797258377,1,1,0.2463178038597107,1,1,0.2267085164785385,1,1,0.2262178361415863
subject_02:sample_0000370,2,370,1,1,1,1,1,0.6986874341964722,0.3995862901210785,0.5486805438995361,0.6000000238418579,0.5506061911582947,0,0,0,0.1511707752943039,0,0,0.14789743721485138,1,1,0.2471759170293808,1,1,0.22678078711032867,1,1,0.22697412967681885
subject_02:sample_0000371,2,371,1,1,1,1,1,0.7006927132606506,0.4035930037498474,0.5499275922775269,0.6000000238418579,0.5526905059814453,0,0,0,0.14970166981220245,0,0,0.14736482501029968,1,1,0.24819903075695038,1,1,0.2269734889268875,1,1,0.22775998711585999
subject_02:sample_0000372,2,372,1,1,1,1,1,0.7056650519371033,0.41354888677597046,0.5530046224594116,0.6000000238418579,0.5578293204307556,0,0,0,0.14629456400871277,0,0,0.14578774571418762,1,1,0.2501230537891388,1,1,0.2281113862991333,1,1,0.2296822965145111
subject_02:sample_0000373,2,373,1,1,1,1,1,0.7145671844482422,0.4313800036907196,0.5587071180343628,0.6000000238418579,0.5669693946838379,0,0,0,0.1406664252281189,0,0,0.1424858272075653,1,1,0.2534250020980835,1,1,0.23051968216896057,1,1,0.23290209472179413
subject_02:sample_0000374,2,374,1,1,1,1,1,0.7267672419548035,0.4558216333389282,0.5669671297073364,0.6000000238418579,0.5793951153755188,0,0,0,0.13324207067489624,0,0,0.13766716420650482,1,1,0.2577669024467468,1,1,0.23393948376178741,1,1,0.23738344013690948
subject_02:sample_0000375,2,375,1,1,1,1,1,0.7321569919586182,0.46661487221717834,0.5708060264587402,0.6000000238418579,0.584858238697052,0,0,0,0.1302666962146759,0,0,0.13523857295513153,1,1,0.2596341073513031,1,1,0.23544302582740784,1,1,0.23941662907600403
subject_02:sample_0000376,2,376,2,2,1,2,1,0.9996278285980225,0.9993299245834351,0.9974750876426697,1.0,0.9991077780723572,1,2,1,0.24656832218170166,2,1,0.3004554510116577,2,1,0.18112075328826904,2,1,0.11863265931606293,2,1,0.15322181582450867
subject_02:sample_0000377,2,377,2,2,1,2,1,0.9996277093887329,0.9993299841880798,0.9974736571311951,1.0,0.9991073608398438,1,2,1,0.24672342836856842,2,1,0.30032142996788025,2,1,0.18155920505523682,2,1,0.1184692457318306,2,1,0.15292580425739288
subject_02:sample_0000378,2,378,2,2,1,2,1,0.999629020690918,0.999333381652832,0.9974812865257263,1.0,0.9991104602813721,1,2,1,0.2467508465051651,2,1,0.3010162115097046,2,1,0.18208488821983337,2,1,0.11791395395994186,2,1,0.15223313868045807
subject_02:sample_0000379,2,379,2,2,1,2,1,0.9996300935745239,0.9993360042572021,0.9974870085716248,1.0,0.9991127848625183,1,2,1,0.24673424661159515,2,1,0.3012707829475403,2,1,0.182498499751091,2,1,0.11752822250127792,2,1,0.15196730196475983
subject_02:sample_0000380,2,380,2,2,1,2,1,0.999630331993103,0.9993365406990051,0.9974879026412964,1.0,0.9991132616996765,1,2,1,0.24665622413158417,2,1,0.30144378542900085,2,1,0.18265269696712494,2,1,0.11737377941608429,2,1,0.15187257528305054
subject_02:sample_0000381,2,381,2,2,1,2,1,0.9996307492256165,0.9993373155593872,0.9974910020828247,1.0,0.9991143345832825,1,2,1,0.24627725780010223,2,1,0.3018558919429779,2,1,0.1822923868894577,2,1,0.11745758354663849,2,1,0.15211588144302368
subject_02:sample_0000382,2,382,2,2,1,2,1,0.9996310472488403,0.9993376135826111,0.9974930286407471,1.0,0.9991149306297302,1,2,1,0.24588856101036072,2,1,0.3025297522544861,2,1,0.1819252222776413,2,1,0.11761847138404846,2,1,0.15203700959682465
subject_02:sample_0000383,2,383,2,2,1,2,1,0.9996322393417358,0.9993398785591125,0.9975001811981201,1.0,0.9991176128387451,1,2,1,0.24530690908432007,2,1,0.3035777807235718,2,1,0.18165892362594604,2,1,0.11761312186717987,2,1,0.15184229612350464
subject_02:sample_0000384,2,384,2,2,1,2,1,0.9996322989463806,0.9993398785591125,0.9975007772445679,1.0,0.9991178512573242,1,2,1,0.24534468352794647,2,1,0.3039679527282715,2,1,0.18140161037445068,2,1,0.1176823228597641,2,1,0.15160243213176727
subject_02:sample_0000385,2,385,2,2,1,2,1,0.9996325969696045,0.9993402361869812,0.9975017309188843,1.0,0.9991182088851929,1,2,1,0.24569924175739288,2,1,0.3041335940361023,2,1,0.18110716342926025,2,1,0.11773624271154404,2,1,0.1513228714466095
subject_02:sample_0000386,2,386,2,2,1,2,1,0.9996329545974731,0.999340832233429,0.9975046515464783,1.0,0.9991191625595093,1,2,1,0.24582326412200928,2,1,0.3046738803386688,2,1,0.18067243695259094,2,1,0.11780451983213425,2,1,0.15102490782737732
subject_02:sample_0000387,2,387,2,2,1,2,1,0.9996335506439209,0.9993418455123901,0.9975086450576782,1.0,0.9991205930709839,1,2,1,0.24584901332855225,2,1,0.3051392436027527,2,1,0.18026544153690338,2,1,0.11789393424987793,2,1,0.15085135400295258
subject_02:sample_0000388,2,388,1,2,0,2,0,0.9996738433837891,0.9993863701820374,0.9977874159812927,1.0,0.9992115497589111,1,2,0,0.19853568077087402,2,0,0.20710301399230957,2,0,0.1984582096338272,2,0,0.19627109169960022,2,0,0.1996309757232666
subject_02:sample_0000389,2,389,1,2,0,2,0,0.9996719360351562,0.9993825554847717,0.9977763891220093,1.0,0.9992073774337769,1,2,0,0.1982388198375702,2,0,0.20697058737277985,2,0,0.19882534444332123,2,0,0.196339413523674,2,0,0.19962483644485474
subject_02:sample_0000390,2,390,1,2,0,2,0,0.9996695518493652,0.9993779063224792,0.9977627396583557,1.0,0.9992021322250366,1,2,0,0.19830545783042908,2,0,0.20679432153701782,2,0,0.19898876547813416,2,0,0.1963396817445755,2,0,0.19957074522972107
subject_02:sample_0000391,2,391,1,2,0,2,0,0.9996644258499146,0.9993678331375122,0.9977319836616516,1.0,0.999190628528595,1,2,0,0.19802862405776978,2,0,0.20642797648906708,2,0,0.1993417739868164,2,0,0.19648517668247223,2,0,0.19971542060375214
subject_02:sample_0000392,2,392,1,2,0,2,0,0.999656081199646,0.9993515014648438,0.9976818561553955,1.0,0.9991719126701355,1,2,0,0.1975577175617218,2,0,0.20597518980503082,2,0,0.19979147613048553,2,0,0.1967613250017166,2,0,0.19991330802440643
subject_02:sample_0000393,2,393,1,2,0,2,0,0.9996441602706909,0.9993287324905396,0.997612476348877,1.0,0.9991459250450134,1,2,0,0.19685207307338715,2,0,0.20559196174144745,2,0,0.20034538209438324,2,0,0.19709812104701996,2,0,0.2001114785671234
subject_02:sample_0000394,2,394,1,2,0,2,0,0.9996370077133179,0.9993147850036621,0.9975695610046387,1.0,0.9991298913955688,1,2,0,0.19638586044311523,2,0,0.2048153281211853,2,0,0.20101656019687653,2,0,0.19764141738414764,2,0,0.2001398205757141
subject_02:sample_0000395,2,395,1,2,0,2,0,0.9996228218078613,0.999287486076355,0.9974859952926636,1.0,0.9990986585617065,1,2,0,0.1957438737154007,2,0,0.20447532832622528,2,0,0.20125195384025574,2,0,0.19806380569934845,2,0,0.20046405494213104
subject_02:sample_0000396,2,396,1,2,0,2,0,0.9996019005775452,0.9992472529411316,0.9973620176315308,1.0,0.9990522861480713,1,2,0,0.195264995098114,2,0,0.20462897419929504,2,0,0.20131270587444305,2,0,0.19832202792167664,2,0,0.20047041773796082
subject_02:sample_0000397,2,397,1,2,0,2,0,0.9995712041854858,0.9991884827613831,0.9971839189529419,1.0,0.9989852905273438,1,2,0,0.19476263225078583,2,0,0.2048896700143814,2,0,0.2012590914964676,2,0,0.19863146543502808,2,0,0.2004561722278595
subject_02:sample_0000398,2,398,1,2,0,2,0,0.9995298981666565,0.9991092085838318,0.9969452619552612,1.0,0.9988954067230225,1,2,0,0.19419939815998077,2,0,0.20516569912433624,2,0,0.20102815330028534,2,0,0.19893690943717957,2,0,0.20066885650157928
subject_02:sample_0000399,2,399,1,2,0,2,0,0.9994858503341675,0.9990249276161194,0.9966944456100464,1.0,0.99880051612854,1,2,0,0.19393576681613922,2,0,0.20560204982757568,2,0,0.20003443956375122,2,0,0.1988266408443451,2,0,0.2016000747680664
subject_02:sample_0000400,2,400,1,2,0,2,0,0.9994316697120667,0.9989208579063416,0.9963887929916382,1.0,0.9986844062805176,1,2,0,0.1936427801847458,2,0,0.20591093599796295,2,0,0.1995025873184204,2,0,0.19883254170417786,2,0,0.2021101415157318
subject_02:sample_0000401,2,401,1,2,0,2,0,0.9993749856948853,0.9988122582435608,0.9960739612579346,1.0,0.9985641837120056,1,2,0,0.19353893399238586,2,0,0.2062809318304062,2,0,0.19939301908016205,2,0,0.1987709254026413,2,0,0.20201517641544342
subject_02:sample_0000402,2,402,1,2,0,2,0,0.9993026256561279,0.9986732602119446,0.9956759810447693,1.0,0.9984115362167358,1,2,0,0.19364863634109497,2,0,0.20645974576473236,2,0,0.19945186376571655,2,0,0.19877555966377258,2,0,0.2016632854938507
subject_02:sample_0000403,2,403,1,2,0,2,0,0.999199628829956,0.998475193977356,0.9951218962669373,1.0,0.9981974363327026,1,2,0,0.19360022246837616,2,0,0.2068452686071396,2,0,0.19961786270141602,2,0,0.19880765676498413,2,0,0.2011280059814453
subject_02:sample_0000404,2,404,1,2,0,2,0,0.9990755915641785,0.9982367753982544,0.9944652915000916,1.0,0.9979422092437744,1,2,0,0.19379010796546936,2,0,0.20707979798316956,2,0,0.1998254805803299,2,0,0.1988794207572937,2,0,0.2004242092370987
subject_02:sample_0000405,2,405,1,2,0,2,0,0.9989773631095886,0.9980475306510925,0.9939550757408142,1.0,0.9977423548698425,1,2,0,0.19446390867233276,2,0,0.20730184018611908,2,0,0.19979016482830048,2,0,0.19870397448539734,2,0,0.19973918795585632
subject_02:sample_0000406,2,406,1,2,0,2,0,0.9988613128662109,0.9978232383728027,0.9933624267578125,1.0,0.9975085854530334,1,2,0,0.1953621804714203,2,0,0.20718444883823395,2,0,0.1995488703250885,2,0,0.19847212731838226,2,0,0.1994314044713974
subject_02:sample_0000407,2,407,1,2,0,2,0,0.9987372159957886,0.9975824952125549,0.9927394390106201,1.0,0.9972609877586365,1,2,0,0.1963547021150589,2,0,0.20701949298381805,2,0,0.19933411478996277,2,0,0.19829769432544708,2,0,0.1989930421113968
subject_02:sample_0000408,2,408,1,2,0,2,0,0.9985533952713013,0.997225821018219,0.9918336868286133,1.0,0.9968984127044678,1,2,0,0.1976105272769928,2,0,0.20673321187496185,2,0,0.19916924834251404,2,0,0.19820591807365417,2,0,0.19828014075756073
subject_02:sample_0000409,2,409,1,2,0,2,0,0.9982891082763672,0.9967120885848999,0.9905617237091064,1.0,0.99638432264328,1,2,0,0.19913536310195923,2,0,0.20631282031536102,2,0,0.19904743134975433,2,0,0.19820117950439453,2,0,0.1973021775484085
subject_02:sample_0000410,2,410,1,2,0,2,0,0.9979772567749023,0.996105432510376,0.9890995621681213,1.0,0.9957870841026306,1,2,0,0.20015265047550201,2,0,0.20605549216270447,2,0,0.19899451732635498,2,0,0.19834968447685242,2,0,0.19644667208194733
subject_02:sample_0000411,2,411,1,2,0,2,0,0.9977572560310364,0.9956814646720886,0.9880820512771606,1.0,0.9953700304031372,1,2,0,0.20027732849121094,2,0,0.2057119458913803,2,0,0.19887085258960724,2,0,0.19851993024349213,2,0,0.19661903381347656
subject_02:sample_0000412,2,412,1,2,0,2,0,0.9976698756217957,0.9955175518989563,0.9876744747161865,1.0,0.9952046871185303,1,2,0,0.20004737377166748,2,0,0.20559100806713104,2,0,0.19874943792819977,2,0,0.1987762302160263,2,0,0.19683505594730377
subject_02:sample_0000413,2,413,1,2,0,2,0,0.997605562210083,0.9954001903533936,0.9873707294464111,1.0,0.9950827956199646,1,2,0,0.2000555545091629,2,0,0.20587781071662903,2,0,0.19898568093776703,2,0,0.19956262409687042,2,0,0.19551734626293182
subject_02:sample_0000414,2,414,1,2,0,2,0,0.9977905750274658,0.9957597255706787,0.9882102608680725,1.0,0.9954302310943604,1,2,0,0.19976773858070374,2,0,0.20612388849258423,2,0,0.19891151785850525,2,0,0.19958066940307617,2,0,0.1956152319908142
subject_02:sample_0000415,2,415,1,1,1,1,1,0.5105593204498291,0.022418826818466187,0.49362343549728394,0.6000000238418579,0.24129678308963776,0,1,1,0.17391042411327362,2,0,0.2431405782699585,2,0,0.24485115706920624,1,1,0.17859618365764618,1,1,0.15950071811676025
subject_02:sample_0000416,2,416,1,1,1,1,1,0.5114257335662842,0.024154067039489746,0.49364209175109863,0.6000000238418579,0.24594280123710632,0,1,1,0.17432014644145966,2,0,0.2428281009197235,2,0,0.24429230391979218,1,1,0.1788996160030365,1,1,0.15965886414051056
subject_02:sample_0000417,2,417,1,1,1,1,1,0.5125037431716919,0.026312649250030518,0.49367040395736694,0.6000000238418579,0.2513984143733978,0,1,1,0.17455624043941498,2,0,0.24239817261695862,2,0,0.24363867938518524,1,1,0.17957474291324615,1,1,0.15983116626739502
subject_02:sample_0000418,2,418,1,1,1,1,1,0.5125802755355835,0.026471108198165894,0.4936506152153015,0.6000000238418579,0.2517828941345215,0,1,1,0.17462898790836334,2,0,0.24256445467472076,2,0,0.24339349567890167,1,1,0.17952828109264374,1,1,0.15988381206989288
subject_02:sample_0000419,2,419,1,1,1,1,1,0.5147292017936707,0.030772864818572998,0.49372220039367676,0.6000000238418579,0.26172494888305664,0,1,1,0.1753172129392624,2,0,0.24130216240882874,2,0,0.24249638617038727,1,1,0.1807873696088791,1,1,0.16009598970413208
subject_02:sample_0000420,2,420,1,1,1,1,1,0.517082929611206,0.03549480438232422,0.4937725067138672,0.6000000238418579,0.27155062556266785,0,1,1,0.17607539892196655,2,0,0.2401714324951172,2,0,0.24125473201274872,1,1,0.1822790503501892,1,1,0.1602184772491455
subject_02:sample_0000421,2,421,1,1,1,1,1,0.51994389295578,0.041227906942367554,0.4938831925392151,0.6000000238418579,0.28231295943260193,0,1,1,0.17700622975826263,2,0,0.23852404952049255,2,0,0.24002213776111603,1,1,0.18408480286598206,1,1,0.16036182641983032
subject_02:sample_0000422,2,422,1,1,1,1,1,0.5225049257278442,0.04635137319564819,0.49403858184814453,0.6000000238418579,0.29108262062072754,0,1,1,0.17777030169963837,2,0,0.23709018528461456,2,0,0.23888392746448517,1,1,0.18577095866203308,1,1,0.16048364341259003
subject_02:sample_0000423,2,423,1,1,1,1,1,0.5259413123130798,0.0532355010509491,0.4942365884780884,0.6000000238418579,0.3018604516983032,0,1,1,0.17876967787742615,2,0,0.23546183109283447,2,0,0.2370518147945404,1,1,0.18813471496105194,1,1,0.1605810821056366
subject_02:sample_0000424,2,424,1,1,1,1,1,0.5293422341346741,0.06005015969276428,0.4944601058959961,0.6000000238418579,0.31162571907043457,0,1,1,0.1797899603843689,2,0,0.23397821187973022,2,0,0.23510724306106567,1,1,0.1904180496931076,1,1,0.1607055515050888
subject_02:sample_0000425,2,425,1,1,1,1,1,0.5305732488632202,0.06252312660217285,0.49452197551727295,0.6000000238418579,0.31497839093208313,0,1,1,0.18016807734966278,2,0,0.23372438549995422,2,0,0.2341134399175644,1,1,0.19134177267551422,1,1,0.16065138578414917
subject_02:sample_0000426,2,426,1,1,1,1,1,0.5333885550498962,0.06815487146377563,0.4947829842567444,0.6000000238418579,0.3223121464252472,0,1,1,0.18089498579502106,2,0,0.2324017584323883,2,0,0.232602059841156,1,1,0.1931276172399521,1,1,0.16097252070903778
subject_02:sample_0000427,2,427,1,1,1,1,1,0.5340142250061035,0.06939524412155151,0.49489057064056396,0.6000000238418579,0.32388120889663696,0,1,1,0.1811343878507614,2,0,0.23209354281425476,2,0,0.23228977620601654,1,1,0.19328616559505463,1,1,0.16119521856307983
subject_02:sample_0000428,2,428,1,1,1,1,1,0.5336917042732239,0.06873205304145813,0.49493539333343506,0.6000000238418579,0.3230631351470947,0,1,1,0.18120352923870087,2,0,0.2320454865694046,2,0,0.2326769381761551,1,1,0.1926102489233017,1,1,0.16146281361579895
subject_02:sample_0000429,2,429,1,1,1,1,1,0.5326921343803406,0.0667121410369873,0.4949262738227844,0.6000000238418579,0.32051122188568115,0,1,1,0.18090207874774933,2,0,0.23232285678386688,2,0,0.23342138528823853,1,1,0.19170527160167694,1,1,0.16164737939834595
subject_02:sample_0000430,2,430,1,1,1,1,1,0.5312960147857666,0.06390485167503357,0.49485868215560913,0.6000000238418579,0.31686607003211975,0,1,1,0.18049192428588867,2,0,0.23297880589962006,2,0,0.2341802567243576,1,1,0.19057852029800415,1,1,0.16176947951316833
subject_02:sample_0000431,2,431,1,1,1,1,1,0.529821515083313,0.06094798445701599,0.4947592616081238,0.6000000238418579,0.31290215253829956,0,1,1,0.18007530272006989,2,0,0.23346765339374542,2,0,0.2351776361465454,1,1,0.18959352374076843,1,1,0.16168490052223206
subject_02:sample_0000432,2,432,1,1,1,1,1,0.5283679962158203,0.05803626775741577,0.4946540594100952,0.6000000238418579,0.30886751413345337,0,1,1,0.1797957718372345,2,0,0.23411135375499725,2,0,0.2359960377216339,1,1,0.18845847249031067,1,1,0.16163742542266846
subject_02:sample_0000433,2,433,1,1,1,1,1,0.5278688669204712,0.05702611804008484,0.49466413259506226,0.6000000238418579,0.3074435591697693,0,1,1,0.17977984249591827,2,0,0.2337462604045868,2,0,0.2368679642677307,1,1,0.18781878054141998,1,1,0.16178618371486664
subject_02:sample_0000434,2,434,1,1,1,1,1,0.5294976234436035,0.06028434634208679,0.49479806423187256,0.6000000238418579,0.31200531125068665,0,1,1,0.18034017086029053,2,0,0.2325688749551773,2,0,0.2364046424627304,1,1,0.1887361854314804,1,1,0.16194918751716614
subject_02:sample_0000435,2,435,1,1,1,1,1,0.5310419797897339,0.0633777379989624,0.4949162006378174,0.6000000238418579,0.3161819875240326,0,1,1,0.1808033138513565,2,0,0.2315923273563385,2,0,0.23582179844379425,1,1,0.18969441950321198,1,1,0.16208718717098236
subject_02:sample_0000436,2,436,1,1,1,1,1,0.531287670135498,0.063876211643219,0.4949077367782593,0.6000000238418579,0.3168371617794037,0,1,1,0.18093344569206238,2,0,0.23125115036964417,2,0,0.2359095960855484,1,1,0.18980520963668823,1,1,0.1620997190475464
subject_02:sample_0000437,2,437,1,1,1,1,1,0.5311620235443115,0.0636354386806488,0.4948510527610779,0.6000000238418579,0.3165103793144226,0,1,1,0.18086208403110504,2,0,0.2313111573457718,2,0,0.23596853017807007,1,1,0.18982766568660736,1,1,0.16202965378761292
subject_02:sample_0000438,2,438,1,1,1,1,1,0.529503345489502,0.06032344698905945,0.49468010663986206,0.6000000238418579,0.3120381236076355,0,1,1,0.18034754693508148,2,0,0.2320203185081482,2,0,0.23692509531974792,1,1,0.18878433108329773,1,1,0.16192170977592468
subject_02:sample_0000439,2,439,1,1,1,1,1,0.5279354453086853,0.05718713998794556,0.49454957246780396,0.6000000238418579,0.3076522648334503,0,1,1,0.17985177040100098,2,0,0.23274977505207062,2,0,0.23777469992637634,1,1,0.1876036822795868,1,1,0.16201917827129364
subject_02:sample_0000440,2,440,1,1,1,1,1,0.5270822048187256,0.05548641085624695,0.4944562315940857,0.6000000238418579,0.3052010238170624,0,1,1,0.17953239381313324,2,0,0.23295965790748596,2,0,0.2384207397699356,1,1,0.18705491721630096,1,1,0.16203130781650543
subject_02:sample_0000441,2,441,1,1,1,1,1,0.5258949995040894,0.05311477184295654,0.4943518042564392,0.6000000238418579,0.30170008540153503,0,1,1,0.17913450300693512,2,0,0.23326830565929413,2,0,0.2393069565296173,1,1,0.18628692626953125,1,1,0.1620023548603058
subject_02:sample_0000442,2,442,1,1,1,1,1,0.5244090557098389,0.050146251916885376,0.4942273497581482,0.6000000238418579,0.29716432094573975,0,1,1,0.17875416576862335,2,0,0.23379582166671753,2,0,0.2402762770652771,1,1,0.18514512479305267,1,1,0.16202764213085175
subject_02:sample_0000443,2,443,1,1,1,1,1,0.5234107971191406,0.04815411567687988,0.4941379427909851,0.6000000238418579,0.2940146028995514,0,1,1,0.1783992052078247,2,0,0.23400911688804626,2,0,0.24106934666633606,1,1,0.18447968363761902,1,1,0.16204170882701874
subject_02:sample_0000444,2,444,1,1,1,1,1,0.5206629037857056,0.04265585541725159,0.49396955966949463,0.6000000238418579,0.28483718633651733,0,1,1,0.17741535604000092,2,0,0.23520123958587646,2,0,0.24264968931674957,1,1,0.18291020393371582,1,1,0.16182255744934082
subject_02:sample_0000445,2,445,1,1,1,1,1,0.5176661610603333,0.03666532039642334,0.4937863349914551,0.6000000238418579,0.2738412618637085,0,1,1,0.17626208066940308,2,0,0.23641565442085266,2,0,0.24445416033267975,1,1,0.18146416544914246,1,1,0.16140291094779968
subject_02:sample_0000446,2,446,1,1,1,1,1,0.5145083665847778,0.030357301235198975,0.49360233545303345,0.6000000238418579,0.2607930600643158,0,1,1,0.17507800459861755,2,0,0.23768363893032074,2,0,0.24636763334274292,1,1,0.18000926077365875,1,1,0.16086047887802124
subject_02:sample_0000447,2,447,1,1,1,1,1,0.512029767036438,0.025408834218978882,0.4934658408164978,0.6000000238418579,0.24912773072719574,0,1,1,0.1738968789577484,2,0,0.2385231852531433,2,0,0.248025044798851,1,1,0.179205060005188,1,1,0.16034890711307526
subject_02:sample_0000448,2,448,1,1,1,1,1,0.5087170004844666,0.018786966800689697,0.4933459758758545,0.6000000238418579,0.23062635958194733,0,1,1,0.17211371660232544,2,0,0.23970799148082733,2,0,0.25017663836479187,1,1,0.17850346863269806,1,1,0.1594972461462021
subject_02:sample_0000449,2,449,1,1,1,1,1,0.5065350532531738,0.014430820941925049,0.4932621121406555,0.6000000238418579,0.21566635370254517,0,1,1,0.17058438062667847,2,0,0.24019500613212585,2,0,0.2518904209136963,1,1,0.17858484387397766,1,1,0.15874436497688293
subject_02:sample_0000450,2,450,1,1,1,1,1,0.5054566264152527,0.012285470962524414,0.49319303035736084,0.6000000238418579,0.20704320073127747,0,1,1,0.16936810314655304,2,0,0.2400934249162674,2,0,0.25308850407600403,1,1,0.17922484874725342,1,1,0.1582241654396057
subject_02:sample_0000451,2,451,1,1,1,1,1,0.5047231912612915,0.010829329490661621,0.49313586950302124,0.6000000238418579,0.20053638517856598,0,1,1,0.16804812848567963,2,0,0.2395613193511963,2,0,0.2543700337409973,1,1,0.18025143444538116,1,1,0.1577681452035904
subject_02:sample_0000452,2,452,1,1,1,1,1,0.5048390626907349,0.011067122220993042,0.4931125044822693,0.6000000238418579,0.20163747668266296,0,1,1,0.16693143546581268,2,0,0.23836833238601685,2,0,0.25546011328697205,1,1,0.18176960945129395,1,1,0.15746961534023285
subject_02:sample_0000453,2,453,1,1,1,1,1,0.5041280388832092,0.009644418954849243,0.49310553073883057,0.6000000238418579,0.19474980235099792,0,1,1,0.16555197536945343,2,0,0.23743470013141632,2,0,0.25711604952812195,1,1,0.18310140073299408,1,1,0.15679489076137543
subject_02:sample_0000454,2,454,1,1,1,1,1,0.5043656229972839,0.01011839509010315,0.49311405420303345,0.6000000238418579,0.19712373614311218,0,1,1,0.1646661013364792,2,0,0.23583924770355225,2,0,0.2584790289402008,1,1,0.1846899390220642,1,1,0.15632471442222595
subject_02:sample_0000455,2,455,1,1,1,1,1,0.5060577988624573,0.013497769832611084,0.49316394329071045,0.6000000238418579,0.21203187108039856,0,1,1,0.1642453521490097,2,0,0.23356027901172638,2,0,0.2590588629245758,1,1,0.18688389658927917,1,1,0.1562507003545761
subject_02:sample_0000456,2,456,1,1,1,1,1,0.5075923204421997,0.01657065749168396,0.49318069219589233,0.6000000238418579,0.22335878014564514,0,1,1,0.1638561189174652,2,0,0.2313936948776245,2,0,0.2596805691719055,1,1,0.18874205648899078,1,1,0.15632662177085876
subject_02:sample_0000457,2,457,1,1,1,1,1,0.5069463849067688,0.015284568071365356,0.493141770362854,0.6000000238418579,0.2188187688589096,0,1,1,0.16287529468536377,2,0,0.230942040681839,2,0,0.26077330112457275,1,1,0.18941424787044525,1,1,0.15599416196346283
subject_02:sample_0000458,2,458,1,1,1,1,1,0.5046173334121704,0.010629802942276001,0.4930838942527771,0.6000000238418579,0.1995905190706253,0,1,1,0.16146177053451538,2,0,0.23170599341392517,2,0,0.2623496651649475,1,1,0.18916308879852295,1,1,0.15531855821609497
subject_02:sample_0000459,2,459,1,1,1,1,1,0.5024221539497375,0.006235063076019287,0.4930760860443115,0.6000000238418579,0.17447923123836517,0,1,1,0.15995903313159943,2,0,0.23243485391139984,2,0,0.26383358240127563,1,1,0.1889980286359787,1,1,0.15477357804775238
subject_02:sample_0000460,2,460,1,1,1,1,1,0.5005372166633606,0.0024587512016296387,0.4930914044380188,0.6000000238418579,0.13813617825508118,0,1,1,0.1585846245288849,2,0,0.23307251930236816,2,0,0.2650968134403229,1,1,0.18888527154922485,1,1,0.1543598175048828
subject_02:sample_0000461,2,461,1,2,0,1,1,0.5007253885269165,0.002833336591720581,0.4930993914604187,0.4000000059604645,0.12933708727359772,0,1,1,0.1572216898202896,2,0,0.23426836729049683,2,0,0.26657044887542725,1,1,0.18805478513240814,1,1,0.15388378500938416
subject_02:sample_0000462,2,462,1,2,0,1,1,0.5025746822357178,0.006533443927764893,0.4931042194366455,0.4000000059604645,0.15952745079994202,0,1,1,0.15619225800037384,2,0,0.23472130298614502,2,0,0.2679964005947113,1,1,0.1874563843011856,1,1,0.15363268554210663
subject_02:sample_0000463,2,463,1,2,0,1,1,0.5034723877906799,0.008346021175384521,0.4930373430252075,0.4000000059604645,0.16966752707958221,0,1,1,0.15589304268360138,2,0,0.23463281989097595,2,0,0.2690335214138031,1,1,0.1866578906774521,1,1,0.1537817120552063
subject_02:sample_0000464,2,464,1,2,0,1,1,0.5036486387252808,0.008709043264389038,0.4929888844490051,0.4000000059604645,0.17149396240711212,0,1,1,0.1558004915714264,2,0,0.23425278067588806,2,0,0.26962846517562866,1,1,0.1863103210926056,1,1,0.1540069729089737
subject_02:sample_0000465,2,465,1,2,0,1,1,0.5036242008209229,0.008668273687362671,0.4929497241973877,0.4000000059604645,0.1712874323129654,0,1,1,0.15582989156246185,2,0,0.23399946093559265,2,0,0.2698800563812256,1,1,0.18604294955730438,1,1,0.15424670279026031
subject_02:sample_0000466,2,466,1,2,0,1,1,0.5041757225990295,0.009783685207366943,0.49290066957473755,0.4000000059604645,0.17659401893615723,0,1,1,0.15589146316051483,2,0,0.23429639637470245,2,0,0.27016741037368774,1,1,0.18529856204986572,1,1,0.15434518456459045
subject_02:sample_0000467,2,467,1,2,0,1,1,0.5046787858009338,0.010801970958709717,0.49284958839416504,0.4000000059604645,0.18106025457382202,0,1,1,0.1560267210006714,2,0,0.23461678624153137,2,0,0.27039000391960144,1,1,0.1845434308052063,1,1,0.1544220745563507
subject_02:sample_0000468,2,468,1,2,0,1,1,0.505241334438324,0.011956959962844849,0.49271780252456665,0.4000000059604645,0.18575669825077057,0,1,1,0.1565891057252884,2,0,0.23520797491073608,2,0,0.2704428434371948,1,1,0.18324528634548187,1,1,0.15451380610466003
subject_02:sample_0000469,2,469,1,3,0,3,0,0.6685623526573181,0.3391781151294708,0.5325234532356262,0.6000000238418579,0.5188178420066833,0,3,0,0.19201034307479858,3,0,0.30897149443626404,3,0,0.17120370268821716,1,1,0.15769444406032562,1,1,0.17011912167072296
subject_02:sample_0000470,2,470,1,3,0,3,0,0.6688159108161926,0.3398344814777374,0.5321099758148193,0.6000000238418579,0.5190171599388123,0,3,0,0.19238406419754028,3,0,0.30897459387779236,3,0,0.17096951603889465,1,1,0.15762658417224884,1,1,0.17004428803920746
subject_02:sample_0000471,2,471,1,3,0,3,0,0.6673162579536438,0.3368632197380066,0.5312507152557373,0.6000000238418579,0.5173792839050293,0,3,0,0.19249533116817474,3,0,0.30747905373573303,3,0,0.17032696306705475,1,1,0.1582615077495575,1,1,0.17143620550632477
subject_02:sample_0000472,2,472,1,3,0,3,0,0.6648295521736145,0.33183109760284424,0.5302128791809082,0.6000000238418579,0.514703631401062,0,3,0,0.19196118414402008,3,0,0.3060225546360016,3,0,0.1696545034646988,1,1,0.15912200510501862,1,1,0.17323876917362213
subject_02:sample_0000473,2,473,1,3,0,3,0,0.6625989079475403,0.32722318172454834,0.5296459197998047,0.6000000238418579,0.5123396515846252,0,3,0,0.1912470906972885,3,0,0.3048194944858551,3,0,0.16928674280643463,1,1,0.15963035821914673,1,1,0.175015389919281
subject_02:sample_0000474,2,474,1,3,0,3,0,0.6609582304954529,0.3237413763999939,0.5295963287353516,0.6000000238418579,0.5106427073478699,0,3,0,0.19078414142131805,3,0,0.303949773311615,3,0,0.16886049509048462,1,1,0.15968796610832214,1,1,0.17671671509742737
subject_02:sample_0000475,2,475,1,3,0,3,0,0.6593596935272217,0.3203553557395935,0.5295494794845581,0.6000000238418579,0.5089827179908752,0,3,0,0.19008632004261017,3,0,0.3032049536705017,3,0,0.16860170662403107,1,1,0.15945406258106232,1,1,0.17865200340747833
subject_02:sample_0000476,2,476,1,3,0,3,0,0.6580206155776978,0.31763550639152527,0.5290693044662476,0.6000000238418579,0.5075257420539856,0,3,0,0.18899832665920258,3,0,0.30281689763069153,3,0,0.16868673264980316,1,1,0.15850326418876648,1,1,0.18099378049373627
subject_02:sample_0000477,2,477,1,3,0,3,0,0.6548574566841125,0.3111870288848877,0.5280557870864868,0.6000000238418579,0.5040804147720337,0,3,0,0.1859244555234909,3,0,0.3024241030216217,3,0,0.16882410645484924,1,1,0.1564575433731079,1,1,0.18636885285377502
subject_02:sample_0000478,2,478,1,3,0,3,0,0.6498889923095703,0.30101925134658813,0.5267152786254883,0.6000000238418579,0.49864354729652405,0,3,0,0.18212054669857025,3,0,0.30046790838241577,3,0,0.16823776066303253,1,1,0.15404939651489258,1,1,0.19512350857257843
subject_02:sample_0000479,2,479,1,3,0,3,0,0.6424959301948547,0.2857562303543091,0.525542140007019,0.6000000238418579,0.4905194640159607,0,3,0,0.17773878574371338,3,0,0.29505595564842224,3,0,0.16690970957279205,1,1,0.1511162668466568,1,1,0.20917841792106628
subject_02:sample_0000480,2,480,1,3,0,3,0,0.6448941826820374,0.29016828536987305,0.5284150838851929,0.6000000238418579,0.49353304505348206,0,3,0,0.17405399680137634,3,0,0.28349947929382324,3,0,0.16539408266544342,1,1,0.1485113501548767,1,1,0.22854015231132507
subject_02:sample_0000481,2,481,1,3,0,3,0,0.8164243698120117,0.633133590221405,0.6544128656387329,0.800000011920929,0.7212539911270142,1,3,0,0.17349277436733246,3,0,0.2701471447944641,3,0,0.1660655438899994,1,1,0.14788784086704254,3,0,0.2424057424068451
subject_02:sample_0000482,2,482,1,3,0,3,0,0.8486843109130859,0.6976028680801392,0.6920682191848755,0.800000011920929,0.7566556930541992,1,3,0,0.1771559864282608,3,0,0.2611696422100067,3,0,0.1702113300561905,1,1,0.15051041543483734,3,0,0.24095168709754944
subject_02:sample_0000483,2,483,1,3,0,3,0,0.8460640907287598,0.6924087405204773,0.6886007785797119,0.800000011920929,0.7537126541137695,1,3,0,0.1821349412202835,3,0,0.2575845420360565,3,0,0.17518164217472076,1,1,0.15358729660511017,3,0,0.23151063919067383
subject_02:sample_0000484,2,484,1,3,0,3,0,0.8433747291564941,0.6870808601379395,0.6850581169128418,0.800000011920929,0.7506914734840393,1,3,0,0.1856687217950821,3,0,0.25746238231658936,3,0,0.17838653922080994,1,1,0.15627112984657288,3,0,0.2222103327512741
subject_02:sample_0000485,2,485,1,3,0,3,0,0.8416682481765747,0.6837555170059204,0.6825512647628784,0.800000011920929,0.7487154006958008,1,3,0,0.18741965293884277,3,0,0.2586783468723297,3,0,0.17980147898197174,1,1,0.15787537395954132,3,0,0.21622419357299805
subject_02:sample_0000486,2,486,1,3,0,3,0,0.8387481570243835,0.6781253218650818,0.6780884861946106,0.800000011920929,0.7452971339225769,1,3,0,0.18743127584457397,3,0,0.25999972224235535,3,0,0.18000435829162598,1,1,0.16060315072536469,3,0,0.2119605541229248
subject_02:sample_0000487,2,487,1,3,0,3,0,0.8351384401321411,0.6718387603759766,0.6702404022216797,0.800000011920929,0.7406039834022522,1,3,0,0.18693950772285461,3,0,0.26115861535072327,3,0,0.17987006902694702,1,1,0.16329719126224518,3,0,0.2087337225675583
subject_02:sample_0000488,2,488,1,3,0,3,0,0.8297387361526489,0.6636798977851868,0.6559226512908936,0.800000011920929,0.7331801056861877,1,3,0,0.18617503345012665,3,0,0.2612680196762085,3,0,0.17953996360301971,1,1,0.16606763005256653,3,0,0.206948384642601
subject_02:sample_0000489,2,489,1,3,0,3,0,0.822598397731781,0.6537034511566162,0.6373007297515869,0.800000011920929,0.7236036658287048,1,3,0,0.1853848099708557,3,0,0.2607234716415405,3,0,0.17926351726055145,1,1,0.16892538964748383,3,0,0.20570193231105804
subject_02:sample_0000490,2,490,1,3,0,3,0,0.8203118443489075,0.6496631503105164,0.6335393786430359,0.800000011920929,0.720912754535675,1,3,0,0.18455824255943298,3,0,0.25982466340065,3,0,0.17857626080513,1,1,0.17068247497081757,3,0,0.2063574343919754
subject_02:sample_0000491,2,491,1,3,0,3,0,0.818396806716919,0.6470251083374023,0.6288613677024841,0.800000011920929,0.7184267044067383,1,3,0,0.1844942271709442,3,0,0.2593684494495392,3,0,0.1784825325012207,1,1,0.17139434814453125,3,0,0.20625951886177063
subject_02:sample_0000492,2,492,1,3,0,3,0,0.8198654651641846,0.6468685865402222,0.6373375058174133,0.800000011920929,0.721114993095398,1,3,0,0.18373732268810272,3,0,0.2588348090648651,3,0,0.17806705832481384,1,1,0.17304809391498566,3,0,0.20631180703639984
subject_02:sample_0000493,2,493,1,3,0,3,0,0.8155663013458252,0.6411901712417603,0.6261178851127625,0.800000011920929,0.7153984904289246,1,3,0,0.183602437376976,3,0,0.2587723731994629,3,0,0.17837847769260406,1,1,0.17445117235183716,3,0,0.20479461550712585
subject_02:sample_0000494,2,494,1,3,0,3,0,0.8126844167709351,0.6363801956176758,0.6210091710090637,0.800000011920929,0.7119616866111755,1,3,0,0.18335402011871338,3,0,0.2583576738834381,3,0,0.17875240743160248,1,1,0.17642302811145782,3,0,0.2031119018793106
subject_02:sample_0000495,2,495,1,3,0,3,0,0.814500093460083,0.6357759237289429,0.6323463916778564,0.800000011920929,0.71541827917099,1,3,0,0.1826261281967163,3,0,0.2577344477176666,3,0,0.17858318984508514,1,1,0.1789107471704483,3,0,0.20214451849460602
subject_02:sample_0000496,2,496,1,3,0,3,0,0.8152128458023071,0.6344311237335205,0.6402930021286011,0.800000011920929,0.7174324989318848,1,3,0,0.18235793709754944,3,0,0.2567770481109619,3,0,0.17858858406543732,1,1,0.18102842569351196,3,0,0.20124708116054535
subject_02:sample_0000497,2,497,1,3,0,3,0,0.8136386275291443,0.630447268486023,0.6410067677497864,0.800000011920929,0.7161569595336914,1,3,0,0.18192780017852783,3,0,0.2554927170276642,3,0,0.17835083603858948,1,1,0.18348920345306396,3,0,0.20073848962783813
subject_02:sample_0000498,2,498,1,3,0,3,0,0.8118115663528442,0.6262868642807007,0.6405960321426392,0.800000011920929,0.71445631980896,1,3,0,0.18172723054885864,3,0,0.2539679706096649,3,0,0.17828181385993958,1,1,0.1858733743429184,3,0,0.20014867186546326
subject_02:sample_0000499,2,499,1,3,0,3,0,0.8105576634407043,0.6229670643806458,0.6419171094894409,0.800000011920929,0.7135993838310242,1,3,0,0.18171906471252441,3,0,0.252109169960022,3,0,0.17800724506378174,1,1,0.18797452747821808,3,0,0.20018905401229858
subject_02:sample_0000500,2,500,1,3,0,3,0,0.8092141151428223,0.6200917363166809,0.6411501169204712,0.800000011920929,0.7122660875320435,1,3,0,0.18211066722869873,3,0,0.250624418258667,3,0,0.17792798578739166,1,1,0.18954192101955414,3,0,0.19979408383369446
subject_02:sample_0000501,2,501,1,3,0,3,0,0.8085284233093262,0.6185697317123413,0.6409633755683899,0.800000011920929,0.7116259336471558,1,3,0,0.18270434439182281,3,0,0.2493497133255005,3,0,0.17795084416866302,1,1,0.19039492309093475,3,0,0.19959917664527893
subject_02:sample_0000502,2,502,1,3,0,3,0,0.808372974395752,0.6183114647865295,0.6406031847000122,0.800000011920929,0.7114174962043762,1,3,0,0.18369171023368835,3,0,0.24835319817066193,3,0,0.1782132089138031,1,1,0.1904972791671753,3,0,0.1992436796426773
subject_02:sample_0000503,2,503,1,3,0,3,0,0.8083447813987732,0.6183692812919617,0.6401582956314087,0.800000011920929,0.7113043665885925,1,3,0,0.184815913438797,3,0,0.24745036661624908,3,0,0.178531676530838,1,1,0.19041375815868378,3,0,0.19878728687763214
subject_02:sample_0000504,2,504,1,3,0,3,0,0.8084602355957031,0.6185929179191589,0.6402953863143921,0.800000011920929,0.711432158946991,1,3,0,0.18604324758052826,3,0,0.24636825919151306,3,0,0.17907623946666718,1,1,0.19030311703681946,3,0,0.19820824265480042
subject_02:sample_0000505,2,505,1,3,0,3,0,0.8091543912887573,0.6205278635025024,0.6391433477401733,0.800000011920929,0.7118200659751892,1,3,0,0.18770098686218262,3,0,0.2460980862379074,3,0,0.1799226701259613,1,1,0.18902705609798431,3,0,0.19725020229816437
subject_02:sample_0000506,2,506,1,3,0,3,0,0.8089295625686646,0.6212711334228516,0.6351597905158997,0.800000011920929,0.7108716368675232,1,3,0,0.1886618435382843,3,0,0.246383398771286,3,0,0.18040220439434052,1,1,0.1880342662334442,3,0,0.19651727378368378
subject_02:sample_0000507,2,507,1,3,0,3,0,0.8062044382095337,0.6200398206710815,0.6211879253387451,0.800000011920929,0.7059832215309143,1,3,0,0.18988993763923645,3,0,0.24670326709747314,3,0,0.18113215267658234,1,1,0.1864703744649887,3,0,0.19580323994159698
subject_02:sample_0000508,2,508,1,3,0,3,0,0.793567419052124,0.6084569096565247,0.5817379355430603,0.800000011920929,0.6885059475898743,0,3,0,0.19131049513816833,3,0,0.24639642238616943,3,0,0.1823919713497162,1,1,0.18535465002059937,3,0,0.19454547762870789
subject_02:sample_0000509,2,509,1,3,0,3,0,0.754238486289978,0.5701078176498413,0.4956775903701782,0.800000011920929,0.6425970792770386,0,3,0,0.19340680539608002,3,0,0.24499303102493286,3,0,0.18430504202842712,1,1,0.18432067334651947,3,0,0.19297344982624054
subject_02:sample_0000510,2,510,1,3,0,3,0,0.727417528629303,0.5432118773460388,0.45108240842819214,0.800000011920929,0.6145040392875671,0,3,0,0.19403530657291412,3,0,0.24412864446640015,3,0,0.18510016798973083,1,1,0.1844099462032318,3,0,0.19232498109340668
subject_02:sample_0000511,2,511,2,0,0,0,0,0.6621382236480713,0.3511993885040283,0.4672391414642334,0.800000011920929,0.542978823184967,0,0,0,0.10673806816339493,2,1,0.2698121666908264,0,0,0.087459497153759,0,0,0.24420781433582306,0,0,0.2917815148830414
subject_02:sample_0000512,2,512,2,2,1,0,0,0.3263501822948456,0.03266414999961853,0.021622180938720703,0.4000000059604645,0.09798930585384369,0,1,0,0.21749494969844818,2,1,0.16016466915607452,0,0,0.1880381554365158,2,1,0.16650620102882385,3,0,0.26779505610466003
subject_02:sample_0000513,2,513,2,2,1,0,0,0.3264080584049225,0.030282706022262573,0.022415876388549805,0.4000000059604645,0.09702704846858978,0,1,0,0.2169674038887024,2,1,0.160206601023674,0,0,0.18801560997962952,2,1,0.16648425161838531,3,0,0.2683250904083252
subject_02:sample_0000514,2,514,2,2,1,0,0,0.326438307762146,0.02408665418624878,0.024568676948547363,0.4000000059604645,0.0937572494149208,0,1,0,0.21759632229804993,2,1,0.16017425060272217,0,0,0.18816928565502167,2,1,0.16660858690738678,3,0,0.26745060086250305
subject_02:sample_0000515,2,515,2,2,1,0,0,0.3262667655944824,0.01655787229537964,0.027349531650543213,0.4000000059604645,0.08767923712730408,0,1,0,0.22040395438671112,2,1,0.16009213030338287,0,0,0.18843905627727509,2,1,0.16665440797805786,3,0,0.26440951228141785
subject_02:sample_0000516,2,516,2,2,1,0,0,0.32693615555763245,0.008018523454666138,0.031732261180877686,0.4000000059604645,0.07595031708478928,0,1,0,0.2237507849931717,2,1,0.1605151742696762,0,0,0.18847455084323883,2,1,0.16704727709293365,3,0,0.26021119952201843
subject_02:sample_0000517,2,517,2,1,0,0,0,0.3321878910064697,0.0038298964500427246,0.03941071033477783,0.20000000298023224,0.056273482739925385,0,1,0,0.22720415890216827,2,1,0.16130664944648743,0,0,0.18861442804336548,2,1,0.16786353290081024,3,0,0.2550102770328522
subject_02:sample_0000518,2,518,2,1,0,0,0,0.3445729911327362,0.014431178569793701,0.048228323459625244,0.20000000298023224,0.08322020620107651,0,1,0,0.22823239862918854,2,1,0.16215425729751587,0,0,0.18906623125076294,2,1,0.1689809411764145,3,0,0.25156527757644653
subject_02:sample_0000519,2,519,2,1,0,0,0,0.3646131157875061,0.03312024474143982,0.06485855579376221,0.4000000059604645,0.1330418586730957,0,1,0,0.22552219033241272,2,1,0.162887305021286,0,0,0.1909482628107071,2,1,0.16952255368232727,1,0,0.2511187195777893
subject_02:sample_0000520,2,520,2,1,0,0,0,0.37978291511535645,0.047619402408599854,0.08029842376708984,0.4000000059604645,0.15524642169475555,0,1,0,0.221816748380661,2,1,0.1632445752620697,0,0,0.19317136704921722,2,1,0.16971974074840546,1,0,0.2520466446876526
subject_02:sample_0000521,2,521,2,1,0,0,0,0.39172613620758057,0.05958697199821472,0.09404587745666504,0.4000000059604645,0.17214064300060272,0,1,0,0.21918906271457672,2,1,0.16291171312332153,0,0,0.19525589048862457,2,1,0.1699914038181305,1,0,0.25265100598335266
subject_02:sample_0000522,2,522,2,1,0,0,0,0.4029158651828766,0.071865975856781,0.10782957077026367,0.4000000059604645,0.18798962235450745,0,1,0,0.21583692729473114,2,1,0.16214247047901154,0,0,0.19766931235790253,2,1,0.16951242089271545,1,0,0.25483793020248413
subject_02:sample_0000523,2,523,2,1,0,0,0,0.4145674705505371,0.08458879590034485,0.12396740913391113,0.4000000059604645,0.2042062133550644,0,1,0,0.21248073875904083,2,1,0.16142790019512177,0,0,0.19979500770568848,2,1,0.1689540594816208,1,0,0.2573414146900177
subject_02:sample_0000524,2,524,2,1,0,0,0,0.42309436202049255,0.09359157085418701,0.1380317211151123,0.4000000059604645,0.21623609960079193,0,1,0,0.21030659973621368,2,1,0.1608518362045288,0,0,0.20191676914691925,2,1,0.1688094288110733,1,0,0.25811439752578735
subject_02:sample_0000525,2,525,2,1,0,0,0,0.4286317229270935,0.0996512770652771,0.1482871174812317,0.4000000059604645,0.2243533879518509,0,1,0,0.2090853750705719,2,1,0.16027283668518066,0,0,0.20394983887672424,2,1,0.1684693992137909,1,0,0.2582216262817383
subject_02:sample_0000526,2,526,2,1,0,0,0,0.4340308904647827,0.105187326669693,0.15978527069091797,0.4000000059604645,0.2324182391166687,0,1,0,0.20878727734088898,2,1,0.16003376245498657,0,0,0.20599053800106049,2,1,0.1682208925485611,1,0,0.25696659088134766
subject_02:sample_0000527,2,527,2,1,0,1,0,0.436509907245636,0.10741397738456726,0.1664111614227295,0.4000000059604645,0.23636022210121155,0,1,0,0.2093873769044876,2,1,0.16019859910011292,0,0,0.20796363055706024,2,1,0.16826261579990387,1,0,0.25418683886528015
subject_02:sample_0000528,2,528,2,1,0,1,0,0.43665817379951477,0.10651084780693054,0.1662590503692627,0.4000000059604645,0.23582792282104492,0,1,0,0.21146908402442932,2,1,0.16118976473808289,0,0,0.2097477912902832,2,1,0.16866178810596466,1,0,0.2489306628704071
subject_02:sample_0000529,2,529,2,1,0,1,0,0.43392854928970337,0.10141167044639587,0.1558218002319336,0.4000000059604645,0.22884878516197205,0,1,0,0.21315637230873108,2,1,0.16294828057289124,0,0,0.21123571693897247,2,1,0.16931085288524628,1,0,0.24334782361984253
subject_02:sample_0000530,2,530,2,1,0,1,0,0.4297250509262085,0.09338605403900146,0.1327623724937439,0.4000000059604645,0.21485820412635803,0,1,0,0.21456144750118256,2,1,0.16532859206199646,0,0,0.2126564234495163,2,1,0.17054548859596252,1,0,0.23690707981586456
subject_02:sample_0000531,2,531,2,1,0,1,0,0.4244089126586914,0.08242258429527283,0.11166822910308838,0.4000000059604645,0.19881771504878998,0,1,0,0.21517229080200195,2,1,0.16873297095298767,0,0,0.21428535878658295,2,1,0.1722000539302826,1,0,0.22960840165615082
subject_02:sample_0000532,2,532,2,1,0,1,0,0.4201093018054962,0.07205188274383545,0.1291663646697998,0.4000000059604645,0.19886314868927002,0,1,0,0.21579760313034058,2,1,0.17157724499702454,3,0,0.21646061539649963,2,1,0.1735093742609024,1,0,0.22265419363975525
subject_02:sample_0000533,2,533,2,1,0,1,0,0.41722607612609863,0.06060490012168884,0.17337268590927124,0.4000000059604645,0.20463502407073975,0,1,0,0.2163201868534088,2,1,0.1735125184059143,3,0,0.21854440867900848,2,1,0.1742698848247528,1,0,0.21735207736492157
subject_02:sample_0000534,2,534,2,1,0,1,0,0.41485512256622314,0.034437477588653564,0.21811622381210327,0.4000000059604645,0.18789660930633545,0,1,0,0.21616141498088837,2,1,0.17591671645641327,3,0,0.22123251855373383,2,1,0.17520925402641296,1,0,0.21147915720939636
subject_02:sample_0000535,2,535,2,2,1,1,0,0.45850080251693726,0.04575645923614502,0.2844495177268982,0.4000000059604645,0.22103671729564667,0,1,0,0.2156599909067154,2,1,0.177652046084404,3,0,0.22417683899402618,2,1,0.17610043287277222,1,0,0.20640981197357178
subject_02:sample_0000536,2,536,2,2,1,1,0,0.5577797293663025,0.150160551071167,0.4169390797615051,0.6000000238418579,0.3804614245891571,0,1,0,0.21478834748268127,2,1,0.18017986416816711,2,1,0.22684027254581451,2,1,0.17711733281612396,1,0,0.20107318460941315
subject_02:sample_0000537,2,537,2,2,1,1,0,0.5850223302841187,0.18062826991081238,0.47484391927719116,0.6000000238418579,0.4165479838848114,0,1,0,0.21503803133964539,2,1,0.18271805346012115,2,1,0.22711190581321716,2,1,0.17745716869831085,1,0,0.19767384231090546
subject_02:sample_0000538,2,538,2,2,1,1,0,0.5883039832115173,0.18372493982315063,0.4853171706199646,0.6000000238418579,0.4211983382701874,0,1,0,0.21639880537986755,2,1,0.1865053027868271,2,1,0.22488351166248322,2,1,0.1772434264421463,1,0,0.19496804475784302
subject_02:sample_0000539,2,539,2,2,1,2,1,0.5879606604576111,0.18139463663101196,0.49017512798309326,0.6000000238418579,0.4208417534828186,0,1,0,0.21878592669963837,2,1,0.18999220430850983,2,1,0.22146257758140564,2,1,0.1765921264886856,1,0,0.19316627085208893
subject_02:sample_0000540,2,540,2,2,1,2,1,0.5890523791313171,0.18241053819656372,0.49419718980789185,0.6000000238418579,0.4224874675273895,0,1,0,0.21940067410469055,2,1,0.19465982913970947,2,1,0.2176440805196762,2,1,0.17677652835845947,1,0,0.19151781499385834
subject_02:sample_0000541,2,541,2,2,1,2,1,0.5882627964019775,0.18017420172691345,0.4961857199668884,0.6000000238418579,0.4214682877063751,0,1,0,0.22065679728984833,2,1,0.19849714636802673,2,1,0.21293479204177856,2,1,0.1768270581960678,1,0,0.19108331203460693
subject_02:sample_0000542,2,542,2,2,1,2,1,0.5835071206092834,0.17018017172813416,0.496639609336853,0.6000000238418579,0.4147505462169647,0,1,0,0.22453662753105164,2,1,0.20027518272399902,2,1,0.20687033236026764,2,1,0.17631523311138153,1,0,0.19200162589550018
subject_02:sample_0000543,2,543,2,2,1,2,1,0.5766982436180115,0.15623396635055542,0.49618858098983765,0.6000000238418579,0.4046975374221802,0,1,0,0.2297728806734085,2,1,0.1985856294631958,2,1,0.20247356593608856,2,1,0.17554360628128052,1,0,0.1936233937740326
subject_02:sample_0000544,2,544,2,2,1,2,1,0.5708828568458557,0.14431911706924438,0.4959530830383301,0.6000000238418579,0.395699679851532,0,1,0,0.23395122587680817,2,1,0.1955665946006775,2,1,0.20029209554195404,2,1,0.17488856613636017,1,0,0.19530056416988373
subject_02:sample_0000545,2,545,2,2,1,2,1,0.5636047124862671,0.12955808639526367,0.49526721239089966,0.6000000238418579,0.38380223512649536,0,1,0,0.23948004841804504,2,1,0.1912621408700943,2,1,0.19826540350914001,2,1,0.17384184896945953,1,0,0.1971496343612671
subject_02:sample_0000546,2,546,2,2,1,2,1,0.5567123889923096,0.11556786298751831,0.49482250213623047,0.6000000238418579,0.37176385521888733,0,1,0,0.24498030543327332,2,1,0.18723563849925995,2,1,0.19630812108516693,2,1,0.17269349098205566,1,0,0.19878149032592773
subject_02:sample_0000547,2,547,2,2,1,2,1,0.5520625114440918,0.10611683130264282,0.49466049671173096,0.6000000238418579,0.36312630772590637,0,1,0,0.2490566074848175,2,1,0.18419913947582245,2,1,0.19468972086906433,2,1,0.1720885932445526,1,0,0.19996494054794312
subject_02:sample_0000548,2,548,2,2,1,2,1,0.5518870949745178,0.10567012429237366,0.495008647441864,0.6000000238418579,0.36277854442596436,0,1,0,0.25072556734085083,2,1,0.18234892189502716,2,1,0.19384248554706573,2,1,0.17236754298210144,1,0,0.20071452856063843
subject_02:sample_0000549,2,549,2,2,1,2,1,0.5615147948265076,0.12483763694763184,0.4969639182090759,0.6000000238418579,0.3802293837070465,0,1,0,0.250674307346344,2,1,0.1815178245306015,2,1,0.19361956417560577,2,1,0.1728634089231491,1,0,0.2013239711523056
subject_02:sample_0000550,2,550,2,2,1,2,1,0.5903496146202087,0.18235978484153748,0.5040011405944824,0.6000000238418579,0.42477142810821533,0,1,0,0.24934837222099304,2,1,0.181768998503685,2,1,0.19393566250801086,2,1,0.17357008159160614,1,0,0.20137594640254974
subject_02:sample_0000551,2,551,2,2,1,2,1,0.6587181091308594,0.3188978433609009,0.5301289558410645,0.6000000238418579,0.508418083190918,0,1,0,0.24785637855529785,2,1,0.1820676624774933,2,1,0.1944543868303299,2,1,0.1748216152191162,1,0,0.2007990926504135
subject_02:sample_0000552,2,552,2,2,1,2,1,0.7804528474807739,0.5620145797729492,0.6152513027191162,0.800000011920929,0.6816465258598328,0,2,1,0.2450491487979889,2,1,0.1834445297718048,2,1,0.1955098658800125,2,1,0.17621763050556183,1,0,0.19977784156799316
subject_02:sample_0000553,2,553,2,2,1,2,1,0.7994887828826904,0.5999612808227539,0.6339907050132751,0.800000011920929,0.7023072242736816,1,2,1,0.2423018515110016,2,1,0.18508650362491608,2,1,0.19646015763282776,2,1,0.17797726392745972,1,0,0.19817326962947845
subject_02:sample_0000554,2,554,2,2,1,2,1,0.8019757866859436,0.604905366897583,0.636604905128479,0.800000011920929,0.7050211429595947,1,2,1,0.23553118109703064,2,1,0.1877136379480362,2,1,0.19858375191688538,2,1,0.18063074350357056,1,0,0.1975398063659668
subject_02:sample_0000555,2,555,2,2,1,2,1,0.8025216460227966,0.6059852838516235,0.6372004747390747,0.800000011920929,0.705620527267456,1,2,1,0.22917315363883972,2,1,0.1905359923839569,2,1,0.2001047283411026,2,1,0.18301916122436523,1,0,0.1971660703420639
subject_02:sample_0000556,2,556,2,2,1,2,1,0.8022129535675049,0.6053575277328491,0.6369253396987915,0.800000011920929,0.7052937746047974,1,2,1,0.22144325077533722,2,1,0.19399794936180115,2,1,0.20158113539218903,2,1,0.18546062707901,1,0,0.197516068816185
subject_02:sample_0000557,2,557,2,2,1,2,1,0.8014517426490784,0.6038220524787903,0.6362048387527466,0.800000011920929,0.704479455947876,1,2,1,0.21779103577136993,2,1,0.19561941921710968,2,1,0.20187735557556152,2,1,0.1864270716905594,1,0,0.19828416407108307
subject_02:sample_0000558,2,558,2,2,1,2,1,0.8007968664169312,0.6024951338768005,0.6356111168861389,0.800000011920929,0.7037839293479919,1,2,1,0.21620114147663116,2,1,0.19646884500980377,2,1,0.2016361802816391,2,1,0.18675215542316437,1,0,0.1989406794309616
subject_02:sample_0000559,2,559,2,2,1,2,1,0.8012973070144653,0.6034760475158691,0.6361925601959229,0.800000011920929,0.7043411135673523,1,2,1,0.21482478082180023,2,1,0.19789578020572662,2,1,0.20182019472122192,2,1,0.1870202273130417,1,0,0.1984381079673767
subject_02:sample_0000560,2,560,2,2,1,2,1,0.8028593063354492,0.6065770387649536,0.6378637552261353,0.800000011920929,0.7060505747795105,1,2,1,0.21368424594402313,2,1,0.1998021900653839,2,1,0.20216454565525055,2,1,0.1874765008687973,1,0,0.1968715488910675
subject_02:sample_0000561,2,561,2,2,1,2,1,0.8042211532592773,0.6092818975448608,0.6393240094184875,0.800000011920929,0.7075403332710266,1,2,1,0.21274784207344055,2,1,0.20149695873260498,2,1,0.2024099975824356,2,1,0.1878378838300705,1,0,0.19550631940364838
subject_02:sample_0000562,2,562,2,2,1,2,1,0.8055943846702576,0.6120119690895081,0.6407950520515442,0.800000011920929,0.7090409994125366,1,2,1,0.2117125391960144,2,1,0.20341743528842926,2,1,0.2026107758283615,2,1,0.18812792003154755,1,0,0.1941303163766861
subject_02:sample_0000563,2,563,2,2,1,2,1,0.8084619045257568,0.6177316904067993,0.6438212990760803,0.800000011920929,0.7121618390083313,1,2,1,0.21051853895187378,2,1,0.20640446245670319,2,1,0.20330621302127838,2,1,0.1885116845369339,1,0,0.19125819206237793
subject_02:sample_0000564,2,564,2,2,1,2,1,0.8100021481513977,0.6208009123802185,0.6454733610153198,0.800000011920929,0.7138413190841675,1,2,1,0.20914769172668457,2,1,0.20912866294384003,2,1,0.20346485078334808,2,1,0.18854224681854248,1,0,0.18971562385559082
subject_02:sample_0000565,2,565,2,2,1,2,1,0.8130237460136414,0.6268298029899597,0.648718535900116,0.800000011920929,0.7171331644058228,1,2,1,0.20748120546340942,2,1,0.21334059536457062,2,1,0.20371319353580475,2,1,0.1887759566307068,1,0,0.18668809533119202
subject_02:sample_0000566,2,566,2,2,1,2,1,0.813539445400238,0.6278524398803711,0.6493003368377686,0.800000011920929,0.7177000045776367,1,2,1,0.20454955101013184,2,1,0.2156212031841278,2,1,0.20445431768894196,2,1,0.18920619785785675,1,0,0.18616779148578644
subject_02:sample_0000567,2,567,2,2,1,2,1,0.8104950785636902,0.62176114320755,0.6460880637168884,0.800000011920929,0.7143958210945129,1,2,1,0.20232005417346954,2,1,0.21297837793827057,2,1,0.20531955361366272,2,1,0.19016411900520325,1,0,0.18921686708927155
subject_02:sample_0000568,2,568,2,2,1,2,1,0.805417537689209,0.6116039156913757,0.6408201456069946,0.800000011920929,0.7088908553123474,1,2,1,0.2004290223121643,2,1,0.20888906717300415,2,1,0.20555198192596436,2,1,0.19082583487033844,1,0,0.19430308043956757
subject_02:sample_0000569,2,569,2,2,1,2,1,0.8016992807388306,0.6041612029075623,0.6370565295219421,0.800000011920929,0.704868495464325,1,2,1,0.19857454299926758,2,1,0.20564870536327362,2,1,0.20607274770736694,2,1,0.19167566299438477,1,0,0.1980273574590683
subject_02:sample_0000570,2,570,2,2,1,2,1,0.7973260879516602,0.595403790473938,0.6327254176139832,0.800000011920929,0.7001453638076782,1,2,1,0.19610477983951569,2,1,0.20258690416812897,2,1,0.20620903372764587,2,1,0.19268393516540527,1,0,0.2024143487215042
subject_02:sample_0000571,2,571,2,2,1,2,1,0.7941727638244629,0.5891116261482239,0.6295583248138428,0.800000011920929,0.6967222094535828,0,2,1,0.19356603920459747,2,1,0.2014480084180832,2,1,0.20585711300373077,2,1,0.193532332777977,1,0,0.20559559762477875
subject_02:sample_0000572,2,572,2,2,1,2,1,0.7913097739219666,0.5834585428237915,0.6264688968658447,0.800000011920929,0.6935639381408691,0,2,1,0.19176261126995087,2,1,0.20052415132522583,2,1,0.2050079107284546,2,1,0.1941865086555481,1,0,0.208517923951149
subject_02:sample_0000573,2,573,2,2,1,2,1,0.7890041470527649,0.5789470672607422,0.6238376498222351,0.800000011920929,0.6909870505332947,0,2,1,0.19112008810043335,2,1,0.19962118566036224,2,1,0.2039191722869873,2,1,0.1944335401058197,1,0,0.210905060172081
subject_02:sample_0000574,2,574,2,2,1,2,1,0.7877064943313599,0.5763982534408569,0.6224110126495361,0.800000011920929,0.6895465850830078,0,2,1,0.19145044684410095,2,1,0.1991746723651886,2,1,0.20294736325740814,2,1,0.19418488442897797,1,0,0.21224164962768555
subject_02:sample_0000575,2,575,3,1,0,2,0,0.5688604712486267,0.13839668035507202,0.5032250285148621,0.6000000238418579,0.39265507459640503,0,1,0,0.17299674451351166,1,0,0.1777733415365219,1,0,0.22949598729610443,2,0,0.21212486922740936,2,0,0.20760805904865265
subject_02:sample_0000576,2,576,3,1,0,2,0,0.5621850490570068,0.12505555152893066,0.5019023418426514,0.6000000238418579,0.38145047426223755,0,1,0,0.17197772860527039,1,0,0.1772501915693283,1,0,0.2306414395570755,2,0,0.2124241292476654,2,0,0.2077055126428604
subject_02:sample_0000577,2,577,3,1,0,2,0,0.5672336220741272,0.13515716791152954,0.5028349161148071,0.6000000238418579,0.38998186588287354,0,1,0,0.1714528650045395,1,0,0.18058820068836212,1,0,0.22908811271190643,2,0,0.21189194917678833,2,0,0.2069779336452484
subject_02:sample_0000578,2,578,3,1,0,2,0,0.5556371808052063,0.1119890809059143,0.5006408095359802,0.6000000238418579,0.3697524964809418,0,1,0,0.17087261378765106,1,0,0.1843096762895584,1,0,0.22856508195400238,2,0,0.2109042853116989,2,0,0.20534737408161163
subject_02:sample_0000579,2,579,3,1,0,2,0,0.5740587115287781,0.14881712198257446,0.5041985511779785,0.6000000238418579,0.40095028281211853,0,1,0,0.16995836794376373,1,0,0.1868998110294342,1,0,0.226364403963089,2,0,0.21113404631614685,2,0,0.2056424468755722
subject_02:sample_0000580,2,580,3,1,0,2,0,0.5193348526954651,0.039429932832717896,0.49645209312438965,0.6000000238418579,0.2794637680053711,0,1,0,0.1703253537416458,1,0,0.19428594410419464,1,0,0.22573500871658325,2,0,0.20770972967147827,2,0,0.2019430696964264
subject_02:sample_0000581,2,581,3,1,0,2,0,0.5558170080184937,0.11243373155593872,0.5002799034118652,0.6000000238418579,0.37008219957351685,0,1,0,0.16938424110412598,1,0,0.19900573790073395,1,0,0.22371084988117218,2,0,0.2067231386899948,2,0,0.20117512345314026
subject_02:sample_0000582,2,582,3,1,0,2,0,0.5767179131507874,0.15423458814620972,0.5043332576751709,0.6000000238418579,0.4050452411174774,0,1,0,0.169471874833107,1,0,0.20137445628643036,1,0,0.22191868722438812,2,0,0.2060571312904358,2,0,0.20117688179016113
subject_02:sample_0000583,2,583,3,1,0,2,0,0.5815052390098572,0.16383644938468933,0.5053195953369141,0.6000000238418579,0.41225922107696533,0,1,0,0.16963955760002136,1,0,0.20613490045070648,1,0,0.21908041834831238,2,0,0.20478764176368713,2,0,0.20035646855831146
subject_02:sample_0000584,2,584,3,1,0,2,0,0.5419840216636658,0.08487221598625183,0.49783116579055786,0.6000000238418579,0.34237053990364075,0,1,0,0.16982907056808472,1,0,0.21235224604606628,1,0,0.21489869058132172,2,0,0.2035508006811142,2,0,0.19936822354793549
subject_02:sample_0000585,2,585,3,2,0,2,0,0.5107252597808838,0.02237364649772644,0.49532151222229004,0.4000000059604645,0.2181311994791031,0,1,0,0.17042489349842072,1,0,0.21505476534366608,1,0,0.2108250856399536,2,0,0.2037225067615509,2,0,0.19997180998325348
subject_02:sample_0000586,2,586,3,2,0,2,0,0.5241419672966003,0.04923444986343384,0.4958920478820801,0.6000000238418579,0.29601526260375977,0,1,0,0.1711852103471756,2,0,0.21552897989749908,1,0,0.20923124253749847,2,0,0.20353266596794128,2,0,0.20052096247673035
subject_02:sample_0000587,2,587,3,2,0,2,0,0.5461591482162476,0.09329408407211304,0.49804890155792236,0.6000000238418579,0.35127654671669006,0,1,0,0.1713796854019165,2,0,0.21678975224494934,1,0,0.2060462236404419,2,0,0.2041400671005249,2,0,0.20164334774017334
subject_02:sample_0000588,2,588,3,2,0,2,0,0.5844662189483643,0.1698327362537384,0.5057069063186646,0.6000000238418579,0.4165889620780945,0,1,0,0.17174673080444336,2,0,0.2172701358795166,1,0,0.20557938516139984,2,0,0.2034921944141388,2,0,0.20191064476966858
subject_02:sample_0000589,2,589,3,2,0,2,0,0.5815317630767822,0.163979172706604,0.5049265623092651,0.6000000238418579,0.41227349638938904,0,1,0,0.17574390769004822,2,0,0.2152610719203949,1,0,0.20566824078559875,2,0,0.2019440084695816,2,0,0.20138178765773773
subject_02:sample_0000590,2,590,3,2,0,2,0,0.5996811389923096,0.20022690296173096,0.5099786520004272,0.6000000238418579,0.43781083822250366,0,1,0,0.17816130816936493,2,0,0.21507790684700012,1,0,0.20430995523929596,2,0,0.20120982825756073,2,0,0.20124007761478424
subject_02:sample_0000591,2,591,3,2,0,2,0,0.6135399341583252,0.22784823179244995,0.5147569179534912,0.6000000238418579,0.45583799481391907,0,1,0,0.1829489916563034,2,0,0.2142581045627594,1,0,0.20479057729244232,2,0,0.1988755315542221,2,0,0.1991259604692459
subject_02:sample_0000592,2,592,3,2,0,2,0,0.6208361983299255,0.24247103929519653,0.5171462893486023,0.6000000238418579,0.4648902118206024,0,1,0,0.18853387236595154,2,0,0.2124825268983841,1,0,0.20479726791381836,2,0,0.1967618465423584,2,0,0.19742350280284882
subject_02:sample_0000593,2,593,3,2,0,2,0,0.6824996471405029,0.3658762574195862,0.544816255569458,0.6000000238418579,0.5345144867897034,0,1,0,0.19296662509441376,2,0,0.21042229235172272,1,0,0.20470528304576874,2,0,0.19529157876968384,2,0,0.19661325216293335
subject_02:sample_0000594,2,594,3,2,0,2,0,0.7589991092681885,0.5188044309616089,0.5977498292922974,0.800000011920929,0.6587393283843994,0,2,0,0.19459889829158783,2,0,0.20905262231826782,1,0,0.20541729032993317,2,0,0.19462913274765015,2,0,0.19630108773708344
subject_02:sample_0000595,2,595,3,2,0,2,0,0.7830068469047546,0.5667815208435059,0.6189972162246704,0.800000011920929,0.6846836805343628,0,2,0,0.1951625794172287,2,0,0.20750947296619415,1,0,0.20717625319957733,2,0,0.19402436912059784,2,0,0.19612634181976318
subject_02:sample_0000596,2,596,3,2,0,2,0,0.7897955179214478,0.5803722143173218,0.6253432035446167,0.800000011920929,0.6920021176338196,0,2,0,0.19596858322620392,2,0,0.20545008778572083,1,0,0.20944824814796448,2,0,0.1932031661272049,2,0,0.1959288865327835
subject_02:sample_0000597,2,597,3,2,0,2,0,0.7936877012252808,0.5883111953735352,0.6284919381141663,0.800000011920929,0.6960839033126831,0,2,0,0.19615663588047028,2,0,0.204575315117836,1,0,0.21028421819210052,2,0,0.19270306825637817,2,0,0.19627973437309265
subject_02:sample_0000598,2,598,3,2,0,2,0,0.8228830099105835,0.6469652056694031,0.6579468250274658,0.800000011920929,0.7275702953338623,1,2,0,0.19621670246124268,2,0,0.20366144180297852,1,0,0.21073468029499054,2,0,0.19258467853069305,2,0,0.19680146872997284
subject_02:sample_0000599,2,599,3,2,0,2,0,0.9498443603515625,0.9004687666893005,0.8535648584365845,1.0,0.9243563413619995,1,2,0,0.19600389897823334,2,0,0.20261479914188385,2,0,0.21120567619800568,2,0,0.19276225566864014,2,0,0.19741235673427582
subject_02:sample_0000600,2,600,3,2,0,2,0,0.9823442697525024,0.9651436805725098,0.9344362616539001,1.0,0.9701778292655945,1,2,0,0.1953861266374588,2,0,0.20139293372631073,2,0,0.21196238696575165,2,0,0.19332250952720642,2,0,0.1979350596666336
subject_02:sample_0000601,2,601,3,2,0,2,0,0.9923022389411926,0.9849058389663696,0.9665217995643616,1.0,0.9858539700508118,1,2,0,0.19484487175941467,2,0,0.2001505047082901,2,0,0.21250249445438385,2,0,0.19390401244163513,2,0,0.19859717786312103
subject_02:sample_0000602,2,602,3,2,0,2,0,0.9966186881065369,0.993437647819519,0.9831349849700928,1.0,0.9932777285575867,1,2,0,0.19440419971942902,2,0,0.199534073472023,2,0,0.21245026588439941,2,0,0.19424200057983398,2,0,0.19936849176883698
subject_02:sample_0000603,2,603,3,2,0,2,0,0.9970729351043701,0.9943344593048096,0.9850654006004333,1.0,0.9941023588180542,1,2,0,0.19417622685432434,2,0,0.19920451939105988,2,0,0.21240372955799103,2,0,0.19426624476909637,2,0,0.19994831085205078
subject_02:sample_0000604,2,604,3,2,0,2,0,0.9980412721633911,0.9962389469146729,0.9893804788589478,1.0,0.9959071278572083,1,2,0,0.19314028322696686,2,0,0.19809679687023163,2,0,0.21226991713047028,2,0,0.19502729177474976,2,0,0.20146474242210388
subject_02:sample_0000605,2,605,3,2,0,2,0,0.9982037544250488,0.9965609908103943,0.9901313185691833,1.0,0.9962170124053955,1,2,0,0.19194580614566803,2,0,0.1967434138059616,2,0,0.21287713944911957,2,0,0.1957424432039261,2,0,0.2026902139186859
subject_02:sample_0000606,2,606,3,2,0,2,0,0.9980393648147583,0.9962412118911743,0.9893612265586853,1.0,0.9959023594856262,1,2,0,0.19131207466125488,2,0,0.19612154364585876,2,0,0.2135181427001953,2,0,0.19595609605312347,2,0,0.20309115946292877
subject_02:sample_0000607,2,607,3,2,0,2,0,0.997899055480957,0.9959682822227478,0.9887118339538574,1.0,0.9956356883049011,1,2,0,0.19100654125213623,2,0,0.19581948220729828,2,0,0.2140183001756668,2,0,0.19602787494659424,2,0,0.20312681794166565
subject_02:sample_0000608,2,608,3,2,0,2,0,0.9983280301094055,0.9968090653419495,0.9907098412513733,1.0,0.9964556097984314,1,2,0,0.19041644036769867,2,0,0.19531236588954926,2,0,0.21398185193538666,2,0,0.19655494391918182,2,0,0.20373345911502838
subject_02:sample_0000609,2,609,3,2,0,2,0,0.9981718063354492,0.9965074062347412,0.9899664521217346,1.0,0.996154248714447,1,2,0,0.19066829979419708,2,0,0.19523756206035614,2,0,0.21392188966274261,2,0,0.1963091939687729,2,0,0.2038620561361313
subject_02:sample_0000610,2,610,2,2,1,2,1,0.639885425567627,0.4496800899505615,0.3485231399536133,0.6000000238418579,0.49527594447135925,0,3,0,0.24236656725406647,1,0,0.18199673295021057,2,1,0.11768466234207153,2,1,0.22640834748744965,2,1,0.23154272139072418
subject_02:sample_0000611,2,611,2,2,1,2,1,0.6503453850746155,0.4696950316429138,0.35811853408813477,0.6000000238418579,0.5061562061309814,0,3,0,0.24191127717494965,1,0,0.18062704801559448,2,1,0.11840980499982834,2,1,0.22755248844623566,2,1,0.23149845004081726
subject_02:sample_0000612,2,612,2,2,1,2,1,0.6935843229293823,0.5256108045578003,0.40315115451812744,0.6000000238418579,0.5449362397193909,0,3,0,0.24193057417869568,1,0,0.18101803958415985,2,1,0.11839062720537186,2,1,0.22725920379161835,2,1,0.23140056431293488
subject_02:sample_0000613,2,613,2,2,1,2,1,0.7873709797859192,0.6230493783950806,0.544464111328125,0.800000011920929,0.6798924803733826,0,2,1,0.2406483292579651,1,0,0.18520918488502502,2,1,0.11799629032611847,2,1,0.22570815682411194,2,1,0.2304370254278183
subject_02:sample_0000614,2,614,2,2,1,2,1,0.8367745280265808,0.6805193424224854,0.6581714153289795,0.800000011920929,0.7399791479110718,1,2,1,0.23834402859210968,1,0,0.18751150369644165,2,1,0.11838327348232269,2,1,0.22521616518497467,2,1,0.2305440753698349
subject_02:sample_0000615,2,615,2,2,1,2,1,0.8379008173942566,0.6829678416252136,0.6591047048568726,0.800000011920929,0.7411554455757141,1,2,1,0.2370944321155548,1,0,0.1870613992214203,2,1,0.11938896775245667,2,1,0.22520418465137482,2,1,0.23124997317790985
subject_02:sample_0000616,2,616,2,2,1,2,1,0.8330230712890625,0.6778905391693115,0.6437159776687622,0.800000011920929,0.7343451380729675,1,2,1,0.23630914092063904,1,0,0.1853773444890976,2,1,0.12050297856330872,2,1,0.22564108669757843,2,1,0.23216843605041504
subject_02:sample_0000617,2,617,2,2,1,2,1,0.8327751159667969,0.6785553097724915,0.6412999629974365,0.800000011920929,0.7337802052497864,1,2,1,0.2362469732761383,1,0,0.18406891822814941,2,1,0.12107203155755997,2,1,0.22615833580493927,2,1,0.23245279490947723
subject_02:sample_0000618,2,618,2,2,1,2,1,0.8353865742683411,0.6822549700737,0.6472649574279785,0.800000011920929,0.7370578050613403,1,2,1,0.23610436916351318,1,0,0.18264660239219666,2,1,0.1218084767460823,2,1,0.22694024443626404,2,1,0.232499361038208
subject_02:sample_0000619,2,619,2,2,1,2,1,0.8493419289588928,0.7037882804870605,0.6781067848205566,0.800000011920929,0.7546197772026062,1,2,1,0.23602233827114105,1,0,0.18239672482013702,2,1,0.12239371985197067,2,1,0.2271040827035904,2,1,0.23208212852478027
subject_02:sample_0000620,2,620,2,2,1,2,1,0.8789047002792358,0.7587178349494934,0.7298519611358643,0.800000011920929,0.7899265885353088,1,2,1,0.2339443564414978,1,0,0.18628965318202972,2,1,0.12269783765077591,2,1,0.22567451000213623,2,1,0.23139265179634094
subject_02:sample_0000621,2,621,2,2,1,2,1,0.9191336035728455,0.8386479020118713,0.7956228256225586,1.0,0.8849451541900635,1,2,1,0.23183351755142212,2,1,0.1916283369064331,2,1,0.12235324829816818,2,1,0.22352077066898346,2,1,0.23066313564777374
subject_02:sample_0000622,2,622,2,2,1,2,1,0.9586935043334961,0.917582094669342,0.8749736547470093,1.0,0.9366556406021118,1,2,1,0.22799232602119446,2,1,0.19707632064819336,2,1,0.122667595744133,2,1,0.22186893224716187,2,1,0.23039385676383972
subject_02:sample_0000623,2,623,2,2,1,2,1,0.9768897891044617,0.9539201855659485,0.9200964570045471,1.0,0.9622717499732971,1,2,1,0.22559335827827454,2,1,0.20014339685440063,2,1,0.1235692948102951,2,1,0.2198963463306427,2,1,0.23079665005207062
subject_02:sample_0000624,2,624,2,2,1,2,1,0.9843291640281677,0.9687792658805847,0.9412941336631775,1.0,0.9733580946922302,1,2,1,0.22505520284175873,2,1,0.20161262154579163,2,1,0.12363845109939575,2,1,0.21880793571472168,2,1,0.230884850025177
subject_02:sample_0000625,2,625,2,2,1,2,1,0.9825720191001892,0.9652755856513977,0.9360686540603638,1.0,0.9706906080245972,1,2,1,0.22599434852600098,2,1,0.20018590986728668,2,1,0.12401717156171799,2,1,0.2187921404838562,2,1,0.23100946843624115
subject_02:sample_0000626,2,626,2,2,1,2,1,0.978956937789917,0.9580608606338501,0.9257371425628662,1.0,0.9652973413467407,1,2,1,0.2264324128627777,2,1,0.198350727558136,2,1,0.12473689019680023,2,1,0.21942192316055298,2,1,0.2310570627450943
subject_02:sample_0000627,2,627,2,2,1,2,1,0.9983474612236023,0.996839165687561,0.9908153414726257,1.0,0.9964944124221802,1,2,1,0.21526537835597992,2,1,0.2197137326002121,2,1,0.1704622060060501,2,1,0.19882908463478088,2,1,0.19572868943214417
subject_02:sample_0000628,2,628,2,2,1,2,1,0.9978639483451843,0.9958828687667847,0.9885808825492859,1.0,0.9955726265907288,1,2,1,0.2146623432636261,2,1,0.2200126051902771,2,1,0.170601025223732,2,1,0.1991279572248459,2,1,0.1955951601266861
subject_02:sample_0000629,2,629,2,2,1,2,1,0.9906931519508362,0.9816380739212036,0.9610797762870789,1.0,0.9832466840744019,1,2,1,0.211652934551239,2,1,0.22212551534175873,2,1,0.1710321456193924,2,1,0.1995934545993805,2,1,0.19559496641159058
subject_02:sample_0000630,2,630,2,2,1,2,1,0.9431909918785095,0.8868268728256226,0.8407960534095764,1.0,0.9157612919807434,1,2,1,0.20787158608436584,2,1,0.22445014119148254,2,1,0.17158137261867523,2,1,0.2003978043794632,2,1,0.19569817185401917
subject_02:sample_0000631,2,631,2,2,1,2,1,0.8417708873748779,0.6840373277664185,0.682549774646759,0.800000011920929,0.7488148808479309,1,1,0,0.20374324917793274,2,1,0.2259630560874939,2,1,0.1723511666059494,2,1,0.20167197287082672,2,1,0.19626954197883606
subject_02:sample_0000632,2,632,2,2,1,2,1,0.8200851678848267,0.6405998468399048,0.6578706502914429,0.800000011920929,0.7251353859901428,1,1,0,0.20068521797657013,2,1,0.22710713744163513,2,1,0.17297257483005524,2,1,0.20273397862911224,2,1,0.1965000480413437
subject_02:sample_0000633,2,633,2,2,1,2,1,0.8355831503868103,0.671599805355072,0.6754410266876221,0.800000011920929,0.7420691847801208,1,1,0,0.20350849628448486,2,1,0.22772277891635895,2,1,0.1717643439769745,2,1,0.20177337527275085,2,1,0.19522997736930847
subject_02:sample_0000634,2,634,2,2,1,2,1,0.8283541798591614,0.6571357846260071,0.6671116352081299,0.800000011920929,0.7341586351394653,1,1,0,0.2042916715145111,2,1,0.2272043228149414,2,1,0.17138732969760895,2,1,0.20213234424591064,2,1,0.19498330354690552
subject_02:sample_0000635,2,635,2,2,1,2,1,0.8081709742546082,0.6168259382247925,0.6449177265167236,0.800000011920929,0.7121394276618958,1,1,0,0.20496316254138947,2,1,0.22372426092624664,2,1,0.17198210954666138,2,1,0.20351724326610565,2,1,0.19581227004528046
subject_02:sample_0000636,2,636,2,2,1,2,1,0.7973318099975586,0.5951915979385376,0.6337331533432007,0.800000011920929,0.7003628015518188,1,1,0,0.20645342767238617,2,1,0.22186678647994995,2,1,0.17192120850086212,2,1,0.20416156947612762,2,1,0.19559605419635773
subject_02:sample_0000637,2,637,2,2,1,2,1,0.7854402661323547,0.571456789970398,0.6220656037330627,0.800000011920929,0.6874730587005615,0,1,0,0.20805557072162628,2,1,0.2203928530216217,2,1,0.17169132828712463,2,1,0.20477880537509918,2,1,0.19508042931556702
subject_02:sample_0000638,2,638,2,2,1,2,1,0.8223860859870911,0.6453174352645874,0.6599125862121582,0.800000011920929,0.7275391221046448,1,1,0,0.2118070423603058,2,1,0.2198180854320526,2,1,0.17038503289222717,2,1,0.20437584817409515,2,1,0.19361305236816406
subject_02:sample_0000639,2,639,2,2,1,2,1,0.7801715135574341,0.5609891414642334,0.6168860197067261,0.800000011920929,0.6817259788513184,0,1,0,0.2119854837656021,2,1,0.21734920144081116,2,1,0.17057058215141296,2,1,0.20641633868217468,2,1,0.19367749989032745
subject_02:sample_0000640,2,640,2,2,1,2,1,0.687390923500061,0.37550514936447144,0.548227846622467,0.6000000238418579,0.5398001670837402,0,1,0,0.21012365818023682,1,0,0.21446579694747925,2,1,0.17154020071029663,2,1,0.2095612734556198,2,1,0.1943080723285675
subject_02:sample_0000641,2,641,2,2,1,2,1,0.6106066703796387,0.22182422876358032,0.5145086050033569,0.6000000238418579,0.45219796895980835,0,1,0,0.2021826207637787,1,0,0.2103356122970581,2,1,0.17472347617149353,2,1,0.2159498780965805,2,1,0.19680747389793396
subject_02:sample_0000642,2,642,2,2,1,2,1,0.6053866147994995,0.21128937602043152,0.5132986307144165,0.6000000238418579,0.44551047682762146,0,1,0,0.19797545671463013,1,0,0.20483534038066864,2,1,0.17712809145450592,2,1,0.22129833698272705,2,1,0.19876186549663544
subject_02:sample_0000643,2,643,2,2,1,2,1,0.6063644289970398,0.2132292091846466,0.513678789138794,0.6000000238418579,0.44679248332977295,0,1,0,0.19765157997608185,1,0,0.20332179963588715,2,1,0.17717257142066956,2,1,0.22371576726436615,2,1,0.19813737273216248
subject_02:sample_0000644,2,644,2,2,1,2,1,0.6065317988395691,0.21355757117271423,0.513762354850769,0.6000000238418579,0.44701337814331055,0,1,0,0.1995801031589508,1,0,0.20202675461769104,2,1,0.1763225495815277,2,1,0.22539682686328888,2,1,0.1966727375984192
subject_02:sample_0000645,2,645,2,2,1,2,1,0.6103692054748535,0.2212810218334198,0.5147529244422913,0.6000000238418579,0.45193055272102356,0,1,0,0.1971462070941925,1,0,0.2068866789340973,2,1,0.17546319961547852,2,1,0.2265155017375946,2,1,0.1939874291419983
subject_02:sample_0000646,2,646,2,2,1,2,1,0.7117676734924316,0.4241766631603241,0.5634956359863281,0.800000011920929,0.6073882579803467,0,1,0,0.19631555676460266,2,1,0.21728076040744781,2,1,0.1732361614704132,2,1,0.22367870807647705,2,1,0.18948788940906525
subject_02:sample_0000647,2,647,2,2,1,2,1,0.7736901044845581,0.5479043126106262,0.6115632057189941,0.800000011920929,0.674839973449707,0,1,0,0.19460421800613403,2,1,0.22062914073467255,2,1,0.17377810180187225,2,1,0.2228255420923233,2,1,0.18816207349300385
subject_02:sample_0000648,2,648,2,2,1,2,1,0.8149657249450684,0.6302769184112549,0.6526980996131897,0.800000011920929,0.7196449041366577,1,1,0,0.19134923815727234,2,1,0.22788985073566437,2,1,0.17509455978870392,2,1,0.21875131130218506,2,1,0.18691407144069672
subject_02:sample_0000649,2,649,2,2,1,2,1,0.8047206401824951,0.6097739934921265,0.6420347690582275,0.800000011920929,0.7085421085357666,1,1,0,0.1875615417957306,2,1,0.23414357006549835,2,1,0.1780511438846588,2,1,0.21418936550617218,2,1,0.18605339527130127
subject_02:sample_0000650,2,650,2,2,1,2,1,0.7507637143135071,0.5019378662109375,0.5927719473838806,0.800000011920929,0.6501786112785339,0,1,0,0.1850861757993698,2,1,0.234831765294075,2,1,0.18219515681266785,2,1,0.21150872111320496,2,1,0.18637718260288239
subject_02:sample_0000651,2,651,2,2,1,2,1,0.6948888301849365,0.3902260363101959,0.5538408756256104,0.6000000238418579,0.5478882193565369,0,1,0,0.1846586912870407,2,1,0.2322201430797577,2,1,0.18580219149589539,1,0,0.2097620964050293,2,1,0.18755584955215454
subject_02:sample_0000652,2,652,2,2,1,2,1,0.6913847923278809,0.38320663571357727,0.5518308281898499,0.6000000238418579,0.5442237257957458,0,1,0,0.1860339641571045,2,1,0.22808341681957245,2,1,0.18747399747371674,1,0,0.21004320681095123,2,1,0.18836446106433868
subject_02:sample_0000653,2,653,2,2,1,2,1,0.680921196937561,0.3622686564922333,0.5459682941436768,0.6000000238418579,0.533164918422699,0,1,0,0.1845165640115738,2,1,0.2258973866701126,2,1,0.18909169733524323,1,0,0.21084706485271454,2,1,0.18964633345603943
subject_02:sample_0000654,2,654,2,2,1,2,1,0.6739349365234375,0.34829121828079224,0.5422459840774536,0.6000000238418579,0.5256866812705994,0,1,0,0.18411113321781158,2,1,0.2257651537656784,2,1,0.1895679235458374,1,0,0.2106519490480423,2,1,0.18990294635295868
subject_02:sample_0000655,2,655,2,2,1,2,1,0.7160468101501465,0.4324946701526642,0.5674205422401428,0.6000000238418579,0.5698290467262268,0,1,0,0.18773357570171356,2,1,0.22423462569713593,2,1,0.18849240243434906,1,0,0.21116235852241516,2,1,0.18837611377239227
subject_02:sample_0000656,2,656,2,2,1,2,1,0.7521119117736816,0.5045931935310364,0.5940407514572144,0.800000011920929,0.6516771912574768,0,1,0,0.18990875780582428,2,1,0.22236475348472595,2,1,0.18805810809135437,2,1,0.21171672642230988,2,1,0.18795077502727509
subject_02:sample_0000657,2,657,2,2,1,2,1,0.8991454243659973,0.7985211610794067,0.7629712820053101,1.0,0.8603123426437378,1,2,1,0.19680190086364746,2,1,0.21915894746780396,2,1,0.18553180992603302,2,1,0.212840735912323,2,1,0.18566566705703735
subject_02:sample_0000658,2,658,2,2,1,2,1,0.9551856517791748,0.9105247855186462,0.8672839403152466,1.0,0.9319341778755188,1,2,1,0.19919699430465698,2,1,0.21792982518672943,2,1,0.18437017500400543,2,1,0.21375241875648499,2,1,0.18474966287612915
subject_02:sample_0000659,2,659,2,2,1,2,1,0.9504514336585999,0.90105801820755,0.8570017218589783,1.0,0.9255844950675964,1,2,1,0.1984701305627823,2,1,0.21840980648994446,2,1,0.18429170548915863,2,1,0.2143661230802536,2,1,0.18446125090122223
subject_02:sample_0000660,2,660,2,2,1,2,1,0.9957841634750366,0.9916366934776306,0.9800788760185242,1.0,0.9918469786643982,1,2,1,0.20339764654636383,2,1,0.2164960652589798,2,1,0.18203362822532654,2,1,0.2159329205751419,2,1,0.18213874101638794
subject_02:sample_0000661,2,661,2,2,1,2,1,0.9988776445388794,0.9978083372116089,0.9935340881347656,1.0,0.9975520968437195,1,2,1,0.20672398805618286,2,1,0.2152751088142395,2,1,0.18038882315158844,2,1,0.21727319061756134,2,1,0.18033795058727264
subject_02:sample_0000662,2,662,2,2,1,2,1,0.999289870262146,0.9986300468444824,0.9956396222114563,1.0,0.9983885288238525,1,2,1,0.2080402970314026,2,1,0.21521346271038055,2,1,0.17979073524475098,2,1,0.2173987329006195,2,1,0.17955581843852997
subject_02:sample_0000663,2,663,2,2,1,2,1,0.9994429349899292,0.9989349842071533,0.9964643120765686,1.0,0.9987096786499023,1,2,1,0.20781700313091278,2,1,0.21561315655708313,2,1,0.1796780526638031,2,1,0.21737578511238098,2,1,0.179515078663826
subject_02:sample_0000664,2,664,2,2,1,2,1,0.9994759559631348,0.9990007281303406,0.9966462254524231,1.0,0.9987799525260925,1,2,1,0.20766279101371765,2,1,0.21598094701766968,2,1,0.17968721687793732,2,1,0.2173123061656952,2,1,0.17935581505298615
subject_02:sample_0000665,2,665,2,2,1,2,1,0.9995132684707642,0.9990746974945068,0.9968543648719788,1.0,0.9988598823547363,1,2,1,0.2073114961385727,2,1,0.21625879406929016,2,1,0.17988082766532898,2,1,0.21724413335323334,2,1,0.17930376529693604
subject_02:sample_0000666,2,666,2,2,1,2,1,0.9995167255401611,0.9990813136100769,0.9968742728233337,1.0,0.9988673329353333,1,2,1,0.20725589990615845,2,1,0.2161981612443924,2,1,0.17996512353420258,2,1,0.21731819212436676,2,1,0.17926159501075745
subject_02:sample_0000667,2,667,2,2,1,2,1,0.9995377063751221,0.9991223812103271,0.996992826461792,1.0,0.9989125728607178,1,2,1,0.20695802569389343,2,1,0.21594882011413574,2,1,0.18029439449310303,2,1,0.21739423274993896,2,1,0.17940355837345123
subject_02:sample_0000668,2,668,2,2,1,2,1,0.9995622038841248,0.9991707801818848,0.9971327185630798,1.0,0.9989657998085022,1,2,1,0.20688071846961975,2,1,0.2152579426765442,2,1,0.18048973381519318,2,1,0.21764063835144043,2,1,0.17972995340824127
subject_02:sample_0000669,2,669,2,2,1,2,1,0.9995532631874084,0.9991526007652283,0.9970822930335999,1.0,0.9989464282989502,1,2,1,0.20688976347446442,2,1,0.2150639444589615,2,1,0.18051405251026154,2,1,0.21782726049423218,2,1,0.17970405519008636
subject_02:sample_0000670,2,670,2,2,1,2,1,0.9995473027229309,0.9991404414176941,0.9970484375953674,1.0,0.9989334344863892,1,2,1,0.20686472952365875,2,1,0.2149660289287567,2,1,0.18055135011672974,2,1,0.21793559193611145,2,1,0.17968134582042694
subject_02:sample_0000671,2,671,3,1,0,1,0,0.9952793717384338,0.9910634756088257,0.9771482944488525,1.0,0.9908359050750732,1,1,0,0.24414324760437012,1,0,0.17139746248722076,1,0,0.1919116973876953,1,0,0.19049060344696045,1,0,0.20205606520175934
subject_02:sample_0000672,2,672,3,1,0,1,0,0.9949989318847656,0.9905008673667908,0.9760511517524719,1.0,0.9903472661972046,1,1,0,0.24644286930561066,1,0,0.17045459151268005,1,0,0.19081705808639526,1,0,0.1892366260290146,1,0,0.2030479460954666
subject_02:sample_0000673,2,673,3,1,0,1,0,0.9948526620864868,0.9902040362358093,0.9754891395568848,1.0,0.9900941252708435,1,1,0,0.24569490551948547,1,0,0.17006038129329681,1,0,0.19024820625782013,1,0,0.18878279626369476,1,0,0.20521280169487
subject_02:sample_0000674,2,674,3,1,0,1,0,0.9946368932723999,0.9897684454917908,0.9746639132499695,1.0,0.9897220730781555,1,1,0,0.24533605575561523,1,0,0.1695803552865982,1,0,0.18947310745716095,1,0,0.1880066692829132,1,0,0.20760288834571838
subject_02:sample_0000675,2,675,3,1,0,1,0,0.9940152168273926,0.9885222315788269,0.9723079204559326,1.0,0.9886574149131775,1,1,0,0.24790269136428833,1,0,0.1675802618265152,1,0,0.18710127472877502,1,0,0.18541963398456573,1,0,0.2119951844215393
subject_02:sample_0000676,2,676,3,1,0,1,0,0.9931775331497192,0.98684161901474,0.9692162871360779,1.0,0.9872423410415649,1,1,0,0.24940405786037445,1,0,0.1656867265701294,1,0,0.18488456308841705,1,0,0.1826813817024231,1,0,0.21734225749969482
subject_02:sample_0000677,2,677,3,1,0,1,0,0.992092490196228,0.984669029712677,0.965322732925415,1.0,0.9854366779327393,1,1,0,0.25170502066612244,1,0,0.16356295347213745,1,0,0.18238724768161774,1,0,0.17967703938484192,1,0,0.22266678512096405
subject_02:sample_0000678,2,678,3,1,0,1,0,0.9914675951004028,0.9834153056144714,0.9631388783454895,1.0,0.9844101667404175,1,1,0,0.25164109468460083,1,0,0.1628648042678833,1,0,0.18154652416706085,1,0,0.17845934629440308,1,0,0.2254873514175415
subject_02:sample_0000679,2,679,3,1,0,1,0,0.9905424118041992,0.9815635681152344,0.9599618315696716,1.0,0.9829046726226807,1,1,0,0.25210994482040405,1,0,0.1619856059551239,1,0,0.18044359982013702,1,0,0.1769305020570755,1,0,0.2285294234752655
subject_02:sample_0000680,2,680,3,1,0,1,0,0.9895800352096558,0.9796336889266968,0.9567395448684692,1.0,0.9813570976257324,1,1,0,0.2520367205142975,1,0,0.16148582100868225,1,0,0.17978906631469727,1,0,0.17577101290225983,1,0,0.23091639578342438
subject_02:sample_0000681,2,681,3,1,0,1,0,0.98853600025177,0.9775396585464478,0.95332270860672,1.0,0.9796967506408691,1,1,0,0.2509661912918091,1,0,0.1615075170993805,1,0,0.17966313660144806,1,0,0.17508359253406525,1,0,0.2327786386013031
subject_02:sample_0000682,2,682,3,1,0,1,0,0.9875075817108154,0.9754782915115356,0.9500252604484558,1.0,0.9780775904655457,1,1,0,0.24990972876548767,1,0,0.161705881357193,1,0,0.1797589361667633,1,0,0.17441782355308533,1,0,0.2342066764831543
subject_02:sample_0000683,2,683,3,1,0,1,0,0.9865055084228516,0.9734679460525513,0.9468809366226196,1.0,0.9765154719352722,1,1,0,0.24761967360973358,1,0,0.16241805255413055,1,0,0.180363267660141,1,0,0.17433464527130127,1,0,0.2352634221315384
subject_02:sample_0000684,2,684,3,1,0,1,0,0.9838179349899292,0.9680913090705872,0.9386759400367737,1.0,0.9723814725875854,1,1,0,0.24652135372161865,1,0,0.16239923238754272,1,0,0.1798403561115265,1,0,0.1734236627817154,1,0,0.23781441152095795
subject_02:sample_0000685,2,685,3,1,0,1,0,0.9804707765579224,0.9613990783691406,0.928916335105896,1.0,0.967339038848877,1,1,0,0.2448095977306366,1,0,0.16250640153884888,1,0,0.17947597801685333,1,0,0.17283371090888977,1,0,0.24037328362464905
subject_02:sample_0000686,2,686,3,1,0,1,0,0.9782000184059143,0.9568543434143066,0.9225614070892334,1.0,0.9639781713485718,1,1,0,0.24139274656772614,1,0,0.16344434022903442,1,0,0.18034180998802185,1,0,0.1731567084789276,1,0,0.24166350066661835
subject_02:sample_0000687,2,687,3,1,0,1,0,0.9768606424331665,0.9541703462600708,0.9189109206199646,1.0,0.9620175957679749,1,1,0,0.23694458603858948,1,0,0.16469760239124298,1,0,0.18164148926734924,1,0,0.17388102412223816,1,0,0.24283431470394135
subject_02:sample_0000688,2,688,3,1,0,1,0,0.9735347628593445,0.9475139379501343,0.9100630283355713,1.0,0.9571987986564636,1,1,0,0.2317773401737213,1,0,0.1663213074207306,1,0,0.183135986328125,1,0,0.17445118725299835,1,0,0.24431324005126953
subject_02:sample_0000689,2,689,3,1,0,1,0,0.9671307802200317,0.9347041249275208,0.8938673734664917,1.0,0.9481087327003479,1,1,0,0.22691695392131805,1,0,0.1677539199590683,1,0,0.18430516123771667,1,0,0.1747298240661621,1,0,0.24629314243793488
subject_02:sample_0000690,2,690,3,1,0,1,0,0.9612924456596375,0.9230250716209412,0.8799382448196411,1.0,0.9400053024291992,1,1,0,0.22152097523212433,1,0,0.16945615410804749,1,0,0.1859492063522339,1,0,0.1749080866575241,1,0,0.2481646090745926
subject_02:sample_0000691,2,691,3,1,0,1,0,0.9552490711212158,0.9109388589859009,0.866214394569397,1.0,0.9317680597305298,1,1,0,0.21723370254039764,1,0,0.17108289897441864,1,0,0.1878626048564911,1,0,0.17458809912204742,1,0,0.2492317408323288
subject_02:sample_0000692,2,692,3,1,0,1,0,0.9518556594848633,0.9041532278060913,0.8587822914123535,1.0,0.9272013306617737,1,1,0,0.21374952793121338,1,0,0.17212459444999695,1,0,0.1896967589855194,1,0,0.17413611710071564,1,0,0.2502920627593994
subject_02:sample_0000693,2,693,3,1,0,1,0,0.9238201975822449,0.8481155037879944,0.8034225702285767,1.0,0.890731155872345,1,1,0,0.21000578999519348,1,0,0.1719530075788498,1,0,0.19114193320274353,1,0,0.17247849702835083,1,0,0.25441986322402954
subject_02:sample_0000694,2,694,3,1,0,1,0,0.8830921649932861,0.7666962742805481,0.7371827363967896,1.0,0.8405259847640991,1,1,0,0.20702701807022095,1,0,0.17131996154785156,1,0,0.19274909794330597,1,0,0.1707146167755127,1,0,0.2581883370876312
subject_02:sample_0000695,2,695,3,1,0,1,0,0.8315945267677307,0.6637297868728638,0.6700873374938965,0.800000011920929,0.737532377243042,1,1,0,0.2038966864347458,1,0,0.17039215564727783,1,0,0.1951793134212494,1,0,0.16845355927944183,3,1,0.26207736134529114
subject_02:sample_0000696,2,696,3,1,0,1,0,0.7848494052886963,0.570252537727356,0.6213428974151611,0.800000011920929,0.6867817044258118,0,1,0,0.20046529173851013,1,0,0.16943323612213135,1,0,0.19757045805454254,1,0,0.1658143699169159,3,1,0.2667156457901001
subject_02:sample_0000697,2,697,3,1,0,1,0,0.7458269000053406,0.49218857288360596,0.5880619883537292,0.800000011920929,0.644645094871521,0,1,0,0.19817791879177094,1,0,0.16931410133838654,1,0,0.19941066205501556,1,0,0.1637621372938156,3,1,0.26933425664901733
subject_02:sample_0000698,2,698,3,1,0,1,0,0.7321745157241821,0.4648720324039459,0.5778505206108093,0.800000011920929,0.6298154592514038,0,1,0,0.19664563238620758,1,0,0.16963082551956177,1,0,0.20093940198421478,1,0,0.16237695515155792,3,1,0.27040618658065796
subject_02:sample_0000699,2,699,3,1,0,1,0,0.7272316813468933,0.4549909830093384,0.5742790699005127,0.800000011920929,0.6244133114814758,0,1,0,0.19498629868030548,1,0,0.17016147077083588,1,0,0.20206525921821594,1,0,0.16128204762935638,3,1,0.2715039551258087
subject_02:sample_0000700,2,700,3,1,0,1,0,0.7242913246154785,0.4491083025932312,0.5722208023071289,0.800000011920929,0.6211971640586853,0,1,0,0.1929405927658081,1,0,0.17064879834651947,1,0,0.2029140144586563,1,0,0.1603788286447525,3,1,0.273116797208786
subject_02:sample_0000701,2,701,3,1,0,1,0,0.7218682765960693,0.4442687928676605,0.5705065727233887,0.800000011920929,0.6185340285301208,0,1,0,0.19053524732589722,1,0,0.17151951789855957,1,0,0.2039056420326233,1,0,0.15941031277179718,3,1,0.27462831139564514
subject_02:sample_0000702,2,702,3,1,0,1,0,0.7201179265975952,0.4407752752304077,0.5692691802978516,0.800000011920929,0.6166051030158997,0,1,0,0.18840178847312927,1,0,0.17208299040794373,1,0,0.20503978431224823,1,0,0.15863625705242157,3,1,0.2758382260799408
subject_02:sample_0000703,2,703,3,1,0,1,0,0.7187850475311279,0.4381043314933777,0.5683878660202026,0.800000011920929,0.6151454448699951,0,1,0,0.18612982332706451,1,0,0.17263154685497284,1,0,0.20636481046676636,1,0,0.15803851187229156,3,1,0.2768343985080719
subject_02:sample_0000704,2,704,3,1,0,1,0,0.7179295420646667,0.4363826811313629,0.5678631067276001,0.800000011920929,0.6142154335975647,0,1,0,0.18436411023139954,1,0,0.1732252538204193,1,0,0.207235187292099,1,0,0.15762439370155334,3,1,0.2775501012802124
subject_02:sample_0000705,2,705,3,1,0,1,0,0.7171808481216431,0.43487459421157837,0.5674130916595459,0.800000011920929,0.6134024858474731,0,1,0,0.18339619040489197,1,0,0.17327089607715607,1,0,0.20757389068603516,1,0,0.15740478038787842,3,1,0.2783532738685608
subject_02:sample_0000706,2,706,3,3,1,3,1,0.9993547201156616,0.9989641308784485,0.9956843852996826,1.0,0.9984995126724243,1,3,1,0.16434502601623535,3,1,0.26360589265823364,3,1,0.1580369770526886,3,1,0.15647704899311066,3,1,0.2575341761112213
subject_02:sample_0000707,2,707,3,3,1,3,1,0.9993568658828735,0.9989656805992126,0.9956993460655212,1.0,0.9985041618347168,1,3,1,0.164166659116745,3,1,0.26301997900009155,3,1,0.15831218659877777,3,1,0.1567625105381012,3,1,0.2577377259731293
subject_02:sample_0000708,2,708,3,3,1,3,1,0.9993597865104675,0.9989675879478455,0.9957189559936523,1.0,0.9985102415084839,1,3,1,0.16394920647144318,3,1,0.2622722089290619,3,1,0.1586756855249405,3,1,0.15734441578388214,3,1,0.2577575445175171
subject_02:sample_0000709,2,709,3,3,1,3,1,0.999361515045166,0.9989690184593201,0.9957302212715149,1.0,0.9985138177871704,1,3,1,0.16436778008937836,3,1,0.2621174454689026,3,1,0.15857692062854767,3,1,0.15755733847618103,3,1,0.25737956166267395
subject_02:sample_0000710,2,710,3,3,1,3,1,0.9993630647659302,0.9989707469940186,0.9957401156425476,1.0,0.9985170960426331,1,3,1,0.16461430490016937,3,1,0.2621474862098694,3,1,0.15861506760120392,3,1,0.15801221132278442,3,1,0.2566099464893341
subject_02:sample_0000711,2,711,3,3,1,3,1,0.999363899230957,0.9989719390869141,0.9957453608512878,1.0,0.9985188841819763,1,3,1,0.16478608548641205,3,1,0.2623980641365051,3,1,0.1585390418767929,3,1,0.15848436951637268,3,1,0.2557915151119232
subject_02:sample_0000712,2,712,3,3,1,3,1,0.999364972114563,0.9989724159240723,0.9957521557807922,1.0,0.9985210299491882,1,3,1,0.1645466685295105,3,1,0.26198306679725647,3,1,0.1588473916053772,3,1,0.15890617668628693,3,1,0.25571581721305847
subject_02:sample_0000713,2,713,3,3,1,3,1,0.9993641376495361,0.9989716410636902,0.9957479238510132,1.0,0.9985195398330688,1,3,1,0.16417399048805237,3,1,0.2623438537120819,3,1,0.15864834189414978,3,1,0.15886996686458588,3,1,0.25596290826797485
subject_02:sample_0000714,2,714,3,3,1,3,1,0.9993640184402466,0.9989718794822693,0.9957471489906311,1.0,0.9985194206237793,1,3,1,0.16378435492515564,3,1,0.2628096640110016,3,1,0.1585683375597,3,1,0.15899482369422913,3,1,0.25584185123443604
subject_02:sample_0000715,2,715,3,3,1,3,1,0.9993632435798645,0.9989712238311768,0.9957414865493774,1.0,0.998517632484436,1,3,1,0.16355136036872864,3,1,0.2633790969848633,3,1,0.15828245878219604,3,1,0.15881527960300446,3,1,0.25597086548805237
subject_02:sample_0000716,2,716,3,3,1,3,1,0.9993621110916138,0.9989702105522156,0.9957342147827148,1.0,0.998515248298645,1,3,1,0.16352736949920654,3,1,0.26372799277305603,3,1,0.15811516344547272,3,1,0.15862981975078583,3,1,0.2559987008571625
subject_02:sample_0000717,2,717,3,3,1,3,1,0.9993612766265869,0.9989701509475708,0.9957287311553955,1.0,0.9985136389732361,1,3,1,0.16392576694488525,3,1,0.26416364312171936,3,1,0.1578839272260666,3,1,0.15847927331924438,3,1,0.25554636120796204
subject_02:sample_0000718,2,718,0,1,0,1,0,0.9960248470306396,0.9938265681266785,0.9785161018371582,1.0,0.9920583367347717,1,1,0,0.21207188069820404,1,0,0.28235021233558655,1,0,0.1624535173177719,1,0,0.16013944149017334,1,0,0.18298402428627014
subject_02:sample_0000719,2,719,0,1,0,1,0,0.9964132308959961,0.9942505955696106,0.9805905222892761,1.0,0.9927862882614136,1,1,0,0.21534210443496704,1,0,0.2779185473918915,1,0,0.1627504974603653,1,0,0.1605190932750702,1,0,0.18346871435642242
subject_02:sample_0000720,2,720,0,1,0,1,0,0.9964367151260376,0.9942821860313416,0.9807366132736206,1.0,0.9928368926048279,1,1,0,0.22146941721439362,1,0,0.27513203024864197,1,0,0.16156969964504242,1,0,0.15948523581027985,1,0,0.18234263360500336
subject_02:sample_0000721,2,721,0,1,0,1,0,0.9964689612388611,0.9943271279335022,0.9809442162513733,1.0,0.9929087162017822,1,1,0,0.22997377812862396,1,0,0.2708335220813751,1,0,0.16017699241638184,1,0,0.15820983052253723,1,0,0.18080490827560425
subject_02:sample_0000722,2,722,0,1,0,1,0,0.9962165951728821,0.9940757751464844,0.9796545505523682,1.0,0.9924567341804504,1,1,0,0.24329061806201935,1,0,0.26721054315567017,1,0,0.15699051320552826,1,0,0.15521614253520966,1,0,0.17729118466377258
subject_02:sample_0000723,2,723,0,1,0,1,0,0.9963431358337402,0.9942298531532288,0.9803670048713684,1.0,0.9927070736885071,1,1,0,0.24779115617275238,1,0,0.2626554071903229,1,0,0.15672273933887482,1,0,0.15532489120960236,1,0,0.17750485241413116
subject_02:sample_0000724,2,724,0,1,0,1,0,0.9960269331932068,0.9939157962799072,0.9787589311599731,1.0,0.9921426177024841,1,1,0,0.2558126151561737,1,0,0.2621767222881317,1,0,0.153951495885849,1,0,0.15305772423744202,1,0,0.17500050365924835
subject_02:sample_0000725,2,725,0,1,0,1,0,0.9953609108924866,0.9932096600532532,0.9754338264465332,1.0,0.9909570217132568,1,1,0,0.26545774936676025,1,0,0.26133254170417786,1,0,0.15106560289859772,1,0,0.15044504404067993,1,0,0.17169812321662903
subject_02:sample_0000726,2,726,0,1,0,1,0,0.9915248155593872,0.9881165623664856,0.9581007957458496,1.0,0.9843073487281799,1,1,0,0.2802382707595825,1,0,0.2601064443588257,1,0,0.14662232995033264,1,0,0.14638644456863403,1,0,0.16664555668830872
subject_02:sample_0000727,2,727,0,1,0,1,0,0.8001927137374878,0.605355441570282,0.6200047135353088,0.800000011920929,0.7001200318336487,1,0,1,0.2933345437049866,1,0,0.2592194974422455,1,0,0.14254941046237946,1,0,0.14282341301441193,1,0,0.16207222640514374
subject_02:sample_0000728,2,728,0,1,0,1,0,0.5412633419036865,0.08496880531311035,0.490389883518219,0.6000000238418579,0.3410674035549164,0,0,1,0.2992720305919647,0,1,0.2587715983390808,1,0,0.14068886637687683,1,0,0.1414470672607422,1,0,0.15981948375701904
subject_02:sample_0000729,2,729,0,0,1,1,0,0.5513769388198853,0.10400405526161194,0.4972453713417053,0.4000000059604645,0.32680031657218933,0,0,1,0.2988984286785126,0,1,0.25879010558128357,1,0,0.14053304493427277,1,0,0.14201433956623077,1,0,0.15976308286190033
subject_02:sample_0000730,2,730,0,0,1,1,0,0.5513874888420105,0.1039355993270874,0.4976879358291626,0.4000000059604645,0.3268207311630249,0,0,1,0.2937915623188019,0,1,0.25918611884117126,1,0,0.14159421622753143,1,0,0.14406703412532806,1,0,0.16136011481285095
subject_02:sample_0000731,2,731,0,0,1,1,0,0.5463000535964966,0.09375625848770142,0.49698710441589355,0.4000000059604645,0.3176575303077698,0,0,1,0.28750738501548767,0,1,0.2596513628959656,1,0,0.14304813742637634,1,0,0.14673472940921783,1,0,0.16305741667747498
subject_02:sample_0000732,2,732,0,0,1,1,0,0.5423546433448792,0.08591562509536743,0.4962317943572998,0.4000000059604645,0.31011661887168884,0,0,1,0.2853564918041229,0,1,0.2593667209148407,1,0,0.14359967410564423,1,0,0.14828020334243774,1,0,0.1633959412574768
subject_02:sample_0000733,2,733,0,1,0,1,0,0.6289871335029602,0.2612236738204956,0.5092357993125916,0.800000011920929,0.5086461901664734,0,0,1,0.29678693413734436,1,0,0.2530442774295807,1,0,0.14158344268798828,1,0,0.14733020961284637,1,0,0.16125421226024628
subject_02:sample_0000734,2,734,0,1,0,1,0,0.6903043985366821,0.38349559903144836,0.5403491854667664,0.800000011920929,0.5816227197647095,0,0,1,0.3049784302711487,1,0,0.24432295560836792,1,0,0.1412600725889206,1,0,0.14819970726966858,1,0,0.16123788058757782
subject_02:sample_0000735,2,735,0,1,0,1,0,0.7122581005096436,0.4272044003009796,0.5548630952835083,0.800000011920929,0.6062297224998474,0,0,1,0.3069589138031006,1,0,0.2338310033082962,1,0,0.14307324588298798,1,0,0.15188927948474884,1,0,0.1642465591430664
subject_02:sample_0000736,2,736,0,1,0,1,0,0.9789549708366394,0.9627745747566223,0.9157295823097229,1.0,0.9638593196868896,1,1,0,0.3008151650428772,1,0,0.22837227582931519,1,0,0.14616288244724274,1,0,0.15645955502986908,1,0,0.16818910837173462
subject_02:sample_0000737,2,737,0,1,0,1,0,0.9959969520568848,0.9939493536949158,0.9787417650222778,1.0,0.9921391606330872,1,1,0,0.2858809530735016,1,0,0.22079843282699585,1,0,0.15257392823696136,1,0,0.16461387276649475,1,0,0.17613181471824646
subject_02:sample_0000738,2,738,0,1,0,1,0,0.9969175457954407,0.9947699904441833,0.9834682941436768,1.0,0.9937692880630493,1,1,0,0.25483232736587524,1,0,0.21004758775234222,1,0,0.16444440186023712,1,0,0.17918281257152557,1,0,0.19149194657802582
subject_02:sample_0000739,2,739,0,1,0,1,0,0.9970653057098389,0.9948302507400513,0.9843060970306396,1.0,0.9940326809883118,1,1,0,0.2325986921787262,1,0,0.2087206095457077,1,0,0.1708066314458847,1,0,0.18762773275375366,1,0,0.20024541020393372
subject_02:sample_0000740,2,740,0,1,0,1,0,0.9971796274185181,0.9949572086334229,0.9849065542221069,1.0,0.9942445158958435,1,1,0,0.21811863780021667,1,0,0.21060414612293243,1,0,0.1740064024925232,1,0,0.19207213819026947,1,0,0.20519773662090302
subject_02:sample_0000741,2,741,0,1,0,1,0,0.9972366094589233,0.9950512051582336,0.9851782321929932,1.0,0.9943507313728333,1,1,0,0.21537719666957855,1,0,0.21198055148124695,1,0,0.17385342717170715,1,0,0.19276899099349976,1,0,0.20601886510849
subject_02:sample_0000742,2,742,0,1,0,1,0,0.9972822666168213,0.9951310157775879,0.9853907823562622,1.0,0.994435727596283,1,1,0,0.21319667994976044,1,0,0.2135990560054779,1,0,0.1732235848903656,1,0,0.192937970161438,1,0,0.20704172551631927
subject_02:sample_0000743,2,743,0,1,0,1,0,0.9973012208938599,0.9951639175415039,0.9854786396026611,1.0,0.9944707751274109,1,1,0,0.21120305359363556,1,0,0.21536801755428314,1,0,0.173055961728096,1,0,0.1924898475408554,1,0,0.2078821212053299
subject_02:sample_0000744,2,744,0,1,0,1,0,0.9973002076148987,0.9951618909835815,0.9854731559753418,1.0,0.9944687485694885,1,1,0,0.21066433191299438,1,0,0.2157142460346222,1,0,0.17289994657039642,1,0,0.19257253408432007,1,0,0.2081480324268341
subject_02:sample_0000745,2,745,0,1,0,1,0,0.9973040819168091,0.9951705932617188,0.985488772392273,1.0,0.9944757223129272,1,1,0,0.21008440852165222,1,0,0.21588817238807678,1,0,0.1727944314479828,1,0,0.19264154136180878,1,0,0.2085905373096466
subject_02:sample_0000746,2,746,3,3,1,3,1,0.9991613626480103,0.9984862208366394,0.9947596192359924,1.0,0.9980997443199158,1,3,1,0.2153458446264267,3,1,0.2646137475967407,3,1,0.16988135874271393,3,1,0.1778486967086792,3,1,0.17230945825576782
subject_02:sample_0000747,2,747,3,3,1,3,1,0.9991571307182312,0.9984771013259888,0.9947386384010315,1.0,0.9980912208557129,1,3,1,0.21481838822364807,3,1,0.2658241093158722,3,1,0.16960011422634125,3,1,0.17767637968063354,3,1,0.17208006978034973
subject_02:sample_0000748,2,748,3,3,1,3,1,0.9991576671600342,0.9984765648841858,0.9947438836097717,1.0,0.998092532157898,1,3,1,0.21418875455856323,3,1,0.26726776361465454,3,1,0.16930432617664337,3,1,0.17747318744659424,3,1,0.17176494002342224
subject_02:sample_0000749,2,749,3,3,1,3,1,0.9991575479507446,0.9984734654426575,0.9947456121444702,1.0,0.9980921149253845,1,3,1,0.21353499591350555,3,1,0.26907986402511597,3,1,0.1688830852508545,3,1,0.17707087099552155,3,1,0.17143018543720245
subject_02:sample_0000750,2,750,3,3,1,3,1,0.9991508722305298,0.998454749584198,0.9947177171707153,1.0,0.9980787038803101,1,3,1,0.21212723851203918,3,1,0.27239367365837097,3,1,0.16816319525241852,3,1,0.17642639577388763,3,1,0.1708885282278061
subject_02:sample_0000751,2,751,3,3,1,3,1,0.9991450309753418,0.9984388947486877,0.9946922659873962,1.0,0.9980669021606445,1,3,1,0.21140652894973755,3,1,0.27383026480674744,3,1,0.1677936613559723,3,1,0.1762048900127411,3,1,0.17076370120048523
subject_02:sample_0000752,2,752,3,3,1,3,1,0.9991397857666016,0.9984257817268372,0.9946685433387756,1.0,0.9980564117431641,1,3,1,0.21094712615013123,3,1,0.27403223514556885,3,1,0.1677679866552353,3,1,0.17638356983661652,3,1,0.1708681434392929
subject_02:sample_0000753,2,753,3,3,1,3,1,0.9991345405578613,0.9984137415885925,0.9946431517601013,1.0,0.9980457425117493,1,3,1,0.2106747031211853,3,1,0.27374404668807983,3,1,0.16791705787181854,3,1,0.17662258446216583,3,1,0.1710405796766281
subject_02:sample_0000754,2,754,3,3,1,3,1,0.9991326928138733,0.998408854007721,0.9946352243423462,1.0,0.9980420470237732,1,3,1,0.21044185757637024,3,1,0.2735983431339264,3,1,0.16805972158908844,3,1,0.17678365111351013,3,1,0.1711154282093048
subject_02:sample_0000755,2,755,3,3,1,3,1,0.9991333484649658,0.9984089732170105,0.9946398138999939,1.0,0.998043417930603,1,3,1,0.21028029918670654,3,1,0.2731721103191376,3,1,0.16837501525878906,3,1,0.17698003351688385,3,1,0.17119158804416656
subject_02:sample_0000756,2,756,3,3,1,3,1,0.9991364479064941,0.9984145164489746,0.9946564435958862,1.0,0.9980497360229492,1,3,1,0.2100456953048706,3,1,0.27217912673950195,3,1,0.169073224067688,3,1,0.1773969531059265,3,1,0.17130409181118011
subject_02:sample_0000757,2,757,3,3,1,3,1,0.9991403818130493,0.9984225630760193,0.9946768879890442,1.0,0.9980579018592834,1,3,1,0.20961830019950867,3,1,0.2711520791053772,3,1,0.16982130706310272,3,1,0.17793290317058563,3,1,0.171474426984787
subject_02:sample_0000758,2,758,3,3,1,3,1,0.9991436004638672,0.9984291791915894,0.99469393491745,1.0,0.9980646371841431,1,3,1,0.20923522114753723,3,1,0.2701461911201477,3,1,0.17045073211193085,3,1,0.1784510314464569,3,1,0.1717158555984497
subject_02:sample_0000759,2,759,3,3,1,3,1,0.9991502165794373,0.998443067073822,0.9947274327278137,1.0,0.9980781078338623,1,3,1,0.20880459249019623,3,1,0.2690297067165375,3,1,0.1711948812007904,3,1,0.1790778487920761,3,1,0.17189204692840576
subject_02:sample_0000760,2,760,3,3,1,3,1,0.9991593956947327,0.9984627366065979,0.9947733283042908,1.0,0.9980968832969666,1,3,1,0.20852115750312805,3,1,0.2677476406097412,3,1,0.17214184999465942,3,1,0.17972591519355774,3,1,0.17186245322227478
subject_02:sample_0000761,2,761,3,3,1,3,1,0.999165952205658,0.9984772801399231,0.9948060512542725,1.0,0.9981103539466858,1,3,1,0.20849400758743286,3,1,0.2665524184703827,3,1,0.17302542924880981,3,1,0.18010467290878296,3,1,0.17182251811027527
subject_02:sample_0000762,2,762,3,3,1,3,1,0.9991744756698608,0.9984959363937378,0.9948475956916809,1.0,0.9981275200843811,1,3,1,0.2085464894771576,3,1,0.26550614833831787,3,1,0.17378194630146027,3,1,0.18047121167182922,3,1,0.17169328033924103
subject_02:sample_0000763,2,763,3,3,1,3,1,0.9991815686225891,0.9985112547874451,0.994884729385376,1.0,0.998142421245575,1,3,1,0.2085544466972351,3,1,0.2647242844104767,3,1,0.17436745762825012,3,1,0.18082046508789062,3,1,0.1715322881937027
subject_02:sample_0000764,2,764,3,3,1,3,1,0.999189019203186,0.9985281825065613,0.994920015335083,1.0,0.9981573224067688,1,3,1,0.208805650472641,3,1,0.2630586326122284,3,1,0.17527717351913452,3,1,0.18132738769054413,3,1,0.17153023183345795
subject_02:sample_0000765,2,765,3,3,1,3,1,0.9991887807846069,0.9985299706459045,0.9949167966842651,1.0,0.9981569647789001,1,3,1,0.20880375802516937,3,1,0.2619819939136505,3,1,0.17581258714199066,3,1,0.18169598281383514,3,1,0.1717047095298767
subject_02:sample_0000766,2,766,3,3,1,3,1,0.9991856217384338,0.9985267519950867,0.9948959946632385,1.0,0.998150110244751,1,3,1,0.2089252918958664,3,1,0.2610582411289215,3,1,0.17610864341259003,3,1,0.18174564838409424,3,1,0.1721612811088562
subject_02:sample_0000767,2,767,3,3,1,3,1,0.9991839528083801,0.9985268115997314,0.9948840141296387,1.0,0.9981467723846436,1,3,1,0.20923256874084473,3,1,0.25930356979370117,3,1,0.1765935868024826,3,1,0.18215309083461761,3,1,0.17271624505519867
subject_02:sample_0000768,2,768,3,3,1,3,1,0.9991819858551025,0.9985272884368896,0.9948692321777344,1.0,0.998142659664154,1,3,1,0.20972603559494019,3,1,0.2567906975746155,3,1,0.17736470699310303,3,1,0.18279585242271423,3,1,0.1733216941356659
subject_02:sample_0000769,2,769,3,3,1,3,1,0.9991737604141235,0.9985190629959106,0.9948160648345947,1.0,0.9981252551078796,1,3,1,0.21104662120342255,3,1,0.25145837664604187,3,1,0.17885935306549072,3,1,0.18414300680160522,3,1,0.1744917333126068
subject_02:sample_0000770,2,770,3,3,1,3,1,0.9991596341133118,0.9985007047653198,0.9947308897972107,1.0,0.9980957508087158,1,3,1,0.2124737650156021,3,1,0.2455599457025528,3,1,0.1805243045091629,3,1,0.18567907810211182,3,1,0.1757618933916092
subject_02:sample_0000771,2,771,3,3,1,3,1,0.9991474747657776,0.99848473072052,0.9946581125259399,1.0,0.9980704188346863,1,3,1,0.21289169788360596,3,1,0.2432030886411667,3,1,0.1812068372964859,3,1,0.18612074851989746,3,1,0.1765766143798828
subject_02:sample_0000772,2,772,3,3,1,3,1,0.9991424083709717,0.9984781742095947,0.9946278929710388,1.0,0.9980599284172058,1,3,1,0.21296484768390656,3,1,0.24237528443336487,3,1,0.18149912357330322,3,1,0.18618953227996826,3,1,0.1769702434539795
subject_02:sample_0000773,2,773,3,3,1,3,1,0.9991403818130493,0.9984752535820007,0.9946158528327942,1.0,0.9980556964874268,1,3,1,0.21293634176254272,3,1,0.24212923645973206,3,1,0.18153056502342224,3,1,0.18614351749420166,3,1,0.1772594451904297
subject_02:sample_0000774,2,774,0,0,1,0,1,0.9998036623001099,0.9996506571769714,0.9985668659210205,1.0,0.9995051622390747,1,0,1,0.0811631828546524,0,1,0.08944416046142578,0,1,0.6079943180084229,0,1,0.09888667613267899,0,1,0.12251067161560059
subject_02:sample_0000775,2,775,0,0,1,0,1,0.9998088479042053,0.9996606707572937,0.998600423336029,1.0,0.9995173811912537,1,0,1,0.08165822178125381,0,1,0.09000272303819656,0,1,0.6092819571495056,0,1,0.09947200864553452,0,1,0.1195840835571289
subject_02:sample_0000776,2,776,0,0,1,0,1,0.9998161792755127,0.9996744990348816,0.998649537563324,1.0,0.9995349645614624,1,0,1,0.0819844976067543,0,1,0.09035330265760422,0,1,0.6101022362709045,0,1,0.09987190365791321,0,1,0.11768710613250732
subject_02:sample_0000777,2,777,0,0,1,0,1,0.9998217225074768,0.9996856451034546,0.9986841082572937,1.0,0.9995477199554443,1,0,1,0.0823986828327179,0,1,0.09079355746507645,0,1,0.6090930104255676,0,1,0.10059507191181183,0,1,0.1171187311410904
subject_02:sample_0000778,2,778,0,0,1,0,1,0.9998267889022827,0.999697208404541,0.9987179040908813,1.0,0.9995603561401367,1,0,1,0.08298790454864502,0,1,0.09146150201559067,0,1,0.6072909832000732,0,1,0.10171376168727875,0,1,0.11654487252235413
subject_02:sample_0000779,2,779,0,0,1,0,1,0.999832034111023,0.9997099041938782,0.9987510442733765,1.0,0.9995731115341187,1,0,1,0.08368287235498428,0,1,0.09221694618463516,0,1,0.6053284406661987,0,1,0.10275944322347641,0,1,0.11601127684116364
subject_02:sample_0000780,2,780,0,0,1,0,1,0.9998372197151184,0.9997226595878601,0.9987837672233582,1.0,0.9995858073234558,1,0,1,0.08431541919708252,0,1,0.09294766187667847,0,1,0.6029719114303589,0,1,0.1039290726184845,0,1,0.11583497375249863
subject_02:sample_0000781,2,781,0,0,1,0,1,0.9998477697372437,0.9997434616088867,0.9988552331924438,1.0,0.9996114373207092,1,0,1,0.08489444851875305,0,1,0.09364084899425507,0,1,0.6021375060081482,0,1,0.10487216711044312,0,1,0.1144540086388588
subject_02:sample_0000782,2,782,0,0,1,0,1,0.9998691082000732,0.999779462814331,0.9990018010139465,1.0,0.9996625185012817,1,0,1,0.08514309674501419,0,1,0.09396252781152725,0,1,0.6024026870727539,0,1,0.10518048703670502,0,1,0.11331025511026382
subject_02:sample_0000783,2,783,0,0,1,0,1,0.9998980760574341,0.9998272657394409,0.9992069005966187,1.0,0.9997329711914062,1,0,1,0.08534817397594452,0,1,0.09428541362285614,0,1,0.6020067930221558,0,1,0.10537298023700714,0,1,0.11298571527004242
subject_02:sample_0000784,2,784,0,0,1,0,1,0.9999316334724426,0.999883234500885,0.999451220035553,1.0,0.9998164772987366,1,0,1,0.08547917008399963,0,1,0.09447988867759705,0,1,0.6025272011756897,0,1,0.10524094849824905,0,1,0.11227182298898697
subject_02:sample_0000785,2,785,0,0,1,0,1,0.999954342842102,0.9999213218688965,0.999622106552124,1.0,0.9998744130134583,1,0,1,0.08557086437940598,0,1,0.09455478936433792,0,1,0.602761447429657,0,1,0.10523106902837753,0,1,0.11188088357448578
subject_02:sample_0000786,2,786,0,0,1,0,1,0.9999681115150452,0.9999447464942932,0.9997296929359436,1.0,0.9999105930328369,1,0,1,0.08574806153774261,0,1,0.0946921706199646,0,1,0.6025776863098145,0,1,0.10548299551010132,0,1,0.11149813234806061
subject_02:sample_0000787,2,787,0,0,1,0,1,0.9999759197235107,0.9999581575393677,0.9997907876968384,1.0,0.9999311566352844,1,0,1,0.08595088869333267,0,1,0.09492955356836319,0,1,0.6030972599983215,0,1,0.10522736608982086,0,1,0.11079397052526474
subject_02:sample_0000788,2,788,0,0,1,0,1,0.9999809265136719,0.9999669790267944,0.9998313784599304,1.0,0.999944806098938,1,0,1,0.08669058978557587,0,1,0.09580797702074051,0,1,0.6009805798530579,0,1,0.10601921379566193,0,1,0.11050062626600266
subject_02:sample_0000789,2,789,0,0,1,0,1,0.9999841451644897,0.9999725222587585,0.9998564124107361,1.0,0.9999532699584961,1,0,1,0.0875571146607399,0,1,0.09685757756233215,0,1,0.5981913805007935,0,1,0.10690087080001831,0,1,0.11049208790063858
subject_02:sample_0000790,2,790,0,0,1,0,1,0.9999860525131226,0.9999759793281555,0.9998729825019836,1.0,0.9999586939811707,1,0,1,0.08821950107812881,0,1,0.09750603139400482,0,1,0.5963194370269775,0,1,0.10696769505739212,0,1,0.11098630726337433
subject_02:sample_0000791,2,791,0,0,1,0,1,0.9999877214431763,0.9999788999557495,0.9998860955238342,1.0,0.999963104724884,1,0,1,0.08915214240550995,0,1,0.09870271384716034,0,1,0.5926801562309265,0,1,0.10751914978027344,0,1,0.11194489896297455
subject_02:sample_0000792,2,792,0,0,1,0,1,0.9999886751174927,0.999980628490448,0.9998943209648132,1.0,0.9999659061431885,1,0,1,0.09002868086099625,0,1,0.09977753460407257,0,1,0.5889827013015747,0,1,0.10826816409826279,0,1,0.1129419133067131
subject_02:sample_0000793,2,793,0,0,1,0,1,0.99998939037323,0.9999818205833435,0.9998993873596191,1.0,0.999967634677887,1,0,1,0.09054159373044968,0,1,0.10053868591785431,0,1,0.586224377155304,0,1,0.10881564766168594,0,1,0.1138787716627121
subject_02:sample_0000794,2,794,0,0,1,0,1,0.9999895095825195,0.9999821186065674,0.9999011754989624,1.0,0.9999681711196899,1,0,1,0.09072893112897873,0,1,0.10090114176273346,0,1,0.5853622555732727,0,1,0.10897724330425262,0,1,0.11402951925992966
subject_02:sample_0000795,2,795,0,0,1,0,1,0.9999895691871643,0.9999822378158569,0.9999019503593445,1.0,0.999968409538269,1,0,1,0.09063871949911118,0,1,0.10092479735612869,0,1,0.5860047936439514,0,1,0.1081993579864502,0,1,0.11423137038946152
subject_02:sample_0000796,2,796,0,0,1,0,1,0.9999892711639404,0.9999817609786987,0.9998999834060669,1.0,0.9999676942825317,1,0,1,0.0898379310965538,0,1,0.10002860426902771,0,1,0.5893425345420837,0,1,0.10662900656461716,0,1,0.1141609400510788
subject_02:sample_0000797,2,797,0,0,1,0,1,0.9999890327453613,0.9999812245368958,0.9998971819877625,1.0,0.9999668598175049,1,0,1,0.0888533964753151,0,1,0.09897727519273758,0,1,0.5932250022888184,0,1,0.10486678034067154,0,1,0.1140766516327858
subject_02:sample_0000798,2,798,0,0,1,0,1,0.9999884366989136,0.9999801516532898,0.9998927116394043,1.0,0.9999653100967407,1,0,1,0.08770418912172318,0,1,0.09762029349803925,0,1,0.597673773765564,0,1,0.10320281237363815,0,1,0.11379794776439667
subject_02:sample_0000799,2,799,0,0,1,0,1,0.9999877214431763,0.9999788999557495,0.9998871684074402,1.0,0.9999634027481079,1,0,1,0.08674611896276474,0,1,0.09648043662309647,0,1,0.6018400192260742,0,1,0.1019073948264122,0,1,0.11302506178617477
subject_02:sample_0000800,2,800,0,0,1,0,1,0.9999865889549255,0.9999768137931824,0.999877393245697,1.0,0.9999602437019348,1,0,1,0.08578909188508987,0,1,0.09550067782402039,0,1,0.6063660979270935,0,1,0.10074188560247421,0,1,0.11160124093294144
subject_02:sample_0000801,2,801,0,0,1,0,1,0.9999851584434509,0.9999741911888123,0.9998654723167419,1.0,0.9999562501907349,1,0,1,0.08514910936355591,0,1,0.09497351944446564,0,1,0.6097748875617981,0,1,0.10017356276512146,0,1,0.1099279522895813
subject_02:sample_0000802,2,802,0,0,1,0,1,0.9999839663505554,0.9999721050262451,0.9998565912246704,1.0,0.9999531507492065,1,0,1,0.08478213101625443,0,1,0.09475796669721603,0,1,0.6116289496421814,0,1,0.0997847393155098,0,1,0.10904521495103836
subject_02:sample_0000803,2,803,0,0,1,0,1,0.9999831318855286,0.9999704360961914,0.9998485445976257,1.0,0.9999505281448364,1,0,1,0.08461516350507736,0,1,0.09462366998195648,0,1,0.6128329634666443,0,1,0.0997660681605339,0,1,0.10816122591495514
subject_02:sample_0000804,2,804,0,0,1,0,1,0.9999814033508301,0.9999673962593079,0.9998357892036438,1.0,0.999946117401123,1,0,1,0.08422308415174484,0,1,0.09411167353391647,0,1,0.6150769591331482,0,1,0.0994160994887352,0,1,0.10717117041349411
subject_02:sample_0000805,2,805,0,0,1,0,1,0.9999791383743286,0.9999631643295288,0.99981689453125,1.0,0.9999397397041321,1,0,1,0.08374997973442078,0,1,0.09349838644266129,0,1,0.6180134415626526,0,1,0.09889818727970123,0,1,0.10583902895450592
subject_02:sample_0000806,2,806,0,0,1,0,1,0.9999772310256958,0.9999596476554871,0.9998016953468323,1.0,0.9999346137046814,1,0,1,0.08380340039730072,0,1,0.09357519447803497,0,1,0.6186925768852234,0,1,0.0993335098028183,0,1,0.10459435731172562
subject_02:sample_0000807,2,807,0,0,1,0,1,0.9999727606773376,0.9999514222145081,0.9997660517692566,1.0,0.9999225735664368,1,0,1,0.08385402709245682,0,1,0.09357919543981552,0,1,0.6191820502281189,0,1,0.09998219460248947,0,1,0.10340162366628647
subject_02:sample_0000808,2,808,0,0,1,0,1,0.9999695420265198,0.9999456405639648,0.9997421503067017,1.0,0.999914288520813,1,0,1,0.08395939320325851,0,1,0.0935303345322609,0,1,0.6191133260726929,0,1,0.10056790709495544,0,1,0.10282803326845169
subject_02:sample_0000809,2,809,0,0,1,0,1,0.999965488910675,0.9999381303787231,0.9997100234031677,1.0,0.9999033808708191,1,0,1,0.0840761661529541,0,1,0.09361786395311356,0,1,0.6195070147514343,0,1,0.1010720506310463,0,1,0.10172594338655472
subject_02:sample_0000810,2,810,0,0,1,0,1,0.9999609589576721,0.9999298453330994,0.9996756911277771,1.0,0.9998916387557983,1,0,1,0.08430992066860199,0,1,0.09398161619901657,0,1,0.6193169355392456,0,1,0.10173075646162033,0,1,0.1006597951054573
subject_02:sample_0000811,2,811,0,0,1,0,1,0.9999530911445618,0.9999155402183533,0.9996175169944763,1.0,0.999871551990509,1,0,1,0.08450178802013397,0,1,0.09441249072551727,0,1,0.6191240549087524,0,1,0.10247806459665298,0,1,0.09948261082172394
subject_02:sample_0000812,2,812,0,0,1,0,1,0.9999464154243469,0.9999032020568848,0.9995666742324829,1.0,0.9998540282249451,1,0,1,0.08458943665027618,0,1,0.09462561458349228,0,1,0.619027853012085,0,1,0.1030578762292862,0,1,0.09869825839996338
subject_02:sample_0000813,2,813,0,0,1,0,1,0.999937891960144,0.9998877644538879,0.9995045065879822,1.0,0.9998324513435364,1,0,1,0.08442026376724243,0,1,0.09451539814472198,0,1,0.6200729608535767,0,1,0.10295392572879791,0,1,0.09803648293018341
subject_02:sample_0000814,2,814,0,0,1,0,1,0.9999338388442993,0.9998804330825806,0.9994745254516602,1.0,0.9998221397399902,1,0,1,0.08446065336465836,0,1,0.09463159739971161,0,1,0.6199597716331482,0,1,0.1032969057559967,0,1,0.09765007346868515
subject_02:sample_0000815,2,815,0,0,1,0,1,0.9999327063560486,0.9998782277107239,0.99946528673172,1.0,0.9998190402984619,1,0,1,0.0844636932015419,0,1,0.09446476399898529,0,1,0.6200771927833557,0,1,0.10351528227329254,0,1,0.09747813642024994
subject_02:sample_0000816,2,816,0,0,1,0,1,0.9999361038208008,0.9998844861984253,0.9994908571243286,1.0,0.9998278021812439,1,0,1,0.0845441147685051,0,1,0.09445080906152725,0,1,0.6198112368583679,0,1,0.10367631912231445,0,1,0.09751656651496887
subject_02:sample_0000817,2,817,3,3,1,3,1,0.999312162399292,0.9987199306488037,0.9956495761871338,1.0,0.9984189867973328,1,3,1,0.20448429882526398,3,1,0.1863168478012085,3,1,0.20756858587265015,3,1,0.2021636962890625,3,1,0.19946560263633728
subject_02:sample_0000818,2,818,3,3,1,3,1,0.9993110299110413,0.9987174868583679,0.9956433176994324,1.0,0.9984166026115417,1,3,1,0.2044401317834854,3,1,0.18625006079673767,3,1,0.20762981474399567,3,1,0.2020566314458847,3,1,0.1996224820613861
subject_02:sample_0000819,2,819,3,3,1,3,1,0.9993116855621338,0.9987188577651978,0.9956468343734741,1.0,0.9984179735183716,1,3,1,0.20427419245243073,3,1,0.18621434271335602,3,1,0.20747321844100952,3,1,0.20217444002628326,3,1,0.19986286759376526
subject_02:sample_0000820,2,820,3,3,1,3,1,0.9993148446083069,0.998725414276123,0.9956631660461426,1.0,0.9984244704246521,1,3,1,0.20402821898460388,3,1,0.18610510230064392,3,1,0.20730642974376678,3,1,0.20218709111213684,3,1,0.20037224888801575
subject_02:sample_0000821,2,821,3,3,1,3,1,0.9993172883987427,0.9987305402755737,0.9956758618354797,1.0,0.9984295964241028,1,3,1,0.20355738699436188,3,1,0.18589723110198975,3,1,0.20686005055904388,3,1,0.20205621421337128,3,1,0.20162823796272278
subject_02:sample_0000822,2,822,3,3,1,3,1,0.9993196725845337,0.9987356662750244,0.9956886768341064,1.0,0.9984346628189087,1,3,1,0.2029779851436615,3,1,0.18559958040714264,3,1,0.20647087693214417,3,1,0.20162436366081238,3,1,0.2033262699842453
subject_02:sample_0000823,2,823,3,3,1,3,1,0.9993211030960083,0.998738706111908,0.9956956505775452,1.0,0.9984375238418579,1,3,1,0.20249053835868835,3,1,0.18526481091976166,3,1,0.20613615214824677,3,1,0.20104862749576569,3,1,0.20505894720554352
subject_02:sample_0000824,2,824,3,3,1,3,1,0.9993213415145874,0.9987393021583557,0.9956967830657959,1.0,0.9984380602836609,1,3,1,0.2022734135389328,3,1,0.1848335713148117,3,1,0.20609943568706512,3,1,0.20032702386379242,3,1,0.20646558701992035
subject_02:sample_0000825,2,825,3,3,1,3,1,0.9993232488632202,0.9987434148788452,0.9957064986228943,1.0,0.9984419941902161,1,3,1,0.20208430290222168,3,1,0.18445773422718048,3,1,0.20589105784893036,3,1,0.199751079082489,3,1,0.20781487226486206
subject_02:sample_0000826,2,826,3,3,1,3,1,0.999324381351471,0.9987457394599915,0.9957126379013062,1.0,0.9984444379806519,1,3,1,0.20203982293605804,3,1,0.18417713046073914,3,1,0.2059013545513153,3,1,0.19917885959148407,3,1,0.20870192348957062
subject_02:sample_0000827,2,827,3,3,1,3,1,0.9993253350257874,0.9987476468086243,0.9957175850868225,1.0,0.9984463453292847,1,3,1,0.20208591222763062,3,1,0.1839098334312439,3,1,0.2059880942106247,3,1,0.19861625134944916,3,1,0.20939898490905762
subject_02:sample_0000828,2,828,3,3,1,3,1,0.9993263483047485,0.9987496137619019,0.9957230091094971,1.0,0.9984484314918518,1,3,1,0.20216025412082672,3,1,0.1837865114212036,3,1,0.20608052611351013,3,1,0.19821669161319733,3,1,0.20975510776042938
subject_02:sample_0000829,2,829,3,3,1,3,1,0.9993283748626709,0.9987540245056152,0.9957340359687805,1.0,0.9984528422355652,1,3,1,0.20232060551643372,3,1,0.1839197725057602,3,1,0.20600812137126923,3,1,0.19821785390377045,3,1,0.20953264832496643
subject_02:sample_0000830,2,830,3,3,1,3,1,0.9993292093276978,0.998755693435669,0.995738685131073,1.0,0.9984546303749084,1,3,1,0.2023487240076065,3,1,0.18415653705596924,3,1,0.20613327622413635,3,1,0.19808977842330933,3,1,0.2092706859111786
subject_02:sample_0000831,2,831,3,3,1,3,1,0.9993282556533813,0.9987534880638123,0.9957333207130432,1.0,0.9984524846076965,1,3,1,0.2025832086801529,3,1,0.18401482701301575,3,1,0.20646783709526062,3,1,0.19765713810920715,3,1,0.20927605032920837
subject_02:sample_0000832,2,832,3,3,1,3,1,0.9993277192115784,0.9987522959709167,0.9957311749458313,1.0,0.9984515309333801,1,3,1,0.2027522325515747,3,1,0.18402013182640076,3,1,0.2066889852285385,3,1,0.19736376404762268,3,1,0.20917393267154694
subject_02:sample_0000833,2,833,3,3,1,3,1,0.9993287324905396,0.9987545609474182,0.9957364797592163,1.0,0.998453676700592,1,3,1,0.2028840333223343,3,1,0.1841919720172882,3,1,0.2066888064146042,3,1,0.19735407829284668,3,1,0.20888015627861023
subject_02:sample_0000834,2,834,3,3,1,3,1,0.9993311166763306,0.9987595081329346,0.9957485795021057,1.0,0.9984585642814636,1,3,1,0.20292702317237854,3,1,0.18448612093925476,3,1,0.2065768539905548,3,1,0.1973794400691986,3,1,0.20862962305545807
subject_02:sample_0000835,2,835,3,3,1,3,1,0.9993345737457275,0.9987667202949524,0.9957676529884338,1.0,0.998465895652771,1,3,1,0.20285578072071075,3,1,0.1849440336227417,3,1,0.2063903510570526,3,1,0.19732098281383514,3,1,0.2084878832101822
subject_02:sample_0000836,2,836,3,3,1,3,1,0.9993365406990051,0.9987704753875732,0.9957778453826904,1.0,0.9984699487686157,1,3,1,0.2026834487915039,3,1,0.18533776700496674,3,1,0.20631392300128937,3,1,0.19707664847373962,3,1,0.20858725905418396
subject_02:sample_0000837,2,837,3,3,1,3,1,0.9993364810943604,0.9987701773643494,0.9957786202430725,1.0,0.9984699487686157,1,3,1,0.2025102972984314,3,1,0.18552327156066895,3,1,0.2063562273979187,3,1,0.19667470455169678,3,1,0.208934485912323
subject_02:sample_0000838,2,838,3,3,1,3,1,0.9993363618850708,0.9987695813179016,0.9957779049873352,1.0,0.9984696507453918,1,3,1,0.20228101313114166,3,1,0.18580611050128937,3,1,0.20644141733646393,3,1,0.19629696011543274,3,1,0.2091735452413559
subject_02:sample_0000839,2,839,3,3,1,3,1,0.9993378520011902,0.9987725019454956,0.9957857728004456,1.0,0.9984726905822754,1,3,1,0.20187827944755554,3,1,0.1865297108888626,3,1,0.20623600482940674,3,1,0.19629530608654022,3,1,0.20905981957912445
subject_02:sample_0000840,2,840,3,3,1,3,1,0.9993431568145752,0.9987838268280029,0.9958134293556213,1.0,0.9984838366508484,1,3,1,0.20178012549877167,3,1,0.18692860007286072,3,1,0.20548073947429657,3,1,0.19657231867313385,3,1,0.2092372477054596
subject_02:sample_0000841,2,841,3,3,1,3,1,0.9993462562561035,0.9987908601760864,0.9958294034004211,1.0,0.9984903335571289,1,3,1,0.20230630040168762,3,1,0.1874241977930069,3,1,0.2055014669895172,3,1,0.19752615690231323,3,1,0.20724086463451385
subject_02:sample_0000842,2,842,3,3,1,3,1,0.9993457198143005,0.9987901449203491,0.9958255290985107,1.0,0.9984890818595886,1,3,1,0.20269785821437836,3,1,0.18734759092330933,3,1,0.20582546293735504,3,1,0.19814474880695343,3,1,0.20598338544368744
subject_02:sample_0000843,2,843,3,3,1,3,1,0.9993425011634827,0.9987838864326477,0.9958074688911438,1.0,0.9984822273254395,1,3,1,0.20321333408355713,3,1,0.1866740733385086,3,1,0.20640724897384644,3,1,0.1984153836965561,3,1,0.2052890658378601
subject_02:sample_0000844,2,844,3,3,1,3,1,0.9993369579315186,0.9987731575965881,0.9957777857780457,1.0,0.998470664024353,1,3,1,0.20366524159908295,3,1,0.18571636080741882,3,1,0.20689155161380768,3,1,0.19861216843128204,3,1,0.2051137238740921
subject_02:sample_0000845,2,845,3,3,1,3,1,0.9993325471878052,0.9987649321556091,0.9957528114318848,1.0,0.9984612464904785,1,3,1,0.20389457046985626,3,1,0.18506935238838196,3,1,0.20687460899353027,3,1,0.1990203857421875,3,1,0.2051401436328888
subject_02:sample_0000846,2,846,3,3,1,3,1,0.9993302822113037,0.998760998249054,0.995739221572876,1.0,0.9984562993049622,1,3,1,0.20394018292427063,3,1,0.184811070561409,3,1,0.20667113363742828,3,1,0.19937807321548462,3,1,0.20519858598709106
subject_02:sample_0000847,2,847,3,3,1,3,1,0.9993284344673157,0.9987578988075256,0.9957290887832642,1.0,0.9984526038169861,1,3,1,0.20397254824638367,3,1,0.18468771874904633,3,1,0.2065047025680542,3,1,0.19959308207035065,3,1,0.20524103939533234
subject_02:sample_0000848,2,848,3,3,1,3,1,0.9993258714675903,0.9987529516220093,0.9957149028778076,1.0,0.9984471201896667,1,3,1,0.20389093458652496,3,1,0.18469277024269104,3,1,0.20638254284858704,3,1,0.19966815412044525,3,1,0.2053646743297577
subject_02:sample_0000849,2,849,3,3,1,3,1,0.9993236064910889,0.9987485408782959,0.995702862739563,1.0,0.9984424114227295,1,3,1,0.2037917673587799,3,1,0.18471717834472656,3,1,0.20643094182014465,3,1,0.199600487947464,3,1,0.2054586261510849
subject_02:sample_0000850,2,850,3,3,1,3,1,0.9993230700492859,0.9987474679946899,0.9956995844841003,1.0,0.998441219329834,1,3,1,0.2037501037120819,3,1,0.18470925092697144,3,1,0.20641842484474182,3,1,0.1996198147535324,3,1,0.2055014818906784
