sample_id,subject_id,sample_index,label,consensus_prediction,consensus_correct,classifier_prediction,classifier_correct,score_P,score_margin,score_entropy,score_agreement,reliability,qualifies_threshold,delta_prediction,delta_correct,delta_weight,theta_prediction,theta_correct,theta_weight,alpha_prediction,alpha_correct,alpha_weight,beta_prediction,beta_correct,beta_weight,gamma_prediction,gamma_correct,gamma_weight
subject_14:sample_0000000,14,0,1,3,0,3,0,0.6307588219642639,0.286922812461853,0.45812636613845825,0.6000000238418579,0.436051607131958,0,3,0,0.21243488788604736,3,0,0.19043107330799103,3,0,0.15883773565292358,0,0,0.209535151720047,0,0,0.228760227560997
subject_14:sample_0000001,14,1,1,3,0,3,0,0.6338286399841309,0.2944740056991577,0.4568708539009094,0.6000000238418579,0.44015341997146606,0,3,0,0.21282191574573517,3,0,0.1903897225856781,3,0,0.1583223193883896,0,0,0.20971272885799408,0,0,0.22875235974788666
subject_14:sample_0000002,14,2,1,3,0,3,0,0.6348879337310791,0.2990158796310425,0.45300477743148804,0.6000000238418579,0.4413990080356598,0,3,0,0.21381160616874695,3,0,0.19022180140018463,3,0,0.15769730508327484,0,0,0.2096874713897705,0,0,0.2285808026790619
subject_14:sample_0000003,14,3,1,3,0,3,0,0.6338536739349365,0.29906606674194336,0.44885683059692383,0.800000011920929,0.4398331642150879,0,3,0,0.21447743475437164,3,0,0.1905725598335266,3,0,0.15703482925891876,0,0,0.20950154960155487,3,0,0.22841262817382812
subject_14:sample_0000004,14,4,1,3,0,3,0,0.6297271251678467,0.29340261220932007,0.442624032497406,0.800000011920929,0.434060662984848,0,3,0,0.21494024991989136,3,0,0.19082185626029968,3,0,0.15648260712623596,0,0,0.20929911732673645,3,0,0.22845527529716492
subject_14:sample_0000005,14,5,1,3,0,3,0,0.6327956318855286,0.3006693720817566,0.44218719005584717,0.800000011920929,0.43818041682243347,0,3,0,0.21480907499790192,3,0,0.19101449847221375,3,0,0.15627899765968323,0,0,0.209298774600029,3,0,0.22859761118888855
subject_14:sample_0000006,14,6,1,3,0,3,0,0.628211259841919,0.29257461428642273,0.4383541941642761,0.800000011920929,0.43190595507621765,0,3,0,0.21503961086273193,3,0,0.19108285009860992,3,0,0.1559794843196869,0,0,0.2089145928621292,3,0,0.22898249328136444
subject_14:sample_0000007,14,7,1,3,0,3,0,0.618416965007782,0.27371200919151306,0.43290895223617554,0.6000000238418579,0.41846317052841187,0,3,0,0.21531274914741516,3,0,0.19118498265743256,3,0,0.15574277937412262,0,0,0.2084590494632721,0,0,0.22929944097995758
subject_14:sample_0000008,14,8,1,3,0,3,0,0.5968324542045593,0.23108351230621338,0.4236692190170288,0.6000000238418579,0.38804560899734497,0,3,0,0.21584101021289825,3,0,0.1913331151008606,3,0,0.15555641055107117,0,0,0.20754431188106537,0,0,0.22972425818443298
subject_14:sample_0000009,14,9,1,3,0,3,0,0.5723916888237,0.18476110696792603,0.411718487739563,0.6000000238418579,0.3518044948577881,0,3,0,0.21658627688884735,3,0,0.19159343838691711,3,0,0.15513764321804047,0,0,0.20663045346736908,0,0,0.2300512045621872
subject_14:sample_0000010,14,10,1,3,0,3,0,0.5482499003410339,0.13878133893013,0.40201109647750854,0.6000000238418579,0.31273937225341797,0,3,0,0.21766498684883118,3,0,0.1916200816631317,3,0,0.15507884323596954,0,0,0.20555159449577332,0,0,0.23008358478546143
subject_14:sample_0000011,14,11,1,3,0,3,0,0.5316314697265625,0.10598394274711609,0.3982059359550476,0.6000000238418579,0.2820456624031067,0,3,0,0.21802887320518494,3,0,0.1918378621339798,3,0,0.1553223729133606,0,0,0.2047804892063141,0,0,0.23002947866916656
subject_14:sample_0000012,14,12,1,3,0,3,0,0.5181127786636353,0.0800209641456604,0.39452052116394043,0.6000000238418579,0.25384339690208435,0,3,0,0.21850739419460297,3,0,0.1921079307794571,3,0,0.1552899181842804,0,0,0.20405828952789307,0,0,0.23003549873828888
subject_14:sample_0000013,14,13,1,3,0,3,0,0.5041864514350891,0.05281507968902588,0.3920438289642334,0.6000000238418579,0.2185552418231964,0,3,0,0.21892952919006348,3,0,0.19218873977661133,3,0,0.15559068322181702,0,0,0.20322898030281067,0,0,0.2300610989332199
subject_14:sample_0000014,14,14,1,3,0,3,0,0.49336642026901245,0.030568420886993408,0.39238405227661133,0.6000000238418579,0.18087753653526306,0,3,0,0.21905532479286194,3,0,0.19240671396255493,3,0,0.15616253018379211,0,0,0.20227429270744324,0,0,0.23010019958019257
subject_14:sample_0000015,14,15,1,3,0,3,0,0.4854860305786133,0.013360738754272461,0.39460963010787964,0.6000000238418579,0.13679122924804688,0,3,0,0.2189851850271225,3,0,0.19275853037834167,3,0,0.15684570372104645,0,0,0.2012164294719696,0,0,0.23019321262836456
subject_14:sample_0000016,14,16,1,0,0,3,0,0.4852496385574341,0.012860417366027832,0.3946523070335388,0.4000000059604645,0.13504493236541748,0,3,0,0.21913264691829681,3,0,0.19333305954933167,3,0,0.15736021101474762,0,0,0.19999265670776367,0,0,0.23018045723438263
subject_14:sample_0000017,14,17,1,0,0,3,0,0.5011880397796631,0.04886519908905029,0.38841956853866577,0.4000000059604645,0.21188512444496155,0,3,0,0.22056996822357178,3,0,0.1937437504529953,3,0,0.15721017122268677,0,0,0.19863936305046082,0,0,0.22983579337596893
subject_14:sample_0000018,14,18,1,0,0,3,0,0.5179145336151123,0.08490800857543945,0.38595932722091675,0.4000000059604645,0.2569899260997772,0,3,0,0.22169941663742065,3,0,0.1939786821603775,3,0,0.15734964609146118,0,0,0.19727151095867157,0,0,0.2296997755765915
subject_14:sample_0000019,14,19,1,0,0,3,0,0.5332692265510559,0.11945787072181702,0.3824918270111084,0.6000000238418579,0.28990861773490906,0,3,0,0.22318166494369507,0,0,0.1939695179462433,3,0,0.15733250975608826,0,0,0.1959553062915802,0,0,0.2295600175857544
subject_14:sample_0000020,14,20,1,0,0,3,0,0.545633852481842,0.14563113451004028,0.3828980326652527,0.6000000238418579,0.3121855854988098,0,3,0,0.22440680861473083,0,0,0.19367991387844086,3,0,0.1576562225818634,0,0,0.19471019506454468,0,0,0.22954587638378143
subject_14:sample_0000021,14,21,1,0,0,3,0,0.5574827194213867,0.17168369889259338,0.3824772834777832,0.6000000238418579,0.3320387005805969,0,3,0,0.22576339542865753,0,0,0.19333000481128693,3,0,0.15804323554039001,0,0,0.19351929426193237,0,0,0.22934314608573914
subject_14:sample_0000022,14,22,1,0,0,3,0,0.5668914318084717,0.19295644760131836,0.38180989027023315,0.6000000238418579,0.34695151448249817,0,3,0,0.2272316962480545,0,0,0.19272221624851227,3,0,0.15861426293849945,0,0,0.19225378334522247,0,0,0.2291770577430725
subject_14:sample_0000023,14,23,1,0,0,3,0,0.5738645792007446,0.20819881558418274,0.38228923082351685,0.6000000238418579,0.3574592173099518,0,3,0,0.22797654569149017,0,0,0.1923818439245224,3,0,0.15955553948879242,0,0,0.19115348160266876,0,0,0.22893168032169342
subject_14:sample_0000024,14,24,1,0,0,3,0,0.5791991949081421,0.21958202123641968,0.38315606117248535,0.6000000238418579,0.3652583360671997,0,3,0,0.22827205061912537,0,0,0.19233450293540955,3,0,0.1604689359664917,0,0,0.19021447002887726,0,0,0.2287091463804245
subject_14:sample_0000025,14,25,1,0,0,3,0,0.5828977227210999,0.22782030701637268,0.3833877444267273,0.6000000238418579,0.3706303536891937,0,3,0,0.22870174050331116,0,0,0.19202499091625214,3,0,0.16127799451351166,0,0,0.1894310563802719,0,0,0.22856323421001434
subject_14:sample_0000026,14,26,1,0,0,3,0,0.5843347311019897,0.22832268476486206,0.38692235946655273,0.6000000238418579,0.372344434261322,0,3,0,0.22933782637119293,0,0,0.19130590558052063,3,0,0.16240623593330383,0,0,0.1885477602481842,0,0,0.2284013330936432
subject_14:sample_0000027,14,27,1,0,0,3,0,0.5857405662536621,0.23002201318740845,0.38886702060699463,0.6000000238418579,0.37418973445892334,0,3,0,0.23021307587623596,0,0,0.19065512716770172,3,0,0.16332748532295227,0,0,0.18763183057308197,0,0,0.22817151248455048
subject_14:sample_0000028,14,28,1,0,0,3,0,0.5889512300491333,0.2334008812904358,0.39404839277267456,0.6000000238418579,0.37836456298828125,0,3,0,0.23044951260089874,0,0,0.19056200981140137,3,0,0.16425587236881256,0,0,0.18674148619174957,0,0,0.22799019515514374
subject_14:sample_0000029,14,29,1,0,0,3,0,0.59172523021698,0.2378382384777069,0.3965628147125244,0.6000000238418579,0.38215357065200806,0,3,0,0.23114487528800964,0,0,0.190359964966774,3,0,0.1648358851671219,0,0,0.18569879233837128,0,0,0.2279595136642456
subject_14:sample_0000030,14,30,1,0,0,3,0,0.5937049984931946,0.24071556329727173,0.3987707495689392,0.6000000238418579,0.38482746481895447,0,3,0,0.2317923903465271,0,0,0.19007912278175354,3,0,0.16530857980251312,0,0,0.18467532098293304,0,0,0.22814354300498962
subject_14:sample_0000031,14,31,1,0,0,3,0,0.5943484306335449,0.23736244440078735,0.40550678968429565,0.6000000238418579,0.38531601428985596,0,3,0,0.23243887722492218,0,0,0.18968318402767181,3,0,0.16604109108448029,0,0,0.1836220920085907,0,0,0.2282138168811798
subject_14:sample_0000032,14,32,1,0,0,3,0,0.5951641798019409,0.2346498668193817,0.41221022605895996,0.6000000238418579,0.38612261414527893,0,3,0,0.2321031540632248,0,0,0.18978744745254517,3,0,0.16657671332359314,0,0,0.18301668763160706,0,0,0.22851505875587463
subject_14:sample_0000033,14,33,1,0,0,3,0,0.5960890054702759,0.2299947440624237,0.4227766990661621,0.6000000238418579,0.3870021104812622,0,3,0,0.2312154471874237,0,0,0.18988636136054993,3,0,0.16735604405403137,0,0,0.18243657052516937,0,0,0.2291046679019928
subject_14:sample_0000034,14,34,1,0,0,3,0,0.5974501967430115,0.22655850648880005,0.4337497353553772,0.6000000238418579,0.38866350054740906,0,3,0,0.22998332977294922,0,0,0.19012531638145447,3,0,0.1680021733045578,0,0,0.18201398849487305,0,0,0.22987423837184906
subject_14:sample_0000035,14,35,1,0,0,3,0,0.5980631709098816,0.22241860628128052,0.4438575506210327,0.6000000238418579,0.3893921673297882,0,3,0,0.22916395962238312,0,0,0.1900717318058014,3,0,0.16885501146316528,0,0,0.18154989182949066,0,0,0.23035840690135956
subject_14:sample_0000036,14,36,1,0,0,3,0,0.5991904139518738,0.22093969583511353,0.4516076445579529,0.6000000238418579,0.39102089405059814,0,3,0,0.22791363298892975,0,0,0.1903885155916214,3,0,0.16949598491191864,0,0,0.18124240636825562,0,0,0.2309584617614746
subject_14:sample_0000037,14,37,1,0,0,3,0,0.5998902320861816,0.21972787380218506,0.4572696089744568,0.6000000238418579,0.3920815587043762,0,3,0,0.22698752582073212,0,0,0.19062653183937073,3,0,0.1701279729604721,0,0,0.18093560636043549,0,0,0.23132143914699554
subject_14:sample_0000038,14,38,1,0,0,3,0,0.6001415848731995,0.2199242115020752,0.45800602436065674,0.6000000238418579,0.3924635052680969,0,3,0,0.22701260447502136,0,0,0.19073528051376343,3,0,0.17024099826812744,0,0,0.18050849437713623,0,0,0.23150163888931274
subject_14:sample_0000039,14,39,1,0,0,3,0,0.6002882719039917,0.22050902247428894,0.4574328064918518,0.6000000238418579,0.3926791548728943,0,3,0,0.22717240452766418,0,0,0.1907891184091568,3,0,0.17016708850860596,0,0,0.18016484379768372,0,0,0.23170554637908936
subject_14:sample_0000040,14,40,1,0,0,3,0,0.6001935005187988,0.22067943215370178,0.4566380977630615,0.6000000238418579,0.39253202080726624,0,3,0,0.22741077840328217,0,0,0.19070059061050415,3,0,0.17008686065673828,0,0,0.1800098866224289,0,0,0.23179090023040771
subject_14:sample_0000041,14,41,1,0,0,3,0,0.600153386592865,0.22142627835273743,0.4548901319503784,0.6000000238418579,0.3924635350704193,0,3,0,0.22773168981075287,0,0,0.19072918593883514,3,0,0.16989879310131073,0,0,0.17990908026695251,0,0,0.23173028230667114
subject_14:sample_0000042,14,42,2,0,0,2,1,0.42294758558273315,0.1234220564365387,0.21131807565689087,0.4000000059604645,0.22260689735412598,0,2,1,0.09392030537128448,1,0,0.26544511318206787,2,1,0.17272284626960754,0,0,0.22056175768375397,0,0,0.24734899401664734
subject_14:sample_0000043,14,43,2,0,0,2,1,0.4228707253932953,0.1131327748298645,0.2116231918334961,0.4000000059604645,0.21633151173591614,0,2,1,0.09478911012411118,1,0,0.26475468277931213,2,1,0.1737103909254074,0,0,0.21991129219532013,0,0,0.24683360755443573
subject_14:sample_0000044,14,44,2,0,0,2,1,0.4271917939186096,0.0841587483882904,0.2183842658996582,0.4000000059604645,0.19875335693359375,0,2,1,0.0958787351846695,1,0,0.26320576667785645,2,1,0.174738347530365,0,0,0.21990357339382172,0,0,0.24627259373664856
subject_14:sample_0000045,14,45,2,0,0,2,1,0.43271902203559875,0.04117247462272644,0.24186736345291138,0.4000000059604645,0.16272839903831482,0,2,1,0.09685942530632019,1,0,0.2609621286392212,2,1,0.17641621828079224,0,0,0.22014214098453522,0,0,0.24561914801597595
subject_14:sample_0000046,14,46,2,2,1,2,1,0.4466259479522705,0.006710052490234375,0.29198402166366577,0.6000000238418579,0.09564808756113052,0,2,1,0.09614051133394241,2,1,0.258963018655777,2,1,0.17664986848831177,0,0,0.2218848019838333,0,0,0.24636085331439972
subject_14:sample_0000047,14,47,2,2,1,2,1,0.48289045691490173,0.03304558992385864,0.3497629165649414,0.6000000238418579,0.17738297581672668,0,2,1,0.09344346076250076,2,1,0.2573140561580658,2,1,0.17502988874912262,0,0,0.22551566362380981,0,0,0.24869592487812042
subject_14:sample_0000048,14,48,2,2,1,2,1,0.4886705279350281,0.033224135637283325,0.3676360249519348,0.6000000238418579,0.18139666318893433,0,2,1,0.09125226736068726,2,1,0.2568710744380951,2,1,0.17319007217884064,0,0,0.22827528417110443,0,0,0.2504102885723114
subject_14:sample_0000049,14,49,2,2,1,2,1,0.4964887499809265,0.03392001986503601,0.39366352558135986,0.6000000238418579,0.1878582388162613,0,2,1,0.08947259932756424,2,1,0.25604549050331116,2,1,0.1710119992494583,0,0,0.23088954389095306,0,0,0.2525794208049774
subject_14:sample_0000050,14,50,2,2,1,2,1,0.5013165473937988,0.03173089027404785,0.4171772599220276,0.6000000238418579,0.18791937828063965,0,2,1,0.08857641369104385,2,1,0.254111647605896,2,1,0.16978447139263153,0,0,0.2332109957933426,0,0,0.25431549549102783
subject_14:sample_0000051,14,51,2,2,1,2,1,0.5027256608009338,0.027164340019226074,0.4334321618080139,0.6000000238418579,0.18089105188846588,0,2,1,0.0881083607673645,2,1,0.2517910897731781,2,1,0.16980326175689697,0,0,0.2349776327610016,0,0,0.25531870126724243
subject_14:sample_0000052,14,52,2,2,1,2,1,0.5012763142585754,0.019549787044525146,0.44469618797302246,0.6000000238418579,0.16334061324596405,0,2,1,0.08674102276563644,2,1,0.24994978308677673,2,1,0.16948653757572174,0,0,0.23713913559913635,0,0,0.2566825747489929
subject_14:sample_0000053,14,53,2,2,1,2,1,0.502327024936676,0.018027842044830322,0.4538993239402771,0.6000000238418579,0.1601879745721817,0,2,1,0.08716700971126556,2,1,0.24757209420204163,2,1,0.1717788577079773,0,0,0.23771227896213531,0,0,0.2557688057422638
subject_14:sample_0000054,14,54,2,2,1,2,1,0.5026316046714783,0.01554781198501587,0.4623277187347412,0.6000000238418579,0.1534462571144104,0,2,1,0.08737394958734512,2,1,0.24509665369987488,2,1,0.1738300323486328,0,0,0.23876434564590454,0,0,0.25493407249450684
subject_14:sample_0000055,14,55,2,2,1,2,1,0.5047333836555481,0.01870328187942505,0.4652845859527588,0.6000000238418579,0.1637694239616394,0,2,1,0.08851774781942368,2,1,0.2439592182636261,2,1,0.17638806998729706,0,0,0.23818594217300415,0,0,0.2529480457305908
subject_14:sample_0000056,14,56,2,2,1,2,1,0.5077868103981018,0.02441626787185669,0.4663679599761963,0.6000000238418579,0.17948567867279053,0,2,1,0.09024250507354736,2,1,0.24297140538692474,2,1,0.17976558208465576,0,0,0.23675386607646942,0,0,0.2502656877040863
subject_14:sample_0000057,14,57,2,2,1,2,1,0.5105510950088501,0.03078669309616089,0.46379226446151733,0.6000000238418579,0.19389885663986206,0,2,1,0.09246253967285156,2,1,0.24260199069976807,2,1,0.18262653052806854,0,0,0.23481430113315582,0,0,0.24749363958835602
subject_14:sample_0000058,14,58,2,2,1,2,1,0.5123013854026794,0.035308122634887695,0.4608144164085388,0.6000000238418579,0.20275677740573883,0,2,1,0.09447312355041504,2,1,0.24198108911514282,2,1,0.18516777455806732,0,0,0.23317183554172516,0,0,0.24520516395568848
subject_14:sample_0000059,14,59,2,2,1,2,1,0.5127216577529907,0.037716805934906006,0.45631688833236694,0.6000000238418579,0.20664632320404053,0,2,1,0.09658157825469971,2,1,0.24140778183937073,2,1,0.1871109902858734,0,0,0.2319345772266388,0,0,0.24296414852142334
subject_14:sample_0000060,14,60,2,2,1,2,1,0.5112540125846863,0.03608781099319458,0.45288699865341187,0.6000000238418579,0.20292195677757263,0,2,1,0.09624692052602768,2,1,0.24157628417015076,2,1,0.1864030957221985,0,0,0.23286296427249908,0,0,0.24290983378887177
subject_14:sample_0000061,14,61,2,2,1,2,1,0.5078079700469971,0.033158302307128906,0.4428965449333191,0.6000000238418579,0.1953730583190918,0,2,1,0.0955156609416008,2,1,0.24264462292194366,2,1,0.18507929146289825,0,0,0.23370672762393951,0,0,0.24305270612239838
subject_14:sample_0000062,14,62,2,2,1,2,1,0.5026981234550476,0.028129220008850098,0.43071621656417847,0.6000000238418579,0.1826215535402298,0,2,1,0.09439020603895187,2,1,0.24379153549671173,2,1,0.18371239304542542,0,0,0.23464353382587433,0,0,0.24346141517162323
subject_14:sample_0000063,14,63,2,2,1,2,1,0.4969669580459595,0.02315962314605713,0.4165659546852112,0.6000000238418579,0.1686220020055771,0,2,1,0.09407203644514084,2,1,0.2447604537010193,2,1,0.1828342229127884,0,0,0.23497995734214783,0,0,0.24335229396820068
subject_14:sample_0000064,14,64,2,2,1,2,1,0.4946458339691162,0.02075362205505371,0.4119911789894104,0.6000000238418579,0.16171811521053314,0,2,1,0.09357019513845444,2,1,0.24504050612449646,2,1,0.18263974785804749,0,0,0.2352190911769867,0,0,0.24352948367595673
subject_14:sample_0000065,14,65,3,3,1,3,1,0.4019619822502136,0.006086766719818115,0.23725289106369019,0.4000000059604645,0.08341823518276215,0,2,0,0.17332357168197632,3,1,0.21731649339199066,0,0,0.2465665340423584,3,1,0.18960407376289368,0,0,0.17318837344646454
subject_14:sample_0000066,14,66,3,0,0,3,1,0.3992294669151306,0.0013006329536437988,0.23692035675048828,0.4000000059604645,0.04973473772406578,0,2,0,0.17420536279678345,3,1,0.21769331395626068,0,0,0.24593119323253632,3,1,0.18917812407016754,0,0,0.172991082072258
subject_14:sample_0000067,14,67,3,0,0,3,1,0.4005184471607208,0.010399281978607178,0.23385471105575562,0.4000000059604645,0.09912670403718948,0,2,0,0.1747325211763382,3,1,0.2185855656862259,0,0,0.2457779198884964,3,1,0.18807165324687958,0,0,0.17283140122890472
subject_14:sample_0000068,14,68,3,0,0,3,1,0.3938094675540924,0.0109538733959198,0.22773557901382446,0.4000000059604645,0.09940958023071289,0,2,0,0.17248797416687012,3,1,0.21967002749443054,0,0,0.24740605056285858,3,1,0.1867619901895523,0,0,0.17367301881313324
subject_14:sample_0000069,14,69,3,0,0,3,1,0.38433173298835754,0.0159032940864563,0.21924883127212524,0.4000000059604645,0.11024954915046692,0,2,0,0.17079654335975647,3,1,0.2210158258676529,0,0,0.24900653958320618,3,1,0.184321790933609,0,0,0.17485830187797546
subject_14:sample_0000070,14,70,3,0,0,3,1,0.37258535623550415,0.016684919595718384,0.21286553144454956,0.4000000059604645,0.10978721082210541,0,2,0,0.169176384806633,3,1,0.22213099896907806,0,0,0.25057661533355713,3,1,0.1821291297674179,0,0,0.1759859025478363
subject_14:sample_0000071,14,71,3,3,1,3,1,0.36385712027549744,0.03488600254058838,0.2077854871749878,0.20000000298023224,0.13816533982753754,0,2,0,0.16492119431495667,3,1,0.22380578517913818,0,0,0.2536112070083618,2,0,0.18046768009662628,0,0,0.17719317972660065
subject_14:sample_0000072,14,72,3,3,1,3,1,0.41651949286460876,0.07937824726104736,0.22176992893218994,0.4000000059604645,0.19427332282066345,0,2,0,0.1617966890335083,3,1,0.22578133642673492,3,1,0.2555830776691437,2,0,0.17872245609760284,0,0,0.17811550199985504
subject_14:sample_0000073,14,73,3,3,1,3,1,0.4222450256347656,0.06659233570098877,0.22936183214187622,0.4000000059604645,0.18613867461681366,0,2,0,0.16119591891765594,3,1,0.22756819427013397,3,1,0.2562730610370636,2,0,0.1763177365064621,0,0,0.1786441206932068
subject_14:sample_0000074,14,74,3,3,1,3,1,0.4207739233970642,0.04816874861717224,0.23509037494659424,0.4000000059604645,0.16827373206615448,0,2,0,0.16027864813804626,3,1,0.22985590994358063,3,1,0.2576806843280792,2,0,0.17306049168109894,0,0,0.17912323772907257
subject_14:sample_0000075,14,75,3,3,1,3,1,0.4360819458961487,0.03701069951057434,0.2581268548965454,0.4000000059604645,0.16090747714042664,0,2,0,0.15499348938465118,3,1,0.23284350335597992,3,1,0.2621735632419586,2,0,0.1697593629360199,0,0,0.18022912740707397
subject_14:sample_0000076,14,76,3,3,1,3,1,0.47281646728515625,0.04121434688568115,0.3188410997390747,0.4000000059604645,0.1838393211364746,0,2,0,0.14945892989635468,3,1,0.23622877895832062,3,1,0.2673770487308502,2,0,0.16594035923480988,2,0,0.18099389970302582
subject_14:sample_0000077,14,77,3,3,1,3,1,0.49439284205436707,0.03853073716163635,0.3803749084472656,0.4000000059604645,0.19350719451904297,0,2,0,0.144307479262352,3,1,0.24045626819133759,3,1,0.2736823856830597,2,0,0.16045524179935455,2,0,0.18109764158725739
subject_14:sample_0000078,14,78,3,3,1,3,1,0.5094975233078003,0.04689103364944458,0.4203229546546936,0.4000000059604645,0.2157437950372696,0,2,0,0.1398909091949463,3,1,0.24443764984607697,3,1,0.279234915971756,2,0,0.15588589012622833,2,0,0.18054969608783722
subject_14:sample_0000079,14,79,3,3,1,3,1,0.5094241499900818,0.049346357583999634,0.4146636128425598,0.4000000059604645,0.21844570338726044,0,2,0,0.13737834990024567,3,1,0.24824810028076172,3,1,0.2834472060203552,2,0,0.15116539597511292,2,0,0.17976000905036926
subject_14:sample_0000080,14,80,3,3,1,2,0,0.5139877796173096,0.05703797936439514,0.4174978733062744,0.4000000059604645,0.23045724630355835,0,2,0,0.13560575246810913,3,1,0.2513454854488373,3,1,0.28694480657577515,2,0,0.1474316418170929,2,0,0.1786714494228363
subject_14:sample_0000081,14,81,3,3,1,2,0,0.5203036069869995,0.068675696849823,0.4197418689727783,0.4000000059604645,0.24661190807819366,0,2,0,0.13267552852630615,3,1,0.25483015179634094,3,1,0.29145997762680054,2,0,0.14371666312217712,2,0,0.17731676995754242
subject_14:sample_0000082,14,82,3,3,1,2,0,0.5312461256980896,0.08545291423797607,0.4314223527908325,0.4000000059604645,0.26955151557922363,0,2,0,0.1301303505897522,3,1,0.2581828534603119,3,1,0.29532021284103394,2,0,0.14049625396728516,2,0,0.175869420170784
subject_14:sample_0000083,14,83,3,3,1,2,0,0.5339263677597046,0.0921737551689148,0.42843085527420044,0.4000000059604645,0.2762632668018341,0,2,0,0.12830305099487305,3,1,0.2602640390396118,3,1,0.2979494631290436,2,0,0.13868357241153717,2,0,0.17479892075061798
subject_14:sample_0000084,14,84,3,3,1,2,0,0.5236458778381348,0.08365091681480408,0.40288400650024414,0.4000000059604645,0.26035311818122864,0,2,0,0.12763534486293793,3,1,0.2611875832080841,3,1,0.29927390813827515,2,0,0.1383163183927536,2,0,0.17358581721782684
subject_14:sample_0000085,14,85,3,3,1,2,0,0.48030784726142883,0.041997671127319336,0.3312593698501587,0.4000000059604645,0.18835234642028809,0,2,0,0.12714575231075287,3,1,0.2620368003845215,3,1,0.3007896840572357,2,0,0.13752980530261993,2,0,0.1724970042705536
subject_14:sample_0000086,14,86,3,2,0,2,0,0.4380488693714142,0.062209755182266235,0.240165114402771,0.6000000238418579,0.18705254793167114,0,2,0,0.12732015550136566,3,1,0.2627357840538025,0,0,0.3011055290699005,2,0,0.13749286532402039,2,0,0.17134472727775574
subject_14:sample_0000087,14,87,3,2,0,2,0,0.4390249252319336,0.155219167470932,0.21622365713119507,0.6000000238418579,0.24515791237354279,0,2,0,0.12773475050926208,3,1,0.26278364658355713,0,0,0.30078911781311035,2,0,0.13791565597057343,2,0,0.1707758605480194
subject_14:sample_0000088,14,88,3,2,0,2,0,0.4425846040248871,0.1526351273059845,0.2177554965019226,0.6000000238418579,0.24502289295196533,0,2,0,0.1297692358493805,3,1,0.2615206241607666,0,0,0.2987281382083893,2,0,0.13961990177631378,2,0,0.17036114633083344
subject_14:sample_0000089,14,89,3,2,0,2,0,0.44539710879325867,0.1502070426940918,0.21909362077713013,0.6000000238418579,0.2447310835123062,0,2,0,0.13171418011188507,3,1,0.2607865333557129,0,0,0.2971677780151367,2,0,0.14034883677959442,2,0,0.1699816882610321
subject_14:sample_0000090,14,90,3,2,0,2,0,0.4474000334739685,0.15151113271713257,0.21992969512939453,0.6000000238418579,0.24611692130565643,0,2,0,0.13364402949810028,3,1,0.26060447096824646,0,0,0.29658058285713196,2,0,0.14033183455467224,2,0,0.16883818805217743
subject_14:sample_0000091,14,91,3,2,0,2,0,0.4505547881126404,0.1553884744644165,0.221418559551239,0.6000000238418579,0.24934087693691254,0,2,0,0.13565124571323395,3,1,0.26018330454826355,0,0,0.2959902584552765,2,0,0.14063811302185059,2,0,0.1675361543893814
subject_14:sample_0000092,14,92,3,2,0,2,0,0.4531332850456238,0.15886369347572327,0.2226499319076538,0.6000000238418579,0.2521299123764038,0,2,0,0.13647334277629852,3,1,0.2605587840080261,0,0,0.2960209846496582,2,0,0.14093682169914246,2,0,0.1660090833902359
subject_14:sample_0000093,14,93,3,2,0,2,0,0.4556542634963989,0.1626688838005066,0.2238236665725708,0.6000000238418579,0.2550440728664398,0,2,0,0.13659270107746124,3,1,0.26162686944007874,0,0,0.2966676354408264,2,0,0.14102962613105774,2,0,0.16408228874206543
subject_14:sample_0000094,14,94,3,2,0,2,0,0.4595952332019806,0.16889435052871704,0.22524499893188477,0.6000000238418579,0.25954654812812805,0,2,0,0.1365644782781601,3,1,0.264009952545166,0,0,0.29751700162887573,2,0,0.13975836336612701,2,0,0.16214925050735474
subject_14:sample_0000095,14,95,3,2,0,2,0,0.46973708271980286,0.18639814853668213,0.22878825664520264,0.6000000238418579,0.27158766984939575,0,2,0,0.1367271989583969,3,1,0.2668374180793762,0,0,0.2977185845375061,2,0,0.13894425332546234,2,0,0.15977153182029724
subject_14:sample_0000096,14,96,3,2,0,2,0,0.4848197102546692,0.2139359712600708,0.23498409986495972,0.6000000238418579,0.2899351119995117,0,2,0,0.13702020049095154,3,1,0.2694254219532013,0,0,0.29790979623794556,2,0,0.13803157210350037,2,0,0.15761202573776245
subject_14:sample_0000097,14,97,3,2,0,2,0,0.5085700154304504,0.25874075293540955,0.24620741605758667,0.6000000238418579,0.31879064440727234,0,2,0,0.13724881410598755,3,1,0.2719016671180725,0,0,0.29842180013656616,2,0,0.13738730549812317,2,0,0.15503939986228943
subject_14:sample_0000098,14,98,3,2,0,2,0,0.5445514917373657,0.31104475259780884,0.26705414056777954,0.6000000238418579,0.35630372166633606,0,2,0,0.13730481266975403,3,1,0.2753556966781616,0,0,0.2989901304244995,2,0,0.13560990989208221,2,0,0.15273842215538025
subject_14:sample_0000099,14,99,3,2,0,2,0,0.5921851992607117,0.36471062898635864,0.30234259366989136,0.6000000238418579,0.40268775820732117,0,2,0,0.13689270615577698,3,1,0.27872392535209656,0,0,0.3007926642894745,2,0,0.1332545131444931,2,0,0.15033526718616486
subject_14:sample_0000100,14,100,3,2,0,2,0,0.6452339291572571,0.42210131883621216,0.3546101450920105,0.800000011920929,0.4588052034378052,0,2,0,0.1381043791770935,3,1,0.28033050894737244,2,0,0.30106720328330994,2,0,0.1318446844816208,2,0,0.14865224063396454
subject_14:sample_0000101,14,101,3,2,0,2,0,0.6831805109977722,0.4630777835845947,0.40214890241622925,0.800000011920929,0.5029507279396057,0,2,0,0.1401599496603012,3,1,0.28047624230384827,2,0,0.30028602480888367,2,0,0.13127878308296204,2,0,0.1477980762720108
subject_14:sample_0000102,14,102,3,2,0,2,0,0.7230944037437439,0.5068053603172302,0.4634074568748474,0.800000011920929,0.5537746548652649,0,2,0,0.14138612151145935,3,1,0.28156501054763794,2,0,0.30095916986465454,2,0,0.1300373077392578,2,0,0.14605143666267395
subject_14:sample_0000103,14,103,3,2,0,2,0,0.7637594938278198,0.5625455379486084,0.5288496613502502,0.800000011920929,0.6102139949798584,0,2,0,0.1407371312379837,3,1,0.2843394875526428,2,0,0.30242690443992615,2,0,0.1284143179655075,2,0,0.14408119022846222
subject_14:sample_0000104,14,104,3,2,0,2,0,0.7901197671890259,0.6029173731803894,0.5728457570075989,0.800000011920929,0.6486286520957947,0,2,0,0.13979889452457428,3,1,0.28777071833610535,2,0,0.30412325263023376,2,0,0.1261281967163086,2,0,0.14217793941497803
subject_14:sample_0000105,14,105,3,2,0,2,0,0.8095975518226624,0.6333807706832886,0.6084563136100769,0.800000011920929,0.6782469153404236,0,2,0,0.13963952660560608,3,1,0.29033470153808594,2,0,0.3055382966995239,2,0,0.12429273128509521,2,0,0.14019381999969482
subject_14:sample_0000106,14,106,3,2,0,2,0,0.8225483298301697,0.6549818515777588,0.6318348050117493,0.800000011920929,0.6982292532920837,0,2,0,0.13884896039962769,3,1,0.29330188035964966,2,0,0.30735281109809875,2,0,0.12196876108646393,2,0,0.13852660357952118
subject_14:sample_0000107,14,107,3,2,0,2,0,0.8314089179039001,0.6711088418960571,0.6457682847976685,0.800000011920929,0.7115871906280518,1,2,0,0.13772156834602356,3,1,0.29618552327156067,2,0,0.30873215198516846,2,0,0.12037229537963867,2,0,0.13698753714561462
subject_14:sample_0000108,14,108,3,2,0,2,0,0.8268007040023804,0.6622517108917236,0.6395308971405029,0.800000011920929,0.704847514629364,1,2,0,0.13682301342487335,3,1,0.29737064242362976,2,0,0.3098682761192322,2,0,0.11912934482097626,2,0,0.13680775463581085
subject_14:sample_0000109,14,109,3,2,0,2,0,0.813795268535614,0.6382096409797668,0.6203983426094055,0.800000011920929,0.6855666637420654,0,2,0,0.13604174554347992,3,1,0.2980383038520813,2,0,0.3104257881641388,2,0,0.11834142357110977,2,0,0.13715176284313202
subject_14:sample_0000110,14,110,3,2,0,2,0,0.7989661693572998,0.6120947599411011,0.597185492515564,0.800000011920929,0.6634660959243774,0,2,0,0.13476087152957916,3,1,0.2982122004032135,2,0,0.31243690848350525,2,0,0.11745604872703552,2,0,0.137132927775383
subject_14:sample_0000111,14,111,3,2,0,2,0,0.7919192314147949,0.5991829633712769,0.5876564979553223,0.800000011920929,0.6533129811286926,0,2,0,0.13285259902477264,3,1,0.29896336793899536,2,0,0.315359890460968,2,0,0.11693952232599258,2,0,0.1358836144208908
subject_14:sample_0000112,14,112,3,2,0,2,0,0.7815635204315186,0.5810168981552124,0.5725688934326172,0.800000011920929,0.6382541060447693,0,2,0,0.13084076344966888,3,1,0.2994439899921417,2,0,0.31855887174606323,2,0,0.11598570644855499,2,0,0.13516965508460999
subject_14:sample_0000113,14,113,3,2,0,2,0,0.7833861708641052,0.5842297673225403,0.575143575668335,0.800000011920929,0.6408827900886536,0,2,0,0.1298268437385559,3,1,0.3002365529537201,2,0,0.3200288712978363,2,0,0.11560842394828796,2,0,0.13429833948612213
subject_14:sample_0000114,14,114,0,0,1,0,1,0.7402808666229248,0.6071683168411255,0.40930140018463135,0.6000000238418579,0.5687432885169983,0,1,0,0.15408898890018463,0,1,0.25181668996810913,2,0,0.1636999100446701,0,1,0.20702029764652252,0,1,0.2233732044696808
subject_14:sample_0000115,14,115,0,0,1,0,1,0.7363734245300293,0.6033797264099121,0.40333378314971924,0.6000000238418579,0.5637905597686768,0,1,0,0.15433725714683533,0,1,0.25183406472206116,2,0,0.16309437155723572,0,1,0.20704302191734314,0,1,0.22369031608104706
subject_14:sample_0000116,14,116,0,0,1,0,1,0.7398132085800171,0.6074786186218262,0.4079654812812805,0.6000000238418579,0.5681008696556091,0,1,0,0.15448980033397675,0,1,0.2519145607948303,2,0,0.16324497759342194,0,1,0.20624606311321259,0,1,0.2241036593914032
subject_14:sample_0000117,14,117,0,0,1,0,1,0.7542034387588501,0.6232430338859558,0.4291350841522217,0.6000000238418579,0.5864711403846741,0,1,0,0.15447227656841278,0,1,0.2514079809188843,2,0,0.16476084291934967,0,1,0.20521022379398346,0,1,0.22414769232273102
subject_14:sample_0000118,14,118,0,0,1,0,1,0.7604230642318726,0.6304618120193481,0.4386008381843567,0.800000011920929,0.5946496725082397,0,1,0,0.1543525606393814,0,1,0.2512034773826599,0,1,0.16518090665340424,0,1,0.2049933671951294,0,1,0.22426873445510864
subject_14:sample_0000119,14,119,0,0,1,0,1,0.7612985372543335,0.6323363184928894,0.4394286274909973,0.800000011920929,0.5958411693572998,0,1,0,0.15411049127578735,0,1,0.25122636556625366,0,1,0.16504211723804474,0,1,0.20537738502025604,0,1,0.2242426723241806
subject_14:sample_0000120,14,120,0,0,1,0,1,0.7580454349517822,0.6299173831939697,0.4337659478187561,0.6000000238418579,0.5916680097579956,0,1,0,0.15389695763587952,0,1,0.25121888518333435,2,0,0.16451658308506012,0,1,0.206186443567276,0,1,0.2241801619529724
subject_14:sample_0000121,14,121,0,0,1,0,1,0.7321241497993469,0.6045729517936707,0.3953052759170532,0.6000000238418579,0.5593135356903076,0,1,0,0.15396834909915924,0,1,0.2520764172077179,2,0,0.16080261766910553,0,1,0.20845410227775574,0,1,0.22469757497310638
subject_14:sample_0000122,14,122,0,0,1,0,1,0.7099208831787109,0.576484203338623,0.36637353897094727,0.6000000238418579,0.5312600135803223,0,1,0,0.15402700006961823,0,1,0.2529042363166809,2,0,0.1558421552181244,0,1,0.21162499487400055,0,1,0.2256007045507431
subject_14:sample_0000123,14,123,0,0,1,0,1,0.7026763558387756,0.5618886947631836,0.3565174341201782,0.6000000238418579,0.5201901793479919,0,1,0,0.15349827706813812,0,1,0.25330212712287903,2,0,0.1521947681903839,0,1,0.21539364755153656,0,1,0.22561025619506836
subject_14:sample_0000124,14,124,0,0,1,0,1,0.6998199224472046,0.557117760181427,0.35007643699645996,0.6000000238418579,0.51487135887146,0,1,0,0.1527477651834488,0,1,0.2534865438938141,2,0,0.14793340861797333,0,1,0.22036698460578918,0,1,0.225464329123497
subject_14:sample_0000125,14,125,0,0,1,0,1,0.6971080303192139,0.5559372901916504,0.34105873107910156,0.6000000238418579,0.5093914866447449,0,1,0,0.151786208152771,0,1,0.2531108260154724,2,0,0.14361920952796936,0,1,0.22673963010311127,0,1,0.22474318742752075
subject_14:sample_0000126,14,126,0,0,1,0,1,0.6873522996902466,0.5489998459815979,0.31910914182662964,0.6000000238418579,0.49381425976753235,0,1,0,0.15094885230064392,0,1,0.2522527873516083,2,0,0.13961252570152283,0,1,0.23365569114685059,0,1,0.22352920472621918
subject_14:sample_0000127,14,127,0,0,1,3,0,0.6582205295562744,0.5233184099197388,0.2696404457092285,0.6000000238418579,0.452870637178421,0,1,0,0.15038582682609558,0,1,0.25125640630722046,2,0,0.13553282618522644,0,1,0.24048541486263275,0,1,0.22233857214450836
subject_14:sample_0000128,14,128,0,0,1,3,0,0.5899591445922852,0.42952388525009155,0.1891290545463562,0.6000000238418579,0.3632362186908722,0,1,0,0.15010197460651398,0,1,0.25088924169540405,2,0,0.13034971058368683,0,1,0.2473783791065216,0,1,0.22127969563007355
subject_14:sample_0000129,14,129,0,0,1,3,0,0.5045676827430725,0.25806131958961487,0.12788468599319458,0.4000000059604645,0.2553604543209076,0,1,0,0.14977093040943146,3,0,0.2501378655433655,2,0,0.126800075173378,0,1,0.2533608078956604,0,1,0.21992941200733185
subject_14:sample_0000130,14,130,0,0,1,3,0,0.4191683530807495,0.08863666653633118,0.09793853759765625,0.4000000059604645,0.15381020307540894,0,1,0,0.1496969312429428,3,0,0.2494501918554306,2,0,0.12306387722492218,0,1,0.25886526703834534,0,1,0.21892280876636505
subject_14:sample_0000131,14,131,0,3,0,3,0,0.4127453565597534,0.07700613141059875,0.09619253873825073,0.4000000059604645,0.14513862133026123,0,1,0,0.1497916728258133,3,0,0.24872525036334991,2,0,0.12039238214492798,0,1,0.26314711570739746,3,0,0.21794262528419495
subject_14:sample_0000132,14,132,0,3,0,3,0,0.5274032354354858,0.3020605444908142,0.14166104793548584,0.4000000059604645,0.28259366750717163,0,1,0,0.14996881783008575,3,0,0.24772590398788452,2,0,0.11878860741853714,0,1,0.26605916023254395,3,0,0.21745653450489044
subject_14:sample_0000133,14,133,0,3,0,3,0,0.6734144687652588,0.5523592233657837,0.2880227565765381,0.6000000238418579,0.4749453067779541,0,1,0,0.15046744048595428,3,0,0.24604886770248413,2,0,0.11875850707292557,3,0,0.26770368218421936,3,0,0.21702054142951965
subject_14:sample_0000134,14,134,0,3,0,3,0,0.7506362199783325,0.6301676034927368,0.4320586919784546,0.6000000238418579,0.589037299156189,0,1,0,0.1509954035282135,3,0,0.2438158094882965,2,0,0.12045206129550934,3,0,0.26812586188316345,3,0,0.2166098952293396
subject_14:sample_0000135,14,135,0,3,0,3,0,0.7697931528091431,0.6480699777603149,0.48021578788757324,0.6000000238418579,0.6210751533508301,0,1,0,0.15193724632263184,3,0,0.24207013845443726,2,0,0.1217084676027298,3,0,0.2675514817237854,3,0,0.21673168241977692
subject_14:sample_0000136,14,136,0,3,0,3,0,0.7757096290588379,0.6520496010780334,0.49574005603790283,0.6000000238418579,0.6305864453315735,0,1,0,0.1527152955532074,3,0,0.24037830531597137,2,0,0.12364759296178818,3,0,0.2662558853626251,3,0,0.2170019894838333
subject_14:sample_0000137,14,137,0,3,0,3,0,0.7800875902175903,0.6550261974334717,0.5060427188873291,0.6000000238418579,0.6370835900306702,0,1,0,0.1536162793636322,3,0,0.23889008164405823,2,0,0.12504933774471283,3,0,0.26479288935661316,3,0,0.21765048801898956
subject_14:sample_0000138,14,138,0,3,0,3,0,0.7824994921684265,0.6552956104278564,0.5119404792785645,0.6000000238418579,0.6402952075004578,0,1,0,0.15442399680614471,3,0,0.2373889535665512,2,0,0.1271941214799881,3,0,0.2629428207874298,3,0,0.21804913878440857
subject_14:sample_0000139,14,139,0,3,0,3,0,0.7852447032928467,0.6573036313056946,0.5173811316490173,0.6000000238418579,0.6439624428749084,0,1,0,0.15555524826049805,3,0,0.23644596338272095,2,0,0.12793058156967163,3,0,0.26141855120658875,3,0,0.21864867210388184
subject_14:sample_0000140,14,140,0,3,0,3,0,0.7875233888626099,0.6584527492523193,0.5218847990036011,0.6000000238418579,0.6468261480331421,0,1,0,0.15657080709934235,3,0,0.2355608493089676,2,0,0.12906107306480408,3,0,0.2596589922904968,3,0,0.21914727985858917
subject_14:sample_0000141,14,141,0,3,0,3,0,0.7894607782363892,0.6593453288078308,0.5257800221443176,0.800000011920929,0.6492558717727661,0,3,0,0.157609760761261,3,0,0.23468710482120514,2,0,0.13010622560977936,3,0,0.25782960653305054,3,0,0.21976636350154877
subject_14:sample_0000142,14,142,0,3,0,3,0,0.7910013198852539,0.6606739163398743,0.5286864042282104,0.800000011920929,0.651309609413147,0,3,0,0.15844005346298218,3,0,0.2342512011528015,2,0,0.1303165704011917,3,0,0.2566501200199127,3,0,0.22034113109111786
subject_14:sample_0000143,14,143,0,3,0,3,0,0.7913088798522949,0.6603040099143982,0.5295655727386475,0.800000011920929,0.6516332626342773,0,3,0,0.15862323343753815,3,0,0.2339310646057129,2,0,0.1309942603111267,3,0,0.25605282187461853,3,0,0.2203977108001709
subject_14:sample_0000144,14,144,0,3,0,3,0,0.7915834188461304,0.660183310508728,0.5302629470825195,0.800000011920929,0.6519548296928406,0,3,0,0.15892018377780914,3,0,0.2337048351764679,2,0,0.13138917088508606,3,0,0.2554941773414612,3,0,0.2204906940460205
subject_14:sample_0000145,14,145,0,3,0,3,0,0.7928186058998108,0.6618280410766602,0.5322479605674744,0.800000011920929,0.6536486148834229,0,3,0,0.1593255251646042,3,0,0.23378917574882507,2,0,0.13097888231277466,3,0,0.2552284300327301,3,0,0.22067707777023315
subject_14:sample_0000146,14,146,2,1,0,2,1,0.6387321949005127,0.2782824635505676,0.5239007472991943,0.6000000238418579,0.4532639980316162,0,1,0,0.23141102492809296,1,0,0.2096218764781952,2,1,0.13412578403949738,2,1,0.17525970935821533,1,0,0.2495807260274887
subject_14:sample_0000147,14,147,2,1,0,2,1,0.6379785537719727,0.2767740488052368,0.5235956311225891,0.6000000238418579,0.45217764377593994,0,1,0,0.23167777061462402,1,0,0.210127592086792,2,1,0.13447625935077667,2,1,0.17375048995018005,1,0,0.24996694922447205
subject_14:sample_0000148,14,148,2,1,0,2,1,0.6370489597320557,0.27490919828414917,0.5232404470443726,0.6000000238418579,0.4508386254310608,0,1,0,0.23176109790802002,1,0,0.21036024391651154,2,1,0.13441114127635956,2,1,0.17329593002796173,1,0,0.25017061829566956
subject_14:sample_0000149,14,149,2,1,0,2,1,0.6355878114700317,0.27198368310928345,0.5226616859436035,0.6000000238418579,0.4487244486808777,0,1,0,0.23126859962940216,1,0,0.21012431383132935,2,1,0.13552173972129822,2,1,0.17320328950881958,1,0,0.24988111853599548
subject_14:sample_0000150,14,150,2,1,0,2,1,0.6309459209442139,0.26268938183784485,0.5208713412284851,0.6000000238418579,0.4419654905796051,0,1,0,0.2317819446325302,1,0,0.2107274830341339,2,1,0.1366623491048813,2,1,0.17051637172698975,1,0,0.25031086802482605
subject_14:sample_0000151,14,151,2,1,0,2,1,0.6251537799835205,0.25108543038368225,0.5187605023384094,0.6000000238418579,0.4334360659122467,0,1,0,0.2330871820449829,1,0,0.2120281606912613,2,1,0.13771754503250122,2,1,0.16587325930595398,1,0,0.2512928545475006
subject_14:sample_0000152,14,152,2,1,0,2,1,0.6238386631011963,0.24843934178352356,0.51834636926651,0.6000000238418579,0.4314902126789093,0,1,0,0.23416441679000854,1,0,0.21323513984680176,2,1,0.13801829516887665,2,1,0.16220909357070923,1,0,0.2523721158504486
subject_14:sample_0000153,14,153,2,1,0,2,1,0.6218231916427612,0.24439677596092224,0.5176658630371094,0.6000000238418579,0.4284866452217102,0,1,0,0.23498505353927612,1,0,0.21400287747383118,2,1,0.13808436691761017,2,1,0.15966174006462097,1,0,0.25326502323150635
subject_14:sample_0000154,14,154,2,1,0,2,1,0.6245218515396118,0.24978527426719666,0.5186889171600342,0.6000000238418579,0.43252095580101013,0,1,0,0.23591426014900208,1,0,0.214570090174675,2,1,0.1379404515028,2,1,0.1570461392402649,1,0,0.25452807545661926
subject_14:sample_0000155,14,155,2,1,0,2,1,0.6257539987564087,0.2522375285625458,0.5191996097564697,0.6000000238418579,0.4343594014644623,0,1,0,0.23665201663970947,1,0,0.2148711234331131,2,1,0.13810157775878906,2,1,0.15503080189228058,1,0,0.25534358620643616
subject_14:sample_0000156,14,156,2,1,0,2,1,0.6251273155212402,0.25097090005874634,0.519027054309845,0.6000000238418579,0.4334382712841034,0,1,0,0.23770448565483093,1,0,0.21538253128528595,2,1,0.13796375691890717,2,1,0.15272262692451477,1,0,0.25622567534446716
subject_14:sample_0000157,14,157,2,1,0,2,1,0.6210765242576599,0.242852121591568,0.5176308155059814,0.6000000238418579,0.4274011254310608,0,1,0,0.23870627582073212,1,0,0.21614381670951843,2,1,0.13796213269233704,2,1,0.15029582381248474,1,0,0.2568909525871277
subject_14:sample_0000158,14,158,2,1,0,2,1,0.6160988211631775,0.2328842282295227,0.5159450769424438,0.6000000238418579,0.41988590359687805,0,1,0,0.2393944263458252,1,0,0.2165403515100479,2,1,0.1381981074810028,2,1,0.14858174324035645,1,0,0.25728440284729004
subject_14:sample_0000159,14,159,2,1,0,2,1,0.6083685755729675,0.21741288900375366,0.5134381055831909,0.6000000238418579,0.4079873263835907,0,1,0,0.2402793914079666,1,0,0.21708597242832184,2,1,0.13833966851234436,2,1,0.146560400724411,1,0,0.25773361325263977
subject_14:sample_0000160,14,160,2,1,0,2,1,0.6029325127601624,0.20653533935546875,0.511772632598877,0.6000000238418579,0.39943554997444153,0,1,0,0.24107806384563446,1,0,0.21792787313461304,2,1,0.1379854530096054,2,1,0.1444183588027954,1,0,0.25858932733535767
subject_14:sample_0000161,14,161,2,1,0,2,1,0.6012990474700928,0.20326748490333557,0.5112868547439575,0.6000000238418579,0.3968329131603241,0,1,0,0.241301029920578,1,0,0.21835169196128845,2,1,0.13803912699222565,2,1,0.14326488971710205,1,0,0.25904232263565063
subject_14:sample_0000162,14,162,2,1,0,2,1,0.5965114831924438,0.19368824362754822,0.5099150538444519,0.6000000238418579,0.3891107738018036,0,1,0,0.24212494492530823,1,0,0.2191571295261383,2,1,0.13750329613685608,2,1,0.14146827161312103,1,0,0.25974541902542114
subject_14:sample_0000163,14,163,2,1,0,2,1,0.5810600519180298,0.16276666522026062,0.5059832334518433,0.6000000238418579,0.3630564510822296,0,1,0,0.24358423054218292,1,0,0.2204885184764862,2,1,0.13632263243198395,2,1,0.13908560574054718,1,0,0.26051804423332214
subject_14:sample_0000164,14,164,2,1,0,2,1,0.5596548318862915,0.11994466185569763,0.5016376972198486,0.6000000238418579,0.32292160391807556,0,1,0,0.2444681078195572,1,0,0.2215973287820816,2,1,0.13560223579406738,2,1,0.13760803639888763,1,0,0.260723352432251
subject_14:sample_0000165,14,165,2,1,0,2,1,0.5410847067832947,0.08279484510421753,0.49895554780960083,0.6000000238418579,0.2816934883594513,0,1,0,0.24519167840480804,1,0,0.22295796871185303,2,1,0.13446207344532013,2,1,0.1362369805574417,1,0,0.2611503005027771
subject_14:sample_0000166,14,166,2,1,0,2,1,0.5205204486846924,0.04165327548980713,0.49716776609420776,0.6000000238418579,0.22090046107769012,0,1,0,0.24589306116104126,1,0,0.2246583253145218,2,1,0.13343006372451782,2,1,0.1343022733926773,1,0,0.2617153227329254
subject_14:sample_0000167,14,167,2,1,0,2,1,0.5128375291824341,0.026283234357833862,0.4968112111091614,0.6000000238418579,0.18848782777786255,0,1,0,0.24597275257110596,1,0,0.2251558005809784,2,1,0.13344524800777435,2,1,0.13362927734851837,1,0,0.2617959976196289
subject_14:sample_0000168,14,168,0,0,1,0,1,0.9969185590744019,0.9943546056747437,0.983906626701355,1.0,0.9917106032371521,1,0,1,0.1906713992357254,0,1,0.176548033952713,0,1,0.20788970589637756,0,1,0.1911846399307251,0,1,0.2337053120136261
subject_14:sample_0000169,14,169,0,0,1,0,1,0.997522234916687,0.9955037832260132,0.9866197109222412,1.0,0.9932039976119995,1,0,1,0.19109024107456207,0,1,0.1765625923871994,0,1,0.20785310864448547,0,1,0.19129717350006104,0,1,0.23319591581821442
subject_14:sample_0000170,14,170,0,0,1,0,1,0.9971937537193298,0.9948660731315613,0.9851451516151428,1.0,0.9923879504203796,1,0,1,0.1912914365530014,0,1,0.1764143407344818,0,1,0.20791952311992645,0,1,0.19158349931240082,0,1,0.2327902615070343
subject_14:sample_0000171,14,171,0,0,1,0,1,0.9956794381141663,0.9918642044067383,0.9787823557853699,1.0,0.9887487888336182,1,0,1,0.19164694845676422,0,1,0.1761152148246765,0,1,0.20754045248031616,0,1,0.19204585254192352,0,1,0.232650488615036
subject_14:sample_0000172,14,172,0,0,1,0,1,0.9899694919586182,0.9804317355155945,0.9580669403076172,1.0,0.976064145565033,1,0,1,0.1917869746685028,0,1,0.17563681304454803,0,1,0.20686876773834229,0,1,0.1922590285539627,0,1,0.23344750702381134
subject_14:sample_0000173,14,173,0,0,1,0,1,0.9777981638908386,0.9562381505966187,0.9210638403892517,1.0,0.9514114260673523,1,0,1,0.19322554767131805,0,1,0.17568616569042206,0,1,0.20609913766384125,0,1,0.1923508644104004,0,1,0.23263733088970184
subject_14:sample_0000174,14,174,0,0,1,0,1,0.9463353753089905,0.8934959173202515,0.8460094332695007,1.0,0.8943433165550232,1,0,1,0.1949257254600525,0,1,0.17594783008098602,0,1,0.20507381856441498,0,1,0.19251516461372375,0,1,0.23153652250766754
subject_14:sample_0000175,14,175,0,0,1,0,1,0.8768260478973389,0.7544957995414734,0.7271145582199097,0.800000011920929,0.7835337519645691,1,0,1,0.19648991525173187,0,1,0.17603382468223572,0,1,0.20426981151103973,0,1,0.19292140007019043,3,0,0.23028400540351868
subject_14:sample_0000176,14,176,0,0,1,0,1,0.8053100109100342,0.6111114025115967,0.6419064402580261,0.800000011920929,0.6810595393180847,0,0,1,0.1975325047969818,0,1,0.17600318789482117,0,1,0.20356009900569916,0,1,0.19355639815330505,3,0,0.22934690117835999
subject_14:sample_0000177,14,177,0,0,1,0,1,0.7812963128089905,0.5628409385681152,0.6196916103363037,0.800000011920929,0.6483243703842163,0,0,1,0.199109748005867,0,1,0.17635969817638397,0,1,0.2030085027217865,0,1,0.19403845071792603,3,0,0.2274826318025589
subject_14:sample_0000178,14,178,0,0,1,0,1,0.7776211500167847,0.555371880531311,0.6169561147689819,0.800000011920929,0.6434804797172546,0,0,1,0.200954869389534,0,1,0.17685475945472717,0,1,0.20265303552150726,0,1,0.19497355818748474,3,0,0.22456282377243042
subject_14:sample_0000179,14,179,0,0,1,0,1,0.7798992991447449,0.5598777532577515,0.6193082332611084,0.800000011920929,0.6466652154922485,0,0,1,0.2031998187303543,0,1,0.1776217520236969,0,1,0.2023889571428299,0,1,0.19603084027767181,3,0,0.2207576483488083
subject_14:sample_0000180,14,180,0,0,1,0,1,0.7839608788490295,0.5679774284362793,0.6231892704963684,0.800000011920929,0.6522516012191772,0,0,1,0.20538736879825592,0,1,0.17866253852844238,0,1,0.2025883048772812,0,1,0.19707238674163818,3,0,0.2162884622812271
subject_14:sample_0000181,14,181,0,0,1,0,1,0.789093017578125,0.578226625919342,0.6281121969223022,0.800000011920929,0.6593072414398193,0,0,1,0.20715776085853577,0,1,0.1799071580171585,0,1,0.2032184600830078,0,1,0.19870102405548096,3,0,0.21101456880569458
subject_14:sample_0000182,14,182,0,0,1,0,1,0.7952840328216553,0.5905994176864624,0.6341472864151001,0.800000011920929,0.6678339242935181,0,0,1,0.2084198147058487,0,1,0.18144530057907104,0,1,0.20420202612876892,0,1,0.20116159319877625,3,0,0.2047703117132187
subject_14:sample_0000183,14,183,0,0,1,0,1,0.8025693893432617,0.6051639318466187,0.64143967628479,0.800000011920929,0.6779075860977173,0,0,1,0.2090269774198532,0,1,0.18323180079460144,0,1,0.2056879997253418,0,1,0.20459428429603577,3,0,0.1974579244852066
subject_14:sample_0000184,14,184,0,0,1,0,1,0.8099684119224548,0.6199570894241333,0.6490834951400757,0.800000011920929,0.6881927847862244,0,0,1,0.20898719131946564,0,1,0.18497000634670258,0,1,0.20757879316806793,0,1,0.20841839909553528,3,0,0.19004470109939575
subject_14:sample_0000185,14,185,0,0,1,0,1,0.8172850608825684,0.6345868706703186,0.6568871736526489,0.800000011920929,0.6984228491783142,0,0,1,0.20872491598129272,0,1,0.18656794726848602,0,1,0.20967578887939453,0,1,0.21231208741664886,3,0,0.18271829187870026
subject_14:sample_0000186,14,186,0,0,1,0,1,0.8239514827728271,0.6479170322418213,0.664218544960022,0.800000011920929,0.7078002095222473,1,0,1,0.20853134989738464,0,1,0.18774545192718506,0,1,0.21158422529697418,0,1,0.2160983830690384,3,0,0.17603960633277893
subject_14:sample_0000187,14,187,0,0,1,0,1,0.8292938470840454,0.6586005687713623,0.6702456474304199,0.800000011920929,0.715354859828949,1,0,1,0.20867669582366943,0,1,0.18888460099697113,0,1,0.21320967376232147,0,1,0.21856850385665894,3,0,0.17065957188606262
subject_14:sample_0000188,14,188,0,0,1,0,1,0.833848774433136,0.6677106618881226,0.6754910945892334,0.800000011920929,0.7218247056007385,1,0,1,0.20933952927589417,0,1,0.18996135890483856,0,1,0.21476081013679504,0,1,0.22019639611244202,3,0,0.16574090719223022
subject_14:sample_0000189,14,189,0,0,1,0,1,0.8345060348510742,0.6690279245376587,0.6762354373931885,0.800000011920929,0.7227540016174316,1,0,1,0.21061760187149048,0,1,0.1912832111120224,0,1,0.21651488542556763,0,1,0.2208351045846939,3,0,0.16074827313423157
subject_14:sample_0000190,14,190,0,0,1,0,1,0.8120262622833252,0.6240752935409546,0.6512248516082764,0.800000011920929,0.6910550594329834,0,0,1,0.21193107962608337,0,1,0.19260743260383606,0,1,0.21833425760269165,0,1,0.22083218395709991,3,0,0.1562941074371338
subject_14:sample_0000191,14,191,0,0,1,0,1,0.7514541149139404,0.5029370784759521,0.595300555229187,0.800000011920929,0.6082061529159546,0,0,1,0.21323361992835999,0,1,0.19408713281154633,0,1,0.22015082836151123,0,1,0.22006118297576904,3,0,0.1524662971496582
subject_14:sample_0000192,14,192,0,0,1,0,1,0.6786593794822693,0.357346773147583,0.546866774559021,0.6000000238418579,0.5099658370018005,0,0,1,0.21476736664772034,0,1,0.19576752185821533,0,1,0.22189375758171082,3,0,0.2181140035390854,3,0,0.14945641160011292
subject_14:sample_0000193,14,193,0,0,1,0,1,0.6498556733131409,0.2997346818447113,0.5327192544937134,0.6000000238418579,0.46991297602653503,0,0,1,0.21675805747509003,0,1,0.19766831398010254,0,1,0.22345969080924988,3,0,0.21519675850868225,3,0,0.14691618084907532
subject_14:sample_0000194,14,194,0,0,1,0,1,0.6476050019264221,0.29523032903671265,0.531745195388794,0.6000000238418579,0.46672192215919495,0,0,1,0.2195592224597931,0,1,0.19995269179344177,0,1,0.22495169937610626,3,0,0.21136119961738586,3,0,0.14417417347431183
subject_14:sample_0000195,14,195,0,0,1,0,1,0.6530817151069641,0.30618277192115784,0.5342037677764893,0.6000000238418579,0.474480539560318,0,0,1,0.2234881967306137,0,1,0.2025589495897293,0,1,0.22626736760139465,3,0,0.2067873626947403,3,0,0.14089718461036682
subject_14:sample_0000196,14,196,0,0,1,3,0,0.659920871257782,0.3198630213737488,0.5373849868774414,0.6000000238418579,0.48407629132270813,0,0,1,0.22740519046783447,0,1,0.20494596660137177,0,1,0.22734029591083527,3,0,0.2034442275762558,3,0,0.13686344027519226
subject_14:sample_0000197,14,197,0,0,1,3,0,0.6654981374740601,0.3310210704803467,0.5400770902633667,0.6000000238418579,0.49183496832847595,0,0,1,0.23014329373836517,0,1,0.20690275728702545,0,1,0.2285381406545639,3,0,0.20161299407482147,3,0,0.13280178606510162
subject_14:sample_0000198,14,198,0,0,1,3,0,0.6686893701553345,0.3374207317829132,0.5415542125701904,0.6000000238418579,0.49622586369514465,0,0,1,0.2326619029045105,0,1,0.2086721807718277,0,1,0.2293841391801834,3,0,0.20069430768489838,3,0,0.1285865157842636
subject_14:sample_0000199,14,199,0,0,1,3,0,0.6557936072349548,0.31171715259552,0.5347319841384888,0.6000000238418579,0.47813957929611206,0,0,1,0.23466038703918457,0,1,0.21049796044826508,0,1,0.23063825070858002,3,0,0.19963131844997406,3,0,0.12457108497619629
subject_14:sample_0000200,14,200,0,0,1,3,0,0.6730806827545166,0.34622740745544434,0.5436499714851379,0.6000000238418579,0.5022454261779785,0,0,1,0.23571540415287018,0,1,0.2115258425474167,0,1,0.2315860092639923,3,0,0.1989171952009201,3,0,0.12225455790758133
subject_14:sample_0000201,14,201,0,0,1,3,0,0.6796091794967651,0.3592591881752014,0.547290563583374,0.6000000238418579,0.5112441182136536,0,0,1,0.23646506667137146,0,1,0.21242526173591614,0,1,0.2323698252439499,3,0,0.19829879701137543,3,0,0.12043999135494232
subject_14:sample_0000202,14,202,0,0,1,3,0,0.6827569007873535,0.3655407726764679,0.5491129159927368,0.6000000238418579,0.5155702829360962,0,0,1,0.23649951815605164,0,1,0.21307870745658875,0,1,0.23336347937583923,3,0,0.19789355993270874,3,0,0.11916375905275345
subject_14:sample_0000203,14,203,0,0,1,3,0,0.6847306489944458,0.36948728561401367,0.5502172708511353,0.6000000238418579,0.51826411485672,0,0,1,0.23702818155288696,0,1,0.21382059156894684,0,1,0.23399989306926727,3,0,0.19752547144889832,3,0,0.117624931037426
subject_14:sample_0000204,14,204,0,0,1,3,0,0.6861349940299988,0.37229546904563904,0.5510114431381226,0.6000000238418579,0.5201787948608398,0,0,1,0.23707319796085358,0,1,0.2143387794494629,0,1,0.2347935289144516,3,0,0.19731800258159637,3,0,0.11647549271583557
subject_14:sample_0000205,14,205,0,0,1,3,0,0.6877914071083069,0.3756099343299866,0.5519373416900635,0.6000000238418579,0.5224297046661377,0,0,1,0.2377689778804779,0,1,0.21488618850708008,0,1,0.23533235490322113,3,0,0.19667430222034454,3,0,0.11533726006746292
subject_14:sample_0000206,14,206,0,0,1,3,0,0.6892375946044922,0.378506064414978,0.5527386665344238,0.6000000238418579,0.5243893265724182,0,0,1,0.23849570751190186,0,1,0.2154114693403244,0,1,0.2358313947916031,3,0,0.19590064883232117,3,0,0.11435975879430771
subject_14:sample_0000207,14,207,0,0,1,3,0,0.6894989013671875,0.37903180718421936,0.5528663396835327,0.6000000238418579,0.5247387290000916,0,0,1,0.23881937563419342,0,1,0.2155541479587555,0,1,0.2359137088060379,3,0,0.19579766690731049,3,0,0.11391405761241913
subject_14:sample_0000208,14,208,0,3,0,3,0,0.8232682943344116,0.6468965411186218,0.6616487503051758,0.800000011920929,0.7063195705413818,1,0,1,0.17636333405971527,3,0,0.27363231778144836,3,0,0.24109739065170288,3,0,0.15327318012714386,3,0,0.1556328684091568
subject_14:sample_0000209,14,209,0,3,0,3,0,0.8231537938117981,0.6466652154922485,0.6615320444107056,0.800000011920929,0.7061610817909241,1,0,1,0.17648006975650787,3,0,0.2736130952835083,3,0,0.24111077189445496,3,0,0.1531854122877121,3,0,0.15560972690582275
subject_14:sample_0000210,14,210,0,3,0,3,0,0.8230132460594177,0.6463887095451355,0.6613553166389465,0.800000011920929,0.7059573531150818,1,0,1,0.17661592364311218,3,0,0.2733742594718933,3,0,0.24143460392951965,3,0,0.15296246111392975,3,0,0.1556117832660675
subject_14:sample_0000211,14,211,0,3,0,3,0,0.8226588368415833,0.6456893086433411,0.6609190702438354,0.800000011920929,0.7054461240768433,1,0,1,0.17696091532707214,3,0,0.27301689982414246,3,0,0.24173331260681152,3,0,0.15265871584415436,3,0,0.1556292623281479
subject_14:sample_0000212,14,212,0,3,0,3,0,0.8223468661308289,0.6450798511505127,0.6605088710784912,0.800000011920929,0.7049890160560608,1,0,1,0.17725840210914612,3,0,0.27244696021080017,3,0,0.24260017275810242,3,0,0.15214601159095764,3,0,0.15554749965667725
subject_14:sample_0000213,14,213,0,3,0,3,0,0.8222178220748901,0.6448378562927246,0.6602927446365356,0.800000011920929,0.7047871351242065,1,0,1,0.17737123370170593,3,0,0.271980881690979,3,0,0.24393051862716675,3,0,0.1513213813304901,3,0,0.155395045876503
subject_14:sample_0000214,14,214,0,3,0,3,0,0.8221558928489685,0.6447325944900513,0.660140872001648,0.800000011920929,0.7046770453453064,1,0,1,0.17741461098194122,3,0,0.271975040435791,3,0,0.24471864104270935,3,0,0.15064536035060883,3,0,0.1552453488111496
subject_14:sample_0000215,14,215,0,3,0,3,0,0.8223679065704346,0.6451750993728638,0.6602932810783386,0.800000011920929,0.704953134059906,1,0,1,0.17718446254730225,3,0,0.2713260054588318,3,0,0.24547094106674194,3,0,0.15063932538032532,3,0,0.15537825226783752
subject_14:sample_0000216,14,216,0,3,0,3,0,0.8232458829879761,0.6469507813453674,0.6611810922622681,0.800000011920929,0.7061664462089539,1,0,1,0.17628730833530426,3,0,0.27020251750946045,3,0,0.24770067632198334,3,0,0.15048009157180786,3,0,0.1553284227848053
subject_14:sample_0000217,14,217,0,3,0,3,0,0.82442706823349,0.6493156552314758,0.6624870300292969,0.800000011920929,0.7078292369842529,1,0,1,0.17510393261909485,3,0,0.26919448375701904,3,0,0.24978256225585938,3,0,0.15051327645778656,3,0,0.15540477633476257
subject_14:sample_0000218,14,218,0,3,0,3,0,0.8256742358207703,0.6518144607543945,0.663865327835083,0.800000011920929,0.7095847129821777,1,0,1,0.17385272681713104,3,0,0.26835620403289795,3,0,0.25158989429473877,3,0,0.15064536035060883,3,0,0.1555548459291458
subject_14:sample_0000219,14,219,0,3,0,3,0,0.8269917964935303,0.6544570326805115,0.6653186082839966,0.800000011920929,0.7114384770393372,1,0,1,0.17252813279628754,3,0,0.2674509584903717,3,0,0.25371238589286804,3,0,0.15064255893230438,3,0,0.15566493570804596
subject_14:sample_0000220,14,220,0,3,0,3,0,0.8287806510925293,0.6580491065979004,0.6672866344451904,0.800000011920929,0.7139537930488586,1,0,1,0.1707250326871872,3,0,0.2664985656738281,3,0,0.25733232498168945,3,0,0.15000225603580475,3,0,0.1554407924413681
subject_14:sample_0000221,14,221,0,3,0,3,0,0.8298913836479187,0.6602930426597595,0.6684587001800537,0.800000011920929,0.7155020236968994,1,0,1,0.169592022895813,3,0,0.26570558547973633,3,0,0.25988098978996277,3,0,0.1494542509317398,3,0,0.15536615252494812
subject_14:sample_0000222,14,222,0,3,0,3,0,0.8305453062057495,0.66164231300354,0.6690331697463989,0.800000011920929,0.7163821458816528,1,0,1,0.16889695823192596,3,0,0.2648179531097412,3,0,0.2619153559207916,3,0,0.14890813827514648,3,0,0.1554606556892395
subject_14:sample_0000223,14,223,0,3,0,3,0,0.8311307430267334,0.6628599762916565,0.6695107221603394,0.800000011920929,0.7171602845191956,1,0,1,0.16826502978801727,3,0,0.26423269510269165,3,0,0.26335906982421875,3,0,0.14847618341445923,3,0,0.15566611289978027
subject_14:sample_0000224,14,224,0,3,0,3,0,0.8321502804756165,0.6649554967880249,0.6704555749893188,0.800000011920929,0.7185463309288025,1,0,1,0.1671890914440155,3,0,0.26370933651924133,3,0,0.26558300852775574,3,0,0.14772118628025055,3,0,0.15579643845558167
subject_14:sample_0000225,14,225,0,3,0,3,0,0.8332805037498474,0.6672464609146118,0.6716423034667969,0.800000011920929,0.7201204895973206,1,0,1,0.16602826118469238,3,0,0.2635616362094879,3,0,0.2671695947647095,3,0,0.14719556272029877,3,0,0.15604403614997864
subject_14:sample_0000226,14,226,0,3,0,3,0,0.8343954086303711,0.6695215106010437,0.6727609634399414,0.800000011920929,0.7216596007347107,1,0,1,0.16486814618110657,3,0,0.2635955810546875,3,0,0.2682954967021942,3,0,0.1467285007238388,3,0,0.1565113216638565
subject_14:sample_0000227,14,227,0,3,0,3,0,0.8351941108703613,0.6711653470993042,0.6735131740570068,0.800000011920929,0.7227492928504944,1,0,1,0.1640230268239975,3,0,0.26362770795822144,3,0,0.2688959538936615,3,0,0.1464555859565735,3,0,0.1569967418909073
subject_14:sample_0000228,14,228,0,3,0,3,0,0.8360377550125122,0.6728514432907104,0.6745100617408752,0.800000011920929,0.7239543199539185,1,0,1,0.16318033635616302,3,0,0.26354798674583435,3,0,0.26973313093185425,3,0,0.14615477621555328,3,0,0.15738283097743988
subject_14:sample_0000229,14,229,0,3,0,3,0,0.8362778425216675,0.6733750104904175,0.6746236085891724,0.800000011920929,0.7242520451545715,1,0,1,0.16289660334587097,3,0,0.26342904567718506,3,0,0.27016791701316833,3,0,0.14565181732177734,3,0,0.1578536480665207
subject_14:sample_0000230,14,230,0,3,0,3,0,0.836666464805603,0.6741766929626465,0.6749874949455261,0.800000011920929,0.7247817516326904,1,0,1,0.1624833643436432,3,0,0.2635560929775238,3,0,0.2704335153102875,3,0,0.1451316624879837,3,0,0.15839442610740662
subject_14:sample_0000231,14,231,0,3,0,3,0,0.8369988203048706,0.674873411655426,0.6752572059631348,0.800000011920929,0.7252238988876343,1,0,1,0.16211870312690735,3,0,0.263478547334671,3,0,0.270738810300827,3,0,0.14461320638656616,3,0,0.15904973447322845
subject_14:sample_0000232,14,232,0,3,0,3,0,0.8368481993675232,0.6746146082878113,0.6749173402786255,0.800000011920929,0.7249660491943359,1,0,1,0.1622268557548523,3,0,0.2633381485939026,3,0,0.2700718939304352,3,0,0.14436012506484985,3,0,0.1600019931793213
subject_14:sample_0000233,14,233,0,3,0,3,0,0.8367781043052673,0.6744359135627747,0.6749797463417053,0.800000011920929,0.7249041199684143,1,0,1,0.16233503818511963,3,0,0.2635459005832672,3,0,0.26997095346450806,3,0,0.14355924725532532,3,0,0.16058790683746338
subject_14:sample_0000234,14,234,0,3,0,3,0,0.8370205760002136,0.6748151779174805,0.6756753921508789,0.800000011920929,0.7253590226173401,1,0,1,0.16219785809516907,3,0,0.264323890209198,3,0,0.2698456048965454,3,0,0.14254939556121826,3,0,0.16108237206935883
subject_14:sample_0000235,14,235,0,3,0,3,0,0.8367325067520142,0.6741471886634827,0.6756991147994995,0.800000011920929,0.7250449061393738,1,0,1,0.16257749497890472,3,0,0.2651834189891815,3,0,0.2687815725803375,3,0,0.14167538285255432,3,0,0.16178123652935028
subject_14:sample_0000236,14,236,0,3,0,3,0,0.8362007141113281,0.6729872822761536,0.67546546459198,0.800000011920929,0.724391758441925,1,0,1,0.1632053703069687,3,0,0.2662668228149414,3,0,0.26762261986732483,3,0,0.1405523270368576,3,0,0.16235189139842987
subject_14:sample_0000237,14,237,0,3,0,3,0,0.835891842842102,0.6723049283027649,0.6753713488578796,0.800000011920929,0.7240240573883057,1,0,1,0.16357870399951935,3,0,0.2670392096042633,3,0,0.2662740647792816,3,0,0.13973405957221985,3,0,0.16337305307388306
subject_14:sample_0000238,14,238,0,3,0,3,0,0.8356308937072754,0.6717290878295898,0.6752952337265015,0.800000011920929,0.7237147688865662,1,0,1,0.16389340162277222,3,0,0.2675524055957794,3,0,0.2652077078819275,3,0,0.13910791277885437,3,0,0.16423766314983368
subject_14:sample_0000239,14,239,0,3,0,3,0,0.8353629112243652,0.6711398363113403,0.6752123832702637,0.800000011920929,0.7233961224555969,1,0,1,0.16421443223953247,3,0,0.26808249950408936,3,0,0.26378700137138367,3,0,0.13868975639343262,3,0,0.16522538661956787
subject_14:sample_0000240,14,240,0,3,0,3,0,0.8355804681777954,0.6715337634086609,0.6756514310836792,0.800000011920929,0.7237572073936462,1,0,1,0.16403783857822418,3,0,0.26847055554389954,3,0,0.2628065347671509,3,0,0.13845296204090118,3,0,0.16623112559318542
subject_14:sample_0000241,14,241,0,3,0,3,0,0.8357824683189392,0.6719158887863159,0.6759869456291199,0.800000011920929,0.7240726351737976,1,0,1,0.163857564330101,3,0,0.26866742968559265,3,0,0.2620271146297455,3,0,0.13827094435691833,3,0,0.16717597842216492
subject_14:sample_0000242,14,242,0,3,0,3,0,0.8358673453330994,0.6720813512802124,0.676105797290802,0.800000011920929,0.7241990566253662,1,0,1,0.1637769192457199,3,0,0.2685825824737549,3,0,0.26178380846977234,3,0,0.13803435862064362,3,0,0.16782139241695404
subject_14:sample_0000243,14,243,0,3,0,3,0,0.8360811471939087,0.6725039482116699,0.6763788461685181,0.800000011920929,0.7245100140571594,1,0,1,0.1635679304599762,3,0,0.2686498463153839,3,0,0.2616901695728302,3,0,0.1378537118434906,3,0,0.16823740303516388
subject_14:sample_0000244,14,244,0,3,0,3,0,0.8360755443572998,0.672504186630249,0.6763198375701904,0.800000011920929,0.7244874835014343,1,0,1,0.1635623276233673,3,0,0.26845359802246094,3,0,0.26118651032447815,3,0,0.1380811333656311,3,0,0.1687154918909073
subject_14:sample_0000245,14,245,0,3,0,3,0,0.8359730243682861,0.6723049283027649,0.6761733293533325,0.800000011920929,0.7243340015411377,1,0,1,0.16365917026996613,3,0,0.268382728099823,3,0,0.2608427107334137,3,0,0.13822567462921143,3,0,0.16888879239559174
subject_14:sample_0000246,14,246,1,0,0,0,0,0.8386672139167786,0.6783201694488525,0.6769014596939087,0.800000011920929,0.7275283932685852,1,0,0,0.24980905652046204,0,0,0.20100295543670654,0,0,0.197188600897789,1,1,0.16241466999053955,0,0,0.18958376348018646
subject_14:sample_0000247,14,247,1,0,0,0,0,0.8389949798583984,0.6789452433586121,0.6774045825004578,0.800000011920929,0.7280268669128418,1,0,0,0.2497759908437729,0,0,0.20083464682102203,0,0,0.19723770022392273,1,1,0.16217918694019318,0,0,0.18997156620025635
subject_14:sample_0000248,14,248,1,0,0,0,0,0.8392101526260376,0.6793460845947266,0.6777709722518921,0.800000011920929,0.7283636331558228,1,0,0,0.24962368607521057,0,0,0.20082613825798035,0,0,0.19698359072208405,1,1,0.1620742231607437,0,0,0.1904914230108261
subject_14:sample_0000249,14,249,1,0,0,0,0,0.839499294757843,0.6798819303512573,0.6782757043838501,0.800000011920929,0.7288195490837097,1,0,0,0.24837122857570648,0,0,0.20070180296897888,0,0,0.19758979976177216,1,1,0.16199158132076263,0,0,0.19134460389614105
subject_14:sample_0000250,14,250,1,0,0,0,0,0.8397082686424255,0.6802961826324463,0.6785399913787842,0.800000011920929,0.7291226983070374,1,0,0,0.24833840131759644,0,0,0.20079703629016876,0,0,0.19772876799106598,1,1,0.16181470453739166,0,0,0.19132006168365479
subject_14:sample_0000251,14,251,1,0,0,0,0,0.8396057486534119,0.680080235004425,0.6784576773643494,0.800000011920929,0.728986382484436,1,0,0,0.24728655815124512,0,0,0.2011798769235611,0,0,0.19751088321208954,1,1,0.1619614064693451,0,0,0.19206036627292633
subject_14:sample_0000252,14,252,1,0,0,0,0,0.83921217918396,0.67928147315979,0.6780295372009277,0.800000011920929,0.7284337282180786,1,0,0,0.2458479255437851,0,0,0.201652392745018,0,0,0.19695568084716797,1,1,0.16241565346717834,0,0,0.19312740862369537
subject_14:sample_0000253,14,253,1,0,0,0,0,0.8388254046440125,0.6784873604774475,0.6776454448699951,0.800000011920929,0.7279003262519836,1,0,0,0.24411965906620026,0,0,0.2020963579416275,0,0,0.19690291583538055,1,1,0.16283665597438812,0,0,0.19404342770576477
subject_14:sample_0000254,14,254,1,0,0,0,0,0.8381398320198059,0.6770837903022766,0.6769516468048096,0.800000011920929,0.7269515991210938,1,0,0,0.24130268394947052,0,0,0.2026248574256897,0,0,0.19682812690734863,1,1,0.16356177628040314,0,0,0.19568166136741638
subject_14:sample_0000255,14,255,1,0,0,0,0,0.8374788165092468,0.675739049911499,0.6762539148330688,0.800000011920929,0.7260293960571289,1,0,0,0.23907651007175446,0,0,0.20330853760242462,0,0,0.19624292850494385,1,1,0.16426736116409302,0,0,0.19710367918014526
subject_14:sample_0000256,14,256,1,0,0,0,0,0.836931586265564,0.674625039100647,0.6756793260574341,0.800000011920929,0.7252665758132935,1,0,0,0.23731043934822083,0,0,0.20391395688056946,0,0,0.1955176740884781,1,1,0.16494986414909363,0,0,0.1983071118593216
subject_14:sample_0000257,14,257,1,0,0,0,0,0.8364601135253906,0.6736629009246826,0.6751956939697266,0.800000011920929,0.7246124744415283,1,0,0,0.23530200123786926,0,0,0.20417046546936035,0,0,0.1956765353679657,1,1,0.16564549505710602,0,0,0.19920460879802704
subject_14:sample_0000258,14,258,1,0,0,0,0,0.8355926871299744,0.6719319224357605,0.674157977104187,0.800000011920929,0.7233700156211853,1,0,0,0.23402905464172363,0,0,0.20477165281772614,0,0,0.19484086334705353,1,1,0.16669103503227234,0,0,0.19966644048690796
subject_14:sample_0000259,14,259,1,0,0,0,0,0.8350411653518677,0.6708459854125977,0.673443078994751,0.800000011920929,0.7225654721260071,1,0,0,0.2345190942287445,0,0,0.20571237802505493,0,0,0.1935962289571762,1,1,0.16728165745735168,0,0,0.19888970255851746
subject_14:sample_0000260,14,260,1,0,0,0,0,0.8345601558685303,0.6698947548866272,0.6728375554084778,0.800000011920929,0.721868634223938,1,0,0,0.23422600328922272,0,0,0.2063041776418686,0,0,0.19355329871177673,1,1,0.16783729195594788,0,0,0.1980782300233841
subject_14:sample_0000261,14,261,1,0,0,0,0,0.8336743116378784,0.6681502461433411,0.6716971397399902,0.800000011920929,0.7205786108970642,1,0,0,0.23388202488422394,0,0,0.20705626904964447,0,0,0.19282768666744232,1,1,0.16880454123020172,0,0,0.19742847979068756
subject_14:sample_0000262,14,262,1,0,0,0,0,0.8331674933433533,0.6671732068061829,0.6709654331207275,0.800000011920929,0.7198196053504944,1,0,0,0.23457470536231995,0,0,0.20796558260917664,0,0,0.19125542044639587,1,1,0.16946832835674286,0,0,0.1967349499464035
subject_14:sample_0000263,14,263,1,0,0,0,0,0.8328996896743774,0.6666852235794067,0.6704725027084351,0.800000011920929,0.7193907499313354,1,0,0,0.23550774157047272,0,0,0.20893588662147522,0,0,0.19033029675483704,1,1,0.16979268193244934,0,0,0.1954324096441269
subject_14:sample_0000264,14,264,1,0,0,0,0,0.8322315812110901,0.6653985977172852,0.6695107221603394,0.800000011920929,0.7183915376663208,1,0,0,0.2355479896068573,0,0,0.2099723219871521,0,0,0.18976762890815735,1,1,0.17034491896629333,0,0,0.19436612725257874
subject_14:sample_0000265,14,265,1,0,0,0,0,0.8313945531845093,0.6637862920761108,0.6683123111724854,0.800000011920929,0.7171416878700256,1,0,0,0.23535604774951935,0,0,0.21107521653175354,0,0,0.18944378197193146,1,1,0.17087890207767487,0,0,0.19324514269828796
subject_14:sample_0000266,14,266,1,0,0,0,0,0.8309953212738037,0.6630592942237854,0.6675894260406494,0.800000011920929,0.7165064811706543,1,0,0,0.23574377596378326,0,0,0.21189641952514648,0,0,0.18971467018127441,1,1,0.17088168859481812,0,0,0.19176249206066132
subject_14:sample_0000267,14,267,1,0,0,0,0,0.8307754993438721,0.6627930998802185,0.6667137145996094,0.800000011920929,0.7160340547561646,1,0,0,0.23798994719982147,0,0,0.2124917209148407,0,0,0.18954260647296906,1,1,0.1705557107925415,0,0,0.18941904604434967
subject_14:sample_0000268,14,268,1,0,0,0,0,0.8317692279815674,0.6648725271224976,0.6675399541854858,0.800000011920929,0.7173638939857483,1,0,0,0.23888765275478363,0,0,0.21215924620628357,0,0,0.19209963083267212,1,1,0.16927945613861084,0,0,0.1875731199979782
subject_14:sample_0000269,14,269,1,0,0,0,0,0.8325629234313965,0.6665578484535217,0.6681240200996399,0.800000011920929,0.7184072136878967,1,0,0,0.23883402347564697,0,0,0.21171340346336365,0,0,0.19540978968143463,1,1,0.16810810565948486,0,0,0.18593370914459229
subject_14:sample_0000270,14,270,1,0,0,0,0,0.8334972858428955,0.668372631072998,0.6694002151489258,0.800000011920929,0.719785213470459,1,0,0,0.2370038628578186,0,0,0.21163544058799744,0,0,0.19873684644699097,1,1,0.16704361140727997,0,0,0.18557922542095184
subject_14:sample_0000271,14,271,1,0,0,0,0,0.8346735239028931,0.6706294417381287,0.6711112260818481,0.800000011920929,0.7215468883514404,1,0,0,0.23485687375068665,0,0,0.21182139217853546,0,0,0.20181125402450562,1,1,0.16578269004821777,0,0,0.18572679162025452
subject_14:sample_0000272,14,272,1,0,0,0,0,0.8361381888389587,0.673541247844696,0.6728981733322144,0.800000011920929,0.7236533164978027,1,0,0,0.2335931956768036,0,0,0.2119935154914856,0,0,0.20507115125656128,1,1,0.16417211294174194,0,0,0.1851690113544464
subject_14:sample_0000273,14,273,1,0,0,0,0,0.8372745513916016,0.6758931875228882,0.6739687919616699,0.800000011920929,0.7252068519592285,1,0,0,0.23367495834827423,0,0,0.21148358285427094,0,0,0.20806854963302612,1,1,0.16285884380340576,0,0,0.18391312658786774
subject_14:sample_0000274,14,274,1,0,0,0,0,0.8379076719284058,0.6774138808250427,0.6738600730895996,0.800000011920929,0.7258942723274231,1,0,0,0.23455928266048431,0,0,0.21107836067676544,0,0,0.21031554043293,1,1,0.16184774041175842,0,0,0.18219809234142303
subject_14:sample_0000275,14,275,1,0,0,0,0,0.83823561668396,0.6785611510276794,0.6726683974266052,0.800000011920929,0.7259700298309326,1,0,0,0.23575231432914734,0,0,0.21055035293102264,0,0,0.21254058182239532,1,1,0.16088971495628357,0,0,0.18026608228683472
subject_14:sample_0000276,14,276,1,0,0,0,0,0.8375017642974854,0.6784863471984863,0.6677119731903076,0.800000011920929,0.7239445447921753,1,0,0,0.2378188669681549,0,0,0.20971395075321198,0,0,0.21462024748325348,1,1,0.16006620228290558,0,0,0.17777985334396362
subject_14:sample_0000277,14,277,1,0,0,0,0,0.8347080945968628,0.6764211654663086,0.6556483507156372,0.800000011920929,0.7180272340774536,1,0,0,0.24040617048740387,0,0,0.20803502202033997,0,0,0.21729116141796112,1,1,0.15911974012851715,0,0,0.17514698207378387
subject_14:sample_0000278,14,278,1,0,0,0,0,0.8229984641075134,0.6647273302078247,0.620119571685791,0.800000011920929,0.6974385976791382,0,0,0,0.2429828643798828,0,0,0.20556572079658508,0,0,0.22034429013729095,1,1,0.15862524509429932,0,0,0.17248089611530304
subject_14:sample_0000279,14,279,1,0,0,0,0,0.7732424139976501,0.6130560636520386,0.514794111251831,0.800000011920929,0.6249085664749146,0,0,0,0.24483627080917358,0,0,0.2036311775445938,0,0,0.2236880213022232,1,1,0.15905898809432983,0,0,0.16878455877304077
subject_14:sample_0000280,14,280,1,0,0,0,0,0.7020718455314636,0.5361407995223999,0.4130215644836426,0.6000000238418579,0.5377054214477539,0,0,0,0.24486204981803894,0,0,0.2022743970155716,0,0,0.22716449201107025,1,1,0.16020436584949493,2,0,0.1654936969280243
subject_14:sample_0000281,14,281,1,0,0,0,0,0.6392362713813782,0.44367802143096924,0.3488308787345886,0.6000000238418579,0.46250322461128235,0,0,0,0.2436056286096573,0,0,0.20178832113742828,0,0,0.23035390675067902,1,1,0.1623253971338272,2,0,0.16192567348480225
subject_14:sample_0000282,14,282,1,0,0,0,0,0.5462687611579895,0.26728564500808716,0.284873902797699,0.4000000059604645,0.34648001194000244,0,0,0,0.24202413856983185,1,1,0.20139242708683014,0,0,0.2334715873003006,1,1,0.16473744809627533,2,0,0.1583734154701233
subject_14:sample_0000283,14,283,1,0,0,1,1,0.4961205720901489,0.16277790069580078,0.26732707023620605,0.4000000059604645,0.2784465551376343,0,0,0,0.23957616090774536,1,1,0.20141267776489258,0,0,0.23585885763168335,1,1,0.16724979877471924,2,0,0.15590152144432068
subject_14:sample_0000284,14,284,1,0,0,1,1,0.47955843806266785,0.1255953311920166,0.2652014493942261,0.4000000059604645,0.2518432140350342,0,0,0,0.23611561954021454,1,1,0.2020520716905594,0,0,0.2374154031276703,1,1,0.16958831250667572,2,0,0.15482768416404724
subject_14:sample_0000285,14,285,1,0,0,1,1,0.4504455327987671,0.0706460177898407,0.25794774293899536,0.4000000059604645,0.20172227919101715,0,0,0,0.23082436621189117,1,1,0.20359261333942413,0,0,0.23939979076385498,1,1,0.17274326086044312,2,0,0.15343907475471497
subject_14:sample_0000286,14,286,1,1,1,1,1,0.5244327187538147,0.23264867067337036,0.2693287134170532,0.6000000238418579,0.32030051946640015,0,1,1,0.22489917278289795,1,1,0.2055807262659073,0,0,0.24141399562358856,1,1,0.17633795738220215,2,0,0.15176713466644287
subject_14:sample_0000287,14,287,1,1,1,1,1,0.5824685096740723,0.3366647958755493,0.30285608768463135,0.6000000238418579,0.3901534974575043,0,1,1,0.21982792019844055,1,1,0.20756547152996063,0,0,0.2432897537946701,1,1,0.17951448261737823,2,0,0.14980147778987885
subject_14:sample_0000288,14,288,1,1,1,1,1,0.5916035175323486,0.3507111966609955,0.3097342848777771,0.6000000238418579,0.40054982900619507,0,1,1,0.21807284653186798,1,1,0.20830650627613068,0,0,0.24419774115085602,1,1,0.18118873238563538,2,0,0.14823324978351593
subject_14:sample_0000289,14,289,1,1,1,1,1,0.5989026427268982,0.3632664084434509,0.3148747682571411,0.6000000238418579,0.40917250514030457,0,1,1,0.2158644199371338,1,1,0.20974436402320862,0,0,0.24507944285869598,1,1,0.1832057237625122,2,0,0.14610518515110016
subject_14:sample_0000290,14,290,1,1,1,1,1,0.605126142501831,0.38394737243652344,0.317094624042511,0.6000000238418579,0.41921374201774597,0,1,1,0.2144211381673813,1,1,0.21187205612659454,0,0,0.24552947282791138,1,1,0.18579651415348053,2,0,0.14237987995147705
subject_14:sample_0000291,14,291,1,1,1,1,1,0.6102153062820435,0.41567856073379517,0.3188433051109314,0.6000000238418579,0.4324534237384796,0,1,1,0.2143225222826004,1,1,0.2138276994228363,0,0,0.24500533938407898,1,1,0.1880524456501007,2,0,0.138791024684906
subject_14:sample_0000292,14,292,1,1,1,1,1,0.6154999136924744,0.38056883215904236,0.32992398738861084,0.6000000238418579,0.42594975233078003,0,1,1,0.21431894600391388,1,1,0.21595369279384613,0,0,0.24412491917610168,1,1,0.1904301792383194,2,0,0.13517126441001892
subject_14:sample_0000293,14,293,1,1,1,1,1,0.6218262910842896,0.3352404236793518,0.3665039539337158,0.6000000238418579,0.42432770133018494,0,1,1,0.21568849682807922,1,1,0.2179231196641922,2,0,0.24253340065479279,1,1,0.19299209117889404,2,0,0.1308620274066925
subject_14:sample_0000294,14,294,1,1,1,1,1,0.6319214105606079,0.299461305141449,0.43747907876968384,0.6000000238418579,0.43583324551582336,0,1,1,0.21889042854309082,1,1,0.22108931839466095,2,0,0.23823688924312592,1,1,0.1967882364988327,2,0,0.12499421834945679
subject_14:sample_0000295,14,295,1,1,1,1,1,0.6442692279815674,0.2995067536830902,0.4926574230194092,0.6000000238418579,0.45639368891716003,0,1,1,0.22341619431972504,1,1,0.22488805651664734,2,0,0.23186494410037994,1,1,0.2013678103685379,2,0,0.11846208572387695
subject_14:sample_0000296,14,296,1,1,1,1,1,0.6512088179588318,0.30837246775627136,0.5098510980606079,0.6000000238418579,0.46782100200653076,0,1,1,0.22651177644729614,1,1,0.22695933282375336,2,0,0.22810325026512146,1,1,0.20385465025901794,2,0,0.11456994712352753
subject_14:sample_0000297,14,297,1,1,1,1,1,0.6555495262145996,0.31521913409233093,0.5176922082901001,0.6000000238418579,0.47471168637275696,0,1,1,0.2265343964099884,1,1,0.22887656092643738,2,0,0.2263328731060028,1,1,0.20584532618522644,2,0,0.11240990459918976
subject_14:sample_0000298,14,298,0,0,1,0,1,0.779193639755249,0.5604188442230225,0.6098676919937134,0.800000011920929,0.64337557554245,0,3,0,0.21978455781936646,0,1,0.19626964628696442,0,1,0.21098603308200836,0,1,0.16942186653614044,0,1,0.20353688299655914
subject_14:sample_0000299,14,299,0,0,1,0,1,0.7784444689750671,0.5595086812973022,0.6070560216903687,0.800000011920929,0.6418315172195435,0,3,0,0.21994933485984802,0,1,0.19635415077209473,0,1,0.21157009899616241,0,1,0.16814899444580078,0,1,0.20397645235061646
subject_14:sample_0000300,14,300,0,0,1,0,1,0.7769228219985962,0.5590287446975708,0.5977268218994141,0.800000011920929,0.6379278898239136,0,3,0,0.21885919570922852,0,1,0.19732220470905304,0,1,0.2128313034772873,0,1,0.16599132120609283,0,1,0.20499497652053833
subject_14:sample_0000301,14,301,0,0,1,0,1,0.7574266195297241,0.539941668510437,0.5395393371582031,0.800000011920929,0.6042780876159668,0,3,0,0.21840521693229675,0,1,0.19928094744682312,0,1,0.2149447649717331,0,1,0.1606181114912033,0,1,0.20674997568130493
subject_14:sample_0000302,14,302,0,0,1,0,1,0.6807672381401062,0.4609595537185669,0.40182578563690186,0.6000000238418579,0.5014563202857971,0,3,0,0.22074264287948608,0,1,0.201388418674469,0,1,0.21705864369869232,2,0,0.15222540497779846,0,1,0.2085840255022049
subject_14:sample_0000303,14,303,0,0,1,0,1,0.6447360515594482,0.4235232174396515,0.3571067452430725,0.6000000238418579,0.4602767825126648,0,3,0,0.22213084995746613,0,1,0.20338422060012817,0,1,0.2193765938282013,2,0,0.14473506808280945,0,1,0.21037235856056213
subject_14:sample_0000304,14,304,0,0,1,0,1,0.6428334712982178,0.4207896888256073,0.35531944036483765,0.6000000238418579,0.458065390586853,0,3,0,0.22293277084827423,0,1,0.20608747005462646,0,1,0.22209899127483368,2,0,0.13631631433963776,0,1,0.21256347000598907
subject_14:sample_0000305,14,305,0,0,1,0,1,0.647692084312439,0.42372602224349976,0.361625611782074,0.6000000238418579,0.46298933029174805,0,3,0,0.2248551845550537,0,1,0.20867149531841278,0,1,0.22412067651748657,2,0,0.12804272770881653,0,1,0.2143089920282364
subject_14:sample_0000306,14,306,0,0,1,0,1,0.6515433192253113,0.42537903785705566,0.3670904040336609,0.6000000238418579,0.46683576703071594,0,3,0,0.22706782817840576,0,1,0.21030904352664948,0,1,0.2254926860332489,2,0,0.12168411165475845,0,1,0.2154453545808792
subject_14:sample_0000307,14,307,0,0,1,0,1,0.6551288962364197,0.4281391501426697,0.37183326482772827,0.6000000238418579,0.4707098603248596,0,3,0,0.22789621353149414,0,1,0.21188516914844513,0,1,0.22667381167411804,2,0,0.11716029793024063,0,1,0.21638356149196625
subject_14:sample_0000308,14,308,0,0,1,0,1,0.6576700806617737,0.4291222095489502,0.37572360038757324,0.6000000238418579,0.4733174443244934,0,3,0,0.22947102785110474,0,1,0.213342547416687,0,1,0.22721926867961884,2,0,0.11298945546150208,0,1,0.21697677671909332
subject_14:sample_0000309,14,309,0,0,1,0,1,0.6599507927894592,0.4299110770225525,0.37940990924835205,0.6000000238418579,0.4756997525691986,0,3,0,0.23096877336502075,0,1,0.21449793875217438,0,1,0.2277904748916626,2,0,0.1091814637184143,0,1,0.21756036579608917
subject_14:sample_0000310,14,310,0,0,1,0,1,0.6598768830299377,0.4281623363494873,0.3802196979522705,0.6000000238418579,0.47537389397621155,0,3,0,0.23265311121940613,0,1,0.2147844135761261,0,1,0.2276713103055954,2,0,0.10757038742303848,0,1,0.21731974184513092
subject_14:sample_0000311,14,311,0,0,1,0,1,0.6591076850891113,0.42734235525131226,0.3793054223060608,0.6000000238418579,0.4745045602321625,0,3,0,0.23269210755825043,0,1,0.21464869379997253,0,1,0.22743071615695953,2,0,0.10831017792224884,0,1,0.21691735088825226
subject_14:sample_0000312,14,312,0,0,1,0,1,0.6583898067474365,0.4280076324939728,0.3777090907096863,0.6000000238418579,0.4739115834236145,0,3,0,0.23128490149974823,0,1,0.21496349573135376,0,1,0.22699148952960968,2,0,0.11044176667928696,0,1,0.21631740033626556
subject_14:sample_0000313,14,313,0,0,1,0,1,0.6580983996391296,0.4305517077445984,0.37604713439941406,0.6000000238418579,0.47408124804496765,0,3,0,0.22839538753032684,0,1,0.21537987887859344,0,1,0.22683560848236084,2,0,0.11363346129655838,0,1,0.21575471758842468
subject_14:sample_0000314,14,314,0,0,1,0,1,0.6563365459442139,0.43130236864089966,0.37278634309768677,0.6000000238418579,0.4725590944290161,0,3,0,0.22584116458892822,0,1,0.21498841047286987,0,1,0.22632431983947754,2,0,0.11798933148384094,0,1,0.21485579013824463
subject_14:sample_0000315,14,315,0,0,1,0,1,0.6545629501342773,0.4314730167388916,0.3698264956474304,0.6000000238418579,0.4709422290325165,0,3,0,0.22387383878231049,0,1,0.21469201147556305,0,1,0.2257499396800995,2,0,0.12177883833646774,0,1,0.2139044851064682
subject_14:sample_0000316,14,316,0,0,1,0,1,0.6520717144012451,0.4323386549949646,0.36558836698532104,0.6000000238418579,0.46885359287261963,0,3,0,0.22048082947731018,0,1,0.21426673233509064,0,1,0.2248327136039734,2,0,0.12778426706790924,0,1,0.21263447403907776
subject_14:sample_0000317,14,317,0,0,1,0,1,0.6495497226715088,0.43372851610183716,0.3613315224647522,0.6000000238418579,0.46692314743995667,0,3,0,0.21653573215007782,0,1,0.21395516395568848,0,1,0.2237638682126999,2,0,0.13452348113059998,0,1,0.21122077107429504
subject_14:sample_0000318,14,318,0,0,1,0,1,0.6471225023269653,0.4358970522880554,0.3572705388069153,0.6000000238418579,0.4653601348400116,0,3,0,0.21190133690834045,0,1,0.21381905674934387,0,1,0.2223483920097351,2,0,0.1423826813697815,0,1,0.20954759418964386
subject_14:sample_0000319,14,319,0,0,1,0,1,0.6475366353988647,0.4412558674812317,0.3564526438713074,0.6000000238418579,0.46700215339660645,0,3,0,0.20692282915115356,0,1,0.2126629799604416,0,1,0.22086338698863983,2,0,0.15198251605033875,0,1,0.20756728947162628
subject_14:sample_0000320,14,320,0,0,1,0,1,0.6638169288635254,0.4621735215187073,0.37329185009002686,0.6000000238418579,0.4856245219707489,0,3,0,0.20225803554058075,0,1,0.21225577592849731,0,1,0.22002653777599335,2,0,0.15938463807106018,0,1,0.20607398450374603
subject_14:sample_0000321,14,321,0,0,1,0,1,0.7045250535011292,0.5065494179725647,0.4240415692329407,0.6000000238418579,0.5328956842422485,0,3,0,0.1985708326101303,0,1,0.21266521513462067,0,1,0.21907873451709747,2,0,0.16506540775299072,0,1,0.20461884140968323
subject_14:sample_0000322,14,322,0,0,1,0,1,0.7827722430229187,0.5884012579917908,0.5674448013305664,0.800000011920929,0.6393581032752991,0,3,0,0.1949453353881836,0,1,0.21238218247890472,0,1,0.21765893697738647,0,1,0.17253105342388153,0,1,0.2024814635515213
subject_14:sample_0000323,14,323,0,0,1,0,1,0.7998148202896118,0.6072406768798828,0.6136857867240906,0.800000011920929,0.6679830551147461,0,3,0,0.19312134385108948,0,1,0.2132568508386612,0,1,0.2163788229227066,0,1,0.1763133704662323,0,1,0.2009286731481552
subject_14:sample_0000324,14,324,0,0,1,0,1,0.8042374849319458,0.6123576164245605,0.6280953884124756,0.800000011920929,0.6762983798980713,0,3,0,0.19239270687103271,0,1,0.21368053555488586,0,1,0.21554341912269592,0,1,0.1783573478460312,0,1,0.20002500712871552
subject_14:sample_0000325,14,325,0,0,1,0,1,0.806429386138916,0.6153833270072937,0.6346511840820312,0.800000011920929,0.6803761124610901,0,3,0,0.1914965957403183,0,1,0.21412138640880585,0,1,0.2149542272090912,0,1,0.18025198578834534,0,1,0.1991748809814453
subject_14:sample_0000326,14,326,0,0,1,0,1,0.8070783019065857,0.6161548495292664,0.6372178196907043,0.800000011920929,0.6817594170570374,0,3,0,0.19127203524112701,0,1,0.21428091824054718,0,1,0.21440528333187103,0,1,0.18182949721813202,0,1,0.19821129739284515
subject_14:sample_0000327,14,327,0,0,1,0,1,0.8065525889396667,0.6147757172584534,0.6380630731582642,0.800000011920929,0.6814035177230835,0,3,0,0.19203440845012665,0,1,0.2138679325580597,0,1,0.21364375948905945,0,1,0.18328595161437988,0,1,0.19716694951057434
subject_14:sample_0000328,14,328,0,0,1,0,1,0.8062820434570312,0.6141741871833801,0.6381796598434448,0.800000011920929,0.6811464428901672,0,3,0,0.19226892292499542,0,1,0.21356627345085144,0,1,0.21311886608600616,0,1,0.18458028137683868,0,1,0.1964646279811859
subject_14:sample_0000329,14,329,0,0,1,0,1,0.8053022623062134,0.6122121810913086,0.6373074054718018,0.800000011920929,0.6798346042633057,0,3,0,0.19316670298576355,0,1,0.21289758384227753,0,1,0.21271361410617828,0,1,0.18536360561847687,0,1,0.19585752487182617
subject_14:sample_0000330,14,330,0,0,1,0,1,0.804393470287323,0.6103819012641907,0.6364935636520386,0.800000011920929,0.6786118149757385,0,3,0,0.19402678310871124,0,1,0.21214498579502106,0,1,0.2127470225095749,0,1,0.18571887910366058,0,1,0.19536136090755463
subject_14:sample_0000331,14,331,0,0,1,0,1,0.8041276931762695,0.6098344922065735,0.6363263130187988,0.800000011920929,0.6782746911048889,0,3,0,0.19429165124893188,0,1,0.21158339083194733,0,1,0.21283650398254395,0,1,0.18612582981586456,0,1,0.19516167044639587
subject_14:sample_0000332,14,332,0,0,1,0,1,0.8035718202590942,0.6088264584541321,0.6354137659072876,0.800000011920929,0.6774203777313232,0,3,0,0.1947188526391983,0,1,0.21133464574813843,0,1,0.21269306540489197,0,1,0.18627367913722992,0,1,0.19497880339622498
subject_14:sample_0000333,14,333,0,0,1,0,1,0.8031828999519348,0.6079957485198975,0.6352156400680542,0.800000011920929,0.6769325137138367,0,3,0,0.19517545402050018,0,1,0.2109343260526657,0,1,0.21271508932113647,0,1,0.18620797991752625,0,1,0.19496628642082214
subject_14:sample_0000334,14,334,1,1,1,1,1,0.7354894876480103,0.5404981970787048,0.47098028659820557,0.800000011920929,0.5720813870429993,0,1,1,0.16994565725326538,2,0,0.1953164041042328,1,1,0.25293001532554626,1,1,0.18481974303722382,1,1,0.19698721170425415
subject_14:sample_0000335,14,335,1,1,1,1,1,0.7367054224014282,0.5418520569801331,0.47299057245254517,0.800000011920929,0.5736878514289856,0,1,1,0.17008976638317108,2,0,0.1951683908700943,1,1,0.25281453132629395,1,1,0.18495269119739532,1,1,0.19697369635105133
subject_14:sample_0000336,14,336,1,1,1,1,1,0.738934338092804,0.5449608564376831,0.47632771730422974,0.800000011920929,0.5767120122909546,0,1,1,0.17029480636119843,2,0,0.19425120949745178,1,1,0.2526986598968506,1,1,0.1854201853275299,1,1,0.1973341703414917
subject_14:sample_0000337,14,337,1,1,1,1,1,0.7395990490913391,0.5461771488189697,0.477225124835968,0.800000011920929,0.5776761174201965,0,1,1,0.17010201513767242,2,0,0.19366782903671265,1,1,0.25288069248199463,1,1,0.18575552105903625,1,1,0.19759298861026764
subject_14:sample_0000338,14,338,1,1,1,1,1,0.7409272193908691,0.5485424399375916,0.47890037298202515,0.800000011920929,0.5795313715934753,0,1,1,0.17004485428333282,2,0,0.19259831309318542,1,1,0.2533359229564667,1,1,0.18608592450618744,1,1,0.19793401658535004
subject_14:sample_0000339,14,339,1,1,1,1,1,0.7428780794143677,0.5520187616348267,0.4812418222427368,0.800000011920929,0.5822080969810486,0,1,1,0.1701573133468628,2,0,0.19104929268360138,1,1,0.25385189056396484,1,1,0.1865234225988388,1,1,0.19841711223125458
subject_14:sample_0000340,14,340,1,1,1,1,1,0.7458664178848267,0.5572085976600647,0.4849393963813782,0.800000011920929,0.5863029360771179,0,1,1,0.17067061364650726,2,0,0.18881461024284363,1,1,0.2541845440864563,1,1,0.18719741702079773,1,1,0.19913187623023987
subject_14:sample_0000341,14,341,1,1,1,1,1,0.7473432421684265,0.5604243874549866,0.4862573742866516,0.800000011920929,0.5883482098579407,0,1,1,0.1710084229707718,2,0,0.18706294894218445,1,1,0.25490108132362366,1,1,0.1875147819519043,1,1,0.19951178133487701
subject_14:sample_0000342,14,342,1,1,1,1,1,0.7493192553520203,0.5639312267303467,0.4886459708213806,0.800000011920929,0.5910566449165344,0,1,1,0.1713460087776184,2,0,0.18551674485206604,1,1,0.25509947538375854,1,1,0.1879563182592392,1,1,0.20008054375648499
subject_14:sample_0000343,14,343,1,1,1,1,1,0.7501225471496582,0.5658324360847473,0.489254891872406,0.800000011920929,0.5921772718429565,0,1,1,0.17149923741817474,2,0,0.18441475927829742,1,1,0.25535786151885986,1,1,0.18823131918907166,1,1,0.20049583911895752
subject_14:sample_0000344,14,344,1,1,1,1,1,0.7531862854957581,0.5705366730690002,0.49353814125061035,0.800000011920929,0.5963513851165771,0,1,1,0.17186740040779114,2,0,0.1827537566423416,1,1,0.2552880346775055,1,1,0.18875224888324738,1,1,0.20133763551712036
subject_14:sample_0000345,14,345,1,1,1,1,1,0.7563874125480652,0.5752744078636169,0.49818694591522217,0.800000011920929,0.6007178425788879,0,1,1,0.17222008109092712,2,0,0.18119844794273376,1,1,0.2550559639930725,1,1,0.18926680088043213,1,1,0.20225773751735687
subject_14:sample_0000346,14,346,1,1,1,1,1,0.7600896954536438,0.5809491872787476,0.5034988522529602,0.800000011920929,0.6058063507080078,0,1,1,0.17268787324428558,2,0,0.1792016327381134,1,1,0.25474855303764343,1,1,0.18991728127002716,1,1,0.2034437209367752
subject_14:sample_0000347,14,347,1,1,1,1,1,0.7619004249572754,0.5842995643615723,0.5056802034378052,0.800000011920929,0.6083263158798218,0,1,1,0.17294570803642273,2,0,0.17764930427074432,1,1,0.2545571029186249,1,1,0.1902841180562973,1,1,0.20456284284591675
subject_14:sample_0000348,14,348,1,1,1,1,1,0.7625585794448853,0.5862252712249756,0.5059506893157959,0.800000011920929,0.6092777252197266,0,1,1,0.1730736643075943,2,0,0.1763753443956375,1,1,0.2544262111186981,1,1,0.19052711129188538,1,1,0.20559673011302948
subject_14:sample_0000349,14,349,1,1,1,1,1,0.7640866637229919,0.589337944984436,0.5076062679290771,0.800000011920929,0.6114270687103271,0,1,1,0.17329555749893188,2,0,0.17477919161319733,1,1,0.2539328634738922,1,1,0.1910153329372406,1,1,0.20697614550590515
subject_14:sample_0000350,14,350,1,1,1,1,1,0.7633537650108337,0.5891673564910889,0.5058795809745789,0.800000011920929,0.6104787588119507,0,1,1,0.1731855720281601,2,0,0.17421595752239227,1,1,0.25365930795669556,1,1,0.19114358723163605,1,1,0.20779462158679962
subject_14:sample_0000351,14,351,1,1,1,1,1,0.7627472877502441,0.5892596244812012,0.5043146014213562,0.800000011920929,0.6097188591957092,0,1,1,0.17314663529396057,2,0,0.1735139638185501,1,1,0.25315749645233154,1,1,0.19142353534698486,1,1,0.2087574303150177
subject_14:sample_0000352,14,352,1,1,1,1,1,0.764345645904541,0.592082142829895,0.5063821077346802,0.800000011920929,0.6119510531425476,0,1,1,0.17336657643318176,2,0,0.1722767949104309,1,1,0.25208669900894165,1,1,0.19212645292282104,1,1,0.21014253795146942
subject_14:sample_0000353,14,353,1,1,1,1,1,0.7671056985855103,0.5962563157081604,0.5104386806488037,0.800000011920929,0.6157587766647339,0,1,1,0.17358961701393127,2,0,0.17084479331970215,1,1,0.2505078613758087,1,1,0.19305776059627533,1,1,0.2119990438222885
subject_14:sample_0000354,14,354,1,1,1,1,1,0.7713280320167542,0.6022524237632751,0.5169685482978821,0.800000011920929,0.6215755343437195,0,1,1,0.174025297164917,2,0,0.16904829442501068,1,1,0.2483488917350769,1,1,0.19440113008022308,1,1,0.21417546272277832
subject_14:sample_0000355,14,355,1,1,1,1,1,0.7733626365661621,0.6051618456840515,0.5201660394668579,0.800000011920929,0.6244038939476013,0,1,1,0.17409807443618774,2,0,0.16815344989299774,1,1,0.24603763222694397,1,1,0.19549213349819183,1,1,0.21621765196323395
subject_14:sample_0000356,14,356,1,1,1,1,1,0.7762802243232727,0.6088585257530212,0.5251220464706421,0.800000011920929,0.6284417510032654,0,1,1,0.17420561611652374,2,0,0.16734695434570312,1,1,0.24334926903247833,1,1,0.19674600660800934,1,1,0.21835114061832428
subject_14:sample_0000357,14,357,1,1,1,1,1,0.7793852686882019,0.612825334072113,0.5304233431816101,0.800000011920929,0.632757306098938,0,1,1,0.17423751950263977,2,0,0.16645045578479767,1,1,0.24060291051864624,1,1,0.19787631928920746,1,1,0.22083182632923126
subject_14:sample_0000358,14,358,1,1,1,1,1,0.784189760684967,0.6193134784698486,0.5384462475776672,0.800000011920929,0.6394765973091125,0,1,1,0.17462776601314545,2,0,0.16472186148166656,1,1,0.23771658539772034,1,1,0.19916823506355286,1,1,0.22376461327075958
subject_14:sample_0000359,14,359,1,1,1,1,1,0.7897078990936279,0.6272551417350769,0.5474205017089844,0.800000011920929,0.6472577452659607,0,1,1,0.17513929307460785,2,0,0.1622377634048462,1,1,0.2350505143404007,1,1,0.20081238448619843,1,1,0.22675909101963043
subject_14:sample_0000360,14,360,1,1,1,1,1,0.7942745089530945,0.6339564323425293,0.5548741817474365,0.800000011920929,0.6537447571754456,0,1,1,0.17549341917037964,2,0,0.16001255810260773,1,1,0.23266468942165375,1,1,0.20229580998420715,1,1,0.22953252494335175
subject_14:sample_0000361,14,361,1,1,1,1,1,0.79924076795578,0.6409479379653931,0.5633977055549622,0.800000011920929,0.660853385925293,0,1,1,0.1758853644132614,2,0,0.15783023834228516,1,1,0.23072175681591034,1,1,0.20313607156276703,1,1,0.23242555558681488
subject_14:sample_0000362,14,362,1,1,1,1,1,0.8053388595581055,0.6497808694839478,0.5738621950149536,0.800000011920929,0.669654905796051,0,1,1,0.17684271931648254,2,0,0.15486781299114227,1,1,0.22902269661426544,1,1,0.20371253788471222,1,1,0.2355533093214035
subject_14:sample_0000363,14,363,1,1,1,1,1,0.809679388999939,0.6560550332069397,0.5814923048019409,0.800000011920929,0.6759777665138245,0,1,1,0.17744845151901245,2,0,0.1524561643600464,1,1,0.22800248861312866,1,1,0.2038879245519638,1,1,0.23820404708385468
subject_14:sample_0000364,14,364,1,1,1,1,1,0.8111056089401245,0.6584205627441406,0.5837224721908569,0.800000011920929,0.6780510544776917,0,1,1,0.17766521871089935,2,0,0.15045742690563202,1,1,0.22719721496105194,1,1,0.20410069823265076,1,1,0.24057848751544952
subject_14:sample_0000365,14,365,1,1,1,1,1,0.8084419965744019,0.653535783290863,0.5800822973251343,0.800000011920929,0.6742215156555176,0,1,1,0.17783686518669128,2,0,0.14867259562015533,1,1,0.22649237513542175,1,1,0.2038259357213974,1,1,0.24317124485969543
subject_14:sample_0000366,14,366,1,1,1,1,1,0.793869137763977,0.6254315376281738,0.5621586441993713,0.800000011920929,0.6535254716873169,0,1,1,0.17775653302669525,2,0,0.14708104729652405,1,1,0.22606652975082397,1,1,0.20314225554466248,1,1,0.24595274031162262
subject_14:sample_0000367,14,367,1,1,1,1,1,0.7527350783348083,0.545185387134552,0.5178456902503967,0.800000011920929,0.5967543125152588,0,1,1,0.17767111957073212,2,0,0.14570477604866028,1,1,0.22599175572395325,1,1,0.20253707468509674,1,1,0.2480943202972412
subject_14:sample_0000368,14,368,1,1,1,1,1,0.7149863839149475,0.4707925021648407,0.4843611717224121,0.800000011920929,0.5463012456893921,0,1,1,0.17757582664489746,2,0,0.14404740929603577,1,1,0.2260611653327942,1,1,0.20214079320430756,1,1,0.2501738369464874
subject_14:sample_0000369,14,369,1,1,1,1,1,0.6820212006568909,0.4063277840614319,0.45890694856643677,0.6000000238418579,0.5028822422027588,0,1,1,0.1774854063987732,2,0,0.142460435628891,1,1,0.22606009244918823,2,0,0.20185329020023346,1,1,0.2521398067474365
subject_14:sample_0000370,14,370,1,1,1,1,1,0.6646800637245178,0.3742224872112274,0.444588303565979,0.6000000238418579,0.47999146580696106,0,1,1,0.1774066537618637,2,0,0.14106787741184235,1,1,0.22585828602313995,2,0,0.20205892622470856,1,1,0.25360730290412903
subject_14:sample_0000371,14,371,1,1,1,1,1,0.660801887512207,0.3673648536205292,0.44108647108078003,0.6000000238418579,0.47485849261283875,0,1,1,0.17726939916610718,2,0,0.13976489007472992,1,1,0.22585996985435486,2,0,0.20230810344219208,1,1,0.25479674339294434
subject_14:sample_0000372,14,372,1,1,1,1,1,0.651043176651001,0.350574254989624,0.43188685178756714,0.6000000238418579,0.46194106340408325,0,1,1,0.1771916300058365,2,0,0.1390078216791153,1,1,0.2256719172000885,2,0,0.20237794518470764,1,1,0.25574973225593567
subject_14:sample_0000373,14,373,1,1,1,1,1,0.6348760724067688,0.3212457597255707,0.41933172941207886,0.6000000238418579,0.4405832886695862,0,1,1,0.17713525891304016,2,0,0.13874951004981995,1,1,0.22572503983974457,2,0,0.20176659524440765,1,1,0.2566225826740265
subject_14:sample_0000374,14,374,1,1,1,1,1,0.6239868402481079,0.30308622121810913,0.4092930555343628,0.6000000238418579,0.4261789619922638,0,1,1,0.17687539756298065,2,0,0.13895992934703827,1,1,0.22576366364955902,2,0,0.20116762816905975,1,1,0.2572324573993683
subject_14:sample_0000375,14,375,1,1,1,1,1,0.6163811087608337,0.2909073829650879,0.4019067883491516,0.6000000238418579,0.416143536567688,0,1,1,0.1770329624414444,2,0,0.13897274434566498,1,1,0.22580932080745697,2,0,0.20042671263217926,1,1,0.257757306098938
subject_14:sample_0000376,14,376,2,2,1,2,1,0.9996920228004456,0.999469518661499,0.9978215098381042,1.0,0.9989939332008362,1,2,1,0.2720441222190857,2,1,0.2428702414035797,2,1,0.12256387621164322,2,1,0.16691137850284576,2,1,0.19560948014259338
subject_14:sample_0000377,14,377,2,2,1,2,1,0.9996910691261292,0.9994682669639587,0.997814953327179,1.0,0.9989910125732422,1,2,1,0.2721588611602783,2,1,0.24275654554367065,2,1,0.12254476547241211,2,1,0.1671171933412552,2,1,0.19542169570922852
subject_14:sample_0000378,14,378,2,2,1,2,1,0.9996911287307739,0.999468982219696,0.9978147149085999,1.0,0.9989911913871765,1,2,1,0.2711758315563202,2,1,0.2409881353378296,2,1,0.12357605248689651,2,1,0.16847221553325653,2,1,0.19578684866428375
subject_14:sample_0000379,14,379,2,2,1,2,1,0.9996927976608276,0.9994720220565796,0.9978252649307251,1.0,0.9989963173866272,1,2,1,0.26989880204200745,2,1,0.23818404972553253,2,1,0.1257041096687317,2,1,0.16993902623653412,2,1,0.19627301394939423
subject_14:sample_0000380,14,380,2,2,1,2,1,0.9996927976608276,0.9994719624519348,0.997825026512146,1.0,0.9989961981773376,1,2,1,0.2690095007419586,2,1,0.23523829877376556,2,1,0.12806135416030884,2,1,0.1709916591644287,2,1,0.19669821858406067
subject_14:sample_0000381,14,381,2,2,1,2,1,0.9996908903121948,0.9994688630104065,0.9978117942810059,1.0,0.9989901185035706,1,2,1,0.2685461938381195,2,1,0.23218770325183868,2,1,0.1308927685022354,2,1,0.1712912768125534,2,1,0.19708113372325897
subject_14:sample_0000382,14,382,2,2,1,2,1,0.9996898174285889,0.9994663596153259,0.9978048205375671,1.0,0.9989866018295288,1,2,1,0.26845335960388184,2,1,0.22910015285015106,2,1,0.13421767950057983,2,1,0.1710139960050583,2,1,0.19721387326717377
subject_14:sample_0000383,14,383,2,2,1,2,1,0.9996920228004456,0.9994706511497498,0.9978177547454834,1.0,0.9989930391311646,1,2,1,0.26685085892677307,2,1,0.2246263027191162,2,1,0.13923437893390656,2,1,0.1718500703573227,2,1,0.19743746519088745
subject_14:sample_0000384,14,384,2,2,1,2,1,0.9996954798698425,0.9994770288467407,0.997839629650116,1.0,0.9990037083625793,1,2,1,0.26468539237976074,2,1,0.21959227323532104,2,1,0.14545561373233795,2,1,0.17256052792072296,2,1,0.19770517945289612
subject_14:sample_0000385,14,385,2,2,1,2,1,0.9996964335441589,0.999478816986084,0.9978448748588562,1.0,0.9990063309669495,1,2,1,0.26371562480926514,2,1,0.2167896181344986,2,1,0.14916132390499115,2,1,0.17274197936058044,2,1,0.19759051501750946
subject_14:sample_0000386,14,386,2,2,1,2,1,0.9996975660324097,0.9994811415672302,0.9978519082069397,1.0,0.9990097880363464,1,2,1,0.2623310089111328,2,1,0.21354514360427856,2,1,0.1534307897090912,2,1,0.17310716211795807,2,1,0.19758497178554535
subject_14:sample_0000387,14,387,2,2,1,2,1,0.9997002482414246,0.9994852542877197,0.9978688955307007,1.0,0.9990177750587463,1,2,1,0.26122260093688965,2,1,0.2109711617231369,2,1,0.15721003711223602,2,1,0.17304760217666626,2,1,0.19754768908023834
subject_14:sample_0000388,14,388,1,0,0,0,0,0.8096006512641907,0.6721029877662659,0.5638056993484497,0.800000011920929,0.6744431853294373,0,0,0,0.22296208143234253,0,0,0.20098206400871277,1,1,0.13860730826854706,0,0,0.20788899064064026,0,0,0.22955858707427979
subject_14:sample_0000389,14,389,1,0,0,0,0,0.8130768537521362,0.6757184863090515,0.5706557035446167,0.800000011920929,0.6793451905250549,0,0,0,0.22282642126083374,0,0,0.20145152509212494,1,1,0.13848081231117249,0,0,0.20767074823379517,0,0,0.22956949472427368
subject_14:sample_0000390,14,390,1,0,0,0,0,0.8181434869766235,0.6810001730918884,0.5809573531150818,0.800000011920929,0.6866050958633423,0,0,0,0.22277720272541046,0,0,0.20210383832454681,1,1,0.13828341662883759,0,0,0.2073119729757309,0,0,0.22952266037464142
subject_14:sample_0000391,14,391,1,0,0,0,0,0.823721706867218,0.6867294907569885,0.5928502082824707,0.800000011920929,0.6947636008262634,0,0,0,0.2227839082479477,0,0,0.20261210203170776,1,1,0.13815681636333466,0,0,0.20709721744060516,0,0,0.2293490320444107
subject_14:sample_0000392,14,392,1,0,0,0,0,0.8257458209991455,0.689087986946106,0.5970149040222168,0.800000011920929,0.6977536082267761,0,0,0,0.22290365397930145,0,0,0.2030443400144577,1,1,0.1378422975540161,0,0,0.20714697241783142,0,0,0.2290618121623993
subject_14:sample_0000393,14,393,1,0,0,0,0,0.8263958096504211,0.6899738311767578,0.5982123613357544,0.800000011920929,0.6987020969390869,0,0,0,0.22319820523262024,0,0,0.20318499207496643,1,1,0.13762608170509338,0,0,0.20732638239860535,0,0,0.228663370013237
subject_14:sample_0000394,14,394,1,0,0,0,0,0.8262891173362732,0.6898984909057617,0.5978882312774658,0.800000011920929,0.6985203623771667,0,0,0,0.22350485622882843,0,0,0.20311272144317627,1,1,0.1376180499792099,0,0,0.20771731436252594,0,0,0.22804611921310425
subject_14:sample_0000395,14,395,1,0,0,0,0,0.8241753578186035,0.687449038028717,0.5934479832649231,0.800000011920929,0.6953672766685486,0,0,0,0.2238789051771164,0,0,0.20278865098953247,1,1,0.13796356320381165,0,0,0.2081325799226761,0,0,0.22723539173603058
subject_14:sample_0000396,14,396,1,0,0,0,0,0.8166869282722473,0.6792216300964355,0.5778946280479431,0.800000011920929,0.6843925714492798,0,0,0,0.2245035022497177,0,0,0.20181675255298615,1,1,0.13871242105960846,0,0,0.2087763398885727,0,0,0.22619003057479858
subject_14:sample_0000397,14,397,1,0,0,0,0,0.8045971393585205,0.6663123965263367,0.5541856288909912,0.800000011920929,0.6672734618186951,0,0,0,0.22538478672504425,0,0,0.2007589042186737,1,1,0.13953779637813568,0,0,0.20957878232002258,0,0,0.22473885118961334
subject_14:sample_0000398,14,398,1,0,0,0,0,0.789775013923645,0.650587260723114,0.5274993777275085,0.800000011920929,0.6471579670906067,0,0,0,0.22627586126327515,0,0,0.19986969232559204,1,1,0.1404373198747635,0,0,0.21020561456680298,0,0,0.22321054339408875
subject_14:sample_0000399,14,399,1,0,0,0,0,0.7787411212921143,0.6382904052734375,0.5093088150024414,0.800000011920929,0.6326024532318115,0,0,0,0.22720274329185486,0,0,0.19824063777923584,1,1,0.14170803129673004,0,0,0.21095439791679382,0,0,0.22189316153526306
subject_14:sample_0000400,14,400,1,0,0,0,0,0.7736334800720215,0.6319760680198669,0.5014067888259888,0.800000011920929,0.6258573532104492,0,0,0,0.22761079668998718,0,0,0.19680370390415192,1,1,0.14293676614761353,0,0,0.21161021292209625,0,0,0.22103747725486755
subject_14:sample_0000401,14,401,1,0,0,0,0,0.7698317170143127,0.6267725229263306,0.49581658840179443,0.800000011920929,0.6207864880561829,0,0,0,0.22775709629058838,0,0,0.19574177265167236,1,1,0.14435267448425293,0,0,0.21204623579978943,0,0,0.22010129690170288
subject_14:sample_0000402,14,402,1,0,0,0,0,0.7647184133529663,0.6202672719955444,0.4882974624633789,0.800000011920929,0.6141223907470703,0,0,0,0.22795699536800385,0,0,0.19486644864082336,1,1,0.14574450254440308,0,0,0.21236304938793182,0,0,0.21906805038452148
subject_14:sample_0000403,14,403,1,0,0,0,0,0.7579984664916992,0.6122046709060669,0.4784126281738281,0.800000011920929,0.6055116653442383,0,0,0,0.22822390496730804,0,0,0.19377583265304565,1,1,0.14710983633995056,0,0,0.2128787785768509,0,0,0.21801072359085083
subject_14:sample_0000404,14,404,1,0,0,0,0,0.7521830201148987,0.605583667755127,0.4699569344520569,0.800000011920929,0.5982075929641724,0,0,0,0.22859404981136322,0,0,0.19297650456428528,1,1,0.14794202148914337,0,0,0.21336689591407776,0,0,0.21711954474449158
subject_14:sample_0000405,14,405,1,0,0,0,0,0.7469019293785095,0.5993713140487671,0.46251052618026733,0.800000011920929,0.5915985107421875,0,0,0,0.2289355993270874,0,0,0.19214321672916412,1,1,0.14889903366565704,0,0,0.21376359462738037,0,0,0.21625752747058868
subject_14:sample_0000406,14,406,1,0,0,0,0,0.7425225973129272,0.5943211317062378,0.45643699169158936,0.800000011920929,0.5861884355545044,0,0,0,0.22938914597034454,0,0,0.1913454830646515,1,1,0.14959023892879486,0,0,0.21413953602313995,0,0,0.21553465723991394
subject_14:sample_0000407,14,407,1,0,0,0,0,0.7401765584945679,0.5915185213088989,0.4532727599143982,0.800000011920929,0.5832943320274353,0,0,0,0.2296505719423294,0,0,0.19103242456912994,1,1,0.1500510573387146,0,0,0.21436168253421783,0,0,0.2149033546447754
subject_14:sample_0000408,14,408,1,0,0,0,0,0.7435094118118286,0.594469428062439,0.45800459384918213,0.800000011920929,0.5871674418449402,0,0,0,0.22927796840667725,0,0,0.19121189415454865,1,1,0.15043245255947113,0,0,0.21437059342861176,0,0,0.21470606327056885
subject_14:sample_0000409,14,409,1,0,0,0,0,0.7483135461807251,0.5996150970458984,0.46474331617355347,0.800000011920929,0.5930023789405823,0,0,0,0.22908203303813934,0,0,0.1916017234325409,1,1,0.1500980406999588,0,0,0.2143891155719757,0,0,0.21482811868190765
subject_14:sample_0000410,14,410,1,0,0,0,0,0.7481394410133362,0.599692165851593,0.46437913179397583,0.800000011920929,0.5928268432617188,0,0,0,0.22925682365894318,0,0,0.1916724294424057,1,1,0.1498614102602005,0,0,0.2145581692457199,0,0,0.21465016901493073
subject_14:sample_0000411,14,411,1,0,0,0,0,0.7478299736976624,0.5995749235153198,0.4638313055038452,0.800000011920929,0.5924732685089111,0,0,0,0.22926105558872223,0,0,0.19189444184303284,1,1,0.14968560636043549,0,0,0.2146509438753128,0,0,0.21450690925121307
subject_14:sample_0000412,14,412,1,0,0,0,0,0.752088189125061,0.603939414024353,0.46994972229003906,0.800000011920929,0.5976375341415405,0,0,0,0.22885975241661072,0,0,0.19228874146938324,1,1,0.14959123730659485,0,0,0.21456220746040344,0,0,0.21469712257385254
subject_14:sample_0000413,14,413,1,0,0,0,0,0.7576647996902466,0.6093295812606812,0.47827160358428955,0.800000011920929,0.604414165019989,0,0,0,0.228193461894989,0,0,0.19249393045902252,1,1,0.1497987061738968,0,0,0.2145306020975113,0,0,0.2149823009967804
subject_14:sample_0000414,14,414,1,0,0,0,0,0.7613554000854492,0.6127027273178101,0.4840075969696045,0.800000011920929,0.6089240312576294,0,0,0,0.22754952311515808,0,0,0.19264395534992218,1,1,0.15013034641742706,0,0,0.21452602744102478,0,0,0.2151491343975067
subject_14:sample_0000415,14,415,1,2,0,2,0,0.3909187614917755,0.08493798971176147,0.21081823110580444,0.6000000238418579,0.1912928968667984,0,2,0,0.12295913696289062,2,0,0.13412398099899292,2,0,0.13370837271213531,1,1,0.2826818823814392,0,0,0.32652565836906433
subject_14:sample_0000416,14,416,1,2,0,2,0,0.38981708884239197,0.07199260592460632,0.21100741624832153,0.6000000238418579,0.1809181421995163,0,2,0,0.12233458459377289,2,0,0.1339036077260971,2,0,0.1334562450647354,1,1,0.28345251083374023,0,0,0.32685205340385437
subject_14:sample_0000417,14,417,1,2,0,2,0,0.3884762227535248,0.06529441475868225,0.21109002828598022,0.6000000238418579,0.17494547367095947,0,2,0,0.12199335545301437,2,0,0.13350193202495575,2,0,0.1328623741865158,1,1,0.28447142243385315,0,0,0.32717007398605347
subject_14:sample_0000418,14,418,1,2,0,2,0,0.38785281777381897,0.05882713198661804,0.21150648593902588,0.6000000238418579,0.16898807883262634,0,2,0,0.12171280384063721,2,0,0.13405779004096985,2,0,0.13196952641010284,1,1,0.2853092551231384,0,0,0.3269496262073517
subject_14:sample_0000419,14,419,1,2,0,2,0,0.39122897386550903,0.06679719686508179,0.21178269386291504,0.6000000238418579,0.17688590288162231,0,2,0,0.1233416497707367,2,0,0.13519930839538574,2,0,0.13258080184459686,1,1,0.28412526845932007,0,0,0.3247520327568054
subject_14:sample_0000420,14,420,1,2,0,2,0,0.39592596888542175,0.08249881863594055,0.21199673414230347,0.6000000238418579,0.19060324132442474,0,2,0,0.12531568109989166,2,0,0.13709691166877747,2,0,0.13341040909290314,1,1,0.282094806432724,0,0,0.3220812678337097
subject_14:sample_0000421,14,421,1,2,0,2,0,0.40211328864097595,0.08892133831977844,0.21343040466308594,0.6000000238418579,0.19688089191913605,0,2,0,0.1279260814189911,2,0,0.14000055193901062,2,0,0.13409341871738434,1,1,0.27970603108406067,0,0,0.31827303767204285
subject_14:sample_0000422,14,422,1,2,0,2,0,0.40872493386268616,0.09406837821006775,0.21527397632598877,0.6000000238418579,0.2022811472415924,0,2,0,0.13124071061611176,2,0,0.142830491065979,2,0,0.13457129895687103,1,1,0.27702057361602783,0,0,0.3143359422683716
subject_14:sample_0000423,14,423,1,2,0,2,0,0.41834619641304016,0.11034783720970154,0.21749985218048096,0.6000000238418579,0.21573445200920105,0,2,0,0.13533508777618408,2,0,0.14639681577682495,2,0,0.136541485786438,1,1,0.27296173572540283,0,0,0.30876392126083374
subject_14:sample_0000424,14,424,1,2,0,2,0,0.4288390278816223,0.13391196727752686,0.2198861837387085,0.6000000238418579,0.23286482691764832,0,2,0,0.1396830677986145,2,0,0.1499127298593521,2,0,0.13917991518974304,1,1,0.26831144094467163,0,0,0.30291181802749634
subject_14:sample_0000425,14,425,1,2,0,2,0,0.4360729455947876,0.14930814504623413,0.22183024883270264,0.6000000238418579,0.24353110790252686,0,2,0,0.14246605336666107,2,0,0.15233220160007477,2,0,0.14122366905212402,1,1,0.2652621567249298,0,0,0.2987149953842163
subject_14:sample_0000426,14,426,1,2,0,2,0,0.44362086057662964,0.14999985694885254,0.22474312782287598,0.6000000238418579,0.24637487530708313,0,2,0,0.1452084183692932,2,0,0.1541498601436615,2,0,0.14422185719013214,1,1,0.2620644271373749,0,0,0.29435449838638306
subject_14:sample_0000427,14,427,1,2,0,2,0,0.44811534881591797,0.1413261890411377,0.22800272703170776,0.6000000238418579,0.24351035058498383,0,2,0,0.1469888836145401,2,0,0.15461841225624084,2,0,0.1464775651693344,1,1,0.2603483200073242,0,0,0.291565865278244
subject_14:sample_0000428,14,428,1,2,0,2,0,0.4517168402671814,0.13268467783927917,0.2320287823677063,0.6000000238418579,0.240478515625,0,2,0,0.1483088880777359,2,0,0.15447847545146942,2,0,0.14890456199645996,1,1,0.2588397264480591,0,0,0.28946739435195923
subject_14:sample_0000429,14,429,1,2,0,2,0,0.45312923192977905,0.13670751452445984,0.2319222092628479,0.6000000238418579,0.2431003600358963,0,2,0,0.14844994246959686,2,0,0.1542191356420517,2,0,0.15044456720352173,1,1,0.2589953541755676,0,0,0.2878899872303009
subject_14:sample_0000430,14,430,1,2,0,2,0,0.45661795139312744,0.13743829727172852,0.23422688245773315,0.6000000238418579,0.24496224522590637,0,2,0,0.14858098328113556,2,0,0.15596595406532288,2,0,0.15206560492515564,1,1,0.25800609588623047,0,0,0.28538045287132263
subject_14:sample_0000431,14,431,1,2,0,2,0,0.4624309539794922,0.14101457595825195,0.23789888620376587,0.6000000238418579,0.24940268695354462,0,2,0,0.1490572988986969,2,0,0.15912580490112305,2,0,0.15425455570220947,1,1,0.255556583404541,0,0,0.28200480341911316
subject_14:sample_0000432,14,432,1,2,0,2,0,0.4699363708496094,0.13423776626586914,0.24719220399856567,0.6000000238418579,0.24983280897140503,0,2,0,0.1498589813709259,2,0,0.16277261078357697,2,0,0.15732881426811218,1,1,0.2522602677345276,0,0,0.27777838706970215
subject_14:sample_0000433,14,433,1,2,0,2,0,0.477958619594574,0.13058710098266602,0.25793319940567017,0.6000000238418579,0.2525026202201843,0,2,0,0.15032094717025757,2,0,0.16745980083942413,2,0,0.1602269560098648,1,1,0.2485591024160385,0,0,0.273432195186615
subject_14:sample_0000434,14,434,1,2,0,2,0,0.48690590262413025,0.12436479330062866,0.2737147808074951,0.6000000238418579,0.25496482849121094,0,2,0,0.15031680464744568,2,0,0.17367024719715118,2,0,0.16300909221172333,1,1,0.24408482015132904,0,0,0.26891806721687317
subject_14:sample_0000435,14,435,1,2,0,2,0,0.4968233108520508,0.11638274788856506,0.29610878229141235,0.6000000238418579,0.25773927569389343,0,2,0,0.14979349076747894,2,0,0.18199217319488525,2,0,0.16521160304546356,1,1,0.2388458400964737,1,1,0.26415592432022095
subject_14:sample_0000436,14,436,1,2,0,2,0,0.504055380821228,0.09946835041046143,0.3271734118461609,0.6000000238418579,0.2540857791900635,0,2,0,0.1495499610900879,2,0,0.1881517618894577,2,0,0.16664870083332062,1,1,0.23480603098869324,1,1,0.26084262132644653
subject_14:sample_0000437,14,437,1,2,0,2,0,0.5109676122665405,0.08873772621154785,0.3578495383262634,0.6000000238418579,0.25316327810287476,0,2,0,0.14896880090236664,2,0,0.19551146030426025,2,0,0.16706278920173645,1,1,0.23090951144695282,1,1,0.25754648447036743
subject_14:sample_0000438,14,438,1,2,0,2,0,0.5166304707527161,0.08295118808746338,0.3835052251815796,0.6000000238418579,0.2542482316493988,0,2,0,0.14799396693706512,2,0,0.203728586435318,2,0,0.16621601581573486,1,1,0.22742082178592682,1,1,0.2546396255493164
subject_14:sample_0000439,14,439,1,2,0,2,0,0.5195977687835693,0.08037763833999634,0.3978966474533081,0.6000000238418579,0.25518643856048584,0,2,0,0.14665549993515015,2,0,0.21288777887821198,2,0,0.16412921249866486,1,1,0.22439396381378174,1,1,0.2519325613975525
subject_14:sample_0000440,14,440,1,2,0,2,0,0.507899284362793,0.04791092872619629,0.4133639335632324,0.6000000238418579,0.21586467325687408,0,2,0,0.14504480361938477,2,0,0.22245962917804718,2,0,0.1608228236436844,1,1,0.22161483764648438,1,1,0.2500569522380829
subject_14:sample_0000441,14,441,1,1,1,1,1,0.518198549747467,0.05857601761817932,0.4346882700920105,0.4000000059604645,0.2363004982471466,0,2,0,0.14391374588012695,2,0,0.22944758832454681,2,0,0.1573897898197174,1,1,0.2193685621023178,1,1,0.249879390001297
subject_14:sample_0000442,14,442,1,1,1,1,1,0.5711736679077148,0.15777477622032166,0.45864003896713257,0.4000000059604645,0.3457476496696472,0,2,0,0.14298774302005768,2,0,0.23314377665519714,2,0,0.15382811427116394,1,1,0.21900084614753723,1,1,0.2510385513305664
subject_14:sample_0000443,14,443,1,1,1,1,1,0.6346376538276672,0.27992022037506104,0.49112468957901,0.6000000238418579,0.44352418184280396,0,2,0,0.14253565669059753,1,1,0.23729363083839417,2,0,0.1509590446949005,1,1,0.21780778467655182,1,1,0.25140294432640076
subject_14:sample_0000444,14,444,1,1,1,1,1,0.684474766254425,0.3754732012748718,0.5268641710281372,0.6000000238418579,0.5135053992271423,0,2,0,0.14215922355651855,1,1,0.24181126058101654,2,0,0.14803984761238098,1,1,0.21660931408405304,1,1,0.25137943029403687
subject_14:sample_0000445,14,445,1,1,1,1,1,0.7024013996124268,0.4088267982006073,0.5450575351715088,0.6000000238418579,0.5389175415039062,0,2,0,0.14232325553894043,1,1,0.24566739797592163,2,0,0.14526401460170746,1,1,0.21546253561973572,1,1,0.25128185749053955
subject_14:sample_0000446,14,446,1,1,1,1,1,0.7090709805488586,0.42097732424736023,0.553192675113678,0.6000000238418579,0.5486241579055786,0,2,0,0.1426728367805481,1,1,0.2480640411376953,2,0,0.1423429250717163,1,1,0.21514032781124115,1,1,0.2517789602279663
subject_14:sample_0000447,14,447,1,1,1,1,1,0.7149779200553894,0.43210282921791077,0.5594868659973145,0.6000000238418579,0.5570445656776428,0,2,0,0.1420358121395111,1,1,0.25042855739593506,2,0,0.1388467401266098,1,1,0.21541358530521393,1,1,0.2532743811607361
subject_14:sample_0000448,14,448,1,1,1,1,1,0.7193015813827515,0.4403109550476074,0.5640201568603516,0.6000000238418579,0.5631901025772095,0,2,0,0.1415904015302658,1,1,0.2522568702697754,2,0,0.13594026863574982,1,1,0.2156461775302887,1,1,0.2545653283596039
subject_14:sample_0000449,14,449,1,1,1,1,1,0.7225240468978882,0.44651833176612854,0.5671439170837402,0.6000000238418579,0.5677123069763184,0,2,0,0.14134807884693146,1,1,0.2548058331012726,2,0,0.1337607353925705,1,1,0.21540677547454834,1,1,0.25467759370803833
subject_14:sample_0000450,14,450,1,1,1,1,1,0.7236298322677612,0.44851961731910706,0.5687375068664551,0.6000000238418579,0.5693813562393188,0,2,0,0.1416642814874649,1,1,0.2560933530330658,2,0,0.13280712068080902,1,1,0.2152489572763443,1,1,0.254185289144516
subject_14:sample_0000451,14,451,1,1,1,1,1,0.7238997220993042,0.4488449990749359,0.5697931051254272,0.6000000238418579,0.5699419975280762,0,2,0,0.14235852658748627,1,1,0.25661563873291016,2,0,0.13220135867595673,1,1,0.21518810093402863,1,1,0.2536354660987854
subject_14:sample_0000452,14,452,1,1,1,1,1,0.7229170799255371,0.44664880633354187,0.5700845718383789,0.6000000238418579,0.5688502788543701,0,2,0,0.14332200586795807,1,1,0.2557075321674347,2,0,0.13248614966869354,1,1,0.2151353359222412,1,1,0.2533480226993561
subject_14:sample_0000453,14,453,1,1,1,1,1,0.7221033573150635,0.4448337256908417,0.5703523755073547,0.6000000238418579,0.5679543614387512,0,2,0,0.14387550950050354,1,1,0.2545000910758972,2,0,0.13295230269432068,1,1,0.21553154289722443,1,1,0.2531396150588989
subject_14:sample_0000454,14,454,1,1,1,1,1,0.7211675643920898,0.44279709458351135,0.5704753398895264,0.6000000238418579,0.5668819546699524,0,2,0,0.14465536177158356,1,1,0.2532801032066345,2,0,0.1332765519618988,1,1,0.2159183919429779,1,1,0.2528685927391052
subject_14:sample_0000455,14,455,1,1,1,1,1,0.7215511798858643,0.4434811770915985,0.5711432099342346,0.6000000238418579,0.5674954652786255,0,2,0,0.14499901235103607,1,1,0.2528015971183777,2,0,0.13263985514640808,1,1,0.2166951447725296,1,1,0.25286340713500977
subject_14:sample_0000456,14,456,1,1,1,1,1,0.7216824889183044,0.4436776041984558,0.5715661644935608,0.6000000238418579,0.567753791809082,0,2,0,0.14540418982505798,1,1,0.25209423899650574,2,0,0.13217668235301971,1,1,0.21759121119976044,1,1,0.2527327239513397
subject_14:sample_0000457,14,457,1,1,1,1,1,0.7217279672622681,0.44373729825019836,0.5717577338218689,0.6000000238418579,0.567854642868042,0,2,0,0.14608651399612427,1,1,0.2515062987804413,2,0,0.13150469958782196,1,1,0.21830454468727112,1,1,0.25259697437286377
subject_14:sample_0000458,14,458,1,1,1,1,1,0.7202420830726624,0.44074931740760803,0.5708237886428833,0.6000000238418579,0.5658796429634094,0,2,0,0.14729245007038116,1,1,0.25045549869537354,2,0,0.13182976841926575,1,1,0.21853595972061157,1,1,0.25188538432121277
subject_14:sample_0000459,14,459,1,1,1,1,1,0.7189434170722961,0.43813198804855347,0.5700457096099854,0.6000000238418579,0.5641610622406006,0,2,0,0.1484166532754898,1,1,0.249145969748497,2,0,0.13203956186771393,1,1,0.21891941130161285,1,1,0.25147745013237
subject_14:sample_0000460,14,460,1,1,1,1,1,0.7176693677902222,0.4355681538581848,0.5692691802978516,0.6000000238418579,0.562470018863678,0,2,0,0.14922967553138733,1,1,0.2479858547449112,2,0,0.1325269341468811,1,1,0.21930834650993347,1,1,0.2509482502937317
subject_14:sample_0000461,14,461,1,1,1,1,1,0.7160990238189697,0.4324241280555725,0.568233847618103,0.6000000238418579,0.5603637099266052,0,2,0,0.14984166622161865,1,1,0.24701173603534698,2,0,0.13350646197795868,1,1,0.2193535566329956,1,1,0.25028562545776367
subject_14:sample_0000462,14,462,1,1,1,1,1,0.7151404023170471,0.43050873279571533,0.5675851106643677,0.6000000238418579,0.5590724349021912,0,2,0,0.14997385442256927,1,1,0.24646258354187012,2,0,0.13434214890003204,1,1,0.21928556263446808,1,1,0.2499348372220993
subject_14:sample_0000463,14,463,1,1,1,1,1,0.7126396894454956,0.4255102872848511,0.5659173727035522,0.6000000238418579,0.5557050704956055,0,2,0,0.15062837302684784,1,1,0.2453586608171463,2,0,0.1362116038799286,1,1,0.21892498433589935,1,1,0.24887539446353912
subject_14:sample_0000464,14,464,1,1,1,1,1,0.7112213373184204,0.42266958951950073,0.5650129318237305,0.6000000238418579,0.5538023114204407,0,2,0,0.15060225129127502,1,1,0.24490225315093994,2,0,0.13766127824783325,1,1,0.21841275691986084,1,1,0.24842050671577454
subject_14:sample_0000465,14,465,1,1,1,1,1,0.7097121477127075,0.41964831948280334,0.5640509128570557,0.6000000238418579,0.5517749786376953,0,2,0,0.15066790580749512,1,1,0.24439990520477295,2,0,0.13911186158657074,1,1,0.21773874759674072,1,1,0.24808061122894287
subject_14:sample_0000466,14,466,1,1,1,1,1,0.7093319892883301,0.4188944101333618,0.5637713670730591,0.6000000238418579,0.5512548089027405,0,2,0,0.15077196061611176,1,1,0.24446283280849457,2,0,0.1393907517194748,1,1,0.21722647547721863,1,1,0.24814695119857788
subject_14:sample_0000467,14,467,1,1,1,1,1,0.7081509828567505,0.4165421724319458,0.5629602670669556,0.6000000238418579,0.5496516227722168,0,2,0,0.1515209823846817,1,1,0.24449248611927032,2,0,0.13984444737434387,1,1,0.21609164774417877,1,1,0.24804939329624176
subject_14:sample_0000468,14,468,1,1,1,1,1,0.707007110118866,0.41426384449005127,0.5621802806854248,0.6000000238418579,0.5480987429618835,0,2,0,0.1520022302865982,1,1,0.24442711472511292,2,0,0.14051838219165802,1,1,0.21522392332553864,1,1,0.24782735109329224
subject_14:sample_0000469,14,469,1,1,1,1,1,0.8340530395507812,0.6884199380874634,0.6313025951385498,0.800000011920929,0.7130087614059448,1,1,1,0.1808590590953827,1,1,0.21882405877113342,1,1,0.19576634466648102,1,1,0.26165345311164856,2,0,0.1428961455821991
subject_14:sample_0000470,14,470,1,1,1,1,1,0.8312467932701111,0.6829532384872437,0.6275839805603027,0.800000011920929,0.7089205980300903,1,1,1,0.18013344705104828,1,1,0.21804194152355194,1,1,0.19537287950515747,1,1,0.26064470410346985,2,0,0.14580611884593964
subject_14:sample_0000471,14,471,1,1,1,1,1,0.8235597014427185,0.6675871014595032,0.6181824207305908,0.800000011920929,0.6978679299354553,0,1,1,0.1784117966890335,1,1,0.21561914682388306,1,1,0.1940312385559082,1,1,0.2580529451370239,2,0,0.1538839042186737
subject_14:sample_0000472,14,472,1,1,1,1,1,0.8132064342498779,0.6469523906707764,0.6059380769729614,0.800000011920929,0.6831254363059998,0,1,1,0.1760011613368988,1,1,0.21240408718585968,1,1,0.19207192957401276,1,1,0.2549402713775635,2,0,0.16458162665367126
subject_14:sample_0000473,14,473,1,1,1,1,1,0.7991853356361389,0.6194401383399963,0.5895617008209229,0.800000011920929,0.6633234620094299,0,1,1,0.17225952446460724,1,1,0.20893217623233795,1,1,0.18907500803470612,1,1,0.2510516941547394,2,0,0.1786806583404541
subject_14:sample_0000474,14,474,1,1,1,1,1,0.7870975136756897,0.5953952074050903,0.5766974687576294,0.800000011920929,0.6465378403663635,0,1,1,0.16872568428516388,1,1,0.20545950531959534,1,1,0.18619558215141296,1,1,0.24660582840442657,2,0,0.19301243126392365
subject_14:sample_0000475,14,475,1,1,1,1,1,0.7965788841247559,0.6144676208496094,0.5863974094390869,0.800000011920929,0.6596394777297974,0,1,1,0.16539320349693298,1,1,0.20240665972232819,1,1,0.1834789216518402,1,1,0.2426569014787674,2,0,0.206063374876976
subject_14:sample_0000476,14,476,1,1,1,1,1,0.8908329010009766,0.8030411005020142,0.7123309969902039,1.0,0.7987397909164429,1,1,1,0.16290077567100525,1,1,0.20033124089241028,1,1,0.18150439858436584,1,1,0.23927995562553406,1,1,0.21598266065120697
subject_14:sample_0000477,14,477,1,1,1,1,1,0.9603531360626221,0.9389966726303101,0.8599083423614502,1.0,0.9187183380126953,1,1,1,0.160813108086586,1,1,0.1978258490562439,1,1,0.1797982007265091,1,1,0.2374410331249237,1,1,0.2241208553314209
subject_14:sample_0000478,14,478,1,1,1,1,1,0.9745147228240967,0.9533094763755798,0.9060585498809814,1.0,0.944190263748169,1,1,1,0.1592755913734436,1,1,0.19607996940612793,1,1,0.1784449964761734,1,1,0.23603500425815582,1,1,0.23016351461410522
subject_14:sample_0000479,14,479,1,1,1,1,1,0.9772193431854248,0.9563804268836975,0.9168124198913574,1.0,0.9498048424720764,1,1,1,0.15839287638664246,1,1,0.19520847499370575,1,1,0.1773894876241684,1,1,0.23498179018497467,1,1,0.23402640223503113
subject_14:sample_0000480,14,480,1,1,1,1,1,0.9781827926635742,0.9577397704124451,0.9205294847488403,1.0,0.9518497586250305,1,1,1,0.15787796676158905,1,1,0.19494634866714478,1,1,0.176764577627182,1,1,0.23441681265830994,1,1,0.23599335551261902
subject_14:sample_0000481,14,481,1,1,1,1,1,0.978797197341919,0.9587638974189758,0.9226565361022949,1.0,0.9531212449073792,1,1,1,0.15780343115329742,1,1,0.1953335404396057,1,1,0.17650249600410461,1,1,0.23403005301952362,1,1,0.236329585313797
subject_14:sample_0000482,14,482,1,1,1,1,1,0.9791432619094849,0.9593515396118164,0.9238458871841431,1.0,0.9538377523422241,1,1,1,0.1576905995607376,1,1,0.1961233913898468,1,1,0.1765444427728653,1,1,0.23437786102294922,1,1,0.23526276648044586
subject_14:sample_0000483,14,483,1,1,1,1,1,0.9794238209724426,0.9598396420478821,0.9247920513153076,1.0,0.9544161558151245,1,1,1,0.15764766931533813,1,1,0.1976694017648697,1,1,0.1767234206199646,1,1,0.23414495587348938,1,1,0.23381361365318298
subject_14:sample_0000484,14,484,1,1,1,1,1,0.979496419429779,0.9599279165267944,0.92512047290802,1.0,0.9545819759368896,1,1,1,0.15755487978458405,1,1,0.1989404261112213,1,1,0.1768054962158203,1,1,0.23401930928230286,1,1,0.23267893493175507
subject_14:sample_0000485,14,485,1,1,1,1,1,0.9795669317245483,0.9600081443786621,0.9254544973373413,1.0,0.9547464847564697,1,1,1,0.15754175186157227,1,1,0.2003771960735321,1,1,0.17693252861499786,1,1,0.23387902975082397,1,1,0.2312684804201126
subject_14:sample_0000486,14,486,1,1,1,1,1,0.9795461297035217,0.9599138498306274,0.9255143404006958,1.0,0.9547289609909058,1,1,1,0.15744586288928986,1,1,0.20197129249572754,1,1,0.1770276576280594,1,1,0.23357251286506653,1,1,0.22998173534870148
subject_14:sample_0000487,14,487,1,1,1,1,1,0.9794806241989136,0.9597289562225342,0.9254544973373413,1.0,0.9546257853507996,1,1,1,0.15721191465854645,1,1,0.20356795191764832,1,1,0.17711672186851501,1,1,0.23385976254940033,1,1,0.22824271023273468
subject_14:sample_0000488,14,488,1,1,1,1,1,0.9795138835906982,0.9597527384757996,0.925648033618927,1.0,0.9547110199928284,1,1,1,0.1569836288690567,1,1,0.2048625499010086,1,1,0.17711707949638367,1,1,0.23434852063655853,1,1,0.2266872525215149
subject_14:sample_0000489,14,489,1,1,1,1,1,0.9795091152191162,0.9597127437591553,0.9257078170776367,1.0,0.9547168016433716,1,1,1,0.15673770010471344,1,1,0.2058451622724533,1,1,0.1770845502614975,1,1,0.23476183414459229,1,1,0.22556975483894348
subject_14:sample_0000490,14,490,1,1,1,1,1,0.9794228076934814,0.9595139622688293,0.9255273342132568,1.0,0.9545607566833496,1,1,1,0.15645714104175568,1,1,0.20640741288661957,1,1,0.17698605358600616,1,1,0.23516982793807983,1,1,0.22497870028018951
subject_14:sample_0000491,14,491,1,1,1,1,1,0.979304313659668,0.959256649017334,0.9252455234527588,1.0,0.9543401002883911,1,1,1,0.15615107119083405,1,1,0.20691737532615662,1,1,0.17690621316432953,1,1,0.23537278175354004,1,1,0.2246515452861786
subject_14:sample_0000492,14,492,1,1,1,1,1,0.9793063402175903,0.9592393636703491,0.9253040552139282,1.0,0.9543551206588745,1,1,1,0.15598413348197937,1,1,0.20669788122177124,1,1,0.1768927276134491,1,1,0.23627841472625732,1,1,0.2241458147764206
subject_14:sample_0000493,14,493,1,1,1,1,1,0.9792363047599792,0.9590818881988525,0.9251513481140137,1.0,0.9542276263237,1,1,1,0.15577803552150726,1,1,0.2064107209444046,1,1,0.17689809203147888,1,1,0.2373734712600708,1,1,0.22353863716125488
subject_14:sample_0000494,14,494,1,1,1,1,1,0.9790183305740356,0.9586343169212341,0.9245699644088745,1.0,0.9538084864616394,1,1,1,0.1554088294506073,1,1,0.20536386966705322,1,1,0.17685428261756897,1,1,0.23882676661014557,1,1,0.22354532778263092
subject_14:sample_0000495,14,495,1,1,1,1,1,0.9788194894790649,0.9582282900810242,0.9240366816520691,1.0,0.9534258842468262,1,1,1,0.15511436760425568,1,1,0.2039870023727417,1,1,0.17677459120750427,1,1,0.2406608611345291,1,1,0.2234622836112976
subject_14:sample_0000496,14,496,1,1,1,1,1,0.9785979390144348,0.957772433757782,0.9234529733657837,1.0,0.9530019760131836,1,1,1,0.15473602712154388,1,1,0.20258672535419464,1,1,0.17662182450294495,1,1,0.2426300346851349,1,1,0.22342446446418762
subject_14:sample_0000497,14,497,1,1,1,1,1,0.9784587025642395,0.9574881792068481,0.923081636428833,1.0,0.9527347087860107,1,1,1,0.15447208285331726,1,1,0.20110800862312317,1,1,0.17626705765724182,1,1,0.24469782412052155,1,1,0.22345411777496338
subject_14:sample_0000498,14,498,1,1,1,1,1,0.9784165620803833,0.9574027061462402,0.9229675531387329,1.0,0.9526534676551819,1,1,1,0.15427373349666595,1,1,0.19971853494644165,1,1,0.17585867643356323,1,1,0.24658498167991638,1,1,0.22356316447257996
subject_14:sample_0000499,14,499,1,1,1,1,1,0.9784159660339355,0.9574023485183716,0.9229640364646912,1.0,0.9526520371437073,1,1,1,0.15429528057575226,1,1,0.19818904995918274,1,1,0.17556047439575195,1,1,0.2477710098028183,1,1,0.22418318688869476
subject_14:sample_0000500,14,500,1,1,1,1,1,0.9783735275268555,0.9573195576667786,0.9228407144546509,1.0,0.9525682926177979,1,1,1,0.15416298806667328,1,1,0.19708514213562012,1,1,0.1750769019126892,1,1,0.24870282411575317,1,1,0.2249712347984314
subject_14:sample_0000501,14,501,1,1,1,1,1,0.9783691763877869,0.9573171138763428,0.9228128790855408,1.0,0.9525565505027771,1,1,1,0.1542447805404663,1,1,0.19599184393882751,1,1,0.17459993064403534,1,1,0.24909339845180511,1,1,0.22606903314590454
subject_14:sample_0000502,14,502,1,1,1,1,1,0.9782876968383789,0.9571605324745178,0.9225707650184631,1.0,0.9523947238922119,1,1,1,0.15419985353946686,1,1,0.1948203444480896,1,1,0.17410558462142944,1,1,0.24964553117752075,1,1,0.22722768783569336
subject_14:sample_0000503,14,503,1,1,1,1,1,0.9781392216682434,0.956870973110199,0.9221413135528564,1.0,0.9521028399467468,1,1,1,0.1541183739900589,1,1,0.19363945722579956,1,1,0.17352883517742157,1,1,0.25067850947380066,1,1,0.2280338555574417
subject_14:sample_0000504,14,504,1,1,1,1,1,0.977989912033081,0.9565832614898682,0.9217012524604797,1.0,0.9518074989318848,1,1,1,0.15398238599300385,1,1,0.19219239056110382,1,1,0.17299984395503998,1,1,0.25168725848197937,1,1,0.2291371375322342
subject_14:sample_0000505,14,505,1,1,1,1,1,0.9778099060058594,0.9562304019927979,0.9211874008178711,1.0,0.9514551758766174,1,1,1,0.15371258556842804,1,1,0.19084279239177704,1,1,0.17231225967407227,1,1,0.25312304496765137,1,1,0.2300083041191101
subject_14:sample_0000506,14,506,1,1,1,1,1,0.9775952100753784,0.9558090567588806,0.9205771684646606,1.0,0.9510356783866882,1,1,1,0.1533759981393814,1,1,0.1896829903125763,1,1,0.17162801325321198,1,1,0.25429242849349976,1,1,0.23101960122585297
subject_14:sample_0000507,14,507,1,1,1,1,1,0.9774119853973389,0.9554429054260254,0.9200747013092041,1.0,0.9506816864013672,1,1,1,0.15307433903217316,1,1,0.1887480467557907,1,1,0.17102469503879547,1,1,0.2552052140235901,1,1,0.23194670677185059
subject_14:sample_0000508,14,508,1,1,1,1,1,0.9772635698318481,0.9551492929458618,0.9196603894233704,1.0,0.950393557548523,1,1,1,0.15288043022155762,1,1,0.18774135410785675,1,1,0.17053699493408203,1,1,0.2560613751411438,1,1,0.2327789068222046
subject_14:sample_0000509,14,509,1,1,1,1,1,0.9771946668624878,0.9550160765647888,0.9194608926773071,1.0,0.9502583146095276,1,1,1,0.1529363989830017,1,1,0.18731547892093658,1,1,0.1703469455242157,1,1,0.25605812668800354,1,1,0.23334212601184845
subject_14:sample_0000510,14,510,1,1,1,1,1,0.9771769642829895,0.9549822807312012,0.9194082021713257,1.0,0.9502232074737549,1,1,1,0.1531260907649994,1,1,0.1871381402015686,1,1,0.17030028998851776,1,1,0.25570520758628845,1,1,0.2337293177843094
subject_14:sample_0000511,14,511,2,2,1,2,1,0.5433831214904785,0.0870198905467987,0.5010823011398315,0.6000000238418579,0.2872177064418793,0,2,1,0.18508125841617584,2,1,0.15060722827911377,2,1,0.20791155099868774,3,0,0.23065245151519775,3,0,0.22574646770954132
subject_14:sample_0000512,14,512,2,1,0,1,0,0.9251797795295715,0.8582000136375427,0.7869472503662109,1.0,0.8549094200134277,1,1,0,0.19907048344612122,1,0,0.21590356528759003,1,0,0.1937057077884674,1,0,0.1840820014476776,1,0,0.20723731815814972
subject_14:sample_0000513,14,513,2,1,0,1,0,0.9184634685516357,0.845261812210083,0.7736378908157349,1.0,0.8437173366546631,1,1,0,0.19899500906467438,1,0,0.21561720967292786,1,0,0.19329871237277985,1,0,0.1844826191663742,1,0,0.2076055258512497
subject_14:sample_0000514,14,514,2,1,0,1,0,0.9121044874191284,0.8326255679130554,0.7621414661407471,1.0,0.8333804607391357,1,1,0,0.1993625909090042,1,0,0.21480312943458557,1,0,0.19255688786506653,1,0,0.18502897024154663,1,0,0.20824745297431946
subject_14:sample_0000515,14,515,2,1,0,1,0,0.9096858501434326,0.8277135491371155,0.7580536603927612,1.0,0.8295141458511353,1,1,0,0.19968830049037933,1,0,0.21414773166179657,1,0,0.19206427037715912,1,0,0.18543961644172668,1,0,0.20865915715694427
subject_14:sample_0000516,14,516,2,1,0,1,0,0.9083006978034973,0.8245652914047241,0.7563344240188599,1.0,0.8274140357971191,1,1,0,0.1999947428703308,1,0,0.21356570720672607,1,0,0.19179773330688477,1,0,0.18567048013210297,1,0,0.20897042751312256
subject_14:sample_0000517,14,517,2,1,0,1,0,0.9107137322425842,0.8289377689361572,0.7613061666488647,1.0,0.8314211368560791,1,1,0,0.2003202736377716,1,0,0.213221937417984,1,0,0.19165576994419098,1,0,0.18574728071689606,1,0,0.20905381441116333
subject_14:sample_0000518,14,518,2,1,0,1,0,0.9177737236022949,0.8427302241325378,0.7743822932243347,1.0,0.8429332375526428,1,1,0,0.20076803863048553,1,0,0.2127469778060913,1,0,0.19160649180412292,1,0,0.18585056066513062,1,0,0.2090269923210144
subject_14:sample_0000519,14,519,2,1,0,1,0,0.9173353910446167,0.8418617248535156,0.7735232710838318,1.0,0.8421977758407593,1,1,0,0.2008845955133438,1,0,0.21267086267471313,1,0,0.19151179492473602,1,0,0.185919389128685,1,0,0.20901241898536682
subject_14:sample_0000520,14,520,2,1,0,1,0,0.9060139060020447,0.819337010383606,0.753486156463623,1.0,0.8239311575889587,1,1,0,0.2007521688938141,1,0,0.21273700892925262,1,0,0.19111518561840057,1,0,0.18607601523399353,1,0,0.209318608045578
subject_14:sample_0000521,14,521,2,1,0,1,0,0.8933687806129456,0.7940458059310913,0.7327557802200317,1.0,0.8040416240692139,1,1,0,0.20072685182094574,1,0,0.21276074647903442,1,0,0.19052748382091522,1,0,0.18624237179756165,1,0,0.20974159240722656
subject_14:sample_0000522,14,522,2,1,0,1,0,0.8967462778091431,0.8006350994110107,0.738451361656189,1.0,0.8093605041503906,1,1,0,0.2009047567844391,1,0,0.21265360713005066,1,0,0.1902378350496292,1,0,0.18631666898727417,1,0,0.2098861187696457
subject_14:sample_0000523,14,523,2,1,0,1,0,0.9082986116409302,0.8236863017082214,0.7577059864997864,1.0,0.8276188969612122,1,1,0,0.20130020380020142,1,0,0.21225202083587646,1,0,0.1900256872177124,1,0,0.18646441400051117,1,0,0.20995670557022095
subject_14:sample_0000524,14,524,2,1,0,1,0,0.9279663562774658,0.8630514740943909,0.7932345271110535,1.0,0.859653651714325,1,1,0,0.2019079327583313,1,0,0.2114458531141281,1,0,0.19034124910831451,1,0,0.18659378588199615,1,0,0.20971021056175232
subject_14:sample_0000525,14,525,2,1,0,1,0,0.9517450928688049,0.9103110432624817,0.8431298732757568,1.0,0.9006062746047974,1,1,0,0.2026582807302475,1,0,0.21064330637454987,1,0,0.190668985247612,1,0,0.18671226501464844,1,0,0.2093161791563034
subject_14:sample_0000526,14,526,2,1,0,1,0,0.9679063558578491,0.9424815773963928,0.8825814723968506,1.0,0.9302942752838135,1,1,0,0.20312318205833435,1,0,0.21009667217731476,1,0,0.19116483628749847,1,0,0.18679313361644745,1,0,0.20882125198841095
subject_14:sample_0000527,14,527,2,1,0,1,0,0.980146050453186,0.9665380120277405,0.9177050590515137,1.0,0.9544158577919006,1,1,0,0.20388762652873993,1,0,0.2095625251531601,1,0,0.19189316034317017,1,0,0.18660904467105865,1,0,0.20804667472839355
subject_14:sample_0000528,14,528,2,1,0,1,0,0.9869152307510376,0.979785144329071,0.9402241706848145,1.0,0.9687551856040955,1,1,0,0.20457494258880615,1,0,0.20920667052268982,1,0,0.1928718239068985,1,0,0.18628287315368652,1,0,0.20706278085708618
subject_14:sample_0000529,14,529,2,1,0,1,0,0.9901294708251953,0.9860226511955261,0.9523199200630188,1.0,0.97600919008255,1,1,0,0.2052534818649292,1,0,0.2088540643453598,1,0,0.19408725202083588,1,0,0.185936838388443,1,0,0.2058674693107605
subject_14:sample_0000530,14,530,2,1,0,1,0,0.9920265674591064,0.9890905618667603,0.9601835012435913,1.0,0.9803275465965271,1,1,0,0.20602884888648987,1,0,0.20831340551376343,1,0,0.1954001933336258,1,0,0.18569070100784302,1,0,0.20456580817699432
subject_14:sample_0000531,14,531,2,1,0,1,0,0.9930754899978638,0.9901511073112488,0.9648277759552002,1.0,0.9826024770736694,1,1,0,0.20682109892368317,1,0,0.20766468346118927,1,0,0.1966882348060608,1,0,0.18548209965229034,1,0,0.2033429592847824
subject_14:sample_0000532,14,532,2,1,0,1,0,0.9936366677284241,0.9907017350196838,0.9674188494682312,1.0,0.9838488101959229,1,1,0,0.20740792155265808,1,0,0.20719298720359802,1,0,0.19835133850574493,1,0,0.1851808726787567,1,0,0.2018660008907318
subject_14:sample_0000533,14,533,2,1,0,1,0,0.9940274953842163,0.9911631941795349,0.969241738319397,1.0,0.9847483038902283,1,1,0,0.20766489207744598,1,0,0.20677301287651062,1,0,0.20021668076515198,1,0,0.18486204743385315,1,0,0.2004823386669159
subject_14:sample_0000534,14,534,2,1,0,1,0,0.9944925308227539,0.9916949272155762,0.9714155793190002,1.0,0.9858137965202332,1,1,0,0.2081141471862793,1,0,0.20638829469680786,1,0,0.20225124061107635,1,0,0.1845092624425888,1,0,0.19873608648777008
subject_14:sample_0000535,14,535,2,1,0,1,0,0.9947953820228577,0.992034375667572,0.9728551506996155,1.0,0.9865131378173828,1,1,0,0.20854228734970093,1,0,0.20612414181232452,1,0,0.2039933055639267,1,0,0.18428215384483337,1,0,0.19705714285373688
subject_14:sample_0000536,14,536,2,1,0,1,0,0.995073676109314,0.9923542737960815,0.9741888046264648,1.0,0.9871619343757629,1,1,0,0.2088523805141449,1,0,0.20572836697101593,1,0,0.2056158185005188,1,0,0.18416866660118103,1,0,0.19563382863998413
subject_14:sample_0000537,14,537,2,1,0,1,0,0.9952940940856934,0.9926406741142273,0.9752370119094849,1.0,0.9876836538314819,1,1,0,0.2087446004152298,1,0,0.2052495777606964,1,0,0.2077406644821167,1,0,0.18386219441890717,1,0,0.1944020837545395
subject_14:sample_0000538,14,538,2,1,0,1,0,0.9955005645751953,0.992929220199585,0.9762250185012817,1.0,0.9881811738014221,1,1,0,0.20840469002723694,1,0,0.20492075383663177,1,0,0.20970405638217926,1,0,0.18363052606582642,1,0,0.1933390200138092
subject_14:sample_0000539,14,539,2,1,0,1,0,0.9957023859024048,0.9932447671890259,0.9771808981895447,1.0,0.988675057888031,1,1,0,0.20799919962882996,1,0,0.20457860827445984,1,0,0.21160943806171417,1,0,0.18344086408615112,1,0,0.19237087666988373
subject_14:sample_0000540,14,540,2,1,0,1,0,0.9958555698394775,0.9934780597686768,0.9779127836227417,1.0,0.9890500903129578,1,1,0,0.20758534967899323,1,0,0.20429010689258575,1,0,0.21325846016407013,1,0,0.1832072138786316,1,0,0.19165794551372528
subject_14:sample_0000541,14,541,2,1,0,1,0,0.9959643483161926,0.9936510920524597,0.9784292578697205,1.0,0.9893175959587097,1,1,0,0.20714804530143738,1,0,0.20407086610794067,1,0,0.21473366022109985,1,0,0.18299126625061035,1,0,0.19105522334575653
subject_14:sample_0000542,14,542,2,1,0,1,0,0.9960459470748901,0.9937519431114197,0.9788344502449036,1.0,0.9895145893096924,1,1,0,0.20687559247016907,1,0,0.20396581292152405,1,0,0.21567298471927643,1,0,0.18288671970367432,1,0,0.19059790670871735
subject_14:sample_0000543,14,543,2,1,0,1,0,0.9960901737213135,0.9937869310379028,0.9790633916854858,1.0,0.9896179437637329,1,1,0,0.2066536545753479,1,0,0.20388655364513397,1,0,0.2165912538766861,1,0,0.18273679912090302,1,0,0.19013074040412903
subject_14:sample_0000544,14,544,2,1,0,1,0,0.9961466789245605,0.9938693046569824,0.979334831237793,1.0,0.9897555112838745,1,1,0,0.20627279579639435,1,0,0.20375150442123413,1,0,0.2177380621433258,1,0,0.1825036257505417,1,0,0.1897331029176712
subject_14:sample_0000545,14,545,2,1,0,1,0,0.9961895942687988,0.9939426779747009,0.9795339703559875,1.0,0.9898611307144165,1,1,0,0.2059021145105362,1,0,0.20354612171649933,1,0,0.21889886260032654,1,0,0.1822432428598404,1,0,0.18940867483615875
subject_14:sample_0000546,14,546,2,1,0,1,0,0.9962034225463867,0.9939568042755127,0.9796014428138733,1.0,0.9898931384086609,1,1,0,0.20559246838092804,1,0,0.2033592015504837,1,0,0.21993717551231384,1,0,0.18197175860404968,1,0,0.1891384869813919
subject_14:sample_0000547,14,547,2,1,0,1,0,0.9962378144264221,0.9940369725227356,0.9797500371932983,1.0,0.9899812340736389,1,1,0,0.20515164732933044,1,0,0.2031240016222,1,0,0.22102364897727966,1,0,0.18175671994686127,1,0,0.18894299864768982
subject_14:sample_0000548,14,548,2,1,0,1,0,0.9962778091430664,0.9940785765647888,0.9799558520317078,1.0,0.990077555179596,1,1,0,0.2047605812549591,1,0,0.20289824903011322,1,0,0.22171400487422943,1,0,0.18172717094421387,1,0,0.1888989955186844
subject_14:sample_0000549,14,549,2,1,0,1,0,0.9963179230690002,0.9941321015357971,0.9801618456840515,1.0,0.9901779890060425,1,1,0,0.20438510179519653,1,0,0.2028399258852005,1,0,0.22174349427223206,1,0,0.18194612860679626,1,0,0.18908439576625824
subject_14:sample_0000550,14,550,2,1,0,1,0,0.9963661432266235,0.9942020177841187,0.9804068803787231,1.0,0.990299642086029,1,1,0,0.2040439397096634,1,0,0.20276212692260742,1,0,0.22159534692764282,1,0,0.1822802722454071,1,0,0.18931743502616882
subject_14:sample_0000551,14,551,2,1,0,1,0,0.9964199662208557,0.9943315982818604,0.9806576371192932,1.0,0.9904450178146362,1,1,0,0.20344962179660797,1,0,0.20258770883083344,1,0,0.22127743065357208,1,0,0.18273480236530304,1,0,0.18994948267936707
subject_14:sample_0000552,14,552,2,1,0,1,0,0.9964653849601746,0.9944578409194946,0.9808713793754578,1.0,0.9905740022659302,1,1,0,0.20279797911643982,1,0,0.20244558155536652,1,0,0.22072483599185944,1,0,0.18335823714733124,1,0,0.19067248702049255
subject_14:sample_0000553,14,553,2,1,0,1,0,0.9964919686317444,0.9945774078369141,0.980994701385498,1.0,0.990664005279541,1,1,0,0.20211365818977356,1,0,0.20228774845600128,1,0,0.2200559824705124,1,0,0.18402846157550812,1,0,0.19151318073272705
subject_14:sample_0000554,14,554,2,1,0,1,0,0.9964607954025269,0.9946599006652832,0.9808407425880432,1.0,0.9906291365623474,1,1,0,0.20107147097587585,1,0,0.20170988142490387,1,0,0.21963763236999512,1,0,0.18467971682548523,1,0,0.19290031492710114
subject_14:sample_0000555,14,555,2,1,0,1,0,0.9963434338569641,0.994539201259613,0.980304479598999,1.0,0.9903696179389954,1,1,0,0.19983673095703125,1,0,0.20118016004562378,1,0,0.21935473382472992,1,0,0.18537238240242004,1,0,0.19425499439239502
subject_14:sample_0000556,14,556,2,1,0,1,0,0.9961338639259338,0.9939810633659363,0.9793970584869385,1.0,0.9898093938827515,1,1,0,0.19854730367660522,1,0,0.2001863420009613,1,0,0.21932898461818695,1,0,0.18608316779136658,1,0,0.19585318863391876
subject_14:sample_0000557,14,557,2,1,0,1,0,0.9957910776138306,0.9931646585464478,0.9779691696166992,1.0,0.9889436960220337,1,1,0,0.1972716599702835,1,0,0.19948267936706543,1,0,0.2190590500831604,1,0,0.18688035011291504,1,0,0.19730530679225922
subject_14:sample_0000558,14,558,2,1,0,1,0,0.995152473449707,0.9917522072792053,0.9753894209861755,1.0,0.9873936176300049,1,1,0,0.1960681676864624,1,0,0.1984616070985794,1,0,0.21902434527873993,1,0,0.1876862794160843,1,0,0.19875864684581757
subject_14:sample_0000559,14,559,2,1,0,1,0,0.9939185380935669,0.9891520738601685,0.9706200957298279,1.0,0.9845120906829834,1,1,0,0.1946210116147995,1,0,0.1974392831325531,1,0,0.219329833984375,1,0,0.18854409456253052,1,0,0.20006483793258667
subject_14:sample_0000560,14,560,2,1,0,1,0,0.991112232208252,0.9833933711051941,0.9605284929275513,1.0,0.9782581329345703,1,1,0,0.19290617108345032,1,0,0.19600027799606323,1,0,0.22003792226314545,1,0,0.18960367143154144,1,0,0.20145092904567719
subject_14:sample_0000561,14,561,2,1,0,1,0,0.9856680035591125,0.9723932147026062,0.942830502986908,1.0,0.9667972326278687,1,1,0,0.1914251446723938,1,0,0.1942417025566101,1,0,0.2206166684627533,1,0,0.19088003039360046,1,0,0.20283551514148712
subject_14:sample_0000562,14,562,2,1,0,1,0,0.9695492386817932,0.9400322437286377,0.8983868360519409,1.0,0.9355320334434509,1,1,0,0.18979686498641968,1,0,0.19165962934494019,1,0,0.22132201492786407,1,0,0.19255754351615906,1,0,0.2046629935503006
subject_14:sample_0000563,14,563,2,1,0,1,0,0.9329560995101929,0.8667182326316833,0.8191931247711182,1.0,0.8717162609100342,1,1,0,0.18816648423671722,1,0,0.18877871334552765,1,0,0.22212350368499756,1,0,0.19444406032562256,1,0,0.206486314535141
subject_14:sample_0000564,14,564,2,1,0,1,0,0.8742986917495728,0.7492743730545044,0.7239599227905273,1.0,0.779839277267456,1,1,0,0.18688513338565826,1,0,0.18604776263237,1,0,0.22278444468975067,1,0,0.196285679936409,1,0,0.20799598097801208
subject_14:sample_0000565,14,565,2,1,0,1,0,0.7714462280273438,0.5434269905090332,0.6093287467956543,0.800000011920929,0.6345017552375793,0,2,1,0.18489710986614227,1,0,0.1825316697359085,1,0,0.22410427033901215,1,0,0.19841687381267548,1,0,0.21004913747310638
subject_14:sample_0000566,14,566,2,1,0,1,0,0.6904827356338501,0.3814089894294739,0.5510927438735962,0.6000000238418579,0.5255202651023865,0,2,1,0.18291234970092773,2,1,0.17892144620418549,1,0,0.2253228724002838,1,0,0.20064230263233185,1,0,0.2122001200914383
subject_14:sample_0000567,14,567,2,1,0,1,0,0.6684767007827759,0.33735039830207825,0.5393822193145752,0.6000000238418579,0.49547451734542847,0,2,1,0.1818968504667282,2,1,0.17680557072162628,1,0,0.22593826055526733,1,0,0.20206022262573242,1,0,0.21329809725284576
subject_14:sample_0000568,14,568,2,1,0,1,0,0.6582716703414917,0.3169054687023163,0.5345643758773804,0.6000000238418579,0.4813322424888611,0,2,1,0.18066875636577606,2,1,0.17449292540550232,1,0,0.22646726667881012,1,0,0.2036178857088089,1,0,0.2147521823644638
subject_14:sample_0000569,14,569,2,1,0,1,0,0.6544097661972046,0.30915945768356323,0.5328786373138428,0.6000000238418579,0.4759414792060852,0,2,1,0.18036243319511414,2,1,0.17327600717544556,1,0,0.22604115307331085,1,0,0.20449407398700714,1,0,0.21582543849945068
subject_14:sample_0000570,14,570,2,1,0,1,0,0.6536677479743958,0.3076595962047577,0.532624363899231,0.6000000238418579,0.4749152958393097,0,2,1,0.17966113984584808,2,1,0.1716170608997345,1,0,0.2257130742073059,1,0,0.20557396113872528,1,0,0.21743375062942505
subject_14:sample_0000571,14,571,2,1,0,1,0,0.6548755168914795,0.31006842851638794,0.5332170724868774,0.6000000238418579,0.4766212999820709,0,2,1,0.1785912662744522,2,1,0.16959333419799805,1,0,0.22563232481479645,1,0,0.20670661330223083,1,0,0.21947546303272247
subject_14:sample_0000572,14,572,2,1,0,1,0,0.6578171849250793,0.3159511387348175,0.5345972776412964,0.6000000238418579,0.4807477593421936,0,2,1,0.17671296000480652,2,1,0.16734662652015686,1,0,0.2258780300617218,1,0,0.20828019082546234,1,0,0.22178125381469727
subject_14:sample_0000573,14,573,2,1,0,1,0,0.660882830619812,0.32208871841430664,0.5360285043716431,0.6000000238418579,0.4850233197212219,0,2,1,0.1748824417591095,2,1,0.16548535227775574,1,0,0.22630999982357025,1,0,0.2095969170331955,1,0,0.2237243503332138
subject_14:sample_0000574,14,574,2,1,0,1,0,0.6623684167861938,0.32505327463150024,0.5367832183837891,0.6000000238418579,0.4870995283126831,0,2,1,0.17424491047859192,2,1,0.16441559791564941,1,0,0.22703951597213745,1,0,0.21007385849952698,1,0,0.2242252230644226
subject_14:sample_0000575,14,575,3,0,0,2,0,0.6719618439674377,0.36254212260246277,0.4830426573753357,0.6000000238418579,0.4900377094745636,0,1,0,0.13920752704143524,1,0,0.1795937567949295,0,0,0.23449856042861938,0,0,0.22506682574748993,0,0,0.22163237631320953
subject_14:sample_0000576,14,576,3,0,0,2,0,0.6711599826812744,0.36235564947128296,0.4791918396949768,0.6000000238418579,0.48845377564430237,0,1,0,0.13877081871032715,1,0,0.1795516312122345,0,0,0.23436276614665985,0,0,0.22528475522994995,0,0,0.22202904522418976
subject_14:sample_0000577,14,577,3,0,0,2,0,0.6716081500053406,0.36367321014404297,0.478368878364563,0.6000000238418579,0.48887374997138977,0,1,0,0.13820557296276093,1,0,0.17942102253437042,0,0,0.23424400389194489,0,0,0.22547608613967896,0,0,0.22265242040157318
subject_14:sample_0000578,14,578,3,0,0,2,0,0.6690078973770142,0.3619018793106079,0.4690999388694763,0.6000000238418579,0.48427921533584595,0,1,0,0.1375453919172287,1,0,0.17961417138576508,0,0,0.2331717312335968,0,0,0.22615253925323486,0,0,0.22351522743701935
subject_14:sample_0000579,14,579,3,0,0,2,0,0.6657062768936157,0.35970017313957214,0.45794910192489624,0.6000000238418579,0.4786449670791626,0,1,0,0.1368299126625061,1,0,0.17958948016166687,0,0,0.23204953968524933,0,0,0.2268432080745697,0,0,0.22468695044517517
subject_14:sample_0000580,14,580,3,0,0,2,0,0.6614054441452026,0.35640454292297363,0.44529104232788086,0.6000000238418579,0.47172072529792786,0,1,0,0.13625992834568024,1,0,0.17940472066402435,0,0,0.23099525272846222,0,0,0.22741712629795074,0,0,0.225922092795372
subject_14:sample_0000581,14,581,3,0,0,2,0,0.6561129689216614,0.35219237208366394,0.43110722303390503,0.6000000238418579,0.4635692834854126,0,1,0,0.1357412040233612,1,0,0.17905615270137787,0,0,0.22998513281345367,0,0,0.22797368466854095,0,0,0.22724288702011108
subject_14:sample_0000582,14,582,3,0,0,2,0,0.6474355459213257,0.34316328167915344,0.413551390171051,0.6000000238418579,0.4512414038181305,0,1,0,0.13603314757347107,1,0,0.17899271845817566,0,0,0.22881798446178436,0,0,0.22826634347438812,0,0,0.2278888076543808
subject_14:sample_0000583,14,583,3,0,0,2,0,0.6420227289199829,0.3382784128189087,0.4020698666572571,0.6000000238418579,0.44365158677101135,0,1,0,0.13580825924873352,1,0,0.17875686287879944,0,0,0.22820903360843658,0,0,0.2283412516117096,0,0,0.22888365387916565
subject_14:sample_0000584,14,584,3,0,0,2,0,0.6394513845443726,0.33621588349342346,0.396500825881958,0.6000000238418579,0.4401053190231323,0,1,0,0.1355946958065033,1,0,0.1784999519586563,0,0,0.22771291434764862,0,0,0.22832493484020233,0,0,0.22986656427383423
subject_14:sample_0000585,14,585,3,0,0,2,0,0.6376363039016724,0.33407363295555115,0.39374595880508423,0.6000000238418579,0.4377341866493225,0,1,0,0.13576744496822357,1,0,0.1786024570465088,0,0,0.22694391012191772,0,0,0.22815151512622833,0,0,0.23053376376628876
subject_14:sample_0000586,14,586,3,0,0,2,0,0.6271517276763916,0.3216898739337921,0.37830519676208496,0.6000000238418579,0.4241805672645569,0,1,0,0.1367536336183548,1,0,0.17916251718997955,0,0,0.22606036067008972,0,0,0.22815784811973572,0,0,0.2298646867275238
subject_14:sample_0000587,14,587,3,0,0,2,0,0.621157705783844,0.3142777383327484,0.37076056003570557,0.6000000238418579,0.41674429178237915,0,1,0,0.1375194787979126,1,0,0.1795225888490677,0,0,0.22562962770462036,0,0,0.22803671658039093,0,0,0.22929060459136963
subject_14:sample_0000588,14,588,3,0,0,2,0,0.6017065048217773,0.2927040755748749,0.3442816734313965,0.6000000238418579,0.3928642272949219,0,1,0,0.13877442479133606,1,0,0.18009446561336517,0,0,0.22435185313224792,0,0,0.22804319858551025,0,0,0.2287350445985794
subject_14:sample_0000589,14,589,3,0,0,2,0,0.5508891344070435,0.23796820640563965,0.2866334319114685,0.4000000059604645,0.3349422812461853,0,1,0,0.14089609682559967,1,0,0.18163147568702698,2,0,0.22145986557006836,0,0,0.2285316288471222,0,0,0.2274799942970276
subject_14:sample_0000590,14,590,3,0,0,2,0,0.5053917169570923,0.18878069519996643,0.2492685317993164,0.4000000059604645,0.2875749170780182,0,1,0,0.14303559064865112,1,0,0.18323346972465515,2,0,0.21869026124477386,0,0,0.22897423803806305,0,0,0.22606541216373444
subject_14:sample_0000591,14,591,3,0,0,2,0,0.4754946827888489,0.15522462129592896,0.2315521240234375,0.4000000059604645,0.2575836777687073,0,1,0,0.14534209668636322,1,0,0.18497435748577118,2,0,0.2152787446975708,0,0,0.22970852255821228,0,0,0.2246953248977661
subject_14:sample_0000592,14,592,3,0,0,2,0,0.46132057905197144,0.13783255219459534,0.2258930802345276,0.4000000059604645,0.24308185279369354,0,1,0,0.1475936770439148,1,0,0.18679045140743256,2,0,0.2119768112897873,0,0,0.2302606701850891,0,0,0.22337743639945984
subject_14:sample_0000593,14,593,3,0,0,2,0,0.4557458758354187,0.13036471605300903,0.22425204515457153,0.4000000059604645,0.2370680719614029,0,1,0,0.14888910949230194,1,0,0.18814288079738617,2,0,0.20933471620082855,0,0,0.23092550039291382,0,0,0.22270675003528595
subject_14:sample_0000594,14,594,3,0,0,2,0,0.45305001735687256,0.12645882368087769,0.22431278228759766,0.4000000059604645,0.23423390090465546,0,1,0,0.1502421498298645,1,0,0.18916890025138855,2,0,0.20832426846027374,0,0,0.23076404631137848,0,0,0.22149969637393951
subject_14:sample_0000595,14,595,3,0,0,2,0,0.4502783417701721,0.12314638495445251,0.2246335744857788,0.4000000059604645,0.23180657625198364,0,1,0,0.15225057303905487,1,0,0.19026777148246765,2,0,0.2071073353290558,0,0,0.23037464916706085,0,0,0.21999871730804443
subject_14:sample_0000596,14,596,3,0,0,2,0,0.448628693819046,0.12171727418899536,0.22444653511047363,0.4000000059604645,0.2305600494146347,0,1,0,0.153219074010849,1,0,0.190657377243042,2,0,0.20729182660579681,0,0,0.2299874871969223,0,0,0.21884319186210632
subject_14:sample_0000597,14,597,3,0,0,2,0,0.44689154624938965,0.12003609538078308,0.2244057059288025,0.4000000059604645,0.22918309271335602,0,1,0,0.15457233786582947,1,0,0.19142766296863556,2,0,0.20639823377132416,0,0,0.2298714816570282,0,0,0.2177293300628662
subject_14:sample_0000598,14,598,3,0,0,2,0,0.44511184096336365,0.11980044841766357,0.22426873445510864,0.4000000059604645,0.22868207097053528,0,1,0,0.15617024898529053,1,0,0.19193366169929504,2,0,0.20571516454219818,0,0,0.22964461147785187,0,0,0.2165353149175644
subject_14:sample_0000599,14,599,3,0,0,2,0,0.4438488483428955,0.12056839466094971,0.22392398118972778,0.4000000059604645,0.2288352996110916,0,1,0,0.15702031552791595,1,0,0.19208376109600067,2,0,0.20586124062538147,0,0,0.2293715924024582,0,0,0.21566209197044373
subject_14:sample_0000600,14,600,3,0,0,2,0,0.4426911473274231,0.12190660834312439,0.223538339138031,0.4000000059604645,0.22934716939926147,0,1,0,0.15789581835269928,1,0,0.19232559204101562,2,0,0.20569251477718353,0,0,0.22919897735118866,0,0,0.2148861587047577
subject_14:sample_0000601,14,601,3,0,0,2,0,0.441805899143219,0.12451058626174927,0.22298675775527954,0.4000000059604645,0.23062457144260406,0,1,0,0.15853427350521088,1,0,0.19245153665542603,2,0,0.20555417239665985,0,0,0.22920788824558258,0,0,0.2142511010169983
subject_14:sample_0000602,14,602,3,0,0,2,0,0.44124317169189453,0.12604156136512756,0.22252494096755981,0.4000000059604645,0.2313077300786972,0,1,0,0.15849602222442627,1,0,0.19218264520168304,2,0,0.2063959538936615,0,0,0.2290688455104828,0,0,0.2138555645942688
subject_14:sample_0000603,14,603,3,0,0,2,0,0.44139647483825684,0.12508749961853027,0.2224290370941162,0.4000000059604645,0.23071618378162384,0,1,0,0.15774880349636078,1,0,0.1917918622493744,2,0,0.20740072429180145,0,0,0.2292271852493286,0,0,0.21383042633533478
subject_14:sample_0000604,14,604,3,0,0,2,0,0.4420711398124695,0.12307491898536682,0.2226395606994629,0.4000000059604645,0.22966137528419495,0,1,0,0.15680070221424103,1,0,0.1913563758134842,2,0,0.20810669660568237,0,0,0.2295837253332138,0,0,0.214151531457901
subject_14:sample_0000605,14,605,3,0,0,2,0,0.44276052713394165,0.12095972895622253,0.22275465726852417,0.4000000059604645,0.22849611937999725,0,1,0,0.15564732253551483,1,0,0.19091404974460602,2,0,0.20893146097660065,0,0,0.23001861572265625,0,0,0.21448752284049988
subject_14:sample_0000606,14,606,3,0,0,2,0,0.4432629346847534,0.1225188672542572,0.2226603627204895,0.4000000059604645,0.2295280396938324,0,1,0,0.15492691099643707,1,0,0.1900918036699295,2,0,0.21029341220855713,0,0,0.22974343597888947,0,0,0.2149435579776764
subject_14:sample_0000607,14,607,3,0,0,2,0,0.44384127855300903,0.12472417950630188,0.22264838218688965,0.4000000059604645,0.23099324107170105,0,1,0,0.15428978204727173,1,0,0.18919265270233154,2,0,0.21171149611473083,0,0,0.22933995723724365,0,0,0.21546514332294464
subject_14:sample_0000608,14,608,3,0,0,2,0,0.4448261559009552,0.1258251965045929,0.22281384468078613,0.4000000059604645,0.23189961910247803,0,1,0,0.15341772139072418,1,0,0.18834729492664337,2,0,0.21307043731212616,0,0,0.229085773229599,0,0,0.21607781946659088
subject_14:sample_0000609,14,609,3,0,0,2,0,0.445314884185791,0.1258886754512787,0.22287851572036743,0.4000000059604645,0.2320459485054016,0,1,0,0.1528238207101822,1,0,0.18776513636112213,2,0,0.21444571018218994,0,0,0.22863274812698364,0,0,0.21633167564868927
subject_14:sample_0000610,14,610,2,1,0,2,1,0.578865647315979,0.1586478352546692,0.504244327545166,0.6000000238418579,0.3591018617153168,0,2,1,0.10831189155578613,2,1,0.20790277421474457,1,0,0.19978563487529755,1,0,0.20956622064113617,1,0,0.2744324803352356
subject_14:sample_0000611,14,611,2,1,0,2,1,0.5807367563247681,0.16240021586418152,0.5046366453170776,0.6000000238418579,0.3623944818973541,0,2,1,0.1081642434000969,2,1,0.20802655816078186,1,0,0.19962704181671143,1,0,0.2094862014055252,1,0,0.2746949791908264
subject_14:sample_0000612,14,612,2,1,0,2,1,0.5938746929168701,0.18867957592010498,0.5079876184463501,0.6000000238418579,0.3846723139286041,0,2,1,0.10708530992269516,2,1,0.20873335003852844,1,0,0.19951686263084412,1,0,0.20964950323104858,1,0,0.2750139534473419
subject_14:sample_0000613,14,613,2,1,0,2,1,0.6112839579582214,0.22350192070007324,0.5132285356521606,0.6000000238418579,0.41236168146133423,0,2,1,0.1053026020526886,2,1,0.20906397700309753,1,0,0.19960831105709076,1,0,0.21030893921852112,1,0,0.275715172290802
subject_14:sample_0000614,14,614,2,1,0,2,1,0.6256599426269531,0.25225648283958435,0.5182530283927917,0.6000000238418579,0.434084415435791,0,2,1,0.10367065668106079,2,1,0.20868343114852905,1,0,0.19978876411914825,1,0,0.21126629412174225,1,0,0.27658993005752563
subject_14:sample_0000615,14,615,2,1,0,2,1,0.6407343149185181,0.28240767121315,0.5242080688476562,0.6000000238418579,0.45605725049972534,0,2,1,0.10228797048330307,2,1,0.20872803032398224,1,0,0.19982676208019257,1,0,0.21190614998340607,1,0,0.27725014090538025
subject_14:sample_0000616,14,616,2,1,0,2,1,0.655465841293335,0.31187111139297485,0.5307259559631348,0.6000000238418579,0.4769415259361267,0,2,1,0.10082324594259262,2,1,0.20819056034088135,1,0,0.20010574162006378,1,0,0.2128547579050064,1,0,0.27802470326423645
subject_14:sample_0000617,14,617,2,1,0,2,1,0.666060745716095,0.3330625593662262,0.5358363389968872,0.6000000238418579,0.49168911576271057,0,2,1,0.09956821799278259,2,1,0.2077743411064148,1,0,0.2003478705883026,1,0,0.2137744426727295,1,0,0.2785341441631317
subject_14:sample_0000618,14,618,2,1,0,2,1,0.6735595464706421,0.34805557131767273,0.5396981239318848,0.6000000238418579,0.50202476978302,0,2,1,0.0989130511879921,2,1,0.20841319859027863,1,0,0.20029284060001373,1,0,0.2140166312456131,1,0,0.27836328744888306
subject_14:sample_0000619,14,619,2,1,0,2,1,0.6780920028686523,0.35711634159088135,0.5421268939971924,0.6000000238418579,0.5082371830940247,0,2,1,0.09808621555566788,2,1,0.20923565328121185,1,0,0.20029883086681366,1,0,0.21429678797721863,1,0,0.27808162569999695
subject_14:sample_0000620,14,620,2,1,0,2,1,0.6811755895614624,0.3632842004299164,0.5438045263290405,0.6000000238418579,0.5124475955963135,0,2,1,0.09684062004089355,2,1,0.20899374783039093,1,0,0.20056085288524628,1,0,0.21547283232212067,1,0,0.27813103795051575
subject_14:sample_0000621,14,621,2,1,0,2,1,0.6828331351280212,0.36660122871398926,0.5447121858596802,0.6000000238418579,0.5147051811218262,0,2,1,0.0958615317940712,2,1,0.2085135579109192,1,0,0.20076902210712433,1,0,0.21651571989059448,1,0,0.2783392369747162
subject_14:sample_0000622,14,622,2,1,0,2,1,0.6845151782035828,0.3699733316898346,0.5456173419952393,0.6000000238418579,0.5169880986213684,0,2,1,0.09495048224925995,2,1,0.20802319049835205,1,0,0.2009858340024948,1,0,0.21751810610294342,1,0,0.27852147817611694
subject_14:sample_0000623,14,623,2,1,0,2,1,0.6855686902999878,0.3720937669277191,0.5461547374725342,0.6000000238418579,0.5184096097946167,0,2,1,0.09393210709095001,2,1,0.20799076557159424,1,0,0.2011357992887497,1,0,0.21827401220798492,1,0,0.27866631746292114
subject_14:sample_0000624,14,624,2,1,0,2,1,0.6863952875137329,0.37376663088798523,0.5465406179428101,0.6000000238418579,0.5195162296295166,0,2,1,0.09302850812673569,2,1,0.20806491374969482,1,0,0.20119524002075195,1,0,0.21893210709095,1,0,0.27877819538116455
subject_14:sample_0000625,14,625,2,1,0,2,1,0.6873399615287781,0.375686913728714,0.5469493269920349,0.6000000238418579,0.5207727551460266,0,2,1,0.09208910167217255,2,1,0.20785430073738098,1,0,0.20128829777240753,1,0,0.21971145272254944,1,0,0.2790558934211731
subject_14:sample_0000626,14,626,2,1,0,2,1,0.6884835958480835,0.3779957592487335,0.5475146770477295,0.6000000238418579,0.522306501865387,0,2,1,0.09149868786334991,2,1,0.20733334124088287,1,0,0.20146189630031586,1,0,0.22040832042694092,1,0,0.27929678559303284
subject_14:sample_0000627,14,627,2,3,0,3,0,0.8096661567687988,0.628585696220398,0.622084379196167,0.6000000238418579,0.6815639138221741,0,3,0,0.2303200513124466,2,1,0.09583675861358643,2,1,0.08528576791286469,3,0,0.311077356338501,3,0,0.27747905254364014
subject_14:sample_0000628,14,628,2,3,0,3,0,0.8091787099838257,0.6276077628135681,0.621564507484436,0.6000000238418579,0.6808837652206421,0,3,0,0.2301032692193985,2,1,0.0961829200387001,2,1,0.08543025702238083,3,0,0.3109965920448303,3,0,0.27728602290153503
subject_14:sample_0000629,14,629,2,3,0,3,0,0.8103010654449463,0.6300881505012512,0.6222740411758423,0.6000000238418579,0.6823540925979614,0,3,0,0.22985638678073883,2,1,0.09551896154880524,2,1,0.08473585546016693,3,0,0.3118869364261627,3,0,0.27800092101097107
subject_14:sample_0000630,14,630,2,3,0,3,0,0.8113209009170532,0.6321638822555542,0.6233049631118774,0.6000000238418579,0.68376624584198,0,3,0,0.23018425703048706,2,1,0.09507529437541962,2,1,0.08412386476993561,3,0,0.3123296797275543,3,0,0.278285950422287
subject_14:sample_0000631,14,631,2,3,0,3,0,0.8112688064575195,0.6326361894607544,0.6220390796661377,0.6000000238418579,0.6834585070610046,0,3,0,0.22954308986663818,2,1,0.09476631879806519,2,1,0.0839080959558487,3,0,0.3130456209182739,3,0,0.27873584628105164
subject_14:sample_0000632,14,632,2,3,0,3,0,0.8102539777755737,0.6313374638557434,0.6194319725036621,0.6000000238418579,0.681750476360321,0,3,0,0.2284734547138214,2,1,0.09490597993135452,2,1,0.08405230194330215,3,0,0.31417176127433777,3,0,0.27839553356170654
subject_14:sample_0000633,14,633,2,3,0,3,0,0.80879807472229,0.6296029686927795,0.6155050992965698,0.6000000238418579,0.6792758107185364,0,3,0,0.22719383239746094,2,1,0.09501511603593826,2,1,0.08422137051820755,3,0,0.31507736444473267,3,0,0.27849137783050537
subject_14:sample_0000634,14,634,2,3,0,3,0,0.8063775300979614,0.6264920830726624,0.6095848083496094,0.6000000238418579,0.6752989292144775,0,3,0,0.2247825711965561,2,1,0.09530239552259445,2,1,0.08462365716695786,3,0,0.3167324364185333,3,0,0.2785579562187195
subject_14:sample_0000635,14,635,2,3,0,3,0,0.8034942150115967,0.622631847858429,0.6030187606811523,0.6000000238418579,0.6706793904304504,0,3,0,0.22209866344928741,2,1,0.09567643702030182,2,1,0.0852256491780281,3,0,0.31830647587776184,3,0,0.278691828250885
subject_14:sample_0000636,14,636,2,3,0,3,0,0.800538182258606,0.6186609268188477,0.5964958071708679,0.6000000238418579,0.6660099029541016,0,3,0,0.21947668492794037,2,1,0.09609374403953552,2,1,0.08582250773906708,3,0,0.3196244239807129,3,0,0.2789817750453949
subject_14:sample_0000637,14,637,2,3,0,3,0,0.7981561422348022,0.6149344444274902,0.59222412109375,0.6000000238418579,0.6624212265014648,0,3,0,0.21762217581272125,2,1,0.09661059826612473,2,1,0.0866500735282898,3,0,0.32021042704582214,3,0,0.27890583872795105
subject_14:sample_0000638,14,638,2,3,0,3,0,0.7962994575500488,0.6114102005958557,0.5899456739425659,0.6000000238418579,0.6597920060157776,0,3,0,0.2159239798784256,2,1,0.09734762459993362,2,1,0.08758159726858139,3,0,0.32071030139923096,3,0,0.27843546867370605
subject_14:sample_0000639,14,639,2,3,0,3,0,0.7961400151252747,0.6102548241615295,0.5911701917648315,0.6000000238418579,0.6597879528999329,0,3,0,0.21560175716876984,2,1,0.09776753932237625,2,1,0.08815902471542358,3,0,0.320621520280838,3,0,0.2778491973876953
subject_14:sample_0000640,14,640,2,3,0,3,0,0.7964944839477539,0.6096639037132263,0.5937681198120117,0.6000000238418579,0.6606377363204956,0,3,0,0.2153208702802658,2,1,0.09823687374591827,2,1,0.08863678574562073,3,0,0.3207570016384125,3,0,0.27704745531082153
subject_14:sample_0000641,14,641,2,3,0,3,0,0.7969945073127747,0.6092324256896973,0.5968334674835205,0.6000000238418579,0.6617549061775208,0,3,0,0.21481072902679443,2,1,0.09877265244722366,2,1,0.08903413265943527,3,0,0.3211132287979126,3,0,0.27626833319664
subject_14:sample_0000642,14,642,2,3,0,3,0,0.797248125076294,0.6079542636871338,0.6004166603088379,0.6000000238418579,0.662682831287384,0,3,0,0.21432262659072876,2,1,0.09952978789806366,2,1,0.08981036394834518,3,0,0.32114386558532715,3,0,0.2751923203468323
subject_14:sample_0000643,14,643,2,3,0,3,0,0.7958400249481201,0.6037389039993286,0.6016936898231506,0.6000000238418579,0.6612262725830078,0,3,0,0.2130001336336136,2,1,0.10097111761569977,2,1,0.09117811918258667,3,0,0.32143014669418335,3,0,0.2734195291996002
subject_14:sample_0000644,14,644,2,3,0,3,0,0.7935724258422852,0.5981970429420471,0.6014308929443359,0.6000000238418579,0.658474326133728,0,3,0,0.21143974363803864,2,1,0.1027737483382225,2,1,0.09265110641717911,3,0,0.32166364789009094,3,0,0.2714707851409912
subject_14:sample_0000645,14,645,2,3,0,3,0,0.7901284694671631,0.5908453464508057,0.5989468693733215,0.6000000238418579,0.6539129614830017,0,3,0,0.20974014699459076,2,1,0.1048847883939743,2,1,0.09444894641637802,3,0,0.3217034637928009,3,0,0.269221693277359
subject_14:sample_0000646,14,646,2,3,0,3,0,0.7857250571250916,0.5818949937820435,0.5949164628982544,0.6000000238418579,0.6479235291481018,0,3,0,0.20761464536190033,2,1,0.10734580457210541,2,1,0.09653593599796295,3,0,0.3216867744922638,3,0,0.2668158710002899
subject_14:sample_0000647,14,647,2,3,0,3,0,0.7824614644050598,0.5754401683807373,0.5916038155555725,0.6000000238418579,0.6434251070022583,0,3,0,0.2067057490348816,2,1,0.10904364287853241,2,1,0.098029725253582,3,0,0.32121774554252625,3,0,0.2650021016597748
subject_14:sample_0000648,14,648,2,3,0,3,0,0.7783228754997253,0.5675227642059326,0.5868909358978271,0.6000000238418579,0.6376271843910217,0,3,0,0.20554225146770477,2,1,0.1108996570110321,2,1,0.0999530628323555,3,0,0.3209894597530365,3,0,0.2626146674156189
subject_14:sample_0000649,14,649,2,3,0,3,0,0.7758374810218811,0.5632873177528381,0.5829964280128479,0.6000000238418579,0.6339507699012756,0,3,0,0.20492632687091827,2,1,0.11123788356781006,2,1,0.1013646051287651,3,0,0.32157862186431885,3,0,0.2608916163444519
subject_14:sample_0000650,14,650,2,3,0,3,0,0.7727840542793274,0.558774471282959,0.5768770575523376,0.6000000238418579,0.6292057037353516,0,3,0,0.20403046905994415,2,1,0.11142345517873764,2,1,0.10263776779174805,3,0,0.322695255279541,3,0,0.25921204686164856
subject_14:sample_0000651,14,651,2,3,0,3,0,0.7689996361732483,0.5529680252075195,0.5699136257171631,0.6000000238418579,0.6234645247459412,0,3,0,0.20256713032722473,2,1,0.11186692118644714,2,1,0.10421605408191681,3,0,0.32401734590530396,3,0,0.25733163952827454
subject_14:sample_0000652,14,652,2,3,0,3,0,0.7669215798377991,0.550565779209137,0.5646975040435791,0.6000000238418579,0.6200956702232361,0,3,0,0.20165200531482697,2,1,0.111226886510849,2,1,0.10517944395542145,3,0,0.3255299925804138,3,0,0.25641077756881714
subject_14:sample_0000653,14,653,2,3,0,3,0,0.7645078897476196,0.5472260117530823,0.5597916841506958,0.6000000238418579,0.6163939833641052,0,3,0,0.2009771168231964,2,1,0.11097733676433563,2,1,0.10635429620742798,3,0,0.326809287071228,3,0,0.2548810839653015
subject_14:sample_0000654,14,654,2,3,0,3,0,0.7606583833694458,0.5422179698944092,0.5516225695610046,0.6000000238418579,0.6104758977890015,0,3,0,0.20060354471206665,2,1,0.11104129254817963,2,1,0.10744732618331909,3,0,0.3280067443847656,3,0,0.2529001832008362
subject_14:sample_0000655,14,655,2,3,0,3,0,0.7556483149528503,0.5358306169509888,0.5411857962608337,0.6000000238418579,0.6028804183006287,0,3,0,0.20013754069805145,2,1,0.11128709465265274,2,1,0.10857628285884857,3,0,0.3290012776851654,3,0,0.25099679827690125
subject_14:sample_0000656,14,656,2,3,0,3,0,0.749449610710144,0.5282500982284546,0.5283828973770142,0.6000000238418579,0.5936223268508911,0,3,0,0.19953873753547668,2,1,0.11162135750055313,2,1,0.10961927473545074,3,0,0.3297044634819031,3,0,0.24951522052288055
subject_14:sample_0000657,14,657,2,3,0,3,0,0.741730809211731,0.5198409557342529,0.5119320154190063,0.6000000238418579,0.5822502970695496,0,3,0,0.19858777523040771,2,1,0.11140482127666473,2,1,0.11051492393016815,3,0,0.3311004638671875,3,0,0.2483910769224167
subject_14:sample_0000658,14,658,2,3,0,3,0,0.7337154150009155,0.5118144750595093,0.49512779712677,0.6000000238418579,0.5707586407661438,0,3,0,0.19878479838371277,2,1,0.11081703752279282,2,1,0.11109112948179245,3,0,0.33175045251846313,3,0,0.24755556881427765
subject_14:sample_0000659,14,659,2,3,0,3,0,0.725020706653595,0.5026499032974243,0.47862541675567627,0.6000000238418579,0.5587325096130371,0,3,0,0.1994883418083191,2,1,0.1105242371559143,2,1,0.1118149608373642,3,0,0.33139315247535706,3,0,0.24677830934524536
subject_14:sample_0000660,14,660,2,3,0,3,0,0.718014657497406,0.4950268864631653,0.4662901759147644,0.6000000238418579,0.5492956042289734,0,3,0,0.19953548908233643,2,1,0.11036225408315659,2,1,0.1125655546784401,3,0,0.3310439884662628,3,0,0.2464917153120041
subject_14:sample_0000661,14,661,2,3,0,3,0,0.7111784815788269,0.48661983013153076,0.4556540846824646,0.6000000238418579,0.5402580499649048,0,3,0,0.19915172457695007,2,1,0.11074317991733551,2,1,0.11370429396629333,3,0,0.3302095830440521,3,0,0.24619020521640778
subject_14:sample_0000662,14,662,2,3,0,3,0,0.7032376527786255,0.4772210419178009,0.4434543251991272,0.6000000238418579,0.5299360752105713,0,3,0,0.19910824298858643,2,1,0.11110945791006088,2,1,0.11471591144800186,3,0,0.32903018593788147,3,0,0.24603523313999176
subject_14:sample_0000663,14,663,2,3,0,3,0,0.6981738805770874,0.4708033800125122,0.43628376722335815,0.6000000238418579,0.5234285593032837,0,3,0,0.19851824641227722,2,1,0.11161648482084274,2,1,0.1155848354101181,3,0,0.3286052942276001,3,0,0.24567413330078125
subject_14:sample_0000664,14,664,2,3,0,3,0,0.6939914226531982,0.46536797285079956,0.4305938482284546,0.6000000238418579,0.518091082572937,0,3,0,0.19795413315296173,2,1,0.11207497864961624,2,1,0.11637827754020691,3,0,0.32772210240364075,3,0,0.24586959183216095
subject_14:sample_0000665,14,665,2,3,0,3,0,0.6815988421440125,0.45025259256362915,0.4136192798614502,0.6000000238418579,0.5025685429573059,0,3,0,0.19765131175518036,2,1,0.11329708248376846,2,1,0.1176072359085083,3,0,0.32527706027030945,3,0,0.24616631865501404
subject_14:sample_0000666,14,666,2,3,0,3,0,0.6700862050056458,0.4361828565597534,0.39872580766677856,0.6000000238418579,0.4884549379348755,0,3,0,0.19796982407569885,2,1,0.11435693502426147,2,1,0.11864269524812698,3,0,0.3226707875728607,3,0,0.24635882675647736
subject_14:sample_0000667,14,667,2,3,0,3,0,0.6524502635002136,0.41488754749298096,0.3772351145744324,0.6000000238418579,0.4674084782600403,0,3,0,0.1987907886505127,2,1,0.11554485559463501,2,1,0.1195589229464531,3,0,0.3193960189819336,3,0,0.2467084676027298
subject_14:sample_0000668,14,668,2,3,0,3,0,0.6271793842315674,0.3835751414299011,0.34967488050460815,0.6000000238418579,0.4381628632545471,0,3,0,0.1991504728794098,2,1,0.1173655092716217,2,1,0.12090814858675003,3,0,0.3167329430580139,3,0,0.24584197998046875
subject_14:sample_0000669,14,669,2,3,0,3,0,0.6032589077949524,0.35228976607322693,0.3269116282463074,0.6000000238418579,0.41109737753868103,0,3,0,0.19915859401226044,2,1,0.11884286999702454,2,1,0.12215922772884369,3,0,0.31466037034988403,3,0,0.2451779991388321
subject_14:sample_0000670,14,670,2,3,0,3,0,0.5935512185096741,0.34167733788490295,0.3175596594810486,0.6000000238418579,0.4008358418941498,0,3,0,0.19923172891139984,2,1,0.11936378479003906,2,1,0.12245173007249832,3,0,0.31462451815605164,3,0,0.24432724714279175
subject_14:sample_0000671,14,671,3,0,0,0,0,0.5922420620918274,0.20054754614830017,0.45625025033950806,0.6000000238418579,0.37841928005218506,0,0,0,0.20255109667778015,1,0,0.2141176462173462,0,0,0.2177315354347229,0,0,0.17669141292572021,1,0,0.18890726566314697
subject_14:sample_0000672,14,672,3,0,0,0,0,0.591444730758667,0.19833135604858398,0.45739084482192993,0.6000000238418579,0.37716469168663025,0,0,0,0.20288264751434326,1,0,0.21410143375396729,0,0,0.21762171387672424,0,0,0.1762303113937378,1,0,0.18916290998458862
subject_14:sample_0000673,14,673,3,0,0,0,0,0.5916017293930054,0.1966700255870819,0.4629673361778259,0.6000000238418579,0.37766435742378235,0,0,0,0.2031448483467102,1,0,0.2139759063720703,0,0,0.21710431575775146,0,0,0.17628097534179688,1,0,0.18949303030967712
subject_14:sample_0000674,14,674,3,0,0,0,0,0.592700183391571,0.1958264410495758,0.47287750244140625,0.6000000238418579,0.38003039360046387,0,0,0,0.2029026448726654,1,0,0.21437488496303558,0,0,0.21505935490131378,0,0,0.17751482129096985,1,0,0.19014732539653778
subject_14:sample_0000675,14,675,3,0,0,0,0,0.5924444794654846,0.1927434802055359,0.4815182685852051,0.6000000238418579,0.3802594542503357,0,0,0,0.20194093883037567,1,0,0.21498535573482513,0,0,0.21227677166461945,0,0,0.17948617041110992,1,0,0.1913098245859146
subject_14:sample_0000676,14,676,3,0,0,0,0,0.5925831198692322,0.1920035481452942,0.48513978719711304,0.6000000238418579,0.3807516098022461,0,0,0,0.2011737823486328,1,0,0.21555432677268982,0,0,0.21063290536403656,0,0,0.18146394193172455,1,0,0.19117414951324463
subject_14:sample_0000677,14,677,3,0,0,0,0,0.592869222164154,0.19188115000724792,0.4872891902923584,0.6000000238418579,0.3812934160232544,0,0,0,0.20065510272979736,1,0,0.21667657792568207,0,0,0.2091062068939209,0,0,0.18344393372535706,1,0,0.1901172548532486
subject_14:sample_0000678,14,678,3,0,0,0,0,0.5914406776428223,0.18972235918045044,0.4836910367012024,0.6000000238418579,0.37861621379852295,0,0,0,0.19929248094558716,1,0,0.21868091821670532,0,0,0.20584915578365326,0,0,0.18581710755825043,1,0,0.19035941362380981
subject_14:sample_0000679,14,679,3,0,0,0,0,0.5956971049308777,0.21547961235046387,0.44157445430755615,0.6000000238418579,0.3841302692890167,0,0,0,0.19828329980373383,1,0,0.22050270438194275,0,0,0.2030152976512909,0,0,0.1883011758327484,1,0,0.18989655375480652
subject_14:sample_0000680,14,680,3,0,0,0,0,0.6188885569572449,0.35161107778549194,0.34672147035598755,0.6000000238418579,0.42255693674087524,0,0,0,0.19743677973747253,1,0,0.22292055189609528,0,0,0.200216606259346,0,0,0.19107605516910553,2,0,0.18834902346134186
subject_14:sample_0000681,14,681,3,0,0,0,0,0.6211466789245605,0.391496479511261,0.3335181474685669,0.6000000238418579,0.4328596889972687,0,0,0,0.19698205590248108,1,0,0.2265407294034958,0,0,0.19767120480537415,0,0,0.1940258890390396,2,0,0.184779092669487
subject_14:sample_0000682,14,682,3,0,0,0,0,0.6181511878967285,0.38816970586776733,0.33238786458969116,0.6000000238418579,0.4304478168487549,0,0,0,0.19672778248786926,1,0,0.22997476160526276,0,0,0.19564485549926758,0,0,0.19767984747886658,2,0,0.17997172474861145
subject_14:sample_0000683,14,683,3,0,0,0,0,0.6100899577140808,0.3762935400009155,0.3265756368637085,0.6000000238418579,0.4216655492782593,0,0,0,0.19694463908672333,1,0,0.2340858429670334,0,0,0.1943790316581726,0,0,0.20123271644115448,2,0,0.173356831073761
subject_14:sample_0000684,14,684,3,0,0,0,0,0.6032238006591797,0.3647558093070984,0.3217669725418091,0.6000000238418579,0.4136890470981598,0,0,0,0.19761349260807037,1,0,0.23882830142974854,0,0,0.19402733445167542,0,0,0.2037382870912552,2,0,0.16579167544841766
subject_14:sample_0000685,14,685,3,0,0,0,0,0.6021571159362793,0.3601455092430115,0.32207274436950684,0.6000000238418579,0.41182616353034973,0,0,0,0.197967991232872,1,0,0.24238817393779755,0,0,0.19399642944335938,0,0,0.20589028298854828,2,0,0.15975621342658997
subject_14:sample_0000686,14,686,3,0,0,0,0,0.6016283631324768,0.3563272953033447,0.32279014587402344,0.6000000238418579,0.4105498492717743,0,0,0,0.19696082174777985,1,0,0.24567395448684692,0,0,0.19297564029693604,0,0,0.2081325650215149,2,0,0.15625600516796112
subject_14:sample_0000687,14,687,3,0,0,0,0,0.6011862754821777,0.3527102470397949,0.3235522508621216,0.6000000238418579,0.4093773663043976,0,0,0,0.19446298480033875,1,0,0.248839870095253,0,0,0.19094401597976685,0,0,0.21121498942375183,2,0,0.15453723073005676
subject_14:sample_0000688,14,688,3,0,0,0,0,0.6001675128936768,0.3480362296104431,0.32393717765808105,0.6000000238418579,0.40749216079711914,0,0,0,0.19222640991210938,1,0,0.25252196192741394,0,0,0.18927167356014252,0,0,0.21320542693138123,2,0,0.15277358889579773
subject_14:sample_0000689,14,689,3,0,0,0,0,0.5993579030036926,0.34362104535102844,0.3245711326599121,0.6000000238418579,0.4058435261249542,0,0,0,0.1894124448299408,1,0,0.2561648488044739,0,0,0.18724095821380615,0,0,0.21503859758377075,2,0,0.15214218199253082
subject_14:sample_0000690,14,690,3,0,0,0,0,0.5993916392326355,0.3411484658718109,0.3256891965866089,0.6000000238418579,0.40533971786499023,0,0,0,0.18723833560943604,1,0,0.25872525572776794,0,0,0.18573568761348724,0,0,0.2160222828388214,2,0,0.15227749943733215
subject_14:sample_0000691,14,691,3,0,0,0,0,0.5993635654449463,0.33904170989990234,0.3265799283981323,0.6000000238418579,0.40486571192741394,0,0,0,0.18574628233909607,1,0,0.26087480783462524,0,0,0.18480993807315826,0,0,0.2162507325410843,2,0,0.15231731534004211
subject_14:sample_0000692,14,692,3,0,0,0,0,0.5990544557571411,0.3379685878753662,0.3266398310661316,0.6000000238418579,0.4043932557106018,0,0,0,0.18532003462314606,1,0,0.2617157995700836,0,0,0.18472075462341309,0,0,0.21558792889118195,2,0,0.1526544839143753
subject_14:sample_0000693,14,693,3,0,0,0,0,0.6011877655982971,0.3391667306423187,0.32934439182281494,0.6000000238418579,0.4064663052558899,0,0,0,0.18389880657196045,1,0,0.2627949118614197,0,0,0.18393635749816895,0,0,0.21530726552009583,2,0,0.15406174957752228
subject_14:sample_0000694,14,694,3,0,0,0,0,0.6055868268013,0.3433776795864105,0.3342205286026001,0.6000000238418579,0.4111438989639282,0,0,0,0.18253272771835327,1,0,0.2633318305015564,0,0,0.18322734534740448,0,0,0.21506428718566895,2,0,0.1558428853750229
subject_14:sample_0000695,14,695,3,0,0,0,0,0.6101474761962891,0.34869614243507385,0.33892571926116943,0.6000000238418579,0.4162256121635437,0,0,0,0.1820213943719864,1,0,0.26323890686035156,0,0,0.1829967498779297,0,0,0.21465353667736053,2,0,0.15708845853805542
subject_14:sample_0000696,14,696,3,0,0,0,0,0.6146513223648071,0.35337135195732117,0.34396547079086304,0.6000000238418579,0.4211708903312683,0,0,0,0.18115946650505066,1,0,0.2642133831977844,0,0,0.18234142661094666,0,0,0.2138698697090149,2,0,0.15841488540172577
subject_14:sample_0000697,14,697,3,0,0,0,0,0.6201127767562866,0.3595142662525177,0.3499911427497864,0.6000000238418579,0.42731478810310364,0,0,0,0.18023240566253662,1,0,0.26528745889663696,0,0,0.18148590624332428,0,0,0.21323184669017792,2,0,0.159761443734169
subject_14:sample_0000698,14,698,3,0,0,0,0,0.6289210319519043,0.37056082487106323,0.359380304813385,0.6000000238418579,0.4375254213809967,0,0,0,0.17905224859714508,1,0,0.2667509913444519,0,0,0.18051639199256897,0,0,0.21250608563423157,2,0,0.16117331385612488
subject_14:sample_0000699,14,699,3,0,0,0,0,0.6341875791549683,0.3811088502407074,0.3628208637237549,0.6000000238418579,0.4442761242389679,0,0,0,0.17897439002990723,1,0,0.26762884855270386,0,0,0.18037427961826324,0,0,0.21135132014751434,2,0,0.16167017817497253
subject_14:sample_0000700,14,700,3,0,0,0,0,0.6413648128509521,0.3975543975830078,0.36653339862823486,0.6000000238418579,0.4538075923919678,0,0,0,0.17880818247795105,1,0,0.2695804238319397,0,0,0.1802065521478653,0,0,0.20992408692836761,2,0,0.16147981584072113
subject_14:sample_0000701,14,701,3,0,0,0,0,0.6479529738426208,0.41365939378738403,0.3697355389595032,0.6000000238418579,0.46276357769966125,0,0,0,0.17887015640735626,1,0,0.2717268466949463,0,0,0.18023528158664703,0,0,0.20841750502586365,2,0,0.16074925661087036
subject_14:sample_0000702,14,702,3,0,0,0,0,0.6535099148750305,0.42481866478919983,0.37385958433151245,0.6000000238418579,0.469953328371048,0,0,0,0.17863065004348755,1,0,0.273378849029541,0,0,0.17999103665351868,0,0,0.2072032392024994,2,0,0.16079533100128174
subject_14:sample_0000703,14,703,3,0,0,0,0,0.6643158793449402,0.4443475008010864,0.38324540853500366,0.6000000238418579,0.4836428463459015,0,0,0,0.1782744973897934,1,0,0.27469131350517273,0,0,0.179671049118042,0,0,0.20625557005405426,2,0,0.1611066311597824
subject_14:sample_0000704,14,704,3,0,0,0,0,0.6585230231285095,0.4359281063079834,0.37721842527389526,0.6000000238418579,0.4766426682472229,0,0,0,0.17901508510112762,1,0,0.27463802695274353,0,0,0.18000729382038116,0,0,0.20514650642871857,2,0,0.1611921340227127
subject_14:sample_0000705,14,705,3,0,0,0,0,0.6581318974494934,0.43273746967315674,0.37801629304885864,0.6000000238418579,0.4757176637649536,0,0,0,0.1788468211889267,1,0,0.27469485998153687,0,0,0.1796981245279312,0,0,0.20495909452438354,2,0,0.16180014610290527
subject_14:sample_0000706,14,706,3,0,0,0,0,0.5332498550415039,0.28003302216529846,0.2682303190231323,0.4000000059604645,0.342149555683136,0,2,0,0.12700918316841125,0,0,0.24352560937404633,2,0,0.12623989582061768,0,0,0.26769766211509705,1,0,0.23552671074867249
subject_14:sample_0000707,14,707,3,0,0,0,0,0.5366263389587402,0.28281012177467346,0.2706894278526306,0.4000000059604645,0.34504789113998413,0,2,0,0.1273321658372879,0,0,0.24352361261844635,2,0,0.12651334702968597,0,0,0.2671199142932892,1,0,0.235509991645813
subject_14:sample_0000708,14,708,3,0,0,0,0,0.543798565864563,0.2894580662250519,0.27596086263656616,0.4000000059604645,0.3515256941318512,0,2,0,0.12743589282035828,0,0,0.24352863430976868,2,0,0.12690964341163635,0,0,0.2666422426700592,1,0,0.2354825884103775
subject_14:sample_0000709,14,709,3,0,0,0,0,0.5513955354690552,0.29619312286376953,0.2818566560745239,0.4000000059604645,0.358389675617218,0,2,0,0.12765558063983917,0,0,0.2432776242494583,2,0,0.1275210827589035,0,0,0.2662484645843506,1,0,0.23529629409313202
subject_14:sample_0000710,14,710,3,0,0,0,0,0.5536140203475952,0.29648536443710327,0.2841094136238098,0.4000000059604645,0.3599415123462677,0,2,0,0.12863050401210785,0,0,0.2431454360485077,2,0,0.12842996418476105,0,0,0.2651194632053375,1,0,0.23467357456684113
subject_14:sample_0000711,14,711,3,0,0,0,0,0.5536631345748901,0.2945016324520111,0.28471839427948,0.4000000059604645,0.3594039976596832,0,2,0,0.12965711951255798,0,0,0.24289028346538544,2,0,0.12939195334911346,0,0,0.26421865820884705,1,0,0.23384101688861847
subject_14:sample_0000712,14,712,3,0,0,0,0,0.543461263179779,0.28094732761383057,0.27776050567626953,0.4000000059604645,0.3487289249897003,0,2,0,0.13136795163154602,0,0,0.24213816225528717,2,0,0.13100270926952362,0,0,0.26299411058425903,1,0,0.23249611258506775
subject_14:sample_0000713,14,713,3,0,0,0,0,0.5324047803878784,0.2669197916984558,0.2704407572746277,0.4000000059604645,0.3374672532081604,0,2,0,0.13302063941955566,0,0,0.24136777222156525,2,0,0.13231264054775238,0,0,0.26211783289909363,1,0,0.23118019104003906
subject_14:sample_0000714,14,714,3,0,0,0,0,0.5221599340438843,0.25405213236808777,0.26399821043014526,0.4000000059604645,0.3271717429161072,0,2,0,0.13454848527908325,0,0,0.2402956634759903,2,0,0.13342472910881042,0,0,0.26160603761672974,1,0,0.23012414574623108
subject_14:sample_0000715,14,715,3,0,0,0,0,0.5116356611251831,0.2410241663455963,0.25770992040634155,0.4000000059604645,0.3167506456375122,0,2,0,0.13601914048194885,0,0,0.23911915719509125,2,0,0.13452045619487762,0,0,0.2616165280342102,1,0,0.22872379422187805
subject_14:sample_0000716,14,716,3,0,0,0,0,0.5092155933380127,0.23763039708137512,0.25638914108276367,0.4000000059604645,0.31422045826911926,0,2,0,0.1366838663816452,0,0,0.23821882903575897,2,0,0.1348520815372467,0,0,0.26219215989112854,1,0,0.2280520796775818
subject_14:sample_0000717,14,717,3,0,0,0,0,0.512520432472229,0.24145957827568054,0.2583567500114441,0.4000000059604645,0.3173889219760895,0,2,0,0.13637538254261017,0,0,0.23829910159111023,2,0,0.13458147644996643,0,0,0.26247745752334595,1,0,0.228265643119812
subject_14:sample_0000718,14,718,0,0,1,0,1,0.8354324102401733,0.6892326474189758,0.634105920791626,0.800000011920929,0.7147371172904968,1,1,0,0.16143158078193665,0,1,0.18652066588401794,0,1,0.22326570749282837,0,1,0.20878615975379944,0,1,0.21999496221542358
subject_14:sample_0000719,14,719,0,0,1,0,1,0.8357490301132202,0.6881029605865479,0.6372106075286865,0.800000011920929,0.7156007289886475,1,1,0,0.1615607738494873,0,1,0.18658533692359924,0,1,0.22314676642417908,0,1,0.2086707502603531,0,1,0.22003549337387085
subject_14:sample_0000720,14,720,0,0,1,0,1,0.8358447551727295,0.6858786940574646,0.641274631023407,0.800000011920929,0.7163726091384888,1,1,0,0.16180385649204254,0,1,0.186869278550148,0,1,0.22312375903129578,0,1,0.20847120881080627,0,1,0.21973095834255219
subject_14:sample_0000721,14,721,0,0,1,0,1,0.8348445296287537,0.6840516328811646,0.6397517323493958,0.800000011920929,0.71488356590271,1,1,0,0.16296324133872986,0,1,0.18696711957454681,0,1,0.22299981117248535,0,1,0.20818957686424255,0,1,0.21887928247451782
subject_14:sample_0000722,14,722,0,0,1,0,1,0.8321813941001892,0.6810266375541687,0.6326999068260193,0.800000011920929,0.7104387283325195,1,1,0,0.1656544804573059,0,1,0.1868700236082077,0,1,0.22257214784622192,0,1,0.20770783722400665,0,1,0.21719461679458618
subject_14:sample_0000723,14,723,0,0,1,0,1,0.8284611701965332,0.679590106010437,0.6193108558654785,0.800000011920929,0.7038432359695435,1,1,0,0.1689469814300537,0,1,0.18690112233161926,0,1,0.22210511565208435,0,1,0.2073669582605362,0,1,0.21467885375022888
subject_14:sample_0000724,14,724,0,0,1,0,1,0.8237853646278381,0.6744606494903564,0.6080176830291748,0.800000011920929,0.6964591145515442,0,1,0,0.1717250794172287,0,1,0.18714439868927002,0,1,0.22225773334503174,0,1,0.2075411081314087,0,1,0.21133071184158325
subject_14:sample_0000725,14,725,0,0,1,0,1,0.8169837594032288,0.6667861342430115,0.5926885604858398,0.800000011920929,0.6860285401344299,0,1,0,0.17408238351345062,0,1,0.18760612607002258,0,1,0.222951740026474,0,1,0.20845386385917664,0,1,0.20690493285655975
subject_14:sample_0000726,14,726,0,0,1,0,1,0.8095611333847046,0.6541562080383301,0.5811752080917358,0.800000011920929,0.6751692891120911,0,1,0,0.17682071030139923,0,1,0.18778535723686218,0,1,0.22318705916404724,0,1,0.2086164653301239,0,1,0.20358946919441223
subject_14:sample_0000727,14,727,0,0,1,0,1,0.798616349697113,0.6404566764831543,0.5598914623260498,0.800000011920929,0.6591393351554871,0,1,0,0.17977027595043182,0,1,0.18770086765289307,0,1,0.2232404202222824,0,1,0.208730548620224,0,1,0.20055696368217468
subject_14:sample_0000728,14,728,0,0,1,0,1,0.784717321395874,0.6247352361679077,0.5333887934684753,0.800000011920929,0.6394663453102112,0,1,0,0.18262545764446259,0,1,0.18755324184894562,0,1,0.22340132296085358,0,1,0.20905758440494537,0,1,0.19736143946647644
subject_14:sample_0000729,14,729,0,0,1,0,1,0.7645297050476074,0.6033913493156433,0.4977642893791199,0.800000011920929,0.6123583912849426,0,1,0,0.18549050390720367,0,1,0.18750245869159698,0,1,0.2236989587545395,0,1,0.20913825929164886,0,1,0.1941688358783722
subject_14:sample_0000730,14,730,0,0,1,0,1,0.7443009614944458,0.5791423320770264,0.4670829772949219,0.800000011920929,0.5861057639122009,0,1,0,0.1877228021621704,0,1,0.18714547157287598,0,1,0.22388915717601776,0,1,0.20907938480377197,0,1,0.19216226041316986
subject_14:sample_0000731,14,731,0,0,1,0,1,0.7345213890075684,0.5647240877151489,0.4541018009185791,0.800000011920929,0.5732331871986389,0,1,0,0.18733730912208557,0,1,0.18684503436088562,0,1,0.22415359318256378,0,1,0.20944420993328094,0,1,0.1922188401222229
subject_14:sample_0000732,14,732,0,0,1,0,1,0.7194505333900452,0.5517029762268066,0.43219298124313354,0.800000011920929,0.5556414723396301,0,1,0,0.18784396350383759,0,1,0.18635427951812744,0,1,0.22409459948539734,0,1,0.20983783900737762,0,1,0.19186840951442719
subject_14:sample_0000733,14,733,0,0,1,0,1,0.7211480140686035,0.5517314672470093,0.4348089098930359,0.800000011920929,0.5572073459625244,0,1,0,0.18836867809295654,0,1,0.18566611409187317,0,1,0.22383928298950195,0,1,0.20933952927589417,0,1,0.19278547167778015
subject_14:sample_0000734,14,734,0,0,1,0,1,0.7419564723968506,0.5685635209083557,0.46663689613342285,0.800000011920929,0.5817175507545471,0,1,0,0.18813475966453552,0,1,0.18502356112003326,0,1,0.22360527515411377,0,1,0.20870397984981537,0,1,0.19453151524066925
subject_14:sample_0000735,14,735,0,0,1,0,1,0.7691495418548584,0.5939041972160339,0.5146547555923462,0.800000011920929,0.6171835660934448,0,1,0,0.1873931884765625,0,1,0.1840233951807022,0,1,0.2231554388999939,0,1,0.20789052546024323,0,1,0.19753652811050415
subject_14:sample_0000736,14,736,0,0,1,0,1,0.798154354095459,0.6201258897781372,0.5807855129241943,0.800000011920929,0.659974992275238,0,1,0,0.1850680410861969,0,1,0.1829824596643448,0,1,0.22279302775859833,0,1,0.2071784883737564,0,1,0.20197707414627075
subject_14:sample_0000737,14,737,0,0,1,0,1,0.8098200559616089,0.6315804123878479,0.6138397455215454,0.800000011920929,0.6796584129333496,0,1,0,0.18476174771785736,0,1,0.18137377500534058,0,1,0.22136294841766357,0,1,0.20599500834941864,0,1,0.20650558173656464
subject_14:sample_0000738,14,738,0,0,1,0,1,0.8145171403884888,0.63619065284729,0.6295037269592285,0.800000011920929,0.6883805990219116,0,1,0,0.18382243812084198,0,1,0.17979922890663147,0,1,0.220210999250412,0,1,0.20488062500953674,0,1,0.211285799741745
subject_14:sample_0000739,14,739,0,0,1,0,1,0.8160269260406494,0.6380196213722229,0.6341869831085205,0.800000011920929,0.6911706328392029,0,1,0,0.18341650068759918,0,1,0.17812883853912354,0,1,0.21875376999378204,0,1,0.2037106603384018,0,1,0.21598933637142181
subject_14:sample_0000740,14,740,0,0,1,0,1,0.8184318542480469,0.6412543654441833,0.6411731839179993,0.800000011920929,0.6955516934394836,0,1,0,0.18133574724197388,0,1,0.17701508104801178,0,1,0.21856197714805603,0,1,0.20310960710048676,0,1,0.21997667849063873
subject_14:sample_0000741,14,741,0,0,1,0,1,0.8220961689949036,0.6479151844978333,0.6475905179977417,0.800000011920929,0.7013160586357117,1,1,0,0.17778468132019043,0,1,0.17634457349777222,0,1,0.21939699351787567,0,1,0.20249970257282257,0,1,0.2239731401205063
subject_14:sample_0000742,14,742,0,0,1,0,1,0.8251989483833313,0.654448390007019,0.650570273399353,0.800000011920929,0.7056283950805664,1,1,0,0.1747225970029831,0,1,0.17598751187324524,0,1,0.22030097246170044,0,1,0.20209001004695892,0,1,0.2268979698419571
subject_14:sample_0000743,14,743,0,0,1,0,1,0.8284237384796143,0.6616480946540833,0.6525800228118896,0.800000011920929,0.7098574638366699,1,1,0,0.17151735723018646,0,1,0.17585855722427368,0,1,0.22150009870529175,0,1,0.20204202830791473,0,1,0.22908103466033936
subject_14:sample_0000744,14,744,0,0,1,0,1,0.8325140476226807,0.6706441640853882,0.6555135250091553,0.800000011920929,0.7153003811836243,1,1,0,0.1674378216266632,0,1,0.17619076371192932,0,1,0.22302821278572083,0,1,0.20215041935443878,0,1,0.23119187355041504
subject_14:sample_0000745,14,745,0,0,1,0,1,0.8346222639083862,0.6751924157142639,0.6572891473770142,0.800000011920929,0.7181656956672668,1,1,0,0.1653352528810501,0,1,0.17637678980827332,0,1,0.22378873825073242,0,1,0.20197540521621704,0,1,0.2325228899717331
subject_14:sample_0000746,14,746,3,0,0,0,0,0.5759999752044678,0.18717443943023682,0.42031896114349365,0.6000000238418579,0.3565189838409424,0,0,0,0.1749446541070938,0,0,0.1924344301223755,1,0,0.18526789546012878,1,0,0.2387772798538208,0,0,0.20857474207878113
subject_14:sample_0000747,14,747,3,0,0,0,0,0.5773140788078308,0.19073671102523804,0.419083833694458,0.6000000238418579,0.3586871325969696,0,0,0,0.1757688969373703,0,0,0.19287584722042084,1,0,0.18463212251663208,1,0,0.23810221254825592,0,0,0.20862001180648804
subject_14:sample_0000748,14,748,3,0,0,0,0,0.5786033272743225,0.19674259424209595,0.41369956731796265,0.6000000238418579,0.36112266778945923,0,0,0,0.17671386897563934,0,0,0.1933324635028839,1,0,0.183900848031044,1,0,0.23755502700805664,0,0,0.2084968388080597
subject_14:sample_0000749,14,749,3,0,0,0,0,0.5794496536254883,0.20230963826179504,0.40771788358688354,0.6000000238418579,0.3629086911678314,0,0,0,0.17742930352687836,0,0,0.19370856881141663,1,0,0.18318799138069153,1,0,0.23743286728858948,0,0,0.2082403153181076
subject_14:sample_0000750,14,750,3,0,0,0,0,0.5764482617378235,0.20307773351669312,0.39649373292922974,0.6000000238418579,0.35937920212745667,0,0,0,0.17633654177188873,0,0,0.192763552069664,1,0,0.18413400650024414,1,0,0.23950819671154022,0,0,0.20725680887699127
subject_14:sample_0000751,14,751,3,0,0,0,0,0.5727436542510986,0.205008864402771,0.3823094964027405,0.6000000238418579,0.35539883375167847,0,0,0,0.17463362216949463,0,0,0.19131653010845184,1,0,0.18535593152046204,1,0,0.24203310906887054,0,0,0.20665983855724335
subject_14:sample_0000752,14,752,3,0,0,0,0,0.5706676244735718,0.2186172604560852,0.3600953221321106,0.6000000238418579,0.3554908037185669,0,0,0,0.17377915978431702,0,0,0.19036994874477386,1,0,0.18597324192523956,1,0,0.24358443915843964,0,0,0.20629215240478516
subject_14:sample_0000753,14,753,3,0,0,0,0,0.5694958567619324,0.23356762528419495,0.3421224355697632,0.6000000238418579,0.3570219874382019,0,0,0,0.17326591908931732,0,0,0.1896846443414688,1,0,0.186100572347641,1,0,0.24475231766700745,0,0,0.20619559288024902
subject_14:sample_0000754,14,754,3,0,0,0,0,0.5708499550819397,0.25118911266326904,0.3298957943916321,0.6000000238418579,0.3616594672203064,0,0,0,0.17393982410430908,0,0,0.18996429443359375,1,0,0.1852068454027176,1,0,0.24443110823631287,0,0,0.2064569890499115
subject_14:sample_0000755,14,755,3,0,0,0,0,0.569359302520752,0.2578623592853546,0.3219345211982727,0.6000000238418579,0.3615601658821106,0,0,0,0.17307454347610474,0,0,0.18922068178653717,1,0,0.18571843206882477,1,0,0.24555198848247528,0,0,0.20643334090709686
subject_14:sample_0000756,14,756,3,0,0,0,0,0.5664430856704712,0.26735004782676697,0.3105732202529907,0.6000000238418579,0.36096644401550293,0,0,0,0.17149671912193298,0,0,0.18779243528842926,1,0,0.18710075318813324,1,0,0.24739177525043488,0,0,0.20621736347675323
subject_14:sample_0000757,14,757,3,0,0,0,0,0.5658305883407593,0.2737013101577759,0.3059178590774536,0.6000000238418579,0.36184510588645935,0,0,0,0.17105506360530853,0,0,0.1874072253704071,1,0,0.18765044212341309,1,0,0.24767111241817474,0,0,0.2062152773141861
subject_14:sample_0000758,14,758,3,0,0,0,0,0.5663257837295532,0.27909862995147705,0.3038286566734314,0.6000000238418579,0.36348313093185425,0,0,0,0.1708766520023346,0,0,0.18719474971294403,1,0,0.18753688037395477,1,0,0.24753384292125702,0,0,0.20685692131519318
subject_14:sample_0000759,14,759,3,0,0,0,0,0.5679796934127808,0.290806382894516,0.3005985617637634,0.6000000238418579,0.36754274368286133,0,0,0,0.1711379885673523,0,0,0.18715374171733856,1,0,0.1871357411146164,1,0,0.24670587480068207,0,0,0.2078656554222107
subject_14:sample_0000760,14,760,3,0,0,0,0,0.571320652961731,0.3015103340148926,0.3006059527397156,0.6000000238418579,0.37272900342941284,0,0,0,0.17242272198200226,0,0,0.18801280856132507,1,0,0.18597982823848724,3,1,0.24476683139801025,0,0,0.20881691575050354
subject_14:sample_0000761,14,761,3,0,0,0,0,0.5758851170539856,0.32169899344444275,0.2993481159210205,0.6000000238418579,0.38134726881980896,0,0,0,0.17482560873031616,0,0,0.18965335190296173,1,0,0.18470647931098938,3,1,0.24183787405490875,0,0,0.20897574722766876
subject_14:sample_0000762,14,762,3,0,0,0,0,0.5825973749160767,0.348538875579834,0.30019211769104004,0.6000000238418579,0.39355581998825073,0,0,0,0.17844480276107788,0,0,0.19191676378250122,1,0,0.18273530900478363,3,1,0.23778222501277924,0,0,0.20911994576454163
subject_14:sample_0000763,14,763,3,0,0,0,0,0.5883079767227173,0.36914193630218506,0.30263984203338623,0.6000000238418579,0.40355992317199707,0,0,0,0.18121862411499023,0,0,0.19353362917900085,1,0,0.18109391629695892,3,1,0.23465733230113983,0,0,0.20949548482894897
subject_14:sample_0000764,14,764,3,0,0,0,0,0.5915690660476685,0.3838708996772766,0.3042755722999573,0.6000000238418579,0.41034820675849915,0,0,0,0.18266083300113678,0,0,0.19443689286708832,1,0,0.18063311278820038,3,1,0.23301102221012115,0,0,0.20925723016262054
subject_14:sample_0000765,14,765,3,0,0,0,0,0.5927979946136475,0.38858360052108765,0.3048170804977417,0.6000000238418579,0.4125501811504364,0,0,0,0.1832410842180252,0,0,0.19491469860076904,1,0,0.18071839213371277,3,1,0.23232042789459229,0,0,0.20880436897277832
subject_14:sample_0000766,14,766,3,0,0,0,0,0.594443142414093,0.3909013271331787,0.3057839274406433,0.6000000238418579,0.41418784856796265,0,0,0,0.18431110680103302,0,0,0.19567160308361053,1,0,0.18041065335273743,3,1,0.23126083612442017,0,0,0.20834489166736603
subject_14:sample_0000767,14,767,3,0,0,0,0,0.5969183444976807,0.38920336961746216,0.30776286125183105,0.6000000238418579,0.41505205631256104,0,0,0,0.18600542843341827,0,0,0.1966279298067093,1,0,0.1795802265405655,3,1,0.2298632264137268,0,0,0.20792227983474731
subject_14:sample_0000768,14,768,3,0,0,0,0,0.6001087427139282,0.3870031237602234,0.31057208776474,0.6000000238418579,0.4162641167640686,0,0,0,0.18761949241161346,0,0,0.19747860729694366,1,0,0.17889609932899475,3,1,0.22831587493419647,0,0,0.20768895745277405
subject_14:sample_0000769,14,769,3,0,0,0,0,0.6037000417709351,0.3841342329978943,0.31424856185913086,0.6000000238418579,0.4176948666572571,0,0,0,0.188970148563385,0,0,0.19808022677898407,1,0,0.17848601937294006,3,1,0.2268555611371994,0,0,0.20760715007781982
subject_14:sample_0000770,14,770,3,0,0,0,0,0.6062594056129456,0.38270023465156555,0.31669384241104126,0.6000000238418579,0.41884395480155945,0,0,0,0.18984493613243103,0,0,0.19856680929660797,1,0,0.1786852478981018,3,1,0.22584518790245056,0,0,0.2070569097995758
subject_14:sample_0000771,14,771,3,0,0,0,0,0.6102774739265442,0.3840508759021759,0.3206905126571655,0.6000000238418579,0.42202097177505493,0,0,0,0.19233816862106323,0,0,0.19982221722602844,1,0,0.17786182463169098,3,1,0.22375082969665527,0,0,0.20622602105140686
subject_14:sample_0000772,14,772,3,0,0,0,0,0.6106759905815125,0.3824646770954132,0.3212648630142212,0.6000000238418579,0.4217824339866638,0,0,0,0.1918996125459671,0,0,0.19965755939483643,1,0,0.17850390076637268,3,1,0.22394321858882904,0,0,0.20599478483200073
subject_14:sample_0000773,14,773,3,0,0,0,0,0.6113143563270569,0.382249116897583,0.3218298554420471,0.6000000238418579,0.42209720611572266,0,0,0,0.19164468348026276,0,0,0.19953462481498718,1,0,0.17889036238193512,3,1,0.22407124936580658,0,0,0.20585812628269196
subject_14:sample_0000774,14,774,0,3,0,3,0,0.9972025156021118,0.9951041340827942,0.9848732948303223,1.0,0.9923787117004395,1,3,0,0.20712675154209137,3,0,0.2230049967765808,3,0,0.302408367395401,3,0,0.14079217612743378,3,0,0.12666678428649902
subject_14:sample_0000775,14,775,0,3,0,3,0,0.9970065355300903,0.9947106838226318,0.9840085506439209,1.0,0.991892397403717,1,3,0,0.20785650610923767,3,0,0.22114337980747223,3,0,0.3031063973903656,3,0,0.14106230437755585,3,0,0.12683044373989105
subject_14:sample_0000776,14,776,0,3,0,3,0,0.9970191121101379,0.9947443604469299,0.98405522108078,1.0,0.9919233918190002,1,3,0,0.20730365812778473,3,0,0.21882106363773346,3,0,0.3041737973690033,3,0,0.1421327441930771,3,0,0.12756778299808502
subject_14:sample_0000777,14,777,0,3,0,3,0,0.9973633289337158,0.9954643249511719,0.9855599999427795,1.0,0.9927823543548584,1,3,0,0.20328670740127563,3,0,0.21675503253936768,3,0,0.3062678575515747,3,0,0.14448042213916779,3,0,0.1292090266942978
subject_14:sample_0000778,14,778,0,3,0,3,0,0.9977659583091736,0.9962848424911499,0.9874051213264465,1.0,0.9938081502914429,1,3,0,0.20130611956119537,3,0,0.21571440994739532,3,0,0.30601173639297485,3,0,0.14628271758556366,3,0,0.13068407773971558
subject_14:sample_0000779,14,779,0,3,0,3,0,0.9981062412261963,0.9970003366470337,0.989023745059967,1.0,0.9947019219398499,1,3,0,0.19603559374809265,3,0,0.21671468019485474,3,0,0.3065425753593445,3,0,0.14845457673072815,3,0,0.1322515457868576
subject_14:sample_0000780,14,780,0,3,0,3,0,0.998385488986969,0.99757981300354,0.9904239177703857,1.0,0.9954565763473511,1,3,0,0.19247978925704956,3,0,0.21791018545627594,3,0,0.30584636330604553,3,0,0.15008844435214996,3,0,0.13367418944835663
subject_14:sample_0000781,14,781,0,3,0,3,0,0.9986604452133179,0.9978953003883362,0.991879403591156,1.0,0.9961403608322144,1,3,0,0.1923379898071289,3,0,0.21641996502876282,3,0,0.3034808039665222,3,0,0.15193063020706177,3,0,0.1358296424150467
subject_14:sample_0000782,14,782,0,3,0,3,0,0.9987663626670837,0.9980023503303528,0.9924660921096802,1.0,0.996407687664032,1,3,0,0.19213896989822388,3,0,0.21412689983844757,3,0,0.3016147315502167,3,0,0.1538267433643341,3,0,0.1382916420698166
subject_14:sample_0000783,14,783,0,3,0,3,0,0.9988716840744019,0.9981116652488708,0.9930654168128967,1.0,0.9966796040534973,1,3,0,0.1920614242553711,3,0,0.21234606206417084,3,0,0.29868072271347046,3,0,0.15572792291641235,3,0,0.14118294417858124
subject_14:sample_0000784,14,784,0,3,0,3,0,0.9989533424377441,0.9982041716575623,0.9935393333435059,1.0,0.9968960881233215,1,3,0,0.19243791699409485,3,0,0.21045859158039093,3,0,0.29485684633255005,3,0,0.1577313244342804,3,0,0.14451439678668976
subject_14:sample_0000785,14,785,0,3,0,3,0,0.9990113377571106,0.9982758164405823,0.9938793182373047,1.0,0.9970529079437256,1,3,0,0.1926814168691635,3,0,0.2094734162092209,3,0,0.2905508875846863,3,0,0.15951015055179596,3,0,0.14778321981430054
subject_14:sample_0000786,14,786,0,3,0,3,0,0.999053418636322,0.9983304738998413,0.9941282272338867,1.0,0.9971683621406555,1,3,0,0.1923799067735672,3,0,0.2090698927640915,3,0,0.28654801845550537,3,0,0.16108602285385132,3,0,0.1509152352809906
subject_14:sample_0000787,14,787,0,3,0,3,0,0.9990928173065186,0.9983842372894287,0.9943607449531555,1.0,0.9972771406173706,1,3,0,0.1922280341386795,3,0,0.20868025720119476,3,0,0.2820179760456085,3,0,0.1628030240535736,3,0,0.15426978468894958
subject_14:sample_0000788,14,788,0,3,0,3,0,0.99913489818573,0.9984414577484131,0.9946125745773315,1.0,0.997394323348999,1,3,0,0.19223833084106445,3,0,0.20799796283245087,3,0,0.27673718333244324,3,0,0.16480416059494019,3,0,0.15822146832942963
subject_14:sample_0000789,14,789,0,3,0,3,0,0.9991582036018372,0.9984851479530334,0.9947400093078613,1.0,0.9974591732025146,1,3,0,0.19133687019348145,3,0,0.20786061882972717,3,0,0.2731313109397888,3,0,0.16601797938346863,3,0,0.16165229678153992
subject_14:sample_0000790,14,790,0,3,0,3,0,0.9991769194602966,0.9985320568084717,0.9948301315307617,1.0,0.9975112080574036,1,3,0,0.1902834177017212,3,0,0.2082490473985672,3,0,0.2698083221912384,3,0,0.16689622402191162,3,0,0.16476209461688995
subject_14:sample_0000791,14,791,0,3,0,3,0,0.9991779923439026,0.998562216758728,0.9948099255561829,1.0,0.9975148439407349,1,3,0,0.18915283679962158,3,0,0.20859266817569733,3,0,0.2672184407711029,3,0,0.16749578714370728,3,0,0.1675392985343933
subject_14:sample_0000792,14,792,0,3,0,3,0,0.9991672039031982,0.9985766410827637,0.9947242736816406,1.0,0.9974873661994934,1,3,0,0.18835210800170898,3,0,0.20773835480213165,3,0,0.2648307979106903,3,0,0.16843202710151672,3,0,0.17064574360847473
subject_14:sample_0000793,14,793,0,3,0,3,0,0.9991445541381836,0.9985776543617249,0.9945724606513977,1.0,0.9974294900894165,1,3,0,0.18774200975894928,3,0,0.2074080854654312,3,0,0.26206693053245544,3,0,0.16935484111309052,3,0,0.17342717945575714
subject_14:sample_0000794,14,794,0,3,0,3,0,0.9991037845611572,0.9985594749450684,0.9943232536315918,1.0,0.9973265528678894,1,3,0,0.18759140372276306,3,0,0.20715902745723724,3,0,0.25913378596305847,3,0,0.170144721865654,3,0,0.17597012221813202
subject_14:sample_0000795,14,795,0,3,0,3,0,0.9990441203117371,0.9985235929489136,0.9939755797386169,1.0,0.9971784949302673,1,3,0,0.18831437826156616,3,0,0.20643888413906097,3,0,0.2560335099697113,3,0,0.17077714204788208,3,0,0.17843511700630188
subject_14:sample_0000796,14,796,0,3,0,3,0,0.9989343285560608,0.9983982443809509,0.9933657050132751,1.0,0.9968962669372559,1,3,0,0.18854564428329468,3,0,0.20658673346042633,3,0,0.2536316514015198,3,0,0.1709405481815338,3,0,0.18029451370239258
subject_14:sample_0000797,14,797,0,3,0,3,0,0.9987120628356934,0.9979318976402283,0.9921921491622925,1.0,0.9962744116783142,1,3,0,0.189938485622406,3,0,0.20695124566555023,3,0,0.2511279284954071,3,0,0.17043472826480865,3,0,0.18154668807983398
subject_14:sample_0000798,14,798,0,3,0,3,0,0.998333215713501,0.9971513748168945,0.9903059601783752,1.0,0.9952571988105774,1,3,0,0.19284698367118835,3,0,0.2065315693616867,3,0,0.24850863218307495,3,0,0.16948381066322327,3,0,0.18262794613838196
subject_14:sample_0000799,14,799,0,3,0,3,0,0.9974204301834106,0.995307981967926,0.9860858917236328,1.0,0.9929259419441223,1,3,0,0.19647790491580963,3,0,0.20615343749523163,3,0,0.2459200918674469,3,0,0.16799840331077576,3,0,0.18344925343990326
subject_14:sample_0000800,14,800,0,3,0,3,0,0.9957756400108337,0.992011308670044,0.9791542887687683,1.0,0.9889547824859619,1,3,0,0.19923163950443268,3,0,0.20604175329208374,3,0,0.2437470257282257,3,0,0.1664620041847229,3,0,0.18451660871505737
subject_14:sample_0000801,14,801,0,3,0,3,0,0.991508424282074,0.983478307723999,0.9632795453071594,1.0,0.9793497920036316,1,3,0,0.20318514108657837,3,0,0.2053784281015396,3,0,0.2413744181394577,3,0,0.16473130881786346,3,0,0.18532975018024445
subject_14:sample_0000802,14,802,0,3,0,3,0,0.9793376922607422,0.9591542482376099,0.9256353378295898,1.0,0.9544509649276733,1,3,0,0.20739217102527618,3,0,0.20471815764904022,3,0,0.23922118544578552,3,0,0.16279199719429016,3,0,0.1858755499124527
subject_14:sample_0000803,14,803,0,3,0,3,0,0.9533205628395081,0.9071503281593323,0.8617269396781921,1.0,0.9066283702850342,1,3,0,0.2118731439113617,3,0,0.2037162035703659,3,0,0.23715434968471527,3,0,0.16059081256389618,3,0,0.18666458129882812
subject_14:sample_0000804,14,804,0,3,0,3,0,0.8889223337173462,0.7783986330032349,0.7456755638122559,1.0,0.802057147026062,1,3,0,0.21867868304252625,3,0,0.2015586942434311,3,0,0.23433251678943634,3,0,0.15796414017677307,3,0,0.18746507167816162
subject_14:sample_0000805,14,805,0,3,0,3,0,0.7692904472351074,0.5391654968261719,0.6071884632110596,0.800000011920929,0.6315076947212219,0,3,0,0.22448426485061646,3,0,0.19898565113544464,0,1,0.23196925222873688,3,0,0.15590080618858337,3,0,0.18865901231765747
subject_14:sample_0000806,14,806,0,3,0,3,0,0.6007250547409058,0.2020169198513031,0.511408805847168,0.6000000238418579,0.39592283964157104,0,3,0,0.22847187519073486,0,1,0.19594982266426086,0,1,0.23024164140224457,3,0,0.15469691157341003,3,0,0.19063879549503326
subject_14:sample_0000807,14,807,0,0,1,3,0,0.5894967913627625,0.17926770448684692,0.5098458528518677,0.6000000238418579,0.37769460678100586,0,0,1,0.23063136637210846,0,1,0.19255566596984863,0,1,0.2291228473186493,3,0,0.15455059707164764,3,0,0.19313859939575195
subject_14:sample_0000808,14,808,0,0,1,3,0,0.6417816281318665,0.2836536169052124,0.5287653803825378,0.6000000238418579,0.4582960903644562,0,0,1,0.2302754670381546,0,1,0.18932770192623138,0,1,0.22890709340572357,3,0,0.15501560270786285,3,0,0.1964731514453888
subject_14:sample_0000809,14,809,0,0,1,3,0,0.6415466070175171,0.28314828872680664,0.5289034843444824,0.6000000238418579,0.4580077528953552,0,0,1,0.2278742641210556,0,1,0.18634438514709473,0,1,0.2289934754371643,3,0,0.15623007714748383,3,0,0.20055682957172394
subject_14:sample_0000810,14,810,0,0,1,3,0,0.6363983750343323,0.27283620834350586,0.5268892049789429,0.6000000238418579,0.45059192180633545,0,0,1,0.22393898665905,0,1,0.18303336203098297,0,1,0.22993996739387512,3,0,0.1576259732246399,3,0,0.2054608017206192
subject_14:sample_0000811,14,811,0,0,1,3,0,0.6328461766242981,0.2657269835472107,0.5255088806152344,0.6000000238418579,0.44542166590690613,0,0,1,0.22169597446918488,0,1,0.1808987855911255,0,1,0.23054367303848267,3,0,0.15817701816558838,3,0,0.20868359506130219
subject_14:sample_0000812,14,812,0,0,1,3,0,0.6294916868209839,0.2590147852897644,0.5242316722869873,0.6000000238418579,0.44050005078315735,0,0,1,0.21953226625919342,0,1,0.1788533478975296,0,1,0.23127901554107666,3,0,0.15874603390693665,3,0,0.21158833801746368
subject_14:sample_0000813,14,813,0,0,1,3,0,0.6253315806388855,0.25069180130958557,0.5226870179176331,0.6000000238418579,0.4343409240245819,0,0,1,0.2166130095720291,0,1,0.17656415700912476,0,1,0.23225131630897522,3,0,0.15962369740009308,3,0,0.2149468958377838
subject_14:sample_0000814,14,814,0,0,1,3,0,0.623439371585846,0.24690589308738708,0.5220044851303101,0.6000000238418579,0.4315190315246582,0,0,1,0.2150825709104538,0,1,0.1751900166273117,0,1,0.23323850333690643,3,0,0.15987057983875275,3,0,0.2166173756122589
subject_14:sample_0000815,14,815,0,0,1,3,0,0.6230491995811462,0.2461252212524414,0.52186518907547,0.6000000238418579,0.43093547224998474,0,0,1,0.21458426117897034,0,1,0.17452095448970795,0,1,0.23400844633579254,3,0,0.15994490683078766,3,0,0.21694041788578033
subject_14:sample_0000816,14,816,0,0,1,3,0,0.6250677108764648,0.2501627802848816,0.5225982666015625,0.6000000238418579,0.4339495301246643,0,0,1,0.2162807136774063,0,1,0.17485108971595764,0,1,0.2340182662010193,3,0,0.1593644767999649,3,0,0.21548454463481903
subject_14:sample_0000817,14,817,3,0,0,0,0,0.45986294746398926,0.17860788106918335,0.2321937084197998,0.4000000059604645,0.2671733796596527,0,0,0,0.2085481882095337,3,1,0.25996866822242737,0,0,0.249589741230011,2,0,0.08612843602895737,2,0,0.19576402008533478
subject_14:sample_0000818,14,818,3,0,0,0,0,0.46068570017814636,0.1805363893508911,0.23246777057647705,0.4000000059604645,0.26839685440063477,0,0,0,0.20939850807189941,3,1,0.26035261154174805,0,0,0.24991163611412048,2,0,0.08614275604486465,2,0,0.19419364631175995
subject_14:sample_0000819,14,819,3,0,0,0,0,0.4635981023311615,0.1848105490207672,0.23361867666244507,0.4000000059604645,0.27151381969451904,0,0,0,0.21195442974567413,3,1,0.2587629556655884,0,0,0.25060534477233887,2,0,0.08590283989906311,2,0,0.1927734911441803
subject_14:sample_0000820,14,820,3,0,0,0,0,0.467352032661438,0.18993043899536133,0.23515689373016357,0.4000000059604645,0.2753375470638275,0,0,0,0.2154984474182129,3,1,0.2563304603099823,0,0,0.2511133551597595,2,0,0.08592496812343597,2,0,0.19113172590732574
subject_14:sample_0000821,14,821,3,0,0,0,0,0.4688877761363983,0.19164368510246277,0.23581117391586304,0.4000000059604645,0.2767212986946106,0,0,0,0.21693146228790283,3,1,0.2550464868545532,0,0,0.2513333559036255,2,0,0.08717712759971619,2,0,0.18951064348220825
subject_14:sample_0000822,14,822,3,0,0,0,0,0.47007983922958374,0.19308063387870789,0.23631662130355835,0.4000000059604645,0.27784430980682373,0,0,0,0.21834096312522888,3,1,0.25419333577156067,0,0,0.25118014216423035,2,0,0.08774340152740479,2,0,0.18854118883609772
subject_14:sample_0000823,14,823,3,0,0,0,0,0.4688054621219635,0.19086593389511108,0.23580396175384521,0.4000000059604645,0.2763274610042572,0,0,0,0.21858908236026764,3,1,0.2546508312225342,0,0,0.24962292611598969,2,0,0.08854073286056519,2,0,0.1885954588651657
subject_14:sample_0000824,14,824,3,0,0,0,0,0.4665276110172272,0.18663111329078674,0.2349345088005066,0.4000000059604645,0.2734866142272949,0,0,0,0.21762904524803162,3,1,0.25494900345802307,0,0,0.24819059669971466,2,0,0.08992745727300644,2,0,0.1893029659986496
subject_14:sample_0000825,14,825,3,0,0,0,0,0.4640832841396332,0.18233123421669006,0.23402094841003418,0.4000000059604645,0.27054357528686523,0,0,0,0.21696066856384277,3,1,0.25536441802978516,0,0,0.24626781046390533,2,0,0.09128927439451218,2,0,0.19011689722537994
subject_14:sample_0000826,14,826,3,0,0,0,0,0.4607601761817932,0.17605969309806824,0.2328352928161621,0.4000000059604645,0.2663143277168274,0,0,0,0.21541070938110352,3,1,0.25553154945373535,0,0,0.244095116853714,2,0,0.09291558712720871,2,0,0.19204606115818024
subject_14:sample_0000827,14,827,3,0,0,0,0,0.45954176783561707,0.17388668656349182,0.23239928483963013,0.4000000059604645,0.2648146450519562,0,0,0,0.21548761427402496,3,1,0.2557906210422516,0,0,0.2426193505525589,2,0,0.09363453835248947,2,0,0.1924668848514557
subject_14:sample_0000828,14,828,3,0,0,0,0,0.45989447832107544,0.17500561475753784,0.23250412940979004,0.4000000059604645,0.26548922061920166,0,0,0,0.21655073761940002,3,1,0.25611576437950134,0,0,0.24205374717712402,2,0,0.09353282302618027,2,0,0.19174595177173615
subject_14:sample_0000829,14,829,3,0,0,0,0,0.45967310667037964,0.17494302988052368,0.23240548372268677,0.4000000059604645,0.2653774321079254,0,0,0,0.21693670749664307,3,1,0.25647008419036865,0,0,0.24150675535202026,2,0,0.09385617077350616,2,0,0.19122934341430664
subject_14:sample_0000830,14,830,3,0,0,0,0,0.4590263366699219,0.17340752482414246,0.23220407962799072,0.4000000059604645,0.26439815759658813,0,0,0,0.21685642004013062,3,1,0.2561965882778168,0,0,0.24079596996307373,2,0,0.09442783892154694,2,0,0.19172219932079315
subject_14:sample_0000831,14,831,3,0,0,0,0,0.4601815342903137,0.1734553575515747,0.23278194665908813,0.4000000059604645,0.2648634612560272,0,0,0,0.21781271696090698,3,1,0.2539278566837311,0,0,0.24092745780944824,2,0,0.09500214457511902,2,0,0.19232891499996185
subject_14:sample_0000832,14,832,3,0,0,0,0,0.46177569031715393,0.17446297407150269,0.23351752758026123,0.4000000059604645,0.2659609913825989,0,0,0,0.21946869790554047,3,1,0.25183621048927307,0,0,0.24085088074207306,2,0,0.09522555768489838,2,0,0.19261763989925385
subject_14:sample_0000833,14,833,3,0,0,0,0,0.46385908126831055,0.17658782005310059,0.2344226837158203,0.4000000059604645,0.26778244972229004,0,0,0,0.22138072550296783,3,1,0.24995006620883942,0,0,0.24115140736103058,2,0,0.09537197649478912,2,0,0.19214482605457306
subject_14:sample_0000834,14,834,3,0,0,0,0,0.46634000539779663,0.17916306853294373,0.23551404476165771,0.4000000059604645,0.26997441053390503,0,0,0,0.22340989112854004,3,1,0.24777661263942719,0,0,0.2417633831501007,2,0,0.09535524249076843,2,0,0.19169394671916962
subject_14:sample_0000835,14,835,3,0,0,0,0,0.4728613495826721,0.1881704330444336,0.23828524351119995,0.4000000059604645,0.2767753601074219,0,0,0,0.22858227789402008,3,1,0.24384644627571106,0,0,0.2435302436351776,2,0,0.09444857388734818,2,0,0.1895914375782013
subject_14:sample_0000836,14,836,3,0,0,2,0,0.47941577434539795,0.19802501797676086,0.24111789464950562,0.4000000059604645,0.283936083316803,0,0,0,0.23376242816448212,3,1,0.24059417843818665,0,0,0.24517181515693665,2,0,0.09339132905006409,2,0,0.18707925081253052
subject_14:sample_0000837,14,837,3,0,0,2,0,0.48342612385749817,0.20461294054985046,0.24285942316055298,0.4000000059604645,0.2885400056838989,0,0,0,0.2370515763759613,3,1,0.23906110227108002,0,0,0.24601955711841583,2,0,0.09294238686561584,2,0,0.1849243938922882
subject_14:sample_0000838,14,838,3,0,0,2,0,0.48902249336242676,0.214521586894989,0.2452864646911621,0.4000000059604645,0.29522815346717834,0,0,0,0.2405809909105301,3,1,0.23766091465950012,0,0,0.24821597337722778,2,0,0.09211321920156479,2,0,0.18142803013324738
subject_14:sample_0000839,14,839,3,0,0,2,0,0.49357470870018005,0.22254452109336853,0.24733960628509521,0.4000000059604645,0.30062225461006165,0,0,0,0.24307382106781006,3,1,0.23644137382507324,0,0,0.25035005807876587,2,0,0.09200198203325272,2,0,0.1781318187713623
subject_14:sample_0000840,14,840,3,0,0,2,0,0.49637413024902344,0.2278045415878296,0.2486066222190857,0.4000000059604645,0.3040614724159241,0,0,0,0.24450139701366425,3,1,0.23602430522441864,0,0,0.2517586052417755,2,0,0.09217433631420135,2,0,0.17554040253162384
subject_14:sample_0000841,14,841,3,0,0,2,0,0.49928754568099976,0.23333758115768433,0.2499433159828186,0.4000000059604645,0.30765146017074585,0,0,0,0.24601851403713226,3,1,0.23567229509353638,0,0,0.25318875908851624,2,0,0.09211712330579758,2,0,0.1730024218559265
subject_14:sample_0000842,14,842,3,0,0,2,0,0.5008347630500793,0.23626279830932617,0.25066274404525757,0.4000000059604645,0.30954691767692566,0,0,0,0.24662154912948608,3,1,0.23551040887832642,0,0,0.2541531026363373,2,0,0.09274541586637497,2,0,0.17096854746341705
subject_14:sample_0000843,14,843,3,0,0,2,0,0.5027709603309631,0.24027979373931885,0.25153881311416626,0.4000000059604645,0.31205475330352783,0,0,0,0.24739289283752441,3,1,0.23576761782169342,0,0,0.25533589720726013,2,0,0.09318040311336517,2,0,0.16832222044467926
subject_14:sample_0000844,14,844,3,0,0,2,0,0.5054570436477661,0.24544218182563782,0.2528088092803955,0.4000000059604645,0.3153614103794098,0,0,0,0.24838405847549438,3,1,0.23571233451366425,0,0,0.25704875588417053,2,0,0.0935513824224472,2,0,0.16530248522758484
subject_14:sample_0000845,14,845,3,0,0,2,0,0.5083167552947998,0.2514835596084595,0.2541516423225403,0.4000000059604645,0.3190893530845642,0,0,0,0.24937401711940765,3,1,0.236285001039505,0,0,0.25892719626426697,2,0,0.09398800134658813,2,0,0.16142483055591583
subject_14:sample_0000846,14,846,3,0,0,2,0,0.5111358761787415,0.25687265396118164,0.2555261254310608,0.4000000059604645,0.32252487540245056,0,0,0,0.2501209080219269,3,1,0.23650896549224854,0,0,0.2610001266002655,2,0,0.09448952227830887,2,0,0.1578795462846756
subject_14:sample_0000847,14,847,3,0,0,2,0,0.5131510496139526,0.26112043857574463,0.2564850449562073,0.4000000059604645,0.32512426376342773,0,0,0,0.25041258335113525,3,1,0.23739531636238098,0,0,0.2627211809158325,2,0,0.09494038671255112,2,0,0.15452958643436432
subject_14:sample_0000848,14,848,3,0,0,2,0,0.5172991156578064,0.2677845060825348,0.2586536407470703,0.4000000059604645,0.32967185974121094,0,0,0,0.2520003914833069,3,1,0.23653987050056458,0,0,0.2652885913848877,2,0,0.09485294669866562,2,0,0.1513172835111618
subject_14:sample_0000849,14,849,3,0,0,2,0,0.5203580856323242,0.27270811796188354,0.2602996826171875,0.4000000059604645,0.3330360949039459,0,0,0,0.25314778089523315,3,1,0.23578651249408722,0,0,0.26720675826072693,2,0,0.09484769403934479,2,0,0.14901025593280792
subject_14:sample_0000850,14,850,3,0,0,2,0,0.5225266218185425,0.27639666199684143,0.2614870071411133,0.4000000059604645,0.3355035185813904,0,0,0,0.2542766332626343,3,1,0.2352554351091385,0,0,0.2682602107524872,2,0,0.09472254663705826,2,0,0.1474842131137848
subject_13:sample_0000000,13,0,1,3,0,3,0,0.5545618534088135,0.21522736549377441,0.32729417085647583,0.6000000238418579,0.3393089175224304,0,1,1,0.13534484803676605,3,0,0.18808172643184662,3,0,0.2475682646036148,3,0,0.2099774032831192,0,0,0.21902675926685333
subject_13:sample_0000001,13,1,1,3,0,3,0,0.5718059539794922,0.25030380487442017,0.3334382176399231,0.6000000238418579,0.3627247214317322,0,1,1,0.13466069102287292,3,0,0.18890370428562164,3,0,0.24699056148529053,3,0,0.21119263768196106,0,0,0.21825148165225983
subject_13:sample_0000002,13,2,1,3,0,3,0,0.6005690693855286,0.3083108067512512,0.3464992046356201,0.6000000238418579,0.4003298580646515,0,1,1,0.134110227227211,3,0,0.18966858088970184,3,0,0.2460557520389557,3,0,0.21278105676174164,0,0,0.21738335490226746
subject_13:sample_0000003,13,3,1,3,0,3,0,0.6160758137702942,0.3402469754219055,0.3543558120727539,0.6000000238418579,0.4203612208366394,0,1,1,0.1327253133058548,3,0,0.19173017144203186,3,0,0.24433287978172302,3,0,0.21528491377830505,0,0,0.21592581272125244
subject_13:sample_0000004,13,4,1,3,0,3,0,0.6138619184494019,0.33679208159446716,0.3523850440979004,0.6000000238418579,0.41765403747558594,0,1,1,0.13070349395275116,3,0,0.19451092183589935,3,0,0.24286070466041565,3,0,0.21767494082450867,0,0,0.21424895524978638
subject_13:sample_0000005,13,5,1,3,0,3,0,0.5859660506248474,0.2814021110534668,0.3374859690666199,0.6000000238418579,0.3817846477031708,0,1,1,0.1281985640525818,3,0,0.19772936403751373,3,0,0.24112902581691742,3,0,0.22083288431167603,0,0,0.21210922300815582
subject_13:sample_0000006,13,6,1,3,0,3,0,0.4729484021663666,0.05727317929267883,0.3041834831237793,0.4000000059604645,0.20197619497776031,0,1,1,0.12762828171253204,3,0,0.20225681364536285,0,0,0.24112878739833832,3,0,0.21722789108753204,0,0,0.21175718307495117
subject_13:sample_0000007,13,7,1,0,0,3,0,0.4503062963485718,0.01405036449432373,0.3007723093032837,0.4000000059604645,0.12392087280750275,0,1,1,0.12795871496200562,3,0,0.20655329525470734,0,0,0.24123264849185944,3,0,0.21179325878620148,0,0,0.21246112883090973
subject_13:sample_0000008,13,8,1,0,0,3,0,0.45403194427490234,0.023525327444076538,0.29883140325546265,0.4000000059604645,0.1472366899251938,0,1,1,0.12894263863563538,3,0,0.210321843624115,0,0,0.24082745611667633,3,0,0.2063763290643692,0,0,0.2135307937860489
subject_13:sample_0000009,13,9,1,0,0,3,0,0.45475882291793823,0.02674993872642517,0.29708826541900635,0.4000000059604645,0.15346044301986694,0,1,1,0.12989982962608337,3,0,0.21356971561908722,0,0,0.23988473415374756,3,0,0.2023296058177948,0,0,0.21431513130664825
subject_13:sample_0000010,13,10,1,0,0,3,0,0.4537215232849121,0.02607622742652893,0.2956107258796692,0.4000000059604645,0.15179288387298584,0,1,1,0.12981094419956207,3,0,0.21875883638858795,0,0,0.23752085864543915,3,0,0.19974417984485626,0,0,0.21416422724723816
subject_13:sample_0000011,13,11,1,0,0,3,0,0.4560820758342743,0.032134175300598145,0.2943599820137024,0.4000000059604645,0.1627907156944275,0,1,1,0.13005207479000092,3,0,0.22312209010124207,0,0,0.23561418056488037,3,0,0.19703903794288635,0,0,0.21417158842086792
subject_13:sample_0000012,13,12,1,0,0,3,0,0.4769776463508606,0.07530924677848816,0.29479092359542847,0.4000000059604645,0.2195938229560852,0,1,1,0.1303054690361023,3,0,0.22780664265155792,0,0,0.23338671028614044,3,0,0.19441664218902588,0,0,0.21408365666866302
subject_13:sample_0000013,13,13,1,0,0,3,0,0.5137556791305542,0.1503901183605194,0.30022484064102173,0.4000000059604645,0.2851943075656891,0,1,1,0.131291925907135,3,0,0.23011143505573273,0,0,0.23233112692832947,3,0,0.19166754186153412,0,0,0.21459701657295227
subject_13:sample_0000014,13,14,1,0,0,3,0,0.5601143836975098,0.24491173028945923,0.31403231620788574,0.4000000059604645,0.35055291652679443,0,1,1,0.13266649842262268,3,0,0.23127445578575134,0,0,0.23180535435676575,3,0,0.18908989429473877,0,0,0.21516278386116028
subject_13:sample_0000015,13,15,1,0,0,3,0,0.6424856781959534,0.4114812910556793,0.3596435785293579,0.6000000238418579,0.45641711354255676,0,1,1,0.13355134427547455,0,0,0.2327265590429306,0,0,0.23141184449195862,3,0,0.18692010641098022,0,0,0.2153891921043396
subject_13:sample_0000016,13,16,1,0,0,3,0,0.6761645078659058,0.4803714454174042,0.3860793709754944,0.6000000238418579,0.5005360841751099,0,1,1,0.1343483030796051,0,0,0.23313528299331665,0,0,0.23192840814590454,3,0,0.1848534345626831,0,0,0.2157335728406906
subject_13:sample_0000017,13,17,1,0,0,3,0,0.6803848147392273,0.4907814860343933,0.388624370098114,0.6000000238418579,0.506280243396759,0,1,1,0.13550317287445068,0,0,0.23227401077747345,0,0,0.2325388491153717,3,0,0.18367698788642883,0,0,0.21600604057312012
subject_13:sample_0000018,13,18,1,0,0,3,0,0.6808194518089294,0.4933337867259979,0.38790756464004517,0.6000000238418579,0.5069522261619568,0,1,1,0.13670024275779724,0,0,0.23097600042819977,0,0,0.23345047235488892,3,0,0.18239106237888336,0,0,0.21648122370243073
subject_13:sample_0000019,13,19,1,0,0,3,0,0.6814504861831665,0.49604952335357666,0.3874773383140564,0.6000000238418579,0.5078497529029846,0,1,1,0.1380283385515213,0,0,0.2305307388305664,0,0,0.2341568022966385,3,0,0.18043972551822662,0,0,0.21684342622756958
subject_13:sample_0000020,13,20,1,0,0,3,0,0.6819769144058228,0.49833953380584717,0.3868975043296814,0.6000000238418579,0.5085070133209229,0,1,1,0.1391243189573288,0,0,0.23025764524936676,0,0,0.2345965951681137,3,0,0.17882487177848816,0,0,0.21719560027122498
subject_13:sample_0000021,13,21,1,0,0,3,0,0.6819400787353516,0.4991799592971802,0.3858528137207031,0.6000000238418579,0.5083252191543579,0,1,1,0.1398800164461136,0,0,0.22980645298957825,0,0,0.23473092913627625,3,0,0.1781204491853714,0,0,0.21746115386486053
subject_13:sample_0000022,13,22,1,0,0,3,0,0.6820034384727478,0.49983519315719604,0.3851310610771179,0.6000000238418579,0.5082460045814514,0,1,1,0.140426903963089,0,0,0.22987018525600433,0,0,0.23462536931037903,3,0,0.17748259007930756,0,0,0.21759401261806488
subject_13:sample_0000023,13,23,1,0,0,3,0,0.6829538345336914,0.5021288990974426,0.38518404960632324,0.6000000238418579,0.5092819333076477,0,1,1,0.14103353023529053,0,0,0.23087961971759796,0,0,0.23457975685596466,3,0,0.17567181587219238,0,0,0.21783429384231567
subject_13:sample_0000024,13,24,1,0,0,3,0,0.6840510368347168,0.5053468346595764,0.38478416204452515,0.6000000238418579,0.5104639530181885,0,1,1,0.14217902719974518,0,0,0.23122723400592804,0,0,0.23517122864723206,3,0,0.17299704253673553,0,0,0.2184244841337204
subject_13:sample_0000025,13,25,1,0,0,3,0,0.6852553486824036,0.5085266828536987,0.38501596450805664,0.6000000238418579,0.5119351744651794,0,1,1,0.14311186969280243,0,0,0.23149485886096954,0,0,0.23588165640830994,3,0,0.17045453190803528,0,0,0.2190561294555664
subject_13:sample_0000026,13,26,1,0,0,3,0,0.6868788599967957,0.5123399496078491,0.38611871004104614,0.6000000238418579,0.5141064524650574,0,1,1,0.14366407692432404,0,0,0.23119239509105682,0,0,0.23677262663841248,3,0,0.16880644857883453,0,0,0.21956351399421692
subject_13:sample_0000027,13,27,1,0,0,3,0,0.6878124475479126,0.514346718788147,0.3870542645454407,0.6000000238418579,0.5154255628585815,0,1,1,0.14363592863082886,0,0,0.2302059531211853,0,0,0.2378477305173874,3,0,0.16826391220092773,0,0,0.22004549205303192
subject_13:sample_0000028,13,28,1,0,0,3,0,0.6880453824996948,0.5143120884895325,0.3886166214942932,0.6000000238418579,0.5161648392677307,0,1,1,0.1433553695678711,0,0,0.22950978577136993,0,0,0.23855067789554596,3,0,0.16825513541698456,0,0,0.22032812237739563
subject_13:sample_0000029,13,29,1,0,0,3,0,0.6879425048828125,0.5133618116378784,0.38979268074035645,0.6000000238418579,0.5163407921791077,0,1,1,0.14294880628585815,0,0,0.2290717214345932,0,0,0.23896664381027222,3,0,0.16859255731105804,0,0,0.2204192876815796
subject_13:sample_0000030,13,30,1,0,0,3,0,0.6871951818466187,0.5113610029220581,0.38948148488998413,0.6000000238418579,0.5153450965881348,0,1,1,0.142587810754776,0,0,0.228441059589386,0,0,0.23914949595928192,3,0,0.16951867938041687,0,0,0.22030197083950043
subject_13:sample_0000031,13,31,1,0,0,3,0,0.6866425275802612,0.5099176168441772,0.3892058730125427,0.6000000238418579,0.5146002769470215,0,1,1,0.142400860786438,0,0,0.22787873446941376,0,0,0.23946665227413177,3,0,0.16998796164989471,0,0,0.22026480734348297
subject_13:sample_0000032,13,32,1,0,0,3,0,0.6857212781906128,0.507949709892273,0.38808363676071167,0.6000000238418579,0.5132132768630981,0,1,1,0.14206743240356445,0,0,0.22675158083438873,0,0,0.23979367315769196,3,0,0.17130552232265472,0,0,0.22008085250854492
subject_13:sample_0000033,13,33,1,0,0,3,0,0.6841832399368286,0.5044687390327454,0.38676226139068604,0.6000000238418579,0.5110737681388855,0,1,1,0.14173367619514465,0,0,0.22582732141017914,0,0,0.23995700478553772,3,0,0.1728522628545761,0,0,0.21962879598140717
subject_13:sample_0000034,13,34,1,0,0,3,0,0.6822062730789185,0.5005865097045898,0.3840029239654541,0.6000000238418579,0.5080538988113403,0,1,1,0.14150568842887878,0,0,0.2244701385498047,0,0,0.24025003612041473,3,0,0.174725741147995,0,0,0.2190473973751068
subject_13:sample_0000035,13,35,1,0,0,3,0,0.6808011531829834,0.4978902339935303,0.3817310333251953,0.6000000238418579,0.5057902336120605,0,1,1,0.14105252921581268,0,0,0.22247998416423798,0,0,0.24111603200435638,3,0,0.17668470740318298,0,0,0.21866583824157715
subject_13:sample_0000036,13,36,1,0,0,3,0,0.678147554397583,0.49217385053634644,0.37908029556274414,0.6000000238418579,0.5020241737365723,0,1,1,0.14025181531906128,0,0,0.2199166864156723,0,0,0.24175618588924408,3,0,0.1800212860107422,0,0,0.21805307269096375
subject_13:sample_0000037,13,37,1,0,0,3,0,0.6756618022918701,0.48665404319763184,0.37647581100463867,0.6000000238418579,0.4983818531036377,0,1,1,0.1392916887998581,0,0,0.21721214056015015,0,0,0.24258384108543396,3,0,0.1835499256849289,0,0,0.2173614501953125
subject_13:sample_0000038,13,38,1,0,0,3,0,0.6725014448165894,0.4794690012931824,0.37363821268081665,0.6000000238418579,0.49389541149139404,0,1,1,0.138144388794899,0,0,0.21491481363773346,0,0,0.24263018369674683,3,0,0.1879860907793045,0,0,0.21632353961467743
subject_13:sample_0000039,13,39,1,0,0,3,0,0.6709302067756653,0.47594326734542847,0.3720148801803589,0.6000000238418579,0.49158382415771484,0,1,1,0.1375819593667984,0,0,0.2135167270898819,0,0,0.24292509257793427,3,0,0.19010241329669952,0,0,0.2158728539943695
subject_13:sample_0000040,13,40,1,0,0,3,0,0.6698896884918213,0.47375816106796265,0.37090498208999634,0.6000000238418579,0.4900881350040436,0,1,1,0.1373290866613388,0,0,0.21220670640468597,0,0,0.2431783229112625,3,0,0.19166190922260284,0,0,0.21562302112579346
subject_13:sample_0000041,13,41,1,0,0,3,0,0.6689663529396057,0.4717714190483093,0.3702489137649536,0.6000000238418579,0.48888859152793884,0,1,1,0.13711901009082794,0,0,0.21117942035198212,0,0,0.2433333396911621,3,0,0.19291938841342926,0,0,0.2154478281736374
subject_13:sample_0000042,13,42,2,1,0,2,1,0.6170056462287903,0.23418864607810974,0.518742561340332,0.4000000059604645,0.4216339886188507,0,2,1,0.11047372967004776,1,0,0.32026413083076477,2,1,0.13456302881240845,2,1,0.13316720724105835,1,0,0.3015309274196625
subject_13:sample_0000043,13,43,2,1,0,2,1,0.6183782815933228,0.23693710565567017,0.5191981196403503,0.4000000059604645,0.42371460795402527,0,2,1,0.10989940166473389,1,0,0.3212921917438507,2,1,0.1337636262178421,2,1,0.13237883150577545,1,0,0.30266499519348145
subject_13:sample_0000044,13,44,2,1,0,2,1,0.6198153495788574,0.23981323838233948,0.5196912288665771,0.4000000059604645,0.42588624358177185,0,2,1,0.10976126044988632,1,0,0.322334885597229,2,1,0.13322392106056213,2,1,0.13162708282470703,1,0,0.30305182933807373
subject_13:sample_0000045,13,45,2,1,0,2,1,0.6209837198257446,0.24215108156204224,0.5200981497764587,0.4000000059604645,0.42764559388160706,0,2,1,0.11010104417800903,1,0,0.32290777564048767,2,1,0.13304556906223297,2,1,0.1312050074338913,1,0,0.30273962020874023
subject_13:sample_0000046,13,46,2,1,0,2,1,0.6232352256774902,0.24665549397468567,0.5209002494812012,0.4000000059604645,0.43102163076400757,0,2,1,0.10951600223779678,1,0,0.3243478238582611,2,1,0.1323649138212204,2,1,0.1301722377538681,1,0,0.3035981059074402
subject_13:sample_0000047,13,47,2,1,0,2,1,0.6247785091400146,0.24974337220191956,0.5214567184448242,0.4000000059604645,0.43332403898239136,0,2,1,0.10874427855014801,1,0,0.32550501823425293,2,1,0.132077157497406,2,1,0.12921951711177826,1,0,0.30445313453674316
subject_13:sample_0000048,13,48,2,1,0,2,1,0.6252740025520325,0.25073686242103577,0.5216244459152222,0.4000000059604645,0.4340590536594391,0,2,1,0.10811949521303177,1,0,0.3258439600467682,2,1,0.13194289803504944,2,1,0.1287854015827179,1,0,0.3053073585033417
subject_13:sample_0000049,13,49,2,1,0,2,1,0.6268353462219238,0.25386038422584534,0.5222008228302002,0.4000000059604645,0.4363771080970764,0,2,1,0.1071774810552597,1,0,0.3267183303833008,2,1,0.13214989006519318,2,1,0.1281135529279709,1,0,0.30583977699279785
subject_13:sample_0000050,13,50,2,1,0,2,1,0.6281545162200928,0.2565004825592041,0.5226876735687256,0.4000000059604645,0.43832775950431824,0,2,1,0.10653872042894363,1,0,0.32768040895462036,2,1,0.13196848332881927,2,1,0.12742464244365692,1,0,0.3063868284225464
subject_13:sample_0000051,13,51,2,1,0,2,1,0.6289499998092651,0.2580927908420563,0.5229815244674683,0.4000000059604645,0.4395005404949188,0,2,1,0.10626596212387085,1,0,0.32839977741241455,2,1,0.13172130286693573,2,1,0.1268787384033203,1,0,0.3067331910133362
subject_13:sample_0000052,13,52,2,1,0,2,1,0.6292911767959595,0.25877845287323,0.5230929255485535,0.4000000059604645,0.44000017642974854,0,2,1,0.1064264327287674,1,0,0.32898351550102234,2,1,0.13097207248210907,2,1,0.12653903663158417,1,0,0.30707788467407227
subject_13:sample_0000053,13,53,2,1,0,2,1,0.6317939758300781,0.2637902498245239,0.5240219831466675,0.4000000059604645,0.44367122650146484,0,2,1,0.10584832727909088,1,0,0.33074554800987244,2,1,0.12913627922534943,2,1,0.12562233209609985,1,0,0.3086465001106262
subject_13:sample_0000054,13,54,2,1,0,2,1,0.6338093876838684,0.26782628893852234,0.5247834324836731,0.4000000059604645,0.44661226868629456,0,2,1,0.10585879534482956,1,0,0.33167657256126404,2,1,0.12843945622444153,2,1,0.12502335011959076,1,0,0.3090008795261383
subject_13:sample_0000055,13,55,2,1,0,2,1,0.6355581283569336,0.2713296413421631,0.5254470109939575,0.4000000059604645,0.44915252923965454,0,2,1,0.10631182789802551,1,0,0.3324618935585022,2,1,0.12680566310882568,2,1,0.1247963085770607,1,0,0.3096233606338501
subject_13:sample_0000056,13,56,2,1,0,2,1,0.6369671821594238,0.27415531873703003,0.5259727239608765,0.4000000059604645,0.4511895179748535,0,2,1,0.1066974475979805,1,0,0.3331930339336395,2,1,0.12493613362312317,2,1,0.12447111308574677,1,0,0.31070125102996826
subject_13:sample_0000057,13,57,2,1,0,2,1,0.6371805667877197,0.2745926082134247,0.5259988307952881,0.4000000059604645,0.45148715376853943,0,2,1,0.10714725404977798,1,0,0.3335069715976715,2,1,0.12303359061479568,2,1,0.12432302534580231,1,0,0.3119881749153137
subject_13:sample_0000058,13,58,2,1,0,2,1,0.6370576024055481,0.27436375617980957,0.5258532762527466,0.4000000059604645,0.45129096508026123,0,2,1,0.10694719105958939,1,0,0.334591805934906,2,1,0.12044823914766312,2,1,0.12365399301052094,1,0,0.31435781717300415
subject_13:sample_0000059,13,59,2,1,0,2,1,0.6372902393341064,0.2748452126979828,0.5258582830429077,0.4000000059604645,0.451611191034317,0,2,1,0.10680349916219711,1,0,0.3358074128627777,2,1,0.11800886690616608,2,1,0.1230839341878891,1,0,0.3162952661514282
subject_13:sample_0000060,13,60,2,1,0,2,1,0.6360068321228027,0.2722969949245453,0.5252366065979004,0.4000000059604645,0.44973137974739075,0,2,1,0.10639471560716629,1,0,0.33701255917549133,2,1,0.11597208678722382,2,1,0.12241636961698532,1,0,0.31820324063301086
subject_13:sample_0000061,13,61,2,1,0,2,1,0.6306525468826294,0.2616126835346222,0.5229907631874084,0.4000000059604645,0.4418901205062866,0,2,1,0.10579037666320801,1,0,0.338433176279068,2,1,0.11387116461992264,2,1,0.12144837528467178,1,0,0.32045599818229675
subject_13:sample_0000062,13,62,2,1,0,2,1,0.6201412677764893,0.24061766266822815,0.5189510583877563,0.4000000059604645,0.42623406648635864,0,2,1,0.10519508272409439,1,0,0.3395552635192871,2,1,0.11180691421031952,2,1,0.12076390534639359,1,0,0.32267794013023376
subject_13:sample_0000063,13,63,2,1,0,2,1,0.6099890470504761,0.22033259272575378,0.5154110789299011,0.4000000059604645,0.41069379448890686,0,2,1,0.10454434156417847,1,0,0.34029868245124817,2,1,0.11061209440231323,2,1,0.12029195576906204,1,0,0.3242518901824951
subject_13:sample_0000064,13,64,2,1,0,2,1,0.6016073822975159,0.20358046889305115,0.5127477645874023,0.4000000059604645,0.3974821865558624,0,2,1,0.10448563098907471,1,0,0.34006303548812866,2,1,0.1104011982679367,2,1,0.12031196802854538,1,0,0.3247372806072235
subject_13:sample_0000065,13,65,3,3,1,3,1,0.6810120344161987,0.37085843086242676,0.5153805017471313,0.6000000238418579,0.5067926645278931,0,1,0,0.1406688243150711,1,0,0.20099091529846191,3,1,0.29468095302581787,3,1,0.17012368142604828,3,1,0.1935347020626068
subject_13:sample_0000066,13,66,3,3,1,3,1,0.6810081601142883,0.3708934187889099,0.5152493715286255,0.6000000238418579,0.5067646503448486,0,1,0,0.1405407041311264,1,0,0.20076441764831543,3,1,0.29489967226982117,3,1,0.17018666863441467,3,1,0.19360758364200592
subject_13:sample_0000067,13,67,3,3,1,3,1,0.6792218685150146,0.3691335916519165,0.5093109607696533,0.6000000238418579,0.503569483757019,0,1,0,0.14026202261447906,1,0,0.20063771307468414,3,1,0.29464197158813477,3,1,0.17065849900245667,3,1,0.1937987506389618
subject_13:sample_0000068,13,68,3,3,1,3,1,0.677344560623169,0.36724743247032166,0.5035302639007568,0.6000000238418579,0.5003393292427063,0,1,0,0.14009836316108704,1,0,0.2011859267950058,3,1,0.2940249741077423,3,1,0.1710004061460495,3,1,0.19368945062160492
subject_13:sample_0000069,13,69,3,3,1,3,1,0.6735295057296753,0.3631993234157562,0.4929325580596924,0.6000000238418579,0.4940410554409027,0,1,0,0.1400449126958847,1,0,0.2015594244003296,3,1,0.2929874658584595,3,1,0.17163623869419098,3,1,0.19377100467681885
subject_13:sample_0000070,13,70,3,3,1,3,1,0.6685829162597656,0.35788339376449585,0.48032426834106445,0.6000000238418579,0.4861949384212494,0,1,0,0.14003174006938934,1,0,0.20189844071865082,3,1,0.29197993874549866,3,1,0.17225489020347595,3,1,0.19383405148983002
subject_13:sample_0000071,13,71,3,3,1,3,1,0.660627007484436,0.3497432768344879,0.46112412214279175,0.6000000238418579,0.4740685820579529,0,1,0,0.13983137905597687,1,0,0.2020760476589203,3,1,0.2908529043197632,3,1,0.17322874069213867,3,1,0.19400997459888458
subject_13:sample_0000072,13,72,3,3,1,3,1,0.6532720327377319,0.3423512279987335,0.44478023052215576,0.6000000238418579,0.4633442759513855,0,1,0,0.13954773545265198,1,0,0.2019006609916687,3,1,0.2900782823562622,3,1,0.17429280281066895,3,1,0.19417953491210938
subject_13:sample_0000073,13,73,3,3,1,3,1,0.6398433446884155,0.3288734555244446,0.41777926683425903,0.6000000238418579,0.4446480870246887,0,1,0,0.13946616649627686,1,0,0.20199669897556305,3,1,0.2890346050262451,3,1,0.17517170310020447,3,1,0.1943299025297165
subject_13:sample_0000074,13,74,3,3,1,3,1,0.6255664825439453,0.31474271416664124,0.3921983242034912,0.6000000238418579,0.42583850026130676,0,1,0,0.1393861323595047,1,0,0.20238859951496124,3,1,0.28785237669944763,3,1,0.1760798692703247,3,1,0.1942921280860901
subject_13:sample_0000075,13,75,3,3,1,3,1,0.615476131439209,0.30498799681663513,0.37570059299468994,0.6000000238418579,0.4131539762020111,0,1,0,0.13940326869487762,1,0,0.20327207446098328,3,1,0.2864041328430176,3,1,0.17703773081302643,3,1,0.19388186931610107
subject_13:sample_0000076,13,76,3,3,1,3,1,0.6114569902420044,0.3018375039100647,0.3688455820083618,0.6000000238418579,0.4083142578601837,0,1,0,0.13942989706993103,1,0,0.20407366752624512,3,1,0.28560784459114075,3,1,0.17761264741420746,3,1,0.19327498972415924
subject_13:sample_0000077,13,77,3,3,1,3,1,0.6184989809989929,0.3104631006717682,0.3782219886779785,0.6000000238418579,0.4172201156616211,0,1,0,0.13934734463691711,1,0,0.2045702189207077,3,1,0.2858581244945526,3,1,0.17790250480175018,3,1,0.19232089817523956
subject_13:sample_0000078,13,78,3,3,1,3,1,0.6262694001197815,0.31986120343208313,0.38904428482055664,0.6000000238418579,0.4271436333656311,0,1,0,0.13935844600200653,1,0,0.2048977017402649,3,1,0.2863706350326538,3,1,0.17804977297782898,3,1,0.19132250547409058
subject_13:sample_0000079,13,79,3,3,1,3,1,0.6394944787025452,0.33566439151763916,0.4087960124015808,0.6000000238418579,0.4443749189376831,0,1,0,0.13925178349018097,1,0,0.2053576558828354,3,1,0.2875078320503235,3,1,0.17779570817947388,3,1,0.19008611142635345
subject_13:sample_0000080,13,80,3,3,1,3,1,0.655887246131897,0.355852872133255,0.43488872051239014,0.6000000238418579,0.4664723873138428,0,1,0,0.13915061950683594,1,0,0.206394225358963,3,1,0.28905224800109863,3,1,0.17701037228107452,3,1,0.1883915811777115
subject_13:sample_0000081,13,81,3,3,1,3,1,0.6749054193496704,0.3791620433330536,0.4690732955932617,0.6000000238418579,0.49329057335853577,0,1,0,0.13927657902240753,1,0,0.20730265974998474,3,1,0.2913748025894165,3,1,0.17546148598194122,3,1,0.18658357858657837
subject_13:sample_0000082,13,82,3,3,1,3,1,0.6917840242385864,0.40068429708480835,0.5027519464492798,0.6000000238418579,0.5184523463249207,0,1,0,0.13941892981529236,1,0,0.20790830254554749,3,1,0.29435405135154724,3,1,0.1736673265695572,3,1,0.1846504509449005
subject_13:sample_0000083,13,83,3,3,1,3,1,0.7071925401687622,0.4235590994358063,0.5313321352005005,0.6000000238418579,0.5419250726699829,0,1,0,0.14004720747470856,1,0,0.20942886173725128,3,1,0.2974153459072113,3,1,0.17079763114452362,3,1,0.18230998516082764
subject_13:sample_0000084,13,84,3,3,1,3,1,0.7218671441078186,0.4488855004310608,0.55279541015625,0.6000000238418579,0.5637056827545166,0,1,0,0.14077208936214447,1,0,0.2112789750099182,3,1,0.30020034313201904,3,1,0.1678115725517273,3,1,0.17993603646755219
subject_13:sample_0000085,13,85,3,3,1,3,1,0.7357156276702881,0.47502997517585754,0.5679556727409363,0.6000000238418579,0.5833310484886169,0,1,0,0.14164739847183228,1,0,0.21357014775276184,3,1,0.3012988567352295,3,1,0.16567595303058624,3,1,0.17780664563179016
subject_13:sample_0000086,13,86,3,3,1,3,1,0.7523097395896912,0.50727379322052,0.5842897891998291,0.6000000238418579,0.6063952445983887,0,1,0,0.14261233806610107,1,0,0.21596360206604004,3,1,0.30182114243507385,3,1,0.16383551061153412,3,1,0.1757664531469345
subject_13:sample_0000087,13,87,3,3,1,3,1,0.7717478275299072,0.5456867814064026,0.6025460958480835,0.800000011920929,0.6330962181091309,0,1,0,0.1438685804605484,3,1,0.2187403291463852,3,1,0.301583856344223,3,1,0.16183426976203918,3,1,0.1739719659090042
subject_13:sample_0000088,13,88,3,3,1,3,1,0.7975115776062012,0.5967435836791992,0.6286630630493164,0.800000011920929,0.6688276529312134,0,1,0,0.14535830914974213,3,1,0.22231794893741608,3,1,0.30093008279800415,3,1,0.15968164801597595,3,1,0.1717110574245453
subject_13:sample_0000089,13,89,3,3,1,3,1,0.8217759132385254,0.6449807286262512,0.6554031372070312,0.800000011920929,0.7029690742492676,1,1,0,0.14697426557540894,3,1,0.22589609026908875,3,1,0.2997066080570221,3,1,0.1577717661857605,3,1,0.16965033113956451
subject_13:sample_0000090,13,90,3,3,1,3,1,0.8394563794136047,0.6801813840866089,0.6764925718307495,0.800000011920929,0.7282748818397522,1,1,0,0.14852936565876007,3,1,0.2290038913488388,3,1,0.29817837476730347,3,1,0.156219020485878,3,1,0.16806834936141968
subject_13:sample_0000091,13,91,3,3,1,3,1,0.8518403172492981,0.7048749923706055,0.6920912265777588,0.800000011920929,0.7462388873100281,1,1,0,0.15000459551811218,3,1,0.2319221943616867,3,1,0.29638341069221497,3,1,0.15492427349090576,3,1,0.1667645424604416
subject_13:sample_0000092,13,92,3,3,1,3,1,0.8622501492500305,0.7256494760513306,0.7058048248291016,0.800000011920929,0.761520504951477,1,1,0,0.15165294706821442,3,1,0.2349947690963745,3,1,0.2943548858165741,3,1,0.15358255803585052,3,1,0.16541387140750885
subject_13:sample_0000093,13,93,3,3,1,3,1,0.8690285682678223,0.7392024993896484,0.7150112390518188,0.800000011920929,0.7715607285499573,1,1,0,0.15343639254570007,3,1,0.2377547323703766,3,1,0.2921259105205536,3,1,0.15232181549072266,3,1,0.16436022520065308
subject_13:sample_0000094,13,94,3,3,1,3,1,0.8750112056732178,0.7511736154556274,0.723354697227478,0.800000011920929,0.7804918885231018,1,1,0,0.15542826056480408,3,1,0.24079294502735138,3,1,0.2894197702407837,3,1,0.15106254816055298,3,1,0.16329550743103027
subject_13:sample_0000095,13,95,3,3,1,3,1,0.880715548992157,0.7626240253448486,0.7313935160636902,0.800000011920929,0.7890401482582092,1,1,0,0.15747681260108948,3,1,0.2438288927078247,3,1,0.28645050525665283,3,1,0.14998112618923187,3,1,0.1622617095708847
subject_13:sample_0000096,13,96,3,3,1,3,1,0.886432945728302,0.7740857005119324,0.7397351861000061,0.800000011920929,0.7976953387260437,1,1,0,0.15974922478199005,3,1,0.24677832424640656,3,1,0.282878041267395,3,1,0.1490645706653595,3,1,0.1615288108587265
subject_13:sample_0000097,13,97,3,3,1,3,1,0.8922914862632751,0.785871148109436,0.7483876943588257,0.800000011920929,0.8066062927246094,1,1,0,0.1621827334165573,3,1,0.24952064454555511,3,1,0.2792198956012726,3,1,0.14822451770305634,3,1,0.16085125505924225
subject_13:sample_0000098,13,98,3,3,1,3,1,0.8977177143096924,0.7968652248382568,0.7563897371292114,0.800000011920929,0.8148732781410217,1,1,0,0.16438566148281097,3,1,0.25153905153274536,3,1,0.2764180600643158,3,1,0.14735034108161926,3,1,0.1603059023618698
subject_13:sample_0000099,13,99,3,3,1,3,1,0.9025534391403198,0.8067018985748291,0.7636255025863647,0.800000011920929,0.8222845196723938,1,1,0,0.16652269661426544,3,1,0.25331684947013855,3,1,0.27285194396972656,3,1,0.1469084769487381,3,1,0.16039907932281494
subject_13:sample_0000100,13,100,3,3,1,3,1,0.9065467119216919,0.8149279356002808,0.7694724798202515,0.800000011920929,0.8283886909484863,1,1,0,0.16854576766490936,3,1,0.25479772686958313,3,1,0.2690899670124054,3,1,0.14668631553649902,3,1,0.16087926924228668
subject_13:sample_0000101,13,101,3,3,1,3,1,0.9094759225845337,0.8209972381591797,0.7737771272659302,0.800000011920929,0.832880973815918,1,1,0,0.17000259459018707,3,1,0.25571712851524353,3,1,0.2657327353954315,3,1,0.14682236313819885,3,1,0.16172420978546143
subject_13:sample_0000102,13,102,3,3,1,3,1,0.9129970073699951,0.828168511390686,0.7794115543365479,1.0,0.8384007215499878,1,3,1,0.17133145034313202,3,1,0.2569032907485962,3,1,0.2623995542526245,3,1,0.14692111313343048,3,1,0.162443608045578
subject_13:sample_0000103,13,103,3,3,1,3,1,0.9158133864402771,0.8340640664100647,0.783602237701416,1.0,0.8427537679672241,1,3,1,0.17269302904605865,3,1,0.2580280601978302,3,1,0.2587797939777374,3,1,0.14723016321659088,3,1,0.16326802968978882
subject_13:sample_0000104,13,104,3,3,1,3,1,0.9195277094841003,0.8416539430618286,0.7897471189498901,1.0,0.8486503958702087,1,3,1,0.17420807480812073,3,1,0.2599071264266968,3,1,0.2545193135738373,3,1,0.14759066700935364,3,1,0.163773775100708
subject_13:sample_0000105,13,105,3,3,1,3,1,0.9219355583190918,0.8466032147407532,0.7937451601028442,1.0,0.8524858951568604,1,3,1,0.17574959993362427,3,1,0.26189735531806946,3,1,0.24976611137390137,3,1,0.14820760488510132,3,1,0.16437838971614838
subject_13:sample_0000106,13,106,3,3,1,3,1,0.9236028790473938,0.8500198125839233,0.7965801358222961,1.0,0.8551610708236694,1,3,1,0.17704394459724426,3,1,0.26367831230163574,3,1,0.2455979287624359,3,1,0.14881932735443115,3,1,0.16485954821109772
subject_13:sample_0000107,13,107,3,3,1,3,1,0.9254085421562195,0.853626549243927,0.7999053001403809,1.0,0.8581173419952393,1,3,1,0.17848964035511017,3,1,0.2656821012496948,3,1,0.24106207489967346,3,1,0.14953568577766418,3,1,0.16522949934005737
subject_13:sample_0000108,13,108,3,3,1,3,1,0.9278709888458252,0.8584937453269958,0.8046152591705322,1.0,0.8621927499771118,1,3,1,0.1798393279314041,3,1,0.2673527002334595,3,1,0.2374873161315918,3,1,0.15003657341003418,3,1,0.16528306901454926
subject_13:sample_0000109,13,109,3,3,1,3,1,0.9296969771385193,0.8622690439224243,0.8077671527862549,1.0,0.8651474714279175,1,3,1,0.18100568652153015,3,1,0.26849430799484253,3,1,0.2349034696817398,3,1,0.1503138691186905,3,1,0.16528168320655823
subject_13:sample_0000110,13,110,3,3,1,3,1,0.9312818050384521,0.8655723333358765,0.8104815483093262,1.0,0.8677125573158264,1,3,1,0.18176361918449402,3,1,0.2691482901573181,3,1,0.2338375747203827,3,1,0.15036562085151672,3,1,0.16488391160964966
subject_13:sample_0000111,13,111,3,3,1,3,1,0.9340229034423828,0.8709101676940918,0.816089391708374,1.0,0.8723475337028503,1,3,1,0.18285566568374634,3,1,0.269965797662735,3,1,0.23168201744556427,3,1,0.15081100165843964,3,1,0.16468445956707
subject_13:sample_0000112,13,112,3,3,1,3,1,0.9346730709075928,0.872077465057373,0.8176546692848206,1.0,0.8734972476959229,1,3,1,0.183757945895195,3,1,0.2707039713859558,3,1,0.2290637344121933,3,1,0.151484876871109,3,1,0.16498848795890808
subject_13:sample_0000113,13,113,3,3,1,3,1,0.9347484111785889,0.8722048401832581,0.8178548812866211,1.0,0.8736346364021301,1,3,1,0.18446969985961914,3,1,0.27139875292778015,3,1,0.22655659914016724,3,1,0.15217921137809753,3,1,0.16539475321769714
subject_13:sample_0000114,13,114,0,0,1,0,1,0.9999600648880005,0.999930202960968,0.9996676445007324,1.0,0.9998526573181152,1,0,1,0.20903947949409485,0,1,0.18663835525512695,0,1,0.19154739379882812,0,1,0.20375284552574158,0,1,0.20902089774608612
subject_13:sample_0000115,13,115,0,0,1,0,1,0.999960720539093,0.999931275844574,0.9996724128723145,1.0,0.9998548030853271,1,0,1,0.2090218961238861,0,1,0.18677861988544464,0,1,0.1915121227502823,0,1,0.20368745923042297,0,1,0.20899902284145355
subject_13:sample_0000116,13,116,0,0,1,0,1,0.9999625086784363,0.9999345541000366,0.9996862411499023,1.0,0.9998610615730286,1,0,1,0.20894183218479156,0,1,0.18684816360473633,0,1,0.1919950544834137,0,1,0.20327183604240417,0,1,0.20894213020801544
subject_13:sample_0000117,13,117,0,0,1,0,1,0.9999640583992004,0.9999375939369202,0.9996981620788574,1.0,0.9998666048049927,1,0,1,0.20880554616451263,0,1,0.18679757416248322,0,1,0.19256573915481567,0,1,0.20302413403987885,0,1,0.20880606770515442
subject_13:sample_0000118,13,118,0,0,1,0,1,0.9999671578407288,0.999943196773529,0.9997221231460571,1.0,0.9998774528503418,1,0,1,0.2081596553325653,0,1,0.18676497042179108,0,1,0.19382835924625397,0,1,0.20250776410102844,0,1,0.2087382823228836
subject_13:sample_0000119,13,119,0,0,1,0,1,0.9999694228172302,0.9999476075172424,0.999739944934845,1.0,0.9998856782913208,1,0,1,0.20738551020622253,0,1,0.1864926666021347,0,1,0.19539709389209747,0,1,0.20212826132774353,0,1,0.20859546959400177
subject_13:sample_0000120,13,120,0,0,1,0,1,0.9999711513519287,0.9999510049819946,0.9997531175613403,1.0,0.9998917579650879,1,0,1,0.20677271485328674,0,1,0.186196967959404,0,1,0.19717535376548767,0,1,0.20147722959518433,0,1,0.20837676525115967
subject_13:sample_0000121,13,121,0,0,1,0,1,0.9999719858169556,0.9999527931213379,0.9997597336769104,1.0,0.9998947978019714,1,0,1,0.206287682056427,0,1,0.18581734597682953,0,1,0.19930897653102875,0,1,0.20051322877407074,0,1,0.20807179808616638
subject_13:sample_0000122,13,122,0,0,1,0,1,0.9999731779098511,0.9999548196792603,0.9997684359550476,1.0,0.9998987913131714,1,0,1,0.20578469336032867,0,1,0.185562863945961,0,1,0.20193558931350708,0,1,0.19911542534828186,0,1,0.20760047435760498
subject_13:sample_0000123,13,123,0,0,1,0,1,0.9999749660491943,0.9999579191207886,0.9997832775115967,1.0,0.9999054074287415,1,0,1,0.20495764911174774,0,1,0.18544554710388184,0,1,0.20486602187156677,0,1,0.19759389758110046,0,1,0.20713600516319275
subject_13:sample_0000124,13,124,0,0,1,0,1,0.9999762773513794,0.99996018409729,0.9997947812080383,1.0,0.9999103546142578,1,0,1,0.20427846908569336,0,1,0.18536511063575745,0,1,0.20754431188106537,0,1,0.19611041247844696,0,1,0.20670075714588165
subject_13:sample_0000125,13,125,0,0,1,0,1,0.9999778866767883,0.9999630451202393,0.9998074769973755,1.0,0.9999160766601562,1,0,1,0.20343618094921112,0,1,0.18512535095214844,0,1,0.21072877943515778,0,1,0.19452226161956787,0,1,0.2061864733695984
subject_13:sample_0000126,13,126,0,0,1,0,1,0.9999792575836182,0.9999656677246094,0.9998185038566589,1.0,0.9999211430549622,1,0,1,0.20279356837272644,0,1,0.18465036153793335,0,1,0.213774636387825,0,1,0.19306868314743042,0,1,0.20571181178092957
subject_13:sample_0000127,13,127,0,0,1,0,1,0.9999803304672241,0.999967634677887,0.9998269081115723,1.0,0.9999249577522278,1,0,1,0.20203815400600433,0,1,0.1841609925031662,0,1,0.21660321950912476,0,1,0.1917095184326172,0,1,0.2054871767759323
subject_13:sample_0000128,13,128,0,0,1,0,1,0.9999810457229614,0.9999688863754272,0.9998337626457214,1.0,0.9999278783798218,1,0,1,0.20107294619083405,0,1,0.1839764565229416,0,1,0.21955078840255737,0,1,0.19017735123634338,0,1,0.20522147417068481
subject_13:sample_0000129,13,129,0,0,1,0,1,0.9999818205833435,0.9999701380729675,0.9998398423194885,1.0,0.9999305605888367,1,0,1,0.20027999579906464,0,1,0.1838969886302948,0,1,0.22190338373184204,0,1,0.18885280191898346,0,1,0.20506586134433746
subject_13:sample_0000130,13,130,0,0,1,0,1,0.9999822378158569,0.9999709129333496,0.9998438358306885,1.0,0.9999323487281799,1,0,1,0.1993437111377716,0,1,0.18357551097869873,0,1,0.22486260533332825,0,1,0.18762192130088806,0,1,0.20459528267383575
subject_13:sample_0000131,13,131,0,0,1,0,1,0.9999825358390808,0.9999713897705078,0.9998466968536377,1.0,0.9999335408210754,1,0,1,0.1986900269985199,0,1,0.18339362740516663,0,1,0.22727583348751068,0,1,0.18658918142318726,0,1,0.20405031740665436
subject_13:sample_0000132,13,132,0,0,1,0,1,0.9999828338623047,0.9999719262123108,0.9998496770858765,1.0,0.9999347925186157,1,0,1,0.19837534427642822,0,1,0.18314577639102936,0,1,0.22896410524845123,0,1,0.18567410111427307,0,1,0.20383967459201813
subject_13:sample_0000133,13,133,0,0,1,0,1,0.9999833703041077,0.9999728202819824,0.9998531341552734,1.0,0.9999364614486694,1,0,1,0.19785085320472717,0,1,0.18258418142795563,0,1,0.23156870901584625,0,1,0.18455271422863007,0,1,0.2034425437450409
subject_13:sample_0000134,13,134,0,0,1,0,1,0.9999836683273315,0.9999733567237854,0.9998558759689331,1.0,0.9999376535415649,1,0,1,0.1974111944437027,0,1,0.18216662108898163,0,1,0.2334066927433014,0,1,0.1837349385023117,0,1,0.20327958464622498
subject_13:sample_0000135,13,135,0,0,1,0,1,0.9999838471412659,0.9999735355377197,0.9998565316200256,1.0,0.9999380111694336,1,0,1,0.1976068913936615,0,1,0.18202213943004608,0,1,0.23340873420238495,0,1,0.18344029784202576,0,1,0.20352104306221008
subject_13:sample_0000136,13,136,0,0,1,0,1,0.9999838471412659,0.9999735951423645,0.9998573660850525,1.0,0.9999382495880127,1,0,1,0.1976461410522461,0,1,0.1815917193889618,0,1,0.2342216521501541,0,1,0.18298427760601044,0,1,0.20355519652366638
subject_13:sample_0000137,13,137,0,0,1,0,1,0.9999839067459106,0.9999736547470093,0.9998576641082764,1.0,0.999938428401947,1,0,1,0.1976774036884308,0,1,0.1812264323234558,0,1,0.23506630957126617,0,1,0.18260301649570465,0,1,0.2034258097410202
subject_13:sample_0000138,13,138,0,0,1,0,1,0.9999838471412659,0.9999735355377197,0.9998574256896973,1.0,0.9999383091926575,1,0,1,0.19780705869197845,0,1,0.18089386820793152,0,1,0.235429584980011,0,1,0.18235503137111664,0,1,0.20351345837116241
subject_13:sample_0000139,13,139,0,0,1,0,1,0.9999839067459106,0.9999735355377197,0.9998569488525391,1.0,0.9999381303787231,1,0,1,0.19797225296497345,0,1,0.18017293512821198,0,1,0.23627205193042755,0,1,0.18215763568878174,0,1,0.20342424511909485
subject_13:sample_0000140,13,140,0,0,1,0,1,0.9999836087226868,0.9999730587005615,0.9998556971549988,1.0,0.9999374151229858,1,0,1,0.1981457769870758,0,1,0.1796831339597702,0,1,0.2370501309633255,0,1,0.18195490539073944,0,1,0.20316509902477264
subject_13:sample_0000141,13,141,0,0,1,0,1,0.9999836683273315,0.9999731183052063,0.9998561143875122,1.0,0.9999376535415649,1,0,1,0.1973983198404312,0,1,0.17849843204021454,0,1,0.23978176712989807,0,1,0.1814059019088745,0,1,0.20291459560394287
subject_13:sample_0000142,13,142,0,0,1,0,1,0.9999837875366211,0.9999732971191406,0.9998565912246704,1.0,0.999937891960144,1,0,1,0.1967305988073349,0,1,0.1775447428226471,0,1,0.2420606017112732,0,1,0.1808938980102539,0,1,0.2027692198753357
subject_13:sample_0000143,13,143,0,0,1,0,1,0.9999836683273315,0.9999732375144958,0.9998569488525391,1.0,0.9999379515647888,1,0,1,0.1961035430431366,0,1,0.17669090628623962,0,1,0.2440292090177536,0,1,0.1804601550102234,0,1,0.2027151882648468
subject_13:sample_0000144,13,144,0,0,1,0,1,0.9999837279319763,0.9999732375144958,0.9998568296432495,1.0,0.999937891960144,1,0,1,0.19576849043369293,0,1,0.17599113285541534,0,1,0.24513362348079681,0,1,0.18034353852272034,0,1,0.20276224613189697
subject_13:sample_0000145,13,145,0,0,1,0,1,0.9999836683273315,0.9999731183052063,0.9998562932014465,1.0,0.9999377131462097,1,0,1,0.195764422416687,0,1,0.1757652908563614,0,1,0.24505014717578888,0,1,0.18047207593917847,0,1,0.20294710993766785
subject_13:sample_0000146,13,146,2,2,1,2,1,0.7520391345024109,0.5113641023635864,0.5722157955169678,0.800000011920929,0.6037310361862183,0,2,1,0.20203161239624023,2,1,0.1610407680273056,1,0,0.21246236562728882,2,1,0.17248816788196564,2,1,0.25197604298591614
subject_13:sample_0000147,13,147,2,2,1,2,1,0.7522989511489868,0.5117992162704468,0.5726423263549805,0.800000011920929,0.6041218042373657,0,2,1,0.20193961262702942,2,1,0.16136227548122406,1,0,0.21215420961380005,2,1,0.17255406081676483,2,1,0.25198882818222046
subject_13:sample_0000148,13,148,2,2,1,2,1,0.752713143825531,0.5122465491294861,0.5739548206329346,0.800000011920929,0.6048700213432312,0,2,1,0.20216791331768036,2,1,0.16177991032600403,1,0,0.21157900989055634,2,1,0.17284071445465088,2,1,0.2516315281391144
subject_13:sample_0000149,13,149,2,2,1,2,1,0.7504452466964722,0.5072134733200073,0.5733942985534668,0.800000011920929,0.602080225944519,0,2,1,0.20270438492298126,2,1,0.16238172352313995,1,0,0.21076332032680511,2,1,0.17332297563552856,2,1,0.2508266270160675
subject_13:sample_0000150,13,150,2,2,1,2,1,0.7543119192123413,0.5140065550804138,0.5790889859199524,0.800000011920929,0.6077920198440552,0,2,1,0.20268768072128296,2,1,0.16209401190280914,1,0,0.21113282442092896,2,1,0.1738123595714569,2,1,0.25027215480804443
subject_13:sample_0000151,13,151,2,2,1,2,1,0.7560497522354126,0.5166153907775879,0.582958459854126,0.800000011920929,0.6106398105621338,0,2,1,0.20269593596458435,2,1,0.1616022139787674,1,0,0.21125428378582,2,1,0.17489656805992126,2,1,0.24955007433891296
subject_13:sample_0000152,13,152,2,2,1,2,1,0.7655619382858276,0.5343942046165466,0.5947073698043823,0.800000011920929,0.6242834329605103,0,2,1,0.20229534804821014,2,1,0.16067998111248016,1,0,0.21241958439350128,2,1,0.17598457634449005,2,1,0.24861955642700195
subject_13:sample_0000153,13,153,2,2,1,2,1,0.7738874554634094,0.5502752065658569,0.604464054107666,0.800000011920929,0.6361254453659058,0,2,1,0.2017296999692917,2,1,0.15965555608272552,1,0,0.21375276148319244,2,1,0.17727690935134888,2,1,0.24758407473564148
subject_13:sample_0000154,13,154,2,2,1,2,1,0.7764791250228882,0.5551671981811523,0.6077562570571899,0.800000011920929,0.6398738026618958,0,2,1,0.20229949057102203,2,1,0.15946361422538757,1,0,0.21326027810573578,2,1,0.17845666408538818,2,1,0.24651890993118286
subject_13:sample_0000155,13,155,2,2,1,2,1,0.7802345752716064,0.5623989701271057,0.6121261119842529,0.800000011920929,0.6452136635780334,0,2,1,0.20274095237255096,2,1,0.15925920009613037,1,0,0.21288911998271942,2,1,0.1797269582748413,2,1,0.24538275599479675
subject_13:sample_0000156,13,156,2,2,1,2,1,0.7862898707389832,0.5741435885429382,0.6190471649169922,0.800000011920929,0.6537960767745972,0,2,1,0.20260430872440338,2,1,0.15903405845165253,1,0,0.21307459473609924,2,1,0.18120922148227692,2,1,0.24407686293125153
subject_13:sample_0000157,13,157,2,2,1,2,1,0.7949581146240234,0.5912885665893555,0.6280859708786011,0.800000011920929,0.6658671498298645,0,2,1,0.20229893922805786,2,1,0.15834316611289978,1,0,0.21418756246566772,2,1,0.18281066417694092,2,1,0.2423587590456009
subject_13:sample_0000158,13,158,2,2,1,2,1,0.8061054944992065,0.6134276390075684,0.6398815512657166,0.800000011920929,0.6814253330230713,0,2,1,0.20191003382205963,2,1,0.15772861242294312,1,0,0.21544213593006134,2,1,0.1844286471605301,2,1,0.24048954248428345
subject_13:sample_0000159,13,159,2,2,1,2,1,0.8166095614433289,0.6342713832855225,0.6515886187553406,0.800000011920929,0.6962325572967529,0,2,1,0.20210041105747223,2,1,0.1579473912715912,1,0,0.21565820276737213,2,1,0.18622161448001862,2,1,0.23807142674922943
subject_13:sample_0000160,13,160,2,2,1,2,1,0.8273724913597107,0.6556470990180969,0.6640744209289551,0.800000011920929,0.7115345597267151,1,2,1,0.20218795537948608,2,1,0.15778213739395142,1,0,0.2158777117729187,2,1,0.1878824234008789,2,1,0.23626883327960968
subject_13:sample_0000161,13,161,2,2,1,2,1,0.8369736671447754,0.6747271418571472,0.6756680011749268,0.800000011920929,0.725311279296875,1,2,1,0.202342689037323,2,1,0.15769724547863007,1,0,0.21608397364616394,2,1,0.18928267061710358,2,1,0.23459236323833466
subject_13:sample_0000162,13,162,2,2,1,2,1,0.839667022228241,0.680042564868927,0.679150402545929,0.800000011920929,0.7292386889457703,1,2,1,0.20211449265480042,2,1,0.1571487933397293,1,0,0.21664579212665558,2,1,0.19047953188419342,2,1,0.23361042141914368
subject_13:sample_0000163,13,163,2,2,1,2,1,0.8362298607826233,0.6731080412864685,0.6753036975860596,0.800000011920929,0.724385678768158,1,2,1,0.20149920880794525,2,1,0.15618805587291718,1,0,0.21725936233997345,2,1,0.19194328784942627,2,1,0.23310910165309906
subject_13:sample_0000164,13,164,2,2,1,2,1,0.8288718461990356,0.6583739519119263,0.6668428182601929,0.800000011920929,0.7139390707015991,1,2,1,0.2007950246334076,2,1,0.15509186685085297,1,0,0.2180854231119156,2,1,0.19324003159999847,2,1,0.23278670012950897
subject_13:sample_0000165,13,165,2,2,1,2,1,0.8295037150382996,0.6596227884292603,0.6676244735717773,0.800000011920929,0.7148508429527283,1,2,1,0.1993684023618698,2,1,0.1532612293958664,1,0,0.21968652307987213,2,1,0.19493256509304047,2,1,0.2327502965927124
subject_13:sample_0000166,13,166,2,2,1,2,1,0.8334265351295471,0.6674486398696899,0.6722316741943359,0.800000011920929,0.7204458713531494,1,2,1,0.19856607913970947,2,1,0.1519148200750351,1,0,0.22076931595802307,2,1,0.196123406291008,2,1,0.2326253354549408
subject_13:sample_0000167,13,167,2,2,1,2,1,0.8393094539642334,0.6792196035385132,0.6791489124298096,0.800000011920929,0.7288404107093811,1,2,1,0.1977158486843109,2,1,0.15050159394741058,1,0,0.22195690870285034,2,1,0.19728800654411316,2,1,0.2325366586446762
subject_13:sample_0000168,13,168,0,0,1,0,1,0.6856471300125122,0.4798614978790283,0.3995112180709839,0.6000000238418579,0.5084502696990967,0,0,1,0.21331331133842468,0,1,0.22109241783618927,1,0,0.13063198328018188,2,0,0.18368373811244965,0,1,0.2512775957584381
subject_13:sample_0000169,13,169,0,0,1,0,1,0.6849266290664673,0.48276692628860474,0.39698195457458496,0.6000000238418579,0.5082188248634338,0,0,1,0.21303798258304596,0,1,0.22080707550048828,1,0,0.13122764229774475,2,0,0.18380701541900635,0,1,0.2511194050312042
subject_13:sample_0000170,13,170,0,0,1,0,1,0.6841158866882324,0.4802698493003845,0.39719855785369873,0.6000000238418579,0.5072330236434937,0,0,1,0.21287012100219727,0,1,0.22098621726036072,1,0,0.13220766186714172,2,0,0.18363727629184723,0,1,0.25029778480529785
subject_13:sample_0000171,13,171,0,0,1,0,1,0.6831368803977966,0.479470431804657,0.3965892791748047,0.6000000238418579,0.5064502358436584,0,0,1,0.21293413639068604,0,1,0.2212061583995819,1,0,0.1334792673587799,2,0,0.18334370851516724,0,1,0.24903568625450134
subject_13:sample_0000172,13,172,0,0,1,0,1,0.6825743913650513,0.4780352711677551,0.3967212438583374,0.6000000238418579,0.5058616995811462,0,0,1,0.21344907581806183,0,1,0.2211596667766571,1,0,0.1344725489616394,2,0,0.18290764093399048,0,1,0.2480100840330124
subject_13:sample_0000173,13,173,0,0,1,0,1,0.6830449104309082,0.4778830111026764,0.3977357745170593,0.6000000238418579,0.5063550472259521,0,0,1,0.2139003425836563,0,1,0.22145777940750122,1,0,0.1346527636051178,2,0,0.18224604427814484,0,1,0.24774207174777985
subject_13:sample_0000174,13,174,0,0,1,0,1,0.6827514171600342,0.4747048020362854,0.398881196975708,0.6000000238418579,0.5056421160697937,0,0,1,0.21450555324554443,0,1,0.2212429940700531,1,0,0.13560567796230316,2,0,0.1815701276063919,0,1,0.24707463383674622
subject_13:sample_0000175,13,175,0,0,1,0,1,0.6822668313980103,0.4694805443286896,0.40075647830963135,0.6000000238418579,0.5044492483139038,0,0,1,0.2152901589870453,0,1,0.22097259759902954,1,0,0.13678622245788574,2,0,0.1808420717716217,0,1,0.2461080253124237
subject_13:sample_0000176,13,176,0,0,1,0,1,0.6790224313735962,0.4638969302177429,0.39793795347213745,0.6000000238418579,0.500464916229248,0,0,1,0.21607498824596405,0,1,0.21881739795207977,1,0,0.13997745513916016,2,0,0.18084363639354706,0,1,0.24428558349609375
subject_13:sample_0000177,13,177,0,0,1,0,1,0.676477313041687,0.4566038250923157,0.3971734046936035,0.6000000238418579,0.4968869984149933,0,0,1,0.21613986790180206,0,1,0.21815188229084015,1,0,0.14248722791671753,2,0,0.18076969683170319,0,1,0.24245037138462067
subject_13:sample_0000178,13,178,0,0,1,0,1,0.6741853356361389,0.44400322437286377,0.40020596981048584,0.6000000238418579,0.4929652810096741,0,0,1,0.21683986485004425,0,1,0.21747681498527527,1,0,0.14463602006435394,2,0,0.18070201575756073,0,1,0.2403443157672882
subject_13:sample_0000179,13,179,0,0,1,0,1,0.6699151396751404,0.4242558777332306,0.40510112047195435,0.6000000238418579,0.48648601770401,0,0,1,0.21836890280246735,0,1,0.21473531424999237,1,0,0.14818400144577026,1,0,0.18100778758525848,0,1,0.23770298063755035
subject_13:sample_0000180,13,180,0,0,1,0,1,0.6655762791633606,0.3974030017852783,0.4184432625770569,0.6000000238418579,0.48012593388557434,0,0,1,0.2197798192501068,0,1,0.21232786774635315,1,0,0.1516743004322052,1,0,0.18114504218101501,0,1,0.23507200181484222
subject_13:sample_0000181,13,181,0,0,1,0,1,0.6601485013961792,0.376023530960083,0.4266519546508789,0.6000000238418579,0.4731259346008301,0,0,1,0.22135621309280396,0,1,0.20960871875286102,1,0,0.1552237719297409,1,0,0.1815718114376068,0,1,0.2322385162115097
subject_13:sample_0000182,13,182,0,0,1,0,1,0.6521350145339966,0.3562341332435608,0.42666828632354736,0.6000000238418579,0.46279409527778625,0,0,1,0.2220422774553299,0,1,0.2067241221666336,1,0,0.16013669967651367,1,0,0.18202243745326996,0,1,0.22907349467277527
subject_13:sample_0000183,13,183,0,0,1,0,1,0.642839789390564,0.3375017046928406,0.4218372106552124,0.6000000238418579,0.4506518840789795,0,0,1,0.22234807908535004,0,1,0.20369184017181396,1,0,0.16518060863018036,1,0,0.18253716826438904,0,1,0.22624139487743378
subject_13:sample_0000184,13,184,0,0,1,0,1,0.6321611404418945,0.3211967945098877,0.4099861979484558,0.6000000238418579,0.4366392195224762,0,0,1,0.22252750396728516,0,1,0.20131023228168488,1,0,0.16967588663101196,1,0,0.18286170065402985,0,1,0.22362367808818817
subject_13:sample_0000185,13,185,0,0,1,0,1,0.6203821897506714,0.3056040108203888,0.39477473497390747,0.6000000238418579,0.4214271903038025,0,0,1,0.2219727635383606,0,1,0.19910988211631775,1,0,0.17477218806743622,1,0,0.1828242838382721,0,1,0.22131992876529694
subject_13:sample_0000186,13,186,0,0,1,0,1,0.6019099354743958,0.29132577776908875,0.3627512454986572,0.6000000238418579,0.3991840183734894,0,0,1,0.22208791971206665,0,1,0.197083979845047,1,0,0.17948409914970398,1,0,0.18248005211353302,0,1,0.21886301040649414
subject_13:sample_0000187,13,187,0,0,1,0,1,0.5805275440216064,0.279624342918396,0.3281872868537903,0.6000000238418579,0.3762759864330292,0,0,1,0.22205281257629395,0,1,0.19544006884098053,1,0,0.1838545799255371,1,0,0.18168741464614868,0,1,0.21696411073207855
subject_13:sample_0000188,13,188,0,0,1,0,1,0.5465407371520996,0.2657248079776764,0.28479450941085815,0.6000000238418579,0.3458295166492462,0,0,1,0.22275851666927338,0,1,0.193495973944664,1,0,0.18791036307811737,1,0,0.1810619831085205,0,1,0.21477216482162476
subject_13:sample_0000189,13,189,0,0,1,0,1,0.5036078691482544,0.2490004599094391,0.25102800130844116,0.4000000059604645,0.3157462775707245,0,0,1,0.22471265494823456,0,1,0.1893141269683838,1,0,0.19257505238056183,2,0,0.18125545978546143,2,0,0.2121417075395584
subject_13:sample_0000190,13,190,0,0,1,2,0,0.46733522415161133,0.08615157008171082,0.27148228883743286,0.4000000059604645,0.2219274789094925,0,0,1,0.22577717900276184,0,1,0.1884140819311142,1,0,0.19559964537620544,2,0,0.18056251108646393,2,0,0.20964562892913818
subject_13:sample_0000191,13,191,0,2,0,2,0,0.5130782723426819,0.07010972499847412,0.3935163617134094,0.6000000238418579,0.241903156042099,0,0,1,0.22753898799419403,0,1,0.18803760409355164,2,0,0.19702139496803284,2,0,0.1802511215209961,2,0,0.2071499228477478
subject_13:sample_0000192,13,192,0,2,0,2,0,0.5548131465911865,0.12477031350135803,0.45654356479644775,0.6000000238418579,0.31616470217704773,0,0,1,0.2304445207118988,0,1,0.18765230476856232,2,0,0.1963198035955429,2,0,0.18112590909004211,2,0,0.20445646345615387
subject_13:sample_0000193,13,193,0,2,0,2,0,0.5691537857055664,0.1456557810306549,0.47998589277267456,0.6000000238418579,0.3413987457752228,0,0,1,0.23483112454414368,0,1,0.18727010488510132,2,0,0.19392381608486176,2,0,0.18288534879684448,2,0,0.20108865201473236
subject_13:sample_0000194,13,194,0,2,0,2,0,0.5770906805992126,0.1583508849143982,0.49162954092025757,0.6000000238418579,0.35549554228782654,0,0,1,0.2388412058353424,0,1,0.1873951107263565,2,0,0.19047494232654572,2,0,0.18493427336215973,2,0,0.19835351407527924
subject_13:sample_0000195,13,195,0,2,0,2,0,0.5882101655006409,0.17938446998596191,0.4985154867172241,0.6000000238418579,0.3746841847896576,0,0,1,0.24402225017547607,0,1,0.1862206608057022,2,0,0.18624509871006012,2,0,0.18798136711120605,2,0,0.19552960991859436
subject_13:sample_0000196,13,196,0,2,0,2,0,0.6033452749252319,0.20918971300125122,0.5044974684715271,0.6000000238418579,0.3993206322193146,0,0,1,0.24747374653816223,0,1,0.1853935271501541,2,0,0.18261313438415527,2,0,0.19052335619926453,2,0,0.19399523735046387
subject_13:sample_0000197,13,197,0,2,0,2,0,0.6245492100715637,0.25160375237464905,0.5116710066795349,0.6000000238418579,0.43161001801490784,0,0,1,0.2520653307437897,0,1,0.18251676857471466,2,0,0.179398775100708,2,0,0.19425879418849945,2,0,0.19175933301448822
subject_13:sample_0000198,13,198,0,2,0,2,0,0.6475652456283569,0.29784658551216125,0.5203113555908203,0.6000000238418579,0.4647076427936554,0,0,1,0.25666293501853943,0,1,0.17940300703048706,2,0,0.17595598101615906,2,0,0.19827480614185333,2,0,0.1897023469209671
subject_13:sample_0000199,13,199,0,2,0,2,0,0.6643048524856567,0.3315894305706024,0.5272938013076782,0.800000011920929,0.48791056871414185,0,0,1,0.26056969165802,2,0,0.17643390595912933,2,0,0.17318488657474518,2,0,0.20202510058879852,2,0,0.18778543174266815
subject_13:sample_0000200,13,200,0,2,0,2,0,0.6809910535812378,0.36530357599258423,0.5349376201629639,0.800000011920929,0.5105435848236084,0,0,1,0.26461535692214966,2,0,0.17275471985340118,2,0,0.17079345881938934,2,0,0.2061992585659027,2,0,0.18563619256019592
subject_13:sample_0000201,13,201,0,2,0,2,0,0.6948205828666687,0.3933238685131073,0.5417693257331848,0.800000011920929,0.5290285348892212,0,0,1,0.26869553327560425,2,0,0.16854292154312134,2,0,0.16870664060115814,2,0,0.21063576638698578,2,0,0.1834181845188141
subject_13:sample_0000202,13,202,0,2,0,2,0,0.6981441974639893,0.4004112482070923,0.5424137115478516,0.800000011920929,0.5332456231117249,0,0,1,0.2705884575843811,2,0,0.16625000536441803,2,0,0.16759830713272095,2,0,0.21305060386657715,2,0,0.1825115978717804
subject_13:sample_0000203,13,203,0,2,0,2,0,0.7012022733688354,0.4067113697528839,0.5437478423118591,0.800000011920929,0.5372490882873535,0,0,1,0.27248671650886536,2,0,0.16419564187526703,2,0,0.1663428395986557,2,0,0.2152165323495865,2,0,0.18175731599330902
subject_13:sample_0000204,13,204,0,2,0,2,0,0.7030227184295654,0.41027480363845825,0.5451317429542542,0.800000011920929,0.5397366285324097,0,0,1,0.2742156386375427,2,0,0.16267822682857513,2,0,0.16479024291038513,2,0,0.21734650433063507,2,0,0.18096843361854553
subject_13:sample_0000205,13,205,0,2,0,2,0,0.7045880556106567,0.4134831726551056,0.5458892583847046,0.800000011920929,0.5417919158935547,0,0,1,0.2752552926540375,2,0,0.1616899073123932,2,0,0.16427403688430786,2,0,0.2184295505285263,2,0,0.18035025894641876
subject_13:sample_0000206,13,206,0,2,0,2,0,0.70448899269104,0.41336923837661743,0.5455691814422607,0.800000011920929,0.5416108965873718,0,0,1,0.27528348565101624,2,0,0.16186857223510742,2,0,0.16430723667144775,2,0,0.21853770315647125,2,0,0.18000200390815735
subject_13:sample_0000207,13,207,0,2,0,2,0,0.7050586938858032,0.41430094838142395,0.5465666055679321,0.800000011920929,0.5424937605857849,0,0,1,0.2755897045135498,2,0,0.16148675978183746,2,0,0.1641693115234375,2,0,0.21899054944515228,2,0,0.17976272106170654
subject_13:sample_0000208,13,208,0,0,1,0,1,0.6197783946990967,0.24418774247169495,0.5028219223022461,0.6000000238418579,0.42376473546028137,0,0,1,0.19177980720996857,3,0,0.2226286381483078,3,0,0.15758825838565826,0,1,0.2068168818950653,0,1,0.22118546068668365
subject_13:sample_0000209,13,209,0,0,1,0,1,0.6178207397460938,0.24047556519508362,0.5014774203300476,0.6000000238418579,0.4207863211631775,0,0,1,0.19126775860786438,3,0,0.22362878918647766,3,0,0.15855777263641357,0,1,0.20609429478645325,0,1,0.2204504907131195
subject_13:sample_0000210,13,210,0,0,1,0,1,0.614386796951294,0.2338627278804779,0.49947434663772583,0.6000000238418579,0.41556471586227417,0,0,1,0.19038644433021545,3,0,0.22540025413036346,3,0,0.16024941205978394,0,1,0.20451709628105164,0,1,0.21944577991962433
subject_13:sample_0000211,13,211,0,0,1,0,1,0.6077049970626831,0.22089016437530518,0.4960176348686218,0.6000000238418579,0.40531131625175476,0,0,1,0.18851949274539948,3,0,0.22811150550842285,3,0,0.16435298323631287,0,1,0.20131121575832367,0,1,0.21770383417606354
subject_13:sample_0000212,13,212,0,0,1,0,1,0.6005760431289673,0.20762374997138977,0.4907655119895935,0.6000000238418579,0.3940696716308594,0,0,1,0.1860218644142151,3,0,0.23042798042297363,3,0,0.1698463261127472,0,1,0.19779004156589508,0,1,0.2159128189086914
subject_13:sample_0000213,13,213,0,0,1,0,1,0.5973199009895325,0.2027909755706787,0.48492443561553955,0.6000000238418579,0.3887256383895874,0,0,1,0.1834728717803955,3,0,0.23168453574180603,3,0,0.1761934459209442,0,1,0.19451476633548737,0,1,0.2141333967447281
subject_13:sample_0000214,13,214,0,0,1,0,1,0.652527391910553,0.31642913818359375,0.4978412985801697,0.6000000238418579,0.46844151616096497,0,0,1,0.18078653514385223,3,0,0.23164081573486328,3,0,0.18357425928115845,0,1,0.1918952763080597,0,1,0.21210214495658875
subject_13:sample_0000215,13,215,0,0,1,0,1,0.799593448638916,0.605498731136322,0.6183344721794128,0.800000011920929,0.6689627766609192,0,0,1,0.17853260040283203,0,1,0.23003600537776947,3,0,0.19043254852294922,0,1,0.19034361839294434,0,1,0.21065431833267212
subject_13:sample_0000216,13,216,0,0,1,0,1,0.8288690447807312,0.6651777029037476,0.6477271914482117,0.800000011920929,0.709477424621582,1,0,1,0.1769348382949829,0,1,0.2278163731098175,3,0,0.1962285190820694,0,1,0.18922314047813416,0,1,0.2097962349653244
subject_13:sample_0000217,13,217,0,0,1,0,1,0.9658502340316772,0.9341603517532349,0.8861837983131409,1.0,0.9281503558158875,1,0,1,0.17532813549041748,0,1,0.22535574436187744,0,1,0.2000890076160431,0,1,0.18978667259216309,0,1,0.20943942666053772
subject_13:sample_0000218,13,218,0,0,1,0,1,0.9975643157958984,0.9954134225845337,0.9870200753211975,1.0,0.9933222532272339,1,0,1,0.17405810952186584,0,1,0.2240990549325943,0,1,0.20228543877601624,0,1,0.19017547369003296,0,1,0.20938099920749664
subject_13:sample_0000219,13,219,0,0,1,0,1,0.9996322393417358,0.9993394017219543,0.9974939227104187,1.0,0.9988213777542114,1,0,1,0.1735406219959259,0,1,0.22313764691352844,0,1,0.20287729799747467,0,1,0.19070598483085632,0,1,0.20973749458789825
subject_13:sample_0000220,13,220,0,0,1,0,1,0.9999198913574219,0.9998713135719299,0.9993542432785034,1.0,0.9997150897979736,1,0,1,0.17346277832984924,0,1,0.2221928983926773,0,1,0.203406423330307,0,1,0.19096969068050385,0,1,0.20996733009815216
subject_13:sample_0000221,13,221,0,0,1,0,1,0.9999479055404663,0.9999207258224487,0.9995635151863098,1.0,0.9998107552528381,1,0,1,0.17346671223640442,0,1,0.221515491604805,0,1,0.20293502509593964,0,1,0.19147634506225586,0,1,0.21060548722743988
subject_13:sample_0000222,13,222,0,0,1,0,1,0.9999622702598572,0.9999457597732544,0.999674916267395,1.0,0.9998610019683838,1,0,1,0.17351612448692322,0,1,0.22079776227474213,0,1,0.2022487372159958,0,1,0.19238696992397308,0,1,0.21104949712753296
subject_13:sample_0000223,13,223,0,0,1,0,1,0.9999659657478333,0.9999520182609558,0.9997047781944275,1.0,0.9998742938041687,1,0,1,0.17341019213199615,0,1,0.22116512060165405,0,1,0.20109230279922485,0,1,0.1931208223104477,0,1,0.21121063828468323
subject_13:sample_0000224,13,224,0,0,1,0,1,0.9999727010726929,0.9999608397483826,0.9997611045837402,1.0,0.9998981952667236,1,0,1,0.17389656603336334,0,1,0.2199193239212036,0,1,0.1998974084854126,0,1,0.19446898996829987,0,1,0.2118166834115982
subject_13:sample_0000225,13,225,0,0,1,0,1,0.9999765753746033,0.999966025352478,0.9997922778129578,1.0,0.9999116063117981,1,0,1,0.17429675161838531,0,1,0.21900084614753723,0,1,0.19868503510951996,0,1,0.19558808207511902,0,1,0.21242839097976685
subject_13:sample_0000226,13,226,0,0,1,0,1,0.9999796152114868,0.9999703764915466,0.9998182654380798,1.0,0.9999227523803711,1,0,1,0.17470134794712067,0,1,0.21803264319896698,0,1,0.19739460945129395,0,1,0.19669777154922485,0,1,0.21317262947559357
subject_13:sample_0000227,13,227,0,0,1,0,1,0.9999815821647644,0.9999734163284302,0.9998354911804199,1.0,0.9999301433563232,1,0,1,0.1756543070077896,0,1,0.21785716712474823,0,1,0.19480323791503906,0,1,0.19748012721538544,0,1,0.21420417726039886
subject_13:sample_0000228,13,228,0,0,1,0,1,0.9999823570251465,0.9999747276306152,0.9998424649238586,1.0,0.9999331831932068,1,0,1,0.17615461349487305,0,1,0.21813935041427612,0,1,0.19216984510421753,0,1,0.1984156370162964,0,1,0.21511957049369812
subject_13:sample_0000229,13,229,0,0,1,0,1,0.9999827742576599,0.9999754428863525,0.9998469948768616,1.0,0.9999350905418396,1,0,1,0.17724142968654633,0,1,0.2169536054134369,0,1,0.1896521896123886,0,1,0.19981881976127625,0,1,0.21633292734622955
subject_13:sample_0000230,13,230,0,0,1,0,1,0.9999831914901733,0.9999760985374451,0.9998496174812317,1.0,0.9999362826347351,1,0,1,0.17878130078315735,0,1,0.21417759358882904,0,1,0.18789665400981903,0,1,0.2013663947582245,0,1,0.21777713298797607
subject_13:sample_0000231,13,231,0,0,1,0,1,0.999983012676239,0.9999759197235107,0.9998484253883362,1.0,0.9999357461929321,1,0,1,0.18056488037109375,0,1,0.21084293723106384,0,1,0.18614037334918976,0,1,0.20315679907798767,0,1,0.2192939966917038
subject_13:sample_0000232,13,232,0,0,1,0,1,0.9999826550483704,0.9999754428863525,0.9998455047607422,1.0,0.9999345541000366,1,0,1,0.18249545991420746,0,1,0.20701023936271667,0,1,0.18476690351963043,0,1,0.20489934086799622,0,1,0.22082708775997162
subject_13:sample_0000233,13,233,0,0,1,0,1,0.9999822378158569,0.9999748468399048,0.9998421669006348,1.0,0.9999330639839172,1,0,1,0.18398824334144592,0,1,0.20346251130104065,0,1,0.1842794269323349,0,1,0.2062128782272339,0,1,0.22205594182014465
subject_13:sample_0000234,13,234,0,0,1,0,1,0.9999819397926331,0.9999743103981018,0.9998388290405273,1.0,0.9999316930770874,1,0,1,0.18468227982521057,0,1,0.2021000236272812,0,1,0.1834775060415268,0,1,0.20709863305091858,0,1,0.22264066338539124
subject_13:sample_0000235,13,235,0,0,1,0,1,0.9999814033508301,0.9999733567237854,0.9998348355293274,1.0,0.9999298453330994,1,0,1,0.18480120599269867,0,1,0.20159150660037994,0,1,0.18308059871196747,0,1,0.2077154815196991,0,1,0.22281025350093842
subject_13:sample_0000236,13,236,0,0,1,0,1,0.9999806880950928,0.9999719262123108,0.9998281002044678,1.0,0.9999269247055054,1,0,1,0.18482884764671326,0,1,0.20133619010448456,0,1,0.18280029296875,0,1,0.2083098143339157,0,1,0.22272397577762604
subject_13:sample_0000237,13,237,0,0,1,0,1,0.9999797940254211,0.9999703764915466,0.9998213052749634,1.0,0.999923825263977,1,0,1,0.1849062144756317,0,1,0.20143280923366547,0,1,0.18259717524051666,0,1,0.20858344435691833,0,1,0.22247940301895142
subject_13:sample_0000238,13,238,0,0,1,0,1,0.9999791979789734,0.9999693036079407,0.9998165965080261,1.0,0.9999216794967651,1,0,1,0.1849132478237152,0,1,0.20124675333499908,0,1,0.18284721672534943,0,1,0.2086952030658722,0,1,0.2222966104745865
subject_13:sample_0000239,13,239,0,0,1,0,1,0.9999788999557495,0.9999686479568481,0.9998133182525635,1.0,0.9999203085899353,1,0,1,0.1848643720149994,0,1,0.20137639343738556,0,1,0.18295776844024658,0,1,0.20875447988510132,0,1,0.22204597294330597
subject_13:sample_0000240,13,240,0,0,1,0,1,0.9999783039093018,0.9999675154685974,0.9998081922531128,1.0,0.9999179840087891,1,0,1,0.18469282984733582,0,1,0.20180322229862213,0,1,0.18304552137851715,0,1,0.2088480442762375,0,1,0.2216094434261322
subject_13:sample_0000241,13,241,0,0,1,0,1,0.9999776482582092,0.9999662637710571,0.99980229139328,1.0,0.999915361404419,1,0,1,0.18505991995334625,0,1,0.20060347020626068,0,1,0.18359623849391937,0,1,0.2092527449131012,0,1,0.22148671746253967
subject_13:sample_0000242,13,242,0,0,1,0,1,0.9999766945838928,0.9999645352363586,0.9997951984405518,1.0,0.9999122023582458,1,0,1,0.18506816029548645,0,1,0.2003498077392578,0,1,0.18386167287826538,0,1,0.20947690308094025,0,1,0.2212425172328949
subject_13:sample_0000243,13,243,0,0,1,0,1,0.9999755620956421,0.9999625086784363,0.9997861385345459,1.0,0.9999080300331116,1,0,1,0.18562757968902588,0,1,0.19904273748397827,0,1,0.18424659967422485,0,1,0.2099810391664505,0,1,0.2211010903120041
subject_13:sample_0000244,13,244,0,0,1,0,1,0.9999746680259705,0.9999608397483826,0.9997785091400146,1.0,0.9999046325683594,1,0,1,0.1862264722585678,0,1,0.1973823606967926,0,1,0.18466609716415405,0,1,0.21056897938251495,0,1,0.22115516662597656
subject_13:sample_0000245,13,245,0,0,1,0,1,0.999973475933075,0.9999586343765259,0.9997692704200745,1.0,0.9999005198478699,1,0,1,0.18655331432819366,0,1,0.19661851227283478,0,1,0.18495802581310272,0,1,0.21099242568016052,0,1,0.22087673842906952
subject_13:sample_0000246,13,246,1,2,0,2,0,0.5723452568054199,0.3005313277244568,0.29880911111831665,0.6000000238418579,0.371803879737854,0,1,1,0.18214984238147736,2,0,0.14278113842010498,2,0,0.21521061658859253,2,0,0.17249885201454163,3,0,0.2873586118221283
subject_13:sample_0000247,13,247,1,2,0,2,0,0.5630112886428833,0.28167924284935,0.2942485809326172,0.6000000238418579,0.36002177000045776,0,1,1,0.1821308583021164,2,0,0.14218857884407043,2,0,0.21575728058815002,2,0,0.17229436337947845,3,0,0.2876279652118683
subject_13:sample_0000248,13,248,1,2,0,2,0,0.5611971616744995,0.2779086232185364,0.2937920093536377,0.6000000238418579,0.3578374981880188,0,1,1,0.18210266530513763,2,0,0.14190487563610077,2,0,0.21657393872737885,2,0,0.17199106514453888,3,0,0.2874264419078827
subject_13:sample_0000249,13,249,1,2,0,2,0,0.5681729912757874,0.2930662930011749,0.29662150144577026,0.6000000238418579,0.3669016659259796,0,1,1,0.18124881386756897,2,0,0.14398129284381866,2,0,0.21460285782814026,2,0,0.17417384684085846,3,0,0.28599217534065247
subject_13:sample_0000250,13,250,1,2,0,2,0,0.5697285532951355,0.2983808219432831,0.2970729470252991,0.6000000238418579,0.3696301281452179,0,1,1,0.1811061054468155,2,0,0.14512208104133606,2,0,0.21359950304031372,2,0,0.17471562325954437,3,0,0.28545573353767395
subject_13:sample_0000251,13,251,1,2,0,2,0,0.5676736831665039,0.2966877222061157,0.29548943042755127,0.6000000238418579,0.36782971024513245,0,1,1,0.18019172549247742,2,0,0.1458941102027893,2,0,0.21528789401054382,2,0,0.17479971051216125,3,0,0.2838256359100342
subject_13:sample_0000252,13,252,1,2,0,2,0,0.5650662779808044,0.29634764790534973,0.29279375076293945,0.6000000238418579,0.36600548028945923,0,1,1,0.17930485308170319,2,0,0.14563286304473877,2,0,0.21912002563476562,2,0,0.17408743500709534,3,0,0.2818538546562195
subject_13:sample_0000253,13,253,1,2,0,2,0,0.5621805191040039,0.3080524206161499,0.2867909073829651,0.6000000238418579,0.36758285760879517,0,1,1,0.1802133172750473,2,0,0.1448003053665161,2,0,0.22052274644374847,2,0,0.1730121374130249,3,0,0.2814505994319916
subject_13:sample_0000254,13,254,1,2,0,2,0,0.5615864992141724,0.3388994336128235,0.2827373147010803,0.6000000238418579,0.3775346875190735,0,1,1,0.18085896968841553,2,0,0.1445319652557373,2,0,0.22187894582748413,2,0,0.17305929958820343,3,0,0.27966979146003723
subject_13:sample_0000255,13,255,1,2,0,2,0,0.562433123588562,0.2961466312408447,0.2915061116218567,0.6000000238418579,0.3648170232772827,0,1,1,0.18328602612018585,2,0,0.14366190135478973,2,0,0.22142858803272247,2,0,0.1724955141544342,3,0,0.27912697196006775
subject_13:sample_0000256,13,256,1,2,0,2,0,0.5525990128517151,0.20746421813964844,0.3283348083496094,0.6000000238418579,0.3351377844810486,0,1,1,0.18632924556732178,2,0,0.1432352066040039,2,0,0.2197127342224121,2,0,0.17244382202625275,1,1,0.27827805280685425
subject_13:sample_0000257,13,257,1,2,0,2,0,0.5435105562210083,0.13704094290733337,0.38724076747894287,0.6000000238418579,0.3066760003566742,0,1,1,0.18823543190956116,2,0,0.14330872893333435,2,0,0.22079379856586456,2,0,0.1725354939699173,1,1,0.275125652551651
subject_13:sample_0000258,13,258,1,2,0,2,0,0.5409730076789856,0.10988879203796387,0.42513149976730347,0.6000000238418579,0.29346123337745667,0,1,1,0.19027331471443176,2,0,0.14340560138225555,2,0,0.22248099744319916,2,0,0.17275787889957428,1,1,0.27108117938041687
subject_13:sample_0000259,13,259,1,2,0,2,0,0.5404835343360901,0.10109680891036987,0.4416002631187439,0.6000000238418579,0.2889679968357086,0,1,1,0.1929204910993576,2,0,0.14400696754455566,2,0,0.22104056179523468,2,0,0.17422084510326385,1,1,0.2678101658821106
subject_13:sample_0000260,13,260,1,2,0,2,0,0.5387746691703796,0.09415441751480103,0.44961804151535034,0.6000000238418579,0.2835941016674042,0,1,1,0.1963123232126236,2,0,0.14412859082221985,2,0,0.21912948787212372,2,0,0.17465068399906158,1,1,0.26577797532081604
subject_13:sample_0000261,13,261,1,2,0,2,0,0.5379236936569214,0.09018167853355408,0.4551149010658264,0.6000000238418579,0.2805347144603729,0,1,1,0.19905348122119904,2,0,0.14457479119300842,2,0,0.21678917109966278,2,0,0.17579063773155212,1,1,0.26379096508026123
subject_13:sample_0000262,13,262,1,2,0,2,0,0.5368013381958008,0.08645614981651306,0.45874738693237305,0.6000000238418579,0.2771581709384918,0,1,1,0.2007482945919037,2,0,0.14499817788600922,2,0,0.2121719866991043,2,0,0.17858554422855377,1,1,0.2634950578212738
subject_13:sample_0000263,13,263,1,2,0,2,0,0.5355631709098816,0.08270126581192017,0.46196794509887695,0.6000000238418579,0.27351316809654236,0,1,1,0.2024180144071579,2,0,0.14484815299510956,2,0,0.2084500938653946,2,0,0.1806497424840927,1,1,0.26363304257392883
subject_13:sample_0000264,13,264,1,2,0,2,0,0.5355308651924133,0.0813625156879425,0.4654352068901062,0.6000000238418579,0.2727026343345642,0,1,1,0.2040978968143463,2,0,0.1446865350008011,2,0,0.2045811116695404,2,0,0.1829328089952469,1,1,0.2637006342411041
subject_13:sample_0000265,13,265,1,2,0,2,0,0.5421313643455505,0.09325480461120605,0.4699540138244629,0.6000000238418579,0.28748178482055664,0,1,1,0.20534582436084747,2,0,0.14505282044410706,2,0,0.20030447840690613,2,0,0.18626247346401215,1,1,0.26303350925445557
subject_13:sample_0000266,13,266,1,2,0,2,0,0.5970525741577148,0.20181745290756226,0.48550617694854736,0.6000000238418579,0.3881998062133789,0,1,1,0.2055709809064865,2,0,0.14642378687858582,2,0,0.19652049243450165,2,0,0.19089630246162415,1,1,0.26058754324913025
subject_13:sample_0000267,13,267,1,2,0,2,0,0.7434689998626709,0.4936334192752838,0.5662949085235596,0.800000011920929,0.5923386216163635,0,1,1,0.20677727460861206,2,0,0.14671069383621216,2,0,0.19328513741493225,2,0,0.19529522955417633,2,0,0.2579307556152344
subject_13:sample_0000268,13,268,1,2,0,2,0,0.7920535206794739,0.5899009108543396,0.6116033792495728,0.800000011920929,0.6586699485778809,0,1,1,0.2078079879283905,2,0,0.14746828377246857,2,0,0.19078733026981354,2,0,0.20098896324634552,2,0,0.2529464662075043
subject_13:sample_0000269,13,269,1,2,0,2,0,0.800136923789978,0.6053389310836792,0.6216357946395874,0.800000011920929,0.670244038105011,0,1,1,0.2070140242576599,2,0,0.1503082662820816,2,0,0.19051982462406158,2,0,0.20807451009750366,2,0,0.24408243596553802
subject_13:sample_0000270,13,270,1,2,0,2,0,0.8056474924087524,0.6158503890037537,0.6286977529525757,0.800000011920929,0.6781941652297974,0,1,1,0.20462565124034882,2,0,0.1549084633588791,2,0,0.1922307163476944,2,0,0.21453717350959778,2,0,0.2336970567703247
subject_13:sample_0000271,13,271,1,2,0,2,0,0.812361478805542,0.6288348436355591,0.6370337605476379,0.800000011920929,0.6878326535224915,0,1,1,0.20071661472320557,2,0,0.16141317784786224,2,0,0.19474537670612335,2,0,0.22002311050891876,2,0,0.22310078144073486
subject_13:sample_0000272,13,272,1,2,0,2,0,0.8193373680114746,0.6424193978309631,0.6456942558288574,0.800000011920929,0.6978617906570435,0,1,1,0.1967894732952118,2,0,0.16927479207515717,2,0,0.1968020349740982,2,0,0.22383274137973785,2,0,0.2132999747991562
subject_13:sample_0000273,13,273,1,2,0,2,0,0.8237303495407104,0.6510117650032043,0.651177704334259,0.800000011920929,0.7041921019554138,1,1,1,0.1957499384880066,2,0,0.17569057643413544,2,0,0.19773313403129578,2,0,0.22579938173294067,2,0,0.2050260752439499
subject_13:sample_0000274,13,274,1,2,0,2,0,0.8278903365135193,0.6592740416526794,0.6560890674591064,0.800000011920929,0.7101235389709473,1,1,1,0.19378595054149628,2,0,0.18373803794384003,2,0,0.1983816772699356,2,0,0.2266334444284439,2,0,0.197459876537323
subject_13:sample_0000275,13,275,1,2,0,2,0,0.8313807249069214,0.6662250757217407,0.6602225303649902,0.800000011920929,0.7151060104370117,1,1,1,0.19202212989330292,2,0,0.19124002754688263,2,0,0.19905593991279602,2,0,0.2266024500131607,2,0,0.19107846915721893
subject_13:sample_0000276,13,276,1,2,0,2,0,0.8356918096542358,0.6748265624046326,0.6653773784637451,0.800000011920929,0.7212770581245422,1,1,1,0.18922969698905945,2,0,0.2005542814731598,2,0,0.19978925585746765,2,0,0.22563599050045013,2,0,0.18478985130786896
subject_13:sample_0000277,13,277,1,2,0,2,0,0.8395312428474426,0.6826490163803101,0.6695963144302368,0.800000011920929,0.7266899347305298,1,1,1,0.18573082983493805,2,0,0.21241126954555511,2,0,0.19959110021591187,2,0,0.22430679202079773,2,0,0.17795905470848083
subject_13:sample_0000278,13,278,1,2,0,2,0,0.8421315550804138,0.6879971623420715,0.6723552942276001,0.800000011920929,0.7303345203399658,1,1,1,0.18324066698551178,2,0,0.22402344644069672,2,0,0.19783465564250946,2,0,0.2236698418855667,2,0,0.17123045027256012
subject_13:sample_0000279,13,279,1,2,0,2,0,0.8467408418655396,0.6973486542701721,0.6776895523071289,0.800000011920929,0.736903190612793,1,1,1,0.18283461034297943,2,0,0.2356823980808258,2,0,0.1942398101091385,2,0,0.22359612584114075,2,0,0.1636461615562439
subject_13:sample_0000280,13,280,1,2,0,2,0,0.8533419370651245,0.7110847234725952,0.684576153755188,0.800000011920929,0.7461429834365845,1,1,1,0.1822359412908554,2,0,0.24831940233707428,2,0,0.19033274054527283,2,0,0.22319892048835754,2,0,0.15591207146644592
subject_13:sample_0000281,13,281,1,2,0,2,0,0.8548282384872437,0.7209616899490356,0.67153000831604,0.800000011920929,0.7452216744422913,1,1,1,0.18246839940547943,2,0,0.25967761874198914,2,0,0.18622727692127228,2,0,0.22263692319393158,2,0,0.14898884296417236
subject_13:sample_0000282,13,282,1,2,0,2,0,0.8022366762161255,0.677243709564209,0.5450310707092285,0.800000011920929,0.666534960269928,0,1,1,0.18380703032016754,2,0,0.26889467239379883,2,0,0.18267382681369781,2,0,0.22173283994197845,2,0,0.14289063215255737
subject_13:sample_0000283,13,283,1,2,0,2,0,0.6174063086509705,0.35088834166526794,0.34937262535095215,0.6000000238418579,0.4230024814605713,0,1,1,0.18460813164710999,3,0,0.27867817878723145,2,0,0.17934365570545197,2,0,0.219798281788826,2,0,0.13757075369358063
subject_13:sample_0000284,13,284,1,2,0,2,0,0.6050512790679932,0.3168312609195709,0.3492890000343323,0.6000000238418579,0.406070739030838,0,1,1,0.18650923669338226,3,0,0.28455057740211487,2,0,0.17756952345371246,2,0,0.21695010364055634,2,0,0.13441962003707886
subject_13:sample_0000285,13,285,1,2,0,2,0,0.6095573306083679,0.31649816036224365,0.35892415046691895,0.6000000238418579,0.41064146161079407,0,1,1,0.18931210041046143,3,0,0.288030207157135,2,0,0.1765185445547104,2,0,0.21356786787509918,2,0,0.13257035613059998
subject_13:sample_0000286,13,286,1,2,0,2,0,0.6184927225112915,0.3231666684150696,0.3731560707092285,0.800000011920929,0.42093712091445923,0,2,0,0.19203265011310577,3,0,0.2900574207305908,2,0,0.1760709136724472,2,0,0.21043172478675842,2,0,0.13140638172626495
subject_13:sample_0000287,13,287,1,2,0,2,0,0.6306593418121338,0.3349021077156067,0.3916274905204773,0.800000011920929,0.4357077181339264,0,2,0,0.19340497255325317,3,0,0.29106733202934265,2,0,0.17647315561771393,2,0,0.2082134336233139,2,0,0.13084018230438232
subject_13:sample_0000288,13,288,1,2,0,2,0,0.6416130065917969,0.34524619579315186,0.4099392890930176,0.800000011920929,0.4494767189025879,0,2,0,0.1942557990550995,3,0,0.292510062456131,2,0,0.17750705778598785,2,0,0.2049044370651245,2,0,0.13082170486450195
subject_13:sample_0000289,13,289,1,2,0,2,0,0.6558849215507507,0.36035895347595215,0.4343210458755493,0.800000011920929,0.46822860836982727,0,2,0,0.19585487246513367,3,0,0.29203206300735474,2,0,0.17812515795230865,2,0,0.20235244929790497,2,0,0.13163453340530396
subject_13:sample_0000290,13,290,1,2,0,2,0,0.66773521900177,0.37430843710899353,0.45470696687698364,0.800000011920929,0.4843824803829193,0,2,0,0.19717025756835938,3,0,0.29007628560066223,2,0,0.17938511073589325,2,0,0.20034584403038025,2,0,0.1330215483903885
subject_13:sample_0000291,13,291,1,2,0,2,0,0.6748579144477844,0.38303837180137634,0.46730679273605347,0.800000011920929,0.4943321943283081,0,2,0,0.19723038375377655,3,0,0.2887377440929413,2,0,0.18094143271446228,2,0,0.19829656183719635,2,0,0.13479289412498474
subject_13:sample_0000292,13,292,1,2,0,2,0,0.6816903948783875,0.3923596143722534,0.4785045385360718,0.800000011920929,0.5039481520652771,0,2,0,0.1979232132434845,3,0,0.2862432301044464,2,0,0.18256019055843353,2,0,0.19648292660713196,2,0,0.1367894560098648
subject_13:sample_0000293,13,293,1,2,0,2,0,0.685671865940094,0.3982519209384918,0.48446911573410034,0.800000011920929,0.5095421075820923,0,2,0,0.19754748046398163,3,0,0.2843683362007141,2,0,0.1841089278459549,2,0,0.19443371891975403,2,0,0.13954061269760132
subject_13:sample_0000294,13,294,1,2,0,2,0,0.6869090795516968,0.40014365315437317,0.4862423539161682,0.800000011920929,0.5112766623497009,0,2,0,0.19727547466754913,3,0,0.2837373614311218,2,0,0.1851002722978592,2,0,0.19264400005340576,2,0,0.1412419229745865
subject_13:sample_0000295,13,295,1,2,0,2,0,0.6891462206840515,0.4041728675365448,0.4884389638900757,0.800000011920929,0.5143154859542847,0,2,0,0.19807785749435425,3,0,0.28159064054489136,2,0,0.18594388663768768,2,0,0.19102291762828827,2,0,0.14336371421813965
subject_13:sample_0000296,13,296,1,2,0,2,0,0.6903616786003113,0.4065503478050232,0.4893108010292053,0.800000011920929,0.5159314274787903,0,2,0,0.19802699983119965,3,0,0.28022706508636475,2,0,0.18730463087558746,2,0,0.18869006633758545,2,0,0.1457502543926239
subject_13:sample_0000297,13,297,1,2,0,2,0,0.6937251091003418,0.4115169942378998,0.4945718050003052,0.800000011920929,0.520716667175293,0,2,0,0.19764554500579834,3,0,0.2787065804004669,2,0,0.18844857811927795,2,0,0.1873726099729538,2,0,0.14782574772834778
subject_13:sample_0000298,13,298,0,0,1,0,1,0.8423245549201965,0.6851364374160767,0.6832199692726135,0.800000011920929,0.7332842350006104,1,0,1,0.19491559267044067,0,1,0.23241958022117615,0,1,0.23461593687534332,1,0,0.15753579139709473,0,1,0.1805121749639511
subject_13:sample_0000299,13,299,0,0,1,0,1,0.8422160148620605,0.684890866279602,0.6832113265991211,0.800000011920929,0.7331620454788208,1,0,1,0.19492340087890625,0,1,0.23240774869918823,0,1,0.23446540534496307,1,0,0.15765902400016785,0,1,0.1805434376001358
subject_13:sample_0000300,13,300,0,0,1,0,1,0.8420030474662781,0.6844701170921326,0.6829361319541931,0.800000011920929,0.7328516840934753,1,0,1,0.19517602026462555,0,1,0.23239897191524506,0,1,0.23377367854118347,1,0,0.1579003632068634,0,1,0.1807500422000885
subject_13:sample_0000301,13,301,0,0,1,0,1,0.8414419889450073,0.6833487749099731,0.6822637319564819,0.800000011920929,0.7320480942726135,1,0,1,0.19595284759998322,0,1,0.23317576944828033,0,1,0.23076629638671875,1,0,0.15852764248847961,0,1,0.1815764605998993
subject_13:sample_0000302,13,302,0,0,1,0,1,0.8408836126327515,0.6821632981300354,0.6818878650665283,0.800000011920929,0.7313283681869507,1,0,1,0.197251096367836,0,1,0.23346248269081116,0,1,0.22757059335708618,1,0,0.15910862386226654,0,1,0.18260619044303894
subject_13:sample_0000303,13,303,0,0,1,0,1,0.8401046991348267,0.6805245876312256,0.681309700012207,0.800000011920929,0.7303100824356079,1,0,1,0.19836056232452393,0,1,0.2329314649105072,0,1,0.22528080642223358,1,0,0.15989887714385986,0,1,0.1835273951292038
subject_13:sample_0000304,13,304,0,0,1,0,1,0.8398013114929199,0.6798589825630188,0.6812158823013306,0.800000011920929,0.7299504280090332,1,0,1,0.19983205199241638,0,1,0.23301541805267334,0,1,0.22225463390350342,1,0,0.16021192073822021,0,1,0.18468499183654785
subject_13:sample_0000305,13,305,0,0,1,0,1,0.8405923247337341,0.6813755631446838,0.682472825050354,0.800000011920929,0.7311712503433228,1,0,1,0.2005493938922882,0,1,0.23253680765628815,0,1,0.222079798579216,1,0,0.15943366289138794,0,1,0.18539942800998688
subject_13:sample_0000306,13,306,0,0,1,0,1,0.8419381976127625,0.6840260028839111,0.6842968463897705,0.800000011920929,0.7331606149673462,1,0,1,0.20137813687324524,0,1,0.23225021362304688,0,1,0.22220277786254883,1,0,0.1581021547317505,0,1,0.18606577813625336
subject_13:sample_0000307,13,307,0,0,1,0,1,0.8426374793052673,0.6854107975959778,0.6852110624313354,0.800000011920929,0.734184741973877,1,0,1,0.20220378041267395,0,1,0.23109719157218933,0,1,0.22232963144779205,1,0,0.15744327008724213,0,1,0.18692514300346375
subject_13:sample_0000308,13,308,0,0,1,0,1,0.8419777154922485,0.6840975880622864,0.6843814849853516,0.800000011920929,0.7332279086112976,1,0,1,0.20247116684913635,0,1,0.22998155653476715,0,1,0.22141283750534058,1,0,0.1581266075372696,0,1,0.18800689280033112
subject_13:sample_0000309,13,309,0,0,1,0,1,0.8408715128898621,0.6818919777870178,0.6830149292945862,0.800000011920929,0.7316304445266724,1,0,1,0.20207978785037994,0,1,0.22874274849891663,0,1,0.22125549614429474,1,0,0.15924255549907684,0,1,0.18867844343185425
subject_13:sample_0000310,13,310,0,0,1,0,1,0.8395363092422485,0.6792358160018921,0.6813442707061768,0.800000011920929,0.72969651222229,1,0,1,0.20161189138889313,0,1,0.22760970890522003,0,1,0.22064964473247528,1,0,0.16059698164463043,0,1,0.18953076004981995
subject_13:sample_0000311,13,311,0,0,1,0,1,0.8383620977401733,0.6769098043441772,0.6798335313796997,0.800000011920929,0.7279837131500244,1,0,1,0.20129701495170593,0,1,0.22518974542617798,0,1,0.22103624045848846,1,0,0.16184023022651672,0,1,0.19063587486743927
subject_13:sample_0000312,13,312,0,0,1,0,1,0.8375913500785828,0.6753730177879333,0.6788961887359619,0.800000011920929,0.7268750667572021,1,0,1,0.2003985196352005,0,1,0.22443684935569763,0,1,0.2213263362646103,1,0,0.16261909902095795,0,1,0.1912182867527008
subject_13:sample_0000313,13,313,0,0,1,0,1,0.8370859622955322,0.6743590831756592,0.6783146262168884,0.800000011920929,0.7261574864387512,1,0,1,0.19876821339130402,0,1,0.22586661577224731,0,1,0.220890611410141,1,0,0.16305886209011078,0,1,0.1914147585630417
subject_13:sample_0000314,13,314,0,0,1,0,1,0.8362942934036255,0.672792911529541,0.6772972345352173,0.800000011920929,0.7250032424926758,1,0,1,0.19760212302207947,0,1,0.22589914500713348,0,1,0.22058075666427612,1,0,0.1638445407152176,0,1,0.1920725256204605
subject_13:sample_0000315,13,315,0,0,1,0,1,0.8352782130241394,0.6708002686500549,0.6759157180786133,0.800000011920929,0.723500669002533,1,0,1,0.19625438749790192,0,1,0.22629496455192566,0,1,0.21997930109500885,1,0,0.16485673189163208,0,1,0.19261369109153748
subject_13:sample_0000316,13,316,0,0,1,0,1,0.8345516324043274,0.6693829298019409,0.6748992204666138,0.800000011920929,0.7224186658859253,1,0,1,0.1945001184940338,0,1,0.22711485624313354,0,1,0.22010956704616547,1,0,0.1655709594488144,0,1,0.19270353019237518
subject_13:sample_0000317,13,317,0,0,1,0,1,0.8343837261199951,0.6690657138824463,0.6746166944503784,0.800000011920929,0.7221552133560181,1,0,1,0.19235746562480927,0,1,0.229056254029274,0,1,0.22082741558551788,1,0,0.16570879518985748,0,1,0.19204919040203094
subject_13:sample_0000318,13,318,0,0,1,0,1,0.8345484733581543,0.6694198250770569,0.6746953725814819,0.800000011920929,0.722358226776123,1,0,1,0.19017532467842102,0,1,0.2321927398443222,0,1,0.2210916131734848,1,0,0.16551071405410767,0,1,0.19102871417999268
subject_13:sample_0000319,13,319,0,0,1,0,1,0.8342189788818359,0.6688205599784851,0.6740357875823975,0.800000011920929,0.7218121886253357,1,0,1,0.18844662606716156,0,1,0.23487618565559387,0,1,0.2206275463104248,1,0,0.1658213883638382,0,1,0.19022732973098755
subject_13:sample_0000320,13,320,0,0,1,0,1,0.8341503143310547,0.6688417196273804,0.6732380390167236,0.800000011920929,0.7215151190757751,1,0,1,0.1869117170572281,0,1,0.2376880794763565,0,1,0.21986693143844604,1,0,0.1658540815114975,0,1,0.18967822194099426
subject_13:sample_0000321,13,321,0,0,1,0,1,0.8344957232475281,0.6699851751327515,0.6716656684875488,0.800000011920929,0.7214630842208862,1,0,1,0.185378760099411,0,1,0.24195219576358795,0,1,0.21832172572612762,1,0,0.16533060371875763,0,1,0.18901579082012177
subject_13:sample_0000322,13,322,0,0,1,0,1,0.8316114544868469,0.6672354936599731,0.6574522256851196,0.800000011920929,0.7145313024520874,1,0,1,0.18428759276866913,0,1,0.24661564826965332,0,1,0.21580934524536133,1,0,0.16463205218315125,0,1,0.18865445256233215
subject_13:sample_0000323,13,323,0,0,1,0,1,0.7803911566734314,0.6004815101623535,0.5394716262817383,0.800000011920929,0.6323053240776062,0,0,1,0.18376387655735016,0,1,0.24986855685710907,0,1,0.21352232992649078,1,0,0.16416306793689728,0,1,0.18868125975131989
subject_13:sample_0000324,13,324,0,0,1,0,1,0.6732466220855713,0.4575260877609253,0.3844534158706665,0.6000000238418579,0.49107128381729126,0,0,1,0.1839814931154251,0,1,0.25150904059410095,3,0,0.21123279631137848,1,0,0.16418558359146118,0,1,0.18909010291099548
subject_13:sample_0000325,13,325,0,0,1,0,1,0.6320223808288574,0.3921796679496765,0.34623944759368896,0.6000000238418579,0.44109418988227844,0,0,1,0.18518860638141632,0,1,0.2526334226131439,3,0,0.20722928643226624,1,0,0.16477882862091064,0,1,0.19016887247562408
subject_13:sample_0000326,13,326,0,0,1,0,1,0.6313518285751343,0.38274967670440674,0.3511834740638733,0.6000000238418579,0.4394473135471344,0,0,1,0.1861766129732132,0,1,0.25341224670410156,3,0,0.20382556319236755,1,0,0.16551877558231354,0,1,0.19106583297252655
subject_13:sample_0000327,13,327,0,0,1,0,1,0.6309113502502441,0.3770957589149475,0.355069637298584,0.6000000238418579,0.4387776553630829,0,0,1,0.18773728609085083,0,1,0.2526746094226837,3,0,0.20084303617477417,1,0,0.1664881408214569,0,1,0.19225600361824036
subject_13:sample_0000328,13,328,0,0,1,0,1,0.6155799627304077,0.36331841349601746,0.3367212414741516,0.6000000238418579,0.4222932457923889,0,0,1,0.18906593322753906,0,1,0.2508466839790344,3,0,0.20001433789730072,1,0,0.16709041595458984,0,1,0.1929817646741867
subject_13:sample_0000329,13,329,0,0,1,0,1,0.6008936166763306,0.34444984793663025,0.3235269784927368,0.6000000238418579,0.4060797393321991,0,0,1,0.18988032639026642,0,1,0.25011542439460754,3,0,0.1992855817079544,1,0,0.16756123304367065,0,1,0.19315646588802338
subject_13:sample_0000330,13,330,0,0,1,0,1,0.5937102437019348,0.3314130902290344,0.31945061683654785,0.6000000238418579,0.3976026475429535,0,0,1,0.1906478852033615,0,1,0.24940279126167297,3,0,0.19905105233192444,1,0,0.1677440106868744,0,1,0.19315330684185028
subject_13:sample_0000331,13,331,0,0,1,0,1,0.5128519535064697,0.21267327666282654,0.2619161605834961,0.6000000238418579,0.305695503950119,0,0,1,0.1918804794549942,0,1,0.24702568352222443,3,0,0.1993822455406189,1,0,0.16742004454135895,0,1,0.19429048895835876
subject_13:sample_0000332,13,332,0,0,1,0,1,0.4905117154121399,0.17312338948249817,0.25091367959976196,0.6000000238418579,0.2772318422794342,0,0,1,0.19228039681911469,0,1,0.24533702433109283,3,0,0.20105679333209991,1,0,0.16678465902805328,0,1,0.1945400834083557
subject_13:sample_0000333,13,333,0,0,1,0,1,0.47384029626846313,0.150048166513443,0.24166899919509888,0.4000000059604645,0.25804445147514343,0,0,1,0.19256344437599182,1,0,0.24463534355163574,3,0,0.20156310498714447,1,0,0.16662628948688507,0,1,0.1946108341217041
subject_13:sample_0000334,13,334,1,0,0,1,1,0.5622913241386414,0.3290511667728424,0.2771541476249695,0.6000000238418579,0.37151989340782166,0,0,0,0.2379295378923416,0,0,0.21480555832386017,1,1,0.14014501869678497,0,0,0.20518384873867035,3,0,0.20193512737751007
subject_13:sample_0000335,13,335,1,0,0,1,1,0.5593007206916809,0.3231878876686096,0.27350592613220215,0.6000000238418579,0.3670194149017334,0,0,0,0.2376255840063095,0,0,0.215218186378479,1,1,0.13989396393299103,0,0,0.20579341053962708,3,0,0.20146796107292175
subject_13:sample_0000336,13,336,1,0,0,1,1,0.48284074664115906,0.17582806944847107,0.22293561697006226,0.6000000238418579,0.26649585366249084,0,0,0,0.23574301600456238,0,0,0.21588096022605896,1,1,0.14003974199295044,0,0,0.2066817283630371,3,0,0.20165355503559113
subject_13:sample_0000337,13,337,1,1,1,1,1,0.5146375298500061,0.24630755186080933,0.22129523754119873,0.6000000238418579,0.30384379625320435,0,1,1,0.23297226428985596,0,0,0.21670863032341003,1,1,0.1403663456439972,1,1,0.20823942124843597,3,0,0.20171235501766205
subject_13:sample_0000338,13,338,1,1,1,1,1,0.5975725054740906,0.39574873447418213,0.2823684811592102,0.6000000238418579,0.40570351481437683,0,1,1,0.23046621680259705,0,0,0.21757754683494568,1,1,0.14051827788352966,1,1,0.21058814227581024,3,0,0.2008487731218338
subject_13:sample_0000339,13,339,1,1,1,1,1,0.6209222078323364,0.41505932807922363,0.3088188171386719,0.6000000238418579,0.43014711141586304,0,1,1,0.22655783593654633,0,0,0.21772752702236176,1,1,0.14158359169960022,1,1,0.20928461849689484,3,0,0.20484544336795807
subject_13:sample_0000340,13,340,1,1,1,1,1,0.6076547503471375,0.3973744511604309,0.30049556493759155,0.6000000238418579,0.4170917868614197,0,1,1,0.22163169085979462,0,0,0.21819186210632324,1,1,0.1427968293428421,1,1,0.20829668641090393,3,0,0.20908194780349731
subject_13:sample_0000341,13,341,1,1,1,1,1,0.5919775366783142,0.3780500888824463,0.28959566354751587,0.6000000238418579,0.4016818106174469,0,1,1,0.21774305403232574,0,0,0.21844379603862762,1,1,0.1440163254737854,1,1,0.20721492171287537,3,0,0.21258088946342468
subject_13:sample_0000342,13,342,1,1,1,1,1,0.5901588201522827,0.3738391399383545,0.28861457109451294,0.6000000238418579,0.39932265877723694,0,1,1,0.21586526930332184,0,0,0.21842217445373535,1,1,0.14449000358581543,1,1,0.2062375247478485,3,0,0.21498404443264008
subject_13:sample_0000343,13,343,1,1,1,1,1,0.5974738597869873,0.37890294194221497,0.29456233978271484,0.6000000238418579,0.40551602840423584,0,1,1,0.2141430675983429,0,0,0.2185172289609909,1,1,0.14532144367694855,1,1,0.20478002727031708,3,0,0.21723732352256775
subject_13:sample_0000344,13,344,1,1,1,1,1,0.6011887788772583,0.380659818649292,0.2977555990219116,0.6000000238418579,0.4084472358226776,0,1,1,0.21268035471439362,0,0,0.21826432645320892,1,1,0.14650845527648926,1,1,0.2033831775188446,3,0,0.21916280686855316
subject_13:sample_0000345,13,345,1,1,1,1,1,0.5945010185241699,0.37038454413414,0.2928512692451477,0.6000000238418579,0.40100598335266113,0,1,1,0.21138940751552582,0,0,0.21735715866088867,1,1,0.1472530961036682,1,1,0.2012120485305786,3,0,0.2227872610092163
subject_13:sample_0000346,13,346,1,1,1,1,1,0.5779167413711548,0.34876859188079834,0.2829247713088989,0.6000000238418579,0.3849087953567505,0,1,1,0.20920537412166595,0,0,0.21613304316997528,1,1,0.1484006643295288,1,1,0.19844861328601837,3,0,0.2278113216161728
subject_13:sample_0000347,13,347,1,1,1,1,1,0.5636667609214783,0.3298926055431366,0.2760934829711914,0.6000000238418579,0.371663898229599,0,1,1,0.20757396519184113,0,0,0.21458058059215546,1,1,0.1493094116449356,1,1,0.19601482152938843,3,0,0.2325202375650406
subject_13:sample_0000348,13,348,1,1,1,1,1,0.5550958514213562,0.31619638204574585,0.2719723582267761,0.6000000238418579,0.3627576231956482,0,1,1,0.20489981770515442,0,0,0.21331985294818878,1,1,0.1496928632259369,1,1,0.19441485404968262,3,0,0.23767168819904327
subject_13:sample_0000349,13,349,1,1,1,1,1,0.5482114553451538,0.3039187788963318,0.26869553327560425,0.6000000238418579,0.3550765812397003,0,1,1,0.201471745967865,0,0,0.2121729701757431,1,1,0.15015117824077606,1,1,0.1932903677225113,3,0,0.24291281402111053
subject_13:sample_0000350,13,350,1,1,1,1,1,0.5453252792358398,0.2961934804916382,0.2672491669654846,0.6000000238418579,0.3507916033267975,0,1,1,0.19944313168525696,0,0,0.21071945130825043,1,1,0.15036720037460327,1,1,0.19180357456207275,3,0,0.247665673494339
subject_13:sample_0000351,13,351,1,1,1,1,1,0.5414700508117676,0.28678351640701294,0.26521557569503784,0.6000000238418579,0.34533652663230896,0,1,1,0.1981126368045807,0,0,0.2086852341890335,1,1,0.14990989863872528,1,1,0.1901235431432724,3,0,0.25316765904426575
subject_13:sample_0000352,13,352,1,1,1,1,1,0.5398701429367065,0.28053003549575806,0.26421093940734863,0.6000000238418579,0.34203702211380005,0,1,1,0.19693684577941895,0,0,0.20675773918628693,1,1,0.14967189729213715,1,1,0.18887658417224884,3,0,0.25775596499443054
subject_13:sample_0000353,13,353,1,1,1,1,1,0.5436309576034546,0.27927643060684204,0.2665885090827942,0.6000000238418579,0.34334173798561096,0,1,1,0.1946602165699005,0,0,0.20532305538654327,1,1,0.1492549180984497,1,1,0.18812353909015656,3,0,0.26263734698295593
subject_13:sample_0000354,13,354,1,1,1,1,1,0.5436272621154785,0.2749451994895935,0.26643115282058716,0.6000000238418579,0.3414895832538605,0,1,1,0.1916433423757553,0,0,0.20451544225215912,1,1,0.14911630749702454,1,1,0.18793576955795288,3,0,0.26678818464279175
subject_13:sample_0000355,13,355,1,1,1,1,1,0.5480605959892273,0.2752677798271179,0.2697228193283081,0.6000000238418579,0.3439541459083557,0,1,1,0.18924008309841156,0,0,0.20349492132663727,1,1,0.1490384340286255,1,1,0.18743985891342163,3,0,0.2707856595516205
subject_13:sample_0000356,13,356,1,1,1,1,1,0.5740728974342346,0.2976548671722412,0.2918466329574585,0.6000000238418579,0.3680822551250458,0,1,1,0.18683820962905884,0,0,0.2024746537208557,1,1,0.1494712233543396,1,1,0.1869051456451416,3,0,0.2743097245693207
subject_13:sample_0000357,13,357,1,1,1,1,1,0.5704162120819092,0.2910853922367096,0.2886178493499756,0.6000000238418579,0.36322730779647827,0,1,1,0.18467974662780762,0,0,0.20182766020298004,1,1,0.14954321086406708,1,1,0.1868414580821991,3,0,0.27710697054862976
subject_13:sample_0000358,13,358,1,1,1,1,1,0.5668723583221436,0.28512170910835266,0.28456419706344604,0.6000000238418579,0.3582877218723297,0,1,1,0.1821710616350174,0,0,0.20159821212291718,1,1,0.14967314898967743,1,1,0.18717484176158905,3,0,0.27938181161880493
subject_13:sample_0000359,13,359,1,1,1,1,1,0.5483484268188477,0.26505768299102783,0.26638615131378174,0.6000000238418579,0.3383007049560547,0,1,1,0.1803676038980484,0,0,0.20151276886463165,1,1,0.14960236847400665,1,1,0.18767404556274414,3,0,0.28084221482276917
subject_13:sample_0000360,13,360,1,1,1,1,1,0.4907447099685669,0.20728766918182373,0.22426295280456543,0.6000000238418579,0.28361478447914124,0,1,1,0.17904400825500488,0,0,0.20177093148231506,1,1,0.14985932409763336,1,1,0.18832498788833618,3,0,0.2809998095035553
subject_13:sample_0000361,13,361,1,1,1,1,1,0.43443581461906433,0.1514604389667511,0.20078939199447632,0.4000000059604645,0.2364042103290558,0,1,1,0.17785309255123138,0,0,0.20166164636611938,1,1,0.15015292167663574,0,0,0.18970271944999695,3,0,0.28062868118286133
subject_13:sample_0000362,13,362,1,1,1,1,1,0.3814179003238678,0.047345489263534546,0.19384413957595825,0.4000000059604645,0.15183693170547485,0,1,1,0.1781267523765564,0,0,0.20161929726600647,1,1,0.15116380155086517,0,0,0.19143876433372498,3,0,0.2776504158973694
subject_13:sample_0000363,13,363,1,0,0,1,1,0.3621530830860138,0.004979640245437622,0.19052916765213013,0.4000000059604645,0.07004070281982422,0,1,1,0.17911958694458008,0,0,0.2010849416255951,1,1,0.15249447524547577,0,0,0.19287869334220886,3,0,0.2744213342666626
subject_13:sample_0000364,13,364,1,0,0,1,1,0.38097208738327026,0.03718769550323486,0.17929577827453613,0.4000000059604645,0.13644389808177948,0,1,1,0.18072229623794556,0,0,0.20055286586284637,1,1,0.15408676862716675,0,0,0.1949574202299118,3,0,0.2696797549724579
subject_13:sample_0000365,13,365,1,0,0,1,1,0.3932773470878601,0.05695313215255737,0.16448765993118286,0.4000000059604645,0.15444834530353546,0,1,1,0.18373645842075348,0,0,0.1996101588010788,1,1,0.15466438233852386,0,0,0.19652694463729858,3,0,0.26546111702919006
subject_13:sample_0000366,13,366,1,0,0,1,1,0.39907217025756836,0.06602874398231506,0.15977859497070312,0.4000000059604645,0.16147339344024658,0,1,1,0.18454846739768982,0,0,0.19916093349456787,1,1,0.15518587827682495,0,0,0.19754289090633392,3,0,0.2635609209537506
subject_13:sample_0000367,13,367,1,0,0,1,1,0.4062216579914093,0.07653683423995972,0.15159279108047485,0.4000000059604645,0.16766303777694702,0,1,1,0.18615281581878662,0,0,0.1987401396036148,1,1,0.1547882854938507,0,0,0.19895786046981812,3,0,0.26135995984077454
subject_13:sample_0000368,13,368,1,0,0,1,1,0.4131490886211395,0.0874643325805664,0.1395961046218872,0.4000000059604645,0.17150245606899261,0,1,1,0.18830721080303192,0,0,0.19803987443447113,1,1,0.15427625179290771,0,0,0.20064693689346313,3,0,0.2587288022041321
subject_13:sample_0000369,13,369,1,0,0,0,0,0.4182276129722595,0.0972314178943634,0.13138365745544434,0.4000000059604645,0.1748182773590088,0,1,1,0.1898784041404724,0,0,0.19701795279979706,1,1,0.15388141572475433,0,0,0.20244818925857544,3,0,0.25677308440208435
subject_13:sample_0000370,13,370,1,0,0,0,0,0.4209598898887634,0.1063927412033081,0.12217271327972412,0.4000000059604645,0.17621475458145142,0,1,1,0.19136247038841248,0,0,0.19530582427978516,1,1,0.1540575623512268,0,0,0.20391637086868286,3,0,0.2553568482398987
subject_13:sample_0000371,13,371,1,0,0,0,0,0.42099764943122864,0.11087536811828613,0.12061184644699097,0.4000000059604645,0.17789682745933533,0,1,1,0.19242751598358154,0,0,0.19378681480884552,1,1,0.154035747051239,0,0,0.20409654080867767,3,0,0.25565245747566223
subject_13:sample_0000372,13,372,1,0,0,0,0,0.41764822602272034,0.10620996356010437,0.12656110525131226,0.4000000059604645,0.17772917449474335,0,1,1,0.1923542469739914,0,0,0.192794531583786,1,1,0.15420781075954437,0,0,0.20380276441574097,3,0,0.25683972239494324
subject_13:sample_0000373,13,373,1,0,0,0,0,0.41853052377700806,0.11040562391281128,0.12044823169708252,0.4000000059604645,0.17721734941005707,0,1,1,0.19265948235988617,0,0,0.1919858157634735,1,1,0.15527723729610443,0,0,0.20377860963344574,3,0,0.2562979459762573
subject_13:sample_0000374,13,374,1,0,0,0,0,0.41782423853874207,0.10995671153068542,0.11943328380584717,0.4000000059604645,0.1763790100812912,0,1,1,0.19239401817321777,0,0,0.19161061942577362,1,1,0.15599383413791656,0,0,0.20392346382141113,3,0,0.2560771107673645
subject_13:sample_0000375,13,375,1,0,0,0,0,0.4190995991230011,0.11536547541618347,0.1148499846458435,0.4000000059604645,0.1770821064710617,0,1,1,0.19264976680278778,0,0,0.1911429464817047,1,1,0.1564641296863556,0,0,0.20382817089557648,3,0,0.25591403245925903
subject_13:sample_0000376,13,376,2,2,1,2,1,0.7161099910736084,0.47258228063583374,0.48542529344558716,1.0,0.5476795434951782,0,2,1,0.31820935010910034,2,1,0.3491611182689667,2,1,0.10062683373689651,2,1,0.13782666623592377,2,1,0.09417513757944107
subject_13:sample_0000377,13,377,2,2,1,2,1,0.6837795972824097,0.4123173654079437,0.45636945962905884,1.0,0.5048412084579468,0,2,1,0.318021297454834,2,1,0.34868860244750977,2,1,0.10090773552656174,2,1,0.1381712555885315,2,1,0.094210185110569
subject_13:sample_0000378,13,378,2,2,1,2,1,0.6569955348968506,0.361580491065979,0.4360107183456421,1.0,0.4696289598941803,0,2,1,0.3179713785648346,2,1,0.34799760580062866,2,1,0.10153471678495407,2,1,0.13814544677734375,2,1,0.09434991329908371
subject_13:sample_0000379,13,379,2,2,1,2,1,0.6574123501777649,0.3637278079986572,0.43452662229537964,1.0,0.4701216220855713,0,2,1,0.31764358282089233,2,1,0.3476001024246216,2,1,0.10188613086938858,2,1,0.13861285150051117,2,1,0.09425637871026993
subject_13:sample_0000380,13,380,2,2,1,2,1,0.6191350221633911,0.29051417112350464,0.4102732539176941,0.6000000238418579,0.419445276260376,0,1,0,0.3176744878292084,1,0,0.3460697829723358,2,1,0.10276094079017639,2,1,0.13915430009365082,2,1,0.09433957934379578
subject_13:sample_0000381,13,381,2,2,1,2,1,0.5822327733039856,0.21766549348831177,0.3943054676055908,0.6000000238418579,0.36833223700523376,0,1,0,0.31783533096313477,1,0,0.34403401613235474,2,1,0.10411926358938217,2,1,0.13929936289787292,2,1,0.09471109509468079
subject_13:sample_0000382,13,382,2,2,1,2,1,0.5468863844871521,0.14495152235031128,0.3873109221458435,0.6000000238418579,0.31313133239746094,0,1,0,0.3182108998298645,1,0,0.34149375557899475,2,1,0.10587773472070694,2,1,0.1388232707977295,2,1,0.0955934002995491
subject_13:sample_0000383,13,383,2,2,1,2,1,0.5267064571380615,0.10083135962486267,0.38929814100265503,0.6000000238418579,0.2744619846343994,0,1,0,0.31928128004074097,1,0,0.3403088450431824,2,1,0.10635209083557129,2,1,0.13815830647945404,2,1,0.09589850157499313
subject_13:sample_0000384,13,384,2,2,1,2,1,0.5092979669570923,0.06081774830818176,0.39572668075561523,0.6000000238418579,0.23056809604167938,0,1,0,0.3215545117855072,1,0,0.3402291238307953,2,1,0.10569369047880173,2,1,0.13651253283023834,2,1,0.09600922465324402
subject_13:sample_0000385,13,385,2,2,1,2,1,0.5074027180671692,0.055111706256866455,0.3988857865333557,0.6000000238418579,0.22343355417251587,0,1,0,0.322939932346344,1,0,0.34150174260139465,2,1,0.10468363016843796,2,1,0.13510587811470032,2,1,0.09576784819364548
subject_13:sample_0000386,13,386,2,2,1,2,1,0.5044118762016296,0.048037558794021606,0.4005870819091797,0.6000000238418579,0.21331481635570526,0,1,0,0.32380443811416626,1,0,0.34236791729927063,2,1,0.10413216799497604,2,1,0.13408605754375458,2,1,0.09560844302177429
subject_13:sample_0000387,13,387,2,2,1,2,1,0.49841806292533875,0.036142945289611816,0.40004515647888184,0.6000000238418579,0.19315624237060547,0,1,0,0.3241675794124603,1,0,0.3424537777900696,2,1,0.10400395095348358,2,1,0.13381290435791016,2,1,0.09556090086698532
subject_13:sample_0000388,13,388,1,2,0,2,0,0.5415029525756836,0.12485146522521973,0.4013579487800598,0.6000000238418579,0.3004983365535736,0,1,1,0.22516769170761108,2,0,0.24587666988372803,2,0,0.13924048840999603,1,1,0.2331767976284027,2,0,0.15653735399246216
subject_13:sample_0000389,13,389,1,2,0,2,0,0.5395539999008179,0.1197262704372406,0.40304821729660034,0.6000000238418579,0.2963878810405731,0,1,1,0.22623485326766968,2,0,0.2425546795129776,2,0,0.13979002833366394,1,1,0.23410087823867798,2,0,0.15731853246688843
subject_13:sample_0000390,13,390,1,2,0,2,0,0.5387123823165894,0.11883005499839783,0.4015761613845825,0.6000000238418579,0.29513248801231384,0,1,1,0.22697713971138,2,0,0.2417740821838379,2,0,0.13971270620822906,1,1,0.23421375453472137,2,0,0.15732139348983765
subject_13:sample_0000391,13,391,1,2,0,2,0,0.5364625453948975,0.11429554224014282,0.4012364149093628,0.6000000238418579,0.2908414900302887,0,1,1,0.22830849885940552,2,0,0.23847506940364838,2,0,0.14029763638973236,1,1,0.23516549170017242,2,0,0.1577523797750473
subject_13:sample_0000392,13,392,1,2,0,2,0,0.5331876873970032,0.1062142550945282,0.4032810926437378,0.6000000238418579,0.2837201952934265,0,1,1,0.22990785539150238,2,0,0.23251527547836304,2,0,0.1416558474302292,1,1,0.23689091205596924,2,0,0.15902915596961975
subject_13:sample_0000393,13,393,1,2,0,2,0,0.5332328677177429,0.10594883561134338,0.4038953185081482,0.6000000238418579,0.28363552689552307,0,1,1,0.22926758229732513,2,0,0.23042871057987213,2,0,0.14283421635627747,1,1,0.23749567568302155,2,0,0.1599728912115097
subject_13:sample_0000394,13,394,1,2,0,2,0,0.5332701206207275,0.10466837882995605,0.40624308586120605,0.6000000238418579,0.2830411195755005,0,1,1,0.22899122536182404,2,0,0.22709441184997559,2,0,0.14450043439865112,1,1,0.2377522736787796,2,0,0.16166067123413086
subject_13:sample_0000395,13,395,1,2,0,2,0,0.5338171720504761,0.10415175557136536,0.4091593027114868,0.6000000238418579,0.2833460867404938,0,1,1,0.22814655303955078,2,0,0.22364096343517303,2,0,0.14636670053005219,1,1,0.23806577920913696,2,0,0.1637791246175766
subject_13:sample_0000396,13,396,1,2,0,2,0,0.5373924970626831,0.11195078492164612,0.408591628074646,0.6000000238418579,0.29076093435287476,0,1,1,0.22592927515506744,2,0,0.22529903054237366,2,0,0.1471976339817047,1,1,0.2366935759782791,2,0,0.16487959027290344
subject_13:sample_0000397,13,397,1,2,0,2,0,0.5403201580047607,0.11817950010299683,0.4084412455558777,0.6000000238418579,0.29655659198760986,0,1,1,0.22435910999774933,2,0,0.2259221374988556,2,0,0.14784575998783112,1,1,0.2353290617465973,2,0,0.16654296219348907
subject_13:sample_0000398,13,398,1,2,0,2,0,0.5412201881408691,0.11861610412597656,0.41098839044570923,0.6000000238418579,0.297702431678772,0,1,1,0.22324925661087036,2,0,0.2219662070274353,2,0,0.14949485659599304,1,1,0.23555374145507812,2,0,0.16973496973514557
subject_13:sample_0000399,13,399,1,2,0,2,0,0.544724702835083,0.12610885500907898,0.41077524423599243,0.6000000238418579,0.3044450879096985,0,1,1,0.22112783789634705,2,0,0.2223750799894333,2,0,0.15003502368927002,1,1,0.23416078090667725,2,0,0.1723002940416336
subject_13:sample_0000400,13,400,1,2,0,2,0,0.5487337708473206,0.1341254711151123,0.41156113147735596,0.6000000238418579,0.3117232024669647,0,1,1,0.21867984533309937,2,0,0.22335413098335266,2,0,0.15034423768520355,1,1,0.23258988559246063,2,0,0.17503099143505096
subject_13:sample_0000401,13,401,1,2,0,2,0,0.5534110069274902,0.14432135224342346,0.41108107566833496,0.6000000238418579,0.3202102780342102,0,1,1,0.21604573726654053,2,0,0.22587774693965912,2,0,0.1508033573627472,1,1,0.23052924871444702,2,0,0.17674291133880615
subject_13:sample_0000402,13,402,1,2,0,2,0,0.5594542026519775,0.15768840909004211,0.4102751612663269,0.6000000238418579,0.33078551292419434,0,1,1,0.21291977167129517,2,0,0.22957228124141693,2,0,0.15138022601604462,1,1,0.22758281230926514,2,0,0.17854392528533936
subject_13:sample_0000403,13,403,1,2,0,2,0,0.5665358901023865,0.17454794049263,0.4076058268547058,0.6000000238418579,0.3428684175014496,0,1,1,0.21008338034152985,2,0,0.23574136197566986,2,0,0.15135623514652252,1,1,0.2232809215784073,2,0,0.17953713238239288
subject_13:sample_0000404,13,404,1,2,0,2,0,0.5732020139694214,0.19222933053970337,0.40263092517852783,0.6000000238418579,0.35400670766830444,0,1,1,0.2068023979663849,2,0,0.2426089346408844,2,0,0.15046952664852142,1,1,0.21978990733623505,2,0,0.18032832443714142
subject_13:sample_0000405,13,405,1,2,0,2,0,0.5785787105560303,0.20660781860351562,0.39887112379074097,0.6000000238418579,0.36261624097824097,0,1,1,0.2033262848854065,2,0,0.24790723621845245,2,0,0.14900439977645874,1,1,0.2177181988954544,2,0,0.18204283714294434
subject_13:sample_0000406,13,406,1,2,0,2,0,0.5852775573730469,0.22177574038505554,0.3985389471054077,0.6000000238418579,0.37260517477989197,0,1,1,0.19873881340026855,2,0,0.2527097165584564,2,0,0.14843502640724182,1,1,0.2152707874774933,2,0,0.1848447471857071
subject_13:sample_0000407,13,407,1,2,0,2,0,0.5899423360824585,0.2356153130531311,0.39398008584976196,0.6000000238418579,0.37974828481674194,0,1,1,0.19422346353530884,2,0,0.2579173147678375,2,0,0.14695517718791962,1,1,0.21356867253780365,2,0,0.1873343586921692
subject_13:sample_0000408,13,408,1,2,0,2,0,0.583371639251709,0.23725903034210205,0.37317341566085815,0.6000000238418579,0.3724142611026764,0,1,1,0.18964456021785736,2,0,0.2621577978134155,2,0,0.14567655324935913,1,1,0.21195118129253387,2,0,0.1905689835548401
subject_13:sample_0000409,13,409,1,2,0,2,0,0.4624941945075989,0.12432190775871277,0.24604231119155884,0.4000000059604645,0.2418547123670578,0,1,1,0.18581630289554596,3,0,0.26506519317626953,2,0,0.1436547487974167,1,1,0.21154725551605225,2,0,0.19391557574272156
subject_13:sample_0000410,13,410,1,2,0,2,0,0.34840428829193115,0.02246403694152832,0.20769619941711426,0.4000000059604645,0.11757994443178177,0,1,1,0.1818126142024994,3,0,0.2656553089618683,2,0,0.14211690425872803,1,1,0.2121727019548416,2,0,0.1982414424419403
subject_13:sample_0000411,13,411,1,2,0,2,0,0.34484851360321045,0.00640520453453064,0.20783644914627075,0.4000000059604645,0.0771426185965538,0,1,1,0.17816799879074097,3,0,0.2635861337184906,2,0,0.1418144702911377,1,1,0.21305584907531738,2,0,0.20337459444999695
subject_13:sample_0000412,13,412,1,2,0,2,0,0.34790217876434326,0.0053074657917022705,0.2083057165145874,0.4000000059604645,0.07272468507289886,0,1,1,0.17778821289539337,3,0,0.2614796459674835,2,0,0.14384497702121735,1,1,0.21113499999046326,2,0,0.20575128495693207
subject_13:sample_0000413,13,413,1,2,0,3,0,0.35062897205352783,0.006238847970962524,0.2086889147758484,0.4000000059604645,0.07699877768754959,0,1,1,0.17754335701465607,3,0,0.25842827558517456,2,0,0.14584363996982574,1,1,0.2101963311433792,2,0,0.20798751711845398
subject_13:sample_0000414,13,414,1,2,0,3,0,0.3511604368686676,0.00591665506362915,0.20881789922714233,0.4000000059604645,0.07570359110832214,0,1,1,0.17779289186000824,3,0,0.2568809986114502,2,0,0.1465311497449875,1,1,0.20966021716594696,2,0,0.2091338038444519
subject_13:sample_0000415,13,415,1,1,1,1,1,0.7682000994682312,0.5367748141288757,0.6073284149169922,0.800000011920929,0.6303232908248901,0,3,0,0.24782462418079376,1,1,0.18376398086547852,1,1,0.22149746119976044,1,1,0.17842598259449005,1,1,0.168487086892128
subject_13:sample_0000416,13,416,1,1,1,1,1,0.7653785347938538,0.5311211943626404,0.6049526929855347,0.800000011920929,0.6265134811401367,0,3,0,0.24860011041164398,1,1,0.1835990995168686,1,1,0.22135137021541595,1,1,0.17809301614761353,1,1,0.16835543513298035
subject_13:sample_0000417,13,417,1,1,1,1,1,0.7632737159729004,0.5269010066986084,0.6032148003578186,0.800000011920929,0.6236780285835266,0,3,0,0.24935244023799896,1,1,0.1834382712841034,1,1,0.22133299708366394,1,1,0.17752212285995483,1,1,0.16835318505764008
subject_13:sample_0000418,13,418,1,1,1,1,1,0.7621919512748718,0.524724543094635,0.6023632884025574,0.800000011920929,0.6222306489944458,0,3,0,0.25007185339927673,1,1,0.18326079845428467,1,1,0.22186560928821564,1,1,0.17642277479171753,1,1,0.1683780550956726
subject_13:sample_0000419,13,419,1,1,1,1,1,0.76161128282547,0.5235611796379089,0.6018850803375244,0.800000011920929,0.6214479804039001,0,3,0,0.2506224811077118,1,1,0.1831430345773697,1,1,0.22256974875926971,1,1,0.17523549497127533,1,1,0.16842825710773468
subject_13:sample_0000420,13,420,1,1,1,1,1,0.7617286443710327,0.5237932205200195,0.6019953489303589,0.800000011920929,0.6216096878051758,0,3,0,0.2509649395942688,1,1,0.18326231837272644,1,1,0.2229899764060974,1,1,0.17412909865379333,1,1,0.1686527281999588
subject_13:sample_0000421,13,421,1,1,1,1,1,0.7607761025428772,0.5218883156776428,0.6011974215507507,0.800000011920929,0.6203219294548035,0,3,0,0.2515353560447693,1,1,0.18338201940059662,1,1,0.22297073900699615,1,1,0.17321938276290894,1,1,0.1688915491104126
subject_13:sample_0000422,13,422,1,1,1,1,1,0.7631556987762451,0.5266437530517578,0.6032165884971619,0.800000011920929,0.6235449910163879,0,3,0,0.251103937625885,1,1,0.1836114376783371,1,1,0.22307637333869934,1,1,0.1729918271303177,1,1,0.16921545565128326
subject_13:sample_0000423,13,423,1,1,1,1,1,0.7648518681526184,0.5300329327583313,0.6046725511550903,0.800000011920929,0.6258450746536255,0,3,0,0.25081029534339905,1,1,0.1839008778333664,1,1,0.22303789854049683,1,1,0.1727294772863388,1,1,0.1695205271244049
subject_13:sample_0000424,13,424,1,1,1,1,1,0.7648895978927612,0.5301058292388916,0.604719877243042,0.800000011920929,0.625900387763977,0,3,0,0.25076866149902344,1,1,0.18431691825389862,1,1,0.22260776162147522,1,1,0.1724247932434082,1,1,0.1698809415102005
subject_13:sample_0000425,13,425,1,1,1,1,1,0.764882504940033,0.5301045775413513,0.6046535968780518,0.800000011920929,0.6258749961853027,0,3,0,0.25066515803337097,1,1,0.18464340269565582,1,1,0.22250600159168243,1,1,0.1721341460943222,1,1,0.17005036771297455
subject_13:sample_0000426,13,426,1,1,1,1,1,0.7649837732315063,0.5303291082382202,0.6046355962753296,0.800000011920929,0.6259848475456238,0,3,0,0.25075849890708923,1,1,0.18471243977546692,1,1,0.22254148125648499,1,1,0.1717202216386795,1,1,0.17026637494564056
subject_13:sample_0000427,13,427,1,1,1,1,1,0.7668205499649048,0.5340152978897095,0.6061496138572693,0.800000011920929,0.628457248210907,0,3,0,0.2506525218486786,1,1,0.18479011952877045,1,1,0.222624734044075,1,1,0.1712040901184082,1,1,0.17072752118110657
subject_13:sample_0000428,13,428,1,1,1,1,1,0.7692049741744995,0.5388161540031433,0.6080612540245056,0.800000011920929,0.6316502690315247,0,3,0,0.2503030300140381,1,1,0.18473729491233826,1,1,0.22309419512748718,1,1,0.17086662352085114,1,1,0.17099793255329132
subject_13:sample_0000429,13,429,1,1,1,1,1,0.7721502184867859,0.5447596311569214,0.6103973388671875,0.800000011920929,0.6355842351913452,0,3,0,0.24979040026664734,1,1,0.18458354473114014,1,1,0.22379381954669952,1,1,0.1706543117761612,1,1,0.1711769849061966
subject_13:sample_0000430,13,430,1,1,1,1,1,0.7785680294036865,0.5576925277709961,0.6157086491584778,0.800000011920929,0.6442022323608398,0,3,0,0.24842196702957153,1,1,0.18421122431755066,1,1,0.22517924010753632,1,1,0.1707286834716797,1,1,0.171457901597023
subject_13:sample_0000431,13,431,1,1,1,1,1,0.7848231196403503,0.5703361630439758,0.6209068298339844,0.800000011920929,0.6525939702987671,0,3,0,0.24715569615364075,1,1,0.18374602496623993,1,1,0.22636733949184418,1,1,0.17079216241836548,1,1,0.17193783819675446
subject_13:sample_0000432,13,432,1,1,1,1,1,0.7913599014282227,0.5835675001144409,0.626469612121582,0.800000011920929,0.6613860726356506,0,3,0,0.24579200148582458,1,1,0.18333718180656433,1,1,0.22765731811523438,1,1,0.17089080810546875,1,1,0.17232169210910797
subject_13:sample_0000433,13,433,1,1,1,1,1,0.8006154894828796,0.6022270917892456,0.6350035667419434,0.800000011920929,0.67399001121521,0,3,0,0.24421574175357819,1,1,0.18284675478935242,1,1,0.22893477976322174,1,1,0.1710326075553894,1,1,0.17296908795833588
subject_13:sample_0000434,13,434,1,1,1,1,1,0.8078996539115906,0.6169756054878235,0.6417746543884277,0.800000011920929,0.6839158535003662,0,3,0,0.2430533915758133,1,1,0.18218648433685303,1,1,0.2301756888628006,1,1,0.17097108066082,1,1,0.17361240088939667
subject_13:sample_0000435,13,435,1,1,1,1,1,0.8121399283409119,0.6255783438682556,0.645779013633728,0.800000011920929,0.6897083520889282,0,3,0,0.24242427945137024,1,1,0.18148943781852722,1,1,0.23134154081344604,1,1,0.17063988745212555,1,1,0.17410381138324738
subject_13:sample_0000436,13,436,1,1,1,1,1,0.8247777223587036,0.6510844230651855,0.6587562561035156,0.800000011920929,0.7072392106056213,1,3,0,0.24073874950408936,1,1,0.18097372353076935,1,1,0.23281456530094147,1,1,0.17052580416202545,1,1,0.17494623363018036
subject_13:sample_0000437,13,437,1,1,1,1,1,0.8418214321136475,0.6856492161750793,0.6770955324172974,0.800000011920929,0.7311233282089233,1,3,0,0.23834839463233948,1,1,0.1803451031446457,1,1,0.2344585806131363,1,1,0.1707705706357956,1,1,0.17607636749744415
subject_13:sample_0000438,13,438,1,1,1,1,1,0.8613082766532898,0.7256333827972412,0.6989212036132812,0.800000011920929,0.7587546706199646,1,3,0,0.23616208136081696,1,1,0.17981769144535065,1,1,0.23560097813606262,1,1,0.17086844146251678,1,1,0.17754991352558136
subject_13:sample_0000439,13,439,1,1,1,1,1,0.8798460960388184,0.7647916078567505,0.7196624279022217,1.0,0.785283088684082,1,1,1,0.23395352065563202,1,1,0.1792348027229309,1,1,0.23656973242759705,1,1,0.17100362479686737,1,1,0.17923736572265625
subject_13:sample_0000440,13,440,1,1,1,1,1,0.8902295827865601,0.7913514375686646,0.7245296239852905,1.0,0.7991761565208435,1,1,1,0.2321353405714035,1,1,0.17852365970611572,1,1,0.23723064363002777,1,1,0.17118434607982635,1,1,0.18092504143714905
subject_13:sample_0000441,13,441,1,1,1,1,1,0.8898234963417053,0.8038547039031982,0.7076106071472168,1.0,0.7969392538070679,1,1,1,0.23076944053173065,1,1,0.1778089702129364,1,1,0.2371513545513153,1,1,0.17159391939640045,1,1,0.1826753169298172
subject_13:sample_0000442,13,442,1,1,1,1,1,0.8792257308959961,0.8111425042152405,0.6740936040878296,1.0,0.7833802103996277,1,1,1,0.22889301180839539,1,1,0.1774435192346573,1,1,0.23709829151630402,1,1,0.17208383977413177,1,1,0.18448033928871155
subject_13:sample_0000443,13,443,1,1,1,1,1,0.8586987257003784,0.7645927667617798,0.6407017707824707,0.800000011920929,0.749276876449585,1,2,0,0.22627569735050201,1,1,0.17758074402809143,1,1,0.2366734892129898,1,1,0.17304058372974396,1,1,0.18642859160900116
subject_13:sample_0000444,13,444,1,1,1,1,1,0.8549143075942993,0.7479169368743896,0.6405341625213623,0.800000011920929,0.7426304817199707,1,2,0,0.22445663809776306,1,1,0.1774834841489792,1,1,0.23632843792438507,1,1,0.17527712881565094,1,1,0.18645334243774414
subject_13:sample_0000445,13,445,1,1,1,1,1,0.8533183336257935,0.7387493848800659,0.6431522965431213,0.800000011920929,0.7401288747787476,1,2,0,0.22296930849552155,1,1,0.17737527191638947,1,1,0.23565030097961426,1,1,0.1775287538766861,1,1,0.18647538125514984
subject_13:sample_0000446,13,446,1,1,1,1,1,0.8418428897857666,0.709619402885437,0.6336618661880493,0.800000011920929,0.7233880758285522,1,2,0,0.2220507115125656,1,1,0.17734295129776,1,1,0.23460666835308075,1,1,0.17964352667331696,1,1,0.18635521829128265
subject_13:sample_0000447,13,447,1,1,1,1,1,0.832851767539978,0.688041627407074,0.6264083385467529,0.800000011920929,0.7106896638870239,1,2,0,0.22118397057056427,1,1,0.1772260069847107,1,1,0.23378264904022217,1,1,0.18156641721725464,1,1,0.18624010682106018
subject_13:sample_0000448,13,448,1,1,1,1,1,0.8267759680747986,0.6727776527404785,0.6230390667915344,0.800000011920929,0.702411413192749,1,2,0,0.2199046015739441,1,1,0.17719915509223938,1,1,0.23324322700500488,1,1,0.1832944005727768,1,1,0.18635761737823486
subject_13:sample_0000449,13,449,1,1,1,1,1,0.8167127370834351,0.6501325964927673,0.6145090460777283,0.800000011920929,0.6884406805038452,0,2,0,0.21849721670150757,1,1,0.17743302881717682,1,1,0.23263312876224518,1,1,0.18503017723560333,1,1,0.1864054650068283
subject_13:sample_0000450,13,450,1,1,1,1,1,0.7951773405075073,0.6036244630813599,0.5962366461753845,0.800000011920929,0.65899658203125,0,2,0,0.21683742105960846,1,1,0.17795515060424805,1,1,0.23190690577030182,1,1,0.18671439588069916,1,1,0.1865852028131485
subject_13:sample_0000451,13,451,1,1,1,1,1,0.7582523822784424,0.528222918510437,0.5625966191291809,0.800000011920929,0.6085216403007507,0,2,0,0.21517306566238403,1,1,0.17873620986938477,1,1,0.23126690089702606,1,1,0.18808060884475708,1,1,0.18674229085445404
subject_13:sample_0000452,13,452,1,1,1,1,1,0.7092742919921875,0.4324816167354584,0.5178741216659546,0.800000011920929,0.5415875911712646,0,2,0,0.21383371949195862,1,1,0.17924542725086212,1,1,0.23040559887886047,1,1,0.1896253526210785,1,1,0.1868889182806015
subject_13:sample_0000453,13,453,1,1,1,1,1,0.6540161967277527,0.3281830847263336,0.47014862298965454,0.800000011920929,0.4655646085739136,0,2,0,0.21343305706977844,1,1,0.17969806492328644,1,1,0.22941143810749054,1,1,0.1906771957874298,1,1,0.18677924573421478
subject_13:sample_0000454,13,454,1,1,1,2,0,0.5710557103157043,0.1692458987236023,0.42456984519958496,0.6000000238418579,0.3449174761772156,0,2,0,0.21292532980442047,1,1,0.18052516877651215,1,1,0.22858291864395142,2,0,0.1914183497428894,1,1,0.18654726445674896
subject_13:sample_0000455,13,455,1,1,1,2,0,0.4959319829940796,0.030775249004364014,0.3903321623802185,0.4000000059604645,0.1812811642885208,0,2,0,0.2126876711845398,1,1,0.1813315898180008,1,1,0.22778449952602386,2,0,0.19199782609939575,2,0,0.186197429895401
subject_13:sample_0000456,13,456,1,2,0,2,0,0.5205999612808228,0.08759871125221252,0.38002991676330566,0.6000000238418579,0.2587854266166687,0,2,0,0.21252493560314178,1,1,0.1821773797273636,1,1,0.22693470120429993,2,0,0.19265495240688324,2,0,0.18570703268051147
subject_13:sample_0000457,13,457,1,2,0,2,0,0.5572233200073242,0.1666295826435089,0.3786708116531372,0.6000000238418579,0.32760292291641235,0,2,0,0.21247458457946777,1,1,0.18303431570529938,1,1,0.22638648748397827,2,0,0.19277025759220123,2,0,0.18533338606357574
subject_13:sample_0000458,13,458,1,2,0,2,0,0.5899999141693115,0.24260932207107544,0.3757336139678955,0.6000000238418579,0.37746769189834595,0,2,0,0.21207153797149658,1,1,0.18407495319843292,1,1,0.2261963039636612,2,0,0.1927700638771057,2,0,0.18488624691963196
subject_13:sample_0000459,13,459,1,2,0,2,0,0.6140649914741516,0.30501848459243774,0.3707834482192993,0.6000000238418579,0.4110426604747772,0,2,0,0.21135322749614716,1,1,0.1851600557565689,1,1,0.2262406200170517,2,0,0.19279789924621582,2,0,0.18444722890853882
subject_13:sample_0000460,13,460,1,2,0,2,0,0.6222635507583618,0.3327987790107727,0.3639708161354065,0.6000000238418579,0.42241647839546204,0,2,0,0.211342453956604,1,1,0.1859007030725479,1,1,0.22609646618366241,2,0,0.19278137385845184,2,0,0.1838780790567398
subject_13:sample_0000461,13,461,1,2,0,2,0,0.6358509063720703,0.37708422541618347,0.3588147759437561,0.6000000238418579,0.44145655632019043,0,2,0,0.2108972817659378,1,1,0.18693533539772034,0,0,0.22617878019809723,2,0,0.1928165704011917,2,0,0.1831711083650589
subject_13:sample_0000462,13,462,1,2,0,2,0,0.6684367060661316,0.4559732973575592,0.3758717179298401,0.6000000238418579,0.48567575216293335,0,2,0,0.21029064059257507,1,1,0.18822601437568665,0,0,0.2264254093170166,2,0,0.19278584420681,2,0,0.18227118253707886
subject_13:sample_0000463,13,463,1,2,0,2,0,0.6872423887252808,0.4932613670825958,0.3928539752960205,0.6000000238418579,0.5106688141822815,0,2,0,0.21026994287967682,1,1,0.18915532529354095,0,0,0.22645775973796844,2,0,0.1926519125699997,2,0,0.18146419525146484
subject_13:sample_0000464,13,464,1,2,0,2,0,0.7125725150108337,0.5385756492614746,0.41959911584854126,0.6000000238418579,0.5440474152565002,0,2,0,0.2100992053747177,1,1,0.1903710961341858,0,0,0.2263612449169159,2,0,0.19284404814243317,2,0,0.18032348155975342
subject_13:sample_0000465,13,465,1,2,0,2,0,0.7112876772880554,0.5241334438323975,0.4233465790748596,0.6000000238418579,0.5404154062271118,0,2,0,0.2098507285118103,1,1,0.1913834810256958,0,0,0.226347416639328,2,0,0.1929560750722885,2,0,0.17946122586727142
subject_13:sample_0000466,13,466,1,2,0,2,0,0.6539579629898071,0.4079686403274536,0.3749047517776489,0.6000000238418579,0.4641936421394348,0,2,0,0.20982816815376282,1,1,0.19115746021270752,0,0,0.22571545839309692,2,0,0.1932026594877243,2,0,0.18009530007839203
subject_13:sample_0000467,13,467,1,2,0,2,0,0.6255559325218201,0.3462035357952118,0.35869842767715454,0.6000000238418579,0.4266866445541382,0,2,0,0.20938386023044586,1,1,0.19088461995124817,1,1,0.22530914843082428,2,0,0.1935880035161972,2,0,0.18083344399929047
subject_13:sample_0000468,13,468,1,2,0,2,0,0.6091993451118469,0.3062344491481781,0.3543408513069153,0.6000000238418579,0.4043383002281189,0,2,0,0.20895938575267792,1,1,0.19064335525035858,1,1,0.22498324513435364,2,0,0.19383321702480316,2,0,0.1815798431634903
subject_13:sample_0000469,13,469,1,3,0,3,0,0.5159000158309937,0.22974151372909546,0.2634669542312622,0.6000000238418579,0.3149031698703766,0,3,0,0.16404388844966888,1,1,0.2197406142950058,3,0,0.16575874388217926,0,0,0.19778873026371002,3,0,0.25266703963279724
subject_13:sample_0000470,13,470,1,3,0,3,0,0.5156616568565369,0.22903424501419067,0.26342839002609253,0.6000000238418579,0.3145159184932709,0,3,0,0.16533492505550385,1,1,0.21910768747329712,3,0,0.16589176654815674,0,0,0.19756290316581726,3,0,0.25210174918174744
subject_13:sample_0000471,13,471,1,3,0,3,0,0.4871097505092621,0.17246794700622559,0.25274860858917236,0.6000000238418579,0.27691173553466797,0,3,0,0.16657805442810059,1,1,0.21869884431362152,3,0,0.16569142043590546,0,0,0.19809940457344055,3,0,0.2509313225746155
subject_13:sample_0000472,13,472,1,3,0,3,0,0.4463896155357361,0.09162798523902893,0.24277502298355103,0.4000000059604645,0.21493908762931824,0,3,0,0.16887912154197693,1,1,0.21799521148204803,3,0,0.16543591022491455,0,0,0.19870464503765106,1,1,0.24898409843444824
subject_13:sample_0000473,13,473,1,1,1,3,0,0.42362886667251587,0.047978222370147705,0.23913079500198364,0.4000000059604645,0.1693902313709259,0,3,0,0.17173117399215698,1,1,0.2169603407382965,3,0,0.1647643893957138,0,0,0.20058874785900116,1,1,0.24595429003238678
subject_13:sample_0000474,13,474,1,1,1,3,0,0.4577566683292389,0.11942395567893982,0.24306100606918335,0.4000000059604645,0.23685386776924133,0,3,0,0.1748657077550888,1,1,0.21526001393795013,3,0,0.1640392541885376,0,0,0.20379970967769623,1,1,0.24203433096408844
subject_13:sample_0000475,13,475,1,1,1,3,0,0.46670404076576233,0.1406829059123993,0.24405354261398315,0.4000000059604645,0.252109557390213,0,3,0,0.17764811217784882,1,1,0.21399061381816864,3,0,0.1634824424982071,0,0,0.20717893540859222,1,1,0.23769894242286682
subject_13:sample_0000476,13,476,1,1,1,1,1,0.47361862659454346,0.15812450647354126,0.24484235048294067,0.4000000059604645,0.2636967599391937,0,3,0,0.1803547739982605,1,1,0.21277201175689697,3,0,0.16282035410404205,0,0,0.21080660820007324,1,1,0.23324523866176605
subject_13:sample_0000477,13,477,1,1,1,1,1,0.48308444023132324,0.18033051490783691,0.2469126582145691,0.4000000059604645,0.2781069874763489,0,3,0,0.18283240497112274,1,1,0.21145251393318176,3,0,0.16242849826812744,0,0,0.2141084372997284,1,1,0.22917723655700684
subject_13:sample_0000478,13,478,1,1,1,1,1,0.4943481683731079,0.20542967319488525,0.2503533959388733,0.4000000059604645,0.2940468192100525,0,3,0,0.1843671202659607,1,1,0.21097494661808014,3,0,0.16228421032428741,0,0,0.21676869690418243,1,1,0.2256041169166565
subject_13:sample_0000479,13,479,1,1,1,1,1,0.5071664452552795,0.23313981294631958,0.25520873069763184,0.4000000059604645,0.3113298714160919,0,3,0,0.18505562841892242,1,1,0.21118275821208954,3,0,0.16223494708538055,0,0,0.21916362643241882,1,1,0.22236208617687225
subject_13:sample_0000480,13,480,1,1,1,1,1,0.5222068428993225,0.26224640011787415,0.2622554898262024,0.6000000238418579,0.32993283867836,0,3,0,0.18537002801895142,1,1,0.21222546696662903,1,1,0.16277074813842773,0,0,0.22043189406394958,1,1,0.2192009538412094
subject_13:sample_0000481,13,481,1,1,1,1,1,0.5466919541358948,0.29807615280151367,0.2767128348350525,0.6000000238418579,0.35593149065971375,0,3,0,0.1851681023836136,1,1,0.21381723880767822,1,1,0.16377584636211395,0,0,0.2208535522222519,1,1,0.21638432145118713
subject_13:sample_0000482,13,482,1,1,1,1,1,0.5964881777763367,0.3552968204021454,0.31561481952667236,0.6000000238418579,0.4059290587902069,0,3,0,0.18501326441764832,1,1,0.21550916135311127,1,1,0.16498184204101562,0,0,0.22072258591651917,1,1,0.21377216279506683
subject_13:sample_0000483,13,483,1,1,1,1,1,0.6739941239356995,0.4421025514602661,0.40150660276412964,0.800000011920929,0.4927469491958618,0,3,0,0.18447761237621307,1,1,0.21706335246562958,1,1,0.16615447402000427,1,1,0.22112880647182465,1,1,0.21117474138736725
subject_13:sample_0000484,13,484,1,1,1,1,1,0.723029375076294,0.4999087452888489,0.47441983222961426,0.800000011920929,0.5555670857429504,0,3,0,0.18377095460891724,1,1,0.21808737516403198,1,1,0.16709169745445251,1,1,0.22229227423667908,1,1,0.2087567299604416
subject_13:sample_0000485,13,485,1,1,1,1,1,0.7465522289276123,0.5283411741256714,0.5166241526603699,0.800000011920929,0.588459312915802,0,3,0,0.1837894320487976,1,1,0.2189968377351761,1,1,0.16788612306118011,1,1,0.22304289042949677,1,1,0.2062837779521942
subject_13:sample_0000486,13,486,1,1,1,1,1,0.7621228098869324,0.5482406616210938,0.547003984451294,0.800000011920929,0.6114048361778259,0,3,0,0.1838414967060089,1,1,0.21973185241222382,1,1,0.1686229407787323,1,1,0.22382387518882751,1,1,0.20397889614105225
subject_13:sample_0000487,13,487,1,1,1,1,1,0.7671922445297241,0.5533497333526611,0.5601104497909546,0.800000011920929,0.6195255517959595,0,3,0,0.18460045754909515,1,1,0.22006329894065857,1,1,0.1692684292793274,1,1,0.22408144176006317,1,1,0.2019854187965393
subject_13:sample_0000488,13,488,1,1,1,1,1,0.7649773359298706,0.5468341112136841,0.5618866682052612,0.800000011920929,0.6171407699584961,0,3,0,0.18631453812122345,1,1,0.22014372050762177,1,1,0.16964735090732574,1,1,0.22385527193546295,1,1,0.20003816485404968
subject_13:sample_0000489,13,489,1,1,1,1,1,0.7615828514099121,0.5394777059555054,0.5599201917648315,0.800000011920929,0.6127343773841858,0,3,0,0.18803951144218445,1,1,0.22023442387580872,1,1,0.16975800693035126,1,1,0.223907008767128,1,1,0.19806012511253357
subject_13:sample_0000490,13,490,1,1,1,1,1,0.7592468857765198,0.534854531288147,0.5577635765075684,0.800000011920929,0.6095691323280334,0,3,0,0.1892351359128952,1,1,0.22007368505001068,1,1,0.16983743011951447,1,1,0.2242337316274643,1,1,0.19661910831928253
subject_13:sample_0000491,13,491,1,1,1,1,1,0.7560728788375854,0.5291448831558228,0.5537757873535156,0.800000011920929,0.6050957441329956,0,3,0,0.19042542576789856,1,1,0.21977569162845612,1,1,0.16984021663665771,1,1,0.22448158264160156,1,1,0.19547614455223083
subject_13:sample_0000492,13,492,1,1,1,1,1,0.7503705024719238,0.5199505686759949,0.5447815656661987,0.800000011920929,0.5967879891395569,0,3,0,0.19126349687576294,1,1,0.21951799094676971,1,1,0.16982997953891754,1,1,0.2247074395418167,1,1,0.19468015432357788
subject_13:sample_0000493,13,493,1,1,1,1,1,0.7456939220428467,0.5134420394897461,0.5358065366744995,0.800000011920929,0.5897754430770874,0,3,0,0.19211135804653168,1,1,0.2192070186138153,1,1,0.16967758536338806,1,1,0.22512978315353394,1,1,0.1938733607530594
subject_13:sample_0000494,13,494,1,1,1,1,1,0.7366819381713867,0.5031951665878296,0.5158171653747559,0.800000011920929,0.5761082172393799,0,3,0,0.19248385727405548,1,1,0.21880213916301727,1,1,0.16946284472942352,1,1,0.22591717541217804,1,1,0.1933329999446869
subject_13:sample_0000495,13,495,1,1,1,1,1,0.7240771055221558,0.4902880787849426,0.4886379837989807,0.800000011920929,0.5577091574668884,0,3,0,0.1927240639925003,1,1,0.2182878702878952,1,1,0.16918082535266876,1,1,0.2269515097141266,1,1,0.19285471737384796
subject_13:sample_0000496,13,496,1,1,1,1,1,0.7117409706115723,0.47832608222961426,0.4640541076660156,0.800000011920929,0.5405943989753723,0,3,0,0.1936301290988922,1,1,0.21773502230644226,1,1,0.16874462366104126,1,1,0.2275245487689972,1,1,0.19236469268798828
subject_13:sample_0000497,13,497,1,1,1,1,1,0.7006428837776184,0.4694324731826782,0.44224369525909424,0.800000011920929,0.5259088277816772,0,3,0,0.19359920918941498,1,1,0.21726101636886597,1,1,0.1685173362493515,1,1,0.22852428257465363,1,1,0.19209720194339752
subject_13:sample_0000498,13,498,1,1,1,1,1,0.6972097158432007,0.4688149690628052,0.43413984775543213,0.800000011920929,0.5215927362442017,0,3,0,0.19367636740207672,1,1,0.21675053238868713,1,1,0.16839534044265747,1,1,0.22920072078704834,1,1,0.19197605550289154
subject_13:sample_0000499,13,499,1,1,1,1,1,0.6935641169548035,0.4671507477760315,0.4267563819885254,0.800000011920929,0.5171000361442566,0,3,0,0.19362616539001465,1,1,0.21641184389591217,1,1,0.1683548539876938,1,1,0.2295510470867157,1,1,0.1920551359653473
subject_13:sample_0000500,13,500,1,1,1,1,1,0.6965758204460144,0.47131869196891785,0.4305955767631531,0.800000011920929,0.5209358334541321,0,3,0,0.19336764514446259,1,1,0.21611113846302032,1,1,0.16849012672901154,1,1,0.22977203130722046,1,1,0.19225814938545227
subject_13:sample_0000501,13,501,1,1,1,1,1,0.705108106136322,0.4784502387046814,0.4456995725631714,0.800000011920929,0.5317549705505371,0,3,0,0.1937284618616104,1,1,0.21600356698036194,1,1,0.16858331859111786,1,1,0.22945739328861237,1,1,0.19222630560398102
subject_13:sample_0000502,13,502,1,1,1,1,1,0.7149688005447388,0.486710786819458,0.4645734429359436,0.800000011920929,0.544758677482605,0,3,0,0.19406895339488983,1,1,0.2158568650484085,1,1,0.16874416172504425,1,1,0.22896821796894073,1,1,0.19236087799072266
subject_13:sample_0000503,13,503,1,1,1,1,1,0.7231595516204834,0.4923992156982422,0.48297494649887085,0.800000011920929,0.5561074614524841,0,3,0,0.19419054687023163,1,1,0.21561726927757263,1,1,0.1690608412027359,1,1,0.22846508026123047,1,1,0.19266526401042938
subject_13:sample_0000504,13,504,1,1,1,1,1,0.728542149066925,0.4975217580795288,0.49430179595947266,0.800000011920929,0.5637496709823608,0,3,0,0.1933804452419281,1,1,0.21553853154182434,1,1,0.16935995221138,1,1,0.22860735654830933,1,1,0.19311271607875824
subject_13:sample_0000505,13,505,1,1,1,1,1,0.7399703860282898,0.5107086896896362,0.5170458555221558,0.800000011920929,0.5802817344665527,0,3,0,0.19279944896697998,1,1,0.2155366837978363,1,1,0.16961170732975006,1,1,0.228624165058136,1,1,0.19342704117298126
subject_13:sample_0000506,13,506,1,1,1,1,1,0.7459490895271301,0.5169847011566162,0.5308562517166138,0.800000011920929,0.5893698334693909,0,3,0,0.19220232963562012,1,1,0.21529841423034668,1,1,0.17002080380916595,1,1,0.22822241485118866,1,1,0.19425508379936218
subject_13:sample_0000507,13,507,1,1,1,1,1,0.7541378736495972,0.5278306007385254,0.5472838878631592,0.800000011920929,0.6017082929611206,0,3,0,0.19145160913467407,1,1,0.2153494954109192,1,1,0.17023754119873047,1,1,0.228156179189682,1,1,0.19480416178703308
subject_13:sample_0000508,13,508,1,1,1,1,1,0.7622030973434448,0.5380842685699463,0.565555989742279,0.800000011920929,0.6144202351570129,0,3,0,0.19170089066028595,1,1,0.21564577519893646,1,1,0.17029651999473572,1,1,0.22826191782951355,1,1,0.1940939724445343
subject_13:sample_0000509,13,509,1,1,1,1,1,0.768246054649353,0.54574054479599,0.5805717706680298,0.800000011920929,0.6243778467178345,0,3,0,0.191313236951828,1,1,0.2160835713148117,1,1,0.17060156166553497,1,1,0.22820593416690826,1,1,0.19379480183124542
subject_13:sample_0000510,13,510,1,1,1,1,1,0.7711188793182373,0.5503109097480774,0.5859440565109253,0.800000011920929,0.6288231611251831,0,3,0,0.19086016714572906,1,1,0.21634498238563538,1,1,0.17070206999778748,1,1,0.2284272462129593,1,1,0.1936645656824112
subject_13:sample_0000511,13,511,2,2,1,2,1,0.9933594465255737,0.9890228509902954,0.9672433733940125,1.0,0.9831418395042419,1,2,1,0.4004538059234619,2,1,0.10031546652317047,2,1,0.31266292929649353,2,1,0.06022556871175766,2,1,0.1263413429260254
subject_13:sample_0000512,13,512,2,2,1,2,1,0.5523196458816528,0.10506981611251831,0.5013678073883057,0.6000000238418579,0.30756834149360657,0,2,1,0.2316650003194809,2,1,0.19749899208545685,1,0,0.22086016833782196,2,1,0.13347557187080383,1,0,0.21649932861328125
subject_13:sample_0000513,13,513,2,2,1,2,1,0.5481054186820984,0.09670346975326538,0.5004532337188721,0.6000000238418579,0.2982335686683655,0,2,1,0.23066949844360352,2,1,0.19998714327812195,1,0,0.22025015950202942,2,1,0.1348215788602829,1,0,0.21427057683467865
subject_13:sample_0000514,13,514,2,2,1,2,1,0.5337227582931519,0.06803643703460693,0.49827152490615845,0.6000000238418579,0.2625272572040558,0,2,1,0.2277563065290451,2,1,0.2013884037733078,1,0,0.2200477123260498,2,1,0.13730649650096893,1,0,0.21350006759166718
subject_13:sample_0000515,13,515,2,2,1,2,1,0.5112915635108948,0.023325234651565552,0.4960816502571106,0.6000000238418579,0.18086278438568115,0,2,1,0.22483401000499725,2,1,0.20237436890602112,1,0,0.21997536718845367,2,1,0.1397562325000763,1,0,0.21305905282497406
subject_13:sample_0000516,13,516,2,1,0,1,0,0.5229528546333313,0.046900391578674316,0.4955291152000427,0.4000000059604645,0.22991608083248138,0,2,1,0.22190438210964203,2,1,0.20306237041950226,1,0,0.22008590400218964,2,1,0.1422376185655594,1,0,0.21270880103111267
subject_13:sample_0000517,13,517,2,1,0,1,0,0.563977062702179,0.12928009033203125,0.4993433952331543,0.6000000238418579,0.3314342796802521,0,1,0,0.2190745621919632,2,1,0.20390821993350983,1,0,0.2203264981508255,2,1,0.14419470727443695,1,0,0.21249499917030334
subject_13:sample_0000518,13,518,2,1,0,1,0,0.5874242782592773,0.1763547658920288,0.5038255453109741,0.6000000238418579,0.3737143576145172,0,1,0,0.21832387149333954,2,1,0.20356088876724243,1,0,0.2204637974500656,2,1,0.14533190429210663,1,0,0.21231859922409058
subject_13:sample_0000519,13,519,2,1,0,1,0,0.6571520566940308,0.31621310114860535,0.5276491641998291,0.6000000238418579,0.47862672805786133,0,1,0,0.21628990769386292,2,1,0.20502133667469025,1,0,0.21836958825588226,2,1,0.15040114521980286,1,0,0.20991697907447815
subject_13:sample_0000520,13,520,2,1,0,1,0,0.7884213328361511,0.5793079733848572,0.6180026531219482,0.800000011920929,0.6559731364250183,0,1,0,0.213060662150383,1,0,0.20604726672172546,1,0,0.21610340476036072,2,1,0.1573830246925354,1,0,0.20740467309951782
subject_13:sample_0000521,13,521,2,1,0,1,0,0.8217837810516357,0.6475441455841064,0.6481173038482666,0.800000011920929,0.7012832760810852,1,1,0,0.20853301882743835,1,0,0.20759359002113342,1,0,0.21279536187648773,2,1,0.1681770235300064,1,0,0.20290009677410126
subject_13:sample_0000522,13,522,2,1,0,1,0,0.8177168965339661,0.6413712501525879,0.6385401487350464,0.800000011920929,0.694438099861145,0,1,0,0.20686496794223785,1,0,0.20723970234394073,1,0,0.2099640667438507,2,1,0.1771378368139267,1,0,0.1987924724817276
subject_13:sample_0000523,13,523,2,1,0,1,0,0.8116130828857422,0.6313490271568298,0.6267492771148682,0.800000011920929,0.6848111152648926,0,1,0,0.20541749894618988,1,0,0.20643457770347595,1,0,0.2075614035129547,2,1,0.1848180592060089,1,0,0.19576747715473175
subject_13:sample_0000524,13,524,2,1,0,1,0,0.8065280318260193,0.623645544052124,0.6159869432449341,0.800000011920929,0.6766689419746399,0,1,0,0.20365476608276367,1,0,0.205304816365242,1,0,0.20580758154392242,2,1,0.191682830452919,1,0,0.1935490220785141
subject_13:sample_0000525,13,525,2,1,0,1,0,0.8024893999099731,0.6174911856651306,0.607848048210144,0.800000011920929,0.6703295707702637,0,1,0,0.20310567319393158,1,0,0.20373192429542542,1,0,0.20350174605846405,2,1,0.19836850464344025,1,0,0.19129124283790588
subject_13:sample_0000526,13,526,2,1,0,1,0,0.8033273220062256,0.6191308498382568,0.6088082790374756,0.800000011920929,0.6715090274810791,0,1,0,0.20187874138355255,1,0,0.20214615762233734,1,0,0.20315992832183838,2,1,0.20240551233291626,1,0,0.19040873646736145
subject_13:sample_0000527,13,527,2,1,0,1,0,0.8099316954612732,0.632939338684082,0.6147926449775696,0.800000011920929,0.6805286407470703,0,1,0,0.2006116807460785,1,0,0.20114651322364807,1,0,0.20273293554782867,2,1,0.20593975484371185,1,0,0.18956822156906128
subject_13:sample_0000528,13,528,2,1,0,1,0,0.8279250860214233,0.6684038043022156,0.6363091468811035,0.800000011920929,0.706153929233551,1,1,0,0.1992831975221634,1,0,0.20021679997444153,1,0,0.20293834805488586,2,1,0.20851698517799377,1,0,0.18904367089271545
subject_13:sample_0000529,13,529,2,1,0,1,0,0.8520346879959106,0.7144160270690918,0.6705336570739746,0.800000011920929,0.7417821288108826,1,1,0,0.1977672278881073,1,0,0.20022766292095184,1,0,0.20477622747421265,2,1,0.2075800895690918,1,0,0.1896478235721588
subject_13:sample_0000530,13,530,2,1,0,1,0,0.8870539665222168,0.7818237543106079,0.7252721786499023,0.800000011920929,0.795279860496521,1,1,0,0.19674994051456451,1,0,0.20042255520820618,1,0,0.2061544954776764,2,1,0.206551194190979,1,0,0.19012081623077393
subject_13:sample_0000531,13,531,2,1,0,1,0,0.9147794246673584,0.8353577852249146,0.7745158076286316,1.0,0.8396012187004089,1,1,0,0.19633996486663818,1,0,0.20095805823802948,1,0,0.20683123171329498,1,0,0.20525401830673218,1,0,0.19061581790447235
subject_13:sample_0000532,13,532,2,1,0,1,0,0.9380234479904175,0.8806995749473572,0.8204169869422913,1.0,0.8783993124961853,1,1,0,0.1960802972316742,1,0,0.20178399980068207,1,0,0.20715677738189697,1,0,0.20373567938804626,1,0,0.19124236702919006
subject_13:sample_0000533,13,533,2,1,0,1,0,0.9565005302429199,0.9170414209365845,0.8612011671066284,1.0,0.9107368588447571,1,1,0,0.19609525799751282,1,0,0.20268841087818146,1,0,0.2071613222360611,1,0,0.2022687792778015,1,0,0.19178526103496552
subject_13:sample_0000534,13,534,2,1,0,1,0,0.9646646976470947,0.9330219626426697,0.8811841011047363,1.0,0.9256460070610046,1,1,0,0.1960497498512268,1,0,0.20361584424972534,1,0,0.20811361074447632,1,0,0.19936500489711761,1,0,0.1928548514842987
subject_13:sample_0000535,13,535,2,1,0,1,0,0.9714685082435608,0.9464570879936218,0.8987847566604614,1.0,0.9384153485298157,1,1,0,0.1960679441690445,1,0,0.20450067520141602,1,0,0.20870810747146606,1,0,0.19693617522716522,1,0,0.19378617405891418
subject_13:sample_0000536,13,536,2,1,0,1,0,0.9771103262901306,0.9577469229698181,0.9141819477081299,1.0,0.9493120312690735,1,1,0,0.1962207406759262,1,0,0.2052767127752304,1,0,0.2086019068956375,1,0,0.19555027782917023,1,0,0.19434942305088043
subject_13:sample_0000537,13,537,2,1,0,1,0,0.9807096719741821,0.9649500846862793,0.9246224164962769,1.0,0.956466794013977,1,1,0,0.19644665718078613,1,0,0.20589525997638702,1,0,0.20865195989608765,1,0,0.19406364858150482,1,0,0.19494152069091797
subject_13:sample_0000538,13,538,2,1,0,1,0,0.9843813180923462,0.9723122119903564,0.9358885884284973,1.0,0.9639719724655151,1,1,0,0.19666634500026703,1,0,0.2061377614736557,1,0,0.20837637782096863,1,0,0.19346146285533905,1,0,0.1953570544719696
subject_13:sample_0000539,13,539,2,1,0,1,0,0.9869920015335083,0.9775835275650024,0.944366455078125,1.0,0.969473659992218,1,1,0,0.19676537811756134,1,0,0.20607835054397583,1,0,0.20811764895915985,1,0,0.19337080419063568,1,0,0.19566677510738373
subject_13:sample_0000540,13,540,2,1,0,1,0,0.988723635673523,0.9810159802436829,0.950319230556488,1.0,0.9732106328010559,1,1,0,0.19704048335552216,1,0,0.2056485414505005,1,0,0.20806752145290375,1,0,0.19326452910900116,1,0,0.19597797095775604
subject_13:sample_0000541,13,541,2,1,0,1,0,0.9900648593902588,0.9836738705635071,0.9551162719726562,1.0,0.9761660099029541,1,1,0,0.19708219170570374,1,0,0.20518532395362854,1,0,0.20833280682563782,1,0,0.1929377317428589,1,0,0.1964610069990158
subject_13:sample_0000542,13,542,2,1,0,1,0,0.9913357496261597,0.9860296845436096,0.959892749786377,1.0,0.9789890050888062,1,1,0,0.19660061597824097,1,0,0.20403213798999786,1,0,0.20975804328918457,1,0,0.1919228732585907,1,0,0.1976853907108307
subject_13:sample_0000543,13,543,2,1,0,1,0,0.9922031164169312,0.98762047290802,0.9632527232170105,1.0,0.9809426665306091,1,1,0,0.19645899534225464,1,0,0.2024872750043869,1,0,0.21090316772460938,1,0,0.1913202702999115,1,0,0.1988293081521988
subject_13:sample_0000544,13,544,2,1,0,1,0,0.9928408265113831,0.9888688921928406,0.9657648801803589,1.0,0.9824185967445374,1,1,0,0.19660446047782898,1,0,0.20101715624332428,1,0,0.21135173738002777,1,0,0.19149142503738403,1,0,0.19953423738479614
subject_13:sample_0000545,13,545,2,1,0,1,0,0.9934817552566528,0.9900851249694824,0.9683606028556824,1.0,0.9839125871658325,1,1,0,0.1966472715139389,1,0,0.19953018426895142,1,0,0.21166367828845978,1,0,0.19205981492996216,1,0,0.20009806752204895
subject_13:sample_0000546,13,546,2,1,0,1,0,0.9939323663711548,0.9908995628356934,0.9702273011207581,1.0,0.9849631190299988,1,1,0,0.19659514725208282,1,0,0.19785046577453613,1,0,0.2122020423412323,1,0,0.19244535267353058,1,0,0.20090603828430176
subject_13:sample_0000547,13,547,2,1,0,1,0,0.9941847324371338,0.9912764430046082,0.9712860584259033,1.0,0.9855296015739441,1,1,0,0.19628316164016724,1,0,0.196245938539505,1,0,0.21315835416316986,1,0,0.19221645593643188,1,0,0.20209504663944244
subject_13:sample_0000548,13,548,2,1,0,1,0,0.994378924369812,0.991488516330719,0.9721065163612366,1.0,0.9859415888786316,1,1,0,0.19554825127124786,1,0,0.19509443640708923,1,0,0.21450965106487274,1,0,0.19138984382152557,1,0,0.203456848859787
subject_13:sample_0000549,13,549,2,1,0,1,0,0.9946280717849731,0.9918897151947021,0.9731644988059998,1.0,0.9865144491195679,1,1,0,0.19495733082294464,1,0,0.1940975785255432,1,0,0.21504558622837067,1,0,0.19173094630241394,1,0,0.20416758954524994
subject_13:sample_0000550,13,550,2,1,0,1,0,0.994895875453949,0.9923284649848938,0.9743112921714783,1.0,0.9871358275413513,1,1,0,0.19433076679706573,1,0,0.1933128833770752,1,0,0.21525736153125763,1,0,0.19262968003749847,1,0,0.20446841418743134
subject_13:sample_0000551,13,551,2,1,0,1,0,0.995132565498352,0.9926462173461914,0.9753345847129822,1.0,0.9876649975776672,1,1,0,0.19362929463386536,1,0,0.19237782061100006,1,0,0.2155921310186386,1,0,0.19365355372428894,1,0,0.204746276140213
subject_13:sample_0000552,13,552,2,1,0,1,0,0.9953150749206543,0.9928755164146423,0.9761320352554321,1.0,0.988070547580719,1,1,0,0.19269192218780518,1,0,0.19164954125881195,1,0,0.2159474790096283,1,0,0.1948743611574173,1,0,0.20483572781085968
subject_13:sample_0000553,13,553,2,1,0,1,0,0.9954034090042114,0.9930199980735779,0.9765180349349976,1.0,0.9882780313491821,1,1,0,0.19201403856277466,1,0,0.19080927968025208,1,0,0.2163892686367035,1,0,0.1956912875175476,1,0,0.2050950974225998
subject_13:sample_0000554,13,554,2,1,0,1,0,0.9954586029052734,0.9931759834289551,0.9767564535140991,1.0,0.9884284138679504,1,1,0,0.19155645370483398,1,0,0.1900782436132431,1,0,0.21710416674613953,1,0,0.19592496752738953,1,0,0.20533524453639984
subject_13:sample_0000555,13,555,2,1,0,1,0,0.9954228401184082,0.9929782152175903,0.976607620716095,1.0,0.9883008003234863,1,1,0,0.19127151370048523,1,0,0.18910524249076843,1,0,0.2178862988948822,1,0,0.1961124986410141,1,0,0.20562347769737244
subject_13:sample_0000556,13,556,2,1,0,1,0,0.9953666925430298,0.9927788972854614,0.9763777256011963,1.0,0.9881386160850525,1,1,0,0.19118152558803558,1,0,0.18799076974391937,1,0,0.21839074790477753,1,0,0.19665949046611786,1,0,0.20577643811702728
subject_13:sample_0000557,13,557,2,1,0,1,0,0.9952840805053711,0.9925407767295837,0.9760397672653198,1.0,0.9879181981086731,1,1,0,0.19104133546352386,1,0,0.18690821528434753,1,0,0.21899326145648956,1,0,0.1973043531179428,1,0,0.2057519108057022
subject_13:sample_0000558,13,558,2,1,0,1,0,0.9950782656669617,0.991988480091095,0.9752166867256165,1.0,0.987389087677002,1,1,0,0.19078001379966736,1,0,0.18648238480091095,1,0,0.2200535535812378,1,0,0.1971590667963028,1,0,0.20552396774291992
subject_13:sample_0000559,13,559,2,1,0,1,0,0.9947221279144287,0.991136908531189,0.9738161563873291,1.0,0.986515998840332,1,1,0,0.1906999945640564,1,0,0.1868346631526947,1,0,0.22001080214977264,1,0,0.19713352620601654,1,0,0.2053200900554657
subject_13:sample_0000560,13,560,2,1,0,1,0,0.9942052960395813,0.9900028705596924,0.9718104600906372,1.0,0.9852914810180664,1,1,0,0.19109870493412018,1,0,0.1879667341709137,1,0,0.21732544898986816,1,0,0.1982479691505432,1,0,0.20536017417907715
subject_13:sample_0000561,13,561,2,1,0,1,0,0.9919240474700928,0.9853704571723938,0.963269829750061,1.0,0.9801110625267029,1,1,0,0.19246096909046173,1,0,0.18970385193824768,1,0,0.2114175409078598,1,0,0.20031242072582245,1,0,0.2061043083667755
subject_13:sample_0000562,13,562,2,1,0,1,0,0.9837141036987305,0.9689059257507324,0.9363649487495422,1.0,0.9627907276153564,1,1,0,0.1936376541852951,1,0,0.19160421192646027,1,0,0.20482048392295837,1,0,0.2029239982366562,1,0,0.20701265335083008
subject_13:sample_0000563,13,563,2,1,0,1,0,0.9408281445503235,0.8830925226211548,0.8330059051513672,1.0,0.8845482468605042,1,1,0,0.19539691507816315,1,0,0.19422703981399536,1,0,0.19531869888305664,1,0,0.20646987855434418,1,0,0.2085864245891571
subject_13:sample_0000564,13,564,2,1,0,1,0,0.8685119152069092,0.7384195327758789,0.7136228084564209,0.800000011920929,0.7706359028816223,1,1,0,0.19747667014598846,1,0,0.19681979715824127,2,1,0.18559826910495758,1,0,0.2096593677997589,1,0,0.21044495701789856
subject_13:sample_0000565,13,565,2,1,0,1,0,0.8335018157958984,0.6683752536773682,0.6694076061248779,0.800000011920929,0.7197901010513306,1,1,0,0.20047247409820557,1,0,0.19989566504955292,2,1,0.17371520400047302,1,0,0.2130289375782013,1,0,0.212886780500412
subject_13:sample_0000566,13,566,2,1,0,1,0,0.8337002992630005,0.6687817573547363,0.6696088314056396,0.800000011920929,0.7200652360916138,1,1,0,0.20276008546352386,1,0,0.20225296914577484,2,1,0.1653604507446289,1,0,0.21505549550056458,1,0,0.21456998586654663
subject_13:sample_0000567,13,567,2,1,0,1,0,0.845973789691925,0.693356990814209,0.6842634081840515,0.800000011920929,0.7376420497894287,1,1,0,0.2067137062549591,1,0,0.20670799911022186,2,1,0.14924883842468262,1,0,0.21938015520572662,1,0,0.21794825792312622
subject_13:sample_0000568,13,568,2,1,0,1,0,0.8591451644897461,0.7197296023368835,0.7009313106536865,0.800000011920929,0.7567814588546753,1,1,0,0.20982791483402252,1,0,0.21010884642601013,2,1,0.13542278110980988,1,0,0.22375421226024628,1,0,0.22088535130023956
subject_13:sample_0000569,13,569,2,1,0,1,0,0.8674903512001038,0.7364346385002136,0.7120435237884521,0.800000011920929,0.7690746188163757,1,1,0,0.21124224364757538,1,0,0.21194633841514587,2,1,0.12706142663955688,1,0,0.2271818071603775,1,0,0.22256727516651154
subject_13:sample_0000570,13,570,2,1,0,1,0,0.8734089136123657,0.7482856512069702,0.7201812267303467,0.800000011920929,0.7778733968734741,1,1,0,0.21199321746826172,1,0,0.21307484805583954,2,1,0.121186763048172,1,0,0.22993159294128418,1,0,0.2238125503063202
subject_13:sample_0000571,13,571,2,1,0,1,0,0.8774528503417969,0.7563725113868713,0.7259058952331543,0.800000011920929,0.7839348316192627,1,1,0,0.2123837172985077,1,0,0.21378293633460999,2,1,0.11718949675559998,1,0,0.23198243975639343,1,0,0.2246604710817337
subject_13:sample_0000572,13,572,2,1,0,1,0,0.8820436000823975,0.7655611038208008,0.7325143814086914,0.800000011920929,0.7908522486686707,1,1,0,0.21295349299907684,1,0,0.21455100178718567,2,1,0.1126764640212059,1,0,0.23415052890777588,1,0,0.22566747665405273
subject_13:sample_0000573,13,573,2,1,0,1,0,0.8885312080383301,0.7785380482673645,0.7421331405639648,0.800000011920929,0.8007152676582336,1,1,0,0.2142474502325058,1,0,0.2156752347946167,2,1,0.10602939873933792,1,0,0.23672504723072052,1,0,0.22732192277908325
subject_13:sample_0000574,13,574,2,1,0,1,0,0.8895745873451233,0.7806273698806763,0.7437021136283875,0.800000011920929,0.8023090958595276,1,1,0,0.21436044573783875,1,0,0.21573203802108765,2,1,0.10498544573783875,1,0,0.237337127327919,1,0,0.22758397459983826
subject_13:sample_0000575,13,575,3,1,0,1,0,0.756930410861969,0.5898354053497314,0.49054497480392456,0.800000011920929,0.6027749180793762,0,1,0,0.20672906935214996,1,0,0.23785549402236938,2,0,0.16382640600204468,1,0,0.18191757798194885,1,0,0.20967045426368713
subject_13:sample_0000576,13,576,3,1,0,1,0,0.7552267909049988,0.5854107141494751,0.48924630880355835,0.800000011920929,0.600281834602356,0,1,0,0.2061120569705963,1,0,0.23678360879421234,2,0,0.16703613102436066,1,0,0.18098056316375732,1,0,0.20908673107624054
subject_13:sample_0000577,13,577,3,1,0,1,0,0.7394492030143738,0.5618894696235657,0.4679022431373596,0.800000011920929,0.579301655292511,0,1,0,0.20408177375793457,1,0,0.23614910244941711,2,0,0.17540648579597473,1,0,0.17764385044574738,1,0,0.2067178338766098
subject_13:sample_0000578,13,578,3,1,0,1,0,0.7284824848175049,0.5474481582641602,0.4526553153991699,0.800000011920929,0.565166711807251,0,1,0,0.20242683589458466,1,0,0.23777972161769867,2,0,0.1789734810590744,1,0,0.17535024881362915,1,0,0.20546872913837433
subject_13:sample_0000579,13,579,3,1,0,1,0,0.7035665512084961,0.5109484195709229,0.42179566621780396,0.800000011920929,0.533246636390686,0,1,0,0.1989448070526123,1,0,0.23665449023246765,2,0,0.19109183549880981,1,0,0.17114539444446564,1,0,0.20216254889965057
subject_13:sample_0000580,13,580,3,1,0,1,0,0.67484050989151,0.4673628807067871,0.3887951970100403,0.6000000238418579,0.49681198596954346,0,3,1,0.1947425752878189,1,0,0.23360688984394073,2,0,0.20667555928230286,1,0,0.1665204018354416,1,0,0.1984536349773407
subject_13:sample_0000581,13,581,3,1,0,1,0,0.6466729044914246,0.43048930168151855,0.34981709718704224,0.6000000238418579,0.4600757360458374,0,3,1,0.19137723743915558,1,0,0.23174510896205902,2,0,0.21814841032028198,1,0,0.1629219353199005,1,0,0.19580630958080292
subject_13:sample_0000582,13,582,3,1,0,1,0,0.6037136912345886,0.42011749744415283,0.2388087511062622,0.6000000238418579,0.3927208483219147,0,3,1,0.188699409365654,1,0,0.23082302510738373,2,0,0.22726409137248993,1,0,0.15969228744506836,1,0,0.1935201734304428
subject_13:sample_0000583,13,583,3,1,0,1,0,0.5772832036018372,0.38699615001678467,0.18299347162246704,0.6000000238418579,0.34449031949043274,0,3,1,0.18757586181163788,1,0,0.2303704023361206,0,0,0.2306746542453766,1,0,0.1586252748966217,1,0,0.1927528977394104
subject_13:sample_0000584,13,584,3,1,0,1,0,0.5440679788589478,0.3241685926914215,0.21253985166549683,0.6000000238418579,0.33467361330986023,0,3,1,0.18659749627113342,1,0,0.22977767884731293,0,0,0.23396719992160797,1,0,0.15760034322738647,1,0,0.19205635786056519
subject_13:sample_0000585,13,585,3,1,0,1,0,0.5273377299308777,0.29007214307785034,0.252644419670105,0.6000000238418579,0.3380919396877289,0,3,1,0.1852492392063141,1,0,0.22807404398918152,0,0,0.2379964292049408,1,0,0.1570020467042923,1,0,0.19167731702327728
subject_13:sample_0000586,13,586,3,1,0,1,0,0.5019158124923706,0.24898409843444824,0.24747735261917114,0.4000000059604645,0.31389129161834717,0,3,1,0.1840275228023529,3,1,0.2269071638584137,0,0,0.24129769206047058,1,0,0.15618877112865448,1,0,0.19157792627811432
subject_13:sample_0000587,13,587,3,1,0,1,0,0.4907248616218567,0.23118630051612854,0.24291807413101196,0.4000000059604645,0.3020554482936859,0,3,1,0.1833118498325348,3,1,0.22575323283672333,0,0,0.2431076616048813,1,0,0.1558733582496643,1,0,0.19195297360420227
subject_13:sample_0000588,13,588,3,1,0,1,0,0.4695512056350708,0.19623076915740967,0.23386657238006592,0.4000000059604645,0.2782740592956543,0,3,1,0.1825307160615921,3,1,0.22509658336639404,0,0,0.24409596621990204,1,0,0.15561412274837494,1,0,0.19266164302825928
subject_13:sample_0000589,13,589,3,1,0,1,0,0.4513709545135498,0.1706569790840149,0.2268073558807373,0.4000000059604645,0.25948062539100647,0,3,1,0.18194831907749176,3,1,0.22475288808345795,0,0,0.24431592226028442,1,0,0.1555260270833969,1,0,0.19345586001873016
subject_13:sample_0000590,13,590,3,1,0,1,0,0.43603479862213135,0.14910027384757996,0.2215912938117981,0.4000000059604645,0.24332349002361298,0,3,1,0.18150587379932404,3,1,0.2249370962381363,0,0,0.2442648708820343,1,0,0.1554541438817978,1,0,0.19383710622787476
subject_13:sample_0000591,13,591,3,1,0,1,0,0.3982996940612793,0.09289178252220154,0.21182268857955933,0.4000000059604645,0.1986338347196579,0,3,1,0.18139056861400604,3,1,0.22579653561115265,0,0,0.24378593266010284,1,0,0.15500140190124512,1,0,0.19402463734149933
subject_13:sample_0000592,13,592,3,1,0,1,0,0.3687005639076233,0.05176094174385071,0.20713382959365845,0.4000000059604645,0.158115953207016,0,3,1,0.18155984580516815,3,1,0.2262747585773468,0,0,0.24332453310489655,1,0,0.15482202172279358,1,0,0.19401785731315613
subject_13:sample_0000593,13,593,3,1,0,1,0,0.36775267124176025,0.047786831855773926,0.20705026388168335,0.4000000059604645,0.1538083404302597,0,3,1,0.182087704539299,3,1,0.2259541004896164,0,0,0.243172749876976,1,0,0.1550799012184143,1,0,0.19370459020137787
subject_13:sample_0000594,13,594,3,1,0,1,0,0.3905227780342102,0.0782480239868164,0.21037882566452026,0.4000000059604645,0.1859404593706131,0,3,1,0.1826995313167572,3,1,0.22516798973083496,0,0,0.24324923753738403,1,0,0.1556238830089569,1,0,0.19325844943523407
subject_13:sample_0000595,13,595,3,1,0,1,0,0.44182515144348145,0.14890670776367188,0.22381514310836792,0.4000000059604645,0.24510455131530762,0,3,1,0.18288178741931915,3,1,0.22432886064052582,0,0,0.2433266043663025,1,0,0.15689080953598022,1,0,0.19257096946239471
subject_13:sample_0000596,13,596,3,1,0,1,0,0.4740143418312073,0.19996199011802673,0.2357844114303589,0.4000000059604645,0.2816769778728485,0,3,1,0.18299154937267303,3,1,0.22344906628131866,0,0,0.2432539165019989,1,0,0.15821968019008636,1,0,0.19208484888076782
subject_13:sample_0000597,13,597,3,1,0,1,0,0.5014663934707642,0.24928587675094604,0.24801772832870483,0.4000000059604645,0.31415265798568726,0,3,1,0.18327844142913818,3,1,0.2225525826215744,0,0,0.2427089810371399,1,0,0.1597137451171875,1,0,0.1917453408241272
subject_13:sample_0000598,13,598,3,1,0,1,0,0.5264028906822205,0.2839103639125824,0.2606239914894104,0.6000000238418579,0.3389778435230255,0,3,1,0.1833367794752121,1,0,0.2222057282924652,0,0,0.2415066510438919,1,0,0.16131725907325745,1,0,0.19163262844085693
subject_13:sample_0000599,13,599,3,1,0,1,0,0.5495680570602417,0.31105780601501465,0.2696499824523926,0.6000000238418579,0.35855376720428467,0,3,1,0.18356800079345703,1,0,0.22199498116970062,0,0,0.23965446650981903,1,0,0.1629837155342102,1,0,0.1917978972196579
subject_13:sample_0000600,13,600,3,1,0,1,0,0.5777398347854614,0.3613016605377197,0.24776595830917358,0.6000000238418579,0.3725757598876953,0,3,1,0.18386758863925934,1,0,0.22186791896820068,0,0,0.23694650828838348,1,0,0.16482432186603546,1,0,0.19249267876148224
subject_13:sample_0000601,13,601,3,1,0,1,0,0.5932961106300354,0.4100825786590576,0.2211461067199707,0.6000000238418579,0.3775206506252289,0,3,1,0.18328000605106354,1,0,0.22124633193016052,0,0,0.23640982806682587,1,0,0.16584284603595734,1,0,0.19321997463703156
subject_13:sample_0000602,13,602,3,1,0,1,0,0.6177676916122437,0.426762193441391,0.25603747367858887,0.6000000238418579,0.4071660339832306,0,3,1,0.18379928171634674,1,0,0.22216685116291046,2,0,0.2319077104330063,1,0,0.1677107959985733,1,0,0.19441437721252441
subject_13:sample_0000603,13,603,3,1,0,1,0,0.6309228539466858,0.4409889876842499,0.26803117990493774,0.6000000238418579,0.42091691493988037,0,3,1,0.18297068774700165,1,0,0.2209172248840332,2,0,0.23301716148853302,1,0,0.16829276084899902,1,0,0.1948011964559555
subject_13:sample_0000604,13,604,3,1,0,1,0,0.6442659497261047,0.4513702988624573,0.2860179543495178,0.800000011920929,0.43651294708251953,0,1,0,0.18234580755233765,1,0,0.21930773556232452,2,0,0.2338898777961731,1,0,0.16907095909118652,1,0,0.195384681224823
subject_13:sample_0000605,13,605,3,1,0,1,0,0.6421001553535461,0.46475642919540405,0.26785945892333984,0.6000000238418579,0.4307696223258972,0,3,1,0.18200209736824036,1,0,0.2180798053741455,2,0,0.23561643064022064,1,0,0.16896575689315796,1,0,0.19533489644527435
subject_13:sample_0000606,13,606,3,1,0,1,0,0.6518855094909668,0.4287619888782501,0.34394174814224243,0.800000011920929,0.45809701085090637,0,1,0,0.1828700751066208,1,0,0.2189018577337265,2,0,0.23170119524002075,1,0,0.1702526956796646,1,0,0.19627323746681213
subject_13:sample_0000607,13,607,3,1,0,1,0,0.6565006971359253,0.4290194511413574,0.3628586530685425,0.800000011920929,0.46753761172294617,0,1,0,0.18302462995052338,1,0,0.21888284385204315,2,0,0.23026597499847412,1,0,0.17089509963989258,1,0,0.19693049788475037
subject_13:sample_0000608,13,608,3,1,0,1,0,0.6684030294418335,0.4407832622528076,0.3876417279243469,0.800000011920929,0.4851745069026947,0,1,0,0.1836041808128357,1,0,0.21955443918704987,2,0,0.2265578806400299,1,0,0.17220889031887054,1,0,0.19807365536689758
subject_13:sample_0000609,13,609,3,1,0,1,0,0.6786190271377563,0.4528718888759613,0.4032430648803711,0.800000011920929,0.4985660910606384,0,1,0,0.18381847441196442,1,0,0.2200816571712494,2,0,0.22349929809570312,1,0,0.17333485186100006,1,0,0.1992647647857666
subject_13:sample_0000610,13,610,2,2,1,2,1,0.5326470136642456,0.06593450903892517,0.4979519844055176,0.6000000238418579,0.25956523418426514,0,2,1,0.12636567652225494,1,0,0.2642066180706024,2,1,0.10063177347183228,2,1,0.2617601454257965,1,0,0.24703484773635864
subject_13:sample_0000611,13,611,2,2,1,2,1,0.5276876091957092,0.055979788303375244,0.497688353061676,0.6000000238418579,0.2449750453233719,0,2,1,0.1256323903799057,1,0,0.2644060552120209,2,1,0.10148277133703232,2,1,0.2606202960014343,1,0,0.24785755574703217
subject_13:sample_0000612,13,612,2,2,1,2,1,0.5276609659194946,0.055956363677978516,0.4975440502166748,0.6000000238418579,0.24491307139396667,0,2,1,0.1264413446187973,1,0,0.2638481855392456,2,1,0.1022295355796814,2,1,0.25992342829704285,1,0,0.24755658209323883
subject_13:sample_0000613,13,613,2,2,1,2,1,0.5277684926986694,0.05622941255569458,0.4972773790359497,0.6000000238418579,0.24528361856937408,0,2,1,0.1275278776884079,1,0,0.26273250579833984,2,1,0.10327771306037903,2,1,0.2598133385181427,1,0,0.2466476410627365
subject_13:sample_0000614,13,614,2,2,1,2,1,0.5248392820358276,0.05041348934173584,0.49685394763946533,0.6000000238418579,0.23601190745830536,0,2,1,0.1277245730161667,1,0,0.26194265484809875,2,1,0.10469851642847061,2,1,0.2592291533946991,1,0,0.24640421569347382
subject_13:sample_0000615,13,615,2,2,1,2,1,0.5288966298103333,0.05873158574104309,0.496246337890625,0.6000000238418579,0.2488742470741272,0,2,1,0.12936978042125702,1,0,0.26153266429901123,2,1,0.10572539269924164,2,1,0.2576923370361328,1,0,0.2456788569688797
subject_13:sample_0000616,13,616,2,2,1,2,1,0.5315443277359009,0.0643262267112732,0.4951733350753784,0.6000000238418579,0.2567802369594574,0,2,1,0.1314564198255539,1,0,0.26087161898612976,2,1,0.10611481219530106,2,1,0.2572264075279236,1,0,0.2443297803401947
subject_13:sample_0000617,13,617,2,2,1,2,1,0.5397485494613647,0.08161848783493042,0.49244874715805054,0.6000000238418579,0.27889901399612427,0,2,1,0.13729412853717804,1,0,0.25891029834747314,2,1,0.10583088546991348,2,1,0.2566262483596802,1,0,0.24133749306201935
subject_13:sample_0000618,13,618,2,2,1,2,1,0.5424712896347046,0.0885627269744873,0.48729002475738525,0.6000000238418579,0.2860696315765381,0,2,1,0.14533497393131256,1,0,0.25577524304389954,2,1,0.10572892427444458,2,1,0.25484973192214966,1,0,0.23831021785736084
subject_13:sample_0000619,13,619,2,2,1,2,1,0.5387002825737,0.0821191668510437,0.4830979108810425,0.6000000238418579,0.27750805020332336,0,2,1,0.14919616281986237,1,0,0.25426381826400757,2,1,0.10521198809146881,2,1,0.25479674339294434,1,0,0.2365303337574005
subject_13:sample_0000620,13,620,2,2,1,2,1,0.5357201099395752,0.07760477066040039,0.47812461853027344,0.6000000238418579,0.2708876132965088,0,2,1,0.14816652238368988,1,0,0.25616157054901123,2,1,0.10323034226894379,2,1,0.25546717643737793,1,0,0.23697346448898315
subject_13:sample_0000621,13,621,2,2,1,2,1,0.5405946969985962,0.09272405505180359,0.4634184241294861,0.6000000238418579,0.2853289544582367,0,2,1,0.1519405096769333,1,0,0.25660404562950134,2,1,0.1012173444032669,2,1,0.25425273180007935,1,0,0.23598437011241913
subject_13:sample_0000622,13,622,2,2,1,2,1,0.5450724959373474,0.11465093493461609,0.4340018033981323,0.6000000238418579,0.3004515469074249,0,2,1,0.16440218687057495,1,0,0.2526511549949646,2,1,0.0999654158949852,2,1,0.2507597506046295,1,0,0.23222050070762634
subject_13:sample_0000623,13,623,2,2,1,2,1,0.5507999658584595,0.15499156713485718,0.3854564428329468,0.6000000238418579,0.3204491138458252,0,2,1,0.17548693716526031,1,0,0.2497863471508026,2,1,0.09851010143756866,2,1,0.24722105264663696,1,0,0.22899454832077026
subject_13:sample_0000624,13,624,2,2,1,2,1,0.543653666973114,0.19593557715415955,0.32195740938186646,0.6000000238418579,0.3248962163925171,0,2,1,0.18960106372833252,1,0,0.2458665817975998,2,1,0.09599830955266953,2,1,0.2432604879140854,1,0,0.22527264058589935
subject_13:sample_0000625,13,625,2,2,1,2,1,0.4684145748615265,0.17648521065711975,0.23734241724014282,0.6000000238418579,0.26971474289894104,0,2,1,0.19810713827610016,1,0,0.24384725093841553,2,1,0.09422322362661362,2,1,0.2410382181406021,0,0,0.22278323769569397
subject_13:sample_0000626,13,626,2,0,0,2,1,0.41629135608673096,0.05648934841156006,0.2296539545059204,0.4000000059604645,0.1754470020532608,0,0,0,0.20501843094825745,1,0,0.24228903651237488,2,1,0.0937407910823822,2,1,0.23832832276821136,0,0,0.2206224799156189
subject_13:sample_0000627,13,627,2,1,0,2,1,0.5562839508056641,0.15018218755722046,0.41151249408721924,0.4000000059604645,0.3251616358757019,0,1,0,0.25533246994018555,2,1,0.12883621454238892,2,1,0.11367993801832199,1,0,0.3387281596660614,2,1,0.16342225670814514
subject_13:sample_0000628,13,628,2,1,0,2,1,0.556494951248169,0.15044718980789185,0.4118298888206482,0.4000000059604645,0.3254775404930115,0,1,0,0.25546619296073914,2,1,0.12879307568073273,2,1,0.11367570608854294,1,0,0.3386462926864624,2,1,0.163417786359787
subject_13:sample_0000629,13,629,2,1,0,2,1,0.5548527240753174,0.1467742919921875,0.41213059425354004,0.4000000059604645,0.3225676715373993,0,1,0,0.2545938789844513,2,1,0.12893059849739075,2,1,0.11432260274887085,1,0,0.337483674287796,2,1,0.16466829180717468
subject_13:sample_0000630,13,630,2,1,0,2,1,0.5527617335319519,0.14204508066177368,0.412625253200531,0.4000000059604645,0.3187914192676544,0,1,0,0.253259539604187,2,1,0.12901674211025238,2,1,0.1149948313832283,1,0,0.3361762762069702,2,1,0.1665516495704651
subject_13:sample_0000631,13,631,2,1,0,2,1,0.5471950769424438,0.13002580404281616,0.4130442142486572,0.4000000059604645,0.30859535932540894,0,1,0,0.25010451674461365,2,1,0.12997566163539886,2,1,0.11662628501653671,1,0,0.3328718841075897,2,1,0.17042067646980286
subject_13:sample_0000632,13,632,2,1,0,2,1,0.5385928153991699,0.11163154244422913,0.41361868381500244,0.4000000059604645,0.29188773036003113,0,1,0,0.24543343484401703,2,1,0.13125163316726685,2,1,0.11912896484136581,1,0,0.3277422785758972,2,1,0.1764427125453949
subject_13:sample_0000633,13,633,2,1,0,2,1,0.5269975662231445,0.08677017688751221,0.41497802734375,0.4000000059604645,0.26672765612602234,0,1,0,0.239160418510437,2,1,0.13277706503868103,2,1,0.12226807326078415,1,0,0.3207372725009918,2,1,0.1850561946630478
subject_13:sample_0000634,13,634,2,1,0,2,1,0.5141048431396484,0.059405624866485596,0.4165761470794678,0.4000000059604645,0.2334485501050949,0,1,0,0.23239047825336456,2,1,0.13418640196323395,2,1,0.12567231059074402,1,0,0.31302011013031006,2,1,0.1947297900915146
subject_13:sample_0000635,13,635,2,1,0,2,1,0.4978996217250824,0.025306612253189087,0.4188750386238098,0.4000000059604645,0.17410853505134583,0,1,0,0.2242315262556076,2,1,0.13642124831676483,2,1,0.13013291358947754,1,0,0.30326011776924133,2,1,0.20595327019691467
subject_13:sample_0000636,13,636,2,2,1,2,1,0.49170827865600586,0.011571705341339111,0.42143821716308594,0.6000000238418579,0.13384832441806793,0,1,0,0.21535180509090424,2,1,0.13829831779003143,2,1,0.13526424765586853,1,0,0.29298385977745056,2,1,0.21810078620910645
subject_13:sample_0000637,13,637,2,2,1,2,1,0.5118070840835571,0.05039030313491821,0.4251829981803894,0.6000000238418579,0.22216539084911346,0,1,0,0.20603524148464203,2,1,0.13964779675006866,2,1,0.1408633589744568,1,0,0.2821074426174164,2,1,0.23134522140026093
subject_13:sample_0000638,13,638,2,2,1,2,1,0.5337369441986084,0.09281647205352783,0.4304499626159668,0.6000000238418579,0.27730539441108704,0,1,0,0.19571910798549652,2,1,0.14073798060417175,2,1,0.14760561287403107,1,0,0.2700977325439453,2,1,0.24583861231803894
subject_13:sample_0000639,13,639,2,2,1,2,1,0.5513368844985962,0.12654787302017212,0.43633562326431274,0.6000000238418579,0.3122464418411255,0,1,0,0.18642963469028473,2,1,0.14201469719409943,2,1,0.15464696288108826,1,0,0.2589980363845825,2,1,0.25790977478027344
subject_13:sample_0000640,13,640,2,2,1,2,1,0.5377692580223083,0.09816399216651917,0.4366716742515564,0.6000000238418579,0.2845996618270874,0,1,0,0.17852185666561127,2,1,0.14293648302555084,2,1,0.16118906438350677,1,0,0.24970942735671997,2,1,0.26764214038848877
subject_13:sample_0000641,13,641,2,1,0,2,1,0.5934052467346191,0.20838624238967896,0.4515455961227417,0.6000000238418579,0.38221463561058044,0,1,0,0.17149536311626434,2,1,0.1439901739358902,2,1,0.16777417063713074,1,0,0.24160967767238617,1,0,0.27512961626052856
subject_13:sample_0000642,13,642,2,1,0,2,1,0.651831865310669,0.32440122961997986,0.4767506718635559,0.6000000238418579,0.4654107689857483,0,1,0,0.16451029479503632,2,1,0.1462780088186264,2,1,0.17563214898109436,1,0,0.23397758603096008,1,0,0.27960100769996643
subject_13:sample_0000643,13,643,2,1,0,1,0,0.6442112326622009,0.3087546229362488,0.47372424602508545,0.6000000238418579,0.45504647493362427,0,1,0,0.1578073650598526,2,1,0.14968347549438477,2,1,0.18516819179058075,1,0,0.22707007825374603,1,0,0.28026992082595825
subject_13:sample_0000644,13,644,2,1,0,1,0,0.630074143409729,0.28046539425849915,0.46710145473480225,0.6000000238418579,0.4354056417942047,0,1,0,0.152033731341362,2,1,0.15416133403778076,2,1,0.19540800154209137,1,0,0.2212333232164383,1,0,0.27716264128685
subject_13:sample_0000645,13,645,2,1,0,1,0,0.6151680946350098,0.2519092857837677,0.4578261375427246,0.6000000238418579,0.4139801263809204,0,1,0,0.14746206998825073,2,1,0.1590111404657364,2,1,0.20453055202960968,1,0,0.2170272320508957,1,0,0.2719680666923523
subject_13:sample_0000646,13,646,2,1,0,1,0,0.5970962047576904,0.21933609247207642,0.4420344829559326,0.6000000238418579,0.38684484362602234,0,1,0,0.1432376652956009,2,1,0.16407211124897003,2,1,0.21491430699825287,1,0,0.21320675313472748,1,0,0.26456815004348755
subject_13:sample_0000647,13,647,2,1,0,1,0,0.5744650959968567,0.18526878952980042,0.40578633546829224,0.6000000238418579,0.3508496880531311,0,1,0,0.13920249044895172,2,1,0.16898852586746216,2,1,0.2269577831029892,1,0,0.20965811610221863,1,0,0.2551920711994171
subject_13:sample_0000648,13,648,2,1,0,1,0,0.5474934577941895,0.18034052848815918,0.3027092218399048,0.6000000238418579,0.31033632159233093,0,1,0,0.13559700548648834,2,1,0.17434874176979065,2,1,0.23867376148700714,1,0,0.2066318541765213,1,0,0.24474768340587616
subject_13:sample_0000649,13,649,2,1,0,1,0,0.5175749063491821,0.2685492932796478,0.16925382614135742,0.6000000238418579,0.2865355908870697,0,1,0,0.13239605724811554,2,1,0.18006934225559235,0,0,0.2493099570274353,1,0,0.20388957858085632,1,0,0.23433411121368408
subject_13:sample_0000650,13,650,2,1,0,1,0,0.48848992586135864,0.23776039481163025,0.1365983486175537,0.6000000238418579,0.25127357244491577,0,1,0,0.12965326011180878,2,1,0.18560992181301117,0,0,0.25787830352783203,1,0,0.2019718736410141,1,0,0.2248857468366623
subject_13:sample_0000651,13,651,2,1,0,1,0,0.46583789587020874,0.2023637294769287,0.11592835187911987,0.6000000238418579,0.22191451489925385,0,1,0,0.1273117959499359,2,1,0.1898127645254135,0,0,0.26401323080062866,1,0,0.2012859731912613,1,0,0.2175752967596054
subject_13:sample_0000652,13,652,2,1,0,1,0,0.4532051980495453,0.18610408902168274,0.10460615158081055,0.6000000238418579,0.20663443207740784,0,1,0,0.12592992186546326,2,1,0.19237081706523895,0,0,0.2670961022377014,1,0,0.20178554952144623,1,0,0.21281659603118896
subject_13:sample_0000653,13,653,2,1,0,1,0,0.4438410997390747,0.17488136887550354,0.09620612859725952,0.6000000238418579,0.1954600214958191,0,1,0,0.12487081438302994,2,1,0.19435328245162964,0,0,0.2688715159893036,1,0,0.20302122831344604,1,0,0.20888221263885498
subject_13:sample_0000654,13,654,2,1,0,1,0,0.4366101920604706,0.16595080494880676,0.08990496397018433,0.6000000238418579,0.1867607682943344,0,1,0,0.12401316314935684,2,1,0.19555915892124176,0,0,0.27054449915885925,1,0,0.204451322555542,1,0,0.20543089509010315
subject_13:sample_0000655,13,655,2,1,0,1,0,0.43239492177963257,0.16076847910881042,0.08584815263748169,0.6000000238418579,0.18138614296913147,0,1,0,0.12330063432455063,2,1,0.1961619257926941,0,0,0.271455317735672,1,0,0.20622500777244568,1,0,0.20285603404045105
subject_13:sample_0000656,13,656,2,1,0,1,0,0.43336573243141174,0.16334500908851624,0.08519136905670166,0.6000000238418579,0.18201981484889984,0,1,0,0.1237945705652237,2,1,0.19611859321594238,0,0,0.26974377036094666,1,0,0.20763438940048218,1,0,0.20270772278308868
subject_13:sample_0000657,13,657,2,1,0,1,0,0.4313831925392151,0.1628980040550232,0.08198034763336182,0.6000000238418579,0.17926527559757233,0,1,0,0.12422840297222137,2,1,0.19599640369415283,0,0,0.268037348985672,1,0,0.20877325534820557,1,0,0.20296357572078705
subject_13:sample_0000658,13,658,2,1,0,1,0,0.43105459213256836,0.16425368189811707,0.08027726411819458,0.6000000238418579,0.17846235632896423,0,1,0,0.12462828308343887,2,1,0.19584132730960846,0,0,0.26611217856407166,1,0,0.21011389791965485,1,0,0.20330338180065155
subject_13:sample_0000659,13,659,2,1,0,1,0,0.4301220774650574,0.16561251878738403,0.07789087295532227,0.6000000238418579,0.1770341843366623,0,1,0,0.12557078897953033,2,1,0.19567488133907318,0,0,0.26345789432525635,1,0,0.21064381301403046,1,0,0.20465169847011566
subject_13:sample_0000660,13,660,2,1,0,1,0,0.43057262897491455,0.16785374283790588,0.07681500911712646,0.6000000238418579,0.17706845700740814,0,1,0,0.12627126276493073,2,1,0.1957341581583023,0,0,0.2611280083656311,1,0,0.2111745923757553,1,0,0.20569099485874176
subject_13:sample_0000661,13,661,2,1,0,1,0,0.4291108548641205,0.16835886240005493,0.07414376735687256,0.4000000059604645,0.17496857047080994,0,1,0,0.12700293958187103,2,1,0.1957654505968094,0,0,0.25853481888771057,1,0,0.21139316260814667,3,0,0.2073027342557907
subject_13:sample_0000662,13,662,2,1,0,1,0,0.4281618893146515,0.1689266860485077,0.07215344905853271,0.4000000059604645,0.1734553724527359,0,1,0,0.1275731474161148,2,1,0.19599831104278564,0,0,0.256206214427948,1,0,0.21164026856422424,3,0,0.2085810899734497
subject_13:sample_0000663,13,663,2,1,0,1,0,0.42779943346977234,0.17327255010604858,0.06988030672073364,0.4000000059604645,0.1730247437953949,0,1,0,0.12869752943515778,2,1,0.19593681395053864,0,0,0.25252315402030945,1,0,0.212249293923378,3,0,0.21059224009513855
subject_13:sample_0000664,13,664,2,1,0,1,0,0.42796599864959717,0.18427428603172302,0.06693470478057861,0.4000000059604645,0.17411723732948303,0,1,0,0.1300545483827591,2,1,0.1956442892551422,0,0,0.2480432093143463,1,0,0.21329429745674133,3,0,0.21296274662017822
subject_13:sample_0000665,13,665,2,1,0,1,0,0.42978978157043457,0.20086809992790222,0.06592994928359985,0.4000000059604645,0.17854590713977814,0,1,0,0.1309843361377716,2,1,0.19593793153762817,0,0,0.24504078924655914,1,0,0.21377594769001007,3,0,0.214260071516037
subject_13:sample_0000666,13,666,2,1,0,1,0,0.4288550615310669,0.19682464003562927,0.06452429294586182,0.4000000059604645,0.17594262957572937,0,1,0,0.13180723786354065,2,1,0.19537459313869476,0,0,0.24213507771492004,1,0,0.21467450261116028,3,0,0.21600764989852905
subject_13:sample_0000667,13,667,2,1,0,1,0,0.4270128011703491,0.17966656386852264,0.06486225128173828,0.4000000059604645,0.17072615027427673,0,1,0,0.13218015432357788,2,1,0.19488771259784698,0,0,0.24057632684707642,1,0,0.21521422266960144,3,0,0.21714071929454803
subject_13:sample_0000668,13,668,2,1,0,1,0,0.42848432064056396,0.11447086930274963,0.09594190120697021,0.4000000059604645,0.16757634282112122,0,1,0,0.13377918303012848,2,1,0.1937921941280365,2,1,0.23598863184452057,1,0,0.21626873314380646,3,0,0.2201702743768692
subject_13:sample_0000669,13,669,2,1,0,1,0,0.42933136224746704,0.08608168363571167,0.12254530191421509,0.4000000059604645,0.16544994711875916,0,1,0,0.13468998670578003,2,1,0.19324639439582825,2,1,0.23397484421730042,1,0,0.21623863279819489,3,0,0.22184912860393524
subject_13:sample_0000670,13,670,2,1,0,1,0,0.43013283610343933,0.07793667912483215,0.13313376903533936,0.4000000059604645,0.16464336216449738,0,1,0,0.1350214034318924,2,1,0.19308063387870789,2,1,0.2332751601934433,1,0,0.216244176030159,3,0,0.22237758338451385
subject_13:sample_0000671,13,671,3,3,1,3,1,0.47782376408576965,0.15409797430038452,0.24899709224700928,0.4000000059604645,0.26368555426597595,0,2,0,0.18254490196704865,3,1,0.22597074508666992,3,1,0.2528485655784607,0,0,0.19811008870601654,2,0,0.1405247449874878
subject_13:sample_0000672,13,672,3,3,1,3,1,0.4771086573600769,0.15190023183822632,0.24908214807510376,0.4000000059604645,0.26232483983039856,0,2,0,0.18323305249214172,3,1,0.22616639733314514,3,1,0.2518080472946167,0,0,0.19734135270118713,2,0,0.14145015180110931
subject_13:sample_0000673,13,673,3,3,1,3,1,0.478935182094574,0.1555148959159851,0.24969017505645752,0.4000000059604645,0.264941543340683,0,2,0,0.18224471807479858,3,1,0.22643117606639862,3,1,0.25336214900016785,0,0,0.1973152756690979,2,0,0.14064577221870422
subject_13:sample_0000674,13,674,3,3,1,3,1,0.4797920882701874,0.156538724899292,0.25026917457580566,0.4000000059604645,0.2658851444721222,0,2,0,0.18204453587532043,3,1,0.2265259325504303,3,1,0.25402718782424927,0,0,0.1966332048177719,2,0,0.14076820015907288
subject_13:sample_0000675,13,675,3,3,1,3,1,0.48114973306655884,0.15867206454277039,0.25096017122268677,0.4000000059604645,0.26758503913879395,0,2,0,0.18166771531105042,3,1,0.2265162467956543,3,1,0.25534874200820923,0,0,0.19605344533920288,2,0,0.14041288197040558
subject_13:sample_0000676,13,676,3,3,1,3,1,0.484083354473114,0.16525161266326904,0.25163984298706055,0.4000000059604645,0.2720288932323456,0,2,0,0.17981086671352386,3,1,0.22765131294727325,3,1,0.25715839862823486,0,0,0.19676987826824188,2,0,0.13860854506492615
subject_13:sample_0000677,13,677,3,3,1,3,1,0.4898175597190857,0.17953121662139893,0.25254738330841064,0.4000000059604645,0.28108590841293335,0,2,0,0.1750706136226654,3,1,0.22976912558078766,3,1,0.26101377606391907,0,0,0.19959285855293274,2,0,0.13455267250537872
subject_13:sample_0000678,13,678,3,3,1,3,1,0.4935923218727112,0.18970954418182373,0.2529720067977905,0.4000000059604645,0.2871948480606079,0,2,0,0.17116235196590424,3,1,0.23130403459072113,3,1,0.26371344923973083,0,0,0.20222412049770355,2,0,0.13159509003162384
subject_13:sample_0000679,13,679,3,3,1,3,1,0.4961893558502197,0.19664078950881958,0.25337135791778564,0.4000000059604645,0.2913127541542053,0,2,0,0.16812287271022797,3,1,0.233101025223732,3,1,0.26461276412010193,0,0,0.20397011935710907,2,0,0.1301923245191574
subject_13:sample_0000680,13,680,3,3,1,3,1,0.4983208477497101,0.2024063766002655,0.25373613834381104,0.4000000059604645,0.29469436407089233,0,2,0,0.16536958515644073,3,1,0.23478958010673523,3,1,0.264895498752594,0,0,0.20548295974731445,2,0,0.1294613927602768
subject_13:sample_0000681,13,681,3,3,1,3,1,0.5021167993545532,0.21171236038208008,0.254800021648407,0.4000000059604645,0.3003194332122803,0,2,0,0.1608418971300125,3,1,0.23693031072616577,3,1,0.26630252599716187,0,0,0.20721274614334106,2,0,0.12871156632900238
subject_13:sample_0000682,13,682,3,3,1,3,1,0.508339524269104,0.22659119963645935,0.2568385601043701,0.4000000059604645,0.3092803657054901,0,2,0,0.15383873879909515,3,1,0.23932889103889465,3,1,0.27005621790885925,0,0,0.20965656638145447,2,0,0.12711860239505768
subject_13:sample_0000683,13,683,3,3,1,3,1,0.5221194624900818,0.2596403658390045,0.2622544765472412,0.4000000059604645,0.32881757616996765,0,2,0,0.1393899917602539,3,1,0.24577084183692932,3,1,0.27731096744537354,0,0,0.2151588648557663,2,0,0.12236841768026352
subject_13:sample_0000684,13,684,3,3,1,3,1,0.5354996919631958,0.29108139872550964,0.2689146399497986,0.4000000059604645,0.34737294912338257,0,2,0,0.12577375769615173,3,1,0.2521192729473114,3,1,0.28422319889068604,0,0,0.2198493331670761,2,0,0.11803347617387772
subject_13:sample_0000685,13,685,3,3,1,3,1,0.5505004525184631,0.32510411739349365,0.2778506875038147,0.4000000059604645,0.3677312433719635,0,2,0,0.110825315117836,3,1,0.2594445049762726,3,1,0.2918858826160431,0,0,0.22535082697868347,2,0,0.11249256134033203
subject_13:sample_0000686,13,686,3,3,1,3,1,0.5641669034957886,0.3340179920196533,0.2875213623046875,0.4000000059604645,0.3783982992172241,0,2,0,0.09794384241104126,3,1,0.2656911015510559,3,1,0.29927560687065125,0,0,0.23008204996585846,2,0,0.10700645297765732
subject_13:sample_0000687,13,687,3,3,1,3,1,0.5766426920890808,0.34243741631507874,0.2976037859916687,0.4000000059604645,0.38878437876701355,0,2,0,0.08724036812782288,3,1,0.26968246698379517,3,1,0.3081405758857727,0,0,0.2339039444923401,2,0,0.10103170573711395
subject_13:sample_0000688,13,688,3,3,1,3,1,0.5868608951568604,0.3462277352809906,0.3074421286582947,0.4000000059604645,0.39678332209587097,0,2,0,0.07684744894504547,3,1,0.2745007574558258,3,1,0.31626883149147034,0,0,0.2378827929496765,2,0,0.09449922293424606
subject_13:sample_0000689,13,689,3,3,1,3,1,0.5852670073509216,0.3316490352153778,0.30960988998413086,0.4000000059604645,0.391696035861969,0,2,0,0.07018743455410004,3,1,0.27723440527915955,3,1,0.32194817066192627,0,0,0.2412409782409668,2,0,0.08938809484243393
subject_13:sample_0000690,13,690,3,3,1,3,1,0.5038869976997375,0.16214442253112793,0.27699029445648193,0.4000000059604645,0.2828567326068878,0,2,0,0.06621392071247101,3,1,0.27810636162757874,3,1,0.3260147273540497,0,0,0.24379445612430573,2,0,0.08586959540843964
subject_13:sample_0000691,13,691,3,0,0,3,1,0.5184893012046814,0.18755024671554565,0.2838600277900696,0.4000000059604645,0.30221816897392273,0,2,0,0.06395787745714188,3,1,0.2779507040977478,0,0,0.3279617726802826,0,0,0.24639937281608582,2,0,0.0837293416261673
subject_13:sample_0000692,13,692,3,0,0,2,0,0.5682131052017212,0.28662529587745667,0.3048114776611328,0.4000000059604645,0.36752399802207947,0,2,0,0.0637553483247757,3,1,0.27702391147613525,0,0,0.32784709334373474,0,0,0.24824738502502441,2,0,0.08312535285949707
subject_13:sample_0000693,13,693,3,0,0,2,0,0.5726878643035889,0.2981376647949219,0.3061125874519348,0.4000000059604645,0.37388554215431213,0,2,0,0.06548795849084854,3,1,0.276018887758255,0,0,0.32525327801704407,0,0,0.24890856444835663,2,0,0.08433033525943756
subject_13:sample_0000694,13,694,3,0,0,2,0,0.5734609961509705,0.30154743790626526,0.30578649044036865,0.4000000059604645,0.37534093856811523,0,2,0,0.0667024552822113,3,1,0.27485883235931396,0,0,0.32318344712257385,0,0,0.2505280077457428,2,0,0.08472626656293869
subject_13:sample_0000695,13,695,3,0,0,2,0,0.5722334384918213,0.30126041173934937,0.30431288480758667,0.4000000059604645,0.37435057759284973,0,2,0,0.06851822882890701,3,1,0.27357053756713867,0,0,0.3212406039237976,0,0,0.25109967589378357,2,0,0.08557000756263733
subject_13:sample_0000696,13,696,3,0,0,2,0,0.5716296434402466,0.30361443758010864,0.3026178479194641,0.4000000059604645,0.37449318170547485,0,2,0,0.07088848203420639,3,1,0.2711154818534851,0,0,0.3197987973690033,0,0,0.2518538236618042,2,0,0.0863424688577652
subject_13:sample_0000697,13,697,3,0,0,2,0,0.5701127052307129,0.30443617701530457,0.3003854751586914,0.4000000059604645,0.37357568740844727,0,2,0,0.07325137406587601,3,1,0.2695813775062561,0,0,0.31747543811798096,0,0,0.2525828778743744,2,0,0.08710792660713196
subject_13:sample_0000698,13,698,3,0,0,2,0,0.5671497583389282,0.3043763339519501,0.2967740297317505,0.4000000059604645,0.3714025020599365,0,2,0,0.07656607776880264,3,1,0.2677334249019623,0,0,0.3150377869606018,0,0,0.25202205777168274,2,0,0.08863968402147293
subject_13:sample_0000699,13,699,3,0,0,2,0,0.5650185942649841,0.30393218994140625,0.29439103603363037,0.4000000059604645,0.369761198759079,0,2,0,0.07852198928594589,3,1,0.2673943042755127,0,0,0.31308311223983765,0,0,0.2517992854118347,2,0,0.08920040726661682
subject_13:sample_0000700,13,700,3,0,0,2,0,0.5647488832473755,0.30844730138778687,0.2927199602127075,0.4000000059604645,0.3708198070526123,0,2,0,0.07949613779783249,3,1,0.2672281265258789,0,0,0.311553418636322,0,0,0.252973735332489,2,0,0.0887475535273552
subject_13:sample_0000701,13,701,3,0,0,2,0,0.5632733702659607,0.30945542454719543,0.29084163904190063,0.4000000059604645,0.37010473012924194,0,2,0,0.08068503439426422,3,1,0.2668885290622711,0,0,0.30972814559936523,0,0,0.253294974565506,2,0,0.08940239250659943
subject_13:sample_0000702,13,702,3,0,0,2,0,0.560469925403595,0.3028648793697357,0.2895898222923279,0.4000000059604645,0.36632072925567627,0,2,0,0.08206769824028015,3,1,0.2664731442928314,0,0,0.30842849612236023,0,0,0.251840740442276,2,0,0.09118896722793579
subject_13:sample_0000703,13,703,3,0,0,2,0,0.5566506385803223,0.2963753640651703,0.2872828245162964,0.4000000059604645,0.36189132928848267,0,2,0,0.08408485352993011,3,1,0.2659052610397339,0,0,0.3061763048171997,0,0,0.2503131628036499,2,0,0.09351948648691177
subject_13:sample_0000704,13,704,3,0,0,2,0,0.5546320080757141,0.29417264461517334,0.2857516407966614,0.4000000059604645,0.3599139451980591,0,2,0,0.08540549874305725,3,1,0.26511484384536743,0,0,0.3050014078617096,0,0,0.24949002265930176,2,0,0.09498730301856995
subject_13:sample_0000705,13,705,3,0,0,2,0,0.5532002449035645,0.29172858595848083,0.28488802909851074,0.4000000059604645,0.3582437038421631,0,2,0,0.08557750284671783,3,1,0.2656775712966919,0,0,0.3036520183086395,0,0,0.2494061291217804,2,0,0.09568576514720917
subject_13:sample_0000706,13,706,3,0,0,2,0,0.4493086338043213,0.11070182919502258,0.1876174807548523,0.4000000059604645,0.2105349749326706,0,1,0,0.12498846650123596,0,0,0.23727525770664215,2,0,0.1887984424829483,1,0,0.23590455949306488,0,0,0.21303234994411469
subject_13:sample_0000707,13,707,3,0,0,2,0,0.4491048753261566,0.10841399431228638,0.18846994638442993,0.4000000059604645,0.2093590497970581,0,1,0,0.126221165060997,0,0,0.23750640451908112,2,0,0.18644143640995026,1,0,0.2366923689842224,0,0,0.21313761174678802
subject_13:sample_0000708,13,708,3,0,0,2,0,0.4487196207046509,0.10501325130462646,0.18946003913879395,0.4000000059604645,0.20744943618774414,0,1,0,0.1275085210800171,0,0,0.23791001737117767,2,0,0.18294678628444672,1,0,0.23847569525241852,0,0,0.21315807104110718
subject_13:sample_0000709,13,709,3,0,0,2,0,0.44857057929039,0.10214734077453613,0.19062858819961548,0.4000000059604645,0.2059437334537506,0,1,0,0.1281534880399704,0,0,0.2381870299577713,2,0,0.1798291653394699,1,0,0.24052730202674866,0,0,0.21330209076404572
subject_13:sample_0000710,13,710,3,0,0,2,0,0.4498941898345947,0.10546860098838806,0.19144481420516968,0.4000000059604645,0.208653524518013,0,1,0,0.12791134417057037,0,0,0.2382003664970398,2,0,0.18173430860042572,1,0,0.23820146918296814,0,0,0.21395151317119598
subject_13:sample_0000711,13,711,3,0,0,2,0,0.4521334767341614,0.10674256086349487,0.19413137435913086,0.4000000059604645,0.21081426739692688,0,1,0,0.12856034934520721,0,0,0.23996630311012268,2,0,0.17906369268894196,1,0,0.23801137506961823,0,0,0.21439728140830994
subject_13:sample_0000712,13,712,3,0,0,2,0,0.45221036672592163,0.09997561573982239,0.19788116216659546,0.4000000059604645,0.2075931429862976,0,1,0,0.1313701868057251,0,0,0.24303656816482544,2,0,0.16940224170684814,1,0,0.24179795384407043,0,0,0.21439211070537567
subject_13:sample_0000713,13,713,3,0,0,2,0,0.44645607471466064,0.08652293682098389,0.19803327322006226,0.4000000059604645,0.1970377266407013,0,1,0,0.1345226764678955,0,0,0.24723194539546967,2,0,0.15857407450675964,1,0,0.24626202881336212,0,0,0.21340832114219666
subject_13:sample_0000714,13,714,3,0,0,2,0,0.44009578227996826,0.07620006799697876,0.19630372524261475,0.4000000059604645,0.18741758167743683,0,1,0,0.1360427886247635,0,0,0.24845993518829346,2,0,0.15435373783111572,1,0,0.2483949512243271,0,0,0.21274755895137787
subject_13:sample_0000715,13,715,3,0,0,2,0,0.44006776809692383,0.0751345157623291,0.19764161109924316,0.4000000059604645,0.18695874512195587,0,1,0,0.13657529652118683,0,0,0.2491282969713211,2,0,0.1532275527715683,1,0,0.24837829172611237,0,0,0.212689608335495
subject_13:sample_0000716,13,716,3,0,0,1,0,0.4457367956638336,0.08207246661186218,0.20146411657333374,0.4000000059604645,0.194606751203537,0,1,0,0.1363428235054016,0,0,0.25010696053504944,2,0,0.15373720228672028,1,0,0.2469211369752884,0,0,0.21289092302322388
subject_13:sample_0000717,13,717,3,0,0,1,0,0.45067647099494934,0.08931320905685425,0.20406979322433472,0.4000000059604645,0.20176836848258972,0,1,0,0.13539548218250275,0,0,0.24935702979564667,2,0,0.15654361248016357,1,0,0.24531175196170807,0,0,0.21339111030101776
subject_13:sample_0000718,13,718,0,0,1,0,1,0.9999814629554749,0.9999693036079407,0.9998379349708557,1.0,0.9999295473098755,1,0,1,0.16843540966510773,0,1,0.1904611736536026,0,1,0.1878875494003296,0,1,0.21997052431106567,0,1,0.23324435949325562
subject_13:sample_0000719,13,719,0,0,1,0,1,0.9999812841415405,0.999968945980072,0.9998363852500916,1.0,0.9999288320541382,1,0,1,0.16896884143352509,0,1,0.1880342960357666,0,1,0.18816937506198883,0,1,0.2209782749414444,0,1,0.2338481843471527
subject_13:sample_0000720,13,720,0,0,1,0,1,0.9999812841415405,0.999968945980072,0.9998365044593811,1.0,0.999928891658783,1,0,1,0.16939646005630493,0,1,0.18681058287620544,0,1,0.188166081905365,0,1,0.22152742743492126,0,1,0.2340984344482422
subject_13:sample_0000721,13,721,0,0,1,0,1,0.9999812841415405,0.999968945980072,0.9998362064361572,1.0,0.9999287724494934,1,0,1,0.16963063180446625,0,1,0.18555735051631927,0,1,0.1883210390806198,0,1,0.22216805815696716,0,1,0.23432192206382751
subject_13:sample_0000722,13,722,0,0,1,0,1,0.9999812841415405,0.9999688267707825,0.9998353719711304,1.0,0.9999284744262695,1,0,1,0.16973035037517548,0,1,0.1847280114889145,0,1,0.18863673508167267,0,1,0.22250449657440186,0,1,0.2343994677066803
subject_13:sample_0000723,13,723,0,0,1,0,1,0.9999813437461853,0.999968945980072,0.9998356103897095,1.0,0.9999286532402039,1,0,1,0.16956035792827606,0,1,0.1840408444404602,0,1,0.18887726962566376,0,1,0.22368097305297852,0,1,0.23383960127830505
subject_13:sample_0000724,13,724,0,0,1,0,1,0.9999812245368958,0.9999688863754272,0.9998353719711304,1.0,0.9999284744262695,1,0,1,0.16929928958415985,0,1,0.18329143524169922,0,1,0.18905727565288544,0,1,0.22512096166610718,0,1,0.23323003947734833
subject_13:sample_0000725,13,725,0,0,1,0,1,0.9999811053276062,0.9999686479568481,0.9998340606689453,1.0,0.9999279379844666,1,0,1,0.16909635066986084,0,1,0.1820019632577896,0,1,0.1893979012966156,0,1,0.22665975987911224,0,1,0.2328430414199829
subject_13:sample_0000726,13,726,0,0,1,0,1,0.9999809265136719,0.9999682307243347,0.999832034111023,1.0,0.9999270439147949,1,0,1,0.16905145347118378,0,1,0.18033449351787567,0,1,0.18984314799308777,0,1,0.2281302809715271,0,1,0.23263968527317047
subject_13:sample_0000727,13,727,0,0,1,0,1,0.9999805688858032,0.999967634677887,0.9998298287391663,1.0,0.999925971031189,1,0,1,0.16893936693668365,0,1,0.17945562303066254,0,1,0.19043855369091034,0,1,0.2291216403245926,0,1,0.23204386234283447
subject_13:sample_0000728,13,728,0,0,1,0,1,0.9999801516532898,0.9999668598175049,0.9998266696929932,1.0,0.9999246001243591,1,0,1,0.16885271668434143,0,1,0.17813846468925476,0,1,0.1911306083202362,0,1,0.23021982610225677,0,1,0.23165735602378845
subject_13:sample_0000729,13,729,0,0,1,0,1,0.9999798536300659,0.9999662041664124,0.9998235106468201,1.0,0.9999231696128845,1,0,1,0.16861797869205475,0,1,0.1770922988653183,0,1,0.19197776913642883,0,1,0.23111893236637115,0,1,0.23119212687015533
subject_13:sample_0000730,13,730,0,0,1,0,1,0.9999793767929077,0.9999653697013855,0.9998201131820679,1.0,0.9999216198921204,1,0,1,0.1682824194431305,0,1,0.17598193883895874,0,1,0.19270528852939606,0,1,0.23225176334381104,0,1,0.23077762126922607
subject_13:sample_0000731,13,731,0,0,1,0,1,0.99997878074646,0.9999642372131348,0.9998155832290649,1.0,0.9999195337295532,1,0,1,0.16817215085029602,0,1,0.17436639964580536,0,1,0.19356955587863922,0,1,0.23330938816070557,0,1,0.23058155179023743
subject_13:sample_0000732,13,732,0,0,1,0,1,0.9999781250953674,0.9999630451202393,0.9998108148574829,1.0,0.9999173283576965,1,0,1,0.16817829012870789,0,1,0.17344585061073303,0,1,0.1942920982837677,0,1,0.23386770486831665,0,1,0.23021505773067474
subject_13:sample_0000733,13,733,0,0,1,0,1,0.999977707862854,0.9999622106552124,0.9998071789741516,1.0,0.9999157190322876,1,0,1,0.16821853816509247,0,1,0.17295844852924347,0,1,0.19498300552368164,0,1,0.23393510282039642,0,1,0.2299039363861084
subject_13:sample_0000734,13,734,0,0,1,0,1,0.9999773502349854,0.9999615550041199,0.999804675579071,1.0,0.9999145269393921,1,0,1,0.1681784987449646,0,1,0.1727505475282669,0,1,0.19561415910720825,0,1,0.23386700451374054,0,1,0.22958876192569733
subject_13:sample_0000735,13,735,0,0,1,0,1,0.9999768733978271,0.9999606013298035,0.9998007416725159,1.0,0.9999127984046936,1,0,1,0.16841378808021545,0,1,0.17204353213310242,0,1,0.19621430337429047,0,1,0.23388375341892242,0,1,0.22944360971450806
subject_13:sample_0000736,13,736,0,0,1,0,1,0.9999764561653137,0.9999597668647766,0.9997971653938293,1.0,0.9999111294746399,1,0,1,0.16868171095848083,0,1,0.17151480913162231,0,1,0.19668245315551758,0,1,0.2338743805885315,0,1,0.2292456328868866
subject_13:sample_0000737,13,737,0,0,1,0,1,0.9999759793281555,0.9999587535858154,0.9997928738594055,1.0,0.9999092221260071,1,0,1,0.16903984546661377,0,1,0.17095200717449188,0,1,0.1969892829656601,0,1,0.2339194416999817,0,1,0.22909843921661377
subject_13:sample_0000738,13,738,0,0,1,0,1,0.9999752640724182,0.9999575018882751,0.9997884035110474,1.0,0.9999070763587952,1,0,1,0.16939690709114075,0,1,0.17061534523963928,0,1,0.19736000895500183,0,1,0.23365235328674316,0,1,0.2289743572473526
subject_13:sample_0000739,13,739,0,0,1,0,1,0.9999747276306152,0.9999563097953796,0.999783456325531,1.0,0.9999048709869385,1,0,1,0.16971462965011597,0,1,0.17015141248703003,0,1,0.19791282713413239,0,1,0.23337073624134064,0,1,0.22884944081306458
subject_13:sample_0000740,13,740,0,0,1,0,1,0.9999738931655884,0.9999545216560364,0.999775767326355,1.0,0.9999014139175415,1,0,1,0.17028029263019562,0,1,0.1693211942911148,0,1,0.1983020156621933,0,1,0.23324330151081085,0,1,0.2288523018360138
subject_13:sample_0000741,13,741,0,0,1,0,1,0.9999735355377197,0.9999538660049438,0.9997730255126953,1.0,0.9999001622200012,1,0,1,0.17052972316741943,0,1,0.169205904006958,0,1,0.19837895035743713,0,1,0.23308032751083374,0,1,0.22880415618419647
subject_13:sample_0000742,13,742,0,0,1,0,1,0.9999730587005615,0.999953031539917,0.9997701644897461,1.0,0.9998987317085266,1,0,1,0.1707286238670349,0,1,0.16908830404281616,0,1,0.19850361347198486,0,1,0.23297415673732758,0,1,0.2287042886018753
subject_13:sample_0000743,13,743,0,0,1,0,1,0.9999730587005615,0.9999529123306274,0.9997694492340088,1.0,0.9998984932899475,1,0,1,0.17087993025779724,0,1,0.16932490468025208,0,1,0.19851219654083252,0,1,0.2326505184173584,0,1,0.22863151133060455
subject_13:sample_0000744,13,744,0,0,1,0,1,0.999972939491272,0.9999528527259827,0.9997697472572327,1.0,0.9998984932899475,1,0,1,0.17081040143966675,0,1,0.169603168964386,0,1,0.19867394864559174,0,1,0.23253603279590607,0,1,0.22837543487548828
subject_13:sample_0000745,13,745,0,0,1,0,1,0.9999728798866272,0.9999526143074036,0.9997683763504028,1.0,0.9998979568481445,1,0,1,0.1709441840648651,0,1,0.16956914961338043,0,1,0.19863691926002502,0,1,0.23250727355480194,0,1,0.2283414751291275
subject_13:sample_0000746,13,746,3,3,1,3,1,0.8421283960342407,0.7529574632644653,0.6037174463272095,1.0,0.7260962128639221,1,3,1,0.20652525126934052,3,1,0.20000112056732178,3,1,0.24732878804206848,3,1,0.17349651455879211,3,1,0.1726473718881607
subject_13:sample_0000747,13,747,3,3,1,3,1,0.840719997882843,0.7548542022705078,0.6006544828414917,1.0,0.7250696420669556,1,3,1,0.20694591104984283,3,1,0.1998911052942276,3,1,0.24653390049934387,3,1,0.17366687953472137,3,1,0.17296123504638672
subject_13:sample_0000748,13,748,3,3,1,3,1,0.845422089099884,0.7592312693595886,0.609153151512146,1.0,0.7312368154525757,1,3,1,0.20733897387981415,3,1,0.19899991154670715,3,1,0.24677996337413788,3,1,0.17369219660758972,3,1,0.17318794131278992
subject_13:sample_0000749,13,749,3,3,1,3,1,0.8557825088500977,0.7636287808418274,0.6309069395065308,1.0,0.7442811131477356,1,3,1,0.20762605965137482,3,1,0.19771452248096466,3,1,0.2483508437871933,3,1,0.17335785925388336,3,1,0.17294974625110626
subject_13:sample_0000750,13,750,3,3,1,3,1,0.8666485548019409,0.7683631777763367,0.6581802368164062,1.0,0.7595997452735901,1,3,1,0.2076890766620636,3,1,0.19629661738872528,3,1,0.2507431209087372,3,1,0.17276984453201294,3,1,0.172500342130661
subject_13:sample_0000751,13,751,3,3,1,3,1,0.8760513067245483,0.7750104665756226,0.684136152267456,1.0,0.7744497060775757,1,3,1,0.20761334896087646,3,1,0.1951826512813568,3,1,0.2531915009021759,3,1,0.17212483286857605,3,1,0.17188672721385956
subject_13:sample_0000752,13,752,3,3,1,3,1,0.8830690383911133,0.7825979590415955,0.7029844522476196,1.0,0.7861276268959045,1,3,1,0.20756100118160248,3,1,0.19447943568229675,3,1,0.255115270614624,3,1,0.17143958806991577,3,1,0.17140376567840576
subject_13:sample_0000753,13,753,3,3,1,3,1,0.8907954692840576,0.7944855690002441,0.7203190922737122,1.0,0.7988458275794983,1,3,1,0.20722897350788116,3,1,0.19430530071258545,3,1,0.25695401430130005,3,1,0.17067158222198486,3,1,0.17083919048309326
subject_13:sample_0000754,13,754,3,3,1,3,1,0.8989390134811401,0.8097127079963684,0.7352421283721924,1.0,0.8118900060653687,1,3,1,0.207353413105011,3,1,0.1938094198703766,3,1,0.25708693265914917,3,1,0.17053617537021637,3,1,0.1712130755186081
subject_13:sample_0000755,13,755,3,3,1,3,1,0.9071680903434753,0.8267948627471924,0.748367965221405,1.0,0.8248980045318604,1,3,1,0.20746375620365143,3,1,0.19347527623176575,3,1,0.2565803825855255,3,1,0.17063093185424805,3,1,0.17184869945049286
subject_13:sample_0000756,13,756,3,3,1,3,1,0.9129540324211121,0.8399220705032349,0.7566316723823547,1.0,0.8340475559234619,1,3,1,0.2074107676744461,3,1,0.19362393021583557,3,1,0.25544869899749756,3,1,0.17088429629802704,3,1,0.17263133823871613
subject_13:sample_0000757,13,757,3,3,1,3,1,0.9169816374778748,0.8469439744949341,0.7653476595878601,1.0,0.8407973647117615,1,3,1,0.20708827674388885,3,1,0.1935969591140747,3,1,0.25541990995407104,3,1,0.17109930515289307,3,1,0.17279461026191711
subject_13:sample_0000758,13,758,3,3,1,3,1,0.9203534126281738,0.8526278734207153,0.7730212211608887,1.0,0.8465160131454468,1,3,1,0.20660406351089478,3,1,0.19377095997333527,3,1,0.2560983896255493,3,1,0.1709410846233368,3,1,0.17258457839488983
subject_13:sample_0000759,13,759,3,3,1,3,1,0.9239826202392578,0.8588396906852722,0.7813071012496948,1.0,0.8527057766914368,1,3,1,0.2061985284090042,3,1,0.1938212811946869,3,1,0.25706493854522705,3,1,0.17071068286895752,3,1,0.17220360040664673
subject_13:sample_0000760,13,760,3,3,1,3,1,0.927842915058136,0.8662864565849304,0.7891449928283691,1.0,0.8592066168785095,1,3,1,0.20596788823604584,3,1,0.19384296238422394,3,1,0.25764063000679016,3,1,0.1707068830728531,3,1,0.17184072732925415
subject_13:sample_0000761,13,761,3,3,1,3,1,0.9309171438217163,0.872402548789978,0.795262336730957,1.0,0.8643960952758789,1,3,1,0.20580504834651947,3,1,0.19422544538974762,3,1,0.2581309974193573,3,1,0.1706104278564453,3,1,0.17122714221477509
subject_13:sample_0000762,13,762,3,3,1,3,1,0.9337893128395081,0.8776265382766724,0.8017210960388184,1.0,0.8693486452102661,1,3,1,0.20567414164543152,3,1,0.19463273882865906,3,1,0.25896933674812317,3,1,0.17041544616222382,3,1,0.17030736804008484
subject_13:sample_0000763,13,763,3,3,1,3,1,0.9364339709281921,0.8814642429351807,0.8090927004814148,1.0,0.8740978240966797,1,3,1,0.20544472336769104,3,1,0.19533497095108032,3,1,0.2607988715171814,3,1,0.16962265968322754,3,1,0.1687978059053421
subject_13:sample_0000764,13,764,3,3,1,3,1,0.9395231008529663,0.8859976530075073,0.8179082274436951,1.0,0.8797276020050049,1,3,1,0.20542387664318085,3,1,0.1958858072757721,3,1,0.2628875970840454,3,1,0.16889995336532593,3,1,0.16690179705619812
subject_13:sample_0000765,13,765,3,3,1,3,1,0.9410783052444458,0.8884910941123962,0.8221198320388794,1.0,0.8825473189353943,1,3,1,0.20538054406642914,3,1,0.1966918706893921,3,1,0.26436811685562134,3,1,0.16795212030410767,3,1,0.16560645401477814
subject_13:sample_0000766,13,766,3,3,1,3,1,0.9420467019081116,0.8886270523071289,0.8273367881774902,1.0,0.884758472442627,1,3,1,0.20523357391357422,3,1,0.19719450175762177,3,1,0.2672361731529236,3,1,0.16671673953533173,3,1,0.1636180430650711
subject_13:sample_0000767,13,767,3,3,1,3,1,0.9420469403266907,0.8874779939651489,0.8297153115272522,1.0,0.8852237462997437,1,3,1,0.20557811856269836,3,1,0.19794972240924835,3,1,0.27041029930114746,3,1,0.164921373128891,3,1,0.16113953292369843
subject_13:sample_0000768,13,768,3,3,1,3,1,0.9410805702209473,0.8849064111709595,0.8292263150215149,1.0,0.8838917016983032,1,3,1,0.20646461844444275,3,1,0.19885796308517456,3,1,0.27286240458488464,3,1,0.16321025788784027,3,1,0.15860378742218018
subject_13:sample_0000769,13,769,3,3,1,3,1,0.941535234451294,0.8855491876602173,0.8308145403862,1.0,0.8848122358322144,1,3,1,0.20803087949752808,3,1,0.1996919810771942,3,1,0.2746753692626953,3,1,0.16144594550132751,3,1,0.15615485608577728
subject_13:sample_0000770,13,770,3,3,1,3,1,0.9407984614372253,0.8838264346122742,0.8299679756164551,1.0,0.8837070465087891,1,3,1,0.2101413458585739,3,1,0.2005673497915268,3,1,0.276587575674057,3,1,0.1591598391532898,3,1,0.1535429060459137
subject_13:sample_0000771,13,771,3,3,1,3,1,0.9387030601501465,0.8794642686843872,0.8262290954589844,1.0,0.880269467830658,1,3,1,0.21251823008060455,3,1,0.20138415694236755,3,1,0.27804526686668396,3,1,0.15691472589969635,3,1,0.1511366069316864
subject_13:sample_0000772,13,772,3,3,1,3,1,0.9392163157463074,0.8804273009300232,0.8274314403533936,1.0,0.8811781406402588,1,3,1,0.21443535387516022,3,1,0.20182985067367554,3,1,0.2788706123828888,3,1,0.1554824411869049,3,1,0.14938068389892578
subject_13:sample_0000773,13,773,3,3,1,3,1,0.9406409859657288,0.8831571936607361,0.8306305408477783,1.0,0.8836696147918701,1,3,1,0.21548552811145782,3,1,0.20217804610729218,3,1,0.27969804406166077,3,1,0.154599130153656,3,1,0.14803831279277802
subject_13:sample_0000774,13,774,0,0,1,0,1,0.49088361859321594,0.22686663269996643,0.14848870038986206,0.4000000059604645,0.25476953387260437,0,0,1,0.23869015276432037,0,1,0.21336579322814941,1,0,0.28126105666160583,2,0,0.1314099282026291,2,0,0.1352720707654953
subject_13:sample_0000775,13,775,0,0,1,0,1,0.5109806060791016,0.25385820865631104,0.1611960530281067,0.4000000059604645,0.27549687027931213,0,0,1,0.24070598185062408,0,1,0.21510574221611023,1,0,0.2854897081851959,2,0,0.1257665455341339,2,0,0.1329311579465866
subject_13:sample_0000776,13,776,0,0,1,0,1,0.5141153335571289,0.2658994495868683,0.1576535701751709,0.4000000059604645,0.2782876491546631,0,0,1,0.24442090094089508,0,1,0.2174648642539978,1,0,0.28907379508018494,2,0,0.1191810891032219,2,0,0.12985841929912567
subject_13:sample_0000777,13,777,0,0,1,0,1,0.5041821002960205,0.26301684975624084,0.143856942653656,0.4000000059604645,0.26719844341278076,0,0,1,0.24770471453666687,0,1,0.2194041907787323,1,0,0.29119887948036194,2,0,0.11407327651977539,2,0,0.12761801481246948
subject_13:sample_0000778,13,778,0,0,1,0,1,0.5169020891189575,0.2813018262386322,0.15074247121810913,0.4000000059604645,0.27985867857933044,0,0,1,0.25009843707084656,0,1,0.22061513364315033,1,0,0.29329901933670044,2,0,0.11016246676445007,2,0,0.1258239895105362
subject_13:sample_0000779,13,779,0,0,1,0,1,0.5608060956001282,0.3294576406478882,0.1921434998512268,0.4000000059604645,0.3286593556404114,0,0,1,0.25105488300323486,0,1,0.22116434574127197,1,0,0.2961057722568512,2,0,0.10673646628856659,2,0,0.12493754923343658
subject_13:sample_0000780,13,780,0,0,1,0,1,0.5852527618408203,0.3527519106864929,0.22162294387817383,0.4000000059604645,0.357664555311203,0,0,1,0.25040116906166077,0,1,0.22061146795749664,1,0,0.29611751437187195,2,0,0.10681717842817307,2,0,0.126051664352417
subject_13:sample_0000781,13,781,0,0,1,0,1,0.594042181968689,0.3581312298774719,0.23486095666885376,0.6000000238418579,0.3683183789253235,0,0,1,0.24918730556964874,0,1,0.21959525346755981,0,1,0.2948184013366699,2,0,0.10806380212306976,2,0,0.12833429872989655
subject_13:sample_0000782,13,782,0,0,1,0,1,0.6118023991584778,0.36782658100128174,0.26610374450683594,0.6000000238418579,0.3912326693534851,0,0,1,0.24576164782047272,0,1,0.2171870470046997,0,1,0.29216262698173523,2,0,0.11258307099342346,2,0,0.13230466842651367
subject_13:sample_0000783,13,783,0,0,1,0,1,0.6269540786743164,0.37543803453445435,0.2967093586921692,0.6000000238418579,0.4118146300315857,0,0,1,0.24312254786491394,0,1,0.21483440697193146,0,1,0.2888447344303131,2,0,0.11755616962909698,2,0,0.1356412023305893
subject_13:sample_0000784,13,784,0,0,1,0,1,0.6081364154815674,0.34921330213546753,0.2742570638656616,0.6000000238418579,0.3876292407512665,0,0,1,0.24060696363449097,0,1,0.21252070367336273,0,1,0.2843031883239746,2,0,0.12288276851177216,2,0,0.13968543708324432
subject_13:sample_0000785,13,785,0,0,1,0,1,0.5843093991279602,0.32053065299987793,0.24410855770111084,0.6000000238418579,0.35757336020469666,0,0,1,0.23862071335315704,0,1,0.21043437719345093,0,1,0.27942100167274475,2,0,0.12834998965263367,2,0,0.1431729644536972
subject_13:sample_0000786,13,786,0,0,1,0,1,0.5362538695335388,0.27257978916168213,0.1847171187400818,0.4000000059604645,0.30000171065330505,0,0,1,0.23613785207271576,0,1,0.20834559202194214,1,0,0.2738575041294098,2,0,0.13495030999183655,2,0,0.14670784771442413
subject_13:sample_0000787,13,787,0,0,1,0,1,0.516121506690979,0.2631479799747467,0.16052782535552979,0.4000000059604645,0.2793620526790619,0,0,1,0.23361442983150482,0,1,0.20634141564369202,1,0,0.2684679627418518,2,0,0.14160989224910736,2,0,0.1499653160572052
subject_13:sample_0000788,13,788,0,0,1,0,1,0.5776644349098206,0.3635057806968689,0.21075397729873657,0.6000000238418579,0.35371556878089905,0,0,1,0.2295917421579361,0,1,0.2026405781507492,1,0,0.2626781463623047,2,0,0.15249614417552948,0,1,0.15259239077568054
subject_13:sample_0000789,13,789,0,0,1,0,1,0.7772153615951538,0.6698122024536133,0.457069456577301,1.0,0.6196677088737488,0,0,1,0.2258424311876297,0,1,0.19852487742900848,0,1,0.2577608823776245,0,1,0.16302622854709625,0,1,0.15484455227851868
subject_13:sample_0000790,13,790,0,0,1,0,1,0.9177589416503906,0.8723779320716858,0.7357999682426453,1.0,0.8382965326309204,1,0,1,0.22323425114154816,0,1,0.19523009657859802,0,1,0.25213009119033813,0,1,0.17227664589881897,0,1,0.15712794661521912
subject_13:sample_0000791,13,791,0,0,1,0,1,0.9623680114746094,0.9375283718109131,0.8615699410438538,1.0,0.9194723963737488,1,0,1,0.22015294432640076,0,1,0.1922830492258072,0,1,0.24667009711265564,0,1,0.18107400834560394,0,1,0.15981897711753845
subject_13:sample_0000792,13,792,0,0,1,0,1,0.9815593957901001,0.9689337611198425,0.9234062433242798,1.0,0.9576375484466553,1,0,1,0.21828676760196686,0,1,0.1901864856481552,0,1,0.2420816272497177,0,1,0.18724896013736725,0,1,0.16219523549079895
subject_13:sample_0000793,13,793,0,0,1,0,1,0.9823655486106873,0.9695944786071777,0.9274907112121582,1.0,0.9595279693603516,1,0,1,0.21749719977378845,0,1,0.18874402344226837,0,1,0.23675303161144257,0,1,0.19226641952991486,0,1,0.16473838686943054
subject_13:sample_0000794,13,794,0,0,1,0,1,0.9877333045005798,0.9787365198135376,0.9465906620025635,1.0,0.9708583950996399,1,0,1,0.21634912490844727,0,1,0.1875251680612564,0,1,0.23306073248386383,0,1,0.19565489888191223,0,1,0.16740909218788147
subject_13:sample_0000795,13,795,0,0,1,0,1,0.9897675514221191,0.9821889400482178,0.9542621970176697,1.0,0.9752860069274902,1,0,1,0.21650929749011993,0,1,0.18676911294460297,0,1,0.229436457157135,0,1,0.19752933084964752,0,1,0.16975484788417816
subject_13:sample_0000796,13,796,0,0,1,0,1,0.9947336912155151,0.9908983707427979,0.9738569259643555,1.0,0.986454427242279,1,0,1,0.21625609695911407,0,1,0.18605612218379974,0,1,0.22661170363426208,0,1,0.19889923930168152,0,1,0.17217591404914856
subject_13:sample_0000797,13,797,0,0,1,0,1,0.9973042011260986,0.9953902363777161,0.9852578639984131,1.0,0.9926366806030273,1,0,1,0.21600112318992615,0,1,0.1855374425649643,0,1,0.22445066273212433,0,1,0.1992037445306778,0,1,0.17480610311031342
subject_13:sample_0000798,13,798,0,0,1,0,1,0.997672975063324,0.9960460662841797,0.9870029091835022,1.0,0.9935628771781921,1,0,1,0.2158348709344864,0,1,0.18539787828922272,0,1,0.22460269927978516,0,1,0.19852350652217865,0,1,0.17564013600349426
subject_13:sample_0000799,13,799,0,0,1,0,1,0.9984261989593506,0.9973640441894531,0.9907249808311462,1.0,0.9954992532730103,1,0,1,0.2151782214641571,0,1,0.1850091516971588,0,1,0.22530318796634674,0,1,0.1978747546672821,0,1,0.17663364112377167
subject_13:sample_0000800,13,800,0,0,1,0,1,0.9994103908538818,0.9990507364273071,0.9960612058639526,1.0,0.9981729984283447,1,0,1,0.21448788046836853,0,1,0.18450245261192322,0,1,0.226580411195755,0,1,0.19688092172145844,0,1,0.17754729092121124
subject_13:sample_0000801,13,801,0,0,1,0,1,0.9997540712356567,0.9996232986450195,0.9981822371482849,1.0,0.9991862773895264,1,0,1,0.21415899693965912,0,1,0.18425820767879486,0,1,0.22716301679611206,0,1,0.19594965875148773,0,1,0.1784691959619522
subject_13:sample_0000802,13,802,0,0,1,0,1,0.9998814463615417,0.9998292326927185,0.9990558624267578,1.0,0.9995887875556946,1,0,1,0.21386195719242096,0,1,0.1841316670179367,0,1,0.2279714047908783,0,1,0.19484414160251617,0,1,0.17918990552425385
subject_13:sample_0000803,13,803,0,0,1,0,1,0.9999216794967651,0.9998918771743774,0.9993548393249512,1.0,0.9997227191925049,1,0,1,0.21358323097229004,0,1,0.18415586650371552,0,1,0.22813209891319275,0,1,0.1941036880016327,0,1,0.18002411723136902
subject_13:sample_0000804,13,804,0,0,1,0,1,0.9999402761459351,0.9999150037765503,0.9994995594024658,1.0,0.9997849464416504,1,0,1,0.21311086416244507,0,1,0.18401707708835602,0,1,0.22802886366844177,0,1,0.1938166469335556,0,1,0.18102550506591797
subject_13:sample_0000805,13,805,0,0,1,0,1,0.9999475479125977,0.9999243021011353,0.9995567798614502,1.0,0.9998095631599426,1,0,1,0.21285280585289001,0,1,0.18417517840862274,0,1,0.22747202217578888,0,1,0.19351711869239807,0,1,0.1819818764925003
subject_13:sample_0000806,13,806,0,0,1,0,1,0.9999498128890991,0.9999276399612427,0.9995744824409485,1.0,0.9998172521591187,1,0,1,0.21262387931346893,0,1,0.18447205424308777,0,1,0.22707459330558777,0,1,0.19306118786334991,0,1,0.1827673316001892
subject_13:sample_0000807,13,807,0,0,1,0,1,0.9999523162841797,0.9999308586120605,0.9995942115783691,1.0,0.9998257160186768,1,0,1,0.21245050430297852,0,1,0.18483275175094604,0,1,0.22664450109004974,0,1,0.19264987111091614,0,1,0.18342140316963196
subject_13:sample_0000808,13,808,0,0,1,0,1,0.9999548196792603,0.9999339580535889,0.999614953994751,1.0,0.9998345375061035,1,0,1,0.21220263838768005,0,1,0.185029074549675,0,1,0.22653986513614655,0,1,0.19205553829669952,0,1,0.18417198956012726
subject_13:sample_0000809,13,809,0,0,1,0,1,0.9999576807022095,0.999936580657959,0.9996389746665955,1.0,0.9998443722724915,1,0,1,0.2121315449476242,0,1,0.18512636423110962,0,1,0.22683411836624146,0,1,0.19142532348632812,0,1,0.1844816505908966
subject_13:sample_0000810,13,810,0,0,1,0,1,0.9999598264694214,0.9999387860298157,0.9996568560600281,1.0,0.9998518228530884,1,0,1,0.21202352643013,0,1,0.18515843152999878,0,1,0.22686651349067688,0,1,0.1911776214838028,0,1,0.18477287888526917
subject_13:sample_0000811,13,811,0,0,1,0,1,0.9999607801437378,0.9999405145645142,0.9996640086174011,1.0,0.999855101108551,1,0,1,0.21167369186878204,0,1,0.1853291392326355,0,1,0.22634688019752502,0,1,0.1911884844303131,0,1,0.1854608803987503
subject_13:sample_0000812,13,812,0,0,1,0,1,0.99996018409729,0.9999405741691589,0.9996587634086609,1.0,0.9998531341552734,1,0,1,0.21108978986740112,0,1,0.18572016060352325,0,1,0.22565346956253052,0,1,0.19143006205558777,0,1,0.18610554933547974
subject_13:sample_0000813,13,813,0,0,1,0,1,0.9999566078186035,0.9999368786811829,0.9996291399002075,1.0,0.9998408555984497,1,0,1,0.20993708074092865,0,1,0.18689484894275665,0,1,0.22469694912433624,0,1,0.19164030253887177,0,1,0.18682990968227386
subject_13:sample_0000814,13,814,0,0,1,0,1,0.9999507665634155,0.9999285936355591,0.9995834827423096,1.0,0.9998209476470947,1,0,1,0.20894800126552582,0,1,0.18811766803264618,0,1,0.22496353089809418,0,1,0.19165107607841492,0,1,0.1863187998533249
subject_13:sample_0000815,13,815,0,0,1,0,1,0.9999450445175171,0.9999213218688965,0.9995377063751221,1.0,0.9998013377189636,1,0,1,0.2078762799501419,0,1,0.1890868842601776,0,1,0.22486257553100586,0,1,0.19182835519313812,0,1,0.1863449662923813
subject_13:sample_0000816,13,816,0,0,1,0,1,0.9999387264251709,0.9999136328697205,0.9994867444038391,1.0,0.9997796416282654,1,0,1,0.20711438357830048,0,1,0.1897798776626587,0,1,0.22462284564971924,0,1,0.19200144708156586,0,1,0.1864805519580841
subject_13:sample_0000817,13,817,3,3,1,3,1,0.7561569213867188,0.5549430847167969,0.5176877975463867,0.800000011920929,0.6011406779289246,0,0,0,0.20066069066524506,3,1,0.22399930655956268,3,1,0.1379319280385971,3,1,0.21947099268436432,3,1,0.2179361879825592
subject_13:sample_0000818,13,818,3,3,1,3,1,0.756433367729187,0.5551241636276245,0.518407940864563,0.800000011920929,0.6015579700469971,0,0,0,0.20061877369880676,3,1,0.22406615316867828,3,1,0.138020858168602,3,1,0.21944132447242737,3,1,0.21785196661949158
subject_13:sample_0000819,13,819,3,3,1,3,1,0.7556023597717285,0.5540626645088196,0.5169481039047241,0.800000011920929,0.6003894209861755,0,0,0,0.20075877010822296,3,1,0.22422054409980774,3,1,0.13737159967422485,3,1,0.2197551131248474,3,1,0.2178930640220642
subject_13:sample_0000820,13,820,3,3,1,3,1,0.7553889751434326,0.5533920526504517,0.5170022249221802,0.800000011920929,0.6001115441322327,0,0,0,0.20130884647369385,3,1,0.2244272381067276,3,1,0.13704396784305573,3,1,0.21938438713550568,3,1,0.21783460676670074
subject_13:sample_0000821,13,821,3,3,1,3,1,0.7530328631401062,0.5508186221122742,0.5123702883720398,0.800000011920929,0.5967633724212646,0,0,0,0.201585590839386,3,1,0.22465862333774567,3,1,0.13620609045028687,3,1,0.2195037603378296,3,1,0.2180449366569519
subject_13:sample_0000822,13,822,3,3,1,3,1,0.7502536773681641,0.5477562546730042,0.5068992376327515,0.800000011920929,0.5927966237068176,0,0,0,0.20208163559436798,3,1,0.22503674030303955,3,1,0.13529694080352783,3,1,0.21903283894062042,3,1,0.21855080127716064
subject_13:sample_0000823,13,823,3,3,1,3,1,0.7458133697509766,0.543372631072998,0.4975428581237793,0.800000011920929,0.586389422416687,0,0,0,0.20229820907115936,3,1,0.22559484839439392,3,1,0.1338992416858673,3,1,0.21884210407733917,3,1,0.21936462819576263
subject_13:sample_0000824,13,824,3,3,1,3,1,0.7422579526901245,0.5424500107765198,0.4826228618621826,0.800000011920929,0.5792163610458374,0,0,0,0.20235203206539154,3,1,0.2264544814825058,3,1,0.13297100365161896,3,1,0.2178318053483963,3,1,0.22038976848125458
subject_13:sample_0000825,13,825,3,3,1,3,1,0.7489563226699829,0.5797723531723022,0.4444076418876648,0.800000011920929,0.5778722763061523,0,0,0,0.20231276750564575,3,1,0.22738733887672424,3,1,0.13177362084388733,3,1,0.21708479523658752,3,1,0.22144047915935516
subject_13:sample_0000826,13,826,3,3,1,3,1,0.7793853878974915,0.6879779100418091,0.4467957615852356,0.800000011920929,0.6210767030715942,0,0,0,0.2026246041059494,3,1,0.228199765086174,3,1,0.1304740160703659,3,1,0.21636603772640228,3,1,0.2223345786333084
subject_13:sample_0000827,13,827,3,3,1,3,1,0.8134984970092773,0.7233976125717163,0.5179675817489624,0.6000000238418579,0.6729954481124878,0,2,0,0.20273903012275696,3,1,0.22855660319328308,1,0,0.12918390333652496,3,1,0.2159987986087799,3,1,0.22352078557014465
subject_13:sample_0000828,13,828,3,3,1,3,1,0.8415828943252563,0.7610594034194946,0.5868569016456604,0.800000011920929,0.7216875553131104,1,3,1,0.20424547791481018,3,1,0.22889398038387299,1,0,0.12848909199237823,3,1,0.2135690152645111,3,1,0.22480140626430511
subject_13:sample_0000829,13,829,3,3,1,3,1,0.852563738822937,0.7787017822265625,0.6207453012466431,0.800000011920929,0.744167149066925,1,3,1,0.20397363603115082,3,1,0.23005008697509766,1,0,0.12899750471115112,3,1,0.20979556441307068,3,1,0.22718220949172974
subject_13:sample_0000830,13,830,3,3,1,3,1,0.847541868686676,0.7706273794174194,0.6147204637527466,0.800000011920929,0.7377248406410217,1,3,1,0.20290963351726532,3,1,0.23158566653728485,1,0,0.13003161549568176,3,1,0.20519882440567017,3,1,0.23027339577674866
subject_13:sample_0000831,13,831,3,3,1,3,1,0.8440814018249512,0.7621138691902161,0.6093481779098511,0.800000011920929,0.7318519353866577,1,3,1,0.2023775577545166,3,1,0.23299281299114227,1,0,0.13083231449127197,3,1,0.20048093795776367,3,1,0.23331540822982788
subject_13:sample_0000832,13,832,3,3,1,3,1,0.8403486013412476,0.7516103982925415,0.6036525964736938,0.800000011920929,0.7251253724098206,1,3,1,0.20073162019252777,3,1,0.23410215973854065,1,0,0.13151225447654724,3,1,0.19732047617435455,3,1,0.2363324910402298
subject_13:sample_0000833,13,833,3,3,1,3,1,0.8430233597755432,0.7439044117927551,0.6114894151687622,0.800000011920929,0.7265216112136841,1,3,1,0.19572335481643677,3,1,0.23467105627059937,1,0,0.13111881911754608,3,1,0.200021430850029,3,1,0.23846435546875
subject_13:sample_0000834,13,834,3,3,1,3,1,0.8469600677490234,0.7398902773857117,0.6233379244804382,0.800000011920929,0.7310009002685547,1,3,1,0.19291941821575165,3,1,0.23448213934898376,1,0,0.13009688258171082,3,1,0.20287476480007172,3,1,0.2396259307861328
subject_13:sample_0000835,13,835,3,3,1,3,1,0.8436680436134338,0.7253770232200623,0.624174952507019,0.800000011920929,0.7255721092224121,1,3,1,0.1873789131641388,3,1,0.2343359738588333,1,0,0.12892156839370728,3,1,0.20815804600715637,3,1,0.24120454490184784
subject_13:sample_0000836,13,836,3,3,1,3,1,0.8425124883651733,0.7146617770195007,0.6303765773773193,0.800000011920929,0.7240340113639832,1,3,1,0.18342767655849457,3,1,0.23363657295703888,1,0,0.1271483302116394,3,1,0.2133125513792038,3,1,0.24247393012046814
subject_13:sample_0000837,13,837,3,3,1,3,1,0.8432376980781555,0.7080485224723816,0.6408438682556152,0.800000011920929,0.7259751558303833,1,3,1,0.18103741109371185,3,1,0.23262453079223633,1,0,0.12510894238948822,3,1,0.21796639263629913,3,1,0.24326173961162567
subject_13:sample_0000838,13,838,3,3,1,3,1,0.8433612585067749,0.7029750347137451,0.6485803127288818,0.800000011920929,0.7271752953529358,1,3,1,0.18005438148975372,3,1,0.23215363919734955,1,0,0.12390390783548355,3,1,0.2191329002380371,3,1,0.24475418031215668
subject_13:sample_0000839,13,839,3,3,1,3,1,0.842015266418457,0.6963049173355103,0.6534684896469116,0.800000011920929,0.7262976765632629,1,3,1,0.17831389605998993,3,1,0.23196597397327423,1,0,0.12298640608787537,3,1,0.21972687542438507,3,1,0.24700580537319183
subject_13:sample_0000840,13,840,3,3,1,3,1,0.8429163694381714,0.6944988965988159,0.6615464687347412,0.800000011920929,0.7289069890975952,1,3,1,0.17634904384613037,3,1,0.23158055543899536,1,0,0.1219094842672348,3,1,0.22176608443260193,3,1,0.24839384853839874
subject_13:sample_0000841,13,841,3,3,1,3,1,0.8450016975402832,0.6958718299865723,0.6703449487686157,0.800000011920929,0.733210027217865,1,3,1,0.1745581477880478,3,1,0.2310357689857483,1,0,0.12080966681241989,3,1,0.22449195384979248,3,1,0.24910354614257812
subject_13:sample_0000842,13,842,3,3,1,3,1,0.8491346836090088,0.7021937370300293,0.6804288029670715,0.800000011920929,0.740295946598053,1,3,1,0.17242570221424103,3,1,0.23006388545036316,1,0,0.11895135790109634,3,1,0.22949136793613434,3,1,0.2490667849779129
subject_13:sample_0000843,13,843,3,3,1,3,1,0.852049708366394,0.7067720890045166,0.6876351833343506,0.800000011920929,0.745362401008606,1,3,1,0.16929644346237183,3,1,0.22924581170082092,1,0,0.11733178049325943,3,1,0.235194131731987,3,1,0.24893084168434143
subject_13:sample_0000844,13,844,3,3,1,3,1,0.8549851179122925,0.7118995785713196,0.6936800479888916,0.800000011920929,0.750203013420105,1,3,1,0.16672977805137634,3,1,0.22832730412483215,1,0,0.11554204672574997,3,1,0.24084319174289703,3,1,0.2485567331314087
subject_13:sample_0000845,13,845,3,3,1,3,1,0.8578419089317322,0.7171526551246643,0.6989045143127441,0.800000011920929,0.7547658681869507,1,3,1,0.16458190977573395,3,1,0.22769980132579803,1,0,0.11407705396413803,3,1,0.24544326961040497,3,1,0.24819697439670563
subject_13:sample_0000846,13,846,3,3,1,3,1,0.8605835437774658,0.7223138809204102,0.7036267518997192,0.800000011920929,0.7590792179107666,1,3,1,0.1626826673746109,3,1,0.22727398574352264,1,0,0.11281130462884903,3,1,0.24944959580898285,3,1,0.24778151512145996
subject_13:sample_0000847,13,847,3,3,1,3,1,0.8610854148864746,0.7231404185295105,0.7049435377120972,0.800000011920929,0.7599897384643555,1,3,1,0.16050563752651215,3,1,0.2270437330007553,1,0,0.11170166730880737,3,1,0.2527417838573456,3,1,0.2480061799287796
subject_13:sample_0000848,13,848,3,3,1,3,1,0.8620846271514893,0.7250269055366516,0.7066928148269653,0.800000011920929,0.7615730166435242,1,3,1,0.15879957377910614,3,1,0.22769524157047272,1,0,0.1118331179022789,3,1,0.2529679536819458,3,1,0.24870315194129944
subject_13:sample_0000849,13,849,3,3,1,3,1,0.8624428510665894,0.7256772518157959,0.707428514957428,0.800000011920929,0.7621704936027527,1,3,1,0.1575050950050354,3,1,0.22827009856700897,1,0,0.11203144490718842,3,1,0.25300872325897217,3,1,0.24918365478515625
subject_13:sample_0000850,13,850,3,3,1,3,1,0.8624292016029358,0.7256367802619934,0.7074663639068604,0.800000011920929,0.762165904045105,1,3,1,0.15701095759868622,3,1,0.22866520285606384,1,0,0.11226210743188858,3,1,0.2526405453681946,3,1,0.2494201511144638
subject_02:sample_0000000,2,0,1,0,0,0,0,0.9999845027923584,0.9999791979789734,0.9998616576194763,1.0,0.9999417662620544,1,0,0,0.2003103345632553,0,0,0.21521227061748505,0,0,0.19422094523906708,0,0,0.20203080773353577,0,0,0.18822462856769562
subject_02:sample_0000001,2,1,1,0,0,0,0,0.999984622001648,0.9999792575836182,0.9998607039451599,1.0,0.9999415278434753,1,0,0,0.20006941258907318,0,0,0.2152542620897293,0,0,0.1943192034959793,0,0,0.20208226144313812,0,0,0.18827393651008606
subject_02:sample_0000002,2,2,1,0,0,0,0,0.999984622001648,0.9999791979789734,0.9998610019683838,1.0,0.9999416470527649,1,0,0,0.20008637011051178,0,0,0.21512477099895477,0,0,0.19438140094280243,0,0,0.20198746025562286,0,0,0.18841907382011414
subject_02:sample_0000003,2,3,1,0,0,0,0,0.999984622001648,0.9999791383743286,0.9998616576194763,1.0,0.9999417662620544,1,0,0,0.2003248780965805,0,0,0.21492144465446472,0,0,0.19435548782348633,0,0,0.2016623169183731,0,0,0.18873491883277893
subject_02:sample_0000004,2,4,1,0,0,0,0,0.9999845027923584,0.9999788403511047,0.999860942363739,1.0,0.9999414086341858,1,0,0,0.2002938836812973,0,0,0.21436935663223267,0,0,0.19461414217948914,0,0,0.2014988362789154,0,0,0.1892227828502655
subject_02:sample_0000005,2,5,1,0,0,0,0,0.9999845027923584,0.9999787211418152,0.9998600482940674,1.0,0.9999410510063171,1,0,0,0.2002447545528412,0,0,0.2134871482849121,0,0,0.1949303150177002,0,0,0.20146453380584717,0,0,0.1898723542690277
subject_02:sample_0000006,2,6,1,0,0,0,0,0.9999840259552002,0.9999780654907227,0.9998565912246704,1.0,0.9999395608901978,1,0,0,0.2000332921743393,0,0,0.2123919427394867,0,0,0.19532696902751923,0,0,0.20145642757415771,0,0,0.1907903403043747
subject_02:sample_0000007,2,7,1,0,0,0,0,0.999983549118042,0.9999774098396301,0.999852180480957,1.0,0.9999377131462097,1,0,0,0.19985423982143402,0,0,0.21152034401893616,0,0,0.19564424455165863,0,0,0.2012426108121872,0,0,0.19173765182495117
subject_02:sample_0000008,2,8,1,0,0,0,0,0.9999827146530151,0.9999760389328003,0.9998462200164795,1.0,0.99993497133255,1,0,0,0.19975930452346802,0,0,0.21059076488018036,0,0,0.19594281911849976,0,0,0.2008911520242691,0,0,0.19281500577926636
subject_02:sample_0000009,2,9,1,0,0,0,0,0.9999818801879883,0.9999744296073914,0.9998376965522766,1.0,0.9999313354492188,1,0,0,0.1994650661945343,0,0,0.20973128080368042,0,0,0.19616827368736267,0,0,0.20061662793159485,0,0,0.19401782751083374
subject_02:sample_0000010,2,10,1,0,0,0,0,0.9999805092811584,0.9999720454216003,0.9998264908790588,1.0,0.9999263882637024,1,0,0,0.19906796514987946,0,0,0.20884858071804047,0,0,0.19637282192707062,0,0,0.20032744109630585,0,0,0.195382222533226
subject_02:sample_0000011,2,11,1,0,0,0,0,0.99997878074646,0.9999690055847168,0.9998117089271545,1.0,0.9999198317527771,1,0,0,0.19863516092300415,0,0,0.20777146518230438,0,0,0.19653429090976715,0,0,0.20010094344615936,0,0,0.19695720076560974
subject_02:sample_0000012,2,12,1,0,0,0,0,0.9999763369560242,0.9999649524688721,0.9997919201850891,1.0,0.9999110698699951,1,0,0,0.19782023131847382,0,0,0.2068588137626648,0,0,0.1966501772403717,0,0,0.20000413060188293,0,0,0.19866560399532318
subject_02:sample_0000013,2,13,1,0,0,0,0,0.9999723434448242,0.9999585151672363,0.9997584819793701,1.0,0.9998964071273804,1,0,0,0.19634728133678436,0,0,0.2059803456068039,0,0,0.19687657058238983,0,0,0.2001475840806961,0,0,0.2006472647190094
subject_02:sample_0000014,2,14,1,0,0,0,0,0.9999670386314392,0.9999505281448364,0.9997147917747498,1.0,0.9998774528503418,1,0,0,0.1950000673532486,0,0,0.20499254763126373,0,0,0.19692879915237427,0,0,0.20008902251720428,0,0,0.2029886096715927
subject_02:sample_0000015,2,15,1,0,0,0,0,0.9999486804008484,0.9999253153800964,0.9995701909065247,1.0,0.9998146891593933,1,0,0,0.1923547238111496,0,0,0.20444859564304352,0,0,0.19731168448925018,0,0,0.20036429166793823,0,0,0.20551978051662445
subject_02:sample_0000016,2,16,1,0,0,0,0,0.9996163249015808,0.9993905425071716,0.9973331689834595,1.0,0.9987794756889343,1,0,0,0.18714387714862823,0,0,0.2045777291059494,0,0,0.1982497274875641,0,0,0.2014133483171463,0,0,0.208614319562912
subject_02:sample_0000017,2,17,1,0,0,0,0,0.9855695366859436,0.9768808484077454,0.9377996921539307,1.0,0.9665247797966003,1,0,0,0.18206238746643066,0,0,0.20448514819145203,0,0,0.19908420741558075,0,0,0.20235103368759155,0,0,0.21201632916927338
subject_02:sample_0000018,2,18,1,0,0,0,0,0.8329440355300903,0.6916015148162842,0.6177891492843628,0.800000011920929,0.7086590528488159,1,1,1,0.1752268224954605,0,0,0.2051408886909485,0,0,0.20023882389068604,0,0,0.2036205530166626,0,0,0.2157718986272812
subject_02:sample_0000019,2,19,1,0,0,0,0,0.8317992687225342,0.6766496896743774,0.6360887289047241,0.800000011920929,0.7100681662559509,1,1,1,0.16822418570518494,0,0,0.2066664695739746,0,0,0.20121897757053375,0,0,0.20470887422561646,0,0,0.21918052434921265
subject_02:sample_0000020,2,20,1,0,0,0,0,0.8366396427154541,0.6835246086120605,0.6471794843673706,0.800000011920929,0.7179691195487976,1,1,1,0.16324429214000702,0,0,0.20741255581378937,0,0,0.20180515944957733,0,0,0.20518538355827332,0,0,0.22235170006752014
subject_02:sample_0000021,2,21,1,0,0,0,0,0.8398730754852295,0.6891762018203735,0.6524000763893127,0.800000011920929,0.722801923751831,1,1,1,0.15991239249706268,0,0,0.20787666738033295,0,0,0.20181705057621002,0,0,0.20512257516384125,0,0,0.2252703309059143
subject_02:sample_0000022,2,22,1,0,0,0,0,0.8432926535606384,0.6964012384414673,0.6554378867149353,0.800000011920929,0.7274276614189148,1,1,1,0.15620115399360657,0,0,0.20864762365818024,0,0,0.20191994309425354,0,0,0.20506279170513153,0,0,0.22816748917102814
subject_02:sample_0000023,2,23,1,0,0,0,0,0.8458061814308167,0.7030042409896851,0.6551872491836548,0.800000011920929,0.7303506135940552,1,1,1,0.15220460295677185,0,0,0.20946775376796722,0,0,0.2019895613193512,0,0,0.20505960285663605,0,0,0.23127751052379608
subject_02:sample_0000024,2,24,1,0,0,0,0,0.838793158531189,0.693371593952179,0.6380130052566528,0.800000011920929,0.7185937762260437,1,1,1,0.1479833871126175,0,0,0.21062028408050537,0,0,0.20229561626911163,0,0,0.20521308481693268,0,0,0.23388667404651642
subject_02:sample_0000025,2,25,1,0,0,0,0,0.7567030787467957,0.5700886249542236,0.4953500032424927,0.800000011920929,0.5978515148162842,0,1,1,0.14440733194351196,0,0,0.21183928847312927,0,0,0.20248185098171234,0,0,0.20527632534503937,0,0,0.23599430918693542
subject_02:sample_0000026,2,26,1,0,0,0,0,0.6350164413452148,0.4530426859855652,0.33258330821990967,0.6000000238418579,0.45737752318382263,0,1,1,0.14207005500793457,0,0,0.21250782907009125,0,0,0.20256684720516205,0,0,0.20512226223945618,3,0,0.23773205280303955
subject_02:sample_0000027,2,27,1,0,0,0,0,0.6212353706359863,0.38178426027297974,0.33085107803344727,0.6000000238418579,0.4281233251094818,0,1,1,0.1405060589313507,0,0,0.2129531055688858,0,0,0.202656090259552,0,0,0.20493344962596893,3,0,0.23895028233528137
subject_02:sample_0000028,2,28,1,0,0,0,0,0.6221519708633423,0.36487317085266113,0.3406537175178528,0.6000000238418579,0.4260401129722595,0,1,1,0.13871602714061737,0,0,0.21359071135520935,0,0,0.20323936641216278,0,0,0.20527787506580353,3,0,0.23917503654956818
subject_02:sample_0000029,2,29,1,0,0,0,0,0.6243733763694763,0.3601239323616028,0.3477259874343872,0.6000000238418579,0.4276067018508911,0,1,1,0.13717111945152283,0,0,0.21423770487308502,0,0,0.20423148572444916,0,0,0.20590746402740479,3,0,0.238451287150383
subject_02:sample_0000030,2,30,1,0,0,0,0,0.6266759634017944,0.35866278409957886,0.3530466556549072,0.6000000238418579,0.42972156405448914,0,1,1,0.13612911105155945,0,0,0.2148161083459854,0,0,0.20527403056621552,0,0,0.20660047233104706,3,0,0.23717938363552094
subject_02:sample_0000031,2,31,1,0,0,0,0,0.6286396384239197,0.35824504494667053,0.35709065198898315,0.6000000238418579,0.4316384196281433,0,1,1,0.13586339354515076,0,0,0.21514886617660522,0,0,0.2062564641237259,0,0,0.20725737512111664,3,0,0.2354729175567627
subject_02:sample_0000032,2,32,1,0,0,0,0,0.6312050819396973,0.3600703179836273,0.36113595962524414,0.6000000238418579,0.43458640575408936,0,1,1,0.13539567589759827,0,0,0.21583913266658783,0,0,0.20731014013290405,0,0,0.20808497071266174,3,0,0.2333691269159317
subject_02:sample_0000033,2,33,1,0,0,0,0,0.6325973272323608,0.35981661081314087,0.3639315962791443,0.6000000238418579,0.43592265248298645,0,1,1,0.1359126716852188,0,0,0.21594063937664032,0,0,0.20813985168933868,0,0,0.20856502652168274,3,0,0.23144088685512543
subject_02:sample_0000034,2,34,1,0,0,0,0,0.6341760158538818,0.35985636711120605,0.3671433925628662,0.6000000238418579,0.43758076429367065,0,1,1,0.13612861931324005,0,0,0.2158898264169693,0,0,0.20914337038993835,0,0,0.20923295617103577,3,0,0.22960428893566132
subject_02:sample_0000035,2,35,1,0,0,0,0,0.6354671120643616,0.35949382185935974,0.3699498772621155,0.6000000238418579,0.43884292244911194,0,1,1,0.1363581120967865,0,0,0.2158629596233368,0,0,0.21000775694847107,0,0,0.2097351998090744,3,0,0.22803495824337006
subject_02:sample_0000036,2,36,1,0,0,0,0,0.6359502673149109,0.35720187425613403,0.3721197247505188,0.6000000238418579,0.43887394666671753,0,1,1,0.1370116025209427,0,0,0.2155875712633133,0,0,0.21059055626392365,0,0,0.20999909937381744,3,0,0.22681021690368652
subject_02:sample_0000037,2,37,1,0,0,0,0,0.6358256340026855,0.3530105650424957,0.3746836185455322,0.6000000238418579,0.43812379240989685,0,1,1,0.1378355622291565,0,0,0.21498757600784302,0,0,0.211061030626297,0,0,0.21019290387630463,3,0,0.22592194378376007
subject_02:sample_0000038,2,38,1,0,0,0,0,0.6352235674858093,0.34741178154945374,0.37789100408554077,0.6000000238418579,0.4368971884250641,0,1,1,0.13874390721321106,0,0,0.21420468389987946,0,0,0.21138745546340942,0,0,0.21037259697914124,3,0,0.22529032826423645
subject_02:sample_0000039,2,39,1,0,0,0,0,0.6349896788597107,0.3446047902107239,0.3793102502822876,0.6000000238418579,0.4362085163593292,0,1,1,0.13925282657146454,0,0,0.21373367309570312,0,0,0.21168464422225952,0,0,0.2106163203716278,3,0,0.22471152245998383
subject_02:sample_0000040,2,40,1,0,0,0,0,0.633998453617096,0.34005871415138245,0.38092559576034546,0.6000000238418579,0.4346710741519928,0,3,0,0.14001289010047913,0,0,0.21293635666370392,0,0,0.21196249127388,0,0,0.21087947487831116,3,0,0.2242078185081482
subject_02:sample_0000041,2,41,1,0,0,0,0,0.6330361366271973,0.3366704285144806,0.3819044828414917,0.6000000238418579,0.4333738684654236,0,3,0,0.1404583603143692,0,0,0.21233859658241272,0,0,0.21230532228946686,0,0,0.2112407386302948,3,0,0.22365598380565643
subject_02:sample_0000042,2,42,2,2,1,2,1,0.7426527142524719,0.48542505502700806,0.5878435373306274,0.800000011920929,0.5961971879005432,0,2,1,0.08364344388246536,2,1,0.21858787536621094,1,0,0.3479157090187073,2,1,0.06593001633882523,2,1,0.2839219868183136
subject_02:sample_0000043,2,43,2,2,1,2,1,0.7044395208358765,0.40900343656539917,0.5612616539001465,0.800000011920929,0.5448102951049805,0,2,1,0.08346196264028549,2,1,0.21832062304019928,1,0,0.3474436402320862,2,1,0.06588899344205856,2,1,0.2848838269710541
subject_02:sample_0000044,2,44,2,2,1,2,1,0.6924667358398438,0.38506019115448,0.5539906024932861,0.800000011920929,0.528619647026062,0,2,1,0.0835416242480278,2,1,0.21777503192424774,1,0,0.3463810980319977,2,1,0.0660075694322586,2,1,0.28629371523857117
subject_02:sample_0000045,2,45,2,2,1,2,1,0.7509558200836182,0.5020281672477722,0.5943468809127808,1.0,0.6073804497718811,0,2,1,0.08415131270885468,2,1,0.21764536201953888,2,1,0.3447663486003876,2,1,0.06650683283805847,2,1,0.286929190158844
subject_02:sample_0000046,2,46,2,2,1,2,1,0.8456788659095764,0.6914514899253845,0.689128041267395,1.0,0.7386221885681152,1,2,1,0.08541105687618256,2,1,0.21816451847553253,2,1,0.3404560387134552,2,1,0.06752830743789673,2,1,0.2884391248226166
subject_02:sample_0000047,2,47,2,2,1,2,1,0.8695829510688782,0.7392516136169434,0.720169186592102,1.0,0.7735931277275085,1,2,1,0.08645608276128769,2,1,0.21857057511806488,2,1,0.3378390669822693,2,1,0.0683358758687973,2,1,0.2887974679470062
subject_02:sample_0000048,2,48,2,2,1,2,1,0.9048117399215698,0.8096994161605835,0.7727558016777039,1.0,0.8272588849067688,1,2,1,0.08800683170557022,2,1,0.21914725005626678,2,1,0.334638386964798,2,1,0.06947985291481018,2,1,0.28872671723365784
subject_02:sample_0000049,2,49,2,2,1,2,1,0.9173526167869568,0.8347780704498291,0.7938375473022461,1.0,0.8471226692199707,1,2,1,0.08937561511993408,2,1,0.2192266434431076,2,1,0.3326669931411743,2,1,0.07040547579526901,2,1,0.28832435607910156
subject_02:sample_0000050,2,50,2,2,1,2,1,0.9138572216033936,0.8277903199195862,0.787807285785675,1.0,0.8415364027023315,1,2,1,0.08997941762208939,2,1,0.21862481534481049,2,1,0.3338196575641632,2,1,0.07069392502307892,2,1,0.2868812680244446
subject_02:sample_0000051,2,51,2,2,1,2,1,0.9061443209648132,0.8123688697814941,0.774904727935791,1.0,0.8293406963348389,1,2,1,0.09110774099826813,2,1,0.21822595596313477,2,1,0.3327168822288513,2,1,0.07127277553081512,2,1,0.28667569160461426
subject_02:sample_0000052,2,52,2,2,1,2,1,0.8835816383361816,0.7672528624534607,0.7399569749832153,1.0,0.7945671081542969,1,2,1,0.09182947129011154,2,1,0.21771836280822754,2,1,0.3322719633579254,2,1,0.07152415812015533,2,1,0.2866550087928772
subject_02:sample_0000053,2,53,2,2,1,2,1,0.8711650967597961,0.742424488067627,0.7222955822944641,1.0,0.7759300470352173,1,2,1,0.09239658713340759,2,1,0.21729841828346252,2,1,0.33186468482017517,2,1,0.07172178477048874,2,1,0.2867175340652466
subject_02:sample_0000054,2,54,2,2,1,2,1,0.8547142148017883,0.7095288038253784,0.7004108428955078,1.0,0.7517058253288269,1,2,1,0.09279482066631317,2,1,0.21691325306892395,2,1,0.3320329785346985,2,1,0.0717700719833374,2,1,0.2864879071712494
subject_02:sample_0000055,2,55,2,2,1,2,1,0.8905975818634033,0.7812881469726562,0.7503761649131775,1.0,0.805237352848053,1,2,1,0.09401758760213852,2,1,0.21751654148101807,2,1,0.3281190097332001,2,1,0.07254819571971893,2,1,0.2877977788448334
subject_02:sample_0000056,2,56,2,2,1,2,1,0.9192028641700745,0.8384924530982971,0.7969977259635925,1.0,0.8500722646713257,1,2,1,0.09578670561313629,2,1,0.21918362379074097,2,1,0.3212086856365204,2,1,0.07368850708007812,2,1,0.29013141989707947
subject_02:sample_0000057,2,57,2,2,1,2,1,0.9365787506103516,0.8732416033744812,0.8290780782699585,1.0,0.878532886505127,1,2,1,0.09756585955619812,2,1,0.22099511325359344,2,1,0.3144546151161194,2,1,0.07471146434545517,2,1,0.29227206110954285
subject_02:sample_0000058,2,58,2,2,1,2,1,0.9443120360374451,0.8887097835540771,0.844476580619812,1.0,0.8915677666664124,1,2,1,0.09918826818466187,2,1,0.22299428284168243,2,1,0.307777464389801,2,1,0.07563849538564682,2,1,0.29440057277679443
subject_02:sample_0000059,2,59,2,2,1,2,1,0.9577662944793701,0.9156168699264526,0.8733237385749817,1.0,0.9149194359779358,1,2,1,0.10207308828830719,2,1,0.22623230516910553,2,1,0.2960820198059082,2,1,0.07744333893060684,2,1,0.2981683015823364
subject_02:sample_0000060,2,60,2,2,1,2,1,0.9705036878585815,0.941085934638977,0.9036626219749451,1.0,0.9380174875259399,1,2,1,0.10507749021053314,2,1,0.23012864589691162,2,1,0.2829889953136444,2,1,0.07955019921064377,2,1,0.30225372314453125
subject_02:sample_0000061,2,61,2,2,1,2,1,0.9777683615684509,0.955610454082489,0.9227321743965149,1.0,0.9517675042152405,1,2,1,0.10819310694932938,2,1,0.23471161723136902,2,1,0.26791176199913025,2,1,0.0818357989192009,2,1,0.30734676122665405
subject_02:sample_0000062,2,62,2,2,1,2,1,0.9816676378250122,0.9634060859680176,0.9336653351783752,1.0,0.9593749642372131,1,2,1,0.11023874580860138,2,1,0.23757366836071014,2,1,0.2587815523147583,2,1,0.08330125361680984,2,1,0.3101038336753845
subject_02:sample_0000063,2,63,2,2,1,2,1,0.9843034148216248,0.9686744213104248,0.9414011240005493,1.0,0.9646294116973877,1,2,1,0.11154039949178696,2,1,0.23895354568958282,2,1,0.25394105911254883,2,1,0.08425161987543106,2,1,0.3113124668598175
subject_02:sample_0000064,2,64,2,2,1,2,1,0.9844386577606201,0.9689449071884155,0.9418057203292847,1.0,0.9649016261100769,1,2,1,0.11143472790718079,2,1,0.23853130638599396,2,1,0.25513601303100586,2,1,0.08415736258029938,2,1,0.3107396066188812
subject_02:sample_0000065,2,65,3,0,0,0,0,0.44164660573005676,0.10355037450790405,0.23470598459243774,0.4000000059604645,0.22058884799480438,0,0,0,0.23101405799388885,1,0,0.22843483090400696,2,0,0.16374072432518005,2,0,0.1665467470884323,0,0,0.21026268601417542
subject_02:sample_0000066,2,66,3,0,0,0,0,0.44180840253829956,0.10415917634963989,0.23464959859848022,0.4000000059604645,0.221029594540596,0,0,0,0.23101769387722015,1,0,0.22888146340847015,2,0,0.1632804125547409,2,0,0.16638821363449097,0,0,0.21043133735656738
subject_02:sample_0000067,2,67,3,0,0,0,0,0.4427100718021393,0.10628768801689148,0.23472750186920166,0.4000000059604645,0.22270095348358154,0,0,0,0.23147118091583252,1,0,0.2295140027999878,2,0,0.16221927106380463,2,0,0.16586284339427948,0,0,0.2109316885471344
subject_02:sample_0000068,2,68,3,0,0,0,0,0.443598210811615,0.10872608423233032,0.23470556735992432,0.4000000059604645,0.22453409433364868,0,0,0,0.23218391835689545,1,0,0.23043905198574066,2,0,0.16112081706523895,2,0,0.16510191559791565,0,0,0.21115334331989288
subject_02:sample_0000069,2,69,3,0,0,0,0,0.4443894028663635,0.1103021502494812,0.23486930131912231,0.4000000059604645,0.22580036520957947,0,0,0,0.23272539675235748,1,0,0.23079542815685272,2,0,0.16028663516044617,2,0,0.16476745903491974,0,0,0.21142414212226868
subject_02:sample_0000070,2,70,3,0,0,0,0,0.44585874676704407,0.11260488629341125,0.23536443710327148,0.4000000059604645,0.22777099907398224,0,0,0,0.23364049196243286,1,0,0.23073531687259674,2,0,0.15923956036567688,2,0,0.16437360644340515,0,0,0.21201008558273315
subject_02:sample_0000071,2,71,3,0,0,0,0,0.44711199402809143,0.11520266532897949,0.2356027364730835,0.4000000059604645,0.22980158030986786,0,0,0,0.2345466911792755,1,0,0.23146945238113403,2,0,0.15753790736198425,2,0,0.16404742002487183,0,0,0.2123975157737732
subject_02:sample_0000072,2,72,3,0,0,0,0,0.4481474459171295,0.11755597591400146,0.23574435710906982,0.4000000059604645,0.23158065974712372,0,0,0,0.23517067730426788,1,0,0.2322855442762375,2,0,0.15596534311771393,2,0,0.16374105215072632,0,0,0.2128363996744156
subject_02:sample_0000073,2,73,3,0,0,0,0,0.4496268630027771,0.12045308947563171,0.23609036207199097,0.4000000059604645,0.23383855819702148,0,0,0,0.23599688708782196,1,0,0.23289626836776733,2,0,0.1542106568813324,2,0,0.16337884962558746,0,0,0.21351635456085205
subject_02:sample_0000074,2,74,3,0,0,0,0,0.4513029456138611,0.12372800707817078,0.23649513721466064,0.4000000059604645,0.2363666146993637,0,0,0,0.23708057403564453,1,0,0.23338907957077026,2,0,0.15264160931110382,2,0,0.162758931517601,0,0,0.21412882208824158
subject_02:sample_0000075,2,75,3,0,0,0,0,0.4533001780509949,0.12746715545654297,0.23703527450561523,0.4000000059604645,0.2392575740814209,0,0,0,0.23850561678409576,1,0,0.2337886542081833,2,0,0.1508377343416214,2,0,0.16214439272880554,0,0,0.2147226631641388
subject_02:sample_0000076,2,76,3,0,0,0,0,0.45527321100234985,0.13022828102111816,0.23784399032592773,0.4000000059604645,0.241596058011055,0,0,0,0.23964011669158936,1,0,0.23384809494018555,2,0,0.14904728531837463,2,0,0.16188479959964752,0,0,0.21557870507240295
subject_02:sample_0000077,2,77,3,0,0,0,0,0.45740336179733276,0.13339674472808838,0.23867732286453247,0.4000000059604645,0.24420350790023804,0,0,0,0.24098923802375793,1,0,0.23423732817173004,2,0,0.14727209508419037,2,0,0.1611253172159195,0,0,0.2163749784231186
subject_02:sample_0000078,2,78,3,0,0,0,0,0.459537535905838,0.1357792317867279,0.2397533655166626,0.4000000059604645,0.2463994026184082,0,0,0,0.2422962784767151,1,0,0.234300896525383,2,0,0.14577360451221466,2,0,0.16041459143161774,0,0,0.21721374988555908
subject_02:sample_0000079,2,79,3,0,0,0,0,0.46145206689834595,0.1370055377483368,0.2410070300102234,0.4000000059604645,0.24791233241558075,0,0,0,0.24335333704948425,1,0,0.23398494720458984,2,0,0.14466753602027893,2,0,0.1599147766828537,0,0,0.2180784046649933
subject_02:sample_0000080,2,80,3,0,0,0,0,0.4625086784362793,0.1373574137687683,0.24181103706359863,0.4000000059604645,0.24858945608139038,0,0,0,0.24416399002075195,1,0,0.2342950403690338,2,0,0.14353662729263306,2,0,0.15967468917369843,0,0,0.21832868456840515
subject_02:sample_0000081,2,81,3,0,0,0,0,0.4642847180366516,0.1390382945537567,0.24284714460372925,0.4000000059604645,0.2502748966217041,0,0,0,0.24569429457187653,1,0,0.23445074260234833,2,0,0.142136350274086,2,0,0.15913596749305725,0,0,0.21858170628547668
subject_02:sample_0000082,2,82,3,0,0,0,0,0.4653129279613495,0.13916611671447754,0.24372488260269165,0.4000000059604645,0.2508377134799957,0,0,0,0.24661435186862946,1,0,0.23438215255737305,2,0,0.14108489453792572,2,0,0.15922319889068604,0,0,0.21869446337223053
subject_02:sample_0000083,2,83,3,0,0,0,0,0.4670822024345398,0.14115068316459656,0.24468791484832764,0.4000000059604645,0.2526753544807434,0,0,0,0.2481527477502823,1,0,0.23408626019954681,2,0,0.13973097503185272,2,0,0.15909714996814728,0,0,0.21893194317817688
subject_02:sample_0000084,2,84,3,0,0,0,0,0.46846261620521545,0.142672598361969,0.24545693397521973,0.4000000059604645,0.2540954649448395,0,0,0,0.24932332336902618,1,0,0.2341793030500412,2,0,0.13839145004749298,2,0,0.15895633399486542,0,0,0.21914857625961304
subject_02:sample_0000085,2,85,3,0,0,0,0,0.46914786100387573,0.1438741385936737,0.24569416046142578,0.4000000059604645,0.2550130784511566,0,0,0,0.25000473856925964,1,0,0.2344454824924469,2,0,0.1374174952507019,2,0,0.1589740812778473,0,0,0.2191571593284607
subject_02:sample_0000086,2,86,3,0,0,0,0,0.46981772780418396,0.1444103717803955,0.24613934755325317,0.4000000059604645,0.25560513138771057,0,0,0,0.25053855776786804,1,0,0.23465973138809204,2,0,0.13655292987823486,2,0,0.15894970297813416,0,0,0.2192980945110321
subject_02:sample_0000087,2,87,3,0,0,0,0,0.4704495072364807,0.14498820900917053,0.24653756618499756,0.4000000059604645,0.25619831681251526,0,0,0,0.25108087062835693,1,0,0.23483338952064514,2,0,0.135904923081398,2,0,0.15878766775131226,0,0,0.21939215064048767
subject_02:sample_0000088,2,88,3,0,0,0,0,0.4705798029899597,0.14517325162887573,0.24659812450408936,0.4000000059604645,0.25635191798210144,0,0,0,0.2512810528278351,1,0,0.2348763346672058,2,0,0.135639950633049,2,0,0.15887689590454102,0,0,0.21932478249073029
subject_02:sample_0000089,2,89,3,0,0,0,0,0.470927357673645,0.14472031593322754,0.24708104133605957,0.4000000059604645,0.2563151717185974,0,0,0,0.2515551447868347,1,0,0.23457369208335876,2,0,0.13519644737243652,2,0,0.15927283465862274,0,0,0.21940088272094727
subject_02:sample_0000090,2,90,3,0,0,0,0,0.4714351296424866,0.14539667963981628,0.24733269214630127,0.4000000059604645,0.25689321756362915,0,0,0,0.25216731429100037,1,0,0.2346590757369995,2,0,0.1345868706703186,2,0,0.15928442776203156,0,0,0.21930138766765594
subject_02:sample_0000091,2,91,3,0,0,0,0,0.4739804267883301,0.15158268809318542,0.24765759706497192,0.4000000059604645,0.2610681354999542,0,0,0,0.2543765604496002,1,0,0.23444443941116333,2,0,0.1342206597328186,2,0,0.15731263160705566,0,0,0.2196447253227234
subject_02:sample_0000092,2,92,3,0,0,0,0,0.47557252645492554,0.1555856168270111,0.2478400468826294,0.4000000059604645,0.2637055218219757,0,0,0,0.25580164790153503,1,0,0.2341821938753128,2,0,0.1341238170862198,2,0,0.1560753583908081,0,0,0.21981602907180786
subject_02:sample_0000093,2,93,3,0,0,0,0,0.47681528329849243,0.15870684385299683,0.24799680709838867,0.4000000059604645,0.26574429869651794,0,0,0,0.25693172216415405,1,0,0.23375627398490906,2,0,0.1341545283794403,2,0,0.15522415935993195,0,0,0.21993239223957062
subject_02:sample_0000094,2,94,3,0,0,0,0,0.4779263436794281,0.1618509590625763,0.2480376958847046,0.4000000059604645,0.26771003007888794,0,0,0,0.2580364942550659,1,0,0.23341020941734314,2,0,0.13434335589408875,2,0,0.15426616370677948,0,0,0.2199428230524063
subject_02:sample_0000095,2,95,3,0,0,0,0,0.4788094460964203,0.16447648406028748,0.24804222583770752,0.4000000059604645,0.2693171501159668,0,0,0,0.25890350341796875,1,0,0.23293432593345642,2,0,0.13462752103805542,2,0,0.15357095003128052,0,0,0.21996276080608368
subject_02:sample_0000096,2,96,3,0,0,0,0,0.4787285327911377,0.16639453172683716,0.24740296602249146,0.4000000059604645,0.2701123356819153,0,0,0,0.25925931334495544,1,0,0.2332753986120224,2,0,0.13488031923770905,2,0,0.15305747091770172,0,0,0.2195264995098114
subject_02:sample_0000097,2,97,3,0,0,0,0,0.4782533049583435,0.1678900122642517,0.2465624213218689,0.4000000059604645,0.27052241563796997,0,0,0,0.25926637649536133,1,0,0.2342057079076767,2,0,0.13505257666110992,2,0,0.15243111550807953,0,0,0.21904325485229492
subject_02:sample_0000098,2,98,3,0,0,0,0,0.4769793748855591,0.1683616042137146,0.2453474998474121,0.4000000059604645,0.2700897455215454,0,0,0,0.25872889161109924,1,0,0.23579590022563934,2,0,0.13522006571292877,2,0,0.1519499272108078,0,0,0.21830427646636963
subject_02:sample_0000099,2,99,3,0,0,0,0,0.47584274411201477,0.1694866120815277,0.24412119388580322,0.4000000059604645,0.2700234055519104,0,0,0,0.25842875242233276,1,0,0.237981915473938,2,0,0.1350354701280594,2,0,0.15108506381511688,0,0,0.21746782958507538
subject_02:sample_0000100,2,100,3,0,0,0,0,0.47449642419815063,0.16938814520835876,0.24306529760360718,0.4000000059604645,0.2693268358707428,0,0,0,0.25789183378219604,1,0,0.24036218225955963,2,0,0.13476867973804474,2,0,0.15031826496124268,0,0,0.2166581004858017
subject_02:sample_0000101,2,101,3,0,0,0,0,0.47262656688690186,0.16747912764549255,0.2420438528060913,0.4000000059604645,0.2675824463367462,0,0,0,0.25702375173568726,1,0,0.2422778606414795,2,0,0.13496071100234985,2,0,0.15008196234703064,0,0,0.21565474569797516
subject_02:sample_0000102,2,102,3,0,0,0,0,0.47108930349349976,0.16575410962104797,0.24124926328659058,0.4000000059604645,0.2660793662071228,0,0,0,0.2563962936401367,1,0,0.243866965174675,2,0,0.13515695929527283,2,0,0.14983418583869934,0,0,0.2147446870803833
subject_02:sample_0000103,2,103,3,0,0,0,0,0.4697532057762146,0.16335201263427734,0.24076342582702637,0.4000000059604645,0.2643594741821289,0,0,0,0.2559415102005005,1,0,0.2459028661251068,2,0,0.1351446807384491,2,0,0.149145245552063,0,0,0.21386471390724182
subject_02:sample_0000104,2,104,3,0,0,0,0,0.4682127833366394,0.15790382027626038,0.2408347725868225,0.4000000059604645,0.26112696528434753,0,0,0,0.2553113102912903,1,0,0.24855591356754303,2,0,0.13481523096561432,2,0,0.14836129546165466,0,0,0.2129553258419037
subject_02:sample_0000105,2,105,3,0,0,0,0,0.46662408113479614,0.14396950602531433,0.24331605434417725,0.4000000059604645,0.2537870407104492,0,0,0,0.2546987235546112,1,0,0.25121599435806274,2,0,0.13439318537712097,2,0,0.14771077036857605,0,0,0.211980402469635
subject_02:sample_0000106,2,106,3,0,0,2,0,0.46486273407936096,0.1147392988204956,0.2527065873146057,0.4000000059604645,0.23798586428165436,0,0,0,0.2539805471897125,1,0,0.25322505831718445,2,0,0.13422222435474396,2,0,0.14763367176055908,0,0,0.21093757450580597
subject_02:sample_0000107,2,107,3,0,0,2,0,0.4646122455596924,0.07655176520347595,0.27436888217926025,0.4000000059604645,0.21369460225105286,0,0,0,0.25439193844795227,1,0,0.2539539337158203,2,0,0.13385304808616638,2,0,0.14751896262168884,0,0,0.21028122305870056
subject_02:sample_0000108,2,108,3,0,0,2,0,0.4652383327484131,0.0396934449672699,0.3062303066253662,0.4000000059604645,0.17816162109375,0,0,0,0.25546273589134216,2,0,0.25373369455337524,2,0,0.13343127071857452,2,0,0.14752544462680817,0,0,0.2098458856344223
subject_02:sample_0000109,2,109,3,0,0,2,0,0.4658389389514923,0.006735563278198242,0.34504133462905884,0.4000000059604645,0.10268183797597885,0,0,0,0.2563410699367523,2,0,0.2531846761703491,2,0,0.1332600861787796,2,0,0.14763692021369934,0,0,0.20957618951797485
subject_02:sample_0000110,2,110,3,2,0,2,0,0.48556116223335266,0.01904645562171936,0.38511526584625244,0.6000000238418579,0.15271542966365814,0,0,0,0.25718235969543457,2,0,0.2525639235973358,2,0,0.13298408687114716,2,0,0.14784957468509674,0,0,0.2094191312789917
subject_02:sample_0000111,2,111,3,2,0,2,0,0.5013478398323059,0.03358912467956543,0.4162379503250122,0.6000000238418579,0.19137848913669586,0,0,0,0.2583351731300354,2,0,0.25158971548080444,2,0,0.13262790441513062,2,0,0.1479247510433197,0,0,0.20952148735523224
subject_02:sample_0000112,2,112,3,2,0,2,0,0.5074828863143921,0.03893399238586426,0.4307684898376465,0.6000000238418579,0.20417287945747375,0,0,0,0.258939653635025,2,0,0.2509298324584961,2,0,0.1325017660856247,2,0,0.14791569113731384,0,0,0.20971204340457916
subject_02:sample_0000113,2,113,3,2,0,2,0,0.5101785659790039,0.04091751575469971,0.43842995166778564,0.6000000238418579,0.20917537808418274,0,0,0,0.2594950199127197,2,0,0.25048914551734924,2,0,0.13232102990150452,2,0,0.14781983196735382,0,0,0.2098739892244339
subject_02:sample_0000114,2,114,0,0,1,1,0,0.6474847197532654,0.29741427302360535,0.5209523439407349,0.6000000238418579,0.4646540582180023,0,0,1,0.237212136387825,0,1,0.19374942779541016,1,0,0.17834487557411194,1,0,0.17737038433551788,0,1,0.21332217752933502
subject_02:sample_0000115,2,115,0,0,1,1,0,0.6472567915916443,0.2970024347305298,0.5206985473632812,0.6000000238418579,0.46430957317352295,0,0,1,0.23753322660923004,0,1,0.19403837621212006,1,0,0.17794384062290192,1,0,0.17731308937072754,0,1,0.21317052841186523
subject_02:sample_0000116,2,116,0,0,1,1,0,0.6459605693817139,0.2944680154323578,0.5199253559112549,0.6000000238418579,0.4624467194080353,0,0,1,0.23781923949718475,0,1,0.1944257616996765,1,0,0.1776750236749649,1,0,0.17714518308639526,0,1,0.21293383836746216
subject_02:sample_0000117,2,117,0,0,1,1,0,0.6427649259567261,0.2881855070590973,0.5181524157524109,0.6000000238418579,0.4578542411327362,0,0,1,0.2385203093290329,0,1,0.19486863911151886,1,0,0.1774464249610901,1,0,0.17676426470279694,0,1,0.2123994529247284
subject_02:sample_0000118,2,118,0,0,1,1,0,0.6387287974357605,0.2802818715572357,0.5158571004867554,0.6000000238418579,0.4520089030265808,0,0,1,0.23946432769298553,0,1,0.19513317942619324,1,0,0.17727676033973694,1,0,0.1763470470905304,0,1,0.2117776721715927
subject_02:sample_0000119,2,119,0,0,1,1,0,0.6333522796630859,0.26974496245384216,0.5129076838493347,0.6000000238418579,0.4441666305065155,0,0,1,0.24042527377605438,0,1,0.19557525217533112,1,0,0.17716550827026367,1,0,0.1758204698562622,0,1,0.21101263165473938
subject_02:sample_0000120,2,120,0,0,1,1,0,0.6261677742004395,0.2556784451007843,0.5090692043304443,0.6000000238418579,0.4335646629333496,0,0,1,0.2414391189813614,0,1,0.19571782648563385,1,0,0.17721803486347198,1,0,0.17533594369888306,0,1,0.2102881371974945
subject_02:sample_0000121,2,121,0,0,1,1,0,0.619274377822876,0.24214547872543335,0.5056631565093994,0.6000000238418579,0.4232597351074219,0,0,1,0.24218392372131348,0,1,0.195766881108284,1,0,0.17733527719974518,1,0,0.17492011189460754,0,1,0.20979289710521698
subject_02:sample_0000122,2,122,0,0,1,1,0,0.6085178852081299,0.22105613350868225,0.5005577802658081,0.6000000238418579,0.40682727098464966,0,0,1,0.24287837743759155,0,1,0.19595643877983093,1,0,0.17732636630535126,1,0,0.17458149790763855,0,1,0.2092563360929489
subject_02:sample_0000123,2,123,0,0,1,1,0,0.591387927532196,0.18772536516189575,0.49237096309661865,0.6000000238418579,0.37951532006263733,0,0,1,0.24384596943855286,0,1,0.195893332362175,1,0,0.17789272964000702,1,0,0.17408962547779083,0,1,0.2082774043083191
subject_02:sample_0000124,2,124,0,0,1,1,0,0.5572444796562195,0.12146812677383423,0.47836464643478394,0.6000000238418579,0.31872960925102234,0,0,1,0.2449546903371811,0,1,0.19593912363052368,1,0,0.1780579686164856,1,0,0.17360663414001465,0,1,0.20744062960147858
subject_02:sample_0000125,2,125,0,0,1,1,0,0.4979228377342224,0.00584140419960022,0.46408212184906006,0.6000000238418579,0.11051587760448456,0,0,1,0.2458907961845398,0,1,0.1956341415643692,1,0,0.17887505888938904,1,0,0.17329156398773193,0,1,0.206307515501976
subject_02:sample_0000126,2,126,0,1,0,1,0,0.5684037804603577,0.14943131804466248,0.46503353118896484,0.800000011920929,0.3405604660511017,0,0,1,0.2459922879934311,1,0,0.19533991813659668,1,0,0.18054792284965515,1,0,0.17315709590911865,1,0,0.20496177673339844
subject_02:sample_0000127,2,127,0,1,0,1,0,0.6287092566490173,0.2708650231361389,0.48183029890060425,0.800000011920929,0.43454253673553467,0,0,1,0.24546225368976593,1,0,0.1955857127904892,1,0,0.18175677955150604,1,0,0.1732693910598755,1,0,0.20392481982707977
subject_02:sample_0000128,2,128,0,1,0,1,0,0.6852792501449585,0.38331732153892517,0.5115692615509033,0.800000011920929,0.5122045874595642,0,0,1,0.24294467270374298,1,0,0.19657011330127716,1,0,0.18347285687923431,1,0,0.17390118539333344,1,0,0.20311015844345093
subject_02:sample_0000129,2,129,0,1,0,1,0,0.7226005792617798,0.4567430913448334,0.5387725830078125,0.800000011920929,0.5623309016227722,0,0,1,0.23760931193828583,1,0,0.19778886437416077,1,0,0.18683256208896637,1,0,0.1750807762145996,1,0,0.20268750190734863
subject_02:sample_0000130,2,130,0,1,0,1,0,0.7463654279708862,0.5046239495277405,0.5561515092849731,0.800000011920929,0.593887448310852,0,0,1,0.23130790889263153,1,0,0.1989775449037552,1,0,0.1904122680425644,1,0,0.17661114037036896,1,0,0.20269012451171875
subject_02:sample_0000131,2,131,0,1,0,1,0,0.7734322547912598,0.57684326171875,0.549062967300415,0.800000011920929,0.6257017850875854,0,0,1,0.22477711737155914,1,0,0.20011313259601593,1,0,0.19410941004753113,1,0,0.17816388607025146,1,0,0.20283545553684235
subject_02:sample_0000132,2,132,0,1,0,1,0,0.847068190574646,0.7700799703598022,0.6130993366241455,1.0,0.7367638945579529,1,1,0,0.21833038330078125,1,0,0.2010878026485443,1,0,0.19757495820522308,1,0,0.17955586314201355,1,0,0.2034500241279602
subject_02:sample_0000133,2,133,0,1,0,1,0,0.9151764512062073,0.8435471653938293,0.7625192403793335,1.0,0.8380855321884155,1,1,0,0.21146278083324432,1,0,0.20209340751171112,1,0,0.2007889598608017,1,0,0.18114635348320007,1,0,0.20450752973556519
subject_02:sample_0000134,2,134,0,1,0,1,0,0.9436392188072205,0.8905758261680603,0.83346027135849,1.0,0.8880837559700012,1,1,0,0.20546935498714447,1,0,0.20287711918354034,1,0,0.2030739039182663,1,0,0.18279176950454712,1,0,0.20578694343566895
subject_02:sample_0000135,2,135,0,1,0,1,0,0.9578359127044678,0.9173099994659424,0.868168830871582,1.0,0.9137004017829895,1,1,0,0.19979983568191528,1,0,0.2037292867898941,1,0,0.2049725204706192,1,0,0.18424607813358307,1,0,0.20725131034851074
subject_02:sample_0000136,2,136,0,1,0,1,0,0.9665789604187012,0.9343607425689697,0.8900358080863953,1.0,0.9297934174537659,1,1,0,0.19481977820396423,1,0,0.20475919544696808,1,0,0.20595526695251465,1,0,0.1854528933763504,1,0,0.20901192724704742
subject_02:sample_0000137,2,137,0,1,0,1,0,0.9714072942733765,0.943885326385498,0.9025737643241882,1.0,0.9388605356216431,1,1,0,0.19032593071460724,1,0,0.20622612535953522,1,0,0.20677721500396729,1,0,0.18647386133670807,1,0,0.21019595861434937
subject_02:sample_0000138,2,138,0,1,0,1,0,0.9746272563934326,0.9503045082092285,0.9111074805259705,1.0,0.9449822306632996,1,1,0,0.18593616783618927,1,0,0.20768854022026062,1,0,0.20768855512142181,1,0,0.18739114701747894,1,0,0.21129459142684937
subject_02:sample_0000139,2,139,0,1,0,1,0,0.9765697717666626,0.9542223215103149,0.9163016676902771,1.0,0.948703408241272,1,1,0,0.18171747028827667,1,0,0.20901893079280853,1,0,0.2086440473794937,1,0,0.1882404386997223,1,0,0.21237808465957642
subject_02:sample_0000140,2,140,0,1,0,1,0,0.9775265455245972,0.9562056064605713,0.9187843799591064,1.0,0.9505270719528198,1,1,0,0.1780330091714859,1,0,0.21020233631134033,1,0,0.21008779108524323,1,0,0.1888294219970703,1,0,0.2128465622663498
subject_02:sample_0000141,2,141,0,1,0,1,0,0.9783632755279541,0.9579871892929077,0.9208855628967285,1.0,0.9521129727363586,1,1,0,0.17409467697143555,1,0,0.2112276405096054,1,0,0.21211525797843933,1,0,0.18938545882701874,1,0,0.2131759375333786
subject_02:sample_0000142,2,142,0,1,0,1,0,0.9786200523376465,0.9585932493209839,0.9214218854904175,1.0,0.9525819420814514,1,1,0,0.171294167637825,1,0,0.21229657530784607,1,0,0.21310564875602722,1,0,0.18994997441768646,1,0,0.21335269510746002
subject_02:sample_0000143,2,143,0,1,0,1,0,0.9787364602088928,0.9589217901229858,0.9215553402900696,1.0,0.9527745246887207,1,1,0,0.16894245147705078,1,0,0.21299080550670624,1,0,0.21415767073631287,1,0,0.19035325944423676,1,0,0.21355485916137695
subject_02:sample_0000144,2,144,0,1,0,1,0,0.9783620834350586,0.9582275748252869,0.9203906655311584,1.0,0.9520216584205627,1,1,0,0.16761928796768188,1,0,0.21336504817008972,1,0,0.2144588679075241,1,0,0.19078205525875092,1,0,0.21377375721931458
subject_02:sample_0000145,2,145,0,1,0,1,0,0.9782350063323975,0.9580106139183044,0.91995769739151,1.0,0.9517593383789062,1,1,0,0.16681160032749176,1,0,0.2135714590549469,1,0,0.2148350030183792,1,0,0.1909184455871582,1,0,0.21386253833770752
subject_02:sample_0000146,2,146,2,2,1,2,1,0.6836785078048706,0.36760345101356506,0.5483423471450806,0.800000011920929,0.5165286064147949,0,2,1,0.13634991645812988,2,1,0.31651395559310913,2,1,0.12057710438966751,1,0,0.19091998040676117,2,1,0.23563803732395172
subject_02:sample_0000147,2,147,2,2,1,2,1,0.6598612070083618,0.320001482963562,0.5358519554138184,0.6000000238418579,0.483670711517334,0,2,1,0.1360892355442047,2,1,0.3167515695095062,2,1,0.11998104304075241,1,0,0.19125103950500488,1,0,0.23592618107795715
subject_02:sample_0000148,2,148,2,2,1,2,1,0.6256834268569946,0.25164926052093506,0.5213274955749512,0.6000000238418579,0.4345972537994385,0,2,1,0.13591989874839783,2,1,0.3165624141693115,2,1,0.11959455907344818,1,0,0.19166068732738495,1,0,0.23626147210597992
subject_02:sample_0000149,2,149,2,2,1,2,1,0.5859639048576355,0.17221486568450928,0.5089635848999023,0.6000000238418579,0.37171438336372375,0,2,1,0.13565890491008759,2,1,0.316097617149353,2,1,0.11896919459104538,1,0,0.19226007163524628,1,0,0.23701326549053192
subject_02:sample_0000150,2,150,2,2,1,2,1,0.5538200736045837,0.10800492763519287,0.5020145177841187,0.6000000238418579,0.31082040071487427,0,2,1,0.13520775735378265,2,1,0.3160565495491028,2,1,0.11844121664762497,1,0,0.1926184445619583,1,0,0.23767507076263428
subject_02:sample_0000151,2,151,2,2,1,2,1,0.5218477249145508,0.04438766837120056,0.4968836307525635,0.6000000238418579,0.22578075528144836,0,2,1,0.13451048731803894,2,1,0.31651294231414795,2,1,0.11762604862451553,1,0,0.19296978414058685,1,0,0.23837976157665253
subject_02:sample_0000152,2,152,2,2,1,2,1,0.5016599297523499,0.0047956109046936035,0.49269628524780273,0.6000000238418579,0.10583051294088364,0,2,1,0.13283808529376984,2,1,0.31727683544158936,2,1,0.11631319671869278,1,0,0.19398267567157745,1,0,0.23958829045295715
subject_02:sample_0000153,2,153,2,2,1,2,1,0.4987768232822418,0.0005693733692169189,0.48665910959243774,0.6000000238418579,0.05170224979519844,0,2,1,0.1313154697418213,2,1,0.3173232078552246,2,1,0.11544173955917358,1,0,0.19511084258556366,1,0,0.24080777168273926
subject_02:sample_0000154,2,154,2,2,1,2,1,0.4991062581539154,0.002996891736984253,0.4804611802101135,0.6000000238418579,0.08957237750291824,0,2,1,0.13001364469528198,2,1,0.3164263963699341,2,1,0.11518877744674683,1,0,0.19640995562076569,1,0,0.24196024239063263
subject_02:sample_0000155,2,155,2,1,0,2,1,0.49923205375671387,0.007272928953170776,0.46796971559524536,0.4000000059604645,0.11932821571826935,0,2,1,0.12883341312408447,2,1,0.315639466047287,2,1,0.11494941264390945,1,0,0.19758474826812744,1,0,0.24299201369285583
subject_02:sample_0000156,2,156,2,1,0,2,1,0.4944707751274109,0.0018152892589569092,0.45672857761383057,0.4000000059604645,0.07428734749555588,0,2,1,0.12734045088291168,2,1,0.3140453100204468,2,1,0.11451511830091476,1,0,0.19941352307796478,1,0,0.24468474090099335
subject_02:sample_0000157,2,157,2,2,1,2,1,0.48964232206344604,0.00018724799156188965,0.4371429681777954,0.6000000238418579,0.034222088754177094,0,2,1,0.12630151212215424,2,1,0.31172075867652893,2,1,0.11444800347089767,1,0,0.20112712681293488,1,0,0.2464015930891037
subject_02:sample_0000158,2,158,2,1,0,2,1,0.49428650736808777,0.012671828269958496,0.43010377883911133,0.4000000059604645,0.13914376497268677,0,2,1,0.12549808621406555,2,1,0.3092547357082367,2,1,0.1144062727689743,1,0,0.20274381339550018,1,0,0.24809616804122925
subject_02:sample_0000159,2,159,2,1,0,2,1,0.5029475688934326,0.023257583379745483,0.4456373453140259,0.4000000059604645,0.17338955402374268,0,2,1,0.12479676306247711,2,1,0.30657440423965454,2,1,0.11499571800231934,1,0,0.20424088835716248,1,0,0.24939130246639252
subject_02:sample_0000160,2,160,2,1,0,2,1,0.5022798776626587,0.015095174312591553,0.46313679218292236,0.4000000059604645,0.15199561417102814,0,2,1,0.12426456063985825,2,1,0.3038063943386078,2,1,0.11497809737920761,1,0,0.20605327188968658,1,0,0.25089675188064575
subject_02:sample_0000161,2,161,2,1,0,2,1,0.5014235973358154,0.010709553956985474,0.4707924723625183,0.4000000059604645,0.13622866570949554,0,2,1,0.12380393594503403,2,1,0.30215954780578613,2,1,0.11512039601802826,1,0,0.20709234476089478,1,0,0.251822829246521
subject_02:sample_0000162,2,162,2,1,0,2,1,0.4969463348388672,0.0005593001842498779,0.4743979573249817,0.4000000059604645,0.05089780315756798,0,2,1,0.12322543561458588,2,1,0.30122214555740356,2,1,0.11475454270839691,1,0,0.2079693078994751,1,0,0.25282758474349976
subject_02:sample_0000163,2,163,2,1,0,2,1,0.49699312448501587,0.0004763007164001465,0.47494882345199585,0.4000000059604645,0.048264309763908386,0,2,1,0.12283015251159668,2,1,0.30058151483535767,2,1,0.11428986489772797,1,0,0.2087019383907318,1,0,0.2535955607891083
subject_02:sample_0000164,2,164,2,2,1,2,1,0.5017691254615784,0.009671062231063843,0.4761083722114563,0.6000000238418579,0.13219892978668213,0,2,1,0.1224626675248146,2,1,0.3001222610473633,2,1,0.11378218978643417,1,0,0.2092597633600235,1,0,0.25437214970588684
subject_02:sample_0000165,2,165,2,2,1,2,1,0.5013436675071716,0.008729636669158936,0.47638916969299316,0.6000000238418579,0.12775105237960815,0,2,1,0.12187667191028595,2,1,0.30043140053749084,2,1,0.1130107194185257,1,0,0.2097606658935547,1,0,0.2549195885658264
subject_02:sample_0000166,2,166,2,2,1,2,1,0.5023013949394226,0.00807797908782959,0.4850234389305115,0.6000000238418579,0.12531697750091553,0,2,1,0.12148641049861908,2,1,0.29973626136779785,2,1,0.11258212476968765,1,0,0.21066062152385712,1,0,0.2555336058139801
subject_02:sample_0000167,2,167,2,2,1,2,1,0.5003089308738708,0.0036644935607910156,0.4865606427192688,0.6000000238418579,0.0962638109922409,0,2,1,0.12119070440530777,2,1,0.3002181649208069,2,1,0.11226559430360794,1,0,0.2107378989458084,1,0,0.2555866837501526
subject_02:sample_0000168,2,168,0,0,1,0,1,0.8123277425765991,0.6269979476928711,0.6425693035125732,0.800000011920929,0.68913733959198,0,0,1,0.19115938246250153,0,1,0.18556855618953705,0,1,0.20761799812316895,3,0,0.18398194015026093,0,1,0.23167121410369873
subject_02:sample_0000169,2,169,0,0,1,0,1,0.8124451637268066,0.6274668574333191,0.6419603824615479,0.800000011920929,0.6891245245933533,0,0,1,0.1914302110671997,0,1,0.1858700066804886,0,1,0.2078961580991745,3,0,0.18335595726966858,0,1,0.23144671320915222
subject_02:sample_0000170,2,170,0,0,1,0,1,0.813356876373291,0.6293760538101196,0.6426700353622437,0.800000011920929,0.6903348565101624,0,0,1,0.1916406899690628,0,1,0.18643595278263092,0,1,0.20828600227832794,3,0,0.182143896818161,0,1,0.2314925193786621
subject_02:sample_0000171,2,171,0,0,1,0,1,0.8143495917320251,0.6312862038612366,0.6439670920372009,0.800000011920929,0.6917783617973328,0,0,1,0.19158029556274414,0,1,0.18735598027706146,0,1,0.208288311958313,3,0,0.18110056221485138,0,1,0.23167385160923004
subject_02:sample_0000172,2,172,0,0,1,0,1,0.8150762319564819,0.6329476237297058,0.6441118717193604,0.800000011920929,0.6926424503326416,0,0,1,0.19191141426563263,0,1,0.18814882636070251,0,1,0.2084510624408722,3,0,0.17980217933654785,0,1,0.23168563842773438
subject_02:sample_0000173,2,173,0,0,1,0,1,0.8164014220237732,0.6360481381416321,0.6442105174064636,0.800000011920929,0.694182813167572,0,0,1,0.19269275665283203,0,1,0.18901073932647705,0,1,0.20925307273864746,3,0,0.17721807956695557,0,1,0.2318243682384491
subject_02:sample_0000174,2,174,0,0,1,0,1,0.818199872970581,0.6398407816886902,0.6456088423728943,0.800000011920929,0.6965734958648682,0,0,1,0.19317908585071564,0,1,0.19004550576210022,0,1,0.21006321907043457,3,0,0.1745212972164154,0,1,0.23218990862369537
subject_02:sample_0000175,2,175,0,0,1,0,1,0.8192405700683594,0.6426299810409546,0.6447767019271851,0.800000011920929,0.6975798606872559,0,0,1,0.19418060779571533,0,1,0.19100455939769745,0,1,0.21140114963054657,3,0,0.1711866855621338,0,1,0.23222605884075165
subject_02:sample_0000176,2,176,0,0,1,0,1,0.820583701133728,0.6454265117645264,0.645967960357666,0.800000011920929,0.6994020342826843,0,0,1,0.194611594080925,0,1,0.19185657799243927,0,1,0.21200929582118988,3,0,0.169224813580513,0,1,0.23229674994945526
subject_02:sample_0000177,2,177,0,0,1,0,1,0.8206890821456909,0.6457862854003906,0.645685076713562,0.800000011920929,0.6994597911834717,0,0,1,0.19462817907333374,0,1,0.1926262527704239,0,1,0.2120363414287567,3,0,0.16889920830726624,0,1,0.23180903494358063
subject_02:sample_0000178,2,178,0,0,1,0,1,0.8214821815490723,0.6472209692001343,0.646978497505188,0.800000011920929,0.7006700038909912,1,0,1,0.19436466693878174,0,1,0.19338880479335785,0,1,0.21200795471668243,3,0,0.1687929779291153,0,1,0.23144467175006866
subject_02:sample_0000179,2,179,0,0,1,0,1,0.8223081827163696,0.6487487554550171,0.6482425928115845,0.800000011920929,0.7019123435020447,1,0,1,0.19417640566825867,0,1,0.19408927857875824,0,1,0.212018683552742,3,0,0.16861476004123688,0,1,0.23110000789165497
subject_02:sample_0000180,2,180,0,0,1,0,1,0.8232100009918213,0.6500917077064514,0.6505270600318909,0.800000011920929,0.7034775018692017,1,0,1,0.19368135929107666,0,1,0.19495925307273865,0,1,0.21148398518562317,3,0,0.16907237470149994,0,1,0.23080208897590637
subject_02:sample_0000181,2,181,0,0,1,0,1,0.8241057395935059,0.6512753367424011,0.6532765626907349,0.800000011920929,0.7051500082015991,1,0,1,0.1930159032344818,0,1,0.19562087953090668,0,1,0.2107916623353958,3,0,0.16986453533172607,0,1,0.2307060956954956
subject_02:sample_0000182,2,182,0,0,1,0,1,0.8242717385292053,0.6510903835296631,0.6550134420394897,0.800000011920929,0.7057549357414246,1,0,1,0.1922440230846405,0,1,0.19613690674304962,0,1,0.20998500287532806,3,0,0.1711505651473999,0,1,0.2304825633764267
subject_02:sample_0000183,2,183,0,0,1,0,1,0.8238240480422974,0.6498503684997559,0.655585765838623,0.800000011920929,0.7053842544555664,1,0,1,0.19148702919483185,0,1,0.19675160944461823,0,1,0.2093014121055603,3,0,0.17248985171318054,0,1,0.22996921837329865
subject_02:sample_0000184,2,184,0,0,1,0,1,0.8220106959342957,0.6460700035095215,0.6540561318397522,0.800000011920929,0.7029493451118469,1,0,1,0.19070246815681458,0,1,0.19675928354263306,0,1,0.20852228999137878,3,0,0.1749253123998642,0,1,0.22908970713615417
subject_02:sample_0000185,2,185,0,0,1,0,1,0.8197640776634216,0.6414817571640015,0.6518830060958862,0.800000011920929,0.6998649835586548,0,0,1,0.1899099498987198,0,1,0.19676093757152557,0,1,0.20761016011238098,3,0,0.1775723099708557,0,1,0.22814567387104034
subject_02:sample_0000186,2,186,0,0,1,0,1,0.8180646896362305,0.638099193572998,0.6499708890914917,0.800000011920929,0.6974663734436035,0,0,1,0.18941660225391388,0,1,0.19684401154518127,0,1,0.2069392204284668,3,0,0.17943720519542694,0,1,0.22736196219921112
subject_02:sample_0000187,2,187,0,0,1,0,1,0.8161576390266418,0.6342331171035767,0.6480712294578552,0.800000011920929,0.694835364818573,0,0,1,0.18862083554267883,0,1,0.19694051146507263,0,1,0.20627619326114655,3,0,0.18155565857887268,0,1,0.22660577297210693
subject_02:sample_0000188,2,188,0,0,1,0,1,0.8137506246566772,0.6295186877250671,0.6451547741889954,0.800000011920929,0.6913871169090271,0,0,1,0.1879296451807022,0,1,0.19673193991184235,0,1,0.20575818419456482,3,0,0.18396206200122833,0,1,0.2256171554327011
subject_02:sample_0000189,2,189,0,0,1,0,1,0.8110978603363037,0.6242756843566895,0.642127275466919,0.800000011920929,0.6876333355903625,0,0,1,0.18714594841003418,0,1,0.1964731067419052,0,1,0.2051839828491211,3,0,0.18661947548389435,0,1,0.22457648813724518
subject_02:sample_0000190,2,190,0,0,1,0,1,0.8088538646697998,0.6201447248458862,0.6386213302612305,0.800000011920929,0.6842300891876221,0,0,1,0.1867477297782898,0,1,0.19605225324630737,0,1,0.20500542223453522,3,0,0.18854334950447083,0,1,0.22365032136440277
subject_02:sample_0000191,2,191,0,0,1,0,1,0.8051679134368896,0.6129717826843262,0.6341633796691895,0.800000011920929,0.6789577007293701,0,0,1,0.18568775057792664,0,1,0.1955261528491974,0,1,0.20419728755950928,3,0,0.19207744300365448,0,1,0.22251039743423462
subject_02:sample_0000192,2,192,0,0,1,0,1,0.8013484477996826,0.6058095693588257,0.6287975907325745,0.800000011920929,0.6733219623565674,0,0,1,0.18498104810714722,0,1,0.1947047859430313,0,1,0.20361554622650146,3,0,0.19544605910778046,0,1,0.22125151753425598
subject_02:sample_0000193,2,193,0,0,1,0,1,0.7973402142524719,0.5984957218170166,0.6226990222930908,0.800000011920929,0.6673099398612976,0,0,1,0.18452833592891693,0,1,0.19372865557670593,0,1,0.20301516354084015,3,0,0.1987670511007309,0,1,0.21995989978313446
subject_02:sample_0000194,2,194,0,0,1,0,1,0.7951035499572754,0.5943772792816162,0.6194663047790527,0.800000011920929,0.6639996767044067,0,0,1,0.18430283665657043,0,1,0.19309933483600616,0,1,0.20263849198818207,3,0,0.20065899193286896,0,1,0.21929939091205597
subject_02:sample_0000195,2,195,0,0,1,0,1,0.7934069037437439,0.591261088848114,0.6170177459716797,0.800000011920929,0.6614915132522583,0,0,1,0.18398314714431763,0,1,0.19264477491378784,0,1,0.20261308550834656,3,0,0.20208477973937988,0,1,0.2186732143163681
subject_02:sample_0000196,2,196,0,0,1,0,1,0.7903087735176086,0.5856577157974243,0.6123708486557007,0.800000011920929,0.6568785309791565,0,0,1,0.1835320144891739,0,1,0.19173526763916016,0,1,0.20253083109855652,3,0,0.2045944482088089,0,1,0.21760641038417816
subject_02:sample_0000197,2,197,0,0,1,0,1,0.7872536182403564,0.5802982449531555,0.6074368953704834,0.800000011920929,0.6522623896598816,0,0,1,0.18329645693302155,0,1,0.19060999155044556,0,1,0.20268605649471283,3,0,0.20690278708934784,0,1,0.21650369465351105
subject_02:sample_0000198,2,198,0,0,1,0,1,0.784322202205658,0.5753743648529053,0.6022491455078125,0.800000011920929,0.6477494239807129,0,0,1,0.183309406042099,0,1,0.1894153505563736,0,1,0.20291879773139954,3,0,0.20889821648597717,0,1,0.21545732021331787
subject_02:sample_0000199,2,199,0,0,1,0,1,0.7812303900718689,0.5706692934036255,0.5957491397857666,0.800000011920929,0.6427997350692749,0,0,1,0.18355758488178253,0,1,0.18801039457321167,0,1,0.2034948766231537,3,0,0.21051566302776337,0,1,0.21442049741744995
subject_02:sample_0000200,2,200,0,0,1,0,1,0.7787162065505981,0.5666800737380981,0.5909886360168457,0.800000011920929,0.6388988494873047,0,0,1,0.1836850941181183,0,1,0.18699176609516144,0,1,0.2036721557378769,3,0,0.21199701726436615,0,1,0.21365298330783844
subject_02:sample_0000201,2,201,0,0,1,0,1,0.7751212120056152,0.56016606092453,0.5861240029335022,0.800000011920929,0.6337120532989502,0,0,1,0.18336446583271027,0,1,0.18582585453987122,0,1,0.20340004563331604,3,0,0.2149292677640915,0,1,0.212479367852211
subject_02:sample_0000202,2,202,0,0,1,0,1,0.7728349566459656,0.5555354356765747,0.5841501951217651,0.800000011920929,0.6306295990943909,0,0,1,0.18302026391029358,0,1,0.18505039811134338,0,1,0.20303255319595337,3,0,0.21728649735450745,0,1,0.21160933375358582
subject_02:sample_0000203,2,203,0,0,1,0,1,0.7704960107803345,0.5504357218742371,0.5829733610153198,0.800000011920929,0.6276370882987976,0,0,1,0.18239004909992218,0,1,0.18433651328086853,0,1,0.20246700942516327,3,0,0.22006043791770935,0,1,0.21074508130550385
subject_02:sample_0000204,2,204,0,0,1,0,1,0.7672625184059143,0.544106662273407,0.5797586441040039,0.800000011920929,0.6231966018676758,0,0,1,0.1818380504846573,0,1,0.18356120586395264,0,1,0.20171624422073364,3,0,0.22317162156105042,0,1,0.20971189439296722
subject_02:sample_0000205,2,205,0,0,1,0,1,0.7648143172264099,0.5393274426460266,0.5773234367370605,0.800000011920929,0.6198347210884094,0,0,1,0.18142542243003845,0,1,0.18274669349193573,0,1,0.20151403546333313,3,0,0.22551925480365753,0,1,0.20879362523555756
subject_02:sample_0000206,2,206,0,0,1,0,1,0.7632514238357544,0.5366026163101196,0.5750447511672974,0.800000011920929,0.617552638053894,0,0,1,0.18153399229049683,0,1,0.1821770966053009,0,1,0.20132014155387878,3,0,0.22669367492198944,0,1,0.20827408134937286
subject_02:sample_0000207,2,207,0,0,1,0,1,0.7624355554580688,0.5352180600166321,0.5737776756286621,0.800000011920929,0.6163477897644043,0,0,1,0.1815599799156189,0,1,0.18200340867042542,0,1,0.20113961398601532,3,0,0.22727052867412567,0,1,0.2080254852771759
subject_02:sample_0000208,2,208,0,3,0,3,0,0.6871898174285889,0.5039423108100891,0.3983238935470581,0.800000011920929,0.5166915059089661,0,3,0,0.1560712307691574,3,0,0.22612237930297852,3,0,0.16490013897418976,2,0,0.2086908370256424,3,0,0.24421446025371552
subject_02:sample_0000209,2,209,0,3,0,3,0,0.6848860383033752,0.49960857629776,0.396101176738739,0.800000011920929,0.5136706829071045,0,3,0,0.15639647841453552,3,0,0.22584672272205353,3,0,0.1649225652217865,2,0,0.2083328366279602,3,0,0.24450038373470306
subject_02:sample_0000210,2,210,0,3,0,3,0,0.6813564300537109,0.49257999658584595,0.39283621311187744,0.800000011920929,0.5089645385742188,0,3,0,0.1569565087556839,3,0,0.22496819496154785,3,0,0.16509686410427094,2,0,0.20752981305122375,3,0,0.24544757604599
subject_02:sample_0000211,2,211,0,3,0,3,0,0.6754826903343201,0.4823814034461975,0.3870996832847595,0.800000011920929,0.5015056729316711,0,3,0,0.1566830277442932,3,0,0.2261243611574173,3,0,0.16474249958992004,2,0,0.20534095168113708,3,0,0.24710814654827118
subject_02:sample_0000212,2,212,0,3,0,3,0,0.6704857349395752,0.4754530191421509,0.38182657957077026,0.800000011920929,0.4955883026123047,0,3,0,0.15588010847568512,3,0,0.2277425080537796,3,0,0.16402485966682434,2,0,0.20326010882854462,3,0,0.2490914762020111
subject_02:sample_0000213,2,213,0,3,0,3,0,0.6685252785682678,0.4732356667518616,0.3796702027320862,0.6000000238418579,0.4934016466140747,0,3,0,0.1551159918308258,3,0,0.22978465259075165,1,0,0.1633019894361496,2,0,0.2004294991493225,3,0,0.25136688351631165
subject_02:sample_0000214,2,214,0,3,0,3,0,0.6646050214767456,0.47021484375,0.3750423192977905,0.6000000238418579,0.4893805980682373,0,3,0,0.15423089265823364,3,0,0.23215454816818237,1,0,0.16200026869773865,2,0,0.1972026824951172,3,0,0.25441068410873413
subject_02:sample_0000215,2,215,0,3,0,3,0,0.6626991033554077,0.4700163006782532,0.37257540225982666,0.6000000238418579,0.48776930570602417,0,3,0,0.15338505804538727,3,0,0.23407450318336487,1,0,0.1610141098499298,2,0,0.19440089166164398,3,0,0.2571243941783905
subject_02:sample_0000216,2,216,0,3,0,3,0,0.6628290414810181,0.4728062152862549,0.37221336364746094,0.6000000238418579,0.4886060655117035,0,3,0,0.1526259034872055,3,0,0.23674914240837097,1,0,0.1598065197467804,2,0,0.1909627914428711,3,0,0.25985467433929443
subject_02:sample_0000217,2,217,0,3,0,3,0,0.6616135835647583,0.47162744402885437,0.37087905406951904,0.6000000238418579,0.48731738328933716,0,3,0,0.15152637660503387,3,0,0.23825493454933167,1,0,0.15848802030086517,2,0,0.19102701544761658,3,0,0.2607026994228363
subject_02:sample_0000218,2,218,0,3,0,3,0,0.6593056321144104,0.46610227227211,0.3689078092575073,0.6000000238418579,0.48398134112358093,0,3,0,0.15017348527908325,3,0,0.23712404072284698,1,0,0.15700362622737885,2,0,0.19745264947414398,3,0,0.2582452595233917
subject_02:sample_0000219,2,219,0,3,0,3,0,0.6714349389076233,0.4898654818534851,0.37985891103744507,0.6000000238418579,0.4999206066131592,0,3,0,0.14876113831996918,3,0,0.23524941504001617,1,0,0.1552535742521286,2,0,0.20556719601154327,3,0,0.255167692899704
subject_02:sample_0000220,2,220,0,3,0,3,0,0.7793153524398804,0.6379168033599854,0.5146685242652893,0.800000011920929,0.6348458528518677,0,3,0,0.14764846861362457,3,0,0.23190389573574066,1,0,0.15385708212852478,3,0,0.2155696153640747,3,0,0.25102001428604126
subject_02:sample_0000221,2,221,0,3,0,3,0,0.8495096564292908,0.7111592292785645,0.6637053489685059,0.800000011920929,0.7374005913734436,1,3,0,0.14693288505077362,3,0,0.2293296754360199,1,0,0.15211939811706543,3,0,0.22354429960250854,3,0,0.24807272851467133
subject_02:sample_0000222,2,222,0,3,0,3,0,0.8634341955184937,0.7288837432861328,0.7047134041786194,0.800000011920929,0.762605607509613,1,3,0,0.1467743217945099,3,0,0.2276155799627304,1,0,0.15062296390533447,3,0,0.22922536730766296,3,0,0.2457607537508011
subject_02:sample_0000223,2,223,0,3,0,3,0,0.8684289455413818,0.7375063896179199,0.7161192893981934,0.800000011920929,0.7711907029151917,1,3,0,0.1468641459941864,3,0,0.2267945557832718,1,0,0.14937399327754974,3,0,0.23285885155200958,3,0,0.2441074699163437
subject_02:sample_0000224,2,224,0,3,0,3,0,0.8711754083633423,0.7427752614021301,0.7207988500595093,0.800000011920929,0.7755188941955566,1,3,0,0.14763601124286652,3,0,0.22619470953941345,1,0,0.14870211482048035,3,0,0.23429660499095917,3,0,0.24316956102848053
subject_02:sample_0000225,2,225,0,3,0,3,0,0.8742983937263489,0.7489498853683472,0.7254494428634644,0.800000011920929,0.7802609801292419,1,3,0,0.14847615361213684,3,0,0.2259272038936615,1,0,0.1484987437725067,3,0,0.23450255393981934,3,0,0.2425943911075592
subject_02:sample_0000226,2,226,0,3,0,3,0,0.8741545081138611,0.7486357688903809,0.7253636717796326,0.800000011920929,0.7800782918930054,1,3,0,0.14969423413276672,3,0,0.22604410350322723,1,0,0.14786988496780396,3,0,0.23386898636817932,3,0,0.24252185225486755
subject_02:sample_0000227,2,227,0,3,0,3,0,0.8733090162277222,0.7469360828399658,0.7242217659950256,0.800000011920929,0.7788270115852356,1,3,0,0.1510779857635498,3,0,0.2265743464231491,1,0,0.14734376966953278,3,0,0.2326592057943344,3,0,0.24234376847743988
subject_02:sample_0000228,2,228,0,3,0,3,0,0.8720829486846924,0.7444821000099182,0.7225261926651001,0.800000011920929,0.7770015597343445,1,3,0,0.15249088406562805,3,0,0.22717316448688507,1,0,0.14692766964435577,3,0,0.23092526197433472,3,0,0.24248214066028595
subject_02:sample_0000229,2,229,0,3,0,3,0,0.8701126575469971,0.7405444383621216,0.7197952270507812,0.800000011920929,0.7740669250488281,1,3,0,0.15381622314453125,3,0,0.2278696596622467,1,0,0.14644694328308105,3,0,0.22906896471977234,3,0,0.24279722571372986
subject_02:sample_0000230,2,230,0,3,0,3,0,0.8672155141830444,0.7347551584243774,0.7158195376396179,0.800000011920929,0.769764244556427,1,3,0,0.1547815352678299,3,0,0.22911377251148224,1,0,0.14582477509975433,3,0,0.2270781546831131,3,0,0.24320088326931
subject_02:sample_0000231,2,231,0,3,0,3,0,0.865135669708252,0.7306013107299805,0.712989330291748,0.800000011920929,0.7666831016540527,1,3,0,0.1556473821401596,3,0,0.23019491136074066,1,0,0.14534340798854828,3,0,0.22505225241184235,3,0,0.2437610775232315
subject_02:sample_0000232,2,232,0,3,0,3,0,0.8634747862815857,0.7272839546203613,0.7107499241828918,0.800000011920929,0.7642289400100708,1,3,0,0.15677474439144135,3,0,0.23066242039203644,1,0,0.14535553753376007,3,0,0.22266001999378204,3,0,0.2445463091135025
subject_02:sample_0000233,2,233,0,3,0,3,0,0.8622192144393921,0.7247748374938965,0.7090747952461243,0.800000011920929,0.762378990650177,1,3,0,0.158074751496315,3,0,0.23074080049991608,1,0,0.14567643404006958,3,0,0.22016295790672302,3,0,0.2453441172838211
subject_02:sample_0000234,2,234,0,3,0,3,0,0.862223207950592,0.7247816324234009,0.7090864181518555,0.800000011920929,0.7623867988586426,1,3,0,0.15975791215896606,3,0,0.23063325881958008,1,0,0.14624671638011932,3,0,0.217412069439888,3,0,0.24594907462596893
subject_02:sample_0000235,2,235,0,3,0,3,0,0.8621465563774109,0.7246288061141968,0.7089834809303284,0.800000011920929,0.7622737288475037,1,3,0,0.16125209629535675,3,0,0.23012733459472656,1,0,0.14687950909137726,3,0,0.21530094742774963,3,0,0.246439129114151
subject_02:sample_0000236,2,236,0,3,0,3,0,0.8620467782020569,0.7244279384613037,0.7088569402694702,0.800000011920929,0.7621285915374756,1,3,0,0.16278287768363953,3,0,0.2298765480518341,1,0,0.1476476937532425,3,0,0.21281203627586365,3,0,0.2468799650669098
subject_02:sample_0000237,2,237,0,3,0,3,0,0.8629525303840637,0.7262345552444458,0.7100802063941956,0.800000011920929,0.7634672522544861,1,3,0,0.16498127579689026,3,0,0.22901080548763275,1,0,0.14896203577518463,3,0,0.20973719656467438,3,0,0.2473076730966568
subject_02:sample_0000238,2,238,0,3,0,3,0,0.8655884265899658,0.7314964532852173,0.7136477828025818,0.800000011920929,0.7673659920692444,1,3,0,0.1669309437274933,3,0,0.227691650390625,1,0,0.1504383683204651,3,0,0.2072271704673767,3,0,0.2477109283208847
subject_02:sample_0000239,2,239,0,3,0,3,0,0.8682793378829956,0.7368683815002441,0.7173334360122681,0.800000011920929,0.7713594436645508,1,3,0,0.16829368472099304,3,0,0.2261350005865097,1,0,0.15180890262126923,3,0,0.20570136606693268,3,0,0.24806010723114014
subject_02:sample_0000240,2,240,0,3,0,3,0,0.8676217794418335,0.7355520129203796,0.7164450883865356,0.800000011920929,0.7703869342803955,1,3,0,0.16878488659858704,3,0,0.22547397017478943,1,0,0.15209482610225677,3,0,0.205038383603096,3,0,0.24860700964927673
subject_02:sample_0000241,2,241,0,3,0,3,0,0.8661435842514038,0.732596755027771,0.7144395112991333,0.800000011920929,0.7681984305381775,1,3,0,0.16913564503192902,3,0,0.2253834754228592,1,0,0.1519702672958374,3,0,0.20451043546199799,3,0,0.24899929761886597
subject_02:sample_0000242,2,242,0,3,0,3,0,0.8648276329040527,0.7299660444259644,0.7126649618148804,0.800000011920929,0.7662535905838013,1,3,0,0.16929030418395996,3,0,0.2250278741121292,1,0,0.1515941470861435,3,0,0.20459838211536407,3,0,0.24948838353157043
subject_02:sample_0000243,2,243,0,3,0,3,0,0.8636893033981323,0.7276914119720459,0.7111344337463379,0.800000011920929,0.76457279920578,1,3,0,0.1690436154603958,3,0,0.22567473351955414,1,0,0.15100377798080444,3,0,0.20456331968307495,3,0,0.24971362948417664
subject_02:sample_0000244,2,244,0,3,0,3,0,0.8635001182556152,0.7273125648498535,0.7108850479125977,0.800000011920929,0.7642949223518372,1,3,0,0.16879339516162872,3,0,0.2261485904455185,1,0,0.15071631968021393,3,0,0.20459090173244476,3,0,0.2497497946023941
subject_02:sample_0000245,2,245,0,3,0,3,0,0.8633143901824951,0.726941704750061,0.7106344699859619,0.800000011920929,0.7640203237533569,1,3,0,0.16895346343517303,3,0,0.2261769026517868,1,0,0.1507919877767563,3,0,0.20414210855960846,3,0,0.2499346286058426
subject_02:sample_0000246,2,246,1,3,0,3,0,0.8240475654602051,0.6482698917388916,0.6634042263031006,0.800000011920929,0.7076667547225952,1,3,0,0.17268022894859314,1,1,0.1618264615535736,3,0,0.24483045935630798,3,0,0.22853031754493713,3,0,0.1921316236257553
subject_02:sample_0000247,2,247,1,3,0,3,0,0.8236287236213684,0.6474326252937317,0.6629366278648376,0.800000011920929,0.7070758938789368,1,3,0,0.1726098209619522,1,1,0.16202227771282196,3,0,0.24430091679096222,3,0,0.228653684258461,3,0,0.1924123764038086
subject_02:sample_0000248,2,248,1,3,0,3,0,0.8233891725540161,0.6469537615776062,0.6626696586608887,0.800000011920929,0.7067381143569946,1,3,0,0.17278766632080078,1,1,0.16250640153884888,3,0,0.243806853890419,3,0,0.2281980812549591,3,0,0.1927001178264618
subject_02:sample_0000249,2,249,1,3,0,3,0,0.8227778673171997,0.6457318663597107,0.6619889736175537,0.800000011920929,0.7058761715888977,1,3,0,0.17315645515918732,1,1,0.1626053899526596,3,0,0.24335718154907227,3,0,0.22798943519592285,3,0,0.19289052486419678
subject_02:sample_0000250,2,250,1,3,0,3,0,0.8236004710197449,0.6473764777183533,0.662905216217041,0.800000011920929,0.7070361375808716,1,3,0,0.17493510246276855,1,1,0.1636863499879837,3,0,0.24307142198085785,3,0,0.2255697399377823,3,0,0.19273647665977478
subject_02:sample_0000251,2,251,1,3,0,3,0,0.8255998492240906,0.6513747572898865,0.6651432514190674,0.800000011920929,0.7098587155342102,1,3,0,0.17748630046844482,1,1,0.16558034718036652,3,0,0.24297873675823212,3,0,0.22161562740802765,3,0,0.1923380047082901
subject_02:sample_0000252,2,252,1,3,0,3,0,0.8276873230934143,0.6555501222610474,0.6674954891204834,0.800000011920929,0.7128095030784607,1,3,0,0.17969906330108643,1,1,0.1671980917453766,3,0,0.24303536117076874,3,0,0.21838437020778656,3,0,0.1916821002960205
subject_02:sample_0000253,2,253,1,3,0,3,0,0.8292470574378967,0.6586707830429077,0.6692630052566528,0.800000011920929,0.7150170207023621,1,3,0,0.18177253007888794,1,1,0.16819395124912262,3,0,0.24306924641132355,3,0,0.2157345712184906,3,0,0.19122867286205292
subject_02:sample_0000254,2,254,1,3,0,3,0,0.8301629424095154,0.6605042815208435,0.6703016757965088,0.800000011920929,0.7163134813308716,1,3,0,0.18369227647781372,1,1,0.16877716779708862,3,0,0.24294470250606537,3,0,0.2136058360338211,3,0,0.19097904860973358
subject_02:sample_0000255,2,255,1,3,0,3,0,0.8307253122329712,0.6616292595863342,0.6709451675415039,0.800000011920929,0.7171110510826111,1,3,0,0.1848907470703125,1,1,0.1692177802324295,3,0,0.2426973134279251,3,0,0.21231746673583984,3,0,0.19087573885917664
subject_02:sample_0000256,2,256,1,3,0,3,0,0.8310314416885376,0.6622439622879028,0.6712849736213684,0.800000011920929,0.7175422310829163,1,3,0,0.18650291860103607,1,1,0.16907277703285217,3,0,0.24266470968723297,3,0,0.21077443659305573,3,0,0.19098421931266785
subject_02:sample_0000257,2,257,1,3,0,3,0,0.8315579295158386,0.6632987856864929,0.671883225440979,0.800000011920929,0.7182877659797668,1,3,0,0.18783845007419586,1,1,0.16902898252010345,3,0,0.2419932782649994,3,0,0.2096935361623764,3,0,0.1914447695016861
subject_02:sample_0000258,2,258,1,3,0,3,0,0.8314532041549683,0.6630921363830566,0.6717488169670105,0.800000011920929,0.7181351780891418,1,3,0,0.18836195766925812,1,1,0.16850566864013672,3,0,0.24132150411605835,3,0,0.20942910015583038,3,0,0.19238078594207764
subject_02:sample_0000259,2,259,1,3,0,3,0,0.8314886093139648,0.6631656885147095,0.6717766523361206,0.800000011920929,0.7181817889213562,1,3,0,0.18882402777671814,1,1,0.1683705598115921,3,0,0.240602046251297,3,0,0.2088787853717804,3,0,0.19332359731197357
subject_02:sample_0000260,2,260,1,3,0,3,0,0.8312538266181946,0.6626994013786316,0.6714905500411987,0.800000011920929,0.7178439497947693,1,3,0,0.1890391856431961,1,1,0.16812101006507874,3,0,0.24024184048175812,3,0,0.20842912793159485,3,0,0.1941678375005722
subject_02:sample_0000261,2,261,1,3,0,3,0,0.8312874436378479,0.6627707481384277,0.6715084314346313,0.800000011920929,0.7178857922554016,1,3,0,0.1895691305398941,1,1,0.168142631649971,3,0,0.23958073556423187,3,0,0.20770880579948425,3,0,0.19499777257442474
subject_02:sample_0000262,2,262,1,3,0,3,0,0.831492006778717,0.6631842851638794,0.6717232465744019,0.800000011920929,0.7181705236434937,1,3,0,0.19022653996944427,1,1,0.16809864342212677,3,0,0.2390129715204239,3,0,0.20711413025856018,3,0,0.1955467313528061
subject_02:sample_0000263,2,263,1,3,0,3,0,0.831381618976593,0.6629665493965149,0.6715810298919678,0.800000011920929,0.7180094718933105,1,3,0,0.19057731330394745,1,1,0.16770097613334656,3,0,0.23859591782093048,3,0,0.20693789422512054,3,0,0.19618695974349976
subject_02:sample_0000264,2,264,1,3,0,3,0,0.8311848640441895,0.6625769138336182,0.6713345050811768,0.800000011920929,0.7177242636680603,1,3,0,0.19057926535606384,1,1,0.16674405336380005,3,0,0.23837171494960785,3,0,0.20729753375053406,3,0,0.19700653851032257
subject_02:sample_0000265,2,265,1,3,0,3,0,0.831064760684967,0.6623408794403076,0.6711766719818115,0.800000011920929,0.7175481915473938,1,3,0,0.19083037972450256,1,1,0.16579118371009827,3,0,0.23856760561466217,3,0,0.2072921097278595,3,0,0.19751770794391632
subject_02:sample_0000266,2,266,1,3,0,3,0,0.8310611248016357,0.6623366475105286,0.6711567640304565,0.800000011920929,0.7175385355949402,1,3,0,0.1909109503030777,1,1,0.16482841968536377,3,0,0.23911485075950623,3,0,0.20735006034374237,3,0,0.1977948397397995
subject_02:sample_0000267,2,267,1,3,0,3,0,0.8309965133666992,0.6622126698493958,0.6710577011108398,0.800000011920929,0.7174398899078369,1,3,0,0.1910247951745987,1,1,0.16417719423770905,3,0,0.23955073952674866,3,0,0.2072201371192932,3,0,0.19802618026733398
subject_02:sample_0000268,2,268,1,3,0,3,0,0.8307034969329834,0.661632239818573,0.6706933975219727,0.800000011920929,0.7170161008834839,1,3,0,0.1910284459590912,1,1,0.1638033092021942,3,0,0.23969078063964844,3,0,0.20718525350093842,3,0,0.1982913315296173
subject_02:sample_0000269,2,269,1,3,0,3,0,0.8302353024482727,0.6607019901275635,0.6701278686523438,0.800000011920929,0.7163437604904175,1,3,0,0.19078776240348816,1,1,0.16348184645175934,3,0,0.2400791347026825,3,0,0.20712308585643768,3,0,0.19852718710899353
subject_02:sample_0000270,2,270,1,3,0,3,0,0.8300847411155701,0.660408079624176,0.669920802116394,0.800000011920929,0.7161204814910889,1,3,0,0.1909593641757965,1,1,0.16326767206192017,3,0,0.2406015247106552,3,0,0.20660389959812164,3,0,0.19856661558151245
subject_02:sample_0000271,2,271,1,3,0,3,0,0.8297890424728394,0.6598246097564697,0.6695448160171509,0.800000011920929,0.7156904935836792,1,3,0,0.1909766048192978,1,1,0.16295328736305237,3,0,0.24080204963684082,3,0,0.20638425648212433,3,0,0.1988828480243683
subject_02:sample_0000272,2,272,1,3,0,3,0,0.830542266368866,0.6613414287567139,0.6703596115112305,0.800000011920929,0.7167457342147827,1,3,0,0.19282123446464539,1,1,0.1635345071554184,3,0,0.24051281809806824,3,0,0.2048652619123459,3,0,0.1982651799917221
subject_02:sample_0000273,2,273,1,3,0,3,0,0.8317360877990723,0.6637404561042786,0.6716802716255188,0.800000011920929,0.7184261679649353,1,3,0,0.19458597898483276,1,1,0.16399334371089935,3,0,0.24037864804267883,3,0,0.2033933699131012,3,0,0.1976477950811386
subject_02:sample_0000274,2,274,1,3,0,3,0,0.8328454494476318,0.6659740209579468,0.6728945970535278,0.800000011920929,0.7199841737747192,1,3,0,0.19574247300624847,1,1,0.1642066091299057,3,0,0.24034087359905243,3,0,0.20236383378505707,3,0,0.19734525680541992
subject_02:sample_0000275,2,275,1,3,0,3,0,0.834635317325592,0.6695664525032043,0.6749216318130493,0.800000011920929,0.7225167751312256,1,3,0,0.19727225601673126,1,1,0.1644960641860962,3,0,0.239676371216774,3,0,0.20148952305316925,3,0,0.19706480205059052
subject_02:sample_0000276,2,276,1,3,0,3,0,0.8368930816650391,0.6740975379943848,0.6775047779083252,0.800000011920929,0.7257187366485596,1,3,0,0.19885341823101044,1,1,0.16498281061649323,3,0,0.23919238150119781,3,0,0.20037561655044556,3,0,0.19659475982189178
subject_02:sample_0000277,2,277,1,3,0,3,0,0.8395581841468811,0.6794426441192627,0.6806046962738037,0.800000011920929,0.729512631893158,1,3,0,0.20020490884780884,1,1,0.16524061560630798,3,0,0.238771453499794,3,0,0.19954755902290344,3,0,0.19623444974422455
subject_02:sample_0000278,2,278,1,3,0,3,0,0.842037558555603,0.6844156384468079,0.683521032333374,0.800000011920929,0.7330513596534729,1,3,0,0.20117974281311035,1,1,0.16518835723400116,3,0,0.2390054613351822,3,0,0.19885392487049103,3,0,0.19577157497406006
subject_02:sample_0000279,2,279,1,3,0,3,0,0.8452155590057373,0.690790593624115,0.6873071193695068,0.800000011920929,0.737601101398468,1,3,0,0.20227286219596863,1,1,0.16511860489845276,3,0,0.23906536400318146,3,0,0.19821017980575562,3,0,0.19533199071884155
subject_02:sample_0000280,2,280,1,3,0,3,0,0.8486346006393433,0.6976541876792908,0.6914214491844177,0.800000011920929,0.7425082325935364,1,3,0,0.2030918449163437,1,1,0.1648992896080017,3,0,0.23923704028129578,3,0,0.19769801199436188,3,0,0.19507287442684174
subject_02:sample_0000281,2,281,1,3,0,3,0,0.8530608415603638,0.7065289616584778,0.6968950033187866,0.800000011920929,0.7489033341407776,1,3,0,0.20435386896133423,1,1,0.16541512310504913,3,0,0.23852096498012543,3,0,0.1969062238931656,3,0,0.19480283558368683
subject_02:sample_0000282,2,282,1,3,0,3,0,0.8585436344146729,0.7175151109695435,0.7038623094558716,0.800000011920929,0.7568800449371338,1,3,0,0.205488920211792,1,1,0.16593416035175323,3,0,0.2376425415277481,3,0,0.19637440145015717,3,0,0.1945590376853943
subject_02:sample_0000283,2,283,1,3,0,3,0,0.8659566640853882,0.7323578596115112,0.7136191129684448,0.800000011920929,0.7677656412124634,1,3,0,0.20685605704784393,1,1,0.1667623668909073,3,0,0.23620833456516266,3,0,0.1958615779876709,3,0,0.19431063532829285
subject_02:sample_0000284,2,284,1,3,0,3,0,0.874861478805542,0.7501896023750305,0.7257867455482483,0.800000011920929,0.7809798121452332,1,3,0,0.2081766128540039,1,1,0.16752056777477264,3,0,0.23487573862075806,3,0,0.19526198506355286,3,0,0.19416411221027374
subject_02:sample_0000285,2,285,1,3,0,3,0,0.8817223310470581,0.7639302611351013,0.7355122566223145,0.800000011920929,0.7912708520889282,1,3,0,0.2089868038892746,1,1,0.16801296174526215,3,0,0.23392440378665924,3,0,0.1950230598449707,3,0,0.19405178725719452
subject_02:sample_0000286,2,286,1,3,0,3,0,0.8928195834159851,0.7861548662185669,0.7519484758377075,0.800000011920929,0.8081400394439697,1,3,0,0.21038919687271118,1,1,0.1690063327550888,3,0,0.23365628719329834,3,0,0.19373656809329987,3,0,0.1932106614112854
subject_02:sample_0000287,2,287,1,3,0,3,0,0.9024908542633057,0.8055405616760254,0.766973078250885,0.800000011920929,0.8230699896812439,1,3,0,0.21158263087272644,1,1,0.16932512819766998,3,0,0.2335895597934723,3,0,0.1927894949913025,3,0,0.19271224737167358
subject_02:sample_0000288,2,288,1,3,0,3,0,0.9111114144325256,0.8228226900100708,0.7810118198394775,0.800000011920929,0.8365883231163025,1,3,0,0.21236959099769592,1,1,0.16960614919662476,3,0,0.23378276824951172,3,0,0.19195640087127686,3,0,0.19228415191173553
subject_02:sample_0000289,2,289,1,3,0,3,0,0.9198033809661865,0.8402546644210815,0.7958278656005859,1.0,0.8504360914230347,1,3,0,0.21351034939289093,3,0,0.16989842057228088,3,0,0.23344069719314575,3,0,0.19109365344047546,3,0,0.19205589592456818
subject_02:sample_0000290,2,290,1,3,0,3,0,0.9252631664276123,0.8512244820594788,0.8054471015930176,1.0,0.8592419624328613,1,3,0,0.21437743306159973,3,0,0.17011189460754395,3,0,0.2331724315881729,3,0,0.19049331545829773,3,0,0.19184400141239166
subject_02:sample_0000291,2,291,1,3,0,3,0,0.9308107495307922,0.8623592853546143,0.8155885338783264,1.0,0.8683075308799744,1,3,0,0.21527403593063354,3,0,0.17074307799339294,3,0,0.23275995254516602,3,0,0.18979144096374512,3,0,0.19143053889274597
subject_02:sample_0000292,2,292,1,3,0,3,0,0.9346271753311157,0.8700222373008728,0.8227611184120178,1.0,0.8746094107627869,1,3,0,0.21597512066364288,3,0,0.17147360742092133,3,0,0.23212455213069916,3,0,0.18918918073177338,3,0,0.19123657047748566
subject_02:sample_0000293,2,293,1,3,0,3,0,0.9354485273361206,0.8716968297958374,0.824246883392334,1.0,0.8759531378746033,1,3,0,0.21625903248786926,3,0,0.1719280183315277,3,0,0.2316460907459259,3,0,0.18903815746307373,3,0,0.1911277174949646
subject_02:sample_0000294,2,294,1,3,0,3,0,0.9360216856002808,0.8728827238082886,0.8252350091934204,1.0,0.8768793344497681,1,3,0,0.21654337644577026,3,0,0.17229966819286346,3,0,0.2311386913061142,3,0,0.18886274099349976,3,0,0.1911545842885971
subject_02:sample_0000295,2,295,1,3,0,3,0,0.9383956789970398,0.8776683807373047,0.8297716379165649,1.0,0.8808292150497437,1,3,0,0.21702483296394348,3,0,0.17251117527484894,3,0,0.23073287308216095,3,0,0.1886654496192932,3,0,0.19106468558311462
subject_02:sample_0000296,2,296,1,3,0,3,0,0.9406629800796509,0.8822174072265625,0.8342381715774536,1.0,0.884640097618103,1,3,0,0.2174818515777588,3,0,0.17295245826244354,3,0,0.23030394315719604,3,0,0.18837657570838928,3,0,0.19088417291641235
subject_02:sample_0000297,2,297,1,3,0,3,0,0.9417375326156616,0.8843757510185242,0.8363717794418335,1.0,0.886452317237854,1,3,0,0.21776019036769867,3,0,0.1733875721693039,3,0,0.22977998852729797,3,0,0.18826650083065033,3,0,0.1908048391342163
subject_02:sample_0000298,2,298,0,0,1,0,1,0.8991165161132812,0.7986408472061157,0.7620066404342651,0.800000011920929,0.8179161548614502,1,0,1,0.25621506571769714,0,1,0.20894493162631989,1,0,0.1006275862455368,0,1,0.21479055285453796,0,1,0.2194209098815918
subject_02:sample_0000299,2,299,0,0,1,0,1,0.8990870714187622,0.7985880970954895,0.7619310617446899,0.800000011920929,0.8178621530532837,1,0,1,0.25617632269859314,0,1,0.20886045694351196,1,0,0.10063540935516357,0,1,0.21489393711090088,0,1,0.21943287551403046
subject_02:sample_0000300,2,300,0,0,1,0,1,0.8989794850349426,0.798389732837677,0.7616826295852661,0.800000011920929,0.817672848701477,1,0,1,0.2562900185585022,0,1,0.208969846367836,1,0,0.10067940503358841,0,1,0.21475864946842194,0,1,0.21930114924907684
subject_02:sample_0000301,2,301,0,0,1,0,1,0.8989430665969849,0.79832923412323,0.7615683078765869,0.800000011920929,0.8176003098487854,1,0,1,0.257568359375,0,1,0.20824861526489258,1,0,0.10065844655036926,0,1,0.21474120020866394,0,1,0.2187824547290802
subject_02:sample_0000302,2,302,0,0,1,0,1,0.8991295695304871,0.7986957430839539,0.7618944644927979,0.800000011920929,0.8178986310958862,1,0,1,0.2576354444026947,0,1,0.20825372636318207,1,0,0.10049726814031601,0,1,0.21469709277153015,0,1,0.2189154475927353
subject_02:sample_0000303,2,303,0,0,1,0,1,0.8993096351623535,0.7990443706512451,0.7622312307357788,0.800000011920929,0.8181927800178528,1,0,1,0.2592145502567291,0,1,0.20690123736858368,1,0,0.10034796595573425,0,1,0.21504342555999756,0,1,0.21849191188812256
subject_02:sample_0000304,2,304,0,0,1,0,1,0.8996678590774536,0.7997595071792603,0.7628052234649658,0.800000011920929,0.81875079870224,1,0,1,0.26155465841293335,0,1,0.2051127552986145,1,0,0.09997628629207611,0,1,0.215473935008049,0,1,0.217881441116333
subject_02:sample_0000305,2,305,0,0,1,0,1,0.8998267650604248,0.8000797033309937,0.7630468606948853,0.800000011920929,0.8189947605133057,1,0,1,0.26293668150901794,0,1,0.20422737300395966,1,0,0.09979865700006485,0,1,0.2156432420015335,0,1,0.21739313006401062
subject_02:sample_0000306,2,306,0,0,1,0,1,0.8995810151100159,0.7995828986167908,0.762684166431427,0.800000011920929,0.8186208605766296,1,0,1,0.26366159319877625,0,1,0.20382826030254364,1,0,0.10006360709667206,0,1,0.21553395688533783,0,1,0.21691161394119263
subject_02:sample_0000307,2,307,0,0,1,0,1,0.8992093205451965,0.7988172769546509,0.7622010707855225,0.800000011920929,0.8180740475654602,1,0,1,0.2644905149936676,0,1,0.20298884809017181,1,0,0.10052649676799774,0,1,0.21565556526184082,0,1,0.21633762121200562
subject_02:sample_0000308,2,308,0,0,1,0,1,0.8988412022590637,0.7980701923370361,0.7616723775863647,0.800000011920929,0.8175182342529297,1,0,1,0.2660287618637085,0,1,0.2018556445837021,1,0,0.1009347066283226,0,1,0.21577952802181244,0,1,0.21540039777755737
subject_02:sample_0000309,2,309,0,0,1,0,1,0.8983864188194275,0.7971625924110413,0.760953962802887,0.800000011920929,0.8168134093284607,1,0,1,0.2656922936439514,0,1,0.20236791670322418,1,0,0.1014045923948288,0,1,0.21566541492938995,0,1,0.21486878395080566
subject_02:sample_0000310,2,310,0,0,1,0,1,0.8980816602706909,0.7965677976608276,0.760413408279419,0.800000011920929,0.8163244128227234,1,0,1,0.26583001017570496,0,1,0.20297281444072723,1,0,0.10168036073446274,0,1,0.21535922586917877,0,1,0.2141565978527069
subject_02:sample_0000311,2,311,0,0,1,0,1,0.8979461193084717,0.796324610710144,0.760079026222229,0.800000011920929,0.8160805702209473,1,0,1,0.26643696427345276,0,1,0.2035689502954483,1,0,0.10172491520643234,0,1,0.21489217877388,0,1,0.21337604522705078
subject_02:sample_0000312,2,312,0,0,1,0,1,0.8977391123771667,0.7959604263305664,0.7595336437225342,0.800000011920929,0.8156982660293579,1,0,1,0.26737719774246216,0,1,0.20419475436210632,1,0,0.10165359824895859,0,1,0.21427321434020996,0,1,0.21250028908252716
subject_02:sample_0000313,2,313,0,0,1,0,1,0.8962496519088745,0.7931166291236877,0.7566054463386536,0.800000011920929,0.813227117061615,1,0,1,0.2686731219291687,0,1,0.20500849187374115,1,0,0.10154695808887482,0,1,0.2133728265762329,0,1,0.21139761805534363
subject_02:sample_0000314,2,314,0,0,1,0,1,0.883045494556427,0.7671191096305847,0.734970211982727,0.800000011920929,0.7925716638565063,1,0,1,0.2697690725326538,0,1,0.20640882849693298,1,0,0.10130433738231659,0,1,0.2122512012720108,0,1,0.21026566624641418
subject_02:sample_0000315,2,315,0,0,1,0,1,0.7931418418884277,0.5881214737892151,0.6238254308700562,0.6000000238418579,0.6626643538475037,0,0,1,0.2699195444583893,1,0,0.20897777378559113,1,0,0.10063929855823517,0,1,0.21106712520122528,0,1,0.20939528942108154
subject_02:sample_0000316,2,316,0,0,1,0,1,0.7005056142807007,0.4026971757411957,0.551343560218811,0.6000000238418579,0.5377793908119202,0,0,1,0.2720543146133423,1,0,0.21125927567481995,1,0,0.09978734701871872,0,1,0.20941735804080963,0,1,0.20748074352741241
subject_02:sample_0000317,2,317,0,0,1,0,1,0.6873405575752258,0.37676548957824707,0.5422672629356384,0.6000000238418579,0.5197790861129761,0,0,1,0.2730647325515747,1,0,0.2148934006690979,1,0,0.09909826517105103,0,1,0.2074054479598999,0,1,0.20553718507289886
subject_02:sample_0000318,2,318,0,0,1,0,1,0.682666540145874,0.37131720781326294,0.527298092842102,0.6000000238418579,0.5112931132316589,0,0,1,0.27414649724960327,1,0,0.21951748430728912,1,0,0.09815950691699982,0,1,0.20505374670028687,0,1,0.2031218260526657
subject_02:sample_0000319,2,319,0,0,1,0,1,0.6785398721694946,0.3932202160358429,0.46481525897979736,0.6000000238418579,0.49868980050086975,0,0,1,0.27465155720710754,1,0,0.2242782562971115,1,0,0.09723576158285141,0,1,0.20297814905643463,0,1,0.2008553147315979
subject_02:sample_0000320,2,320,0,0,1,0,1,0.6741417646408081,0.48900774121284485,0.38326531648635864,0.6000000238418579,0.5017902255058289,0,0,1,0.27462416887283325,3,0,0.22845692932605743,1,0,0.09630326926708221,0,1,0.2013711780309677,0,1,0.1992434859275818
subject_02:sample_0000321,2,321,0,0,1,3,0,0.6642720699310303,0.443372517824173,0.38356006145477295,0.6000000238418579,0.48341041803359985,0,0,1,0.27399805188179016,3,0,0.23187974095344543,1,0,0.09587904065847397,0,1,0.20020133256912231,0,1,0.1980409026145935
subject_02:sample_0000322,2,322,0,0,1,3,0,0.6293906569480896,0.35719579458236694,0.36902469396591187,0.6000000238418579,0.4361414313316345,0,0,1,0.2728756070137024,3,0,0.23416274785995483,1,0,0.0958600863814354,0,1,0.19966372847557068,0,1,0.19743680953979492
subject_02:sample_0000323,2,323,0,0,1,3,0,0.5518814325332642,0.19966930150985718,0.3351622223854065,0.6000000238418579,0.33302032947540283,0,0,1,0.2709599435329437,3,0,0.23580126464366913,1,0,0.09664341062307358,0,1,0.19943445920944214,0,1,0.19715991616249084
subject_02:sample_0000324,2,324,0,0,1,3,0,0.47771668434143066,0.051786214113235474,0.3196219205856323,0.4000000059604645,0.19922341406345367,0,3,0,0.26876160502433777,3,0,0.2356386035680771,1,0,0.09793609380722046,0,1,0.20013652741909027,0,1,0.19752617180347443
subject_02:sample_0000325,2,325,0,3,0,3,0,0.46147942543029785,0.020584523677825928,0.3172558546066284,0.4000000059604645,0.14444448053836823,0,3,0,0.2669375538825989,3,0,0.23446251451969147,1,0,0.09974538534879684,0,1,0.2008625864982605,0,1,0.19799098372459412
subject_02:sample_0000326,2,326,0,3,0,3,0,0.47780129313468933,0.05492699146270752,0.31627631187438965,0.4000000059604645,0.2024727612733841,0,3,0,0.2638203799724579,3,0,0.2322918027639389,1,0,0.10189015418291092,0,1,0.2025059014558792,0,1,0.19949080049991608
subject_02:sample_0000327,2,327,0,3,0,3,0,0.48056045174598694,0.06231012940406799,0.3143737316131592,0.4000000059604645,0.21114671230316162,0,3,0,0.26080673933029175,3,0,0.22965015470981598,1,0,0.10408205538988113,0,1,0.20424985885620117,0,1,0.20121018588542938
subject_02:sample_0000328,2,328,0,3,0,3,0,0.4792092740535736,0.06137225031852722,0.3121616840362549,0.4000000059604645,0.20939144492149353,0,3,0,0.25852474570274353,3,0,0.2261393517255783,1,0,0.10609324276447296,0,1,0.20610913634300232,0,1,0.20313255488872528
subject_02:sample_0000329,2,329,0,3,0,3,0,0.47565120458602905,0.05637776851654053,0.3091855049133301,0.4000000059604645,0.20239751040935516,0,3,0,0.2553554177284241,3,0,0.22300998866558075,1,0,0.10835482180118561,0,1,0.20799392461776733,0,1,0.20528490841388702
subject_02:sample_0000330,2,330,0,3,0,3,0,0.4717184901237488,0.05016815662384033,0.3062375783920288,0.4000000059604645,0.19351878762245178,0,3,0,0.25266605615615845,3,0,0.2200198620557785,1,0,0.10994068533182144,0,1,0.21008643507957458,0,1,0.20728600025177002
subject_02:sample_0000331,2,331,0,3,0,3,0,0.46960386633872986,0.04688546061515808,0.30436044931411743,0.4000000059604645,0.18853239715099335,0,3,0,0.25187966227531433,3,0,0.21795614063739777,1,0,0.11081644892692566,0,1,0.21107304096221924,0,1,0.2082737386226654
subject_02:sample_0000332,2,332,0,3,0,3,0,0.4687041938304901,0.045862287282943726,0.30260443687438965,0.4000000059604645,0.18667088449001312,0,3,0,0.2516307234764099,3,0,0.21690616011619568,1,0,0.11144810914993286,0,1,0.2115224152803421,0,1,0.20849157869815826
subject_02:sample_0000333,2,333,0,3,0,3,0,0.4683757424354553,0.045414090156555176,0.3017013669013977,0.4000000059604645,0.18583211302757263,0,3,0,0.25176823139190674,3,0,0.21622267365455627,1,0,0.11151199042797089,0,1,0.2118591070175171,0,1,0.2086370289325714
subject_02:sample_0000334,2,334,1,0,0,0,0,0.5674290657043457,0.15569323301315308,0.44549405574798584,0.4000000059604645,0.3401530683040619,0,0,0,0.20735853910446167,0,0,0.25551095604896545,1,1,0.19595864415168762,1,1,0.15855559706687927,1,1,0.18261530995368958
subject_02:sample_0000335,2,335,1,0,0,0,0,0.5617747902870178,0.14413559436798096,0.4447876214981079,0.4000000059604645,0.33023926615715027,0,0,0,0.20697128772735596,0,0,0.2568760812282562,1,1,0.19525042176246643,1,1,0.15848973393440247,1,1,0.1824115365743637
subject_02:sample_0000336,2,336,1,0,0,0,0,0.5522485375404358,0.1244770884513855,0.44424301385879517,0.4000000059604645,0.31257063150405884,0,0,0,0.20573994517326355,0,0,0.25877052545547485,1,1,0.1941681206226349,1,1,0.15881338715553284,1,1,0.18250711262226105
subject_02:sample_0000337,2,337,1,0,0,0,0,0.5521289706230164,0.12429812550544739,0.4440910816192627,0.4000000059604645,0.3123626112937927,0,0,0,0.20415103435516357,0,0,0.25957128405570984,1,1,0.19443915784358978,1,1,0.1590171903371811,1,1,0.18282034993171692
subject_02:sample_0000338,2,338,1,0,0,0,0,0.5392213463783264,0.09554529190063477,0.44871586561203003,0.4000000059604645,0.2848716676235199,0,0,0,0.20370805263519287,0,0,0.26019322872161865,1,1,0.19318744540214539,1,1,0.15991155803203583,1,1,0.18299876153469086
subject_02:sample_0000339,2,339,1,0,0,0,0,0.5321340560913086,0.07938218116760254,0.45259571075439453,0.4000000059604645,0.26739388704299927,0,0,0,0.20280864834785461,0,0,0.26006072759628296,1,1,0.19275769591331482,1,1,0.16085082292556763,1,1,0.18352116644382477
subject_02:sample_0000340,2,340,1,0,0,0,0,0.5290555953979492,0.07223397493362427,0.45471763610839844,0.4000000059604645,0.2590169310569763,0,0,0,0.2018253356218338,0,0,0.25956225395202637,1,1,0.192928284406662,1,1,0.16161903738975525,1,1,0.18406417965888977
subject_02:sample_0000341,2,341,1,0,0,0,0,0.5233862400054932,0.05942213535308838,0.4579480290412903,0.4000000059604645,0.24239793419837952,0,0,0,0.20109064877033234,0,0,0.2592824697494507,1,1,0.19264033436775208,1,1,0.1624787151813507,1,1,0.1845068782567978
subject_02:sample_0000342,2,342,1,0,0,0,0,0.5177687406539917,0.04696488380432129,0.4607587456703186,0.4000000059604645,0.2237660437822342,0,0,0,0.20046283304691315,0,0,0.25945258140563965,1,1,0.19222739338874817,1,1,0.1631186157464981,1,1,0.18473756313323975
subject_02:sample_0000343,2,343,1,0,0,0,0,0.5133260488510132,0.036911845207214355,0.46368157863616943,0.4000000059604645,0.20634454488754272,0,0,0,0.19939148426055908,0,0,0.25905492901802063,1,1,0.19226813316345215,1,1,0.1640240103006363,1,1,0.18526050448417664
subject_02:sample_0000344,2,344,1,0,0,0,0,0.5104418396949768,0.03002309799194336,0.4666987657546997,0.4000000059604645,0.19266940653324127,0,0,0,0.19894365966320038,0,0,0.257554292678833,1,1,0.19266808032989502,1,1,0.16497094929218292,1,1,0.18586204946041107
subject_02:sample_0000345,2,345,1,0,0,0,0,0.5094261765480042,0.027342677116394043,0.46853166818618774,0.4000000059604645,0.1868761032819748,0,0,0,0.19768694043159485,0,0,0.25634443759918213,1,1,0.19337044656276703,1,1,0.16588135063648224,1,1,0.18671591579914093
subject_02:sample_0000346,2,346,1,0,0,0,0,0.5145073533058167,0.03780841827392578,0.4678747057914734,0.4000000059604645,0.20878688991069794,0,0,0,0.1962948888540268,0,0,0.2546200752258301,1,1,0.194986030459404,1,1,0.16640138626098633,1,1,0.187696635723114
subject_02:sample_0000347,2,347,1,0,0,0,0,0.5233964323997498,0.056140005588531494,0.46687883138656616,0.4000000059604645,0.23938803374767303,0,0,0,0.19476667046546936,0,0,0.25208741426467896,1,1,0.19710145890712738,1,1,0.16703294217586517,1,1,0.1890106052160263
subject_02:sample_0000348,2,348,1,0,0,0,0,0.5324207544326782,0.07431870698928833,0.4673522114753723,0.4000000059604645,0.26444321870803833,0,0,0,0.1935136616230011,0,0,0.24973158538341522,1,1,0.198960080742836,1,1,0.167629212141037,1,1,0.19016452133655548
subject_02:sample_0000349,2,349,1,0,0,0,0,0.539543628692627,0.08853596448898315,0.468269407749176,0.4000000059604645,0.2817608416080475,0,0,0,0.19254997372627258,0,0,0.24907301366329193,1,1,0.19977235794067383,1,1,0.1679004728794098,1,1,0.19070325791835785
subject_02:sample_0000350,2,350,1,0,0,0,0,0.5446181893348694,0.09853595495223999,0.46937936544418335,0.4000000059604645,0.2931367754936218,0,0,0,0.19162513315677643,0,0,0.2492995262145996,1,1,0.20000629127025604,1,1,0.16805513203144073,1,1,0.19101299345493317
subject_02:sample_0000351,2,351,1,0,0,0,0,0.553877592086792,0.11712133884429932,0.4706447124481201,0.4000000059604645,0.3125462830066681,0,0,0,0.19092510640621185,0,0,0.2487865835428238,1,1,0.20076902210712433,1,1,0.16815593838691711,1,1,0.19136235117912292
subject_02:sample_0000352,2,352,1,0,0,0,0,0.5629531145095825,0.13542303442955017,0.4719007611274719,0.4000000059604645,0.3301199674606323,0,0,0,0.1907961517572403,0,0,0.24845628440380096,1,1,0.20128339529037476,1,1,0.16801254451274872,1,1,0.19145068526268005
subject_02:sample_0000353,2,353,1,0,0,0,0,0.5507971048355103,0.10960456728935242,0.47399693727493286,0.4000000059604645,0.3058665096759796,0,0,0,0.19227810204029083,0,0,0.24939045310020447,1,1,0.19912709295749664,1,1,0.16828669607639313,1,1,0.19091670215129852
subject_02:sample_0000354,2,354,1,0,0,0,0,0.556761622428894,0.12129861116409302,0.4756852984428406,0.4000000059604645,0.31789344549179077,0,0,0,0.19314706325531006,0,0,0.24832625687122345,1,1,0.1992911845445633,1,1,0.16834667325019836,1,1,0.19088780879974365
subject_02:sample_0000355,2,355,1,0,0,0,0,0.5821613669395447,0.17316779494285583,0.4781119227409363,0.4000000059604645,0.3639262318611145,0,0,0,0.19351111352443695,0,0,0.24593862891197205,1,1,0.20159977674484253,1,1,0.16783791780471802,1,1,0.19111157953739166
subject_02:sample_0000356,2,356,1,0,0,0,0,0.626904308795929,0.2645917534828186,0.4874696731567383,0.6000000238418579,0.43242260813713074,0,0,0,0.1933068037033081,0,0,0.24260152876377106,1,1,0.20559033751487732,1,1,0.1669692099094391,0,0,0.19153110682964325
subject_02:sample_0000357,2,357,1,0,0,0,0,0.6636961698532104,0.33839666843414307,0.5036346912384033,0.6000000238418579,0.48361936211586,0,0,0,0.19401291012763977,0,0,0.2394377738237381,1,1,0.20831525325775146,1,1,0.16659195721149445,0,0,0.19164109230041504
subject_02:sample_0000358,2,358,1,0,0,0,0,0.6725853681564331,0.3544204831123352,0.5127120614051819,0.6000000238418579,0.4962645173072815,0,0,0,0.1960340440273285,0,0,0.23674455285072327,1,1,0.20865139365196228,1,1,0.16696596145629883,0,0,0.19160307943820953
subject_02:sample_0000359,2,359,1,0,0,0,0,0.7053118944168091,0.41924577951431274,0.5337883234024048,0.6000000238418579,0.5404302477836609,0,0,0,0.19718196988105774,0,0,0.23365025222301483,1,1,0.21047654747962952,1,1,0.1669241040945053,0,0,0.19176621735095978
subject_02:sample_0000360,2,360,1,0,0,0,0,0.7310718297958374,0.4699462056159973,0.5538193583488464,0.6000000238418579,0.5751644968986511,0,0,0,0.1980835348367691,0,0,0.2307526171207428,1,1,0.21171844005584717,1,1,0.1672406792640686,0,0,0.19220377504825592
subject_02:sample_0000361,2,361,1,0,0,0,0,0.7034053802490234,0.4137198328971863,0.5370534658432007,0.6000000238418579,0.5386539697647095,0,0,0,0.20011141896247864,0,0,0.23034074902534485,1,1,0.20935146510601044,1,1,0.16808660328388214,0,0,0.19210879504680634
subject_02:sample_0000362,2,362,1,0,0,0,0,0.6852679252624512,0.37602025270462036,0.5300705432891846,0.6000000238418579,0.5149934887886047,0,0,0,0.2022160440683365,0,0,0.23155881464481354,1,1,0.20589293539524078,1,1,0.16864104568958282,0,0,0.19169020652770996
subject_02:sample_0000363,2,363,1,0,0,0,0,0.6772161722183228,0.3585928678512573,0.5296065211296082,0.6000000238418579,0.5047706365585327,0,0,0,0.20376746356487274,0,0,0.23213519155979156,1,1,0.20267386734485626,1,1,0.16952210664749146,0,0,0.19190040230751038
subject_02:sample_0000364,2,364,1,0,0,0,0,0.673999011516571,0.35115352272987366,0.5311721563339233,0.6000000238418579,0.5009532570838928,0,0,0,0.20542012155056,0,0,0.23270685970783234,1,1,0.19928273558616638,1,1,0.1703132539987564,0,0,0.1922760307788849
subject_02:sample_0000365,2,365,1,0,0,0,0,0.6746369004249573,0.35179996490478516,0.5337057113647461,0.6000000238418579,0.5022144913673401,0,0,0,0.20667697489261627,0,0,0.23412741720676422,1,1,0.19576412439346313,1,1,0.17078042030334473,0,0,0.19265007972717285
subject_02:sample_0000366,2,366,1,0,0,0,0,0.6864559650421143,0.37522175908088684,0.5410103797912598,0.6000000238418579,0.518444299697876,0,0,0,0.2071065604686737,0,0,0.23485372960567474,1,1,0.19431988894939423,1,1,0.17062115669250488,0,0,0.1930977702140808
subject_02:sample_0000367,2,367,1,0,0,0,0,0.6925240159034729,0.3871297240257263,0.5453754663467407,0.6000000238418579,0.5268200635910034,0,0,0,0.20794248580932617,0,0,0.23571258783340454,1,1,0.19228598475456238,1,1,0.17066098749637604,0,0,0.19339701533317566
subject_02:sample_0000368,2,368,1,0,0,0,0,0.7000447511672974,0.4020760655403137,0.5502771139144897,0.6000000238418579,0.5370382070541382,0,0,0,0.20858098566532135,0,0,0.23626169562339783,1,1,0.19074028730392456,1,1,0.17064732313156128,0,0,0.1937686949968338
subject_02:sample_0000369,2,369,1,0,0,0,0,0.706258237361908,0.4143473505973816,0.5547574758529663,0.6000000238418579,0.5455196499824524,0,0,0,0.2097696214914322,0,0,0.2365938425064087,1,1,0.1890236735343933,1,1,0.17056426405906677,0,0,0.19404764473438263
subject_02:sample_0000370,2,370,1,0,0,0,0,0.7094815969467163,0.42063942551612854,0.557417631149292,0.6000000238418579,0.5499762296676636,0,0,0,0.2108639031648636,0,0,0.23710204660892487,1,1,0.1872788667678833,1,1,0.17052334547042847,0,0,0.1942308247089386
subject_02:sample_0000371,2,371,1,0,0,0,0,0.7104560732841492,0.42242908477783203,0.5586674213409424,0.6000000238418579,0.551418662071228,0,0,0,0.2113826870918274,0,0,0.23883642256259918,1,1,0.18511554598808289,1,1,0.170403391122818,0,0,0.19426099956035614
subject_02:sample_0000372,2,372,1,0,0,0,0,0.7140136361122131,0.42953595519065857,0.5610477924346924,0.6000000238418579,0.5562055110931396,0,0,0,0.21143420040607452,0,0,0.2397187501192093,1,1,0.1842731088399887,1,1,0.1702086478471756,0,0,0.1943642795085907
subject_02:sample_0000373,2,373,1,0,0,0,0,0.7192710041999817,0.44007664918899536,0.5644980669021606,0.6000000238418579,0.5632412433624268,0,0,0,0.21099279820919037,0,0,0.23989611864089966,1,1,0.1838616281747818,1,1,0.17028941214084625,0,0,0.19495901465415955
subject_02:sample_0000374,2,374,1,0,0,0,0,0.725556492805481,0.4527484178543091,0.5684905052185059,0.800000011920929,0.5715888738632202,0,0,0,0.20987926423549652,0,0,0.23913322389125824,1,1,0.18436391651630402,0,0,0.17063884437084198,0,0,0.19598379731178284
subject_02:sample_0000375,2,375,1,0,0,0,0,0.7277878522872925,0.4571729898452759,0.5702201128005981,0.800000011920929,0.5746136903762817,0,0,0,0.21010208129882812,0,0,0.23841792345046997,1,1,0.18409360945224762,0,0,0.17092542350292206,0,0,0.19646000862121582
subject_02:sample_0000376,2,376,2,2,1,2,1,0.9995719790458679,0.9992661476135254,0.9970604777336121,1.0,0.9986322522163391,1,2,1,0.2640799582004547,2,1,0.2606501579284668,2,1,0.14420334994792938,2,1,0.21672266721725464,2,1,0.11434289067983627
subject_02:sample_0000377,2,377,2,2,1,2,1,0.9995710849761963,0.999264657497406,0.9970547556877136,1.0,0.9986295700073242,1,2,1,0.264152854681015,2,1,0.2605670690536499,2,1,0.14407244324684143,2,1,0.2167176753282547,2,1,0.11448895186185837
subject_02:sample_0000378,2,378,2,2,1,2,1,0.9995733499526978,0.9992677569389343,0.9970695376396179,1.0,0.9986363053321838,1,2,1,0.2633994519710541,2,1,0.26062506437301636,2,1,0.1438015103340149,2,1,0.21737194061279297,2,1,0.11480109393596649
subject_02:sample_0000379,2,379,2,2,1,2,1,0.9995741844177246,0.9992688894271851,0.997074544429779,1.0,0.9986385703086853,1,2,1,0.2627025246620178,2,1,0.2606514096260071,2,1,0.14366133511066437,2,1,0.21786776185035706,2,1,0.11511609703302383
subject_02:sample_0000380,2,380,2,2,1,2,1,0.9995729923248291,0.999267041683197,0.9970673322677612,1.0,0.9986351728439331,1,2,1,0.2624075710773468,2,1,0.26037126779556274,2,1,0.14361093938350677,2,1,0.21826669573783875,2,1,0.11534260958433151
subject_02:sample_0000381,2,381,2,2,1,2,1,0.9995682239532471,0.9992595314979553,0.9970367550849915,1.0,0.998620867729187,1,2,1,0.26217901706695557,2,1,0.2599700391292572,2,1,0.14377373456954956,2,1,0.21844252943992615,2,1,0.1156337708234787
subject_02:sample_0000382,2,382,2,2,1,2,1,0.9995624423027039,0.9992509484291077,0.9969993233680725,1.0,0.9986036419868469,1,2,1,0.2621494233608246,2,1,0.25969839096069336,2,1,0.14384283125400543,2,1,0.21841417253017426,2,1,0.11589423567056656
subject_02:sample_0000383,2,383,2,2,1,2,1,0.999561071395874,0.9992490410804749,0.9969901442527771,1.0,0.9985994696617126,1,2,1,0.2619726061820984,2,1,0.2593793272972107,2,1,0.14385062456130981,2,1,0.21861332654953003,2,1,0.11618323624134064
subject_02:sample_0000384,2,384,2,2,1,2,1,0.9995614290237427,0.9992502927780151,0.9969913363456726,1.0,0.9986003637313843,1,2,1,0.26143959164619446,2,1,0.2594251334667206,2,1,0.1437351256608963,2,1,0.2190266251564026,2,1,0.11637260764837265
subject_02:sample_0000385,2,385,2,2,1,2,1,0.9995631575584412,0.9992537498474121,0.9970027208328247,1.0,0.9986059665679932,1,2,1,0.26045891642570496,2,1,0.2599813640117645,2,1,0.1434846818447113,2,1,0.2194821834564209,2,1,0.11659187078475952
subject_02:sample_0000386,2,386,2,2,1,2,1,0.9995631575584412,0.9992543458938599,0.997001051902771,1.0,0.9986056089401245,1,2,1,0.25994905829429626,2,1,0.26051899790763855,2,1,0.14324086904525757,2,1,0.21953028440475464,2,1,0.11675987392663956
subject_02:sample_0000387,2,387,2,2,1,2,1,0.999562680721283,0.9992539286613464,0.9969977140426636,1.0,0.9986041784286499,1,2,1,0.25949859619140625,2,1,0.26077088713645935,2,1,0.14315074682235718,2,1,0.21969389915466309,2,1,0.11688491702079773
subject_02:sample_0000388,2,388,1,2,0,2,0,0.9991666674613953,0.9987425208091736,0.9947180151939392,1.0,0.9975404143333435,1,2,0,0.20876871049404144,2,0,0.18760907649993896,2,0,0.14303229749202728,2,0,0.25076010823249817,2,0,0.20982886850833893
subject_02:sample_0000389,2,389,1,2,0,2,0,0.999159038066864,0.9987291097640991,0.9946754574775696,1.0,0.9975191950798035,1,2,0,0.20887978374958038,2,0,0.18751059472560883,2,0,0.14273108541965485,2,0,0.2502988576889038,2,0,0.21057870984077454
subject_02:sample_0000390,2,390,1,2,0,2,0,0.9991549849510193,0.9987261891365051,0.9946529865264893,1.0,0.9975093007087708,1,2,0,0.20879004895687103,2,0,0.18733491003513336,2,0,0.1427410989999771,2,0,0.25046971440315247,2,0,0.21066322922706604
subject_02:sample_0000391,2,391,1,2,0,2,0,0.9991982579231262,0.9987666010856628,0.9948976039886475,1.0,0.9976189136505127,1,2,0,0.20780706405639648,2,0,0.18730862438678741,2,0,0.1429673135280609,2,0,0.25065556168556213,2,0,0.21126048266887665
subject_02:sample_0000392,2,392,1,2,0,2,0,0.9991914629936218,0.9987311363220215,0.9948640465736389,1.0,0.9975936412811279,1,2,0,0.2071375548839569,2,0,0.18722115457057953,2,0,0.14326949417591095,2,0,0.25052785873413086,2,0,0.21184293925762177
subject_02:sample_0000393,2,393,1,2,0,2,0,0.9992115497589111,0.9987119436264038,0.994992196559906,1.0,0.9976367950439453,1,2,0,0.2056472897529602,2,0,0.18721580505371094,2,0,0.14347317814826965,2,0,0.2503969073295593,2,0,0.21326585114002228
subject_02:sample_0000394,2,394,1,2,0,2,0,0.9991787672042847,0.9986427426338196,0.9948149919509888,1.0,0.9975435733795166,1,2,0,0.2052125334739685,2,0,0.18718953430652618,2,0,0.14389252662658691,2,0,0.25036191940307617,2,0,0.21334251761436462
subject_02:sample_0000395,2,395,1,2,0,2,0,0.9990872144699097,0.9985178709030151,0.9942954778671265,1.0,0.9972979426383972,1,2,0,0.20573297142982483,2,0,0.18727561831474304,2,0,0.14421632885932922,2,0,0.24925750494003296,2,0,0.21351662278175354
subject_02:sample_0000396,2,396,1,2,0,2,0,0.9988763928413391,0.9982654452323914,0.9931243062019348,1.0,0.9967520833015442,1,2,0,0.206759512424469,2,0,0.18769820034503937,2,0,0.14424465596675873,2,0,0.24716706573963165,2,0,0.21412965655326843
subject_02:sample_0000397,2,397,1,2,0,2,0,0.9983494877815247,0.9973844289779663,0.9903723001480103,1.0,0.995362401008606,1,2,0,0.20802688598632812,2,0,0.1882839947938919,2,0,0.14424610137939453,2,0,0.2443949282169342,2,0,0.2150471806526184
subject_02:sample_0000398,2,398,1,2,0,2,0,0.9970048666000366,0.994796872138977,0.9840410351753235,1.0,0.9919313192367554,1,2,0,0.2095136195421219,2,0,0.18889600038528442,2,0,0.14472296833992004,2,0,0.24117614328861237,2,0,0.21569035947322845
subject_02:sample_0000399,2,399,1,2,0,2,0,0.9950897097587585,0.9910955429077148,0.9759273529052734,1.0,0.987336277961731,1,2,0,0.2103099375963211,2,0,0.189560666680336,2,0,0.14552506804466248,2,0,0.2399379163980484,2,0,0.2146655172109604
subject_02:sample_0000400,2,400,1,2,0,2,0,0.989041805267334,0.9791603088378906,0.9539157748222351,1.0,0.9739264249801636,1,2,0,0.21182334423065186,2,0,0.19004614651203156,2,0,0.14627082645893097,2,0,0.23808570206165314,2,0,0.21377302706241608
subject_02:sample_0000401,2,401,1,2,0,2,0,0.9705537557601929,0.9423741102218628,0.9004222750663757,1.0,0.9373382925987244,1,2,0,0.21364568173885345,2,0,0.19064034521579742,2,0,0.14608338475227356,2,0,0.23615944385528564,2,0,0.21347016096115112
subject_02:sample_0000402,2,402,1,2,0,2,0,0.8927969336509705,0.7871167063713074,0.7485183477401733,1.0,0.8072314262390137,1,2,0,0.21644483506679535,2,0,0.19104830920696259,2,0,0.14567218720912933,2,0,0.23369568586349487,2,0,0.21313795447349548
subject_02:sample_0000403,2,403,1,2,0,2,0,0.8082623481750488,0.618351936340332,0.6400017738342285,0.800000011920929,0.6838955283164978,0,0,0,0.21794086694717407,2,0,0.19179417192935944,2,0,0.14530445635318756,2,0,0.2315133512020111,2,0,0.21344618499279022
subject_02:sample_0000404,2,404,1,2,0,2,0,0.7024048566818237,0.4068380296230316,0.5520715713500977,0.800000011920929,0.5403412580490112,0,0,0,0.2202768474817276,2,0,0.19244474172592163,2,0,0.14510688185691833,2,0,0.22909139096736908,2,0,0.21307919919490814
subject_02:sample_0000405,2,405,1,2,0,2,0,0.5774610042572021,0.1567298173904419,0.5002723336219788,0.6000000238418579,0.3564184904098511,0,0,0,0.22285452485084534,0,0,0.19328753650188446,2,0,0.14482878148555756,2,0,0.22752980887889862,2,0,0.21149839460849762
subject_02:sample_0000406,2,406,1,0,0,2,0,0.5285665988922119,0.05836161971092224,0.49501699209213257,0.6000000238418579,0.24809366464614868,0,0,0,0.22559809684753418,0,0,0.19397328794002533,2,0,0.1448863446712494,2,0,0.22681684792041779,0,0,0.20872440934181213
subject_02:sample_0000407,2,407,1,0,0,2,0,0.5908703804016113,0.1825287640094757,0.5078548192977905,0.6000000238418579,0.37977033853530884,0,0,0,0.2279498428106308,0,0,0.19468852877616882,2,0,0.144778773188591,2,0,0.22637046873569489,0,0,0.20621146261692047
subject_02:sample_0000408,2,408,1,0,0,2,0,0.6212794780731201,0.2430984377861023,0.5184921026229858,0.6000000238418579,0.42782920598983765,0,0,0,0.23001395165920258,0,0,0.19519765675067902,2,0,0.14428505301475525,2,0,0.2258593887090683,0,0,0.20464304089546204
subject_02:sample_0000409,2,409,1,0,0,0,0,0.6398247480392456,0.2800329029560089,0.5264151692390442,0.6000000238418579,0.4551970958709717,0,0,0,0.2316887080669403,0,0,0.1952049434185028,2,0,0.14444376528263092,2,0,0.22510738670825958,0,0,0.20355428755283356
subject_02:sample_0000410,2,410,1,0,0,0,0,0.6469287872314453,0.2941894829273224,0.5297003984451294,0.6000000238418579,0.465412437915802,0,0,0,0.23248866200447083,0,0,0.19528870284557343,2,0,0.1442110389471054,2,0,0.22457990050315857,0,0,0.20343077182769775
subject_02:sample_0000411,2,411,1,0,0,0,0,0.6499602198600769,0.3002276122570038,0.5311672687530518,0.6000000238418579,0.46973857283592224,0,0,0,0.23263725638389587,0,0,0.1956893652677536,2,0,0.14365382492542267,2,0,0.2242327630519867,0,0,0.20378579199314117
subject_02:sample_0000412,2,412,1,0,0,0,0,0.6488701105117798,0.29802796244621277,0.5307802557945251,0.6000000238418579,0.46821272373199463,0,0,0,0.23263312876224518,0,0,0.19620570540428162,2,0,0.14265936613082886,2,0,0.22367814183235168,0,0,0.20482267439365387
subject_02:sample_0000413,2,413,1,0,0,0,0,0.647573709487915,0.29542720317840576,0.5302489995956421,0.6000000238418579,0.46637988090515137,0,0,0,0.23247332870960236,0,0,0.19630210101604462,2,0,0.14170175790786743,2,0,0.2227807641029358,0,0,0.2067411094903946
subject_02:sample_0000414,2,414,1,0,0,0,0,0.6446439027786255,0.28955140709877014,0.5290594696998596,0.6000000238418579,0.4622213840484619,0,0,0,0.23302321135997772,0,0,0.19689297676086426,2,0,0.14067472517490387,2,0,0.2230708748102188,0,0,0.20633715391159058
subject_02:sample_0000415,2,415,1,1,1,1,1,0.4768211841583252,0.2277931571006775,0.1374189257621765,0.6000000238418579,0.2462148517370224,0,1,1,0.158451646566391,2,0,0.19804076850414276,0,0,0.2591526508331299,1,1,0.1861216276884079,1,1,0.19823229312896729
subject_02:sample_0000416,2,416,1,1,1,1,1,0.4757101833820343,0.2267693281173706,0.13522744178771973,0.6000000238418579,0.24434144794940948,0,1,1,0.15916402637958527,2,0,0.1979619562625885,0,0,0.2587244510650635,1,1,0.18617072701454163,1,1,0.19797788560390472
subject_02:sample_0000417,2,417,1,1,1,1,1,0.4756832718849182,0.22548902034759521,0.13451534509658813,0.6000000238418579,0.24344734847545624,0,1,1,0.159845232963562,2,0,0.19768846035003662,0,0,0.2582501769065857,1,1,0.18625669181346893,1,1,0.19795846939086914
subject_02:sample_0000418,2,418,1,1,1,1,1,0.47474777698516846,0.22111710906028748,0.13287395238876343,0.6000000238418579,0.24071788787841797,0,1,1,0.16060245037078857,2,0,0.19727538526058197,0,0,0.2577711343765259,1,1,0.186453714966774,1,1,0.1978963017463684
subject_02:sample_0000419,2,419,1,1,1,1,1,0.4736037254333496,0.21507799625396729,0.12954437732696533,0.6000000238418579,0.23630696535110474,0,1,1,0.16221557557582855,2,0,0.1964046061038971,0,0,0.2564544975757599,1,1,0.18720179796218872,1,1,0.19772255420684814
subject_02:sample_0000420,2,420,1,1,1,1,1,0.47175201773643494,0.21537122130393982,0.12369567155838013,0.6000000238418579,0.2324976772069931,0,1,1,0.16421440243721008,2,0,0.19571104645729065,0,0,0.25465109944343567,1,1,0.18792012333869934,1,1,0.19750234484672546
subject_02:sample_0000421,2,421,1,1,1,1,1,0.4696281850337982,0.2114456593990326,0.11851632595062256,0.6000000238418579,0.2274627834558487,0,1,1,0.1661520153284073,2,0,0.19503413140773773,0,0,0.2528543770313263,1,1,0.18864865601062775,1,1,0.19730988144874573
subject_02:sample_0000422,2,422,1,1,1,1,1,0.4716726839542389,0.2139701545238495,0.11915910243988037,0.6000000238418579,0.229108065366745,0,1,1,0.16684219241142273,2,0,0.19450588524341583,0,0,0.25161856412887573,1,1,0.18928249180316925,1,1,0.19774992763996124
subject_02:sample_0000423,2,423,1,1,1,1,1,0.4696059823036194,0.21601492166519165,0.11333304643630981,0.4000000059604645,0.22569639980793,0,3,0,0.16881392896175385,2,0,0.19374053180217743,0,0,0.24938733875751495,1,1,0.19027698040008545,1,1,0.19778035581111908
subject_02:sample_0000424,2,424,1,1,1,1,1,0.4671028256416321,0.21983245015144348,0.10703837871551514,0.4000000059604645,0.2223384529352188,0,3,0,0.17089736461639404,2,0,0.192733034491539,0,0,0.24726565182209015,1,1,0.19116193056106567,1,1,0.1979411095380783
subject_02:sample_0000425,2,425,1,1,1,1,1,0.46393805742263794,0.2246139645576477,0.10060238838195801,0.4000000059604645,0.21886096894741058,0,3,0,0.17268072068691254,2,0,0.19157636165618896,0,0,0.24571511149406433,1,1,0.1919918805360794,1,1,0.19803501665592194
subject_02:sample_0000426,2,426,1,1,1,1,1,0.4578647017478943,0.22297295928001404,0.09179580211639404,0.4000000059604645,0.2108323872089386,0,3,0,0.17485718429088593,2,0,0.19023092091083527,0,0,0.2438385933637619,1,1,0.19348740577697754,1,1,0.19758491218090057
subject_02:sample_0000427,2,427,1,1,1,1,1,0.45919153094291687,0.23005890846252441,0.09204632043838501,0.4000000059604645,0.21344195306301117,0,3,0,0.17468681931495667,2,0,0.18961481750011444,0,0,0.24338825047016144,1,1,0.19451184570789337,1,1,0.19779729843139648
subject_02:sample_0000428,2,428,1,1,1,1,1,0.4643625020980835,0.23835697770118713,0.09719067811965942,0.4000000059604645,0.22075124084949493,0,3,0,0.17379598319530487,2,0,0.18909108638763428,0,0,0.24371974170207977,1,1,0.1951231211423874,1,1,0.1982690840959549
subject_02:sample_0000429,2,429,1,1,1,1,1,0.47011998295783997,0.2448621541261673,0.10361939668655396,0.4000000059604645,0.22848469018936157,0,3,0,0.17250409722328186,2,0,0.18852920830249786,0,0,0.24446962773799896,1,1,0.1959635615348816,1,1,0.19853252172470093
subject_02:sample_0000430,2,430,1,1,1,1,1,0.47401320934295654,0.2500804662704468,0.10799914598464966,0.4000000059604645,0.2339358776807785,0,3,0,0.17181698977947235,2,0,0.18781778216362,0,0,0.24512943625450134,1,1,0.19660960137844086,1,1,0.19862523674964905
subject_02:sample_0000431,2,431,1,1,1,1,1,0.4743351936340332,0.2505558729171753,0.10802435874938965,0.4000000059604645,0.23415522277355194,0,3,0,0.172042578458786,2,0,0.18699213862419128,0,0,0.24539493024349213,1,1,0.1972062587738037,1,1,0.1983630657196045
subject_02:sample_0000432,2,432,1,1,1,1,1,0.47730860114097595,0.2554556727409363,0.11123079061508179,0.4000000059604645,0.23847705125808716,0,3,0,0.17164070904254913,2,0,0.18642963469028473,0,0,0.2455439269542694,1,1,0.19792617857456207,1,1,0.19845853745937347
subject_02:sample_0000433,2,433,1,1,1,1,1,0.48348087072372437,0.2554357647895813,0.11971539258956909,0.6000000238418579,0.24543526768684387,0,1,1,0.170020192861557,2,0,0.18580669164657593,0,0,0.2469765692949295,1,1,0.19863173365592957,1,1,0.1985638290643692
subject_02:sample_0000434,2,434,1,1,1,1,1,0.47990554571151733,0.24626809358596802,0.1147768497467041,0.4000000059604645,0.23849138617515564,0,3,0,0.17125393450260162,2,0,0.1844940483570099,0,0,0.2466086596250534,1,1,0.1999366134405136,1,1,0.19770579040050507
subject_02:sample_0000435,2,435,1,1,1,1,1,0.4758964776992798,0.23842260241508484,0.10931259393692017,0.4000000059604645,0.23147816956043243,0,3,0,0.17255046963691711,2,0,0.18319439888000488,0,0,0.24570704996585846,1,1,0.20152108371257782,1,1,0.1970260888338089
subject_02:sample_0000436,2,436,1,1,1,1,1,0.47336164116859436,0.23154404759407043,0.10644662380218506,0.4000000059604645,0.22680510580539703,0,3,0,0.1731041520833969,2,0,0.18225474655628204,0,0,0.24522139132022858,1,1,0.20283979177474976,1,1,0.1965790092945099
subject_02:sample_0000437,2,437,1,1,1,1,1,0.47256964445114136,0.2303292155265808,0.10497522354125977,0.4000000059604645,0.22523397207260132,0,3,0,0.17314018309116364,2,0,0.1814427375793457,0,0,0.24455484747886658,1,1,0.20445601642131805,1,1,0.19640524685382843
subject_02:sample_0000438,2,438,1,1,1,1,1,0.47754108905792236,0.23124656081199646,0.11169421672821045,0.4000000059604645,0.2310497909784317,0,3,0,0.17122183740139008,2,0,0.18113206326961517,0,0,0.24533739686012268,1,1,0.20575568079948425,1,1,0.19655200839042664
subject_02:sample_0000439,2,439,1,1,1,1,1,0.4872046113014221,0.23096251487731934,0.12681794166564941,0.6000000238418579,0.24255551397800446,0,1,1,0.16790708899497986,2,0,0.18137946724891663,0,0,0.2468690276145935,1,1,0.2068607360124588,1,1,0.1969827115535736
subject_02:sample_0000440,2,440,1,1,1,1,1,0.49116113781929016,0.2203124463558197,0.1373370885848999,0.6000000238418579,0.2458575814962387,0,1,1,0.1657101958990097,2,0,0.18162430822849274,0,0,0.24763420224189758,1,1,0.2079976499080658,1,1,0.19703266024589539
subject_02:sample_0000441,2,441,1,1,1,1,1,0.49519091844558716,0.20239269733428955,0.15383219718933105,0.6000000238418579,0.2488885223865509,0,1,1,0.16322322189807892,2,0,0.18208709359169006,0,0,0.24914568662643433,1,1,0.20851972699165344,1,1,0.19702322781085968
subject_02:sample_0000442,2,442,1,1,1,1,1,0.49951696395874023,0.1786976456642151,0.1790284514427185,0.6000000238418579,0.2518819570541382,0,1,1,0.16061602532863617,2,0,0.1828894019126892,2,0,0.2508702576160431,1,1,0.20869378745555878,1,1,0.19692954421043396
subject_02:sample_0000443,2,443,1,1,1,1,1,0.505463719367981,0.16256660223007202,0.2076513171195984,0.6000000238418579,0.2574455142021179,0,1,1,0.1573026329278946,2,0,0.18414370715618134,2,0,0.2526060938835144,1,1,0.20911161601543427,1,1,0.196834996342659
subject_02:sample_0000444,2,444,1,1,1,1,1,0.5110487937927246,0.13269704580307007,0.2574840784072876,0.6000000238418579,0.25943267345428467,0,1,1,0.15262430906295776,2,0,0.1865808665752411,2,0,0.256043016910553,1,1,0.20857077836990356,1,1,0.1961800754070282
subject_02:sample_0000445,2,445,1,1,1,1,1,0.5133038759231567,0.09743461012840271,0.3194599747657776,0.6000000238418579,0.2518651485443115,0,1,1,0.14925512671470642,2,0,0.18860726058483124,2,0,0.25857287645339966,1,1,0.208212748169899,1,1,0.1953510344028473
subject_02:sample_0000446,2,446,1,1,1,1,1,0.5146133899688721,0.07687941193580627,0.36654919385910034,0.6000000238418579,0.24386030435562134,0,1,1,0.145722895860672,2,0,0.19107086956501007,2,0,0.2610887587070465,1,1,0.2078530490398407,1,1,0.19426347315311432
subject_02:sample_0000447,2,447,1,1,1,1,1,0.5149987936019897,0.06324130296707153,0.4024611711502075,0.6000000238418579,0.23578184843063354,0,1,1,0.14255142211914062,2,0,0.19387836754322052,2,0,0.2626623213291168,1,1,0.2082352638244629,1,1,0.19267170131206512
subject_02:sample_0000448,2,448,1,1,1,1,1,0.5139959454536438,0.053518056869506836,0.4223831295967102,0.6000000238418579,0.22649340331554413,0,1,1,0.13883979618549347,2,0,0.19699499011039734,2,0,0.2654193937778473,1,1,0.20823006331920624,1,1,0.19051477313041687
subject_02:sample_0000449,2,449,1,1,1,1,1,0.5116650462150574,0.04432329535484314,0.43346863985061646,0.6000000238418579,0.21421922743320465,0,1,1,0.1353432983160019,2,0,0.1992177665233612,2,0,0.2693701982498169,1,1,0.2083364576101303,1,1,0.18773126602172852
subject_02:sample_0000450,2,450,1,1,1,1,1,0.5093305110931396,0.03706616163253784,0.439553439617157,0.6000000238418579,0.2024555206298828,0,1,1,0.1325501650571823,2,0,0.2006773203611374,2,0,0.27275168895721436,1,1,0.20884980261325836,1,1,0.18517005443572998
subject_02:sample_0000451,2,451,1,1,1,1,1,0.5067509412765503,0.029435783624649048,0.4455564618110657,0.6000000238418579,0.18801431357860565,0,1,1,0.12997877597808838,2,0,0.20214051008224487,2,0,0.27631402015686035,1,1,0.20911793410778046,1,1,0.18244779109954834
subject_02:sample_0000452,2,452,1,1,1,1,1,0.5043140053749084,0.022556573152542114,0.4508506655693054,0.6000000238418579,0.17245228588581085,0,1,1,0.12803973257541656,2,0,0.2033335268497467,2,0,0.279420405626297,1,1,0.20931175351142883,1,1,0.1798935979604721
subject_02:sample_0000453,2,453,1,1,1,1,1,0.5020363926887512,0.016354292631149292,0.45549219846725464,0.6000000238418579,0.15522056818008423,0,1,1,0.12648670375347137,2,0,0.20423613488674164,2,0,0.2822493314743042,1,1,0.20951519906520844,1,1,0.17751167714595795
subject_02:sample_0000454,2,454,1,1,1,1,1,0.5009691715240479,0.01336205005645752,0.4577551484107971,0.6000000238418579,0.14524652063846588,0,1,1,0.1254129856824875,2,0,0.20437103509902954,2,0,0.2840868830680847,1,1,0.21054713428020477,1,1,0.17558100819587708
subject_02:sample_0000455,2,455,1,1,1,1,1,0.5013673901557922,0.013662576675415039,0.45926445722579956,0.6000000238418579,0.14652682840824127,0,1,1,0.12501190602779388,2,0,0.20396946370601654,2,0,0.2844943404197693,1,1,0.21193835139274597,1,1,0.17458491027355194
subject_02:sample_0000456,2,456,1,1,1,1,1,0.5013306140899658,0.013347476720809937,0.45977455377578735,0.6000000238418579,0.14544184505939484,0,1,1,0.1245344951748848,2,0,0.20360060036182404,2,0,0.2852499783039093,1,1,0.21308788657188416,1,1,0.17352616786956787
subject_02:sample_0000457,2,457,1,1,1,1,1,0.5006805062294006,0.011645376682281494,0.46102476119995117,0.6000000238418579,0.13904203474521637,0,1,1,0.1241447925567627,2,0,0.20383751392364502,2,0,0.2859766483306885,1,1,0.21337002515792847,1,1,0.17267011106014252
subject_02:sample_0000458,2,458,1,1,1,1,1,0.4984990358352661,0.006936371326446533,0.4622366428375244,0.6000000238418579,0.11691951006650925,0,1,1,0.1235259622335434,2,0,0.2044920027256012,2,0,0.2876812219619751,1,1,0.21247024834156036,1,1,0.17182958126068115
subject_02:sample_0000459,2,459,1,1,1,1,1,0.4966503083705902,0.0030662119388580322,0.4627543091773987,0.6000000238418579,0.08898861706256866,0,1,1,0.12300349026918411,2,0,0.20510585606098175,2,0,0.2890644073486328,1,1,0.2115435153245926,1,1,0.1712818294763565
subject_02:sample_0000460,2,460,1,1,1,1,1,0.4963781535625458,0.0027693510055541992,0.4616880416870117,0.6000000238418579,0.08593691140413284,0,1,1,0.12265006452798843,2,0,0.20544099807739258,2,0,0.288969486951828,1,1,0.21153077483177185,1,1,0.17140771448612213
subject_02:sample_0000461,2,461,1,1,1,1,1,0.4952062666416168,0.0007752478122711182,0.46025681495666504,0.6000000238418579,0.056114561855793,0,1,1,0.12220704555511475,2,0,0.20591264963150024,2,0,0.28963086009025574,1,1,0.21077312529087067,1,1,0.17147544026374817
subject_02:sample_0000462,2,462,1,2,0,1,1,0.4958154559135437,0.0020813345909118652,0.45993614196777344,0.4000000059604645,0.07800453156232834,0,1,1,0.12158676236867905,2,0,0.2060081511735916,2,0,0.29096609354019165,1,1,0.21004164218902588,1,1,0.17139632999897003
subject_02:sample_0000463,2,463,1,2,0,1,1,0.49687397480010986,0.004708826541900635,0.4579690098762512,0.4000000059604645,0.10232890397310257,0,1,1,0.12107914686203003,2,0,0.2060994654893875,2,0,0.2923923432826996,1,1,0.2091853767633438,1,1,0.17124272882938385
subject_02:sample_0000464,2,464,1,2,0,1,1,0.49684587121009827,0.005582243204116821,0.4545673131942749,0.4000000059604645,0.10802963376045227,0,1,1,0.12068022042512894,2,0,0.20601192116737366,2,0,0.2932531237602234,1,1,0.208650603890419,1,1,0.171403169631958
subject_02:sample_0000465,2,465,1,2,0,1,1,0.49610304832458496,0.00542294979095459,0.44995564222335815,0.4000000059604645,0.10657590627670288,0,1,1,0.12034199386835098,2,0,0.20598818361759186,2,0,0.2937077283859253,1,1,0.2085292637348175,1,1,0.17143189907073975
subject_02:sample_0000466,2,466,1,2,0,1,1,0.4960446357727051,0.005831629037857056,0.4483063817024231,0.4000000059604645,0.10905072093009949,0,1,1,0.12014801800251007,2,0,0.2060023993253708,2,0,0.293899267911911,1,1,0.20811636745929718,1,1,0.17183303833007812
subject_02:sample_0000467,2,467,1,2,0,1,1,0.4948059022426605,0.004982739686965942,0.4430656433105469,0.4000000059604645,0.10298888385295868,0,1,1,0.11996141821146011,2,0,0.20610371232032776,2,0,0.29388928413391113,1,1,0.2078929841518402,1,1,0.17215169966220856
subject_02:sample_0000468,2,468,1,2,0,1,1,0.49293893575668335,0.003815591335296631,0.43523329496383667,0.4000000059604645,0.09354609996080399,0,1,1,0.11991487443447113,2,0,0.20635351538658142,2,0,0.2940225303173065,1,1,0.20710119605064392,1,1,0.17260697484016418
subject_02:sample_0000469,2,469,1,3,0,3,0,0.691116213798523,0.40241917967796326,0.5001108646392822,0.6000000238418579,0.5181219577789307,0,3,0,0.16954223811626434,0,0,0.23887473344802856,3,0,0.2121260017156601,0,0,0.18647387623786926,3,0,0.19298218190670013
subject_02:sample_0000470,2,470,1,3,0,3,0,0.6963714361190796,0.41253137588500977,0.5042324066162109,0.800000011920929,0.5251817107200623,0,3,0,0.1695801168680191,3,0,0.23902365565299988,3,0,0.21232354640960693,0,0,0.1867765486240387,3,0,0.1922951489686966
subject_02:sample_0000471,2,471,1,3,0,3,0,0.7143185138702393,0.4471636712551117,0.5188355445861816,0.800000011920929,0.5492828488349915,0,3,0,0.1698325276374817,3,0,0.238747239112854,3,0,0.21316653490066528,0,0,0.18752503395080566,3,0,0.19072769582271576
subject_02:sample_0000472,2,472,1,3,0,3,0,0.7177914381027222,0.45321035385131836,0.5230636596679688,0.800000011920929,0.5541374683380127,0,3,0,0.16983480751514435,3,0,0.2385426163673401,3,0,0.21359074115753174,0,0,0.18786735832691193,3,0,0.1901635378599167
subject_02:sample_0000473,2,473,1,3,0,3,0,0.7173639535903931,0.4520071744918823,0.5234416127204895,0.800000011920929,0.5536699891090393,0,3,0,0.17004413902759552,3,0,0.23882178962230682,3,0,0.21374335885047913,0,0,0.18809089064598083,3,0,0.1892988681793213
subject_02:sample_0000474,2,474,1,3,0,3,0,0.7185068130493164,0.4538929760456085,0.5250564217567444,0.800000011920929,0.555303156375885,0,3,0,0.16993099451065063,3,0,0.2398688942193985,3,0,0.21396224200725555,0,0,0.18873260915279388,3,0,0.18750423192977905
subject_02:sample_0000475,2,475,1,3,0,3,0,0.7293625473976135,0.47599828243255615,0.5323336720466614,0.800000011920929,0.5696099996566772,0,3,0,0.17017564177513123,3,0,0.24117633700370789,3,0,0.21402890980243683,0,0,0.18961597979068756,3,0,0.1850021481513977
subject_02:sample_0000476,2,476,1,3,0,3,0,0.7326247096061707,0.48367223143577576,0.5326523780822754,0.800000011920929,0.5736216306686401,0,3,0,0.17046517133712769,3,0,0.2430097907781601,3,0,0.21383942663669586,0,0,0.1904928982257843,3,0,0.18219180405139923
subject_02:sample_0000477,2,477,1,3,0,3,0,0.7147173285484314,0.45165950059890747,0.5122662782669067,0.800000011920929,0.5488837361335754,0,3,0,0.17021116614341736,3,0,0.24544203281402588,3,0,0.21303494274616241,0,0,0.19115540385246277,3,0,0.18015548586845398
subject_02:sample_0000478,2,478,1,3,0,3,0,0.6823099851608276,0.3927527666091919,0.48034512996673584,0.800000011920929,0.5049148201942444,0,3,0,0.16913095116615295,3,0,0.24800245463848114,3,0,0.2124539017677307,0,0,0.19212792813777924,3,0,0.17828385531902313
subject_02:sample_0000479,2,479,1,3,0,3,0,0.6412338614463806,0.32347372174263,0.4369967579841614,0.6000000238418579,0.4492049813270569,0,3,0,0.16600973904132843,0,0,0.2517945170402527,3,0,0.21232351660728455,0,0,0.19416163861751556,3,0,0.17570964992046356
subject_02:sample_0000480,2,480,1,3,0,3,0,0.5997849702835083,0.2626799941062927,0.3884005546569824,0.6000000238418579,0.39406460523605347,0,3,0,0.1613660305738449,0,0,0.25632086396217346,3,0,0.21272605657577515,0,0,0.19701948761940002,3,0,0.17256659269332886
subject_02:sample_0000481,2,481,1,3,0,3,0,0.5560671091079712,0.20488303899765015,0.3401258587837219,0.6000000238418579,0.33839523792266846,0,3,0,0.1554490029811859,0,0,0.2608754634857178,3,0,0.21331419050693512,0,0,0.20033513009548187,3,0,0.17002524435520172
subject_02:sample_0000482,2,482,1,3,0,3,0,0.5185916423797607,0.1660136580467224,0.29843759536743164,0.6000000238418579,0.2950808107852936,0,3,0,0.14964792132377625,0,0,0.26507383584976196,3,0,0.21309174597263336,1,1,0.20373785495758057,3,0,0.16844768822193146
subject_02:sample_0000483,2,483,1,3,0,3,0,0.4830583930015564,0.139825701713562,0.2619537115097046,0.6000000238418579,0.26057758927345276,0,3,0,0.14348003268241882,0,0,0.26912757754325867,3,0,0.21294978260993958,1,1,0.20744676887989044,3,0,0.1669948697090149
subject_02:sample_0000484,2,484,1,3,0,3,0,0.4514305293560028,0.11644276976585388,0.23840606212615967,0.6000000238418579,0.23227736353874207,0,3,0,0.1379694938659668,0,0,0.2725861370563507,3,0,0.2128034085035324,1,1,0.2111717313528061,3,0,0.1654682457447052
subject_02:sample_0000485,2,485,1,3,0,3,0,0.4282225966453552,0.09560886025428772,0.22654390335083008,0.4000000059604645,0.2101067453622818,0,1,1,0.13387762010097504,0,0,0.2747954726219177,3,0,0.21224090456962585,1,1,0.21455591917037964,3,0,0.16452905535697937
subject_02:sample_0000486,2,486,1,3,0,1,1,0.4178401827812195,0.07836803793907166,0.22393113374710083,0.4000000059604645,0.19427691400051117,0,1,1,0.13284656405448914,0,0,0.27526041865348816,3,0,0.21152374148368835,1,1,0.2168361395597458,3,0,0.16353213787078857
subject_02:sample_0000487,2,487,1,3,0,1,1,0.4113292694091797,0.062007904052734375,0.22388428449630737,0.4000000059604645,0.17873930931091309,0,1,1,0.13263525068759918,0,0,0.2747088670730591,3,0,0.21088232100009918,1,1,0.21869589388370514,3,0,0.1630767285823822
subject_02:sample_0000488,2,488,1,3,0,1,1,0.40672212839126587,0.043029993772506714,0.2263537049293518,0.4000000059604645,0.158228799700737,0,1,1,0.13258831202983856,0,0,0.27380043268203735,3,0,0.21016338467597961,1,1,0.22012998163700104,3,0,0.16331692039966583
subject_02:sample_0000489,2,489,1,3,0,1,1,0.40236759185791016,0.0281982421875,0.22819948196411133,0.4000000059604645,0.13731558620929718,0,1,1,0.13223664462566376,0,0,0.27342280745506287,3,0,0.20969189703464508,1,1,0.22129707038402557,3,0,0.1633506417274475
subject_02:sample_0000490,2,490,1,3,0,1,1,0.3978411555290222,0.012469232082366943,0.23064017295837402,0.4000000059604645,0.10459110885858536,0,1,1,0.13184355199337006,0,0,0.27323076128959656,3,0,0.2083522081375122,0,0,0.22256459295749664,3,0,0.16400790214538574
subject_02:sample_0000491,2,491,1,0,0,1,1,0.3986060917377472,0.003681182861328125,0.2352045774459839,0.4000000059604645,0.07014429569244385,0,1,1,0.1318742036819458,0,0,0.27296924591064453,3,0,0.20778021216392517,0,0,0.22373948991298676,3,0,0.16363586485385895
subject_02:sample_0000492,2,492,1,0,0,1,1,0.4145478904247284,0.01959720253944397,0.24349474906921387,0.4000000059604645,0.12553150951862335,0,1,1,0.13276192545890808,0,0,0.27305492758750916,3,0,0.20795795321464539,0,0,0.2244344800710678,3,0,0.16178977489471436
subject_02:sample_0000493,2,493,1,0,0,1,1,0.4347471296787262,0.038032323122024536,0.25710511207580566,0.4000000059604645,0.16199441254138947,0,1,1,0.134156733751297,0,0,0.2724164128303528,3,0,0.20913223922252655,0,0,0.22522862255573273,3,0,0.15906505286693573
subject_02:sample_0000494,2,494,1,0,0,1,1,0.4487250745296478,0.05325856804847717,0.2664393186569214,0.4000000059604645,0.18534861505031586,0,1,1,0.13455261290073395,0,0,0.2729184925556183,3,0,0.2100476175546646,0,0,0.22634492814540863,3,0,0.15613536536693573
subject_02:sample_0000495,2,495,1,0,0,1,1,0.46272408962249756,0.06438717246055603,0.27995723485946655,0.4000000059604645,0.2028014212846756,0,1,1,0.1364060640335083,0,0,0.2730482518672943,3,0,0.21098731458187103,0,0,0.2271825075149536,3,0,0.15237489342689514
subject_02:sample_0000496,2,496,1,0,0,1,1,0.4715728759765625,0.07347142696380615,0.28774505853652954,0.4000000059604645,0.2152245193719864,0,1,1,0.1365402489900589,0,0,0.2740396559238434,3,0,0.21223698556423187,0,0,0.22839562594890594,3,0,0.1487865149974823
subject_02:sample_0000497,2,497,1,0,0,1,1,0.4799080193042755,0.0850222110748291,0.2930326461791992,0.4000000059604645,0.228666290640831,0,1,1,0.13504496216773987,0,0,0.2749398350715637,3,0,0.21413765847682953,0,0,0.22988899052143097,3,0,0.1459876149892807
subject_02:sample_0000498,2,498,1,0,0,1,1,0.4866425693035126,0.09784966707229614,0.2945649027824402,0.4000000059604645,0.2411663979291916,0,1,1,0.13208134472370148,0,0,0.27644437551498413,3,0,0.2161458283662796,0,0,0.23178131878376007,3,0,0.1435461789369583
subject_02:sample_0000499,2,499,1,0,0,1,1,0.4913988411426544,0.10741516947746277,0.29530763626098633,0.4000000059604645,0.24979941546916962,0,1,1,0.12889735400676727,0,0,0.27797386050224304,3,0,0.21818391978740692,0,0,0.23344658315181732,3,0,0.14149734377861023
subject_02:sample_0000500,2,500,1,0,0,1,1,0.49664604663848877,0.11720049381256104,0.29683512449264526,0.4000000059604645,0.2585218548774719,0,1,1,0.12572994828224182,0,0,0.27929553389549255,3,0,0.21973057091236115,0,0,0.23532043397426605,3,0,0.13992257416248322
subject_02:sample_0000501,2,501,1,0,0,1,1,0.5010522603988647,0.12465345859527588,0.29880058765411377,0.4000000059604645,0.2652505338191986,0,1,1,0.12330499291419983,0,0,0.28022336959838867,3,0,0.22087214887142181,0,0,0.2369297742843628,3,0,0.1386687457561493
subject_02:sample_0000502,2,502,1,0,0,1,1,0.5047781467437744,0.1316666603088379,0.29992133378982544,0.4000000059604645,0.27114057540893555,0,1,1,0.12068380415439606,0,0,0.28116604685783386,3,0,0.2218283712863922,0,0,0.23867158591747284,3,0,0.137649267911911
subject_02:sample_0000503,2,503,1,0,0,1,1,0.5091047883033752,0.13905218243598938,0.30189645290374756,0.4000000059604645,0.27751150727272034,0,1,1,0.1185242235660553,0,0,0.2820345461368561,3,0,0.22220219671726227,0,0,0.2403983324766159,3,0,0.13683973252773285
subject_02:sample_0000504,2,504,1,0,0,1,1,0.5124192833900452,0.1449946165084839,0.30320513248443604,0.4000000059604645,0.28242596983909607,0,1,1,0.11621330678462982,0,0,0.2834858298301697,3,0,0.22312909364700317,0,0,0.24184200167655945,3,0,0.13532878458499908
subject_02:sample_0000505,2,505,1,0,0,1,1,0.516095757484436,0.1516548991203308,0.3046444058418274,0.4000000059604645,0.28782376646995544,0,1,1,0.11432211846113205,0,0,0.28471991419792175,3,0,0.22330854833126068,0,0,0.2433651089668274,3,0,0.13428336381912231
subject_02:sample_0000506,2,506,1,0,0,1,1,0.518854022026062,0.15599822998046875,0.3062906861305237,0.4000000059604645,0.2915857136249542,0,1,1,0.1135653406381607,0,0,0.2848818004131317,3,0,0.22317369282245636,0,0,0.2444228082895279,3,0,0.13395540416240692
subject_02:sample_0000507,2,507,1,0,0,1,1,0.5197563171386719,0.15733987092971802,0.306892454624176,0.4000000059604645,0.2927801311016083,0,1,1,0.11290425807237625,0,0,0.2840210497379303,3,0,0.22359879314899445,0,0,0.24507473409175873,3,0,0.13440023362636566
subject_02:sample_0000508,2,508,1,0,0,1,1,0.5207311511039734,0.15709829330444336,0.3089441657066345,0.4000000059604645,0.2934640944004059,0,1,1,0.11243481189012527,0,0,0.28238242864608765,3,0,0.22500282526016235,0,0,0.24570900201797485,3,0,0.13447001576423645
subject_02:sample_0000509,2,509,1,0,0,1,1,0.5216871500015259,0.15733018517494202,0.31058448553085327,0.4000000059604645,0.29430702328681946,0,1,1,0.11150934547185898,0,0,0.2809971570968628,3,0,0.22649449110031128,0,0,0.24654489755630493,3,0,0.13445311784744263
subject_02:sample_0000510,2,510,1,0,0,1,1,0.5220626592636108,0.15705960988998413,0.31154149770736694,0.4000000059604645,0.2945106327533722,0,1,1,0.11116336286067963,0,0,0.280154287815094,3,0,0.22745947539806366,0,0,0.24693180620670319,3,0,0.13429006934165955
subject_02:sample_0000511,2,511,2,0,0,2,1,0.5655162334442139,0.13412219285964966,0.492912232875824,0.4000000059604645,0.33437857031822205,0,0,0,0.28125205636024475,2,1,0.18976086378097534,2,1,0.14830759167671204,2,1,0.09423258900642395,0,0,0.2864459753036499
subject_02:sample_0000512,2,512,2,3,0,3,0,0.5021389126777649,0.2430710792541504,0.21854448318481445,0.4000000059604645,0.29878970980644226,0,2,1,0.10415158420801163,2,1,0.16350045800209045,0,0,0.229872465133667,3,0,0.2504321336746216,3,0,0.25204241275787354
subject_02:sample_0000513,2,513,2,3,0,3,0,0.5020443201065063,0.24405348300933838,0.2173660397529602,0.4000000059604645,0.29863423109054565,0,2,1,0.1036820188164711,2,1,0.16366663575172424,0,0,0.23024402558803558,3,0,0.25071197748184204,3,0,0.25169438123703003
subject_02:sample_0000514,2,514,2,3,0,3,0,0.5007083415985107,0.2432228922843933,0.21542346477508545,0.4000000059604645,0.2971397340297699,0,2,1,0.10402298718690872,2,1,0.16386276483535767,0,0,0.23112598061561584,3,0,0.2491854876279831,3,0,0.25180181860923767
subject_02:sample_0000515,2,515,2,3,0,3,0,0.49846476316452026,0.24117377400398254,0.2102223038673401,0.4000000059604645,0.2934592366218567,0,2,1,0.10634682327508926,2,1,0.16364158689975739,0,0,0.23135995864868164,3,0,0.24711874127388,3,0,0.2515319287776947
subject_02:sample_0000516,2,516,2,3,0,3,0,0.4957374632358551,0.241582989692688,0.19862377643585205,0.4000000059604645,0.2875961661338806,0,2,1,0.10893796384334564,2,1,0.1637280434370041,0,0,0.23151451349258423,3,0,0.24463634192943573,3,0,0.2511821687221527
subject_02:sample_0000517,2,517,2,3,0,3,0,0.49310335516929626,0.24523989856243134,0.18180865049362183,0.4000000059604645,0.2801439166069031,0,2,1,0.11199718713760376,2,1,0.1637432724237442,0,0,0.23120032250881195,3,0,0.24212773144245148,3,0,0.2509305477142334
subject_02:sample_0000518,2,518,2,3,0,3,0,0.49072617292404175,0.2541232109069824,0.1628643274307251,0.4000000059604645,0.27283692359924316,0,2,1,0.11336095631122589,2,1,0.1641007363796234,0,0,0.23199839890003204,3,0,0.23933841288089752,3,0,0.25120052695274353
subject_02:sample_0000519,2,519,2,3,0,3,0,0.4917728900909424,0.2608742117881775,0.15329796075820923,0.4000000059604645,0.269925594329834,0,2,1,0.11210598051548004,2,1,0.16433803737163544,0,0,0.23203922808170319,3,0,0.2391376942396164,3,0,0.25237810611724854
subject_02:sample_0000520,2,520,2,3,0,3,0,0.49336671829223633,0.26414674520492554,0.14558738470077515,0.4000000059604645,0.26671430468559265,0,2,1,0.1101563423871994,2,1,0.16483327746391296,0,0,0.23195303976535797,3,0,0.23924031853675842,3,0,0.25381606817245483
subject_02:sample_0000521,2,521,2,3,0,3,0,0.4931974411010742,0.2670571208000183,0.1366463303565979,0.4000000059604645,0.2620641589164734,0,2,1,0.10960905253887177,2,1,0.1655133068561554,0,0,0.232061967253685,3,0,0.2380359023809433,3,0,0.25477880239486694
subject_02:sample_0000522,2,522,2,3,0,3,0,0.49343007802963257,0.2747521698474884,0.12771683931350708,0.4000000059604645,0.2587050497531891,0,2,1,0.10875266790390015,2,1,0.16642731428146362,0,0,0.23182402551174164,3,0,0.2371748983860016,3,0,0.255820095539093
subject_02:sample_0000523,2,523,2,3,0,3,0,0.4943663775920868,0.2842531204223633,0.12193071842193604,0.4000000059604645,0.25780364871025085,0,2,1,0.10704655945301056,1,0,0.16730079054832458,0,0,0.23173940181732178,3,0,0.23707512021064758,3,0,0.2568371593952179
subject_02:sample_0000524,2,524,2,3,0,3,0,0.4952477812767029,0.2507147192955017,0.13082343339920044,0.4000000059604645,0.2532576620578766,0,2,1,0.1061437577009201,2,1,0.16763293743133545,0,0,0.2314032018184662,3,0,0.23723730444908142,3,0,0.2575818598270416
subject_02:sample_0000525,2,525,2,3,0,3,0,0.4963963031768799,0.19128626585006714,0.16408604383468628,0.4000000059604645,0.2497629076242447,0,2,1,0.10629711300134659,2,1,0.1672777235507965,0,0,0.2303795963525772,3,0,0.23801417648792267,3,0,0.2580305337905884
subject_02:sample_0000526,2,526,2,3,0,3,0,0.49712708592414856,0.1225227415561676,0.23068159818649292,0.4000000059604645,0.24130463600158691,0,2,1,0.10790954530239105,2,1,0.1664479821920395,2,1,0.22876720130443573,3,0,0.2389799952507019,3,0,0.25789424777030945
subject_02:sample_0000527,2,527,2,3,0,3,0,0.498128205537796,0.06234520673751831,0.32592761516571045,0.4000000059604645,0.21631589531898499,0,2,1,0.10984418541193008,2,1,0.16466733813285828,2,1,0.22750236093997955,3,0,0.23993097245693207,3,0,0.2580541968345642
subject_02:sample_0000528,2,528,2,3,0,3,0,0.49993211030960083,0.027010023593902588,0.41063642501831055,0.4000000059604645,0.1769964098930359,0,2,1,0.11276938766241074,2,1,0.16173025965690613,2,1,0.2256247103214264,3,0,0.24169212579727173,3,0,0.2581825852394104
subject_02:sample_0000529,2,529,2,3,0,3,0,0.5007598996162415,0.012349098920822144,0.45745307207107544,0.4000000059604645,0.14142856001853943,0,2,1,0.11672813445329666,2,1,0.15842819213867188,2,1,0.22410127520561218,3,0,0.2427740842103958,3,0,0.2579673230648041
subject_02:sample_0000530,2,530,2,3,0,3,0,0.5015238523483276,0.007514089345932007,0.48001766204833984,0.4000000059604645,0.12184517830610275,0,2,1,0.12155213207006454,2,1,0.15496498346328735,2,1,0.22196054458618164,3,0,0.24376046657562256,3,0,0.2577609419822693
subject_02:sample_0000531,2,531,2,3,0,3,0,0.5041751861572266,0.010381042957305908,0.48995333909988403,0.4000000059604645,0.13687549531459808,0,2,1,0.1247616782784462,2,1,0.15150152146816254,2,1,0.21955262124538422,3,0,0.24598047137260437,3,0,0.25820279121398926
subject_02:sample_0000532,2,532,2,3,0,3,0,0.5058167576789856,0.012810736894607544,0.4938422441482544,0.4000000059604645,0.1473618745803833,0,2,1,0.1282060444355011,2,1,0.1490585207939148,2,1,0.2169068306684494,3,0,0.24735714495182037,3,0,0.25847047567367554
subject_02:sample_0000533,2,533,2,3,0,3,0,0.5063438415527344,0.013605684041976929,0.495094895362854,0.4000000059604645,0.15052826702594757,0,2,1,0.13129618763923645,2,1,0.14806173741817474,2,1,0.21428625285625458,3,0,0.24826595187187195,3,0,0.2580889165401459
subject_02:sample_0000534,2,534,2,3,0,3,0,0.5057586431503296,0.012397289276123047,0.4952971935272217,0.4000000059604645,0.14589664340019226,0,2,1,0.13486911356449127,2,1,0.14807012677192688,2,1,0.2112945020198822,3,0,0.24898000061511993,3,0,0.2567853033542633
subject_02:sample_0000535,2,535,2,3,0,3,0,0.5043344497680664,0.009552836418151855,0.49527639150619507,0.4000000059604645,0.13362862169742584,0,2,1,0.13817575573921204,2,1,0.14823400974273682,2,1,0.20925967395305634,3,0,0.24864189326763153,3,0,0.2556876540184021
subject_02:sample_0000536,2,536,2,3,0,3,0,0.5041159391403198,0.00916638970375061,0.4950546622276306,0.4000000059604645,0.13176314532756805,0,2,1,0.14086288213729858,2,1,0.14781853556632996,2,1,0.20721890032291412,3,0,0.24918115139007568,3,0,0.25491762161254883
subject_02:sample_0000537,2,537,2,3,0,3,0,0.5061472654342651,0.01326701045036316,0.4949273467063904,0.4000000059604645,0.1492326259613037,0,2,1,0.14303287863731384,2,1,0.1468854695558548,2,1,0.20395392179489136,3,0,0.25043296813964844,3,0,0.25569382309913635
subject_02:sample_0000538,2,538,2,3,0,3,0,0.5086639523506165,0.018381237983703613,0.49463045597076416,0.4000000059604645,0.16660787165164948,0,2,1,0.144507497549057,2,1,0.14616279304027557,2,1,0.20067818462848663,3,0,0.2521825432777405,3,0,0.2564680278301239
subject_02:sample_0000539,2,539,2,3,0,3,0,0.5111676454544067,0.023468077182769775,0.4943612217903137,0.4000000059604645,0.18100687861442566,0,2,1,0.14619873464107513,2,1,0.14574846625328064,2,1,0.19687771797180176,3,0,0.25456660985946655,3,0,0.2566075026988983
subject_02:sample_0000540,2,540,2,3,0,3,0,0.5116589665412903,0.024736404418945312,0.49315494298934937,0.4000000059604645,0.18411965668201447,0,2,1,0.1493406742811203,2,1,0.14562205970287323,2,1,0.19334359467029572,3,0,0.25646016001701355,3,0,0.2552325427532196
subject_02:sample_0000541,2,541,2,3,0,3,0,0.5129102468490601,0.02777191996574402,0.49102360010147095,0.4000000059604645,0.19124194979667664,0,2,1,0.15222647786140442,2,1,0.1455938220024109,2,1,0.18917863070964813,3,0,0.2591656446456909,3,0,0.2538345158100128
subject_02:sample_0000542,2,542,2,3,0,3,0,0.5168339014053345,0.03610771894454956,0.4893041253089905,0.4000000059604645,0.20901460945606232,0,2,1,0.15411852300167084,2,1,0.14565856754779816,2,1,0.18321165442466736,3,0,0.262362003326416,3,0,0.2546483278274536
subject_02:sample_0000543,2,543,2,3,0,3,0,0.5214425921440125,0.045633405447006226,0.4884169101715088,0.4000000059604645,0.2265131026506424,0,2,1,0.15575562417507172,2,1,0.14560846984386444,2,1,0.17692822217941284,3,0,0.26499050855636597,3,0,0.256716251373291
subject_02:sample_0000544,2,544,2,3,0,3,0,0.5247100591659546,0.053012073040008545,0.4855996370315552,0.4000000059604645,0.23815377056598663,0,2,1,0.15802305936813354,2,1,0.14547711610794067,2,1,0.17136472463607788,3,0,0.2672790586948395,3,0,0.2578551471233368
subject_02:sample_0000545,2,545,2,3,0,3,0,0.527901291847229,0.06015050411224365,0.48325562477111816,0.4000000059604645,0.24849803745746613,0,2,1,0.16016918420791626,2,1,0.14539466798305511,2,1,0.16594603657722473,3,0,0.2688872218132019,3,0,0.25960201025009155
subject_02:sample_0000546,2,546,2,3,0,3,0,0.5307846069335938,0.06721654534339905,0.47926586866378784,0.4000000059604645,0.25762638449668884,0,2,1,0.16232292354106903,2,1,0.14562705159187317,2,1,0.16033615171909332,3,0,0.2707039415836334,3,0,0.26100894808769226
subject_02:sample_0000547,2,547,2,3,0,3,0,0.5332144498825073,0.07381138205528259,0.47417348623275757,0.4000000059604645,0.26524922251701355,0,2,1,0.16407635807991028,2,1,0.14569808542728424,2,1,0.15537840127944946,3,0,0.2730622887611389,3,0,0.2617838978767395
subject_02:sample_0000548,2,548,2,3,0,3,0,0.5353341102600098,0.07786843180656433,0.4749453663825989,0.4000000059604645,0.27052661776542664,0,2,1,0.163985013961792,2,1,0.1457800269126892,2,1,0.15230996906757355,3,0,0.27518418431282043,3,0,0.2627398669719696
subject_02:sample_0000549,2,549,2,3,0,3,0,0.5364194512367249,0.08117660880088806,0.47171056270599365,0.4000000059604645,0.27386531233787537,0,2,1,0.16276435554027557,2,1,0.14583604037761688,2,1,0.14980992674827576,3,0,0.2783598303794861,3,0,0.2632288932800293
subject_02:sample_0000550,2,550,2,3,0,3,0,0.5339145064353943,0.08183571696281433,0.4561800956726074,0.4000000059604645,0.27113378047943115,0,2,1,0.16109859943389893,2,1,0.14572398364543915,2,1,0.1474829465150833,3,0,0.2825273871421814,3,0,0.2631661593914032
subject_02:sample_0000551,2,551,2,3,0,3,0,0.5186644792556763,0.07039216160774231,0.4133948087692261,0.4000000059604645,0.247129887342453,0,2,1,0.15880388021469116,2,1,0.14529302716255188,2,1,0.14574672281742096,3,0,0.28792330622673035,3,0,0.26223212480545044
subject_02:sample_0000552,2,552,2,3,0,3,0,0.46249258518218994,0.021072179079055786,0.31947195529937744,0.4000000059604645,0.14602111279964447,0,2,1,0.15492139756679535,2,1,0.14455367624759674,2,1,0.14296048879623413,3,0,0.2963019609451294,3,0,0.26126155257225037
subject_02:sample_0000553,2,553,2,2,1,2,1,0.43530070781707764,0.050183504819869995,0.2504899501800537,0.6000000238418579,0.17621663212776184,0,2,1,0.15192198753356934,2,1,0.14377033710479736,2,1,0.14039340615272522,3,0,0.30408215522766113,1,0,0.25983113050460815
subject_02:sample_0000554,2,554,2,2,1,2,1,0.4292127192020416,0.08909827470779419,0.22839921712875366,0.6000000238418579,0.20594225823879242,0,2,1,0.14878994226455688,2,1,0.14326661825180054,2,1,0.13777469098567963,3,0,0.3115687370300293,1,0,0.25859907269477844
subject_02:sample_0000555,2,555,2,2,1,2,1,0.42554497718811035,0.09822607040405273,0.22354769706726074,0.6000000238418579,0.21062703430652618,0,2,1,0.14647509157657623,2,1,0.14336581528186798,2,1,0.13622646033763885,3,0,0.31632253527641296,1,0,0.25760918855667114
subject_02:sample_0000556,2,556,2,2,1,2,1,0.42004358768463135,0.09403574466705322,0.22073739767074585,0.6000000238418579,0.20582006871700287,0,2,1,0.14209964871406555,2,1,0.14382915198802948,2,1,0.13452212512493134,3,0,0.32087329030036926,1,0,0.2586748003959656
subject_02:sample_0000557,2,557,2,2,1,2,1,0.4188828766345978,0.09454914927482605,0.2196829915046692,0.6000000238418579,0.20567533373832703,0,2,1,0.1403907686471939,2,1,0.1450110673904419,2,1,0.13374143838882446,3,0,0.32223939895629883,1,0,0.2586163282394409
subject_02:sample_0000558,2,558,2,2,1,2,1,0.42240503430366516,0.10301581025123596,0.21979862451553345,0.6000000238418579,0.21226869523525238,0,2,1,0.14030055701732635,2,1,0.14699600636959076,2,1,0.13376976549625397,3,0,0.3201446533203125,1,0,0.2587881088256836
subject_02:sample_0000559,2,559,2,2,1,2,1,0.5383182764053345,0.2792312502861023,0.2709617614746094,0.6000000238418579,0.34406226873397827,0,2,1,0.14282482862472534,2,1,0.15110385417938232,2,1,0.13695190846920013,3,0,0.3099883198738098,1,0,0.2591301500797272
subject_02:sample_0000560,2,560,2,2,1,2,1,0.7362092733383179,0.4759162962436676,0.5692932605743408,0.800000011920929,0.5842821598052979,0,2,1,0.1472400575876236,2,1,0.1568376123905182,2,1,0.1413034200668335,2,1,0.29414650797843933,1,0,0.2604714632034302
subject_02:sample_0000561,2,561,2,2,1,2,1,0.7362515926361084,0.4732808768749237,0.5796852111816406,0.800000011920929,0.5867401361465454,0,2,1,0.15219920873641968,2,1,0.16359615325927734,2,1,0.14560358226299286,2,1,0.27541643381118774,1,0,0.26318368315696716
subject_02:sample_0000562,2,562,2,2,1,2,1,0.7336645126342773,0.4681034982204437,0.5778809189796448,0.800000011920929,0.583300769329071,0,2,1,0.15645857155323029,2,1,0.16977889835834503,2,1,0.149087592959404,2,1,0.25887131690979004,1,0,0.26580265164375305
subject_02:sample_0000563,2,563,2,2,1,2,1,0.7334912419319153,0.4678216874599457,0.5775160789489746,0.800000011920929,0.5830150842666626,0,2,1,0.16092650592327118,2,1,0.1754119098186493,2,1,0.15354295074939728,2,1,0.2441805899143219,1,0,0.26593708992004395
subject_02:sample_0000564,2,564,2,2,1,2,1,0.7319526672363281,0.4648744463920593,0.5758740305900574,0.800000011920929,0.5808295607566833,0,2,1,0.16395294666290283,2,1,0.18017888069152832,2,1,0.1566881239414215,2,1,0.23169171810150146,1,0,0.26748740673065186
subject_02:sample_0000565,2,565,2,2,1,2,1,0.73053377866745,0.4622053802013397,0.5741773843765259,0.800000011920929,0.5787714719772339,0,2,1,0.1659126579761505,2,1,0.18411724269390106,2,1,0.15892177820205688,2,1,0.22214075922966003,1,0,0.2689066529273987
subject_02:sample_0000566,2,566,2,2,1,2,1,0.7271300554275513,0.4557913541793823,0.5702247619628906,0.800000011920929,0.5738627910614014,0,2,1,0.1654631346464157,2,1,0.18707245588302612,2,1,0.16142572462558746,2,1,0.2136392742395401,1,0,0.2723984718322754
subject_02:sample_0000567,2,567,2,2,1,2,1,0.7223238945007324,0.4465797543525696,0.5653749704360962,0.800000011920929,0.5670951008796692,0,2,1,0.16508138179779053,2,1,0.1883005052804947,2,1,0.16206936538219452,2,1,0.20724307000637054,1,0,0.2773047089576721
subject_02:sample_0000568,2,568,2,2,1,2,1,0.7174296379089355,0.437161386013031,0.5607067942619324,0.800000011920929,0.5602548122406006,0,2,1,0.16522185504436493,2,1,0.1892508864402771,2,1,0.16175925731658936,2,1,0.20149174332618713,1,0,0.2822752892971039
subject_02:sample_0000569,2,569,2,2,1,2,1,0.7141948938369751,0.43109655380249023,0.5571480989456177,0.800000011920929,0.5556320548057556,0,2,1,0.1660536527633667,2,1,0.1902189701795578,2,1,0.16265128552913666,2,1,0.19551704823970795,1,0,0.2855580747127533
subject_02:sample_0000570,2,570,2,2,1,2,1,0.709907591342926,0.4230532646179199,0.552558958530426,0.800000011920929,0.5495305061340332,0,2,1,0.16636094450950623,2,1,0.19065026938915253,2,1,0.16270175576210022,2,1,0.190389022231102,1,0,0.28989705443382263
subject_02:sample_0000571,2,571,2,2,1,2,1,0.7053043246269226,0.41435912251472473,0.5479458570480347,0.800000011920929,0.5430381298065186,0,2,1,0.16647793352603912,2,1,0.19170832633972168,2,1,0.1619710773229599,2,1,0.1853078007698059,1,0,0.294533908367157
subject_02:sample_0000572,2,572,2,2,1,2,1,0.7020790576934814,0.40833666920661926,0.5445688962936401,0.800000011920929,0.5384587049484253,0,2,1,0.16676437854766846,2,1,0.19263815879821777,2,1,0.1613159030675888,2,1,0.18149983882904053,1,0,0.2977808117866516
subject_02:sample_0000573,2,573,2,2,1,2,1,0.7012889385223389,0.4067871570587158,0.5439778566360474,0.800000011920929,0.5373803973197937,0,2,1,0.16735951602458954,2,1,0.19288888573646545,2,1,0.16084404289722443,2,1,0.18033331632614136,1,0,0.2985733151435852
subject_02:sample_0000574,2,574,2,2,1,2,1,0.7008691430091858,0.40587764978408813,0.5439344644546509,0.800000011920929,0.5368581414222717,0,2,1,0.16878274083137512,2,1,0.19391658902168274,2,1,0.16068972647190094,2,1,0.1776197999715805,1,0,0.2989901602268219
subject_02:sample_0000575,2,575,3,2,0,2,0,0.5691534280776978,0.3076251447200775,0.2846628427505493,0.6000000238418579,0.36801084876060486,0,3,1,0.22123710811138153,1,0,0.24465645849704742,2,0,0.18208178877830505,2,0,0.20665085315704346,2,0,0.14537279307842255
subject_02:sample_0000576,2,576,3,2,0,2,0,0.566127598285675,0.29908472299575806,0.28592246770858765,0.6000000238418579,0.3644620180130005,0,3,1,0.22081659734249115,1,0,0.24584175646305084,2,0,0.18138936161994934,2,0,0.20637072622776031,2,0,0.14558055996894836
subject_02:sample_0000577,2,577,3,2,0,2,0,0.5633907318115234,0.2921189069747925,0.28387463092803955,0.6000000238418579,0.360162615776062,0,3,1,0.21951992809772491,1,0,0.24577239155769348,2,0,0.18226367235183716,2,0,0.2065853774547577,2,0,0.14585760235786438
subject_02:sample_0000578,2,578,3,2,0,2,0,0.5597220063209534,0.28483515977859497,0.2829297184944153,0.6000000238418579,0.35597118735313416,0,3,1,0.2200520783662796,1,0,0.2465357780456543,2,0,0.18149925768375397,2,0,0.2061680406332016,2,0,0.14574387669563293
subject_02:sample_0000579,2,579,3,2,0,2,0,0.5570995211601257,0.2810642421245575,0.27794331312179565,0.6000000238418579,0.35174787044525146,0,3,1,0.21917873620986938,1,0,0.24573259055614471,2,0,0.18287916481494904,2,0,0.20645441114902496,2,0,0.14575417339801788
subject_02:sample_0000580,2,580,3,2,0,2,0,0.5568664073944092,0.2811465859413147,0.270224928855896,0.6000000238418579,0.348446786403656,0,3,1,0.21679167449474335,1,0,0.24406698346138,2,0,0.18551777303218842,2,0,0.20747706294059753,2,0,0.1461455225944519
subject_02:sample_0000581,2,581,3,2,0,2,0,0.5533978939056396,0.27372390031814575,0.2615780234336853,0.6000000238418579,0.3409184217453003,0,3,1,0.21448883414268494,1,0,0.24315114319324493,2,0,0.18756909668445587,2,0,0.20826704800128937,2,0,0.1465229094028473
subject_02:sample_0000582,2,582,3,2,0,2,0,0.5473141670227051,0.26800456643104553,0.24004584550857544,0.6000000238418579,0.32776129245758057,0,3,1,0.21189431846141815,1,0,0.24119040369987488,2,0,0.1905476152896881,2,0,0.20947985351085663,2,0,0.14688687026500702
subject_02:sample_0000583,2,583,3,2,0,2,0,0.5201129913330078,0.24081894755363464,0.18249601125717163,0.6000000238418579,0.28380098938941956,0,3,1,0.2081594616174698,1,0,0.23841740190982819,2,0,0.19463106989860535,2,0,0.21133466064929962,2,0,0.14745652675628662
subject_02:sample_0000584,2,584,3,2,0,2,0,0.4618239402770996,0.18231257796287537,0.10529983043670654,0.6000000238418579,0.206969752907753,0,3,1,0.2045125663280487,1,0,0.23576776683330536,2,0,0.19822324812412262,2,0,0.21324892342090607,2,0,0.14824651181697845
subject_02:sample_0000585,2,585,3,2,0,2,0,0.3948180675506592,0.11662149429321289,0.05341911315917969,0.4000000059604645,0.13498662412166595,0,3,1,0.20122341811656952,1,0,0.2334297001361847,2,0,0.2011069655418396,0,0,0.21506555378437042,2,0,0.14917339384555817
subject_02:sample_0000586,2,586,3,2,0,2,0,0.34870582818984985,0.07422637939453125,0.03370565176010132,0.4000000059604645,0.09555206447839737,0,3,1,0.19872139394283295,1,0,0.2317201942205429,2,0,0.2032681405544281,0,0,0.21634148061275482,2,0,0.1499478667974472
subject_02:sample_0000587,2,587,3,2,0,2,0,0.3041030764579773,0.020820707082748413,0.026367545127868652,0.4000000059604645,0.055063266307115555,0,3,1,0.19642925262451172,1,0,0.23017039895057678,2,0,0.20520266890525818,0,0,0.2175499051809311,2,0,0.15064676105976105
subject_02:sample_0000588,2,588,3,0,0,2,0,0.33957722783088684,0.07030460238456726,0.0317380428314209,0.4000000059604645,0.09116625785827637,0,3,1,0.1933106631040573,1,0,0.22884409129619598,0,0,0.2073500156402588,0,0,0.21898621320724487,2,0,0.15150806307792664
subject_02:sample_0000589,2,589,3,0,0,2,0,0.3751280605792999,0.10934057831764221,0.04227912425994873,0.4000000059604645,0.12014220654964447,0,3,1,0.19100435078144073,1,0,0.22773464024066925,0,0,0.20913608372211456,0,0,0.22002072632312775,2,0,0.15210320055484772
subject_02:sample_0000590,2,590,3,0,0,2,0,0.3953946530818939,0.1306573748588562,0.0512620210647583,0.4000000059604645,0.1383524388074875,0,3,1,0.1885763257741928,1,0,0.2273009717464447,0,0,0.2108153998851776,0,0,0.2207457572221756,2,0,0.15256056189537048
subject_02:sample_0000591,2,591,3,0,0,2,0,0.4096144735813141,0.14764103293418884,0.05781334638595581,0.4000000059604645,0.15177612006664276,0,3,1,0.18737591803073883,1,0,0.22680242359638214,0,0,0.21211771667003632,0,0,0.2210143804550171,2,0,0.1526886224746704
subject_02:sample_0000592,2,592,3,0,0,2,0,0.4193902015686035,0.16093996167182922,0.0623055100440979,0.4000000059604645,0.16141213476657867,0,3,1,0.18647634983062744,1,0,0.22632314264774323,0,0,0.2132316380739212,0,0,0.22120898962020874,2,0,0.1527588665485382
subject_02:sample_0000593,2,593,3,0,0,2,0,0.4284381568431854,0.17413505911827087,0.06668514013290405,0.4000000059604645,0.17071346938610077,0,3,1,0.1851142793893814,1,0,0.2253437340259552,0,0,0.21431942284107208,0,0,0.2220156341791153,2,0,0.1532059609889984
subject_02:sample_0000594,2,594,3,0,0,2,0,0.43264850974082947,0.1794789433479309,0.06907767057418823,0.4000000059604645,0.17504999041557312,0,3,1,0.18393626809120178,1,0,0.22515416145324707,0,0,0.2152160406112671,0,0,0.22219905257225037,2,0,0.15349356830120087
subject_02:sample_0000595,2,595,3,0,0,2,0,0.43578505516052246,0.18376803398132324,0.0707966685295105,0.4000000059604645,0.17831382155418396,0,3,1,0.1826556771993637,1,0,0.2248668521642685,0,0,0.21586474776268005,0,0,0.22261907160282135,2,0,0.15399271249771118
subject_02:sample_0000596,2,596,3,0,0,2,0,0.43681615591049194,0.1860077679157257,0.07099288702011108,0.4000000059604645,0.17934179306030273,0,3,1,0.182481586933136,1,0,0.22493304312229156,0,0,0.21620862185955048,0,0,0.22237354516983032,2,0,0.15400227904319763
subject_02:sample_0000597,2,597,3,0,0,2,0,0.43719157576560974,0.18677109479904175,0.07106047868728638,0.4000000059604645,0.17969520390033722,0,3,1,0.18212419748306274,1,0,0.22541449964046478,0,0,0.21666817367076874,0,0,0.22191061079502106,2,0,0.15388157963752747
subject_02:sample_0000598,2,598,3,0,0,2,0,0.4365134537220001,0.1856183409690857,0.07066571712493896,0.4000000059604645,0.17889948189258575,0,3,1,0.18263636529445648,1,0,0.22610417008399963,0,0,0.2169242799282074,0,0,0.22096025943756104,2,0,0.15337392687797546
subject_02:sample_0000599,2,599,3,0,0,2,0,0.43554842472076416,0.18526813387870789,0.06969904899597168,0.4000000059604645,0.17783667147159576,0,3,1,0.18358361721038818,1,0,0.2267042100429535,0,0,0.2170000672340393,0,0,0.21991509199142456,2,0,0.15279611945152283
subject_02:sample_0000600,2,600,3,0,0,2,0,0.43518880009651184,0.18391096591949463,0.06975889205932617,0.4000000059604645,0.1774032860994339,0,3,1,0.18426893651485443,1,0,0.22691506147384644,0,0,0.21700389683246613,0,0,0.21929959952831268,2,0,0.15251150727272034
subject_02:sample_0000601,2,601,3,0,0,2,0,0.43525102734565735,0.18251389265060425,0.07028484344482422,0.4000000059604645,0.1774049699306488,0,3,1,0.18435038626194,1,0,0.22711707651615143,0,0,0.21708649396896362,0,0,0.2189650684595108,2,0,0.15247996151447296
subject_02:sample_0000602,2,602,3,0,0,2,0,0.4347584843635559,0.18241363763809204,0.06975489854812622,0.4000000059604645,0.1768587976694107,0,3,1,0.18485884368419647,1,0,0.22736836969852448,0,0,0.2171059399843216,0,0,0.21832959353923798,2,0,0.1523362398147583
subject_02:sample_0000603,2,603,3,0,0,2,0,0.43428662419319153,0.1822293996810913,0.06927227973937988,0.4000000059604645,0.1763267070055008,0,3,1,0.1853678971529007,1,0,0.22749289870262146,0,0,0.2170354276895523,0,0,0.2178855538368225,2,0,0.152217298746109
subject_02:sample_0000604,2,604,3,0,0,2,0,0.4335936903953552,0.18076011538505554,0.0689653754234314,0.4000000059604645,0.17549800872802734,0,3,1,0.18641717731952667,1,0,0.2275104522705078,0,0,0.21672889590263367,0,0,0.21731872856616974,2,0,0.15202368795871735
subject_02:sample_0000605,2,605,3,0,0,2,0,0.43312808871269226,0.17860829830169678,0.06915897130966187,0.4000000059604645,0.17489957809448242,0,3,1,0.18740324676036835,1,0,0.22727644443511963,0,0,0.21625114977359772,0,0,0.21706576645374298,2,0,0.15200243890285492
subject_02:sample_0000606,2,606,3,0,0,2,0,0.43314385414123535,0.17670434713363647,0.06981474161148071,0.4000000059604645,0.17482711374759674,0,3,1,0.18753698468208313,1,0,0.22703099250793457,0,0,0.21595166623592377,0,0,0.21717892587184906,2,0,0.15230043232440948
subject_02:sample_0000607,2,607,3,0,0,2,0,0.43320953845977783,0.1752724051475525,0.07039439678192139,0.4000000059604645,0.17484363913536072,0,3,1,0.18747985363006592,1,0,0.22679296135902405,0,0,0.21565529704093933,0,0,0.21739263832569122,2,0,0.15267826616764069
subject_02:sample_0000608,2,608,3,0,0,2,0,0.4332635700702667,0.17346346378326416,0.07115727663040161,0.4000000059604645,0.17487449944019318,0,3,1,0.18729083240032196,1,0,0.22671671211719513,0,0,0.2154727429151535,0,0,0.21752645075321198,2,0,0.1529923528432846
subject_02:sample_0000609,2,609,3,0,0,2,0,0.43384090065956116,0.17348545789718628,0.07181769609451294,0.4000000059604645,0.17549912631511688,0,3,1,0.18643195927143097,1,0,0.22666794061660767,0,0,0.21549439430236816,0,0,0.21799394488334656,2,0,0.15341079235076904
subject_02:sample_0000610,2,610,2,2,1,2,1,0.9976925849914551,0.9954167604446411,0.9881024956703186,1.0,0.9937288761138916,1,2,1,0.255649596452713,2,1,0.21532709896564484,2,1,0.1257302612066269,2,1,0.14550377428531647,2,1,0.2577883005142212
subject_02:sample_0000611,2,611,2,2,1,2,1,0.9976987242698669,0.9954288601875305,0.9881296157836914,1.0,0.9937440156936646,1,2,1,0.2540687322616577,2,1,0.2154984325170517,2,1,0.1262965202331543,2,1,0.14603006839752197,2,1,0.2581053376197815
subject_02:sample_0000612,2,612,2,2,1,2,1,0.9978358149528503,0.995702862739563,0.9887352585792542,1.0,0.9940836429595947,1,2,1,0.25068968534469604,2,1,0.21560271084308624,2,1,0.1275579035282135,2,1,0.14735281467437744,2,1,0.25879594683647156
subject_02:sample_0000613,2,613,2,2,1,2,1,0.9980910420417786,0.9962131381034851,0.9898797273635864,1.0,0.9947218298912048,1,2,1,0.24650289118289948,2,1,0.21537727117538452,2,1,0.12945635616779327,2,1,0.14923326671123505,2,1,0.25942927598953247
subject_02:sample_0000614,2,614,2,2,1,2,1,0.9982863068580627,0.996603786945343,0.9907709360122681,1.0,0.995215117931366,1,2,1,0.2425660938024521,2,1,0.21496497094631195,2,1,0.13161367177963257,2,1,0.1510104089975357,2,1,0.25984394550323486
subject_02:sample_0000615,2,615,2,2,1,2,1,0.9983681440353394,0.996767520904541,0.9911503791809082,1.0,0.9954239130020142,1,2,1,0.24286693334579468,2,1,0.21378469467163086,2,1,0.1327497512102127,2,1,0.15116271376609802,2,1,0.25943487882614136
subject_02:sample_0000616,2,616,2,2,1,2,1,0.9983799457550049,0.9967911243438721,0.9912047982215881,1.0,0.9954538345336914,1,2,1,0.2437281459569931,2,1,0.2124270647764206,2,1,0.13377602398395538,2,1,0.15108616650104523,2,1,0.2589816451072693
subject_02:sample_0000617,2,617,2,2,1,2,1,0.9983500838279724,0.9967314004898071,0.9910658597946167,1.0,0.9953775405883789,1,2,1,0.24427449703216553,2,1,0.2114492505788803,2,1,0.13449479639530182,2,1,0.15111462771892548,2,1,0.25866585969924927
subject_02:sample_0000618,2,618,2,2,1,2,1,0.9983807802200317,0.9967929124832153,0.9912081360816956,1.0,0.9954558610916138,1,2,1,0.24412746727466583,2,1,0.21106809377670288,2,1,0.13509081304073334,2,1,0.15117715299129486,2,1,0.2585355043411255
subject_02:sample_0000619,2,619,2,2,1,2,1,0.9984247088432312,0.9968811273574829,0.991411566734314,1.0,0.9955679178237915,1,2,1,0.24449522793293,2,1,0.21059127151966095,2,1,0.13558536767959595,2,1,0.15108177065849304,2,1,0.25824540853500366
subject_02:sample_0000620,2,620,2,2,1,2,1,0.9985593557357788,0.9971503615379333,0.9920444488525391,1.0,0.9959141612052917,1,2,1,0.24226325750350952,2,1,0.2100234031677246,2,1,0.13685128092765808,2,1,0.15209704637527466,2,1,0.2587640583515167
subject_02:sample_0000621,2,621,2,2,1,2,1,0.9986476898193359,0.9973267912864685,0.9924651980400085,1.0,0.9961430430412292,1,2,1,0.24117964506149292,2,1,0.20993758738040924,2,1,0.13729646801948547,2,1,0.15229226648807526,2,1,0.2592930793762207
subject_02:sample_0000622,2,622,2,2,1,2,1,0.9987294673919678,0.997490644454956,0.9928581714630127,1.0,0.9963562488555908,1,2,1,0.2408360242843628,2,1,0.20977185666561127,2,1,0.1378590315580368,2,1,0.15243081748485565,2,1,0.25910133123397827
subject_02:sample_0000623,2,623,2,2,1,2,1,0.9988123178482056,0.9976562261581421,0.993260383605957,1.0,0.9965733289718628,1,2,1,0.24055986106395721,2,1,0.20888924598693848,2,1,0.1388416588306427,2,1,0.15229444205760956,2,1,0.25941383838653564
subject_02:sample_0000624,2,624,2,2,1,2,1,0.9988596439361572,0.9977505207061768,0.9934917092323303,1.0,0.9966979622840881,1,2,1,0.24026703834533691,2,1,0.2086482048034668,2,1,0.139036625623703,2,1,0.15222708880901337,2,1,0.2598201334476471
subject_02:sample_0000625,2,625,2,2,1,2,1,0.9988583326339722,0.9977478981018066,0.9934862852096558,1.0,0.996694803237915,1,2,1,0.24057091772556305,2,1,0.20846517384052277,2,1,0.13910365104675293,2,1,0.1517498791217804,2,1,0.26010948419570923
subject_02:sample_0000626,2,626,2,2,1,2,1,0.9988508224487305,0.9977328181266785,0.9934493899345398,1.0,0.9966749548912048,1,2,1,0.24076776206493378,2,1,0.20831133425235748,2,1,0.1393321454524994,2,1,0.1515956073999405,2,1,0.25999221205711365
subject_02:sample_0000627,2,627,2,2,1,2,1,0.7850809097290039,0.5716700553894043,0.6180151700973511,0.800000011920929,0.652158260345459,0,1,0,0.23128706216812134,2,1,0.16877104341983795,2,1,0.22822405397891998,2,1,0.13610146939754486,2,1,0.2356153428554535
subject_02:sample_0000628,2,628,2,2,1,2,1,0.7839598059654236,0.5694557428359985,0.616861879825592,0.800000011920929,0.6505998373031616,0,1,0,0.23099954426288605,2,1,0.16876542568206787,2,1,0.22862492501735687,2,1,0.13572092354297638,2,1,0.23588818311691284
subject_02:sample_0000629,2,629,2,2,1,2,1,0.7787813544273376,0.559367299079895,0.611122727394104,0.800000011920929,0.6433001756668091,0,1,0,0.2297445386648178,2,1,0.16890892386436462,2,1,0.2298380583524704,2,1,0.1351611167192459,2,1,0.2363463193178177
subject_02:sample_0000630,2,630,2,2,1,2,1,0.7767009139060974,0.5554320812225342,0.6084555387496948,0.800000011920929,0.6402818560600281,0,1,0,0.2289048135280609,2,1,0.16955852508544922,2,1,0.2289547324180603,2,1,0.13533033430576324,2,1,0.23725061118602753
subject_02:sample_0000631,2,631,2,2,1,2,1,0.7764196395874023,0.5552159547805786,0.6070430874824524,0.800000011920929,0.6396257877349854,0,1,0,0.2269401103258133,2,1,0.17038968205451965,2,1,0.2286473661661148,2,1,0.13606597483158112,2,1,0.23795586824417114
subject_02:sample_0000632,2,632,2,2,1,2,1,0.77677983045578,0.5563114881515503,0.6061623096466064,0.800000011920929,0.6398354768753052,0,1,0,0.2253752499818802,2,1,0.17126309871673584,2,1,0.22770848870277405,2,1,0.13737085461616516,2,1,0.23828139901161194
subject_02:sample_0000633,2,633,2,2,1,2,1,0.7761901021003723,0.5550941824913025,0.605757474899292,0.800000011920929,0.6390642523765564,0,1,0,0.2259490042924881,2,1,0.17232514917850494,2,1,0.22432968020439148,2,1,0.13853520154953003,2,1,0.23886001110076904
subject_02:sample_0000634,2,634,2,2,1,2,1,0.7757823467254639,0.554163932800293,0.6057599186897278,0.800000011920929,0.6385960578918457,0,1,0,0.226469025015831,2,1,0.1733105182647705,2,1,0.22208227217197418,2,1,0.13983288407325745,2,1,0.23830440640449524
subject_02:sample_0000635,2,635,2,2,1,2,1,0.7752770185470581,0.5530047416687012,0.605789840221405,0.800000011920929,0.6380223631858826,0,1,0,0.22725050151348114,2,1,0.17442867159843445,2,1,0.2194061428308487,2,1,0.14157158136367798,2,1,0.23734217882156372
subject_02:sample_0000636,2,636,2,2,1,2,1,0.7746719121932983,0.551668643951416,0.6056618690490723,0.800000011920929,0.6372973322868347,0,1,0,0.22809843719005585,2,1,0.17518261075019836,2,1,0.21709512174129486,2,1,0.14362399280071259,2,1,0.23599882423877716
subject_02:sample_0000637,2,637,2,2,1,2,1,0.7743990421295166,0.5510129332542419,0.6057839393615723,0.800000011920929,0.6370127201080322,0,1,0,0.22866405546665192,2,1,0.17613351345062256,2,1,0.2145928591489792,2,1,0.14565695822238922,2,1,0.2349516749382019
subject_02:sample_0000638,2,638,2,2,1,2,1,0.775505542755127,0.5529499650001526,0.6077128648757935,0.800000011920929,0.6387385129928589,0,1,0,0.22877205908298492,2,1,0.17705941200256348,2,1,0.2125907987356186,2,1,0.1475025862455368,2,1,0.2340741902589798
subject_02:sample_0000639,2,639,2,2,1,2,1,0.7758872509002686,0.5538986921310425,0.6074274778366089,0.800000011920929,0.6391083002090454,0,1,0,0.22732125222682953,2,1,0.1784525066614151,2,1,0.2108727991580963,2,1,0.15003827214241028,2,1,0.23331427574157715
subject_02:sample_0000640,2,640,2,2,1,2,1,0.7765503525733948,0.5553939938545227,0.6074632406234741,0.800000011920929,0.6398776173591614,0,1,0,0.22589419782161713,2,1,0.1797199696302414,2,1,0.20960988104343414,2,1,0.1524343490600586,2,1,0.23234067857265472
subject_02:sample_0000641,2,641,2,2,1,2,1,0.7788877487182617,0.5607776641845703,0.6073276996612549,0.800000011920929,0.6425341367721558,0,1,0,0.22220149636268616,2,1,0.1812453269958496,2,1,0.20963925123214722,2,1,0.15537060797214508,2,1,0.23154233396053314
subject_02:sample_0000642,2,642,2,2,1,2,1,0.7814127206802368,0.5661671161651611,0.6086211204528809,0.800000011920929,0.6457395553588867,0,1,0,0.21933753788471222,2,1,0.18259024620056152,2,1,0.20975275337696075,2,1,0.15806323289871216,2,1,0.23025526106357574
subject_02:sample_0000643,2,643,2,2,1,2,1,0.7825974225997925,0.5684168338775635,0.6100859642028809,0.800000011920929,0.6474388837814331,0,1,0,0.21819645166397095,2,1,0.18353798985481262,2,1,0.2089666873216629,2,1,0.16061456501483917,2,1,0.22868332266807556
subject_02:sample_0000644,2,644,2,2,1,2,1,0.783092200756073,0.5689865946769714,0.6118407249450684,0.800000011920929,0.6484121084213257,0,1,0,0.21802672743797302,2,1,0.18425768613815308,2,1,0.20773597061634064,2,1,0.16295091807842255,2,1,0.2270277440547943
subject_02:sample_0000645,2,645,2,2,1,2,1,0.7850421071052551,0.572670578956604,0.6143506169319153,0.800000011920929,0.6512354612350464,0,1,0,0.21630136668682098,2,1,0.1850716769695282,2,1,0.2073003649711609,2,1,0.1654791235923767,2,1,0.2258465439081192
subject_02:sample_0000646,2,646,2,2,1,2,1,0.7881889939308167,0.5785270929336548,0.618751049041748,0.800000011920929,0.6558783650398254,0,1,0,0.2139234095811844,2,1,0.18582716584205627,2,1,0.20773059129714966,2,1,0.16806858777999878,2,1,0.22444933652877808
subject_02:sample_0000647,2,647,2,2,1,2,1,0.7916062474250793,0.5851393938064575,0.6227766871452332,0.800000011920929,0.6607446670532227,0,1,0,0.21113437414169312,2,1,0.1867968887090683,2,1,0.20832793414592743,2,1,0.17061956226825714,2,1,0.22312034666538239
subject_02:sample_0000648,2,648,2,2,1,2,1,0.795272946357727,0.5924720764160156,0.626354455947876,0.800000011920929,0.6657861471176147,0,1,0,0.2073574960231781,2,1,0.18777796626091003,2,1,0.20883449912071228,2,1,0.17368267476558685,2,1,0.22234636545181274
subject_02:sample_0000649,2,649,2,2,1,2,1,0.7987894415855408,0.5994898676872253,0.6298890709877014,0.800000011920929,0.6706450581550598,0,1,0,0.20380127429962158,2,1,0.18860939145088196,2,1,0.2091684341430664,2,1,0.17665545642375946,2,1,0.2217644900083542
subject_02:sample_0000650,2,650,2,2,1,2,1,0.8024988174438477,0.6068885922431946,0.6336917877197266,0.800000011920929,0.6757880449295044,0,1,0,0.2001773715019226,2,1,0.1895337700843811,2,1,0.20916098356246948,2,1,0.179667666554451,2,1,0.22145918011665344
subject_02:sample_0000651,2,651,2,2,1,2,1,0.806265115737915,0.6145228743553162,0.6372075080871582,0.800000011920929,0.6809244155883789,0,1,0,0.19608987867832184,2,1,0.19047681987285614,2,1,0.20892688632011414,2,1,0.18323028087615967,2,1,0.22127512097358704
subject_02:sample_0000652,2,652,2,2,1,2,1,0.8084406852722168,0.6190516948699951,0.6388845443725586,0.800000011920929,0.6838052868843079,0,1,0,0.19344662129878998,2,1,0.19111000001430511,2,1,0.20795613527297974,2,1,0.1862950474023819,2,1,0.22119124233722687
subject_02:sample_0000653,2,653,2,2,1,2,1,0.8106815814971924,0.6238545179367065,0.6402161717414856,0.800000011920929,0.6866784691810608,0,1,0,0.19060078263282776,2,1,0.19175611436367035,2,1,0.20724403858184814,2,1,0.18899953365325928,2,1,0.2213985174894333
subject_02:sample_0000654,2,654,2,2,1,2,1,0.8122597336769104,0.6269245147705078,0.6421597003936768,0.800000011920929,0.6889447569847107,0,1,0,0.1891370415687561,2,1,0.19239552319049835,2,1,0.20695336163043976,2,1,0.19005857408046722,2,1,0.22145448625087738
subject_02:sample_0000655,2,655,2,2,1,2,1,0.8140172958374023,0.6299484968185425,0.6456153392791748,0.800000011920929,0.6917845010757446,0,1,0,0.18854524195194244,2,1,0.19298990070819855,2,1,0.20756451785564423,2,1,0.19007912278175354,2,1,0.22082023322582245
subject_02:sample_0000656,2,656,2,2,1,2,1,0.8165290355682373,0.6347591876983643,0.6490203142166138,0.800000011920929,0.6954719424247742,0,1,0,0.186961829662323,2,1,0.1935531198978424,2,1,0.20888006687164307,2,1,0.1903594732284546,2,1,0.2202446162700653
subject_02:sample_0000657,2,657,2,2,1,2,1,0.8208169937133789,0.6429620385169983,0.6549974679946899,0.800000011920929,0.7018168568611145,1,1,0,0.18652045726776123,2,1,0.19396980106830597,2,1,0.20914188027381897,2,1,0.19040748476982117,2,1,0.21995945274829865
subject_02:sample_0000658,2,658,2,2,1,2,1,0.8247238397598267,0.6506467461585999,0.6597976684570312,0.800000011920929,0.7074376940727234,1,1,0,0.18537761270999908,2,1,0.1946265548467636,2,1,0.20973971486091614,2,1,0.19040797650814056,2,1,0.2198471873998642
subject_02:sample_0000659,2,659,2,2,1,2,1,0.8268539905548096,0.6548911333084106,0.6622445583343506,0.800000011920929,0.7104585766792297,1,1,0,0.18365806341171265,2,1,0.19552698731422424,2,1,0.21030908823013306,2,1,0.190407395362854,2,1,0.22009745240211487
subject_02:sample_0000660,2,660,2,2,1,2,1,0.8360252380371094,0.673031747341156,0.673589825630188,0.800000011920929,0.7236859202384949,1,1,0,0.18333519995212555,2,1,0.1963069587945938,2,1,0.20960700511932373,2,1,0.19024702906608582,2,1,0.2205028384923935
subject_02:sample_0000661,2,661,2,2,1,2,1,0.8394411206245422,0.6798363327980042,0.6777439117431641,0.800000011920929,0.7285959124565125,1,1,0,0.1820792257785797,2,1,0.1970812976360321,2,1,0.20948515832424164,2,1,0.1905987560749054,2,1,0.22075460851192474
subject_02:sample_0000662,2,662,2,2,1,2,1,0.855484127998352,0.7117528915405273,0.698296070098877,0.800000011920929,0.7519580125808716,1,1,0,0.18145279586315155,2,1,0.19793693721294403,2,1,0.20962956547737122,2,1,0.19045092165470123,2,1,0.22052882611751556
subject_02:sample_0000663,2,663,2,2,1,2,1,0.8693428635597229,0.7393839359283447,0.717020571231842,0.800000011920929,0.7724390625953674,1,1,0,0.18032197654247284,2,1,0.19839595258235931,2,1,0.21091938018798828,2,1,0.19029484689235687,2,1,0.22006693482398987
subject_02:sample_0000664,2,664,2,2,1,2,1,0.8628557324409485,0.726493239402771,0.7079091668128967,0.800000011920929,0.7627503871917725,1,1,0,0.1776963770389557,2,1,0.19930315017700195,2,1,0.21310701966285706,2,1,0.1901913434267044,2,1,0.2197011262178421
subject_02:sample_0000665,2,665,2,2,1,2,1,0.8765426874160767,0.7538217306137085,0.7268427610397339,0.800000011920929,0.7831184267997742,1,1,0,0.1754615604877472,2,1,0.20018546283245087,2,1,0.21664105355739594,2,1,0.18882645666599274,2,1,0.21888451278209686
subject_02:sample_0000666,2,666,2,2,1,2,1,0.8780696392059326,0.7569475173950195,0.7286868691444397,0.800000011920929,0.7853173613548279,1,1,0,0.17305700480937958,2,1,0.20079194009304047,2,1,0.22003300487995148,2,1,0.18781907856464386,2,1,0.2182980328798294
subject_02:sample_0000667,2,667,2,2,1,2,1,0.9237569570541382,0.8482017517089844,0.8024361729621887,1.0,0.8566875457763672,1,2,1,0.1729455441236496,2,1,0.20105619728565216,2,1,0.2231903374195099,2,1,0.18523600697517395,2,1,0.2175709456205368
subject_02:sample_0000668,2,668,2,2,1,2,1,0.9504956007003784,0.9018288850784302,0.8544832468032837,1.0,0.9014173746109009,1,2,1,0.17202524840831757,2,1,0.20124581456184387,2,1,0.22706173360347748,2,1,0.18283651769161224,2,1,0.21682976186275482
subject_02:sample_0000669,2,669,2,2,1,2,1,0.9484637379646301,0.8979621529579163,0.8495537042617798,1.0,0.8977522850036621,1,2,1,0.170701801776886,2,1,0.20172014832496643,2,1,0.22866010665893555,2,1,0.18198072910308838,2,1,0.21693624556064606
subject_02:sample_0000670,2,670,2,2,1,2,1,0.9500333070755005,0.9011779427528381,0.8526782989501953,1.0,0.9004194140434265,1,2,1,0.17028123140335083,2,1,0.20186205208301544,2,1,0.22923123836517334,2,1,0.18155020475387573,2,1,0.21707428991794586
subject_02:sample_0000671,2,671,3,1,0,1,0,0.9945860505104065,0.9899054169654846,0.9740078449249268,1.0,0.9861268997192383,1,1,0,0.2047964632511139,1,0,0.19517037272453308,1,0,0.20197102427482605,1,0,0.19651798903942108,1,0,0.20154312252998352
subject_02:sample_0000672,2,672,3,1,0,1,0,0.9946079254150391,0.989953339099884,0.9740832448005676,1.0,0.9861756563186646,1,1,0,0.2054506242275238,1,0,0.19485560059547424,1,0,0.2017596811056137,1,0,0.19645851850509644,1,0,0.20147459208965302
subject_02:sample_0000673,2,673,3,1,0,1,0,0.9946305155754089,0.9899978041648865,0.9741723537445068,1.0,0.9862279295921326,1,1,0,0.20507876574993134,1,0,0.19486314058303833,1,0,0.20191802084445953,1,0,0.19672545790672302,1,0,0.20141369104385376
subject_02:sample_0000674,2,674,3,1,0,1,0,0.9946704506874084,0.9900791049003601,0.97432541847229,1.0,0.9863197207450867,1,1,0,0.20489272475242615,1,0,0.19481803476810455,1,0,0.20194807648658752,1,0,0.19701899588108063,1,0,0.20132122933864594
subject_02:sample_0000675,2,675,3,1,0,1,0,0.9947786331176758,0.9903094172477722,0.9747203588485718,1.0,0.9865652322769165,1,1,0,0.20585466921329498,1,0,0.1945469081401825,1,0,0.20151196420192719,1,0,0.19701360166072845,1,0,0.2010718435049057
subject_02:sample_0000676,2,676,3,1,0,1,0,0.9948641061782837,0.9904899001121521,0.9750344157218933,1.0,0.9867593050003052,1,1,0,0.20634286105632782,1,0,0.1944974809885025,1,0,0.20124825835227966,1,0,0.19729536771774292,1,0,0.2006150782108307
subject_02:sample_0000677,2,677,3,1,0,1,0,0.9949818849563599,0.9907440543174744,0.9754619598388672,1.0,0.9870268702507019,1,1,0,0.20729775726795197,1,0,0.19441139698028564,1,0,0.2007467895746231,1,0,0.19750335812568665,1,0,0.20003971457481384
subject_02:sample_0000678,2,678,3,1,0,1,0,0.9950361251831055,0.9908549189567566,0.9756689667701721,1.0,0.9871514439582825,1,1,0,0.20694126188755035,1,0,0.19479025900363922,1,0,0.20069606602191925,1,0,0.19775021076202393,1,0,0.19982124865055084
subject_02:sample_0000679,2,679,3,1,0,1,0,0.9950804710388184,0.9909451603889465,0.9758382439613342,1.0,0.9872531890869141,1,1,0,0.2067689150571823,1,0,0.19492006301879883,1,0,0.20050491392612457,1,0,0.19813665747642517,1,0,0.1996685266494751
subject_02:sample_0000680,2,680,3,1,0,1,0,0.9951604008674622,0.9911189079284668,0.9761286377906799,1.0,0.9874352216720581,1,1,0,0.20700661838054657,1,0,0.19522151350975037,1,0,0.20030878484249115,1,0,0.19834376871585846,1,0,0.19911837577819824
subject_02:sample_0000681,2,681,3,1,0,1,0,0.9952263832092285,0.9912586808204651,0.9763755202293396,1.0,0.9875867366790771,1,1,0,0.2068096250295639,1,0,0.19550678133964539,1,0,0.20015616714954376,1,0,0.19863641262054443,1,0,0.19888997077941895
subject_02:sample_0000682,2,682,3,1,0,1,0,0.9953063726425171,0.9914315938949585,0.9766708612442017,1.0,0.987770140171051,1,1,0,0.20655348896980286,1,0,0.19580420851707458,1,0,0.20006752014160156,1,0,0.19887734949588776,1,0,0.19869650900363922
subject_02:sample_0000683,2,683,3,1,0,1,0,0.9953763484954834,0.9915798902511597,0.9769374132156372,1.0,0.9879325032234192,1,1,0,0.20604059100151062,1,0,0.19599758088588715,1,0,0.19997285306453705,1,0,0.19910593330860138,1,0,0.198882058262825
subject_02:sample_0000684,2,684,3,1,0,1,0,0.9954559803009033,0.9917542338371277,0.9772332310676575,1.0,0.9881163835525513,1,1,0,0.20609113574028015,1,0,0.19602099061012268,1,0,0.19937101006507874,1,0,0.19929195940494537,1,0,0.19922392070293427
subject_02:sample_0000685,2,685,3,1,0,1,0,0.9955226182937622,0.9918946623802185,0.9774924516677856,1.0,0.988272488117218,1,1,0,0.2058952897787094,1,0,0.195627823472023,1,0,0.19877706468105316,1,0,0.19981889426708221,1,0,0.19988000392913818
subject_02:sample_0000686,2,686,3,1,0,1,0,0.9955722689628601,0.9919829368591309,0.9777144193649292,1.0,0.9883930683135986,1,1,0,0.20452329516410828,1,0,0.1955440193414688,1,0,0.19865138828754425,1,0,0.2004924863576889,1,0,0.20078788697719574
subject_02:sample_0000687,2,687,3,1,0,1,0,0.9956037998199463,0.9920255541801453,0.9778820872306824,1.0,0.9884741902351379,1,1,0,0.20271191000938416,1,0,0.19530639052391052,1,0,0.19859816133975983,1,0,0.20138122141361237,1,0,0.20200136303901672
subject_02:sample_0000688,2,688,3,1,0,1,0,0.9956708550453186,0.9921496510505676,0.9781772494316101,1.0,0.9886370301246643,1,1,0,0.20123101770877838,1,0,0.19534705579280853,1,0,0.19811409711837769,1,0,0.20199057459831238,1,0,0.20331625640392303
subject_02:sample_0000689,2,689,3,1,0,1,0,0.9957589507102966,0.9923262596130371,0.9785414934158325,1.0,0.988847553730011,1,1,0,0.20052824914455414,1,0,0.19549033045768738,1,0,0.19719721376895905,1,0,0.2024899125099182,1,0,0.20429329574108124
subject_02:sample_0000690,2,690,3,1,0,1,0,0.9958373308181763,0.9924864768981934,0.9788635969161987,1.0,0.9890351891517639,1,1,0,0.20006844401359558,1,0,0.19549019634723663,1,0,0.19634537398815155,1,0,0.20316900312900543,1,0,0.204925999045372
subject_02:sample_0000691,2,691,3,1,0,1,0,0.9958836436271667,0.9925793409347534,0.9790543913841248,1.0,0.9891455769538879,1,1,0,0.19964952766895294,1,0,0.19591224193572998,1,0,0.19544366002082825,1,0,0.20374374091625214,1,0,0.20524992048740387
subject_02:sample_0000692,2,692,3,1,0,1,0,0.9958974123001099,0.9926010370254517,0.9791214466094971,1.0,0.9891799688339233,1,1,0,0.19904707372188568,1,0,0.19619083404541016,1,0,0.19485493004322052,1,0,0.20443320274353027,1,0,0.20547297596931458
subject_02:sample_0000693,2,693,3,1,0,1,0,0.9959399700164795,0.9926833510398865,0.9793065190315247,1.0,0.9892836809158325,1,1,0,0.1985248178243637,1,0,0.19594958424568176,1,0,0.19340087473392487,1,0,0.20540159940719604,1,0,0.20672214031219482
subject_02:sample_0000694,2,694,3,1,0,1,0,0.9959856867790222,0.9927780032157898,0.9794959425926208,1.0,0.9893940091133118,1,1,0,0.1984664350748062,1,0,0.19555942714214325,1,0,0.19179300963878632,1,0,0.20645619928836823,1,0,0.20772400498390198
subject_02:sample_0000695,2,695,3,1,0,1,0,0.9960278272628784,0.9928696751594543,0.9796661734580994,1.0,0.9894957542419434,1,1,0,0.19886794686317444,1,0,0.1954718679189682,1,0,0.1898641288280487,1,0,0.20745928585529327,1,0,0.20833580195903778
subject_02:sample_0000696,2,696,3,1,0,1,0,0.9960595369338989,0.9929417967796326,0.97979336977005,1.0,0.989573061466217,1,1,0,0.1992557942867279,1,0,0.19533653557300568,1,0,0.1881253868341446,1,0,0.20811724662780762,1,0,0.2091641128063202
subject_02:sample_0000697,2,697,3,1,0,1,0,0.9961031079292297,0.9930429458618164,0.9799612760543823,1.0,0.9896776676177979,1,1,0,0.1997312605381012,1,0,0.1950141340494156,1,0,0.18606668710708618,1,0,0.20850980281829834,1,0,0.21067719161510468
subject_02:sample_0000698,2,698,3,1,0,1,0,0.9961392283439636,0.9931294918060303,0.9800964593887329,1.0,0.9897638559341431,1,1,0,0.2002696394920349,1,0,0.1949271261692047,1,0,0.18420086801052094,1,0,0.20847921073436737,1,0,0.21212221682071686
subject_02:sample_0000699,2,699,3,1,0,1,0,0.9961652755737305,0.993195652961731,0.9801926016807556,1.0,0.9898267984390259,1,1,0,0.20070241391658783,1,0,0.19487765431404114,1,0,0.18263128399848938,1,0,0.20849274098873138,1,0,0.21329495310783386
subject_02:sample_0000700,2,700,3,1,0,1,0,0.9961708784103394,0.9932107329368591,0.9802185297012329,1.0,0.989842414855957,1,1,0,0.20060713589191437,1,0,0.194732204079628,1,0,0.18158221244812012,1,0,0.20879635214805603,1,0,0.2142811119556427
subject_02:sample_0000701,2,701,3,1,0,1,0,0.9961837530136108,0.9932482838630676,0.9802641272544861,1.0,0.9898744821548462,1,1,0,0.20105065405368805,1,0,0.19465135037899017,1,0,0.1798168271780014,1,0,0.20957307517528534,1,0,0.2149071991443634
subject_02:sample_0000702,2,702,3,1,0,1,0,0.9961853623390198,0.9932606816291809,0.9802651405334473,1.0,0.9898794889450073,1,1,0,0.20135213434696198,1,0,0.19433194398880005,1,0,0.17809893190860748,1,0,0.2107304334640503,1,0,0.2154855728149414
subject_02:sample_0000703,2,703,3,1,0,1,0,0.9961730241775513,0.9932355284690857,0.9802159667015076,1.0,0.9898505210876465,1,1,0,0.2011796087026596,1,0,0.19424961507320404,1,0,0.17700335383415222,1,0,0.21171769499778748,1,0,0.21584884822368622
subject_02:sample_0000704,2,704,3,1,0,1,0,0.996162474155426,0.9932138323783875,0.9801754951477051,1.0,0.9898262023925781,1,1,0,0.20107781887054443,1,0,0.19454151391983032,1,0,0.17642515897750854,1,0,0.21223750710487366,1,0,0.21571700274944305
subject_02:sample_0000705,2,705,3,1,0,1,0,0.99615079164505,0.9931861758232117,0.9801347851753235,1.0,0.9897993803024292,1,1,0,0.20081296563148499,1,0,0.19446726143360138,1,0,0.17634862661361694,1,0,0.21253933012485504,1,0,0.21583089232444763
subject_02:sample_0000706,2,706,3,3,1,3,1,0.8396259546279907,0.6809627413749695,0.67498779296875,0.800000011920929,0.7280619740486145,1,2,0,0.15697826445102692,3,1,0.23085816204547882,3,1,0.268705815076828,3,1,0.14183643460273743,3,1,0.20162032544612885
subject_02:sample_0000707,2,707,3,3,1,3,1,0.8394994139671326,0.6806632876396179,0.6749902367591858,0.800000011920929,0.7279195785522461,1,2,0,0.15751267969608307,3,1,0.23078377544879913,3,1,0.2677445411682129,3,1,0.14192436635494232,3,1,0.20203369855880737
subject_02:sample_0000708,2,708,3,3,1,3,1,0.8395594954490662,0.6807308197021484,0.6752411127090454,0.800000011920929,0.7280512452125549,1,2,0,0.15759965777397156,3,1,0.2310885637998581,3,1,0.2673983573913574,3,1,0.14187082648277283,3,1,0.20204168558120728
subject_02:sample_0000709,2,709,3,3,1,3,1,0.8406442403793335,0.68281489610672,0.6768563985824585,0.800000011920929,0.7296880483627319,1,2,0,0.1561955362558365,3,1,0.23280015587806702,3,1,0.2677684426307678,3,1,0.14165452122688293,3,1,0.20158039033412933
subject_02:sample_0000710,2,710,3,3,1,3,1,0.8428864479064941,0.6872426271438599,0.6798052787780762,0.800000011920929,0.7329728603363037,1,2,0,0.15283097326755524,3,1,0.23572392761707306,3,1,0.2693764865398407,3,1,0.14147691428661346,3,1,0.20059077441692352
subject_02:sample_0000711,2,711,3,3,1,3,1,0.8447015881538391,0.6908504962921143,0.6821296215057373,0.800000011920929,0.7356164455413818,1,2,0,0.14976760745048523,3,1,0.23815272748470306,3,1,0.27101993560791016,3,1,0.1414707452058792,3,1,0.19958806037902832
subject_02:sample_0000712,2,712,3,3,1,3,1,0.8451691269874573,0.6917437314987183,0.6828532814979553,0.800000011920929,0.7363293170928955,1,2,0,0.1492270678281784,3,1,0.2386247217655182,3,1,0.27110111713409424,3,1,0.1414952576160431,3,1,0.19955091178417206
subject_02:sample_0000713,2,713,3,3,1,3,1,0.8453670740127563,0.6921061873435974,0.6832114458084106,0.800000011920929,0.7366441488265991,1,2,0,0.1492992639541626,3,1,0.23890462517738342,3,1,0.2707694172859192,3,1,0.14137521386146545,3,1,0.19965048134326935
subject_02:sample_0000714,2,714,3,3,1,3,1,0.8463257551193237,0.6939715147018433,0.6845900416374207,0.800000011920929,0.7380796670913696,1,2,0,0.14767716825008392,3,1,0.2401607483625412,3,1,0.2713129222393036,3,1,0.1416824758052826,3,1,0.1991657316684723
subject_02:sample_0000715,2,715,3,3,1,3,1,0.8468335866928101,0.6949453353881836,0.6853741407394409,0.800000011920929,0.7388542890548706,1,2,0,0.14659187197685242,3,1,0.24057959020137787,3,1,0.27202215790748596,3,1,0.14188294112682343,3,1,0.1989225447177887
subject_02:sample_0000716,2,716,3,3,1,3,1,0.8463497161865234,0.6939654350280762,0.6848194003105164,0.800000011920929,0.738166868686676,1,2,0,0.1461649388074875,3,1,0.24088849127292633,3,1,0.2726980745792389,3,1,0.14211025834083557,3,1,0.19813737273216248
subject_02:sample_0000717,2,717,3,3,1,3,1,0.846305251121521,0.6938714981079102,0.6847891807556152,0.800000011920929,0.7381098866462708,1,2,0,0.14535684883594513,3,1,0.24108879268169403,3,1,0.27342310547828674,3,1,0.1424022614955902,3,1,0.1977280080318451
subject_02:sample_0000718,2,718,0,0,1,0,1,0.6761988401412964,0.3532676696777344,0.5412200689315796,0.6000000238418579,0.5056508183479309,0,0,1,0.22255007922649384,0,1,0.2164798080921173,1,0,0.13866505026817322,1,0,0.1852373331785202,0,1,0.23706674575805664
subject_02:sample_0000719,2,719,0,0,1,0,1,0.6762662529945374,0.35339802503585815,0.5412758588790894,0.6000000238418579,0.5057472586631775,0,0,1,0.22241389751434326,0,1,0.21650759875774384,1,0,0.13865675032138824,1,0,0.18517547845840454,0,1,0.23724527657032013
subject_02:sample_0000720,2,720,0,0,1,0,1,0.6761784553527832,0.3532162308692932,0.5412555932998657,0.6000000238418579,0.5056322813034058,0,0,1,0.22217406332492828,0,1,0.21646630764007568,1,0,0.13859951496124268,1,0,0.18532143533229828,0,1,0.2374376803636551
subject_02:sample_0000721,2,721,0,0,1,0,1,0.6757110357284546,0.35227808356285095,0.5410207509994507,0.6000000238418579,0.5049947500228882,0,0,1,0.22176894545555115,0,1,0.2163296341896057,1,0,0.13865138590335846,1,0,0.18573829531669617,0,1,0.2375107705593109
subject_02:sample_0000722,2,722,0,0,1,0,1,0.6753961443901062,0.3516354560852051,0.5409090518951416,0.6000000238418579,0.5045742988586426,0,0,1,0.22144445776939392,0,1,0.21626712381839752,1,0,0.13835643231868744,1,0,0.18634508550167084,0,1,0.23758594691753387
subject_02:sample_0000723,2,723,0,0,1,0,1,0.6757153868675232,0.35224977135658264,0.5411850214004517,0.6000000238418579,0.5050333738327026,0,0,1,0.22146998345851898,0,1,0.2164086252450943,1,0,0.13770553469657898,1,0,0.18666572868824005,0,1,0.23774917423725128
subject_02:sample_0000724,2,724,0,0,1,0,1,0.6761545538902283,0.3530987799167633,0.5415492057800293,0.6000000238418579,0.50566166639328,0,0,1,0.22146278619766235,0,1,0.21652638912200928,1,0,0.1370536983013153,1,0,0.18686890602111816,0,1,0.2380872666835785
subject_02:sample_0000725,2,725,0,0,1,0,1,0.6762636303901672,0.35329726338386536,0.5416948795318604,0.6000000238418579,0.5058289766311646,0,0,1,0.2214154154062271,0,1,0.21660447120666504,1,0,0.13657580316066742,1,0,0.1872311532497406,0,1,0.23817220330238342
subject_02:sample_0000726,2,726,0,0,1,0,1,0.6766058206558228,0.35395103693008423,0.5420143008232117,0.6000000238418579,0.5063256025314331,0,0,1,0.22134461998939514,0,1,0.216823548078537,1,0,0.13581432402133942,1,0,0.18764160573482513,0,1,0.23837491869926453
subject_02:sample_0000727,2,727,0,0,1,0,1,0.6776922941207886,0.35608652234077454,0.5427649617195129,0.6000000238418579,0.5078474879264832,0,0,1,0.22150340676307678,0,1,0.21728397905826569,1,0,0.13487297296524048,1,0,0.18748438358306885,0,1,0.23885434865951538
subject_02:sample_0000728,2,728,0,0,1,0,1,0.6784061789512634,0.35748663544654846,0.543274998664856,0.6000000238418579,0.5088500380516052,0,0,1,0.22163808345794678,0,1,0.2176470309495926,1,0,0.1341256946325302,1,0,0.18750979006290436,0,1,0.23907841742038727
subject_02:sample_0000729,2,729,0,0,1,0,1,0.6791954040527344,0.3590366542339325,0.5438315272331238,0.6000000238418579,0.509955883026123,0,0,1,0.22173182666301727,0,1,0.2180379331111908,1,0,0.13341377675533295,1,0,0.18742577731609344,0,1,0.23938964307308197
subject_02:sample_0000730,2,730,0,0,1,0,1,0.6801695823669434,0.36096057295799255,0.5444728136062622,0.6000000238418579,0.5113100409507751,0,0,1,0.22203749418258667,0,1,0.2185748815536499,1,0,0.13287828862667084,1,0,0.1869809627532959,0,1,0.23952744901180267
subject_02:sample_0000731,2,731,0,0,1,0,1,0.6820625066757202,0.36471980810165405,0.5456348657608032,0.6000000238418579,0.5139196515083313,0,0,1,0.2227504551410675,0,1,0.2194283902645111,1,0,0.13216127455234528,1,0,0.18579727411270142,0,1,0.2398615926504135
subject_02:sample_0000732,2,732,0,0,1,0,1,0.6837688684463501,0.3681100904941559,0.5466846227645874,0.6000000238418579,0.5162672400474548,0,0,1,0.22346694767475128,0,1,0.22024434804916382,1,0,0.13132831454277039,1,0,0.18491819500923157,0,1,0.24004124104976654
subject_02:sample_0000733,2,733,0,0,1,0,1,0.6860172152519226,0.3725864291191101,0.5480408668518066,0.6000000238418579,0.5193477869033813,0,0,1,0.22452838718891144,0,1,0.2212700992822647,1,0,0.13029275834560394,1,0,0.18370024859905243,0,1,0.24020758271217346
subject_02:sample_0000734,2,734,0,0,1,0,1,0.6885705590248108,0.3776777684688568,0.5495657920837402,0.6000000238418579,0.5228332281112671,0,0,1,0.2256617248058319,0,1,0.22238415479660034,1,0,0.12928520143032074,1,0,0.18215033411979675,0,1,0.24051764607429504
subject_02:sample_0000735,2,735,0,0,1,0,1,0.6908552646636963,0.38223597407341003,0.5509364604949951,0.6000000238418579,0.5259446501731873,0,0,1,0.2267928123474121,0,1,0.22328166663646698,1,0,0.12834888696670532,1,0,0.18079903721809387,0,1,0.2407766580581665
subject_02:sample_0000736,2,736,0,0,1,0,1,0.6924340724945068,0.3853878974914551,0.5518850088119507,0.6000000238418579,0.5280905365943909,0,0,1,0.22767062485218048,0,1,0.2238081842660904,1,0,0.1276327520608902,1,0,0.17993448674678802,0,1,0.24095293879508972
subject_02:sample_0000737,2,737,0,0,1,0,1,0.6936769485473633,0.38787099719047546,0.5526280403137207,0.6000000238418579,0.5297762751579285,0,0,1,0.22853036224842072,0,1,0.22422856092453003,1,0,0.12709827721118927,1,0,0.17922480404376984,0,1,0.24091707170009613
subject_02:sample_0000738,2,738,0,0,1,0,1,0.6955010294914246,0.3915153443813324,0.553729236125946,0.6000000238418579,0.5322487950325012,0,0,1,0.22968249022960663,0,1,0.22489963471889496,1,0,0.12631690502166748,1,0,0.17818064987659454,0,1,0.2409193366765976
subject_02:sample_0000739,2,739,0,0,1,0,1,0.697128176689148,0.3947673738002777,0.5547142624855042,0.6000000238418579,0.5344508290290833,0,0,1,0.23065990209579468,0,1,0.2253938764333725,1,0,0.1255989521741867,1,0,0.17727047204971313,0,1,0.24107588827610016
subject_02:sample_0000740,2,740,0,0,1,0,1,0.6992688179016113,0.39904850721359253,0.5560125112533569,0.6000000238418579,0.5373428463935852,0,0,1,0.23183223605155945,0,1,0.2261771410703659,1,0,0.1248418539762497,1,0,0.17588573694229126,0,1,0.2412620484828949
subject_02:sample_0000741,2,741,0,0,1,0,1,0.7009040117263794,0.4023191034793854,0.5570127964019775,0.6000000238418579,0.539549708366394,0,0,1,0.2326846718788147,0,1,0.22658559679985046,1,0,0.12412889301776886,1,0,0.17496275901794434,0,1,0.24163712561130524
subject_02:sample_0000742,2,742,0,0,1,0,1,0.7026076912879944,0.4057253897190094,0.5580702424049377,0.6000000238418579,0.5418486595153809,0,0,1,0.23346538841724396,0,1,0.2271961122751236,1,0,0.12340474873781204,1,0,0.1739826500415802,0,1,0.2419501394033432
subject_02:sample_0000743,2,743,0,0,1,0,1,0.7041673064231873,0.40884485840797424,0.5590425729751587,0.6000000238418579,0.5439509749412537,0,0,1,0.23409181833267212,0,1,0.22783370316028595,1,0,0.12308303266763687,1,0,0.1727442890405655,0,1,0.24224624037742615
subject_02:sample_0000744,2,744,0,0,1,0,1,0.7053568363189697,0.4112246632575989,0.5597869753837585,0.6000000238418579,0.5455529689788818,0,0,1,0.2344316691160202,0,1,0.22836560010910034,1,0,0.1228036880493164,1,0,0.17183369398117065,0,1,0.242564395070076
subject_02:sample_0000745,2,745,0,0,1,0,1,0.7066320180892944,0.41377660632133484,0.56058669090271,0.6000000238418579,0.5472687482833862,0,0,1,0.2349209040403366,0,1,0.22889351844787598,1,0,0.12243857234716415,1,0,0.17092324793338776,0,1,0.24282275140285492
subject_02:sample_0000746,2,746,3,3,1,3,1,0.998795747756958,0.998162567615509,0.9926552772521973,1.0,0.9965340495109558,1,3,1,0.20726782083511353,3,1,0.20439358055591583,3,1,0.18971069157123566,3,1,0.19648787379264832,3,1,0.20213904976844788
subject_02:sample_0000747,2,747,3,3,1,3,1,0.9987812042236328,0.9981474280357361,0.992576539516449,1.0,0.9964978098869324,1,3,1,0.20721785724163055,3,1,0.20383429527282715,3,1,0.19009347259998322,3,1,0.19648757576942444,3,1,0.20236577093601227
subject_02:sample_0000748,2,748,3,3,1,3,1,0.998755693435669,0.9981213808059692,0.9924391508102417,1.0,0.9964346289634705,1,3,1,0.2075042575597763,3,1,0.20311112701892853,3,1,0.19044718146324158,3,1,0.19634579122066498,3,1,0.20259065926074982
subject_02:sample_0000749,2,749,3,3,1,3,1,0.9987398386001587,0.9981041550636292,0.9923538565635681,1.0,0.9963951110839844,1,3,1,0.2076459378004074,3,1,0.20274187624454498,3,1,0.1906391829252243,3,1,0.19621308147907257,3,1,0.20275896787643433
subject_02:sample_0000750,2,750,3,3,1,3,1,0.9987148642539978,0.9980716109275818,0.9922201633453369,1.0,0.9963313341140747,1,3,1,0.20786486566066742,3,1,0.2021775096654892,3,1,0.19079914689064026,3,1,0.19623824954032898,3,1,0.20291933417320251
subject_02:sample_0000751,2,751,3,3,1,3,1,0.9986821413040161,0.9980267882347107,0.9920464158058167,1.0,0.9962473511695862,1,3,1,0.20812751352787018,3,1,0.20154090225696564,3,1,0.19101624190807343,3,1,0.19620512425899506,3,1,0.20310929417610168
subject_02:sample_0000752,2,752,3,3,1,3,1,0.9986445903778076,0.9979616403579712,0.9918486475944519,1.0,0.9961469769477844,1,3,1,0.20846179127693176,3,1,0.20085805654525757,3,1,0.1911732703447342,3,1,0.19632093608379364,3,1,0.20318491756916046
subject_02:sample_0000753,2,753,3,3,1,3,1,0.9986177682876587,0.9979158043861389,0.9917072653770447,1.0,0.9960753917694092,1,3,1,0.2085445523262024,3,1,0.20052380859851837,3,1,0.1912715882062912,3,1,0.19630689918994904,3,1,0.20335224270820618
subject_02:sample_0000754,2,754,3,3,1,3,1,0.9985753297805786,0.9978417158126831,0.9914857149124146,1.0,0.9959625005722046,1,3,1,0.20894113183021545,3,1,0.2003004252910614,3,1,0.190996453166008,3,1,0.19630353152751923,3,1,0.20345744490623474
subject_02:sample_0000755,2,755,3,3,1,3,1,0.998530387878418,0.9977646470069885,0.991251528263092,1.0,0.9958435297012329,1,3,1,0.2095128297805786,3,1,0.20025454461574554,3,1,0.1904551386833191,3,1,0.19629311561584473,3,1,0.203483447432518
subject_02:sample_0000756,2,756,3,3,1,3,1,0.9984667301177979,0.9976541996002197,0.9909231066703796,1.0,0.9956756234169006,1,3,1,0.2101634293794632,3,1,0.20018143951892853,3,1,0.1897919625043869,3,1,0.19630035758018494,3,1,0.20356184244155884
subject_02:sample_0000757,2,757,3,3,1,3,1,0.9983714818954468,0.9974865913391113,0.9904352426528931,1.0,0.9954248070716858,1,3,1,0.21095751225948334,3,1,0.20007377862930298,3,1,0.18898774683475494,3,1,0.19639791548252106,3,1,0.2035820335149765
subject_02:sample_0000758,2,758,3,3,1,3,1,0.9982715845108032,0.9973128437995911,0.9899277091026306,1.0,0.9951636791229248,1,3,1,0.21174119412899017,3,1,0.20007923245429993,3,1,0.18815432488918304,3,1,0.1965143233537674,3,1,0.20350995659828186
subject_02:sample_0000759,2,759,3,3,1,3,1,0.9981391429901123,0.9970847368240356,0.9892616868019104,1.0,0.9948206543922424,1,3,1,0.21280406415462494,3,1,0.2001855969429016,3,1,0.18712742626667023,3,1,0.19668623805046082,3,1,0.20319576561450958
subject_02:sample_0000760,2,760,3,3,1,3,1,0.9980112314224243,0.9968653321266174,0.9886258840560913,1.0,0.9944920539855957,1,3,1,0.21379920840263367,3,1,0.20026452839374542,3,1,0.186256542801857,3,1,0.19679681956768036,3,1,0.20288202166557312
subject_02:sample_0000761,2,761,3,3,1,3,1,0.9978840351104736,0.9966440200805664,0.9880017638206482,1.0,0.9941668510437012,1,3,1,0.21467603743076324,3,1,0.20058275759220123,3,1,0.18532513082027435,3,1,0.1967279314994812,3,1,0.20268714427947998
subject_02:sample_0000762,2,762,3,3,1,3,1,0.9977089166641235,0.9963187575340271,0.987156331539154,1.0,0.9937170147895813,1,3,1,0.2155369073152542,3,1,0.20076772570610046,3,1,0.18459270894527435,3,1,0.19662413001060486,3,1,0.20247751474380493
subject_02:sample_0000763,2,763,3,3,1,3,1,0.9974851608276367,0.9958979487419128,0.98609459400177,1.0,0.9931463599205017,1,3,1,0.2165304273366928,3,1,0.20075739920139313,3,1,0.18392272293567657,3,1,0.19656310975551605,3,1,0.2022254467010498
subject_02:sample_0000764,2,764,3,3,1,3,1,0.9972605109214783,0.9954759478569031,0.9850484728813171,1.0,0.9925803542137146,1,3,1,0.21751916408538818,3,1,0.2008492648601532,3,1,0.18330393731594086,3,1,0.19647060334682465,3,1,0.20185601711273193
subject_02:sample_0000765,2,765,3,3,1,3,1,0.9969132542610168,0.994805097579956,0.9834715127944946,1.0,0.9917123913764954,1,3,1,0.21839001774787903,3,1,0.2003083974123001,3,1,0.1829146146774292,3,1,0.1964651644229889,3,1,0.20192083716392517
subject_02:sample_0000766,2,766,3,3,1,3,1,0.9965168237686157,0.9940357804298401,0.9817181825637817,1.0,0.9907357096672058,1,3,1,0.21921959519386292,3,1,0.1996193677186966,3,1,0.1826610267162323,3,1,0.19648891687393188,3,1,0.2020101398229599
subject_02:sample_0000767,2,767,3,3,1,3,1,0.9960095286369324,0.993039071559906,0.9795423150062561,1.0,0.9895042777061462,1,3,1,0.21994730830192566,3,1,0.1986958533525467,3,1,0.18259847164154053,3,1,0.19657455384731293,3,1,0.20218287408351898
subject_02:sample_0000768,2,768,3,3,1,3,1,0.9953995943069458,0.9918319582939148,0.9770119786262512,1.0,0.9880489706993103,1,3,1,0.22069621086120605,3,1,0.19771909713745117,3,1,0.18258549273014069,3,1,0.19666483998298645,3,1,0.20233337581157684
subject_02:sample_0000769,2,769,3,3,1,3,1,0.9948716163635254,0.9907698631286621,0.9748964309692383,1.0,0.9868083000183105,1,3,1,0.22088685631752014,3,1,0.19712166488170624,3,1,0.18272855877876282,3,1,0.19673188030719757,3,1,0.20253008604049683
subject_02:sample_0000770,2,770,3,3,1,3,1,0.9945836663246155,0.9901843667030334,0.9737715125083923,1.0,0.9861390590667725,1,3,1,0.22086390852928162,3,1,0.19714803993701935,3,1,0.18280000984668732,3,1,0.19669125974178314,3,1,0.20249579846858978
subject_02:sample_0000771,2,771,3,3,1,3,1,0.9942390322685242,0.9894943833351135,0.9724329113960266,1.0,0.9853440523147583,1,3,1,0.2210431545972824,3,1,0.19720137119293213,3,1,0.18275532126426697,3,1,0.19660092890262604,3,1,0.20239821076393127
subject_02:sample_0000772,2,772,3,3,1,3,1,0.9939841628074646,0.9889829754829407,0.9714556336402893,1.0,0.984760046005249,1,3,1,0.2212180346250534,3,1,0.19705256819725037,3,1,0.18271368741989136,3,1,0.19658200442790985,3,1,0.202432781457901
subject_02:sample_0000773,2,773,3,3,1,3,1,0.9939159750938416,0.9888524413108826,0.9711893200874329,1.0,0.9846041202545166,1,3,1,0.22136126458644867,3,1,0.1972842812538147,3,1,0.18244165182113647,3,1,0.1965484619140625,3,1,0.20236335694789886
subject_02:sample_0000774,2,774,0,0,1,0,1,0.9999719858169556,0.9999587535858154,0.9997576475143433,1.0,0.9998961091041565,1,0,1,0.18081726133823395,0,1,0.19081494212150574,0,1,0.21199242770671844,0,1,0.21198444068431854,0,1,0.20438992977142334
subject_02:sample_0000775,2,775,0,0,1,0,1,0.9999727010726929,0.9999599456787109,0.999761700630188,1.0,0.9998980760574341,1,0,1,0.18061330914497375,0,1,0.19069036841392517,0,1,0.21278657019138336,0,1,0.2119186818599701,0,1,0.2039901614189148
subject_02:sample_0000776,2,776,0,0,1,0,1,0.9999728202819824,0.9999602437019348,0.9997634887695312,1.0,0.9998988509178162,1,0,1,0.18042415380477905,0,1,0.19058077037334442,0,1,0.21358902752399445,0,1,0.21174770593643188,0,1,0.2036573886871338
subject_02:sample_0000777,2,777,0,0,1,0,1,0.999972939491272,0.9999604821205139,0.9997646808624268,1.0,0.9998993873596191,1,0,1,0.18032698333263397,0,1,0.190517857670784,0,1,0.21421459317207336,0,1,0.21150833368301392,0,1,0.20343124866485596
subject_02:sample_0000778,2,778,0,0,1,0,1,0.999972939491272,0.9999606013298035,0.9997650980949402,1.0,0.9998995661735535,1,0,1,0.18022161722183228,0,1,0.19050665199756622,0,1,0.21493156254291534,0,1,0.21128693222999573,0,1,0.20305222272872925
subject_02:sample_0000779,2,779,0,0,1,0,1,0.9999732971191406,0.9999611973762512,0.9997673630714417,1.0,0.9999006390571594,1,0,1,0.179951012134552,0,1,0.19035227596759796,0,1,0.21626773476600647,0,1,0.21103034913539886,0,1,0.2023976743221283
subject_02:sample_0000780,2,780,0,0,1,0,1,0.9999735951423645,0.9999617338180542,0.9997696280479431,1.0,0.9999016523361206,1,0,1,0.17967699468135834,0,1,0.19021055102348328,0,1,0.2176889330148697,0,1,0.21067525446414948,0,1,0.2017473727464676
subject_02:sample_0000781,2,781,0,0,1,0,1,0.9999738931655884,0.9999623894691467,0.999772846698761,1.0,0.9999030828475952,1,0,1,0.17931222915649414,0,1,0.18994870781898499,0,1,0.2198735624551773,0,1,0.21023604273796082,0,1,0.20062847435474396
subject_02:sample_0000782,2,782,0,0,1,0,1,0.9999743103981018,0.9999628067016602,0.9997751712799072,1.0,0.9999040961265564,1,0,1,0.17901493608951569,0,1,0.18973375856876373,0,1,0.2217382788658142,0,1,0.20991337299346924,0,1,0.19959869980812073
subject_02:sample_0000783,2,783,0,0,1,0,1,0.9999746680259705,0.9999631643295288,0.9997790455818176,1.0,0.9999055862426758,1,0,1,0.1788179576396942,0,1,0.18961578607559204,0,1,0.22326381504535675,0,1,0.2096022069454193,0,1,0.19869928061962128
subject_02:sample_0000784,2,784,0,0,1,0,1,0.9999752044677734,0.999963641166687,0.9997833967208862,1.0,0.9999074339866638,1,0,1,0.178777813911438,0,1,0.18959440290927887,0,1,0.2240745574235916,0,1,0.20949098467826843,0,1,0.1980612874031067
subject_02:sample_0000785,2,785,0,0,1,0,1,0.9999756813049316,0.9999641180038452,0.9997859001159668,1.0,0.9999085664749146,1,0,1,0.17868320643901825,0,1,0.18945622444152832,0,1,0.22515486180782318,0,1,0.20929227769374847,0,1,0.19741252064704895
subject_02:sample_0000786,2,786,0,0,1,0,1,0.9999757409095764,0.99996417760849,0.9997883439064026,1.0,0.9999094009399414,1,0,1,0.17846117913722992,0,1,0.18912537395954132,0,1,0.2271048128604889,0,1,0.20883384346961975,0,1,0.19647377729415894
subject_02:sample_0000787,2,787,0,0,1,0,1,0.9999763369560242,0.9999647736549377,0.9997919201850891,1.0,0.9999110102653503,1,0,1,0.17808246612548828,0,1,0.18870697915554047,0,1,0.22955846786499023,0,1,0.2083842009305954,0,1,0.195266991853714
subject_02:sample_0000788,2,788,0,0,1,0,1,0.9999765157699585,0.9999649524688721,0.9997948408126831,1.0,0.9999121427536011,1,0,1,0.17775216698646545,0,1,0.18832363188266754,0,1,0.23223944008350372,0,1,0.20776979625225067,0,1,0.19391395151615143
subject_02:sample_0000789,2,789,0,0,1,0,1,0.9999768733978271,0.999965250492096,0.9997972249984741,1.0,0.9999131560325623,1,0,1,0.17736828327178955,0,1,0.1878865510225296,0,1,0.23557373881340027,0,1,0.20691050589084625,0,1,0.19225996732711792
subject_02:sample_0000790,2,790,0,0,1,0,1,0.9999774098396301,0.9999658465385437,0.9998012185096741,1.0,0.999914824962616,1,0,1,0.17687363922595978,0,1,0.1872403919696808,0,1,0.23901796340942383,0,1,0.20620988309383392,0,1,0.19065719842910767
subject_02:sample_0000791,2,791,0,0,1,0,1,0.9999776482582092,0.999966025352478,0.9998026490211487,1.0,0.9999154210090637,1,0,1,0.17634731531143188,0,1,0.1867821216583252,0,1,0.24229346215724945,0,1,0.20541560649871826,0,1,0.18916058540344238
subject_02:sample_0000792,2,792,0,0,1,0,1,0.9999777674674988,0.9999661445617676,0.9998043775558472,1.0,0.999916136264801,1,0,1,0.17611682415008545,0,1,0.18661147356033325,0,1,0.24412144720554352,0,1,0.2050287425518036,0,1,0.18812057375907898
subject_02:sample_0000793,2,793,0,0,1,0,1,0.9999777674674988,0.9999660849571228,0.9998051524162292,1.0,0.9999163150787354,1,0,1,0.1754510998725891,0,1,0.18617768585681915,0,1,0.24781282246112823,0,1,0.20416830480098724,0,1,0.18638905882835388
subject_02:sample_0000794,2,794,0,0,1,0,1,0.9999780058860779,0.9999664425849915,0.9998069405555725,1.0,0.9999170899391174,1,0,1,0.1746547818183899,0,1,0.18559685349464417,0,1,0.2520311176776886,0,1,0.2033027559518814,0,1,0.18441353738307953
subject_02:sample_0000795,2,795,0,0,1,0,1,0.9999783039093018,0.9999669194221497,0.9998087882995605,1.0,0.9999180436134338,1,0,1,0.1738407015800476,0,1,0.18510425090789795,0,1,0.25599735975265503,0,1,0.20251110196113586,0,1,0.18254558742046356
subject_02:sample_0000796,2,796,0,0,1,0,1,0.9999775886535645,0.9999664425849915,0.9998030066490173,1.0,0.9999156594276428,1,0,1,0.17307215929031372,0,1,0.18474321067333221,0,1,0.2596000134944916,0,1,0.2018865942955017,0,1,0.18069703876972198
subject_02:sample_0000797,2,797,0,0,1,0,1,0.9999756217002869,0.9999644756317139,0.9997853636741638,1.0,0.9999085068702698,1,0,1,0.17285893857479095,0,1,0.18509098887443542,0,1,0.26050713658332825,0,1,0.20188350975513458,0,1,0.17965851724147797
subject_02:sample_0000798,2,798,0,0,1,0,1,0.9999657273292542,0.9999509453773499,0.9997018575668335,1.0,0.9998728632926941,1,0,1,0.17308126389980316,0,1,0.18558429181575775,0,1,0.2598067820072174,0,1,0.20239686965942383,0,1,0.17912985384464264
subject_02:sample_0000799,2,799,0,0,1,0,1,0.9999020099639893,0.999849796295166,0.9992149472236633,1.0,0.999655544757843,1,0,1,0.17346832156181335,0,1,0.18615198135375977,0,1,0.2583616375923157,0,1,0.2031332403421402,0,1,0.178883895277977
subject_02:sample_0000800,2,800,0,0,1,0,1,0.9991403818130493,0.9986435770988464,0.9945459365844727,1.0,0.9974411725997925,1,0,1,0.17409038543701172,0,1,0.18730171024799347,0,1,0.25574010610580444,0,1,0.20394167304039001,0,1,0.1789250522851944
subject_02:sample_0000801,2,801,0,0,1,0,1,0.9897100925445557,0.983802855014801,0.9535062909126282,1.0,0.975543200969696,1,0,1,0.17473651468753815,0,1,0.18858718872070312,0,1,0.2530227601528168,0,1,0.20466011762619019,0,1,0.17899245023727417
subject_02:sample_0000802,2,802,0,0,1,0,1,0.9854012131690979,0.9772241711616516,0.937726616859436,1.0,0.9665578603744507,1,0,1,0.17471818625926971,0,1,0.18922609090805054,0,1,0.2526625692844391,0,1,0.20474085211753845,0,1,0.1786513477563858
subject_02:sample_0000803,2,803,0,0,1,0,1,0.9919072389602661,0.987479567527771,0.9619750380516052,1.0,0.9803646206855774,1,0,1,0.1744108945131302,0,1,0.1893286556005478,0,1,0.2535567879676819,0,1,0.2045699805021286,0,1,0.17813275754451752
subject_02:sample_0000804,2,804,0,0,1,0,1,0.9911147952079773,0.9863203167915344,0.9588494300842285,1.0,0.9786575436592102,1,0,1,0.17435427010059357,0,1,0.18926511704921722,0,1,0.2537077069282532,0,1,0.20477963984012604,0,1,0.17789226770401
subject_02:sample_0000805,2,805,0,0,1,0,1,0.9901487231254578,0.9850539565086365,0.9550992846488953,1.0,0.9766440987586975,1,0,1,0.17425192892551422,0,1,0.18896295130252838,0,1,0.25398126244544983,0,1,0.20511707663536072,0,1,0.17768588662147522
subject_02:sample_0000806,2,806,0,0,1,0,1,0.9920282959938049,0.9879605770111084,0.9624308943748474,1.0,0.9807186126708984,1,0,1,0.17413195967674255,0,1,0.1886669248342514,0,1,0.25451189279556274,0,1,0.20525984466075897,0,1,0.1774284392595291
subject_02:sample_0000807,2,807,0,0,1,0,1,0.9675303101539612,0.9505584239959717,0.8803673386573792,1.0,0.9320425987243652,1,0,1,0.17454098165035248,0,1,0.1888071596622467,0,1,0.25293228030204773,0,1,0.20599009096622467,0,1,0.177728533744812
subject_02:sample_0000808,2,808,0,0,1,0,1,0.9323009252548218,0.8952101469039917,0.7876060009002686,1.0,0.8694875836372375,1,0,1,0.17481178045272827,0,1,0.18853379786014557,0,1,0.25212526321411133,0,1,0.20652133226394653,0,1,0.17800691723823547
subject_02:sample_0000809,2,809,0,0,1,0,1,0.8730207085609436,0.8004899024963379,0.6627494096755981,1.0,0.7737070918083191,1,0,1,0.1750868260860443,0,1,0.1882508546113968,0,1,0.251300573348999,0,1,0.20710743963718414,0,1,0.17825332283973694
subject_02:sample_0000810,2,810,0,0,1,0,1,0.8058086037635803,0.6952091455459595,0.5490415096282959,0.800000011920929,0.6750213503837585,0,0,1,0.17546942830085754,0,1,0.1883501559495926,3,0,0.2500241696834564,0,1,0.20759224891662598,0,1,0.17856307327747345
subject_02:sample_0000811,2,811,0,0,1,0,1,0.7691808342933655,0.6388076543807983,0.49615126848220825,0.800000011920929,0.6246991157531738,0,0,1,0.1758962720632553,0,1,0.18883754312992096,3,0,0.24815674126148224,0,1,0.20821058750152588,0,1,0.1788979172706604
subject_02:sample_0000812,2,812,0,0,1,0,1,0.7650328874588013,0.6279313564300537,0.4914870858192444,0.800000011920929,0.6180659532546997,0,0,1,0.17581920325756073,0,1,0.18854263424873352,3,0,0.24796999990940094,0,1,0.20876175165176392,0,1,0.17890551686286926
subject_02:sample_0000813,2,813,0,0,1,0,1,0.7596351504325867,0.6152534484863281,0.48542559146881104,0.800000011920929,0.6099027395248413,0,0,1,0.17598164081573486,0,1,0.18845075368881226,3,0,0.24678479135036469,0,1,0.20963233709335327,0,1,0.1791495680809021
subject_02:sample_0000814,2,814,0,0,1,0,1,0.7619354724884033,0.6137852668762207,0.49014365673065186,0.800000011920929,0.6120017170906067,0,0,1,0.17554670572280884,0,1,0.18798916041851044,3,0,0.24787339568138123,0,1,0.20978552103042603,0,1,0.17880430817604065
subject_02:sample_0000815,2,815,0,0,1,0,1,0.7644057869911194,0.6141989231109619,0.4947875142097473,0.800000011920929,0.6147292852401733,0,0,1,0.17533071339130402,0,1,0.18740925192832947,3,0,0.24854536354541779,0,1,0.210068479180336,0,1,0.17864519357681274
subject_02:sample_0000816,2,816,0,0,1,0,1,0.7671958804130554,0.621968686580658,0.4972494840621948,0.800000011920929,0.6190841794013977,0,0,1,0.1752341240644455,0,1,0.18717645108699799,3,0,0.24901209771633148,0,1,0.21001912653446198,0,1,0.17855724692344666
subject_02:sample_0000817,2,817,3,3,1,3,1,0.9954714179039001,0.990954577922821,0.9790530800819397,1.0,0.9884687662124634,1,3,1,0.19255147874355316,3,1,0.181124746799469,3,1,0.20404201745986938,3,1,0.24948732554912567,3,1,0.17279347777366638
subject_02:sample_0000818,2,818,3,3,1,3,1,0.9955466985702515,0.9911049008369446,0.9793463349342346,1.0,0.9886422753334045,1,3,1,0.1926584094762802,3,1,0.18093843758106232,3,1,0.20404520630836487,3,1,0.2496189922094345,3,1,0.17273804545402527
subject_02:sample_0000819,2,819,3,3,1,3,1,0.9954802393913269,0.9909719228744507,0.9790880680084229,1.0,0.9884891510009766,1,3,1,0.19247572124004364,3,1,0.1811894029378891,3,1,0.20425772666931152,3,1,0.24904870986938477,3,1,0.17302756011486053
subject_02:sample_0000820,2,820,3,3,1,3,1,0.9956381320953369,0.9912876486778259,0.9797052145004272,1.0,0.9888541102409363,1,3,1,0.19281156361103058,3,1,0.18122585117816925,3,1,0.20487183332443237,3,1,0.24805617332458496,3,1,0.17303359508514404
subject_02:sample_0000821,2,821,3,3,1,3,1,0.9958435297012329,0.9916983842849731,0.9805138111114502,1.0,0.9893307089805603,1,3,1,0.19309772551059723,3,1,0.18116243183612823,3,1,0.20534276962280273,3,1,0.24733278155326843,3,1,0.17306333780288696
subject_02:sample_0000822,2,822,3,3,1,3,1,0.9961833357810974,0.9923780560493469,0.98186856508255,1.0,0.9901247024536133,1,3,1,0.19369885325431824,3,1,0.1809607446193695,3,1,0.20597466826438904,3,1,0.24645225703716278,3,1,0.17291243374347687
subject_02:sample_0000823,2,823,3,3,1,3,1,0.9964526295661926,0.9929164052009583,0.9829567670822144,1.0,0.9907587766647339,1,3,1,0.19426162540912628,3,1,0.18093876540660858,3,1,0.20655377209186554,3,1,0.24544262886047363,3,1,0.17280229926109314
subject_02:sample_0000824,2,824,3,3,1,3,1,0.9967294335365295,0.9934700727462769,0.9840915203094482,1.0,0.9914158582687378,1,3,1,0.19488181173801422,3,1,0.18107324838638306,3,1,0.20688964426517487,3,1,0.24451003968715668,3,1,0.17264430224895477
subject_02:sample_0000825,2,825,3,3,1,3,1,0.997096836566925,0.9942046999931335,0.9856244325637817,1.0,0.9922966957092285,1,3,1,0.19626156985759735,3,1,0.1813259869813919,3,1,0.2072182595729828,3,1,0.24267229437828064,3,1,0.17252092063426971
subject_02:sample_0000826,2,826,3,3,1,3,1,0.9974247813224792,0.9948604702949524,0.9870210289955139,1.0,0.9930922389030457,1,3,1,0.19753119349479675,3,1,0.18111690878868103,3,1,0.20799966156482697,3,1,0.2411448359489441,3,1,0.17220644652843475
subject_02:sample_0000827,2,827,3,3,1,3,1,0.9977223873138428,0.9954555034637451,0.9883146286010742,1.0,0.9938226938247681,1,3,1,0.19858649373054504,3,1,0.1808824986219406,3,1,0.20907053351402283,3,1,0.23952895402908325,3,1,0.17193064093589783
subject_02:sample_0000828,2,828,3,3,1,3,1,0.9978846907615662,0.9957800507545471,0.989032506942749,1.0,0.994225263595581,1,3,1,0.19942863285541534,3,1,0.18089047074317932,3,1,0.20996658504009247,3,1,0.23778605461120605,3,1,0.1719273179769516
subject_02:sample_0000829,2,829,3,3,1,3,1,0.9979370832443237,0.9958848357200623,0.9892659187316895,1.0,0.9943557381629944,1,3,1,0.20006318390369415,3,1,0.18136776983737946,3,1,0.21113096177577972,3,1,0.2354000210762024,3,1,0.17203710973262787
subject_02:sample_0000830,2,830,3,3,1,3,1,0.9979042410850525,0.9958192110061646,0.9891202449798584,1.0,0.9942741394042969,1,3,1,0.20025835931301117,3,1,0.18161572515964508,3,1,0.21199391782283783,3,1,0.2340843230485916,3,1,0.17204663157463074
subject_02:sample_0000831,2,831,3,3,1,3,1,0.9979671835899353,0.9959449768066406,0.9894010424613953,1.0,0.9944310188293457,1,3,1,0.20065937936306,3,1,0.18164844810962677,3,1,0.2131395936012268,3,1,0.23273737728595734,3,1,0.1718142181634903
subject_02:sample_0000832,2,832,3,3,1,3,1,0.9979393482208252,0.9958892464637756,0.9892765283584595,1.0,0.9943614602088928,1,3,1,0.20055632293224335,3,1,0.18186233937740326,3,1,0.21393993496894836,3,1,0.2318413257598877,3,1,0.1717991679906845
subject_02:sample_0000833,2,833,3,3,1,3,1,0.997873842716217,0.9957581758499146,0.988985002040863,1.0,0.9941983819007874,1,3,1,0.20058220624923706,3,1,0.18241696059703827,3,1,0.21469201147556305,3,1,0.23037560284137726,3,1,0.17193225026130676
subject_02:sample_0000834,2,834,3,3,1,3,1,0.9978094100952148,0.9956294298171997,0.9886995553970337,1.0,0.9940385222434998,1,3,1,0.20075775682926178,3,1,0.18304194509983063,3,1,0.21535225212574005,3,1,0.22873863577842712,3,1,0.17210839688777924
subject_02:sample_0000835,2,835,3,3,1,3,1,0.9978227019309998,0.9956560134887695,0.9887576103210449,1.0,0.9940712451934814,1,3,1,0.2011827975511551,3,1,0.1834353357553482,3,1,0.21598677337169647,3,1,0.22727468609809875,3,1,0.17211948335170746
subject_02:sample_0000836,2,836,3,3,1,3,1,0.9977583289146423,0.9955273866653442,0.9884732365608215,1.0,0.9939117431640625,1,3,1,0.20125561952590942,3,1,0.18384894728660583,3,1,0.21632176637649536,3,1,0.22625252604484558,3,1,0.1723202019929886
subject_02:sample_0000837,2,837,3,3,1,3,1,0.997681736946106,0.9953742623329163,0.9881372451782227,1.0,0.9937227368354797,1,3,1,0.20140239596366882,3,1,0.18433307111263275,3,1,0.2164435237646103,3,1,0.22530701756477356,3,1,0.1725129783153534
subject_02:sample_0000838,2,838,3,3,1,3,1,0.9975638389587402,0.9951384663581848,0.9876227378845215,1.0,0.9934326410293579,1,3,1,0.20132485032081604,3,1,0.18474262952804565,3,1,0.21671485900878906,3,1,0.22453267872333527,3,1,0.17268405854701996
subject_02:sample_0000839,2,839,3,3,1,3,1,0.9974229335784912,0.9948567748069763,0.9870133996009827,1.0,0.993087887763977,1,3,1,0.2012018859386444,3,1,0.18510696291923523,3,1,0.21709515154361725,3,1,0.22389347851276398,3,1,0.17270158231258392
subject_02:sample_0000840,2,840,3,3,1,3,1,0.9975385665893555,0.9950882792472839,0.9875118136405945,1.0,0.9933704137802124,1,3,1,0.20098435878753662,3,1,0.18542948365211487,3,1,0.21756447851657867,3,1,0.22292368113994598,3,1,0.17309708893299103
subject_02:sample_0000841,2,841,3,3,1,3,1,0.997684121131897,0.9953799247741699,0.9881438612937927,1.0,0.9937276840209961,1,3,1,0.20190154016017914,3,1,0.18467453122138977,3,1,0.21935652196407318,3,1,0.22129693627357483,3,1,0.1727694422006607
subject_02:sample_0000842,2,842,3,3,1,3,1,0.9977258443832397,0.9954636096954346,0.9883257746696472,1.0,0.9938302636146545,1,3,1,0.2024388313293457,3,1,0.1840348094701767,3,1,0.22049808502197266,3,1,0.22056090831756592,3,1,0.17246639728546143
subject_02:sample_0000843,2,843,3,3,1,3,1,0.9978131651878357,0.995638370513916,0.9887091517448425,1.0,0.9940459132194519,1,3,1,0.20322708785533905,3,1,0.18352141976356506,3,1,0.22150708734989166,3,1,0.21979807317256927,3,1,0.17194534838199615
subject_02:sample_0000844,2,844,3,3,1,3,1,0.997848629951477,0.9957094788551331,0.9888655543327332,1.0,0.9941337704658508,1,3,1,0.20369623601436615,3,1,0.183181032538414,3,1,0.2225578874349594,3,1,0.2191033661365509,3,1,0.17146055400371552
subject_02:sample_0000845,2,845,3,3,1,3,1,0.9978621006011963,0.9957366585731506,0.9889242649078369,1.0,0.9941670298576355,1,3,1,0.20434117317199707,3,1,0.18316054344177246,3,1,0.22358742356300354,3,1,0.21787908673286438,3,1,0.17103083431720734
subject_02:sample_0000846,2,846,3,3,1,3,1,0.9977954030036926,0.9956034421920776,0.9886287450790405,1.0,0.994001567363739,1,3,1,0.20444975793361664,3,1,0.1835448145866394,3,1,0.2241615504026413,3,1,0.2170170098543167,3,1,0.17082594335079193
subject_02:sample_0000847,2,847,3,3,1,3,1,0.9977777004241943,0.9955680966377258,0.9885496497154236,1.0,0.9939573407173157,1,3,1,0.204819917678833,3,1,0.1837363988161087,3,1,0.2247898131608963,3,1,0.2161177098751068,3,1,0.17053528130054474
subject_02:sample_0000848,2,848,3,3,1,3,1,0.9975484609603882,0.9951097369194031,0.9875475764274597,1.0,0.9933927655220032,1,3,1,0.20432282984256744,3,1,0.18426266312599182,3,1,0.22462797164916992,3,1,0.21601168811321259,3,1,0.17077387869358063
subject_02:sample_0000849,2,849,3,3,1,3,1,0.9973313808441162,0.9946754574775696,0.9866124391555786,1.0,0.9928627014160156,1,3,1,0.20389588177204132,3,1,0.1845373958349228,3,1,0.22431081533432007,3,1,0.21625959873199463,3,1,0.17099535465240479
subject_02:sample_0000850,2,850,3,3,1,3,1,0.9972537159919739,0.9945201277732849,0.9862817525863647,1.0,0.9926742315292358,1,3,1,0.20371749997138977,3,1,0.18473012745380402,3,1,0.22400961816310883,3,1,0.21640536189079285,3,1,0.17113639414310455
