sample_index,subject_id_zero_based,subject_sample_index,batch_index
0,14,0,0
1,14,1,0
2,14,2,0
3,14,3,0
4,14,4,0
5,14,5,0
6,14,6,0
7,14,7,0
8,14,8,0
9,14,9,0
10,14,10,0
11,14,11,0
12,14,12,0
13,14,13,0
14,14,14,0
15,14,15,0
16,14,16,0
17,14,17,0
18,14,18,0
19,14,19,0
20,14,20,0
21,14,21,0
22,14,22,0
23,14,23,0
24,14,24,0
25,14,25,0
26,14,26,0
27,14,27,0
28,14,28,0
29,14,29,0
30,14,30,0
31,14,31,0
32,14,32,0
33,14,33,0
34,14,34,0
35,14,35,0
36,14,36,0
37,14,37,0
38,14,38,0
39,14,39,0
40,14,40,0
41,14,41,0
42,14,42,0
43,14,43,0
44,14,44,0
45,14,45,0
46,14,46,0
47,14,47,0
48,14,48,0
49,14,49,0
50,14,50,0
51,14,51,0
52,14,52,0
53,14,53,0
54,14,54,0
55,14,55,0
56,14,56,0
57,14,57,0
58,14,58,0
59,14,59,0
60,14,60,0
61,14,61,0
62,14,62,0
63,14,63,0
64,14,64,0
65,14,65,0
66,14,66,0
67,14,67,0
68,14,68,0
69,14,69,0
70,14,70,0
71,14,71,0
72,14,72,0
73,14,73,0
74,14,74,0
75,14,75,0
76,14,76,0
77,14,77,0
78,14,78,0
79,14,79,0
80,14,80,0
81,14,81,0
82,14,82,0
83,14,83,0
84,14,84,0
85,14,85,0
86,14,86,0
87,14,87,0
88,14,88,0
89,14,89,0
90,14,90,0
91,14,91,0
92,14,92,0
93,14,93,0
94,14,94,0
95,14,95,0
96,14,96,0
97,14,97,0
98,14,98,0
99,14,99,0
100,14,100,0
101,14,101,0
102,14,102,0
103,14,103,0
104,14,104,0
105,14,105,0
106,14,106,0
107,14,107,0
108,14,108,0
109,14,109,0
110,14,110,0
111,14,111,0
112,14,112,0
113,14,113,0
114,14,114,0
115,14,115,0
116,14,116,0
117,14,117,0
118,14,118,0
119,14,119,0
120,14,120,0
121,14,121,0
122,14,122,0
123,14,123,0
124,14,124,0
125,14,125,0
126,14,126,0
127,14,127,0
128,14,128,0
129,14,129,0
130,14,130,0
131,14,131,0
132,14,132,0
133,14,133,0
134,14,134,0
135,14,135,0
136,14,136,0
137,14,137,0
138,14,138,0
139,14,139,0
140,14,140,0
141,14,141,0
142,14,142,0
143,14,143,0
144,14,144,0
145,14,145,0
146,14,146,0
147,14,147,0
148,14,148,0
149,14,149,0
150,14,150,0
151,14,151,0
152,14,152,0
153,14,153,0
154,14,154,0
155,14,155,0
156,14,156,0
157,14,157,0
158,14,158,0
159,14,159,0
160,14,160,0
161,14,161,0
162,14,162,0
163,14,163,0
164,14,164,0
165,14,165,0
166,14,166,0
167,14,167,0
168,14,168,0
169,14,169,0
170,14,170,0
171,14,171,0
172,14,172,0
173,14,173,0
174,14,174,0
175,14,175,0
176,14,176,0
177,14,177,0
178,14,178,0
179,14,179,0
180,14,180,0
181,14,181,0
182,14,182,0
183,14,183,0
184,14,184,0
185,14,185,0
186,14,186,0
187,14,187,0
188,14,188,0
189,14,189,0
190,14,190,0
191,14,191,0
192,14,192,0
193,14,193,0
194,14,194,0
195,14,195,0
196,14,196,0
197,14,197,0
198,14,198,0
199,14,199,0
200,14,200,0
201,14,201,0
202,14,202,0
203,14,203,0
204,14,204,0
205,14,205,0
206,14,206,0
207,14,207,0
208,14,208,0
209,14,209,0
210,14,210,0
211,14,211,0
212,14,212,0
213,14,213,0
214,14,214,0
215,14,215,0
216,14,216,0
217,14,217,0
218,14,218,0
219,14,219,0
220,14,220,0
221,14,221,0
222,14,222,0
223,14,223,0
224,14,224,0
225,14,225,0
226,14,226,0
227,14,227,0
228,14,228,0
229,14,229,0
230,14,230,0
231,14,231,0
232,14,232,0
233,14,233,0
234,14,234,0
235,14,235,0
236,14,236,0
237,14,237,0
238,14,238,0
239,14,239,0
240,14,240,0
241,14,241,0
242,14,242,0
243,14,243,0
244,14,244,0
245,14,245,0
246,14,246,0
247,14,247,0
248,14,248,0
249,14,249,0
250,14,250,0
251,14,251,0
252,14,252,0
253,14,253,0
254,14,254,0
255,14,255,0
256,14,256,0
257,14,257,0
258,14,258,0
259,14,259,0
260,14,260,0
261,14,261,0
262,14,262,0
263,14,263,0
264,14,264,0
265,14,265,0
266,14,266,0
267,14,267,0
268,14,268,0
269,14,269,0
270,14,270,0
271,14,271,0
272,14,272,0
273,14,273,0
274,14,274,0
275,14,275,0
276,14,276,0
277,14,277,0
278,14,278,0
279,14,279,0
280,14,280,0
281,14,281,0
282,14,282,0
283,14,283,0
284,14,284,0
285,14,285,0
286,14,286,0
287,14,287,0
288,14,288,0
289,14,289,0
290,14,290,0
291,14,291,0
292,14,292,0
293,14,293,0
294,14,294,0
295,14,295,0
296,14,296,0
297,14,297,0
298,14,298,0
299,14,299,0
300,14,300,0
301,14,301,0
302,14,302,0
303,14,303,0
304,14,304,0
305,14,305,0
306,14,306,0
307,14,307,0
308,14,308,0
309,14,309,0
310,14,310,0
311,14,311,0
312,14,312,0
313,14,313,0
314,14,314,0
315,14,315,0
316,14,316,0
317,14,317,0
318,14,318,0
319,14,319,0
320,14,320,0
321,14,321,0
322,14,322,0
323,14,323,0
324,14,324,0
325,14,325,0
326,14,326,0
327,14,327,0
328,14,328,0
329,14,329,0
330,14,330,0
331,14,331,0
332,14,332,0
333,14,333,0
334,14,334,0
335,14,335,0
336,14,336,0
337,14,337,0
338,14,338,0
339,14,339,0
340,14,340,0
341,14,341,0
342,14,342,0
343,14,343,0
344,14,344,0
345,14,345,0
346,14,346,0
347,14,347,0
348,14,348,0
349,14,349,0
350,14,350,0
351,14,351,0
352,14,352,0
353,14,353,0
354,14,354,0
355,14,355,0
356,14,356,0
357,14,357,0
358,14,358,0
359,14,359,0
360,14,360,0
361,14,361,0
362,14,362,0
363,14,363,0
364,14,364,0
365,14,365,0
366,14,366,0
367,14,367,0
368,14,368,0
369,14,369,0
370,14,370,0
371,14,371,0
372,14,372,0
373,14,373,0
374,14,374,0
375,14,375,0
376,14,376,0
377,14,377,0
378,14,378,0
379,14,379,0
380,14,380,0
381,14,381,0
382,14,382,0
383,14,383,0
384,14,384,0
385,14,385,0
386,14,386,0
387,14,387,0
388,14,388,0
389,14,389,0
390,14,390,0
391,14,391,0
392,14,392,0
393,14,393,0
394,14,394,0
395,14,395,0
396,14,396,0
397,14,397,0
398,14,398,0
399,14,399,0
400,14,400,0
401,14,401,0
402,14,402,0
403,14,403,0
404,14,404,0
405,14,405,0
406,14,406,0
407,14,407,0
408,14,408,0
409,14,409,0
410,14,410,0
411,14,411,0
412,14,412,0
413,14,413,0
414,14,414,0
415,14,415,0
416,14,416,0
417,14,417,0
418,14,418,0
419,14,419,0
420,14,420,0
421,14,421,0
422,14,422,0
423,14,423,0
424,14,424,0
425,14,425,0
426,14,426,0
427,14,427,0
428,14,428,0
429,14,429,0
430,14,430,0
431,14,431,0
432,14,432,0
433,14,433,0
434,14,434,0
435,14,435,0
436,14,436,0
437,14,437,0
438,14,438,0
439,14,439,0
440,14,440,0
441,14,441,0
442,14,442,0
443,14,443,0
444,14,444,0
445,14,445,0
446,14,446,0
447,14,447,0
448,14,448,0
449,14,449,0
450,14,450,0
451,14,451,0
452,14,452,0
453,14,453,0
454,14,454,0
455,14,455,0
456,14,456,0
457,14,457,0
458,14,458,0
459,14,459,0
460,14,460,0
461,14,461,0
462,14,462,0
463,14,463,0
464,14,464,0
465,14,465,0
466,14,466,0
467,14,467,0
468,14,468,0
469,14,469,0
470,14,470,0
471,14,471,0
472,14,472,0
473,14,473,0
474,14,474,0
475,14,475,0
476,14,476,0
477,14,477,0
478,14,478,0
479,14,479,0
480,14,480,0
481,14,481,0
482,14,482,0
483,14,483,0
484,14,484,0
485,14,485,0
486,14,486,0
487,14,487,0
488,14,488,0
489,14,489,0
490,14,490,0
491,14,491,0
492,14,492,0
493,14,493,0
494,14,494,0
495,14,495,0
496,14,496,0
497,14,497,0
498,14,498,0
499,14,499,0
500,14,500,0
501,14,501,0
502,14,502,0
503,14,503,0
504,14,504,0
505,14,505,0
506,14,506,0
507,14,507,0
508,14,508,0
509,14,509,0
510,14,510,0
511,14,511,0
512,14,512,0
513,14,513,0
514,14,514,0
515,14,515,0
516,14,516,0
517,14,517,0
518,14,518,0
519,14,519,0
520,14,520,0
521,14,521,0
522,14,522,0
523,14,523,0
524,14,524,0
525,14,525,0
526,14,526,0
527,14,527,0
528,14,528,0
529,14,529,0
530,14,530,0
531,14,531,0
532,14,532,0
533,14,533,0
534,14,534,0
535,14,535,0
536,14,536,0
537,14,537,0
538,14,538,0
539,14,539,0
540,14,540,0
541,14,541,0
542,14,542,0
543,14,543,0
544,14,544,0
545,14,545,0
546,14,546,0
547,14,547,0
548,14,548,0
549,14,549,0
550,14,550,0
551,14,551,0
552,14,552,0
553,14,553,0
554,14,554,0
555,14,555,0
556,14,556,0
557,14,557,0
558,14,558,0
559,14,559,0
560,14,560,0
561,14,561,0
562,14,562,0
563,14,563,0
564,14,564,0
565,14,565,0
566,14,566,0
567,14,567,0
568,14,568,0
569,14,569,0
570,14,570,0
571,14,571,0
572,14,572,0
573,14,573,0
574,14,574,0
575,14,575,0
576,14,576,0
577,14,577,0
578,14,578,0
579,14,579,0
580,14,580,0
581,14,581,0
582,14,582,0
583,14,583,0
584,14,584,0
585,14,585,0
586,14,586,0
587,14,587,0
588,14,588,0
589,14,589,0
590,14,590,0
591,14,591,0
592,14,592,0
593,14,593,0
594,14,594,0
595,14,595,0
596,14,596,0
597,14,597,0
598,14,598,0
599,14,599,0
600,14,600,0
601,14,601,0
602,14,602,0
603,14,603,0
604,14,604,0
605,14,605,0
606,14,606,0
607,14,607,0
608,14,608,0
609,14,609,0
610,14,610,0
611,14,611,0
612,14,612,0
613,14,613,0
614,14,614,0
615,14,615,0
616,14,616,0
617,14,617,0
618,14,618,0
619,14,619,0
620,14,620,0
621,14,621,0
622,14,622,0
623,14,623,0
624,14,624,0
625,14,625,0
626,14,626,0
627,14,627,0
628,14,628,0
629,14,629,0
630,14,630,0
631,14,631,0
632,14,632,0
633,14,633,0
634,14,634,0
635,14,635,0
636,14,636,0
637,14,637,0
638,14,638,0
639,14,639,0
640,14,640,0
641,14,641,0
642,14,642,0
643,14,643,0
644,14,644,0
645,14,645,0
646,14,646,0
647,14,647,0
648,14,648,0
649,14,649,0
650,14,650,0
651,14,651,0
652,14,652,0
653,14,653,0
654,14,654,0
655,14,655,0
656,14,656,0
657,14,657,0
658,14,658,0
659,14,659,0
660,14,660,0
661,14,661,0
662,14,662,0
663,14,663,0
664,14,664,0
665,14,665,0
666,14,666,0
667,14,667,0
668,14,668,0
669,14,669,0
670,14,670,0
671,14,671,0
672,14,672,0
673,14,673,0
674,14,674,0
675,14,675,0
676,14,676,0
677,14,677,0
678,14,678,0
679,14,679,0
680,14,680,0
681,14,681,0
682,14,682,0
683,14,683,0
684,14,684,0
685,14,685,0
686,14,686,0
687,14,687,0
688,14,688,0
689,14,689,0
690,14,690,0
691,14,691,0
692,14,692,0
693,14,693,0
694,14,694,0
695,14,695,0
696,14,696,0
697,14,697,0
698,14,698,0
699,14,699,0
700,14,700,0
701,14,701,0
702,14,702,0
703,14,703,0
704,14,704,0
705,14,705,0
706,14,706,0
707,14,707,0
708,14,708,0
709,14,709,0
710,14,710,0
711,14,711,0
712,14,712,0
713,14,713,0
714,14,714,0
715,14,715,0
716,14,716,0
717,14,717,0
718,14,718,0
719,14,719,0
720,14,720,0
721,14,721,0
722,14,722,0
723,14,723,0
724,14,724,0
725,14,725,0
726,14,726,0
727,14,727,0
728,14,728,0
729,14,729,0
730,14,730,0
731,14,731,0
732,14,732,0
733,14,733,0
734,14,734,0
735,14,735,0
736,14,736,0
737,14,737,0
738,14,738,0
739,14,739,0
740,14,740,0
741,14,741,0
742,14,742,0
743,14,743,0
744,14,744,0
745,14,745,0
746,14,746,0
747,14,747,0
748,14,748,0
749,14,749,0
750,14,750,0
751,14,751,0
752,14,752,0
753,14,753,0
754,14,754,0
755,14,755,0
756,14,756,0
757,14,757,0
758,14,758,0
759,14,759,0
760,14,760,0
761,14,761,0
762,14,762,0
763,14,763,0
764,14,764,0
765,14,765,0
766,14,766,0
767,14,767,0
768,14,768,0
769,14,769,0
770,14,770,0
771,14,771,0
772,14,772,0
773,14,773,0
774,14,774,0
775,14,775,0
776,14,776,0
777,14,777,0
778,14,778,0
779,14,779,0
780,14,780,0
781,14,781,0
782,14,782,0
783,14,783,0
784,14,784,0
785,14,785,0
786,14,786,0
787,14,787,0
788,14,788,0
789,14,789,0
790,14,790,0
791,14,791,0
792,14,792,0
793,14,793,0
794,14,794,0
795,14,795,0
796,14,796,0
797,14,797,0
798,14,798,0
799,14,799,0
800,14,800,0
801,14,801,0
802,14,802,0
803,14,803,0
804,14,804,0
805,14,805,0
806,14,806,0
807,14,807,0
808,14,808,0
809,14,809,0
810,14,810,0
811,14,811,0
812,14,812,0
813,14,813,0
814,14,814,0
815,14,815,0
816,14,816,0
817,14,817,0
818,14,818,0
819,14,819,0
820,14,820,0
821,14,821,0
822,14,822,0
823,14,823,0
824,14,824,0
825,14,825,0
826,14,826,0
827,14,827,0
828,14,828,0
829,14,829,0
830,14,830,0
831,14,831,0
832,14,832,0
833,14,833,0
834,14,834,0
835,14,835,0
836,14,836,0
837,14,837,0
838,14,838,0
839,14,839,0
840,14,840,0
841,14,841,0
842,14,842,0
843,14,843,0
844,14,844,0
845,14,845,0
846,14,846,0
847,14,847,0
848,14,848,0
849,14,849,0
850,14,850,0
851,14,851,0
852,14,852,0
853,14,853,0
854,14,854,0
855,14,855,0
856,14,856,0
857,14,857,0
858,14,858,0
859,14,859,0
860,14,860,0
861,14,861,0
862,14,862,0
863,14,863,0
864,14,864,0
865,14,865,0
866,14,866,0
867,14,867,0
868,14,868,0
869,14,869,0
870,14,870,0
871,14,871,0
872,14,872,0
873,14,873,0
874,14,874,0
875,14,875,0
876,14,876,0
877,14,877,0
878,14,878,0
879,14,879,0
880,14,880,0
881,14,881,0
882,14,882,0
883,14,883,0
884,14,884,0
885,14,885,0
886,14,886,0
887,14,887,0
888,14,888,0
889,14,889,0
890,14,890,0
891,14,891,0
892,14,892,0
893,14,893,0
894,14,894,0
895,14,895,0
896,14,896,0
897,14,897,0
898,14,898,0
899,14,899,0
900,14,900,0
901,14,901,0
902,14,902,0
903,14,903,0
904,14,904,0
905,14,905,0
906,14,906,0
907,14,907,0
908,14,908,0
909,14,909,0
910,14,910,0
911,14,911,0
912,14,912,0
913,14,913,0
914,14,914,0
915,14,915,0
916,14,916,0
917,14,917,0
918,14,918,0
919,14,919,0
920,14,920,0
921,14,921,0
922,14,922,0
923,14,923,0
924,14,924,0
925,14,925,0
926,14,926,0
927,14,927,0
928,14,928,0
929,14,929,0
930,14,930,0
931,14,931,0
932,14,932,0
933,14,933,0
934,14,934,0
935,14,935,0
936,14,936,0
937,14,937,0
938,14,938,0
939,14,939,0
940,14,940,0
941,14,941,0
942,14,942,0
943,14,943,0
944,14,944,0
945,14,945,0
946,14,946,0
947,14,947,0
948,14,948,0
949,14,949,0
950,14,950,0
951,14,951,0
952,14,952,0
953,14,953,0
954,14,954,0
955,14,955,0
956,14,956,0
957,14,957,0
958,14,958,0
959,14,959,0
960,14,960,0
961,14,961,0
962,14,962,0
963,14,963,0
964,14,964,0
965,14,965,0
966,14,966,0
967,14,967,0
968,14,968,0
969,14,969,0
970,14,970,0
971,14,971,0
972,14,972,0
973,14,973,0
974,14,974,0
975,14,975,0
976,14,976,0
977,14,977,0
978,14,978,0
979,14,979,0
980,14,980,0
981,14,981,0
982,14,982,0
983,14,983,0
984,14,984,0
985,14,985,0
986,14,986,0
987,14,987,0
988,14,988,0
989,14,989,0
990,14,990,0
991,14,991,0
992,14,992,0
993,14,993,0
994,14,994,0
995,14,995,0
996,14,996,0
997,14,997,0
998,14,998,0
999,14,999,0
1000,14,1000,0
1001,14,1001,0
1002,14,1002,0
1003,14,1003,0
1004,14,1004,0
1005,14,1005,0
1006,14,1006,0
1007,14,1007,0
1008,14,1008,0
1009,14,1009,0
1010,14,1010,0
1011,14,1011,0
1012,14,1012,0
1013,14,1013,0
1014,14,1014,0
1015,14,1015,0
1016,14,1016,0
1017,14,1017,0
1018,14,1018,0
1019,14,1019,0
1020,14,1020,0
1021,14,1021,0
1022,14,1022,0
1023,14,1023,0
1024,14,1024,0
1025,14,1025,0
1026,14,1026,0
1027,14,1027,0
1028,14,1028,0
1029,14,1029,0
1030,14,1030,0
1031,14,1031,0
1032,14,1032,0
1033,14,1033,0
1034,14,1034,0
1035,14,1035,0
1036,14,1036,0
1037,14,1037,0
1038,14,1038,0
1039,14,1039,0
1040,14,1040,0
1041,14,1041,0
1042,14,1042,0
1043,14,1043,0
1044,14,1044,0
1045,14,1045,0
1046,14,1046,0
1047,14,1047,0
1048,14,1048,0
1049,14,1049,0
1050,14,1050,0
1051,14,1051,0
1052,14,1052,0
1053,14,1053,0
1054,14,1054,0
1055,14,1055,0
1056,14,1056,0
1057,14,1057,0
1058,14,1058,0
1059,14,1059,0
1060,14,1060,0
1061,14,1061,0
1062,14,1062,0
1063,14,1063,0
1064,14,1064,0
1065,14,1065,0
1066,14,1066,0
1067,14,1067,0
1068,14,1068,0
1069,14,1069,0
1070,14,1070,0
1071,14,1071,0
1072,14,1072,0
1073,14,1073,0
1074,14,1074,0
1075,14,1075,0
1076,14,1076,0
1077,14,1077,0
1078,14,1078,0
1079,14,1079,0
1080,14,1080,0
1081,14,1081,0
1082,14,1082,0
1083,14,1083,0
1084,14,1084,0
1085,14,1085,0
1086,14,1086,0
1087,14,1087,0
1088,14,1088,0
1089,14,1089,0
1090,14,1090,0
1091,14,1091,0
1092,14,1092,0
1093,14,1093,0
1094,14,1094,0
1095,14,1095,0
1096,14,1096,0
1097,14,1097,0
1098,14,1098,0
1099,14,1099,0
1100,14,1100,0
1101,14,1101,0
1102,14,1102,0
1103,14,1103,0
1104,14,1104,0
1105,14,1105,0
1106,14,1106,0
1107,14,1107,0
1108,14,1108,0
1109,14,1109,0
1110,14,1110,0
1111,14,1111,0
1112,14,1112,0
1113,14,1113,0
1114,14,1114,0
1115,14,1115,0
1116,14,1116,0
1117,14,1117,0
1118,14,1118,0
1119,14,1119,0
1120,14,1120,0
1121,14,1121,0
1122,14,1122,0
1123,14,1123,0
1124,14,1124,0
1125,14,1125,0
1126,14,1126,0
1127,14,1127,0
1128,14,1128,0
1129,14,1129,0
1130,14,1130,0
1131,14,1131,0
1132,14,1132,0
1133,14,1133,0
1134,14,1134,0
1135,14,1135,0
1136,14,1136,0
1137,14,1137,0
1138,14,1138,0
1139,14,1139,0
1140,14,1140,0
1141,14,1141,0
1142,14,1142,0
1143,14,1143,0
1144,14,1144,0
1145,14,1145,0
1146,14,1146,0
1147,14,1147,0
1148,14,1148,0
1149,14,1149,0
1150,14,1150,0
1151,14,1151,0
1152,14,1152,0
1153,14,1153,0
1154,14,1154,0
1155,14,1155,0
1156,14,1156,0
1157,14,1157,0
1158,14,1158,0
1159,14,1159,0
1160,14,1160,0
1161,14,1161,0
1162,14,1162,0
1163,14,1163,0
1164,14,1164,0
1165,14,1165,0
1166,14,1166,0
1167,14,1167,0
1168,14,1168,0
1169,14,1169,0
1170,14,1170,0
1171,14,1171,0
1172,14,1172,0
1173,14,1173,0
1174,14,1174,0
1175,14,1175,0
1176,14,1176,0
1177,14,1177,0
1178,14,1178,0
1179,14,1179,0
1180,14,1180,0
1181,14,1181,0
1182,14,1182,0
1183,14,1183,0
1184,14,1184,0
1185,14,1185,0
1186,14,1186,0
1187,14,1187,0
1188,14,1188,0
1189,14,1189,0
1190,14,1190,0
1191,14,1191,0
1192,14,1192,0
1193,14,1193,0
1194,14,1194,0
1195,14,1195,0
1196,14,1196,0
1197,14,1197,0
1198,14,1198,0
1199,14,1199,0
1200,14,1200,0
1201,14,1201,0
1202,14,1202,0
1203,14,1203,0
1204,14,1204,0
1205,14,1205,0
1206,14,1206,0
1207,14,1207,0
1208,14,1208,0
1209,14,1209,0
1210,14,1210,0
1211,14,1211,0
1212,14,1212,0
1213,14,1213,0
1214,14,1214,0
1215,14,1215,0
1216,14,1216,0
1217,14,1217,0
1218,14,1218,0
1219,14,1219,0
1220,14,1220,0
1221,14,1221,0
1222,14,1222,0
1223,14,1223,0
1224,14,1224,0
1225,14,1225,0
1226,14,1226,0
1227,14,1227,0
1228,14,1228,0
1229,14,1229,0
1230,14,1230,0
1231,14,1231,0
1232,14,1232,0
1233,14,1233,0
1234,14,1234,0
1235,14,1235,0
1236,14,1236,0
1237,14,1237,0
1238,14,1238,0
1239,14,1239,0
1240,14,1240,0
1241,14,1241,0
1242,14,1242,0
1243,14,1243,0
1244,14,1244,0
1245,14,1245,0
1246,14,1246,0
1247,14,1247,0
1248,14,1248,0
1249,14,1249,0
1250,14,1250,0
1251,14,1251,0
1252,14,1252,0
1253,14,1253,0
1254,14,1254,0
1255,14,1255,0
1256,14,1256,0
1257,14,1257,0
1258,14,1258,0
1259,14,1259,0
1260,14,1260,0
1261,14,1261,0
1262,14,1262,0
1263,14,1263,0
1264,14,1264,0
1265,14,1265,0
1266,14,1266,0
1267,14,1267,0
1268,14,1268,0
1269,14,1269,0
1270,14,1270,0
1271,14,1271,0
1272,14,1272,0
1273,14,1273,0
1274,14,1274,0
1275,14,1275,0
1276,14,1276,0
1277,14,1277,0
1278,14,1278,0
1279,14,1279,0
1280,14,1280,0
1281,14,1281,0
1282,14,1282,0
1283,14,1283,0
1284,14,1284,0
1285,14,1285,0
1286,14,1286,0
1287,14,1287,0
1288,14,1288,0
1289,14,1289,0
1290,14,1290,0
1291,14,1291,0
1292,14,1292,0
1293,14,1293,0
1294,14,1294,0
1295,14,1295,0
1296,14,1296,0
1297,14,1297,0
1298,14,1298,0
1299,14,1299,0
1300,14,1300,0
1301,14,1301,0
1302,14,1302,0
1303,14,1303,0
1304,14,1304,0
1305,14,1305,0
1306,14,1306,0
1307,14,1307,0
1308,14,1308,0
1309,14,1309,0
1310,14,1310,0
1311,14,1311,0
1312,14,1312,0
1313,14,1313,0
1314,14,1314,0
1315,14,1315,0
1316,14,1316,0
1317,14,1317,0
1318,14,1318,0
1319,14,1319,0
1320,14,1320,0
1321,14,1321,0
1322,14,1322,0
1323,14,1323,0
1324,14,1324,0
1325,14,1325,0
1326,14,1326,0
1327,14,1327,0
1328,14,1328,0
1329,14,1329,0
1330,14,1330,0
1331,14,1331,0
1332,14,1332,0
1333,14,1333,0
1334,14,1334,0
1335,14,1335,0
1336,14,1336,0
1337,14,1337,0
1338,14,1338,0
1339,14,1339,0
1340,14,1340,0
1341,14,1341,0
1342,14,1342,0
1343,14,1343,0
1344,14,1344,0
1345,14,1345,0
1346,14,1346,0
1347,14,1347,0
1348,14,1348,0
1349,14,1349,0
1350,14,1350,0
1351,14,1351,0
1352,14,1352,0
1353,14,1353,0
1354,14,1354,0
1355,14,1355,0
1356,14,1356,0
1357,14,1357,0
1358,14,1358,0
1359,14,1359,0
1360,14,1360,0
1361,14,1361,0
1362,14,1362,0
1363,14,1363,0
1364,14,1364,0
1365,14,1365,0
1366,14,1366,0
1367,14,1367,0
1368,14,1368,0
1369,14,1369,0
1370,14,1370,0
1371,14,1371,0
1372,14,1372,0
1373,14,1373,0
1374,14,1374,0
1375,14,1375,0
1376,14,1376,0
1377,14,1377,0
1378,14,1378,0
1379,14,1379,0
1380,14,1380,0
1381,14,1381,0
1382,14,1382,0
1383,14,1383,0
1384,14,1384,0
1385,14,1385,0
1386,14,1386,0
1387,14,1387,0
1388,14,1388,0
1389,14,1389,0
1390,14,1390,0
1391,14,1391,0
1392,14,1392,0
1393,14,1393,0
1394,14,1394,0
1395,14,1395,0
1396,14,1396,0
1397,14,1397,0
1398,14,1398,0
1399,14,1399,0
1400,14,1400,0
1401,14,1401,0
1402,14,1402,0
1403,14,1403,0
1404,14,1404,0
1405,14,1405,0
1406,14,1406,0
1407,14,1407,0
1408,14,1408,0
1409,14,1409,0
1410,14,1410,0
1411,14,1411,0
1412,14,1412,0
1413,14,1413,0
1414,14,1414,0
1415,14,1415,0
1416,14,1416,0
1417,14,1417,0
1418,14,1418,0
1419,14,1419,0
1420,14,1420,0
1421,14,1421,0
1422,14,1422,0
1423,14,1423,0
1424,14,1424,0
1425,14,1425,0
1426,14,1426,0
1427,14,1427,0
1428,14,1428,0
1429,14,1429,0
1430,14,1430,0
1431,14,1431,0
1432,14,1432,0
1433,14,1433,0
1434,14,1434,0
1435,14,1435,0
1436,14,1436,0
1437,14,1437,0
1438,14,1438,0
1439,14,1439,0
1440,14,1440,0
1441,14,1441,0
1442,14,1442,0
1443,14,1443,0
1444,14,1444,0
1445,14,1445,0
1446,14,1446,0
1447,14,1447,0
1448,14,1448,0
1449,14,1449,0
1450,14,1450,0
1451,14,1451,0
1452,14,1452,0
1453,14,1453,0
1454,14,1454,0
1455,14,1455,0
1456,14,1456,0
1457,14,1457,0
1458,14,1458,0
1459,14,1459,0
1460,14,1460,0
1461,14,1461,0
1462,14,1462,0
1463,14,1463,0
1464,14,1464,0
1465,14,1465,0
1466,14,1466,0
1467,14,1467,0
1468,14,1468,0
1469,14,1469,0
1470,14,1470,0
1471,14,1471,0
1472,14,1472,0
1473,14,1473,0
1474,14,1474,0
1475,14,1475,0
1476,14,1476,0
1477,14,1477,0
1478,14,1478,0
1479,14,1479,0
1480,14,1480,0
1481,14,1481,0
1482,14,1482,0
1483,14,1483,0
1484,14,1484,0
1485,14,1485,0
1486,14,1486,0
1487,14,1487,0
1488,14,1488,0
1489,14,1489,0
1490,14,1490,0
1491,14,1491,0
1492,14,1492,0
1493,14,1493,0
1494,14,1494,0
1495,14,1495,0
1496,14,1496,0
1497,14,1497,0
1498,14,1498,0
1499,14,1499,0
1500,14,1500,0
1501,14,1501,0
1502,14,1502,0
1503,14,1503,0
1504,14,1504,0
1505,14,1505,0
1506,14,1506,0
1507,14,1507,0
1508,14,1508,0
1509,14,1509,0
1510,14,1510,0
1511,14,1511,0
1512,14,1512,0
1513,14,1513,0
1514,14,1514,0
1515,14,1515,0
1516,14,1516,0
1517,14,1517,0
1518,14,1518,0
1519,14,1519,0
1520,14,1520,0
1521,14,1521,0
1522,14,1522,0
1523,14,1523,0
1524,14,1524,0
1525,14,1525,0
1526,14,1526,0
1527,14,1527,0
1528,14,1528,0
1529,14,1529,0
1530,14,1530,0
1531,14,1531,0
1532,14,1532,0
1533,14,1533,0
1534,14,1534,0
1535,14,1535,0
1536,14,1536,0
1537,14,1537,0
1538,14,1538,0
1539,14,1539,0
1540,14,1540,0
1541,14,1541,0
1542,14,1542,0
1543,14,1543,0
1544,14,1544,0
1545,14,1545,0
1546,14,1546,0
1547,14,1547,0
1548,14,1548,0
1549,14,1549,0
1550,14,1550,0
1551,14,1551,0
1552,14,1552,0
1553,14,1553,0
1554,14,1554,0
1555,14,1555,0
1556,14,1556,0
1557,14,1557,0
1558,14,1558,0
1559,14,1559,0
1560,14,1560,0
1561,14,1561,0
1562,14,1562,0
1563,14,1563,0
1564,14,1564,0
1565,14,1565,0
1566,14,1566,0
1567,14,1567,0
1568,14,1568,0
1569,14,1569,0
1570,14,1570,0
1571,14,1571,0
1572,14,1572,0
1573,14,1573,0
1574,14,1574,0
1575,14,1575,0
1576,14,1576,0
1577,14,1577,0
1578,14,1578,0
1579,14,1579,0
1580,14,1580,0
1581,14,1581,0
1582,14,1582,0
1583,14,1583,0
1584,14,1584,0
1585,14,1585,0
1586,14,1586,0
1587,14,1587,0
1588,14,1588,0
1589,14,1589,0
1590,14,1590,0
1591,14,1591,0
1592,14,1592,0
1593,14,1593,0
1594,14,1594,0
1595,14,1595,0
1596,14,1596,0
1597,14,1597,0
1598,14,1598,0
1599,14,1599,0
1600,14,1600,0
1601,14,1601,0
1602,14,1602,0
1603,14,1603,0
1604,14,1604,0
1605,14,1605,0
1606,14,1606,0
1607,14,1607,0
1608,14,1608,0
1609,14,1609,0
1610,14,1610,0
1611,14,1611,0
1612,14,1612,0
1613,14,1613,0
1614,14,1614,0
1615,14,1615,0
1616,14,1616,0
1617,14,1617,0
1618,14,1618,0
1619,14,1619,0
1620,14,1620,0
1621,14,1621,0
1622,14,1622,0
1623,14,1623,0
1624,14,1624,0
1625,14,1625,0
1626,14,1626,0
1627,14,1627,0
1628,14,1628,0
1629,14,1629,0
1630,14,1630,0
1631,14,1631,0
1632,14,1632,0
1633,14,1633,0
1634,14,1634,0
1635,14,1635,0
1636,14,1636,0
1637,14,1637,0
1638,14,1638,0
1639,14,1639,0
1640,14,1640,0
1641,14,1641,0
1642,14,1642,0
1643,14,1643,0
1644,14,1644,0
1645,14,1645,0
1646,14,1646,0
1647,14,1647,0
1648,14,1648,0
1649,14,1649,0
1650,14,1650,0
1651,14,1651,0
1652,14,1652,0
1653,14,1653,0
1654,14,1654,0
1655,14,1655,0
1656,14,1656,0
1657,14,1657,0
1658,14,1658,0
1659,14,1659,0
1660,14,1660,0
1661,14,1661,0
1662,14,1662,0
1663,14,1663,0
1664,14,1664,0
1665,14,1665,0
1666,14,1666,0
1667,14,1667,0
1668,14,1668,0
1669,14,1669,0
1670,14,1670,0
1671,14,1671,0
1672,14,1672,0
1673,14,1673,0
1674,14,1674,0
1675,14,1675,0
1676,14,1676,0
1677,14,1677,0
1678,14,1678,0
1679,14,1679,0
1680,14,1680,0
1681,14,1681,0
1682,14,1682,0
1683,14,1683,0
1684,14,1684,0
1685,14,1685,0
1686,14,1686,0
1687,14,1687,0
1688,14,1688,0
1689,14,1689,0
1690,14,1690,0
1691,14,1691,0
1692,14,1692,0
1693,14,1693,0
1694,14,1694,0
1695,14,1695,0
1696,14,1696,0
1697,14,1697,0
1698,14,1698,0
1699,14,1699,0
1700,14,1700,0
1701,14,1701,0
1702,14,1702,0
1703,14,1703,0
1704,14,1704,0
1705,14,1705,0
1706,14,1706,0
1707,14,1707,0
1708,14,1708,0
1709,14,1709,0
1710,14,1710,0
1711,14,1711,0
1712,14,1712,0
1713,14,1713,0
1714,14,1714,0
1715,14,1715,0
1716,14,1716,0
1717,14,1717,0
1718,14,1718,0
1719,14,1719,0
1720,14,1720,0
1721,14,1721,0
1722,14,1722,0
1723,14,1723,0
1724,14,1724,0
1725,14,1725,0
1726,14,1726,0
1727,14,1727,0
1728,14,1728,0
1729,14,1729,0
1730,14,1730,0
1731,14,1731,0
1732,14,1732,0
1733,14,1733,0
1734,14,1734,0
1735,14,1735,0
1736,14,1736,0
1737,14,1737,0
1738,14,1738,0
1739,14,1739,0
1740,14,1740,0
1741,14,1741,0
1742,14,1742,0
1743,14,1743,0
1744,14,1744,0
1745,14,1745,0
1746,14,1746,0
1747,14,1747,0
1748,14,1748,0
1749,14,1749,0
1750,14,1750,0
1751,14,1751,0
1752,14,1752,0
1753,14,1753,0
1754,14,1754,0
1755,14,1755,0
1756,14,1756,0
1757,14,1757,0
1758,14,1758,0
1759,14,1759,0
1760,14,1760,0
1761,14,1761,0
1762,14,1762,0
1763,14,1763,0
1764,14,1764,0
1765,14,1765,0
1766,14,1766,0
1767,14,1767,0
1768,14,1768,0
1769,14,1769,0
1770,14,1770,0
1771,14,1771,0
1772,14,1772,0
1773,14,1773,0
1774,14,1774,0
1775,14,1775,0
1776,14,1776,0
1777,14,1777,0
1778,14,1778,0
1779,14,1779,0
1780,14,1780,0
1781,14,1781,0
1782,14,1782,0
1783,14,1783,0
1784,14,1784,0
1785,14,1785,0
1786,14,1786,0
1787,14,1787,0
1788,14,1788,0
1789,14,1789,0
1790,14,1790,0
1791,14,1791,0
1792,14,1792,0
1793,14,1793,0
1794,14,1794,0
1795,14,1795,0
1796,14,1796,0
1797,14,1797,0
1798,14,1798,0
1799,14,1799,0
1800,14,1800,0
1801,14,1801,0
1802,14,1802,0
1803,14,1803,0
1804,14,1804,0
1805,14,1805,0
1806,14,1806,0
1807,14,1807,0
1808,14,1808,0
1809,14,1809,0
1810,14,1810,0
1811,14,1811,0
1812,14,1812,0
1813,14,1813,0
1814,14,1814,0
1815,14,1815,0
1816,14,1816,0
1817,14,1817,0
1818,14,1818,0
1819,14,1819,0
1820,14,1820,0
1821,14,1821,0
1822,14,1822,0
1823,14,1823,0
1824,14,1824,0
1825,14,1825,0
1826,14,1826,0
1827,14,1827,0
1828,14,1828,0
1829,14,1829,0
1830,14,1830,0
1831,14,1831,0
1832,14,1832,0
1833,14,1833,0
1834,14,1834,0
1835,14,1835,0
1836,14,1836,0
1837,14,1837,0
1838,14,1838,0
1839,14,1839,0
1840,14,1840,0
1841,14,1841,0
1842,14,1842,0
1843,14,1843,0
1844,14,1844,0
1845,14,1845,0
1846,14,1846,0
1847,14,1847,0
1848,14,1848,0
1849,14,1849,0
1850,14,1850,0
1851,14,1851,0
1852,14,1852,0
1853,14,1853,0
1854,14,1854,0
1855,14,1855,0
1856,14,1856,0
1857,14,1857,0
1858,14,1858,0
1859,14,1859,0
1860,14,1860,0
1861,14,1861,0
1862,14,1862,0
1863,14,1863,0
1864,14,1864,0
1865,14,1865,0
1866,14,1866,0
1867,14,1867,0
1868,14,1868,0
1869,14,1869,0
1870,14,1870,0
1871,14,1871,0
1872,14,1872,0
1873,14,1873,0
1874,14,1874,0
1875,14,1875,0
1876,14,1876,0
1877,14,1877,0
1878,14,1878,0
1879,14,1879,0
1880,14,1880,0
1881,14,1881,0
1882,14,1882,0
1883,14,1883,0
1884,14,1884,0
1885,14,1885,0
1886,14,1886,0
1887,14,1887,0
1888,14,1888,0
1889,14,1889,0
1890,14,1890,0
1891,14,1891,0
1892,14,1892,0
1893,14,1893,0
1894,14,1894,0
1895,14,1895,0
1896,14,1896,0
1897,14,1897,0
1898,14,1898,0
1899,14,1899,0
1900,14,1900,0
1901,14,1901,0
1902,14,1902,0
1903,14,1903,0
1904,14,1904,0
1905,14,1905,0
1906,14,1906,0
1907,14,1907,0
1908,14,1908,0
1909,14,1909,0
1910,14,1910,0
1911,14,1911,0
1912,14,1912,0
1913,14,1913,0
1914,14,1914,0
1915,14,1915,0
1916,14,1916,0
1917,14,1917,0
1918,14,1918,0
1919,14,1919,0
1920,14,1920,0
1921,14,1921,0
1922,14,1922,0
1923,14,1923,0
1924,14,1924,0
1925,14,1925,0
1926,14,1926,0
1927,14,1927,0
1928,14,1928,0
1929,14,1929,0
1930,14,1930,0
1931,14,1931,0
1932,14,1932,0
1933,14,1933,0
1934,14,1934,0
1935,14,1935,0
1936,14,1936,0
1937,14,1937,0
1938,14,1938,0
1939,14,1939,0
1940,14,1940,0
1941,14,1941,0
1942,14,1942,0
1943,14,1943,0
1944,14,1944,0
1945,14,1945,0
1946,14,1946,0
1947,14,1947,0
1948,14,1948,0
1949,14,1949,0
1950,14,1950,0
1951,14,1951,0
1952,14,1952,0
1953,14,1953,0
1954,14,1954,0
1955,14,1955,0
1956,14,1956,0
1957,14,1957,0
1958,14,1958,0
1959,14,1959,0
1960,14,1960,0
1961,14,1961,0
1962,14,1962,0
1963,14,1963,0
1964,14,1964,0
1965,14,1965,0
1966,14,1966,0
1967,14,1967,0
1968,14,1968,0
1969,14,1969,0
1970,14,1970,0
1971,14,1971,0
1972,14,1972,0
1973,14,1973,0
1974,14,1974,0
1975,14,1975,0
1976,14,1976,0
1977,14,1977,0
1978,14,1978,0
1979,14,1979,0
1980,14,1980,0
1981,14,1981,0
1982,14,1982,0
1983,14,1983,0
1984,14,1984,0
1985,14,1985,0
1986,14,1986,0
1987,14,1987,0
1988,14,1988,0
1989,14,1989,0
1990,14,1990,0
1991,14,1991,0
1992,14,1992,0
1993,14,1993,0
1994,14,1994,0
1995,14,1995,0
1996,14,1996,0
1997,14,1997,0
1998,14,1998,0
1999,14,1999,0
2000,14,2000,0
2001,14,2001,0
2002,14,2002,0
2003,14,2003,0
2004,14,2004,0
2005,14,2005,0
2006,14,2006,0
2007,14,2007,0
2008,14,2008,0
2009,14,2009,0
2010,14,2010,0
2011,14,2011,0
2012,14,2012,0
2013,14,2013,0
2014,14,2014,0
2015,14,2015,0
2016,14,2016,0
2017,14,2017,0
2018,14,2018,0
2019,14,2019,0
2020,14,2020,0
2021,14,2021,0
2022,14,2022,0
2023,14,2023,0
2024,14,2024,0
2025,14,2025,0
2026,14,2026,0
2027,14,2027,0
2028,14,2028,0
2029,14,2029,0
2030,14,2030,0
2031,14,2031,0
2032,14,2032,0
2033,14,2033,0
2034,14,2034,0
2035,14,2035,0
2036,14,2036,0
2037,14,2037,0
2038,14,2038,0
2039,14,2039,0
2040,14,2040,0
2041,14,2041,0
2042,14,2042,0
2043,14,2043,0
2044,14,2044,0
2045,14,2045,0
2046,14,2046,0
2047,14,2047,0
2048,14,2048,0
2049,14,2049,0
2050,14,2050,0
2051,14,2051,0
2052,14,2052,0
2053,14,2053,0
2054,14,2054,0
2055,14,2055,0
2056,14,2056,0
2057,14,2057,0
2058,14,2058,0
2059,14,2059,0
2060,14,2060,0
2061,14,2061,0
2062,14,2062,0
2063,14,2063,0
2064,14,2064,0
2065,14,2065,0
2066,14,2066,0
2067,14,2067,0
2068,14,2068,0
2069,14,2069,0
2070,14,2070,0
2071,14,2071,0
2072,14,2072,0
2073,14,2073,0
2074,14,2074,0
2075,14,2075,0
2076,14,2076,0
2077,14,2077,0
2078,14,2078,0
2079,14,2079,0
2080,14,2080,0
2081,14,2081,0
2082,14,2082,0
2083,14,2083,0
2084,14,2084,0
2085,14,2085,0
2086,14,2086,0
2087,14,2087,0
2088,14,2088,0
2089,14,2089,0
2090,14,2090,0
2091,14,2091,0
2092,14,2092,0
2093,14,2093,0
2094,14,2094,0
2095,14,2095,0
2096,14,2096,0
2097,14,2097,0
2098,14,2098,0
2099,14,2099,0
2100,14,2100,0
2101,14,2101,0
2102,14,2102,0
2103,14,2103,0
2104,14,2104,0
2105,14,2105,0
2106,14,2106,0
2107,14,2107,0
2108,14,2108,0
2109,14,2109,0
2110,14,2110,0
2111,14,2111,0
2112,14,2112,0
2113,14,2113,0
2114,14,2114,0
2115,14,2115,0
2116,14,2116,0
2117,14,2117,0
2118,14,2118,0
2119,14,2119,0
2120,14,2120,0
2121,14,2121,0
2122,14,2122,0
2123,14,2123,0
2124,14,2124,0
2125,14,2125,0
2126,14,2126,0
2127,14,2127,0
2128,14,2128,0
2129,14,2129,0
2130,14,2130,0
2131,14,2131,0
2132,14,2132,0
2133,14,2133,0
2134,14,2134,0
2135,14,2135,0
2136,14,2136,0
2137,14,2137,0
2138,14,2138,0
2139,14,2139,0
2140,14,2140,0
2141,14,2141,0
2142,14,2142,0
2143,14,2143,0
2144,14,2144,0
2145,14,2145,0
2146,14,2146,0
2147,14,2147,0
2148,14,2148,0
2149,14,2149,0
2150,14,2150,0
2151,14,2151,0
2152,14,2152,0
2153,14,2153,0
2154,14,2154,0
2155,14,2155,0
2156,14,2156,0
2157,14,2157,0
2158,14,2158,0
2159,14,2159,0
2160,14,2160,0
2161,14,2161,0
2162,14,2162,0
2163,14,2163,0
2164,14,2164,0
2165,14,2165,0
2166,14,2166,0
2167,14,2167,0
2168,14,2168,0
2169,14,2169,0
2170,14,2170,0
2171,14,2171,0
2172,14,2172,0
2173,14,2173,0
2174,14,2174,0
2175,14,2175,0
2176,14,2176,0
2177,14,2177,0
2178,14,2178,0
2179,14,2179,0
2180,14,2180,0
2181,14,2181,0
2182,14,2182,0
2183,14,2183,0
2184,14,2184,0
2185,14,2185,0
2186,14,2186,0
2187,14,2187,0
2188,14,2188,0
2189,14,2189,0
2190,14,2190,0
2191,14,2191,0
2192,14,2192,0
2193,14,2193,0
2194,14,2194,0
2195,14,2195,0
2196,14,2196,0
2197,14,2197,0
2198,14,2198,0
2199,14,2199,0
2200,14,2200,0
2201,14,2201,0
2202,14,2202,0
2203,14,2203,0
2204,14,2204,0
2205,14,2205,0
2206,14,2206,0
2207,14,2207,0
2208,14,2208,0
2209,14,2209,0
2210,14,2210,0
2211,14,2211,0
2212,14,2212,0
2213,14,2213,0
2214,14,2214,0
2215,14,2215,0
2216,14,2216,0
2217,14,2217,0
2218,14,2218,0
2219,14,2219,0
2220,14,2220,0
2221,14,2221,0
2222,14,2222,0
2223,14,2223,0
2224,14,2224,0
2225,14,2225,0
2226,14,2226,0
2227,14,2227,0
2228,14,2228,0
2229,14,2229,0
2230,14,2230,0
2231,14,2231,0
2232,14,2232,0
2233,14,2233,0
2234,14,2234,0
2235,14,2235,0
2236,14,2236,0
2237,14,2237,0
2238,14,2238,0
2239,14,2239,0
2240,14,2240,0
2241,14,2241,0
2242,14,2242,0
2243,14,2243,0
2244,14,2244,0
2245,14,2245,0
2246,14,2246,0
2247,14,2247,0
2248,14,2248,0
2249,14,2249,0
2250,14,2250,0
2251,14,2251,0
2252,14,2252,0
2253,14,2253,0
2254,14,2254,0
2255,14,2255,0
2256,14,2256,0
2257,14,2257,0
2258,14,2258,0
2259,14,2259,0
2260,14,2260,0
2261,14,2261,0
2262,14,2262,0
2263,14,2263,0
2264,14,2264,0
2265,14,2265,0
2266,14,2266,0
2267,14,2267,0
2268,14,2268,0
2269,14,2269,0
2270,14,2270,0
2271,14,2271,0
2272,14,2272,0
2273,14,2273,0
2274,14,2274,0
2275,14,2275,0
2276,14,2276,0
2277,14,2277,0
2278,14,2278,0
2279,14,2279,0
2280,14,2280,0
2281,14,2281,0
2282,14,2282,0
2283,14,2283,0
2284,14,2284,0
2285,14,2285,0
2286,14,2286,0
2287,14,2287,0
2288,14,2288,0
2289,14,2289,0
2290,14,2290,0
2291,14,2291,0
2292,14,2292,0
2293,14,2293,0
2294,14,2294,0
2295,14,2295,0
2296,14,2296,0
2297,14,2297,0
2298,14,2298,0
2299,14,2299,0
2300,14,2300,0
2301,14,2301,0
2302,14,2302,0
2303,14,2303,0
2304,14,2304,0
2305,14,2305,0
2306,14,2306,0
2307,14,2307,0
2308,14,2308,0
2309,14,2309,0
2310,14,2310,0
2311,14,2311,0
2312,14,2312,0
2313,14,2313,0
2314,14,2314,0
2315,14,2315,0
2316,14,2316,0
2317,14,2317,0
2318,14,2318,0
2319,14,2319,0
2320,14,2320,0
2321,14,2321,0
2322,14,2322,0
2323,14,2323,0
2324,14,2324,0
2325,14,2325,0
2326,14,2326,0
2327,14,2327,0
2328,14,2328,0
2329,14,2329,0
2330,14,2330,0
2331,14,2331,0
2332,14,2332,0
2333,14,2333,0
2334,14,2334,0
2335,14,2335,0
2336,14,2336,0
2337,14,2337,0
2338,14,2338,0
2339,14,2339,0
2340,14,2340,0
2341,14,2341,0
2342,14,2342,0
2343,14,2343,0
2344,14,2344,0
2345,14,2345,0
2346,14,2346,0
2347,14,2347,0
2348,14,2348,0
2349,14,2349,0
2350,14,2350,0
2351,14,2351,0
2352,14,2352,0
2353,14,2353,0
2354,14,2354,0
2355,14,2355,0
2356,14,2356,0
2357,14,2357,0
2358,14,2358,0
2359,14,2359,0
2360,14,2360,0
2361,14,2361,0
2362,14,2362,0
2363,14,2363,0
2364,14,2364,0
2365,14,2365,0
2366,14,2366,0
2367,14,2367,0
2368,14,2368,0
2369,14,2369,0
2370,14,2370,0
2371,14,2371,0
2372,14,2372,0
2373,14,2373,0
2374,14,2374,0
2375,14,2375,0
2376,14,2376,0
2377,14,2377,0
2378,14,2378,0
2379,14,2379,0
2380,14,2380,0
2381,14,2381,0
2382,14,2382,0
2383,14,2383,0
2384,14,2384,0
2385,14,2385,0
2386,14,2386,0
2387,14,2387,0
2388,14,2388,0
2389,14,2389,0
2390,14,2390,0
2391,14,2391,0
2392,14,2392,0
2393,14,2393,0
2394,14,2394,0
2395,14,2395,0
2396,14,2396,0
2397,14,2397,0
2398,14,2398,0
2399,14,2399,0
2400,14,2400,0
2401,14,2401,0
2402,14,2402,0
2403,14,2403,0
2404,14,2404,0
2405,14,2405,0
2406,14,2406,0
2407,14,2407,0
2408,14,2408,0
2409,14,2409,0
2410,14,2410,0
2411,14,2411,0
2412,14,2412,0
2413,14,2413,0
2414,14,2414,0
2415,14,2415,0
2416,14,2416,0
2417,14,2417,0
2418,14,2418,0
2419,14,2419,0
2420,14,2420,0
2421,14,2421,0
2422,14,2422,0
2423,14,2423,0
2424,14,2424,0
2425,14,2425,0
2426,14,2426,0
2427,14,2427,0
2428,14,2428,0
2429,14,2429,0
2430,14,2430,0
2431,14,2431,0
2432,14,2432,0
2433,14,2433,0
2434,14,2434,0
2435,14,2435,0
2436,14,2436,0
2437,14,2437,0
2438,14,2438,0
2439,14,2439,0
2440,14,2440,0
2441,14,2441,0
2442,14,2442,0
2443,14,2443,0
2444,14,2444,0
2445,14,2445,0
2446,14,2446,0
2447,14,2447,0
2448,14,2448,0
2449,14,2449,0
2450,14,2450,0
2451,14,2451,0
2452,14,2452,0
2453,14,2453,0
2454,14,2454,0
2455,14,2455,0
2456,14,2456,0
2457,14,2457,0
2458,14,2458,0
2459,14,2459,0
2460,14,2460,0
2461,14,2461,0
2462,14,2462,0
2463,14,2463,0
2464,14,2464,0
2465,14,2465,0
2466,14,2466,0
2467,14,2467,0
2468,14,2468,0
2469,14,2469,0
2470,14,2470,0
2471,14,2471,0
2472,14,2472,0
2473,14,2473,0
2474,14,2474,0
2475,14,2475,0
2476,14,2476,0
2477,14,2477,0
2478,14,2478,0
2479,14,2479,0
2480,14,2480,0
2481,14,2481,0
2482,14,2482,0
2483,14,2483,0
2484,14,2484,0
2485,14,2485,0
2486,14,2486,0
2487,14,2487,0
2488,14,2488,0
2489,14,2489,0
2490,14,2490,0
2491,14,2491,0
2492,14,2492,0
2493,14,2493,0
2494,14,2494,0
2495,14,2495,0
2496,14,2496,0
2497,14,2497,0
2498,14,2498,0
2499,14,2499,0
2500,14,2500,0
2501,14,2501,0
2502,14,2502,0
2503,14,2503,0
2504,14,2504,0
2505,14,2505,0
2506,14,2506,0
2507,14,2507,0
2508,14,2508,0
2509,14,2509,0
2510,14,2510,0
2511,14,2511,0
2512,14,2512,0
2513,14,2513,0
2514,14,2514,0
2515,14,2515,0
2516,14,2516,0
2517,14,2517,0
2518,14,2518,0
2519,14,2519,0
2520,14,2520,0
2521,14,2521,0
2522,14,2522,0
2523,14,2523,0
2524,14,2524,0
2525,14,2525,0
2526,14,2526,0
2527,14,2527,0
2528,14,2528,0
2529,14,2529,0
2530,14,2530,0
2531,14,2531,0
2532,14,2532,0
2533,14,2533,0
2534,14,2534,0
2535,14,2535,0
2536,14,2536,0
2537,14,2537,0
2538,14,2538,0
2539,14,2539,0
2540,14,2540,0
2541,14,2541,0
2542,14,2542,0
2543,14,2543,0
2544,14,2544,0
2545,14,2545,0
2546,14,2546,0
2547,14,2547,0
2548,14,2548,0
2549,14,2549,0
2550,14,2550,0
2551,14,2551,0
2552,14,2552,0
2553,14,2553,0
2554,14,2554,0
2555,14,2555,0
2556,14,2556,0
2557,14,2557,0
2558,14,2558,0
2559,14,2559,0
2560,14,2560,0
2561,14,2561,0
2562,14,2562,0
2563,14,2563,0
2564,14,2564,0
2565,14,2565,0
2566,14,2566,0
2567,14,2567,0
2568,14,2568,0
2569,14,2569,0
2570,14,2570,0
2571,14,2571,0
2572,14,2572,0
2573,14,2573,0
2574,14,2574,0
2575,14,2575,0
2576,14,2576,0
2577,14,2577,0
2578,14,2578,0
2579,14,2579,0
2580,14,2580,0
2581,14,2581,0
2582,14,2582,0
2583,14,2583,0
2584,14,2584,0
2585,14,2585,0
2586,14,2586,0
2587,14,2587,0
2588,14,2588,0
2589,14,2589,0
2590,14,2590,0
2591,14,2591,0
2592,14,2592,0
2593,14,2593,0
2594,14,2594,0
2595,14,2595,0
2596,14,2596,0
2597,14,2597,0
2598,14,2598,0
2599,14,2599,0
2600,14,2600,0
2601,14,2601,0
2602,14,2602,0
2603,14,2603,0
2604,14,2604,0
2605,14,2605,0
2606,14,2606,0
2607,14,2607,0
2608,14,2608,0
2609,14,2609,0
2610,14,2610,0
2611,14,2611,0
2612,14,2612,0
2613,14,2613,0
2614,14,2614,0
2615,14,2615,0
2616,14,2616,0
2617,14,2617,0
2618,14,2618,0
2619,14,2619,0
2620,14,2620,0
2621,14,2621,0
2622,14,2622,0
2623,14,2623,0
2624,14,2624,0
2625,14,2625,0
2626,14,2626,0
2627,14,2627,0
2628,14,2628,0
2629,14,2629,0
2630,14,2630,0
2631,14,2631,0
2632,14,2632,0
2633,14,2633,0
2634,14,2634,0
2635,14,2635,0
2636,14,2636,0
2637,14,2637,0
2638,14,2638,0
2639,14,2639,0
2640,14,2640,0
2641,14,2641,0
2642,14,2642,0
2643,14,2643,0
2644,14,2644,0
2645,14,2645,0
2646,14,2646,0
2647,14,2647,0
2648,14,2648,0
2649,14,2649,0
2650,14,2650,0
2651,14,2651,0
2652,14,2652,0
2653,14,2653,0
2654,14,2654,0
2655,14,2655,0
2656,14,2656,0
2657,14,2657,0
2658,14,2658,0
2659,14,2659,0
2660,14,2660,0
2661,14,2661,0
2662,14,2662,0
2663,14,2663,0
2664,14,2664,0
2665,14,2665,0
2666,14,2666,0
2667,14,2667,0
2668,14,2668,0
2669,14,2669,0
2670,14,2670,0
2671,14,2671,0
2672,14,2672,0
2673,14,2673,0
2674,14,2674,0
2675,14,2675,0
2676,14,2676,0
2677,14,2677,0
2678,14,2678,0
2679,14,2679,0
2680,14,2680,0
2681,14,2681,0
2682,14,2682,0
2683,14,2683,0
2684,14,2684,0
2685,14,2685,0
2686,14,2686,0
2687,14,2687,0
2688,14,2688,0
2689,14,2689,0
2690,14,2690,0
2691,14,2691,0
2692,14,2692,0
2693,14,2693,0
2694,14,2694,0
2695,14,2695,0
2696,14,2696,0
2697,14,2697,0
2698,14,2698,0
2699,14,2699,0
2700,14,2700,0
2701,14,2701,0
2702,14,2702,0
2703,14,2703,0
2704,14,2704,0
2705,14,2705,0
2706,14,2706,0
2707,14,2707,0
2708,14,2708,0
2709,14,2709,0
2710,14,2710,0
2711,14,2711,0
2712,14,2712,0
2713,14,2713,0
2714,14,2714,0
2715,14,2715,0
2716,14,2716,0
2717,14,2717,0
2718,14,2718,0
2719,14,2719,0
2720,14,2720,0
2721,14,2721,0
2722,14,2722,0
2723,14,2723,0
2724,14,2724,0
2725,14,2725,0
2726,14,2726,0
2727,14,2727,0
2728,14,2728,0
2729,14,2729,0
2730,14,2730,0
2731,14,2731,0
2732,14,2732,0
2733,14,2733,0
2734,14,2734,0
2735,14,2735,0
2736,14,2736,0
2737,14,2737,0
2738,14,2738,0
2739,14,2739,0
2740,14,2740,0
2741,14,2741,0
2742,14,2742,0
2743,14,2743,0
2744,14,2744,0
2745,14,2745,0
2746,14,2746,0
2747,14,2747,0
2748,14,2748,0
2749,14,2749,0
2750,14,2750,0
2751,14,2751,0
2752,14,2752,0
2753,14,2753,0
2754,14,2754,0
2755,14,2755,0
2756,14,2756,0
2757,14,2757,0
2758,14,2758,0
2759,14,2759,0
2760,14,2760,0
2761,14,2761,0
2762,14,2762,0
2763,14,2763,0
2764,14,2764,0
2765,14,2765,0
2766,14,2766,0
2767,14,2767,0
2768,14,2768,0
2769,14,2769,0
2770,14,2770,0
2771,14,2771,0
2772,14,2772,0
2773,14,2773,0
2774,14,2774,0
2775,14,2775,0
2776,14,2776,0
2777,14,2777,0
2778,14,2778,0
2779,14,2779,0
2780,14,2780,0
2781,14,2781,0
2782,14,2782,0
2783,14,2783,0
2784,14,2784,0
2785,14,2785,0
2786,14,2786,0
2787,14,2787,0
2788,14,2788,0
2789,14,2789,0
2790,14,2790,0
2791,14,2791,0
2792,14,2792,0
2793,14,2793,0
2794,14,2794,0
2795,14,2795,0
2796,14,2796,0
2797,14,2797,0
2798,14,2798,0
2799,14,2799,0
2800,14,2800,0
2801,14,2801,0
2802,14,2802,0
2803,14,2803,0
2804,14,2804,0
2805,14,2805,0
2806,14,2806,0
2807,14,2807,0
2808,14,2808,0
2809,14,2809,0
2810,14,2810,0
2811,14,2811,0
2812,14,2812,0
2813,14,2813,0
2814,14,2814,0
2815,14,2815,0
2816,14,2816,0
2817,14,2817,0
2818,14,2818,0
2819,14,2819,0
2820,14,2820,0
2821,14,2821,0
2822,14,2822,0
2823,14,2823,0
2824,14,2824,0
2825,14,2825,0
2826,14,2826,0
2827,14,2827,0
2828,14,2828,0
2829,14,2829,0
2830,14,2830,0
2831,14,2831,0
2832,14,2832,0
2833,14,2833,0
2834,14,2834,0
2835,14,2835,0
2836,14,2836,0
2837,14,2837,0
2838,14,2838,0
2839,14,2839,0
2840,14,2840,0
2841,14,2841,0
2842,14,2842,0
2843,14,2843,0
2844,14,2844,0
2845,14,2845,0
2846,14,2846,0
2847,14,2847,0
2848,14,2848,0
2849,14,2849,0
2850,14,2850,0
2851,14,2851,0
2852,14,2852,0
2853,14,2853,0
2854,14,2854,0
2855,14,2855,0
2856,14,2856,0
2857,14,2857,0
2858,14,2858,0
2859,14,2859,0
2860,14,2860,0
2861,14,2861,0
2862,14,2862,0
2863,14,2863,0
2864,14,2864,0
2865,14,2865,0
2866,14,2866,0
2867,14,2867,0
2868,14,2868,0
2869,14,2869,0
2870,14,2870,0
2871,14,2871,0
2872,14,2872,0
2873,14,2873,0
2874,14,2874,0
2875,14,2875,0
2876,14,2876,0
2877,14,2877,0
2878,14,2878,0
2879,14,2879,0
2880,14,2880,0
2881,14,2881,0
2882,14,2882,0
2883,14,2883,0
2884,14,2884,0
2885,14,2885,0
2886,14,2886,0
2887,14,2887,0
2888,14,2888,0
2889,14,2889,0
2890,14,2890,0
2891,14,2891,0
2892,14,2892,0
2893,14,2893,0
2894,14,2894,0
2895,14,2895,0
2896,14,2896,0
2897,14,2897,0
2898,14,2898,0
2899,14,2899,0
2900,14,2900,0
2901,14,2901,0
2902,14,2902,0
2903,14,2903,0
2904,14,2904,0
2905,14,2905,0
2906,14,2906,0
2907,14,2907,0
2908,14,2908,0
2909,14,2909,0
2910,14,2910,0
2911,14,2911,0
2912,14,2912,0
2913,14,2913,0
2914,14,2914,0
2915,14,2915,0
2916,14,2916,0
2917,14,2917,0
2918,14,2918,0
2919,14,2919,0
2920,14,2920,0
2921,14,2921,0
2922,14,2922,0
2923,14,2923,0
2924,14,2924,0
2925,14,2925,0
2926,14,2926,0
2927,14,2927,0
2928,14,2928,0
2929,14,2929,0
2930,14,2930,0
2931,14,2931,0
2932,14,2932,0
2933,14,2933,0
2934,14,2934,0
2935,14,2935,0
2936,14,2936,0
2937,14,2937,0
2938,14,2938,0
2939,14,2939,0
2940,14,2940,0
2941,14,2941,0
2942,14,2942,0
2943,14,2943,0
2944,14,2944,0
2945,14,2945,0
2946,14,2946,0
2947,14,2947,0
2948,14,2948,0
2949,14,2949,0
2950,14,2950,0
2951,14,2951,0
2952,14,2952,0
2953,14,2953,0
2954,14,2954,0
2955,14,2955,0
2956,14,2956,0
2957,14,2957,0
2958,14,2958,0
2959,14,2959,0
2960,14,2960,0
2961,14,2961,0
2962,14,2962,0
2963,14,2963,0
2964,14,2964,0
2965,14,2965,0
2966,14,2966,0
2967,14,2967,0
2968,14,2968,0
2969,14,2969,0
2970,14,2970,0
2971,14,2971,0
2972,14,2972,0
2973,14,2973,0
2974,14,2974,0
2975,14,2975,0
2976,14,2976,0
2977,14,2977,0
2978,14,2978,0
2979,14,2979,0
2980,14,2980,0
2981,14,2981,0
2982,14,2982,0
2983,14,2983,0
2984,14,2984,0
2985,14,2985,0
2986,14,2986,0
2987,14,2987,0
2988,14,2988,0
2989,14,2989,0
2990,14,2990,0
2991,14,2991,0
2992,14,2992,0
2993,14,2993,0
2994,14,2994,0
2995,14,2995,0
2996,14,2996,0
2997,14,2997,0
2998,14,2998,0
2999,14,2999,0
3000,14,3000,0
3001,14,3001,0
3002,14,3002,0
3003,14,3003,0
3004,14,3004,0
3005,14,3005,0
3006,14,3006,0
3007,14,3007,0
3008,14,3008,0
3009,14,3009,0
3010,14,3010,0
3011,14,3011,0
3012,14,3012,0
3013,14,3013,0
3014,14,3014,0
3015,14,3015,0
3016,14,3016,0
3017,14,3017,0
3018,14,3018,0
3019,14,3019,0
3020,14,3020,0
3021,14,3021,0
3022,14,3022,0
3023,14,3023,0
3024,14,3024,0
3025,14,3025,0
3026,14,3026,0
3027,14,3027,0
3028,14,3028,0
3029,14,3029,0
3030,14,3030,0
3031,14,3031,0
3032,14,3032,0
3033,14,3033,0
3034,14,3034,0
3035,14,3035,0
3036,14,3036,0
3037,14,3037,0
3038,14,3038,0
3039,14,3039,0
3040,14,3040,0
3041,14,3041,0
3042,14,3042,0
3043,14,3043,0
3044,14,3044,0
3045,14,3045,0
3046,14,3046,0
3047,14,3047,0
3048,14,3048,0
3049,14,3049,0
3050,14,3050,0
3051,14,3051,0
3052,14,3052,0
3053,14,3053,0
3054,14,3054,0
3055,14,3055,0
3056,14,3056,0
3057,14,3057,0
3058,14,3058,0
3059,14,3059,0
3060,14,3060,0
3061,14,3061,0
3062,14,3062,0
3063,14,3063,0
3064,14,3064,0
3065,14,3065,0
3066,14,3066,0
3067,14,3067,0
3068,14,3068,0
3069,14,3069,0
3070,14,3070,0
3071,14,3071,0
3072,14,3072,0
3073,14,3073,0
3074,14,3074,0
3075,14,3075,0
3076,14,3076,0
3077,14,3077,0
3078,14,3078,0
3079,14,3079,0
3080,14,3080,0
3081,14,3081,0
3082,14,3082,0
3083,14,3083,0
3084,14,3084,0
3085,14,3085,0
3086,14,3086,0
3087,14,3087,0
3088,14,3088,0
3089,14,3089,0
3090,14,3090,0
3091,14,3091,0
3092,14,3092,0
3093,14,3093,0
3094,14,3094,0
3095,14,3095,0
3096,14,3096,0
3097,14,3097,0
3098,14,3098,0
3099,14,3099,0
3100,14,3100,0
3101,14,3101,0
3102,14,3102,0
3103,14,3103,0
3104,14,3104,0
3105,14,3105,0
3106,14,3106,0
3107,14,3107,0
3108,14,3108,0
3109,14,3109,0
3110,14,3110,0
3111,14,3111,0
3112,14,3112,0
3113,14,3113,0
3114,14,3114,0
3115,14,3115,0
3116,14,3116,0
3117,14,3117,0
3118,14,3118,0
3119,14,3119,0
3120,14,3120,0
3121,14,3121,0
3122,14,3122,0
3123,14,3123,0
3124,14,3124,0
3125,14,3125,0
3126,14,3126,0
3127,14,3127,0
3128,14,3128,0
3129,14,3129,0
3130,14,3130,0
3131,14,3131,0
3132,14,3132,0
3133,14,3133,0
3134,14,3134,0
3135,14,3135,0
3136,14,3136,0
3137,14,3137,0
3138,14,3138,0
3139,14,3139,0
3140,14,3140,0
3141,14,3141,0
3142,14,3142,0
3143,14,3143,0
3144,14,3144,0
3145,14,3145,0
3146,14,3146,0
3147,14,3147,0
3148,14,3148,0
3149,14,3149,0
3150,14,3150,0
3151,14,3151,0
3152,14,3152,0
3153,14,3153,0
3154,14,3154,0
3155,14,3155,0
3156,14,3156,0
3157,14,3157,0
3158,14,3158,0
3159,14,3159,0
3160,14,3160,0
3161,14,3161,0
3162,14,3162,0
3163,14,3163,0
3164,14,3164,0
3165,14,3165,0
3166,14,3166,0
3167,14,3167,0
3168,14,3168,0
3169,14,3169,0
3170,14,3170,0
3171,14,3171,0
3172,14,3172,0
3173,14,3173,0
3174,14,3174,0
3175,14,3175,0
3176,14,3176,0
3177,14,3177,0
3178,14,3178,0
3179,14,3179,0
3180,14,3180,0
3181,14,3181,0
3182,14,3182,0
3183,14,3183,0
3184,14,3184,0
3185,14,3185,0
3186,14,3186,0
3187,14,3187,0
3188,14,3188,0
3189,14,3189,0
3190,14,3190,0
3191,14,3191,0
3192,14,3192,0
3193,14,3193,0
3194,14,3194,0
3195,14,3195,0
3196,14,3196,0
3197,14,3197,0
3198,14,3198,0
3199,14,3199,0
3200,14,3200,0
3201,14,3201,0
3202,14,3202,0
3203,14,3203,0
3204,14,3204,0
3205,14,3205,0
3206,14,3206,0
3207,14,3207,0
3208,14,3208,0
3209,14,3209,0
3210,14,3210,0
3211,14,3211,0
3212,14,3212,0
3213,14,3213,0
3214,14,3214,0
3215,14,3215,0
3216,14,3216,0
3217,14,3217,0
3218,14,3218,0
3219,14,3219,0
3220,14,3220,0
3221,14,3221,0
3222,14,3222,0
3223,14,3223,0
3224,14,3224,0
3225,14,3225,0
3226,14,3226,0
3227,14,3227,0
3228,14,3228,0
3229,14,3229,0
3230,14,3230,0
3231,14,3231,0
3232,14,3232,0
3233,14,3233,0
3234,14,3234,0
3235,14,3235,0
3236,14,3236,0
3237,14,3237,0
3238,14,3238,0
3239,14,3239,0
3240,14,3240,0
3241,14,3241,0
3242,14,3242,0
3243,14,3243,0
3244,14,3244,0
3245,14,3245,0
3246,14,3246,0
3247,14,3247,0
3248,14,3248,0
3249,14,3249,0
3250,14,3250,0
3251,14,3251,0
3252,14,3252,0
3253,14,3253,0
3254,14,3254,0
3255,14,3255,0
3256,14,3256,0
3257,14,3257,0
3258,14,3258,0
3259,14,3259,0
3260,14,3260,0
3261,14,3261,0
3262,14,3262,0
3263,14,3263,0
3264,14,3264,0
3265,14,3265,0
3266,14,3266,0
3267,14,3267,0
3268,14,3268,0
3269,14,3269,0
3270,14,3270,0
3271,14,3271,0
3272,14,3272,0
3273,14,3273,0
3274,14,3274,0
3275,14,3275,0
3276,14,3276,0
3277,14,3277,0
3278,14,3278,0
3279,14,3279,0
3280,14,3280,0
3281,14,3281,0
3282,14,3282,0
3283,14,3283,0
3284,14,3284,0
3285,14,3285,0
3286,14,3286,0
3287,14,3287,0
3288,14,3288,0
3289,14,3289,0
3290,14,3290,0
3291,14,3291,0
3292,14,3292,0
3293,14,3293,0
3294,14,3294,0
3295,14,3295,0
3296,14,3296,0
3297,14,3297,0
3298,14,3298,0
3299,14,3299,0
3300,14,3300,0
3301,14,3301,0
3302,14,3302,0
3303,14,3303,0
3304,14,3304,0
3305,14,3305,0
3306,14,3306,0
3307,14,3307,0
3308,14,3308,0
3309,14,3309,0
3310,14,3310,0
3311,14,3311,0
3312,14,3312,0
3313,14,3313,0
3314,14,3314,0
3315,14,3315,0
3316,14,3316,0
3317,14,3317,0
3318,14,3318,0
3319,14,3319,0
3320,14,3320,0
3321,14,3321,0
3322,14,3322,0
3323,14,3323,0
3324,14,3324,0
3325,14,3325,0
3326,14,3326,0
3327,14,3327,0
3328,14,3328,0
3329,14,3329,0
3330,14,3330,0
3331,14,3331,0
3332,14,3332,0
3333,14,3333,0
3334,14,3334,0
3335,14,3335,0
3336,14,3336,0
3337,14,3337,0
3338,14,3338,0
3339,14,3339,0
3340,14,3340,0
3341,14,3341,0
3342,14,3342,0
3343,14,3343,0
3344,14,3344,0
3345,14,3345,0
3346,14,3346,0
3347,14,3347,0
3348,14,3348,0
3349,14,3349,0
3350,14,3350,0
3351,14,3351,0
3352,14,3352,0
3353,14,3353,0
3354,14,3354,0
3355,14,3355,0
3356,14,3356,0
3357,14,3357,0
3358,14,3358,0
3359,14,3359,0
3360,14,3360,0
3361,14,3361,0
3362,14,3362,0
3363,14,3363,0
3364,14,3364,0
3365,14,3365,0
3366,14,3366,0
3367,14,3367,0
3368,14,3368,0
3369,14,3369,0
3370,14,3370,0
3371,14,3371,0
3372,14,3372,0
3373,14,3373,0
3374,14,3374,0
3375,14,3375,0
3376,14,3376,0
3377,14,3377,0
3378,14,3378,0
3379,14,3379,0
3380,14,3380,0
3381,14,3381,0
3382,14,3382,0
3383,14,3383,0
3384,14,3384,0
3385,14,3385,0
3386,14,3386,0
3387,14,3387,0
3388,14,3388,0
3389,14,3389,0
3390,14,3390,0
3391,14,3391,0
3392,14,3392,0
3393,14,3393,0
3394,10,0,0
3395,10,1,0
3396,10,2,0
3397,10,3,0
3398,10,4,0
3399,10,5,0
3400,10,6,0
3401,10,7,0
3402,10,8,0
3403,10,9,0
3404,10,10,0
3405,10,11,0
3406,10,12,0
3407,10,13,0
3408,10,14,0
3409,10,15,0
3410,10,16,0
3411,10,17,0
3412,10,18,0
3413,10,19,0
3414,10,20,0
3415,10,21,0
3416,10,22,0
3417,10,23,0
3418,10,24,0
3419,10,25,0
3420,10,26,0
3421,10,27,0
3422,10,28,0
3423,10,29,0
3424,10,30,0
3425,10,31,0
3426,10,32,0
3427,10,33,0
3428,10,34,0
3429,10,35,0
3430,10,36,0
3431,10,37,0
3432,10,38,0
3433,10,39,0
3434,10,40,0
3435,10,41,0
3436,10,42,0
3437,10,43,0
3438,10,44,0
3439,10,45,0
3440,10,46,0
3441,10,47,0
3442,10,48,0
3443,10,49,0
3444,10,50,0
3445,10,51,0
3446,10,52,0
3447,10,53,0
3448,10,54,0
3449,10,55,0
3450,10,56,0
3451,10,57,0
3452,10,58,0
3453,10,59,0
3454,10,60,0
3455,10,61,0
3456,10,62,0
3457,10,63,0
3458,10,64,0
3459,10,65,0
3460,10,66,0
3461,10,67,0
3462,10,68,0
3463,10,69,0
3464,10,70,0
3465,10,71,0
3466,10,72,0
3467,10,73,0
3468,10,74,0
3469,10,75,0
3470,10,76,0
3471,10,77,0
3472,10,78,0
3473,10,79,0
3474,10,80,0
3475,10,81,0
3476,10,82,0
3477,10,83,0
3478,10,84,0
3479,10,85,0
3480,10,86,0
3481,10,87,0
3482,10,88,0
3483,10,89,0
3484,10,90,0
3485,10,91,0
3486,10,92,0
3487,10,93,0
3488,10,94,0
3489,10,95,0
3490,10,96,0
3491,10,97,0
3492,10,98,0
3493,10,99,0
3494,10,100,0
3495,10,101,0
3496,10,102,0
3497,10,103,0
3498,10,104,0
3499,10,105,0
3500,10,106,0
3501,10,107,0
3502,10,108,0
3503,10,109,0
3504,10,110,0
3505,10,111,0
3506,10,112,0
3507,10,113,0
3508,10,114,0
3509,10,115,0
3510,10,116,0
3511,10,117,0
3512,10,118,0
3513,10,119,0
3514,10,120,0
3515,10,121,0
3516,10,122,0
3517,10,123,0
3518,10,124,0
3519,10,125,0
3520,10,126,0
3521,10,127,0
3522,10,128,0
3523,10,129,0
3524,10,130,0
3525,10,131,0
3526,10,132,0
3527,10,133,0
3528,10,134,0
3529,10,135,0
3530,10,136,0
3531,10,137,0
3532,10,138,0
3533,10,139,0
3534,10,140,0
3535,10,141,0
3536,10,142,0
3537,10,143,0
3538,10,144,0
3539,10,145,0
3540,10,146,0
3541,10,147,0
3542,10,148,0
3543,10,149,0
3544,10,150,0
3545,10,151,0
3546,10,152,0
3547,10,153,0
3548,10,154,0
3549,10,155,0
3550,10,156,0
3551,10,157,0
3552,10,158,0
3553,10,159,0
3554,10,160,0
3555,10,161,0
3556,10,162,0
3557,10,163,0
3558,10,164,0
3559,10,165,0
3560,10,166,0
3561,10,167,0
3562,10,168,0
3563,10,169,0
3564,10,170,0
3565,10,171,0
3566,10,172,0
3567,10,173,0
3568,10,174,0
3569,10,175,0
3570,10,176,0
3571,10,177,0
3572,10,178,0
3573,10,179,0
3574,10,180,0
3575,10,181,0
3576,10,182,0
3577,10,183,0
3578,10,184,0
3579,10,185,0
3580,10,186,0
3581,10,187,0
3582,10,188,0
3583,10,189,0
3584,10,190,0
3585,10,191,0
3586,10,192,0
3587,10,193,0
3588,10,194,0
3589,10,195,0
3590,10,196,0
3591,10,197,0
3592,10,198,0
3593,10,199,0
3594,10,200,0
3595,10,201,0
3596,10,202,0
3597,10,203,0
3598,10,204,0
3599,10,205,0
3600,10,206,0
3601,10,207,0
3602,10,208,0
3603,10,209,0
3604,10,210,0
3605,10,211,0
3606,10,212,0
3607,10,213,0
3608,10,214,0
3609,10,215,0
3610,10,216,0
3611,10,217,0
3612,10,218,0
3613,10,219,0
3614,10,220,0
3615,10,221,0
3616,10,222,0
3617,10,223,0
3618,10,224,0
3619,10,225,0
3620,10,226,0
3621,10,227,0
3622,10,228,0
3623,10,229,0
3624,10,230,0
3625,10,231,0
3626,10,232,0
3627,10,233,0
3628,10,234,0
3629,10,235,0
3630,10,236,0
3631,10,237,0
3632,10,238,0
3633,10,239,0
3634,10,240,0
3635,10,241,0
3636,10,242,0
3637,10,243,0
3638,10,244,0
3639,10,245,0
3640,10,246,0
3641,10,247,0
3642,10,248,0
3643,10,249,0
3644,10,250,0
3645,10,251,0
3646,10,252,0
3647,10,253,0
3648,10,254,0
3649,10,255,0
3650,10,256,0
3651,10,257,0
3652,10,258,0
3653,10,259,0
3654,10,260,0
3655,10,261,0
3656,10,262,0
3657,10,263,0
3658,10,264,0
3659,10,265,0
3660,10,266,0
3661,10,267,0
3662,10,268,0
3663,10,269,0
3664,10,270,0
3665,10,271,0
3666,10,272,0
3667,10,273,0
3668,10,274,0
3669,10,275,0
3670,10,276,0
3671,10,277,0
3672,10,278,0
3673,10,279,0
3674,10,280,0
3675,10,281,0
3676,10,282,0
3677,10,283,0
3678,10,284,0
3679,10,285,0
3680,10,286,0
3681,10,287,0
3682,10,288,0
3683,10,289,0
3684,10,290,0
3685,10,291,0
3686,10,292,0
3687,10,293,0
3688,10,294,0
3689,10,295,0
3690,10,296,0
3691,10,297,0
3692,10,298,0
3693,10,299,0
3694,10,300,0
3695,10,301,0
3696,10,302,0
3697,10,303,0
3698,10,304,0
3699,10,305,0
3700,10,306,0
3701,10,307,0
3702,10,308,0
3703,10,309,0
3704,10,310,0
3705,10,311,0
3706,10,312,0
3707,10,313,0
3708,10,314,0
3709,10,315,0
3710,10,316,0
3711,10,317,0
3712,10,318,0
3713,10,319,0
3714,10,320,0
3715,10,321,0
3716,10,322,0
3717,10,323,0
3718,10,324,0
3719,10,325,0
3720,10,326,0
3721,10,327,0
3722,10,328,0
3723,10,329,0
3724,10,330,0
3725,10,331,0
3726,10,332,0
3727,10,333,0
3728,10,334,0
3729,10,335,0
3730,10,336,0
3731,10,337,0
3732,10,338,0
3733,10,339,0
3734,10,340,0
3735,10,341,0
3736,10,342,0
3737,10,343,0
3738,10,344,0
3739,10,345,0
3740,10,346,0
3741,10,347,0
3742,10,348,0
3743,10,349,0
3744,10,350,0
3745,10,351,0
3746,10,352,0
3747,10,353,0
3748,10,354,0
3749,10,355,0
3750,10,356,0
3751,10,357,0
3752,10,358,0
3753,10,359,0
3754,10,360,0
3755,10,361,0
3756,10,362,0
3757,10,363,0
3758,10,364,0
3759,10,365,0
3760,10,366,0
3761,10,367,0
3762,10,368,0
3763,10,369,0
3764,10,370,0
3765,10,371,0
3766,10,372,0
3767,10,373,0
3768,10,374,0
3769,10,375,0
3770,10,376,0
3771,10,377,0
3772,10,378,0
3773,10,379,0
3774,10,380,0
3775,10,381,0
3776,10,382,0
3777,10,383,0
3778,10,384,0
3779,10,385,0
3780,10,386,0
3781,10,387,0
3782,10,388,0
3783,10,389,0
3784,10,390,0
3785,10,391,0
3786,10,392,0
3787,10,393,0
3788,10,394,0
3789,10,395,0
3790,10,396,0
3791,10,397,0
3792,10,398,0
3793,10,399,0
3794,10,400,0
3795,10,401,0
3796,10,402,0
3797,10,403,0
3798,10,404,0
3799,10,405,0
3800,10,406,0
3801,10,407,0
3802,10,408,0
3803,10,409,0
3804,10,410,0
3805,10,411,0
3806,10,412,0
3807,10,413,0
3808,10,414,0
3809,10,415,0
3810,10,416,0
3811,10,417,0
3812,10,418,0
3813,10,419,0
3814,10,420,0
3815,10,421,0
3816,10,422,0
3817,10,423,0
3818,10,424,0
3819,10,425,0
3820,10,426,0
3821,10,427,0
3822,10,428,0
3823,10,429,0
3824,10,430,0
3825,10,431,0
3826,10,432,0
3827,10,433,0
3828,10,434,0
3829,10,435,0
3830,10,436,0
3831,10,437,0
3832,10,438,0
3833,10,439,0
3834,10,440,0
3835,10,441,0
3836,10,442,0
3837,10,443,0
3838,10,444,0
3839,10,445,0
3840,10,446,0
3841,10,447,0
3842,10,448,0
3843,10,449,0
3844,10,450,0
3845,10,451,0
3846,10,452,0
3847,10,453,0
3848,10,454,0
3849,10,455,0
3850,10,456,0
3851,10,457,0
3852,10,458,0
3853,10,459,0
3854,10,460,0
3855,10,461,0
3856,10,462,0
3857,10,463,0
3858,10,464,0
3859,10,465,0
3860,10,466,0
3861,10,467,0
3862,10,468,0
3863,10,469,0
3864,10,470,0
3865,10,471,0
3866,10,472,0
3867,10,473,0
3868,10,474,0
3869,10,475,0
3870,10,476,0
3871,10,477,0
3872,10,478,0
3873,10,479,0
3874,10,480,0
3875,10,481,0
3876,10,482,0
3877,10,483,0
3878,10,484,0
3879,10,485,0
3880,10,486,0
3881,10,487,0
3882,10,488,0
3883,10,489,0
3884,10,490,0
3885,10,491,0
3886,10,492,0
3887,10,493,0
3888,10,494,0
3889,10,495,0
3890,10,496,0
3891,10,497,0
3892,10,498,0
3893,10,499,0
3894,10,500,0
3895,10,501,0
3896,10,502,0
3897,10,503,0
3898,10,504,0
3899,10,505,0
3900,10,506,0
3901,10,507,0
3902,10,508,0
3903,10,509,0
3904,10,510,0
3905,10,511,0
3906,10,512,0
3907,10,513,0
3908,10,514,0
3909,10,515,0
3910,10,516,0
3911,10,517,0
3912,10,518,0
3913,10,519,0
3914,10,520,0
3915,10,521,0
3916,10,522,0
3917,10,523,0
3918,10,524,0
3919,10,525,0
3920,10,526,0
3921,10,527,0
3922,10,528,0
3923,10,529,0
3924,10,530,0
3925,10,531,0
3926,10,532,0
3927,10,533,0
3928,10,534,0
3929,10,535,0
3930,10,536,0
3931,10,537,0
3932,10,538,0
3933,10,539,0
3934,10,540,0
3935,10,541,0
3936,10,542,0
3937,10,543,0
3938,10,544,0
3939,10,545,0
3940,10,546,0
3941,10,547,0
3942,10,548,0
3943,10,549,0
3944,10,550,0
3945,10,551,0
3946,10,552,0
3947,10,553,0
3948,10,554,0
3949,10,555,0
3950,10,556,0
3951,10,557,0
3952,10,558,0
3953,10,559,0
3954,10,560,0
3955,10,561,0
3956,10,562,0
3957,10,563,0
3958,10,564,0
3959,10,565,0
3960,10,566,0
3961,10,567,0
3962,10,568,0
3963,10,569,0
3964,10,570,0
3965,10,571,0
3966,10,572,0
3967,10,573,0
3968,10,574,0
3969,10,575,0
3970,10,576,0
3971,10,577,0
3972,10,578,0
3973,10,579,0
3974,10,580,0
3975,10,581,0
3976,10,582,0
3977,10,583,0
3978,10,584,0
3979,10,585,0
3980,10,586,0
3981,10,587,0
3982,10,588,0
3983,10,589,0
3984,10,590,0
3985,10,591,0
3986,10,592,0
3987,10,593,0
3988,10,594,0
3989,10,595,0
3990,10,596,0
3991,10,597,0
3992,10,598,0
3993,10,599,0
3994,10,600,0
3995,10,601,0
3996,10,602,0
3997,10,603,0
3998,10,604,0
3999,10,605,0
4000,10,606,0
4001,10,607,0
4002,10,608,0
4003,10,609,0
4004,10,610,0
4005,10,611,0
4006,10,612,0
4007,10,613,0
4008,10,614,0
4009,10,615,0
4010,10,616,0
4011,10,617,0
4012,10,618,0
4013,10,619,0
4014,10,620,0
4015,10,621,0
4016,10,622,0
4017,10,623,0
4018,10,624,0
4019,10,625,0
4020,10,626,0
4021,10,627,0
4022,10,628,0
4023,10,629,0
4024,10,630,0
4025,10,631,0
4026,10,632,0
4027,10,633,0
4028,10,634,0
4029,10,635,0
4030,10,636,0
4031,10,637,0
4032,10,638,0
4033,10,639,0
4034,10,640,0
4035,10,641,0
4036,10,642,0
4037,10,643,0
4038,10,644,0
4039,10,645,0
4040,10,646,0
4041,10,647,0
4042,10,648,0
4043,10,649,0
4044,10,650,0
4045,10,651,0
4046,10,652,0
4047,10,653,0
4048,10,654,0
4049,10,655,0
4050,10,656,0
4051,10,657,0
4052,10,658,0
4053,10,659,0
4054,10,660,0
4055,10,661,0
4056,10,662,0
4057,10,663,0
4058,10,664,0
4059,10,665,0
4060,10,666,0
4061,10,667,0
4062,10,668,0
4063,10,669,0
4064,10,670,0
4065,10,671,0
4066,10,672,0
4067,10,673,0
4068,10,674,0
4069,10,675,0
4070,10,676,0
4071,10,677,0
4072,10,678,0
4073,10,679,0
4074,10,680,0
4075,10,681,0
4076,10,682,0
4077,10,683,0
4078,10,684,0
4079,10,685,0
4080,10,686,0
4081,10,687,0
4082,10,688,0
4083,10,689,0
4084,10,690,0
4085,10,691,0
4086,10,692,0
4087,10,693,0
4088,10,694,0
4089,10,695,0
4090,10,696,0
4091,10,697,0
4092,10,698,0
4093,10,699,0
4094,10,700,0
4095,10,701,0
4096,10,702,0
4097,10,703,0
4098,10,704,0
4099,10,705,0
4100,10,706,0
4101,10,707,0
4102,10,708,0
4103,10,709,0
4104,10,710,0
4105,10,711,0
4106,10,712,0
4107,10,713,0
4108,10,714,0
4109,10,715,0
4110,10,716,0
4111,10,717,0
4112,10,718,0
4113,10,719,0
4114,10,720,0
4115,10,721,0
4116,10,722,0
4117,10,723,0
4118,10,724,0
4119,10,725,0
4120,10,726,0
4121,10,727,0
4122,10,728,0
4123,10,729,0
4124,10,730,0
4125,10,731,0
4126,10,732,0
4127,10,733,0
4128,10,734,0
4129,10,735,0
4130,10,736,0
4131,10,737,0
4132,10,738,0
4133,10,739,0
4134,10,740,0
4135,10,741,0
4136,10,742,0
4137,10,743,0
4138,10,744,0
4139,10,745,0
4140,10,746,0
4141,10,747,0
4142,10,748,0
4143,10,749,0
4144,10,750,0
4145,10,751,0
4146,10,752,0
4147,10,753,0
4148,10,754,0
4149,10,755,0
4150,10,756,0
4151,10,757,0
4152,10,758,0
4153,10,759,0
4154,10,760,0
4155,10,761,0
4156,10,762,0
4157,10,763,0
4158,10,764,0
4159,10,765,0
4160,10,766,0
4161,10,767,0
4162,10,768,0
4163,10,769,0
4164,10,770,0
4165,10,771,0
4166,10,772,0
4167,10,773,0
4168,10,774,0
4169,10,775,0
4170,10,776,0
4171,10,777,0
4172,10,778,0
4173,10,779,0
4174,10,780,0
4175,10,781,0
4176,10,782,0
4177,10,783,0
4178,10,784,0
4179,10,785,0
4180,10,786,0
4181,10,787,0
4182,10,788,0
4183,10,789,0
4184,10,790,0
4185,10,791,0
4186,10,792,0
4187,10,793,0
4188,10,794,0
4189,10,795,0
4190,10,796,0
4191,10,797,0
4192,10,798,0
4193,10,799,0
4194,10,800,0
4195,10,801,0
4196,10,802,0
4197,10,803,0
4198,10,804,0
4199,10,805,0
4200,10,806,0
4201,10,807,0
4202,10,808,0
4203,10,809,0
4204,10,810,0
4205,10,811,0
4206,10,812,0
4207,10,813,0
4208,10,814,0
4209,10,815,0
4210,10,816,0
4211,10,817,0
4212,10,818,0
4213,10,819,0
4214,10,820,0
4215,10,821,0
4216,10,822,0
4217,10,823,0
4218,10,824,0
4219,10,825,0
4220,10,826,0
4221,10,827,0
4222,10,828,0
4223,10,829,0
4224,10,830,0
4225,10,831,0
4226,10,832,0
4227,10,833,0
4228,10,834,0
4229,10,835,0
4230,10,836,0
4231,10,837,0
4232,10,838,0
4233,10,839,0
4234,10,840,0
4235,10,841,0
4236,10,842,0
4237,10,843,0
4238,10,844,0
4239,10,845,0
4240,10,846,0
4241,10,847,0
4242,10,848,0
4243,10,849,0
4244,10,850,0
4245,10,851,0
4246,10,852,0
4247,10,853,0
4248,10,854,0
4249,10,855,0
4250,10,856,0
4251,10,857,0
4252,10,858,0
4253,10,859,0
4254,10,860,0
4255,10,861,0
4256,10,862,0
4257,10,863,0
4258,10,864,0
4259,10,865,0
4260,10,866,0
4261,10,867,0
4262,10,868,0
4263,10,869,0
4264,10,870,0
4265,10,871,0
4266,10,872,0
4267,10,873,0
4268,10,874,0
4269,10,875,0
4270,10,876,0
4271,10,877,0
4272,10,878,0
4273,10,879,0
4274,10,880,0
4275,10,881,0
4276,10,882,0
4277,10,883,0
4278,10,884,0
4279,10,885,0
4280,10,886,0
4281,10,887,0
4282,10,888,0
4283,10,889,0
4284,10,890,0
4285,10,891,0
4286,10,892,0
4287,10,893,0
4288,10,894,0
4289,10,895,0
4290,10,896,0
4291,10,897,0
4292,10,898,0
4293,10,899,0
4294,10,900,0
4295,10,901,0
4296,10,902,0
4297,10,903,0
4298,10,904,0
4299,10,905,0
4300,10,906,0
4301,10,907,0
4302,10,908,0
4303,10,909,0
4304,10,910,0
4305,10,911,0
4306,10,912,0
4307,10,913,0
4308,10,914,0
4309,10,915,0
4310,10,916,0
4311,10,917,0
4312,10,918,0
4313,10,919,0
4314,10,920,0
4315,10,921,0
4316,10,922,0
4317,10,923,0
4318,10,924,0
4319,10,925,0
4320,10,926,0
4321,10,927,0
4322,10,928,0
4323,10,929,0
4324,10,930,0
4325,10,931,0
4326,10,932,0
4327,10,933,0
4328,10,934,0
4329,10,935,0
4330,10,936,0
4331,10,937,0
4332,10,938,0
4333,10,939,0
4334,10,940,0
4335,10,941,0
4336,10,942,0
4337,10,943,0
4338,10,944,0
4339,10,945,0
4340,10,946,0
4341,10,947,0
4342,10,948,0
4343,10,949,0
4344,10,950,0
4345,10,951,0
4346,10,952,0
4347,10,953,0
4348,10,954,0
4349,10,955,0
4350,10,956,0
4351,10,957,0
4352,10,958,0
4353,10,959,0
4354,10,960,0
4355,10,961,0
4356,10,962,0
4357,10,963,0
4358,10,964,0
4359,10,965,0
4360,10,966,0
4361,10,967,0
4362,10,968,0
4363,10,969,0
4364,10,970,0
4365,10,971,0
4366,10,972,0
4367,10,973,0
4368,10,974,0
4369,10,975,0
4370,10,976,0
4371,10,977,0
4372,10,978,0
4373,10,979,0
4374,10,980,0
4375,10,981,0
4376,10,982,0
4377,10,983,0
4378,10,984,0
4379,10,985,0
4380,10,986,0
4381,10,987,0
4382,10,988,0
4383,10,989,0
4384,10,990,0
4385,10,991,0
4386,10,992,0
4387,10,993,0
4388,10,994,0
4389,10,995,0
4390,10,996,0
4391,10,997,0
4392,10,998,0
4393,10,999,0
4394,10,1000,0
4395,10,1001,0
4396,10,1002,0
4397,10,1003,0
4398,10,1004,0
4399,10,1005,0
4400,10,1006,0
4401,10,1007,0
4402,10,1008,0
4403,10,1009,0
4404,10,1010,0
4405,10,1011,0
4406,10,1012,0
4407,10,1013,0
4408,10,1014,0
4409,10,1015,0
4410,10,1016,0
4411,10,1017,0
4412,10,1018,0
4413,10,1019,0
4414,10,1020,0
4415,10,1021,0
4416,10,1022,0
4417,10,1023,0
4418,10,1024,0
4419,10,1025,0
4420,10,1026,0
4421,10,1027,0
4422,10,1028,0
4423,10,1029,0
4424,10,1030,0
4425,10,1031,0
4426,10,1032,0
4427,10,1033,0
4428,10,1034,0
4429,10,1035,0
4430,10,1036,0
4431,10,1037,0
4432,10,1038,0
4433,10,1039,0
4434,10,1040,0
4435,10,1041,0
4436,10,1042,0
4437,10,1043,0
4438,10,1044,0
4439,10,1045,0
4440,10,1046,0
4441,10,1047,0
4442,10,1048,0
4443,10,1049,0
4444,10,1050,0
4445,10,1051,0
4446,10,1052,0
4447,10,1053,0
4448,10,1054,0
4449,10,1055,0
4450,10,1056,0
4451,10,1057,0
4452,10,1058,0
4453,10,1059,0
4454,10,1060,0
4455,10,1061,0
4456,10,1062,0
4457,10,1063,0
4458,10,1064,0
4459,10,1065,0
4460,10,1066,0
4461,10,1067,0
4462,10,1068,0
4463,10,1069,0
4464,10,1070,0
4465,10,1071,0
4466,10,1072,0
4467,10,1073,0
4468,10,1074,0
4469,10,1075,0
4470,10,1076,0
4471,10,1077,0
4472,10,1078,0
4473,10,1079,0
4474,10,1080,0
4475,10,1081,0
4476,10,1082,0
4477,10,1083,0
4478,10,1084,0
4479,10,1085,0
4480,10,1086,0
4481,10,1087,0
4482,10,1088,0
4483,10,1089,0
4484,10,1090,0
4485,10,1091,0
4486,10,1092,0
4487,10,1093,0
4488,10,1094,0
4489,10,1095,0
4490,10,1096,0
4491,10,1097,0
4492,10,1098,0
4493,10,1099,0
4494,10,1100,0
4495,10,1101,0
4496,10,1102,0
4497,10,1103,0
4498,10,1104,0
4499,10,1105,0
4500,10,1106,0
4501,10,1107,0
4502,10,1108,0
4503,10,1109,0
4504,10,1110,0
4505,10,1111,0
4506,10,1112,0
4507,10,1113,0
4508,10,1114,0
4509,10,1115,0
4510,10,1116,0
4511,10,1117,0
4512,10,1118,0
4513,10,1119,0
4514,10,1120,0
4515,10,1121,0
4516,10,1122,0
4517,10,1123,0
4518,10,1124,0
4519,10,1125,0
4520,10,1126,0
4521,10,1127,0
4522,10,1128,0
4523,10,1129,0
4524,10,1130,0
4525,10,1131,0
4526,10,1132,0
4527,10,1133,0
4528,10,1134,0
4529,10,1135,0
4530,10,1136,0
4531,10,1137,0
4532,10,1138,0
4533,10,1139,0
4534,10,1140,0
4535,10,1141,0
4536,10,1142,0
4537,10,1143,0
4538,10,1144,0
4539,10,1145,0
4540,10,1146,0
4541,10,1147,0
4542,10,1148,0
4543,10,1149,0
4544,10,1150,0
4545,10,1151,0
4546,10,1152,0
4547,10,1153,0
4548,10,1154,0
4549,10,1155,0
4550,10,1156,0
4551,10,1157,0
4552,10,1158,0
4553,10,1159,0
4554,10,1160,0
4555,10,1161,0
4556,10,1162,0
4557,10,1163,0
4558,10,1164,0
4559,10,1165,0
4560,10,1166,0
4561,10,1167,0
4562,10,1168,0
4563,10,1169,0
4564,10,1170,0
4565,10,1171,0
4566,10,1172,0
4567,10,1173,0
4568,10,1174,0
4569,10,1175,0
4570,10,1176,0
4571,10,1177,0
4572,10,1178,0
4573,10,1179,0
4574,10,1180,0
4575,10,1181,0
4576,10,1182,0
4577,10,1183,0
4578,10,1184,0
4579,10,1185,0
4580,10,1186,0
4581,10,1187,0
4582,10,1188,0
4583,10,1189,0
4584,10,1190,0
4585,10,1191,0
4586,10,1192,0
4587,10,1193,0
4588,10,1194,0
4589,10,1195,0
4590,10,1196,0
4591,10,1197,0
4592,10,1198,0
4593,10,1199,0
4594,10,1200,0
4595,10,1201,0
4596,10,1202,0
4597,10,1203,0
4598,10,1204,0
4599,10,1205,0
4600,10,1206,0
4601,10,1207,0
4602,10,1208,0
4603,10,1209,0
4604,10,1210,0
4605,10,1211,0
4606,10,1212,0
4607,10,1213,0
4608,10,1214,0
4609,10,1215,0
4610,10,1216,0
4611,10,1217,0
4612,10,1218,0
4613,10,1219,0
4614,10,1220,0
4615,10,1221,0
4616,10,1222,0
4617,10,1223,0
4618,10,1224,0
4619,10,1225,0
4620,10,1226,0
4621,10,1227,0
4622,10,1228,0
4623,10,1229,0
4624,10,1230,0
4625,10,1231,0
4626,10,1232,0
4627,10,1233,0
4628,10,1234,0
4629,10,1235,0
4630,10,1236,0
4631,10,1237,0
4632,10,1238,0
4633,10,1239,0
4634,10,1240,0
4635,10,1241,0
4636,10,1242,0
4637,10,1243,0
4638,10,1244,0
4639,10,1245,0
4640,10,1246,0
4641,10,1247,0
4642,10,1248,0
4643,10,1249,0
4644,10,1250,0
4645,10,1251,0
4646,10,1252,0
4647,10,1253,0
4648,10,1254,0
4649,10,1255,0
4650,10,1256,0
4651,10,1257,0
4652,10,1258,0
4653,10,1259,0
4654,10,1260,0
4655,10,1261,0
4656,10,1262,0
4657,10,1263,0
4658,10,1264,0
4659,10,1265,0
4660,10,1266,0
4661,10,1267,0
4662,10,1268,0
4663,10,1269,0
4664,10,1270,0
4665,10,1271,0
4666,10,1272,0
4667,10,1273,0
4668,10,1274,0
4669,10,1275,0
4670,10,1276,0
4671,10,1277,0
4672,10,1278,0
4673,10,1279,0
4674,10,1280,0
4675,10,1281,0
4676,10,1282,0
4677,10,1283,0
4678,10,1284,0
4679,10,1285,0
4680,10,1286,0
4681,10,1287,0
4682,10,1288,0
4683,10,1289,0
4684,10,1290,0
4685,10,1291,0
4686,10,1292,0
4687,10,1293,0
4688,10,1294,0
4689,10,1295,0
4690,10,1296,0
4691,10,1297,0
4692,10,1298,0
4693,10,1299,0
4694,10,1300,0
4695,10,1301,0
4696,10,1302,0
4697,10,1303,0
4698,10,1304,0
4699,10,1305,0
4700,10,1306,0
4701,10,1307,0
4702,10,1308,0
4703,10,1309,0
4704,10,1310,0
4705,10,1311,0
4706,10,1312,0
4707,10,1313,0
4708,10,1314,0
4709,10,1315,0
4710,10,1316,0
4711,10,1317,0
4712,10,1318,0
4713,10,1319,0
4714,10,1320,0
4715,10,1321,0
4716,10,1322,0
4717,10,1323,0
4718,10,1324,0
4719,10,1325,0
4720,10,1326,0
4721,10,1327,0
4722,10,1328,0
4723,10,1329,0
4724,10,1330,0
4725,10,1331,0
4726,10,1332,0
4727,10,1333,0
4728,10,1334,0
4729,10,1335,0
4730,10,1336,0
4731,10,1337,0
4732,10,1338,0
4733,10,1339,0
4734,10,1340,0
4735,10,1341,0
4736,10,1342,0
4737,10,1343,0
4738,10,1344,0
4739,10,1345,0
4740,10,1346,0
4741,10,1347,0
4742,10,1348,0
4743,10,1349,0
4744,10,1350,0
4745,10,1351,0
4746,10,1352,0
4747,10,1353,0
4748,10,1354,0
4749,10,1355,0
4750,10,1356,0
4751,10,1357,0
4752,10,1358,0
4753,10,1359,0
4754,10,1360,0
4755,10,1361,0
4756,10,1362,0
4757,10,1363,0
4758,10,1364,0
4759,10,1365,0
4760,10,1366,0
4761,10,1367,0
4762,10,1368,0
4763,10,1369,0
4764,10,1370,0
4765,10,1371,0
4766,10,1372,0
4767,10,1373,0
4768,10,1374,0
4769,10,1375,0
4770,10,1376,0
4771,10,1377,0
4772,10,1378,0
4773,10,1379,0
4774,10,1380,0
4775,10,1381,0
4776,10,1382,0
4777,10,1383,0
4778,10,1384,0
4779,10,1385,0
4780,10,1386,0
4781,10,1387,0
4782,10,1388,0
4783,10,1389,0
4784,10,1390,0
4785,10,1391,0
4786,10,1392,0
4787,10,1393,0
4788,10,1394,0
4789,10,1395,0
4790,10,1396,0
4791,10,1397,0
4792,10,1398,0
4793,10,1399,0
4794,10,1400,0
4795,10,1401,0
4796,10,1402,0
4797,10,1403,0
4798,10,1404,0
4799,10,1405,0
4800,10,1406,0
4801,10,1407,0
4802,10,1408,0
4803,10,1409,0
4804,10,1410,0
4805,10,1411,0
4806,10,1412,0
4807,10,1413,0
4808,10,1414,0
4809,10,1415,0
4810,10,1416,0
4811,10,1417,0
4812,10,1418,0
4813,10,1419,0
4814,10,1420,0
4815,10,1421,0
4816,10,1422,0
4817,10,1423,0
4818,10,1424,0
4819,10,1425,0
4820,10,1426,0
4821,10,1427,0
4822,10,1428,0
4823,10,1429,0
4824,10,1430,0
4825,10,1431,0
4826,10,1432,0
4827,10,1433,0
4828,10,1434,0
4829,10,1435,0
4830,10,1436,0
4831,10,1437,0
4832,10,1438,0
4833,10,1439,0
4834,10,1440,0
4835,10,1441,0
4836,10,1442,0
4837,10,1443,0
4838,10,1444,0
4839,10,1445,0
4840,10,1446,0
4841,10,1447,0
4842,10,1448,0
4843,10,1449,0
4844,10,1450,0
4845,10,1451,0
4846,10,1452,0
4847,10,1453,0
4848,10,1454,0
4849,10,1455,0
4850,10,1456,0
4851,10,1457,0
4852,10,1458,0
4853,10,1459,0
4854,10,1460,0
4855,10,1461,0
4856,10,1462,0
4857,10,1463,0
4858,10,1464,0
4859,10,1465,0
4860,10,1466,0
4861,10,1467,0
4862,10,1468,0
4863,10,1469,0
4864,10,1470,0
4865,10,1471,0
4866,10,1472,0
4867,10,1473,0
4868,10,1474,0
4869,10,1475,0
4870,10,1476,0
4871,10,1477,0
4872,10,1478,0
4873,10,1479,0
4874,10,1480,0
4875,10,1481,0
4876,10,1482,0
4877,10,1483,0
4878,10,1484,0
4879,10,1485,0
4880,10,1486,0
4881,10,1487,0
4882,10,1488,0
4883,10,1489,0
4884,10,1490,0
4885,10,1491,0
4886,10,1492,0
4887,10,1493,0
4888,10,1494,0
4889,10,1495,0
4890,10,1496,0
4891,10,1497,0
4892,10,1498,0
4893,10,1499,0
4894,10,1500,0
4895,10,1501,0
4896,10,1502,0
4897,10,1503,0
4898,10,1504,0
4899,10,1505,0
4900,10,1506,0
4901,10,1507,0
4902,10,1508,0
4903,10,1509,0
4904,10,1510,0
4905,10,1511,0
4906,10,1512,0
4907,10,1513,0
4908,10,1514,0
4909,10,1515,0
4910,10,1516,0
4911,10,1517,0
4912,10,1518,0
4913,10,1519,0
4914,10,1520,0
4915,10,1521,0
4916,10,1522,0
4917,10,1523,0
4918,10,1524,0
4919,10,1525,0
4920,10,1526,0
4921,10,1527,0
4922,10,1528,0
4923,10,1529,0
4924,10,1530,0
4925,10,1531,0
4926,10,1532,0
4927,10,1533,0
4928,10,1534,0
4929,10,1535,0
4930,10,1536,0
4931,10,1537,0
4932,10,1538,0
4933,10,1539,0
4934,10,1540,0
4935,10,1541,0
4936,10,1542,0
4937,10,1543,0
4938,10,1544,0
4939,10,1545,0
4940,10,1546,0
4941,10,1547,0
4942,10,1548,0
4943,10,1549,0
4944,10,1550,0
4945,10,1551,0
4946,10,1552,0
4947,10,1553,0
4948,10,1554,0
4949,10,1555,0
4950,10,1556,0
4951,10,1557,0
4952,10,1558,0
4953,10,1559,0
4954,10,1560,0
4955,10,1561,0
4956,10,1562,0
4957,10,1563,0
4958,10,1564,0
4959,10,1565,0
4960,10,1566,0
4961,10,1567,0
4962,10,1568,0
4963,10,1569,0
4964,10,1570,0
4965,10,1571,0
4966,10,1572,0
4967,10,1573,0
4968,10,1574,0
4969,10,1575,0
4970,10,1576,0
4971,10,1577,0
4972,10,1578,0
4973,10,1579,0
4974,10,1580,0
4975,10,1581,0
4976,10,1582,0
4977,10,1583,0
4978,10,1584,0
4979,10,1585,0
4980,10,1586,0
4981,10,1587,0
4982,10,1588,0
4983,10,1589,0
4984,10,1590,0
4985,10,1591,0
4986,10,1592,0
4987,10,1593,0
4988,10,1594,0
4989,10,1595,0
4990,10,1596,0
4991,10,1597,0
4992,10,1598,0
4993,10,1599,0
4994,10,1600,0
4995,10,1601,0
4996,10,1602,0
4997,10,1603,0
4998,10,1604,0
4999,10,1605,0
5000,10,1606,0
5001,10,1607,0
5002,10,1608,0
5003,10,1609,0
5004,10,1610,0
5005,10,1611,0
5006,10,1612,0
5007,10,1613,0
5008,10,1614,0
5009,10,1615,0
5010,10,1616,0
5011,10,1617,0
5012,10,1618,0
5013,10,1619,0
5014,10,1620,0
5015,10,1621,0
5016,10,1622,0
5017,10,1623,0
5018,10,1624,0
5019,10,1625,0
5020,10,1626,0
5021,10,1627,0
5022,10,1628,0
5023,10,1629,0
5024,10,1630,0
5025,10,1631,0
5026,10,1632,0
5027,10,1633,0
5028,10,1634,0
5029,10,1635,0
5030,10,1636,0
5031,10,1637,0
5032,10,1638,0
5033,10,1639,0
5034,10,1640,0
5035,10,1641,0
5036,10,1642,0
5037,10,1643,0
5038,10,1644,0
5039,10,1645,0
5040,10,1646,0
5041,10,1647,0
5042,10,1648,0
5043,10,1649,0
5044,10,1650,0
5045,10,1651,0
5046,10,1652,0
5047,10,1653,0
5048,10,1654,0
5049,10,1655,0
5050,10,1656,0
5051,10,1657,0
5052,10,1658,0
5053,10,1659,0
5054,10,1660,0
5055,10,1661,0
5056,10,1662,0
5057,10,1663,0
5058,10,1664,0
5059,10,1665,0
5060,10,1666,0
5061,10,1667,0
5062,10,1668,0
5063,10,1669,0
5064,10,1670,0
5065,10,1671,0
5066,10,1672,0
5067,10,1673,0
5068,10,1674,0
5069,10,1675,0
5070,10,1676,0
5071,10,1677,0
5072,10,1678,0
5073,10,1679,0
5074,10,1680,0
5075,10,1681,0
5076,10,1682,0
5077,10,1683,0
5078,10,1684,0
5079,10,1685,0
5080,10,1686,0
5081,10,1687,0
5082,10,1688,0
5083,10,1689,0
5084,10,1690,0
5085,10,1691,0
5086,10,1692,0
5087,10,1693,0
5088,10,1694,0
5089,10,1695,0
5090,10,1696,0
5091,10,1697,0
5092,10,1698,0
5093,10,1699,0
5094,10,1700,0
5095,10,1701,0
5096,10,1702,0
5097,10,1703,0
5098,10,1704,0
5099,10,1705,0
5100,10,1706,0
5101,10,1707,0
5102,10,1708,0
5103,10,1709,0
5104,10,1710,0
5105,10,1711,0
5106,10,1712,0
5107,10,1713,0
5108,10,1714,0
5109,10,1715,0
5110,10,1716,0
5111,10,1717,0
5112,10,1718,0
5113,10,1719,0
5114,10,1720,0
5115,10,1721,0
5116,10,1722,0
5117,10,1723,0
5118,10,1724,0
5119,10,1725,0
5120,10,1726,1
5121,10,1727,1
5122,10,1728,1
5123,10,1729,1
5124,10,1730,1
5125,10,1731,1
5126,10,1732,1
5127,10,1733,1
5128,10,1734,1
5129,10,1735,1
5130,10,1736,1
5131,10,1737,1
5132,10,1738,1
5133,10,1739,1
5134,10,1740,1
5135,10,1741,1
5136,10,1742,1
5137,10,1743,1
5138,10,1744,1
5139,10,1745,1
5140,10,1746,1
5141,10,1747,1
5142,10,1748,1
5143,10,1749,1
5144,10,1750,1
5145,10,1751,1
5146,10,1752,1
5147,10,1753,1
5148,10,1754,1
5149,10,1755,1
5150,10,1756,1
5151,10,1757,1
5152,10,1758,1
5153,10,1759,1
5154,10,1760,1
5155,10,1761,1
5156,10,1762,1
5157,10,1763,1
5158,10,1764,1
5159,10,1765,1
5160,10,1766,1
5161,10,1767,1
5162,10,1768,1
5163,10,1769,1
5164,10,1770,1
5165,10,1771,1
5166,10,1772,1
5167,10,1773,1
5168,10,1774,1
5169,10,1775,1
5170,10,1776,1
5171,10,1777,1
5172,10,1778,1
5173,10,1779,1
5174,10,1780,1
5175,10,1781,1
5176,10,1782,1
5177,10,1783,1
5178,10,1784,1
5179,10,1785,1
5180,10,1786,1
5181,10,1787,1
5182,10,1788,1
5183,10,1789,1
5184,10,1790,1
5185,10,1791,1
5186,10,1792,1
5187,10,1793,1
5188,10,1794,1
5189,10,1795,1
5190,10,1796,1
5191,10,1797,1
5192,10,1798,1
5193,10,1799,1
5194,10,1800,1
5195,10,1801,1
5196,10,1802,1
5197,10,1803,1
5198,10,1804,1
5199,10,1805,1
5200,10,1806,1
5201,10,1807,1
5202,10,1808,1
5203,10,1809,1
5204,10,1810,1
5205,10,1811,1
5206,10,1812,1
5207,10,1813,1
5208,10,1814,1
5209,10,1815,1
5210,10,1816,1
5211,10,1817,1
5212,10,1818,1
5213,10,1819,1
5214,10,1820,1
5215,10,1821,1
5216,10,1822,1
5217,10,1823,1
5218,10,1824,1
5219,10,1825,1
5220,10,1826,1
5221,10,1827,1
5222,10,1828,1
5223,10,1829,1
5224,10,1830,1
5225,10,1831,1
5226,10,1832,1
5227,10,1833,1
5228,10,1834,1
5229,10,1835,1
5230,10,1836,1
5231,10,1837,1
5232,10,1838,1
5233,10,1839,1
5234,10,1840,1
5235,10,1841,1
5236,10,1842,1
5237,10,1843,1
5238,10,1844,1
5239,10,1845,1
5240,10,1846,1
5241,10,1847,1
5242,10,1848,1
5243,10,1849,1
5244,10,1850,1
5245,10,1851,1
5246,10,1852,1
5247,10,1853,1
5248,10,1854,1
5249,10,1855,1
5250,10,1856,1
5251,10,1857,1
5252,10,1858,1
5253,10,1859,1
5254,10,1860,1
5255,10,1861,1
5256,10,1862,1
5257,10,1863,1
5258,10,1864,1
5259,10,1865,1
5260,10,1866,1
5261,10,1867,1
5262,10,1868,1
5263,10,1869,1
5264,10,1870,1
5265,10,1871,1
5266,10,1872,1
5267,10,1873,1
5268,10,1874,1
5269,10,1875,1
5270,10,1876,1
5271,10,1877,1
5272,10,1878,1
5273,10,1879,1
5274,10,1880,1
5275,10,1881,1
5276,10,1882,1
5277,10,1883,1
5278,10,1884,1
5279,10,1885,1
5280,10,1886,1
5281,10,1887,1
5282,10,1888,1
5283,10,1889,1
5284,10,1890,1
5285,10,1891,1
5286,10,1892,1
5287,10,1893,1
5288,10,1894,1
5289,10,1895,1
5290,10,1896,1
5291,10,1897,1
5292,10,1898,1
5293,10,1899,1
5294,10,1900,1
5295,10,1901,1
5296,10,1902,1
5297,10,1903,1
5298,10,1904,1
5299,10,1905,1
5300,10,1906,1
5301,10,1907,1
5302,10,1908,1
5303,10,1909,1
5304,10,1910,1
5305,10,1911,1
5306,10,1912,1
5307,10,1913,1
5308,10,1914,1
5309,10,1915,1
5310,10,1916,1
5311,10,1917,1
5312,10,1918,1
5313,10,1919,1
5314,10,1920,1
5315,10,1921,1
5316,10,1922,1
5317,10,1923,1
5318,10,1924,1
5319,10,1925,1
5320,10,1926,1
5321,10,1927,1
5322,10,1928,1
5323,10,1929,1
5324,10,1930,1
5325,10,1931,1
5326,10,1932,1
5327,10,1933,1
5328,10,1934,1
5329,10,1935,1
5330,10,1936,1
5331,10,1937,1
5332,10,1938,1
5333,10,1939,1
5334,10,1940,1
5335,10,1941,1
5336,10,1942,1
5337,10,1943,1
5338,10,1944,1
5339,10,1945,1
5340,10,1946,1
5341,10,1947,1
5342,10,1948,1
5343,10,1949,1
5344,10,1950,1
5345,10,1951,1
5346,10,1952,1
5347,10,1953,1
5348,10,1954,1
5349,10,1955,1
5350,10,1956,1
5351,10,1957,1
5352,10,1958,1
5353,10,1959,1
5354,10,1960,1
5355,10,1961,1
5356,10,1962,1
5357,10,1963,1
5358,10,1964,1
5359,10,1965,1
5360,10,1966,1
5361,10,1967,1
5362,10,1968,1
5363,10,1969,1
5364,10,1970,1
5365,10,1971,1
5366,10,1972,1
5367,10,1973,1
5368,10,1974,1
5369,10,1975,1
5370,10,1976,1
5371,10,1977,1
5372,10,1978,1
5373,10,1979,1
5374,10,1980,1
5375,10,1981,1
5376,10,1982,1
5377,10,1983,1
5378,10,1984,1
5379,10,1985,1
5380,10,1986,1
5381,10,1987,1
5382,10,1988,1
5383,10,1989,1
5384,10,1990,1
5385,10,1991,1
5386,10,1992,1
5387,10,1993,1
5388,10,1994,1
5389,10,1995,1
5390,10,1996,1
5391,10,1997,1
5392,10,1998,1
5393,10,1999,1
5394,10,2000,1
5395,10,2001,1
5396,10,2002,1
5397,10,2003,1
5398,10,2004,1
5399,10,2005,1
5400,10,2006,1
5401,10,2007,1
5402,10,2008,1
5403,10,2009,1
5404,10,2010,1
5405,10,2011,1
5406,10,2012,1
5407,10,2013,1
5408,10,2014,1
5409,10,2015,1
5410,10,2016,1
5411,10,2017,1
5412,10,2018,1
5413,10,2019,1
5414,10,2020,1
5415,10,2021,1
5416,10,2022,1
5417,10,2023,1
5418,10,2024,1
5419,10,2025,1
5420,10,2026,1
5421,10,2027,1
5422,10,2028,1
5423,10,2029,1
5424,10,2030,1
5425,10,2031,1
5426,10,2032,1
5427,10,2033,1
5428,10,2034,1
5429,10,2035,1
5430,10,2036,1
5431,10,2037,1
5432,10,2038,1
5433,10,2039,1
5434,10,2040,1
5435,10,2041,1
5436,10,2042,1
5437,10,2043,1
5438,10,2044,1
5439,10,2045,1
5440,10,2046,1
5441,10,2047,1
5442,10,2048,1
5443,10,2049,1
5444,10,2050,1
5445,10,2051,1
5446,10,2052,1
5447,10,2053,1
5448,10,2054,1
5449,10,2055,1
5450,10,2056,1
5451,10,2057,1
5452,10,2058,1
5453,10,2059,1
5454,10,2060,1
5455,10,2061,1
5456,10,2062,1
5457,10,2063,1
5458,10,2064,1
5459,10,2065,1
5460,10,2066,1
5461,10,2067,1
5462,10,2068,1
5463,10,2069,1
5464,10,2070,1
5465,10,2071,1
5466,10,2072,1
5467,10,2073,1
5468,10,2074,1
5469,10,2075,1
5470,10,2076,1
5471,10,2077,1
5472,10,2078,1
5473,10,2079,1
5474,10,2080,1
5475,10,2081,1
5476,10,2082,1
5477,10,2083,1
5478,10,2084,1
5479,10,2085,1
5480,10,2086,1
5481,10,2087,1
5482,10,2088,1
5483,10,2089,1
5484,10,2090,1
5485,10,2091,1
5486,10,2092,1
5487,10,2093,1
5488,10,2094,1
5489,10,2095,1
5490,10,2096,1
5491,10,2097,1
5492,10,2098,1
5493,10,2099,1
5494,10,2100,1
5495,10,2101,1
5496,10,2102,1
5497,10,2103,1
5498,10,2104,1
5499,10,2105,1
5500,10,2106,1
5501,10,2107,1
5502,10,2108,1
5503,10,2109,1
5504,10,2110,1
5505,10,2111,1
5506,10,2112,1
5507,10,2113,1
5508,10,2114,1
5509,10,2115,1
5510,10,2116,1
5511,10,2117,1
5512,10,2118,1
5513,10,2119,1
5514,10,2120,1
5515,10,2121,1
5516,10,2122,1
5517,10,2123,1
5518,10,2124,1
5519,10,2125,1
5520,10,2126,1
5521,10,2127,1
5522,10,2128,1
5523,10,2129,1
5524,10,2130,1
5525,10,2131,1
5526,10,2132,1
5527,10,2133,1
5528,10,2134,1
5529,10,2135,1
5530,10,2136,1
5531,10,2137,1
5532,10,2138,1
5533,10,2139,1
5534,10,2140,1
5535,10,2141,1
5536,10,2142,1
5537,10,2143,1
5538,10,2144,1
5539,10,2145,1
5540,10,2146,1
5541,10,2147,1
5542,10,2148,1
5543,10,2149,1
5544,10,2150,1
5545,10,2151,1
5546,10,2152,1
5547,10,2153,1
5548,10,2154,1
5549,10,2155,1
5550,10,2156,1
5551,10,2157,1
5552,10,2158,1
5553,10,2159,1
5554,10,2160,1
5555,10,2161,1
5556,10,2162,1
5557,10,2163,1
5558,10,2164,1
5559,10,2165,1
5560,10,2166,1
5561,10,2167,1
5562,10,2168,1
5563,10,2169,1
5564,10,2170,1
5565,10,2171,1
5566,10,2172,1
5567,10,2173,1
5568,10,2174,1
5569,10,2175,1
5570,10,2176,1
5571,10,2177,1
5572,10,2178,1
5573,10,2179,1
5574,10,2180,1
5575,10,2181,1
5576,10,2182,1
5577,10,2183,1
5578,10,2184,1
5579,10,2185,1
5580,10,2186,1
5581,10,2187,1
5582,10,2188,1
5583,10,2189,1
5584,10,2190,1
5585,10,2191,1
5586,10,2192,1
5587,10,2193,1
5588,10,2194,1
5589,10,2195,1
5590,10,2196,1
5591,10,2197,1
5592,10,2198,1
5593,10,2199,1
5594,10,2200,1
5595,10,2201,1
5596,10,2202,1
5597,10,2203,1
5598,10,2204,1
5599,10,2205,1
5600,10,2206,1
5601,10,2207,1
5602,10,2208,1
5603,10,2209,1
5604,10,2210,1
5605,10,2211,1
5606,10,2212,1
5607,10,2213,1
5608,10,2214,1
5609,10,2215,1
5610,10,2216,1
5611,10,2217,1
5612,10,2218,1
5613,10,2219,1
5614,10,2220,1
5615,10,2221,1
5616,10,2222,1
5617,10,2223,1
5618,10,2224,1
5619,10,2225,1
5620,10,2226,1
5621,10,2227,1
5622,10,2228,1
5623,10,2229,1
5624,10,2230,1
5625,10,2231,1
5626,10,2232,1
5627,10,2233,1
5628,10,2234,1
5629,10,2235,1
5630,10,2236,1
5631,10,2237,1
5632,10,2238,1
5633,10,2239,1
5634,10,2240,1
5635,10,2241,1
5636,10,2242,1
5637,10,2243,1
5638,10,2244,1
5639,10,2245,1
5640,10,2246,1
5641,10,2247,1
5642,10,2248,1
5643,10,2249,1
5644,10,2250,1
5645,10,2251,1
5646,10,2252,1
5647,10,2253,1
5648,10,2254,1
5649,10,2255,1
5650,10,2256,1
5651,10,2257,1
5652,10,2258,1
5653,10,2259,1
5654,10,2260,1
5655,10,2261,1
5656,10,2262,1
5657,10,2263,1
5658,10,2264,1
5659,10,2265,1
5660,10,2266,1
5661,10,2267,1
5662,10,2268,1
5663,10,2269,1
5664,10,2270,1
5665,10,2271,1
5666,10,2272,1
5667,10,2273,1
5668,10,2274,1
5669,10,2275,1
5670,10,2276,1
5671,10,2277,1
5672,10,2278,1
5673,10,2279,1
5674,10,2280,1
5675,10,2281,1
5676,10,2282,1
5677,10,2283,1
5678,10,2284,1
5679,10,2285,1
5680,10,2286,1
5681,10,2287,1
5682,10,2288,1
5683,10,2289,1
5684,10,2290,1
5685,10,2291,1
5686,10,2292,1
5687,10,2293,1
5688,10,2294,1
5689,10,2295,1
5690,10,2296,1
5691,10,2297,1
5692,10,2298,1
5693,10,2299,1
5694,10,2300,1
5695,10,2301,1
5696,10,2302,1
5697,10,2303,1
5698,10,2304,1
5699,10,2305,1
5700,10,2306,1
5701,10,2307,1
5702,10,2308,1
5703,10,2309,1
5704,10,2310,1
5705,10,2311,1
5706,10,2312,1
5707,10,2313,1
5708,10,2314,1
5709,10,2315,1
5710,10,2316,1
5711,10,2317,1
5712,10,2318,1
5713,10,2319,1
5714,10,2320,1
5715,10,2321,1
5716,10,2322,1
5717,10,2323,1
5718,10,2324,1
5719,10,2325,1
5720,10,2326,1
5721,10,2327,1
5722,10,2328,1
5723,10,2329,1
5724,10,2330,1
5725,10,2331,1
5726,10,2332,1
5727,10,2333,1
5728,10,2334,1
5729,10,2335,1
5730,10,2336,1
5731,10,2337,1
5732,10,2338,1
5733,10,2339,1
5734,10,2340,1
5735,10,2341,1
5736,10,2342,1
5737,10,2343,1
5738,10,2344,1
5739,10,2345,1
5740,10,2346,1
5741,10,2347,1
5742,10,2348,1
5743,10,2349,1
5744,10,2350,1
5745,10,2351,1
5746,10,2352,1
5747,10,2353,1
5748,10,2354,1
5749,10,2355,1
5750,10,2356,1
5751,10,2357,1
5752,10,2358,1
5753,10,2359,1
5754,10,2360,1
5755,10,2361,1
5756,10,2362,1
5757,10,2363,1
5758,10,2364,1
5759,10,2365,1
5760,10,2366,1
5761,10,2367,1
5762,10,2368,1
5763,10,2369,1
5764,10,2370,1
5765,10,2371,1
5766,10,2372,1
5767,10,2373,1
5768,10,2374,1
5769,10,2375,1
5770,10,2376,1
5771,10,2377,1
5772,10,2378,1
5773,10,2379,1
5774,10,2380,1
5775,10,2381,1
5776,10,2382,1
5777,10,2383,1
5778,10,2384,1
5779,10,2385,1
5780,10,2386,1
5781,10,2387,1
5782,10,2388,1
5783,10,2389,1
5784,10,2390,1
5785,10,2391,1
5786,10,2392,1
5787,10,2393,1
5788,10,2394,1
5789,10,2395,1
5790,10,2396,1
5791,10,2397,1
5792,10,2398,1
5793,10,2399,1
5794,10,2400,1
5795,10,2401,1
5796,10,2402,1
5797,10,2403,1
5798,10,2404,1
5799,10,2405,1
5800,10,2406,1
5801,10,2407,1
5802,10,2408,1
5803,10,2409,1
5804,10,2410,1
5805,10,2411,1
5806,10,2412,1
5807,10,2413,1
5808,10,2414,1
5809,10,2415,1
5810,10,2416,1
5811,10,2417,1
5812,10,2418,1
5813,10,2419,1
5814,10,2420,1
5815,10,2421,1
5816,10,2422,1
5817,10,2423,1
5818,10,2424,1
5819,10,2425,1
5820,10,2426,1
5821,10,2427,1
5822,10,2428,1
5823,10,2429,1
5824,10,2430,1
5825,10,2431,1
5826,10,2432,1
5827,10,2433,1
5828,10,2434,1
5829,10,2435,1
5830,10,2436,1
5831,10,2437,1
5832,10,2438,1
5833,10,2439,1
5834,10,2440,1
5835,10,2441,1
5836,10,2442,1
5837,10,2443,1
5838,10,2444,1
5839,10,2445,1
5840,10,2446,1
5841,10,2447,1
5842,10,2448,1
5843,10,2449,1
5844,10,2450,1
5845,10,2451,1
5846,10,2452,1
5847,10,2453,1
5848,10,2454,1
5849,10,2455,1
5850,10,2456,1
5851,10,2457,1
5852,10,2458,1
5853,10,2459,1
5854,10,2460,1
5855,10,2461,1
5856,10,2462,1
5857,10,2463,1
5858,10,2464,1
5859,10,2465,1
5860,10,2466,1
5861,10,2467,1
5862,10,2468,1
5863,10,2469,1
5864,10,2470,1
5865,10,2471,1
5866,10,2472,1
5867,10,2473,1
5868,10,2474,1
5869,10,2475,1
5870,10,2476,1
5871,10,2477,1
5872,10,2478,1
5873,10,2479,1
5874,10,2480,1
5875,10,2481,1
5876,10,2482,1
5877,10,2483,1
5878,10,2484,1
5879,10,2485,1
5880,10,2486,1
5881,10,2487,1
5882,10,2488,1
5883,10,2489,1
5884,10,2490,1
5885,10,2491,1
5886,10,2492,1
5887,10,2493,1
5888,10,2494,1
5889,10,2495,1
5890,10,2496,1
5891,10,2497,1
5892,10,2498,1
5893,10,2499,1
5894,10,2500,1
5895,10,2501,1
5896,10,2502,1
5897,10,2503,1
5898,10,2504,1
5899,10,2505,1
5900,10,2506,1
5901,10,2507,1
5902,10,2508,1
5903,10,2509,1
5904,10,2510,1
5905,10,2511,1
5906,10,2512,1
5907,10,2513,1
5908,10,2514,1
5909,10,2515,1
5910,10,2516,1
5911,10,2517,1
5912,10,2518,1
5913,10,2519,1
5914,10,2520,1
5915,10,2521,1
5916,10,2522,1
5917,10,2523,1
5918,10,2524,1
5919,10,2525,1
5920,10,2526,1
5921,10,2527,1
5922,10,2528,1
5923,10,2529,1
5924,10,2530,1
5925,10,2531,1
5926,10,2532,1
5927,10,2533,1
5928,10,2534,1
5929,10,2535,1
5930,10,2536,1
5931,10,2537,1
5932,10,2538,1
5933,10,2539,1
5934,10,2540,1
5935,10,2541,1
5936,10,2542,1
5937,10,2543,1
5938,10,2544,1
5939,10,2545,1
5940,10,2546,1
5941,10,2547,1
5942,10,2548,1
5943,10,2549,1
5944,10,2550,1
5945,10,2551,1
5946,10,2552,1
5947,10,2553,1
5948,10,2554,1
5949,10,2555,1
5950,10,2556,1
5951,10,2557,1
5952,10,2558,1
5953,10,2559,1
5954,10,2560,1
5955,10,2561,1
5956,10,2562,1
5957,10,2563,1
5958,10,2564,1
5959,10,2565,1
5960,10,2566,1
5961,10,2567,1
5962,10,2568,1
5963,10,2569,1
5964,10,2570,1
5965,10,2571,1
5966,10,2572,1
5967,10,2573,1
5968,10,2574,1
5969,10,2575,1
5970,10,2576,1
5971,10,2577,1
5972,10,2578,1
5973,10,2579,1
5974,10,2580,1
5975,10,2581,1
5976,10,2582,1
5977,10,2583,1
5978,10,2584,1
5979,10,2585,1
5980,10,2586,1
5981,10,2587,1
5982,10,2588,1
5983,10,2589,1
5984,10,2590,1
5985,10,2591,1
5986,10,2592,1
5987,10,2593,1
5988,10,2594,1
5989,10,2595,1
5990,10,2596,1
5991,10,2597,1
5992,10,2598,1
5993,10,2599,1
5994,10,2600,1
5995,10,2601,1
5996,10,2602,1
5997,10,2603,1
5998,10,2604,1
5999,10,2605,1
6000,10,2606,1
6001,10,2607,1
6002,10,2608,1
6003,10,2609,1
6004,10,2610,1
6005,10,2611,1
6006,10,2612,1
6007,10,2613,1
6008,10,2614,1
6009,10,2615,1
6010,10,2616,1
6011,10,2617,1
6012,10,2618,1
6013,10,2619,1
6014,10,2620,1
6015,10,2621,1
6016,10,2622,1
6017,10,2623,1
6018,10,2624,1
6019,10,2625,1
6020,10,2626,1
6021,10,2627,1
6022,10,2628,1
6023,10,2629,1
6024,10,2630,1
6025,10,2631,1
6026,10,2632,1
6027,10,2633,1
6028,10,2634,1
6029,10,2635,1
6030,10,2636,1
6031,10,2637,1
6032,10,2638,1
6033,10,2639,1
6034,10,2640,1
6035,10,2641,1
6036,10,2642,1
6037,10,2643,1
6038,10,2644,1
6039,10,2645,1
6040,10,2646,1
6041,10,2647,1
6042,10,2648,1
6043,10,2649,1
6044,10,2650,1
6045,10,2651,1
6046,10,2652,1
6047,10,2653,1
6048,10,2654,1
6049,10,2655,1
6050,10,2656,1
6051,10,2657,1
6052,10,2658,1
6053,10,2659,1
6054,10,2660,1
6055,10,2661,1
6056,10,2662,1
6057,10,2663,1
6058,10,2664,1
6059,10,2665,1
6060,10,2666,1
6061,10,2667,1
6062,10,2668,1
6063,10,2669,1
6064,10,2670,1
6065,10,2671,1
6066,10,2672,1
6067,10,2673,1
6068,10,2674,1
6069,10,2675,1
6070,10,2676,1
6071,10,2677,1
6072,10,2678,1
6073,10,2679,1
6074,10,2680,1
6075,10,2681,1
6076,10,2682,1
6077,10,2683,1
6078,10,2684,1
6079,10,2685,1
6080,10,2686,1
6081,10,2687,1
6082,10,2688,1
6083,10,2689,1
6084,10,2690,1
6085,10,2691,1
6086,10,2692,1
6087,10,2693,1
6088,10,2694,1
6089,10,2695,1
6090,10,2696,1
6091,10,2697,1
6092,10,2698,1
6093,10,2699,1
6094,10,2700,1
6095,10,2701,1
6096,10,2702,1
6097,10,2703,1
6098,10,2704,1
6099,10,2705,1
6100,10,2706,1
6101,10,2707,1
6102,10,2708,1
6103,10,2709,1
6104,10,2710,1
6105,10,2711,1
6106,10,2712,1
6107,10,2713,1
6108,10,2714,1
6109,10,2715,1
6110,10,2716,1
6111,10,2717,1
6112,10,2718,1
6113,10,2719,1
6114,10,2720,1
6115,10,2721,1
6116,10,2722,1
6117,10,2723,1
6118,10,2724,1
6119,10,2725,1
6120,10,2726,1
6121,10,2727,1
6122,10,2728,1
6123,10,2729,1
6124,10,2730,1
6125,10,2731,1
6126,10,2732,1
6127,10,2733,1
6128,10,2734,1
6129,10,2735,1
6130,10,2736,1
6131,10,2737,1
6132,10,2738,1
6133,10,2739,1
6134,10,2740,1
6135,10,2741,1
6136,10,2742,1
6137,10,2743,1
6138,10,2744,1
6139,10,2745,1
6140,10,2746,1
6141,10,2747,1
6142,10,2748,1
6143,10,2749,1
6144,10,2750,1
6145,10,2751,1
6146,10,2752,1
6147,10,2753,1
6148,10,2754,1
6149,10,2755,1
6150,10,2756,1
6151,10,2757,1
6152,10,2758,1
6153,10,2759,1
6154,10,2760,1
6155,10,2761,1
6156,10,2762,1
6157,10,2763,1
6158,10,2764,1
6159,10,2765,1
6160,10,2766,1
6161,10,2767,1
6162,10,2768,1
6163,10,2769,1
6164,10,2770,1
6165,10,2771,1
6166,10,2772,1
6167,10,2773,1
6168,10,2774,1
6169,10,2775,1
6170,10,2776,1
6171,10,2777,1
6172,10,2778,1
6173,10,2779,1
6174,10,2780,1
6175,10,2781,1
6176,10,2782,1
6177,10,2783,1
6178,10,2784,1
6179,10,2785,1
6180,10,2786,1
6181,10,2787,1
6182,10,2788,1
6183,10,2789,1
6184,10,2790,1
6185,10,2791,1
6186,10,2792,1
6187,10,2793,1
6188,10,2794,1
6189,10,2795,1
6190,10,2796,1
6191,10,2797,1
6192,10,2798,1
6193,10,2799,1
6194,10,2800,1
6195,10,2801,1
6196,10,2802,1
6197,10,2803,1
6198,10,2804,1
6199,10,2805,1
6200,10,2806,1
6201,10,2807,1
6202,10,2808,1
6203,10,2809,1
6204,10,2810,1
6205,10,2811,1
6206,10,2812,1
6207,10,2813,1
6208,10,2814,1
6209,10,2815,1
6210,10,2816,1
6211,10,2817,1
6212,10,2818,1
6213,10,2819,1
6214,10,2820,1
6215,10,2821,1
6216,10,2822,1
6217,10,2823,1
6218,10,2824,1
6219,10,2825,1
6220,10,2826,1
6221,10,2827,1
6222,10,2828,1
6223,10,2829,1
6224,10,2830,1
6225,10,2831,1
6226,10,2832,1
6227,10,2833,1
6228,10,2834,1
6229,10,2835,1
6230,10,2836,1
6231,10,2837,1
6232,10,2838,1
6233,10,2839,1
6234,10,2840,1
6235,10,2841,1
6236,10,2842,1
6237,10,2843,1
6238,10,2844,1
6239,10,2845,1
6240,10,2846,1
6241,10,2847,1
6242,10,2848,1
6243,10,2849,1
6244,10,2850,1
6245,10,2851,1
6246,10,2852,1
6247,10,2853,1
6248,10,2854,1
6249,10,2855,1
6250,10,2856,1
6251,10,2857,1
6252,10,2858,1
6253,10,2859,1
6254,10,2860,1
6255,10,2861,1
6256,10,2862,1
6257,10,2863,1
6258,10,2864,1
6259,10,2865,1
6260,10,2866,1
6261,10,2867,1
6262,10,2868,1
6263,10,2869,1
6264,10,2870,1
6265,10,2871,1
6266,10,2872,1
6267,10,2873,1
6268,10,2874,1
6269,10,2875,1
6270,10,2876,1
6271,10,2877,1
6272,10,2878,1
6273,10,2879,1
6274,10,2880,1
6275,10,2881,1
6276,10,2882,1
6277,10,2883,1
6278,10,2884,1
6279,10,2885,1
6280,10,2886,1
6281,10,2887,1
6282,10,2888,1
6283,10,2889,1
6284,10,2890,1
6285,10,2891,1
6286,10,2892,1
6287,10,2893,1
6288,10,2894,1
6289,10,2895,1
6290,10,2896,1
6291,10,2897,1
6292,10,2898,1
6293,10,2899,1
6294,10,2900,1
6295,10,2901,1
6296,10,2902,1
6297,10,2903,1
6298,10,2904,1
6299,10,2905,1
6300,10,2906,1
6301,10,2907,1
6302,10,2908,1
6303,10,2909,1
6304,10,2910,1
6305,10,2911,1
6306,10,2912,1
6307,10,2913,1
6308,10,2914,1
6309,10,2915,1
6310,10,2916,1
6311,10,2917,1
6312,10,2918,1
6313,10,2919,1
6314,10,2920,1
6315,10,2921,1
6316,10,2922,1
6317,10,2923,1
6318,10,2924,1
6319,10,2925,1
6320,10,2926,1
6321,10,2927,1
6322,10,2928,1
6323,10,2929,1
6324,10,2930,1
6325,10,2931,1
6326,10,2932,1
6327,10,2933,1
6328,10,2934,1
6329,10,2935,1
6330,10,2936,1
6331,10,2937,1
6332,10,2938,1
6333,10,2939,1
6334,10,2940,1
6335,10,2941,1
6336,10,2942,1
6337,10,2943,1
6338,10,2944,1
6339,10,2945,1
6340,10,2946,1
6341,10,2947,1
6342,10,2948,1
6343,10,2949,1
6344,10,2950,1
6345,10,2951,1
6346,10,2952,1
6347,10,2953,1
6348,10,2954,1
6349,10,2955,1
6350,10,2956,1
6351,10,2957,1
6352,10,2958,1
6353,10,2959,1
6354,10,2960,1
6355,10,2961,1
6356,10,2962,1
6357,10,2963,1
6358,10,2964,1
6359,10,2965,1
6360,10,2966,1
6361,10,2967,1
6362,10,2968,1
6363,10,2969,1
6364,10,2970,1
6365,10,2971,1
6366,10,2972,1
6367,10,2973,1
6368,10,2974,1
6369,10,2975,1
6370,10,2976,1
6371,10,2977,1
6372,10,2978,1
6373,10,2979,1
6374,10,2980,1
6375,10,2981,1
6376,10,2982,1
6377,10,2983,1
6378,10,2984,1
6379,10,2985,1
6380,10,2986,1
6381,10,2987,1
6382,10,2988,1
6383,10,2989,1
6384,10,2990,1
6385,10,2991,1
6386,10,2992,1
6387,10,2993,1
6388,10,2994,1
6389,10,2995,1
6390,10,2996,1
6391,10,2997,1
6392,10,2998,1
6393,10,2999,1
6394,10,3000,1
6395,10,3001,1
6396,10,3002,1
6397,10,3003,1
6398,10,3004,1
6399,10,3005,1
6400,10,3006,1
6401,10,3007,1
6402,10,3008,1
6403,10,3009,1
6404,10,3010,1
6405,10,3011,1
6406,10,3012,1
6407,10,3013,1
6408,10,3014,1
6409,10,3015,1
6410,10,3016,1
6411,10,3017,1
6412,10,3018,1
6413,10,3019,1
6414,10,3020,1
6415,10,3021,1
6416,10,3022,1
6417,10,3023,1
6418,10,3024,1
6419,10,3025,1
6420,10,3026,1
6421,10,3027,1
6422,10,3028,1
6423,10,3029,1
6424,10,3030,1
6425,10,3031,1
6426,10,3032,1
6427,10,3033,1
6428,10,3034,1
6429,10,3035,1
6430,10,3036,1
6431,10,3037,1
6432,10,3038,1
6433,10,3039,1
6434,10,3040,1
6435,10,3041,1
6436,10,3042,1
6437,10,3043,1
6438,10,3044,1
6439,10,3045,1
6440,10,3046,1
6441,10,3047,1
6442,10,3048,1
6443,10,3049,1
6444,10,3050,1
6445,10,3051,1
6446,10,3052,1
6447,10,3053,1
6448,10,3054,1
6449,10,3055,1
6450,10,3056,1
6451,10,3057,1
6452,10,3058,1
6453,10,3059,1
6454,10,3060,1
6455,10,3061,1
6456,10,3062,1
6457,10,3063,1
6458,10,3064,1
6459,10,3065,1
6460,10,3066,1
6461,10,3067,1
6462,10,3068,1
6463,10,3069,1
6464,10,3070,1
6465,10,3071,1
6466,10,3072,1
6467,10,3073,1
6468,10,3074,1
6469,10,3075,1
6470,10,3076,1
6471,10,3077,1
6472,10,3078,1
6473,10,3079,1
6474,10,3080,1
6475,10,3081,1
6476,10,3082,1
6477,10,3083,1
6478,10,3084,1
6479,10,3085,1
6480,10,3086,1
6481,10,3087,1
6482,10,3088,1
6483,10,3089,1
6484,10,3090,1
6485,10,3091,1
6486,10,3092,1
6487,10,3093,1
6488,10,3094,1
6489,10,3095,1
6490,10,3096,1
6491,10,3097,1
6492,10,3098,1
6493,10,3099,1
6494,10,3100,1
6495,10,3101,1
6496,10,3102,1
6497,10,3103,1
6498,10,3104,1
6499,10,3105,1
6500,10,3106,1
6501,10,3107,1
6502,10,3108,1
6503,10,3109,1
6504,10,3110,1
6505,10,3111,1
6506,10,3112,1
6507,10,3113,1
6508,10,3114,1
6509,10,3115,1
6510,10,3116,1
6511,10,3117,1
6512,10,3118,1
6513,10,3119,1
6514,10,3120,1
6515,10,3121,1
6516,10,3122,1
6517,10,3123,1
6518,10,3124,1
6519,10,3125,1
6520,10,3126,1
6521,10,3127,1
6522,10,3128,1
6523,10,3129,1
6524,10,3130,1
6525,10,3131,1
6526,10,3132,1
6527,10,3133,1
6528,10,3134,1
6529,10,3135,1
6530,10,3136,1
6531,10,3137,1
6532,10,3138,1
6533,10,3139,1
6534,10,3140,1
6535,10,3141,1
6536,10,3142,1
6537,10,3143,1
6538,10,3144,1
6539,10,3145,1
6540,10,3146,1
6541,10,3147,1
6542,10,3148,1
6543,10,3149,1
6544,10,3150,1
6545,10,3151,1
6546,10,3152,1
6547,10,3153,1
6548,10,3154,1
6549,10,3155,1
6550,10,3156,1
6551,10,3157,1
6552,10,3158,1
6553,10,3159,1
6554,10,3160,1
6555,10,3161,1
6556,10,3162,1
6557,10,3163,1
6558,10,3164,1
6559,10,3165,1
6560,10,3166,1
6561,10,3167,1
6562,10,3168,1
6563,10,3169,1
6564,10,3170,1
6565,10,3171,1
6566,10,3172,1
6567,10,3173,1
6568,10,3174,1
6569,10,3175,1
6570,10,3176,1
6571,10,3177,1
6572,10,3178,1
6573,10,3179,1
6574,10,3180,1
6575,10,3181,1
6576,10,3182,1
6577,10,3183,1
6578,10,3184,1
6579,10,3185,1
6580,10,3186,1
6581,10,3187,1
6582,10,3188,1
6583,10,3189,1
6584,10,3190,1
6585,10,3191,1
6586,10,3192,1
6587,10,3193,1
6588,10,3194,1
6589,10,3195,1
6590,10,3196,1
6591,10,3197,1
6592,10,3198,1
6593,10,3199,1
6594,10,3200,1
6595,10,3201,1
6596,10,3202,1
6597,10,3203,1
6598,10,3204,1
6599,10,3205,1
6600,10,3206,1
6601,10,3207,1
6602,10,3208,1
6603,10,3209,1
6604,10,3210,1
6605,10,3211,1
6606,10,3212,1
6607,10,3213,1
6608,10,3214,1
6609,10,3215,1
6610,10,3216,1
6611,10,3217,1
6612,10,3218,1
6613,10,3219,1
6614,10,3220,1
6615,10,3221,1
6616,10,3222,1
6617,10,3223,1
6618,10,3224,1
6619,10,3225,1
6620,10,3226,1
6621,10,3227,1
6622,10,3228,1
6623,10,3229,1
6624,10,3230,1
6625,10,3231,1
6626,10,3232,1
6627,10,3233,1
6628,10,3234,1
6629,10,3235,1
6630,10,3236,1
6631,10,3237,1
6632,10,3238,1
6633,10,3239,1
6634,10,3240,1
6635,10,3241,1
6636,10,3242,1
6637,10,3243,1
6638,10,3244,1
6639,10,3245,1
6640,10,3246,1
6641,10,3247,1
6642,10,3248,1
6643,10,3249,1
6644,10,3250,1
6645,10,3251,1
6646,10,3252,1
6647,10,3253,1
6648,10,3254,1
6649,10,3255,1
6650,10,3256,1
6651,10,3257,1
6652,10,3258,1
6653,10,3259,1
6654,10,3260,1
6655,10,3261,1
6656,10,3262,1
6657,10,3263,1
6658,10,3264,1
6659,10,3265,1
6660,10,3266,1
6661,10,3267,1
6662,10,3268,1
6663,10,3269,1
6664,10,3270,1
6665,10,3271,1
6666,10,3272,1
6667,10,3273,1
6668,10,3274,1
6669,10,3275,1
6670,10,3276,1
6671,10,3277,1
6672,10,3278,1
6673,10,3279,1
6674,10,3280,1
6675,10,3281,1
6676,10,3282,1
6677,10,3283,1
6678,10,3284,1
6679,10,3285,1
6680,10,3286,1
6681,10,3287,1
6682,10,3288,1
6683,10,3289,1
6684,10,3290,1
6685,10,3291,1
6686,10,3292,1
6687,10,3293,1
6688,10,3294,1
6689,10,3295,1
6690,10,3296,1
6691,10,3297,1
6692,10,3298,1
6693,10,3299,1
6694,10,3300,1
6695,10,3301,1
6696,10,3302,1
6697,10,3303,1
6698,10,3304,1
6699,10,3305,1
6700,10,3306,1
6701,10,3307,1
6702,10,3308,1
6703,10,3309,1
6704,10,3310,1
6705,10,3311,1
6706,10,3312,1
6707,10,3313,1
6708,10,3314,1
6709,10,3315,1
6710,10,3316,1
6711,10,3317,1
6712,10,3318,1
6713,10,3319,1
6714,10,3320,1
6715,10,3321,1
6716,10,3322,1
6717,10,3323,1
6718,10,3324,1
6719,10,3325,1
6720,10,3326,1
6721,10,3327,1
6722,10,3328,1
6723,10,3329,1
6724,10,3330,1
6725,10,3331,1
6726,10,3332,1
6727,10,3333,1
6728,10,3334,1
6729,10,3335,1
6730,10,3336,1
6731,10,3337,1
6732,10,3338,1
6733,10,3339,1
6734,10,3340,1
6735,10,3341,1
6736,10,3342,1
6737,10,3343,1
6738,10,3344,1
6739,10,3345,1
6740,10,3346,1
6741,10,3347,1
6742,10,3348,1
6743,10,3349,1
6744,10,3350,1
6745,10,3351,1
6746,10,3352,1
6747,10,3353,1
6748,10,3354,1
6749,10,3355,1
6750,10,3356,1
6751,10,3357,1
6752,10,3358,1
6753,10,3359,1
6754,10,3360,1
6755,10,3361,1
6756,10,3362,1
6757,10,3363,1
6758,10,3364,1
6759,10,3365,1
6760,10,3366,1
6761,10,3367,1
6762,10,3368,1
6763,10,3369,1
6764,10,3370,1
6765,10,3371,1
6766,10,3372,1
6767,10,3373,1
6768,10,3374,1
6769,10,3375,1
6770,10,3376,1
6771,10,3377,1
6772,10,3378,1
6773,10,3379,1
6774,10,3380,1
6775,10,3381,1
6776,10,3382,1
6777,10,3383,1
6778,10,3384,1
6779,10,3385,1
6780,10,3386,1
6781,10,3387,1
6782,10,3388,1
6783,10,3389,1
6784,10,3390,1
6785,10,3391,1
6786,10,3392,1
6787,10,3393,1
6788,6,0,1
6789,6,1,1
6790,6,2,1
6791,6,3,1
6792,6,4,1
6793,6,5,1
6794,6,6,1
6795,6,7,1
6796,6,8,1
6797,6,9,1
6798,6,10,1
6799,6,11,1
6800,6,12,1
6801,6,13,1
6802,6,14,1
6803,6,15,1
6804,6,16,1
6805,6,17,1
6806,6,18,1
6807,6,19,1
6808,6,20,1
6809,6,21,1
6810,6,22,1
6811,6,23,1
6812,6,24,1
6813,6,25,1
6814,6,26,1
6815,6,27,1
6816,6,28,1
6817,6,29,1
6818,6,30,1
6819,6,31,1
6820,6,32,1
6821,6,33,1
6822,6,34,1
6823,6,35,1
6824,6,36,1
6825,6,37,1
6826,6,38,1
6827,6,39,1
6828,6,40,1
6829,6,41,1
6830,6,42,1
6831,6,43,1
6832,6,44,1
6833,6,45,1
6834,6,46,1
6835,6,47,1
6836,6,48,1
6837,6,49,1
6838,6,50,1
6839,6,51,1
6840,6,52,1
6841,6,53,1
6842,6,54,1
6843,6,55,1
6844,6,56,1
6845,6,57,1
6846,6,58,1
6847,6,59,1
6848,6,60,1
6849,6,61,1
6850,6,62,1
6851,6,63,1
6852,6,64,1
6853,6,65,1
6854,6,66,1
6855,6,67,1
6856,6,68,1
6857,6,69,1
6858,6,70,1
6859,6,71,1
6860,6,72,1
6861,6,73,1
6862,6,74,1
6863,6,75,1
6864,6,76,1
6865,6,77,1
6866,6,78,1
6867,6,79,1
6868,6,80,1
6869,6,81,1
6870,6,82,1
6871,6,83,1
6872,6,84,1
6873,6,85,1
6874,6,86,1
6875,6,87,1
6876,6,88,1
6877,6,89,1
6878,6,90,1
6879,6,91,1
6880,6,92,1
6881,6,93,1
6882,6,94,1
6883,6,95,1
6884,6,96,1
6885,6,97,1
6886,6,98,1
6887,6,99,1
6888,6,100,1
6889,6,101,1
6890,6,102,1
6891,6,103,1
6892,6,104,1
6893,6,105,1
6894,6,106,1
6895,6,107,1
6896,6,108,1
6897,6,109,1
6898,6,110,1
6899,6,111,1
6900,6,112,1
6901,6,113,1
6902,6,114,1
6903,6,115,1
6904,6,116,1
6905,6,117,1
6906,6,118,1
6907,6,119,1
6908,6,120,1
6909,6,121,1
6910,6,122,1
6911,6,123,1
6912,6,124,1
6913,6,125,1
6914,6,126,1
6915,6,127,1
6916,6,128,1
6917,6,129,1
6918,6,130,1
6919,6,131,1
6920,6,132,1
6921,6,133,1
6922,6,134,1
6923,6,135,1
6924,6,136,1
6925,6,137,1
6926,6,138,1
6927,6,139,1
6928,6,140,1
6929,6,141,1
6930,6,142,1
6931,6,143,1
6932,6,144,1
6933,6,145,1
6934,6,146,1
6935,6,147,1
6936,6,148,1
6937,6,149,1
6938,6,150,1
6939,6,151,1
6940,6,152,1
6941,6,153,1
6942,6,154,1
6943,6,155,1
6944,6,156,1
6945,6,157,1
6946,6,158,1
6947,6,159,1
6948,6,160,1
6949,6,161,1
6950,6,162,1
6951,6,163,1
6952,6,164,1
6953,6,165,1
6954,6,166,1
6955,6,167,1
6956,6,168,1
6957,6,169,1
6958,6,170,1
6959,6,171,1
6960,6,172,1
6961,6,173,1
6962,6,174,1
6963,6,175,1
6964,6,176,1
6965,6,177,1
6966,6,178,1
6967,6,179,1
6968,6,180,1
6969,6,181,1
6970,6,182,1
6971,6,183,1
6972,6,184,1
6973,6,185,1
6974,6,186,1
6975,6,187,1
6976,6,188,1
6977,6,189,1
6978,6,190,1
6979,6,191,1
6980,6,192,1
6981,6,193,1
6982,6,194,1
6983,6,195,1
6984,6,196,1
6985,6,197,1
6986,6,198,1
6987,6,199,1
6988,6,200,1
6989,6,201,1
6990,6,202,1
6991,6,203,1
6992,6,204,1
6993,6,205,1
6994,6,206,1
6995,6,207,1
6996,6,208,1
6997,6,209,1
6998,6,210,1
6999,6,211,1
7000,6,212,1
7001,6,213,1
7002,6,214,1
7003,6,215,1
7004,6,216,1
7005,6,217,1
7006,6,218,1
7007,6,219,1
7008,6,220,1
7009,6,221,1
7010,6,222,1
7011,6,223,1
7012,6,224,1
7013,6,225,1
7014,6,226,1
7015,6,227,1
7016,6,228,1
7017,6,229,1
7018,6,230,1
7019,6,231,1
7020,6,232,1
7021,6,233,1
7022,6,234,1
7023,6,235,1
7024,6,236,1
7025,6,237,1
7026,6,238,1
7027,6,239,1
7028,6,240,1
7029,6,241,1
7030,6,242,1
7031,6,243,1
7032,6,244,1
7033,6,245,1
7034,6,246,1
7035,6,247,1
7036,6,248,1
7037,6,249,1
7038,6,250,1
7039,6,251,1
7040,6,252,1
7041,6,253,1
7042,6,254,1
7043,6,255,1
7044,6,256,1
7045,6,257,1
7046,6,258,1
7047,6,259,1
7048,6,260,1
7049,6,261,1
7050,6,262,1
7051,6,263,1
7052,6,264,1
7053,6,265,1
7054,6,266,1
7055,6,267,1
7056,6,268,1
7057,6,269,1
7058,6,270,1
7059,6,271,1
7060,6,272,1
7061,6,273,1
7062,6,274,1
7063,6,275,1
7064,6,276,1
7065,6,277,1
7066,6,278,1
7067,6,279,1
7068,6,280,1
7069,6,281,1
7070,6,282,1
7071,6,283,1
7072,6,284,1
7073,6,285,1
7074,6,286,1
7075,6,287,1
7076,6,288,1
7077,6,289,1
7078,6,290,1
7079,6,291,1
7080,6,292,1
7081,6,293,1
7082,6,294,1
7083,6,295,1
7084,6,296,1
7085,6,297,1
7086,6,298,1
7087,6,299,1
7088,6,300,1
7089,6,301,1
7090,6,302,1
7091,6,303,1
7092,6,304,1
7093,6,305,1
7094,6,306,1
7095,6,307,1
7096,6,308,1
7097,6,309,1
7098,6,310,1
7099,6,311,1
7100,6,312,1
7101,6,313,1
7102,6,314,1
7103,6,315,1
7104,6,316,1
7105,6,317,1
7106,6,318,1
7107,6,319,1
7108,6,320,1
7109,6,321,1
7110,6,322,1
7111,6,323,1
7112,6,324,1
7113,6,325,1
7114,6,326,1
7115,6,327,1
7116,6,328,1
7117,6,329,1
7118,6,330,1
7119,6,331,1
7120,6,332,1
7121,6,333,1
7122,6,334,1
7123,6,335,1
7124,6,336,1
7125,6,337,1
7126,6,338,1
7127,6,339,1
7128,6,340,1
7129,6,341,1
7130,6,342,1
7131,6,343,1
7132,6,344,1
7133,6,345,1
7134,6,346,1
7135,6,347,1
7136,6,348,1
7137,6,349,1
7138,6,350,1
7139,6,351,1
7140,6,352,1
7141,6,353,1
7142,6,354,1
7143,6,355,1
7144,6,356,1
7145,6,357,1
7146,6,358,1
7147,6,359,1
7148,6,360,1
7149,6,361,1
7150,6,362,1
7151,6,363,1
7152,6,364,1
7153,6,365,1
7154,6,366,1
7155,6,367,1
7156,6,368,1
7157,6,369,1
7158,6,370,1
7159,6,371,1
7160,6,372,1
7161,6,373,1
7162,6,374,1
7163,6,375,1
7164,6,376,1
7165,6,377,1
7166,6,378,1
7167,6,379,1
7168,6,380,1
7169,6,381,1
7170,6,382,1
7171,6,383,1
7172,6,384,1
7173,6,385,1
7174,6,386,1
7175,6,387,1
7176,6,388,1
7177,6,389,1
7178,6,390,1
7179,6,391,1
7180,6,392,1
7181,6,393,1
7182,6,394,1
7183,6,395,1
7184,6,396,1
7185,6,397,1
7186,6,398,1
7187,6,399,1
7188,6,400,1
7189,6,401,1
7190,6,402,1
7191,6,403,1
7192,6,404,1
7193,6,405,1
7194,6,406,1
7195,6,407,1
7196,6,408,1
7197,6,409,1
7198,6,410,1
7199,6,411,1
7200,6,412,1
7201,6,413,1
7202,6,414,1
7203,6,415,1
7204,6,416,1
7205,6,417,1
7206,6,418,1
7207,6,419,1
7208,6,420,1
7209,6,421,1
7210,6,422,1
7211,6,423,1
7212,6,424,1
7213,6,425,1
7214,6,426,1
7215,6,427,1
7216,6,428,1
7217,6,429,1
7218,6,430,1
7219,6,431,1
7220,6,432,1
7221,6,433,1
7222,6,434,1
7223,6,435,1
7224,6,436,1
7225,6,437,1
7226,6,438,1
7227,6,439,1
7228,6,440,1
7229,6,441,1
7230,6,442,1
7231,6,443,1
7232,6,444,1
7233,6,445,1
7234,6,446,1
7235,6,447,1
7236,6,448,1
7237,6,449,1
7238,6,450,1
7239,6,451,1
7240,6,452,1
7241,6,453,1
7242,6,454,1
7243,6,455,1
7244,6,456,1
7245,6,457,1
7246,6,458,1
7247,6,459,1
7248,6,460,1
7249,6,461,1
7250,6,462,1
7251,6,463,1
7252,6,464,1
7253,6,465,1
7254,6,466,1
7255,6,467,1
7256,6,468,1
7257,6,469,1
7258,6,470,1
7259,6,471,1
7260,6,472,1
7261,6,473,1
7262,6,474,1
7263,6,475,1
7264,6,476,1
7265,6,477,1
7266,6,478,1
7267,6,479,1
7268,6,480,1
7269,6,481,1
7270,6,482,1
7271,6,483,1
7272,6,484,1
7273,6,485,1
7274,6,486,1
7275,6,487,1
7276,6,488,1
7277,6,489,1
7278,6,490,1
7279,6,491,1
7280,6,492,1
7281,6,493,1
7282,6,494,1
7283,6,495,1
7284,6,496,1
7285,6,497,1
7286,6,498,1
7287,6,499,1
7288,6,500,1
7289,6,501,1
7290,6,502,1
7291,6,503,1
7292,6,504,1
7293,6,505,1
7294,6,506,1
7295,6,507,1
7296,6,508,1
7297,6,509,1
7298,6,510,1
7299,6,511,1
7300,6,512,1
7301,6,513,1
7302,6,514,1
7303,6,515,1
7304,6,516,1
7305,6,517,1
7306,6,518,1
7307,6,519,1
7308,6,520,1
7309,6,521,1
7310,6,522,1
7311,6,523,1
7312,6,524,1
7313,6,525,1
7314,6,526,1
7315,6,527,1
7316,6,528,1
7317,6,529,1
7318,6,530,1
7319,6,531,1
7320,6,532,1
7321,6,533,1
7322,6,534,1
7323,6,535,1
7324,6,536,1
7325,6,537,1
7326,6,538,1
7327,6,539,1
7328,6,540,1
7329,6,541,1
7330,6,542,1
7331,6,543,1
7332,6,544,1
7333,6,545,1
7334,6,546,1
7335,6,547,1
7336,6,548,1
7337,6,549,1
7338,6,550,1
7339,6,551,1
7340,6,552,1
7341,6,553,1
7342,6,554,1
7343,6,555,1
7344,6,556,1
7345,6,557,1
7346,6,558,1
7347,6,559,1
7348,6,560,1
7349,6,561,1
7350,6,562,1
7351,6,563,1
7352,6,564,1
7353,6,565,1
7354,6,566,1
7355,6,567,1
7356,6,568,1
7357,6,569,1
7358,6,570,1
7359,6,571,1
7360,6,572,1
7361,6,573,1
7362,6,574,1
7363,6,575,1
7364,6,576,1
7365,6,577,1
7366,6,578,1
7367,6,579,1
7368,6,580,1
7369,6,581,1
7370,6,582,1
7371,6,583,1
7372,6,584,1
7373,6,585,1
7374,6,586,1
7375,6,587,1
7376,6,588,1
7377,6,589,1
7378,6,590,1
7379,6,591,1
7380,6,592,1
7381,6,593,1
7382,6,594,1
7383,6,595,1
7384,6,596,1
7385,6,597,1
7386,6,598,1
7387,6,599,1
7388,6,600,1
7389,6,601,1
7390,6,602,1
7391,6,603,1
7392,6,604,1
7393,6,605,1
7394,6,606,1
7395,6,607,1
7396,6,608,1
7397,6,609,1
7398,6,610,1
7399,6,611,1
7400,6,612,1
7401,6,613,1
7402,6,614,1
7403,6,615,1
7404,6,616,1
7405,6,617,1
7406,6,618,1
7407,6,619,1
7408,6,620,1
7409,6,621,1
7410,6,622,1
7411,6,623,1
7412,6,624,1
7413,6,625,1
7414,6,626,1
7415,6,627,1
7416,6,628,1
7417,6,629,1
7418,6,630,1
7419,6,631,1
7420,6,632,1
7421,6,633,1
7422,6,634,1
7423,6,635,1
7424,6,636,1
7425,6,637,1
7426,6,638,1
7427,6,639,1
7428,6,640,1
7429,6,641,1
7430,6,642,1
7431,6,643,1
7432,6,644,1
7433,6,645,1
7434,6,646,1
7435,6,647,1
7436,6,648,1
7437,6,649,1
7438,6,650,1
7439,6,651,1
7440,6,652,1
7441,6,653,1
7442,6,654,1
7443,6,655,1
7444,6,656,1
7445,6,657,1
7446,6,658,1
7447,6,659,1
7448,6,660,1
7449,6,661,1
7450,6,662,1
7451,6,663,1
7452,6,664,1
7453,6,665,1
7454,6,666,1
7455,6,667,1
7456,6,668,1
7457,6,669,1
7458,6,670,1
7459,6,671,1
7460,6,672,1
7461,6,673,1
7462,6,674,1
7463,6,675,1
7464,6,676,1
7465,6,677,1
7466,6,678,1
7467,6,679,1
7468,6,680,1
7469,6,681,1
7470,6,682,1
7471,6,683,1
7472,6,684,1
7473,6,685,1
7474,6,686,1
7475,6,687,1
7476,6,688,1
7477,6,689,1
7478,6,690,1
7479,6,691,1
7480,6,692,1
7481,6,693,1
7482,6,694,1
7483,6,695,1
7484,6,696,1
7485,6,697,1
7486,6,698,1
7487,6,699,1
7488,6,700,1
7489,6,701,1
7490,6,702,1
7491,6,703,1
7492,6,704,1
7493,6,705,1
7494,6,706,1
7495,6,707,1
7496,6,708,1
7497,6,709,1
7498,6,710,1
7499,6,711,1
7500,6,712,1
7501,6,713,1
7502,6,714,1
7503,6,715,1
7504,6,716,1
7505,6,717,1
7506,6,718,1
7507,6,719,1
7508,6,720,1
7509,6,721,1
7510,6,722,1
7511,6,723,1
7512,6,724,1
7513,6,725,1
7514,6,726,1
7515,6,727,1
7516,6,728,1
7517,6,729,1
7518,6,730,1
7519,6,731,1
7520,6,732,1
7521,6,733,1
7522,6,734,1
7523,6,735,1
7524,6,736,1
7525,6,737,1
7526,6,738,1
7527,6,739,1
7528,6,740,1
7529,6,741,1
7530,6,742,1
7531,6,743,1
7532,6,744,1
7533,6,745,1
7534,6,746,1
7535,6,747,1
7536,6,748,1
7537,6,749,1
7538,6,750,1
7539,6,751,1
7540,6,752,1
7541,6,753,1
7542,6,754,1
7543,6,755,1
7544,6,756,1
7545,6,757,1
7546,6,758,1
7547,6,759,1
7548,6,760,1
7549,6,761,1
7550,6,762,1
7551,6,763,1
7552,6,764,1
7553,6,765,1
7554,6,766,1
7555,6,767,1
7556,6,768,1
7557,6,769,1
7558,6,770,1
7559,6,771,1
7560,6,772,1
7561,6,773,1
7562,6,774,1
7563,6,775,1
7564,6,776,1
7565,6,777,1
7566,6,778,1
7567,6,779,1
7568,6,780,1
7569,6,781,1
7570,6,782,1
7571,6,783,1
7572,6,784,1
7573,6,785,1
7574,6,786,1
7575,6,787,1
7576,6,788,1
7577,6,789,1
7578,6,790,1
7579,6,791,1
7580,6,792,1
7581,6,793,1
7582,6,794,1
7583,6,795,1
7584,6,796,1
7585,6,797,1
7586,6,798,1
7587,6,799,1
7588,6,800,1
7589,6,801,1
7590,6,802,1
7591,6,803,1
7592,6,804,1
7593,6,805,1
7594,6,806,1
7595,6,807,1
7596,6,808,1
7597,6,809,1
7598,6,810,1
7599,6,811,1
7600,6,812,1
7601,6,813,1
7602,6,814,1
7603,6,815,1
7604,6,816,1
7605,6,817,1
7606,6,818,1
7607,6,819,1
7608,6,820,1
7609,6,821,1
7610,6,822,1
7611,6,823,1
7612,6,824,1
7613,6,825,1
7614,6,826,1
7615,6,827,1
7616,6,828,1
7617,6,829,1
7618,6,830,1
7619,6,831,1
7620,6,832,1
7621,6,833,1
7622,6,834,1
7623,6,835,1
7624,6,836,1
7625,6,837,1
7626,6,838,1
7627,6,839,1
7628,6,840,1
7629,6,841,1
7630,6,842,1
7631,6,843,1
7632,6,844,1
7633,6,845,1
7634,6,846,1
7635,6,847,1
7636,6,848,1
7637,6,849,1
7638,6,850,1
7639,6,851,1
7640,6,852,1
7641,6,853,1
7642,6,854,1
7643,6,855,1
7644,6,856,1
7645,6,857,1
7646,6,858,1
7647,6,859,1
7648,6,860,1
7649,6,861,1
7650,6,862,1
7651,6,863,1
7652,6,864,1
7653,6,865,1
7654,6,866,1
7655,6,867,1
7656,6,868,1
7657,6,869,1
7658,6,870,1
7659,6,871,1
7660,6,872,1
7661,6,873,1
7662,6,874,1
7663,6,875,1
7664,6,876,1
7665,6,877,1
7666,6,878,1
7667,6,879,1
7668,6,880,1
7669,6,881,1
7670,6,882,1
7671,6,883,1
7672,6,884,1
7673,6,885,1
7674,6,886,1
7675,6,887,1
7676,6,888,1
7677,6,889,1
7678,6,890,1
7679,6,891,1
7680,6,892,1
7681,6,893,1
7682,6,894,1
7683,6,895,1
7684,6,896,1
7685,6,897,1
7686,6,898,1
7687,6,899,1
7688,6,900,1
7689,6,901,1
7690,6,902,1
7691,6,903,1
7692,6,904,1
7693,6,905,1
7694,6,906,1
7695,6,907,1
7696,6,908,1
7697,6,909,1
7698,6,910,1
7699,6,911,1
7700,6,912,1
7701,6,913,1
7702,6,914,1
7703,6,915,1
7704,6,916,1
7705,6,917,1
7706,6,918,1
7707,6,919,1
7708,6,920,1
7709,6,921,1
7710,6,922,1
7711,6,923,1
7712,6,924,1
7713,6,925,1
7714,6,926,1
7715,6,927,1
7716,6,928,1
7717,6,929,1
7718,6,930,1
7719,6,931,1
7720,6,932,1
7721,6,933,1
7722,6,934,1
7723,6,935,1
7724,6,936,1
7725,6,937,1
7726,6,938,1
7727,6,939,1
7728,6,940,1
7729,6,941,1
7730,6,942,1
7731,6,943,1
7732,6,944,1
7733,6,945,1
7734,6,946,1
7735,6,947,1
7736,6,948,1
7737,6,949,1
7738,6,950,1
7739,6,951,1
7740,6,952,1
7741,6,953,1
7742,6,954,1
7743,6,955,1
7744,6,956,1
7745,6,957,1
7746,6,958,1
7747,6,959,1
7748,6,960,1
7749,6,961,1
7750,6,962,1
7751,6,963,1
7752,6,964,1
7753,6,965,1
7754,6,966,1
7755,6,967,1
7756,6,968,1
7757,6,969,1
7758,6,970,1
7759,6,971,1
7760,6,972,1
7761,6,973,1
7762,6,974,1
7763,6,975,1
7764,6,976,1
7765,6,977,1
7766,6,978,1
7767,6,979,1
7768,6,980,1
7769,6,981,1
7770,6,982,1
7771,6,983,1
7772,6,984,1
7773,6,985,1
7774,6,986,1
7775,6,987,1
7776,6,988,1
7777,6,989,1
7778,6,990,1
7779,6,991,1
7780,6,992,1
7781,6,993,1
7782,6,994,1
7783,6,995,1
7784,6,996,1
7785,6,997,1
7786,6,998,1
7787,6,999,1
7788,6,1000,1
7789,6,1001,1
7790,6,1002,1
7791,6,1003,1
7792,6,1004,1
7793,6,1005,1
7794,6,1006,1
7795,6,1007,1
7796,6,1008,1
7797,6,1009,1
7798,6,1010,1
7799,6,1011,1
7800,6,1012,1
7801,6,1013,1
7802,6,1014,1
7803,6,1015,1
7804,6,1016,1
7805,6,1017,1
7806,6,1018,1
7807,6,1019,1
7808,6,1020,1
7809,6,1021,1
7810,6,1022,1
7811,6,1023,1
7812,6,1024,1
7813,6,1025,1
7814,6,1026,1
7815,6,1027,1
7816,6,1028,1
7817,6,1029,1
7818,6,1030,1
7819,6,1031,1
7820,6,1032,1
7821,6,1033,1
7822,6,1034,1
7823,6,1035,1
7824,6,1036,1
7825,6,1037,1
7826,6,1038,1
7827,6,1039,1
7828,6,1040,1
7829,6,1041,1
7830,6,1042,1
7831,6,1043,1
7832,6,1044,1
7833,6,1045,1
7834,6,1046,1
7835,6,1047,1
7836,6,1048,1
7837,6,1049,1
7838,6,1050,1
7839,6,1051,1
7840,6,1052,1
7841,6,1053,1
7842,6,1054,1
7843,6,1055,1
7844,6,1056,1
7845,6,1057,1
7846,6,1058,1
7847,6,1059,1
7848,6,1060,1
7849,6,1061,1
7850,6,1062,1
7851,6,1063,1
7852,6,1064,1
7853,6,1065,1
7854,6,1066,1
7855,6,1067,1
7856,6,1068,1
7857,6,1069,1
7858,6,1070,1
7859,6,1071,1
7860,6,1072,1
7861,6,1073,1
7862,6,1074,1
7863,6,1075,1
7864,6,1076,1
7865,6,1077,1
7866,6,1078,1
7867,6,1079,1
7868,6,1080,1
7869,6,1081,1
7870,6,1082,1
7871,6,1083,1
7872,6,1084,1
7873,6,1085,1
7874,6,1086,1
7875,6,1087,1
7876,6,1088,1
7877,6,1089,1
7878,6,1090,1
7879,6,1091,1
7880,6,1092,1
7881,6,1093,1
7882,6,1094,1
7883,6,1095,1
7884,6,1096,1
7885,6,1097,1
7886,6,1098,1
7887,6,1099,1
7888,6,1100,1
7889,6,1101,1
7890,6,1102,1
7891,6,1103,1
7892,6,1104,1
7893,6,1105,1
7894,6,1106,1
7895,6,1107,1
7896,6,1108,1
7897,6,1109,1
7898,6,1110,1
7899,6,1111,1
7900,6,1112,1
7901,6,1113,1
7902,6,1114,1
7903,6,1115,1
7904,6,1116,1
7905,6,1117,1
7906,6,1118,1
7907,6,1119,1
7908,6,1120,1
7909,6,1121,1
7910,6,1122,1
7911,6,1123,1
7912,6,1124,1
7913,6,1125,1
7914,6,1126,1
7915,6,1127,1
7916,6,1128,1
7917,6,1129,1
7918,6,1130,1
7919,6,1131,1
7920,6,1132,1
7921,6,1133,1
7922,6,1134,1
7923,6,1135,1
7924,6,1136,1
7925,6,1137,1
7926,6,1138,1
7927,6,1139,1
7928,6,1140,1
7929,6,1141,1
7930,6,1142,1
7931,6,1143,1
7932,6,1144,1
7933,6,1145,1
7934,6,1146,1
7935,6,1147,1
7936,6,1148,1
7937,6,1149,1
7938,6,1150,1
7939,6,1151,1
7940,6,1152,1
7941,6,1153,1
7942,6,1154,1
7943,6,1155,1
7944,6,1156,1
7945,6,1157,1
7946,6,1158,1
7947,6,1159,1
7948,6,1160,1
7949,6,1161,1
7950,6,1162,1
7951,6,1163,1
7952,6,1164,1
7953,6,1165,1
7954,6,1166,1
7955,6,1167,1
7956,6,1168,1
7957,6,1169,1
7958,6,1170,1
7959,6,1171,1
7960,6,1172,1
7961,6,1173,1
7962,6,1174,1
7963,6,1175,1
7964,6,1176,1
7965,6,1177,1
7966,6,1178,1
7967,6,1179,1
7968,6,1180,1
7969,6,1181,1
7970,6,1182,1
7971,6,1183,1
7972,6,1184,1
7973,6,1185,1
7974,6,1186,1
7975,6,1187,1
7976,6,1188,1
7977,6,1189,1
7978,6,1190,1
7979,6,1191,1
7980,6,1192,1
7981,6,1193,1
7982,6,1194,1
7983,6,1195,1
7984,6,1196,1
7985,6,1197,1
7986,6,1198,1
7987,6,1199,1
7988,6,1200,1
7989,6,1201,1
7990,6,1202,1
7991,6,1203,1
7992,6,1204,1
7993,6,1205,1
7994,6,1206,1
7995,6,1207,1
7996,6,1208,1
7997,6,1209,1
7998,6,1210,1
7999,6,1211,1
8000,6,1212,1
8001,6,1213,1
8002,6,1214,1
8003,6,1215,1
8004,6,1216,1
8005,6,1217,1
8006,6,1218,1
8007,6,1219,1
8008,6,1220,1
8009,6,1221,1
8010,6,1222,1
8011,6,1223,1
8012,6,1224,1
8013,6,1225,1
8014,6,1226,1
8015,6,1227,1
8016,6,1228,1
8017,6,1229,1
8018,6,1230,1
8019,6,1231,1
8020,6,1232,1
8021,6,1233,1
8022,6,1234,1
8023,6,1235,1
8024,6,1236,1
8025,6,1237,1
8026,6,1238,1
8027,6,1239,1
8028,6,1240,1
8029,6,1241,1
8030,6,1242,1
8031,6,1243,1
8032,6,1244,1
8033,6,1245,1
8034,6,1246,1
8035,6,1247,1
8036,6,1248,1
8037,6,1249,1
8038,6,1250,1
8039,6,1251,1
8040,6,1252,1
8041,6,1253,1
8042,6,1254,1
8043,6,1255,1
8044,6,1256,1
8045,6,1257,1
8046,6,1258,1
8047,6,1259,1
8048,6,1260,1
8049,6,1261,1
8050,6,1262,1
8051,6,1263,1
8052,6,1264,1
8053,6,1265,1
8054,6,1266,1
8055,6,1267,1
8056,6,1268,1
8057,6,1269,1
8058,6,1270,1
8059,6,1271,1
8060,6,1272,1
8061,6,1273,1
8062,6,1274,1
8063,6,1275,1
8064,6,1276,1
8065,6,1277,1
8066,6,1278,1
8067,6,1279,1
8068,6,1280,1
8069,6,1281,1
8070,6,1282,1
8071,6,1283,1
8072,6,1284,1
8073,6,1285,1
8074,6,1286,1
8075,6,1287,1
8076,6,1288,1
8077,6,1289,1
8078,6,1290,1
8079,6,1291,1
8080,6,1292,1
8081,6,1293,1
8082,6,1294,1
8083,6,1295,1
8084,6,1296,1
8085,6,1297,1
8086,6,1298,1
8087,6,1299,1
8088,6,1300,1
8089,6,1301,1
8090,6,1302,1
8091,6,1303,1
8092,6,1304,1
8093,6,1305,1
8094,6,1306,1
8095,6,1307,1
8096,6,1308,1
8097,6,1309,1
8098,6,1310,1
8099,6,1311,1
8100,6,1312,1
8101,6,1313,1
8102,6,1314,1
8103,6,1315,1
8104,6,1316,1
8105,6,1317,1
8106,6,1318,1
8107,6,1319,1
8108,6,1320,1
8109,6,1321,1
8110,6,1322,1
8111,6,1323,1
8112,6,1324,1
8113,6,1325,1
8114,6,1326,1
8115,6,1327,1
8116,6,1328,1
8117,6,1329,1
8118,6,1330,1
8119,6,1331,1
8120,6,1332,1
8121,6,1333,1
8122,6,1334,1
8123,6,1335,1
8124,6,1336,1
8125,6,1337,1
8126,6,1338,1
8127,6,1339,1
8128,6,1340,1
8129,6,1341,1
8130,6,1342,1
8131,6,1343,1
8132,6,1344,1
8133,6,1345,1
8134,6,1346,1
8135,6,1347,1
8136,6,1348,1
8137,6,1349,1
8138,6,1350,1
8139,6,1351,1
8140,6,1352,1
8141,6,1353,1
8142,6,1354,1
8143,6,1355,1
8144,6,1356,1
8145,6,1357,1
8146,6,1358,1
8147,6,1359,1
8148,6,1360,1
8149,6,1361,1
8150,6,1362,1
8151,6,1363,1
8152,6,1364,1
8153,6,1365,1
8154,6,1366,1
8155,6,1367,1
8156,6,1368,1
8157,6,1369,1
8158,6,1370,1
8159,6,1371,1
8160,6,1372,1
8161,6,1373,1
8162,6,1374,1
8163,6,1375,1
8164,6,1376,1
8165,6,1377,1
8166,6,1378,1
8167,6,1379,1
8168,6,1380,1
8169,6,1381,1
8170,6,1382,1
8171,6,1383,1
8172,6,1384,1
8173,6,1385,1
8174,6,1386,1
8175,6,1387,1
8176,6,1388,1
8177,6,1389,1
8178,6,1390,1
8179,6,1391,1
8180,6,1392,1
8181,6,1393,1
8182,6,1394,1
8183,6,1395,1
8184,6,1396,1
8185,6,1397,1
8186,6,1398,1
8187,6,1399,1
8188,6,1400,1
8189,6,1401,1
8190,6,1402,1
8191,6,1403,1
8192,6,1404,1
8193,6,1405,1
8194,6,1406,1
8195,6,1407,1
8196,6,1408,1
8197,6,1409,1
8198,6,1410,1
8199,6,1411,1
8200,6,1412,1
8201,6,1413,1
8202,6,1414,1
8203,6,1415,1
8204,6,1416,1
8205,6,1417,1
8206,6,1418,1
8207,6,1419,1
8208,6,1420,1
8209,6,1421,1
8210,6,1422,1
8211,6,1423,1
8212,6,1424,1
8213,6,1425,1
8214,6,1426,1
8215,6,1427,1
8216,6,1428,1
8217,6,1429,1
8218,6,1430,1
8219,6,1431,1
8220,6,1432,1
8221,6,1433,1
8222,6,1434,1
8223,6,1435,1
8224,6,1436,1
8225,6,1437,1
8226,6,1438,1
8227,6,1439,1
8228,6,1440,1
8229,6,1441,1
8230,6,1442,1
8231,6,1443,1
8232,6,1444,1
8233,6,1445,1
8234,6,1446,1
8235,6,1447,1
8236,6,1448,1
8237,6,1449,1
8238,6,1450,1
8239,6,1451,1
8240,6,1452,1
8241,6,1453,1
8242,6,1454,1
8243,6,1455,1
8244,6,1456,1
8245,6,1457,1
8246,6,1458,1
8247,6,1459,1
8248,6,1460,1
8249,6,1461,1
8250,6,1462,1
8251,6,1463,1
8252,6,1464,1
8253,6,1465,1
8254,6,1466,1
8255,6,1467,1
8256,6,1468,1
8257,6,1469,1
8258,6,1470,1
8259,6,1471,1
8260,6,1472,1
8261,6,1473,1
8262,6,1474,1
8263,6,1475,1
8264,6,1476,1
8265,6,1477,1
8266,6,1478,1
8267,6,1479,1
8268,6,1480,1
8269,6,1481,1
8270,6,1482,1
8271,6,1483,1
8272,6,1484,1
8273,6,1485,1
8274,6,1486,1
8275,6,1487,1
8276,6,1488,1
8277,6,1489,1
8278,6,1490,1
8279,6,1491,1
8280,6,1492,1
8281,6,1493,1
8282,6,1494,1
8283,6,1495,1
8284,6,1496,1
8285,6,1497,1
8286,6,1498,1
8287,6,1499,1
8288,6,1500,1
8289,6,1501,1
8290,6,1502,1
8291,6,1503,1
8292,6,1504,1
8293,6,1505,1
8294,6,1506,1
8295,6,1507,1
8296,6,1508,1
8297,6,1509,1
8298,6,1510,1
8299,6,1511,1
8300,6,1512,1
8301,6,1513,1
8302,6,1514,1
8303,6,1515,1
8304,6,1516,1
8305,6,1517,1
8306,6,1518,1
8307,6,1519,1
8308,6,1520,1
8309,6,1521,1
8310,6,1522,1
8311,6,1523,1
8312,6,1524,1
8313,6,1525,1
8314,6,1526,1
8315,6,1527,1
8316,6,1528,1
8317,6,1529,1
8318,6,1530,1
8319,6,1531,1
8320,6,1532,1
8321,6,1533,1
8322,6,1534,1
8323,6,1535,1
8324,6,1536,1
8325,6,1537,1
8326,6,1538,1
8327,6,1539,1
8328,6,1540,1
8329,6,1541,1
8330,6,1542,1
8331,6,1543,1
8332,6,1544,1
8333,6,1545,1
8334,6,1546,1
8335,6,1547,1
8336,6,1548,1
8337,6,1549,1
8338,6,1550,1
8339,6,1551,1
8340,6,1552,1
8341,6,1553,1
8342,6,1554,1
8343,6,1555,1
8344,6,1556,1
8345,6,1557,1
8346,6,1558,1
8347,6,1559,1
8348,6,1560,1
8349,6,1561,1
8350,6,1562,1
8351,6,1563,1
8352,6,1564,1
8353,6,1565,1
8354,6,1566,1
8355,6,1567,1
8356,6,1568,1
8357,6,1569,1
8358,6,1570,1
8359,6,1571,1
8360,6,1572,1
8361,6,1573,1
8362,6,1574,1
8363,6,1575,1
8364,6,1576,1
8365,6,1577,1
8366,6,1578,1
8367,6,1579,1
8368,6,1580,1
8369,6,1581,1
8370,6,1582,1
8371,6,1583,1
8372,6,1584,1
8373,6,1585,1
8374,6,1586,1
8375,6,1587,1
8376,6,1588,1
8377,6,1589,1
8378,6,1590,1
8379,6,1591,1
8380,6,1592,1
8381,6,1593,1
8382,6,1594,1
8383,6,1595,1
8384,6,1596,1
8385,6,1597,1
8386,6,1598,1
8387,6,1599,1
8388,6,1600,1
8389,6,1601,1
8390,6,1602,1
8391,6,1603,1
8392,6,1604,1
8393,6,1605,1
8394,6,1606,1
8395,6,1607,1
8396,6,1608,1
8397,6,1609,1
8398,6,1610,1
8399,6,1611,1
8400,6,1612,1
8401,6,1613,1
8402,6,1614,1
8403,6,1615,1
8404,6,1616,1
8405,6,1617,1
8406,6,1618,1
8407,6,1619,1
8408,6,1620,1
8409,6,1621,1
8410,6,1622,1
8411,6,1623,1
8412,6,1624,1
8413,6,1625,1
8414,6,1626,1
8415,6,1627,1
8416,6,1628,1
8417,6,1629,1
8418,6,1630,1
8419,6,1631,1
8420,6,1632,1
8421,6,1633,1
8422,6,1634,1
8423,6,1635,1
8424,6,1636,1
8425,6,1637,1
8426,6,1638,1
8427,6,1639,1
8428,6,1640,1
8429,6,1641,1
8430,6,1642,1
8431,6,1643,1
8432,6,1644,1
8433,6,1645,1
8434,6,1646,1
8435,6,1647,1
8436,6,1648,1
8437,6,1649,1
8438,6,1650,1
8439,6,1651,1
8440,6,1652,1
8441,6,1653,1
8442,6,1654,1
8443,6,1655,1
8444,6,1656,1
8445,6,1657,1
8446,6,1658,1
8447,6,1659,1
8448,6,1660,1
8449,6,1661,1
8450,6,1662,1
8451,6,1663,1
8452,6,1664,1
8453,6,1665,1
8454,6,1666,1
8455,6,1667,1
8456,6,1668,1
8457,6,1669,1
8458,6,1670,1
8459,6,1671,1
8460,6,1672,1
8461,6,1673,1
8462,6,1674,1
8463,6,1675,1
8464,6,1676,1
8465,6,1677,1
8466,6,1678,1
8467,6,1679,1
8468,6,1680,1
8469,6,1681,1
8470,6,1682,1
8471,6,1683,1
8472,6,1684,1
8473,6,1685,1
8474,6,1686,1
8475,6,1687,1
8476,6,1688,1
8477,6,1689,1
8478,6,1690,1
8479,6,1691,1
8480,6,1692,1
8481,6,1693,1
8482,6,1694,1
8483,6,1695,1
8484,6,1696,1
8485,6,1697,1
8486,6,1698,1
8487,6,1699,1
8488,6,1700,1
8489,6,1701,1
8490,6,1702,1
8491,6,1703,1
8492,6,1704,1
8493,6,1705,1
8494,6,1706,1
8495,6,1707,1
8496,6,1708,1
8497,6,1709,1
8498,6,1710,1
8499,6,1711,1
8500,6,1712,1
8501,6,1713,1
8502,6,1714,1
8503,6,1715,1
8504,6,1716,1
8505,6,1717,1
8506,6,1718,1
8507,6,1719,1
8508,6,1720,1
8509,6,1721,1
8510,6,1722,1
8511,6,1723,1
8512,6,1724,1
8513,6,1725,1
8514,6,1726,1
8515,6,1727,1
8516,6,1728,1
8517,6,1729,1
8518,6,1730,1
8519,6,1731,1
8520,6,1732,1
8521,6,1733,1
8522,6,1734,1
8523,6,1735,1
8524,6,1736,1
8525,6,1737,1
8526,6,1738,1
8527,6,1739,1
8528,6,1740,1
8529,6,1741,1
8530,6,1742,1
8531,6,1743,1
8532,6,1744,1
8533,6,1745,1
8534,6,1746,1
8535,6,1747,1
8536,6,1748,1
8537,6,1749,1
8538,6,1750,1
8539,6,1751,1
8540,6,1752,1
8541,6,1753,1
8542,6,1754,1
8543,6,1755,1
8544,6,1756,1
8545,6,1757,1
8546,6,1758,1
8547,6,1759,1
8548,6,1760,1
8549,6,1761,1
8550,6,1762,1
8551,6,1763,1
8552,6,1764,1
8553,6,1765,1
8554,6,1766,1
8555,6,1767,1
8556,6,1768,1
8557,6,1769,1
8558,6,1770,1
8559,6,1771,1
8560,6,1772,1
8561,6,1773,1
8562,6,1774,1
8563,6,1775,1
8564,6,1776,1
8565,6,1777,1
8566,6,1778,1
8567,6,1779,1
8568,6,1780,1
8569,6,1781,1
8570,6,1782,1
8571,6,1783,1
8572,6,1784,1
8573,6,1785,1
8574,6,1786,1
8575,6,1787,1
8576,6,1788,1
8577,6,1789,1
8578,6,1790,1
8579,6,1791,1
8580,6,1792,1
8581,6,1793,1
8582,6,1794,1
8583,6,1795,1
8584,6,1796,1
8585,6,1797,1
8586,6,1798,1
8587,6,1799,1
8588,6,1800,1
8589,6,1801,1
8590,6,1802,1
8591,6,1803,1
8592,6,1804,1
8593,6,1805,1
8594,6,1806,1
8595,6,1807,1
8596,6,1808,1
8597,6,1809,1
8598,6,1810,1
8599,6,1811,1
8600,6,1812,1
8601,6,1813,1
8602,6,1814,1
8603,6,1815,1
8604,6,1816,1
8605,6,1817,1
8606,6,1818,1
8607,6,1819,1
8608,6,1820,1
8609,6,1821,1
8610,6,1822,1
8611,6,1823,1
8612,6,1824,1
8613,6,1825,1
8614,6,1826,1
8615,6,1827,1
8616,6,1828,1
8617,6,1829,1
8618,6,1830,1
8619,6,1831,1
8620,6,1832,1
8621,6,1833,1
8622,6,1834,1
8623,6,1835,1
8624,6,1836,1
8625,6,1837,1
8626,6,1838,1
8627,6,1839,1
8628,6,1840,1
8629,6,1841,1
8630,6,1842,1
8631,6,1843,1
8632,6,1844,1
8633,6,1845,1
8634,6,1846,1
8635,6,1847,1
8636,6,1848,1
8637,6,1849,1
8638,6,1850,1
8639,6,1851,1
8640,6,1852,1
8641,6,1853,1
8642,6,1854,1
8643,6,1855,1
8644,6,1856,1
8645,6,1857,1
8646,6,1858,1
8647,6,1859,1
8648,6,1860,1
8649,6,1861,1
8650,6,1862,1
8651,6,1863,1
8652,6,1864,1
8653,6,1865,1
8654,6,1866,1
8655,6,1867,1
8656,6,1868,1
8657,6,1869,1
8658,6,1870,1
8659,6,1871,1
8660,6,1872,1
8661,6,1873,1
8662,6,1874,1
8663,6,1875,1
8664,6,1876,1
8665,6,1877,1
8666,6,1878,1
8667,6,1879,1
8668,6,1880,1
8669,6,1881,1
8670,6,1882,1
8671,6,1883,1
8672,6,1884,1
8673,6,1885,1
8674,6,1886,1
8675,6,1887,1
8676,6,1888,1
8677,6,1889,1
8678,6,1890,1
8679,6,1891,1
8680,6,1892,1
8681,6,1893,1
8682,6,1894,1
8683,6,1895,1
8684,6,1896,1
8685,6,1897,1
8686,6,1898,1
8687,6,1899,1
8688,6,1900,1
8689,6,1901,1
8690,6,1902,1
8691,6,1903,1
8692,6,1904,1
8693,6,1905,1
8694,6,1906,1
8695,6,1907,1
8696,6,1908,1
8697,6,1909,1
8698,6,1910,1
8699,6,1911,1
8700,6,1912,1
8701,6,1913,1
8702,6,1914,1
8703,6,1915,1
8704,6,1916,1
8705,6,1917,1
8706,6,1918,1
8707,6,1919,1
8708,6,1920,1
8709,6,1921,1
8710,6,1922,1
8711,6,1923,1
8712,6,1924,1
8713,6,1925,1
8714,6,1926,1
8715,6,1927,1
8716,6,1928,1
8717,6,1929,1
8718,6,1930,1
8719,6,1931,1
8720,6,1932,1
8721,6,1933,1
8722,6,1934,1
8723,6,1935,1
8724,6,1936,1
8725,6,1937,1
8726,6,1938,1
8727,6,1939,1
8728,6,1940,1
8729,6,1941,1
8730,6,1942,1
8731,6,1943,1
8732,6,1944,1
8733,6,1945,1
8734,6,1946,1
8735,6,1947,1
8736,6,1948,1
8737,6,1949,1
8738,6,1950,1
8739,6,1951,1
8740,6,1952,1
8741,6,1953,1
8742,6,1954,1
8743,6,1955,1
8744,6,1956,1
8745,6,1957,1
8746,6,1958,1
8747,6,1959,1
8748,6,1960,1
8749,6,1961,1
8750,6,1962,1
8751,6,1963,1
8752,6,1964,1
8753,6,1965,1
8754,6,1966,1
8755,6,1967,1
8756,6,1968,1
8757,6,1969,1
8758,6,1970,1
8759,6,1971,1
8760,6,1972,1
8761,6,1973,1
8762,6,1974,1
8763,6,1975,1
8764,6,1976,1
8765,6,1977,1
8766,6,1978,1
8767,6,1979,1
8768,6,1980,1
8769,6,1981,1
8770,6,1982,1
8771,6,1983,1
8772,6,1984,1
8773,6,1985,1
8774,6,1986,1
8775,6,1987,1
8776,6,1988,1
8777,6,1989,1
8778,6,1990,1
8779,6,1991,1
8780,6,1992,1
8781,6,1993,1
8782,6,1994,1
8783,6,1995,1
8784,6,1996,1
8785,6,1997,1
8786,6,1998,1
8787,6,1999,1
8788,6,2000,1
8789,6,2001,1
8790,6,2002,1
8791,6,2003,1
8792,6,2004,1
8793,6,2005,1
8794,6,2006,1
8795,6,2007,1
8796,6,2008,1
8797,6,2009,1
8798,6,2010,1
8799,6,2011,1
8800,6,2012,1
8801,6,2013,1
8802,6,2014,1
8803,6,2015,1
8804,6,2016,1
8805,6,2017,1
8806,6,2018,1
8807,6,2019,1
8808,6,2020,1
8809,6,2021,1
8810,6,2022,1
8811,6,2023,1
8812,6,2024,1
8813,6,2025,1
8814,6,2026,1
8815,6,2027,1
8816,6,2028,1
8817,6,2029,1
8818,6,2030,1
8819,6,2031,1
8820,6,2032,1
8821,6,2033,1
8822,6,2034,1
8823,6,2035,1
8824,6,2036,1
8825,6,2037,1
8826,6,2038,1
8827,6,2039,1
8828,6,2040,1
8829,6,2041,1
8830,6,2042,1
8831,6,2043,1
8832,6,2044,1
8833,6,2045,1
8834,6,2046,1
8835,6,2047,1
8836,6,2048,1
8837,6,2049,1
8838,6,2050,1
8839,6,2051,1
8840,6,2052,1
8841,6,2053,1
8842,6,2054,1
8843,6,2055,1
8844,6,2056,1
8845,6,2057,1
8846,6,2058,1
8847,6,2059,1
8848,6,2060,1
8849,6,2061,1
8850,6,2062,1
8851,6,2063,1
8852,6,2064,1
8853,6,2065,1
8854,6,2066,1
8855,6,2067,1
8856,6,2068,1
8857,6,2069,1
8858,6,2070,1
8859,6,2071,1
8860,6,2072,1
8861,6,2073,1
8862,6,2074,1
8863,6,2075,1
8864,6,2076,1
8865,6,2077,1
8866,6,2078,1
8867,6,2079,1
8868,6,2080,1
8869,6,2081,1
8870,6,2082,1
8871,6,2083,1
8872,6,2084,1
8873,6,2085,1
8874,6,2086,1
8875,6,2087,1
8876,6,2088,1
8877,6,2089,1
8878,6,2090,1
8879,6,2091,1
8880,6,2092,1
8881,6,2093,1
8882,6,2094,1
8883,6,2095,1
8884,6,2096,1
8885,6,2097,1
8886,6,2098,1
8887,6,2099,1
8888,6,2100,1
8889,6,2101,1
8890,6,2102,1
8891,6,2103,1
8892,6,2104,1
8893,6,2105,1
8894,6,2106,1
8895,6,2107,1
8896,6,2108,1
8897,6,2109,1
8898,6,2110,1
8899,6,2111,1
8900,6,2112,1
8901,6,2113,1
8902,6,2114,1
8903,6,2115,1
8904,6,2116,1
8905,6,2117,1
8906,6,2118,1
8907,6,2119,1
8908,6,2120,1
8909,6,2121,1
8910,6,2122,1
8911,6,2123,1
8912,6,2124,1
8913,6,2125,1
8914,6,2126,1
8915,6,2127,1
8916,6,2128,1
8917,6,2129,1
8918,6,2130,1
8919,6,2131,1
8920,6,2132,1
8921,6,2133,1
8922,6,2134,1
8923,6,2135,1
8924,6,2136,1
8925,6,2137,1
8926,6,2138,1
8927,6,2139,1
8928,6,2140,1
8929,6,2141,1
8930,6,2142,1
8931,6,2143,1
8932,6,2144,1
8933,6,2145,1
8934,6,2146,1
8935,6,2147,1
8936,6,2148,1
8937,6,2149,1
8938,6,2150,1
8939,6,2151,1
8940,6,2152,1
8941,6,2153,1
8942,6,2154,1
8943,6,2155,1
8944,6,2156,1
8945,6,2157,1
8946,6,2158,1
8947,6,2159,1
8948,6,2160,1
8949,6,2161,1
8950,6,2162,1
8951,6,2163,1
8952,6,2164,1
8953,6,2165,1
8954,6,2166,1
8955,6,2167,1
8956,6,2168,1
8957,6,2169,1
8958,6,2170,1
8959,6,2171,1
8960,6,2172,1
8961,6,2173,1
8962,6,2174,1
8963,6,2175,1
8964,6,2176,1
8965,6,2177,1
8966,6,2178,1
8967,6,2179,1
8968,6,2180,1
8969,6,2181,1
8970,6,2182,1
8971,6,2183,1
8972,6,2184,1
8973,6,2185,1
8974,6,2186,1
8975,6,2187,1
8976,6,2188,1
8977,6,2189,1
8978,6,2190,1
8979,6,2191,1
8980,6,2192,1
8981,6,2193,1
8982,6,2194,1
8983,6,2195,1
8984,6,2196,1
8985,6,2197,1
8986,6,2198,1
8987,6,2199,1
8988,6,2200,1
8989,6,2201,1
8990,6,2202,1
8991,6,2203,1
8992,6,2204,1
8993,6,2205,1
8994,6,2206,1
8995,6,2207,1
8996,6,2208,1
8997,6,2209,1
8998,6,2210,1
8999,6,2211,1
9000,6,2212,1
9001,6,2213,1
9002,6,2214,1
9003,6,2215,1
9004,6,2216,1
9005,6,2217,1
9006,6,2218,1
9007,6,2219,1
9008,6,2220,1
9009,6,2221,1
9010,6,2222,1
9011,6,2223,1
9012,6,2224,1
9013,6,2225,1
9014,6,2226,1
9015,6,2227,1
9016,6,2228,1
9017,6,2229,1
9018,6,2230,1
9019,6,2231,1
9020,6,2232,1
9021,6,2233,1
9022,6,2234,1
9023,6,2235,1
9024,6,2236,1
9025,6,2237,1
9026,6,2238,1
9027,6,2239,1
9028,6,2240,1
9029,6,2241,1
9030,6,2242,1
9031,6,2243,1
9032,6,2244,1
9033,6,2245,1
9034,6,2246,1
9035,6,2247,1
9036,6,2248,1
9037,6,2249,1
9038,6,2250,1
9039,6,2251,1
9040,6,2252,1
9041,6,2253,1
9042,6,2254,1
9043,6,2255,1
9044,6,2256,1
9045,6,2257,1
9046,6,2258,1
9047,6,2259,1
9048,6,2260,1
9049,6,2261,1
9050,6,2262,1
9051,6,2263,1
9052,6,2264,1
9053,6,2265,1
9054,6,2266,1
9055,6,2267,1
9056,6,2268,1
9057,6,2269,1
9058,6,2270,1
9059,6,2271,1
9060,6,2272,1
9061,6,2273,1
9062,6,2274,1
9063,6,2275,1
9064,6,2276,1
9065,6,2277,1
9066,6,2278,1
9067,6,2279,1
9068,6,2280,1
9069,6,2281,1
9070,6,2282,1
9071,6,2283,1
9072,6,2284,1
9073,6,2285,1
9074,6,2286,1
9075,6,2287,1
9076,6,2288,1
9077,6,2289,1
9078,6,2290,1
9079,6,2291,1
9080,6,2292,1
9081,6,2293,1
9082,6,2294,1
9083,6,2295,1
9084,6,2296,1
9085,6,2297,1
9086,6,2298,1
9087,6,2299,1
9088,6,2300,1
9089,6,2301,1
9090,6,2302,1
9091,6,2303,1
9092,6,2304,1
9093,6,2305,1
9094,6,2306,1
9095,6,2307,1
9096,6,2308,1
9097,6,2309,1
9098,6,2310,1
9099,6,2311,1
9100,6,2312,1
9101,6,2313,1
9102,6,2314,1
9103,6,2315,1
9104,6,2316,1
9105,6,2317,1
9106,6,2318,1
9107,6,2319,1
9108,6,2320,1
9109,6,2321,1
9110,6,2322,1
9111,6,2323,1
9112,6,2324,1
9113,6,2325,1
9114,6,2326,1
9115,6,2327,1
9116,6,2328,1
9117,6,2329,1
9118,6,2330,1
9119,6,2331,1
9120,6,2332,1
9121,6,2333,1
9122,6,2334,1
9123,6,2335,1
9124,6,2336,1
9125,6,2337,1
9126,6,2338,1
9127,6,2339,1
9128,6,2340,1
9129,6,2341,1
9130,6,2342,1
9131,6,2343,1
9132,6,2344,1
9133,6,2345,1
9134,6,2346,1
9135,6,2347,1
9136,6,2348,1
9137,6,2349,1
9138,6,2350,1
9139,6,2351,1
9140,6,2352,1
9141,6,2353,1
9142,6,2354,1
9143,6,2355,1
9144,6,2356,1
9145,6,2357,1
9146,6,2358,1
9147,6,2359,1
9148,6,2360,1
9149,6,2361,1
9150,6,2362,1
9151,6,2363,1
9152,6,2364,1
9153,6,2365,1
9154,6,2366,1
9155,6,2367,1
9156,6,2368,1
9157,6,2369,1
9158,6,2370,1
9159,6,2371,1
9160,6,2372,1
9161,6,2373,1
9162,6,2374,1
9163,6,2375,1
9164,6,2376,1
9165,6,2377,1
9166,6,2378,1
9167,6,2379,1
9168,6,2380,1
9169,6,2381,1
9170,6,2382,1
9171,6,2383,1
9172,6,2384,1
9173,6,2385,1
9174,6,2386,1
9175,6,2387,1
9176,6,2388,1
9177,6,2389,1
9178,6,2390,1
9179,6,2391,1
9180,6,2392,1
9181,6,2393,1
9182,6,2394,1
9183,6,2395,1
9184,6,2396,1
9185,6,2397,1
9186,6,2398,1
9187,6,2399,1
9188,6,2400,1
9189,6,2401,1
9190,6,2402,1
9191,6,2403,1
9192,6,2404,1
9193,6,2405,1
9194,6,2406,1
9195,6,2407,1
9196,6,2408,1
9197,6,2409,1
9198,6,2410,1
9199,6,2411,1
9200,6,2412,1
9201,6,2413,1
9202,6,2414,1
9203,6,2415,1
9204,6,2416,1
9205,6,2417,1
9206,6,2418,1
9207,6,2419,1
9208,6,2420,1
9209,6,2421,1
9210,6,2422,1
9211,6,2423,1
9212,6,2424,1
9213,6,2425,1
9214,6,2426,1
9215,6,2427,1
9216,6,2428,1
9217,6,2429,1
9218,6,2430,1
9219,6,2431,1
9220,6,2432,1
9221,6,2433,1
9222,6,2434,1
9223,6,2435,1
9224,6,2436,1
9225,6,2437,1
9226,6,2438,1
9227,6,2439,1
9228,6,2440,1
9229,6,2441,1
9230,6,2442,1
9231,6,2443,1
9232,6,2444,1
9233,6,2445,1
9234,6,2446,1
9235,6,2447,1
9236,6,2448,1
9237,6,2449,1
9238,6,2450,1
9239,6,2451,1
9240,6,2452,1
9241,6,2453,1
9242,6,2454,1
9243,6,2455,1
9244,6,2456,1
9245,6,2457,1
9246,6,2458,1
9247,6,2459,1
9248,6,2460,1
9249,6,2461,1
9250,6,2462,1
9251,6,2463,1
9252,6,2464,1
9253,6,2465,1
9254,6,2466,1
9255,6,2467,1
9256,6,2468,1
9257,6,2469,1
9258,6,2470,1
9259,6,2471,1
9260,6,2472,1
9261,6,2473,1
9262,6,2474,1
9263,6,2475,1
9264,6,2476,1
9265,6,2477,1
9266,6,2478,1
9267,6,2479,1
9268,6,2480,1
9269,6,2481,1
9270,6,2482,1
9271,6,2483,1
9272,6,2484,1
9273,6,2485,1
9274,6,2486,1
9275,6,2487,1
9276,6,2488,1
9277,6,2489,1
9278,6,2490,1
9279,6,2491,1
9280,6,2492,1
9281,6,2493,1
9282,6,2494,1
9283,6,2495,1
9284,6,2496,1
9285,6,2497,1
9286,6,2498,1
9287,6,2499,1
9288,6,2500,1
9289,6,2501,1
9290,6,2502,1
9291,6,2503,1
9292,6,2504,1
9293,6,2505,1
9294,6,2506,1
9295,6,2507,1
9296,6,2508,1
9297,6,2509,1
9298,6,2510,1
9299,6,2511,1
9300,6,2512,1
9301,6,2513,1
9302,6,2514,1
9303,6,2515,1
9304,6,2516,1
9305,6,2517,1
9306,6,2518,1
9307,6,2519,1
9308,6,2520,1
9309,6,2521,1
9310,6,2522,1
9311,6,2523,1
9312,6,2524,1
9313,6,2525,1
9314,6,2526,1
9315,6,2527,1
9316,6,2528,1
9317,6,2529,1
9318,6,2530,1
9319,6,2531,1
9320,6,2532,1
9321,6,2533,1
9322,6,2534,1
9323,6,2535,1
9324,6,2536,1
9325,6,2537,1
9326,6,2538,1
9327,6,2539,1
9328,6,2540,1
9329,6,2541,1
9330,6,2542,1
9331,6,2543,1
9332,6,2544,1
9333,6,2545,1
9334,6,2546,1
9335,6,2547,1
9336,6,2548,1
9337,6,2549,1
9338,6,2550,1
9339,6,2551,1
9340,6,2552,1
9341,6,2553,1
9342,6,2554,1
9343,6,2555,1
9344,6,2556,1
9345,6,2557,1
9346,6,2558,1
9347,6,2559,1
9348,6,2560,1
9349,6,2561,1
9350,6,2562,1
9351,6,2563,1
9352,6,2564,1
9353,6,2565,1
9354,6,2566,1
9355,6,2567,1
9356,6,2568,1
9357,6,2569,1
9358,6,2570,1
9359,6,2571,1
9360,6,2572,1
9361,6,2573,1
9362,6,2574,1
9363,6,2575,1
9364,6,2576,1
9365,6,2577,1
9366,6,2578,1
9367,6,2579,1
9368,6,2580,1
9369,6,2581,1
9370,6,2582,1
9371,6,2583,1
9372,6,2584,1
9373,6,2585,1
9374,6,2586,1
9375,6,2587,1
9376,6,2588,1
9377,6,2589,1
9378,6,2590,1
9379,6,2591,1
9380,6,2592,1
9381,6,2593,1
9382,6,2594,1
9383,6,2595,1
9384,6,2596,1
9385,6,2597,1
9386,6,2598,1
9387,6,2599,1
9388,6,2600,1
9389,6,2601,1
9390,6,2602,1
9391,6,2603,1
9392,6,2604,1
9393,6,2605,1
9394,6,2606,1
9395,6,2607,1
9396,6,2608,1
9397,6,2609,1
9398,6,2610,1
9399,6,2611,1
9400,6,2612,1
9401,6,2613,1
9402,6,2614,1
9403,6,2615,1
9404,6,2616,1
9405,6,2617,1
9406,6,2618,1
9407,6,2619,1
9408,6,2620,1
9409,6,2621,1
9410,6,2622,1
9411,6,2623,1
9412,6,2624,1
9413,6,2625,1
9414,6,2626,1
9415,6,2627,1
9416,6,2628,1
9417,6,2629,1
9418,6,2630,1
9419,6,2631,1
9420,6,2632,1
9421,6,2633,1
9422,6,2634,1
9423,6,2635,1
9424,6,2636,1
9425,6,2637,1
9426,6,2638,1
9427,6,2639,1
9428,6,2640,1
9429,6,2641,1
9430,6,2642,1
9431,6,2643,1
9432,6,2644,1
9433,6,2645,1
9434,6,2646,1
9435,6,2647,1
9436,6,2648,1
9437,6,2649,1
9438,6,2650,1
9439,6,2651,1
9440,6,2652,1
9441,6,2653,1
9442,6,2654,1
9443,6,2655,1
9444,6,2656,1
9445,6,2657,1
9446,6,2658,1
9447,6,2659,1
9448,6,2660,1
9449,6,2661,1
9450,6,2662,1
9451,6,2663,1
9452,6,2664,1
9453,6,2665,1
9454,6,2666,1
9455,6,2667,1
9456,6,2668,1
9457,6,2669,1
9458,6,2670,1
9459,6,2671,1
9460,6,2672,1
9461,6,2673,1
9462,6,2674,1
9463,6,2675,1
9464,6,2676,1
9465,6,2677,1
9466,6,2678,1
9467,6,2679,1
9468,6,2680,1
9469,6,2681,1
9470,6,2682,1
9471,6,2683,1
9472,6,2684,1
9473,6,2685,1
9474,6,2686,1
9475,6,2687,1
9476,6,2688,1
9477,6,2689,1
9478,6,2690,1
9479,6,2691,1
9480,6,2692,1
9481,6,2693,1
9482,6,2694,1
9483,6,2695,1
9484,6,2696,1
9485,6,2697,1
9486,6,2698,1
9487,6,2699,1
9488,6,2700,1
9489,6,2701,1
9490,6,2702,1
9491,6,2703,1
9492,6,2704,1
9493,6,2705,1
9494,6,2706,1
9495,6,2707,1
9496,6,2708,1
9497,6,2709,1
9498,6,2710,1
9499,6,2711,1
9500,6,2712,1
9501,6,2713,1
9502,6,2714,1
9503,6,2715,1
9504,6,2716,1
9505,6,2717,1
9506,6,2718,1
9507,6,2719,1
9508,6,2720,1
9509,6,2721,1
9510,6,2722,1
9511,6,2723,1
9512,6,2724,1
9513,6,2725,1
9514,6,2726,1
9515,6,2727,1
9516,6,2728,1
9517,6,2729,1
9518,6,2730,1
9519,6,2731,1
9520,6,2732,1
9521,6,2733,1
9522,6,2734,1
9523,6,2735,1
9524,6,2736,1
9525,6,2737,1
9526,6,2738,1
9527,6,2739,1
9528,6,2740,1
9529,6,2741,1
9530,6,2742,1
9531,6,2743,1
9532,6,2744,1
9533,6,2745,1
9534,6,2746,1
9535,6,2747,1
9536,6,2748,1
9537,6,2749,1
9538,6,2750,1
9539,6,2751,1
9540,6,2752,1
9541,6,2753,1
9542,6,2754,1
9543,6,2755,1
9544,6,2756,1
9545,6,2757,1
9546,6,2758,1
9547,6,2759,1
9548,6,2760,1
9549,6,2761,1
9550,6,2762,1
9551,6,2763,1
9552,6,2764,1
9553,6,2765,1
9554,6,2766,1
9555,6,2767,1
9556,6,2768,1
9557,6,2769,1
9558,6,2770,1
9559,6,2771,1
9560,6,2772,1
9561,6,2773,1
9562,6,2774,1
9563,6,2775,1
9564,6,2776,1
9565,6,2777,1
9566,6,2778,1
9567,6,2779,1
9568,6,2780,1
9569,6,2781,1
9570,6,2782,1
9571,6,2783,1
9572,6,2784,1
9573,6,2785,1
9574,6,2786,1
9575,6,2787,1
9576,6,2788,1
9577,6,2789,1
9578,6,2790,1
9579,6,2791,1
9580,6,2792,1
9581,6,2793,1
9582,6,2794,1
9583,6,2795,1
9584,6,2796,1
9585,6,2797,1
9586,6,2798,1
9587,6,2799,1
9588,6,2800,1
9589,6,2801,1
9590,6,2802,1
9591,6,2803,1
9592,6,2804,1
9593,6,2805,1
9594,6,2806,1
9595,6,2807,1
9596,6,2808,1
9597,6,2809,1
9598,6,2810,1
9599,6,2811,1
9600,6,2812,1
9601,6,2813,1
9602,6,2814,1
9603,6,2815,1
9604,6,2816,1
9605,6,2817,1
9606,6,2818,1
9607,6,2819,1
9608,6,2820,1
9609,6,2821,1
9610,6,2822,1
9611,6,2823,1
9612,6,2824,1
9613,6,2825,1
9614,6,2826,1
9615,6,2827,1
9616,6,2828,1
9617,6,2829,1
9618,6,2830,1
9619,6,2831,1
9620,6,2832,1
9621,6,2833,1
9622,6,2834,1
9623,6,2835,1
9624,6,2836,1
9625,6,2837,1
9626,6,2838,1
9627,6,2839,1
9628,6,2840,1
9629,6,2841,1
9630,6,2842,1
9631,6,2843,1
9632,6,2844,1
9633,6,2845,1
9634,6,2846,1
9635,6,2847,1
9636,6,2848,1
9637,6,2849,1
9638,6,2850,1
9639,6,2851,1
9640,6,2852,1
9641,6,2853,1
9642,6,2854,1
9643,6,2855,1
9644,6,2856,1
9645,6,2857,1
9646,6,2858,1
9647,6,2859,1
9648,6,2860,1
9649,6,2861,1
9650,6,2862,1
9651,6,2863,1
9652,6,2864,1
9653,6,2865,1
9654,6,2866,1
9655,6,2867,1
9656,6,2868,1
9657,6,2869,1
9658,6,2870,1
9659,6,2871,1
9660,6,2872,1
9661,6,2873,1
9662,6,2874,1
9663,6,2875,1
9664,6,2876,1
9665,6,2877,1
9666,6,2878,1
9667,6,2879,1
9668,6,2880,1
9669,6,2881,1
9670,6,2882,1
9671,6,2883,1
9672,6,2884,1
9673,6,2885,1
9674,6,2886,1
9675,6,2887,1
9676,6,2888,1
9677,6,2889,1
9678,6,2890,1
9679,6,2891,1
9680,6,2892,1
9681,6,2893,1
9682,6,2894,1
9683,6,2895,1
9684,6,2896,1
9685,6,2897,1
9686,6,2898,1
9687,6,2899,1
9688,6,2900,1
9689,6,2901,1
9690,6,2902,1
9691,6,2903,1
9692,6,2904,1
9693,6,2905,1
9694,6,2906,1
9695,6,2907,1
9696,6,2908,1
9697,6,2909,1
9698,6,2910,1
9699,6,2911,1
9700,6,2912,1
9701,6,2913,1
9702,6,2914,1
9703,6,2915,1
9704,6,2916,1
9705,6,2917,1
9706,6,2918,1
9707,6,2919,1
9708,6,2920,1
9709,6,2921,1
9710,6,2922,1
9711,6,2923,1
9712,6,2924,1
9713,6,2925,1
9714,6,2926,1
9715,6,2927,1
9716,6,2928,1
9717,6,2929,1
9718,6,2930,1
9719,6,2931,1
9720,6,2932,1
9721,6,2933,1
9722,6,2934,1
9723,6,2935,1
9724,6,2936,1
9725,6,2937,1
9726,6,2938,1
9727,6,2939,1
9728,6,2940,1
9729,6,2941,1
9730,6,2942,1
9731,6,2943,1
9732,6,2944,1
9733,6,2945,1
9734,6,2946,1
9735,6,2947,1
9736,6,2948,1
9737,6,2949,1
9738,6,2950,1
9739,6,2951,1
9740,6,2952,1
9741,6,2953,1
9742,6,2954,1
9743,6,2955,1
9744,6,2956,1
9745,6,2957,1
9746,6,2958,1
9747,6,2959,1
9748,6,2960,1
9749,6,2961,1
9750,6,2962,1
9751,6,2963,1
9752,6,2964,1
9753,6,2965,1
9754,6,2966,1
9755,6,2967,1
9756,6,2968,1
9757,6,2969,1
9758,6,2970,1
9759,6,2971,1
9760,6,2972,1
9761,6,2973,1
9762,6,2974,1
9763,6,2975,1
9764,6,2976,1
9765,6,2977,1
9766,6,2978,1
9767,6,2979,1
9768,6,2980,1
9769,6,2981,1
9770,6,2982,1
9771,6,2983,1
9772,6,2984,1
9773,6,2985,1
9774,6,2986,1
9775,6,2987,1
9776,6,2988,1
9777,6,2989,1
9778,6,2990,1
9779,6,2991,1
9780,6,2992,1
9781,6,2993,1
9782,6,2994,1
9783,6,2995,1
9784,6,2996,1
9785,6,2997,1
9786,6,2998,1
9787,6,2999,1
9788,6,3000,1
9789,6,3001,1
9790,6,3002,1
9791,6,3003,1
9792,6,3004,1
9793,6,3005,1
9794,6,3006,1
9795,6,3007,1
9796,6,3008,1
9797,6,3009,1
9798,6,3010,1
9799,6,3011,1
9800,6,3012,1
9801,6,3013,1
9802,6,3014,1
9803,6,3015,1
9804,6,3016,1
9805,6,3017,1
9806,6,3018,1
9807,6,3019,1
9808,6,3020,1
9809,6,3021,1
9810,6,3022,1
9811,6,3023,1
9812,6,3024,1
9813,6,3025,1
9814,6,3026,1
9815,6,3027,1
9816,6,3028,1
9817,6,3029,1
9818,6,3030,1
9819,6,3031,1
9820,6,3032,1
9821,6,3033,1
9822,6,3034,1
9823,6,3035,1
9824,6,3036,1
9825,6,3037,1
9826,6,3038,1
9827,6,3039,1
9828,6,3040,1
9829,6,3041,1
9830,6,3042,1
9831,6,3043,1
9832,6,3044,1
9833,6,3045,1
9834,6,3046,1
9835,6,3047,1
9836,6,3048,1
9837,6,3049,1
9838,6,3050,1
9839,6,3051,1
9840,6,3052,1
9841,6,3053,1
9842,6,3054,1
9843,6,3055,1
9844,6,3056,1
9845,6,3057,1
9846,6,3058,1
9847,6,3059,1
9848,6,3060,1
9849,6,3061,1
9850,6,3062,1
9851,6,3063,1
9852,6,3064,1
9853,6,3065,1
9854,6,3066,1
9855,6,3067,1
9856,6,3068,1
9857,6,3069,1
9858,6,3070,1
9859,6,3071,1
9860,6,3072,1
9861,6,3073,1
9862,6,3074,1
9863,6,3075,1
9864,6,3076,1
9865,6,3077,1
9866,6,3078,1
9867,6,3079,1
9868,6,3080,1
9869,6,3081,1
9870,6,3082,1
9871,6,3083,1
9872,6,3084,1
9873,6,3085,1
9874,6,3086,1
9875,6,3087,1
9876,6,3088,1
9877,6,3089,1
9878,6,3090,1
9879,6,3091,1
9880,6,3092,1
9881,6,3093,1
9882,6,3094,1
9883,6,3095,1
9884,6,3096,1
9885,6,3097,1
9886,6,3098,1
9887,6,3099,1
9888,6,3100,1
9889,6,3101,1
9890,6,3102,1
9891,6,3103,1
9892,6,3104,1
9893,6,3105,1
9894,6,3106,1
9895,6,3107,1
9896,6,3108,1
9897,6,3109,1
9898,6,3110,1
9899,6,3111,1
9900,6,3112,1
9901,6,3113,1
9902,6,3114,1
9903,6,3115,1
9904,6,3116,1
9905,6,3117,1
9906,6,3118,1
9907,6,3119,1
9908,6,3120,1
9909,6,3121,1
9910,6,3122,1
9911,6,3123,1
9912,6,3124,1
9913,6,3125,1
9914,6,3126,1
9915,6,3127,1
9916,6,3128,1
9917,6,3129,1
9918,6,3130,1
9919,6,3131,1
9920,6,3132,1
9921,6,3133,1
9922,6,3134,1
9923,6,3135,1
9924,6,3136,1
9925,6,3137,1
9926,6,3138,1
9927,6,3139,1
9928,6,3140,1
9929,6,3141,1
9930,6,3142,1
9931,6,3143,1
9932,6,3144,1
9933,6,3145,1
9934,6,3146,1
9935,6,3147,1
9936,6,3148,1
9937,6,3149,1
9938,6,3150,1
9939,6,3151,1
9940,6,3152,1
9941,6,3153,1
9942,6,3154,1
9943,6,3155,1
9944,6,3156,1
9945,6,3157,1
9946,6,3158,1
9947,6,3159,1
9948,6,3160,1
9949,6,3161,1
9950,6,3162,1
9951,6,3163,1
9952,6,3164,1
9953,6,3165,1
9954,6,3166,1
9955,6,3167,1
9956,6,3168,1
9957,6,3169,1
9958,6,3170,1
9959,6,3171,1
9960,6,3172,1
9961,6,3173,1
9962,6,3174,1
9963,6,3175,1
9964,6,3176,1
9965,6,3177,1
9966,6,3178,1
9967,6,3179,1
9968,6,3180,1
9969,6,3181,1
9970,6,3182,1
9971,6,3183,1
9972,6,3184,1
9973,6,3185,1
9974,6,3186,1
9975,6,3187,1
9976,6,3188,1
9977,6,3189,1
9978,6,3190,1
9979,6,3191,1
9980,6,3192,1
9981,6,3193,1
9982,6,3194,1
9983,6,3195,1
9984,6,3196,1
9985,6,3197,1
9986,6,3198,1
9987,6,3199,1
9988,6,3200,1
9989,6,3201,1
9990,6,3202,1
9991,6,3203,1
9992,6,3204,1
9993,6,3205,1
9994,6,3206,1
9995,6,3207,1
9996,6,3208,1
9997,6,3209,1
9998,6,3210,1
9999,6,3211,1
10000,6,3212,1
10001,6,3213,1
10002,6,3214,1
10003,6,3215,1
10004,6,3216,1
10005,6,3217,1
10006,6,3218,1
10007,6,3219,1
10008,6,3220,1
10009,6,3221,1
10010,6,3222,1
10011,6,3223,1
10012,6,3224,1
10013,6,3225,1
10014,6,3226,1
10015,6,3227,1
10016,6,3228,1
10017,6,3229,1
10018,6,3230,1
10019,6,3231,1
10020,6,3232,1
10021,6,3233,1
10022,6,3234,1
10023,6,3235,1
10024,6,3236,1
10025,6,3237,1
10026,6,3238,1
10027,6,3239,1
10028,6,3240,1
10029,6,3241,1
10030,6,3242,1
10031,6,3243,1
10032,6,3244,1
10033,6,3245,1
10034,6,3246,1
10035,6,3247,1
10036,6,3248,1
10037,6,3249,1
10038,6,3250,1
10039,6,3251,1
10040,6,3252,1
10041,6,3253,1
10042,6,3254,1
10043,6,3255,1
10044,6,3256,1
10045,6,3257,1
10046,6,3258,1
10047,6,3259,1
10048,6,3260,1
10049,6,3261,1
10050,6,3262,1
10051,6,3263,1
10052,6,3264,1
10053,6,3265,1
10054,6,3266,1
10055,6,3267,1
10056,6,3268,1
10057,6,3269,1
10058,6,3270,1
10059,6,3271,1
10060,6,3272,1
10061,6,3273,1
10062,6,3274,1
10063,6,3275,1
10064,6,3276,1
10065,6,3277,1
10066,6,3278,1
10067,6,3279,1
10068,6,3280,1
10069,6,3281,1
10070,6,3282,1
10071,6,3283,1
10072,6,3284,1
10073,6,3285,1
10074,6,3286,1
10075,6,3287,1
10076,6,3288,1
10077,6,3289,1
10078,6,3290,1
10079,6,3291,1
10080,6,3292,1
10081,6,3293,1
10082,6,3294,1
10083,6,3295,1
10084,6,3296,1
10085,6,3297,1
10086,6,3298,1
10087,6,3299,1
10088,6,3300,1
10089,6,3301,1
10090,6,3302,1
10091,6,3303,1
10092,6,3304,1
10093,6,3305,1
10094,6,3306,1
10095,6,3307,1
10096,6,3308,1
10097,6,3309,1
10098,6,3310,1
10099,6,3311,1
10100,6,3312,1
10101,6,3313,1
10102,6,3314,1
10103,6,3315,1
10104,6,3316,1
10105,6,3317,1
10106,6,3318,1
10107,6,3319,1
10108,6,3320,1
10109,6,3321,1
10110,6,3322,1
10111,6,3323,1
10112,6,3324,1
10113,6,3325,1
10114,6,3326,1
10115,6,3327,1
10116,6,3328,1
10117,6,3329,1
10118,6,3330,1
10119,6,3331,1
10120,6,3332,1
10121,6,3333,1
10122,6,3334,1
10123,6,3335,1
10124,6,3336,1
10125,6,3337,1
10126,6,3338,1
10127,6,3339,1
10128,6,3340,1
10129,6,3341,1
10130,6,3342,1
10131,6,3343,1
10132,6,3344,1
10133,6,3345,1
10134,6,3346,1
10135,6,3347,1
10136,6,3348,1
10137,6,3349,1
10138,6,3350,1
10139,6,3351,1
10140,6,3352,1
10141,6,3353,1
10142,6,3354,1
10143,6,3355,1
10144,6,3356,1
10145,6,3357,1
10146,6,3358,1
10147,6,3359,1
10148,6,3360,1
10149,6,3361,1
10150,6,3362,1
10151,6,3363,1
10152,6,3364,1
10153,6,3365,1
10154,6,3366,1
10155,6,3367,1
10156,6,3368,1
10157,6,3369,1
10158,6,3370,1
10159,6,3371,1
10160,6,3372,1
10161,6,3373,1
10162,6,3374,1
10163,6,3375,1
10164,6,3376,1
10165,6,3377,1
10166,6,3378,1
10167,6,3379,1
10168,6,3380,1
10169,6,3381,1
10170,6,3382,1
10171,6,3383,1
10172,6,3384,1
10173,6,3385,1
10174,6,3386,1
10175,6,3387,1
10176,6,3388,1
10177,6,3389,1
10178,6,3390,1
10179,6,3391,1
10180,6,3392,1
10181,6,3393,1
10182,3,0,1
10183,3,1,1
10184,3,2,1
10185,3,3,1
10186,3,4,1
10187,3,5,1
10188,3,6,1
10189,3,7,1
10190,3,8,1
10191,3,9,1
10192,3,10,1
10193,3,11,1
10194,3,12,1
10195,3,13,1
10196,3,14,1
10197,3,15,1
10198,3,16,1
10199,3,17,1
10200,3,18,1
10201,3,19,1
10202,3,20,1
10203,3,21,1
10204,3,22,1
10205,3,23,1
10206,3,24,1
10207,3,25,1
10208,3,26,1
10209,3,27,1
10210,3,28,1
10211,3,29,1
10212,3,30,1
10213,3,31,1
10214,3,32,1
10215,3,33,1
10216,3,34,1
10217,3,35,1
10218,3,36,1
10219,3,37,1
10220,3,38,1
10221,3,39,1
10222,3,40,1
10223,3,41,1
10224,3,42,1
10225,3,43,1
10226,3,44,1
10227,3,45,1
10228,3,46,1
10229,3,47,1
10230,3,48,1
10231,3,49,1
10232,3,50,1
10233,3,51,1
10234,3,52,1
10235,3,53,1
10236,3,54,1
10237,3,55,1
10238,3,56,1
10239,3,57,1
10240,3,58,2
10241,3,59,2
10242,3,60,2
10243,3,61,2
10244,3,62,2
10245,3,63,2
10246,3,64,2
10247,3,65,2
10248,3,66,2
10249,3,67,2
10250,3,68,2
10251,3,69,2
10252,3,70,2
10253,3,71,2
10254,3,72,2
10255,3,73,2
10256,3,74,2
10257,3,75,2
10258,3,76,2
10259,3,77,2
10260,3,78,2
10261,3,79,2
10262,3,80,2
10263,3,81,2
10264,3,82,2
10265,3,83,2
10266,3,84,2
10267,3,85,2
10268,3,86,2
10269,3,87,2
10270,3,88,2
10271,3,89,2
10272,3,90,2
10273,3,91,2
10274,3,92,2
10275,3,93,2
10276,3,94,2
10277,3,95,2
10278,3,96,2
10279,3,97,2
10280,3,98,2
10281,3,99,2
10282,3,100,2
10283,3,101,2
10284,3,102,2
10285,3,103,2
10286,3,104,2
10287,3,105,2
10288,3,106,2
10289,3,107,2
10290,3,108,2
10291,3,109,2
10292,3,110,2
10293,3,111,2
10294,3,112,2
10295,3,113,2
10296,3,114,2
10297,3,115,2
10298,3,116,2
10299,3,117,2
10300,3,118,2
10301,3,119,2
10302,3,120,2
10303,3,121,2
10304,3,122,2
10305,3,123,2
10306,3,124,2
10307,3,125,2
10308,3,126,2
10309,3,127,2
10310,3,128,2
10311,3,129,2
10312,3,130,2
10313,3,131,2
10314,3,132,2
10315,3,133,2
10316,3,134,2
10317,3,135,2
10318,3,136,2
10319,3,137,2
10320,3,138,2
10321,3,139,2
10322,3,140,2
10323,3,141,2
10324,3,142,2
10325,3,143,2
10326,3,144,2
10327,3,145,2
10328,3,146,2
10329,3,147,2
10330,3,148,2
10331,3,149,2
10332,3,150,2
10333,3,151,2
10334,3,152,2
10335,3,153,2
10336,3,154,2
10337,3,155,2
10338,3,156,2
10339,3,157,2
10340,3,158,2
10341,3,159,2
10342,3,160,2
10343,3,161,2
10344,3,162,2
10345,3,163,2
10346,3,164,2
10347,3,165,2
10348,3,166,2
10349,3,167,2
10350,3,168,2
10351,3,169,2
10352,3,170,2
10353,3,171,2
10354,3,172,2
10355,3,173,2
10356,3,174,2
10357,3,175,2
10358,3,176,2
10359,3,177,2
10360,3,178,2
10361,3,179,2
10362,3,180,2
10363,3,181,2
10364,3,182,2
10365,3,183,2
10366,3,184,2
10367,3,185,2
10368,3,186,2
10369,3,187,2
10370,3,188,2
10371,3,189,2
10372,3,190,2
10373,3,191,2
10374,3,192,2
10375,3,193,2
10376,3,194,2
10377,3,195,2
10378,3,196,2
10379,3,197,2
10380,3,198,2
10381,3,199,2
10382,3,200,2
10383,3,201,2
10384,3,202,2
10385,3,203,2
10386,3,204,2
10387,3,205,2
10388,3,206,2
10389,3,207,2
10390,3,208,2
10391,3,209,2
10392,3,210,2
10393,3,211,2
10394,3,212,2
10395,3,213,2
10396,3,214,2
10397,3,215,2
10398,3,216,2
10399,3,217,2
10400,3,218,2
10401,3,219,2
10402,3,220,2
10403,3,221,2
10404,3,222,2
10405,3,223,2
10406,3,224,2
10407,3,225,2
10408,3,226,2
10409,3,227,2
10410,3,228,2
10411,3,229,2
10412,3,230,2
10413,3,231,2
10414,3,232,2
10415,3,233,2
10416,3,234,2
10417,3,235,2
10418,3,236,2
10419,3,237,2
10420,3,238,2
10421,3,239,2
10422,3,240,2
10423,3,241,2
10424,3,242,2
10425,3,243,2
10426,3,244,2
10427,3,245,2
10428,3,246,2
10429,3,247,2
10430,3,248,2
10431,3,249,2
10432,3,250,2
10433,3,251,2
10434,3,252,2
10435,3,253,2
10436,3,254,2
10437,3,255,2
10438,3,256,2
10439,3,257,2
10440,3,258,2
10441,3,259,2
10442,3,260,2
10443,3,261,2
10444,3,262,2
10445,3,263,2
10446,3,264,2
10447,3,265,2
10448,3,266,2
10449,3,267,2
10450,3,268,2
10451,3,269,2
10452,3,270,2
10453,3,271,2
10454,3,272,2
10455,3,273,2
10456,3,274,2
10457,3,275,2
10458,3,276,2
10459,3,277,2
10460,3,278,2
10461,3,279,2
10462,3,280,2
10463,3,281,2
10464,3,282,2
10465,3,283,2
10466,3,284,2
10467,3,285,2
10468,3,286,2
10469,3,287,2
10470,3,288,2
10471,3,289,2
10472,3,290,2
10473,3,291,2
10474,3,292,2
10475,3,293,2
10476,3,294,2
10477,3,295,2
10478,3,296,2
10479,3,297,2
10480,3,298,2
10481,3,299,2
10482,3,300,2
10483,3,301,2
10484,3,302,2
10485,3,303,2
10486,3,304,2
10487,3,305,2
10488,3,306,2
10489,3,307,2
10490,3,308,2
10491,3,309,2
10492,3,310,2
10493,3,311,2
10494,3,312,2
10495,3,313,2
10496,3,314,2
10497,3,315,2
10498,3,316,2
10499,3,317,2
10500,3,318,2
10501,3,319,2
10502,3,320,2
10503,3,321,2
10504,3,322,2
10505,3,323,2
10506,3,324,2
10507,3,325,2
10508,3,326,2
10509,3,327,2
10510,3,328,2
10511,3,329,2
10512,3,330,2
10513,3,331,2
10514,3,332,2
10515,3,333,2
10516,3,334,2
10517,3,335,2
10518,3,336,2
10519,3,337,2
10520,3,338,2
10521,3,339,2
10522,3,340,2
10523,3,341,2
10524,3,342,2
10525,3,343,2
10526,3,344,2
10527,3,345,2
10528,3,346,2
10529,3,347,2
10530,3,348,2
10531,3,349,2
10532,3,350,2
10533,3,351,2
10534,3,352,2
10535,3,353,2
10536,3,354,2
10537,3,355,2
10538,3,356,2
10539,3,357,2
10540,3,358,2
10541,3,359,2
10542,3,360,2
10543,3,361,2
10544,3,362,2
10545,3,363,2
10546,3,364,2
10547,3,365,2
10548,3,366,2
10549,3,367,2
10550,3,368,2
10551,3,369,2
10552,3,370,2
10553,3,371,2
10554,3,372,2
10555,3,373,2
10556,3,374,2
10557,3,375,2
10558,3,376,2
10559,3,377,2
10560,3,378,2
10561,3,379,2
10562,3,380,2
10563,3,381,2
10564,3,382,2
10565,3,383,2
10566,3,384,2
10567,3,385,2
10568,3,386,2
10569,3,387,2
10570,3,388,2
10571,3,389,2
10572,3,390,2
10573,3,391,2
10574,3,392,2
10575,3,393,2
10576,3,394,2
10577,3,395,2
10578,3,396,2
10579,3,397,2
10580,3,398,2
10581,3,399,2
10582,3,400,2
10583,3,401,2
10584,3,402,2
10585,3,403,2
10586,3,404,2
10587,3,405,2
10588,3,406,2
10589,3,407,2
10590,3,408,2
10591,3,409,2
10592,3,410,2
10593,3,411,2
10594,3,412,2
10595,3,413,2
10596,3,414,2
10597,3,415,2
10598,3,416,2
10599,3,417,2
10600,3,418,2
10601,3,419,2
10602,3,420,2
10603,3,421,2
10604,3,422,2
10605,3,423,2
10606,3,424,2
10607,3,425,2
10608,3,426,2
10609,3,427,2
10610,3,428,2
10611,3,429,2
10612,3,430,2
10613,3,431,2
10614,3,432,2
10615,3,433,2
10616,3,434,2
10617,3,435,2
10618,3,436,2
10619,3,437,2
10620,3,438,2
10621,3,439,2
10622,3,440,2
10623,3,441,2
10624,3,442,2
10625,3,443,2
10626,3,444,2
10627,3,445,2
10628,3,446,2
10629,3,447,2
10630,3,448,2
10631,3,449,2
10632,3,450,2
10633,3,451,2
10634,3,452,2
10635,3,453,2
10636,3,454,2
10637,3,455,2
10638,3,456,2
10639,3,457,2
10640,3,458,2
10641,3,459,2
10642,3,460,2
10643,3,461,2
10644,3,462,2
10645,3,463,2
10646,3,464,2
10647,3,465,2
10648,3,466,2
10649,3,467,2
10650,3,468,2
10651,3,469,2
10652,3,470,2
10653,3,471,2
10654,3,472,2
10655,3,473,2
10656,3,474,2
10657,3,475,2
10658,3,476,2
10659,3,477,2
10660,3,478,2
10661,3,479,2
10662,3,480,2
10663,3,481,2
10664,3,482,2
10665,3,483,2
10666,3,484,2
10667,3,485,2
10668,3,486,2
10669,3,487,2
10670,3,488,2
10671,3,489,2
10672,3,490,2
10673,3,491,2
10674,3,492,2
10675,3,493,2
10676,3,494,2
10677,3,495,2
10678,3,496,2
10679,3,497,2
10680,3,498,2
10681,3,499,2
10682,3,500,2
10683,3,501,2
10684,3,502,2
10685,3,503,2
10686,3,504,2
10687,3,505,2
10688,3,506,2
10689,3,507,2
10690,3,508,2
10691,3,509,2
10692,3,510,2
10693,3,511,2
10694,3,512,2
10695,3,513,2
10696,3,514,2
10697,3,515,2
10698,3,516,2
10699,3,517,2
10700,3,518,2
10701,3,519,2
10702,3,520,2
10703,3,521,2
10704,3,522,2
10705,3,523,2
10706,3,524,2
10707,3,525,2
10708,3,526,2
10709,3,527,2
10710,3,528,2
10711,3,529,2
10712,3,530,2
10713,3,531,2
10714,3,532,2
10715,3,533,2
10716,3,534,2
10717,3,535,2
10718,3,536,2
10719,3,537,2
10720,3,538,2
10721,3,539,2
10722,3,540,2
10723,3,541,2
10724,3,542,2
10725,3,543,2
10726,3,544,2
10727,3,545,2
10728,3,546,2
10729,3,547,2
10730,3,548,2
10731,3,549,2
10732,3,550,2
10733,3,551,2
10734,3,552,2
10735,3,553,2
10736,3,554,2
10737,3,555,2
10738,3,556,2
10739,3,557,2
10740,3,558,2
10741,3,559,2
10742,3,560,2
10743,3,561,2
10744,3,562,2
10745,3,563,2
10746,3,564,2
10747,3,565,2
10748,3,566,2
10749,3,567,2
10750,3,568,2
10751,3,569,2
10752,3,570,2
10753,3,571,2
10754,3,572,2
10755,3,573,2
10756,3,574,2
10757,3,575,2
10758,3,576,2
10759,3,577,2
10760,3,578,2
10761,3,579,2
10762,3,580,2
10763,3,581,2
10764,3,582,2
10765,3,583,2
10766,3,584,2
10767,3,585,2
10768,3,586,2
10769,3,587,2
10770,3,588,2
10771,3,589,2
10772,3,590,2
10773,3,591,2
10774,3,592,2
10775,3,593,2
10776,3,594,2
10777,3,595,2
10778,3,596,2
10779,3,597,2
10780,3,598,2
10781,3,599,2
10782,3,600,2
10783,3,601,2
10784,3,602,2
10785,3,603,2
10786,3,604,2
10787,3,605,2
10788,3,606,2
10789,3,607,2
10790,3,608,2
10791,3,609,2
10792,3,610,2
10793,3,611,2
10794,3,612,2
10795,3,613,2
10796,3,614,2
10797,3,615,2
10798,3,616,2
10799,3,617,2
10800,3,618,2
10801,3,619,2
10802,3,620,2
10803,3,621,2
10804,3,622,2
10805,3,623,2
10806,3,624,2
10807,3,625,2
10808,3,626,2
10809,3,627,2
10810,3,628,2
10811,3,629,2
10812,3,630,2
10813,3,631,2
10814,3,632,2
10815,3,633,2
10816,3,634,2
10817,3,635,2
10818,3,636,2
10819,3,637,2
10820,3,638,2
10821,3,639,2
10822,3,640,2
10823,3,641,2
10824,3,642,2
10825,3,643,2
10826,3,644,2
10827,3,645,2
10828,3,646,2
10829,3,647,2
10830,3,648,2
10831,3,649,2
10832,3,650,2
10833,3,651,2
10834,3,652,2
10835,3,653,2
10836,3,654,2
10837,3,655,2
10838,3,656,2
10839,3,657,2
10840,3,658,2
10841,3,659,2
10842,3,660,2
10843,3,661,2
10844,3,662,2
10845,3,663,2
10846,3,664,2
10847,3,665,2
10848,3,666,2
10849,3,667,2
10850,3,668,2
10851,3,669,2
10852,3,670,2
10853,3,671,2
10854,3,672,2
10855,3,673,2
10856,3,674,2
10857,3,675,2
10858,3,676,2
10859,3,677,2
10860,3,678,2
10861,3,679,2
10862,3,680,2
10863,3,681,2
10864,3,682,2
10865,3,683,2
10866,3,684,2
10867,3,685,2
10868,3,686,2
10869,3,687,2
10870,3,688,2
10871,3,689,2
10872,3,690,2
10873,3,691,2
10874,3,692,2
10875,3,693,2
10876,3,694,2
10877,3,695,2
10878,3,696,2
10879,3,697,2
10880,3,698,2
10881,3,699,2
10882,3,700,2
10883,3,701,2
10884,3,702,2
10885,3,703,2
10886,3,704,2
10887,3,705,2
10888,3,706,2
10889,3,707,2
10890,3,708,2
10891,3,709,2
10892,3,710,2
10893,3,711,2
10894,3,712,2
10895,3,713,2
10896,3,714,2
10897,3,715,2
10898,3,716,2
10899,3,717,2
10900,3,718,2
10901,3,719,2
10902,3,720,2
10903,3,721,2
10904,3,722,2
10905,3,723,2
10906,3,724,2
10907,3,725,2
10908,3,726,2
10909,3,727,2
10910,3,728,2
10911,3,729,2
10912,3,730,2
10913,3,731,2
10914,3,732,2
10915,3,733,2
10916,3,734,2
10917,3,735,2
10918,3,736,2
10919,3,737,2
10920,3,738,2
10921,3,739,2
10922,3,740,2
10923,3,741,2
10924,3,742,2
10925,3,743,2
10926,3,744,2
10927,3,745,2
10928,3,746,2
10929,3,747,2
10930,3,748,2
10931,3,749,2
10932,3,750,2
10933,3,751,2
10934,3,752,2
10935,3,753,2
10936,3,754,2
10937,3,755,2
10938,3,756,2
10939,3,757,2
10940,3,758,2
10941,3,759,2
10942,3,760,2
10943,3,761,2
10944,3,762,2
10945,3,763,2
10946,3,764,2
10947,3,765,2
10948,3,766,2
10949,3,767,2
10950,3,768,2
10951,3,769,2
10952,3,770,2
10953,3,771,2
10954,3,772,2
10955,3,773,2
10956,3,774,2
10957,3,775,2
10958,3,776,2
10959,3,777,2
10960,3,778,2
10961,3,779,2
10962,3,780,2
10963,3,781,2
10964,3,782,2
10965,3,783,2
10966,3,784,2
10967,3,785,2
10968,3,786,2
10969,3,787,2
10970,3,788,2
10971,3,789,2
10972,3,790,2
10973,3,791,2
10974,3,792,2
10975,3,793,2
10976,3,794,2
10977,3,795,2
10978,3,796,2
10979,3,797,2
10980,3,798,2
10981,3,799,2
10982,3,800,2
10983,3,801,2
10984,3,802,2
10985,3,803,2
10986,3,804,2
10987,3,805,2
10988,3,806,2
10989,3,807,2
10990,3,808,2
10991,3,809,2
10992,3,810,2
10993,3,811,2
10994,3,812,2
10995,3,813,2
10996,3,814,2
10997,3,815,2
10998,3,816,2
10999,3,817,2
11000,3,818,2
11001,3,819,2
11002,3,820,2
11003,3,821,2
11004,3,822,2
11005,3,823,2
11006,3,824,2
11007,3,825,2
11008,3,826,2
11009,3,827,2
11010,3,828,2
11011,3,829,2
11012,3,830,2
11013,3,831,2
11014,3,832,2
11015,3,833,2
11016,3,834,2
11017,3,835,2
11018,3,836,2
11019,3,837,2
11020,3,838,2
11021,3,839,2
11022,3,840,2
11023,3,841,2
11024,3,842,2
11025,3,843,2
11026,3,844,2
11027,3,845,2
11028,3,846,2
11029,3,847,2
11030,3,848,2
11031,3,849,2
11032,3,850,2
11033,3,851,2
11034,3,852,2
11035,3,853,2
11036,3,854,2
11037,3,855,2
11038,3,856,2
11039,3,857,2
11040,3,858,2
11041,3,859,2
11042,3,860,2
11043,3,861,2
11044,3,862,2
11045,3,863,2
11046,3,864,2
11047,3,865,2
11048,3,866,2
11049,3,867,2
11050,3,868,2
11051,3,869,2
11052,3,870,2
11053,3,871,2
11054,3,872,2
11055,3,873,2
11056,3,874,2
11057,3,875,2
11058,3,876,2
11059,3,877,2
11060,3,878,2
11061,3,879,2
11062,3,880,2
11063,3,881,2
11064,3,882,2
11065,3,883,2
11066,3,884,2
11067,3,885,2
11068,3,886,2
11069,3,887,2
11070,3,888,2
11071,3,889,2
11072,3,890,2
11073,3,891,2
11074,3,892,2
11075,3,893,2
11076,3,894,2
11077,3,895,2
11078,3,896,2
11079,3,897,2
11080,3,898,2
11081,3,899,2
11082,3,900,2
11083,3,901,2
11084,3,902,2
11085,3,903,2
11086,3,904,2
11087,3,905,2
11088,3,906,2
11089,3,907,2
11090,3,908,2
11091,3,909,2
11092,3,910,2
11093,3,911,2
11094,3,912,2
11095,3,913,2
11096,3,914,2
11097,3,915,2
11098,3,916,2
11099,3,917,2
11100,3,918,2
11101,3,919,2
11102,3,920,2
11103,3,921,2
11104,3,922,2
11105,3,923,2
11106,3,924,2
11107,3,925,2
11108,3,926,2
11109,3,927,2
11110,3,928,2
11111,3,929,2
11112,3,930,2
11113,3,931,2
11114,3,932,2
11115,3,933,2
11116,3,934,2
11117,3,935,2
11118,3,936,2
11119,3,937,2
11120,3,938,2
11121,3,939,2
11122,3,940,2
11123,3,941,2
11124,3,942,2
11125,3,943,2
11126,3,944,2
11127,3,945,2
11128,3,946,2
11129,3,947,2
11130,3,948,2
11131,3,949,2
11132,3,950,2
11133,3,951,2
11134,3,952,2
11135,3,953,2
11136,3,954,2
11137,3,955,2
11138,3,956,2
11139,3,957,2
11140,3,958,2
11141,3,959,2
11142,3,960,2
11143,3,961,2
11144,3,962,2
11145,3,963,2
11146,3,964,2
11147,3,965,2
11148,3,966,2
11149,3,967,2
11150,3,968,2
11151,3,969,2
11152,3,970,2
11153,3,971,2
11154,3,972,2
11155,3,973,2
11156,3,974,2
11157,3,975,2
11158,3,976,2
11159,3,977,2
11160,3,978,2
11161,3,979,2
11162,3,980,2
11163,3,981,2
11164,3,982,2
11165,3,983,2
11166,3,984,2
11167,3,985,2
11168,3,986,2
11169,3,987,2
11170,3,988,2
11171,3,989,2
11172,3,990,2
11173,3,991,2
11174,3,992,2
11175,3,993,2
11176,3,994,2
11177,3,995,2
11178,3,996,2
11179,3,997,2
11180,3,998,2
11181,3,999,2
11182,3,1000,2
11183,3,1001,2
11184,3,1002,2
11185,3,1003,2
11186,3,1004,2
11187,3,1005,2
11188,3,1006,2
11189,3,1007,2
11190,3,1008,2
11191,3,1009,2
11192,3,1010,2
11193,3,1011,2
11194,3,1012,2
11195,3,1013,2
11196,3,1014,2
11197,3,1015,2
11198,3,1016,2
11199,3,1017,2
11200,3,1018,2
11201,3,1019,2
11202,3,1020,2
11203,3,1021,2
11204,3,1022,2
11205,3,1023,2
11206,3,1024,2
11207,3,1025,2
11208,3,1026,2
11209,3,1027,2
11210,3,1028,2
11211,3,1029,2
11212,3,1030,2
11213,3,1031,2
11214,3,1032,2
11215,3,1033,2
11216,3,1034,2
11217,3,1035,2
11218,3,1036,2
11219,3,1037,2
11220,3,1038,2
11221,3,1039,2
11222,3,1040,2
11223,3,1041,2
11224,3,1042,2
11225,3,1043,2
11226,3,1044,2
11227,3,1045,2
11228,3,1046,2
11229,3,1047,2
11230,3,1048,2
11231,3,1049,2
11232,3,1050,2
11233,3,1051,2
11234,3,1052,2
11235,3,1053,2
11236,3,1054,2
11237,3,1055,2
11238,3,1056,2
11239,3,1057,2
11240,3,1058,2
11241,3,1059,2
11242,3,1060,2
11243,3,1061,2
11244,3,1062,2
11245,3,1063,2
11246,3,1064,2
11247,3,1065,2
11248,3,1066,2
11249,3,1067,2
11250,3,1068,2
11251,3,1069,2
11252,3,1070,2
11253,3,1071,2
11254,3,1072,2
11255,3,1073,2
11256,3,1074,2
11257,3,1075,2
11258,3,1076,2
11259,3,1077,2
11260,3,1078,2
11261,3,1079,2
11262,3,1080,2
11263,3,1081,2
11264,3,1082,2
11265,3,1083,2
11266,3,1084,2
11267,3,1085,2
11268,3,1086,2
11269,3,1087,2
11270,3,1088,2
11271,3,1089,2
11272,3,1090,2
11273,3,1091,2
11274,3,1092,2
11275,3,1093,2
11276,3,1094,2
11277,3,1095,2
11278,3,1096,2
11279,3,1097,2
11280,3,1098,2
11281,3,1099,2
11282,3,1100,2
11283,3,1101,2
11284,3,1102,2
11285,3,1103,2
11286,3,1104,2
11287,3,1105,2
11288,3,1106,2
11289,3,1107,2
11290,3,1108,2
11291,3,1109,2
11292,3,1110,2
11293,3,1111,2
11294,3,1112,2
11295,3,1113,2
11296,3,1114,2
11297,3,1115,2
11298,3,1116,2
11299,3,1117,2
11300,3,1118,2
11301,3,1119,2
11302,3,1120,2
11303,3,1121,2
11304,3,1122,2
11305,3,1123,2
11306,3,1124,2
11307,3,1125,2
11308,3,1126,2
11309,3,1127,2
11310,3,1128,2
11311,3,1129,2
11312,3,1130,2
11313,3,1131,2
11314,3,1132,2
11315,3,1133,2
11316,3,1134,2
11317,3,1135,2
11318,3,1136,2
11319,3,1137,2
11320,3,1138,2
11321,3,1139,2
11322,3,1140,2
11323,3,1141,2
11324,3,1142,2
11325,3,1143,2
11326,3,1144,2
11327,3,1145,2
11328,3,1146,2
11329,3,1147,2
11330,3,1148,2
11331,3,1149,2
11332,3,1150,2
11333,3,1151,2
11334,3,1152,2
11335,3,1153,2
11336,3,1154,2
11337,3,1155,2
11338,3,1156,2
11339,3,1157,2
11340,3,1158,2
11341,3,1159,2
11342,3,1160,2
11343,3,1161,2
11344,3,1162,2
11345,3,1163,2
11346,3,1164,2
11347,3,1165,2
11348,3,1166,2
11349,3,1167,2
11350,3,1168,2
11351,3,1169,2
11352,3,1170,2
11353,3,1171,2
11354,3,1172,2
11355,3,1173,2
11356,3,1174,2
11357,3,1175,2
11358,3,1176,2
11359,3,1177,2
11360,3,1178,2
11361,3,1179,2
11362,3,1180,2
11363,3,1181,2
11364,3,1182,2
11365,3,1183,2
11366,3,1184,2
11367,3,1185,2
11368,3,1186,2
11369,3,1187,2
11370,3,1188,2
11371,3,1189,2
11372,3,1190,2
11373,3,1191,2
11374,3,1192,2
11375,3,1193,2
11376,3,1194,2
11377,3,1195,2
11378,3,1196,2
11379,3,1197,2
11380,3,1198,2
11381,3,1199,2
11382,3,1200,2
11383,3,1201,2
11384,3,1202,2
11385,3,1203,2
11386,3,1204,2
11387,3,1205,2
11388,3,1206,2
11389,3,1207,2
11390,3,1208,2
11391,3,1209,2
11392,3,1210,2
11393,3,1211,2
11394,3,1212,2
11395,3,1213,2
11396,3,1214,2
11397,3,1215,2
11398,3,1216,2
11399,3,1217,2
11400,3,1218,2
11401,3,1219,2
11402,3,1220,2
11403,3,1221,2
11404,3,1222,2
11405,3,1223,2
11406,3,1224,2
11407,3,1225,2
11408,3,1226,2
11409,3,1227,2
11410,3,1228,2
11411,3,1229,2
11412,3,1230,2
11413,3,1231,2
11414,3,1232,2
11415,3,1233,2
11416,3,1234,2
11417,3,1235,2
11418,3,1236,2
11419,3,1237,2
11420,3,1238,2
11421,3,1239,2
11422,3,1240,2
11423,3,1241,2
11424,3,1242,2
11425,3,1243,2
11426,3,1244,2
11427,3,1245,2
11428,3,1246,2
11429,3,1247,2
11430,3,1248,2
11431,3,1249,2
11432,3,1250,2
11433,3,1251,2
11434,3,1252,2
11435,3,1253,2
11436,3,1254,2
11437,3,1255,2
11438,3,1256,2
11439,3,1257,2
11440,3,1258,2
11441,3,1259,2
11442,3,1260,2
11443,3,1261,2
11444,3,1262,2
11445,3,1263,2
11446,3,1264,2
11447,3,1265,2
11448,3,1266,2
11449,3,1267,2
11450,3,1268,2
11451,3,1269,2
11452,3,1270,2
11453,3,1271,2
11454,3,1272,2
11455,3,1273,2
11456,3,1274,2
11457,3,1275,2
11458,3,1276,2
11459,3,1277,2
11460,3,1278,2
11461,3,1279,2
11462,3,1280,2
11463,3,1281,2
11464,3,1282,2
11465,3,1283,2
11466,3,1284,2
11467,3,1285,2
11468,3,1286,2
11469,3,1287,2
11470,3,1288,2
11471,3,1289,2
11472,3,1290,2
11473,3,1291,2
11474,3,1292,2
11475,3,1293,2
11476,3,1294,2
11477,3,1295,2
11478,3,1296,2
11479,3,1297,2
11480,3,1298,2
11481,3,1299,2
11482,3,1300,2
11483,3,1301,2
11484,3,1302,2
11485,3,1303,2
11486,3,1304,2
11487,3,1305,2
11488,3,1306,2
11489,3,1307,2
11490,3,1308,2
11491,3,1309,2
11492,3,1310,2
11493,3,1311,2
11494,3,1312,2
11495,3,1313,2
11496,3,1314,2
11497,3,1315,2
11498,3,1316,2
11499,3,1317,2
11500,3,1318,2
11501,3,1319,2
11502,3,1320,2
11503,3,1321,2
11504,3,1322,2
11505,3,1323,2
11506,3,1324,2
11507,3,1325,2
11508,3,1326,2
11509,3,1327,2
11510,3,1328,2
11511,3,1329,2
11512,3,1330,2
11513,3,1331,2
11514,3,1332,2
11515,3,1333,2
11516,3,1334,2
11517,3,1335,2
11518,3,1336,2
11519,3,1337,2
11520,3,1338,2
11521,3,1339,2
11522,3,1340,2
11523,3,1341,2
11524,3,1342,2
11525,3,1343,2
11526,3,1344,2
11527,3,1345,2
11528,3,1346,2
11529,3,1347,2
11530,3,1348,2
11531,3,1349,2
11532,3,1350,2
11533,3,1351,2
11534,3,1352,2
11535,3,1353,2
11536,3,1354,2
11537,3,1355,2
11538,3,1356,2
11539,3,1357,2
11540,3,1358,2
11541,3,1359,2
11542,3,1360,2
11543,3,1361,2
11544,3,1362,2
11545,3,1363,2
11546,3,1364,2
11547,3,1365,2
11548,3,1366,2
11549,3,1367,2
11550,3,1368,2
11551,3,1369,2
11552,3,1370,2
11553,3,1371,2
11554,3,1372,2
11555,3,1373,2
11556,3,1374,2
11557,3,1375,2
11558,3,1376,2
11559,3,1377,2
11560,3,1378,2
11561,3,1379,2
11562,3,1380,2
11563,3,1381,2
11564,3,1382,2
11565,3,1383,2
11566,3,1384,2
11567,3,1385,2
11568,3,1386,2
11569,3,1387,2
11570,3,1388,2
11571,3,1389,2
11572,3,1390,2
11573,3,1391,2
11574,3,1392,2
11575,3,1393,2
11576,3,1394,2
11577,3,1395,2
11578,3,1396,2
11579,3,1397,2
11580,3,1398,2
11581,3,1399,2
11582,3,1400,2
11583,3,1401,2
11584,3,1402,2
11585,3,1403,2
11586,3,1404,2
11587,3,1405,2
11588,3,1406,2
11589,3,1407,2
11590,3,1408,2
11591,3,1409,2
11592,3,1410,2
11593,3,1411,2
11594,3,1412,2
11595,3,1413,2
11596,3,1414,2
11597,3,1415,2
11598,3,1416,2
11599,3,1417,2
11600,3,1418,2
11601,3,1419,2
11602,3,1420,2
11603,3,1421,2
11604,3,1422,2
11605,3,1423,2
11606,3,1424,2
11607,3,1425,2
11608,3,1426,2
11609,3,1427,2
11610,3,1428,2
11611,3,1429,2
11612,3,1430,2
11613,3,1431,2
11614,3,1432,2
11615,3,1433,2
11616,3,1434,2
11617,3,1435,2
11618,3,1436,2
11619,3,1437,2
11620,3,1438,2
11621,3,1439,2
11622,3,1440,2
11623,3,1441,2
11624,3,1442,2
11625,3,1443,2
11626,3,1444,2
11627,3,1445,2
11628,3,1446,2
11629,3,1447,2
11630,3,1448,2
11631,3,1449,2
11632,3,1450,2
11633,3,1451,2
11634,3,1452,2
11635,3,1453,2
11636,3,1454,2
11637,3,1455,2
11638,3,1456,2
11639,3,1457,2
11640,3,1458,2
11641,3,1459,2
11642,3,1460,2
11643,3,1461,2
11644,3,1462,2
11645,3,1463,2
11646,3,1464,2
11647,3,1465,2
11648,3,1466,2
11649,3,1467,2
11650,3,1468,2
11651,3,1469,2
11652,3,1470,2
11653,3,1471,2
11654,3,1472,2
11655,3,1473,2
11656,3,1474,2
11657,3,1475,2
11658,3,1476,2
11659,3,1477,2
11660,3,1478,2
11661,3,1479,2
11662,3,1480,2
11663,3,1481,2
11664,3,1482,2
11665,3,1483,2
11666,3,1484,2
11667,3,1485,2
11668,3,1486,2
11669,3,1487,2
11670,3,1488,2
11671,3,1489,2
11672,3,1490,2
11673,3,1491,2
11674,3,1492,2
11675,3,1493,2
11676,3,1494,2
11677,3,1495,2
11678,3,1496,2
11679,3,1497,2
11680,3,1498,2
11681,3,1499,2
11682,3,1500,2
11683,3,1501,2
11684,3,1502,2
11685,3,1503,2
11686,3,1504,2
11687,3,1505,2
11688,3,1506,2
11689,3,1507,2
11690,3,1508,2
11691,3,1509,2
11692,3,1510,2
11693,3,1511,2
11694,3,1512,2
11695,3,1513,2
11696,3,1514,2
11697,3,1515,2
11698,3,1516,2
11699,3,1517,2
11700,3,1518,2
11701,3,1519,2
11702,3,1520,2
11703,3,1521,2
11704,3,1522,2
11705,3,1523,2
11706,3,1524,2
11707,3,1525,2
11708,3,1526,2
11709,3,1527,2
11710,3,1528,2
11711,3,1529,2
11712,3,1530,2
11713,3,1531,2
11714,3,1532,2
11715,3,1533,2
11716,3,1534,2
11717,3,1535,2
11718,3,1536,2
11719,3,1537,2
11720,3,1538,2
11721,3,1539,2
11722,3,1540,2
11723,3,1541,2
11724,3,1542,2
11725,3,1543,2
11726,3,1544,2
11727,3,1545,2
11728,3,1546,2
11729,3,1547,2
11730,3,1548,2
11731,3,1549,2
11732,3,1550,2
11733,3,1551,2
11734,3,1552,2
11735,3,1553,2
11736,3,1554,2
11737,3,1555,2
11738,3,1556,2
11739,3,1557,2
11740,3,1558,2
11741,3,1559,2
11742,3,1560,2
11743,3,1561,2
11744,3,1562,2
11745,3,1563,2
11746,3,1564,2
11747,3,1565,2
11748,3,1566,2
11749,3,1567,2
11750,3,1568,2
11751,3,1569,2
11752,3,1570,2
11753,3,1571,2
11754,3,1572,2
11755,3,1573,2
11756,3,1574,2
11757,3,1575,2
11758,3,1576,2
11759,3,1577,2
11760,3,1578,2
11761,3,1579,2
11762,3,1580,2
11763,3,1581,2
11764,3,1582,2
11765,3,1583,2
11766,3,1584,2
11767,3,1585,2
11768,3,1586,2
11769,3,1587,2
11770,3,1588,2
11771,3,1589,2
11772,3,1590,2
11773,3,1591,2
11774,3,1592,2
11775,3,1593,2
11776,3,1594,2
11777,3,1595,2
11778,3,1596,2
11779,3,1597,2
11780,3,1598,2
11781,3,1599,2
11782,3,1600,2
11783,3,1601,2
11784,3,1602,2
11785,3,1603,2
11786,3,1604,2
11787,3,1605,2
11788,3,1606,2
11789,3,1607,2
11790,3,1608,2
11791,3,1609,2
11792,3,1610,2
11793,3,1611,2
11794,3,1612,2
11795,3,1613,2
11796,3,1614,2
11797,3,1615,2
11798,3,1616,2
11799,3,1617,2
11800,3,1618,2
11801,3,1619,2
11802,3,1620,2
11803,3,1621,2
11804,3,1622,2
11805,3,1623,2
11806,3,1624,2
11807,3,1625,2
11808,3,1626,2
11809,3,1627,2
11810,3,1628,2
11811,3,1629,2
11812,3,1630,2
11813,3,1631,2
11814,3,1632,2
11815,3,1633,2
11816,3,1634,2
11817,3,1635,2
11818,3,1636,2
11819,3,1637,2
11820,3,1638,2
11821,3,1639,2
11822,3,1640,2
11823,3,1641,2
11824,3,1642,2
11825,3,1643,2
11826,3,1644,2
11827,3,1645,2
11828,3,1646,2
11829,3,1647,2
11830,3,1648,2
11831,3,1649,2
11832,3,1650,2
11833,3,1651,2
11834,3,1652,2
11835,3,1653,2
11836,3,1654,2
11837,3,1655,2
11838,3,1656,2
11839,3,1657,2
11840,3,1658,2
11841,3,1659,2
11842,3,1660,2
11843,3,1661,2
11844,3,1662,2
11845,3,1663,2
11846,3,1664,2
11847,3,1665,2
11848,3,1666,2
11849,3,1667,2
11850,3,1668,2
11851,3,1669,2
11852,3,1670,2
11853,3,1671,2
11854,3,1672,2
11855,3,1673,2
11856,3,1674,2
11857,3,1675,2
11858,3,1676,2
11859,3,1677,2
11860,3,1678,2
11861,3,1679,2
11862,3,1680,2
11863,3,1681,2
11864,3,1682,2
11865,3,1683,2
11866,3,1684,2
11867,3,1685,2
11868,3,1686,2
11869,3,1687,2
11870,3,1688,2
11871,3,1689,2
11872,3,1690,2
11873,3,1691,2
11874,3,1692,2
11875,3,1693,2
11876,3,1694,2
11877,3,1695,2
11878,3,1696,2
11879,3,1697,2
11880,3,1698,2
11881,3,1699,2
11882,3,1700,2
11883,3,1701,2
11884,3,1702,2
11885,3,1703,2
11886,3,1704,2
11887,3,1705,2
11888,3,1706,2
11889,3,1707,2
11890,3,1708,2
11891,3,1709,2
11892,3,1710,2
11893,3,1711,2
11894,3,1712,2
11895,3,1713,2
11896,3,1714,2
11897,3,1715,2
11898,3,1716,2
11899,3,1717,2
11900,3,1718,2
11901,3,1719,2
11902,3,1720,2
11903,3,1721,2
11904,3,1722,2
11905,3,1723,2
11906,3,1724,2
11907,3,1725,2
11908,3,1726,2
11909,3,1727,2
11910,3,1728,2
11911,3,1729,2
11912,3,1730,2
11913,3,1731,2
11914,3,1732,2
11915,3,1733,2
11916,3,1734,2
11917,3,1735,2
11918,3,1736,2
11919,3,1737,2
11920,3,1738,2
11921,3,1739,2
11922,3,1740,2
11923,3,1741,2
11924,3,1742,2
11925,3,1743,2
11926,3,1744,2
11927,3,1745,2
11928,3,1746,2
11929,3,1747,2
11930,3,1748,2
11931,3,1749,2
11932,3,1750,2
11933,3,1751,2
11934,3,1752,2
11935,3,1753,2
11936,3,1754,2
11937,3,1755,2
11938,3,1756,2
11939,3,1757,2
11940,3,1758,2
11941,3,1759,2
11942,3,1760,2
11943,3,1761,2
11944,3,1762,2
11945,3,1763,2
11946,3,1764,2
11947,3,1765,2
11948,3,1766,2
11949,3,1767,2
11950,3,1768,2
11951,3,1769,2
11952,3,1770,2
11953,3,1771,2
11954,3,1772,2
11955,3,1773,2
11956,3,1774,2
11957,3,1775,2
11958,3,1776,2
11959,3,1777,2
11960,3,1778,2
11961,3,1779,2
11962,3,1780,2
11963,3,1781,2
11964,3,1782,2
11965,3,1783,2
11966,3,1784,2
11967,3,1785,2
11968,3,1786,2
11969,3,1787,2
11970,3,1788,2
11971,3,1789,2
11972,3,1790,2
11973,3,1791,2
11974,3,1792,2
11975,3,1793,2
11976,3,1794,2
11977,3,1795,2
11978,3,1796,2
11979,3,1797,2
11980,3,1798,2
11981,3,1799,2
11982,3,1800,2
11983,3,1801,2
11984,3,1802,2
11985,3,1803,2
11986,3,1804,2
11987,3,1805,2
11988,3,1806,2
11989,3,1807,2
11990,3,1808,2
11991,3,1809,2
11992,3,1810,2
11993,3,1811,2
11994,3,1812,2
11995,3,1813,2
11996,3,1814,2
11997,3,1815,2
11998,3,1816,2
11999,3,1817,2
12000,3,1818,2
12001,3,1819,2
12002,3,1820,2
12003,3,1821,2
12004,3,1822,2
12005,3,1823,2
12006,3,1824,2
12007,3,1825,2
12008,3,1826,2
12009,3,1827,2
12010,3,1828,2
12011,3,1829,2
12012,3,1830,2
12013,3,1831,2
12014,3,1832,2
12015,3,1833,2
12016,3,1834,2
12017,3,1835,2
12018,3,1836,2
12019,3,1837,2
12020,3,1838,2
12021,3,1839,2
12022,3,1840,2
12023,3,1841,2
12024,3,1842,2
12025,3,1843,2
12026,3,1844,2
12027,3,1845,2
12028,3,1846,2
12029,3,1847,2
12030,3,1848,2
12031,3,1849,2
12032,3,1850,2
12033,3,1851,2
12034,3,1852,2
12035,3,1853,2
12036,3,1854,2
12037,3,1855,2
12038,3,1856,2
12039,3,1857,2
12040,3,1858,2
12041,3,1859,2
12042,3,1860,2
12043,3,1861,2
12044,3,1862,2
12045,3,1863,2
12046,3,1864,2
12047,3,1865,2
12048,3,1866,2
12049,3,1867,2
12050,3,1868,2
12051,3,1869,2
12052,3,1870,2
12053,3,1871,2
12054,3,1872,2
12055,3,1873,2
12056,3,1874,2
12057,3,1875,2
12058,3,1876,2
12059,3,1877,2
12060,3,1878,2
12061,3,1879,2
12062,3,1880,2
12063,3,1881,2
12064,3,1882,2
12065,3,1883,2
12066,3,1884,2
12067,3,1885,2
12068,3,1886,2
12069,3,1887,2
12070,3,1888,2
12071,3,1889,2
12072,3,1890,2
12073,3,1891,2
12074,3,1892,2
12075,3,1893,2
12076,3,1894,2
12077,3,1895,2
12078,3,1896,2
12079,3,1897,2
12080,3,1898,2
12081,3,1899,2
12082,3,1900,2
12083,3,1901,2
12084,3,1902,2
12085,3,1903,2
12086,3,1904,2
12087,3,1905,2
12088,3,1906,2
12089,3,1907,2
12090,3,1908,2
12091,3,1909,2
12092,3,1910,2
12093,3,1911,2
12094,3,1912,2
12095,3,1913,2
12096,3,1914,2
12097,3,1915,2
12098,3,1916,2
12099,3,1917,2
12100,3,1918,2
12101,3,1919,2
12102,3,1920,2
12103,3,1921,2
12104,3,1922,2
12105,3,1923,2
12106,3,1924,2
12107,3,1925,2
12108,3,1926,2
12109,3,1927,2
12110,3,1928,2
12111,3,1929,2
12112,3,1930,2
12113,3,1931,2
12114,3,1932,2
12115,3,1933,2
12116,3,1934,2
12117,3,1935,2
12118,3,1936,2
12119,3,1937,2
12120,3,1938,2
12121,3,1939,2
12122,3,1940,2
12123,3,1941,2
12124,3,1942,2
12125,3,1943,2
12126,3,1944,2
12127,3,1945,2
12128,3,1946,2
12129,3,1947,2
12130,3,1948,2
12131,3,1949,2
12132,3,1950,2
12133,3,1951,2
12134,3,1952,2
12135,3,1953,2
12136,3,1954,2
12137,3,1955,2
12138,3,1956,2
12139,3,1957,2
12140,3,1958,2
12141,3,1959,2
12142,3,1960,2
12143,3,1961,2
12144,3,1962,2
12145,3,1963,2
12146,3,1964,2
12147,3,1965,2
12148,3,1966,2
12149,3,1967,2
12150,3,1968,2
12151,3,1969,2
12152,3,1970,2
12153,3,1971,2
12154,3,1972,2
12155,3,1973,2
12156,3,1974,2
12157,3,1975,2
12158,3,1976,2
12159,3,1977,2
12160,3,1978,2
12161,3,1979,2
12162,3,1980,2
12163,3,1981,2
12164,3,1982,2
12165,3,1983,2
12166,3,1984,2
12167,3,1985,2
12168,3,1986,2
12169,3,1987,2
12170,3,1988,2
12171,3,1989,2
12172,3,1990,2
12173,3,1991,2
12174,3,1992,2
12175,3,1993,2
12176,3,1994,2
12177,3,1995,2
12178,3,1996,2
12179,3,1997,2
12180,3,1998,2
12181,3,1999,2
12182,3,2000,2
12183,3,2001,2
12184,3,2002,2
12185,3,2003,2
12186,3,2004,2
12187,3,2005,2
12188,3,2006,2
12189,3,2007,2
12190,3,2008,2
12191,3,2009,2
12192,3,2010,2
12193,3,2011,2
12194,3,2012,2
12195,3,2013,2
12196,3,2014,2
12197,3,2015,2
12198,3,2016,2
12199,3,2017,2
12200,3,2018,2
12201,3,2019,2
12202,3,2020,2
12203,3,2021,2
12204,3,2022,2
12205,3,2023,2
12206,3,2024,2
12207,3,2025,2
12208,3,2026,2
12209,3,2027,2
12210,3,2028,2
12211,3,2029,2
12212,3,2030,2
12213,3,2031,2
12214,3,2032,2
12215,3,2033,2
12216,3,2034,2
12217,3,2035,2
12218,3,2036,2
12219,3,2037,2
12220,3,2038,2
12221,3,2039,2
12222,3,2040,2
12223,3,2041,2
12224,3,2042,2
12225,3,2043,2
12226,3,2044,2
12227,3,2045,2
12228,3,2046,2
12229,3,2047,2
12230,3,2048,2
12231,3,2049,2
12232,3,2050,2
12233,3,2051,2
12234,3,2052,2
12235,3,2053,2
12236,3,2054,2
12237,3,2055,2
12238,3,2056,2
12239,3,2057,2
12240,3,2058,2
12241,3,2059,2
12242,3,2060,2
12243,3,2061,2
12244,3,2062,2
12245,3,2063,2
12246,3,2064,2
12247,3,2065,2
12248,3,2066,2
12249,3,2067,2
12250,3,2068,2
12251,3,2069,2
12252,3,2070,2
12253,3,2071,2
12254,3,2072,2
12255,3,2073,2
12256,3,2074,2
12257,3,2075,2
12258,3,2076,2
12259,3,2077,2
12260,3,2078,2
12261,3,2079,2
12262,3,2080,2
12263,3,2081,2
12264,3,2082,2
12265,3,2083,2
12266,3,2084,2
12267,3,2085,2
12268,3,2086,2
12269,3,2087,2
12270,3,2088,2
12271,3,2089,2
12272,3,2090,2
12273,3,2091,2
12274,3,2092,2
12275,3,2093,2
12276,3,2094,2
12277,3,2095,2
12278,3,2096,2
12279,3,2097,2
12280,3,2098,2
12281,3,2099,2
12282,3,2100,2
12283,3,2101,2
12284,3,2102,2
12285,3,2103,2
12286,3,2104,2
12287,3,2105,2
12288,3,2106,2
12289,3,2107,2
12290,3,2108,2
12291,3,2109,2
12292,3,2110,2
12293,3,2111,2
12294,3,2112,2
12295,3,2113,2
12296,3,2114,2
12297,3,2115,2
12298,3,2116,2
12299,3,2117,2
12300,3,2118,2
12301,3,2119,2
12302,3,2120,2
12303,3,2121,2
12304,3,2122,2
12305,3,2123,2
12306,3,2124,2
12307,3,2125,2
12308,3,2126,2
12309,3,2127,2
12310,3,2128,2
12311,3,2129,2
12312,3,2130,2
12313,3,2131,2
12314,3,2132,2
12315,3,2133,2
12316,3,2134,2
12317,3,2135,2
12318,3,2136,2
12319,3,2137,2
12320,3,2138,2
12321,3,2139,2
12322,3,2140,2
12323,3,2141,2
12324,3,2142,2
12325,3,2143,2
12326,3,2144,2
12327,3,2145,2
12328,3,2146,2
12329,3,2147,2
12330,3,2148,2
12331,3,2149,2
12332,3,2150,2
12333,3,2151,2
12334,3,2152,2
12335,3,2153,2
12336,3,2154,2
12337,3,2155,2
12338,3,2156,2
12339,3,2157,2
12340,3,2158,2
12341,3,2159,2
12342,3,2160,2
12343,3,2161,2
12344,3,2162,2
12345,3,2163,2
12346,3,2164,2
12347,3,2165,2
12348,3,2166,2
12349,3,2167,2
12350,3,2168,2
12351,3,2169,2
12352,3,2170,2
12353,3,2171,2
12354,3,2172,2
12355,3,2173,2
12356,3,2174,2
12357,3,2175,2
12358,3,2176,2
12359,3,2177,2
12360,3,2178,2
12361,3,2179,2
12362,3,2180,2
12363,3,2181,2
12364,3,2182,2
12365,3,2183,2
12366,3,2184,2
12367,3,2185,2
12368,3,2186,2
12369,3,2187,2
12370,3,2188,2
12371,3,2189,2
12372,3,2190,2
12373,3,2191,2
12374,3,2192,2
12375,3,2193,2
12376,3,2194,2
12377,3,2195,2
12378,3,2196,2
12379,3,2197,2
12380,3,2198,2
12381,3,2199,2
12382,3,2200,2
12383,3,2201,2
12384,3,2202,2
12385,3,2203,2
12386,3,2204,2
12387,3,2205,2
12388,3,2206,2
12389,3,2207,2
12390,3,2208,2
12391,3,2209,2
12392,3,2210,2
12393,3,2211,2
12394,3,2212,2
12395,3,2213,2
12396,3,2214,2
12397,3,2215,2
12398,3,2216,2
12399,3,2217,2
12400,3,2218,2
12401,3,2219,2
12402,3,2220,2
12403,3,2221,2
12404,3,2222,2
12405,3,2223,2
12406,3,2224,2
12407,3,2225,2
12408,3,2226,2
12409,3,2227,2
12410,3,2228,2
12411,3,2229,2
12412,3,2230,2
12413,3,2231,2
12414,3,2232,2
12415,3,2233,2
12416,3,2234,2
12417,3,2235,2
12418,3,2236,2
12419,3,2237,2
12420,3,2238,2
12421,3,2239,2
12422,3,2240,2
12423,3,2241,2
12424,3,2242,2
12425,3,2243,2
12426,3,2244,2
12427,3,2245,2
12428,3,2246,2
12429,3,2247,2
12430,3,2248,2
12431,3,2249,2
12432,3,2250,2
12433,3,2251,2
12434,3,2252,2
12435,3,2253,2
12436,3,2254,2
12437,3,2255,2
12438,3,2256,2
12439,3,2257,2
12440,3,2258,2
12441,3,2259,2
12442,3,2260,2
12443,3,2261,2
12444,3,2262,2
12445,3,2263,2
12446,3,2264,2
12447,3,2265,2
12448,3,2266,2
12449,3,2267,2
12450,3,2268,2
12451,3,2269,2
12452,3,2270,2
12453,3,2271,2
12454,3,2272,2
12455,3,2273,2
12456,3,2274,2
12457,3,2275,2
12458,3,2276,2
12459,3,2277,2
12460,3,2278,2
12461,3,2279,2
12462,3,2280,2
12463,3,2281,2
12464,3,2282,2
12465,3,2283,2
12466,3,2284,2
12467,3,2285,2
12468,3,2286,2
12469,3,2287,2
12470,3,2288,2
12471,3,2289,2
12472,3,2290,2
12473,3,2291,2
12474,3,2292,2
12475,3,2293,2
12476,3,2294,2
12477,3,2295,2
12478,3,2296,2
12479,3,2297,2
12480,3,2298,2
12481,3,2299,2
12482,3,2300,2
12483,3,2301,2
12484,3,2302,2
12485,3,2303,2
12486,3,2304,2
12487,3,2305,2
12488,3,2306,2
12489,3,2307,2
12490,3,2308,2
12491,3,2309,2
12492,3,2310,2
12493,3,2311,2
12494,3,2312,2
12495,3,2313,2
12496,3,2314,2
12497,3,2315,2
12498,3,2316,2
12499,3,2317,2
12500,3,2318,2
12501,3,2319,2
12502,3,2320,2
12503,3,2321,2
12504,3,2322,2
12505,3,2323,2
12506,3,2324,2
12507,3,2325,2
12508,3,2326,2
12509,3,2327,2
12510,3,2328,2
12511,3,2329,2
12512,3,2330,2
12513,3,2331,2
12514,3,2332,2
12515,3,2333,2
12516,3,2334,2
12517,3,2335,2
12518,3,2336,2
12519,3,2337,2
12520,3,2338,2
12521,3,2339,2
12522,3,2340,2
12523,3,2341,2
12524,3,2342,2
12525,3,2343,2
12526,3,2344,2
12527,3,2345,2
12528,3,2346,2
12529,3,2347,2
12530,3,2348,2
12531,3,2349,2
12532,3,2350,2
12533,3,2351,2
12534,3,2352,2
12535,3,2353,2
12536,3,2354,2
12537,3,2355,2
12538,3,2356,2
12539,3,2357,2
12540,3,2358,2
12541,3,2359,2
12542,3,2360,2
12543,3,2361,2
12544,3,2362,2
12545,3,2363,2
12546,3,2364,2
12547,3,2365,2
12548,3,2366,2
12549,3,2367,2
12550,3,2368,2
12551,3,2369,2
12552,3,2370,2
12553,3,2371,2
12554,3,2372,2
12555,3,2373,2
12556,3,2374,2
12557,3,2375,2
12558,3,2376,2
12559,3,2377,2
12560,3,2378,2
12561,3,2379,2
12562,3,2380,2
12563,3,2381,2
12564,3,2382,2
12565,3,2383,2
12566,3,2384,2
12567,3,2385,2
12568,3,2386,2
12569,3,2387,2
12570,3,2388,2
12571,3,2389,2
12572,3,2390,2
12573,3,2391,2
12574,3,2392,2
12575,3,2393,2
12576,3,2394,2
12577,3,2395,2
12578,3,2396,2
12579,3,2397,2
12580,3,2398,2
12581,3,2399,2
12582,3,2400,2
12583,3,2401,2
12584,3,2402,2
12585,3,2403,2
12586,3,2404,2
12587,3,2405,2
12588,3,2406,2
12589,3,2407,2
12590,3,2408,2
12591,3,2409,2
12592,3,2410,2
12593,3,2411,2
12594,3,2412,2
12595,3,2413,2
12596,3,2414,2
12597,3,2415,2
12598,3,2416,2
12599,3,2417,2
12600,3,2418,2
12601,3,2419,2
12602,3,2420,2
12603,3,2421,2
12604,3,2422,2
12605,3,2423,2
12606,3,2424,2
12607,3,2425,2
12608,3,2426,2
12609,3,2427,2
12610,3,2428,2
12611,3,2429,2
12612,3,2430,2
12613,3,2431,2
12614,3,2432,2
12615,3,2433,2
12616,3,2434,2
12617,3,2435,2
12618,3,2436,2
12619,3,2437,2
12620,3,2438,2
12621,3,2439,2
12622,3,2440,2
12623,3,2441,2
12624,3,2442,2
12625,3,2443,2
12626,3,2444,2
12627,3,2445,2
12628,3,2446,2
12629,3,2447,2
12630,3,2448,2
12631,3,2449,2
12632,3,2450,2
12633,3,2451,2
12634,3,2452,2
12635,3,2453,2
12636,3,2454,2
12637,3,2455,2
12638,3,2456,2
12639,3,2457,2
12640,3,2458,2
12641,3,2459,2
12642,3,2460,2
12643,3,2461,2
12644,3,2462,2
12645,3,2463,2
12646,3,2464,2
12647,3,2465,2
12648,3,2466,2
12649,3,2467,2
12650,3,2468,2
12651,3,2469,2
12652,3,2470,2
12653,3,2471,2
12654,3,2472,2
12655,3,2473,2
12656,3,2474,2
12657,3,2475,2
12658,3,2476,2
12659,3,2477,2
12660,3,2478,2
12661,3,2479,2
12662,3,2480,2
12663,3,2481,2
12664,3,2482,2
12665,3,2483,2
12666,3,2484,2
12667,3,2485,2
12668,3,2486,2
12669,3,2487,2
12670,3,2488,2
12671,3,2489,2
12672,3,2490,2
12673,3,2491,2
12674,3,2492,2
12675,3,2493,2
12676,3,2494,2
12677,3,2495,2
12678,3,2496,2
12679,3,2497,2
12680,3,2498,2
12681,3,2499,2
12682,3,2500,2
12683,3,2501,2
12684,3,2502,2
12685,3,2503,2
12686,3,2504,2
12687,3,2505,2
12688,3,2506,2
12689,3,2507,2
12690,3,2508,2
12691,3,2509,2
12692,3,2510,2
12693,3,2511,2
12694,3,2512,2
12695,3,2513,2
12696,3,2514,2
12697,3,2515,2
12698,3,2516,2
12699,3,2517,2
12700,3,2518,2
12701,3,2519,2
12702,3,2520,2
12703,3,2521,2
12704,3,2522,2
12705,3,2523,2
12706,3,2524,2
12707,3,2525,2
12708,3,2526,2
12709,3,2527,2
12710,3,2528,2
12711,3,2529,2
12712,3,2530,2
12713,3,2531,2
12714,3,2532,2
12715,3,2533,2
12716,3,2534,2
12717,3,2535,2
12718,3,2536,2
12719,3,2537,2
12720,3,2538,2
12721,3,2539,2
12722,3,2540,2
12723,3,2541,2
12724,3,2542,2
12725,3,2543,2
12726,3,2544,2
12727,3,2545,2
12728,3,2546,2
12729,3,2547,2
12730,3,2548,2
12731,3,2549,2
12732,3,2550,2
12733,3,2551,2
12734,3,2552,2
12735,3,2553,2
12736,3,2554,2
12737,3,2555,2
12738,3,2556,2
12739,3,2557,2
12740,3,2558,2
12741,3,2559,2
12742,3,2560,2
12743,3,2561,2
12744,3,2562,2
12745,3,2563,2
12746,3,2564,2
12747,3,2565,2
12748,3,2566,2
12749,3,2567,2
12750,3,2568,2
12751,3,2569,2
12752,3,2570,2
12753,3,2571,2
12754,3,2572,2
12755,3,2573,2
12756,3,2574,2
12757,3,2575,2
12758,3,2576,2
12759,3,2577,2
12760,3,2578,2
12761,3,2579,2
12762,3,2580,2
12763,3,2581,2
12764,3,2582,2
12765,3,2583,2
12766,3,2584,2
12767,3,2585,2
12768,3,2586,2
12769,3,2587,2
12770,3,2588,2
12771,3,2589,2
12772,3,2590,2
12773,3,2591,2
12774,3,2592,2
12775,3,2593,2
12776,3,2594,2
12777,3,2595,2
12778,3,2596,2
12779,3,2597,2
12780,3,2598,2
12781,3,2599,2
12782,3,2600,2
12783,3,2601,2
12784,3,2602,2
12785,3,2603,2
12786,3,2604,2
12787,3,2605,2
12788,3,2606,2
12789,3,2607,2
12790,3,2608,2
12791,3,2609,2
12792,3,2610,2
12793,3,2611,2
12794,3,2612,2
12795,3,2613,2
12796,3,2614,2
12797,3,2615,2
12798,3,2616,2
12799,3,2617,2
12800,3,2618,2
12801,3,2619,2
12802,3,2620,2
12803,3,2621,2
12804,3,2622,2
12805,3,2623,2
12806,3,2624,2
12807,3,2625,2
12808,3,2626,2
12809,3,2627,2
12810,3,2628,2
12811,3,2629,2
12812,3,2630,2
12813,3,2631,2
12814,3,2632,2
12815,3,2633,2
12816,3,2634,2
12817,3,2635,2
12818,3,2636,2
12819,3,2637,2
12820,3,2638,2
12821,3,2639,2
12822,3,2640,2
12823,3,2641,2
12824,3,2642,2
12825,3,2643,2
12826,3,2644,2
12827,3,2645,2
12828,3,2646,2
12829,3,2647,2
12830,3,2648,2
12831,3,2649,2
12832,3,2650,2
12833,3,2651,2
12834,3,2652,2
12835,3,2653,2
12836,3,2654,2
12837,3,2655,2
12838,3,2656,2
12839,3,2657,2
12840,3,2658,2
12841,3,2659,2
12842,3,2660,2
12843,3,2661,2
12844,3,2662,2
12845,3,2663,2
12846,3,2664,2
12847,3,2665,2
12848,3,2666,2
12849,3,2667,2
12850,3,2668,2
12851,3,2669,2
12852,3,2670,2
12853,3,2671,2
12854,3,2672,2
12855,3,2673,2
12856,3,2674,2
12857,3,2675,2
12858,3,2676,2
12859,3,2677,2
12860,3,2678,2
12861,3,2679,2
12862,3,2680,2
12863,3,2681,2
12864,3,2682,2
12865,3,2683,2
12866,3,2684,2
12867,3,2685,2
12868,3,2686,2
12869,3,2687,2
12870,3,2688,2
12871,3,2689,2
12872,3,2690,2
12873,3,2691,2
12874,3,2692,2
12875,3,2693,2
12876,3,2694,2
12877,3,2695,2
12878,3,2696,2
12879,3,2697,2
12880,3,2698,2
12881,3,2699,2
12882,3,2700,2
12883,3,2701,2
12884,3,2702,2
12885,3,2703,2
12886,3,2704,2
12887,3,2705,2
12888,3,2706,2
12889,3,2707,2
12890,3,2708,2
12891,3,2709,2
12892,3,2710,2
12893,3,2711,2
12894,3,2712,2
12895,3,2713,2
12896,3,2714,2
12897,3,2715,2
12898,3,2716,2
12899,3,2717,2
12900,3,2718,2
12901,3,2719,2
12902,3,2720,2
12903,3,2721,2
12904,3,2722,2
12905,3,2723,2
12906,3,2724,2
12907,3,2725,2
12908,3,2726,2
12909,3,2727,2
12910,3,2728,2
12911,3,2729,2
12912,3,2730,2
12913,3,2731,2
12914,3,2732,2
12915,3,2733,2
12916,3,2734,2
12917,3,2735,2
12918,3,2736,2
12919,3,2737,2
12920,3,2738,2
12921,3,2739,2
12922,3,2740,2
12923,3,2741,2
12924,3,2742,2
12925,3,2743,2
12926,3,2744,2
12927,3,2745,2
12928,3,2746,2
12929,3,2747,2
12930,3,2748,2
12931,3,2749,2
12932,3,2750,2
12933,3,2751,2
12934,3,2752,2
12935,3,2753,2
12936,3,2754,2
12937,3,2755,2
12938,3,2756,2
12939,3,2757,2
12940,3,2758,2
12941,3,2759,2
12942,3,2760,2
12943,3,2761,2
12944,3,2762,2
12945,3,2763,2
12946,3,2764,2
12947,3,2765,2
12948,3,2766,2
12949,3,2767,2
12950,3,2768,2
12951,3,2769,2
12952,3,2770,2
12953,3,2771,2
12954,3,2772,2
12955,3,2773,2
12956,3,2774,2
12957,3,2775,2
12958,3,2776,2
12959,3,2777,2
12960,3,2778,2
12961,3,2779,2
12962,3,2780,2
12963,3,2781,2
12964,3,2782,2
12965,3,2783,2
12966,3,2784,2
12967,3,2785,2
12968,3,2786,2
12969,3,2787,2
12970,3,2788,2
12971,3,2789,2
12972,3,2790,2
12973,3,2791,2
12974,3,2792,2
12975,3,2793,2
12976,3,2794,2
12977,3,2795,2
12978,3,2796,2
12979,3,2797,2
12980,3,2798,2
12981,3,2799,2
12982,3,2800,2
12983,3,2801,2
12984,3,2802,2
12985,3,2803,2
12986,3,2804,2
12987,3,2805,2
12988,3,2806,2
12989,3,2807,2
12990,3,2808,2
12991,3,2809,2
12992,3,2810,2
12993,3,2811,2
12994,3,2812,2
12995,3,2813,2
12996,3,2814,2
12997,3,2815,2
12998,3,2816,2
12999,3,2817,2
13000,3,2818,2
13001,3,2819,2
13002,3,2820,2
13003,3,2821,2
13004,3,2822,2
13005,3,2823,2
13006,3,2824,2
13007,3,2825,2
13008,3,2826,2
13009,3,2827,2
13010,3,2828,2
13011,3,2829,2
13012,3,2830,2
13013,3,2831,2
13014,3,2832,2
13015,3,2833,2
13016,3,2834,2
13017,3,2835,2
13018,3,2836,2
13019,3,2837,2
13020,3,2838,2
13021,3,2839,2
13022,3,2840,2
13023,3,2841,2
13024,3,2842,2
13025,3,2843,2
13026,3,2844,2
13027,3,2845,2
13028,3,2846,2
13029,3,2847,2
13030,3,2848,2
13031,3,2849,2
13032,3,2850,2
13033,3,2851,2
13034,3,2852,2
13035,3,2853,2
13036,3,2854,2
13037,3,2855,2
13038,3,2856,2
13039,3,2857,2
13040,3,2858,2
13041,3,2859,2
13042,3,2860,2
13043,3,2861,2
13044,3,2862,2
13045,3,2863,2
13046,3,2864,2
13047,3,2865,2
13048,3,2866,2
13049,3,2867,2
13050,3,2868,2
13051,3,2869,2
13052,3,2870,2
13053,3,2871,2
13054,3,2872,2
13055,3,2873,2
13056,3,2874,2
13057,3,2875,2
13058,3,2876,2
13059,3,2877,2
13060,3,2878,2
13061,3,2879,2
13062,3,2880,2
13063,3,2881,2
13064,3,2882,2
13065,3,2883,2
13066,3,2884,2
13067,3,2885,2
13068,3,2886,2
13069,3,2887,2
13070,3,2888,2
13071,3,2889,2
13072,3,2890,2
13073,3,2891,2
13074,3,2892,2
13075,3,2893,2
13076,3,2894,2
13077,3,2895,2
13078,3,2896,2
13079,3,2897,2
13080,3,2898,2
13081,3,2899,2
13082,3,2900,2
13083,3,2901,2
13084,3,2902,2
13085,3,2903,2
13086,3,2904,2
13087,3,2905,2
13088,3,2906,2
13089,3,2907,2
13090,3,2908,2
13091,3,2909,2
13092,3,2910,2
13093,3,2911,2
13094,3,2912,2
13095,3,2913,2
13096,3,2914,2
13097,3,2915,2
13098,3,2916,2
13099,3,2917,2
13100,3,2918,2
13101,3,2919,2
13102,3,2920,2
13103,3,2921,2
13104,3,2922,2
13105,3,2923,2
13106,3,2924,2
13107,3,2925,2
13108,3,2926,2
13109,3,2927,2
13110,3,2928,2
13111,3,2929,2
13112,3,2930,2
13113,3,2931,2
13114,3,2932,2
13115,3,2933,2
13116,3,2934,2
13117,3,2935,2
13118,3,2936,2
13119,3,2937,2
13120,3,2938,2
13121,3,2939,2
13122,3,2940,2
13123,3,2941,2
13124,3,2942,2
13125,3,2943,2
13126,3,2944,2
13127,3,2945,2
13128,3,2946,2
13129,3,2947,2
13130,3,2948,2
13131,3,2949,2
13132,3,2950,2
13133,3,2951,2
13134,3,2952,2
13135,3,2953,2
13136,3,2954,2
13137,3,2955,2
13138,3,2956,2
13139,3,2957,2
13140,3,2958,2
13141,3,2959,2
13142,3,2960,2
13143,3,2961,2
13144,3,2962,2
13145,3,2963,2
13146,3,2964,2
13147,3,2965,2
13148,3,2966,2
13149,3,2967,2
13150,3,2968,2
13151,3,2969,2
13152,3,2970,2
13153,3,2971,2
13154,3,2972,2
13155,3,2973,2
13156,3,2974,2
13157,3,2975,2
13158,3,2976,2
13159,3,2977,2
13160,3,2978,2
13161,3,2979,2
13162,3,2980,2
13163,3,2981,2
13164,3,2982,2
13165,3,2983,2
13166,3,2984,2
13167,3,2985,2
13168,3,2986,2
13169,3,2987,2
13170,3,2988,2
13171,3,2989,2
13172,3,2990,2
13173,3,2991,2
13174,3,2992,2
13175,3,2993,2
13176,3,2994,2
13177,3,2995,2
13178,3,2996,2
13179,3,2997,2
13180,3,2998,2
13181,3,2999,2
13182,3,3000,2
13183,3,3001,2
13184,3,3002,2
13185,3,3003,2
13186,3,3004,2
13187,3,3005,2
13188,3,3006,2
13189,3,3007,2
13190,3,3008,2
13191,3,3009,2
13192,3,3010,2
13193,3,3011,2
13194,3,3012,2
13195,3,3013,2
13196,3,3014,2
13197,3,3015,2
13198,3,3016,2
13199,3,3017,2
13200,3,3018,2
13201,3,3019,2
13202,3,3020,2
13203,3,3021,2
13204,3,3022,2
13205,3,3023,2
13206,3,3024,2
13207,3,3025,2
13208,3,3026,2
13209,3,3027,2
13210,3,3028,2
13211,3,3029,2
13212,3,3030,2
13213,3,3031,2
13214,3,3032,2
13215,3,3033,2
13216,3,3034,2
13217,3,3035,2
13218,3,3036,2
13219,3,3037,2
13220,3,3038,2
13221,3,3039,2
13222,3,3040,2
13223,3,3041,2
13224,3,3042,2
13225,3,3043,2
13226,3,3044,2
13227,3,3045,2
13228,3,3046,2
13229,3,3047,2
13230,3,3048,2
13231,3,3049,2
13232,3,3050,2
13233,3,3051,2
13234,3,3052,2
13235,3,3053,2
13236,3,3054,2
13237,3,3055,2
13238,3,3056,2
13239,3,3057,2
13240,3,3058,2
13241,3,3059,2
13242,3,3060,2
13243,3,3061,2
13244,3,3062,2
13245,3,3063,2
13246,3,3064,2
13247,3,3065,2
13248,3,3066,2
13249,3,3067,2
13250,3,3068,2
13251,3,3069,2
13252,3,3070,2
13253,3,3071,2
13254,3,3072,2
13255,3,3073,2
13256,3,3074,2
13257,3,3075,2
13258,3,3076,2
13259,3,3077,2
13260,3,3078,2
13261,3,3079,2
13262,3,3080,2
13263,3,3081,2
13264,3,3082,2
13265,3,3083,2
13266,3,3084,2
13267,3,3085,2
13268,3,3086,2
13269,3,3087,2
13270,3,3088,2
13271,3,3089,2
13272,3,3090,2
13273,3,3091,2
13274,3,3092,2
13275,3,3093,2
13276,3,3094,2
13277,3,3095,2
13278,3,3096,2
13279,3,3097,2
13280,3,3098,2
13281,3,3099,2
13282,3,3100,2
13283,3,3101,2
13284,3,3102,2
13285,3,3103,2
13286,3,3104,2
13287,3,3105,2
13288,3,3106,2
13289,3,3107,2
13290,3,3108,2
13291,3,3109,2
13292,3,3110,2
13293,3,3111,2
13294,3,3112,2
13295,3,3113,2
13296,3,3114,2
13297,3,3115,2
13298,3,3116,2
13299,3,3117,2
13300,3,3118,2
13301,3,3119,2
13302,3,3120,2
13303,3,3121,2
13304,3,3122,2
13305,3,3123,2
13306,3,3124,2
13307,3,3125,2
13308,3,3126,2
13309,3,3127,2
13310,3,3128,2
13311,3,3129,2
13312,3,3130,2
13313,3,3131,2
13314,3,3132,2
13315,3,3133,2
13316,3,3134,2
13317,3,3135,2
13318,3,3136,2
13319,3,3137,2
13320,3,3138,2
13321,3,3139,2
13322,3,3140,2
13323,3,3141,2
13324,3,3142,2
13325,3,3143,2
13326,3,3144,2
13327,3,3145,2
13328,3,3146,2
13329,3,3147,2
13330,3,3148,2
13331,3,3149,2
13332,3,3150,2
13333,3,3151,2
13334,3,3152,2
13335,3,3153,2
13336,3,3154,2
13337,3,3155,2
13338,3,3156,2
13339,3,3157,2
13340,3,3158,2
13341,3,3159,2
13342,3,3160,2
13343,3,3161,2
13344,3,3162,2
13345,3,3163,2
13346,3,3164,2
13347,3,3165,2
13348,3,3166,2
13349,3,3167,2
13350,3,3168,2
13351,3,3169,2
13352,3,3170,2
13353,3,3171,2
13354,3,3172,2
13355,3,3173,2
13356,3,3174,2
13357,3,3175,2
13358,3,3176,2
13359,3,3177,2
13360,3,3178,2
13361,3,3179,2
13362,3,3180,2
13363,3,3181,2
13364,3,3182,2
13365,3,3183,2
13366,3,3184,2
13367,3,3185,2
13368,3,3186,2
13369,3,3187,2
13370,3,3188,2
13371,3,3189,2
13372,3,3190,2
13373,3,3191,2
13374,3,3192,2
13375,3,3193,2
13376,3,3194,2
13377,3,3195,2
13378,3,3196,2
13379,3,3197,2
13380,3,3198,2
13381,3,3199,2
13382,3,3200,2
13383,3,3201,2
13384,3,3202,2
13385,3,3203,2
13386,3,3204,2
13387,3,3205,2
13388,3,3206,2
13389,3,3207,2
13390,3,3208,2
13391,3,3209,2
13392,3,3210,2
13393,3,3211,2
13394,3,3212,2
13395,3,3213,2
13396,3,3214,2
13397,3,3215,2
13398,3,3216,2
13399,3,3217,2
13400,3,3218,2
13401,3,3219,2
13402,3,3220,2
13403,3,3221,2
13404,3,3222,2
13405,3,3223,2
13406,3,3224,2
13407,3,3225,2
13408,3,3226,2
13409,3,3227,2
13410,3,3228,2
13411,3,3229,2
13412,3,3230,2
13413,3,3231,2
13414,3,3232,2
13415,3,3233,2
13416,3,3234,2
13417,3,3235,2
13418,3,3236,2
13419,3,3237,2
13420,3,3238,2
13421,3,3239,2
13422,3,3240,2
13423,3,3241,2
13424,3,3242,2
13425,3,3243,2
13426,3,3244,2
13427,3,3245,2
13428,3,3246,2
13429,3,3247,2
13430,3,3248,2
13431,3,3249,2
13432,3,3250,2
13433,3,3251,2
13434,3,3252,2
13435,3,3253,2
13436,3,3254,2
13437,3,3255,2
13438,3,3256,2
13439,3,3257,2
13440,3,3258,2
13441,3,3259,2
13442,3,3260,2
13443,3,3261,2
13444,3,3262,2
13445,3,3263,2
13446,3,3264,2
13447,3,3265,2
13448,3,3266,2
13449,3,3267,2
13450,3,3268,2
13451,3,3269,2
13452,3,3270,2
13453,3,3271,2
13454,3,3272,2
13455,3,3273,2
13456,3,3274,2
13457,3,3275,2
13458,3,3276,2
13459,3,3277,2
13460,3,3278,2
13461,3,3279,2
13462,3,3280,2
13463,3,3281,2
13464,3,3282,2
13465,3,3283,2
13466,3,3284,2
13467,3,3285,2
13468,3,3286,2
13469,3,3287,2
13470,3,3288,2
13471,3,3289,2
13472,3,3290,2
13473,3,3291,2
13474,3,3292,2
13475,3,3293,2
13476,3,3294,2
13477,3,3295,2
13478,3,3296,2
13479,3,3297,2
13480,3,3298,2
13481,3,3299,2
13482,3,3300,2
13483,3,3301,2
13484,3,3302,2
13485,3,3303,2
13486,3,3304,2
13487,3,3305,2
13488,3,3306,2
13489,3,3307,2
13490,3,3308,2
13491,3,3309,2
13492,3,3310,2
13493,3,3311,2
13494,3,3312,2
13495,3,3313,2
13496,3,3314,2
13497,3,3315,2
13498,3,3316,2
13499,3,3317,2
13500,3,3318,2
13501,3,3319,2
13502,3,3320,2
13503,3,3321,2
13504,3,3322,2
13505,3,3323,2
13506,3,3324,2
13507,3,3325,2
13508,3,3326,2
13509,3,3327,2
13510,3,3328,2
13511,3,3329,2
13512,3,3330,2
13513,3,3331,2
13514,3,3332,2
13515,3,3333,2
13516,3,3334,2
13517,3,3335,2
13518,3,3336,2
13519,3,3337,2
13520,3,3338,2
13521,3,3339,2
13522,3,3340,2
13523,3,3341,2
13524,3,3342,2
13525,3,3343,2
13526,3,3344,2
13527,3,3345,2
13528,3,3346,2
13529,3,3347,2
13530,3,3348,2
13531,3,3349,2
13532,3,3350,2
13533,3,3351,2
13534,3,3352,2
13535,3,3353,2
13536,3,3354,2
13537,3,3355,2
13538,3,3356,2
13539,3,3357,2
13540,3,3358,2
13541,3,3359,2
13542,3,3360,2
13543,3,3361,2
13544,3,3362,2
13545,3,3363,2
13546,3,3364,2
13547,3,3365,2
13548,3,3366,2
13549,3,3367,2
13550,3,3368,2
13551,3,3369,2
13552,3,3370,2
13553,3,3371,2
13554,3,3372,2
13555,3,3373,2
13556,3,3374,2
13557,3,3375,2
13558,3,3376,2
13559,3,3377,2
13560,3,3378,2
13561,3,3379,2
13562,3,3380,2
13563,3,3381,2
13564,3,3382,2
13565,3,3383,2
13566,3,3384,2
13567,3,3385,2
13568,3,3386,2
13569,3,3387,2
13570,3,3388,2
13571,3,3389,2
13572,3,3390,2
13573,3,3391,2
13574,3,3392,2
13575,3,3393,2
13576,4,0,2
13577,4,1,2
13578,4,2,2
13579,4,3,2
13580,4,4,2
13581,4,5,2
13582,4,6,2
13583,4,7,2
13584,4,8,2
13585,4,9,2
13586,4,10,2
13587,4,11,2
13588,4,12,2
13589,4,13,2
13590,4,14,2
13591,4,15,2
13592,4,16,2
13593,4,17,2
13594,4,18,2
13595,4,19,2
13596,4,20,2
13597,4,21,2
13598,4,22,2
13599,4,23,2
13600,4,24,2
13601,4,25,2
13602,4,26,2
13603,4,27,2
13604,4,28,2
13605,4,29,2
13606,4,30,2
13607,4,31,2
13608,4,32,2
13609,4,33,2
13610,4,34,2
13611,4,35,2
13612,4,36,2
13613,4,37,2
13614,4,38,2
13615,4,39,2
13616,4,40,2
13617,4,41,2
13618,4,42,2
13619,4,43,2
13620,4,44,2
13621,4,45,2
13622,4,46,2
13623,4,47,2
13624,4,48,2
13625,4,49,2
13626,4,50,2
13627,4,51,2
13628,4,52,2
13629,4,53,2
13630,4,54,2
13631,4,55,2
13632,4,56,2
13633,4,57,2
13634,4,58,2
13635,4,59,2
13636,4,60,2
13637,4,61,2
13638,4,62,2
13639,4,63,2
13640,4,64,2
13641,4,65,2
13642,4,66,2
13643,4,67,2
13644,4,68,2
13645,4,69,2
13646,4,70,2
13647,4,71,2
13648,4,72,2
13649,4,73,2
13650,4,74,2
13651,4,75,2
13652,4,76,2
13653,4,77,2
13654,4,78,2
13655,4,79,2
13656,4,80,2
13657,4,81,2
13658,4,82,2
13659,4,83,2
13660,4,84,2
13661,4,85,2
13662,4,86,2
13663,4,87,2
13664,4,88,2
13665,4,89,2
13666,4,90,2
13667,4,91,2
13668,4,92,2
13669,4,93,2
13670,4,94,2
13671,4,95,2
13672,4,96,2
13673,4,97,2
13674,4,98,2
13675,4,99,2
13676,4,100,2
13677,4,101,2
13678,4,102,2
13679,4,103,2
13680,4,104,2
13681,4,105,2
13682,4,106,2
13683,4,107,2
13684,4,108,2
13685,4,109,2
13686,4,110,2
13687,4,111,2
13688,4,112,2
13689,4,113,2
13690,4,114,2
13691,4,115,2
13692,4,116,2
13693,4,117,2
13694,4,118,2
13695,4,119,2
13696,4,120,2
13697,4,121,2
13698,4,122,2
13699,4,123,2
13700,4,124,2
13701,4,125,2
13702,4,126,2
13703,4,127,2
13704,4,128,2
13705,4,129,2
13706,4,130,2
13707,4,131,2
13708,4,132,2
13709,4,133,2
13710,4,134,2
13711,4,135,2
13712,4,136,2
13713,4,137,2
13714,4,138,2
13715,4,139,2
13716,4,140,2
13717,4,141,2
13718,4,142,2
13719,4,143,2
13720,4,144,2
13721,4,145,2
13722,4,146,2
13723,4,147,2
13724,4,148,2
13725,4,149,2
13726,4,150,2
13727,4,151,2
13728,4,152,2
13729,4,153,2
13730,4,154,2
13731,4,155,2
13732,4,156,2
13733,4,157,2
13734,4,158,2
13735,4,159,2
13736,4,160,2
13737,4,161,2
13738,4,162,2
13739,4,163,2
13740,4,164,2
13741,4,165,2
13742,4,166,2
13743,4,167,2
13744,4,168,2
13745,4,169,2
13746,4,170,2
13747,4,171,2
13748,4,172,2
13749,4,173,2
13750,4,174,2
13751,4,175,2
13752,4,176,2
13753,4,177,2
13754,4,178,2
13755,4,179,2
13756,4,180,2
13757,4,181,2
13758,4,182,2
13759,4,183,2
13760,4,184,2
13761,4,185,2
13762,4,186,2
13763,4,187,2
13764,4,188,2
13765,4,189,2
13766,4,190,2
13767,4,191,2
13768,4,192,2
13769,4,193,2
13770,4,194,2
13771,4,195,2
13772,4,196,2
13773,4,197,2
13774,4,198,2
13775,4,199,2
13776,4,200,2
13777,4,201,2
13778,4,202,2
13779,4,203,2
13780,4,204,2
13781,4,205,2
13782,4,206,2
13783,4,207,2
13784,4,208,2
13785,4,209,2
13786,4,210,2
13787,4,211,2
13788,4,212,2
13789,4,213,2
13790,4,214,2
13791,4,215,2
13792,4,216,2
13793,4,217,2
13794,4,218,2
13795,4,219,2
13796,4,220,2
13797,4,221,2
13798,4,222,2
13799,4,223,2
13800,4,224,2
13801,4,225,2
13802,4,226,2
13803,4,227,2
13804,4,228,2
13805,4,229,2
13806,4,230,2
13807,4,231,2
13808,4,232,2
13809,4,233,2
13810,4,234,2
13811,4,235,2
13812,4,236,2
13813,4,237,2
13814,4,238,2
13815,4,239,2
13816,4,240,2
13817,4,241,2
13818,4,242,2
13819,4,243,2
13820,4,244,2
13821,4,245,2
13822,4,246,2
13823,4,247,2
13824,4,248,2
13825,4,249,2
13826,4,250,2
13827,4,251,2
13828,4,252,2
13829,4,253,2
13830,4,254,2
13831,4,255,2
13832,4,256,2
13833,4,257,2
13834,4,258,2
13835,4,259,2
13836,4,260,2
13837,4,261,2
13838,4,262,2
13839,4,263,2
13840,4,264,2
13841,4,265,2
13842,4,266,2
13843,4,267,2
13844,4,268,2
13845,4,269,2
13846,4,270,2
13847,4,271,2
13848,4,272,2
13849,4,273,2
13850,4,274,2
13851,4,275,2
13852,4,276,2
13853,4,277,2
13854,4,278,2
13855,4,279,2
13856,4,280,2
13857,4,281,2
13858,4,282,2
13859,4,283,2
13860,4,284,2
13861,4,285,2
13862,4,286,2
13863,4,287,2
13864,4,288,2
13865,4,289,2
13866,4,290,2
13867,4,291,2
13868,4,292,2
13869,4,293,2
13870,4,294,2
13871,4,295,2
13872,4,296,2
13873,4,297,2
13874,4,298,2
13875,4,299,2
13876,4,300,2
13877,4,301,2
13878,4,302,2
13879,4,303,2
13880,4,304,2
13881,4,305,2
13882,4,306,2
13883,4,307,2
13884,4,308,2
13885,4,309,2
13886,4,310,2
13887,4,311,2
13888,4,312,2
13889,4,313,2
13890,4,314,2
13891,4,315,2
13892,4,316,2
13893,4,317,2
13894,4,318,2
13895,4,319,2
13896,4,320,2
13897,4,321,2
13898,4,322,2
13899,4,323,2
13900,4,324,2
13901,4,325,2
13902,4,326,2
13903,4,327,2
13904,4,328,2
13905,4,329,2
13906,4,330,2
13907,4,331,2
13908,4,332,2
13909,4,333,2
13910,4,334,2
13911,4,335,2
13912,4,336,2
13913,4,337,2
13914,4,338,2
13915,4,339,2
13916,4,340,2
13917,4,341,2
13918,4,342,2
13919,4,343,2
13920,4,344,2
13921,4,345,2
13922,4,346,2
13923,4,347,2
13924,4,348,2
13925,4,349,2
13926,4,350,2
13927,4,351,2
13928,4,352,2
13929,4,353,2
13930,4,354,2
13931,4,355,2
13932,4,356,2
13933,4,357,2
13934,4,358,2
13935,4,359,2
13936,4,360,2
13937,4,361,2
13938,4,362,2
13939,4,363,2
13940,4,364,2
13941,4,365,2
13942,4,366,2
13943,4,367,2
13944,4,368,2
13945,4,369,2
13946,4,370,2
13947,4,371,2
13948,4,372,2
13949,4,373,2
13950,4,374,2
13951,4,375,2
13952,4,376,2
13953,4,377,2
13954,4,378,2
13955,4,379,2
13956,4,380,2
13957,4,381,2
13958,4,382,2
13959,4,383,2
13960,4,384,2
13961,4,385,2
13962,4,386,2
13963,4,387,2
13964,4,388,2
13965,4,389,2
13966,4,390,2
13967,4,391,2
13968,4,392,2
13969,4,393,2
13970,4,394,2
13971,4,395,2
13972,4,396,2
13973,4,397,2
13974,4,398,2
13975,4,399,2
13976,4,400,2
13977,4,401,2
13978,4,402,2
13979,4,403,2
13980,4,404,2
13981,4,405,2
13982,4,406,2
13983,4,407,2
13984,4,408,2
13985,4,409,2
13986,4,410,2
13987,4,411,2
13988,4,412,2
13989,4,413,2
13990,4,414,2
13991,4,415,2
13992,4,416,2
13993,4,417,2
13994,4,418,2
13995,4,419,2
13996,4,420,2
13997,4,421,2
13998,4,422,2
13999,4,423,2
14000,4,424,2
14001,4,425,2
14002,4,426,2
14003,4,427,2
14004,4,428,2
14005,4,429,2
14006,4,430,2
14007,4,431,2
14008,4,432,2
14009,4,433,2
14010,4,434,2
14011,4,435,2
14012,4,436,2
14013,4,437,2
14014,4,438,2
14015,4,439,2
14016,4,440,2
14017,4,441,2
14018,4,442,2
14019,4,443,2
14020,4,444,2
14021,4,445,2
14022,4,446,2
14023,4,447,2
14024,4,448,2
14025,4,449,2
14026,4,450,2
14027,4,451,2
14028,4,452,2
14029,4,453,2
14030,4,454,2
14031,4,455,2
14032,4,456,2
14033,4,457,2
14034,4,458,2
14035,4,459,2
14036,4,460,2
14037,4,461,2
14038,4,462,2
14039,4,463,2
14040,4,464,2
14041,4,465,2
14042,4,466,2
14043,4,467,2
14044,4,468,2
14045,4,469,2
14046,4,470,2
14047,4,471,2
14048,4,472,2
14049,4,473,2
14050,4,474,2
14051,4,475,2
14052,4,476,2
14053,4,477,2
14054,4,478,2
14055,4,479,2
14056,4,480,2
14057,4,481,2
14058,4,482,2
14059,4,483,2
14060,4,484,2
14061,4,485,2
14062,4,486,2
14063,4,487,2
14064,4,488,2
14065,4,489,2
14066,4,490,2
14067,4,491,2
14068,4,492,2
14069,4,493,2
14070,4,494,2
14071,4,495,2
14072,4,496,2
14073,4,497,2
14074,4,498,2
14075,4,499,2
14076,4,500,2
14077,4,501,2
14078,4,502,2
14079,4,503,2
14080,4,504,2
14081,4,505,2
14082,4,506,2
14083,4,507,2
14084,4,508,2
14085,4,509,2
14086,4,510,2
14087,4,511,2
14088,4,512,2
14089,4,513,2
14090,4,514,2
14091,4,515,2
14092,4,516,2
14093,4,517,2
14094,4,518,2
14095,4,519,2
14096,4,520,2
14097,4,521,2
14098,4,522,2
14099,4,523,2
14100,4,524,2
14101,4,525,2
14102,4,526,2
14103,4,527,2
14104,4,528,2
14105,4,529,2
14106,4,530,2
14107,4,531,2
14108,4,532,2
14109,4,533,2
14110,4,534,2
14111,4,535,2
14112,4,536,2
14113,4,537,2
14114,4,538,2
14115,4,539,2
14116,4,540,2
14117,4,541,2
14118,4,542,2
14119,4,543,2
14120,4,544,2
14121,4,545,2
14122,4,546,2
14123,4,547,2
14124,4,548,2
14125,4,549,2
14126,4,550,2
14127,4,551,2
14128,4,552,2
14129,4,553,2
14130,4,554,2
14131,4,555,2
14132,4,556,2
14133,4,557,2
14134,4,558,2
14135,4,559,2
14136,4,560,2
14137,4,561,2
14138,4,562,2
14139,4,563,2
14140,4,564,2
14141,4,565,2
14142,4,566,2
14143,4,567,2
14144,4,568,2
14145,4,569,2
14146,4,570,2
14147,4,571,2
14148,4,572,2
14149,4,573,2
14150,4,574,2
14151,4,575,2
14152,4,576,2
14153,4,577,2
14154,4,578,2
14155,4,579,2
14156,4,580,2
14157,4,581,2
14158,4,582,2
14159,4,583,2
14160,4,584,2
14161,4,585,2
14162,4,586,2
14163,4,587,2
14164,4,588,2
14165,4,589,2
14166,4,590,2
14167,4,591,2
14168,4,592,2
14169,4,593,2
14170,4,594,2
14171,4,595,2
14172,4,596,2
14173,4,597,2
14174,4,598,2
14175,4,599,2
14176,4,600,2
14177,4,601,2
14178,4,602,2
14179,4,603,2
14180,4,604,2
14181,4,605,2
14182,4,606,2
14183,4,607,2
14184,4,608,2
14185,4,609,2
14186,4,610,2
14187,4,611,2
14188,4,612,2
14189,4,613,2
14190,4,614,2
14191,4,615,2
14192,4,616,2
14193,4,617,2
14194,4,618,2
14195,4,619,2
14196,4,620,2
14197,4,621,2
14198,4,622,2
14199,4,623,2
14200,4,624,2
14201,4,625,2
14202,4,626,2
14203,4,627,2
14204,4,628,2
14205,4,629,2
14206,4,630,2
14207,4,631,2
14208,4,632,2
14209,4,633,2
14210,4,634,2
14211,4,635,2
14212,4,636,2
14213,4,637,2
14214,4,638,2
14215,4,639,2
14216,4,640,2
14217,4,641,2
14218,4,642,2
14219,4,643,2
14220,4,644,2
14221,4,645,2
14222,4,646,2
14223,4,647,2
14224,4,648,2
14225,4,649,2
14226,4,650,2
14227,4,651,2
14228,4,652,2
14229,4,653,2
14230,4,654,2
14231,4,655,2
14232,4,656,2
14233,4,657,2
14234,4,658,2
14235,4,659,2
14236,4,660,2
14237,4,661,2
14238,4,662,2
14239,4,663,2
14240,4,664,2
14241,4,665,2
14242,4,666,2
14243,4,667,2
14244,4,668,2
14245,4,669,2
14246,4,670,2
14247,4,671,2
14248,4,672,2
14249,4,673,2
14250,4,674,2
14251,4,675,2
14252,4,676,2
14253,4,677,2
14254,4,678,2
14255,4,679,2
14256,4,680,2
14257,4,681,2
14258,4,682,2
14259,4,683,2
14260,4,684,2
14261,4,685,2
14262,4,686,2
14263,4,687,2
14264,4,688,2
14265,4,689,2
14266,4,690,2
14267,4,691,2
14268,4,692,2
14269,4,693,2
14270,4,694,2
14271,4,695,2
14272,4,696,2
14273,4,697,2
14274,4,698,2
14275,4,699,2
14276,4,700,2
14277,4,701,2
14278,4,702,2
14279,4,703,2
14280,4,704,2
14281,4,705,2
14282,4,706,2
14283,4,707,2
14284,4,708,2
14285,4,709,2
14286,4,710,2
14287,4,711,2
14288,4,712,2
14289,4,713,2
14290,4,714,2
14291,4,715,2
14292,4,716,2
14293,4,717,2
14294,4,718,2
14295,4,719,2
14296,4,720,2
14297,4,721,2
14298,4,722,2
14299,4,723,2
14300,4,724,2
14301,4,725,2
14302,4,726,2
14303,4,727,2
14304,4,728,2
14305,4,729,2
14306,4,730,2
14307,4,731,2
14308,4,732,2
14309,4,733,2
14310,4,734,2
14311,4,735,2
14312,4,736,2
14313,4,737,2
14314,4,738,2
14315,4,739,2
14316,4,740,2
14317,4,741,2
14318,4,742,2
14319,4,743,2
14320,4,744,2
14321,4,745,2
14322,4,746,2
14323,4,747,2
14324,4,748,2
14325,4,749,2
14326,4,750,2
14327,4,751,2
14328,4,752,2
14329,4,753,2
14330,4,754,2
14331,4,755,2
14332,4,756,2
14333,4,757,2
14334,4,758,2
14335,4,759,2
14336,4,760,2
14337,4,761,2
14338,4,762,2
14339,4,763,2
14340,4,764,2
14341,4,765,2
14342,4,766,2
14343,4,767,2
14344,4,768,2
14345,4,769,2
14346,4,770,2
14347,4,771,2
14348,4,772,2
14349,4,773,2
14350,4,774,2
14351,4,775,2
14352,4,776,2
14353,4,777,2
14354,4,778,2
14355,4,779,2
14356,4,780,2
14357,4,781,2
14358,4,782,2
14359,4,783,2
14360,4,784,2
14361,4,785,2
14362,4,786,2
14363,4,787,2
14364,4,788,2
14365,4,789,2
14366,4,790,2
14367,4,791,2
14368,4,792,2
14369,4,793,2
14370,4,794,2
14371,4,795,2
14372,4,796,2
14373,4,797,2
14374,4,798,2
14375,4,799,2
14376,4,800,2
14377,4,801,2
14378,4,802,2
14379,4,803,2
14380,4,804,2
14381,4,805,2
14382,4,806,2
14383,4,807,2
14384,4,808,2
14385,4,809,2
14386,4,810,2
14387,4,811,2
14388,4,812,2
14389,4,813,2
14390,4,814,2
14391,4,815,2
14392,4,816,2
14393,4,817,2
14394,4,818,2
14395,4,819,2
14396,4,820,2
14397,4,821,2
14398,4,822,2
14399,4,823,2
14400,4,824,2
14401,4,825,2
14402,4,826,2
14403,4,827,2
14404,4,828,2
14405,4,829,2
14406,4,830,2
14407,4,831,2
14408,4,832,2
14409,4,833,2
14410,4,834,2
14411,4,835,2
14412,4,836,2
14413,4,837,2
14414,4,838,2
14415,4,839,2
14416,4,840,2
14417,4,841,2
14418,4,842,2
14419,4,843,2
14420,4,844,2
14421,4,845,2
14422,4,846,2
14423,4,847,2
14424,4,848,2
14425,4,849,2
14426,4,850,2
14427,4,851,2
14428,4,852,2
14429,4,853,2
14430,4,854,2
14431,4,855,2
14432,4,856,2
14433,4,857,2
14434,4,858,2
14435,4,859,2
14436,4,860,2
14437,4,861,2
14438,4,862,2
14439,4,863,2
14440,4,864,2
14441,4,865,2
14442,4,866,2
14443,4,867,2
14444,4,868,2
14445,4,869,2
14446,4,870,2
14447,4,871,2
14448,4,872,2
14449,4,873,2
14450,4,874,2
14451,4,875,2
14452,4,876,2
14453,4,877,2
14454,4,878,2
14455,4,879,2
14456,4,880,2
14457,4,881,2
14458,4,882,2
14459,4,883,2
14460,4,884,2
14461,4,885,2
14462,4,886,2
14463,4,887,2
14464,4,888,2
14465,4,889,2
14466,4,890,2
14467,4,891,2
14468,4,892,2
14469,4,893,2
14470,4,894,2
14471,4,895,2
14472,4,896,2
14473,4,897,2
14474,4,898,2
14475,4,899,2
14476,4,900,2
14477,4,901,2
14478,4,902,2
14479,4,903,2
14480,4,904,2
14481,4,905,2
14482,4,906,2
14483,4,907,2
14484,4,908,2
14485,4,909,2
14486,4,910,2
14487,4,911,2
14488,4,912,2
14489,4,913,2
14490,4,914,2
14491,4,915,2
14492,4,916,2
14493,4,917,2
14494,4,918,2
14495,4,919,2
14496,4,920,2
14497,4,921,2
14498,4,922,2
14499,4,923,2
14500,4,924,2
14501,4,925,2
14502,4,926,2
14503,4,927,2
14504,4,928,2
14505,4,929,2
14506,4,930,2
14507,4,931,2
14508,4,932,2
14509,4,933,2
14510,4,934,2
14511,4,935,2
14512,4,936,2
14513,4,937,2
14514,4,938,2
14515,4,939,2
14516,4,940,2
14517,4,941,2
14518,4,942,2
14519,4,943,2
14520,4,944,2
14521,4,945,2
14522,4,946,2
14523,4,947,2
14524,4,948,2
14525,4,949,2
14526,4,950,2
14527,4,951,2
14528,4,952,2
14529,4,953,2
14530,4,954,2
14531,4,955,2
14532,4,956,2
14533,4,957,2
14534,4,958,2
14535,4,959,2
14536,4,960,2
14537,4,961,2
14538,4,962,2
14539,4,963,2
14540,4,964,2
14541,4,965,2
14542,4,966,2
14543,4,967,2
14544,4,968,2
14545,4,969,2
14546,4,970,2
14547,4,971,2
14548,4,972,2
14549,4,973,2
14550,4,974,2
14551,4,975,2
14552,4,976,2
14553,4,977,2
14554,4,978,2
14555,4,979,2
14556,4,980,2
14557,4,981,2
14558,4,982,2
14559,4,983,2
14560,4,984,2
14561,4,985,2
14562,4,986,2
14563,4,987,2
14564,4,988,2
14565,4,989,2
14566,4,990,2
14567,4,991,2
14568,4,992,2
14569,4,993,2
14570,4,994,2
14571,4,995,2
14572,4,996,2
14573,4,997,2
14574,4,998,2
14575,4,999,2
14576,4,1000,2
14577,4,1001,2
14578,4,1002,2
14579,4,1003,2
14580,4,1004,2
14581,4,1005,2
14582,4,1006,2
14583,4,1007,2
14584,4,1008,2
14585,4,1009,2
14586,4,1010,2
14587,4,1011,2
14588,4,1012,2
14589,4,1013,2
14590,4,1014,2
14591,4,1015,2
14592,4,1016,2
14593,4,1017,2
14594,4,1018,2
14595,4,1019,2
14596,4,1020,2
14597,4,1021,2
14598,4,1022,2
14599,4,1023,2
14600,4,1024,2
14601,4,1025,2
14602,4,1026,2
14603,4,1027,2
14604,4,1028,2
14605,4,1029,2
14606,4,1030,2
14607,4,1031,2
14608,4,1032,2
14609,4,1033,2
14610,4,1034,2
14611,4,1035,2
14612,4,1036,2
14613,4,1037,2
14614,4,1038,2
14615,4,1039,2
14616,4,1040,2
14617,4,1041,2
14618,4,1042,2
14619,4,1043,2
14620,4,1044,2
14621,4,1045,2
14622,4,1046,2
14623,4,1047,2
14624,4,1048,2
14625,4,1049,2
14626,4,1050,2
14627,4,1051,2
14628,4,1052,2
14629,4,1053,2
14630,4,1054,2
14631,4,1055,2
14632,4,1056,2
14633,4,1057,2
14634,4,1058,2
14635,4,1059,2
14636,4,1060,2
14637,4,1061,2
14638,4,1062,2
14639,4,1063,2
14640,4,1064,2
14641,4,1065,2
14642,4,1066,2
14643,4,1067,2
14644,4,1068,2
14645,4,1069,2
14646,4,1070,2
14647,4,1071,2
14648,4,1072,2
14649,4,1073,2
14650,4,1074,2
14651,4,1075,2
14652,4,1076,2
14653,4,1077,2
14654,4,1078,2
14655,4,1079,2
14656,4,1080,2
14657,4,1081,2
14658,4,1082,2
14659,4,1083,2
14660,4,1084,2
14661,4,1085,2
14662,4,1086,2
14663,4,1087,2
14664,4,1088,2
14665,4,1089,2
14666,4,1090,2
14667,4,1091,2
14668,4,1092,2
14669,4,1093,2
14670,4,1094,2
14671,4,1095,2
14672,4,1096,2
14673,4,1097,2
14674,4,1098,2
14675,4,1099,2
14676,4,1100,2
14677,4,1101,2
14678,4,1102,2
14679,4,1103,2
14680,4,1104,2
14681,4,1105,2
14682,4,1106,2
14683,4,1107,2
14684,4,1108,2
14685,4,1109,2
14686,4,1110,2
14687,4,1111,2
14688,4,1112,2
14689,4,1113,2
14690,4,1114,2
14691,4,1115,2
14692,4,1116,2
14693,4,1117,2
14694,4,1118,2
14695,4,1119,2
14696,4,1120,2
14697,4,1121,2
14698,4,1122,2
14699,4,1123,2
14700,4,1124,2
14701,4,1125,2
14702,4,1126,2
14703,4,1127,2
14704,4,1128,2
14705,4,1129,2
14706,4,1130,2
14707,4,1131,2
14708,4,1132,2
14709,4,1133,2
14710,4,1134,2
14711,4,1135,2
14712,4,1136,2
14713,4,1137,2
14714,4,1138,2
14715,4,1139,2
14716,4,1140,2
14717,4,1141,2
14718,4,1142,2
14719,4,1143,2
14720,4,1144,2
14721,4,1145,2
14722,4,1146,2
14723,4,1147,2
14724,4,1148,2
14725,4,1149,2
14726,4,1150,2
14727,4,1151,2
14728,4,1152,2
14729,4,1153,2
14730,4,1154,2
14731,4,1155,2
14732,4,1156,2
14733,4,1157,2
14734,4,1158,2
14735,4,1159,2
14736,4,1160,2
14737,4,1161,2
14738,4,1162,2
14739,4,1163,2
14740,4,1164,2
14741,4,1165,2
14742,4,1166,2
14743,4,1167,2
14744,4,1168,2
14745,4,1169,2
14746,4,1170,2
14747,4,1171,2
14748,4,1172,2
14749,4,1173,2
14750,4,1174,2
14751,4,1175,2
14752,4,1176,2
14753,4,1177,2
14754,4,1178,2
14755,4,1179,2
14756,4,1180,2
14757,4,1181,2
14758,4,1182,2
14759,4,1183,2
14760,4,1184,2
14761,4,1185,2
14762,4,1186,2
14763,4,1187,2
14764,4,1188,2
14765,4,1189,2
14766,4,1190,2
14767,4,1191,2
14768,4,1192,2
14769,4,1193,2
14770,4,1194,2
14771,4,1195,2
14772,4,1196,2
14773,4,1197,2
14774,4,1198,2
14775,4,1199,2
14776,4,1200,2
14777,4,1201,2
14778,4,1202,2
14779,4,1203,2
14780,4,1204,2
14781,4,1205,2
14782,4,1206,2
14783,4,1207,2
14784,4,1208,2
14785,4,1209,2
14786,4,1210,2
14787,4,1211,2
14788,4,1212,2
14789,4,1213,2
14790,4,1214,2
14791,4,1215,2
14792,4,1216,2
14793,4,1217,2
14794,4,1218,2
14795,4,1219,2
14796,4,1220,2
14797,4,1221,2
14798,4,1222,2
14799,4,1223,2
14800,4,1224,2
14801,4,1225,2
14802,4,1226,2
14803,4,1227,2
14804,4,1228,2
14805,4,1229,2
14806,4,1230,2
14807,4,1231,2
14808,4,1232,2
14809,4,1233,2
14810,4,1234,2
14811,4,1235,2
14812,4,1236,2
14813,4,1237,2
14814,4,1238,2
14815,4,1239,2
14816,4,1240,2
14817,4,1241,2
14818,4,1242,2
14819,4,1243,2
14820,4,1244,2
14821,4,1245,2
14822,4,1246,2
14823,4,1247,2
14824,4,1248,2
14825,4,1249,2
14826,4,1250,2
14827,4,1251,2
14828,4,1252,2
14829,4,1253,2
14830,4,1254,2
14831,4,1255,2
14832,4,1256,2
14833,4,1257,2
14834,4,1258,2
14835,4,1259,2
14836,4,1260,2
14837,4,1261,2
14838,4,1262,2
14839,4,1263,2
14840,4,1264,2
14841,4,1265,2
14842,4,1266,2
14843,4,1267,2
14844,4,1268,2
14845,4,1269,2
14846,4,1270,2
14847,4,1271,2
14848,4,1272,2
14849,4,1273,2
14850,4,1274,2
14851,4,1275,2
14852,4,1276,2
14853,4,1277,2
14854,4,1278,2
14855,4,1279,2
14856,4,1280,2
14857,4,1281,2
14858,4,1282,2
14859,4,1283,2
14860,4,1284,2
14861,4,1285,2
14862,4,1286,2
14863,4,1287,2
14864,4,1288,2
14865,4,1289,2
14866,4,1290,2
14867,4,1291,2
14868,4,1292,2
14869,4,1293,2
14870,4,1294,2
14871,4,1295,2
14872,4,1296,2
14873,4,1297,2
14874,4,1298,2
14875,4,1299,2
14876,4,1300,2
14877,4,1301,2
14878,4,1302,2
14879,4,1303,2
14880,4,1304,2
14881,4,1305,2
14882,4,1306,2
14883,4,1307,2
14884,4,1308,2
14885,4,1309,2
14886,4,1310,2
14887,4,1311,2
14888,4,1312,2
14889,4,1313,2
14890,4,1314,2
14891,4,1315,2
14892,4,1316,2
14893,4,1317,2
14894,4,1318,2
14895,4,1319,2
14896,4,1320,2
14897,4,1321,2
14898,4,1322,2
14899,4,1323,2
14900,4,1324,2
14901,4,1325,2
14902,4,1326,2
14903,4,1327,2
14904,4,1328,2
14905,4,1329,2
14906,4,1330,2
14907,4,1331,2
14908,4,1332,2
14909,4,1333,2
14910,4,1334,2
14911,4,1335,2
14912,4,1336,2
14913,4,1337,2
14914,4,1338,2
14915,4,1339,2
14916,4,1340,2
14917,4,1341,2
14918,4,1342,2
14919,4,1343,2
14920,4,1344,2
14921,4,1345,2
14922,4,1346,2
14923,4,1347,2
14924,4,1348,2
14925,4,1349,2
14926,4,1350,2
14927,4,1351,2
14928,4,1352,2
14929,4,1353,2
14930,4,1354,2
14931,4,1355,2
14932,4,1356,2
14933,4,1357,2
14934,4,1358,2
14935,4,1359,2
14936,4,1360,2
14937,4,1361,2
14938,4,1362,2
14939,4,1363,2
14940,4,1364,2
14941,4,1365,2
14942,4,1366,2
14943,4,1367,2
14944,4,1368,2
14945,4,1369,2
14946,4,1370,2
14947,4,1371,2
14948,4,1372,2
14949,4,1373,2
14950,4,1374,2
14951,4,1375,2
14952,4,1376,2
14953,4,1377,2
14954,4,1378,2
14955,4,1379,2
14956,4,1380,2
14957,4,1381,2
14958,4,1382,2
14959,4,1383,2
14960,4,1384,2
14961,4,1385,2
14962,4,1386,2
14963,4,1387,2
14964,4,1388,2
14965,4,1389,2
14966,4,1390,2
14967,4,1391,2
14968,4,1392,2
14969,4,1393,2
14970,4,1394,2
14971,4,1395,2
14972,4,1396,2
14973,4,1397,2
14974,4,1398,2
14975,4,1399,2
14976,4,1400,2
14977,4,1401,2
14978,4,1402,2
14979,4,1403,2
14980,4,1404,2
14981,4,1405,2
14982,4,1406,2
14983,4,1407,2
14984,4,1408,2
14985,4,1409,2
14986,4,1410,2
14987,4,1411,2
14988,4,1412,2
14989,4,1413,2
14990,4,1414,2
14991,4,1415,2
14992,4,1416,2
14993,4,1417,2
14994,4,1418,2
14995,4,1419,2
14996,4,1420,2
14997,4,1421,2
14998,4,1422,2
14999,4,1423,2
15000,4,1424,2
15001,4,1425,2
15002,4,1426,2
15003,4,1427,2
15004,4,1428,2
15005,4,1429,2
15006,4,1430,2
15007,4,1431,2
15008,4,1432,2
15009,4,1433,2
15010,4,1434,2
15011,4,1435,2
15012,4,1436,2
15013,4,1437,2
15014,4,1438,2
15015,4,1439,2
15016,4,1440,2
15017,4,1441,2
15018,4,1442,2
15019,4,1443,2
15020,4,1444,2
15021,4,1445,2
15022,4,1446,2
15023,4,1447,2
15024,4,1448,2
15025,4,1449,2
15026,4,1450,2
15027,4,1451,2
15028,4,1452,2
15029,4,1453,2
15030,4,1454,2
15031,4,1455,2
15032,4,1456,2
15033,4,1457,2
15034,4,1458,2
15035,4,1459,2
15036,4,1460,2
15037,4,1461,2
15038,4,1462,2
15039,4,1463,2
15040,4,1464,2
15041,4,1465,2
15042,4,1466,2
15043,4,1467,2
15044,4,1468,2
15045,4,1469,2
15046,4,1470,2
15047,4,1471,2
15048,4,1472,2
15049,4,1473,2
15050,4,1474,2
15051,4,1475,2
15052,4,1476,2
15053,4,1477,2
15054,4,1478,2
15055,4,1479,2
15056,4,1480,2
15057,4,1481,2
15058,4,1482,2
15059,4,1483,2
15060,4,1484,2
15061,4,1485,2
15062,4,1486,2
15063,4,1487,2
15064,4,1488,2
15065,4,1489,2
15066,4,1490,2
15067,4,1491,2
15068,4,1492,2
15069,4,1493,2
15070,4,1494,2
15071,4,1495,2
15072,4,1496,2
15073,4,1497,2
15074,4,1498,2
15075,4,1499,2
15076,4,1500,2
15077,4,1501,2
15078,4,1502,2
15079,4,1503,2
15080,4,1504,2
15081,4,1505,2
15082,4,1506,2
15083,4,1507,2
15084,4,1508,2
15085,4,1509,2
15086,4,1510,2
15087,4,1511,2
15088,4,1512,2
15089,4,1513,2
15090,4,1514,2
15091,4,1515,2
15092,4,1516,2
15093,4,1517,2
15094,4,1518,2
15095,4,1519,2
15096,4,1520,2
15097,4,1521,2
15098,4,1522,2
15099,4,1523,2
15100,4,1524,2
15101,4,1525,2
15102,4,1526,2
15103,4,1527,2
15104,4,1528,2
15105,4,1529,2
15106,4,1530,2
15107,4,1531,2
15108,4,1532,2
15109,4,1533,2
15110,4,1534,2
15111,4,1535,2
15112,4,1536,2
15113,4,1537,2
15114,4,1538,2
15115,4,1539,2
15116,4,1540,2
15117,4,1541,2
15118,4,1542,2
15119,4,1543,2
15120,4,1544,2
15121,4,1545,2
15122,4,1546,2
15123,4,1547,2
15124,4,1548,2
15125,4,1549,2
15126,4,1550,2
15127,4,1551,2
15128,4,1552,2
15129,4,1553,2
15130,4,1554,2
15131,4,1555,2
15132,4,1556,2
15133,4,1557,2
15134,4,1558,2
15135,4,1559,2
15136,4,1560,2
15137,4,1561,2
15138,4,1562,2
15139,4,1563,2
15140,4,1564,2
15141,4,1565,2
15142,4,1566,2
15143,4,1567,2
15144,4,1568,2
15145,4,1569,2
15146,4,1570,2
15147,4,1571,2
15148,4,1572,2
15149,4,1573,2
15150,4,1574,2
15151,4,1575,2
15152,4,1576,2
15153,4,1577,2
15154,4,1578,2
15155,4,1579,2
15156,4,1580,2
15157,4,1581,2
15158,4,1582,2
15159,4,1583,2
15160,4,1584,2
15161,4,1585,2
15162,4,1586,2
15163,4,1587,2
15164,4,1588,2
15165,4,1589,2
15166,4,1590,2
15167,4,1591,2
15168,4,1592,2
15169,4,1593,2
15170,4,1594,2
15171,4,1595,2
15172,4,1596,2
15173,4,1597,2
15174,4,1598,2
15175,4,1599,2
15176,4,1600,2
15177,4,1601,2
15178,4,1602,2
15179,4,1603,2
15180,4,1604,2
15181,4,1605,2
15182,4,1606,2
15183,4,1607,2
15184,4,1608,2
15185,4,1609,2
15186,4,1610,2
15187,4,1611,2
15188,4,1612,2
15189,4,1613,2
15190,4,1614,2
15191,4,1615,2
15192,4,1616,2
15193,4,1617,2
15194,4,1618,2
15195,4,1619,2
15196,4,1620,2
15197,4,1621,2
15198,4,1622,2
15199,4,1623,2
15200,4,1624,2
15201,4,1625,2
15202,4,1626,2
15203,4,1627,2
15204,4,1628,2
15205,4,1629,2
15206,4,1630,2
15207,4,1631,2
15208,4,1632,2
15209,4,1633,2
15210,4,1634,2
15211,4,1635,2
15212,4,1636,2
15213,4,1637,2
15214,4,1638,2
15215,4,1639,2
15216,4,1640,2
15217,4,1641,2
15218,4,1642,2
15219,4,1643,2
15220,4,1644,2
15221,4,1645,2
15222,4,1646,2
15223,4,1647,2
15224,4,1648,2
15225,4,1649,2
15226,4,1650,2
15227,4,1651,2
15228,4,1652,2
15229,4,1653,2
15230,4,1654,2
15231,4,1655,2
15232,4,1656,2
15233,4,1657,2
15234,4,1658,2
15235,4,1659,2
15236,4,1660,2
15237,4,1661,2
15238,4,1662,2
15239,4,1663,2
15240,4,1664,2
15241,4,1665,2
15242,4,1666,2
15243,4,1667,2
15244,4,1668,2
15245,4,1669,2
15246,4,1670,2
15247,4,1671,2
15248,4,1672,2
15249,4,1673,2
15250,4,1674,2
15251,4,1675,2
15252,4,1676,2
15253,4,1677,2
15254,4,1678,2
15255,4,1679,2
15256,4,1680,2
15257,4,1681,2
15258,4,1682,2
15259,4,1683,2
15260,4,1684,2
15261,4,1685,2
15262,4,1686,2
15263,4,1687,2
15264,4,1688,2
15265,4,1689,2
15266,4,1690,2
15267,4,1691,2
15268,4,1692,2
15269,4,1693,2
15270,4,1694,2
15271,4,1695,2
15272,4,1696,2
15273,4,1697,2
15274,4,1698,2
15275,4,1699,2
15276,4,1700,2
15277,4,1701,2
15278,4,1702,2
15279,4,1703,2
15280,4,1704,2
15281,4,1705,2
15282,4,1706,2
15283,4,1707,2
15284,4,1708,2
15285,4,1709,2
15286,4,1710,2
15287,4,1711,2
15288,4,1712,2
15289,4,1713,2
15290,4,1714,2
15291,4,1715,2
15292,4,1716,2
15293,4,1717,2
15294,4,1718,2
15295,4,1719,2
15296,4,1720,2
15297,4,1721,2
15298,4,1722,2
15299,4,1723,2
15300,4,1724,2
15301,4,1725,2
15302,4,1726,2
15303,4,1727,2
15304,4,1728,2
15305,4,1729,2
15306,4,1730,2
15307,4,1731,2
15308,4,1732,2
15309,4,1733,2
15310,4,1734,2
15311,4,1735,2
15312,4,1736,2
15313,4,1737,2
15314,4,1738,2
15315,4,1739,2
15316,4,1740,2
15317,4,1741,2
15318,4,1742,2
15319,4,1743,2
15320,4,1744,2
15321,4,1745,2
15322,4,1746,2
15323,4,1747,2
15324,4,1748,2
15325,4,1749,2
15326,4,1750,2
15327,4,1751,2
15328,4,1752,2
15329,4,1753,2
15330,4,1754,2
15331,4,1755,2
15332,4,1756,2
15333,4,1757,2
15334,4,1758,2
15335,4,1759,2
15336,4,1760,2
15337,4,1761,2
15338,4,1762,2
15339,4,1763,2
15340,4,1764,2
15341,4,1765,2
15342,4,1766,2
15343,4,1767,2
15344,4,1768,2
15345,4,1769,2
15346,4,1770,2
15347,4,1771,2
15348,4,1772,2
15349,4,1773,2
15350,4,1774,2
15351,4,1775,2
15352,4,1776,2
15353,4,1777,2
15354,4,1778,2
15355,4,1779,2
15356,4,1780,2
15357,4,1781,2
15358,4,1782,2
15359,4,1783,2
15360,4,1784,3
15361,4,1785,3
15362,4,1786,3
15363,4,1787,3
15364,4,1788,3
15365,4,1789,3
15366,4,1790,3
15367,4,1791,3
15368,4,1792,3
15369,4,1793,3
15370,4,1794,3
15371,4,1795,3
15372,4,1796,3
15373,4,1797,3
15374,4,1798,3
15375,4,1799,3
15376,4,1800,3
15377,4,1801,3
15378,4,1802,3
15379,4,1803,3
15380,4,1804,3
15381,4,1805,3
15382,4,1806,3
15383,4,1807,3
15384,4,1808,3
15385,4,1809,3
15386,4,1810,3
15387,4,1811,3
15388,4,1812,3
15389,4,1813,3
15390,4,1814,3
15391,4,1815,3
15392,4,1816,3
15393,4,1817,3
15394,4,1818,3
15395,4,1819,3
15396,4,1820,3
15397,4,1821,3
15398,4,1822,3
15399,4,1823,3
15400,4,1824,3
15401,4,1825,3
15402,4,1826,3
15403,4,1827,3
15404,4,1828,3
15405,4,1829,3
15406,4,1830,3
15407,4,1831,3
15408,4,1832,3
15409,4,1833,3
15410,4,1834,3
15411,4,1835,3
15412,4,1836,3
15413,4,1837,3
15414,4,1838,3
15415,4,1839,3
15416,4,1840,3
15417,4,1841,3
15418,4,1842,3
15419,4,1843,3
15420,4,1844,3
15421,4,1845,3
15422,4,1846,3
15423,4,1847,3
15424,4,1848,3
15425,4,1849,3
15426,4,1850,3
15427,4,1851,3
15428,4,1852,3
15429,4,1853,3
15430,4,1854,3
15431,4,1855,3
15432,4,1856,3
15433,4,1857,3
15434,4,1858,3
15435,4,1859,3
15436,4,1860,3
15437,4,1861,3
15438,4,1862,3
15439,4,1863,3
15440,4,1864,3
15441,4,1865,3
15442,4,1866,3
15443,4,1867,3
15444,4,1868,3
15445,4,1869,3
15446,4,1870,3
15447,4,1871,3
15448,4,1872,3
15449,4,1873,3
15450,4,1874,3
15451,4,1875,3
15452,4,1876,3
15453,4,1877,3
15454,4,1878,3
15455,4,1879,3
15456,4,1880,3
15457,4,1881,3
15458,4,1882,3
15459,4,1883,3
15460,4,1884,3
15461,4,1885,3
15462,4,1886,3
15463,4,1887,3
15464,4,1888,3
15465,4,1889,3
15466,4,1890,3
15467,4,1891,3
15468,4,1892,3
15469,4,1893,3
15470,4,1894,3
15471,4,1895,3
15472,4,1896,3
15473,4,1897,3
15474,4,1898,3
15475,4,1899,3
15476,4,1900,3
15477,4,1901,3
15478,4,1902,3
15479,4,1903,3
15480,4,1904,3
15481,4,1905,3
15482,4,1906,3
15483,4,1907,3
15484,4,1908,3
15485,4,1909,3
15486,4,1910,3
15487,4,1911,3
15488,4,1912,3
15489,4,1913,3
15490,4,1914,3
15491,4,1915,3
15492,4,1916,3
15493,4,1917,3
15494,4,1918,3
15495,4,1919,3
15496,4,1920,3
15497,4,1921,3
15498,4,1922,3
15499,4,1923,3
15500,4,1924,3
15501,4,1925,3
15502,4,1926,3
15503,4,1927,3
15504,4,1928,3
15505,4,1929,3
15506,4,1930,3
15507,4,1931,3
15508,4,1932,3
15509,4,1933,3
15510,4,1934,3
15511,4,1935,3
15512,4,1936,3
15513,4,1937,3
15514,4,1938,3
15515,4,1939,3
15516,4,1940,3
15517,4,1941,3
15518,4,1942,3
15519,4,1943,3
15520,4,1944,3
15521,4,1945,3
15522,4,1946,3
15523,4,1947,3
15524,4,1948,3
15525,4,1949,3
15526,4,1950,3
15527,4,1951,3
15528,4,1952,3
15529,4,1953,3
15530,4,1954,3
15531,4,1955,3
15532,4,1956,3
15533,4,1957,3
15534,4,1958,3
15535,4,1959,3
15536,4,1960,3
15537,4,1961,3
15538,4,1962,3
15539,4,1963,3
15540,4,1964,3
15541,4,1965,3
15542,4,1966,3
15543,4,1967,3
15544,4,1968,3
15545,4,1969,3
15546,4,1970,3
15547,4,1971,3
15548,4,1972,3
15549,4,1973,3
15550,4,1974,3
15551,4,1975,3
15552,4,1976,3
15553,4,1977,3
15554,4,1978,3
15555,4,1979,3
15556,4,1980,3
15557,4,1981,3
15558,4,1982,3
15559,4,1983,3
15560,4,1984,3
15561,4,1985,3
15562,4,1986,3
15563,4,1987,3
15564,4,1988,3
15565,4,1989,3
15566,4,1990,3
15567,4,1991,3
15568,4,1992,3
15569,4,1993,3
15570,4,1994,3
15571,4,1995,3
15572,4,1996,3
15573,4,1997,3
15574,4,1998,3
15575,4,1999,3
15576,4,2000,3
15577,4,2001,3
15578,4,2002,3
15579,4,2003,3
15580,4,2004,3
15581,4,2005,3
15582,4,2006,3
15583,4,2007,3
15584,4,2008,3
15585,4,2009,3
15586,4,2010,3
15587,4,2011,3
15588,4,2012,3
15589,4,2013,3
15590,4,2014,3
15591,4,2015,3
15592,4,2016,3
15593,4,2017,3
15594,4,2018,3
15595,4,2019,3
15596,4,2020,3
15597,4,2021,3
15598,4,2022,3
15599,4,2023,3
15600,4,2024,3
15601,4,2025,3
15602,4,2026,3
15603,4,2027,3
15604,4,2028,3
15605,4,2029,3
15606,4,2030,3
15607,4,2031,3
15608,4,2032,3
15609,4,2033,3
15610,4,2034,3
15611,4,2035,3
15612,4,2036,3
15613,4,2037,3
15614,4,2038,3
15615,4,2039,3
15616,4,2040,3
15617,4,2041,3
15618,4,2042,3
15619,4,2043,3
15620,4,2044,3
15621,4,2045,3
15622,4,2046,3
15623,4,2047,3
15624,4,2048,3
15625,4,2049,3
15626,4,2050,3
15627,4,2051,3
15628,4,2052,3
15629,4,2053,3
15630,4,2054,3
15631,4,2055,3
15632,4,2056,3
15633,4,2057,3
15634,4,2058,3
15635,4,2059,3
15636,4,2060,3
15637,4,2061,3
15638,4,2062,3
15639,4,2063,3
15640,4,2064,3
15641,4,2065,3
15642,4,2066,3
15643,4,2067,3
15644,4,2068,3
15645,4,2069,3
15646,4,2070,3
15647,4,2071,3
15648,4,2072,3
15649,4,2073,3
15650,4,2074,3
15651,4,2075,3
15652,4,2076,3
15653,4,2077,3
15654,4,2078,3
15655,4,2079,3
15656,4,2080,3
15657,4,2081,3
15658,4,2082,3
15659,4,2083,3
15660,4,2084,3
15661,4,2085,3
15662,4,2086,3
15663,4,2087,3
15664,4,2088,3
15665,4,2089,3
15666,4,2090,3
15667,4,2091,3
15668,4,2092,3
15669,4,2093,3
15670,4,2094,3
15671,4,2095,3
15672,4,2096,3
15673,4,2097,3
15674,4,2098,3
15675,4,2099,3
15676,4,2100,3
15677,4,2101,3
15678,4,2102,3
15679,4,2103,3
15680,4,2104,3
15681,4,2105,3
15682,4,2106,3
15683,4,2107,3
15684,4,2108,3
15685,4,2109,3
15686,4,2110,3
15687,4,2111,3
15688,4,2112,3
15689,4,2113,3
15690,4,2114,3
15691,4,2115,3
15692,4,2116,3
15693,4,2117,3
15694,4,2118,3
15695,4,2119,3
15696,4,2120,3
15697,4,2121,3
15698,4,2122,3
15699,4,2123,3
15700,4,2124,3
15701,4,2125,3
15702,4,2126,3
15703,4,2127,3
15704,4,2128,3
15705,4,2129,3
15706,4,2130,3
15707,4,2131,3
15708,4,2132,3
15709,4,2133,3
15710,4,2134,3
15711,4,2135,3
15712,4,2136,3
15713,4,2137,3
15714,4,2138,3
15715,4,2139,3
15716,4,2140,3
15717,4,2141,3
15718,4,2142,3
15719,4,2143,3
15720,4,2144,3
15721,4,2145,3
15722,4,2146,3
15723,4,2147,3
15724,4,2148,3
15725,4,2149,3
15726,4,2150,3
15727,4,2151,3
15728,4,2152,3
15729,4,2153,3
15730,4,2154,3
15731,4,2155,3
15732,4,2156,3
15733,4,2157,3
15734,4,2158,3
15735,4,2159,3
15736,4,2160,3
15737,4,2161,3
15738,4,2162,3
15739,4,2163,3
15740,4,2164,3
15741,4,2165,3
15742,4,2166,3
15743,4,2167,3
15744,4,2168,3
15745,4,2169,3
15746,4,2170,3
15747,4,2171,3
15748,4,2172,3
15749,4,2173,3
15750,4,2174,3
15751,4,2175,3
15752,4,2176,3
15753,4,2177,3
15754,4,2178,3
15755,4,2179,3
15756,4,2180,3
15757,4,2181,3
15758,4,2182,3
15759,4,2183,3
15760,4,2184,3
15761,4,2185,3
15762,4,2186,3
15763,4,2187,3
15764,4,2188,3
15765,4,2189,3
15766,4,2190,3
15767,4,2191,3
15768,4,2192,3
15769,4,2193,3
15770,4,2194,3
15771,4,2195,3
15772,4,2196,3
15773,4,2197,3
15774,4,2198,3
15775,4,2199,3
15776,4,2200,3
15777,4,2201,3
15778,4,2202,3
15779,4,2203,3
15780,4,2204,3
15781,4,2205,3
15782,4,2206,3
15783,4,2207,3
15784,4,2208,3
15785,4,2209,3
15786,4,2210,3
15787,4,2211,3
15788,4,2212,3
15789,4,2213,3
15790,4,2214,3
15791,4,2215,3
15792,4,2216,3
15793,4,2217,3
15794,4,2218,3
15795,4,2219,3
15796,4,2220,3
15797,4,2221,3
15798,4,2222,3
15799,4,2223,3
15800,4,2224,3
15801,4,2225,3
15802,4,2226,3
15803,4,2227,3
15804,4,2228,3
15805,4,2229,3
15806,4,2230,3
15807,4,2231,3
15808,4,2232,3
15809,4,2233,3
15810,4,2234,3
15811,4,2235,3
15812,4,2236,3
15813,4,2237,3
15814,4,2238,3
15815,4,2239,3
15816,4,2240,3
15817,4,2241,3
15818,4,2242,3
15819,4,2243,3
15820,4,2244,3
15821,4,2245,3
15822,4,2246,3
15823,4,2247,3
15824,4,2248,3
15825,4,2249,3
15826,4,2250,3
15827,4,2251,3
15828,4,2252,3
15829,4,2253,3
15830,4,2254,3
15831,4,2255,3
15832,4,2256,3
15833,4,2257,3
15834,4,2258,3
15835,4,2259,3
15836,4,2260,3
15837,4,2261,3
15838,4,2262,3
15839,4,2263,3
15840,4,2264,3
15841,4,2265,3
15842,4,2266,3
15843,4,2267,3
15844,4,2268,3
15845,4,2269,3
15846,4,2270,3
15847,4,2271,3
15848,4,2272,3
15849,4,2273,3
15850,4,2274,3
15851,4,2275,3
15852,4,2276,3
15853,4,2277,3
15854,4,2278,3
15855,4,2279,3
15856,4,2280,3
15857,4,2281,3
15858,4,2282,3
15859,4,2283,3
15860,4,2284,3
15861,4,2285,3
15862,4,2286,3
15863,4,2287,3
15864,4,2288,3
15865,4,2289,3
15866,4,2290,3
15867,4,2291,3
15868,4,2292,3
15869,4,2293,3
15870,4,2294,3
15871,4,2295,3
15872,4,2296,3
15873,4,2297,3
15874,4,2298,3
15875,4,2299,3
15876,4,2300,3
15877,4,2301,3
15878,4,2302,3
15879,4,2303,3
15880,4,2304,3
15881,4,2305,3
15882,4,2306,3
15883,4,2307,3
15884,4,2308,3
15885,4,2309,3
15886,4,2310,3
15887,4,2311,3
15888,4,2312,3
15889,4,2313,3
15890,4,2314,3
15891,4,2315,3
15892,4,2316,3
15893,4,2317,3
15894,4,2318,3
15895,4,2319,3
15896,4,2320,3
15897,4,2321,3
15898,4,2322,3
15899,4,2323,3
15900,4,2324,3
15901,4,2325,3
15902,4,2326,3
15903,4,2327,3
15904,4,2328,3
15905,4,2329,3
15906,4,2330,3
15907,4,2331,3
15908,4,2332,3
15909,4,2333,3
15910,4,2334,3
15911,4,2335,3
15912,4,2336,3
15913,4,2337,3
15914,4,2338,3
15915,4,2339,3
15916,4,2340,3
15917,4,2341,3
15918,4,2342,3
15919,4,2343,3
15920,4,2344,3
15921,4,2345,3
15922,4,2346,3
15923,4,2347,3
15924,4,2348,3
15925,4,2349,3
15926,4,2350,3
15927,4,2351,3
15928,4,2352,3
15929,4,2353,3
15930,4,2354,3
15931,4,2355,3
15932,4,2356,3
15933,4,2357,3
15934,4,2358,3
15935,4,2359,3
15936,4,2360,3
15937,4,2361,3
15938,4,2362,3
15939,4,2363,3
15940,4,2364,3
15941,4,2365,3
15942,4,2366,3
15943,4,2367,3
15944,4,2368,3
15945,4,2369,3
15946,4,2370,3
15947,4,2371,3
15948,4,2372,3
15949,4,2373,3
15950,4,2374,3
15951,4,2375,3
15952,4,2376,3
15953,4,2377,3
15954,4,2378,3
15955,4,2379,3
15956,4,2380,3
15957,4,2381,3
15958,4,2382,3
15959,4,2383,3
15960,4,2384,3
15961,4,2385,3
15962,4,2386,3
15963,4,2387,3
15964,4,2388,3
15965,4,2389,3
15966,4,2390,3
15967,4,2391,3
15968,4,2392,3
15969,4,2393,3
15970,4,2394,3
15971,4,2395,3
15972,4,2396,3
15973,4,2397,3
15974,4,2398,3
15975,4,2399,3
15976,4,2400,3
15977,4,2401,3
15978,4,2402,3
15979,4,2403,3
15980,4,2404,3
15981,4,2405,3
15982,4,2406,3
15983,4,2407,3
15984,4,2408,3
15985,4,2409,3
15986,4,2410,3
15987,4,2411,3
15988,4,2412,3
15989,4,2413,3
15990,4,2414,3
15991,4,2415,3
15992,4,2416,3
15993,4,2417,3
15994,4,2418,3
15995,4,2419,3
15996,4,2420,3
15997,4,2421,3
15998,4,2422,3
15999,4,2423,3
16000,4,2424,3
16001,4,2425,3
16002,4,2426,3
16003,4,2427,3
16004,4,2428,3
16005,4,2429,3
16006,4,2430,3
16007,4,2431,3
16008,4,2432,3
16009,4,2433,3
16010,4,2434,3
16011,4,2435,3
16012,4,2436,3
16013,4,2437,3
16014,4,2438,3
16015,4,2439,3
16016,4,2440,3
16017,4,2441,3
16018,4,2442,3
16019,4,2443,3
16020,4,2444,3
16021,4,2445,3
16022,4,2446,3
16023,4,2447,3
16024,4,2448,3
16025,4,2449,3
16026,4,2450,3
16027,4,2451,3
16028,4,2452,3
16029,4,2453,3
16030,4,2454,3
16031,4,2455,3
16032,4,2456,3
16033,4,2457,3
16034,4,2458,3
16035,4,2459,3
16036,4,2460,3
16037,4,2461,3
16038,4,2462,3
16039,4,2463,3
16040,4,2464,3
16041,4,2465,3
16042,4,2466,3
16043,4,2467,3
16044,4,2468,3
16045,4,2469,3
16046,4,2470,3
16047,4,2471,3
16048,4,2472,3
16049,4,2473,3
16050,4,2474,3
16051,4,2475,3
16052,4,2476,3
16053,4,2477,3
16054,4,2478,3
16055,4,2479,3
16056,4,2480,3
16057,4,2481,3
16058,4,2482,3
16059,4,2483,3
16060,4,2484,3
16061,4,2485,3
16062,4,2486,3
16063,4,2487,3
16064,4,2488,3
16065,4,2489,3
16066,4,2490,3
16067,4,2491,3
16068,4,2492,3
16069,4,2493,3
16070,4,2494,3
16071,4,2495,3
16072,4,2496,3
16073,4,2497,3
16074,4,2498,3
16075,4,2499,3
16076,4,2500,3
16077,4,2501,3
16078,4,2502,3
16079,4,2503,3
16080,4,2504,3
16081,4,2505,3
16082,4,2506,3
16083,4,2507,3
16084,4,2508,3
16085,4,2509,3
16086,4,2510,3
16087,4,2511,3
16088,4,2512,3
16089,4,2513,3
16090,4,2514,3
16091,4,2515,3
16092,4,2516,3
16093,4,2517,3
16094,4,2518,3
16095,4,2519,3
16096,4,2520,3
16097,4,2521,3
16098,4,2522,3
16099,4,2523,3
16100,4,2524,3
16101,4,2525,3
16102,4,2526,3
16103,4,2527,3
16104,4,2528,3
16105,4,2529,3
16106,4,2530,3
16107,4,2531,3
16108,4,2532,3
16109,4,2533,3
16110,4,2534,3
16111,4,2535,3
16112,4,2536,3
16113,4,2537,3
16114,4,2538,3
16115,4,2539,3
16116,4,2540,3
16117,4,2541,3
16118,4,2542,3
16119,4,2543,3
16120,4,2544,3
16121,4,2545,3
16122,4,2546,3
16123,4,2547,3
16124,4,2548,3
16125,4,2549,3
16126,4,2550,3
16127,4,2551,3
16128,4,2552,3
16129,4,2553,3
16130,4,2554,3
16131,4,2555,3
16132,4,2556,3
16133,4,2557,3
16134,4,2558,3
16135,4,2559,3
16136,4,2560,3
16137,4,2561,3
16138,4,2562,3
16139,4,2563,3
16140,4,2564,3
16141,4,2565,3
16142,4,2566,3
16143,4,2567,3
16144,4,2568,3
16145,4,2569,3
16146,4,2570,3
16147,4,2571,3
16148,4,2572,3
16149,4,2573,3
16150,4,2574,3
16151,4,2575,3
16152,4,2576,3
16153,4,2577,3
16154,4,2578,3
16155,4,2579,3
16156,4,2580,3
16157,4,2581,3
16158,4,2582,3
16159,4,2583,3
16160,4,2584,3
16161,4,2585,3
16162,4,2586,3
16163,4,2587,3
16164,4,2588,3
16165,4,2589,3
16166,4,2590,3
16167,4,2591,3
16168,4,2592,3
16169,4,2593,3
16170,4,2594,3
16171,4,2595,3
16172,4,2596,3
16173,4,2597,3
16174,4,2598,3
16175,4,2599,3
16176,4,2600,3
16177,4,2601,3
16178,4,2602,3
16179,4,2603,3
16180,4,2604,3
16181,4,2605,3
16182,4,2606,3
16183,4,2607,3
16184,4,2608,3
16185,4,2609,3
16186,4,2610,3
16187,4,2611,3
16188,4,2612,3
16189,4,2613,3
16190,4,2614,3
16191,4,2615,3
16192,4,2616,3
16193,4,2617,3
16194,4,2618,3
16195,4,2619,3
16196,4,2620,3
16197,4,2621,3
16198,4,2622,3
16199,4,2623,3
16200,4,2624,3
16201,4,2625,3
16202,4,2626,3
16203,4,2627,3
16204,4,2628,3
16205,4,2629,3
16206,4,2630,3
16207,4,2631,3
16208,4,2632,3
16209,4,2633,3
16210,4,2634,3
16211,4,2635,3
16212,4,2636,3
16213,4,2637,3
16214,4,2638,3
16215,4,2639,3
16216,4,2640,3
16217,4,2641,3
16218,4,2642,3
16219,4,2643,3
16220,4,2644,3
16221,4,2645,3
16222,4,2646,3
16223,4,2647,3
16224,4,2648,3
16225,4,2649,3
16226,4,2650,3
16227,4,2651,3
16228,4,2652,3
16229,4,2653,3
16230,4,2654,3
16231,4,2655,3
16232,4,2656,3
16233,4,2657,3
16234,4,2658,3
16235,4,2659,3
16236,4,2660,3
16237,4,2661,3
16238,4,2662,3
16239,4,2663,3
16240,4,2664,3
16241,4,2665,3
16242,4,2666,3
16243,4,2667,3
16244,4,2668,3
16245,4,2669,3
16246,4,2670,3
16247,4,2671,3
16248,4,2672,3
16249,4,2673,3
16250,4,2674,3
16251,4,2675,3
16252,4,2676,3
16253,4,2677,3
16254,4,2678,3
16255,4,2679,3
16256,4,2680,3
16257,4,2681,3
16258,4,2682,3
16259,4,2683,3
16260,4,2684,3
16261,4,2685,3
16262,4,2686,3
16263,4,2687,3
16264,4,2688,3
16265,4,2689,3
16266,4,2690,3
16267,4,2691,3
16268,4,2692,3
16269,4,2693,3
16270,4,2694,3
16271,4,2695,3
16272,4,2696,3
16273,4,2697,3
16274,4,2698,3
16275,4,2699,3
16276,4,2700,3
16277,4,2701,3
16278,4,2702,3
16279,4,2703,3
16280,4,2704,3
16281,4,2705,3
16282,4,2706,3
16283,4,2707,3
16284,4,2708,3
16285,4,2709,3
16286,4,2710,3
16287,4,2711,3
16288,4,2712,3
16289,4,2713,3
16290,4,2714,3
16291,4,2715,3
16292,4,2716,3
16293,4,2717,3
16294,4,2718,3
16295,4,2719,3
16296,4,2720,3
16297,4,2721,3
16298,4,2722,3
16299,4,2723,3
16300,4,2724,3
16301,4,2725,3
16302,4,2726,3
16303,4,2727,3
16304,4,2728,3
16305,4,2729,3
16306,4,2730,3
16307,4,2731,3
16308,4,2732,3
16309,4,2733,3
16310,4,2734,3
16311,4,2735,3
16312,4,2736,3
16313,4,2737,3
16314,4,2738,3
16315,4,2739,3
16316,4,2740,3
16317,4,2741,3
16318,4,2742,3
16319,4,2743,3
16320,4,2744,3
16321,4,2745,3
16322,4,2746,3
16323,4,2747,3
16324,4,2748,3
16325,4,2749,3
16326,4,2750,3
16327,4,2751,3
16328,4,2752,3
16329,4,2753,3
16330,4,2754,3
16331,4,2755,3
16332,4,2756,3
16333,4,2757,3
16334,4,2758,3
16335,4,2759,3
16336,4,2760,3
16337,4,2761,3
16338,4,2762,3
16339,4,2763,3
16340,4,2764,3
16341,4,2765,3
16342,4,2766,3
16343,4,2767,3
16344,4,2768,3
16345,4,2769,3
16346,4,2770,3
16347,4,2771,3
16348,4,2772,3
16349,4,2773,3
16350,4,2774,3
16351,4,2775,3
16352,4,2776,3
16353,4,2777,3
16354,4,2778,3
16355,4,2779,3
16356,4,2780,3
16357,4,2781,3
16358,4,2782,3
16359,4,2783,3
16360,4,2784,3
16361,4,2785,3
16362,4,2786,3
16363,4,2787,3
16364,4,2788,3
16365,4,2789,3
16366,4,2790,3
16367,4,2791,3
16368,4,2792,3
16369,4,2793,3
16370,4,2794,3
16371,4,2795,3
16372,4,2796,3
16373,4,2797,3
16374,4,2798,3
16375,4,2799,3
16376,4,2800,3
16377,4,2801,3
16378,4,2802,3
16379,4,2803,3
16380,4,2804,3
16381,4,2805,3
16382,4,2806,3
16383,4,2807,3
16384,4,2808,3
16385,4,2809,3
16386,4,2810,3
16387,4,2811,3
16388,4,2812,3
16389,4,2813,3
16390,4,2814,3
16391,4,2815,3
16392,4,2816,3
16393,4,2817,3
16394,4,2818,3
16395,4,2819,3
16396,4,2820,3
16397,4,2821,3
16398,4,2822,3
16399,4,2823,3
16400,4,2824,3
16401,4,2825,3
16402,4,2826,3
16403,4,2827,3
16404,4,2828,3
16405,4,2829,3
16406,4,2830,3
16407,4,2831,3
16408,4,2832,3
16409,4,2833,3
16410,4,2834,3
16411,4,2835,3
16412,4,2836,3
16413,4,2837,3
16414,4,2838,3
16415,4,2839,3
16416,4,2840,3
16417,4,2841,3
16418,4,2842,3
16419,4,2843,3
16420,4,2844,3
16421,4,2845,3
16422,4,2846,3
16423,4,2847,3
16424,4,2848,3
16425,4,2849,3
16426,4,2850,3
16427,4,2851,3
16428,4,2852,3
16429,4,2853,3
16430,4,2854,3
16431,4,2855,3
16432,4,2856,3
16433,4,2857,3
16434,4,2858,3
16435,4,2859,3
16436,4,2860,3
16437,4,2861,3
16438,4,2862,3
16439,4,2863,3
16440,4,2864,3
16441,4,2865,3
16442,4,2866,3
16443,4,2867,3
16444,4,2868,3
16445,4,2869,3
16446,4,2870,3
16447,4,2871,3
16448,4,2872,3
16449,4,2873,3
16450,4,2874,3
16451,4,2875,3
16452,4,2876,3
16453,4,2877,3
16454,4,2878,3
16455,4,2879,3
16456,4,2880,3
16457,4,2881,3
16458,4,2882,3
16459,4,2883,3
16460,4,2884,3
16461,4,2885,3
16462,4,2886,3
16463,4,2887,3
16464,4,2888,3
16465,4,2889,3
16466,4,2890,3
16467,4,2891,3
16468,4,2892,3
16469,4,2893,3
16470,4,2894,3
16471,4,2895,3
16472,4,2896,3
16473,4,2897,3
16474,4,2898,3
16475,4,2899,3
16476,4,2900,3
16477,4,2901,3
16478,4,2902,3
16479,4,2903,3
16480,4,2904,3
16481,4,2905,3
16482,4,2906,3
16483,4,2907,3
16484,4,2908,3
16485,4,2909,3
16486,4,2910,3
16487,4,2911,3
16488,4,2912,3
16489,4,2913,3
16490,4,2914,3
16491,4,2915,3
16492,4,2916,3
16493,4,2917,3
16494,4,2918,3
16495,4,2919,3
16496,4,2920,3
16497,4,2921,3
16498,4,2922,3
16499,4,2923,3
16500,4,2924,3
16501,4,2925,3
16502,4,2926,3
16503,4,2927,3
16504,4,2928,3
16505,4,2929,3
16506,4,2930,3
16507,4,2931,3
16508,4,2932,3
16509,4,2933,3
16510,4,2934,3
16511,4,2935,3
16512,4,2936,3
16513,4,2937,3
16514,4,2938,3
16515,4,2939,3
16516,4,2940,3
16517,4,2941,3
16518,4,2942,3
16519,4,2943,3
16520,4,2944,3
16521,4,2945,3
16522,4,2946,3
16523,4,2947,3
16524,4,2948,3
16525,4,2949,3
16526,4,2950,3
16527,4,2951,3
16528,4,2952,3
16529,4,2953,3
16530,4,2954,3
16531,4,2955,3
16532,4,2956,3
16533,4,2957,3
16534,4,2958,3
16535,4,2959,3
16536,4,2960,3
16537,4,2961,3
16538,4,2962,3
16539,4,2963,3
16540,4,2964,3
16541,4,2965,3
16542,4,2966,3
16543,4,2967,3
16544,4,2968,3
16545,4,2969,3
16546,4,2970,3
16547,4,2971,3
16548,4,2972,3
16549,4,2973,3
16550,4,2974,3
16551,4,2975,3
16552,4,2976,3
16553,4,2977,3
16554,4,2978,3
16555,4,2979,3
16556,4,2980,3
16557,4,2981,3
16558,4,2982,3
16559,4,2983,3
16560,4,2984,3
16561,4,2985,3
16562,4,2986,3
16563,4,2987,3
16564,4,2988,3
16565,4,2989,3
16566,4,2990,3
16567,4,2991,3
16568,4,2992,3
16569,4,2993,3
16570,4,2994,3
16571,4,2995,3
16572,4,2996,3
16573,4,2997,3
16574,4,2998,3
16575,4,2999,3
16576,4,3000,3
16577,4,3001,3
16578,4,3002,3
16579,4,3003,3
16580,4,3004,3
16581,4,3005,3
16582,4,3006,3
16583,4,3007,3
16584,4,3008,3
16585,4,3009,3
16586,4,3010,3
16587,4,3011,3
16588,4,3012,3
16589,4,3013,3
16590,4,3014,3
16591,4,3015,3
16592,4,3016,3
16593,4,3017,3
16594,4,3018,3
16595,4,3019,3
16596,4,3020,3
16597,4,3021,3
16598,4,3022,3
16599,4,3023,3
16600,4,3024,3
16601,4,3025,3
16602,4,3026,3
16603,4,3027,3
16604,4,3028,3
16605,4,3029,3
16606,4,3030,3
16607,4,3031,3
16608,4,3032,3
16609,4,3033,3
16610,4,3034,3
16611,4,3035,3
16612,4,3036,3
16613,4,3037,3
16614,4,3038,3
16615,4,3039,3
16616,4,3040,3
16617,4,3041,3
16618,4,3042,3
16619,4,3043,3
16620,4,3044,3
16621,4,3045,3
16622,4,3046,3
16623,4,3047,3
16624,4,3048,3
16625,4,3049,3
16626,4,3050,3
16627,4,3051,3
16628,4,3052,3
16629,4,3053,3
16630,4,3054,3
16631,4,3055,3
16632,4,3056,3
16633,4,3057,3
16634,4,3058,3
16635,4,3059,3
16636,4,3060,3
16637,4,3061,3
16638,4,3062,3
16639,4,3063,3
16640,4,3064,3
16641,4,3065,3
16642,4,3066,3
16643,4,3067,3
16644,4,3068,3
16645,4,3069,3
16646,4,3070,3
16647,4,3071,3
16648,4,3072,3
16649,4,3073,3
16650,4,3074,3
16651,4,3075,3
16652,4,3076,3
16653,4,3077,3
16654,4,3078,3
16655,4,3079,3
16656,4,3080,3
16657,4,3081,3
16658,4,3082,3
16659,4,3083,3
16660,4,3084,3
16661,4,3085,3
16662,4,3086,3
16663,4,3087,3
16664,4,3088,3
16665,4,3089,3
16666,4,3090,3
16667,4,3091,3
16668,4,3092,3
16669,4,3093,3
16670,4,3094,3
16671,4,3095,3
16672,4,3096,3
16673,4,3097,3
16674,4,3098,3
16675,4,3099,3
16676,4,3100,3
16677,4,3101,3
16678,4,3102,3
16679,4,3103,3
16680,4,3104,3
16681,4,3105,3
16682,4,3106,3
16683,4,3107,3
16684,4,3108,3
16685,4,3109,3
16686,4,3110,3
16687,4,3111,3
16688,4,3112,3
16689,4,3113,3
16690,4,3114,3
16691,4,3115,3
16692,4,3116,3
16693,4,3117,3
16694,4,3118,3
16695,4,3119,3
16696,4,3120,3
16697,4,3121,3
16698,4,3122,3
16699,4,3123,3
16700,4,3124,3
16701,4,3125,3
16702,4,3126,3
16703,4,3127,3
16704,4,3128,3
16705,4,3129,3
16706,4,3130,3
16707,4,3131,3
16708,4,3132,3
16709,4,3133,3
16710,4,3134,3
16711,4,3135,3
16712,4,3136,3
16713,4,3137,3
16714,4,3138,3
16715,4,3139,3
16716,4,3140,3
16717,4,3141,3
16718,4,3142,3
16719,4,3143,3
16720,4,3144,3
16721,4,3145,3
16722,4,3146,3
16723,4,3147,3
16724,4,3148,3
16725,4,3149,3
16726,4,3150,3
16727,4,3151,3
16728,4,3152,3
16729,4,3153,3
16730,4,3154,3
16731,4,3155,3
16732,4,3156,3
16733,4,3157,3
16734,4,3158,3
16735,4,3159,3
16736,4,3160,3
16737,4,3161,3
16738,4,3162,3
16739,4,3163,3
16740,4,3164,3
16741,4,3165,3
16742,4,3166,3
16743,4,3167,3
16744,4,3168,3
16745,4,3169,3
16746,4,3170,3
16747,4,3171,3
16748,4,3172,3
16749,4,3173,3
16750,4,3174,3
16751,4,3175,3
16752,4,3176,3
16753,4,3177,3
16754,4,3178,3
16755,4,3179,3
16756,4,3180,3
16757,4,3181,3
16758,4,3182,3
16759,4,3183,3
16760,4,3184,3
16761,4,3185,3
16762,4,3186,3
16763,4,3187,3
16764,4,3188,3
16765,4,3189,3
16766,4,3190,3
16767,4,3191,3
16768,4,3192,3
16769,4,3193,3
16770,4,3194,3
16771,4,3195,3
16772,4,3196,3
16773,4,3197,3
16774,4,3198,3
16775,4,3199,3
16776,4,3200,3
16777,4,3201,3
16778,4,3202,3
16779,4,3203,3
16780,4,3204,3
16781,4,3205,3
16782,4,3206,3
16783,4,3207,3
16784,4,3208,3
16785,4,3209,3
16786,4,3210,3
16787,4,3211,3
16788,4,3212,3
16789,4,3213,3
16790,4,3214,3
16791,4,3215,3
16792,4,3216,3
16793,4,3217,3
16794,4,3218,3
16795,4,3219,3
16796,4,3220,3
16797,4,3221,3
16798,4,3222,3
16799,4,3223,3
16800,4,3224,3
16801,4,3225,3
16802,4,3226,3
16803,4,3227,3
16804,4,3228,3
16805,4,3229,3
16806,4,3230,3
16807,4,3231,3
16808,4,3232,3
16809,4,3233,3
16810,4,3234,3
16811,4,3235,3
16812,4,3236,3
16813,4,3237,3
16814,4,3238,3
16815,4,3239,3
16816,4,3240,3
16817,4,3241,3
16818,4,3242,3
16819,4,3243,3
16820,4,3244,3
16821,4,3245,3
16822,4,3246,3
16823,4,3247,3
16824,4,3248,3
16825,4,3249,3
16826,4,3250,3
16827,4,3251,3
16828,4,3252,3
16829,4,3253,3
16830,4,3254,3
16831,4,3255,3
16832,4,3256,3
16833,4,3257,3
16834,4,3258,3
16835,4,3259,3
16836,4,3260,3
16837,4,3261,3
16838,4,3262,3
16839,4,3263,3
16840,4,3264,3
16841,4,3265,3
16842,4,3266,3
16843,4,3267,3
16844,4,3268,3
16845,4,3269,3
16846,4,3270,3
16847,4,3271,3
16848,4,3272,3
16849,4,3273,3
16850,4,3274,3
16851,4,3275,3
16852,4,3276,3
16853,4,3277,3
16854,4,3278,3
16855,4,3279,3
16856,4,3280,3
16857,4,3281,3
16858,4,3282,3
16859,4,3283,3
16860,4,3284,3
16861,4,3285,3
16862,4,3286,3
16863,4,3287,3
16864,4,3288,3
16865,4,3289,3
16866,4,3290,3
16867,4,3291,3
16868,4,3292,3
16869,4,3293,3
16870,4,3294,3
16871,4,3295,3
16872,4,3296,3
16873,4,3297,3
16874,4,3298,3
16875,4,3299,3
16876,4,3300,3
16877,4,3301,3
16878,4,3302,3
16879,4,3303,3
16880,4,3304,3
16881,4,3305,3
16882,4,3306,3
16883,4,3307,3
16884,4,3308,3
16885,4,3309,3
16886,4,3310,3
16887,4,3311,3
16888,4,3312,3
16889,4,3313,3
16890,4,3314,3
16891,4,3315,3
16892,4,3316,3
16893,4,3317,3
16894,4,3318,3
16895,4,3319,3
16896,4,3320,3
16897,4,3321,3
16898,4,3322,3
16899,4,3323,3
16900,4,3324,3
16901,4,3325,3
16902,4,3326,3
16903,4,3327,3
16904,4,3328,3
16905,4,3329,3
16906,4,3330,3
16907,4,3331,3
16908,4,3332,3
16909,4,3333,3
16910,4,3334,3
16911,4,3335,3
16912,4,3336,3
16913,4,3337,3
16914,4,3338,3
16915,4,3339,3
16916,4,3340,3
16917,4,3341,3
16918,4,3342,3
16919,4,3343,3
16920,4,3344,3
16921,4,3345,3
16922,4,3346,3
16923,4,3347,3
16924,4,3348,3
16925,4,3349,3
16926,4,3350,3
16927,4,3351,3
16928,4,3352,3
16929,4,3353,3
16930,4,3354,3
16931,4,3355,3
16932,4,3356,3
16933,4,3357,3
16934,4,3358,3
16935,4,3359,3
16936,4,3360,3
16937,4,3361,3
16938,4,3362,3
16939,4,3363,3
16940,4,3364,3
16941,4,3365,3
16942,4,3366,3
16943,4,3367,3
16944,4,3368,3
16945,4,3369,3
16946,4,3370,3
16947,4,3371,3
16948,4,3372,3
16949,4,3373,3
16950,4,3374,3
16951,4,3375,3
16952,4,3376,3
16953,4,3377,3
16954,4,3378,3
16955,4,3379,3
16956,4,3380,3
16957,4,3381,3
16958,4,3382,3
16959,4,3383,3
16960,4,3384,3
16961,4,3385,3
16962,4,3386,3
16963,4,3387,3
16964,4,3388,3
16965,4,3389,3
16966,4,3390,3
16967,4,3391,3
16968,4,3392,3
16969,4,3393,3
16970,9,0,3
16971,9,1,3
16972,9,2,3
16973,9,3,3
16974,9,4,3
16975,9,5,3
16976,9,6,3
16977,9,7,3
16978,9,8,3
16979,9,9,3
16980,9,10,3
16981,9,11,3
16982,9,12,3
16983,9,13,3
16984,9,14,3
16985,9,15,3
16986,9,16,3
16987,9,17,3
16988,9,18,3
16989,9,19,3
16990,9,20,3
16991,9,21,3
16992,9,22,3
16993,9,23,3
16994,9,24,3
16995,9,25,3
16996,9,26,3
16997,9,27,3
16998,9,28,3
16999,9,29,3
17000,9,30,3
17001,9,31,3
17002,9,32,3
17003,9,33,3
17004,9,34,3
17005,9,35,3
17006,9,36,3
17007,9,37,3
17008,9,38,3
17009,9,39,3
17010,9,40,3
17011,9,41,3
17012,9,42,3
17013,9,43,3
17014,9,44,3
17015,9,45,3
17016,9,46,3
17017,9,47,3
17018,9,48,3
17019,9,49,3
17020,9,50,3
17021,9,51,3
17022,9,52,3
17023,9,53,3
17024,9,54,3
17025,9,55,3
17026,9,56,3
17027,9,57,3
17028,9,58,3
17029,9,59,3
17030,9,60,3
17031,9,61,3
17032,9,62,3
17033,9,63,3
17034,9,64,3
17035,9,65,3
17036,9,66,3
17037,9,67,3
17038,9,68,3
17039,9,69,3
17040,9,70,3
17041,9,71,3
17042,9,72,3
17043,9,73,3
17044,9,74,3
17045,9,75,3
17046,9,76,3
17047,9,77,3
17048,9,78,3
17049,9,79,3
17050,9,80,3
17051,9,81,3
17052,9,82,3
17053,9,83,3
17054,9,84,3
17055,9,85,3
17056,9,86,3
17057,9,87,3
17058,9,88,3
17059,9,89,3
17060,9,90,3
17061,9,91,3
17062,9,92,3
17063,9,93,3
17064,9,94,3
17065,9,95,3
17066,9,96,3
17067,9,97,3
17068,9,98,3
17069,9,99,3
17070,9,100,3
17071,9,101,3
17072,9,102,3
17073,9,103,3
17074,9,104,3
17075,9,105,3
17076,9,106,3
17077,9,107,3
17078,9,108,3
17079,9,109,3
17080,9,110,3
17081,9,111,3
17082,9,112,3
17083,9,113,3
17084,9,114,3
17085,9,115,3
17086,9,116,3
17087,9,117,3
17088,9,118,3
17089,9,119,3
17090,9,120,3
17091,9,121,3
17092,9,122,3
17093,9,123,3
17094,9,124,3
17095,9,125,3
17096,9,126,3
17097,9,127,3
17098,9,128,3
17099,9,129,3
17100,9,130,3
17101,9,131,3
17102,9,132,3
17103,9,133,3
17104,9,134,3
17105,9,135,3
17106,9,136,3
17107,9,137,3
17108,9,138,3
17109,9,139,3
17110,9,140,3
17111,9,141,3
17112,9,142,3
17113,9,143,3
17114,9,144,3
17115,9,145,3
17116,9,146,3
17117,9,147,3
17118,9,148,3
17119,9,149,3
17120,9,150,3
17121,9,151,3
17122,9,152,3
17123,9,153,3
17124,9,154,3
17125,9,155,3
17126,9,156,3
17127,9,157,3
17128,9,158,3
17129,9,159,3
17130,9,160,3
17131,9,161,3
17132,9,162,3
17133,9,163,3
17134,9,164,3
17135,9,165,3
17136,9,166,3
17137,9,167,3
17138,9,168,3
17139,9,169,3
17140,9,170,3
17141,9,171,3
17142,9,172,3
17143,9,173,3
17144,9,174,3
17145,9,175,3
17146,9,176,3
17147,9,177,3
17148,9,178,3
17149,9,179,3
17150,9,180,3
17151,9,181,3
17152,9,182,3
17153,9,183,3
17154,9,184,3
17155,9,185,3
17156,9,186,3
17157,9,187,3
17158,9,188,3
17159,9,189,3
17160,9,190,3
17161,9,191,3
17162,9,192,3
17163,9,193,3
17164,9,194,3
17165,9,195,3
17166,9,196,3
17167,9,197,3
17168,9,198,3
17169,9,199,3
17170,9,200,3
17171,9,201,3
17172,9,202,3
17173,9,203,3
17174,9,204,3
17175,9,205,3
17176,9,206,3
17177,9,207,3
17178,9,208,3
17179,9,209,3
17180,9,210,3
17181,9,211,3
17182,9,212,3
17183,9,213,3
17184,9,214,3
17185,9,215,3
17186,9,216,3
17187,9,217,3
17188,9,218,3
17189,9,219,3
17190,9,220,3
17191,9,221,3
17192,9,222,3
17193,9,223,3
17194,9,224,3
17195,9,225,3
17196,9,226,3
17197,9,227,3
17198,9,228,3
17199,9,229,3
17200,9,230,3
17201,9,231,3
17202,9,232,3
17203,9,233,3
17204,9,234,3
17205,9,235,3
17206,9,236,3
17207,9,237,3
17208,9,238,3
17209,9,239,3
17210,9,240,3
17211,9,241,3
17212,9,242,3
17213,9,243,3
17214,9,244,3
17215,9,245,3
17216,9,246,3
17217,9,247,3
17218,9,248,3
17219,9,249,3
17220,9,250,3
17221,9,251,3
17222,9,252,3
17223,9,253,3
17224,9,254,3
17225,9,255,3
17226,9,256,3
17227,9,257,3
17228,9,258,3
17229,9,259,3
17230,9,260,3
17231,9,261,3
17232,9,262,3
17233,9,263,3
17234,9,264,3
17235,9,265,3
17236,9,266,3
17237,9,267,3
17238,9,268,3
17239,9,269,3
17240,9,270,3
17241,9,271,3
17242,9,272,3
17243,9,273,3
17244,9,274,3
17245,9,275,3
17246,9,276,3
17247,9,277,3
17248,9,278,3
17249,9,279,3
17250,9,280,3
17251,9,281,3
17252,9,282,3
17253,9,283,3
17254,9,284,3
17255,9,285,3
17256,9,286,3
17257,9,287,3
17258,9,288,3
17259,9,289,3
17260,9,290,3
17261,9,291,3
17262,9,292,3
17263,9,293,3
17264,9,294,3
17265,9,295,3
17266,9,296,3
17267,9,297,3
17268,9,298,3
17269,9,299,3
17270,9,300,3
17271,9,301,3
17272,9,302,3
17273,9,303,3
17274,9,304,3
17275,9,305,3
17276,9,306,3
17277,9,307,3
17278,9,308,3
17279,9,309,3
17280,9,310,3
17281,9,311,3
17282,9,312,3
17283,9,313,3
17284,9,314,3
17285,9,315,3
17286,9,316,3
17287,9,317,3
17288,9,318,3
17289,9,319,3
17290,9,320,3
17291,9,321,3
17292,9,322,3
17293,9,323,3
17294,9,324,3
17295,9,325,3
17296,9,326,3
17297,9,327,3
17298,9,328,3
17299,9,329,3
17300,9,330,3
17301,9,331,3
17302,9,332,3
17303,9,333,3
17304,9,334,3
17305,9,335,3
17306,9,336,3
17307,9,337,3
17308,9,338,3
17309,9,339,3
17310,9,340,3
17311,9,341,3
17312,9,342,3
17313,9,343,3
17314,9,344,3
17315,9,345,3
17316,9,346,3
17317,9,347,3
17318,9,348,3
17319,9,349,3
17320,9,350,3
17321,9,351,3
17322,9,352,3
17323,9,353,3
17324,9,354,3
17325,9,355,3
17326,9,356,3
17327,9,357,3
17328,9,358,3
17329,9,359,3
17330,9,360,3
17331,9,361,3
17332,9,362,3
17333,9,363,3
17334,9,364,3
17335,9,365,3
17336,9,366,3
17337,9,367,3
17338,9,368,3
17339,9,369,3
17340,9,370,3
17341,9,371,3
17342,9,372,3
17343,9,373,3
17344,9,374,3
17345,9,375,3
17346,9,376,3
17347,9,377,3
17348,9,378,3
17349,9,379,3
17350,9,380,3
17351,9,381,3
17352,9,382,3
17353,9,383,3
17354,9,384,3
17355,9,385,3
17356,9,386,3
17357,9,387,3
17358,9,388,3
17359,9,389,3
17360,9,390,3
17361,9,391,3
17362,9,392,3
17363,9,393,3
17364,9,394,3
17365,9,395,3
17366,9,396,3
17367,9,397,3
17368,9,398,3
17369,9,399,3
17370,9,400,3
17371,9,401,3
17372,9,402,3
17373,9,403,3
17374,9,404,3
17375,9,405,3
17376,9,406,3
17377,9,407,3
17378,9,408,3
17379,9,409,3
17380,9,410,3
17381,9,411,3
17382,9,412,3
17383,9,413,3
17384,9,414,3
17385,9,415,3
17386,9,416,3
17387,9,417,3
17388,9,418,3
17389,9,419,3
17390,9,420,3
17391,9,421,3
17392,9,422,3
17393,9,423,3
17394,9,424,3
17395,9,425,3
17396,9,426,3
17397,9,427,3
17398,9,428,3
17399,9,429,3
17400,9,430,3
17401,9,431,3
17402,9,432,3
17403,9,433,3
17404,9,434,3
17405,9,435,3
17406,9,436,3
17407,9,437,3
17408,9,438,3
17409,9,439,3
17410,9,440,3
17411,9,441,3
17412,9,442,3
17413,9,443,3
17414,9,444,3
17415,9,445,3
17416,9,446,3
17417,9,447,3
17418,9,448,3
17419,9,449,3
17420,9,450,3
17421,9,451,3
17422,9,452,3
17423,9,453,3
17424,9,454,3
17425,9,455,3
17426,9,456,3
17427,9,457,3
17428,9,458,3
17429,9,459,3
17430,9,460,3
17431,9,461,3
17432,9,462,3
17433,9,463,3
17434,9,464,3
17435,9,465,3
17436,9,466,3
17437,9,467,3
17438,9,468,3
17439,9,469,3
17440,9,470,3
17441,9,471,3
17442,9,472,3
17443,9,473,3
17444,9,474,3
17445,9,475,3
17446,9,476,3
17447,9,477,3
17448,9,478,3
17449,9,479,3
17450,9,480,3
17451,9,481,3
17452,9,482,3
17453,9,483,3
17454,9,484,3
17455,9,485,3
17456,9,486,3
17457,9,487,3
17458,9,488,3
17459,9,489,3
17460,9,490,3
17461,9,491,3
17462,9,492,3
17463,9,493,3
17464,9,494,3
17465,9,495,3
17466,9,496,3
17467,9,497,3
17468,9,498,3
17469,9,499,3
17470,9,500,3
17471,9,501,3
17472,9,502,3
17473,9,503,3
17474,9,504,3
17475,9,505,3
17476,9,506,3
17477,9,507,3
17478,9,508,3
17479,9,509,3
17480,9,510,3
17481,9,511,3
17482,9,512,3
17483,9,513,3
17484,9,514,3
17485,9,515,3
17486,9,516,3
17487,9,517,3
17488,9,518,3
17489,9,519,3
17490,9,520,3
17491,9,521,3
17492,9,522,3
17493,9,523,3
17494,9,524,3
17495,9,525,3
17496,9,526,3
17497,9,527,3
17498,9,528,3
17499,9,529,3
17500,9,530,3
17501,9,531,3
17502,9,532,3
17503,9,533,3
17504,9,534,3
17505,9,535,3
17506,9,536,3
17507,9,537,3
17508,9,538,3
17509,9,539,3
17510,9,540,3
17511,9,541,3
17512,9,542,3
17513,9,543,3
17514,9,544,3
17515,9,545,3
17516,9,546,3
17517,9,547,3
17518,9,548,3
17519,9,549,3
17520,9,550,3
17521,9,551,3
17522,9,552,3
17523,9,553,3
17524,9,554,3
17525,9,555,3
17526,9,556,3
17527,9,557,3
17528,9,558,3
17529,9,559,3
17530,9,560,3
17531,9,561,3
17532,9,562,3
17533,9,563,3
17534,9,564,3
17535,9,565,3
17536,9,566,3
17537,9,567,3
17538,9,568,3
17539,9,569,3
17540,9,570,3
17541,9,571,3
17542,9,572,3
17543,9,573,3
17544,9,574,3
17545,9,575,3
17546,9,576,3
17547,9,577,3
17548,9,578,3
17549,9,579,3
17550,9,580,3
17551,9,581,3
17552,9,582,3
17553,9,583,3
17554,9,584,3
17555,9,585,3
17556,9,586,3
17557,9,587,3
17558,9,588,3
17559,9,589,3
17560,9,590,3
17561,9,591,3
17562,9,592,3
17563,9,593,3
17564,9,594,3
17565,9,595,3
17566,9,596,3
17567,9,597,3
17568,9,598,3
17569,9,599,3
17570,9,600,3
17571,9,601,3
17572,9,602,3
17573,9,603,3
17574,9,604,3
17575,9,605,3
17576,9,606,3
17577,9,607,3
17578,9,608,3
17579,9,609,3
17580,9,610,3
17581,9,611,3
17582,9,612,3
17583,9,613,3
17584,9,614,3
17585,9,615,3
17586,9,616,3
17587,9,617,3
17588,9,618,3
17589,9,619,3
17590,9,620,3
17591,9,621,3
17592,9,622,3
17593,9,623,3
17594,9,624,3
17595,9,625,3
17596,9,626,3
17597,9,627,3
17598,9,628,3
17599,9,629,3
17600,9,630,3
17601,9,631,3
17602,9,632,3
17603,9,633,3
17604,9,634,3
17605,9,635,3
17606,9,636,3
17607,9,637,3
17608,9,638,3
17609,9,639,3
17610,9,640,3
17611,9,641,3
17612,9,642,3
17613,9,643,3
17614,9,644,3
17615,9,645,3
17616,9,646,3
17617,9,647,3
17618,9,648,3
17619,9,649,3
17620,9,650,3
17621,9,651,3
17622,9,652,3
17623,9,653,3
17624,9,654,3
17625,9,655,3
17626,9,656,3
17627,9,657,3
17628,9,658,3
17629,9,659,3
17630,9,660,3
17631,9,661,3
17632,9,662,3
17633,9,663,3
17634,9,664,3
17635,9,665,3
17636,9,666,3
17637,9,667,3
17638,9,668,3
17639,9,669,3
17640,9,670,3
17641,9,671,3
17642,9,672,3
17643,9,673,3
17644,9,674,3
17645,9,675,3
17646,9,676,3
17647,9,677,3
17648,9,678,3
17649,9,679,3
17650,9,680,3
17651,9,681,3
17652,9,682,3
17653,9,683,3
17654,9,684,3
17655,9,685,3
17656,9,686,3
17657,9,687,3
17658,9,688,3
17659,9,689,3
17660,9,690,3
17661,9,691,3
17662,9,692,3
17663,9,693,3
17664,9,694,3
17665,9,695,3
17666,9,696,3
17667,9,697,3
17668,9,698,3
17669,9,699,3
17670,9,700,3
17671,9,701,3
17672,9,702,3
17673,9,703,3
17674,9,704,3
17675,9,705,3
17676,9,706,3
17677,9,707,3
17678,9,708,3
17679,9,709,3
17680,9,710,3
17681,9,711,3
17682,9,712,3
17683,9,713,3
17684,9,714,3
17685,9,715,3
17686,9,716,3
17687,9,717,3
17688,9,718,3
17689,9,719,3
17690,9,720,3
17691,9,721,3
17692,9,722,3
17693,9,723,3
17694,9,724,3
17695,9,725,3
17696,9,726,3
17697,9,727,3
17698,9,728,3
17699,9,729,3
17700,9,730,3
17701,9,731,3
17702,9,732,3
17703,9,733,3
17704,9,734,3
17705,9,735,3
17706,9,736,3
17707,9,737,3
17708,9,738,3
17709,9,739,3
17710,9,740,3
17711,9,741,3
17712,9,742,3
17713,9,743,3
17714,9,744,3
17715,9,745,3
17716,9,746,3
17717,9,747,3
17718,9,748,3
17719,9,749,3
17720,9,750,3
17721,9,751,3
17722,9,752,3
17723,9,753,3
17724,9,754,3
17725,9,755,3
17726,9,756,3
17727,9,757,3
17728,9,758,3
17729,9,759,3
17730,9,760,3
17731,9,761,3
17732,9,762,3
17733,9,763,3
17734,9,764,3
17735,9,765,3
17736,9,766,3
17737,9,767,3
17738,9,768,3
17739,9,769,3
17740,9,770,3
17741,9,771,3
17742,9,772,3
17743,9,773,3
17744,9,774,3
17745,9,775,3
17746,9,776,3
17747,9,777,3
17748,9,778,3
17749,9,779,3
17750,9,780,3
17751,9,781,3
17752,9,782,3
17753,9,783,3
17754,9,784,3
17755,9,785,3
17756,9,786,3
17757,9,787,3
17758,9,788,3
17759,9,789,3
17760,9,790,3
17761,9,791,3
17762,9,792,3
17763,9,793,3
17764,9,794,3
17765,9,795,3
17766,9,796,3
17767,9,797,3
17768,9,798,3
17769,9,799,3
17770,9,800,3
17771,9,801,3
17772,9,802,3
17773,9,803,3
17774,9,804,3
17775,9,805,3
17776,9,806,3
17777,9,807,3
17778,9,808,3
17779,9,809,3
17780,9,810,3
17781,9,811,3
17782,9,812,3
17783,9,813,3
17784,9,814,3
17785,9,815,3
17786,9,816,3
17787,9,817,3
17788,9,818,3
17789,9,819,3
17790,9,820,3
17791,9,821,3
17792,9,822,3
17793,9,823,3
17794,9,824,3
17795,9,825,3
17796,9,826,3
17797,9,827,3
17798,9,828,3
17799,9,829,3
17800,9,830,3
17801,9,831,3
17802,9,832,3
17803,9,833,3
17804,9,834,3
17805,9,835,3
17806,9,836,3
17807,9,837,3
17808,9,838,3
17809,9,839,3
17810,9,840,3
17811,9,841,3
17812,9,842,3
17813,9,843,3
17814,9,844,3
17815,9,845,3
17816,9,846,3
17817,9,847,3
17818,9,848,3
17819,9,849,3
17820,9,850,3
17821,9,851,3
17822,9,852,3
17823,9,853,3
17824,9,854,3
17825,9,855,3
17826,9,856,3
17827,9,857,3
17828,9,858,3
17829,9,859,3
17830,9,860,3
17831,9,861,3
17832,9,862,3
17833,9,863,3
17834,9,864,3
17835,9,865,3
17836,9,866,3
17837,9,867,3
17838,9,868,3
17839,9,869,3
17840,9,870,3
17841,9,871,3
17842,9,872,3
17843,9,873,3
17844,9,874,3
17845,9,875,3
17846,9,876,3
17847,9,877,3
17848,9,878,3
17849,9,879,3
17850,9,880,3
17851,9,881,3
17852,9,882,3
17853,9,883,3
17854,9,884,3
17855,9,885,3
17856,9,886,3
17857,9,887,3
17858,9,888,3
17859,9,889,3
17860,9,890,3
17861,9,891,3
17862,9,892,3
17863,9,893,3
17864,9,894,3
17865,9,895,3
17866,9,896,3
17867,9,897,3
17868,9,898,3
17869,9,899,3
17870,9,900,3
17871,9,901,3
17872,9,902,3
17873,9,903,3
17874,9,904,3
17875,9,905,3
17876,9,906,3
17877,9,907,3
17878,9,908,3
17879,9,909,3
17880,9,910,3
17881,9,911,3
17882,9,912,3
17883,9,913,3
17884,9,914,3
17885,9,915,3
17886,9,916,3
17887,9,917,3
17888,9,918,3
17889,9,919,3
17890,9,920,3
17891,9,921,3
17892,9,922,3
17893,9,923,3
17894,9,924,3
17895,9,925,3
17896,9,926,3
17897,9,927,3
17898,9,928,3
17899,9,929,3
17900,9,930,3
17901,9,931,3
17902,9,932,3
17903,9,933,3
17904,9,934,3
17905,9,935,3
17906,9,936,3
17907,9,937,3
17908,9,938,3
17909,9,939,3
17910,9,940,3
17911,9,941,3
17912,9,942,3
17913,9,943,3
17914,9,944,3
17915,9,945,3
17916,9,946,3
17917,9,947,3
17918,9,948,3
17919,9,949,3
17920,9,950,3
17921,9,951,3
17922,9,952,3
17923,9,953,3
17924,9,954,3
17925,9,955,3
17926,9,956,3
17927,9,957,3
17928,9,958,3
17929,9,959,3
17930,9,960,3
17931,9,961,3
17932,9,962,3
17933,9,963,3
17934,9,964,3
17935,9,965,3
17936,9,966,3
17937,9,967,3
17938,9,968,3
17939,9,969,3
17940,9,970,3
17941,9,971,3
17942,9,972,3
17943,9,973,3
17944,9,974,3
17945,9,975,3
17946,9,976,3
17947,9,977,3
17948,9,978,3
17949,9,979,3
17950,9,980,3
17951,9,981,3
17952,9,982,3
17953,9,983,3
17954,9,984,3
17955,9,985,3
17956,9,986,3
17957,9,987,3
17958,9,988,3
17959,9,989,3
17960,9,990,3
17961,9,991,3
17962,9,992,3
17963,9,993,3
17964,9,994,3
17965,9,995,3
17966,9,996,3
17967,9,997,3
17968,9,998,3
17969,9,999,3
17970,9,1000,3
17971,9,1001,3
17972,9,1002,3
17973,9,1003,3
17974,9,1004,3
17975,9,1005,3
17976,9,1006,3
17977,9,1007,3
17978,9,1008,3
17979,9,1009,3
17980,9,1010,3
17981,9,1011,3
17982,9,1012,3
17983,9,1013,3
17984,9,1014,3
17985,9,1015,3
17986,9,1016,3
17987,9,1017,3
17988,9,1018,3
17989,9,1019,3
17990,9,1020,3
17991,9,1021,3
17992,9,1022,3
17993,9,1023,3
17994,9,1024,3
17995,9,1025,3
17996,9,1026,3
17997,9,1027,3
17998,9,1028,3
17999,9,1029,3
18000,9,1030,3
18001,9,1031,3
18002,9,1032,3
18003,9,1033,3
18004,9,1034,3
18005,9,1035,3
18006,9,1036,3
18007,9,1037,3
18008,9,1038,3
18009,9,1039,3
18010,9,1040,3
18011,9,1041,3
18012,9,1042,3
18013,9,1043,3
18014,9,1044,3
18015,9,1045,3
18016,9,1046,3
18017,9,1047,3
18018,9,1048,3
18019,9,1049,3
18020,9,1050,3
18021,9,1051,3
18022,9,1052,3
18023,9,1053,3
18024,9,1054,3
18025,9,1055,3
18026,9,1056,3
18027,9,1057,3
18028,9,1058,3
18029,9,1059,3
18030,9,1060,3
18031,9,1061,3
18032,9,1062,3
18033,9,1063,3
18034,9,1064,3
18035,9,1065,3
18036,9,1066,3
18037,9,1067,3
18038,9,1068,3
18039,9,1069,3
18040,9,1070,3
18041,9,1071,3
18042,9,1072,3
18043,9,1073,3
18044,9,1074,3
18045,9,1075,3
18046,9,1076,3
18047,9,1077,3
18048,9,1078,3
18049,9,1079,3
18050,9,1080,3
18051,9,1081,3
18052,9,1082,3
18053,9,1083,3
18054,9,1084,3
18055,9,1085,3
18056,9,1086,3
18057,9,1087,3
18058,9,1088,3
18059,9,1089,3
18060,9,1090,3
18061,9,1091,3
18062,9,1092,3
18063,9,1093,3
18064,9,1094,3
18065,9,1095,3
18066,9,1096,3
18067,9,1097,3
18068,9,1098,3
18069,9,1099,3
18070,9,1100,3
18071,9,1101,3
18072,9,1102,3
18073,9,1103,3
18074,9,1104,3
18075,9,1105,3
18076,9,1106,3
18077,9,1107,3
18078,9,1108,3
18079,9,1109,3
18080,9,1110,3
18081,9,1111,3
18082,9,1112,3
18083,9,1113,3
18084,9,1114,3
18085,9,1115,3
18086,9,1116,3
18087,9,1117,3
18088,9,1118,3
18089,9,1119,3
18090,9,1120,3
18091,9,1121,3
18092,9,1122,3
18093,9,1123,3
18094,9,1124,3
18095,9,1125,3
18096,9,1126,3
18097,9,1127,3
18098,9,1128,3
18099,9,1129,3
18100,9,1130,3
18101,9,1131,3
18102,9,1132,3
18103,9,1133,3
18104,9,1134,3
18105,9,1135,3
18106,9,1136,3
18107,9,1137,3
18108,9,1138,3
18109,9,1139,3
18110,9,1140,3
18111,9,1141,3
18112,9,1142,3
18113,9,1143,3
18114,9,1144,3
18115,9,1145,3
18116,9,1146,3
18117,9,1147,3
18118,9,1148,3
18119,9,1149,3
18120,9,1150,3
18121,9,1151,3
18122,9,1152,3
18123,9,1153,3
18124,9,1154,3
18125,9,1155,3
18126,9,1156,3
18127,9,1157,3
18128,9,1158,3
18129,9,1159,3
18130,9,1160,3
18131,9,1161,3
18132,9,1162,3
18133,9,1163,3
18134,9,1164,3
18135,9,1165,3
18136,9,1166,3
18137,9,1167,3
18138,9,1168,3
18139,9,1169,3
18140,9,1170,3
18141,9,1171,3
18142,9,1172,3
18143,9,1173,3
18144,9,1174,3
18145,9,1175,3
18146,9,1176,3
18147,9,1177,3
18148,9,1178,3
18149,9,1179,3
18150,9,1180,3
18151,9,1181,3
18152,9,1182,3
18153,9,1183,3
18154,9,1184,3
18155,9,1185,3
18156,9,1186,3
18157,9,1187,3
18158,9,1188,3
18159,9,1189,3
18160,9,1190,3
18161,9,1191,3
18162,9,1192,3
18163,9,1193,3
18164,9,1194,3
18165,9,1195,3
18166,9,1196,3
18167,9,1197,3
18168,9,1198,3
18169,9,1199,3
18170,9,1200,3
18171,9,1201,3
18172,9,1202,3
18173,9,1203,3
18174,9,1204,3
18175,9,1205,3
18176,9,1206,3
18177,9,1207,3
18178,9,1208,3
18179,9,1209,3
18180,9,1210,3
18181,9,1211,3
18182,9,1212,3
18183,9,1213,3
18184,9,1214,3
18185,9,1215,3
18186,9,1216,3
18187,9,1217,3
18188,9,1218,3
18189,9,1219,3
18190,9,1220,3
18191,9,1221,3
18192,9,1222,3
18193,9,1223,3
18194,9,1224,3
18195,9,1225,3
18196,9,1226,3
18197,9,1227,3
18198,9,1228,3
18199,9,1229,3
18200,9,1230,3
18201,9,1231,3
18202,9,1232,3
18203,9,1233,3
18204,9,1234,3
18205,9,1235,3
18206,9,1236,3
18207,9,1237,3
18208,9,1238,3
18209,9,1239,3
18210,9,1240,3
18211,9,1241,3
18212,9,1242,3
18213,9,1243,3
18214,9,1244,3
18215,9,1245,3
18216,9,1246,3
18217,9,1247,3
18218,9,1248,3
18219,9,1249,3
18220,9,1250,3
18221,9,1251,3
18222,9,1252,3
18223,9,1253,3
18224,9,1254,3
18225,9,1255,3
18226,9,1256,3
18227,9,1257,3
18228,9,1258,3
18229,9,1259,3
18230,9,1260,3
18231,9,1261,3
18232,9,1262,3
18233,9,1263,3
18234,9,1264,3
18235,9,1265,3
18236,9,1266,3
18237,9,1267,3
18238,9,1268,3
18239,9,1269,3
18240,9,1270,3
18241,9,1271,3
18242,9,1272,3
18243,9,1273,3
18244,9,1274,3
18245,9,1275,3
18246,9,1276,3
18247,9,1277,3
18248,9,1278,3
18249,9,1279,3
18250,9,1280,3
18251,9,1281,3
18252,9,1282,3
18253,9,1283,3
18254,9,1284,3
18255,9,1285,3
18256,9,1286,3
18257,9,1287,3
18258,9,1288,3
18259,9,1289,3
18260,9,1290,3
18261,9,1291,3
18262,9,1292,3
18263,9,1293,3
18264,9,1294,3
18265,9,1295,3
18266,9,1296,3
18267,9,1297,3
18268,9,1298,3
18269,9,1299,3
18270,9,1300,3
18271,9,1301,3
18272,9,1302,3
18273,9,1303,3
18274,9,1304,3
18275,9,1305,3
18276,9,1306,3
18277,9,1307,3
18278,9,1308,3
18279,9,1309,3
18280,9,1310,3
18281,9,1311,3
18282,9,1312,3
18283,9,1313,3
18284,9,1314,3
18285,9,1315,3
18286,9,1316,3
18287,9,1317,3
18288,9,1318,3
18289,9,1319,3
18290,9,1320,3
18291,9,1321,3
18292,9,1322,3
18293,9,1323,3
18294,9,1324,3
18295,9,1325,3
18296,9,1326,3
18297,9,1327,3
18298,9,1328,3
18299,9,1329,3
18300,9,1330,3
18301,9,1331,3
18302,9,1332,3
18303,9,1333,3
18304,9,1334,3
18305,9,1335,3
18306,9,1336,3
18307,9,1337,3
18308,9,1338,3
18309,9,1339,3
18310,9,1340,3
18311,9,1341,3
18312,9,1342,3
18313,9,1343,3
18314,9,1344,3
18315,9,1345,3
18316,9,1346,3
18317,9,1347,3
18318,9,1348,3
18319,9,1349,3
18320,9,1350,3
18321,9,1351,3
18322,9,1352,3
18323,9,1353,3
18324,9,1354,3
18325,9,1355,3
18326,9,1356,3
18327,9,1357,3
18328,9,1358,3
18329,9,1359,3
18330,9,1360,3
18331,9,1361,3
18332,9,1362,3
18333,9,1363,3
18334,9,1364,3
18335,9,1365,3
18336,9,1366,3
18337,9,1367,3
18338,9,1368,3
18339,9,1369,3
18340,9,1370,3
18341,9,1371,3
18342,9,1372,3
18343,9,1373,3
18344,9,1374,3
18345,9,1375,3
18346,9,1376,3
18347,9,1377,3
18348,9,1378,3
18349,9,1379,3
18350,9,1380,3
18351,9,1381,3
18352,9,1382,3
18353,9,1383,3
18354,9,1384,3
18355,9,1385,3
18356,9,1386,3
18357,9,1387,3
18358,9,1388,3
18359,9,1389,3
18360,9,1390,3
18361,9,1391,3
18362,9,1392,3
18363,9,1393,3
18364,9,1394,3
18365,9,1395,3
18366,9,1396,3
18367,9,1397,3
18368,9,1398,3
18369,9,1399,3
18370,9,1400,3
18371,9,1401,3
18372,9,1402,3
18373,9,1403,3
18374,9,1404,3
18375,9,1405,3
18376,9,1406,3
18377,9,1407,3
18378,9,1408,3
18379,9,1409,3
18380,9,1410,3
18381,9,1411,3
18382,9,1412,3
18383,9,1413,3
18384,9,1414,3
18385,9,1415,3
18386,9,1416,3
18387,9,1417,3
18388,9,1418,3
18389,9,1419,3
18390,9,1420,3
18391,9,1421,3
18392,9,1422,3
18393,9,1423,3
18394,9,1424,3
18395,9,1425,3
18396,9,1426,3
18397,9,1427,3
18398,9,1428,3
18399,9,1429,3
18400,9,1430,3
18401,9,1431,3
18402,9,1432,3
18403,9,1433,3
18404,9,1434,3
18405,9,1435,3
18406,9,1436,3
18407,9,1437,3
18408,9,1438,3
18409,9,1439,3
18410,9,1440,3
18411,9,1441,3
18412,9,1442,3
18413,9,1443,3
18414,9,1444,3
18415,9,1445,3
18416,9,1446,3
18417,9,1447,3
18418,9,1448,3
18419,9,1449,3
18420,9,1450,3
18421,9,1451,3
18422,9,1452,3
18423,9,1453,3
18424,9,1454,3
18425,9,1455,3
18426,9,1456,3
18427,9,1457,3
18428,9,1458,3
18429,9,1459,3
18430,9,1460,3
18431,9,1461,3
18432,9,1462,3
18433,9,1463,3
18434,9,1464,3
18435,9,1465,3
18436,9,1466,3
18437,9,1467,3
18438,9,1468,3
18439,9,1469,3
18440,9,1470,3
18441,9,1471,3
18442,9,1472,3
18443,9,1473,3
18444,9,1474,3
18445,9,1475,3
18446,9,1476,3
18447,9,1477,3
18448,9,1478,3
18449,9,1479,3
18450,9,1480,3
18451,9,1481,3
18452,9,1482,3
18453,9,1483,3
18454,9,1484,3
18455,9,1485,3
18456,9,1486,3
18457,9,1487,3
18458,9,1488,3
18459,9,1489,3
18460,9,1490,3
18461,9,1491,3
18462,9,1492,3
18463,9,1493,3
18464,9,1494,3
18465,9,1495,3
18466,9,1496,3
18467,9,1497,3
18468,9,1498,3
18469,9,1499,3
18470,9,1500,3
18471,9,1501,3
18472,9,1502,3
18473,9,1503,3
18474,9,1504,3
18475,9,1505,3
18476,9,1506,3
18477,9,1507,3
18478,9,1508,3
18479,9,1509,3
18480,9,1510,3
18481,9,1511,3
18482,9,1512,3
18483,9,1513,3
18484,9,1514,3
18485,9,1515,3
18486,9,1516,3
18487,9,1517,3
18488,9,1518,3
18489,9,1519,3
18490,9,1520,3
18491,9,1521,3
18492,9,1522,3
18493,9,1523,3
18494,9,1524,3
18495,9,1525,3
18496,9,1526,3
18497,9,1527,3
18498,9,1528,3
18499,9,1529,3
18500,9,1530,3
18501,9,1531,3
18502,9,1532,3
18503,9,1533,3
18504,9,1534,3
18505,9,1535,3
18506,9,1536,3
18507,9,1537,3
18508,9,1538,3
18509,9,1539,3
18510,9,1540,3
18511,9,1541,3
18512,9,1542,3
18513,9,1543,3
18514,9,1544,3
18515,9,1545,3
18516,9,1546,3
18517,9,1547,3
18518,9,1548,3
18519,9,1549,3
18520,9,1550,3
18521,9,1551,3
18522,9,1552,3
18523,9,1553,3
18524,9,1554,3
18525,9,1555,3
18526,9,1556,3
18527,9,1557,3
18528,9,1558,3
18529,9,1559,3
18530,9,1560,3
18531,9,1561,3
18532,9,1562,3
18533,9,1563,3
18534,9,1564,3
18535,9,1565,3
18536,9,1566,3
18537,9,1567,3
18538,9,1568,3
18539,9,1569,3
18540,9,1570,3
18541,9,1571,3
18542,9,1572,3
18543,9,1573,3
18544,9,1574,3
18545,9,1575,3
18546,9,1576,3
18547,9,1577,3
18548,9,1578,3
18549,9,1579,3
18550,9,1580,3
18551,9,1581,3
18552,9,1582,3
18553,9,1583,3
18554,9,1584,3
18555,9,1585,3
18556,9,1586,3
18557,9,1587,3
18558,9,1588,3
18559,9,1589,3
18560,9,1590,3
18561,9,1591,3
18562,9,1592,3
18563,9,1593,3
18564,9,1594,3
18565,9,1595,3
18566,9,1596,3
18567,9,1597,3
18568,9,1598,3
18569,9,1599,3
18570,9,1600,3
18571,9,1601,3
18572,9,1602,3
18573,9,1603,3
18574,9,1604,3
18575,9,1605,3
18576,9,1606,3
18577,9,1607,3
18578,9,1608,3
18579,9,1609,3
18580,9,1610,3
18581,9,1611,3
18582,9,1612,3
18583,9,1613,3
18584,9,1614,3
18585,9,1615,3
18586,9,1616,3
18587,9,1617,3
18588,9,1618,3
18589,9,1619,3
18590,9,1620,3
18591,9,1621,3
18592,9,1622,3
18593,9,1623,3
18594,9,1624,3
18595,9,1625,3
18596,9,1626,3
18597,9,1627,3
18598,9,1628,3
18599,9,1629,3
18600,9,1630,3
18601,9,1631,3
18602,9,1632,3
18603,9,1633,3
18604,9,1634,3
18605,9,1635,3
18606,9,1636,3
18607,9,1637,3
18608,9,1638,3
18609,9,1639,3
18610,9,1640,3
18611,9,1641,3
18612,9,1642,3
18613,9,1643,3
18614,9,1644,3
18615,9,1645,3
18616,9,1646,3
18617,9,1647,3
18618,9,1648,3
18619,9,1649,3
18620,9,1650,3
18621,9,1651,3
18622,9,1652,3
18623,9,1653,3
18624,9,1654,3
18625,9,1655,3
18626,9,1656,3
18627,9,1657,3
18628,9,1658,3
18629,9,1659,3
18630,9,1660,3
18631,9,1661,3
18632,9,1662,3
18633,9,1663,3
18634,9,1664,3
18635,9,1665,3
18636,9,1666,3
18637,9,1667,3
18638,9,1668,3
18639,9,1669,3
18640,9,1670,3
18641,9,1671,3
18642,9,1672,3
18643,9,1673,3
18644,9,1674,3
18645,9,1675,3
18646,9,1676,3
18647,9,1677,3
18648,9,1678,3
18649,9,1679,3
18650,9,1680,3
18651,9,1681,3
18652,9,1682,3
18653,9,1683,3
18654,9,1684,3
18655,9,1685,3
18656,9,1686,3
18657,9,1687,3
18658,9,1688,3
18659,9,1689,3
18660,9,1690,3
18661,9,1691,3
18662,9,1692,3
18663,9,1693,3
18664,9,1694,3
18665,9,1695,3
18666,9,1696,3
18667,9,1697,3
18668,9,1698,3
18669,9,1699,3
18670,9,1700,3
18671,9,1701,3
18672,9,1702,3
18673,9,1703,3
18674,9,1704,3
18675,9,1705,3
18676,9,1706,3
18677,9,1707,3
18678,9,1708,3
18679,9,1709,3
18680,9,1710,3
18681,9,1711,3
18682,9,1712,3
18683,9,1713,3
18684,9,1714,3
18685,9,1715,3
18686,9,1716,3
18687,9,1717,3
18688,9,1718,3
18689,9,1719,3
18690,9,1720,3
18691,9,1721,3
18692,9,1722,3
18693,9,1723,3
18694,9,1724,3
18695,9,1725,3
18696,9,1726,3
18697,9,1727,3
18698,9,1728,3
18699,9,1729,3
18700,9,1730,3
18701,9,1731,3
18702,9,1732,3
18703,9,1733,3
18704,9,1734,3
18705,9,1735,3
18706,9,1736,3
18707,9,1737,3
18708,9,1738,3
18709,9,1739,3
18710,9,1740,3
18711,9,1741,3
18712,9,1742,3
18713,9,1743,3
18714,9,1744,3
18715,9,1745,3
18716,9,1746,3
18717,9,1747,3
18718,9,1748,3
18719,9,1749,3
18720,9,1750,3
18721,9,1751,3
18722,9,1752,3
18723,9,1753,3
18724,9,1754,3
18725,9,1755,3
18726,9,1756,3
18727,9,1757,3
18728,9,1758,3
18729,9,1759,3
18730,9,1760,3
18731,9,1761,3
18732,9,1762,3
18733,9,1763,3
18734,9,1764,3
18735,9,1765,3
18736,9,1766,3
18737,9,1767,3
18738,9,1768,3
18739,9,1769,3
18740,9,1770,3
18741,9,1771,3
18742,9,1772,3
18743,9,1773,3
18744,9,1774,3
18745,9,1775,3
18746,9,1776,3
18747,9,1777,3
18748,9,1778,3
18749,9,1779,3
18750,9,1780,3
18751,9,1781,3
18752,9,1782,3
18753,9,1783,3
18754,9,1784,3
18755,9,1785,3
18756,9,1786,3
18757,9,1787,3
18758,9,1788,3
18759,9,1789,3
18760,9,1790,3
18761,9,1791,3
18762,9,1792,3
18763,9,1793,3
18764,9,1794,3
18765,9,1795,3
18766,9,1796,3
18767,9,1797,3
18768,9,1798,3
18769,9,1799,3
18770,9,1800,3
18771,9,1801,3
18772,9,1802,3
18773,9,1803,3
18774,9,1804,3
18775,9,1805,3
18776,9,1806,3
18777,9,1807,3
18778,9,1808,3
18779,9,1809,3
18780,9,1810,3
18781,9,1811,3
18782,9,1812,3
18783,9,1813,3
18784,9,1814,3
18785,9,1815,3
18786,9,1816,3
18787,9,1817,3
18788,9,1818,3
18789,9,1819,3
18790,9,1820,3
18791,9,1821,3
18792,9,1822,3
18793,9,1823,3
18794,9,1824,3
18795,9,1825,3
18796,9,1826,3
18797,9,1827,3
18798,9,1828,3
18799,9,1829,3
18800,9,1830,3
18801,9,1831,3
18802,9,1832,3
18803,9,1833,3
18804,9,1834,3
18805,9,1835,3
18806,9,1836,3
18807,9,1837,3
18808,9,1838,3
18809,9,1839,3
18810,9,1840,3
18811,9,1841,3
18812,9,1842,3
18813,9,1843,3
18814,9,1844,3
18815,9,1845,3
18816,9,1846,3
18817,9,1847,3
18818,9,1848,3
18819,9,1849,3
18820,9,1850,3
18821,9,1851,3
18822,9,1852,3
18823,9,1853,3
18824,9,1854,3
18825,9,1855,3
18826,9,1856,3
18827,9,1857,3
18828,9,1858,3
18829,9,1859,3
18830,9,1860,3
18831,9,1861,3
18832,9,1862,3
18833,9,1863,3
18834,9,1864,3
18835,9,1865,3
18836,9,1866,3
18837,9,1867,3
18838,9,1868,3
18839,9,1869,3
18840,9,1870,3
18841,9,1871,3
18842,9,1872,3
18843,9,1873,3
18844,9,1874,3
18845,9,1875,3
18846,9,1876,3
18847,9,1877,3
18848,9,1878,3
18849,9,1879,3
18850,9,1880,3
18851,9,1881,3
18852,9,1882,3
18853,9,1883,3
18854,9,1884,3
18855,9,1885,3
18856,9,1886,3
18857,9,1887,3
18858,9,1888,3
18859,9,1889,3
18860,9,1890,3
18861,9,1891,3
18862,9,1892,3
18863,9,1893,3
18864,9,1894,3
18865,9,1895,3
18866,9,1896,3
18867,9,1897,3
18868,9,1898,3
18869,9,1899,3
18870,9,1900,3
18871,9,1901,3
18872,9,1902,3
18873,9,1903,3
18874,9,1904,3
18875,9,1905,3
18876,9,1906,3
18877,9,1907,3
18878,9,1908,3
18879,9,1909,3
18880,9,1910,3
18881,9,1911,3
18882,9,1912,3
18883,9,1913,3
18884,9,1914,3
18885,9,1915,3
18886,9,1916,3
18887,9,1917,3
18888,9,1918,3
18889,9,1919,3
18890,9,1920,3
18891,9,1921,3
18892,9,1922,3
18893,9,1923,3
18894,9,1924,3
18895,9,1925,3
18896,9,1926,3
18897,9,1927,3
18898,9,1928,3
18899,9,1929,3
18900,9,1930,3
18901,9,1931,3
18902,9,1932,3
18903,9,1933,3
18904,9,1934,3
18905,9,1935,3
18906,9,1936,3
18907,9,1937,3
18908,9,1938,3
18909,9,1939,3
18910,9,1940,3
18911,9,1941,3
18912,9,1942,3
18913,9,1943,3
18914,9,1944,3
18915,9,1945,3
18916,9,1946,3
18917,9,1947,3
18918,9,1948,3
18919,9,1949,3
18920,9,1950,3
18921,9,1951,3
18922,9,1952,3
18923,9,1953,3
18924,9,1954,3
18925,9,1955,3
18926,9,1956,3
18927,9,1957,3
18928,9,1958,3
18929,9,1959,3
18930,9,1960,3
18931,9,1961,3
18932,9,1962,3
18933,9,1963,3
18934,9,1964,3
18935,9,1965,3
18936,9,1966,3
18937,9,1967,3
18938,9,1968,3
18939,9,1969,3
18940,9,1970,3
18941,9,1971,3
18942,9,1972,3
18943,9,1973,3
18944,9,1974,3
18945,9,1975,3
18946,9,1976,3
18947,9,1977,3
18948,9,1978,3
18949,9,1979,3
18950,9,1980,3
18951,9,1981,3
18952,9,1982,3
18953,9,1983,3
18954,9,1984,3
18955,9,1985,3
18956,9,1986,3
18957,9,1987,3
18958,9,1988,3
18959,9,1989,3
18960,9,1990,3
18961,9,1991,3
18962,9,1992,3
18963,9,1993,3
18964,9,1994,3
18965,9,1995,3
18966,9,1996,3
18967,9,1997,3
18968,9,1998,3
18969,9,1999,3
18970,9,2000,3
18971,9,2001,3
18972,9,2002,3
18973,9,2003,3
18974,9,2004,3
18975,9,2005,3
18976,9,2006,3
18977,9,2007,3
18978,9,2008,3
18979,9,2009,3
18980,9,2010,3
18981,9,2011,3
18982,9,2012,3
18983,9,2013,3
18984,9,2014,3
18985,9,2015,3
18986,9,2016,3
18987,9,2017,3
18988,9,2018,3
18989,9,2019,3
18990,9,2020,3
18991,9,2021,3
18992,9,2022,3
18993,9,2023,3
18994,9,2024,3
18995,9,2025,3
18996,9,2026,3
18997,9,2027,3
18998,9,2028,3
18999,9,2029,3
19000,9,2030,3
19001,9,2031,3
19002,9,2032,3
19003,9,2033,3
19004,9,2034,3
19005,9,2035,3
19006,9,2036,3
19007,9,2037,3
19008,9,2038,3
19009,9,2039,3
19010,9,2040,3
19011,9,2041,3
19012,9,2042,3
19013,9,2043,3
19014,9,2044,3
19015,9,2045,3
19016,9,2046,3
19017,9,2047,3
19018,9,2048,3
19019,9,2049,3
19020,9,2050,3
19021,9,2051,3
19022,9,2052,3
19023,9,2053,3
19024,9,2054,3
19025,9,2055,3
19026,9,2056,3
19027,9,2057,3
19028,9,2058,3
19029,9,2059,3
19030,9,2060,3
19031,9,2061,3
19032,9,2062,3
19033,9,2063,3
19034,9,2064,3
19035,9,2065,3
19036,9,2066,3
19037,9,2067,3
19038,9,2068,3
19039,9,2069,3
19040,9,2070,3
19041,9,2071,3
19042,9,2072,3
19043,9,2073,3
19044,9,2074,3
19045,9,2075,3
19046,9,2076,3
19047,9,2077,3
19048,9,2078,3
19049,9,2079,3
19050,9,2080,3
19051,9,2081,3
19052,9,2082,3
19053,9,2083,3
19054,9,2084,3
19055,9,2085,3
19056,9,2086,3
19057,9,2087,3
19058,9,2088,3
19059,9,2089,3
19060,9,2090,3
19061,9,2091,3
19062,9,2092,3
19063,9,2093,3
19064,9,2094,3
19065,9,2095,3
19066,9,2096,3
19067,9,2097,3
19068,9,2098,3
19069,9,2099,3
19070,9,2100,3
19071,9,2101,3
19072,9,2102,3
19073,9,2103,3
19074,9,2104,3
19075,9,2105,3
19076,9,2106,3
19077,9,2107,3
19078,9,2108,3
19079,9,2109,3
19080,9,2110,3
19081,9,2111,3
19082,9,2112,3
19083,9,2113,3
19084,9,2114,3
19085,9,2115,3
19086,9,2116,3
19087,9,2117,3
19088,9,2118,3
19089,9,2119,3
19090,9,2120,3
19091,9,2121,3
19092,9,2122,3
19093,9,2123,3
19094,9,2124,3
19095,9,2125,3
19096,9,2126,3
19097,9,2127,3
19098,9,2128,3
19099,9,2129,3
19100,9,2130,3
19101,9,2131,3
19102,9,2132,3
19103,9,2133,3
19104,9,2134,3
19105,9,2135,3
19106,9,2136,3
19107,9,2137,3
19108,9,2138,3
19109,9,2139,3
19110,9,2140,3
19111,9,2141,3
19112,9,2142,3
19113,9,2143,3
19114,9,2144,3
19115,9,2145,3
19116,9,2146,3
19117,9,2147,3
19118,9,2148,3
19119,9,2149,3
19120,9,2150,3
19121,9,2151,3
19122,9,2152,3
19123,9,2153,3
19124,9,2154,3
19125,9,2155,3
19126,9,2156,3
19127,9,2157,3
19128,9,2158,3
19129,9,2159,3
19130,9,2160,3
19131,9,2161,3
19132,9,2162,3
19133,9,2163,3
19134,9,2164,3
19135,9,2165,3
19136,9,2166,3
19137,9,2167,3
19138,9,2168,3
19139,9,2169,3
19140,9,2170,3
19141,9,2171,3
19142,9,2172,3
19143,9,2173,3
19144,9,2174,3
19145,9,2175,3
19146,9,2176,3
19147,9,2177,3
19148,9,2178,3
19149,9,2179,3
19150,9,2180,3
19151,9,2181,3
19152,9,2182,3
19153,9,2183,3
19154,9,2184,3
19155,9,2185,3
19156,9,2186,3
19157,9,2187,3
19158,9,2188,3
19159,9,2189,3
19160,9,2190,3
19161,9,2191,3
19162,9,2192,3
19163,9,2193,3
19164,9,2194,3
19165,9,2195,3
19166,9,2196,3
19167,9,2197,3
19168,9,2198,3
19169,9,2199,3
19170,9,2200,3
19171,9,2201,3
19172,9,2202,3
19173,9,2203,3
19174,9,2204,3
19175,9,2205,3
19176,9,2206,3
19177,9,2207,3
19178,9,2208,3
19179,9,2209,3
19180,9,2210,3
19181,9,2211,3
19182,9,2212,3
19183,9,2213,3
19184,9,2214,3
19185,9,2215,3
19186,9,2216,3
19187,9,2217,3
19188,9,2218,3
19189,9,2219,3
19190,9,2220,3
19191,9,2221,3
19192,9,2222,3
19193,9,2223,3
19194,9,2224,3
19195,9,2225,3
19196,9,2226,3
19197,9,2227,3
19198,9,2228,3
19199,9,2229,3
19200,9,2230,3
19201,9,2231,3
19202,9,2232,3
19203,9,2233,3
19204,9,2234,3
19205,9,2235,3
19206,9,2236,3
19207,9,2237,3
19208,9,2238,3
19209,9,2239,3
19210,9,2240,3
19211,9,2241,3
19212,9,2242,3
19213,9,2243,3
19214,9,2244,3
19215,9,2245,3
19216,9,2246,3
19217,9,2247,3
19218,9,2248,3
19219,9,2249,3
19220,9,2250,3
19221,9,2251,3
19222,9,2252,3
19223,9,2253,3
19224,9,2254,3
19225,9,2255,3
19226,9,2256,3
19227,9,2257,3
19228,9,2258,3
19229,9,2259,3
19230,9,2260,3
19231,9,2261,3
19232,9,2262,3
19233,9,2263,3
19234,9,2264,3
19235,9,2265,3
19236,9,2266,3
19237,9,2267,3
19238,9,2268,3
19239,9,2269,3
19240,9,2270,3
19241,9,2271,3
19242,9,2272,3
19243,9,2273,3
19244,9,2274,3
19245,9,2275,3
19246,9,2276,3
19247,9,2277,3
19248,9,2278,3
19249,9,2279,3
19250,9,2280,3
19251,9,2281,3
19252,9,2282,3
19253,9,2283,3
19254,9,2284,3
19255,9,2285,3
19256,9,2286,3
19257,9,2287,3
19258,9,2288,3
19259,9,2289,3
19260,9,2290,3
19261,9,2291,3
19262,9,2292,3
19263,9,2293,3
19264,9,2294,3
19265,9,2295,3
19266,9,2296,3
19267,9,2297,3
19268,9,2298,3
19269,9,2299,3
19270,9,2300,3
19271,9,2301,3
19272,9,2302,3
19273,9,2303,3
19274,9,2304,3
19275,9,2305,3
19276,9,2306,3
19277,9,2307,3
19278,9,2308,3
19279,9,2309,3
19280,9,2310,3
19281,9,2311,3
19282,9,2312,3
19283,9,2313,3
19284,9,2314,3
19285,9,2315,3
19286,9,2316,3
19287,9,2317,3
19288,9,2318,3
19289,9,2319,3
19290,9,2320,3
19291,9,2321,3
19292,9,2322,3
19293,9,2323,3
19294,9,2324,3
19295,9,2325,3
19296,9,2326,3
19297,9,2327,3
19298,9,2328,3
19299,9,2329,3
19300,9,2330,3
19301,9,2331,3
19302,9,2332,3
19303,9,2333,3
19304,9,2334,3
19305,9,2335,3
19306,9,2336,3
19307,9,2337,3
19308,9,2338,3
19309,9,2339,3
19310,9,2340,3
19311,9,2341,3
19312,9,2342,3
19313,9,2343,3
19314,9,2344,3
19315,9,2345,3
19316,9,2346,3
19317,9,2347,3
19318,9,2348,3
19319,9,2349,3
19320,9,2350,3
19321,9,2351,3
19322,9,2352,3
19323,9,2353,3
19324,9,2354,3
19325,9,2355,3
19326,9,2356,3
19327,9,2357,3
19328,9,2358,3
19329,9,2359,3
19330,9,2360,3
19331,9,2361,3
19332,9,2362,3
19333,9,2363,3
19334,9,2364,3
19335,9,2365,3
19336,9,2366,3
19337,9,2367,3
19338,9,2368,3
19339,9,2369,3
19340,9,2370,3
19341,9,2371,3
19342,9,2372,3
19343,9,2373,3
19344,9,2374,3
19345,9,2375,3
19346,9,2376,3
19347,9,2377,3
19348,9,2378,3
19349,9,2379,3
19350,9,2380,3
19351,9,2381,3
19352,9,2382,3
19353,9,2383,3
19354,9,2384,3
19355,9,2385,3
19356,9,2386,3
19357,9,2387,3
19358,9,2388,3
19359,9,2389,3
19360,9,2390,3
19361,9,2391,3
19362,9,2392,3
19363,9,2393,3
19364,9,2394,3
19365,9,2395,3
19366,9,2396,3
19367,9,2397,3
19368,9,2398,3
19369,9,2399,3
19370,9,2400,3
19371,9,2401,3
19372,9,2402,3
19373,9,2403,3
19374,9,2404,3
19375,9,2405,3
19376,9,2406,3
19377,9,2407,3
19378,9,2408,3
19379,9,2409,3
19380,9,2410,3
19381,9,2411,3
19382,9,2412,3
19383,9,2413,3
19384,9,2414,3
19385,9,2415,3
19386,9,2416,3
19387,9,2417,3
19388,9,2418,3
19389,9,2419,3
19390,9,2420,3
19391,9,2421,3
19392,9,2422,3
19393,9,2423,3
19394,9,2424,3
19395,9,2425,3
19396,9,2426,3
19397,9,2427,3
19398,9,2428,3
19399,9,2429,3
19400,9,2430,3
19401,9,2431,3
19402,9,2432,3
19403,9,2433,3
19404,9,2434,3
19405,9,2435,3
19406,9,2436,3
19407,9,2437,3
19408,9,2438,3
19409,9,2439,3
19410,9,2440,3
19411,9,2441,3
19412,9,2442,3
19413,9,2443,3
19414,9,2444,3
19415,9,2445,3
19416,9,2446,3
19417,9,2447,3
19418,9,2448,3
19419,9,2449,3
19420,9,2450,3
19421,9,2451,3
19422,9,2452,3
19423,9,2453,3
19424,9,2454,3
19425,9,2455,3
19426,9,2456,3
19427,9,2457,3
19428,9,2458,3
19429,9,2459,3
19430,9,2460,3
19431,9,2461,3
19432,9,2462,3
19433,9,2463,3
19434,9,2464,3
19435,9,2465,3
19436,9,2466,3
19437,9,2467,3
19438,9,2468,3
19439,9,2469,3
19440,9,2470,3
19441,9,2471,3
19442,9,2472,3
19443,9,2473,3
19444,9,2474,3
19445,9,2475,3
19446,9,2476,3
19447,9,2477,3
19448,9,2478,3
19449,9,2479,3
19450,9,2480,3
19451,9,2481,3
19452,9,2482,3
19453,9,2483,3
19454,9,2484,3
19455,9,2485,3
19456,9,2486,3
19457,9,2487,3
19458,9,2488,3
19459,9,2489,3
19460,9,2490,3
19461,9,2491,3
19462,9,2492,3
19463,9,2493,3
19464,9,2494,3
19465,9,2495,3
19466,9,2496,3
19467,9,2497,3
19468,9,2498,3
19469,9,2499,3
19470,9,2500,3
19471,9,2501,3
19472,9,2502,3
19473,9,2503,3
19474,9,2504,3
19475,9,2505,3
19476,9,2506,3
19477,9,2507,3
19478,9,2508,3
19479,9,2509,3
19480,9,2510,3
19481,9,2511,3
19482,9,2512,3
19483,9,2513,3
19484,9,2514,3
19485,9,2515,3
19486,9,2516,3
19487,9,2517,3
19488,9,2518,3
19489,9,2519,3
19490,9,2520,3
19491,9,2521,3
19492,9,2522,3
19493,9,2523,3
19494,9,2524,3
19495,9,2525,3
19496,9,2526,3
19497,9,2527,3
19498,9,2528,3
19499,9,2529,3
19500,9,2530,3
19501,9,2531,3
19502,9,2532,3
19503,9,2533,3
19504,9,2534,3
19505,9,2535,3
19506,9,2536,3
19507,9,2537,3
19508,9,2538,3
19509,9,2539,3
19510,9,2540,3
19511,9,2541,3
19512,9,2542,3
19513,9,2543,3
19514,9,2544,3
19515,9,2545,3
19516,9,2546,3
19517,9,2547,3
19518,9,2548,3
19519,9,2549,3
19520,9,2550,3
19521,9,2551,3
19522,9,2552,3
19523,9,2553,3
19524,9,2554,3
19525,9,2555,3
19526,9,2556,3
19527,9,2557,3
19528,9,2558,3
19529,9,2559,3
19530,9,2560,3
19531,9,2561,3
19532,9,2562,3
19533,9,2563,3
19534,9,2564,3
19535,9,2565,3
19536,9,2566,3
19537,9,2567,3
19538,9,2568,3
19539,9,2569,3
19540,9,2570,3
19541,9,2571,3
19542,9,2572,3
19543,9,2573,3
19544,9,2574,3
19545,9,2575,3
19546,9,2576,3
19547,9,2577,3
19548,9,2578,3
19549,9,2579,3
19550,9,2580,3
19551,9,2581,3
19552,9,2582,3
19553,9,2583,3
19554,9,2584,3
19555,9,2585,3
19556,9,2586,3
19557,9,2587,3
19558,9,2588,3
19559,9,2589,3
19560,9,2590,3
19561,9,2591,3
19562,9,2592,3
19563,9,2593,3
19564,9,2594,3
19565,9,2595,3
19566,9,2596,3
19567,9,2597,3
19568,9,2598,3
19569,9,2599,3
19570,9,2600,3
19571,9,2601,3
19572,9,2602,3
19573,9,2603,3
19574,9,2604,3
19575,9,2605,3
19576,9,2606,3
19577,9,2607,3
19578,9,2608,3
19579,9,2609,3
19580,9,2610,3
19581,9,2611,3
19582,9,2612,3
19583,9,2613,3
19584,9,2614,3
19585,9,2615,3
19586,9,2616,3
19587,9,2617,3
19588,9,2618,3
19589,9,2619,3
19590,9,2620,3
19591,9,2621,3
19592,9,2622,3
19593,9,2623,3
19594,9,2624,3
19595,9,2625,3
19596,9,2626,3
19597,9,2627,3
19598,9,2628,3
19599,9,2629,3
19600,9,2630,3
19601,9,2631,3
19602,9,2632,3
19603,9,2633,3
19604,9,2634,3
19605,9,2635,3
19606,9,2636,3
19607,9,2637,3
19608,9,2638,3
19609,9,2639,3
19610,9,2640,3
19611,9,2641,3
19612,9,2642,3
19613,9,2643,3
19614,9,2644,3
19615,9,2645,3
19616,9,2646,3
19617,9,2647,3
19618,9,2648,3
19619,9,2649,3
19620,9,2650,3
19621,9,2651,3
19622,9,2652,3
19623,9,2653,3
19624,9,2654,3
19625,9,2655,3
19626,9,2656,3
19627,9,2657,3
19628,9,2658,3
19629,9,2659,3
19630,9,2660,3
19631,9,2661,3
19632,9,2662,3
19633,9,2663,3
19634,9,2664,3
19635,9,2665,3
19636,9,2666,3
19637,9,2667,3
19638,9,2668,3
19639,9,2669,3
19640,9,2670,3
19641,9,2671,3
19642,9,2672,3
19643,9,2673,3
19644,9,2674,3
19645,9,2675,3
19646,9,2676,3
19647,9,2677,3
19648,9,2678,3
19649,9,2679,3
19650,9,2680,3
19651,9,2681,3
19652,9,2682,3
19653,9,2683,3
19654,9,2684,3
19655,9,2685,3
19656,9,2686,3
19657,9,2687,3
19658,9,2688,3
19659,9,2689,3
19660,9,2690,3
19661,9,2691,3
19662,9,2692,3
19663,9,2693,3
19664,9,2694,3
19665,9,2695,3
19666,9,2696,3
19667,9,2697,3
19668,9,2698,3
19669,9,2699,3
19670,9,2700,3
19671,9,2701,3
19672,9,2702,3
19673,9,2703,3
19674,9,2704,3
19675,9,2705,3
19676,9,2706,3
19677,9,2707,3
19678,9,2708,3
19679,9,2709,3
19680,9,2710,3
19681,9,2711,3
19682,9,2712,3
19683,9,2713,3
19684,9,2714,3
19685,9,2715,3
19686,9,2716,3
19687,9,2717,3
19688,9,2718,3
19689,9,2719,3
19690,9,2720,3
19691,9,2721,3
19692,9,2722,3
19693,9,2723,3
19694,9,2724,3
19695,9,2725,3
19696,9,2726,3
19697,9,2727,3
19698,9,2728,3
19699,9,2729,3
19700,9,2730,3
19701,9,2731,3
19702,9,2732,3
19703,9,2733,3
19704,9,2734,3
19705,9,2735,3
19706,9,2736,3
19707,9,2737,3
19708,9,2738,3
19709,9,2739,3
19710,9,2740,3
19711,9,2741,3
19712,9,2742,3
19713,9,2743,3
19714,9,2744,3
19715,9,2745,3
19716,9,2746,3
19717,9,2747,3
19718,9,2748,3
19719,9,2749,3
19720,9,2750,3
19721,9,2751,3
19722,9,2752,3
19723,9,2753,3
19724,9,2754,3
19725,9,2755,3
19726,9,2756,3
19727,9,2757,3
19728,9,2758,3
19729,9,2759,3
19730,9,2760,3
19731,9,2761,3
19732,9,2762,3
19733,9,2763,3
19734,9,2764,3
19735,9,2765,3
19736,9,2766,3
19737,9,2767,3
19738,9,2768,3
19739,9,2769,3
19740,9,2770,3
19741,9,2771,3
19742,9,2772,3
19743,9,2773,3
19744,9,2774,3
19745,9,2775,3
19746,9,2776,3
19747,9,2777,3
19748,9,2778,3
19749,9,2779,3
19750,9,2780,3
19751,9,2781,3
19752,9,2782,3
19753,9,2783,3
19754,9,2784,3
19755,9,2785,3
19756,9,2786,3
19757,9,2787,3
19758,9,2788,3
19759,9,2789,3
19760,9,2790,3
19761,9,2791,3
19762,9,2792,3
19763,9,2793,3
19764,9,2794,3
19765,9,2795,3
19766,9,2796,3
19767,9,2797,3
19768,9,2798,3
19769,9,2799,3
19770,9,2800,3
19771,9,2801,3
19772,9,2802,3
19773,9,2803,3
19774,9,2804,3
19775,9,2805,3
19776,9,2806,3
19777,9,2807,3
19778,9,2808,3
19779,9,2809,3
19780,9,2810,3
19781,9,2811,3
19782,9,2812,3
19783,9,2813,3
19784,9,2814,3
19785,9,2815,3
19786,9,2816,3
19787,9,2817,3
19788,9,2818,3
19789,9,2819,3
19790,9,2820,3
19791,9,2821,3
19792,9,2822,3
19793,9,2823,3
19794,9,2824,3
19795,9,2825,3
19796,9,2826,3
19797,9,2827,3
19798,9,2828,3
19799,9,2829,3
19800,9,2830,3
19801,9,2831,3
19802,9,2832,3
19803,9,2833,3
19804,9,2834,3
19805,9,2835,3
19806,9,2836,3
19807,9,2837,3
19808,9,2838,3
19809,9,2839,3
19810,9,2840,3
19811,9,2841,3
19812,9,2842,3
19813,9,2843,3
19814,9,2844,3
19815,9,2845,3
19816,9,2846,3
19817,9,2847,3
19818,9,2848,3
19819,9,2849,3
19820,9,2850,3
19821,9,2851,3
19822,9,2852,3
19823,9,2853,3
19824,9,2854,3
19825,9,2855,3
19826,9,2856,3
19827,9,2857,3
19828,9,2858,3
19829,9,2859,3
19830,9,2860,3
19831,9,2861,3
19832,9,2862,3
19833,9,2863,3
19834,9,2864,3
19835,9,2865,3
19836,9,2866,3
19837,9,2867,3
19838,9,2868,3
19839,9,2869,3
19840,9,2870,3
19841,9,2871,3
19842,9,2872,3
19843,9,2873,3
19844,9,2874,3
19845,9,2875,3
19846,9,2876,3
19847,9,2877,3
19848,9,2878,3
19849,9,2879,3
19850,9,2880,3
19851,9,2881,3
19852,9,2882,3
19853,9,2883,3
19854,9,2884,3
19855,9,2885,3
19856,9,2886,3
19857,9,2887,3
19858,9,2888,3
19859,9,2889,3
19860,9,2890,3
19861,9,2891,3
19862,9,2892,3
19863,9,2893,3
19864,9,2894,3
19865,9,2895,3
19866,9,2896,3
19867,9,2897,3
19868,9,2898,3
19869,9,2899,3
19870,9,2900,3
19871,9,2901,3
19872,9,2902,3
19873,9,2903,3
19874,9,2904,3
19875,9,2905,3
19876,9,2906,3
19877,9,2907,3
19878,9,2908,3
19879,9,2909,3
19880,9,2910,3
19881,9,2911,3
19882,9,2912,3
19883,9,2913,3
19884,9,2914,3
19885,9,2915,3
19886,9,2916,3
19887,9,2917,3
19888,9,2918,3
19889,9,2919,3
19890,9,2920,3
19891,9,2921,3
19892,9,2922,3
19893,9,2923,3
19894,9,2924,3
19895,9,2925,3
19896,9,2926,3
19897,9,2927,3
19898,9,2928,3
19899,9,2929,3
19900,9,2930,3
19901,9,2931,3
19902,9,2932,3
19903,9,2933,3
19904,9,2934,3
19905,9,2935,3
19906,9,2936,3
19907,9,2937,3
19908,9,2938,3
19909,9,2939,3
19910,9,2940,3
19911,9,2941,3
19912,9,2942,3
19913,9,2943,3
19914,9,2944,3
19915,9,2945,3
19916,9,2946,3
19917,9,2947,3
19918,9,2948,3
19919,9,2949,3
19920,9,2950,3
19921,9,2951,3
19922,9,2952,3
19923,9,2953,3
19924,9,2954,3
19925,9,2955,3
19926,9,2956,3
19927,9,2957,3
19928,9,2958,3
19929,9,2959,3
19930,9,2960,3
19931,9,2961,3
19932,9,2962,3
19933,9,2963,3
19934,9,2964,3
19935,9,2965,3
19936,9,2966,3
19937,9,2967,3
19938,9,2968,3
19939,9,2969,3
19940,9,2970,3
19941,9,2971,3
19942,9,2972,3
19943,9,2973,3
19944,9,2974,3
19945,9,2975,3
19946,9,2976,3
19947,9,2977,3
19948,9,2978,3
19949,9,2979,3
19950,9,2980,3
19951,9,2981,3
19952,9,2982,3
19953,9,2983,3
19954,9,2984,3
19955,9,2985,3
19956,9,2986,3
19957,9,2987,3
19958,9,2988,3
19959,9,2989,3
19960,9,2990,3
19961,9,2991,3
19962,9,2992,3
19963,9,2993,3
19964,9,2994,3
19965,9,2995,3
19966,9,2996,3
19967,9,2997,3
19968,9,2998,3
19969,9,2999,3
19970,9,3000,3
19971,9,3001,3
19972,9,3002,3
19973,9,3003,3
19974,9,3004,3
19975,9,3005,3
19976,9,3006,3
19977,9,3007,3
19978,9,3008,3
19979,9,3009,3
19980,9,3010,3
19981,9,3011,3
19982,9,3012,3
19983,9,3013,3
19984,9,3014,3
19985,9,3015,3
19986,9,3016,3
19987,9,3017,3
19988,9,3018,3
19989,9,3019,3
19990,9,3020,3
19991,9,3021,3
19992,9,3022,3
19993,9,3023,3
19994,9,3024,3
19995,9,3025,3
19996,9,3026,3
19997,9,3027,3
19998,9,3028,3
19999,9,3029,3
20000,9,3030,3
20001,9,3031,3
20002,9,3032,3
20003,9,3033,3
20004,9,3034,3
20005,9,3035,3
20006,9,3036,3
20007,9,3037,3
20008,9,3038,3
20009,9,3039,3
20010,9,3040,3
20011,9,3041,3
20012,9,3042,3
20013,9,3043,3
20014,9,3044,3
20015,9,3045,3
20016,9,3046,3
20017,9,3047,3
20018,9,3048,3
20019,9,3049,3
20020,9,3050,3
20021,9,3051,3
20022,9,3052,3
20023,9,3053,3
20024,9,3054,3
20025,9,3055,3
20026,9,3056,3
20027,9,3057,3
20028,9,3058,3
20029,9,3059,3
20030,9,3060,3
20031,9,3061,3
20032,9,3062,3
20033,9,3063,3
20034,9,3064,3
20035,9,3065,3
20036,9,3066,3
20037,9,3067,3
20038,9,3068,3
20039,9,3069,3
20040,9,3070,3
20041,9,3071,3
20042,9,3072,3
20043,9,3073,3
20044,9,3074,3
20045,9,3075,3
20046,9,3076,3
20047,9,3077,3
20048,9,3078,3
20049,9,3079,3
20050,9,3080,3
20051,9,3081,3
20052,9,3082,3
20053,9,3083,3
20054,9,3084,3
20055,9,3085,3
20056,9,3086,3
20057,9,3087,3
20058,9,3088,3
20059,9,3089,3
20060,9,3090,3
20061,9,3091,3
20062,9,3092,3
20063,9,3093,3
20064,9,3094,3
20065,9,3095,3
20066,9,3096,3
20067,9,3097,3
20068,9,3098,3
20069,9,3099,3
20070,9,3100,3
20071,9,3101,3
20072,9,3102,3
20073,9,3103,3
20074,9,3104,3
20075,9,3105,3
20076,9,3106,3
20077,9,3107,3
20078,9,3108,3
20079,9,3109,3
20080,9,3110,3
20081,9,3111,3
20082,9,3112,3
20083,9,3113,3
20084,9,3114,3
20085,9,3115,3
20086,9,3116,3
20087,9,3117,3
20088,9,3118,3
20089,9,3119,3
20090,9,3120,3
20091,9,3121,3
20092,9,3122,3
20093,9,3123,3
20094,9,3124,3
20095,9,3125,3
20096,9,3126,3
20097,9,3127,3
20098,9,3128,3
20099,9,3129,3
20100,9,3130,3
20101,9,3131,3
20102,9,3132,3
20103,9,3133,3
20104,9,3134,3
20105,9,3135,3
20106,9,3136,3
20107,9,3137,3
20108,9,3138,3
20109,9,3139,3
20110,9,3140,3
20111,9,3141,3
20112,9,3142,3
20113,9,3143,3
20114,9,3144,3
20115,9,3145,3
20116,9,3146,3
20117,9,3147,3
20118,9,3148,3
20119,9,3149,3
20120,9,3150,3
20121,9,3151,3
20122,9,3152,3
20123,9,3153,3
20124,9,3154,3
20125,9,3155,3
20126,9,3156,3
20127,9,3157,3
20128,9,3158,3
20129,9,3159,3
20130,9,3160,3
20131,9,3161,3
20132,9,3162,3
20133,9,3163,3
20134,9,3164,3
20135,9,3165,3
20136,9,3166,3
20137,9,3167,3
20138,9,3168,3
20139,9,3169,3
20140,9,3170,3
20141,9,3171,3
20142,9,3172,3
20143,9,3173,3
20144,9,3174,3
20145,9,3175,3
20146,9,3176,3
20147,9,3177,3
20148,9,3178,3
20149,9,3179,3
20150,9,3180,3
20151,9,3181,3
20152,9,3182,3
20153,9,3183,3
20154,9,3184,3
20155,9,3185,3
20156,9,3186,3
20157,9,3187,3
20158,9,3188,3
20159,9,3189,3
20160,9,3190,3
20161,9,3191,3
20162,9,3192,3
20163,9,3193,3
20164,9,3194,3
20165,9,3195,3
20166,9,3196,3
20167,9,3197,3
20168,9,3198,3
20169,9,3199,3
20170,9,3200,3
20171,9,3201,3
20172,9,3202,3
20173,9,3203,3
20174,9,3204,3
20175,9,3205,3
20176,9,3206,3
20177,9,3207,3
20178,9,3208,3
20179,9,3209,3
20180,9,3210,3
20181,9,3211,3
20182,9,3212,3
20183,9,3213,3
20184,9,3214,3
20185,9,3215,3
20186,9,3216,3
20187,9,3217,3
20188,9,3218,3
20189,9,3219,3
20190,9,3220,3
20191,9,3221,3
20192,9,3222,3
20193,9,3223,3
20194,9,3224,3
20195,9,3225,3
20196,9,3226,3
20197,9,3227,3
20198,9,3228,3
20199,9,3229,3
20200,9,3230,3
20201,9,3231,3
20202,9,3232,3
20203,9,3233,3
20204,9,3234,3
20205,9,3235,3
20206,9,3236,3
20207,9,3237,3
20208,9,3238,3
20209,9,3239,3
20210,9,3240,3
20211,9,3241,3
20212,9,3242,3
20213,9,3243,3
20214,9,3244,3
20215,9,3245,3
20216,9,3246,3
20217,9,3247,3
20218,9,3248,3
20219,9,3249,3
20220,9,3250,3
20221,9,3251,3
20222,9,3252,3
20223,9,3253,3
20224,9,3254,3
20225,9,3255,3
20226,9,3256,3
20227,9,3257,3
20228,9,3258,3
20229,9,3259,3
20230,9,3260,3
20231,9,3261,3
20232,9,3262,3
20233,9,3263,3
20234,9,3264,3
20235,9,3265,3
20236,9,3266,3
20237,9,3267,3
20238,9,3268,3
20239,9,3269,3
20240,9,3270,3
20241,9,3271,3
20242,9,3272,3
20243,9,3273,3
20244,9,3274,3
20245,9,3275,3
20246,9,3276,3
20247,9,3277,3
20248,9,3278,3
20249,9,3279,3
20250,9,3280,3
20251,9,3281,3
20252,9,3282,3
20253,9,3283,3
20254,9,3284,3
20255,9,3285,3
20256,9,3286,3
20257,9,3287,3
20258,9,3288,3
20259,9,3289,3
20260,9,3290,3
20261,9,3291,3
20262,9,3292,3
20263,9,3293,3
20264,9,3294,3
20265,9,3295,3
20266,9,3296,3
20267,9,3297,3
20268,9,3298,3
20269,9,3299,3
20270,9,3300,3
20271,9,3301,3
20272,9,3302,3
20273,9,3303,3
20274,9,3304,3
20275,9,3305,3
20276,9,3306,3
20277,9,3307,3
20278,9,3308,3
20279,9,3309,3
20280,9,3310,3
20281,9,3311,3
20282,9,3312,3
20283,9,3313,3
20284,9,3314,3
20285,9,3315,3
20286,9,3316,3
20287,9,3317,3
20288,9,3318,3
20289,9,3319,3
20290,9,3320,3
20291,9,3321,3
20292,9,3322,3
20293,9,3323,3
20294,9,3324,3
20295,9,3325,3
20296,9,3326,3
20297,9,3327,3
20298,9,3328,3
20299,9,3329,3
20300,9,3330,3
20301,9,3331,3
20302,9,3332,3
20303,9,3333,3
20304,9,3334,3
20305,9,3335,3
20306,9,3336,3
20307,9,3337,3
20308,9,3338,3
20309,9,3339,3
20310,9,3340,3
20311,9,3341,3
20312,9,3342,3
20313,9,3343,3
20314,9,3344,3
20315,9,3345,3
20316,9,3346,3
20317,9,3347,3
20318,9,3348,3
20319,9,3349,3
20320,9,3350,3
20321,9,3351,3
20322,9,3352,3
20323,9,3353,3
20324,9,3354,3
20325,9,3355,3
20326,9,3356,3
20327,9,3357,3
20328,9,3358,3
20329,9,3359,3
20330,9,3360,3
20331,9,3361,3
20332,9,3362,3
20333,9,3363,3
20334,9,3364,3
20335,9,3365,3
20336,9,3366,3
20337,9,3367,3
20338,9,3368,3
20339,9,3369,3
20340,9,3370,3
20341,9,3371,3
20342,9,3372,3
20343,9,3373,3
20344,9,3374,3
20345,9,3375,3
20346,9,3376,3
20347,9,3377,3
20348,9,3378,3
20349,9,3379,3
20350,9,3380,3
20351,9,3381,3
20352,9,3382,3
20353,9,3383,3
20354,9,3384,3
20355,9,3385,3
20356,9,3386,3
20357,9,3387,3
20358,9,3388,3
20359,9,3389,3
20360,9,3390,3
20361,9,3391,3
20362,9,3392,3
20363,9,3393,3
20364,11,0,3
20365,11,1,3
20366,11,2,3
20367,11,3,3
20368,11,4,3
20369,11,5,3
20370,11,6,3
20371,11,7,3
20372,11,8,3
20373,11,9,3
20374,11,10,3
20375,11,11,3
20376,11,12,3
20377,11,13,3
20378,11,14,3
20379,11,15,3
20380,11,16,3
20381,11,17,3
20382,11,18,3
20383,11,19,3
20384,11,20,3
20385,11,21,3
20386,11,22,3
20387,11,23,3
20388,11,24,3
20389,11,25,3
20390,11,26,3
20391,11,27,3
20392,11,28,3
20393,11,29,3
20394,11,30,3
20395,11,31,3
20396,11,32,3
20397,11,33,3
20398,11,34,3
20399,11,35,3
20400,11,36,3
20401,11,37,3
20402,11,38,3
20403,11,39,3
20404,11,40,3
20405,11,41,3
20406,11,42,3
20407,11,43,3
20408,11,44,3
20409,11,45,3
20410,11,46,3
20411,11,47,3
20412,11,48,3
20413,11,49,3
20414,11,50,3
20415,11,51,3
20416,11,52,3
20417,11,53,3
20418,11,54,3
20419,11,55,3
20420,11,56,3
20421,11,57,3
20422,11,58,3
20423,11,59,3
20424,11,60,3
20425,11,61,3
20426,11,62,3
20427,11,63,3
20428,11,64,3
20429,11,65,3
20430,11,66,3
20431,11,67,3
20432,11,68,3
20433,11,69,3
20434,11,70,3
20435,11,71,3
20436,11,72,3
20437,11,73,3
20438,11,74,3
20439,11,75,3
20440,11,76,3
20441,11,77,3
20442,11,78,3
20443,11,79,3
20444,11,80,3
20445,11,81,3
20446,11,82,3
20447,11,83,3
20448,11,84,3
20449,11,85,3
20450,11,86,3
20451,11,87,3
20452,11,88,3
20453,11,89,3
20454,11,90,3
20455,11,91,3
20456,11,92,3
20457,11,93,3
20458,11,94,3
20459,11,95,3
20460,11,96,3
20461,11,97,3
20462,11,98,3
20463,11,99,3
20464,11,100,3
20465,11,101,3
20466,11,102,3
20467,11,103,3
20468,11,104,3
20469,11,105,3
20470,11,106,3
20471,11,107,3
20472,11,108,3
20473,11,109,3
20474,11,110,3
20475,11,111,3
20476,11,112,3
20477,11,113,3
20478,11,114,3
20479,11,115,3
20480,11,116,4
20481,11,117,4
20482,11,118,4
20483,11,119,4
20484,11,120,4
20485,11,121,4
20486,11,122,4
20487,11,123,4
20488,11,124,4
20489,11,125,4
20490,11,126,4
20491,11,127,4
20492,11,128,4
20493,11,129,4
20494,11,130,4
20495,11,131,4
20496,11,132,4
20497,11,133,4
20498,11,134,4
20499,11,135,4
20500,11,136,4
20501,11,137,4
20502,11,138,4
20503,11,139,4
20504,11,140,4
20505,11,141,4
20506,11,142,4
20507,11,143,4
20508,11,144,4
20509,11,145,4
20510,11,146,4
20511,11,147,4
20512,11,148,4
20513,11,149,4
20514,11,150,4
20515,11,151,4
20516,11,152,4
20517,11,153,4
20518,11,154,4
20519,11,155,4
20520,11,156,4
20521,11,157,4
20522,11,158,4
20523,11,159,4
20524,11,160,4
20525,11,161,4
20526,11,162,4
20527,11,163,4
20528,11,164,4
20529,11,165,4
20530,11,166,4
20531,11,167,4
20532,11,168,4
20533,11,169,4
20534,11,170,4
20535,11,171,4
20536,11,172,4
20537,11,173,4
20538,11,174,4
20539,11,175,4
20540,11,176,4
20541,11,177,4
20542,11,178,4
20543,11,179,4
20544,11,180,4
20545,11,181,4
20546,11,182,4
20547,11,183,4
20548,11,184,4
20549,11,185,4
20550,11,186,4
20551,11,187,4
20552,11,188,4
20553,11,189,4
20554,11,190,4
20555,11,191,4
20556,11,192,4
20557,11,193,4
20558,11,194,4
20559,11,195,4
20560,11,196,4
20561,11,197,4
20562,11,198,4
20563,11,199,4
20564,11,200,4
20565,11,201,4
20566,11,202,4
20567,11,203,4
20568,11,204,4
20569,11,205,4
20570,11,206,4
20571,11,207,4
20572,11,208,4
20573,11,209,4
20574,11,210,4
20575,11,211,4
20576,11,212,4
20577,11,213,4
20578,11,214,4
20579,11,215,4
20580,11,216,4
20581,11,217,4
20582,11,218,4
20583,11,219,4
20584,11,220,4
20585,11,221,4
20586,11,222,4
20587,11,223,4
20588,11,224,4
20589,11,225,4
20590,11,226,4
20591,11,227,4
20592,11,228,4
20593,11,229,4
20594,11,230,4
20595,11,231,4
20596,11,232,4
20597,11,233,4
20598,11,234,4
20599,11,235,4
20600,11,236,4
20601,11,237,4
20602,11,238,4
20603,11,239,4
20604,11,240,4
20605,11,241,4
20606,11,242,4
20607,11,243,4
20608,11,244,4
20609,11,245,4
20610,11,246,4
20611,11,247,4
20612,11,248,4
20613,11,249,4
20614,11,250,4
20615,11,251,4
20616,11,252,4
20617,11,253,4
20618,11,254,4
20619,11,255,4
20620,11,256,4
20621,11,257,4
20622,11,258,4
20623,11,259,4
20624,11,260,4
20625,11,261,4
20626,11,262,4
20627,11,263,4
20628,11,264,4
20629,11,265,4
20630,11,266,4
20631,11,267,4
20632,11,268,4
20633,11,269,4
20634,11,270,4
20635,11,271,4
20636,11,272,4
20637,11,273,4
20638,11,274,4
20639,11,275,4
20640,11,276,4
20641,11,277,4
20642,11,278,4
20643,11,279,4
20644,11,280,4
20645,11,281,4
20646,11,282,4
20647,11,283,4
20648,11,284,4
20649,11,285,4
20650,11,286,4
20651,11,287,4
20652,11,288,4
20653,11,289,4
20654,11,290,4
20655,11,291,4
20656,11,292,4
20657,11,293,4
20658,11,294,4
20659,11,295,4
20660,11,296,4
20661,11,297,4
20662,11,298,4
20663,11,299,4
20664,11,300,4
20665,11,301,4
20666,11,302,4
20667,11,303,4
20668,11,304,4
20669,11,305,4
20670,11,306,4
20671,11,307,4
20672,11,308,4
20673,11,309,4
20674,11,310,4
20675,11,311,4
20676,11,312,4
20677,11,313,4
20678,11,314,4
20679,11,315,4
20680,11,316,4
20681,11,317,4
20682,11,318,4
20683,11,319,4
20684,11,320,4
20685,11,321,4
20686,11,322,4
20687,11,323,4
20688,11,324,4
20689,11,325,4
20690,11,326,4
20691,11,327,4
20692,11,328,4
20693,11,329,4
20694,11,330,4
20695,11,331,4
20696,11,332,4
20697,11,333,4
20698,11,334,4
20699,11,335,4
20700,11,336,4
20701,11,337,4
20702,11,338,4
20703,11,339,4
20704,11,340,4
20705,11,341,4
20706,11,342,4
20707,11,343,4
20708,11,344,4
20709,11,345,4
20710,11,346,4
20711,11,347,4
20712,11,348,4
20713,11,349,4
20714,11,350,4
20715,11,351,4
20716,11,352,4
20717,11,353,4
20718,11,354,4
20719,11,355,4
20720,11,356,4
20721,11,357,4
20722,11,358,4
20723,11,359,4
20724,11,360,4
20725,11,361,4
20726,11,362,4
20727,11,363,4
20728,11,364,4
20729,11,365,4
20730,11,366,4
20731,11,367,4
20732,11,368,4
20733,11,369,4
20734,11,370,4
20735,11,371,4
20736,11,372,4
20737,11,373,4
20738,11,374,4
20739,11,375,4
20740,11,376,4
20741,11,377,4
20742,11,378,4
20743,11,379,4
20744,11,380,4
20745,11,381,4
20746,11,382,4
20747,11,383,4
20748,11,384,4
20749,11,385,4
20750,11,386,4
20751,11,387,4
20752,11,388,4
20753,11,389,4
20754,11,390,4
20755,11,391,4
20756,11,392,4
20757,11,393,4
20758,11,394,4
20759,11,395,4
20760,11,396,4
20761,11,397,4
20762,11,398,4
20763,11,399,4
20764,11,400,4
20765,11,401,4
20766,11,402,4
20767,11,403,4
20768,11,404,4
20769,11,405,4
20770,11,406,4
20771,11,407,4
20772,11,408,4
20773,11,409,4
20774,11,410,4
20775,11,411,4
20776,11,412,4
20777,11,413,4
20778,11,414,4
20779,11,415,4
20780,11,416,4
20781,11,417,4
20782,11,418,4
20783,11,419,4
20784,11,420,4
20785,11,421,4
20786,11,422,4
20787,11,423,4
20788,11,424,4
20789,11,425,4
20790,11,426,4
20791,11,427,4
20792,11,428,4
20793,11,429,4
20794,11,430,4
20795,11,431,4
20796,11,432,4
20797,11,433,4
20798,11,434,4
20799,11,435,4
20800,11,436,4
20801,11,437,4
20802,11,438,4
20803,11,439,4
20804,11,440,4
20805,11,441,4
20806,11,442,4
20807,11,443,4
20808,11,444,4
20809,11,445,4
20810,11,446,4
20811,11,447,4
20812,11,448,4
20813,11,449,4
20814,11,450,4
20815,11,451,4
20816,11,452,4
20817,11,453,4
20818,11,454,4
20819,11,455,4
20820,11,456,4
20821,11,457,4
20822,11,458,4
20823,11,459,4
20824,11,460,4
20825,11,461,4
20826,11,462,4
20827,11,463,4
20828,11,464,4
20829,11,465,4
20830,11,466,4
20831,11,467,4
20832,11,468,4
20833,11,469,4
20834,11,470,4
20835,11,471,4
20836,11,472,4
20837,11,473,4
20838,11,474,4
20839,11,475,4
20840,11,476,4
20841,11,477,4
20842,11,478,4
20843,11,479,4
20844,11,480,4
20845,11,481,4
20846,11,482,4
20847,11,483,4
20848,11,484,4
20849,11,485,4
20850,11,486,4
20851,11,487,4
20852,11,488,4
20853,11,489,4
20854,11,490,4
20855,11,491,4
20856,11,492,4
20857,11,493,4
20858,11,494,4
20859,11,495,4
20860,11,496,4
20861,11,497,4
20862,11,498,4
20863,11,499,4
20864,11,500,4
20865,11,501,4
20866,11,502,4
20867,11,503,4
20868,11,504,4
20869,11,505,4
20870,11,506,4
20871,11,507,4
20872,11,508,4
20873,11,509,4
20874,11,510,4
20875,11,511,4
20876,11,512,4
20877,11,513,4
20878,11,514,4
20879,11,515,4
20880,11,516,4
20881,11,517,4
20882,11,518,4
20883,11,519,4
20884,11,520,4
20885,11,521,4
20886,11,522,4
20887,11,523,4
20888,11,524,4
20889,11,525,4
20890,11,526,4
20891,11,527,4
20892,11,528,4
20893,11,529,4
20894,11,530,4
20895,11,531,4
20896,11,532,4
20897,11,533,4
20898,11,534,4
20899,11,535,4
20900,11,536,4
20901,11,537,4
20902,11,538,4
20903,11,539,4
20904,11,540,4
20905,11,541,4
20906,11,542,4
20907,11,543,4
20908,11,544,4
20909,11,545,4
20910,11,546,4
20911,11,547,4
20912,11,548,4
20913,11,549,4
20914,11,550,4
20915,11,551,4
20916,11,552,4
20917,11,553,4
20918,11,554,4
20919,11,555,4
20920,11,556,4
20921,11,557,4
20922,11,558,4
20923,11,559,4
20924,11,560,4
20925,11,561,4
20926,11,562,4
20927,11,563,4
20928,11,564,4
20929,11,565,4
20930,11,566,4
20931,11,567,4
20932,11,568,4
20933,11,569,4
20934,11,570,4
20935,11,571,4
20936,11,572,4
20937,11,573,4
20938,11,574,4
20939,11,575,4
20940,11,576,4
20941,11,577,4
20942,11,578,4
20943,11,579,4
20944,11,580,4
20945,11,581,4
20946,11,582,4
20947,11,583,4
20948,11,584,4
20949,11,585,4
20950,11,586,4
20951,11,587,4
20952,11,588,4
20953,11,589,4
20954,11,590,4
20955,11,591,4
20956,11,592,4
20957,11,593,4
20958,11,594,4
20959,11,595,4
20960,11,596,4
20961,11,597,4
20962,11,598,4
20963,11,599,4
20964,11,600,4
20965,11,601,4
20966,11,602,4
20967,11,603,4
20968,11,604,4
20969,11,605,4
20970,11,606,4
20971,11,607,4
20972,11,608,4
20973,11,609,4
20974,11,610,4
20975,11,611,4
20976,11,612,4
20977,11,613,4
20978,11,614,4
20979,11,615,4
20980,11,616,4
20981,11,617,4
20982,11,618,4
20983,11,619,4
20984,11,620,4
20985,11,621,4
20986,11,622,4
20987,11,623,4
20988,11,624,4
20989,11,625,4
20990,11,626,4
20991,11,627,4
20992,11,628,4
20993,11,629,4
20994,11,630,4
20995,11,631,4
20996,11,632,4
20997,11,633,4
20998,11,634,4
20999,11,635,4
21000,11,636,4
21001,11,637,4
21002,11,638,4
21003,11,639,4
21004,11,640,4
21005,11,641,4
21006,11,642,4
21007,11,643,4
21008,11,644,4
21009,11,645,4
21010,11,646,4
21011,11,647,4
21012,11,648,4
21013,11,649,4
21014,11,650,4
21015,11,651,4
21016,11,652,4
21017,11,653,4
21018,11,654,4
21019,11,655,4
21020,11,656,4
21021,11,657,4
21022,11,658,4
21023,11,659,4
21024,11,660,4
21025,11,661,4
21026,11,662,4
21027,11,663,4
21028,11,664,4
21029,11,665,4
21030,11,666,4
21031,11,667,4
21032,11,668,4
21033,11,669,4
21034,11,670,4
21035,11,671,4
21036,11,672,4
21037,11,673,4
21038,11,674,4
21039,11,675,4
21040,11,676,4
21041,11,677,4
21042,11,678,4
21043,11,679,4
21044,11,680,4
21045,11,681,4
21046,11,682,4
21047,11,683,4
21048,11,684,4
21049,11,685,4
21050,11,686,4
21051,11,687,4
21052,11,688,4
21053,11,689,4
21054,11,690,4
21055,11,691,4
21056,11,692,4
21057,11,693,4
21058,11,694,4
21059,11,695,4
21060,11,696,4
21061,11,697,4
21062,11,698,4
21063,11,699,4
21064,11,700,4
21065,11,701,4
21066,11,702,4
21067,11,703,4
21068,11,704,4
21069,11,705,4
21070,11,706,4
21071,11,707,4
21072,11,708,4
21073,11,709,4
21074,11,710,4
21075,11,711,4
21076,11,712,4
21077,11,713,4
21078,11,714,4
21079,11,715,4
21080,11,716,4
21081,11,717,4
21082,11,718,4
21083,11,719,4
21084,11,720,4
21085,11,721,4
21086,11,722,4
21087,11,723,4
21088,11,724,4
21089,11,725,4
21090,11,726,4
21091,11,727,4
21092,11,728,4
21093,11,729,4
21094,11,730,4
21095,11,731,4
21096,11,732,4
21097,11,733,4
21098,11,734,4
21099,11,735,4
21100,11,736,4
21101,11,737,4
21102,11,738,4
21103,11,739,4
21104,11,740,4
21105,11,741,4
21106,11,742,4
21107,11,743,4
21108,11,744,4
21109,11,745,4
21110,11,746,4
21111,11,747,4
21112,11,748,4
21113,11,749,4
21114,11,750,4
21115,11,751,4
21116,11,752,4
21117,11,753,4
21118,11,754,4
21119,11,755,4
21120,11,756,4
21121,11,757,4
21122,11,758,4
21123,11,759,4
21124,11,760,4
21125,11,761,4
21126,11,762,4
21127,11,763,4
21128,11,764,4
21129,11,765,4
21130,11,766,4
21131,11,767,4
21132,11,768,4
21133,11,769,4
21134,11,770,4
21135,11,771,4
21136,11,772,4
21137,11,773,4
21138,11,774,4
21139,11,775,4
21140,11,776,4
21141,11,777,4
21142,11,778,4
21143,11,779,4
21144,11,780,4
21145,11,781,4
21146,11,782,4
21147,11,783,4
21148,11,784,4
21149,11,785,4
21150,11,786,4
21151,11,787,4
21152,11,788,4
21153,11,789,4
21154,11,790,4
21155,11,791,4
21156,11,792,4
21157,11,793,4
21158,11,794,4
21159,11,795,4
21160,11,796,4
21161,11,797,4
21162,11,798,4
21163,11,799,4
21164,11,800,4
21165,11,801,4
21166,11,802,4
21167,11,803,4
21168,11,804,4
21169,11,805,4
21170,11,806,4
21171,11,807,4
21172,11,808,4
21173,11,809,4
21174,11,810,4
21175,11,811,4
21176,11,812,4
21177,11,813,4
21178,11,814,4
21179,11,815,4
21180,11,816,4
21181,11,817,4
21182,11,818,4
21183,11,819,4
21184,11,820,4
21185,11,821,4
21186,11,822,4
21187,11,823,4
21188,11,824,4
21189,11,825,4
21190,11,826,4
21191,11,827,4
21192,11,828,4
21193,11,829,4
21194,11,830,4
21195,11,831,4
21196,11,832,4
21197,11,833,4
21198,11,834,4
21199,11,835,4
21200,11,836,4
21201,11,837,4
21202,11,838,4
21203,11,839,4
21204,11,840,4
21205,11,841,4
21206,11,842,4
21207,11,843,4
21208,11,844,4
21209,11,845,4
21210,11,846,4
21211,11,847,4
21212,11,848,4
21213,11,849,4
21214,11,850,4
21215,11,851,4
21216,11,852,4
21217,11,853,4
21218,11,854,4
21219,11,855,4
21220,11,856,4
21221,11,857,4
21222,11,858,4
21223,11,859,4
21224,11,860,4
21225,11,861,4
21226,11,862,4
21227,11,863,4
21228,11,864,4
21229,11,865,4
21230,11,866,4
21231,11,867,4
21232,11,868,4
21233,11,869,4
21234,11,870,4
21235,11,871,4
21236,11,872,4
21237,11,873,4
21238,11,874,4
21239,11,875,4
21240,11,876,4
21241,11,877,4
21242,11,878,4
21243,11,879,4
21244,11,880,4
21245,11,881,4
21246,11,882,4
21247,11,883,4
21248,11,884,4
21249,11,885,4
21250,11,886,4
21251,11,887,4
21252,11,888,4
21253,11,889,4
21254,11,890,4
21255,11,891,4
21256,11,892,4
21257,11,893,4
21258,11,894,4
21259,11,895,4
21260,11,896,4
21261,11,897,4
21262,11,898,4
21263,11,899,4
21264,11,900,4
21265,11,901,4
21266,11,902,4
21267,11,903,4
21268,11,904,4
21269,11,905,4
21270,11,906,4
21271,11,907,4
21272,11,908,4
21273,11,909,4
21274,11,910,4
21275,11,911,4
21276,11,912,4
21277,11,913,4
21278,11,914,4
21279,11,915,4
21280,11,916,4
21281,11,917,4
21282,11,918,4
21283,11,919,4
21284,11,920,4
21285,11,921,4
21286,11,922,4
21287,11,923,4
21288,11,924,4
21289,11,925,4
21290,11,926,4
21291,11,927,4
21292,11,928,4
21293,11,929,4
21294,11,930,4
21295,11,931,4
21296,11,932,4
21297,11,933,4
21298,11,934,4
21299,11,935,4
21300,11,936,4
21301,11,937,4
21302,11,938,4
21303,11,939,4
21304,11,940,4
21305,11,941,4
21306,11,942,4
21307,11,943,4
21308,11,944,4
21309,11,945,4
21310,11,946,4
21311,11,947,4
21312,11,948,4
21313,11,949,4
21314,11,950,4
21315,11,951,4
21316,11,952,4
21317,11,953,4
21318,11,954,4
21319,11,955,4
21320,11,956,4
21321,11,957,4
21322,11,958,4
21323,11,959,4
21324,11,960,4
21325,11,961,4
21326,11,962,4
21327,11,963,4
21328,11,964,4
21329,11,965,4
21330,11,966,4
21331,11,967,4
21332,11,968,4
21333,11,969,4
21334,11,970,4
21335,11,971,4
21336,11,972,4
21337,11,973,4
21338,11,974,4
21339,11,975,4
21340,11,976,4
21341,11,977,4
21342,11,978,4
21343,11,979,4
21344,11,980,4
21345,11,981,4
21346,11,982,4
21347,11,983,4
21348,11,984,4
21349,11,985,4
21350,11,986,4
21351,11,987,4
21352,11,988,4
21353,11,989,4
21354,11,990,4
21355,11,991,4
21356,11,992,4
21357,11,993,4
21358,11,994,4
21359,11,995,4
21360,11,996,4
21361,11,997,4
21362,11,998,4
21363,11,999,4
21364,11,1000,4
21365,11,1001,4
21366,11,1002,4
21367,11,1003,4
21368,11,1004,4
21369,11,1005,4
21370,11,1006,4
21371,11,1007,4
21372,11,1008,4
21373,11,1009,4
21374,11,1010,4
21375,11,1011,4
21376,11,1012,4
21377,11,1013,4
21378,11,1014,4
21379,11,1015,4
21380,11,1016,4
21381,11,1017,4
21382,11,1018,4
21383,11,1019,4
21384,11,1020,4
21385,11,1021,4
21386,11,1022,4
21387,11,1023,4
21388,11,1024,4
21389,11,1025,4
21390,11,1026,4
21391,11,1027,4
21392,11,1028,4
21393,11,1029,4
21394,11,1030,4
21395,11,1031,4
21396,11,1032,4
21397,11,1033,4
21398,11,1034,4
21399,11,1035,4
21400,11,1036,4
21401,11,1037,4
21402,11,1038,4
21403,11,1039,4
21404,11,1040,4
21405,11,1041,4
21406,11,1042,4
21407,11,1043,4
21408,11,1044,4
21409,11,1045,4
21410,11,1046,4
21411,11,1047,4
21412,11,1048,4
21413,11,1049,4
21414,11,1050,4
21415,11,1051,4
21416,11,1052,4
21417,11,1053,4
21418,11,1054,4
21419,11,1055,4
21420,11,1056,4
21421,11,1057,4
21422,11,1058,4
21423,11,1059,4
21424,11,1060,4
21425,11,1061,4
21426,11,1062,4
21427,11,1063,4
21428,11,1064,4
21429,11,1065,4
21430,11,1066,4
21431,11,1067,4
21432,11,1068,4
21433,11,1069,4
21434,11,1070,4
21435,11,1071,4
21436,11,1072,4
21437,11,1073,4
21438,11,1074,4
21439,11,1075,4
21440,11,1076,4
21441,11,1077,4
21442,11,1078,4
21443,11,1079,4
21444,11,1080,4
21445,11,1081,4
21446,11,1082,4
21447,11,1083,4
21448,11,1084,4
21449,11,1085,4
21450,11,1086,4
21451,11,1087,4
21452,11,1088,4
21453,11,1089,4
21454,11,1090,4
21455,11,1091,4
21456,11,1092,4
21457,11,1093,4
21458,11,1094,4
21459,11,1095,4
21460,11,1096,4
21461,11,1097,4
21462,11,1098,4
21463,11,1099,4
21464,11,1100,4
21465,11,1101,4
21466,11,1102,4
21467,11,1103,4
21468,11,1104,4
21469,11,1105,4
21470,11,1106,4
21471,11,1107,4
21472,11,1108,4
21473,11,1109,4
21474,11,1110,4
21475,11,1111,4
21476,11,1112,4
21477,11,1113,4
21478,11,1114,4
21479,11,1115,4
21480,11,1116,4
21481,11,1117,4
21482,11,1118,4
21483,11,1119,4
21484,11,1120,4
21485,11,1121,4
21486,11,1122,4
21487,11,1123,4
21488,11,1124,4
21489,11,1125,4
21490,11,1126,4
21491,11,1127,4
21492,11,1128,4
21493,11,1129,4
21494,11,1130,4
21495,11,1131,4
21496,11,1132,4
21497,11,1133,4
21498,11,1134,4
21499,11,1135,4
21500,11,1136,4
21501,11,1137,4
21502,11,1138,4
21503,11,1139,4
21504,11,1140,4
21505,11,1141,4
21506,11,1142,4
21507,11,1143,4
21508,11,1144,4
21509,11,1145,4
21510,11,1146,4
21511,11,1147,4
21512,11,1148,4
21513,11,1149,4
21514,11,1150,4
21515,11,1151,4
21516,11,1152,4
21517,11,1153,4
21518,11,1154,4
21519,11,1155,4
21520,11,1156,4
21521,11,1157,4
21522,11,1158,4
21523,11,1159,4
21524,11,1160,4
21525,11,1161,4
21526,11,1162,4
21527,11,1163,4
21528,11,1164,4
21529,11,1165,4
21530,11,1166,4
21531,11,1167,4
21532,11,1168,4
21533,11,1169,4
21534,11,1170,4
21535,11,1171,4
21536,11,1172,4
21537,11,1173,4
21538,11,1174,4
21539,11,1175,4
21540,11,1176,4
21541,11,1177,4
21542,11,1178,4
21543,11,1179,4
21544,11,1180,4
21545,11,1181,4
21546,11,1182,4
21547,11,1183,4
21548,11,1184,4
21549,11,1185,4
21550,11,1186,4
21551,11,1187,4
21552,11,1188,4
21553,11,1189,4
21554,11,1190,4
21555,11,1191,4
21556,11,1192,4
21557,11,1193,4
21558,11,1194,4
21559,11,1195,4
21560,11,1196,4
21561,11,1197,4
21562,11,1198,4
21563,11,1199,4
21564,11,1200,4
21565,11,1201,4
21566,11,1202,4
21567,11,1203,4
21568,11,1204,4
21569,11,1205,4
21570,11,1206,4
21571,11,1207,4
21572,11,1208,4
21573,11,1209,4
21574,11,1210,4
21575,11,1211,4
21576,11,1212,4
21577,11,1213,4
21578,11,1214,4
21579,11,1215,4
21580,11,1216,4
21581,11,1217,4
21582,11,1218,4
21583,11,1219,4
21584,11,1220,4
21585,11,1221,4
21586,11,1222,4
21587,11,1223,4
21588,11,1224,4
21589,11,1225,4
21590,11,1226,4
21591,11,1227,4
21592,11,1228,4
21593,11,1229,4
21594,11,1230,4
21595,11,1231,4
21596,11,1232,4
21597,11,1233,4
21598,11,1234,4
21599,11,1235,4
21600,11,1236,4
21601,11,1237,4
21602,11,1238,4
21603,11,1239,4
21604,11,1240,4
21605,11,1241,4
21606,11,1242,4
21607,11,1243,4
21608,11,1244,4
21609,11,1245,4
21610,11,1246,4
21611,11,1247,4
21612,11,1248,4
21613,11,1249,4
21614,11,1250,4
21615,11,1251,4
21616,11,1252,4
21617,11,1253,4
21618,11,1254,4
21619,11,1255,4
21620,11,1256,4
21621,11,1257,4
21622,11,1258,4
21623,11,1259,4
21624,11,1260,4
21625,11,1261,4
21626,11,1262,4
21627,11,1263,4
21628,11,1264,4
21629,11,1265,4
21630,11,1266,4
21631,11,1267,4
21632,11,1268,4
21633,11,1269,4
21634,11,1270,4
21635,11,1271,4
21636,11,1272,4
21637,11,1273,4
21638,11,1274,4
21639,11,1275,4
21640,11,1276,4
21641,11,1277,4
21642,11,1278,4
21643,11,1279,4
21644,11,1280,4
21645,11,1281,4
21646,11,1282,4
21647,11,1283,4
21648,11,1284,4
21649,11,1285,4
21650,11,1286,4
21651,11,1287,4
21652,11,1288,4
21653,11,1289,4
21654,11,1290,4
21655,11,1291,4
21656,11,1292,4
21657,11,1293,4
21658,11,1294,4
21659,11,1295,4
21660,11,1296,4
21661,11,1297,4
21662,11,1298,4
21663,11,1299,4
21664,11,1300,4
21665,11,1301,4
21666,11,1302,4
21667,11,1303,4
21668,11,1304,4
21669,11,1305,4
21670,11,1306,4
21671,11,1307,4
21672,11,1308,4
21673,11,1309,4
21674,11,1310,4
21675,11,1311,4
21676,11,1312,4
21677,11,1313,4
21678,11,1314,4
21679,11,1315,4
21680,11,1316,4
21681,11,1317,4
21682,11,1318,4
21683,11,1319,4
21684,11,1320,4
21685,11,1321,4
21686,11,1322,4
21687,11,1323,4
21688,11,1324,4
21689,11,1325,4
21690,11,1326,4
21691,11,1327,4
21692,11,1328,4
21693,11,1329,4
21694,11,1330,4
21695,11,1331,4
21696,11,1332,4
21697,11,1333,4
21698,11,1334,4
21699,11,1335,4
21700,11,1336,4
21701,11,1337,4
21702,11,1338,4
21703,11,1339,4
21704,11,1340,4
21705,11,1341,4
21706,11,1342,4
21707,11,1343,4
21708,11,1344,4
21709,11,1345,4
21710,11,1346,4
21711,11,1347,4
21712,11,1348,4
21713,11,1349,4
21714,11,1350,4
21715,11,1351,4
21716,11,1352,4
21717,11,1353,4
21718,11,1354,4
21719,11,1355,4
21720,11,1356,4
21721,11,1357,4
21722,11,1358,4
21723,11,1359,4
21724,11,1360,4
21725,11,1361,4
21726,11,1362,4
21727,11,1363,4
21728,11,1364,4
21729,11,1365,4
21730,11,1366,4
21731,11,1367,4
21732,11,1368,4
21733,11,1369,4
21734,11,1370,4
21735,11,1371,4
21736,11,1372,4
21737,11,1373,4
21738,11,1374,4
21739,11,1375,4
21740,11,1376,4
21741,11,1377,4
21742,11,1378,4
21743,11,1379,4
21744,11,1380,4
21745,11,1381,4
21746,11,1382,4
21747,11,1383,4
21748,11,1384,4
21749,11,1385,4
21750,11,1386,4
21751,11,1387,4
21752,11,1388,4
21753,11,1389,4
21754,11,1390,4
21755,11,1391,4
21756,11,1392,4
21757,11,1393,4
21758,11,1394,4
21759,11,1395,4
21760,11,1396,4
21761,11,1397,4
21762,11,1398,4
21763,11,1399,4
21764,11,1400,4
21765,11,1401,4
21766,11,1402,4
21767,11,1403,4
21768,11,1404,4
21769,11,1405,4
21770,11,1406,4
21771,11,1407,4
21772,11,1408,4
21773,11,1409,4
21774,11,1410,4
21775,11,1411,4
21776,11,1412,4
21777,11,1413,4
21778,11,1414,4
21779,11,1415,4
21780,11,1416,4
21781,11,1417,4
21782,11,1418,4
21783,11,1419,4
21784,11,1420,4
21785,11,1421,4
21786,11,1422,4
21787,11,1423,4
21788,11,1424,4
21789,11,1425,4
21790,11,1426,4
21791,11,1427,4
21792,11,1428,4
21793,11,1429,4
21794,11,1430,4
21795,11,1431,4
21796,11,1432,4
21797,11,1433,4
21798,11,1434,4
21799,11,1435,4
21800,11,1436,4
21801,11,1437,4
21802,11,1438,4
21803,11,1439,4
21804,11,1440,4
21805,11,1441,4
21806,11,1442,4
21807,11,1443,4
21808,11,1444,4
21809,11,1445,4
21810,11,1446,4
21811,11,1447,4
21812,11,1448,4
21813,11,1449,4
21814,11,1450,4
21815,11,1451,4
21816,11,1452,4
21817,11,1453,4
21818,11,1454,4
21819,11,1455,4
21820,11,1456,4
21821,11,1457,4
21822,11,1458,4
21823,11,1459,4
21824,11,1460,4
21825,11,1461,4
21826,11,1462,4
21827,11,1463,4
21828,11,1464,4
21829,11,1465,4
21830,11,1466,4
21831,11,1467,4
21832,11,1468,4
21833,11,1469,4
21834,11,1470,4
21835,11,1471,4
21836,11,1472,4
21837,11,1473,4
21838,11,1474,4
21839,11,1475,4
21840,11,1476,4
21841,11,1477,4
21842,11,1478,4
21843,11,1479,4
21844,11,1480,4
21845,11,1481,4
21846,11,1482,4
21847,11,1483,4
21848,11,1484,4
21849,11,1485,4
21850,11,1486,4
21851,11,1487,4
21852,11,1488,4
21853,11,1489,4
21854,11,1490,4
21855,11,1491,4
21856,11,1492,4
21857,11,1493,4
21858,11,1494,4
21859,11,1495,4
21860,11,1496,4
21861,11,1497,4
21862,11,1498,4
21863,11,1499,4
21864,11,1500,4
21865,11,1501,4
21866,11,1502,4
21867,11,1503,4
21868,11,1504,4
21869,11,1505,4
21870,11,1506,4
21871,11,1507,4
21872,11,1508,4
21873,11,1509,4
21874,11,1510,4
21875,11,1511,4
21876,11,1512,4
21877,11,1513,4
21878,11,1514,4
21879,11,1515,4
21880,11,1516,4
21881,11,1517,4
21882,11,1518,4
21883,11,1519,4
21884,11,1520,4
21885,11,1521,4
21886,11,1522,4
21887,11,1523,4
21888,11,1524,4
21889,11,1525,4
21890,11,1526,4
21891,11,1527,4
21892,11,1528,4
21893,11,1529,4
21894,11,1530,4
21895,11,1531,4
21896,11,1532,4
21897,11,1533,4
21898,11,1534,4
21899,11,1535,4
21900,11,1536,4
21901,11,1537,4
21902,11,1538,4
21903,11,1539,4
21904,11,1540,4
21905,11,1541,4
21906,11,1542,4
21907,11,1543,4
21908,11,1544,4
21909,11,1545,4
21910,11,1546,4
21911,11,1547,4
21912,11,1548,4
21913,11,1549,4
21914,11,1550,4
21915,11,1551,4
21916,11,1552,4
21917,11,1553,4
21918,11,1554,4
21919,11,1555,4
21920,11,1556,4
21921,11,1557,4
21922,11,1558,4
21923,11,1559,4
21924,11,1560,4
21925,11,1561,4
21926,11,1562,4
21927,11,1563,4
21928,11,1564,4
21929,11,1565,4
21930,11,1566,4
21931,11,1567,4
21932,11,1568,4
21933,11,1569,4
21934,11,1570,4
21935,11,1571,4
21936,11,1572,4
21937,11,1573,4
21938,11,1574,4
21939,11,1575,4
21940,11,1576,4
21941,11,1577,4
21942,11,1578,4
21943,11,1579,4
21944,11,1580,4
21945,11,1581,4
21946,11,1582,4
21947,11,1583,4
21948,11,1584,4
21949,11,1585,4
21950,11,1586,4
21951,11,1587,4
21952,11,1588,4
21953,11,1589,4
21954,11,1590,4
21955,11,1591,4
21956,11,1592,4
21957,11,1593,4
21958,11,1594,4
21959,11,1595,4
21960,11,1596,4
21961,11,1597,4
21962,11,1598,4
21963,11,1599,4
21964,11,1600,4
21965,11,1601,4
21966,11,1602,4
21967,11,1603,4
21968,11,1604,4
21969,11,1605,4
21970,11,1606,4
21971,11,1607,4
21972,11,1608,4
21973,11,1609,4
21974,11,1610,4
21975,11,1611,4
21976,11,1612,4
21977,11,1613,4
21978,11,1614,4
21979,11,1615,4
21980,11,1616,4
21981,11,1617,4
21982,11,1618,4
21983,11,1619,4
21984,11,1620,4
21985,11,1621,4
21986,11,1622,4
21987,11,1623,4
21988,11,1624,4
21989,11,1625,4
21990,11,1626,4
21991,11,1627,4
21992,11,1628,4
21993,11,1629,4
21994,11,1630,4
21995,11,1631,4
21996,11,1632,4
21997,11,1633,4
21998,11,1634,4
21999,11,1635,4
22000,11,1636,4
22001,11,1637,4
22002,11,1638,4
22003,11,1639,4
22004,11,1640,4
22005,11,1641,4
22006,11,1642,4
22007,11,1643,4
22008,11,1644,4
22009,11,1645,4
22010,11,1646,4
22011,11,1647,4
22012,11,1648,4
22013,11,1649,4
22014,11,1650,4
22015,11,1651,4
22016,11,1652,4
22017,11,1653,4
22018,11,1654,4
22019,11,1655,4
22020,11,1656,4
22021,11,1657,4
22022,11,1658,4
22023,11,1659,4
22024,11,1660,4
22025,11,1661,4
22026,11,1662,4
22027,11,1663,4
22028,11,1664,4
22029,11,1665,4
22030,11,1666,4
22031,11,1667,4
22032,11,1668,4
22033,11,1669,4
22034,11,1670,4
22035,11,1671,4
22036,11,1672,4
22037,11,1673,4
22038,11,1674,4
22039,11,1675,4
22040,11,1676,4
22041,11,1677,4
22042,11,1678,4
22043,11,1679,4
22044,11,1680,4
22045,11,1681,4
22046,11,1682,4
22047,11,1683,4
22048,11,1684,4
22049,11,1685,4
22050,11,1686,4
22051,11,1687,4
22052,11,1688,4
22053,11,1689,4
22054,11,1690,4
22055,11,1691,4
22056,11,1692,4
22057,11,1693,4
22058,11,1694,4
22059,11,1695,4
22060,11,1696,4
22061,11,1697,4
22062,11,1698,4
22063,11,1699,4
22064,11,1700,4
22065,11,1701,4
22066,11,1702,4
22067,11,1703,4
22068,11,1704,4
22069,11,1705,4
22070,11,1706,4
22071,11,1707,4
22072,11,1708,4
22073,11,1709,4
22074,11,1710,4
22075,11,1711,4
22076,11,1712,4
22077,11,1713,4
22078,11,1714,4
22079,11,1715,4
22080,11,1716,4
22081,11,1717,4
22082,11,1718,4
22083,11,1719,4
22084,11,1720,4
22085,11,1721,4
22086,11,1722,4
22087,11,1723,4
22088,11,1724,4
22089,11,1725,4
22090,11,1726,4
22091,11,1727,4
22092,11,1728,4
22093,11,1729,4
22094,11,1730,4
22095,11,1731,4
22096,11,1732,4
22097,11,1733,4
22098,11,1734,4
22099,11,1735,4
22100,11,1736,4
22101,11,1737,4
22102,11,1738,4
22103,11,1739,4
22104,11,1740,4
22105,11,1741,4
22106,11,1742,4
22107,11,1743,4
22108,11,1744,4
22109,11,1745,4
22110,11,1746,4
22111,11,1747,4
22112,11,1748,4
22113,11,1749,4
22114,11,1750,4
22115,11,1751,4
22116,11,1752,4
22117,11,1753,4
22118,11,1754,4
22119,11,1755,4
22120,11,1756,4
22121,11,1757,4
22122,11,1758,4
22123,11,1759,4
22124,11,1760,4
22125,11,1761,4
22126,11,1762,4
22127,11,1763,4
22128,11,1764,4
22129,11,1765,4
22130,11,1766,4
22131,11,1767,4
22132,11,1768,4
22133,11,1769,4
22134,11,1770,4
22135,11,1771,4
22136,11,1772,4
22137,11,1773,4
22138,11,1774,4
22139,11,1775,4
22140,11,1776,4
22141,11,1777,4
22142,11,1778,4
22143,11,1779,4
22144,11,1780,4
22145,11,1781,4
22146,11,1782,4
22147,11,1783,4
22148,11,1784,4
22149,11,1785,4
22150,11,1786,4
22151,11,1787,4
22152,11,1788,4
22153,11,1789,4
22154,11,1790,4
22155,11,1791,4
22156,11,1792,4
22157,11,1793,4
22158,11,1794,4
22159,11,1795,4
22160,11,1796,4
22161,11,1797,4
22162,11,1798,4
22163,11,1799,4
22164,11,1800,4
22165,11,1801,4
22166,11,1802,4
22167,11,1803,4
22168,11,1804,4
22169,11,1805,4
22170,11,1806,4
22171,11,1807,4
22172,11,1808,4
22173,11,1809,4
22174,11,1810,4
22175,11,1811,4
22176,11,1812,4
22177,11,1813,4
22178,11,1814,4
22179,11,1815,4
22180,11,1816,4
22181,11,1817,4
22182,11,1818,4
22183,11,1819,4
22184,11,1820,4
22185,11,1821,4
22186,11,1822,4
22187,11,1823,4
22188,11,1824,4
22189,11,1825,4
22190,11,1826,4
22191,11,1827,4
22192,11,1828,4
22193,11,1829,4
22194,11,1830,4
22195,11,1831,4
22196,11,1832,4
22197,11,1833,4
22198,11,1834,4
22199,11,1835,4
22200,11,1836,4
22201,11,1837,4
22202,11,1838,4
22203,11,1839,4
22204,11,1840,4
22205,11,1841,4
22206,11,1842,4
22207,11,1843,4
22208,11,1844,4
22209,11,1845,4
22210,11,1846,4
22211,11,1847,4
22212,11,1848,4
22213,11,1849,4
22214,11,1850,4
22215,11,1851,4
22216,11,1852,4
22217,11,1853,4
22218,11,1854,4
22219,11,1855,4
22220,11,1856,4
22221,11,1857,4
22222,11,1858,4
22223,11,1859,4
22224,11,1860,4
22225,11,1861,4
22226,11,1862,4
22227,11,1863,4
22228,11,1864,4
22229,11,1865,4
22230,11,1866,4
22231,11,1867,4
22232,11,1868,4
22233,11,1869,4
22234,11,1870,4
22235,11,1871,4
22236,11,1872,4
22237,11,1873,4
22238,11,1874,4
22239,11,1875,4
22240,11,1876,4
22241,11,1877,4
22242,11,1878,4
22243,11,1879,4
22244,11,1880,4
22245,11,1881,4
22246,11,1882,4
22247,11,1883,4
22248,11,1884,4
22249,11,1885,4
22250,11,1886,4
22251,11,1887,4
22252,11,1888,4
22253,11,1889,4
22254,11,1890,4
22255,11,1891,4
22256,11,1892,4
22257,11,1893,4
22258,11,1894,4
22259,11,1895,4
22260,11,1896,4
22261,11,1897,4
22262,11,1898,4
22263,11,1899,4
22264,11,1900,4
22265,11,1901,4
22266,11,1902,4
22267,11,1903,4
22268,11,1904,4
22269,11,1905,4
22270,11,1906,4
22271,11,1907,4
22272,11,1908,4
22273,11,1909,4
22274,11,1910,4
22275,11,1911,4
22276,11,1912,4
22277,11,1913,4
22278,11,1914,4
22279,11,1915,4
22280,11,1916,4
22281,11,1917,4
22282,11,1918,4
22283,11,1919,4
22284,11,1920,4
22285,11,1921,4
22286,11,1922,4
22287,11,1923,4
22288,11,1924,4
22289,11,1925,4
22290,11,1926,4
22291,11,1927,4
22292,11,1928,4
22293,11,1929,4
22294,11,1930,4
22295,11,1931,4
22296,11,1932,4
22297,11,1933,4
22298,11,1934,4
22299,11,1935,4
22300,11,1936,4
22301,11,1937,4
22302,11,1938,4
22303,11,1939,4
22304,11,1940,4
22305,11,1941,4
22306,11,1942,4
22307,11,1943,4
22308,11,1944,4
22309,11,1945,4
22310,11,1946,4
22311,11,1947,4
22312,11,1948,4
22313,11,1949,4
22314,11,1950,4
22315,11,1951,4
22316,11,1952,4
22317,11,1953,4
22318,11,1954,4
22319,11,1955,4
22320,11,1956,4
22321,11,1957,4
22322,11,1958,4
22323,11,1959,4
22324,11,1960,4
22325,11,1961,4
22326,11,1962,4
22327,11,1963,4
22328,11,1964,4
22329,11,1965,4
22330,11,1966,4
22331,11,1967,4
22332,11,1968,4
22333,11,1969,4
22334,11,1970,4
22335,11,1971,4
22336,11,1972,4
22337,11,1973,4
22338,11,1974,4
22339,11,1975,4
22340,11,1976,4
22341,11,1977,4
22342,11,1978,4
22343,11,1979,4
22344,11,1980,4
22345,11,1981,4
22346,11,1982,4
22347,11,1983,4
22348,11,1984,4
22349,11,1985,4
22350,11,1986,4
22351,11,1987,4
22352,11,1988,4
22353,11,1989,4
22354,11,1990,4
22355,11,1991,4
22356,11,1992,4
22357,11,1993,4
22358,11,1994,4
22359,11,1995,4
22360,11,1996,4
22361,11,1997,4
22362,11,1998,4
22363,11,1999,4
22364,11,2000,4
22365,11,2001,4
22366,11,2002,4
22367,11,2003,4
22368,11,2004,4
22369,11,2005,4
22370,11,2006,4
22371,11,2007,4
22372,11,2008,4
22373,11,2009,4
22374,11,2010,4
22375,11,2011,4
22376,11,2012,4
22377,11,2013,4
22378,11,2014,4
22379,11,2015,4
22380,11,2016,4
22381,11,2017,4
22382,11,2018,4
22383,11,2019,4
22384,11,2020,4
22385,11,2021,4
22386,11,2022,4
22387,11,2023,4
22388,11,2024,4
22389,11,2025,4
22390,11,2026,4
22391,11,2027,4
22392,11,2028,4
22393,11,2029,4
22394,11,2030,4
22395,11,2031,4
22396,11,2032,4
22397,11,2033,4
22398,11,2034,4
22399,11,2035,4
22400,11,2036,4
22401,11,2037,4
22402,11,2038,4
22403,11,2039,4
22404,11,2040,4
22405,11,2041,4
22406,11,2042,4
22407,11,2043,4
22408,11,2044,4
22409,11,2045,4
22410,11,2046,4
22411,11,2047,4
22412,11,2048,4
22413,11,2049,4
22414,11,2050,4
22415,11,2051,4
22416,11,2052,4
22417,11,2053,4
22418,11,2054,4
22419,11,2055,4
22420,11,2056,4
22421,11,2057,4
22422,11,2058,4
22423,11,2059,4
22424,11,2060,4
22425,11,2061,4
22426,11,2062,4
22427,11,2063,4
22428,11,2064,4
22429,11,2065,4
22430,11,2066,4
22431,11,2067,4
22432,11,2068,4
22433,11,2069,4
22434,11,2070,4
22435,11,2071,4
22436,11,2072,4
22437,11,2073,4
22438,11,2074,4
22439,11,2075,4
22440,11,2076,4
22441,11,2077,4
22442,11,2078,4
22443,11,2079,4
22444,11,2080,4
22445,11,2081,4
22446,11,2082,4
22447,11,2083,4
22448,11,2084,4
22449,11,2085,4
22450,11,2086,4
22451,11,2087,4
22452,11,2088,4
22453,11,2089,4
22454,11,2090,4
22455,11,2091,4
22456,11,2092,4
22457,11,2093,4
22458,11,2094,4
22459,11,2095,4
22460,11,2096,4
22461,11,2097,4
22462,11,2098,4
22463,11,2099,4
22464,11,2100,4
22465,11,2101,4
22466,11,2102,4
22467,11,2103,4
22468,11,2104,4
22469,11,2105,4
22470,11,2106,4
22471,11,2107,4
22472,11,2108,4
22473,11,2109,4
22474,11,2110,4
22475,11,2111,4
22476,11,2112,4
22477,11,2113,4
22478,11,2114,4
22479,11,2115,4
22480,11,2116,4
22481,11,2117,4
22482,11,2118,4
22483,11,2119,4
22484,11,2120,4
22485,11,2121,4
22486,11,2122,4
22487,11,2123,4
22488,11,2124,4
22489,11,2125,4
22490,11,2126,4
22491,11,2127,4
22492,11,2128,4
22493,11,2129,4
22494,11,2130,4
22495,11,2131,4
22496,11,2132,4
22497,11,2133,4
22498,11,2134,4
22499,11,2135,4
22500,11,2136,4
22501,11,2137,4
22502,11,2138,4
22503,11,2139,4
22504,11,2140,4
22505,11,2141,4
22506,11,2142,4
22507,11,2143,4
22508,11,2144,4
22509,11,2145,4
22510,11,2146,4
22511,11,2147,4
22512,11,2148,4
22513,11,2149,4
22514,11,2150,4
22515,11,2151,4
22516,11,2152,4
22517,11,2153,4
22518,11,2154,4
22519,11,2155,4
22520,11,2156,4
22521,11,2157,4
22522,11,2158,4
22523,11,2159,4
22524,11,2160,4
22525,11,2161,4
22526,11,2162,4
22527,11,2163,4
22528,11,2164,4
22529,11,2165,4
22530,11,2166,4
22531,11,2167,4
22532,11,2168,4
22533,11,2169,4
22534,11,2170,4
22535,11,2171,4
22536,11,2172,4
22537,11,2173,4
22538,11,2174,4
22539,11,2175,4
22540,11,2176,4
22541,11,2177,4
22542,11,2178,4
22543,11,2179,4
22544,11,2180,4
22545,11,2181,4
22546,11,2182,4
22547,11,2183,4
22548,11,2184,4
22549,11,2185,4
22550,11,2186,4
22551,11,2187,4
22552,11,2188,4
22553,11,2189,4
22554,11,2190,4
22555,11,2191,4
22556,11,2192,4
22557,11,2193,4
22558,11,2194,4
22559,11,2195,4
22560,11,2196,4
22561,11,2197,4
22562,11,2198,4
22563,11,2199,4
22564,11,2200,4
22565,11,2201,4
22566,11,2202,4
22567,11,2203,4
22568,11,2204,4
22569,11,2205,4
22570,11,2206,4
22571,11,2207,4
22572,11,2208,4
22573,11,2209,4
22574,11,2210,4
22575,11,2211,4
22576,11,2212,4
22577,11,2213,4
22578,11,2214,4
22579,11,2215,4
22580,11,2216,4
22581,11,2217,4
22582,11,2218,4
22583,11,2219,4
22584,11,2220,4
22585,11,2221,4
22586,11,2222,4
22587,11,2223,4
22588,11,2224,4
22589,11,2225,4
22590,11,2226,4
22591,11,2227,4
22592,11,2228,4
22593,11,2229,4
22594,11,2230,4
22595,11,2231,4
22596,11,2232,4
22597,11,2233,4
22598,11,2234,4
22599,11,2235,4
22600,11,2236,4
22601,11,2237,4
22602,11,2238,4
22603,11,2239,4
22604,11,2240,4
22605,11,2241,4
22606,11,2242,4
22607,11,2243,4
22608,11,2244,4
22609,11,2245,4
22610,11,2246,4
22611,11,2247,4
22612,11,2248,4
22613,11,2249,4
22614,11,2250,4
22615,11,2251,4
22616,11,2252,4
22617,11,2253,4
22618,11,2254,4
22619,11,2255,4
22620,11,2256,4
22621,11,2257,4
22622,11,2258,4
22623,11,2259,4
22624,11,2260,4
22625,11,2261,4
22626,11,2262,4
22627,11,2263,4
22628,11,2264,4
22629,11,2265,4
22630,11,2266,4
22631,11,2267,4
22632,11,2268,4
22633,11,2269,4
22634,11,2270,4
22635,11,2271,4
22636,11,2272,4
22637,11,2273,4
22638,11,2274,4
22639,11,2275,4
22640,11,2276,4
22641,11,2277,4
22642,11,2278,4
22643,11,2279,4
22644,11,2280,4
22645,11,2281,4
22646,11,2282,4
22647,11,2283,4
22648,11,2284,4
22649,11,2285,4
22650,11,2286,4
22651,11,2287,4
22652,11,2288,4
22653,11,2289,4
22654,11,2290,4
22655,11,2291,4
22656,11,2292,4
22657,11,2293,4
22658,11,2294,4
22659,11,2295,4
22660,11,2296,4
22661,11,2297,4
22662,11,2298,4
22663,11,2299,4
22664,11,2300,4
22665,11,2301,4
22666,11,2302,4
22667,11,2303,4
22668,11,2304,4
22669,11,2305,4
22670,11,2306,4
22671,11,2307,4
22672,11,2308,4
22673,11,2309,4
22674,11,2310,4
22675,11,2311,4
22676,11,2312,4
22677,11,2313,4
22678,11,2314,4
22679,11,2315,4
22680,11,2316,4
22681,11,2317,4
22682,11,2318,4
22683,11,2319,4
22684,11,2320,4
22685,11,2321,4
22686,11,2322,4
22687,11,2323,4
22688,11,2324,4
22689,11,2325,4
22690,11,2326,4
22691,11,2327,4
22692,11,2328,4
22693,11,2329,4
22694,11,2330,4
22695,11,2331,4
22696,11,2332,4
22697,11,2333,4
22698,11,2334,4
22699,11,2335,4
22700,11,2336,4
22701,11,2337,4
22702,11,2338,4
22703,11,2339,4
22704,11,2340,4
22705,11,2341,4
22706,11,2342,4
22707,11,2343,4
22708,11,2344,4
22709,11,2345,4
22710,11,2346,4
22711,11,2347,4
22712,11,2348,4
22713,11,2349,4
22714,11,2350,4
22715,11,2351,4
22716,11,2352,4
22717,11,2353,4
22718,11,2354,4
22719,11,2355,4
22720,11,2356,4
22721,11,2357,4
22722,11,2358,4
22723,11,2359,4
22724,11,2360,4
22725,11,2361,4
22726,11,2362,4
22727,11,2363,4
22728,11,2364,4
22729,11,2365,4
22730,11,2366,4
22731,11,2367,4
22732,11,2368,4
22733,11,2369,4
22734,11,2370,4
22735,11,2371,4
22736,11,2372,4
22737,11,2373,4
22738,11,2374,4
22739,11,2375,4
22740,11,2376,4
22741,11,2377,4
22742,11,2378,4
22743,11,2379,4
22744,11,2380,4
22745,11,2381,4
22746,11,2382,4
22747,11,2383,4
22748,11,2384,4
22749,11,2385,4
22750,11,2386,4
22751,11,2387,4
22752,11,2388,4
22753,11,2389,4
22754,11,2390,4
22755,11,2391,4
22756,11,2392,4
22757,11,2393,4
22758,11,2394,4
22759,11,2395,4
22760,11,2396,4
22761,11,2397,4
22762,11,2398,4
22763,11,2399,4
22764,11,2400,4
22765,11,2401,4
22766,11,2402,4
22767,11,2403,4
22768,11,2404,4
22769,11,2405,4
22770,11,2406,4
22771,11,2407,4
22772,11,2408,4
22773,11,2409,4
22774,11,2410,4
22775,11,2411,4
22776,11,2412,4
22777,11,2413,4
22778,11,2414,4
22779,11,2415,4
22780,11,2416,4
22781,11,2417,4
22782,11,2418,4
22783,11,2419,4
22784,11,2420,4
22785,11,2421,4
22786,11,2422,4
22787,11,2423,4
22788,11,2424,4
22789,11,2425,4
22790,11,2426,4
22791,11,2427,4
22792,11,2428,4
22793,11,2429,4
22794,11,2430,4
22795,11,2431,4
22796,11,2432,4
22797,11,2433,4
22798,11,2434,4
22799,11,2435,4
22800,11,2436,4
22801,11,2437,4
22802,11,2438,4
22803,11,2439,4
22804,11,2440,4
22805,11,2441,4
22806,11,2442,4
22807,11,2443,4
22808,11,2444,4
22809,11,2445,4
22810,11,2446,4
22811,11,2447,4
22812,11,2448,4
22813,11,2449,4
22814,11,2450,4
22815,11,2451,4
22816,11,2452,4
22817,11,2453,4
22818,11,2454,4
22819,11,2455,4
22820,11,2456,4
22821,11,2457,4
22822,11,2458,4
22823,11,2459,4
22824,11,2460,4
22825,11,2461,4
22826,11,2462,4
22827,11,2463,4
22828,11,2464,4
22829,11,2465,4
22830,11,2466,4
22831,11,2467,4
22832,11,2468,4
22833,11,2469,4
22834,11,2470,4
22835,11,2471,4
22836,11,2472,4
22837,11,2473,4
22838,11,2474,4
22839,11,2475,4
22840,11,2476,4
22841,11,2477,4
22842,11,2478,4
22843,11,2479,4
22844,11,2480,4
22845,11,2481,4
22846,11,2482,4
22847,11,2483,4
22848,11,2484,4
22849,11,2485,4
22850,11,2486,4
22851,11,2487,4
22852,11,2488,4
22853,11,2489,4
22854,11,2490,4
22855,11,2491,4
22856,11,2492,4
22857,11,2493,4
22858,11,2494,4
22859,11,2495,4
22860,11,2496,4
22861,11,2497,4
22862,11,2498,4
22863,11,2499,4
22864,11,2500,4
22865,11,2501,4
22866,11,2502,4
22867,11,2503,4
22868,11,2504,4
22869,11,2505,4
22870,11,2506,4
22871,11,2507,4
22872,11,2508,4
22873,11,2509,4
22874,11,2510,4
22875,11,2511,4
22876,11,2512,4
22877,11,2513,4
22878,11,2514,4
22879,11,2515,4
22880,11,2516,4
22881,11,2517,4
22882,11,2518,4
22883,11,2519,4
22884,11,2520,4
22885,11,2521,4
22886,11,2522,4
22887,11,2523,4
22888,11,2524,4
22889,11,2525,4
22890,11,2526,4
22891,11,2527,4
22892,11,2528,4
22893,11,2529,4
22894,11,2530,4
22895,11,2531,4
22896,11,2532,4
22897,11,2533,4
22898,11,2534,4
22899,11,2535,4
22900,11,2536,4
22901,11,2537,4
22902,11,2538,4
22903,11,2539,4
22904,11,2540,4
22905,11,2541,4
22906,11,2542,4
22907,11,2543,4
22908,11,2544,4
22909,11,2545,4
22910,11,2546,4
22911,11,2547,4
22912,11,2548,4
22913,11,2549,4
22914,11,2550,4
22915,11,2551,4
22916,11,2552,4
22917,11,2553,4
22918,11,2554,4
22919,11,2555,4
22920,11,2556,4
22921,11,2557,4
22922,11,2558,4
22923,11,2559,4
22924,11,2560,4
22925,11,2561,4
22926,11,2562,4
22927,11,2563,4
22928,11,2564,4
22929,11,2565,4
22930,11,2566,4
22931,11,2567,4
22932,11,2568,4
22933,11,2569,4
22934,11,2570,4
22935,11,2571,4
22936,11,2572,4
22937,11,2573,4
22938,11,2574,4
22939,11,2575,4
22940,11,2576,4
22941,11,2577,4
22942,11,2578,4
22943,11,2579,4
22944,11,2580,4
22945,11,2581,4
22946,11,2582,4
22947,11,2583,4
22948,11,2584,4
22949,11,2585,4
22950,11,2586,4
22951,11,2587,4
22952,11,2588,4
22953,11,2589,4
22954,11,2590,4
22955,11,2591,4
22956,11,2592,4
22957,11,2593,4
22958,11,2594,4
22959,11,2595,4
22960,11,2596,4
22961,11,2597,4
22962,11,2598,4
22963,11,2599,4
22964,11,2600,4
22965,11,2601,4
22966,11,2602,4
22967,11,2603,4
22968,11,2604,4
22969,11,2605,4
22970,11,2606,4
22971,11,2607,4
22972,11,2608,4
22973,11,2609,4
22974,11,2610,4
22975,11,2611,4
22976,11,2612,4
22977,11,2613,4
22978,11,2614,4
22979,11,2615,4
22980,11,2616,4
22981,11,2617,4
22982,11,2618,4
22983,11,2619,4
22984,11,2620,4
22985,11,2621,4
22986,11,2622,4
22987,11,2623,4
22988,11,2624,4
22989,11,2625,4
22990,11,2626,4
22991,11,2627,4
22992,11,2628,4
22993,11,2629,4
22994,11,2630,4
22995,11,2631,4
22996,11,2632,4
22997,11,2633,4
22998,11,2634,4
22999,11,2635,4
23000,11,2636,4
23001,11,2637,4
23002,11,2638,4
23003,11,2639,4
23004,11,2640,4
23005,11,2641,4
23006,11,2642,4
23007,11,2643,4
23008,11,2644,4
23009,11,2645,4
23010,11,2646,4
23011,11,2647,4
23012,11,2648,4
23013,11,2649,4
23014,11,2650,4
23015,11,2651,4
23016,11,2652,4
23017,11,2653,4
23018,11,2654,4
23019,11,2655,4
23020,11,2656,4
23021,11,2657,4
23022,11,2658,4
23023,11,2659,4
23024,11,2660,4
23025,11,2661,4
23026,11,2662,4
23027,11,2663,4
23028,11,2664,4
23029,11,2665,4
23030,11,2666,4
23031,11,2667,4
23032,11,2668,4
23033,11,2669,4
23034,11,2670,4
23035,11,2671,4
23036,11,2672,4
23037,11,2673,4
23038,11,2674,4
23039,11,2675,4
23040,11,2676,4
23041,11,2677,4
23042,11,2678,4
23043,11,2679,4
23044,11,2680,4
23045,11,2681,4
23046,11,2682,4
23047,11,2683,4
23048,11,2684,4
23049,11,2685,4
23050,11,2686,4
23051,11,2687,4
23052,11,2688,4
23053,11,2689,4
23054,11,2690,4
23055,11,2691,4
23056,11,2692,4
23057,11,2693,4
23058,11,2694,4
23059,11,2695,4
23060,11,2696,4
23061,11,2697,4
23062,11,2698,4
23063,11,2699,4
23064,11,2700,4
23065,11,2701,4
23066,11,2702,4
23067,11,2703,4
23068,11,2704,4
23069,11,2705,4
23070,11,2706,4
23071,11,2707,4
23072,11,2708,4
23073,11,2709,4
23074,11,2710,4
23075,11,2711,4
23076,11,2712,4
23077,11,2713,4
23078,11,2714,4
23079,11,2715,4
23080,11,2716,4
23081,11,2717,4
23082,11,2718,4
23083,11,2719,4
23084,11,2720,4
23085,11,2721,4
23086,11,2722,4
23087,11,2723,4
23088,11,2724,4
23089,11,2725,4
23090,11,2726,4
23091,11,2727,4
23092,11,2728,4
23093,11,2729,4
23094,11,2730,4
23095,11,2731,4
23096,11,2732,4
23097,11,2733,4
23098,11,2734,4
23099,11,2735,4
23100,11,2736,4
23101,11,2737,4
23102,11,2738,4
23103,11,2739,4
23104,11,2740,4
23105,11,2741,4
23106,11,2742,4
23107,11,2743,4
23108,11,2744,4
23109,11,2745,4
23110,11,2746,4
23111,11,2747,4
23112,11,2748,4
23113,11,2749,4
23114,11,2750,4
23115,11,2751,4
23116,11,2752,4
23117,11,2753,4
23118,11,2754,4
23119,11,2755,4
23120,11,2756,4
23121,11,2757,4
23122,11,2758,4
23123,11,2759,4
23124,11,2760,4
23125,11,2761,4
23126,11,2762,4
23127,11,2763,4
23128,11,2764,4
23129,11,2765,4
23130,11,2766,4
23131,11,2767,4
23132,11,2768,4
23133,11,2769,4
23134,11,2770,4
23135,11,2771,4
23136,11,2772,4
23137,11,2773,4
23138,11,2774,4
23139,11,2775,4
23140,11,2776,4
23141,11,2777,4
23142,11,2778,4
23143,11,2779,4
23144,11,2780,4
23145,11,2781,4
23146,11,2782,4
23147,11,2783,4
23148,11,2784,4
23149,11,2785,4
23150,11,2786,4
23151,11,2787,4
23152,11,2788,4
23153,11,2789,4
23154,11,2790,4
23155,11,2791,4
23156,11,2792,4
23157,11,2793,4
23158,11,2794,4
23159,11,2795,4
23160,11,2796,4
23161,11,2797,4
23162,11,2798,4
23163,11,2799,4
23164,11,2800,4
23165,11,2801,4
23166,11,2802,4
23167,11,2803,4
23168,11,2804,4
23169,11,2805,4
23170,11,2806,4
23171,11,2807,4
23172,11,2808,4
23173,11,2809,4
23174,11,2810,4
23175,11,2811,4
23176,11,2812,4
23177,11,2813,4
23178,11,2814,4
23179,11,2815,4
23180,11,2816,4
23181,11,2817,4
23182,11,2818,4
23183,11,2819,4
23184,11,2820,4
23185,11,2821,4
23186,11,2822,4
23187,11,2823,4
23188,11,2824,4
23189,11,2825,4
23190,11,2826,4
23191,11,2827,4
23192,11,2828,4
23193,11,2829,4
23194,11,2830,4
23195,11,2831,4
23196,11,2832,4
23197,11,2833,4
23198,11,2834,4
23199,11,2835,4
23200,11,2836,4
23201,11,2837,4
23202,11,2838,4
23203,11,2839,4
23204,11,2840,4
23205,11,2841,4
23206,11,2842,4
23207,11,2843,4
23208,11,2844,4
23209,11,2845,4
23210,11,2846,4
23211,11,2847,4
23212,11,2848,4
23213,11,2849,4
23214,11,2850,4
23215,11,2851,4
23216,11,2852,4
23217,11,2853,4
23218,11,2854,4
23219,11,2855,4
23220,11,2856,4
23221,11,2857,4
23222,11,2858,4
23223,11,2859,4
23224,11,2860,4
23225,11,2861,4
23226,11,2862,4
23227,11,2863,4
23228,11,2864,4
23229,11,2865,4
23230,11,2866,4
23231,11,2867,4
23232,11,2868,4
23233,11,2869,4
23234,11,2870,4
23235,11,2871,4
23236,11,2872,4
23237,11,2873,4
23238,11,2874,4
23239,11,2875,4
23240,11,2876,4
23241,11,2877,4
23242,11,2878,4
23243,11,2879,4
23244,11,2880,4
23245,11,2881,4
23246,11,2882,4
23247,11,2883,4
23248,11,2884,4
23249,11,2885,4
23250,11,2886,4
23251,11,2887,4
23252,11,2888,4
23253,11,2889,4
23254,11,2890,4
23255,11,2891,4
23256,11,2892,4
23257,11,2893,4
23258,11,2894,4
23259,11,2895,4
23260,11,2896,4
23261,11,2897,4
23262,11,2898,4
23263,11,2899,4
23264,11,2900,4
23265,11,2901,4
23266,11,2902,4
23267,11,2903,4
23268,11,2904,4
23269,11,2905,4
23270,11,2906,4
23271,11,2907,4
23272,11,2908,4
23273,11,2909,4
23274,11,2910,4
23275,11,2911,4
23276,11,2912,4
23277,11,2913,4
23278,11,2914,4
23279,11,2915,4
23280,11,2916,4
23281,11,2917,4
23282,11,2918,4
23283,11,2919,4
23284,11,2920,4
23285,11,2921,4
23286,11,2922,4
23287,11,2923,4
23288,11,2924,4
23289,11,2925,4
23290,11,2926,4
23291,11,2927,4
23292,11,2928,4
23293,11,2929,4
23294,11,2930,4
23295,11,2931,4
23296,11,2932,4
23297,11,2933,4
23298,11,2934,4
23299,11,2935,4
23300,11,2936,4
23301,11,2937,4
23302,11,2938,4
23303,11,2939,4
23304,11,2940,4
23305,11,2941,4
23306,11,2942,4
23307,11,2943,4
23308,11,2944,4
23309,11,2945,4
23310,11,2946,4
23311,11,2947,4
23312,11,2948,4
23313,11,2949,4
23314,11,2950,4
23315,11,2951,4
23316,11,2952,4
23317,11,2953,4
23318,11,2954,4
23319,11,2955,4
23320,11,2956,4
23321,11,2957,4
23322,11,2958,4
23323,11,2959,4
23324,11,2960,4
23325,11,2961,4
23326,11,2962,4
23327,11,2963,4
23328,11,2964,4
23329,11,2965,4
23330,11,2966,4
23331,11,2967,4
23332,11,2968,4
23333,11,2969,4
23334,11,2970,4
23335,11,2971,4
23336,11,2972,4
23337,11,2973,4
23338,11,2974,4
23339,11,2975,4
23340,11,2976,4
23341,11,2977,4
23342,11,2978,4
23343,11,2979,4
23344,11,2980,4
23345,11,2981,4
23346,11,2982,4
23347,11,2983,4
23348,11,2984,4
23349,11,2985,4
23350,11,2986,4
23351,11,2987,4
23352,11,2988,4
23353,11,2989,4
23354,11,2990,4
23355,11,2991,4
23356,11,2992,4
23357,11,2993,4
23358,11,2994,4
23359,11,2995,4
23360,11,2996,4
23361,11,2997,4
23362,11,2998,4
23363,11,2999,4
23364,11,3000,4
23365,11,3001,4
23366,11,3002,4
23367,11,3003,4
23368,11,3004,4
23369,11,3005,4
23370,11,3006,4
23371,11,3007,4
23372,11,3008,4
23373,11,3009,4
23374,11,3010,4
23375,11,3011,4
23376,11,3012,4
23377,11,3013,4
23378,11,3014,4
23379,11,3015,4
23380,11,3016,4
23381,11,3017,4
23382,11,3018,4
23383,11,3019,4
23384,11,3020,4
23385,11,3021,4
23386,11,3022,4
23387,11,3023,4
23388,11,3024,4
23389,11,3025,4
23390,11,3026,4
23391,11,3027,4
23392,11,3028,4
23393,11,3029,4
23394,11,3030,4
23395,11,3031,4
23396,11,3032,4
23397,11,3033,4
23398,11,3034,4
23399,11,3035,4
23400,11,3036,4
23401,11,3037,4
23402,11,3038,4
23403,11,3039,4
23404,11,3040,4
23405,11,3041,4
23406,11,3042,4
23407,11,3043,4
23408,11,3044,4
23409,11,3045,4
23410,11,3046,4
23411,11,3047,4
23412,11,3048,4
23413,11,3049,4
23414,11,3050,4
23415,11,3051,4
23416,11,3052,4
23417,11,3053,4
23418,11,3054,4
23419,11,3055,4
23420,11,3056,4
23421,11,3057,4
23422,11,3058,4
23423,11,3059,4
23424,11,3060,4
23425,11,3061,4
23426,11,3062,4
23427,11,3063,4
23428,11,3064,4
23429,11,3065,4
23430,11,3066,4
23431,11,3067,4
23432,11,3068,4
23433,11,3069,4
23434,11,3070,4
23435,11,3071,4
23436,11,3072,4
23437,11,3073,4
23438,11,3074,4
23439,11,3075,4
23440,11,3076,4
23441,11,3077,4
23442,11,3078,4
23443,11,3079,4
23444,11,3080,4
23445,11,3081,4
23446,11,3082,4
23447,11,3083,4
23448,11,3084,4
23449,11,3085,4
23450,11,3086,4
23451,11,3087,4
23452,11,3088,4
23453,11,3089,4
23454,11,3090,4
23455,11,3091,4
23456,11,3092,4
23457,11,3093,4
23458,11,3094,4
23459,11,3095,4
23460,11,3096,4
23461,11,3097,4
23462,11,3098,4
23463,11,3099,4
23464,11,3100,4
23465,11,3101,4
23466,11,3102,4
23467,11,3103,4
23468,11,3104,4
23469,11,3105,4
23470,11,3106,4
23471,11,3107,4
23472,11,3108,4
23473,11,3109,4
23474,11,3110,4
23475,11,3111,4
23476,11,3112,4
23477,11,3113,4
23478,11,3114,4
23479,11,3115,4
23480,11,3116,4
23481,11,3117,4
23482,11,3118,4
23483,11,3119,4
23484,11,3120,4
23485,11,3121,4
23486,11,3122,4
23487,11,3123,4
23488,11,3124,4
23489,11,3125,4
23490,11,3126,4
23491,11,3127,4
23492,11,3128,4
23493,11,3129,4
23494,11,3130,4
23495,11,3131,4
23496,11,3132,4
23497,11,3133,4
23498,11,3134,4
23499,11,3135,4
23500,11,3136,4
23501,11,3137,4
23502,11,3138,4
23503,11,3139,4
23504,11,3140,4
23505,11,3141,4
23506,11,3142,4
23507,11,3143,4
23508,11,3144,4
23509,11,3145,4
23510,11,3146,4
23511,11,3147,4
23512,11,3148,4
23513,11,3149,4
23514,11,3150,4
23515,11,3151,4
23516,11,3152,4
23517,11,3153,4
23518,11,3154,4
23519,11,3155,4
23520,11,3156,4
23521,11,3157,4
23522,11,3158,4
23523,11,3159,4
23524,11,3160,4
23525,11,3161,4
23526,11,3162,4
23527,11,3163,4
23528,11,3164,4
23529,11,3165,4
23530,11,3166,4
23531,11,3167,4
23532,11,3168,4
23533,11,3169,4
23534,11,3170,4
23535,11,3171,4
23536,11,3172,4
23537,11,3173,4
23538,11,3174,4
23539,11,3175,4
23540,11,3176,4
23541,11,3177,4
23542,11,3178,4
23543,11,3179,4
23544,11,3180,4
23545,11,3181,4
23546,11,3182,4
23547,11,3183,4
23548,11,3184,4
23549,11,3185,4
23550,11,3186,4
23551,11,3187,4
23552,11,3188,4
23553,11,3189,4
23554,11,3190,4
23555,11,3191,4
23556,11,3192,4
23557,11,3193,4
23558,11,3194,4
23559,11,3195,4
23560,11,3196,4
23561,11,3197,4
23562,11,3198,4
23563,11,3199,4
23564,11,3200,4
23565,11,3201,4
23566,11,3202,4
23567,11,3203,4
23568,11,3204,4
23569,11,3205,4
23570,11,3206,4
23571,11,3207,4
23572,11,3208,4
23573,11,3209,4
23574,11,3210,4
23575,11,3211,4
23576,11,3212,4
23577,11,3213,4
23578,11,3214,4
23579,11,3215,4
23580,11,3216,4
23581,11,3217,4
23582,11,3218,4
23583,11,3219,4
23584,11,3220,4
23585,11,3221,4
23586,11,3222,4
23587,11,3223,4
23588,11,3224,4
23589,11,3225,4
23590,11,3226,4
23591,11,3227,4
23592,11,3228,4
23593,11,3229,4
23594,11,3230,4
23595,11,3231,4
23596,11,3232,4
23597,11,3233,4
23598,11,3234,4
23599,11,3235,4
23600,11,3236,4
23601,11,3237,4
23602,11,3238,4
23603,11,3239,4
23604,11,3240,4
23605,11,3241,4
23606,11,3242,4
23607,11,3243,4
23608,11,3244,4
23609,11,3245,4
23610,11,3246,4
23611,11,3247,4
23612,11,3248,4
23613,11,3249,4
23614,11,3250,4
23615,11,3251,4
23616,11,3252,4
23617,11,3253,4
23618,11,3254,4
23619,11,3255,4
23620,11,3256,4
23621,11,3257,4
23622,11,3258,4
23623,11,3259,4
23624,11,3260,4
23625,11,3261,4
23626,11,3262,4
23627,11,3263,4
23628,11,3264,4
23629,11,3265,4
23630,11,3266,4
23631,11,3267,4
23632,11,3268,4
23633,11,3269,4
23634,11,3270,4
23635,11,3271,4
23636,11,3272,4
23637,11,3273,4
23638,11,3274,4
23639,11,3275,4
23640,11,3276,4
23641,11,3277,4
23642,11,3278,4
23643,11,3279,4
23644,11,3280,4
23645,11,3281,4
23646,11,3282,4
23647,11,3283,4
23648,11,3284,4
23649,11,3285,4
23650,11,3286,4
23651,11,3287,4
23652,11,3288,4
23653,11,3289,4
23654,11,3290,4
23655,11,3291,4
23656,11,3292,4
23657,11,3293,4
23658,11,3294,4
23659,11,3295,4
23660,11,3296,4
23661,11,3297,4
23662,11,3298,4
23663,11,3299,4
23664,11,3300,4
23665,11,3301,4
23666,11,3302,4
23667,11,3303,4
23668,11,3304,4
23669,11,3305,4
23670,11,3306,4
23671,11,3307,4
23672,11,3308,4
23673,11,3309,4
23674,11,3310,4
23675,11,3311,4
23676,11,3312,4
23677,11,3313,4
23678,11,3314,4
23679,11,3315,4
23680,11,3316,4
23681,11,3317,4
23682,11,3318,4
23683,11,3319,4
23684,11,3320,4
23685,11,3321,4
23686,11,3322,4
23687,11,3323,4
23688,11,3324,4
23689,11,3325,4
23690,11,3326,4
23691,11,3327,4
23692,11,3328,4
23693,11,3329,4
23694,11,3330,4
23695,11,3331,4
23696,11,3332,4
23697,11,3333,4
23698,11,3334,4
23699,11,3335,4
23700,11,3336,4
23701,11,3337,4
23702,11,3338,4
23703,11,3339,4
23704,11,3340,4
23705,11,3341,4
23706,11,3342,4
23707,11,3343,4
23708,11,3344,4
23709,11,3345,4
23710,11,3346,4
23711,11,3347,4
23712,11,3348,4
23713,11,3349,4
23714,11,3350,4
23715,11,3351,4
23716,11,3352,4
23717,11,3353,4
23718,11,3354,4
23719,11,3355,4
23720,11,3356,4
23721,11,3357,4
23722,11,3358,4
23723,11,3359,4
23724,11,3360,4
23725,11,3361,4
23726,11,3362,4
23727,11,3363,4
23728,11,3364,4
23729,11,3365,4
23730,11,3366,4
23731,11,3367,4
23732,11,3368,4
23733,11,3369,4
23734,11,3370,4
23735,11,3371,4
23736,11,3372,4
23737,11,3373,4
23738,11,3374,4
23739,11,3375,4
23740,11,3376,4
23741,11,3377,4
23742,11,3378,4
23743,11,3379,4
23744,11,3380,4
23745,11,3381,4
23746,11,3382,4
23747,11,3383,4
23748,11,3384,4
23749,11,3385,4
23750,11,3386,4
23751,11,3387,4
23752,11,3388,4
23753,11,3389,4
23754,11,3390,4
23755,11,3391,4
23756,11,3392,4
23757,11,3393,4
23758,2,0,4
23759,2,1,4
23760,2,2,4
23761,2,3,4
23762,2,4,4
23763,2,5,4
23764,2,6,4
23765,2,7,4
23766,2,8,4
23767,2,9,4
23768,2,10,4
23769,2,11,4
23770,2,12,4
23771,2,13,4
23772,2,14,4
23773,2,15,4
23774,2,16,4
23775,2,17,4
23776,2,18,4
23777,2,19,4
23778,2,20,4
23779,2,21,4
23780,2,22,4
23781,2,23,4
23782,2,24,4
23783,2,25,4
23784,2,26,4
23785,2,27,4
23786,2,28,4
23787,2,29,4
23788,2,30,4
23789,2,31,4
23790,2,32,4
23791,2,33,4
23792,2,34,4
23793,2,35,4
23794,2,36,4
23795,2,37,4
23796,2,38,4
23797,2,39,4
23798,2,40,4
23799,2,41,4
23800,2,42,4
23801,2,43,4
23802,2,44,4
23803,2,45,4
23804,2,46,4
23805,2,47,4
23806,2,48,4
23807,2,49,4
23808,2,50,4
23809,2,51,4
23810,2,52,4
23811,2,53,4
23812,2,54,4
23813,2,55,4
23814,2,56,4
23815,2,57,4
23816,2,58,4
23817,2,59,4
23818,2,60,4
23819,2,61,4
23820,2,62,4
23821,2,63,4
23822,2,64,4
23823,2,65,4
23824,2,66,4
23825,2,67,4
23826,2,68,4
23827,2,69,4
23828,2,70,4
23829,2,71,4
23830,2,72,4
23831,2,73,4
23832,2,74,4
23833,2,75,4
23834,2,76,4
23835,2,77,4
23836,2,78,4
23837,2,79,4
23838,2,80,4
23839,2,81,4
23840,2,82,4
23841,2,83,4
23842,2,84,4
23843,2,85,4
23844,2,86,4
23845,2,87,4
23846,2,88,4
23847,2,89,4
23848,2,90,4
23849,2,91,4
23850,2,92,4
23851,2,93,4
23852,2,94,4
23853,2,95,4
23854,2,96,4
23855,2,97,4
23856,2,98,4
23857,2,99,4
23858,2,100,4
23859,2,101,4
23860,2,102,4
23861,2,103,4
23862,2,104,4
23863,2,105,4
23864,2,106,4
23865,2,107,4
23866,2,108,4
23867,2,109,4
23868,2,110,4
23869,2,111,4
23870,2,112,4
23871,2,113,4
23872,2,114,4
23873,2,115,4
23874,2,116,4
23875,2,117,4
23876,2,118,4
23877,2,119,4
23878,2,120,4
23879,2,121,4
23880,2,122,4
23881,2,123,4
23882,2,124,4
23883,2,125,4
23884,2,126,4
23885,2,127,4
23886,2,128,4
23887,2,129,4
23888,2,130,4
23889,2,131,4
23890,2,132,4
23891,2,133,4
23892,2,134,4
23893,2,135,4
23894,2,136,4
23895,2,137,4
23896,2,138,4
23897,2,139,4
23898,2,140,4
23899,2,141,4
23900,2,142,4
23901,2,143,4
23902,2,144,4
23903,2,145,4
23904,2,146,4
23905,2,147,4
23906,2,148,4
23907,2,149,4
23908,2,150,4
23909,2,151,4
23910,2,152,4
23911,2,153,4
23912,2,154,4
23913,2,155,4
23914,2,156,4
23915,2,157,4
23916,2,158,4
23917,2,159,4
23918,2,160,4
23919,2,161,4
23920,2,162,4
23921,2,163,4
23922,2,164,4
23923,2,165,4
23924,2,166,4
23925,2,167,4
23926,2,168,4
23927,2,169,4
23928,2,170,4
23929,2,171,4
23930,2,172,4
23931,2,173,4
23932,2,174,4
23933,2,175,4
23934,2,176,4
23935,2,177,4
23936,2,178,4
23937,2,179,4
23938,2,180,4
23939,2,181,4
23940,2,182,4
23941,2,183,4
23942,2,184,4
23943,2,185,4
23944,2,186,4
23945,2,187,4
23946,2,188,4
23947,2,189,4
23948,2,190,4
23949,2,191,4
23950,2,192,4
23951,2,193,4
23952,2,194,4
23953,2,195,4
23954,2,196,4
23955,2,197,4
23956,2,198,4
23957,2,199,4
23958,2,200,4
23959,2,201,4
23960,2,202,4
23961,2,203,4
23962,2,204,4
23963,2,205,4
23964,2,206,4
23965,2,207,4
23966,2,208,4
23967,2,209,4
23968,2,210,4
23969,2,211,4
23970,2,212,4
23971,2,213,4
23972,2,214,4
23973,2,215,4
23974,2,216,4
23975,2,217,4
23976,2,218,4
23977,2,219,4
23978,2,220,4
23979,2,221,4
23980,2,222,4
23981,2,223,4
23982,2,224,4
23983,2,225,4
23984,2,226,4
23985,2,227,4
23986,2,228,4
23987,2,229,4
23988,2,230,4
23989,2,231,4
23990,2,232,4
23991,2,233,4
23992,2,234,4
23993,2,235,4
23994,2,236,4
23995,2,237,4
23996,2,238,4
23997,2,239,4
23998,2,240,4
23999,2,241,4
24000,2,242,4
24001,2,243,4
24002,2,244,4
24003,2,245,4
24004,2,246,4
24005,2,247,4
24006,2,248,4
24007,2,249,4
24008,2,250,4
24009,2,251,4
24010,2,252,4
24011,2,253,4
24012,2,254,4
24013,2,255,4
24014,2,256,4
24015,2,257,4
24016,2,258,4
24017,2,259,4
24018,2,260,4
24019,2,261,4
24020,2,262,4
24021,2,263,4
24022,2,264,4
24023,2,265,4
24024,2,266,4
24025,2,267,4
24026,2,268,4
24027,2,269,4
24028,2,270,4
24029,2,271,4
24030,2,272,4
24031,2,273,4
24032,2,274,4
24033,2,275,4
24034,2,276,4
24035,2,277,4
24036,2,278,4
24037,2,279,4
24038,2,280,4
24039,2,281,4
24040,2,282,4
24041,2,283,4
24042,2,284,4
24043,2,285,4
24044,2,286,4
24045,2,287,4
24046,2,288,4
24047,2,289,4
24048,2,290,4
24049,2,291,4
24050,2,292,4
24051,2,293,4
24052,2,294,4
24053,2,295,4
24054,2,296,4
24055,2,297,4
24056,2,298,4
24057,2,299,4
24058,2,300,4
24059,2,301,4
24060,2,302,4
24061,2,303,4
24062,2,304,4
24063,2,305,4
24064,2,306,4
24065,2,307,4
24066,2,308,4
24067,2,309,4
24068,2,310,4
24069,2,311,4
24070,2,312,4
24071,2,313,4
24072,2,314,4
24073,2,315,4
24074,2,316,4
24075,2,317,4
24076,2,318,4
24077,2,319,4
24078,2,320,4
24079,2,321,4
24080,2,322,4
24081,2,323,4
24082,2,324,4
24083,2,325,4
24084,2,326,4
24085,2,327,4
24086,2,328,4
24087,2,329,4
24088,2,330,4
24089,2,331,4
24090,2,332,4
24091,2,333,4
24092,2,334,4
24093,2,335,4
24094,2,336,4
24095,2,337,4
24096,2,338,4
24097,2,339,4
24098,2,340,4
24099,2,341,4
24100,2,342,4
24101,2,343,4
24102,2,344,4
24103,2,345,4
24104,2,346,4
24105,2,347,4
24106,2,348,4
24107,2,349,4
24108,2,350,4
24109,2,351,4
24110,2,352,4
24111,2,353,4
24112,2,354,4
24113,2,355,4
24114,2,356,4
24115,2,357,4
24116,2,358,4
24117,2,359,4
24118,2,360,4
24119,2,361,4
24120,2,362,4
24121,2,363,4
24122,2,364,4
24123,2,365,4
24124,2,366,4
24125,2,367,4
24126,2,368,4
24127,2,369,4
24128,2,370,4
24129,2,371,4
24130,2,372,4
24131,2,373,4
24132,2,374,4
24133,2,375,4
24134,2,376,4
24135,2,377,4
24136,2,378,4
24137,2,379,4
24138,2,380,4
24139,2,381,4
24140,2,382,4
24141,2,383,4
24142,2,384,4
24143,2,385,4
24144,2,386,4
24145,2,387,4
24146,2,388,4
24147,2,389,4
24148,2,390,4
24149,2,391,4
24150,2,392,4
24151,2,393,4
24152,2,394,4
24153,2,395,4
24154,2,396,4
24155,2,397,4
24156,2,398,4
24157,2,399,4
24158,2,400,4
24159,2,401,4
24160,2,402,4
24161,2,403,4
24162,2,404,4
24163,2,405,4
24164,2,406,4
24165,2,407,4
24166,2,408,4
24167,2,409,4
24168,2,410,4
24169,2,411,4
24170,2,412,4
24171,2,413,4
24172,2,414,4
24173,2,415,4
24174,2,416,4
24175,2,417,4
24176,2,418,4
24177,2,419,4
24178,2,420,4
24179,2,421,4
24180,2,422,4
24181,2,423,4
24182,2,424,4
24183,2,425,4
24184,2,426,4
24185,2,427,4
24186,2,428,4
24187,2,429,4
24188,2,430,4
24189,2,431,4
24190,2,432,4
24191,2,433,4
24192,2,434,4
24193,2,435,4
24194,2,436,4
24195,2,437,4
24196,2,438,4
24197,2,439,4
24198,2,440,4
24199,2,441,4
24200,2,442,4
24201,2,443,4
24202,2,444,4
24203,2,445,4
24204,2,446,4
24205,2,447,4
24206,2,448,4
24207,2,449,4
24208,2,450,4
24209,2,451,4
24210,2,452,4
24211,2,453,4
24212,2,454,4
24213,2,455,4
24214,2,456,4
24215,2,457,4
24216,2,458,4
24217,2,459,4
24218,2,460,4
24219,2,461,4
24220,2,462,4
24221,2,463,4
24222,2,464,4
24223,2,465,4
24224,2,466,4
24225,2,467,4
24226,2,468,4
24227,2,469,4
24228,2,470,4
24229,2,471,4
24230,2,472,4
24231,2,473,4
24232,2,474,4
24233,2,475,4
24234,2,476,4
24235,2,477,4
24236,2,478,4
24237,2,479,4
24238,2,480,4
24239,2,481,4
24240,2,482,4
24241,2,483,4
24242,2,484,4
24243,2,485,4
24244,2,486,4
24245,2,487,4
24246,2,488,4
24247,2,489,4
24248,2,490,4
24249,2,491,4
24250,2,492,4
24251,2,493,4
24252,2,494,4
24253,2,495,4
24254,2,496,4
24255,2,497,4
24256,2,498,4
24257,2,499,4
24258,2,500,4
24259,2,501,4
24260,2,502,4
24261,2,503,4
24262,2,504,4
24263,2,505,4
24264,2,506,4
24265,2,507,4
24266,2,508,4
24267,2,509,4
24268,2,510,4
24269,2,511,4
24270,2,512,4
24271,2,513,4
24272,2,514,4
24273,2,515,4
24274,2,516,4
24275,2,517,4
24276,2,518,4
24277,2,519,4
24278,2,520,4
24279,2,521,4
24280,2,522,4
24281,2,523,4
24282,2,524,4
24283,2,525,4
24284,2,526,4
24285,2,527,4
24286,2,528,4
24287,2,529,4
24288,2,530,4
24289,2,531,4
24290,2,532,4
24291,2,533,4
24292,2,534,4
24293,2,535,4
24294,2,536,4
24295,2,537,4
24296,2,538,4
24297,2,539,4
24298,2,540,4
24299,2,541,4
24300,2,542,4
24301,2,543,4
24302,2,544,4
24303,2,545,4
24304,2,546,4
24305,2,547,4
24306,2,548,4
24307,2,549,4
24308,2,550,4
24309,2,551,4
24310,2,552,4
24311,2,553,4
24312,2,554,4
24313,2,555,4
24314,2,556,4
24315,2,557,4
24316,2,558,4
24317,2,559,4
24318,2,560,4
24319,2,561,4
24320,2,562,4
24321,2,563,4
24322,2,564,4
24323,2,565,4
24324,2,566,4
24325,2,567,4
24326,2,568,4
24327,2,569,4
24328,2,570,4
24329,2,571,4
24330,2,572,4
24331,2,573,4
24332,2,574,4
24333,2,575,4
24334,2,576,4
24335,2,577,4
24336,2,578,4
24337,2,579,4
24338,2,580,4
24339,2,581,4
24340,2,582,4
24341,2,583,4
24342,2,584,4
24343,2,585,4
24344,2,586,4
24345,2,587,4
24346,2,588,4
24347,2,589,4
24348,2,590,4
24349,2,591,4
24350,2,592,4
24351,2,593,4
24352,2,594,4
24353,2,595,4
24354,2,596,4
24355,2,597,4
24356,2,598,4
24357,2,599,4
24358,2,600,4
24359,2,601,4
24360,2,602,4
24361,2,603,4
24362,2,604,4
24363,2,605,4
24364,2,606,4
24365,2,607,4
24366,2,608,4
24367,2,609,4
24368,2,610,4
24369,2,611,4
24370,2,612,4
24371,2,613,4
24372,2,614,4
24373,2,615,4
24374,2,616,4
24375,2,617,4
24376,2,618,4
24377,2,619,4
24378,2,620,4
24379,2,621,4
24380,2,622,4
24381,2,623,4
24382,2,624,4
24383,2,625,4
24384,2,626,4
24385,2,627,4
24386,2,628,4
24387,2,629,4
24388,2,630,4
24389,2,631,4
24390,2,632,4
24391,2,633,4
24392,2,634,4
24393,2,635,4
24394,2,636,4
24395,2,637,4
24396,2,638,4
24397,2,639,4
24398,2,640,4
24399,2,641,4
24400,2,642,4
24401,2,643,4
24402,2,644,4
24403,2,645,4
24404,2,646,4
24405,2,647,4
24406,2,648,4
24407,2,649,4
24408,2,650,4
24409,2,651,4
24410,2,652,4
24411,2,653,4
24412,2,654,4
24413,2,655,4
24414,2,656,4
24415,2,657,4
24416,2,658,4
24417,2,659,4
24418,2,660,4
24419,2,661,4
24420,2,662,4
24421,2,663,4
24422,2,664,4
24423,2,665,4
24424,2,666,4
24425,2,667,4
24426,2,668,4
24427,2,669,4
24428,2,670,4
24429,2,671,4
24430,2,672,4
24431,2,673,4
24432,2,674,4
24433,2,675,4
24434,2,676,4
24435,2,677,4
24436,2,678,4
24437,2,679,4
24438,2,680,4
24439,2,681,4
24440,2,682,4
24441,2,683,4
24442,2,684,4
24443,2,685,4
24444,2,686,4
24445,2,687,4
24446,2,688,4
24447,2,689,4
24448,2,690,4
24449,2,691,4
24450,2,692,4
24451,2,693,4
24452,2,694,4
24453,2,695,4
24454,2,696,4
24455,2,697,4
24456,2,698,4
24457,2,699,4
24458,2,700,4
24459,2,701,4
24460,2,702,4
24461,2,703,4
24462,2,704,4
24463,2,705,4
24464,2,706,4
24465,2,707,4
24466,2,708,4
24467,2,709,4
24468,2,710,4
24469,2,711,4
24470,2,712,4
24471,2,713,4
24472,2,714,4
24473,2,715,4
24474,2,716,4
24475,2,717,4
24476,2,718,4
24477,2,719,4
24478,2,720,4
24479,2,721,4
24480,2,722,4
24481,2,723,4
24482,2,724,4
24483,2,725,4
24484,2,726,4
24485,2,727,4
24486,2,728,4
24487,2,729,4
24488,2,730,4
24489,2,731,4
24490,2,732,4
24491,2,733,4
24492,2,734,4
24493,2,735,4
24494,2,736,4
24495,2,737,4
24496,2,738,4
24497,2,739,4
24498,2,740,4
24499,2,741,4
24500,2,742,4
24501,2,743,4
24502,2,744,4
24503,2,745,4
24504,2,746,4
24505,2,747,4
24506,2,748,4
24507,2,749,4
24508,2,750,4
24509,2,751,4
24510,2,752,4
24511,2,753,4
24512,2,754,4
24513,2,755,4
24514,2,756,4
24515,2,757,4
24516,2,758,4
24517,2,759,4
24518,2,760,4
24519,2,761,4
24520,2,762,4
24521,2,763,4
24522,2,764,4
24523,2,765,4
24524,2,766,4
24525,2,767,4
24526,2,768,4
24527,2,769,4
24528,2,770,4
24529,2,771,4
24530,2,772,4
24531,2,773,4
24532,2,774,4
24533,2,775,4
24534,2,776,4
24535,2,777,4
24536,2,778,4
24537,2,779,4
24538,2,780,4
24539,2,781,4
24540,2,782,4
24541,2,783,4
24542,2,784,4
24543,2,785,4
24544,2,786,4
24545,2,787,4
24546,2,788,4
24547,2,789,4
24548,2,790,4
24549,2,791,4
24550,2,792,4
24551,2,793,4
24552,2,794,4
24553,2,795,4
24554,2,796,4
24555,2,797,4
24556,2,798,4
24557,2,799,4
24558,2,800,4
24559,2,801,4
24560,2,802,4
24561,2,803,4
24562,2,804,4
24563,2,805,4
24564,2,806,4
24565,2,807,4
24566,2,808,4
24567,2,809,4
24568,2,810,4
24569,2,811,4
24570,2,812,4
24571,2,813,4
24572,2,814,4
24573,2,815,4
24574,2,816,4
24575,2,817,4
24576,2,818,4
24577,2,819,4
24578,2,820,4
24579,2,821,4
24580,2,822,4
24581,2,823,4
24582,2,824,4
24583,2,825,4
24584,2,826,4
24585,2,827,4
24586,2,828,4
24587,2,829,4
24588,2,830,4
24589,2,831,4
24590,2,832,4
24591,2,833,4
24592,2,834,4
24593,2,835,4
24594,2,836,4
24595,2,837,4
24596,2,838,4
24597,2,839,4
24598,2,840,4
24599,2,841,4
24600,2,842,4
24601,2,843,4
24602,2,844,4
24603,2,845,4
24604,2,846,4
24605,2,847,4
24606,2,848,4
24607,2,849,4
24608,2,850,4
24609,2,851,4
24610,2,852,4
24611,2,853,4
24612,2,854,4
24613,2,855,4
24614,2,856,4
24615,2,857,4
24616,2,858,4
24617,2,859,4
24618,2,860,4
24619,2,861,4
24620,2,862,4
24621,2,863,4
24622,2,864,4
24623,2,865,4
24624,2,866,4
24625,2,867,4
24626,2,868,4
24627,2,869,4
24628,2,870,4
24629,2,871,4
24630,2,872,4
24631,2,873,4
24632,2,874,4
24633,2,875,4
24634,2,876,4
24635,2,877,4
24636,2,878,4
24637,2,879,4
24638,2,880,4
24639,2,881,4
24640,2,882,4
24641,2,883,4
24642,2,884,4
24643,2,885,4
24644,2,886,4
24645,2,887,4
24646,2,888,4
24647,2,889,4
24648,2,890,4
24649,2,891,4
24650,2,892,4
24651,2,893,4
24652,2,894,4
24653,2,895,4
24654,2,896,4
24655,2,897,4
24656,2,898,4
24657,2,899,4
24658,2,900,4
24659,2,901,4
24660,2,902,4
24661,2,903,4
24662,2,904,4
24663,2,905,4
24664,2,906,4
24665,2,907,4
24666,2,908,4
24667,2,909,4
24668,2,910,4
24669,2,911,4
24670,2,912,4
24671,2,913,4
24672,2,914,4
24673,2,915,4
24674,2,916,4
24675,2,917,4
24676,2,918,4
24677,2,919,4
24678,2,920,4
24679,2,921,4
24680,2,922,4
24681,2,923,4
24682,2,924,4
24683,2,925,4
24684,2,926,4
24685,2,927,4
24686,2,928,4
24687,2,929,4
24688,2,930,4
24689,2,931,4
24690,2,932,4
24691,2,933,4
24692,2,934,4
24693,2,935,4
24694,2,936,4
24695,2,937,4
24696,2,938,4
24697,2,939,4
24698,2,940,4
24699,2,941,4
24700,2,942,4
24701,2,943,4
24702,2,944,4
24703,2,945,4
24704,2,946,4
24705,2,947,4
24706,2,948,4
24707,2,949,4
24708,2,950,4
24709,2,951,4
24710,2,952,4
24711,2,953,4
24712,2,954,4
24713,2,955,4
24714,2,956,4
24715,2,957,4
24716,2,958,4
24717,2,959,4
24718,2,960,4
24719,2,961,4
24720,2,962,4
24721,2,963,4
24722,2,964,4
24723,2,965,4
24724,2,966,4
24725,2,967,4
24726,2,968,4
24727,2,969,4
24728,2,970,4
24729,2,971,4
24730,2,972,4
24731,2,973,4
24732,2,974,4
24733,2,975,4
24734,2,976,4
24735,2,977,4
24736,2,978,4
24737,2,979,4
24738,2,980,4
24739,2,981,4
24740,2,982,4
24741,2,983,4
24742,2,984,4
24743,2,985,4
24744,2,986,4
24745,2,987,4
24746,2,988,4
24747,2,989,4
24748,2,990,4
24749,2,991,4
24750,2,992,4
24751,2,993,4
24752,2,994,4
24753,2,995,4
24754,2,996,4
24755,2,997,4
24756,2,998,4
24757,2,999,4
24758,2,1000,4
24759,2,1001,4
24760,2,1002,4
24761,2,1003,4
24762,2,1004,4
24763,2,1005,4
24764,2,1006,4
24765,2,1007,4
24766,2,1008,4
24767,2,1009,4
24768,2,1010,4
24769,2,1011,4
24770,2,1012,4
24771,2,1013,4
24772,2,1014,4
24773,2,1015,4
24774,2,1016,4
24775,2,1017,4
24776,2,1018,4
24777,2,1019,4
24778,2,1020,4
24779,2,1021,4
24780,2,1022,4
24781,2,1023,4
24782,2,1024,4
24783,2,1025,4
24784,2,1026,4
24785,2,1027,4
24786,2,1028,4
24787,2,1029,4
24788,2,1030,4
24789,2,1031,4
24790,2,1032,4
24791,2,1033,4
24792,2,1034,4
24793,2,1035,4
24794,2,1036,4
24795,2,1037,4
24796,2,1038,4
24797,2,1039,4
24798,2,1040,4
24799,2,1041,4
24800,2,1042,4
24801,2,1043,4
24802,2,1044,4
24803,2,1045,4
24804,2,1046,4
24805,2,1047,4
24806,2,1048,4
24807,2,1049,4
24808,2,1050,4
24809,2,1051,4
24810,2,1052,4
24811,2,1053,4
24812,2,1054,4
24813,2,1055,4
24814,2,1056,4
24815,2,1057,4
24816,2,1058,4
24817,2,1059,4
24818,2,1060,4
24819,2,1061,4
24820,2,1062,4
24821,2,1063,4
24822,2,1064,4
24823,2,1065,4
24824,2,1066,4
24825,2,1067,4
24826,2,1068,4
24827,2,1069,4
24828,2,1070,4
24829,2,1071,4
24830,2,1072,4
24831,2,1073,4
24832,2,1074,4
24833,2,1075,4
24834,2,1076,4
24835,2,1077,4
24836,2,1078,4
24837,2,1079,4
24838,2,1080,4
24839,2,1081,4
24840,2,1082,4
24841,2,1083,4
24842,2,1084,4
24843,2,1085,4
24844,2,1086,4
24845,2,1087,4
24846,2,1088,4
24847,2,1089,4
24848,2,1090,4
24849,2,1091,4
24850,2,1092,4
24851,2,1093,4
24852,2,1094,4
24853,2,1095,4
24854,2,1096,4
24855,2,1097,4
24856,2,1098,4
24857,2,1099,4
24858,2,1100,4
24859,2,1101,4
24860,2,1102,4
24861,2,1103,4
24862,2,1104,4
24863,2,1105,4
24864,2,1106,4
24865,2,1107,4
24866,2,1108,4
24867,2,1109,4
24868,2,1110,4
24869,2,1111,4
24870,2,1112,4
24871,2,1113,4
24872,2,1114,4
24873,2,1115,4
24874,2,1116,4
24875,2,1117,4
24876,2,1118,4
24877,2,1119,4
24878,2,1120,4
24879,2,1121,4
24880,2,1122,4
24881,2,1123,4
24882,2,1124,4
24883,2,1125,4
24884,2,1126,4
24885,2,1127,4
24886,2,1128,4
24887,2,1129,4
24888,2,1130,4
24889,2,1131,4
24890,2,1132,4
24891,2,1133,4
24892,2,1134,4
24893,2,1135,4
24894,2,1136,4
24895,2,1137,4
24896,2,1138,4
24897,2,1139,4
24898,2,1140,4
24899,2,1141,4
24900,2,1142,4
24901,2,1143,4
24902,2,1144,4
24903,2,1145,4
24904,2,1146,4
24905,2,1147,4
24906,2,1148,4
24907,2,1149,4
24908,2,1150,4
24909,2,1151,4
24910,2,1152,4
24911,2,1153,4
24912,2,1154,4
24913,2,1155,4
24914,2,1156,4
24915,2,1157,4
24916,2,1158,4
24917,2,1159,4
24918,2,1160,4
24919,2,1161,4
24920,2,1162,4
24921,2,1163,4
24922,2,1164,4
24923,2,1165,4
24924,2,1166,4
24925,2,1167,4
24926,2,1168,4
24927,2,1169,4
24928,2,1170,4
24929,2,1171,4
24930,2,1172,4
24931,2,1173,4
24932,2,1174,4
24933,2,1175,4
24934,2,1176,4
24935,2,1177,4
24936,2,1178,4
24937,2,1179,4
24938,2,1180,4
24939,2,1181,4
24940,2,1182,4
24941,2,1183,4
24942,2,1184,4
24943,2,1185,4
24944,2,1186,4
24945,2,1187,4
24946,2,1188,4
24947,2,1189,4
24948,2,1190,4
24949,2,1191,4
24950,2,1192,4
24951,2,1193,4
24952,2,1194,4
24953,2,1195,4
24954,2,1196,4
24955,2,1197,4
24956,2,1198,4
24957,2,1199,4
24958,2,1200,4
24959,2,1201,4
24960,2,1202,4
24961,2,1203,4
24962,2,1204,4
24963,2,1205,4
24964,2,1206,4
24965,2,1207,4
24966,2,1208,4
24967,2,1209,4
24968,2,1210,4
24969,2,1211,4
24970,2,1212,4
24971,2,1213,4
24972,2,1214,4
24973,2,1215,4
24974,2,1216,4
24975,2,1217,4
24976,2,1218,4
24977,2,1219,4
24978,2,1220,4
24979,2,1221,4
24980,2,1222,4
24981,2,1223,4
24982,2,1224,4
24983,2,1225,4
24984,2,1226,4
24985,2,1227,4
24986,2,1228,4
24987,2,1229,4
24988,2,1230,4
24989,2,1231,4
24990,2,1232,4
24991,2,1233,4
24992,2,1234,4
24993,2,1235,4
24994,2,1236,4
24995,2,1237,4
24996,2,1238,4
24997,2,1239,4
24998,2,1240,4
24999,2,1241,4
25000,2,1242,4
25001,2,1243,4
25002,2,1244,4
25003,2,1245,4
25004,2,1246,4
25005,2,1247,4
25006,2,1248,4
25007,2,1249,4
25008,2,1250,4
25009,2,1251,4
25010,2,1252,4
25011,2,1253,4
25012,2,1254,4
25013,2,1255,4
25014,2,1256,4
25015,2,1257,4
25016,2,1258,4
25017,2,1259,4
25018,2,1260,4
25019,2,1261,4
25020,2,1262,4
25021,2,1263,4
25022,2,1264,4
25023,2,1265,4
25024,2,1266,4
25025,2,1267,4
25026,2,1268,4
25027,2,1269,4
25028,2,1270,4
25029,2,1271,4
25030,2,1272,4
25031,2,1273,4
25032,2,1274,4
25033,2,1275,4
25034,2,1276,4
25035,2,1277,4
25036,2,1278,4
25037,2,1279,4
25038,2,1280,4
25039,2,1281,4
25040,2,1282,4
25041,2,1283,4
25042,2,1284,4
25043,2,1285,4
25044,2,1286,4
25045,2,1287,4
25046,2,1288,4
25047,2,1289,4
25048,2,1290,4
25049,2,1291,4
25050,2,1292,4
25051,2,1293,4
25052,2,1294,4
25053,2,1295,4
25054,2,1296,4
25055,2,1297,4
25056,2,1298,4
25057,2,1299,4
25058,2,1300,4
25059,2,1301,4
25060,2,1302,4
25061,2,1303,4
25062,2,1304,4
25063,2,1305,4
25064,2,1306,4
25065,2,1307,4
25066,2,1308,4
25067,2,1309,4
25068,2,1310,4
25069,2,1311,4
25070,2,1312,4
25071,2,1313,4
25072,2,1314,4
25073,2,1315,4
25074,2,1316,4
25075,2,1317,4
25076,2,1318,4
25077,2,1319,4
25078,2,1320,4
25079,2,1321,4
25080,2,1322,4
25081,2,1323,4
25082,2,1324,4
25083,2,1325,4
25084,2,1326,4
25085,2,1327,4
25086,2,1328,4
25087,2,1329,4
25088,2,1330,4
25089,2,1331,4
25090,2,1332,4
25091,2,1333,4
25092,2,1334,4
25093,2,1335,4
25094,2,1336,4
25095,2,1337,4
25096,2,1338,4
25097,2,1339,4
25098,2,1340,4
25099,2,1341,4
25100,2,1342,4
25101,2,1343,4
25102,2,1344,4
25103,2,1345,4
25104,2,1346,4
25105,2,1347,4
25106,2,1348,4
25107,2,1349,4
25108,2,1350,4
25109,2,1351,4
25110,2,1352,4
25111,2,1353,4
25112,2,1354,4
25113,2,1355,4
25114,2,1356,4
25115,2,1357,4
25116,2,1358,4
25117,2,1359,4
25118,2,1360,4
25119,2,1361,4
25120,2,1362,4
25121,2,1363,4
25122,2,1364,4
25123,2,1365,4
25124,2,1366,4
25125,2,1367,4
25126,2,1368,4
25127,2,1369,4
25128,2,1370,4
25129,2,1371,4
25130,2,1372,4
25131,2,1373,4
25132,2,1374,4
25133,2,1375,4
25134,2,1376,4
25135,2,1377,4
25136,2,1378,4
25137,2,1379,4
25138,2,1380,4
25139,2,1381,4
25140,2,1382,4
25141,2,1383,4
25142,2,1384,4
25143,2,1385,4
25144,2,1386,4
25145,2,1387,4
25146,2,1388,4
25147,2,1389,4
25148,2,1390,4
25149,2,1391,4
25150,2,1392,4
25151,2,1393,4
25152,2,1394,4
25153,2,1395,4
25154,2,1396,4
25155,2,1397,4
25156,2,1398,4
25157,2,1399,4
25158,2,1400,4
25159,2,1401,4
25160,2,1402,4
25161,2,1403,4
25162,2,1404,4
25163,2,1405,4
25164,2,1406,4
25165,2,1407,4
25166,2,1408,4
25167,2,1409,4
25168,2,1410,4
25169,2,1411,4
25170,2,1412,4
25171,2,1413,4
25172,2,1414,4
25173,2,1415,4
25174,2,1416,4
25175,2,1417,4
25176,2,1418,4
25177,2,1419,4
25178,2,1420,4
25179,2,1421,4
25180,2,1422,4
25181,2,1423,4
25182,2,1424,4
25183,2,1425,4
25184,2,1426,4
25185,2,1427,4
25186,2,1428,4
25187,2,1429,4
25188,2,1430,4
25189,2,1431,4
25190,2,1432,4
25191,2,1433,4
25192,2,1434,4
25193,2,1435,4
25194,2,1436,4
25195,2,1437,4
25196,2,1438,4
25197,2,1439,4
25198,2,1440,4
25199,2,1441,4
25200,2,1442,4
25201,2,1443,4
25202,2,1444,4
25203,2,1445,4
25204,2,1446,4
25205,2,1447,4
25206,2,1448,4
25207,2,1449,4
25208,2,1450,4
25209,2,1451,4
25210,2,1452,4
25211,2,1453,4
25212,2,1454,4
25213,2,1455,4
25214,2,1456,4
25215,2,1457,4
25216,2,1458,4
25217,2,1459,4
25218,2,1460,4
25219,2,1461,4
25220,2,1462,4
25221,2,1463,4
25222,2,1464,4
25223,2,1465,4
25224,2,1466,4
25225,2,1467,4
25226,2,1468,4
25227,2,1469,4
25228,2,1470,4
25229,2,1471,4
25230,2,1472,4
25231,2,1473,4
25232,2,1474,4
25233,2,1475,4
25234,2,1476,4
25235,2,1477,4
25236,2,1478,4
25237,2,1479,4
25238,2,1480,4
25239,2,1481,4
25240,2,1482,4
25241,2,1483,4
25242,2,1484,4
25243,2,1485,4
25244,2,1486,4
25245,2,1487,4
25246,2,1488,4
25247,2,1489,4
25248,2,1490,4
25249,2,1491,4
25250,2,1492,4
25251,2,1493,4
25252,2,1494,4
25253,2,1495,4
25254,2,1496,4
25255,2,1497,4
25256,2,1498,4
25257,2,1499,4
25258,2,1500,4
25259,2,1501,4
25260,2,1502,4
25261,2,1503,4
25262,2,1504,4
25263,2,1505,4
25264,2,1506,4
25265,2,1507,4
25266,2,1508,4
25267,2,1509,4
25268,2,1510,4
25269,2,1511,4
25270,2,1512,4
25271,2,1513,4
25272,2,1514,4
25273,2,1515,4
25274,2,1516,4
25275,2,1517,4
25276,2,1518,4
25277,2,1519,4
25278,2,1520,4
25279,2,1521,4
25280,2,1522,4
25281,2,1523,4
25282,2,1524,4
25283,2,1525,4
25284,2,1526,4
25285,2,1527,4
25286,2,1528,4
25287,2,1529,4
25288,2,1530,4
25289,2,1531,4
25290,2,1532,4
25291,2,1533,4
25292,2,1534,4
25293,2,1535,4
25294,2,1536,4
25295,2,1537,4
25296,2,1538,4
25297,2,1539,4
25298,2,1540,4
25299,2,1541,4
25300,2,1542,4
25301,2,1543,4
25302,2,1544,4
25303,2,1545,4
25304,2,1546,4
25305,2,1547,4
25306,2,1548,4
25307,2,1549,4
25308,2,1550,4
25309,2,1551,4
25310,2,1552,4
25311,2,1553,4
25312,2,1554,4
25313,2,1555,4
25314,2,1556,4
25315,2,1557,4
25316,2,1558,4
25317,2,1559,4
25318,2,1560,4
25319,2,1561,4
25320,2,1562,4
25321,2,1563,4
25322,2,1564,4
25323,2,1565,4
25324,2,1566,4
25325,2,1567,4
25326,2,1568,4
25327,2,1569,4
25328,2,1570,4
25329,2,1571,4
25330,2,1572,4
25331,2,1573,4
25332,2,1574,4
25333,2,1575,4
25334,2,1576,4
25335,2,1577,4
25336,2,1578,4
25337,2,1579,4
25338,2,1580,4
25339,2,1581,4
25340,2,1582,4
25341,2,1583,4
25342,2,1584,4
25343,2,1585,4
25344,2,1586,4
25345,2,1587,4
25346,2,1588,4
25347,2,1589,4
25348,2,1590,4
25349,2,1591,4
25350,2,1592,4
25351,2,1593,4
25352,2,1594,4
25353,2,1595,4
25354,2,1596,4
25355,2,1597,4
25356,2,1598,4
25357,2,1599,4
25358,2,1600,4
25359,2,1601,4
25360,2,1602,4
25361,2,1603,4
25362,2,1604,4
25363,2,1605,4
25364,2,1606,4
25365,2,1607,4
25366,2,1608,4
25367,2,1609,4
25368,2,1610,4
25369,2,1611,4
25370,2,1612,4
25371,2,1613,4
25372,2,1614,4
25373,2,1615,4
25374,2,1616,4
25375,2,1617,4
25376,2,1618,4
25377,2,1619,4
25378,2,1620,4
25379,2,1621,4
25380,2,1622,4
25381,2,1623,4
25382,2,1624,4
25383,2,1625,4
25384,2,1626,4
25385,2,1627,4
25386,2,1628,4
25387,2,1629,4
25388,2,1630,4
25389,2,1631,4
25390,2,1632,4
25391,2,1633,4
25392,2,1634,4
25393,2,1635,4
25394,2,1636,4
25395,2,1637,4
25396,2,1638,4
25397,2,1639,4
25398,2,1640,4
25399,2,1641,4
25400,2,1642,4
25401,2,1643,4
25402,2,1644,4
25403,2,1645,4
25404,2,1646,4
25405,2,1647,4
25406,2,1648,4
25407,2,1649,4
25408,2,1650,4
25409,2,1651,4
25410,2,1652,4
25411,2,1653,4
25412,2,1654,4
25413,2,1655,4
25414,2,1656,4
25415,2,1657,4
25416,2,1658,4
25417,2,1659,4
25418,2,1660,4
25419,2,1661,4
25420,2,1662,4
25421,2,1663,4
25422,2,1664,4
25423,2,1665,4
25424,2,1666,4
25425,2,1667,4
25426,2,1668,4
25427,2,1669,4
25428,2,1670,4
25429,2,1671,4
25430,2,1672,4
25431,2,1673,4
25432,2,1674,4
25433,2,1675,4
25434,2,1676,4
25435,2,1677,4
25436,2,1678,4
25437,2,1679,4
25438,2,1680,4
25439,2,1681,4
25440,2,1682,4
25441,2,1683,4
25442,2,1684,4
25443,2,1685,4
25444,2,1686,4
25445,2,1687,4
25446,2,1688,4
25447,2,1689,4
25448,2,1690,4
25449,2,1691,4
25450,2,1692,4
25451,2,1693,4
25452,2,1694,4
25453,2,1695,4
25454,2,1696,4
25455,2,1697,4
25456,2,1698,4
25457,2,1699,4
25458,2,1700,4
25459,2,1701,4
25460,2,1702,4
25461,2,1703,4
25462,2,1704,4
25463,2,1705,4
25464,2,1706,4
25465,2,1707,4
25466,2,1708,4
25467,2,1709,4
25468,2,1710,4
25469,2,1711,4
25470,2,1712,4
25471,2,1713,4
25472,2,1714,4
25473,2,1715,4
25474,2,1716,4
25475,2,1717,4
25476,2,1718,4
25477,2,1719,4
25478,2,1720,4
25479,2,1721,4
25480,2,1722,4
25481,2,1723,4
25482,2,1724,4
25483,2,1725,4
25484,2,1726,4
25485,2,1727,4
25486,2,1728,4
25487,2,1729,4
25488,2,1730,4
25489,2,1731,4
25490,2,1732,4
25491,2,1733,4
25492,2,1734,4
25493,2,1735,4
25494,2,1736,4
25495,2,1737,4
25496,2,1738,4
25497,2,1739,4
25498,2,1740,4
25499,2,1741,4
25500,2,1742,4
25501,2,1743,4
25502,2,1744,4
25503,2,1745,4
25504,2,1746,4
25505,2,1747,4
25506,2,1748,4
25507,2,1749,4
25508,2,1750,4
25509,2,1751,4
25510,2,1752,4
25511,2,1753,4
25512,2,1754,4
25513,2,1755,4
25514,2,1756,4
25515,2,1757,4
25516,2,1758,4
25517,2,1759,4
25518,2,1760,4
25519,2,1761,4
25520,2,1762,4
25521,2,1763,4
25522,2,1764,4
25523,2,1765,4
25524,2,1766,4
25525,2,1767,4
25526,2,1768,4
25527,2,1769,4
25528,2,1770,4
25529,2,1771,4
25530,2,1772,4
25531,2,1773,4
25532,2,1774,4
25533,2,1775,4
25534,2,1776,4
25535,2,1777,4
25536,2,1778,4
25537,2,1779,4
25538,2,1780,4
25539,2,1781,4
25540,2,1782,4
25541,2,1783,4
25542,2,1784,4
25543,2,1785,4
25544,2,1786,4
25545,2,1787,4
25546,2,1788,4
25547,2,1789,4
25548,2,1790,4
25549,2,1791,4
25550,2,1792,4
25551,2,1793,4
25552,2,1794,4
25553,2,1795,4
25554,2,1796,4
25555,2,1797,4
25556,2,1798,4
25557,2,1799,4
25558,2,1800,4
25559,2,1801,4
25560,2,1802,4
25561,2,1803,4
25562,2,1804,4
25563,2,1805,4
25564,2,1806,4
25565,2,1807,4
25566,2,1808,4
25567,2,1809,4
25568,2,1810,4
25569,2,1811,4
25570,2,1812,4
25571,2,1813,4
25572,2,1814,4
25573,2,1815,4
25574,2,1816,4
25575,2,1817,4
25576,2,1818,4
25577,2,1819,4
25578,2,1820,4
25579,2,1821,4
25580,2,1822,4
25581,2,1823,4
25582,2,1824,4
25583,2,1825,4
25584,2,1826,4
25585,2,1827,4
25586,2,1828,4
25587,2,1829,4
25588,2,1830,4
25589,2,1831,4
25590,2,1832,4
25591,2,1833,4
25592,2,1834,4
25593,2,1835,4
25594,2,1836,4
25595,2,1837,4
25596,2,1838,4
25597,2,1839,4
25598,2,1840,4
25599,2,1841,4
25600,2,1842,5
25601,2,1843,5
25602,2,1844,5
25603,2,1845,5
25604,2,1846,5
25605,2,1847,5
25606,2,1848,5
25607,2,1849,5
25608,2,1850,5
25609,2,1851,5
25610,2,1852,5
25611,2,1853,5
25612,2,1854,5
25613,2,1855,5
25614,2,1856,5
25615,2,1857,5
25616,2,1858,5
25617,2,1859,5
25618,2,1860,5
25619,2,1861,5
25620,2,1862,5
25621,2,1863,5
25622,2,1864,5
25623,2,1865,5
25624,2,1866,5
25625,2,1867,5
25626,2,1868,5
25627,2,1869,5
25628,2,1870,5
25629,2,1871,5
25630,2,1872,5
25631,2,1873,5
25632,2,1874,5
25633,2,1875,5
25634,2,1876,5
25635,2,1877,5
25636,2,1878,5
25637,2,1879,5
25638,2,1880,5
25639,2,1881,5
25640,2,1882,5
25641,2,1883,5
25642,2,1884,5
25643,2,1885,5
25644,2,1886,5
25645,2,1887,5
25646,2,1888,5
25647,2,1889,5
25648,2,1890,5
25649,2,1891,5
25650,2,1892,5
25651,2,1893,5
25652,2,1894,5
25653,2,1895,5
25654,2,1896,5
25655,2,1897,5
25656,2,1898,5
25657,2,1899,5
25658,2,1900,5
25659,2,1901,5
25660,2,1902,5
25661,2,1903,5
25662,2,1904,5
25663,2,1905,5
25664,2,1906,5
25665,2,1907,5
25666,2,1908,5
25667,2,1909,5
25668,2,1910,5
25669,2,1911,5
25670,2,1912,5
25671,2,1913,5
25672,2,1914,5
25673,2,1915,5
25674,2,1916,5
25675,2,1917,5
25676,2,1918,5
25677,2,1919,5
25678,2,1920,5
25679,2,1921,5
25680,2,1922,5
25681,2,1923,5
25682,2,1924,5
25683,2,1925,5
25684,2,1926,5
25685,2,1927,5
25686,2,1928,5
25687,2,1929,5
25688,2,1930,5
25689,2,1931,5
25690,2,1932,5
25691,2,1933,5
25692,2,1934,5
25693,2,1935,5
25694,2,1936,5
25695,2,1937,5
25696,2,1938,5
25697,2,1939,5
25698,2,1940,5
25699,2,1941,5
25700,2,1942,5
25701,2,1943,5
25702,2,1944,5
25703,2,1945,5
25704,2,1946,5
25705,2,1947,5
25706,2,1948,5
25707,2,1949,5
25708,2,1950,5
25709,2,1951,5
25710,2,1952,5
25711,2,1953,5
25712,2,1954,5
25713,2,1955,5
25714,2,1956,5
25715,2,1957,5
25716,2,1958,5
25717,2,1959,5
25718,2,1960,5
25719,2,1961,5
25720,2,1962,5
25721,2,1963,5
25722,2,1964,5
25723,2,1965,5
25724,2,1966,5
25725,2,1967,5
25726,2,1968,5
25727,2,1969,5
25728,2,1970,5
25729,2,1971,5
25730,2,1972,5
25731,2,1973,5
25732,2,1974,5
25733,2,1975,5
25734,2,1976,5
25735,2,1977,5
25736,2,1978,5
25737,2,1979,5
25738,2,1980,5
25739,2,1981,5
25740,2,1982,5
25741,2,1983,5
25742,2,1984,5
25743,2,1985,5
25744,2,1986,5
25745,2,1987,5
25746,2,1988,5
25747,2,1989,5
25748,2,1990,5
25749,2,1991,5
25750,2,1992,5
25751,2,1993,5
25752,2,1994,5
25753,2,1995,5
25754,2,1996,5
25755,2,1997,5
25756,2,1998,5
25757,2,1999,5
25758,2,2000,5
25759,2,2001,5
25760,2,2002,5
25761,2,2003,5
25762,2,2004,5
25763,2,2005,5
25764,2,2006,5
25765,2,2007,5
25766,2,2008,5
25767,2,2009,5
25768,2,2010,5
25769,2,2011,5
25770,2,2012,5
25771,2,2013,5
25772,2,2014,5
25773,2,2015,5
25774,2,2016,5
25775,2,2017,5
25776,2,2018,5
25777,2,2019,5
25778,2,2020,5
25779,2,2021,5
25780,2,2022,5
25781,2,2023,5
25782,2,2024,5
25783,2,2025,5
25784,2,2026,5
25785,2,2027,5
25786,2,2028,5
25787,2,2029,5
25788,2,2030,5
25789,2,2031,5
25790,2,2032,5
25791,2,2033,5
25792,2,2034,5
25793,2,2035,5
25794,2,2036,5
25795,2,2037,5
25796,2,2038,5
25797,2,2039,5
25798,2,2040,5
25799,2,2041,5
25800,2,2042,5
25801,2,2043,5
25802,2,2044,5
25803,2,2045,5
25804,2,2046,5
25805,2,2047,5
25806,2,2048,5
25807,2,2049,5
25808,2,2050,5
25809,2,2051,5
25810,2,2052,5
25811,2,2053,5
25812,2,2054,5
25813,2,2055,5
25814,2,2056,5
25815,2,2057,5
25816,2,2058,5
25817,2,2059,5
25818,2,2060,5
25819,2,2061,5
25820,2,2062,5
25821,2,2063,5
25822,2,2064,5
25823,2,2065,5
25824,2,2066,5
25825,2,2067,5
25826,2,2068,5
25827,2,2069,5
25828,2,2070,5
25829,2,2071,5
25830,2,2072,5
25831,2,2073,5
25832,2,2074,5
25833,2,2075,5
25834,2,2076,5
25835,2,2077,5
25836,2,2078,5
25837,2,2079,5
25838,2,2080,5
25839,2,2081,5
25840,2,2082,5
25841,2,2083,5
25842,2,2084,5
25843,2,2085,5
25844,2,2086,5
25845,2,2087,5
25846,2,2088,5
25847,2,2089,5
25848,2,2090,5
25849,2,2091,5
25850,2,2092,5
25851,2,2093,5
25852,2,2094,5
25853,2,2095,5
25854,2,2096,5
25855,2,2097,5
25856,2,2098,5
25857,2,2099,5
25858,2,2100,5
25859,2,2101,5
25860,2,2102,5
25861,2,2103,5
25862,2,2104,5
25863,2,2105,5
25864,2,2106,5
25865,2,2107,5
25866,2,2108,5
25867,2,2109,5
25868,2,2110,5
25869,2,2111,5
25870,2,2112,5
25871,2,2113,5
25872,2,2114,5
25873,2,2115,5
25874,2,2116,5
25875,2,2117,5
25876,2,2118,5
25877,2,2119,5
25878,2,2120,5
25879,2,2121,5
25880,2,2122,5
25881,2,2123,5
25882,2,2124,5
25883,2,2125,5
25884,2,2126,5
25885,2,2127,5
25886,2,2128,5
25887,2,2129,5
25888,2,2130,5
25889,2,2131,5
25890,2,2132,5
25891,2,2133,5
25892,2,2134,5
25893,2,2135,5
25894,2,2136,5
25895,2,2137,5
25896,2,2138,5
25897,2,2139,5
25898,2,2140,5
25899,2,2141,5
25900,2,2142,5
25901,2,2143,5
25902,2,2144,5
25903,2,2145,5
25904,2,2146,5
25905,2,2147,5
25906,2,2148,5
25907,2,2149,5
25908,2,2150,5
25909,2,2151,5
25910,2,2152,5
25911,2,2153,5
25912,2,2154,5
25913,2,2155,5
25914,2,2156,5
25915,2,2157,5
25916,2,2158,5
25917,2,2159,5
25918,2,2160,5
25919,2,2161,5
25920,2,2162,5
25921,2,2163,5
25922,2,2164,5
25923,2,2165,5
25924,2,2166,5
25925,2,2167,5
25926,2,2168,5
25927,2,2169,5
25928,2,2170,5
25929,2,2171,5
25930,2,2172,5
25931,2,2173,5
25932,2,2174,5
25933,2,2175,5
25934,2,2176,5
25935,2,2177,5
25936,2,2178,5
25937,2,2179,5
25938,2,2180,5
25939,2,2181,5
25940,2,2182,5
25941,2,2183,5
25942,2,2184,5
25943,2,2185,5
25944,2,2186,5
25945,2,2187,5
25946,2,2188,5
25947,2,2189,5
25948,2,2190,5
25949,2,2191,5
25950,2,2192,5
25951,2,2193,5
25952,2,2194,5
25953,2,2195,5
25954,2,2196,5
25955,2,2197,5
25956,2,2198,5
25957,2,2199,5
25958,2,2200,5
25959,2,2201,5
25960,2,2202,5
25961,2,2203,5
25962,2,2204,5
25963,2,2205,5
25964,2,2206,5
25965,2,2207,5
25966,2,2208,5
25967,2,2209,5
25968,2,2210,5
25969,2,2211,5
25970,2,2212,5
25971,2,2213,5
25972,2,2214,5
25973,2,2215,5
25974,2,2216,5
25975,2,2217,5
25976,2,2218,5
25977,2,2219,5
25978,2,2220,5
25979,2,2221,5
25980,2,2222,5
25981,2,2223,5
25982,2,2224,5
25983,2,2225,5
25984,2,2226,5
25985,2,2227,5
25986,2,2228,5
25987,2,2229,5
25988,2,2230,5
25989,2,2231,5
25990,2,2232,5
25991,2,2233,5
25992,2,2234,5
25993,2,2235,5
25994,2,2236,5
25995,2,2237,5
25996,2,2238,5
25997,2,2239,5
25998,2,2240,5
25999,2,2241,5
26000,2,2242,5
26001,2,2243,5
26002,2,2244,5
26003,2,2245,5
26004,2,2246,5
26005,2,2247,5
26006,2,2248,5
26007,2,2249,5
26008,2,2250,5
26009,2,2251,5
26010,2,2252,5
26011,2,2253,5
26012,2,2254,5
26013,2,2255,5
26014,2,2256,5
26015,2,2257,5
26016,2,2258,5
26017,2,2259,5
26018,2,2260,5
26019,2,2261,5
26020,2,2262,5
26021,2,2263,5
26022,2,2264,5
26023,2,2265,5
26024,2,2266,5
26025,2,2267,5
26026,2,2268,5
26027,2,2269,5
26028,2,2270,5
26029,2,2271,5
26030,2,2272,5
26031,2,2273,5
26032,2,2274,5
26033,2,2275,5
26034,2,2276,5
26035,2,2277,5
26036,2,2278,5
26037,2,2279,5
26038,2,2280,5
26039,2,2281,5
26040,2,2282,5
26041,2,2283,5
26042,2,2284,5
26043,2,2285,5
26044,2,2286,5
26045,2,2287,5
26046,2,2288,5
26047,2,2289,5
26048,2,2290,5
26049,2,2291,5
26050,2,2292,5
26051,2,2293,5
26052,2,2294,5
26053,2,2295,5
26054,2,2296,5
26055,2,2297,5
26056,2,2298,5
26057,2,2299,5
26058,2,2300,5
26059,2,2301,5
26060,2,2302,5
26061,2,2303,5
26062,2,2304,5
26063,2,2305,5
26064,2,2306,5
26065,2,2307,5
26066,2,2308,5
26067,2,2309,5
26068,2,2310,5
26069,2,2311,5
26070,2,2312,5
26071,2,2313,5
26072,2,2314,5
26073,2,2315,5
26074,2,2316,5
26075,2,2317,5
26076,2,2318,5
26077,2,2319,5
26078,2,2320,5
26079,2,2321,5
26080,2,2322,5
26081,2,2323,5
26082,2,2324,5
26083,2,2325,5
26084,2,2326,5
26085,2,2327,5
26086,2,2328,5
26087,2,2329,5
26088,2,2330,5
26089,2,2331,5
26090,2,2332,5
26091,2,2333,5
26092,2,2334,5
26093,2,2335,5
26094,2,2336,5
26095,2,2337,5
26096,2,2338,5
26097,2,2339,5
26098,2,2340,5
26099,2,2341,5
26100,2,2342,5
26101,2,2343,5
26102,2,2344,5
26103,2,2345,5
26104,2,2346,5
26105,2,2347,5
26106,2,2348,5
26107,2,2349,5
26108,2,2350,5
26109,2,2351,5
26110,2,2352,5
26111,2,2353,5
26112,2,2354,5
26113,2,2355,5
26114,2,2356,5
26115,2,2357,5
26116,2,2358,5
26117,2,2359,5
26118,2,2360,5
26119,2,2361,5
26120,2,2362,5
26121,2,2363,5
26122,2,2364,5
26123,2,2365,5
26124,2,2366,5
26125,2,2367,5
26126,2,2368,5
26127,2,2369,5
26128,2,2370,5
26129,2,2371,5
26130,2,2372,5
26131,2,2373,5
26132,2,2374,5
26133,2,2375,5
26134,2,2376,5
26135,2,2377,5
26136,2,2378,5
26137,2,2379,5
26138,2,2380,5
26139,2,2381,5
26140,2,2382,5
26141,2,2383,5
26142,2,2384,5
26143,2,2385,5
26144,2,2386,5
26145,2,2387,5
26146,2,2388,5
26147,2,2389,5
26148,2,2390,5
26149,2,2391,5
26150,2,2392,5
26151,2,2393,5
26152,2,2394,5
26153,2,2395,5
26154,2,2396,5
26155,2,2397,5
26156,2,2398,5
26157,2,2399,5
26158,2,2400,5
26159,2,2401,5
26160,2,2402,5
26161,2,2403,5
26162,2,2404,5
26163,2,2405,5
26164,2,2406,5
26165,2,2407,5
26166,2,2408,5
26167,2,2409,5
26168,2,2410,5
26169,2,2411,5
26170,2,2412,5
26171,2,2413,5
26172,2,2414,5
26173,2,2415,5
26174,2,2416,5
26175,2,2417,5
26176,2,2418,5
26177,2,2419,5
26178,2,2420,5
26179,2,2421,5
26180,2,2422,5
26181,2,2423,5
26182,2,2424,5
26183,2,2425,5
26184,2,2426,5
26185,2,2427,5
26186,2,2428,5
26187,2,2429,5
26188,2,2430,5
26189,2,2431,5
26190,2,2432,5
26191,2,2433,5
26192,2,2434,5
26193,2,2435,5
26194,2,2436,5
26195,2,2437,5
26196,2,2438,5
26197,2,2439,5
26198,2,2440,5
26199,2,2441,5
26200,2,2442,5
26201,2,2443,5
26202,2,2444,5
26203,2,2445,5
26204,2,2446,5
26205,2,2447,5
26206,2,2448,5
26207,2,2449,5
26208,2,2450,5
26209,2,2451,5
26210,2,2452,5
26211,2,2453,5
26212,2,2454,5
26213,2,2455,5
26214,2,2456,5
26215,2,2457,5
26216,2,2458,5
26217,2,2459,5
26218,2,2460,5
26219,2,2461,5
26220,2,2462,5
26221,2,2463,5
26222,2,2464,5
26223,2,2465,5
26224,2,2466,5
26225,2,2467,5
26226,2,2468,5
26227,2,2469,5
26228,2,2470,5
26229,2,2471,5
26230,2,2472,5
26231,2,2473,5
26232,2,2474,5
26233,2,2475,5
26234,2,2476,5
26235,2,2477,5
26236,2,2478,5
26237,2,2479,5
26238,2,2480,5
26239,2,2481,5
26240,2,2482,5
26241,2,2483,5
26242,2,2484,5
26243,2,2485,5
26244,2,2486,5
26245,2,2487,5
26246,2,2488,5
26247,2,2489,5
26248,2,2490,5
26249,2,2491,5
26250,2,2492,5
26251,2,2493,5
26252,2,2494,5
26253,2,2495,5
26254,2,2496,5
26255,2,2497,5
26256,2,2498,5
26257,2,2499,5
26258,2,2500,5
26259,2,2501,5
26260,2,2502,5
26261,2,2503,5
26262,2,2504,5
26263,2,2505,5
26264,2,2506,5
26265,2,2507,5
26266,2,2508,5
26267,2,2509,5
26268,2,2510,5
26269,2,2511,5
26270,2,2512,5
26271,2,2513,5
26272,2,2514,5
26273,2,2515,5
26274,2,2516,5
26275,2,2517,5
26276,2,2518,5
26277,2,2519,5
26278,2,2520,5
26279,2,2521,5
26280,2,2522,5
26281,2,2523,5
26282,2,2524,5
26283,2,2525,5
26284,2,2526,5
26285,2,2527,5
26286,2,2528,5
26287,2,2529,5
26288,2,2530,5
26289,2,2531,5
26290,2,2532,5
26291,2,2533,5
26292,2,2534,5
26293,2,2535,5
26294,2,2536,5
26295,2,2537,5
26296,2,2538,5
26297,2,2539,5
26298,2,2540,5
26299,2,2541,5
26300,2,2542,5
26301,2,2543,5
26302,2,2544,5
26303,2,2545,5
26304,2,2546,5
26305,2,2547,5
26306,2,2548,5
26307,2,2549,5
26308,2,2550,5
26309,2,2551,5
26310,2,2552,5
26311,2,2553,5
26312,2,2554,5
26313,2,2555,5
26314,2,2556,5
26315,2,2557,5
26316,2,2558,5
26317,2,2559,5
26318,2,2560,5
26319,2,2561,5
26320,2,2562,5
26321,2,2563,5
26322,2,2564,5
26323,2,2565,5
26324,2,2566,5
26325,2,2567,5
26326,2,2568,5
26327,2,2569,5
26328,2,2570,5
26329,2,2571,5
26330,2,2572,5
26331,2,2573,5
26332,2,2574,5
26333,2,2575,5
26334,2,2576,5
26335,2,2577,5
26336,2,2578,5
26337,2,2579,5
26338,2,2580,5
26339,2,2581,5
26340,2,2582,5
26341,2,2583,5
26342,2,2584,5
26343,2,2585,5
26344,2,2586,5
26345,2,2587,5
26346,2,2588,5
26347,2,2589,5
26348,2,2590,5
26349,2,2591,5
26350,2,2592,5
26351,2,2593,5
26352,2,2594,5
26353,2,2595,5
26354,2,2596,5
26355,2,2597,5
26356,2,2598,5
26357,2,2599,5
26358,2,2600,5
26359,2,2601,5
26360,2,2602,5
26361,2,2603,5
26362,2,2604,5
26363,2,2605,5
26364,2,2606,5
26365,2,2607,5
26366,2,2608,5
26367,2,2609,5
26368,2,2610,5
26369,2,2611,5
26370,2,2612,5
26371,2,2613,5
26372,2,2614,5
26373,2,2615,5
26374,2,2616,5
26375,2,2617,5
26376,2,2618,5
26377,2,2619,5
26378,2,2620,5
26379,2,2621,5
26380,2,2622,5
26381,2,2623,5
26382,2,2624,5
26383,2,2625,5
26384,2,2626,5
26385,2,2627,5
26386,2,2628,5
26387,2,2629,5
26388,2,2630,5
26389,2,2631,5
26390,2,2632,5
26391,2,2633,5
26392,2,2634,5
26393,2,2635,5
26394,2,2636,5
26395,2,2637,5
26396,2,2638,5
26397,2,2639,5
26398,2,2640,5
26399,2,2641,5
26400,2,2642,5
26401,2,2643,5
26402,2,2644,5
26403,2,2645,5
26404,2,2646,5
26405,2,2647,5
26406,2,2648,5
26407,2,2649,5
26408,2,2650,5
26409,2,2651,5
26410,2,2652,5
26411,2,2653,5
26412,2,2654,5
26413,2,2655,5
26414,2,2656,5
26415,2,2657,5
26416,2,2658,5
26417,2,2659,5
26418,2,2660,5
26419,2,2661,5
26420,2,2662,5
26421,2,2663,5
26422,2,2664,5
26423,2,2665,5
26424,2,2666,5
26425,2,2667,5
26426,2,2668,5
26427,2,2669,5
26428,2,2670,5
26429,2,2671,5
26430,2,2672,5
26431,2,2673,5
26432,2,2674,5
26433,2,2675,5
26434,2,2676,5
26435,2,2677,5
26436,2,2678,5
26437,2,2679,5
26438,2,2680,5
26439,2,2681,5
26440,2,2682,5
26441,2,2683,5
26442,2,2684,5
26443,2,2685,5
26444,2,2686,5
26445,2,2687,5
26446,2,2688,5
26447,2,2689,5
26448,2,2690,5
26449,2,2691,5
26450,2,2692,5
26451,2,2693,5
26452,2,2694,5
26453,2,2695,5
26454,2,2696,5
26455,2,2697,5
26456,2,2698,5
26457,2,2699,5
26458,2,2700,5
26459,2,2701,5
26460,2,2702,5
26461,2,2703,5
26462,2,2704,5
26463,2,2705,5
26464,2,2706,5
26465,2,2707,5
26466,2,2708,5
26467,2,2709,5
26468,2,2710,5
26469,2,2711,5
26470,2,2712,5
26471,2,2713,5
26472,2,2714,5
26473,2,2715,5
26474,2,2716,5
26475,2,2717,5
26476,2,2718,5
26477,2,2719,5
26478,2,2720,5
26479,2,2721,5
26480,2,2722,5
26481,2,2723,5
26482,2,2724,5
26483,2,2725,5
26484,2,2726,5
26485,2,2727,5
26486,2,2728,5
26487,2,2729,5
26488,2,2730,5
26489,2,2731,5
26490,2,2732,5
26491,2,2733,5
26492,2,2734,5
26493,2,2735,5
26494,2,2736,5
26495,2,2737,5
26496,2,2738,5
26497,2,2739,5
26498,2,2740,5
26499,2,2741,5
26500,2,2742,5
26501,2,2743,5
26502,2,2744,5
26503,2,2745,5
26504,2,2746,5
26505,2,2747,5
26506,2,2748,5
26507,2,2749,5
26508,2,2750,5
26509,2,2751,5
26510,2,2752,5
26511,2,2753,5
26512,2,2754,5
26513,2,2755,5
26514,2,2756,5
26515,2,2757,5
26516,2,2758,5
26517,2,2759,5
26518,2,2760,5
26519,2,2761,5
26520,2,2762,5
26521,2,2763,5
26522,2,2764,5
26523,2,2765,5
26524,2,2766,5
26525,2,2767,5
26526,2,2768,5
26527,2,2769,5
26528,2,2770,5
26529,2,2771,5
26530,2,2772,5
26531,2,2773,5
26532,2,2774,5
26533,2,2775,5
26534,2,2776,5
26535,2,2777,5
26536,2,2778,5
26537,2,2779,5
26538,2,2780,5
26539,2,2781,5
26540,2,2782,5
26541,2,2783,5
26542,2,2784,5
26543,2,2785,5
26544,2,2786,5
26545,2,2787,5
26546,2,2788,5
26547,2,2789,5
26548,2,2790,5
26549,2,2791,5
26550,2,2792,5
26551,2,2793,5
26552,2,2794,5
26553,2,2795,5
26554,2,2796,5
26555,2,2797,5
26556,2,2798,5
26557,2,2799,5
26558,2,2800,5
26559,2,2801,5
26560,2,2802,5
26561,2,2803,5
26562,2,2804,5
26563,2,2805,5
26564,2,2806,5
26565,2,2807,5
26566,2,2808,5
26567,2,2809,5
26568,2,2810,5
26569,2,2811,5
26570,2,2812,5
26571,2,2813,5
26572,2,2814,5
26573,2,2815,5
26574,2,2816,5
26575,2,2817,5
26576,2,2818,5
26577,2,2819,5
26578,2,2820,5
26579,2,2821,5
26580,2,2822,5
26581,2,2823,5
26582,2,2824,5
26583,2,2825,5
26584,2,2826,5
26585,2,2827,5
26586,2,2828,5
26587,2,2829,5
26588,2,2830,5
26589,2,2831,5
26590,2,2832,5
26591,2,2833,5
26592,2,2834,5
26593,2,2835,5
26594,2,2836,5
26595,2,2837,5
26596,2,2838,5
26597,2,2839,5
26598,2,2840,5
26599,2,2841,5
26600,2,2842,5
26601,2,2843,5
26602,2,2844,5
26603,2,2845,5
26604,2,2846,5
26605,2,2847,5
26606,2,2848,5
26607,2,2849,5
26608,2,2850,5
26609,2,2851,5
26610,2,2852,5
26611,2,2853,5
26612,2,2854,5
26613,2,2855,5
26614,2,2856,5
26615,2,2857,5
26616,2,2858,5
26617,2,2859,5
26618,2,2860,5
26619,2,2861,5
26620,2,2862,5
26621,2,2863,5
26622,2,2864,5
26623,2,2865,5
26624,2,2866,5
26625,2,2867,5
26626,2,2868,5
26627,2,2869,5
26628,2,2870,5
26629,2,2871,5
26630,2,2872,5
26631,2,2873,5
26632,2,2874,5
26633,2,2875,5
26634,2,2876,5
26635,2,2877,5
26636,2,2878,5
26637,2,2879,5
26638,2,2880,5
26639,2,2881,5
26640,2,2882,5
26641,2,2883,5
26642,2,2884,5
26643,2,2885,5
26644,2,2886,5
26645,2,2887,5
26646,2,2888,5
26647,2,2889,5
26648,2,2890,5
26649,2,2891,5
26650,2,2892,5
26651,2,2893,5
26652,2,2894,5
26653,2,2895,5
26654,2,2896,5
26655,2,2897,5
26656,2,2898,5
26657,2,2899,5
26658,2,2900,5
26659,2,2901,5
26660,2,2902,5
26661,2,2903,5
26662,2,2904,5
26663,2,2905,5
26664,2,2906,5
26665,2,2907,5
26666,2,2908,5
26667,2,2909,5
26668,2,2910,5
26669,2,2911,5
26670,2,2912,5
26671,2,2913,5
26672,2,2914,5
26673,2,2915,5
26674,2,2916,5
26675,2,2917,5
26676,2,2918,5
26677,2,2919,5
26678,2,2920,5
26679,2,2921,5
26680,2,2922,5
26681,2,2923,5
26682,2,2924,5
26683,2,2925,5
26684,2,2926,5
26685,2,2927,5
26686,2,2928,5
26687,2,2929,5
26688,2,2930,5
26689,2,2931,5
26690,2,2932,5
26691,2,2933,5
26692,2,2934,5
26693,2,2935,5
26694,2,2936,5
26695,2,2937,5
26696,2,2938,5
26697,2,2939,5
26698,2,2940,5
26699,2,2941,5
26700,2,2942,5
26701,2,2943,5
26702,2,2944,5
26703,2,2945,5
26704,2,2946,5
26705,2,2947,5
26706,2,2948,5
26707,2,2949,5
26708,2,2950,5
26709,2,2951,5
26710,2,2952,5
26711,2,2953,5
26712,2,2954,5
26713,2,2955,5
26714,2,2956,5
26715,2,2957,5
26716,2,2958,5
26717,2,2959,5
26718,2,2960,5
26719,2,2961,5
26720,2,2962,5
26721,2,2963,5
26722,2,2964,5
26723,2,2965,5
26724,2,2966,5
26725,2,2967,5
26726,2,2968,5
26727,2,2969,5
26728,2,2970,5
26729,2,2971,5
26730,2,2972,5
26731,2,2973,5
26732,2,2974,5
26733,2,2975,5
26734,2,2976,5
26735,2,2977,5
26736,2,2978,5
26737,2,2979,5
26738,2,2980,5
26739,2,2981,5
26740,2,2982,5
26741,2,2983,5
26742,2,2984,5
26743,2,2985,5
26744,2,2986,5
26745,2,2987,5
26746,2,2988,5
26747,2,2989,5
26748,2,2990,5
26749,2,2991,5
26750,2,2992,5
26751,2,2993,5
26752,2,2994,5
26753,2,2995,5
26754,2,2996,5
26755,2,2997,5
26756,2,2998,5
26757,2,2999,5
26758,2,3000,5
26759,2,3001,5
26760,2,3002,5
26761,2,3003,5
26762,2,3004,5
26763,2,3005,5
26764,2,3006,5
26765,2,3007,5
26766,2,3008,5
26767,2,3009,5
26768,2,3010,5
26769,2,3011,5
26770,2,3012,5
26771,2,3013,5
26772,2,3014,5
26773,2,3015,5
26774,2,3016,5
26775,2,3017,5
26776,2,3018,5
26777,2,3019,5
26778,2,3020,5
26779,2,3021,5
26780,2,3022,5
26781,2,3023,5
26782,2,3024,5
26783,2,3025,5
26784,2,3026,5
26785,2,3027,5
26786,2,3028,5
26787,2,3029,5
26788,2,3030,5
26789,2,3031,5
26790,2,3032,5
26791,2,3033,5
26792,2,3034,5
26793,2,3035,5
26794,2,3036,5
26795,2,3037,5
26796,2,3038,5
26797,2,3039,5
26798,2,3040,5
26799,2,3041,5
26800,2,3042,5
26801,2,3043,5
26802,2,3044,5
26803,2,3045,5
26804,2,3046,5
26805,2,3047,5
26806,2,3048,5
26807,2,3049,5
26808,2,3050,5
26809,2,3051,5
26810,2,3052,5
26811,2,3053,5
26812,2,3054,5
26813,2,3055,5
26814,2,3056,5
26815,2,3057,5
26816,2,3058,5
26817,2,3059,5
26818,2,3060,5
26819,2,3061,5
26820,2,3062,5
26821,2,3063,5
26822,2,3064,5
26823,2,3065,5
26824,2,3066,5
26825,2,3067,5
26826,2,3068,5
26827,2,3069,5
26828,2,3070,5
26829,2,3071,5
26830,2,3072,5
26831,2,3073,5
26832,2,3074,5
26833,2,3075,5
26834,2,3076,5
26835,2,3077,5
26836,2,3078,5
26837,2,3079,5
26838,2,3080,5
26839,2,3081,5
26840,2,3082,5
26841,2,3083,5
26842,2,3084,5
26843,2,3085,5
26844,2,3086,5
26845,2,3087,5
26846,2,3088,5
26847,2,3089,5
26848,2,3090,5
26849,2,3091,5
26850,2,3092,5
26851,2,3093,5
26852,2,3094,5
26853,2,3095,5
26854,2,3096,5
26855,2,3097,5
26856,2,3098,5
26857,2,3099,5
26858,2,3100,5
26859,2,3101,5
26860,2,3102,5
26861,2,3103,5
26862,2,3104,5
26863,2,3105,5
26864,2,3106,5
26865,2,3107,5
26866,2,3108,5
26867,2,3109,5
26868,2,3110,5
26869,2,3111,5
26870,2,3112,5
26871,2,3113,5
26872,2,3114,5
26873,2,3115,5
26874,2,3116,5
26875,2,3117,5
26876,2,3118,5
26877,2,3119,5
26878,2,3120,5
26879,2,3121,5
26880,2,3122,5
26881,2,3123,5
26882,2,3124,5
26883,2,3125,5
26884,2,3126,5
26885,2,3127,5
26886,2,3128,5
26887,2,3129,5
26888,2,3130,5
26889,2,3131,5
26890,2,3132,5
26891,2,3133,5
26892,2,3134,5
26893,2,3135,5
26894,2,3136,5
26895,2,3137,5
26896,2,3138,5
26897,2,3139,5
26898,2,3140,5
26899,2,3141,5
26900,2,3142,5
26901,2,3143,5
26902,2,3144,5
26903,2,3145,5
26904,2,3146,5
26905,2,3147,5
26906,2,3148,5
26907,2,3149,5
26908,2,3150,5
26909,2,3151,5
26910,2,3152,5
26911,2,3153,5
26912,2,3154,5
26913,2,3155,5
26914,2,3156,5
26915,2,3157,5
26916,2,3158,5
26917,2,3159,5
26918,2,3160,5
26919,2,3161,5
26920,2,3162,5
26921,2,3163,5
26922,2,3164,5
26923,2,3165,5
26924,2,3166,5
26925,2,3167,5
26926,2,3168,5
26927,2,3169,5
26928,2,3170,5
26929,2,3171,5
26930,2,3172,5
26931,2,3173,5
26932,2,3174,5
26933,2,3175,5
26934,2,3176,5
26935,2,3177,5
26936,2,3178,5
26937,2,3179,5
26938,2,3180,5
26939,2,3181,5
26940,2,3182,5
26941,2,3183,5
26942,2,3184,5
26943,2,3185,5
26944,2,3186,5
26945,2,3187,5
26946,2,3188,5
26947,2,3189,5
26948,2,3190,5
26949,2,3191,5
26950,2,3192,5
26951,2,3193,5
26952,2,3194,5
26953,2,3195,5
26954,2,3196,5
26955,2,3197,5
26956,2,3198,5
26957,2,3199,5
26958,2,3200,5
26959,2,3201,5
26960,2,3202,5
26961,2,3203,5
26962,2,3204,5
26963,2,3205,5
26964,2,3206,5
26965,2,3207,5
26966,2,3208,5
26967,2,3209,5
26968,2,3210,5
26969,2,3211,5
26970,2,3212,5
26971,2,3213,5
26972,2,3214,5
26973,2,3215,5
26974,2,3216,5
26975,2,3217,5
26976,2,3218,5
26977,2,3219,5
26978,2,3220,5
26979,2,3221,5
26980,2,3222,5
26981,2,3223,5
26982,2,3224,5
26983,2,3225,5
26984,2,3226,5
26985,2,3227,5
26986,2,3228,5
26987,2,3229,5
26988,2,3230,5
26989,2,3231,5
26990,2,3232,5
26991,2,3233,5
26992,2,3234,5
26993,2,3235,5
26994,2,3236,5
26995,2,3237,5
26996,2,3238,5
26997,2,3239,5
26998,2,3240,5
26999,2,3241,5
27000,2,3242,5
27001,2,3243,5
27002,2,3244,5
27003,2,3245,5
27004,2,3246,5
27005,2,3247,5
27006,2,3248,5
27007,2,3249,5
27008,2,3250,5
27009,2,3251,5
27010,2,3252,5
27011,2,3253,5
27012,2,3254,5
27013,2,3255,5
27014,2,3256,5
27015,2,3257,5
27016,2,3258,5
27017,2,3259,5
27018,2,3260,5
27019,2,3261,5
27020,2,3262,5
27021,2,3263,5
27022,2,3264,5
27023,2,3265,5
27024,2,3266,5
27025,2,3267,5
27026,2,3268,5
27027,2,3269,5
27028,2,3270,5
27029,2,3271,5
27030,2,3272,5
27031,2,3273,5
27032,2,3274,5
27033,2,3275,5
27034,2,3276,5
27035,2,3277,5
27036,2,3278,5
27037,2,3279,5
27038,2,3280,5
27039,2,3281,5
27040,2,3282,5
27041,2,3283,5
27042,2,3284,5
27043,2,3285,5
27044,2,3286,5
27045,2,3287,5
27046,2,3288,5
27047,2,3289,5
27048,2,3290,5
27049,2,3291,5
27050,2,3292,5
27051,2,3293,5
27052,2,3294,5
27053,2,3295,5
27054,2,3296,5
27055,2,3297,5
27056,2,3298,5
27057,2,3299,5
27058,2,3300,5
27059,2,3301,5
27060,2,3302,5
27061,2,3303,5
27062,2,3304,5
27063,2,3305,5
27064,2,3306,5
27065,2,3307,5
27066,2,3308,5
27067,2,3309,5
27068,2,3310,5
27069,2,3311,5
27070,2,3312,5
27071,2,3313,5
27072,2,3314,5
27073,2,3315,5
27074,2,3316,5
27075,2,3317,5
27076,2,3318,5
27077,2,3319,5
27078,2,3320,5
27079,2,3321,5
27080,2,3322,5
27081,2,3323,5
27082,2,3324,5
27083,2,3325,5
27084,2,3326,5
27085,2,3327,5
27086,2,3328,5
27087,2,3329,5
27088,2,3330,5
27089,2,3331,5
27090,2,3332,5
27091,2,3333,5
27092,2,3334,5
27093,2,3335,5
27094,2,3336,5
27095,2,3337,5
27096,2,3338,5
27097,2,3339,5
27098,2,3340,5
27099,2,3341,5
27100,2,3342,5
27101,2,3343,5
27102,2,3344,5
27103,2,3345,5
27104,2,3346,5
27105,2,3347,5
27106,2,3348,5
27107,2,3349,5
27108,2,3350,5
27109,2,3351,5
27110,2,3352,5
27111,2,3353,5
27112,2,3354,5
27113,2,3355,5
27114,2,3356,5
27115,2,3357,5
27116,2,3358,5
27117,2,3359,5
27118,2,3360,5
27119,2,3361,5
27120,2,3362,5
27121,2,3363,5
27122,2,3364,5
27123,2,3365,5
27124,2,3366,5
27125,2,3367,5
27126,2,3368,5
27127,2,3369,5
27128,2,3370,5
27129,2,3371,5
27130,2,3372,5
27131,2,3373,5
27132,2,3374,5
27133,2,3375,5
27134,2,3376,5
27135,2,3377,5
27136,2,3378,5
27137,2,3379,5
27138,2,3380,5
27139,2,3381,5
27140,2,3382,5
27141,2,3383,5
27142,2,3384,5
27143,2,3385,5
27144,2,3386,5
27145,2,3387,5
27146,2,3388,5
27147,2,3389,5
27148,2,3390,5
27149,2,3391,5
27150,2,3392,5
27151,2,3393,5
27152,7,0,5
27153,7,1,5
27154,7,2,5
27155,7,3,5
27156,7,4,5
27157,7,5,5
27158,7,6,5
27159,7,7,5
27160,7,8,5
27161,7,9,5
27162,7,10,5
27163,7,11,5
27164,7,12,5
27165,7,13,5
27166,7,14,5
27167,7,15,5
27168,7,16,5
27169,7,17,5
27170,7,18,5
27171,7,19,5
27172,7,20,5
27173,7,21,5
27174,7,22,5
27175,7,23,5
27176,7,24,5
27177,7,25,5
27178,7,26,5
27179,7,27,5
27180,7,28,5
27181,7,29,5
27182,7,30,5
27183,7,31,5
27184,7,32,5
27185,7,33,5
27186,7,34,5
27187,7,35,5
27188,7,36,5
27189,7,37,5
27190,7,38,5
27191,7,39,5
27192,7,40,5
27193,7,41,5
27194,7,42,5
27195,7,43,5
27196,7,44,5
27197,7,45,5
27198,7,46,5
27199,7,47,5
27200,7,48,5
27201,7,49,5
27202,7,50,5
27203,7,51,5
27204,7,52,5
27205,7,53,5
27206,7,54,5
27207,7,55,5
27208,7,56,5
27209,7,57,5
27210,7,58,5
27211,7,59,5
27212,7,60,5
27213,7,61,5
27214,7,62,5
27215,7,63,5
27216,7,64,5
27217,7,65,5
27218,7,66,5
27219,7,67,5
27220,7,68,5
27221,7,69,5
27222,7,70,5
27223,7,71,5
27224,7,72,5
27225,7,73,5
27226,7,74,5
27227,7,75,5
27228,7,76,5
27229,7,77,5
27230,7,78,5
27231,7,79,5
27232,7,80,5
27233,7,81,5
27234,7,82,5
27235,7,83,5
27236,7,84,5
27237,7,85,5
27238,7,86,5
27239,7,87,5
27240,7,88,5
27241,7,89,5
27242,7,90,5
27243,7,91,5
27244,7,92,5
27245,7,93,5
27246,7,94,5
27247,7,95,5
27248,7,96,5
27249,7,97,5
27250,7,98,5
27251,7,99,5
27252,7,100,5
27253,7,101,5
27254,7,102,5
27255,7,103,5
27256,7,104,5
27257,7,105,5
27258,7,106,5
27259,7,107,5
27260,7,108,5
27261,7,109,5
27262,7,110,5
27263,7,111,5
27264,7,112,5
27265,7,113,5
27266,7,114,5
27267,7,115,5
27268,7,116,5
27269,7,117,5
27270,7,118,5
27271,7,119,5
27272,7,120,5
27273,7,121,5
27274,7,122,5
27275,7,123,5
27276,7,124,5
27277,7,125,5
27278,7,126,5
27279,7,127,5
27280,7,128,5
27281,7,129,5
27282,7,130,5
27283,7,131,5
27284,7,132,5
27285,7,133,5
27286,7,134,5
27287,7,135,5
27288,7,136,5
27289,7,137,5
27290,7,138,5
27291,7,139,5
27292,7,140,5
27293,7,141,5
27294,7,142,5
27295,7,143,5
27296,7,144,5
27297,7,145,5
27298,7,146,5
27299,7,147,5
27300,7,148,5
27301,7,149,5
27302,7,150,5
27303,7,151,5
27304,7,152,5
27305,7,153,5
27306,7,154,5
27307,7,155,5
27308,7,156,5
27309,7,157,5
27310,7,158,5
27311,7,159,5
27312,7,160,5
27313,7,161,5
27314,7,162,5
27315,7,163,5
27316,7,164,5
27317,7,165,5
27318,7,166,5
27319,7,167,5
27320,7,168,5
27321,7,169,5
27322,7,170,5
27323,7,171,5
27324,7,172,5
27325,7,173,5
27326,7,174,5
27327,7,175,5
27328,7,176,5
27329,7,177,5
27330,7,178,5
27331,7,179,5
27332,7,180,5
27333,7,181,5
27334,7,182,5
27335,7,183,5
27336,7,184,5
27337,7,185,5
27338,7,186,5
27339,7,187,5
27340,7,188,5
27341,7,189,5
27342,7,190,5
27343,7,191,5
27344,7,192,5
27345,7,193,5
27346,7,194,5
27347,7,195,5
27348,7,196,5
27349,7,197,5
27350,7,198,5
27351,7,199,5
27352,7,200,5
27353,7,201,5
27354,7,202,5
27355,7,203,5
27356,7,204,5
27357,7,205,5
27358,7,206,5
27359,7,207,5
27360,7,208,5
27361,7,209,5
27362,7,210,5
27363,7,211,5
27364,7,212,5
27365,7,213,5
27366,7,214,5
27367,7,215,5
27368,7,216,5
27369,7,217,5
27370,7,218,5
27371,7,219,5
27372,7,220,5
27373,7,221,5
27374,7,222,5
27375,7,223,5
27376,7,224,5
27377,7,225,5
27378,7,226,5
27379,7,227,5
27380,7,228,5
27381,7,229,5
27382,7,230,5
27383,7,231,5
27384,7,232,5
27385,7,233,5
27386,7,234,5
27387,7,235,5
27388,7,236,5
27389,7,237,5
27390,7,238,5
27391,7,239,5
27392,7,240,5
27393,7,241,5
27394,7,242,5
27395,7,243,5
27396,7,244,5
27397,7,245,5
27398,7,246,5
27399,7,247,5
27400,7,248,5
27401,7,249,5
27402,7,250,5
27403,7,251,5
27404,7,252,5
27405,7,253,5
27406,7,254,5
27407,7,255,5
27408,7,256,5
27409,7,257,5
27410,7,258,5
27411,7,259,5
27412,7,260,5
27413,7,261,5
27414,7,262,5
27415,7,263,5
27416,7,264,5
27417,7,265,5
27418,7,266,5
27419,7,267,5
27420,7,268,5
27421,7,269,5
27422,7,270,5
27423,7,271,5
27424,7,272,5
27425,7,273,5
27426,7,274,5
27427,7,275,5
27428,7,276,5
27429,7,277,5
27430,7,278,5
27431,7,279,5
27432,7,280,5
27433,7,281,5
27434,7,282,5
27435,7,283,5
27436,7,284,5
27437,7,285,5
27438,7,286,5
27439,7,287,5
27440,7,288,5
27441,7,289,5
27442,7,290,5
27443,7,291,5
27444,7,292,5
27445,7,293,5
27446,7,294,5
27447,7,295,5
27448,7,296,5
27449,7,297,5
27450,7,298,5
27451,7,299,5
27452,7,300,5
27453,7,301,5
27454,7,302,5
27455,7,303,5
27456,7,304,5
27457,7,305,5
27458,7,306,5
27459,7,307,5
27460,7,308,5
27461,7,309,5
27462,7,310,5
27463,7,311,5
27464,7,312,5
27465,7,313,5
27466,7,314,5
27467,7,315,5
27468,7,316,5
27469,7,317,5
27470,7,318,5
27471,7,319,5
27472,7,320,5
27473,7,321,5
27474,7,322,5
27475,7,323,5
27476,7,324,5
27477,7,325,5
27478,7,326,5
27479,7,327,5
27480,7,328,5
27481,7,329,5
27482,7,330,5
27483,7,331,5
27484,7,332,5
27485,7,333,5
27486,7,334,5
27487,7,335,5
27488,7,336,5
27489,7,337,5
27490,7,338,5
27491,7,339,5
27492,7,340,5
27493,7,341,5
27494,7,342,5
27495,7,343,5
27496,7,344,5
27497,7,345,5
27498,7,346,5
27499,7,347,5
27500,7,348,5
27501,7,349,5
27502,7,350,5
27503,7,351,5
27504,7,352,5
27505,7,353,5
27506,7,354,5
27507,7,355,5
27508,7,356,5
27509,7,357,5
27510,7,358,5
27511,7,359,5
27512,7,360,5
27513,7,361,5
27514,7,362,5
27515,7,363,5
27516,7,364,5
27517,7,365,5
27518,7,366,5
27519,7,367,5
27520,7,368,5
27521,7,369,5
27522,7,370,5
27523,7,371,5
27524,7,372,5
27525,7,373,5
27526,7,374,5
27527,7,375,5
27528,7,376,5
27529,7,377,5
27530,7,378,5
27531,7,379,5
27532,7,380,5
27533,7,381,5
27534,7,382,5
27535,7,383,5
27536,7,384,5
27537,7,385,5
27538,7,386,5
27539,7,387,5
27540,7,388,5
27541,7,389,5
27542,7,390,5
27543,7,391,5
27544,7,392,5
27545,7,393,5
27546,7,394,5
27547,7,395,5
27548,7,396,5
27549,7,397,5
27550,7,398,5
27551,7,399,5
27552,7,400,5
27553,7,401,5
27554,7,402,5
27555,7,403,5
27556,7,404,5
27557,7,405,5
27558,7,406,5
27559,7,407,5
27560,7,408,5
27561,7,409,5
27562,7,410,5
27563,7,411,5
27564,7,412,5
27565,7,413,5
27566,7,414,5
27567,7,415,5
27568,7,416,5
27569,7,417,5
27570,7,418,5
27571,7,419,5
27572,7,420,5
27573,7,421,5
27574,7,422,5
27575,7,423,5
27576,7,424,5
27577,7,425,5
27578,7,426,5
27579,7,427,5
27580,7,428,5
27581,7,429,5
27582,7,430,5
27583,7,431,5
27584,7,432,5
27585,7,433,5
27586,7,434,5
27587,7,435,5
27588,7,436,5
27589,7,437,5
27590,7,438,5
27591,7,439,5
27592,7,440,5
27593,7,441,5
27594,7,442,5
27595,7,443,5
27596,7,444,5
27597,7,445,5
27598,7,446,5
27599,7,447,5
27600,7,448,5
27601,7,449,5
27602,7,450,5
27603,7,451,5
27604,7,452,5
27605,7,453,5
27606,7,454,5
27607,7,455,5
27608,7,456,5
27609,7,457,5
27610,7,458,5
27611,7,459,5
27612,7,460,5
27613,7,461,5
27614,7,462,5
27615,7,463,5
27616,7,464,5
27617,7,465,5
27618,7,466,5
27619,7,467,5
27620,7,468,5
27621,7,469,5
27622,7,470,5
27623,7,471,5
27624,7,472,5
27625,7,473,5
27626,7,474,5
27627,7,475,5
27628,7,476,5
27629,7,477,5
27630,7,478,5
27631,7,479,5
27632,7,480,5
27633,7,481,5
27634,7,482,5
27635,7,483,5
27636,7,484,5
27637,7,485,5
27638,7,486,5
27639,7,487,5
27640,7,488,5
27641,7,489,5
27642,7,490,5
27643,7,491,5
27644,7,492,5
27645,7,493,5
27646,7,494,5
27647,7,495,5
27648,7,496,5
27649,7,497,5
27650,7,498,5
27651,7,499,5
27652,7,500,5
27653,7,501,5
27654,7,502,5
27655,7,503,5
27656,7,504,5
27657,7,505,5
27658,7,506,5
27659,7,507,5
27660,7,508,5
27661,7,509,5
27662,7,510,5
27663,7,511,5
27664,7,512,5
27665,7,513,5
27666,7,514,5
27667,7,515,5
27668,7,516,5
27669,7,517,5
27670,7,518,5
27671,7,519,5
27672,7,520,5
27673,7,521,5
27674,7,522,5
27675,7,523,5
27676,7,524,5
27677,7,525,5
27678,7,526,5
27679,7,527,5
27680,7,528,5
27681,7,529,5
27682,7,530,5
27683,7,531,5
27684,7,532,5
27685,7,533,5
27686,7,534,5
27687,7,535,5
27688,7,536,5
27689,7,537,5
27690,7,538,5
27691,7,539,5
27692,7,540,5
27693,7,541,5
27694,7,542,5
27695,7,543,5
27696,7,544,5
27697,7,545,5
27698,7,546,5
27699,7,547,5
27700,7,548,5
27701,7,549,5
27702,7,550,5
27703,7,551,5
27704,7,552,5
27705,7,553,5
27706,7,554,5
27707,7,555,5
27708,7,556,5
27709,7,557,5
27710,7,558,5
27711,7,559,5
27712,7,560,5
27713,7,561,5
27714,7,562,5
27715,7,563,5
27716,7,564,5
27717,7,565,5
27718,7,566,5
27719,7,567,5
27720,7,568,5
27721,7,569,5
27722,7,570,5
27723,7,571,5
27724,7,572,5
27725,7,573,5
27726,7,574,5
27727,7,575,5
27728,7,576,5
27729,7,577,5
27730,7,578,5
27731,7,579,5
27732,7,580,5
27733,7,581,5
27734,7,582,5
27735,7,583,5
27736,7,584,5
27737,7,585,5
27738,7,586,5
27739,7,587,5
27740,7,588,5
27741,7,589,5
27742,7,590,5
27743,7,591,5
27744,7,592,5
27745,7,593,5
27746,7,594,5
27747,7,595,5
27748,7,596,5
27749,7,597,5
27750,7,598,5
27751,7,599,5
27752,7,600,5
27753,7,601,5
27754,7,602,5
27755,7,603,5
27756,7,604,5
27757,7,605,5
27758,7,606,5
27759,7,607,5
27760,7,608,5
27761,7,609,5
27762,7,610,5
27763,7,611,5
27764,7,612,5
27765,7,613,5
27766,7,614,5
27767,7,615,5
27768,7,616,5
27769,7,617,5
27770,7,618,5
27771,7,619,5
27772,7,620,5
27773,7,621,5
27774,7,622,5
27775,7,623,5
27776,7,624,5
27777,7,625,5
27778,7,626,5
27779,7,627,5
27780,7,628,5
27781,7,629,5
27782,7,630,5
27783,7,631,5
27784,7,632,5
27785,7,633,5
27786,7,634,5
27787,7,635,5
27788,7,636,5
27789,7,637,5
27790,7,638,5
27791,7,639,5
27792,7,640,5
27793,7,641,5
27794,7,642,5
27795,7,643,5
27796,7,644,5
27797,7,645,5
27798,7,646,5
27799,7,647,5
27800,7,648,5
27801,7,649,5
27802,7,650,5
27803,7,651,5
27804,7,652,5
27805,7,653,5
27806,7,654,5
27807,7,655,5
27808,7,656,5
27809,7,657,5
27810,7,658,5
27811,7,659,5
27812,7,660,5
27813,7,661,5
27814,7,662,5
27815,7,663,5
27816,7,664,5
27817,7,665,5
27818,7,666,5
27819,7,667,5
27820,7,668,5
27821,7,669,5
27822,7,670,5
27823,7,671,5
27824,7,672,5
27825,7,673,5
27826,7,674,5
27827,7,675,5
27828,7,676,5
27829,7,677,5
27830,7,678,5
27831,7,679,5
27832,7,680,5
27833,7,681,5
27834,7,682,5
27835,7,683,5
27836,7,684,5
27837,7,685,5
27838,7,686,5
27839,7,687,5
27840,7,688,5
27841,7,689,5
27842,7,690,5
27843,7,691,5
27844,7,692,5
27845,7,693,5
27846,7,694,5
27847,7,695,5
27848,7,696,5
27849,7,697,5
27850,7,698,5
27851,7,699,5
27852,7,700,5
27853,7,701,5
27854,7,702,5
27855,7,703,5
27856,7,704,5
27857,7,705,5
27858,7,706,5
27859,7,707,5
27860,7,708,5
27861,7,709,5
27862,7,710,5
27863,7,711,5
27864,7,712,5
27865,7,713,5
27866,7,714,5
27867,7,715,5
27868,7,716,5
27869,7,717,5
27870,7,718,5
27871,7,719,5
27872,7,720,5
27873,7,721,5
27874,7,722,5
27875,7,723,5
27876,7,724,5
27877,7,725,5
27878,7,726,5
27879,7,727,5
27880,7,728,5
27881,7,729,5
27882,7,730,5
27883,7,731,5
27884,7,732,5
27885,7,733,5
27886,7,734,5
27887,7,735,5
27888,7,736,5
27889,7,737,5
27890,7,738,5
27891,7,739,5
27892,7,740,5
27893,7,741,5
27894,7,742,5
27895,7,743,5
27896,7,744,5
27897,7,745,5
27898,7,746,5
27899,7,747,5
27900,7,748,5
27901,7,749,5
27902,7,750,5
27903,7,751,5
27904,7,752,5
27905,7,753,5
27906,7,754,5
27907,7,755,5
27908,7,756,5
27909,7,757,5
27910,7,758,5
27911,7,759,5
27912,7,760,5
27913,7,761,5
27914,7,762,5
27915,7,763,5
27916,7,764,5
27917,7,765,5
27918,7,766,5
27919,7,767,5
27920,7,768,5
27921,7,769,5
27922,7,770,5
27923,7,771,5
27924,7,772,5
27925,7,773,5
27926,7,774,5
27927,7,775,5
27928,7,776,5
27929,7,777,5
27930,7,778,5
27931,7,779,5
27932,7,780,5
27933,7,781,5
27934,7,782,5
27935,7,783,5
27936,7,784,5
27937,7,785,5
27938,7,786,5
27939,7,787,5
27940,7,788,5
27941,7,789,5
27942,7,790,5
27943,7,791,5
27944,7,792,5
27945,7,793,5
27946,7,794,5
27947,7,795,5
27948,7,796,5
27949,7,797,5
27950,7,798,5
27951,7,799,5
27952,7,800,5
27953,7,801,5
27954,7,802,5
27955,7,803,5
27956,7,804,5
27957,7,805,5
27958,7,806,5
27959,7,807,5
27960,7,808,5
27961,7,809,5
27962,7,810,5
27963,7,811,5
27964,7,812,5
27965,7,813,5
27966,7,814,5
27967,7,815,5
27968,7,816,5
27969,7,817,5
27970,7,818,5
27971,7,819,5
27972,7,820,5
27973,7,821,5
27974,7,822,5
27975,7,823,5
27976,7,824,5
27977,7,825,5
27978,7,826,5
27979,7,827,5
27980,7,828,5
27981,7,829,5
27982,7,830,5
27983,7,831,5
27984,7,832,5
27985,7,833,5
27986,7,834,5
27987,7,835,5
27988,7,836,5
27989,7,837,5
27990,7,838,5
27991,7,839,5
27992,7,840,5
27993,7,841,5
27994,7,842,5
27995,7,843,5
27996,7,844,5
27997,7,845,5
27998,7,846,5
27999,7,847,5
28000,7,848,5
28001,7,849,5
28002,7,850,5
28003,7,851,5
28004,7,852,5
28005,7,853,5
28006,7,854,5
28007,7,855,5
28008,7,856,5
28009,7,857,5
28010,7,858,5
28011,7,859,5
28012,7,860,5
28013,7,861,5
28014,7,862,5
28015,7,863,5
28016,7,864,5
28017,7,865,5
28018,7,866,5
28019,7,867,5
28020,7,868,5
28021,7,869,5
28022,7,870,5
28023,7,871,5
28024,7,872,5
28025,7,873,5
28026,7,874,5
28027,7,875,5
28028,7,876,5
28029,7,877,5
28030,7,878,5
28031,7,879,5
28032,7,880,5
28033,7,881,5
28034,7,882,5
28035,7,883,5
28036,7,884,5
28037,7,885,5
28038,7,886,5
28039,7,887,5
28040,7,888,5
28041,7,889,5
28042,7,890,5
28043,7,891,5
28044,7,892,5
28045,7,893,5
28046,7,894,5
28047,7,895,5
28048,7,896,5
28049,7,897,5
28050,7,898,5
28051,7,899,5
28052,7,900,5
28053,7,901,5
28054,7,902,5
28055,7,903,5
28056,7,904,5
28057,7,905,5
28058,7,906,5
28059,7,907,5
28060,7,908,5
28061,7,909,5
28062,7,910,5
28063,7,911,5
28064,7,912,5
28065,7,913,5
28066,7,914,5
28067,7,915,5
28068,7,916,5
28069,7,917,5
28070,7,918,5
28071,7,919,5
28072,7,920,5
28073,7,921,5
28074,7,922,5
28075,7,923,5
28076,7,924,5
28077,7,925,5
28078,7,926,5
28079,7,927,5
28080,7,928,5
28081,7,929,5
28082,7,930,5
28083,7,931,5
28084,7,932,5
28085,7,933,5
28086,7,934,5
28087,7,935,5
28088,7,936,5
28089,7,937,5
28090,7,938,5
28091,7,939,5
28092,7,940,5
28093,7,941,5
28094,7,942,5
28095,7,943,5
28096,7,944,5
28097,7,945,5
28098,7,946,5
28099,7,947,5
28100,7,948,5
28101,7,949,5
28102,7,950,5
28103,7,951,5
28104,7,952,5
28105,7,953,5
28106,7,954,5
28107,7,955,5
28108,7,956,5
28109,7,957,5
28110,7,958,5
28111,7,959,5
28112,7,960,5
28113,7,961,5
28114,7,962,5
28115,7,963,5
28116,7,964,5
28117,7,965,5
28118,7,966,5
28119,7,967,5
28120,7,968,5
28121,7,969,5
28122,7,970,5
28123,7,971,5
28124,7,972,5
28125,7,973,5
28126,7,974,5
28127,7,975,5
28128,7,976,5
28129,7,977,5
28130,7,978,5
28131,7,979,5
28132,7,980,5
28133,7,981,5
28134,7,982,5
28135,7,983,5
28136,7,984,5
28137,7,985,5
28138,7,986,5
28139,7,987,5
28140,7,988,5
28141,7,989,5
28142,7,990,5
28143,7,991,5
28144,7,992,5
28145,7,993,5
28146,7,994,5
28147,7,995,5
28148,7,996,5
28149,7,997,5
28150,7,998,5
28151,7,999,5
28152,7,1000,5
28153,7,1001,5
28154,7,1002,5
28155,7,1003,5
28156,7,1004,5
28157,7,1005,5
28158,7,1006,5
28159,7,1007,5
28160,7,1008,5
28161,7,1009,5
28162,7,1010,5
28163,7,1011,5
28164,7,1012,5
28165,7,1013,5
28166,7,1014,5
28167,7,1015,5
28168,7,1016,5
28169,7,1017,5
28170,7,1018,5
28171,7,1019,5
28172,7,1020,5
28173,7,1021,5
28174,7,1022,5
28175,7,1023,5
28176,7,1024,5
28177,7,1025,5
28178,7,1026,5
28179,7,1027,5
28180,7,1028,5
28181,7,1029,5
28182,7,1030,5
28183,7,1031,5
28184,7,1032,5
28185,7,1033,5
28186,7,1034,5
28187,7,1035,5
28188,7,1036,5
28189,7,1037,5
28190,7,1038,5
28191,7,1039,5
28192,7,1040,5
28193,7,1041,5
28194,7,1042,5
28195,7,1043,5
28196,7,1044,5
28197,7,1045,5
28198,7,1046,5
28199,7,1047,5
28200,7,1048,5
28201,7,1049,5
28202,7,1050,5
28203,7,1051,5
28204,7,1052,5
28205,7,1053,5
28206,7,1054,5
28207,7,1055,5
28208,7,1056,5
28209,7,1057,5
28210,7,1058,5
28211,7,1059,5
28212,7,1060,5
28213,7,1061,5
28214,7,1062,5
28215,7,1063,5
28216,7,1064,5
28217,7,1065,5
28218,7,1066,5
28219,7,1067,5
28220,7,1068,5
28221,7,1069,5
28222,7,1070,5
28223,7,1071,5
28224,7,1072,5
28225,7,1073,5
28226,7,1074,5
28227,7,1075,5
28228,7,1076,5
28229,7,1077,5
28230,7,1078,5
28231,7,1079,5
28232,7,1080,5
28233,7,1081,5
28234,7,1082,5
28235,7,1083,5
28236,7,1084,5
28237,7,1085,5
28238,7,1086,5
28239,7,1087,5
28240,7,1088,5
28241,7,1089,5
28242,7,1090,5
28243,7,1091,5
28244,7,1092,5
28245,7,1093,5
28246,7,1094,5
28247,7,1095,5
28248,7,1096,5
28249,7,1097,5
28250,7,1098,5
28251,7,1099,5
28252,7,1100,5
28253,7,1101,5
28254,7,1102,5
28255,7,1103,5
28256,7,1104,5
28257,7,1105,5
28258,7,1106,5
28259,7,1107,5
28260,7,1108,5
28261,7,1109,5
28262,7,1110,5
28263,7,1111,5
28264,7,1112,5
28265,7,1113,5
28266,7,1114,5
28267,7,1115,5
28268,7,1116,5
28269,7,1117,5
28270,7,1118,5
28271,7,1119,5
28272,7,1120,5
28273,7,1121,5
28274,7,1122,5
28275,7,1123,5
28276,7,1124,5
28277,7,1125,5
28278,7,1126,5
28279,7,1127,5
28280,7,1128,5
28281,7,1129,5
28282,7,1130,5
28283,7,1131,5
28284,7,1132,5
28285,7,1133,5
28286,7,1134,5
28287,7,1135,5
28288,7,1136,5
28289,7,1137,5
28290,7,1138,5
28291,7,1139,5
28292,7,1140,5
28293,7,1141,5
28294,7,1142,5
28295,7,1143,5
28296,7,1144,5
28297,7,1145,5
28298,7,1146,5
28299,7,1147,5
28300,7,1148,5
28301,7,1149,5
28302,7,1150,5
28303,7,1151,5
28304,7,1152,5
28305,7,1153,5
28306,7,1154,5
28307,7,1155,5
28308,7,1156,5
28309,7,1157,5
28310,7,1158,5
28311,7,1159,5
28312,7,1160,5
28313,7,1161,5
28314,7,1162,5
28315,7,1163,5
28316,7,1164,5
28317,7,1165,5
28318,7,1166,5
28319,7,1167,5
28320,7,1168,5
28321,7,1169,5
28322,7,1170,5
28323,7,1171,5
28324,7,1172,5
28325,7,1173,5
28326,7,1174,5
28327,7,1175,5
28328,7,1176,5
28329,7,1177,5
28330,7,1178,5
28331,7,1179,5
28332,7,1180,5
28333,7,1181,5
28334,7,1182,5
28335,7,1183,5
28336,7,1184,5
28337,7,1185,5
28338,7,1186,5
28339,7,1187,5
28340,7,1188,5
28341,7,1189,5
28342,7,1190,5
28343,7,1191,5
28344,7,1192,5
28345,7,1193,5
28346,7,1194,5
28347,7,1195,5
28348,7,1196,5
28349,7,1197,5
28350,7,1198,5
28351,7,1199,5
28352,7,1200,5
28353,7,1201,5
28354,7,1202,5
28355,7,1203,5
28356,7,1204,5
28357,7,1205,5
28358,7,1206,5
28359,7,1207,5
28360,7,1208,5
28361,7,1209,5
28362,7,1210,5
28363,7,1211,5
28364,7,1212,5
28365,7,1213,5
28366,7,1214,5
28367,7,1215,5
28368,7,1216,5
28369,7,1217,5
28370,7,1218,5
28371,7,1219,5
28372,7,1220,5
28373,7,1221,5
28374,7,1222,5
28375,7,1223,5
28376,7,1224,5
28377,7,1225,5
28378,7,1226,5
28379,7,1227,5
28380,7,1228,5
28381,7,1229,5
28382,7,1230,5
28383,7,1231,5
28384,7,1232,5
28385,7,1233,5
28386,7,1234,5
28387,7,1235,5
28388,7,1236,5
28389,7,1237,5
28390,7,1238,5
28391,7,1239,5
28392,7,1240,5
28393,7,1241,5
28394,7,1242,5
28395,7,1243,5
28396,7,1244,5
28397,7,1245,5
28398,7,1246,5
28399,7,1247,5
28400,7,1248,5
28401,7,1249,5
28402,7,1250,5
28403,7,1251,5
28404,7,1252,5
28405,7,1253,5
28406,7,1254,5
28407,7,1255,5
28408,7,1256,5
28409,7,1257,5
28410,7,1258,5
28411,7,1259,5
28412,7,1260,5
28413,7,1261,5
28414,7,1262,5
28415,7,1263,5
28416,7,1264,5
28417,7,1265,5
28418,7,1266,5
28419,7,1267,5
28420,7,1268,5
28421,7,1269,5
28422,7,1270,5
28423,7,1271,5
28424,7,1272,5
28425,7,1273,5
28426,7,1274,5
28427,7,1275,5
28428,7,1276,5
28429,7,1277,5
28430,7,1278,5
28431,7,1279,5
28432,7,1280,5
28433,7,1281,5
28434,7,1282,5
28435,7,1283,5
28436,7,1284,5
28437,7,1285,5
28438,7,1286,5
28439,7,1287,5
28440,7,1288,5
28441,7,1289,5
28442,7,1290,5
28443,7,1291,5
28444,7,1292,5
28445,7,1293,5
28446,7,1294,5
28447,7,1295,5
28448,7,1296,5
28449,7,1297,5
28450,7,1298,5
28451,7,1299,5
28452,7,1300,5
28453,7,1301,5
28454,7,1302,5
28455,7,1303,5
28456,7,1304,5
28457,7,1305,5
28458,7,1306,5
28459,7,1307,5
28460,7,1308,5
28461,7,1309,5
28462,7,1310,5
28463,7,1311,5
28464,7,1312,5
28465,7,1313,5
28466,7,1314,5
28467,7,1315,5
28468,7,1316,5
28469,7,1317,5
28470,7,1318,5
28471,7,1319,5
28472,7,1320,5
28473,7,1321,5
28474,7,1322,5
28475,7,1323,5
28476,7,1324,5
28477,7,1325,5
28478,7,1326,5
28479,7,1327,5
28480,7,1328,5
28481,7,1329,5
28482,7,1330,5
28483,7,1331,5
28484,7,1332,5
28485,7,1333,5
28486,7,1334,5
28487,7,1335,5
28488,7,1336,5
28489,7,1337,5
28490,7,1338,5
28491,7,1339,5
28492,7,1340,5
28493,7,1341,5
28494,7,1342,5
28495,7,1343,5
28496,7,1344,5
28497,7,1345,5
28498,7,1346,5
28499,7,1347,5
28500,7,1348,5
28501,7,1349,5
28502,7,1350,5
28503,7,1351,5
28504,7,1352,5
28505,7,1353,5
28506,7,1354,5
28507,7,1355,5
28508,7,1356,5
28509,7,1357,5
28510,7,1358,5
28511,7,1359,5
28512,7,1360,5
28513,7,1361,5
28514,7,1362,5
28515,7,1363,5
28516,7,1364,5
28517,7,1365,5
28518,7,1366,5
28519,7,1367,5
28520,7,1368,5
28521,7,1369,5
28522,7,1370,5
28523,7,1371,5
28524,7,1372,5
28525,7,1373,5
28526,7,1374,5
28527,7,1375,5
28528,7,1376,5
28529,7,1377,5
28530,7,1378,5
28531,7,1379,5
28532,7,1380,5
28533,7,1381,5
28534,7,1382,5
28535,7,1383,5
28536,7,1384,5
28537,7,1385,5
28538,7,1386,5
28539,7,1387,5
28540,7,1388,5
28541,7,1389,5
28542,7,1390,5
28543,7,1391,5
28544,7,1392,5
28545,7,1393,5
28546,7,1394,5
28547,7,1395,5
28548,7,1396,5
28549,7,1397,5
28550,7,1398,5
28551,7,1399,5
28552,7,1400,5
28553,7,1401,5
28554,7,1402,5
28555,7,1403,5
28556,7,1404,5
28557,7,1405,5
28558,7,1406,5
28559,7,1407,5
28560,7,1408,5
28561,7,1409,5
28562,7,1410,5
28563,7,1411,5
28564,7,1412,5
28565,7,1413,5
28566,7,1414,5
28567,7,1415,5
28568,7,1416,5
28569,7,1417,5
28570,7,1418,5
28571,7,1419,5
28572,7,1420,5
28573,7,1421,5
28574,7,1422,5
28575,7,1423,5
28576,7,1424,5
28577,7,1425,5
28578,7,1426,5
28579,7,1427,5
28580,7,1428,5
28581,7,1429,5
28582,7,1430,5
28583,7,1431,5
28584,7,1432,5
28585,7,1433,5
28586,7,1434,5
28587,7,1435,5
28588,7,1436,5
28589,7,1437,5
28590,7,1438,5
28591,7,1439,5
28592,7,1440,5
28593,7,1441,5
28594,7,1442,5
28595,7,1443,5
28596,7,1444,5
28597,7,1445,5
28598,7,1446,5
28599,7,1447,5
28600,7,1448,5
28601,7,1449,5
28602,7,1450,5
28603,7,1451,5
28604,7,1452,5
28605,7,1453,5
28606,7,1454,5
28607,7,1455,5
28608,7,1456,5
28609,7,1457,5
28610,7,1458,5
28611,7,1459,5
28612,7,1460,5
28613,7,1461,5
28614,7,1462,5
28615,7,1463,5
28616,7,1464,5
28617,7,1465,5
28618,7,1466,5
28619,7,1467,5
28620,7,1468,5
28621,7,1469,5
28622,7,1470,5
28623,7,1471,5
28624,7,1472,5
28625,7,1473,5
28626,7,1474,5
28627,7,1475,5
28628,7,1476,5
28629,7,1477,5
28630,7,1478,5
28631,7,1479,5
28632,7,1480,5
28633,7,1481,5
28634,7,1482,5
28635,7,1483,5
28636,7,1484,5
28637,7,1485,5
28638,7,1486,5
28639,7,1487,5
28640,7,1488,5
28641,7,1489,5
28642,7,1490,5
28643,7,1491,5
28644,7,1492,5
28645,7,1493,5
28646,7,1494,5
28647,7,1495,5
28648,7,1496,5
28649,7,1497,5
28650,7,1498,5
28651,7,1499,5
28652,7,1500,5
28653,7,1501,5
28654,7,1502,5
28655,7,1503,5
28656,7,1504,5
28657,7,1505,5
28658,7,1506,5
28659,7,1507,5
28660,7,1508,5
28661,7,1509,5
28662,7,1510,5
28663,7,1511,5
28664,7,1512,5
28665,7,1513,5
28666,7,1514,5
28667,7,1515,5
28668,7,1516,5
28669,7,1517,5
28670,7,1518,5
28671,7,1519,5
28672,7,1520,5
28673,7,1521,5
28674,7,1522,5
28675,7,1523,5
28676,7,1524,5
28677,7,1525,5
28678,7,1526,5
28679,7,1527,5
28680,7,1528,5
28681,7,1529,5
28682,7,1530,5
28683,7,1531,5
28684,7,1532,5
28685,7,1533,5
28686,7,1534,5
28687,7,1535,5
28688,7,1536,5
28689,7,1537,5
28690,7,1538,5
28691,7,1539,5
28692,7,1540,5
28693,7,1541,5
28694,7,1542,5
28695,7,1543,5
28696,7,1544,5
28697,7,1545,5
28698,7,1546,5
28699,7,1547,5
28700,7,1548,5
28701,7,1549,5
28702,7,1550,5
28703,7,1551,5
28704,7,1552,5
28705,7,1553,5
28706,7,1554,5
28707,7,1555,5
28708,7,1556,5
28709,7,1557,5
28710,7,1558,5
28711,7,1559,5
28712,7,1560,5
28713,7,1561,5
28714,7,1562,5
28715,7,1563,5
28716,7,1564,5
28717,7,1565,5
28718,7,1566,5
28719,7,1567,5
28720,7,1568,5
28721,7,1569,5
28722,7,1570,5
28723,7,1571,5
28724,7,1572,5
28725,7,1573,5
28726,7,1574,5
28727,7,1575,5
28728,7,1576,5
28729,7,1577,5
28730,7,1578,5
28731,7,1579,5
28732,7,1580,5
28733,7,1581,5
28734,7,1582,5
28735,7,1583,5
28736,7,1584,5
28737,7,1585,5
28738,7,1586,5
28739,7,1587,5
28740,7,1588,5
28741,7,1589,5
28742,7,1590,5
28743,7,1591,5
28744,7,1592,5
28745,7,1593,5
28746,7,1594,5
28747,7,1595,5
28748,7,1596,5
28749,7,1597,5
28750,7,1598,5
28751,7,1599,5
28752,7,1600,5
28753,7,1601,5
28754,7,1602,5
28755,7,1603,5
28756,7,1604,5
28757,7,1605,5
28758,7,1606,5
28759,7,1607,5
28760,7,1608,5
28761,7,1609,5
28762,7,1610,5
28763,7,1611,5
28764,7,1612,5
28765,7,1613,5
28766,7,1614,5
28767,7,1615,5
28768,7,1616,5
28769,7,1617,5
28770,7,1618,5
28771,7,1619,5
28772,7,1620,5
28773,7,1621,5
28774,7,1622,5
28775,7,1623,5
28776,7,1624,5
28777,7,1625,5
28778,7,1626,5
28779,7,1627,5
28780,7,1628,5
28781,7,1629,5
28782,7,1630,5
28783,7,1631,5
28784,7,1632,5
28785,7,1633,5
28786,7,1634,5
28787,7,1635,5
28788,7,1636,5
28789,7,1637,5
28790,7,1638,5
28791,7,1639,5
28792,7,1640,5
28793,7,1641,5
28794,7,1642,5
28795,7,1643,5
28796,7,1644,5
28797,7,1645,5
28798,7,1646,5
28799,7,1647,5
28800,7,1648,5
28801,7,1649,5
28802,7,1650,5
28803,7,1651,5
28804,7,1652,5
28805,7,1653,5
28806,7,1654,5
28807,7,1655,5
28808,7,1656,5
28809,7,1657,5
28810,7,1658,5
28811,7,1659,5
28812,7,1660,5
28813,7,1661,5
28814,7,1662,5
28815,7,1663,5
28816,7,1664,5
28817,7,1665,5
28818,7,1666,5
28819,7,1667,5
28820,7,1668,5
28821,7,1669,5
28822,7,1670,5
28823,7,1671,5
28824,7,1672,5
28825,7,1673,5
28826,7,1674,5
28827,7,1675,5
28828,7,1676,5
28829,7,1677,5
28830,7,1678,5
28831,7,1679,5
28832,7,1680,5
28833,7,1681,5
28834,7,1682,5
28835,7,1683,5
28836,7,1684,5
28837,7,1685,5
28838,7,1686,5
28839,7,1687,5
28840,7,1688,5
28841,7,1689,5
28842,7,1690,5
28843,7,1691,5
28844,7,1692,5
28845,7,1693,5
28846,7,1694,5
28847,7,1695,5
28848,7,1696,5
28849,7,1697,5
28850,7,1698,5
28851,7,1699,5
28852,7,1700,5
28853,7,1701,5
28854,7,1702,5
28855,7,1703,5
28856,7,1704,5
28857,7,1705,5
28858,7,1706,5
28859,7,1707,5
28860,7,1708,5
28861,7,1709,5
28862,7,1710,5
28863,7,1711,5
28864,7,1712,5
28865,7,1713,5
28866,7,1714,5
28867,7,1715,5
28868,7,1716,5
28869,7,1717,5
28870,7,1718,5
28871,7,1719,5
28872,7,1720,5
28873,7,1721,5
28874,7,1722,5
28875,7,1723,5
28876,7,1724,5
28877,7,1725,5
28878,7,1726,5
28879,7,1727,5
28880,7,1728,5
28881,7,1729,5
28882,7,1730,5
28883,7,1731,5
28884,7,1732,5
28885,7,1733,5
28886,7,1734,5
28887,7,1735,5
28888,7,1736,5
28889,7,1737,5
28890,7,1738,5
28891,7,1739,5
28892,7,1740,5
28893,7,1741,5
28894,7,1742,5
28895,7,1743,5
28896,7,1744,5
28897,7,1745,5
28898,7,1746,5
28899,7,1747,5
28900,7,1748,5
28901,7,1749,5
28902,7,1750,5
28903,7,1751,5
28904,7,1752,5
28905,7,1753,5
28906,7,1754,5
28907,7,1755,5
28908,7,1756,5
28909,7,1757,5
28910,7,1758,5
28911,7,1759,5
28912,7,1760,5
28913,7,1761,5
28914,7,1762,5
28915,7,1763,5
28916,7,1764,5
28917,7,1765,5
28918,7,1766,5
28919,7,1767,5
28920,7,1768,5
28921,7,1769,5
28922,7,1770,5
28923,7,1771,5
28924,7,1772,5
28925,7,1773,5
28926,7,1774,5
28927,7,1775,5
28928,7,1776,5
28929,7,1777,5
28930,7,1778,5
28931,7,1779,5
28932,7,1780,5
28933,7,1781,5
28934,7,1782,5
28935,7,1783,5
28936,7,1784,5
28937,7,1785,5
28938,7,1786,5
28939,7,1787,5
28940,7,1788,5
28941,7,1789,5
28942,7,1790,5
28943,7,1791,5
28944,7,1792,5
28945,7,1793,5
28946,7,1794,5
28947,7,1795,5
28948,7,1796,5
28949,7,1797,5
28950,7,1798,5
28951,7,1799,5
28952,7,1800,5
28953,7,1801,5
28954,7,1802,5
28955,7,1803,5
28956,7,1804,5
28957,7,1805,5
28958,7,1806,5
28959,7,1807,5
28960,7,1808,5
28961,7,1809,5
28962,7,1810,5
28963,7,1811,5
28964,7,1812,5
28965,7,1813,5
28966,7,1814,5
28967,7,1815,5
28968,7,1816,5
28969,7,1817,5
28970,7,1818,5
28971,7,1819,5
28972,7,1820,5
28973,7,1821,5
28974,7,1822,5
28975,7,1823,5
28976,7,1824,5
28977,7,1825,5
28978,7,1826,5
28979,7,1827,5
28980,7,1828,5
28981,7,1829,5
28982,7,1830,5
28983,7,1831,5
28984,7,1832,5
28985,7,1833,5
28986,7,1834,5
28987,7,1835,5
28988,7,1836,5
28989,7,1837,5
28990,7,1838,5
28991,7,1839,5
28992,7,1840,5
28993,7,1841,5
28994,7,1842,5
28995,7,1843,5
28996,7,1844,5
28997,7,1845,5
28998,7,1846,5
28999,7,1847,5
29000,7,1848,5
29001,7,1849,5
29002,7,1850,5
29003,7,1851,5
29004,7,1852,5
29005,7,1853,5
29006,7,1854,5
29007,7,1855,5
29008,7,1856,5
29009,7,1857,5
29010,7,1858,5
29011,7,1859,5
29012,7,1860,5
29013,7,1861,5
29014,7,1862,5
29015,7,1863,5
29016,7,1864,5
29017,7,1865,5
29018,7,1866,5
29019,7,1867,5
29020,7,1868,5
29021,7,1869,5
29022,7,1870,5
29023,7,1871,5
29024,7,1872,5
29025,7,1873,5
29026,7,1874,5
29027,7,1875,5
29028,7,1876,5
29029,7,1877,5
29030,7,1878,5
29031,7,1879,5
29032,7,1880,5
29033,7,1881,5
29034,7,1882,5
29035,7,1883,5
29036,7,1884,5
29037,7,1885,5
29038,7,1886,5
29039,7,1887,5
29040,7,1888,5
29041,7,1889,5
29042,7,1890,5
29043,7,1891,5
29044,7,1892,5
29045,7,1893,5
29046,7,1894,5
29047,7,1895,5
29048,7,1896,5
29049,7,1897,5
29050,7,1898,5
29051,7,1899,5
29052,7,1900,5
29053,7,1901,5
29054,7,1902,5
29055,7,1903,5
29056,7,1904,5
29057,7,1905,5
29058,7,1906,5
29059,7,1907,5
29060,7,1908,5
29061,7,1909,5
29062,7,1910,5
29063,7,1911,5
29064,7,1912,5
29065,7,1913,5
29066,7,1914,5
29067,7,1915,5
29068,7,1916,5
29069,7,1917,5
29070,7,1918,5
29071,7,1919,5
29072,7,1920,5
29073,7,1921,5
29074,7,1922,5
29075,7,1923,5
29076,7,1924,5
29077,7,1925,5
29078,7,1926,5
29079,7,1927,5
29080,7,1928,5
29081,7,1929,5
29082,7,1930,5
29083,7,1931,5
29084,7,1932,5
29085,7,1933,5
29086,7,1934,5
29087,7,1935,5
29088,7,1936,5
29089,7,1937,5
29090,7,1938,5
29091,7,1939,5
29092,7,1940,5
29093,7,1941,5
29094,7,1942,5
29095,7,1943,5
29096,7,1944,5
29097,7,1945,5
29098,7,1946,5
29099,7,1947,5
29100,7,1948,5
29101,7,1949,5
29102,7,1950,5
29103,7,1951,5
29104,7,1952,5
29105,7,1953,5
29106,7,1954,5
29107,7,1955,5
29108,7,1956,5
29109,7,1957,5
29110,7,1958,5
29111,7,1959,5
29112,7,1960,5
29113,7,1961,5
29114,7,1962,5
29115,7,1963,5
29116,7,1964,5
29117,7,1965,5
29118,7,1966,5
29119,7,1967,5
29120,7,1968,5
29121,7,1969,5
29122,7,1970,5
29123,7,1971,5
29124,7,1972,5
29125,7,1973,5
29126,7,1974,5
29127,7,1975,5
29128,7,1976,5
29129,7,1977,5
29130,7,1978,5
29131,7,1979,5
29132,7,1980,5
29133,7,1981,5
29134,7,1982,5
29135,7,1983,5
29136,7,1984,5
29137,7,1985,5
29138,7,1986,5
29139,7,1987,5
29140,7,1988,5
29141,7,1989,5
29142,7,1990,5
29143,7,1991,5
29144,7,1992,5
29145,7,1993,5
29146,7,1994,5
29147,7,1995,5
29148,7,1996,5
29149,7,1997,5
29150,7,1998,5
29151,7,1999,5
29152,7,2000,5
29153,7,2001,5
29154,7,2002,5
29155,7,2003,5
29156,7,2004,5
29157,7,2005,5
29158,7,2006,5
29159,7,2007,5
29160,7,2008,5
29161,7,2009,5
29162,7,2010,5
29163,7,2011,5
29164,7,2012,5
29165,7,2013,5
29166,7,2014,5
29167,7,2015,5
29168,7,2016,5
29169,7,2017,5
29170,7,2018,5
29171,7,2019,5
29172,7,2020,5
29173,7,2021,5
29174,7,2022,5
29175,7,2023,5
29176,7,2024,5
29177,7,2025,5
29178,7,2026,5
29179,7,2027,5
29180,7,2028,5
29181,7,2029,5
29182,7,2030,5
29183,7,2031,5
29184,7,2032,5
29185,7,2033,5
29186,7,2034,5
29187,7,2035,5
29188,7,2036,5
29189,7,2037,5
29190,7,2038,5
29191,7,2039,5
29192,7,2040,5
29193,7,2041,5
29194,7,2042,5
29195,7,2043,5
29196,7,2044,5
29197,7,2045,5
29198,7,2046,5
29199,7,2047,5
29200,7,2048,5
29201,7,2049,5
29202,7,2050,5
29203,7,2051,5
29204,7,2052,5
29205,7,2053,5
29206,7,2054,5
29207,7,2055,5
29208,7,2056,5
29209,7,2057,5
29210,7,2058,5
29211,7,2059,5
29212,7,2060,5
29213,7,2061,5
29214,7,2062,5
29215,7,2063,5
29216,7,2064,5
29217,7,2065,5
29218,7,2066,5
29219,7,2067,5
29220,7,2068,5
29221,7,2069,5
29222,7,2070,5
29223,7,2071,5
29224,7,2072,5
29225,7,2073,5
29226,7,2074,5
29227,7,2075,5
29228,7,2076,5
29229,7,2077,5
29230,7,2078,5
29231,7,2079,5
29232,7,2080,5
29233,7,2081,5
29234,7,2082,5
29235,7,2083,5
29236,7,2084,5
29237,7,2085,5
29238,7,2086,5
29239,7,2087,5
29240,7,2088,5
29241,7,2089,5
29242,7,2090,5
29243,7,2091,5
29244,7,2092,5
29245,7,2093,5
29246,7,2094,5
29247,7,2095,5
29248,7,2096,5
29249,7,2097,5
29250,7,2098,5
29251,7,2099,5
29252,7,2100,5
29253,7,2101,5
29254,7,2102,5
29255,7,2103,5
29256,7,2104,5
29257,7,2105,5
29258,7,2106,5
29259,7,2107,5
29260,7,2108,5
29261,7,2109,5
29262,7,2110,5
29263,7,2111,5
29264,7,2112,5
29265,7,2113,5
29266,7,2114,5
29267,7,2115,5
29268,7,2116,5
29269,7,2117,5
29270,7,2118,5
29271,7,2119,5
29272,7,2120,5
29273,7,2121,5
29274,7,2122,5
29275,7,2123,5
29276,7,2124,5
29277,7,2125,5
29278,7,2126,5
29279,7,2127,5
29280,7,2128,5
29281,7,2129,5
29282,7,2130,5
29283,7,2131,5
29284,7,2132,5
29285,7,2133,5
29286,7,2134,5
29287,7,2135,5
29288,7,2136,5
29289,7,2137,5
29290,7,2138,5
29291,7,2139,5
29292,7,2140,5
29293,7,2141,5
29294,7,2142,5
29295,7,2143,5
29296,7,2144,5
29297,7,2145,5
29298,7,2146,5
29299,7,2147,5
29300,7,2148,5
29301,7,2149,5
29302,7,2150,5
29303,7,2151,5
29304,7,2152,5
29305,7,2153,5
29306,7,2154,5
29307,7,2155,5
29308,7,2156,5
29309,7,2157,5
29310,7,2158,5
29311,7,2159,5
29312,7,2160,5
29313,7,2161,5
29314,7,2162,5
29315,7,2163,5
29316,7,2164,5
29317,7,2165,5
29318,7,2166,5
29319,7,2167,5
29320,7,2168,5
29321,7,2169,5
29322,7,2170,5
29323,7,2171,5
29324,7,2172,5
29325,7,2173,5
29326,7,2174,5
29327,7,2175,5
29328,7,2176,5
29329,7,2177,5
29330,7,2178,5
29331,7,2179,5
29332,7,2180,5
29333,7,2181,5
29334,7,2182,5
29335,7,2183,5
29336,7,2184,5
29337,7,2185,5
29338,7,2186,5
29339,7,2187,5
29340,7,2188,5
29341,7,2189,5
29342,7,2190,5
29343,7,2191,5
29344,7,2192,5
29345,7,2193,5
29346,7,2194,5
29347,7,2195,5
29348,7,2196,5
29349,7,2197,5
29350,7,2198,5
29351,7,2199,5
29352,7,2200,5
29353,7,2201,5
29354,7,2202,5
29355,7,2203,5
29356,7,2204,5
29357,7,2205,5
29358,7,2206,5
29359,7,2207,5
29360,7,2208,5
29361,7,2209,5
29362,7,2210,5
29363,7,2211,5
29364,7,2212,5
29365,7,2213,5
29366,7,2214,5
29367,7,2215,5
29368,7,2216,5
29369,7,2217,5
29370,7,2218,5
29371,7,2219,5
29372,7,2220,5
29373,7,2221,5
29374,7,2222,5
29375,7,2223,5
29376,7,2224,5
29377,7,2225,5
29378,7,2226,5
29379,7,2227,5
29380,7,2228,5
29381,7,2229,5
29382,7,2230,5
29383,7,2231,5
29384,7,2232,5
29385,7,2233,5
29386,7,2234,5
29387,7,2235,5
29388,7,2236,5
29389,7,2237,5
29390,7,2238,5
29391,7,2239,5
29392,7,2240,5
29393,7,2241,5
29394,7,2242,5
29395,7,2243,5
29396,7,2244,5
29397,7,2245,5
29398,7,2246,5
29399,7,2247,5
29400,7,2248,5
29401,7,2249,5
29402,7,2250,5
29403,7,2251,5
29404,7,2252,5
29405,7,2253,5
29406,7,2254,5
29407,7,2255,5
29408,7,2256,5
29409,7,2257,5
29410,7,2258,5
29411,7,2259,5
29412,7,2260,5
29413,7,2261,5
29414,7,2262,5
29415,7,2263,5
29416,7,2264,5
29417,7,2265,5
29418,7,2266,5
29419,7,2267,5
29420,7,2268,5
29421,7,2269,5
29422,7,2270,5
29423,7,2271,5
29424,7,2272,5
29425,7,2273,5
29426,7,2274,5
29427,7,2275,5
29428,7,2276,5
29429,7,2277,5
29430,7,2278,5
29431,7,2279,5
29432,7,2280,5
29433,7,2281,5
29434,7,2282,5
29435,7,2283,5
29436,7,2284,5
29437,7,2285,5
29438,7,2286,5
29439,7,2287,5
29440,7,2288,5
29441,7,2289,5
29442,7,2290,5
29443,7,2291,5
29444,7,2292,5
29445,7,2293,5
29446,7,2294,5
29447,7,2295,5
29448,7,2296,5
29449,7,2297,5
29450,7,2298,5
29451,7,2299,5
29452,7,2300,5
29453,7,2301,5
29454,7,2302,5
29455,7,2303,5
29456,7,2304,5
29457,7,2305,5
29458,7,2306,5
29459,7,2307,5
29460,7,2308,5
29461,7,2309,5
29462,7,2310,5
29463,7,2311,5
29464,7,2312,5
29465,7,2313,5
29466,7,2314,5
29467,7,2315,5
29468,7,2316,5
29469,7,2317,5
29470,7,2318,5
29471,7,2319,5
29472,7,2320,5
29473,7,2321,5
29474,7,2322,5
29475,7,2323,5
29476,7,2324,5
29477,7,2325,5
29478,7,2326,5
29479,7,2327,5
29480,7,2328,5
29481,7,2329,5
29482,7,2330,5
29483,7,2331,5
29484,7,2332,5
29485,7,2333,5
29486,7,2334,5
29487,7,2335,5
29488,7,2336,5
29489,7,2337,5
29490,7,2338,5
29491,7,2339,5
29492,7,2340,5
29493,7,2341,5
29494,7,2342,5
29495,7,2343,5
29496,7,2344,5
29497,7,2345,5
29498,7,2346,5
29499,7,2347,5
29500,7,2348,5
29501,7,2349,5
29502,7,2350,5
29503,7,2351,5
29504,7,2352,5
29505,7,2353,5
29506,7,2354,5
29507,7,2355,5
29508,7,2356,5
29509,7,2357,5
29510,7,2358,5
29511,7,2359,5
29512,7,2360,5
29513,7,2361,5
29514,7,2362,5
29515,7,2363,5
29516,7,2364,5
29517,7,2365,5
29518,7,2366,5
29519,7,2367,5
29520,7,2368,5
29521,7,2369,5
29522,7,2370,5
29523,7,2371,5
29524,7,2372,5
29525,7,2373,5
29526,7,2374,5
29527,7,2375,5
29528,7,2376,5
29529,7,2377,5
29530,7,2378,5
29531,7,2379,5
29532,7,2380,5
29533,7,2381,5
29534,7,2382,5
29535,7,2383,5
29536,7,2384,5
29537,7,2385,5
29538,7,2386,5
29539,7,2387,5
29540,7,2388,5
29541,7,2389,5
29542,7,2390,5
29543,7,2391,5
29544,7,2392,5
29545,7,2393,5
29546,7,2394,5
29547,7,2395,5
29548,7,2396,5
29549,7,2397,5
29550,7,2398,5
29551,7,2399,5
29552,7,2400,5
29553,7,2401,5
29554,7,2402,5
29555,7,2403,5
29556,7,2404,5
29557,7,2405,5
29558,7,2406,5
29559,7,2407,5
29560,7,2408,5
29561,7,2409,5
29562,7,2410,5
29563,7,2411,5
29564,7,2412,5
29565,7,2413,5
29566,7,2414,5
29567,7,2415,5
29568,7,2416,5
29569,7,2417,5
29570,7,2418,5
29571,7,2419,5
29572,7,2420,5
29573,7,2421,5
29574,7,2422,5
29575,7,2423,5
29576,7,2424,5
29577,7,2425,5
29578,7,2426,5
29579,7,2427,5
29580,7,2428,5
29581,7,2429,5
29582,7,2430,5
29583,7,2431,5
29584,7,2432,5
29585,7,2433,5
29586,7,2434,5
29587,7,2435,5
29588,7,2436,5
29589,7,2437,5
29590,7,2438,5
29591,7,2439,5
29592,7,2440,5
29593,7,2441,5
29594,7,2442,5
29595,7,2443,5
29596,7,2444,5
29597,7,2445,5
29598,7,2446,5
29599,7,2447,5
29600,7,2448,5
29601,7,2449,5
29602,7,2450,5
29603,7,2451,5
29604,7,2452,5
29605,7,2453,5
29606,7,2454,5
29607,7,2455,5
29608,7,2456,5
29609,7,2457,5
29610,7,2458,5
29611,7,2459,5
29612,7,2460,5
29613,7,2461,5
29614,7,2462,5
29615,7,2463,5
29616,7,2464,5
29617,7,2465,5
29618,7,2466,5
29619,7,2467,5
29620,7,2468,5
29621,7,2469,5
29622,7,2470,5
29623,7,2471,5
29624,7,2472,5
29625,7,2473,5
29626,7,2474,5
29627,7,2475,5
29628,7,2476,5
29629,7,2477,5
29630,7,2478,5
29631,7,2479,5
29632,7,2480,5
29633,7,2481,5
29634,7,2482,5
29635,7,2483,5
29636,7,2484,5
29637,7,2485,5
29638,7,2486,5
29639,7,2487,5
29640,7,2488,5
29641,7,2489,5
29642,7,2490,5
29643,7,2491,5
29644,7,2492,5
29645,7,2493,5
29646,7,2494,5
29647,7,2495,5
29648,7,2496,5
29649,7,2497,5
29650,7,2498,5
29651,7,2499,5
29652,7,2500,5
29653,7,2501,5
29654,7,2502,5
29655,7,2503,5
29656,7,2504,5
29657,7,2505,5
29658,7,2506,5
29659,7,2507,5
29660,7,2508,5
29661,7,2509,5
29662,7,2510,5
29663,7,2511,5
29664,7,2512,5
29665,7,2513,5
29666,7,2514,5
29667,7,2515,5
29668,7,2516,5
29669,7,2517,5
29670,7,2518,5
29671,7,2519,5
29672,7,2520,5
29673,7,2521,5
29674,7,2522,5
29675,7,2523,5
29676,7,2524,5
29677,7,2525,5
29678,7,2526,5
29679,7,2527,5
29680,7,2528,5
29681,7,2529,5
29682,7,2530,5
29683,7,2531,5
29684,7,2532,5
29685,7,2533,5
29686,7,2534,5
29687,7,2535,5
29688,7,2536,5
29689,7,2537,5
29690,7,2538,5
29691,7,2539,5
29692,7,2540,5
29693,7,2541,5
29694,7,2542,5
29695,7,2543,5
29696,7,2544,5
29697,7,2545,5
29698,7,2546,5
29699,7,2547,5
29700,7,2548,5
29701,7,2549,5
29702,7,2550,5
29703,7,2551,5
29704,7,2552,5
29705,7,2553,5
29706,7,2554,5
29707,7,2555,5
29708,7,2556,5
29709,7,2557,5
29710,7,2558,5
29711,7,2559,5
29712,7,2560,5
29713,7,2561,5
29714,7,2562,5
29715,7,2563,5
29716,7,2564,5
29717,7,2565,5
29718,7,2566,5
29719,7,2567,5
29720,7,2568,5
29721,7,2569,5
29722,7,2570,5
29723,7,2571,5
29724,7,2572,5
29725,7,2573,5
29726,7,2574,5
29727,7,2575,5
29728,7,2576,5
29729,7,2577,5
29730,7,2578,5
29731,7,2579,5
29732,7,2580,5
29733,7,2581,5
29734,7,2582,5
29735,7,2583,5
29736,7,2584,5
29737,7,2585,5
29738,7,2586,5
29739,7,2587,5
29740,7,2588,5
29741,7,2589,5
29742,7,2590,5
29743,7,2591,5
29744,7,2592,5
29745,7,2593,5
29746,7,2594,5
29747,7,2595,5
29748,7,2596,5
29749,7,2597,5
29750,7,2598,5
29751,7,2599,5
29752,7,2600,5
29753,7,2601,5
29754,7,2602,5
29755,7,2603,5
29756,7,2604,5
29757,7,2605,5
29758,7,2606,5
29759,7,2607,5
29760,7,2608,5
29761,7,2609,5
29762,7,2610,5
29763,7,2611,5
29764,7,2612,5
29765,7,2613,5
29766,7,2614,5
29767,7,2615,5
29768,7,2616,5
29769,7,2617,5
29770,7,2618,5
29771,7,2619,5
29772,7,2620,5
29773,7,2621,5
29774,7,2622,5
29775,7,2623,5
29776,7,2624,5
29777,7,2625,5
29778,7,2626,5
29779,7,2627,5
29780,7,2628,5
29781,7,2629,5
29782,7,2630,5
29783,7,2631,5
29784,7,2632,5
29785,7,2633,5
29786,7,2634,5
29787,7,2635,5
29788,7,2636,5
29789,7,2637,5
29790,7,2638,5
29791,7,2639,5
29792,7,2640,5
29793,7,2641,5
29794,7,2642,5
29795,7,2643,5
29796,7,2644,5
29797,7,2645,5
29798,7,2646,5
29799,7,2647,5
29800,7,2648,5
29801,7,2649,5
29802,7,2650,5
29803,7,2651,5
29804,7,2652,5
29805,7,2653,5
29806,7,2654,5
29807,7,2655,5
29808,7,2656,5
29809,7,2657,5
29810,7,2658,5
29811,7,2659,5
29812,7,2660,5
29813,7,2661,5
29814,7,2662,5
29815,7,2663,5
29816,7,2664,5
29817,7,2665,5
29818,7,2666,5
29819,7,2667,5
29820,7,2668,5
29821,7,2669,5
29822,7,2670,5
29823,7,2671,5
29824,7,2672,5
29825,7,2673,5
29826,7,2674,5
29827,7,2675,5
29828,7,2676,5
29829,7,2677,5
29830,7,2678,5
29831,7,2679,5
29832,7,2680,5
29833,7,2681,5
29834,7,2682,5
29835,7,2683,5
29836,7,2684,5
29837,7,2685,5
29838,7,2686,5
29839,7,2687,5
29840,7,2688,5
29841,7,2689,5
29842,7,2690,5
29843,7,2691,5
29844,7,2692,5
29845,7,2693,5
29846,7,2694,5
29847,7,2695,5
29848,7,2696,5
29849,7,2697,5
29850,7,2698,5
29851,7,2699,5
29852,7,2700,5
29853,7,2701,5
29854,7,2702,5
29855,7,2703,5
29856,7,2704,5
29857,7,2705,5
29858,7,2706,5
29859,7,2707,5
29860,7,2708,5
29861,7,2709,5
29862,7,2710,5
29863,7,2711,5
29864,7,2712,5
29865,7,2713,5
29866,7,2714,5
29867,7,2715,5
29868,7,2716,5
29869,7,2717,5
29870,7,2718,5
29871,7,2719,5
29872,7,2720,5
29873,7,2721,5
29874,7,2722,5
29875,7,2723,5
29876,7,2724,5
29877,7,2725,5
29878,7,2726,5
29879,7,2727,5
29880,7,2728,5
29881,7,2729,5
29882,7,2730,5
29883,7,2731,5
29884,7,2732,5
29885,7,2733,5
29886,7,2734,5
29887,7,2735,5
29888,7,2736,5
29889,7,2737,5
29890,7,2738,5
29891,7,2739,5
29892,7,2740,5
29893,7,2741,5
29894,7,2742,5
29895,7,2743,5
29896,7,2744,5
29897,7,2745,5
29898,7,2746,5
29899,7,2747,5
29900,7,2748,5
29901,7,2749,5
29902,7,2750,5
29903,7,2751,5
29904,7,2752,5
29905,7,2753,5
29906,7,2754,5
29907,7,2755,5
29908,7,2756,5
29909,7,2757,5
29910,7,2758,5
29911,7,2759,5
29912,7,2760,5
29913,7,2761,5
29914,7,2762,5
29915,7,2763,5
29916,7,2764,5
29917,7,2765,5
29918,7,2766,5
29919,7,2767,5
29920,7,2768,5
29921,7,2769,5
29922,7,2770,5
29923,7,2771,5
29924,7,2772,5
29925,7,2773,5
29926,7,2774,5
29927,7,2775,5
29928,7,2776,5
29929,7,2777,5
29930,7,2778,5
29931,7,2779,5
29932,7,2780,5
29933,7,2781,5
29934,7,2782,5
29935,7,2783,5
29936,7,2784,5
29937,7,2785,5
29938,7,2786,5
29939,7,2787,5
29940,7,2788,5
29941,7,2789,5
29942,7,2790,5
29943,7,2791,5
29944,7,2792,5
29945,7,2793,5
29946,7,2794,5
29947,7,2795,5
29948,7,2796,5
29949,7,2797,5
29950,7,2798,5
29951,7,2799,5
29952,7,2800,5
29953,7,2801,5
29954,7,2802,5
29955,7,2803,5
29956,7,2804,5
29957,7,2805,5
29958,7,2806,5
29959,7,2807,5
29960,7,2808,5
29961,7,2809,5
29962,7,2810,5
29963,7,2811,5
29964,7,2812,5
29965,7,2813,5
29966,7,2814,5
29967,7,2815,5
29968,7,2816,5
29969,7,2817,5
29970,7,2818,5
29971,7,2819,5
29972,7,2820,5
29973,7,2821,5
29974,7,2822,5
29975,7,2823,5
29976,7,2824,5
29977,7,2825,5
29978,7,2826,5
29979,7,2827,5
29980,7,2828,5
29981,7,2829,5
29982,7,2830,5
29983,7,2831,5
29984,7,2832,5
29985,7,2833,5
29986,7,2834,5
29987,7,2835,5
29988,7,2836,5
29989,7,2837,5
29990,7,2838,5
29991,7,2839,5
29992,7,2840,5
29993,7,2841,5
29994,7,2842,5
29995,7,2843,5
29996,7,2844,5
29997,7,2845,5
29998,7,2846,5
29999,7,2847,5
30000,7,2848,5
30001,7,2849,5
30002,7,2850,5
30003,7,2851,5
30004,7,2852,5
30005,7,2853,5
30006,7,2854,5
30007,7,2855,5
30008,7,2856,5
30009,7,2857,5
30010,7,2858,5
30011,7,2859,5
30012,7,2860,5
30013,7,2861,5
30014,7,2862,5
30015,7,2863,5
30016,7,2864,5
30017,7,2865,5
30018,7,2866,5
30019,7,2867,5
30020,7,2868,5
30021,7,2869,5
30022,7,2870,5
30023,7,2871,5
30024,7,2872,5
30025,7,2873,5
30026,7,2874,5
30027,7,2875,5
30028,7,2876,5
30029,7,2877,5
30030,7,2878,5
30031,7,2879,5
30032,7,2880,5
30033,7,2881,5
30034,7,2882,5
30035,7,2883,5
30036,7,2884,5
30037,7,2885,5
30038,7,2886,5
30039,7,2887,5
30040,7,2888,5
30041,7,2889,5
30042,7,2890,5
30043,7,2891,5
30044,7,2892,5
30045,7,2893,5
30046,7,2894,5
30047,7,2895,5
30048,7,2896,5
30049,7,2897,5
30050,7,2898,5
30051,7,2899,5
30052,7,2900,5
30053,7,2901,5
30054,7,2902,5
30055,7,2903,5
30056,7,2904,5
30057,7,2905,5
30058,7,2906,5
30059,7,2907,5
30060,7,2908,5
30061,7,2909,5
30062,7,2910,5
30063,7,2911,5
30064,7,2912,5
30065,7,2913,5
30066,7,2914,5
30067,7,2915,5
30068,7,2916,5
30069,7,2917,5
30070,7,2918,5
30071,7,2919,5
30072,7,2920,5
30073,7,2921,5
30074,7,2922,5
30075,7,2923,5
30076,7,2924,5
30077,7,2925,5
30078,7,2926,5
30079,7,2927,5
30080,7,2928,5
30081,7,2929,5
30082,7,2930,5
30083,7,2931,5
30084,7,2932,5
30085,7,2933,5
30086,7,2934,5
30087,7,2935,5
30088,7,2936,5
30089,7,2937,5
30090,7,2938,5
30091,7,2939,5
30092,7,2940,5
30093,7,2941,5
30094,7,2942,5
30095,7,2943,5
30096,7,2944,5
30097,7,2945,5
30098,7,2946,5
30099,7,2947,5
30100,7,2948,5
30101,7,2949,5
30102,7,2950,5
30103,7,2951,5
30104,7,2952,5
30105,7,2953,5
30106,7,2954,5
30107,7,2955,5
30108,7,2956,5
30109,7,2957,5
30110,7,2958,5
30111,7,2959,5
30112,7,2960,5
30113,7,2961,5
30114,7,2962,5
30115,7,2963,5
30116,7,2964,5
30117,7,2965,5
30118,7,2966,5
30119,7,2967,5
30120,7,2968,5
30121,7,2969,5
30122,7,2970,5
30123,7,2971,5
30124,7,2972,5
30125,7,2973,5
30126,7,2974,5
30127,7,2975,5
30128,7,2976,5
30129,7,2977,5
30130,7,2978,5
30131,7,2979,5
30132,7,2980,5
30133,7,2981,5
30134,7,2982,5
30135,7,2983,5
30136,7,2984,5
30137,7,2985,5
30138,7,2986,5
30139,7,2987,5
30140,7,2988,5
30141,7,2989,5
30142,7,2990,5
30143,7,2991,5
30144,7,2992,5
30145,7,2993,5
30146,7,2994,5
30147,7,2995,5
30148,7,2996,5
30149,7,2997,5
30150,7,2998,5
30151,7,2999,5
30152,7,3000,5
30153,7,3001,5
30154,7,3002,5
30155,7,3003,5
30156,7,3004,5
30157,7,3005,5
30158,7,3006,5
30159,7,3007,5
30160,7,3008,5
30161,7,3009,5
30162,7,3010,5
30163,7,3011,5
30164,7,3012,5
30165,7,3013,5
30166,7,3014,5
30167,7,3015,5
30168,7,3016,5
30169,7,3017,5
30170,7,3018,5
30171,7,3019,5
30172,7,3020,5
30173,7,3021,5
30174,7,3022,5
30175,7,3023,5
30176,7,3024,5
30177,7,3025,5
30178,7,3026,5
30179,7,3027,5
30180,7,3028,5
30181,7,3029,5
30182,7,3030,5
30183,7,3031,5
30184,7,3032,5
30185,7,3033,5
30186,7,3034,5
30187,7,3035,5
30188,7,3036,5
30189,7,3037,5
30190,7,3038,5
30191,7,3039,5
30192,7,3040,5
30193,7,3041,5
30194,7,3042,5
30195,7,3043,5
30196,7,3044,5
30197,7,3045,5
30198,7,3046,5
30199,7,3047,5
30200,7,3048,5
30201,7,3049,5
30202,7,3050,5
30203,7,3051,5
30204,7,3052,5
30205,7,3053,5
30206,7,3054,5
30207,7,3055,5
30208,7,3056,5
30209,7,3057,5
30210,7,3058,5
30211,7,3059,5
30212,7,3060,5
30213,7,3061,5
30214,7,3062,5
30215,7,3063,5
30216,7,3064,5
30217,7,3065,5
30218,7,3066,5
30219,7,3067,5
30220,7,3068,5
30221,7,3069,5
30222,7,3070,5
30223,7,3071,5
30224,7,3072,5
30225,7,3073,5
30226,7,3074,5
30227,7,3075,5
30228,7,3076,5
30229,7,3077,5
30230,7,3078,5
30231,7,3079,5
30232,7,3080,5
30233,7,3081,5
30234,7,3082,5
30235,7,3083,5
30236,7,3084,5
30237,7,3085,5
30238,7,3086,5
30239,7,3087,5
30240,7,3088,5
30241,7,3089,5
30242,7,3090,5
30243,7,3091,5
30244,7,3092,5
30245,7,3093,5
30246,7,3094,5
30247,7,3095,5
30248,7,3096,5
30249,7,3097,5
30250,7,3098,5
30251,7,3099,5
30252,7,3100,5
30253,7,3101,5
30254,7,3102,5
30255,7,3103,5
30256,7,3104,5
30257,7,3105,5
30258,7,3106,5
30259,7,3107,5
30260,7,3108,5
30261,7,3109,5
30262,7,3110,5
30263,7,3111,5
30264,7,3112,5
30265,7,3113,5
30266,7,3114,5
30267,7,3115,5
30268,7,3116,5
30269,7,3117,5
30270,7,3118,5
30271,7,3119,5
30272,7,3120,5
30273,7,3121,5
30274,7,3122,5
30275,7,3123,5
30276,7,3124,5
30277,7,3125,5
30278,7,3126,5
30279,7,3127,5
30280,7,3128,5
30281,7,3129,5
30282,7,3130,5
30283,7,3131,5
30284,7,3132,5
30285,7,3133,5
30286,7,3134,5
30287,7,3135,5
30288,7,3136,5
30289,7,3137,5
30290,7,3138,5
30291,7,3139,5
30292,7,3140,5
30293,7,3141,5
30294,7,3142,5
30295,7,3143,5
30296,7,3144,5
30297,7,3145,5
30298,7,3146,5
30299,7,3147,5
30300,7,3148,5
30301,7,3149,5
30302,7,3150,5
30303,7,3151,5
30304,7,3152,5
30305,7,3153,5
30306,7,3154,5
30307,7,3155,5
30308,7,3156,5
30309,7,3157,5
30310,7,3158,5
30311,7,3159,5
30312,7,3160,5
30313,7,3161,5
30314,7,3162,5
30315,7,3163,5
30316,7,3164,5
30317,7,3165,5
30318,7,3166,5
30319,7,3167,5
30320,7,3168,5
30321,7,3169,5
30322,7,3170,5
30323,7,3171,5
30324,7,3172,5
30325,7,3173,5
30326,7,3174,5
30327,7,3175,5
30328,7,3176,5
30329,7,3177,5
30330,7,3178,5
30331,7,3179,5
30332,7,3180,5
30333,7,3181,5
30334,7,3182,5
30335,7,3183,5
30336,7,3184,5
30337,7,3185,5
30338,7,3186,5
30339,7,3187,5
30340,7,3188,5
30341,7,3189,5
30342,7,3190,5
30343,7,3191,5
30344,7,3192,5
30345,7,3193,5
30346,7,3194,5
30347,7,3195,5
30348,7,3196,5
30349,7,3197,5
30350,7,3198,5
30351,7,3199,5
30352,7,3200,5
30353,7,3201,5
30354,7,3202,5
30355,7,3203,5
30356,7,3204,5
30357,7,3205,5
30358,7,3206,5
30359,7,3207,5
30360,7,3208,5
30361,7,3209,5
30362,7,3210,5
30363,7,3211,5
30364,7,3212,5
30365,7,3213,5
30366,7,3214,5
30367,7,3215,5
30368,7,3216,5
30369,7,3217,5
30370,7,3218,5
30371,7,3219,5
30372,7,3220,5
30373,7,3221,5
30374,7,3222,5
30375,7,3223,5
30376,7,3224,5
30377,7,3225,5
30378,7,3226,5
30379,7,3227,5
30380,7,3228,5
30381,7,3229,5
30382,7,3230,5
30383,7,3231,5
30384,7,3232,5
30385,7,3233,5
30386,7,3234,5
30387,7,3235,5
30388,7,3236,5
30389,7,3237,5
30390,7,3238,5
30391,7,3239,5
30392,7,3240,5
30393,7,3241,5
30394,7,3242,5
30395,7,3243,5
30396,7,3244,5
30397,7,3245,5
30398,7,3246,5
30399,7,3247,5
30400,7,3248,5
30401,7,3249,5
30402,7,3250,5
30403,7,3251,5
30404,7,3252,5
30405,7,3253,5
30406,7,3254,5
30407,7,3255,5
30408,7,3256,5
30409,7,3257,5
30410,7,3258,5
30411,7,3259,5
30412,7,3260,5
30413,7,3261,5
30414,7,3262,5
30415,7,3263,5
30416,7,3264,5
30417,7,3265,5
30418,7,3266,5
30419,7,3267,5
30420,7,3268,5
30421,7,3269,5
30422,7,3270,5
30423,7,3271,5
30424,7,3272,5
30425,7,3273,5
30426,7,3274,5
30427,7,3275,5
30428,7,3276,5
30429,7,3277,5
30430,7,3278,5
30431,7,3279,5
30432,7,3280,5
30433,7,3281,5
30434,7,3282,5
30435,7,3283,5
30436,7,3284,5
30437,7,3285,5
30438,7,3286,5
30439,7,3287,5
30440,7,3288,5
30441,7,3289,5
30442,7,3290,5
30443,7,3291,5
30444,7,3292,5
30445,7,3293,5
30446,7,3294,5
30447,7,3295,5
30448,7,3296,5
30449,7,3297,5
30450,7,3298,5
30451,7,3299,5
30452,7,3300,5
30453,7,3301,5
30454,7,3302,5
30455,7,3303,5
30456,7,3304,5
30457,7,3305,5
30458,7,3306,5
30459,7,3307,5
30460,7,3308,5
30461,7,3309,5
30462,7,3310,5
30463,7,3311,5
30464,7,3312,5
30465,7,3313,5
30466,7,3314,5
30467,7,3315,5
30468,7,3316,5
30469,7,3317,5
30470,7,3318,5
30471,7,3319,5
30472,7,3320,5
30473,7,3321,5
30474,7,3322,5
30475,7,3323,5
30476,7,3324,5
30477,7,3325,5
30478,7,3326,5
30479,7,3327,5
30480,7,3328,5
30481,7,3329,5
30482,7,3330,5
30483,7,3331,5
30484,7,3332,5
30485,7,3333,5
30486,7,3334,5
30487,7,3335,5
30488,7,3336,5
30489,7,3337,5
30490,7,3338,5
30491,7,3339,5
30492,7,3340,5
30493,7,3341,5
30494,7,3342,5
30495,7,3343,5
30496,7,3344,5
30497,7,3345,5
30498,7,3346,5
30499,7,3347,5
30500,7,3348,5
30501,7,3349,5
30502,7,3350,5
30503,7,3351,5
30504,7,3352,5
30505,7,3353,5
30506,7,3354,5
30507,7,3355,5
30508,7,3356,5
30509,7,3357,5
30510,7,3358,5
30511,7,3359,5
30512,7,3360,5
30513,7,3361,5
30514,7,3362,5
30515,7,3363,5
30516,7,3364,5
30517,7,3365,5
30518,7,3366,5
30519,7,3367,5
30520,7,3368,5
30521,7,3369,5
30522,7,3370,5
30523,7,3371,5
30524,7,3372,5
30525,7,3373,5
30526,7,3374,5
30527,7,3375,5
30528,7,3376,5
30529,7,3377,5
30530,7,3378,5
30531,7,3379,5
30532,7,3380,5
30533,7,3381,5
30534,7,3382,5
30535,7,3383,5
30536,7,3384,5
30537,7,3385,5
30538,7,3386,5
30539,7,3387,5
30540,7,3388,5
30541,7,3389,5
30542,7,3390,5
30543,7,3391,5
30544,7,3392,5
30545,7,3393,5
