epoch,threshold,target_accuracy,pseudo_accuracy,coverage,reliable_count,target_count,reliability_mean,alignment_active
1.0,0.0,0.459536436849342,0.487821646042035,1.0,10182.0,10182.0,0.2672794426043531,0.0
1.0,0.05,0.459536436849342,0.4886475814412636,0.9948929483402082,10130.0,10182.0,0.2672794426043531,0.0
1.0,0.1,0.459536436849342,0.5008545182653279,0.9194657238263603,9362.0,10182.0,0.2672794426043531,0.0
1.0,0.15,0.459536436849342,0.5110788231020704,0.8111373011196229,8259.0,10182.0,0.2672794426043531,0.0
1.0,0.2,0.459536436849342,0.5163036473772393,0.7620310351600864,7759.0,10182.0,0.2672794426043531,0.0
1.0,0.25,0.459536436849342,0.5455330168321105,0.6826753093694755,6951.0,10182.0,0.2672794426043531,0.0
1.0,0.3,0.459536436849342,0.6438651509212073,0.5010803378511098,5102.0,10182.0,0.2672794426043531,0.0
1.0,0.35,0.459536436849342,0.578688524590164,0.17972893341190335,1830.0,10182.0,0.2672794426043531,0.0
1.0,0.4,0.459536436849342,nan,0.0,0.0,10182.0,0.2672794426043531,0.0
1.0,0.45,0.459536436849342,nan,0.0,0.0,10182.0,0.2672794426043531,0.0
1.0,0.5,0.459536436849342,nan,0.0,0.0,10182.0,0.2672794426043531,0.0
1.0,0.55,0.459536436849342,nan,0.0,0.0,10182.0,0.2672794426043531,0.0
1.0,0.6,0.459536436849342,nan,0.0,0.0,10182.0,0.2672794426043531,0.0
1.0,0.65,0.459536436849342,nan,0.0,0.0,10182.0,0.2672794426043531,0.0
1.0,0.7,0.459536436849342,nan,0.0,0.0,10182.0,0.2672794426043531,0.0
1.0,0.75,0.459536436849342,nan,0.0,0.0,10182.0,0.2672794426043531,0.0
1.0,0.8,0.459536436849342,nan,0.0,0.0,10182.0,0.2672794426043531,0.0
1.0,0.85,0.459536436849342,nan,0.0,0.0,10182.0,0.2672794426043531,0.0
1.0,0.9,0.459536436849342,nan,0.0,0.0,10182.0,0.2672794426043531,0.0
1.0,0.95,0.459536436849342,nan,0.0,0.0,10182.0,0.2672794426043531,0.0
1.0,1.0,0.459536436849342,nan,0.0,0.0,10182.0,0.2672794426043531,0.0
2.0,0.0,0.560695344725987,0.525535258298959,1.0,10182.0,10182.0,0.6459436980658783,0.0
2.0,0.05,0.560695344725987,0.5240213523131673,0.9935179728933412,10116.0,10182.0,0.6459436980658783,0.0
2.0,0.1,0.560695344725987,0.5456049638055843,0.9497151836574347,9670.0,10182.0,0.6459436980658783,0.0
2.0,0.15,0.560695344725987,0.5517277930888277,0.9265370261245335,9434.0,10182.0,0.6459436980658783,0.0
2.0,0.2,0.560695344725987,0.5663441218996774,0.8830288744843842,8991.0,10182.0,0.6459436980658783,0.0
2.0,0.25,0.560695344725987,0.5778952205882353,0.8548418778236103,8704.0,10182.0,0.6459436980658783,0.0
2.0,0.3,0.560695344725987,0.5832742735648476,0.8314672952268709,8466.0,10182.0,0.6459436980658783,0.0
2.0,0.35,0.560695344725987,0.589264027204275,0.808681987821646,8234.0,10182.0,0.6459436980658783,0.0
2.0,0.4,0.560695344725987,0.5964125560538116,0.788450206246317,8028.0,10182.0,0.6459436980658783,0.0
2.0,0.45,0.560695344725987,0.601350490508345,0.770870163032803,7849.0,10182.0,0.6459436980658783,0.0
2.0,0.5,0.560695344725987,0.6052903225806452,0.7611471223728148,7750.0,10182.0,0.6459436980658783,0.0
2.0,0.55,0.560695344725987,0.6067961165048543,0.7485759182871734,7622.0,10182.0,0.6459436980658783,0.0
2.0,0.6,0.560695344725987,0.6213519952352591,0.6595953643684934,6716.0,10182.0,0.6459436980658783,0.0
2.0,0.65,0.560695344725987,0.7652248150256118,0.34511883716362207,3514.0,10182.0,0.6459436980658783,0.0
2.0,0.7,0.560695344725987,0.7651083238312428,0.34452956197210766,3508.0,10182.0,0.6459436980658783,0.0
2.0,0.75,0.560695344725987,0.7654462242562929,0.34335101158907877,3496.0,10182.0,0.6459436980658783,0.0
2.0,0.8,0.560695344725987,0.7663793103448275,0.3417796110783736,3480.0,10182.0,0.6459436980658783,0.0
2.0,0.85,0.560695344725987,0.7682080924855491,0.33981536043999216,3460.0,10182.0,0.6459436980658783,0.0
2.0,0.9,0.560695344725987,0.7685373655132306,0.3377528972696916,3439.0,10182.0,0.6459436980658783,0.0
2.0,0.95,0.560695344725987,0.7701826753093695,0.3333333333333333,3394.0,10182.0,0.6459436980658783,0.0
2.0,1.0,0.560695344725987,nan,0.0,0.0,10182.0,0.6459436980658783,0.0
3.0,0.0,0.5532311923001375,0.5428206639167158,1.0,10182.0,10182.0,0.6015186339054799,0.0
3.0,0.05,0.5532311923001375,0.5428739809448974,0.9999017874680809,10181.0,10182.0,0.6015186339054799,0.0
3.0,0.1,0.5532311923001375,0.5429779701022817,0.998625024553133,10168.0,10182.0,0.6015186339054799,0.0
3.0,0.15,0.5532311923001375,0.5451217098753216,0.9925358475741505,10106.0,10182.0,0.6015186339054799,0.0
3.0,0.2,0.5532311923001375,0.5480163885280304,0.9828128069141623,10007.0,10182.0,0.6015186339054799,0.0
3.0,0.25,0.5532311923001375,0.5532870559412005,0.9620899626792379,9796.0,10182.0,0.6015186339054799,0.0
3.0,0.3,0.5532311923001375,0.58770073447031,0.7889412689059124,8033.0,10182.0,0.6015186339054799,0.0
3.0,0.35,0.5532311923001375,0.5919288464091331,0.7398350029463759,7533.0,10182.0,0.6015186339054799,0.0
3.0,0.4,0.5532311923001375,0.6025658523270097,0.7196032213710469,7327.0,10182.0,0.6015186339054799,0.0
3.0,0.45,0.5532311923001375,0.6139685216413716,0.6988803771361226,7116.0,10182.0,0.6015186339054799,0.0
3.0,0.5,0.5532311923001375,0.6239705882352942,0.6678452170496956,6800.0,10182.0,0.6015186339054799,0.0
3.0,0.55,0.5532311923001375,0.8291837377875827,0.3116283637792182,3173.0,10182.0,0.6015186339054799,0.0
3.0,0.6,0.5532311923001375,0.8295992426633008,0.31123551365154195,3169.0,10182.0,0.6015186339054799,0.0
3.0,0.65,0.5532311923001375,0.8310126582278481,0.31035160086427027,3160.0,10182.0,0.6015186339054799,0.0
3.0,0.7,0.5532311923001375,0.8321678321678322,0.3089766254174033,3146.0,10182.0,0.6015186339054799,0.0
3.0,0.75,0.5532311923001375,0.8333333333333334,0.3070123747790218,3126.0,10182.0,0.6015186339054799,0.0
3.0,0.8,0.5532311923001375,0.8331189710610932,0.3054409742683166,3110.0,10182.0,0.6015186339054799,0.0
3.0,0.85,0.5532311923001375,0.831979200519987,0.3021999607149872,3077.0,10182.0,0.6015186339054799,0.0
3.0,0.9,0.5532311923001375,0.830976652416968,0.2986643095659006,3041.0,10182.0,0.6015186339054799,0.0
3.0,0.95,0.5532311923001375,0.8301196808510638,0.2954232960125712,3008.0,10182.0,0.6015186339054799,0.0
3.0,1.0,0.5532311923001375,nan,0.0,0.0,10182.0,0.6015186339054799,0.0
4.0,0.0,0.594382243174229,0.5581418188960912,1.0,10182.0,10182.0,0.6307197220709838,0.0
4.0,0.05,0.594382243174229,0.5581418188960912,1.0,10182.0,10182.0,0.6307197220709838,0.0
4.0,0.1,0.594382243174229,0.5579795597484277,0.9994107248084856,10176.0,10182.0,0.6307197220709838,0.0
4.0,0.15,0.594382243174229,0.5578137332280979,0.9954822235317227,10136.0,10182.0,0.6307197220709838,0.0
4.0,0.2,0.594382243174229,0.5596284458649621,0.9833038695737576,10012.0,10182.0,0.6307197220709838,0.0
4.0,0.25,0.594382243174229,0.5635291725960561,0.966214889019839,9838.0,10182.0,0.6307197220709838,0.0
4.0,0.3,0.594382243174229,0.5665118243243243,0.9302691023374583,9472.0,10182.0,0.6307197220709838,0.0
4.0,0.35,0.594382243174229,0.5710221054935435,0.8974661166764879,9138.0,10182.0,0.6307197220709838,0.0
4.0,0.4,0.594382243174229,0.5749798595925883,0.8533686898448242,8689.0,10182.0,0.6307197220709838,0.0
4.0,0.45,0.594382243174229,0.6090215845935117,0.7598703594578669,7737.0,10182.0,0.6307197220709838,0.0
4.0,0.5,0.594382243174229,0.7295633775726101,0.5106069534472599,5199.0,10182.0,0.6307197220709838,0.0
4.0,0.55,0.594382243174229,0.794458915462941,0.4147515222942447,4223.0,10182.0,0.6307197220709838,0.0
4.0,0.6,0.594382243174229,0.8250069003588186,0.35582400314280105,3623.0,10182.0,0.6307197220709838,0.0
4.0,0.65,0.594382243174229,0.8336172629187961,0.34590453741897464,3522.0,10182.0,0.6307197220709838,0.0
4.0,0.7,0.594382243174229,0.8337639965546942,0.34207424867413083,3483.0,10182.0,0.6307197220709838,0.0
4.0,0.75,0.594382243174229,0.837452747891829,0.3377528972696916,3439.0,10182.0,0.6307197220709838,0.0
4.0,0.8,0.594382243174229,0.8376623376623377,0.3327440581418189,3388.0,10182.0,0.6307197220709838,0.0
4.0,0.85,0.594382243174229,0.8397855866587254,0.3297976821842467,3358.0,10182.0,0.6307197220709838,0.0
4.0,0.9,0.594382243174229,0.8406278297615454,0.3253781182478884,3313.0,10182.0,0.6307197220709838,0.0
4.0,0.95,0.594382243174229,0.8431311881188119,0.31742290316244354,3232.0,10182.0,0.6307197220709838,0.0
4.0,1.0,0.594382243174229,nan,0.0,0.0,10182.0,0.6307197220709838,0.0
5.0,0.0,0.6478098605382047,0.6468277352190139,1.0,10182.0,10182.0,0.8497332764203704,0.0
5.0,0.05,0.6478098605382047,0.6468277352190139,1.0,10182.0,10182.0,0.8497332764203704,0.0
5.0,0.1,0.6478098605382047,0.6469026548672566,0.9988214496169712,10170.0,10182.0,0.8497332764203704,0.0
5.0,0.15,0.6478098605382047,0.6474415853297841,0.9961697112551562,10143.0,10182.0,0.8497332764203704,0.0
5.0,0.2,0.6478098605382047,0.6495438318127728,0.9903751718719308,10084.0,10182.0,0.8497332764203704,0.0
5.0,0.25,0.6478098605382047,0.6509264793783622,0.9858573954036535,10038.0,10182.0,0.8497332764203704,0.0
5.0,0.3,0.6478098605382047,0.6535448885318337,0.9780003928501276,9958.0,10182.0,0.8497332764203704,0.0
5.0,0.35,0.6478098605382047,0.6569625407166124,0.9648399135729719,9824.0,10182.0,0.8497332764203704,0.0
5.0,0.4,0.6478098605382047,0.6621185293198625,0.9429385189550187,9601.0,10182.0,0.8497332764203704,0.0
5.0,0.45,0.6478098605382047,0.6670552082229522,0.9268316637202907,9437.0,10182.0,0.8497332764203704,0.0
5.0,0.5,0.6478098605382047,0.6716011755741809,0.9022785307405224,9187.0,10182.0,0.8497332764203704,0.0
5.0,0.55,0.6478098605382047,0.6787436904094223,0.8755647220585346,8915.0,10182.0,0.8497332764203704,0.0
5.0,0.6,0.6478098605382047,0.6851787972864206,0.8541543901001768,8697.0,10182.0,0.8497332764203704,0.0
5.0,0.65,0.6478098605382047,0.6861538461538461,0.8298958947161658,8450.0,10182.0,0.8497332764203704,0.0
5.0,0.7,0.6478098605382047,0.7153396082421776,0.7721469259477509,7862.0,10182.0,0.8497332764203704,0.0
5.0,0.75,0.6478098605382047,0.7225488855462874,0.7182282459241799,7313.0,10182.0,0.8497332764203704,0.0
5.0,0.8,0.6478098605382047,0.7254929380506223,0.7023178157532901,7151.0,10182.0,0.8497332764203704,0.0
5.0,0.85,0.6478098605382047,0.7262514220705347,0.6906305244549205,7032.0,10182.0,0.8497332764203704,0.0
5.0,0.9,0.6478098605382047,0.7310589277802393,0.6649970536240424,6771.0,10182.0,0.8497332764203704,0.0
5.0,0.95,0.6478098605382047,0.7282648235722081,0.5399725004910627,5498.0,10182.0,0.8497332764203704,0.0
5.0,1.0,0.6478098605382047,nan,0.0,0.0,10182.0,0.8497332764203704,0.0
6.0,0.0,0.7082105676684345,0.6983893144765272,1.0,10182.0,10182.0,0.8871274963248118,0.0
6.0,0.05,0.7082105676684345,0.6983893144765272,1.0,10182.0,10182.0,0.8871274963248118,0.0
6.0,0.1,0.7082105676684345,0.6984766584766585,0.9993125122765665,10175.0,10182.0,0.8871274963248118,0.0
6.0,0.15,0.7082105676684345,0.6989564874975389,0.9976428992339422,10158.0,10182.0,0.8871274963248118,0.0
6.0,0.2,0.7082105676684345,0.7004845248689805,0.993223335297584,10113.0,10182.0,0.8871274963248118,0.0
6.0,0.25,0.7082105676684345,0.7015267937331604,0.9841877823610292,10021.0,10182.0,0.8871274963248118,0.0
6.0,0.3,0.7082105676684345,0.7025278058645096,0.9713219406796307,9890.0,10182.0,0.8871274963248118,0.0
6.0,0.35,0.7082105676684345,0.7033190796171859,0.9646434885091337,9822.0,10182.0,0.8871274963248118,0.0
6.0,0.4,0.7082105676684345,0.7030558699454676,0.9545275977214692,9719.0,10182.0,0.8871274963248118,0.0
6.0,0.45,0.7082105676684345,0.7032400589101621,0.9336083284227067,9506.0,10182.0,0.8871274963248118,0.0
6.0,0.5,0.7082105676684345,0.7060339274210865,0.9147515222942447,9314.0,10182.0,0.8871274963248118,0.0
6.0,0.55,0.7082105676684345,0.7095644561173123,0.8974661166764879,9138.0,10182.0,0.8871274963248118,0.0
6.0,0.6,0.7082105676684345,0.7118832832163938,0.8818503241013553,8979.0,10182.0,0.8871274963248118,0.0
6.0,0.65,0.7082105676684345,0.718491260349586,0.8540561775682577,8696.0,10182.0,0.8871274963248118,0.0
6.0,0.7,0.7082105676684345,0.7314020028612304,0.8238067177371833,8388.0,10182.0,0.8871274963248118,0.0
6.0,0.75,0.7082105676684345,0.7459687422475813,0.7917894323315655,8062.0,10182.0,0.8871274963248118,0.0
6.0,0.8,0.7082105676684345,0.7598051781594463,0.7662541740326065,7802.0,10182.0,0.8871274963248118,0.0
6.0,0.85,0.7082105676684345,0.7659546586292754,0.7494598310744451,7631.0,10182.0,0.8871274963248118,0.0
6.0,0.9,0.7082105676684345,0.7718524458700882,0.7348261638185032,7482.0,10182.0,0.8871274963248118,0.0
6.0,0.95,0.7082105676684345,0.7805883970305196,0.7143979571793361,7274.0,10182.0,0.8871274963248118,0.0
6.0,1.0,0.7082105676684345,nan,0.0,0.0,10182.0,0.8871274963248118,0.0
7.0,0.0,0.7133176193282262,0.7076212924769201,1.0,10182.0,10182.0,0.8811816910833875,0.0
7.0,0.05,0.7133176193282262,0.7076907965818682,0.9999017874680809,10181.0,10182.0,0.8811816910833875,0.0
7.0,0.1,0.7133176193282262,0.7081777078828386,0.9992142997446474,10174.0,10182.0,0.8811816910833875,0.0
7.0,0.15,0.7133176193282262,0.7094674556213018,0.995875073659399,10140.0,10182.0,0.8811816910833875,0.0
7.0,0.2,0.7133176193282262,0.7122730429606112,0.9898841092123355,10079.0,10182.0,0.8811816910833875,0.0
7.0,0.25,0.7133176193282262,0.714813704924583,0.9832056570418385,10011.0,10182.0,0.8811816910833875,0.0
7.0,0.3,0.7133176193282262,0.7178247734138973,0.9752504419563937,9930.0,10182.0,0.8811816910833875,0.0
7.0,0.35,0.7133176193282262,0.7205566356287731,0.9598310744450992,9773.0,10182.0,0.8811816910833875,0.0
7.0,0.4,0.7133176193282262,0.7267714077619395,0.9439206442742094,9611.0,10182.0,0.8811816910833875,0.0
7.0,0.45,0.7133176193282262,0.7335515893969796,0.9299744647417011,9469.0,10182.0,0.8811816910833875,0.0
7.0,0.5,0.7133176193282262,0.7446015565055355,0.8959929286977019,9123.0,10182.0,0.8811816910833875,0.0
7.0,0.55,0.7133176193282262,0.7438667566959262,0.8727165586328816,8886.0,10182.0,0.8811816910833875,0.0
7.0,0.6,0.7133176193282262,0.7415005861664713,0.8377528972696916,8530.0,10182.0,0.8811816910833875,0.0
7.0,0.65,0.7133176193282262,0.7670202269363592,0.7963072087998428,8108.0,10182.0,0.8811816910833875,0.0
7.0,0.7,0.7133176193282262,0.7671284634760706,0.7798075034374387,7940.0,10182.0,0.8811816910833875,0.0
7.0,0.75,0.7133176193282262,0.7693869780428988,0.7738165389903752,7879.0,10182.0,0.8811816910833875,0.0
7.0,0.8,0.7133176193282262,0.7703599693643094,0.7693969750540169,7834.0,10182.0,0.8811816910833875,0.0
7.0,0.85,0.7133176193282262,0.7701400488243608,0.7643881359261442,7783.0,10182.0,0.8811816910833875,0.0
7.0,0.9,0.7133176193282262,0.7716464202636341,0.7599685719897858,7738.0,10182.0,0.8811816910833875,0.0
7.0,0.95,0.7133176193282262,0.7724700618502435,0.7463170300530347,7599.0,10182.0,0.8811816910833875,0.0
7.0,1.0,0.7133176193282262,nan,0.0,0.0,10182.0,0.8811816910833875,0.0
8.0,0.0,0.7158711451581222,0.7216656845413475,1.0,10182.0,10182.0,0.916924926578381,0.0
8.0,0.05,0.7158711451581222,0.7217365681170809,0.9999017874680809,10181.0,10182.0,0.916924926578381,0.0
8.0,0.1,0.7158711451581222,0.7218946540880503,0.9994107248084856,10176.0,10182.0,0.916924926578381,0.0
8.0,0.15,0.7158711451581222,0.7220255653883972,0.9988214496169712,10170.0,10182.0,0.916924926578381,0.0
8.0,0.2,0.7158711451581222,0.7230056207474608,0.995973286191318,10141.0,10182.0,0.916924926578381,0.0
8.0,0.25,0.7158711451581222,0.7235498264749628,0.9904733844038499,10085.0,10182.0,0.916924926578381,0.0
8.0,0.3,0.7158711451581222,0.7247011952191235,0.9860538204674917,10040.0,10182.0,0.916924926578381,0.0
8.0,0.35,0.7158711451581222,0.7286290322580645,0.9742683166372029,9920.0,10182.0,0.916924926578381,0.0
8.0,0.4,0.7158711451581222,0.7316849816849816,0.9652327637006483,9828.0,10182.0,0.916924926578381,0.0
8.0,0.45,0.7158711451581222,0.7346813096582162,0.956884698487527,9743.0,10182.0,0.916924926578381,0.0
8.0,0.5,0.7158711451581222,0.7366297713871935,0.9494205460616775,9667.0,10182.0,0.916924926578381,0.0
8.0,0.55,0.7158711451581222,0.7389306599832915,0.9404832056570418,9576.0,10182.0,0.916924926578381,0.0
8.0,0.6,0.7158711451581222,0.7456647398843931,0.9175014731879788,9342.0,10182.0,0.916924926578381,0.0
8.0,0.65,0.7158711451581222,0.7476045541652576,0.8712433706540955,8871.0,10182.0,0.916924926578381,0.0
8.0,0.7,0.7158711451581222,0.7499130837872291,0.8474759379296798,8629.0,10182.0,0.916924926578381,0.0
8.0,0.75,0.7158711451581222,0.7519981194170193,0.835592221567472,8508.0,10182.0,0.916924926578381,0.0
8.0,0.8,0.7158711451581222,0.7514574657941702,0.8254763307798075,8405.0,10182.0,0.916924926578381,0.0
8.0,0.85,0.7158711451581222,0.753980605770382,0.8203692791200157,8353.0,10182.0,0.916924926578381,0.0
8.0,0.9,0.7158711451581222,0.7566553727008712,0.8116283637792182,8264.0,10182.0,0.916924926578381,0.0
8.0,0.95,0.7158711451581222,0.7653353241259176,0.7893341190335886,8037.0,10182.0,0.916924926578381,0.0
8.0,1.0,0.7158711451581222,nan,0.0,0.0,10182.0,0.916924926578381,0.0
9.0,0.0,0.7029070909448045,0.7125319190728737,1.0,10182.0,10182.0,0.9212104045879077,0.0
9.0,0.05,0.7029070909448045,0.7125319190728737,1.0,10182.0,10182.0,0.9212104045879077,0.0
9.0,0.1,0.7029070909448045,0.7125319190728737,1.0,10182.0,10182.0,0.9212104045879077,0.0
9.0,0.15,0.7029070909448045,0.7125442390876917,0.9990178746808093,10172.0,10182.0,0.9212104045879077,0.0
9.0,0.2,0.7029070909448045,0.7130469057942451,0.9966607739147515,10148.0,10182.0,0.9212104045879077,0.0
9.0,0.25,0.7029070909448045,0.7139040079168728,0.9924376350422314,10105.0,10182.0,0.9212104045879077,0.0
9.0,0.3,0.7029070909448045,0.7148277583624563,0.9835985071695148,10015.0,10182.0,0.9212104045879077,0.0
9.0,0.35,0.7029070909448045,0.7189238393850511,0.9710273030838735,9887.0,10182.0,0.9212104045879077,0.0
9.0,0.4,0.7029070909448045,0.7238183503243745,0.9537418974661167,9711.0,10182.0,0.9212104045879077,0.0
9.0,0.45,0.7029070909448045,0.7253236664940446,0.9482419956786486,9655.0,10182.0,0.9212104045879077,0.0
9.0,0.5,0.7029070909448045,0.726420986883198,0.943429581614614,9606.0,10182.0,0.9212104045879077,0.0
9.0,0.55,0.7029070909448045,0.7278149853495186,0.9385189550186603,9556.0,10182.0,0.9212104045879077,0.0
9.0,0.6,0.7029070909448045,0.7285353535353535,0.9334119033588686,9504.0,10182.0,0.9212104045879077,0.0
9.0,0.65,0.7029070909448045,0.7326329331046312,0.9161264977411118,9328.0,10182.0,0.9212104045879077,0.0
9.0,0.7,0.7029070909448045,0.7327047597409974,0.8645649184835985,8803.0,10182.0,0.9212104045879077,0.0
9.0,0.75,0.7029070909448045,0.7363679468942627,0.8285209192692987,8436.0,10182.0,0.9212104045879077,0.0
9.0,0.8,0.7029070909448045,0.7367857142857143,0.8249852681202121,8400.0,10182.0,0.9212104045879077,0.0
9.0,0.85,0.7029070909448045,0.7373205741626794,0.8210567668434492,8360.0,10182.0,0.9212104045879077,0.0
9.0,0.9,0.7029070909448045,0.7381095725466587,0.8156550775879002,8305.0,10182.0,0.9212104045879077,0.0
9.0,0.95,0.7029070909448045,0.7398660986001218,0.8068159497151837,8215.0,10182.0,0.9212104045879077,0.0
9.0,1.0,0.7029070909448045,nan,0.0,0.0,10182.0,0.9212104045879077,0.0
10.0,0.0,0.7120408564132783,0.7162639952857984,1.0,10182.0,10182.0,0.90623468968617,0.0
10.0,0.05,0.7120408564132783,0.7162639952857984,1.0,10182.0,10182.0,0.90623468968617,0.0
10.0,0.1,0.7120408564132783,0.7162932389937107,0.9994107248084856,10176.0,10182.0,0.90623468968617,0.0
10.0,0.15,0.7120408564132783,0.7166601101494886,0.998625024553133,10168.0,10182.0,0.90623468968617,0.0
10.0,0.2,0.7120408564132783,0.7174384236453202,0.9968571989785897,10150.0,10182.0,0.90623468968617,0.0
10.0,0.25,0.7120408564132783,0.7188798733425688,0.9925358475741505,10106.0,10182.0,0.90623468968617,0.0
10.0,0.3,0.7120408564132783,0.7206132879045997,0.9800628560204282,9979.0,10182.0,0.90623468968617,0.0
10.0,0.35,0.7120408564132783,0.7246257945458273,0.9579650363386368,9754.0,10182.0,0.90623468968617,0.0
10.0,0.4,0.7120408564132783,0.7253945182724253,0.94598310744451,9632.0,10182.0,0.90623468968617,0.0
10.0,0.45,0.7120408564132783,0.7262937794040774,0.9394028678059321,9565.0,10182.0,0.90623468968617,0.0
10.0,0.5,0.7120408564132783,0.7298323315406517,0.931349440188568,9483.0,10182.0,0.90623468968617,0.0
10.0,0.55,0.7120408564132783,0.7307161803713528,0.9256531133372619,9425.0,10182.0,0.90623468968617,0.0
10.0,0.6,0.7120408564132783,0.7316231946540203,0.9112158711451581,9278.0,10182.0,0.90623468968617,0.0
10.0,0.65,0.7120408564132783,0.7299444003177125,0.8655470438027892,8813.0,10182.0,0.90623468968617,0.0
10.0,0.7,0.7120408564132783,0.7378594439804319,0.8231192300137498,8381.0,10182.0,0.90623468968617,0.0
10.0,0.75,0.7120408564132783,0.7387647200192261,0.8173246906305245,8322.0,10182.0,0.90623468968617,0.0
10.0,0.8,0.7120408564132783,0.7389626055488541,0.8141818896091141,8290.0,10182.0,0.90623468968617,0.0
10.0,0.85,0.7120408564132783,0.7415259460125724,0.7967982714594383,8113.0,10182.0,0.90623468968617,0.0
10.0,0.9,0.7120408564132783,0.743808925204274,0.7812806914162247,7955.0,10182.0,0.90623468968617,0.0
10.0,0.95,0.7120408564132783,0.7440559440559441,0.7724415635435081,7865.0,10182.0,0.90623468968617,0.0
10.0,1.0,0.7120408564132783,nan,0.0,0.0,10182.0,0.90623468968617,0.0
11.0,0.0,0.6967197014339029,0.7026124533490473,1.0,10182.0,10182.0,0.8911873255509674,0.0
11.0,0.05,0.6967197014339029,0.7026124533490473,1.0,10182.0,10182.0,0.8911873255509674,0.0
11.0,0.1,0.6967197014339029,0.7026522593320236,0.9998035749361619,10180.0,10182.0,0.8911873255509674,0.0
11.0,0.15,0.6967197014339029,0.7028992628992629,0.9993125122765665,10175.0,10182.0,0.8911873255509674,0.0
11.0,0.2,0.6967197014339029,0.7037219377707759,0.9974464741701041,10156.0,10182.0,0.8911873255509674,0.0
11.0,0.25,0.6967197014339029,0.7053006329113924,0.9931251227656649,10112.0,10182.0,0.8911873255509674,0.0
11.0,0.3,0.6967197014339029,0.7175101214574898,0.97033981536044,9880.0,10182.0,0.8911873255509674,0.0
11.0,0.35,0.6967197014339029,0.7206048760415595,0.9547240227853074,9721.0,10182.0,0.8911873255509674,0.0
11.0,0.4,0.6967197014339029,0.7211288139123191,0.9431349440188568,9603.0,10182.0,0.8911873255509674,0.0
11.0,0.45,0.6967197014339029,0.722659117122785,0.936652916912198,9537.0,10182.0,0.8911873255509674,0.0
11.0,0.5,0.6967197014339029,0.7264050901378579,0.9261441759968572,9430.0,10182.0,0.8911873255509674,0.0
11.0,0.55,0.6967197014339029,0.7332899305555556,0.9051266941661756,9216.0,10182.0,0.8911873255509674,0.0
11.0,0.6,0.6967197014339029,0.7322294500295683,0.8303869573757612,8455.0,10182.0,0.8911873255509674,0.0
11.0,0.65,0.6967197014339029,0.733061028351754,0.8175211156943626,8324.0,10182.0,0.8911873255509674,0.0
11.0,0.7,0.6967197014339029,0.7352869352869353,0.8043606364172068,8190.0,10182.0,0.8911873255509674,0.0
11.0,0.75,0.6967197014339029,0.7367838701745758,0.7988607346297387,8134.0,10182.0,0.8911873255509674,0.0
11.0,0.8,0.6967197014339029,0.7373562507728453,0.7942447456295423,8087.0,10182.0,0.8911873255509674,0.0
11.0,0.85,0.6967197014339029,0.7386646736422521,0.788450206246317,8028.0,10182.0,0.8911873255509674,0.0
11.0,0.9,0.6967197014339029,0.7439195212020884,0.7712630131604793,7853.0,10182.0,0.8911873255509674,0.0
11.0,0.95,0.6967197014339029,0.7447510893965403,0.7437635042231389,7573.0,10182.0,0.8911873255509674,0.0
11.0,1.0,0.6967197014339029,nan,0.0,0.0,10182.0,0.8911873255509674,0.0
12.0,0.0,0.7083087802003536,0.7091926929876252,1.0,10182.0,10182.0,0.8926368904161186,0.0
12.0,0.05,0.7083087802003536,0.7091926929876252,1.0,10182.0,10182.0,0.8926368904161186,0.0
12.0,0.1,0.7083087802003536,0.7094017094017094,0.9997053624042428,10179.0,10182.0,0.8926368904161186,0.0
12.0,0.15,0.7083087802003536,0.709959689312752,0.9989196621488902,10171.0,10182.0,0.8926368904161186,0.0
12.0,0.2,0.7083087802003536,0.7110344827586207,0.9968571989785897,10150.0,10182.0,0.8926368904161186,0.0
12.0,0.25,0.7083087802003536,0.712492587467879,0.9937143979571793,10118.0,10182.0,0.8926368904161186,0.0
12.0,0.3,0.7083087802003536,0.7186841841339886,0.9792771557650756,9971.0,10182.0,0.8926368904161186,0.0
12.0,0.35,0.7083087802003536,0.7195097244732577,0.9695541151050874,9872.0,10182.0,0.8926368904161186,0.0
12.0,0.4,0.7083087802003536,0.720204081632653,0.9624828128069142,9800.0,10182.0,0.8926368904161186,0.0
12.0,0.45,0.7083087802003536,0.7209111430330392,0.9571793360832842,9746.0,10182.0,0.8926368904161186,0.0
12.0,0.5,0.7083087802003536,0.7228752730677208,0.9441170693380475,9613.0,10182.0,0.8926368904161186,0.0
12.0,0.55,0.7083087802003536,0.7222656686403753,0.8791003732076212,8951.0,10182.0,0.8926368904161186,0.0
12.0,0.6,0.7083087802003536,0.725487848677122,0.8203692791200157,8353.0,10182.0,0.8926368904161186,0.0
12.0,0.65,0.7083087802003536,0.7254973313925279,0.8096641131408367,8244.0,10182.0,0.8926368904161186,0.0
12.0,0.7,0.7083087802003536,0.72648835202761,0.7967982714594383,8113.0,10182.0,0.8926368904161186,0.0
12.0,0.75,0.7083087802003536,0.7283489096573209,0.7881555686505598,8025.0,10182.0,0.8926368904161186,0.0
12.0,0.8,0.7083087802003536,0.7293543543543544,0.7849145550972304,7992.0,10182.0,0.8926368904161186,0.0
12.0,0.85,0.7083087802003536,0.7297875015717339,0.7810842663523866,7953.0,10182.0,0.8926368904161186,0.0
12.0,0.9,0.7083087802003536,0.7321745749809693,0.7741111765861324,7882.0,10182.0,0.8926368904161186,0.0
12.0,0.95,0.7083087802003536,0.7349288486416559,0.7591828717344333,7730.0,10182.0,0.8926368904161186,0.0
12.0,1.0,0.7083087802003536,nan,0.0,0.0,10182.0,0.8926368904161186,0.0
13.0,0.0,0.7093891180514633,0.7205853466902377,1.0,10182.0,10182.0,0.896310483961434,0.0
13.0,0.05,0.7093891180514633,0.7205579019742658,0.9999017874680809,10181.0,10182.0,0.896310483961434,0.0
13.0,0.1,0.7093891180514633,0.7206879606879607,0.9993125122765665,10175.0,10182.0,0.896310483961434,0.0
13.0,0.15,0.7093891180514633,0.7201939250024735,0.9926340601060696,10107.0,10182.0,0.896310483961434,0.0
13.0,0.2,0.7093891180514633,0.7212901937287797,0.9835002946375958,10014.0,10182.0,0.896310483961434,0.0
13.0,0.25,0.7093891180514633,0.7221888153938665,0.9799646434885091,9978.0,10182.0,0.896310483961434,0.0
13.0,0.3,0.7093891180514633,0.7228976188083994,0.9775093301905323,9953.0,10182.0,0.896310483961434,0.0
13.0,0.35,0.7093891180514633,0.7221941610263664,0.9722058534669024,9899.0,10182.0,0.896310483961434,0.0
13.0,0.4,0.7093891180514633,0.7227411167512691,0.9673934394028678,9850.0,10182.0,0.896310483961434,0.0
13.0,0.45,0.7093891180514633,0.7233391162363506,0.9623846002749951,9799.0,10182.0,0.896310483961434,0.0
13.0,0.5,0.7093891180514633,0.7244845625192328,0.9574739736790414,9749.0,10182.0,0.896310483961434,0.0
13.0,0.55,0.7093891180514633,0.727129997906636,0.9383225299548222,9554.0,10182.0,0.896310483961434,0.0
13.0,0.6,0.7093891180514633,0.7276232764664641,0.8405028481634257,8558.0,10182.0,0.896310483961434,0.0
13.0,0.65,0.7093891180514633,0.7338120740019474,0.8069141622471028,8216.0,10182.0,0.896310483961434,0.0
13.0,0.7,0.7093891180514633,0.7351485148514851,0.7935572579061089,8080.0,10182.0,0.896310483961434,0.0
13.0,0.75,0.7093891180514633,0.7362062523352846,0.7885484187782361,8029.0,10182.0,0.896310483961434,0.0
13.0,0.8,0.7093891180514633,0.7375593898474618,0.7855038302887448,7998.0,10182.0,0.896310483961434,0.0
13.0,0.85,0.7093891180514633,0.739185110663984,0.7809860538204675,7952.0,10182.0,0.896310483961434,0.0
13.0,0.9,0.7093891180514633,0.743045852915026,0.7732272637988608,7873.0,10182.0,0.896310483961434,0.0
13.0,0.95,0.7093891180514633,0.7472061657032756,0.7645845609899823,7785.0,10182.0,0.896310483961434,0.0
13.0,1.0,0.7093891180514633,nan,0.0,0.0,10182.0,0.896310483961434,0.0
14.0,0.0,0.7093891180514633,0.7135140443920645,1.0,10182.0,10182.0,0.9050215153896932,0.0
14.0,0.05,0.7093891180514633,0.7135140443920645,1.0,10182.0,10182.0,0.9050215153896932,0.0
14.0,0.1,0.7093891180514633,0.7136819343424415,0.9992142997446474,10174.0,10182.0,0.9050215153896932,0.0
14.0,0.15,0.7093891180514633,0.7137072881690697,0.9945000982125319,10126.0,10182.0,0.9050215153896932,0.0
14.0,0.2,0.7093891180514633,0.7144280589876445,0.9856609703398154,10036.0,10182.0,0.9050215153896932,0.0
14.0,0.25,0.7093891180514633,0.717907444668008,0.9762325672755844,9940.0,10182.0,0.9050215153896932,0.0
14.0,0.3,0.7093891180514633,0.7207746121869614,0.9686702023178158,9863.0,10182.0,0.9050215153896932,0.0
14.0,0.35,0.7093891180514633,0.7228227615745462,0.9630720879984286,9806.0,10182.0,0.9050215153896932,0.0
14.0,0.4,0.7093891180514633,0.7250513347022587,0.9565900608917698,9740.0,10182.0,0.9050215153896932,0.0
14.0,0.45,0.7093891180514633,0.7278461379381657,0.9498133961893538,9671.0,10182.0,0.9050215153896932,0.0
14.0,0.5,0.7093891180514633,0.7315394242803505,0.9416617560400707,9588.0,10182.0,0.9050215153896932,0.0
14.0,0.55,0.7093891180514633,0.731221527704206,0.9270280887841289,9439.0,10182.0,0.9050215153896932,0.0
14.0,0.6,0.7093891180514633,0.7310446743207912,0.8639756432920841,8797.0,10182.0,0.9050215153896932,0.0
14.0,0.65,0.7093891180514633,0.7350346936375397,0.8351011589078766,8503.0,10182.0,0.9050215153896932,0.0
14.0,0.7,0.7093891180514633,0.7357863501483679,0.827440581418189,8425.0,10182.0,0.9050215153896932,0.0
14.0,0.75,0.7093891180514633,0.7366654680570538,0.8193871538008249,8343.0,10182.0,0.9050215153896932,0.0
14.0,0.8,0.7093891180514633,0.7379318646924281,0.8158515026517383,8307.0,10182.0,0.9050215153896932,0.0
14.0,0.85,0.7093891180514633,0.739779206599539,0.8095659006089176,8243.0,10182.0,0.9050215153896932,0.0
14.0,0.9,0.7093891180514633,0.7441089837997055,0.8002357100766058,8148.0,10182.0,0.9050215153896932,0.0
14.0,0.95,0.7093891180514633,0.7463894422310757,0.7888430563739933,8032.0,10182.0,0.9050215153896932,0.0
14.0,1.0,0.7093891180514633,nan,0.0,0.0,10182.0,0.9050215153896932,0.0
15.0,0.0,0.690041249263406,0.6851306226674524,1.0,10182.0,10182.0,0.9121753380326011,0.0
15.0,0.05,0.690041249263406,0.6851306226674524,1.0,10182.0,10182.0,0.9121753380326011,0.0
15.0,0.1,0.690041249263406,0.6851979176898143,0.9999017874680809,10181.0,10182.0,0.9121753380326011,0.0
15.0,0.15,0.690041249263406,0.6853016309687562,0.9996071498723237,10178.0,10182.0,0.9121753380326011,0.0
15.0,0.2,0.690041249263406,0.6863305101437857,0.9972500491062659,10154.0,10182.0,0.9121753380326011,0.0
15.0,0.25,0.690041249263406,0.6916633426406062,0.9848752700844627,10028.0,10182.0,0.9121753380326011,0.0
15.0,0.3,0.690041249263406,0.6922844784226939,0.9763307798075035,9941.0,10182.0,0.9121753380326011,0.0
15.0,0.35,0.690041249263406,0.6960008120178643,0.9675898644667059,9852.0,10182.0,0.9121753380326011,0.0
15.0,0.4,0.690041249263406,0.6993865030674846,0.9605185621685327,9780.0,10182.0,0.9121753380326011,0.0
15.0,0.45,0.690041249263406,0.7044070595520694,0.951581221763897,9689.0,10182.0,0.9121753380326011,0.0
15.0,0.5,0.690041249263406,0.7085416666666666,0.9428403064230996,9600.0,10182.0,0.9121753380326011,0.0
15.0,0.55,0.690041249263406,0.7108394634357421,0.9078766450599096,9244.0,10182.0,0.9121753380326011,0.0
15.0,0.6,0.690041249263406,0.7159990948178321,0.868002357100766,8838.0,10182.0,0.9121753380326011,0.0
15.0,0.65,0.690041249263406,0.7227871504506587,0.8499312512276567,8654.0,10182.0,0.9121753380326011,0.0
15.0,0.7,0.690041249263406,0.7226166918868583,0.8437438617167551,8591.0,10182.0,0.9121753380326011,0.0
15.0,0.75,0.690041249263406,0.7242716165413534,0.8359850716951484,8512.0,10182.0,0.9121753380326011,0.0
15.0,0.8,0.690041249263406,0.7269285376242309,0.830092319780004,8452.0,10182.0,0.9121753380326011,0.0
15.0,0.85,0.690041249263406,0.7280304834484401,0.824788843056374,8398.0,10182.0,0.9121753380326011,0.0
15.0,0.9,0.690041249263406,0.7293124246079614,0.8141818896091141,8290.0,10182.0,0.9121753380326011,0.0
15.0,0.95,0.690041249263406,0.7310986053339859,0.8027892359065016,8174.0,10182.0,0.9121753380326011,0.0
15.0,1.0,0.690041249263406,nan,0.0,0.0,10182.0,0.9121753380326011,0.0
16.0,0.0,0.7195050088391278,0.7253977607542722,1.0,10182.0,10182.0,0.9771306379938777,1.0
16.0,0.05,0.7195050088391278,0.7253977607542722,1.0,10182.0,10182.0,0.9771306379938777,1.0
16.0,0.1,0.7195050088391278,0.7254690109026618,0.9999017874680809,10181.0,10182.0,0.9771306379938777,1.0
16.0,0.15,0.7195050088391278,0.72561155319776,0.9997053624042428,10179.0,10182.0,0.9771306379938777,1.0
16.0,0.2,0.7195050088391278,0.72594121694682,0.9991160872127284,10173.0,10182.0,0.9771306379938777,1.0
16.0,0.25,0.7195050088391278,0.7262443438914027,0.9984285994892949,10166.0,10182.0,0.9771306379938777,1.0
16.0,0.3,0.7195050088391278,0.7269681742043551,0.9967589864466706,10149.0,10182.0,0.9771306379938777,1.0
16.0,0.35,0.7195050088391278,0.7274252442514556,0.9951875859359655,10133.0,10182.0,0.9771306379938777,1.0
16.0,0.4,0.7195050088391278,0.7278211848481851,0.9930269102337458,10111.0,10182.0,0.9771306379938777,1.0
16.0,0.45,0.7195050088391278,0.7283913863252952,0.9896876841484974,10077.0,10182.0,0.9771306379938777,1.0
16.0,0.5,0.7195050088391278,0.7289905519641969,0.9875270084462777,10055.0,10182.0,0.9771306379938777,1.0
16.0,0.55,0.7195050088391278,0.7300399201596807,0.9840895698291102,10020.0,10182.0,0.9771306379938777,1.0
16.0,0.6,0.7195050088391278,0.7313477737665464,0.9793753682969947,9972.0,10182.0,0.9771306379938777,1.0
16.0,0.65,0.7195050088391278,0.731079717457114,0.9732861913180122,9910.0,10182.0,0.9771306379938777,1.0
16.0,0.7,0.7195050088391278,0.7329476248477467,0.9675898644667059,9852.0,10182.0,0.9771306379938777,1.0
16.0,0.75,0.7195050088391278,0.7336191059399878,0.9622863877430761,9798.0,10182.0,0.9771306379938777,1.0
16.0,0.8,0.7195050088391278,0.7375360527400082,0.9534472598703595,9708.0,10182.0,0.9771306379938777,1.0
16.0,0.85,0.7195050088391278,0.7414902449149025,0.9463759575721862,9636.0,10182.0,0.9771306379938777,1.0
16.0,0.9,0.7195050088391278,0.7433138320100292,0.9400903555293656,9572.0,10182.0,0.9771306379938777,1.0
16.0,0.95,0.7195050088391278,0.7467965688870063,0.9274209389118051,9443.0,10182.0,0.9771306379938777,1.0
16.0,1.0,0.7195050088391278,nan,0.0,0.0,10182.0,0.9771306379938777,1.0
17.0,0.0,0.699469652327637,0.6983893144765272,1.0,10182.0,10182.0,0.9951107470855407,1.0
17.0,0.05,0.699469652327637,0.6983893144765272,1.0,10182.0,10182.0,0.9951107470855407,1.0
17.0,0.1,0.699469652327637,0.6983893144765272,1.0,10182.0,10182.0,0.9951107470855407,1.0
17.0,0.15,0.699469652327637,0.6983893144765272,1.0,10182.0,10182.0,0.9951107470855407,1.0
17.0,0.2,0.699469652327637,0.6983893144765272,1.0,10182.0,10182.0,0.9951107470855407,1.0
17.0,0.25,0.699469652327637,0.6984282907662083,0.9998035749361619,10180.0,10182.0,0.9951107470855407,1.0
17.0,0.3,0.699469652327637,0.6983986639159053,0.9997053624042428,10179.0,10182.0,0.9951107470855407,1.0
17.0,0.35,0.699469652327637,0.6984376535324752,0.9995089373404047,10177.0,10182.0,0.9951107470855407,1.0
17.0,0.4,0.699469652327637,0.6987122775975622,0.9991160872127284,10173.0,10182.0,0.9951107470855407,1.0
17.0,0.45,0.699469652327637,0.6989670437776685,0.9983303869573757,10165.0,10182.0,0.9951107470855407,1.0
17.0,0.5,0.699469652327637,0.6990549320732428,0.9976428992339422,10158.0,10182.0,0.9951107470855407,1.0
17.0,0.55,0.699469652327637,0.6995957803411219,0.9961697112551562,10143.0,10182.0,0.9951107470855407,1.0
17.0,0.6,0.699469652327637,0.6996351444630707,0.995973286191318,10141.0,10182.0,0.9951107470855407,1.0
17.0,0.65,0.699469652327637,0.6999309051426316,0.9949911608721272,10131.0,10182.0,0.9951107470855407,1.0
17.0,0.7,0.699469652327637,0.6999901215054826,0.9942054606167747,10123.0,10182.0,0.9951107470855407,1.0
17.0,0.75,0.699469652327637,0.7004152659679652,0.993321547829503,10114.0,10182.0,0.9951107470855407,1.0
17.0,0.8,0.699469652327637,0.7007320933913732,0.9927322726379886,10108.0,10182.0,0.9951107470855407,1.0
17.0,0.85,0.699469652327637,0.7007920792079207,0.9919465723826361,10100.0,10182.0,0.9951107470855407,1.0
17.0,0.9,0.699469652327637,0.7012587967092874,0.9908662345315262,10089.0,10182.0,0.9951107470855407,1.0
17.0,0.95,0.699469652327637,0.7020452740270056,0.989196621488902,10072.0,10182.0,0.9951107470855407,1.0
17.0,1.0,0.699469652327637,nan,0.0,0.0,10182.0,0.9951107470855407,1.0
18.0,0.0,0.6908269495187586,0.6903358868591633,1.0,10182.0,10182.0,0.9950943628695221,1.0
18.0,0.05,0.6908269495187586,0.6903358868591633,1.0,10182.0,10182.0,0.9950943628695221,1.0
18.0,0.1,0.6908269495187586,0.6903358868591633,1.0,10182.0,10182.0,0.9950943628695221,1.0
18.0,0.15,0.6908269495187586,0.6904036931539141,0.9999017874680809,10181.0,10182.0,0.9950943628695221,1.0
18.0,0.2,0.6908269495187586,0.6904715127701375,0.9998035749361619,10180.0,10182.0,0.9950943628695221,1.0
18.0,0.25,0.6908269495187586,0.6905767908027906,0.9995089373404047,10177.0,10182.0,0.9950943628695221,1.0
18.0,0.3,0.6908269495187586,0.6907804206801651,0.9992142997446474,10174.0,10182.0,0.9950943628695221,1.0
18.0,0.35,0.6908269495187586,0.6910217327170813,0.9987232370850521,10169.0,10182.0,0.9950943628695221,1.0
18.0,0.4,0.6908269495187586,0.6911648957103502,0.9982321744254566,10164.0,10182.0,0.9950943628695221,1.0
18.0,0.45,0.6908269495187586,0.6912778105926364,0.9976428992339422,10158.0,10182.0,0.9950943628695221,1.0
18.0,0.5,0.6908269495187586,0.6918604651162791,0.9966607739147515,10148.0,10182.0,0.9950943628695221,1.0
18.0,0.55,0.6908269495187586,0.6919664859536717,0.9963661363189943,10145.0,10182.0,0.9950943628695221,1.0
18.0,0.6,0.6908269495187586,0.6920497139475241,0.9956786485955608,10138.0,10182.0,0.9950943628695221,1.0
18.0,0.65,0.6908269495187586,0.6921255180580225,0.9952857984678845,10134.0,10182.0,0.9950943628695221,1.0
18.0,0.7,0.6908269495187586,0.6925281676220597,0.9937143979571793,10118.0,10182.0,0.9950943628695221,1.0
18.0,0.75,0.6908269495187586,0.6927109089110869,0.9930269102337458,10111.0,10182.0,0.9950943628695221,1.0
18.0,0.8,0.6908269495187586,0.6929850598595033,0.9926340601060696,10107.0,10182.0,0.9950943628695221,1.0
18.0,0.85,0.6908269495187586,0.6934125804853888,0.9914555097230406,10095.0,10182.0,0.9950943628695221,1.0
18.0,0.9,0.6908269495187586,0.6942460317460317,0.9899823217442546,10080.0,10182.0,0.9950943628695221,1.0
18.0,0.95,0.6908269495187586,0.6947148817802503,0.9886073462973876,10066.0,10182.0,0.9950943628695221,1.0
18.0,1.0,0.6908269495187586,nan,0.0,0.0,10182.0,0.9950943628695221,1.0
19.0,0.0,0.6956393635827932,0.6952465134551169,1.0,10182.0,10182.0,0.9967958165544514,1.0
19.0,0.05,0.6956393635827932,0.6952465134551169,1.0,10182.0,10182.0,0.9967958165544514,1.0
19.0,0.1,0.6956393635827932,0.6952465134551169,1.0,10182.0,10182.0,0.9967958165544514,1.0
19.0,0.15,0.6956393635827932,0.6952465134551169,1.0,10182.0,10182.0,0.9967958165544514,1.0
19.0,0.2,0.6956393635827932,0.6952165799037423,0.9999017874680809,10181.0,10182.0,0.9967958165544514,1.0
19.0,0.25,0.6956393635827932,0.6952848722986248,0.9998035749361619,10180.0,10182.0,0.9967958165544514,1.0
19.0,0.3,0.6956393635827932,0.6954214973472195,0.9996071498723237,10178.0,10182.0,0.9967958165544514,1.0
19.0,0.35,0.6956393635827932,0.6955282555282555,0.9993125122765665,10175.0,10182.0,0.9967958165544514,1.0
19.0,0.4,0.6956393635827932,0.6956051519024679,0.9989196621488902,10171.0,10182.0,0.9967958165544514,1.0
19.0,0.45,0.6956393635827932,0.6957804662142225,0.998526812021214,10167.0,10182.0,0.9967958165544514,1.0
19.0,0.5,0.6956393635827932,0.6959944887314241,0.9979375368296994,10161.0,10182.0,0.9967958165544514,1.0
19.0,0.55,0.6956393635827932,0.695973220439106,0.9975446867020232,10157.0,10182.0,0.9967958165544514,1.0
19.0,0.6,0.6956393635827932,0.6962262291851414,0.9967589864466706,10149.0,10182.0,0.9967958165544514,1.0
19.0,0.65,0.6956393635827932,0.6966081640702031,0.9960714987232371,10142.0,10182.0,0.9967958165544514,1.0
19.0,0.7,0.6956393635827932,0.6969308200927662,0.9951875859359655,10133.0,10182.0,0.9967958165544514,1.0
19.0,0.75,0.6956393635827932,0.6971552745950217,0.9943036731486937,10124.0,10182.0,0.9967958165544514,1.0
19.0,0.8,0.6956393635827932,0.6972721881794821,0.9937143979571793,10118.0,10182.0,0.9967958165544514,1.0
19.0,0.85,0.6956393635827932,0.6973202808266588,0.993223335297584,10113.0,10182.0,0.9967958165544514,1.0
19.0,0.9,0.6956393635827932,0.6975662841313811,0.9927322726379886,10108.0,10182.0,0.9967958165544514,1.0
19.0,0.95,0.6956393635827932,0.697948667129125,0.9910626595953643,10091.0,10182.0,0.9967958165544514,1.0
19.0,1.0,0.6956393635827932,nan,0.0,0.0,10182.0,0.9967958165544514,1.0
20.0,0.0,0.688666273816539,0.688666273816539,1.0,10182.0,10182.0,0.9974903743271392,1.0
20.0,0.05,0.688666273816539,0.688666273816539,1.0,10182.0,10182.0,0.9974903743271392,1.0
20.0,0.1,0.688666273816539,0.688666273816539,1.0,10182.0,10182.0,0.9974903743271392,1.0
20.0,0.15,0.688666273816539,0.688666273816539,1.0,10182.0,10182.0,0.9974903743271392,1.0
20.0,0.2,0.688666273816539,0.688666273816539,1.0,10182.0,10182.0,0.9974903743271392,1.0
20.0,0.25,0.688666273816539,0.6886356939396916,0.9999017874680809,10181.0,10182.0,0.9974903743271392,1.0
20.0,0.3,0.688666273816539,0.688740420514836,0.9996071498723237,10178.0,10182.0,0.9974903743271392,1.0
20.0,0.35,0.688666273816539,0.6888080966886115,0.9995089373404047,10177.0,10182.0,0.9974903743271392,1.0
20.0,0.4,0.688666273816539,0.6890112050324356,0.9992142997446474,10174.0,10182.0,0.9974903743271392,1.0
20.0,0.45,0.688666273816539,0.6892144331924098,0.9989196621488902,10171.0,10182.0,0.9974903743271392,1.0
20.0,0.5,0.688666273816539,0.689417781274587,0.998625024553133,10168.0,10182.0,0.9974903743271392,1.0
20.0,0.55,0.688666273816539,0.689417781274587,0.998625024553133,10168.0,10182.0,0.9974903743271392,1.0
20.0,0.6,0.688666273816539,0.6895974805629367,0.9979375368296994,10161.0,10182.0,0.9974903743271392,1.0
20.0,0.65,0.688666273816539,0.6897706015555775,0.9975446867020232,10157.0,10182.0,0.9974903743271392,1.0
20.0,0.7,0.688666273816539,0.6900492610837439,0.9968571989785897,10150.0,10182.0,0.9974903743271392,1.0
20.0,0.75,0.688666273816539,0.6902907836372597,0.9963661363189943,10145.0,10182.0,0.9974903743271392,1.0
20.0,0.8,0.688666273816539,0.6908355529249285,0.9955804360636418,10137.0,10182.0,0.9974903743271392,1.0
20.0,0.85,0.688666273816539,0.6910400631537399,0.9952857984678845,10134.0,10182.0,0.9974903743271392,1.0
20.0,0.9,0.688666273816539,0.691350710900474,0.99469652327637,10128.0,10182.0,0.9974903743271392,1.0
20.0,0.95,0.688666273816539,0.6937865424635814,0.9910626595953643,10091.0,10182.0,0.9974903743271392,1.0
20.0,1.0,0.688666273816539,nan,0.0,0.0,10182.0,0.9974903743271392,1.0
21.0,0.0,0.7094873305833824,0.7098801807110587,1.0,10182.0,10182.0,0.9962579128205297,1.0
21.0,0.05,0.7094873305833824,0.7098801807110587,1.0,10182.0,10182.0,0.9962579128205297,1.0
21.0,0.1,0.7094873305833824,0.7098801807110587,1.0,10182.0,10182.0,0.9962579128205297,1.0
21.0,0.15,0.7094873305833824,0.7098801807110587,1.0,10182.0,10182.0,0.9962579128205297,1.0
21.0,0.2,0.7094873305833824,0.7098801807110587,1.0,10182.0,10182.0,0.9962579128205297,1.0
21.0,0.25,0.7094873305833824,0.7098231827111984,0.9998035749361619,10180.0,10182.0,0.9962579128205297,1.0
21.0,0.3,0.7094873305833824,0.7099341652746389,0.9995089373404047,10177.0,10182.0,0.9962579128205297,1.0
21.0,0.35,0.7094873305833824,0.7100737100737101,0.9993125122765665,10175.0,10182.0,0.9962579128205297,1.0
21.0,0.4,0.7094873305833824,0.7101278269419863,0.9988214496169712,10170.0,10182.0,0.9962579128205297,1.0
21.0,0.45,0.7094873305833824,0.7101278269419863,0.9988214496169712,10170.0,10182.0,0.9962579128205297,1.0
21.0,0.5,0.7094873305833824,0.7101249631014465,0.9981339618935376,10163.0,10182.0,0.9962579128205297,1.0
21.0,0.55,0.7094873305833824,0.710277613703485,0.9976428992339422,10158.0,10182.0,0.9962579128205297,1.0
21.0,0.6,0.7094873305833824,0.7103319215995272,0.9971518365743469,10153.0,10182.0,0.9962579128205297,1.0
21.0,0.65,0.7094873305833824,0.7105392881790398,0.9961697112551562,10143.0,10182.0,0.9962579128205297,1.0
21.0,0.7,0.7094873305833824,0.7107185155941571,0.9950893734040464,10132.0,10182.0,0.9962579128205297,1.0
21.0,0.75,0.7094873305833824,0.7109969370615552,0.9940090355529365,10121.0,10182.0,0.9962579128205297,1.0
21.0,0.8,0.7094873305833824,0.7110935337156417,0.993321547829503,10114.0,10182.0,0.9962579128205297,1.0
21.0,0.85,0.7094873305833824,0.7110495597981996,0.9928304851699077,10109.0,10182.0,0.9962579128205297,1.0
21.0,0.9,0.7094873305833824,0.7109305321573679,0.9910626595953643,10091.0,10182.0,0.9962579128205297,1.0
21.0,0.95,0.7094873305833824,0.7112920846161486,0.9889019838931448,10069.0,10182.0,0.9962579128205297,1.0
21.0,1.0,0.7094873305833824,nan,0.0,0.0,10182.0,0.9962579128205297,1.0
22.0,0.0,0.7112551561579258,0.711549793753683,1.0,10182.0,10182.0,0.9962365595297129,1.0
22.0,0.05,0.7112551561579258,0.711549793753683,1.0,10182.0,10182.0,0.9962365595297129,1.0
22.0,0.1,0.7112551561579258,0.711549793753683,1.0,10182.0,10182.0,0.9962365595297129,1.0
22.0,0.15,0.7112551561579258,0.711549793753683,1.0,10182.0,10182.0,0.9962365595297129,1.0
22.0,0.2,0.7112551561579258,0.711549793753683,1.0,10182.0,10182.0,0.9962365595297129,1.0
22.0,0.25,0.7112551561579258,0.7115630219078495,0.9997053624042428,10179.0,10182.0,0.9962365595297129,1.0
22.0,0.3,0.7112551561579258,0.7116329337787385,0.9996071498723237,10178.0,10182.0,0.9962365595297129,1.0
22.0,0.35,0.7112551561579258,0.7117028593888179,0.9995089373404047,10177.0,10182.0,0.9962365595297129,1.0
22.0,0.4,0.7112551561579258,0.7117727987421384,0.9994107248084856,10176.0,10182.0,0.9962365595297129,1.0
22.0,0.45,0.7112551561579258,0.7116311080523056,0.9989196621488902,10171.0,10182.0,0.9962365595297129,1.0
22.0,0.5,0.7112551561579258,0.7118827464096006,0.9984285994892949,10166.0,10182.0,0.9962365595297129,1.0
22.0,0.55,0.7112551561579258,0.7122047244094488,0.9978393242977804,10160.0,10182.0,0.9962365595297129,1.0
22.0,0.6,0.7112551561579258,0.712498768836797,0.9971518365743469,10153.0,10182.0,0.9962365595297129,1.0
22.0,0.65,0.7112551561579258,0.7129337539432177,0.9962679237870752,10144.0,10182.0,0.9962365595297129,1.0
22.0,0.7,0.7112551561579258,0.7136229022704837,0.9948929483402082,10130.0,10182.0,0.9962365595297129,1.0
22.0,0.75,0.7112551561579258,0.7139610710404111,0.9940090355529365,10121.0,10182.0,0.9962365595297129,1.0
22.0,0.8,0.7112551561579258,0.7141585920506229,0.993321547829503,10114.0,10182.0,0.9962365595297129,1.0
22.0,0.85,0.7112551561579258,0.7140737810305607,0.9930269102337458,10111.0,10182.0,0.9962365595297129,1.0
22.0,0.9,0.7112551561579258,0.7135922330097088,0.9913572971911215,10094.0,10182.0,0.9962365595297129,1.0
22.0,0.95,0.7112551561579258,0.7134037044413464,0.9862502455313298,10042.0,10182.0,0.9962365595297129,1.0
22.0,1.0,0.7112551561579258,nan,0.0,0.0,10182.0,0.9962365595297129,1.0
23.0,0.0,0.7380671773718327,0.7374779021803182,1.0,10182.0,10182.0,0.993934690541063,1.0
23.0,0.05,0.7380671773718327,0.7374779021803182,1.0,10182.0,10182.0,0.993934690541063,1.0
23.0,0.1,0.7380671773718327,0.7374779021803182,1.0,10182.0,10182.0,0.993934690541063,1.0
23.0,0.15,0.7380671773718327,0.7374779021803182,1.0,10182.0,10182.0,0.993934690541063,1.0
23.0,0.2,0.7380671773718327,0.7374521166879482,0.9999017874680809,10181.0,10182.0,0.993934690541063,1.0
23.0,0.25,0.7380671773718327,0.7375970134590825,0.9997053624042428,10179.0,10182.0,0.993934690541063,1.0
23.0,0.3,0.7380671773718327,0.7375712320691687,0.9996071498723237,10178.0,10182.0,0.993934690541063,1.0
23.0,0.35,0.7380671773718327,0.7375921375921376,0.9993125122765665,10175.0,10182.0,0.993934690541063,1.0
23.0,0.4,0.7380671773718327,0.7377581120943952,0.9988214496169712,10170.0,10182.0,0.993934690541063,1.0
23.0,0.45,0.7380671773718327,0.7380694676768671,0.9981339618935376,10163.0,10182.0,0.993934690541063,1.0
23.0,0.5,0.7380671773718327,0.7385009356840343,0.9971518365743469,10153.0,10182.0,0.993934690541063,1.0
23.0,0.55,0.7380671773718327,0.738907513310984,0.9960714987232371,10142.0,10182.0,0.993934690541063,1.0
23.0,0.6,0.7380671773718327,0.7395853899308983,0.9948929483402082,10130.0,10182.0,0.993934690541063,1.0
23.0,0.65,0.7380671773718327,0.7419482707362997,0.9910626595953643,10091.0,10182.0,0.993934690541063,1.0
23.0,0.7,0.7380671773718327,0.7421146597897242,0.9901787468080927,10082.0,10182.0,0.993934690541063,1.0
23.0,0.75,0.7380671773718327,0.742383645926367,0.9896876841484974,10077.0,10182.0,0.993934690541063,1.0
23.0,0.8,0.7380671773718327,0.742476909325653,0.9889019838931448,10069.0,10182.0,0.993934690541063,1.0
23.0,0.85,0.7380671773718327,0.7434086160581037,0.9871341583186014,10051.0,10182.0,0.993934690541063,1.0
23.0,0.9,0.7380671773718327,0.7444920745688366,0.98516990768022,10031.0,10182.0,0.993934690541063,1.0
23.0,0.95,0.7380671773718327,0.745396317053643,0.9813396189353761,9992.0,10182.0,0.993934690541063,1.0
23.0,1.0,0.7380671773718327,nan,0.0,0.0,10182.0,0.993934690541063,1.0
24.0,0.0,0.7292280494991161,0.7301119622863878,1.0,10182.0,10182.0,0.9922199518233391,1.0
24.0,0.05,0.7292280494991161,0.7301119622863878,1.0,10182.0,10182.0,0.9922199518233391,1.0
24.0,0.1,0.7292280494991161,0.7300589390962672,0.9998035749361619,10180.0,10182.0,0.9922199518233391,1.0
24.0,0.15,0.7292280494991161,0.7300589390962672,0.9998035749361619,10180.0,10182.0,0.9922199518233391,1.0
24.0,0.2,0.7292280494991161,0.7301041461976813,0.9996071498723237,10178.0,10182.0,0.9922199518233391,1.0
24.0,0.25,0.7292280494991161,0.7301041461976813,0.9996071498723237,10178.0,10182.0,0.9922199518233391,1.0
24.0,0.3,0.7292280494991161,0.7302929034794574,0.9992142997446474,10174.0,10182.0,0.9922199518233391,1.0
24.0,0.35,0.7292280494991161,0.7302851524090462,0.9988214496169712,10170.0,10182.0,0.9922199518233391,1.0
24.0,0.4,0.7292280494991161,0.730330448465775,0.998625024553133,10168.0,10182.0,0.9922199518233391,1.0
24.0,0.45,0.7292280494991161,0.7302884142139975,0.9977411117658613,10159.0,10182.0,0.9922199518233391,1.0
24.0,0.5,0.7292280494991161,0.7309664694280079,0.995875073659399,10140.0,10182.0,0.9922199518233391,1.0
24.0,0.55,0.7292280494991161,0.7311753676107766,0.9951875859359655,10133.0,10182.0,0.9922199518233391,1.0
24.0,0.6,0.7292280494991161,0.7315820659687932,0.9945000982125319,10126.0,10182.0,0.9922199518233391,1.0
24.0,0.65,0.7292280494991161,0.7327859121487931,0.9927322726379886,10108.0,10182.0,0.9922199518233391,1.0
24.0,0.7,0.7292280494991161,0.7336439333862014,0.9907680219996071,10088.0,10182.0,0.9922199518233391,1.0
24.0,0.75,0.7292280494991161,0.7349985073141606,0.9869377332547633,10049.0,10182.0,0.9922199518233391,1.0
24.0,0.8,0.7292280494991161,0.7350179784258889,0.9833038695737576,10012.0,10182.0,0.9922199518233391,1.0
24.0,0.85,0.7292280494991161,0.7349409645787472,0.9815360439992143,9994.0,10182.0,0.9922199518233391,1.0
24.0,0.9,0.7292280494991161,0.7354916307507267,0.9798664309565901,9977.0,10182.0,0.9922199518233391,1.0
24.0,0.95,0.7292280494991161,0.7361278648974668,0.9770182675309369,9948.0,10182.0,0.9922199518233391,1.0
24.0,1.0,0.7292280494991161,nan,0.0,0.0,10182.0,0.9922199518233391,1.0
25.0,0.0,0.7340404635631507,0.7341386760950698,1.0,10182.0,10182.0,0.9938523864270755,1.0
25.0,0.05,0.7340404635631507,0.7341386760950698,1.0,10182.0,10182.0,0.9938523864270755,1.0
25.0,0.1,0.7340404635631507,0.7341386760950698,1.0,10182.0,10182.0,0.9938523864270755,1.0
25.0,0.15,0.7340404635631507,0.7341386760950698,1.0,10182.0,10182.0,0.9938523864270755,1.0
25.0,0.2,0.7340404635631507,0.7341585617447687,0.9997053624042428,10179.0,10182.0,0.9938523864270755,1.0
25.0,0.25,0.7340404635631507,0.734106318168419,0.9995089373404047,10177.0,10182.0,0.9938523864270755,1.0
25.0,0.3,0.7340404635631507,0.7342506142506142,0.9993125122765665,10175.0,10182.0,0.9938523864270755,1.0
25.0,0.35,0.7340404635631507,0.7342506142506142,0.9993125122765665,10175.0,10182.0,0.9938523864270755,1.0
25.0,0.4,0.7340404635631507,0.7344671647660244,0.9990178746808093,10172.0,10182.0,0.9938523864270755,1.0
25.0,0.45,0.7340404635631507,0.734750098386462,0.9982321744254566,10164.0,10182.0,0.9938523864270755,1.0
25.0,0.5,0.7340404635631507,0.7347903130537508,0.9976428992339422,10158.0,10182.0,0.9938523864270755,1.0
25.0,0.55,0.7340404635631507,0.7351260835303388,0.9970536240424278,10152.0,10182.0,0.9938523864270755,1.0
25.0,0.6,0.7340404635631507,0.7356276501331229,0.995973286191318,10141.0,10182.0,0.9938523864270755,1.0
25.0,0.65,0.7340404635631507,0.7359384251036116,0.9952857984678845,10134.0,10182.0,0.9938523864270755,1.0
25.0,0.7,0.7340404635631507,0.7365038560411311,0.993321547829503,10114.0,10182.0,0.9938523864270755,1.0
25.0,0.75,0.7340404635631507,0.738017267043763,0.9896876841484974,10077.0,10182.0,0.9938523864270755,1.0
25.0,0.8,0.7340404635631507,0.7383790226460072,0.9888037713612257,10068.0,10182.0,0.9938523864270755,1.0
25.0,0.85,0.7340404635631507,0.7385471529365001,0.9883127087016303,10063.0,10182.0,0.9938523864270755,1.0
25.0,0.9,0.7340404635631507,0.7391477499004381,0.986446670595168,10044.0,10182.0,0.9938523864270755,1.0
25.0,0.95,0.7340404635631507,0.7414517096580684,0.9823217442545669,10002.0,10182.0,0.9938523864270755,1.0
25.0,1.0,0.7340404635631507,nan,0.0,0.0,10182.0,0.9938523864270755,1.0
26.0,0.0,0.7338440384993126,0.734531526222746,1.0,10182.0,10182.0,0.9935195350873519,1.0
26.0,0.05,0.7338440384993126,0.734531526222746,1.0,10182.0,10182.0,0.9935195350873519,1.0
26.0,0.1,0.7338440384993126,0.734531526222746,1.0,10182.0,10182.0,0.9935195350873519,1.0
26.0,0.15,0.7338440384993126,0.734531526222746,1.0,10182.0,10182.0,0.9935195350873519,1.0
26.0,0.2,0.7338440384993126,0.734531526222746,1.0,10182.0,10182.0,0.9935195350873519,1.0
26.0,0.25,0.7338440384993126,0.7345515276549759,0.9997053624042428,10179.0,10182.0,0.9935195350873519,1.0
26.0,0.3,0.7338440384993126,0.7345976220890242,0.9995089373404047,10177.0,10182.0,0.9935195350873519,1.0
26.0,0.35,0.7338440384993126,0.7345915659097612,0.9991160872127284,10173.0,10182.0,0.9935195350873519,1.0
26.0,0.4,0.7338440384993126,0.7346637829335431,0.9990178746808093,10172.0,10182.0,0.9935195350873519,1.0
26.0,0.45,0.7338440384993126,0.7346577498033044,0.998625024553133,10168.0,10182.0,0.9935195350873519,1.0
26.0,0.5,0.7338440384993126,0.7349931115922063,0.9980357493616185,10162.0,10182.0,0.9935195350873519,1.0
26.0,0.55,0.7338440384993126,0.7351840913565663,0.9976428992339422,10158.0,10182.0,0.9935195350873519,1.0
26.0,0.6,0.7338440384993126,0.7354361754558896,0.9963661363189943,10145.0,10182.0,0.9935195350873519,1.0
26.0,0.65,0.7338440384993126,0.7367796777700899,0.9936161854252603,10117.0,10182.0,0.9935195350873519,1.0
26.0,0.7,0.7338440384993126,0.7376026922696229,0.9922412099783933,10103.0,10182.0,0.9935195350873519,1.0
26.0,0.75,0.7338440384993126,0.7375111729069421,0.9889019838931448,10069.0,10182.0,0.9935195350873519,1.0
26.0,0.8,0.7338440384993126,0.7381141834095882,0.9874287959143587,10054.0,10182.0,0.9935195350873519,1.0
26.0,0.85,0.7338440384993126,0.7383941024108388,0.9858573954036535,10038.0,10182.0,0.9935195350873519,1.0
26.0,0.9,0.7338440384993126,0.7384799521244764,0.9846788450206246,10026.0,10182.0,0.9935195350873519,1.0
26.0,0.95,0.7338440384993126,0.7389522095580884,0.9823217442545669,10002.0,10182.0,0.9935195350873519,1.0
26.0,1.0,0.7338440384993126,nan,0.0,0.0,10182.0,0.9935195350873519,1.0
27.0,0.0,0.731781575329012,0.7323708505205264,1.0,10182.0,10182.0,0.9969862756028295,1.0
27.0,0.05,0.731781575329012,0.7323708505205264,1.0,10182.0,10182.0,0.9969862756028295,1.0
27.0,0.1,0.731781575329012,0.7323708505205264,1.0,10182.0,10182.0,0.9969862756028295,1.0
27.0,0.15,0.731781575329012,0.7323708505205264,1.0,10182.0,10182.0,0.9969862756028295,1.0
27.0,0.2,0.731781575329012,0.7323708505205264,1.0,10182.0,10182.0,0.9969862756028295,1.0
27.0,0.25,0.731781575329012,0.7323708505205264,1.0,10182.0,10182.0,0.9969862756028295,1.0
27.0,0.3,0.731781575329012,0.732435884838361,0.9995089373404047,10177.0,10182.0,0.9969862756028295,1.0
27.0,0.35,0.731781575329012,0.732435884838361,0.9995089373404047,10177.0,10182.0,0.9969862756028295,1.0
27.0,0.4,0.731781575329012,0.7323832923832924,0.9993125122765665,10175.0,10182.0,0.9969862756028295,1.0
27.0,0.45,0.731781575329012,0.7324552781600158,0.9992142997446474,10174.0,10182.0,0.9969862756028295,1.0
27.0,0.5,0.731781575329012,0.7324940991345398,0.998625024553133,10168.0,10182.0,0.9969862756028295,1.0
27.0,0.55,0.731781575329012,0.7327297776028341,0.9980357493616185,10162.0,10182.0,0.9969862756028295,1.0
27.0,0.6,0.731781575329012,0.7329461561177282,0.9977411117658613,10159.0,10182.0,0.9969862756028295,1.0
27.0,0.65,0.731781575329012,0.7329198661153771,0.9976428992339422,10158.0,10182.0,0.9969862756028295,1.0
27.0,0.7,0.731781575329012,0.7332019704433498,0.9968571989785897,10150.0,10182.0,0.9969862756028295,1.0
27.0,0.75,0.731781575329012,0.7333464722112731,0.9966607739147515,10148.0,10182.0,0.9969862756028295,1.0
27.0,0.8,0.731781575329012,0.7334384858044164,0.9962679237870752,10144.0,10182.0,0.9969862756028295,1.0
27.0,0.85,0.731781575329012,0.7336291913214991,0.995875073659399,10140.0,10182.0,0.9969862756028295,1.0
27.0,0.9,0.731781575329012,0.7338406799762799,0.9937143979571793,10118.0,10182.0,0.9969862756028295,1.0
27.0,0.95,0.731781575329012,0.7340404440919904,0.9907680219996071,10088.0,10182.0,0.9969862756028295,1.0
27.0,1.0,0.731781575329012,nan,0.0,0.0,10182.0,0.9969862756028295,1.0
28.0,0.0,0.7261834610096248,0.7263798860734629,1.0,10182.0,10182.0,0.9979501057118382,1.0
28.0,0.05,0.7261834610096248,0.7263798860734629,1.0,10182.0,10182.0,0.9979501057118382,1.0
28.0,0.1,0.7261834610096248,0.7263798860734629,1.0,10182.0,10182.0,0.9979501057118382,1.0
28.0,0.15,0.7261834610096248,0.7263798860734629,1.0,10182.0,10182.0,0.9979501057118382,1.0
28.0,0.2,0.7261834610096248,0.726451232688341,0.9999017874680809,10181.0,10182.0,0.9979501057118382,1.0
28.0,0.25,0.7261834610096248,0.726451232688341,0.9999017874680809,10181.0,10182.0,0.9979501057118382,1.0
28.0,0.3,0.7261834610096248,0.726451232688341,0.9999017874680809,10181.0,10182.0,0.9979501057118382,1.0
28.0,0.35,0.7261834610096248,0.7264688543918255,0.9996071498723237,10178.0,10182.0,0.9979501057118382,1.0
28.0,0.4,0.7261834610096248,0.7264688543918255,0.9996071498723237,10178.0,10182.0,0.9979501057118382,1.0
28.0,0.45,0.7261834610096248,0.7265133647798742,0.9994107248084856,10176.0,10182.0,0.9979501057118382,1.0
28.0,0.5,0.7261834610096248,0.7265310134670205,0.9991160872127284,10173.0,10182.0,0.9979501057118382,1.0
28.0,0.55,0.7261834610096248,0.726539445209522,0.9984285994892949,10166.0,10182.0,0.9979501057118382,1.0
28.0,0.6,0.7261834610096248,0.7267539112466791,0.9981339618935376,10163.0,10182.0,0.9979501057118382,1.0
28.0,0.65,0.7261834610096248,0.7267985434504478,0.9979375368296994,10161.0,10182.0,0.9979501057118382,1.0
28.0,0.7,0.7261834610096248,0.7267716535433071,0.9978393242977804,10160.0,10182.0,0.9979501057118382,1.0
28.0,0.75,0.7261834610096248,0.727102619657278,0.9972500491062659,10154.0,10182.0,0.9979501057118382,1.0
28.0,0.8,0.7261834610096248,0.7271204807408137,0.9969554115105087,10151.0,10182.0,0.9979501057118382,1.0
28.0,0.85,0.7261834610096248,0.727308564107618,0.9965625613828325,10147.0,10182.0,0.9979501057118382,1.0
28.0,0.9,0.7261834610096248,0.7274967958197772,0.9961697112551562,10143.0,10182.0,0.9979501057118382,1.0
28.0,0.95,0.7261834610096248,0.7277662619682164,0.9949911608721272,10131.0,10182.0,0.9979501057118382,1.0
28.0,1.0,0.7261834610096248,nan,0.0,0.0,10182.0,0.9979501057118382,1.0
29.0,0.0,0.7023178157532901,0.702219603221371,1.0,10182.0,10182.0,0.9950154959962307,1.0
29.0,0.05,0.7023178157532901,0.702219603221371,1.0,10182.0,10182.0,0.9950154959962307,1.0
29.0,0.1,0.7023178157532901,0.702219603221371,1.0,10182.0,10182.0,0.9950154959962307,1.0
29.0,0.15,0.7023178157532901,0.7022593320235756,0.9998035749361619,10180.0,10182.0,0.9950154959962307,1.0
29.0,0.2,0.7023178157532901,0.702299076439379,0.9996071498723237,10178.0,10182.0,0.9950154959962307,1.0
29.0,0.25,0.7023178157532901,0.702644254398899,0.9991160872127284,10173.0,10182.0,0.9950154959962307,1.0
29.0,0.3,0.7023178157532901,0.7027824206076099,0.9989196621488902,10171.0,10182.0,0.9950154959962307,1.0
29.0,0.35,0.7023178157532901,0.7031972454500738,0.9983303869573757,10165.0,10182.0,0.9950154959962307,1.0
29.0,0.4,0.7023178157532901,0.7036818271313251,0.9976428992339422,10158.0,10182.0,0.9950154959962307,1.0
29.0,0.45,0.7023178157532901,0.7039590309237739,0.9972500491062659,10154.0,10182.0,0.9950154959962307,1.0
29.0,0.5,0.7023178157532901,0.7041490095594757,0.9965625613828325,10147.0,10182.0,0.9950154959962307,1.0
29.0,0.55,0.7023178157532901,0.7046059769208008,0.9957768611274799,10139.0,10182.0,0.9950154959962307,1.0
29.0,0.6,0.7023178157532901,0.7050459168559297,0.994598310744451,10127.0,10182.0,0.9950154959962307,1.0
29.0,0.65,0.7023178157532901,0.7054753903933584,0.9937143979571793,10118.0,10182.0,0.9950154959962307,1.0
29.0,0.7,0.7023178157532901,0.7055566541427724,0.993321547829503,10114.0,10182.0,0.9950154959962307,1.0
29.0,0.75,0.7023178157532901,0.7058765334388603,0.9927322726379886,10108.0,10182.0,0.9950154959962307,1.0
29.0,0.8,0.7023178157532901,0.7061559778305622,0.9923394225103123,10104.0,10182.0,0.9950154959962307,1.0
29.0,0.85,0.7023178157532901,0.7066164817749604,0.9915537222549597,10096.0,10182.0,0.9950154959962307,1.0
29.0,0.9,0.7023178157532901,0.7069204838389848,0.990571596935769,10086.0,10182.0,0.9950154959962307,1.0
29.0,0.95,0.7023178157532901,0.7090800477897252,0.986446670595168,10044.0,10182.0,0.9950154959962307,1.0
29.0,1.0,0.7023178157532901,nan,0.0,0.0,10182.0,0.9950154959962307,1.0
30.0,0.0,0.6931840502848163,0.693969750540169,1.0,10182.0,10182.0,0.9958487686089567,1.0
30.0,0.05,0.6931840502848163,0.693969750540169,1.0,10182.0,10182.0,0.9958487686089567,1.0
30.0,0.1,0.6931840502848163,0.693969750540169,1.0,10182.0,10182.0,0.9958487686089567,1.0
30.0,0.15,0.6931840502848163,0.6939396915823592,0.9999017874680809,10181.0,10182.0,0.9958487686089567,1.0
30.0,0.2,0.6931840502848163,0.693909626719057,0.9998035749361619,10180.0,10182.0,0.9958487686089567,1.0
30.0,0.25,0.6931840502848163,0.6939777974260732,0.9997053624042428,10179.0,10182.0,0.9958487686089567,1.0
30.0,0.3,0.6931840502848163,0.6939777974260732,0.9997053624042428,10179.0,10182.0,0.9958487686089567,1.0
30.0,0.35,0.6931840502848163,0.6939176574629066,0.9995089373404047,10177.0,10182.0,0.9958487686089567,1.0
30.0,0.4,0.6931840502848163,0.6938274031845881,0.9992142997446474,10174.0,10182.0,0.9958487686089567,1.0
30.0,0.45,0.6931840502848163,0.6938354144135287,0.9989196621488902,10171.0,10182.0,0.9958487686089567,1.0
30.0,0.5,0.6931840502848163,0.6939417781274587,0.998625024553133,10168.0,10182.0,0.9958487686089567,1.0
30.0,0.55,0.6931840502848163,0.6940261785257357,0.9979375368296994,10161.0,10182.0,0.9958487686089567,1.0
30.0,0.6,0.6931840502848163,0.6941628113003249,0.9977411117658613,10159.0,10182.0,0.9958487686089567,1.0
30.0,0.65,0.6931840502848163,0.6943678613627412,0.9974464741701041,10156.0,10182.0,0.9958487686089567,1.0
30.0,0.7,0.6931840502848163,0.6943158309526155,0.9969554115105087,10151.0,10182.0,0.9958487686089567,1.0
30.0,0.75,0.6931840502848163,0.6944992113564669,0.9962679237870752,10144.0,10182.0,0.9958487686089567,1.0
30.0,0.8,0.6931840502848163,0.6947731755424064,0.995875073659399,10140.0,10182.0,0.9958487686089567,1.0
30.0,0.85,0.6931840502848163,0.6950809956538917,0.9943036731486937,10124.0,10182.0,0.9958487686089567,1.0
30.0,0.9,0.6931840502848163,0.6964444884619194,0.9916519347868789,10097.0,10182.0,0.9958487686089567,1.0
30.0,0.95,0.6931840502848163,0.7004088959808517,0.9847770575525437,10027.0,10182.0,0.9958487686089567,1.0
30.0,1.0,0.6931840502848163,nan,0.0,0.0,10182.0,0.9958487686089567,1.0
31.0,0.0,0.6691219799646435,0.6691219799646435,1.0,10182.0,10182.0,0.9948108094546632,1.0
31.0,0.05,0.6691219799646435,0.6691219799646435,1.0,10182.0,10182.0,0.9948108094546632,1.0
31.0,0.1,0.6691219799646435,0.6691219799646435,1.0,10182.0,10182.0,0.9948108094546632,1.0
31.0,0.15,0.6691219799646435,0.6691219799646435,1.0,10182.0,10182.0,0.9948108094546632,1.0
31.0,0.2,0.6691219799646435,0.6692866967970131,0.9996071498723237,10178.0,10182.0,0.9948108094546632,1.0
31.0,0.25,0.6691219799646435,0.6693199685534591,0.9994107248084856,10176.0,10182.0,0.9948108094546632,1.0
31.0,0.3,0.6691219799646435,0.6692224515875357,0.9991160872127284,10173.0,10182.0,0.9948108094546632,1.0
31.0,0.35,0.6691219799646435,0.6692557270671518,0.9989196621488902,10171.0,10182.0,0.9948108094546632,1.0
31.0,0.4,0.6691219799646435,0.6693215339233038,0.9988214496169712,10170.0,10182.0,0.9948108094546632,1.0
31.0,0.45,0.6691219799646435,0.6694531864673485,0.998625024553133,10168.0,10182.0,0.9948108094546632,1.0
31.0,0.5,0.6691219799646435,0.6697500492029128,0.9980357493616185,10162.0,10182.0,0.9948108094546632,1.0
31.0,0.55,0.6691219799646435,0.6699153376648946,0.9976428992339422,10158.0,10182.0,0.9948108094546632,1.0
31.0,0.6,0.6691219799646435,0.6699812936890814,0.9975446867020232,10157.0,10182.0,0.9948108094546632,1.0
31.0,0.65,0.6691219799646435,0.6699497685413178,0.9971518365743469,10153.0,10182.0,0.9948108094546632,1.0
31.0,0.7,0.6691219799646435,0.6699191799724029,0.9964643488509134,10146.0,10182.0,0.9948108094546632,1.0
31.0,0.75,0.6691219799646435,0.6700197238658777,0.995875073659399,10140.0,10182.0,0.9948108094546632,1.0
31.0,0.8,0.6691219799646435,0.6700858072788244,0.9957768611274799,10139.0,10182.0,0.9948108094546632,1.0
31.0,0.85,0.6691219799646435,0.6703177422537991,0.9952857984678845,10134.0,10182.0,0.9948108094546632,1.0
31.0,0.9,0.6691219799646435,0.6754202725554561,0.9873305833824396,10053.0,10182.0,0.9948108094546632,1.0
31.0,0.95,0.6691219799646435,0.6783929642214671,0.9827145943822432,10006.0,10182.0,0.9948108094546632,1.0
31.0,1.0,0.6691219799646435,nan,0.0,0.0,10182.0,0.9948108094546632,1.0
32.0,0.0,0.6768807699862502,0.6767825574543311,1.0,10182.0,10182.0,0.9948125278825635,1.0
32.0,0.05,0.6768807699862502,0.6767825574543311,1.0,10182.0,10182.0,0.9948125278825635,1.0
32.0,0.1,0.6768807699862502,0.6767825574543311,1.0,10182.0,10182.0,0.9948125278825635,1.0
32.0,0.15,0.6768807699862502,0.6767855388545043,0.9997053624042428,10179.0,10182.0,0.9948125278825635,1.0
32.0,0.2,0.6768807699862502,0.6767537826685007,0.9996071498723237,10178.0,10182.0,0.9948125278825635,1.0
32.0,0.25,0.6768807699862502,0.6768202810258426,0.9995089373404047,10177.0,10182.0,0.9948125278825635,1.0
32.0,0.3,0.6768807699862502,0.6767567567567567,0.9993125122765665,10175.0,10182.0,0.9948125278825635,1.0
32.0,0.35,0.6768807699862502,0.6767915069301091,0.9991160872127284,10173.0,10182.0,0.9948125278825635,1.0
32.0,0.4,0.6768807699862502,0.6769245895192213,0.9989196621488902,10171.0,10182.0,0.9948125278825635,1.0
32.0,0.45,0.6768807699862502,0.6769941969115767,0.998526812021214,10167.0,10182.0,0.9948125278825635,1.0
32.0,0.5,0.6768807699862502,0.6770956316410862,0.9982321744254566,10164.0,10182.0,0.9948125278825635,1.0
32.0,0.55,0.6768807699862502,0.677263779527559,0.9978393242977804,10160.0,10182.0,0.9948125278825635,1.0
32.0,0.6,0.6768807699862502,0.6773304459100306,0.9977411117658613,10159.0,10182.0,0.9948125278825635,1.0
32.0,0.65,0.6768807699862502,0.677565491431948,0.9972500491062659,10154.0,10182.0,0.9948125278825635,1.0
32.0,0.7,0.6768807699862502,0.677769018525818,0.9966607739147515,10148.0,10182.0,0.9948125278825635,1.0
32.0,0.75,0.6768807699862502,0.6779727864326562,0.9960714987232371,10142.0,10182.0,0.9948125278825635,1.0
32.0,0.8,0.6768807699862502,0.6781098944460886,0.9955804360636418,10137.0,10182.0,0.9948125278825635,1.0
32.0,0.85,0.6768807699862502,0.6776720206226452,0.990571596935769,10086.0,10182.0,0.9948125278825635,1.0
32.0,0.9,0.6768807699862502,0.6782020684168656,0.9876252209781968,10056.0,10182.0,0.9948125278825635,1.0
32.0,0.95,0.6768807699862502,0.6801239132607175,0.9828128069141623,10007.0,10182.0,0.9948125278825635,1.0
32.0,1.0,0.6768807699862502,nan,0.0,0.0,10182.0,0.9948125278825635,1.0
33.0,0.0,0.6735415439010017,0.6742290316244353,1.0,10182.0,10182.0,0.9934901394940762,1.0
33.0,0.05,0.6735415439010017,0.6742290316244353,1.0,10182.0,10182.0,0.9934901394940762,1.0
33.0,0.1,0.6735415439010017,0.6742290316244353,1.0,10182.0,10182.0,0.9934901394940762,1.0
33.0,0.15,0.6735415439010017,0.6742290316244353,1.0,10182.0,10182.0,0.9934901394940762,1.0
33.0,0.2,0.6735415439010017,0.6744277433932606,0.9997053624042428,10179.0,10182.0,0.9934901394940762,1.0
33.0,0.25,0.6735415439010017,0.6747615770327401,0.9989196621488902,10171.0,10182.0,0.9934901394940762,1.0
33.0,0.3,0.6735415439010017,0.674995081644698,0.9984285994892949,10166.0,10182.0,0.9934901394940762,1.0
33.0,0.35,0.6735415439010017,0.6752313447529041,0.9976428992339422,10158.0,10182.0,0.9934901394940762,1.0
33.0,0.4,0.6735415439010017,0.6754999507437691,0.9969554115105087,10151.0,10182.0,0.9934901394940762,1.0
33.0,0.45,0.6735415439010017,0.6757342795190223,0.9964643488509134,10146.0,10182.0,0.9934901394940762,1.0
33.0,0.5,0.6735415439010017,0.6757369614512472,0.9961697112551562,10143.0,10182.0,0.9934901394940762,1.0
33.0,0.55,0.6735415439010017,0.6759368836291914,0.995875073659399,10140.0,10182.0,0.9934901394940762,1.0
33.0,0.6,0.6735415439010017,0.6763370830866391,0.9952857984678845,10134.0,10182.0,0.9934901394940762,1.0
33.0,0.65,0.6735415439010017,0.6764067127344521,0.9948929483402082,10130.0,10182.0,0.9934901394940762,1.0
33.0,0.7,0.6735415439010017,0.6765141784408655,0.9940090355529365,10121.0,10182.0,0.9934901394940762,1.0
33.0,0.75,0.6735415439010017,0.6764240506329114,0.9931251227656649,10112.0,10182.0,0.9934901394940762,1.0
33.0,0.8,0.6735415439010017,0.6764298436572334,0.9925358475741505,10106.0,10182.0,0.9934901394940762,1.0
33.0,0.85,0.6735415439010017,0.675476947535771,0.9884109212335495,10064.0,10182.0,0.9934901394940762,1.0
33.0,0.9,0.6735415439010017,0.6758853959411062,0.9872323708505205,10052.0,10182.0,0.9934901394940762,1.0
33.0,0.95,0.6735415439010017,0.6835583316542414,0.9748575918287173,9926.0,10182.0,0.9934901394940762,1.0
33.0,1.0,0.6735415439010017,nan,0.0,0.0,10182.0,0.9934901394940762,1.0
34.0,0.0,0.673836181496759,0.6753093694755451,1.0,10182.0,10182.0,0.9936474727708543,1.0
34.0,0.05,0.673836181496759,0.6753093694755451,1.0,10182.0,10182.0,0.9936474727708543,1.0
34.0,0.1,0.673836181496759,0.6753093694755451,1.0,10182.0,10182.0,0.9936474727708543,1.0
34.0,0.15,0.673836181496759,0.6752774776544543,0.9999017874680809,10181.0,10182.0,0.9936474727708543,1.0
34.0,0.2,0.673836181496759,0.6752800157201808,0.9996071498723237,10178.0,10182.0,0.9936474727708543,1.0
34.0,0.25,0.673836181496759,0.6753808353808354,0.9993125122765665,10175.0,10182.0,0.9936474727708543,1.0
34.0,0.3,0.673836181496759,0.6754523996852871,0.998625024553133,10168.0,10182.0,0.9936474727708543,1.0
34.0,0.35,0.673836181496759,0.6755559929147805,0.9980357493616185,10162.0,10182.0,0.9936474727708543,1.0
34.0,0.4,0.673836181496759,0.6757635467980295,0.9968571989785897,10150.0,10182.0,0.9936474727708543,1.0
34.0,0.45,0.673836181496759,0.675715695952616,0.9948929483402082,10130.0,10182.0,0.9936474727708543,1.0
34.0,0.5,0.673836181496759,0.6758545741948232,0.9941072480848556,10122.0,10182.0,0.9936474727708543,1.0
34.0,0.55,0.673836181496759,0.6758572981519912,0.9938126104890984,10119.0,10182.0,0.9936474727708543,1.0
34.0,0.6,0.673836181496759,0.6761245674740485,0.9934197603614221,10115.0,10182.0,0.9936474727708543,1.0
34.0,0.65,0.673836181496759,0.6763978228599703,0.9924376350422314,10105.0,10182.0,0.9936474727708543,1.0
34.0,0.7,0.673836181496759,0.6767706785537395,0.9914555097230406,10095.0,10182.0,0.9936474727708543,1.0
34.0,0.75,0.673836181496759,0.6769398473887622,0.9910626595953643,10091.0,10182.0,0.9936474727708543,1.0
34.0,0.8,0.673836181496759,0.6773425880019831,0.9904733844038499,10085.0,10182.0,0.9936474727708543,1.0
34.0,0.85,0.673836181496759,0.6775473757317194,0.9898841092123355,10079.0,10182.0,0.9936474727708543,1.0
34.0,0.9,0.673836181496759,0.6778870022837852,0.9890984089569829,10071.0,10182.0,0.9936474727708543,1.0
34.0,0.95,0.673836181496759,0.6784434713375797,0.9868395207228442,10048.0,10182.0,0.9936474727708543,1.0
34.0,1.0,0.673836181496759,nan,0.0,0.0,10182.0,0.9936474727708543,1.0
35.0,0.0,0.6862109605185621,0.6871930858377528,1.0,10182.0,10182.0,0.995803239223906,1.0
35.0,0.05,0.6862109605185621,0.6871930858377528,1.0,10182.0,10182.0,0.995803239223906,1.0
35.0,0.1,0.6862109605185621,0.6871930858377528,1.0,10182.0,10182.0,0.995803239223906,1.0
35.0,0.15,0.6862109605185621,0.6871930858377528,1.0,10182.0,10182.0,0.995803239223906,1.0
35.0,0.2,0.6862109605185621,0.6871930858377528,1.0,10182.0,10182.0,0.995803239223906,1.0
35.0,0.25,0.6862109605185621,0.6871930858377528,1.0,10182.0,10182.0,0.995803239223906,1.0
35.0,0.3,0.6862109605185621,0.6871623612611728,0.9999017874680809,10181.0,10182.0,0.995803239223906,1.0
35.0,0.35,0.6862109605185621,0.6871991354749976,0.9997053624042428,10179.0,10182.0,0.995803239223906,1.0
35.0,0.4,0.6862109605185621,0.6873095448736852,0.9991160872127284,10173.0,10182.0,0.995803239223906,1.0
35.0,0.45,0.6862109605185621,0.6876475216365067,0.998625024553133,10168.0,10182.0,0.995803239223906,1.0
35.0,0.5,0.6862109605185621,0.6876537137235612,0.9983303869573757,10165.0,10182.0,0.995803239223906,1.0
35.0,0.55,0.6862109605185621,0.6878999704637196,0.9975446867020232,10157.0,10182.0,0.995803239223906,1.0
35.0,0.6,0.6862109605185621,0.6879369768586903,0.997348261638185,10155.0,10182.0,0.995803239223906,1.0
35.0,0.65,0.6862109605185621,0.6876293740758994,0.9963661363189943,10145.0,10182.0,0.995803239223906,1.0
35.0,0.7,0.6862109605185621,0.6877220686932491,0.9950893734040464,10132.0,10182.0,0.995803239223906,1.0
35.0,0.75,0.6862109605185621,0.6878458498023715,0.9939108230210175,10120.0,10182.0,0.995803239223906,1.0
35.0,0.8,0.6862109605185621,0.6877349159248269,0.9929286977018268,10110.0,10182.0,0.995803239223906,1.0
35.0,0.85,0.6862109605185621,0.6875618934442463,0.9917501473187978,10098.0,10182.0,0.995803239223906,1.0
35.0,0.9,0.6862109605185621,0.6875433554652661,0.9910626595953643,10091.0,10182.0,0.995803239223906,1.0
35.0,0.95,0.6862109605185621,0.6873634015497715,0.9886073462973876,10066.0,10182.0,0.995803239223906,1.0
35.0,1.0,0.6862109605185621,nan,0.0,0.0,10182.0,0.995803239223906,1.0
36.0,0.0,0.6587114515812218,0.6586132390493027,1.0,10182.0,10182.0,0.9976886094971669,1.0
36.0,0.05,0.6587114515812218,0.6586132390493027,1.0,10182.0,10182.0,0.9976886094971669,1.0
36.0,0.1,0.6587114515812218,0.6586132390493027,1.0,10182.0,10182.0,0.9976886094971669,1.0
36.0,0.15,0.6587114515812218,0.6586132390493027,1.0,10182.0,10182.0,0.9976886094971669,1.0
36.0,0.2,0.6587114515812218,0.6586132390493027,1.0,10182.0,10182.0,0.9976886094971669,1.0
36.0,0.25,0.6587114515812218,0.6586779294764757,0.9999017874680809,10181.0,10182.0,0.9976886094971669,1.0
36.0,0.3,0.6587114515812218,0.6586108655074172,0.9997053624042428,10179.0,10182.0,0.9976886094971669,1.0
36.0,0.35,0.6587114515812218,0.6586755747691099,0.9996071498723237,10178.0,10182.0,0.9976886094971669,1.0
36.0,0.4,0.6587114515812218,0.6587067610062893,0.9994107248084856,10176.0,10182.0,0.9976886094971669,1.0
36.0,0.45,0.6587114515812218,0.6586396697464124,0.9992142997446474,10174.0,10182.0,0.9976886094971669,1.0
36.0,0.5,0.6587114515812218,0.6586396697464124,0.9992142997446474,10174.0,10182.0,0.9976886094971669,1.0
36.0,0.55,0.6587114515812218,0.6587044136439595,0.9991160872127284,10173.0,10182.0,0.9976886094971669,1.0
36.0,0.6,0.6587114515812218,0.6588003933136677,0.9988214496169712,10170.0,10182.0,0.9976886094971669,1.0
36.0,0.65,0.6587114515812218,0.6587332808811959,0.998625024553133,10168.0,10182.0,0.9976886094971669,1.0
36.0,0.7,0.6587114515812218,0.6586997147634504,0.998526812021214,10167.0,10182.0,0.9976886094971669,1.0
36.0,0.75,0.6587114515812218,0.6587645091481409,0.9984285994892949,10166.0,10182.0,0.9976886094971669,1.0
36.0,0.8,0.6587114515812218,0.658793425843913,0.9979375368296994,10161.0,10182.0,0.9976886094971669,1.0
36.0,0.85,0.6587114515812218,0.6588582677165354,0.9978393242977804,10160.0,10182.0,0.9976886094971669,1.0
36.0,0.9,0.6587114515812218,0.6595681750961254,0.9961697112551562,10143.0,10182.0,0.9976886094971669,1.0
36.0,0.95,0.6587114515812218,0.6604426002766252,0.9941072480848556,10122.0,10182.0,0.9976886094971669,1.0
36.0,1.0,0.6587114515812218,nan,0.0,0.0,10182.0,0.9976886094971669,1.0
37.0,0.0,0.6694166175604007,0.6696130426242388,1.0,10182.0,10182.0,0.998009671521688,1.0
37.0,0.05,0.6694166175604007,0.6696130426242388,1.0,10182.0,10182.0,0.998009671521688,1.0
37.0,0.1,0.6694166175604007,0.6696130426242388,1.0,10182.0,10182.0,0.998009671521688,1.0
37.0,0.15,0.6694166175604007,0.6696130426242388,1.0,10182.0,10182.0,0.998009671521688,1.0
37.0,0.2,0.6694166175604007,0.6696130426242388,1.0,10182.0,10182.0,0.998009671521688,1.0
37.0,0.25,0.6694166175604007,0.6696130426242388,1.0,10182.0,10182.0,0.998009671521688,1.0
37.0,0.3,0.6694166175604007,0.669580591297515,0.9999017874680809,10181.0,10182.0,0.998009671521688,1.0
37.0,0.35,0.6694166175604007,0.6696463654223969,0.9998035749361619,10180.0,10182.0,0.998009671521688,1.0
37.0,0.4,0.6694166175604007,0.6695814501866771,0.9996071498723237,10178.0,10182.0,0.998009671521688,1.0
37.0,0.45,0.6694166175604007,0.6696805896805896,0.9993125122765665,10175.0,10182.0,0.998009671521688,1.0
37.0,0.5,0.6694166175604007,0.6696481226656182,0.9992142997446474,10174.0,10182.0,0.998009671521688,1.0
37.0,0.55,0.6694166175604007,0.6698790441538007,0.9987232370850521,10169.0,10182.0,0.998009671521688,1.0
37.0,0.6,0.6694166175604007,0.6700777329528682,0.9981339618935376,10163.0,10182.0,0.998009671521688,1.0
37.0,0.65,0.6694166175604007,0.6703426545884207,0.9974464741701041,10156.0,10182.0,0.998009671521688,1.0
37.0,0.7,0.6694166175604007,0.6704097714736013,0.9970536240424278,10152.0,10182.0,0.998009671521688,1.0
37.0,0.75,0.6694166175604007,0.6706740244383129,0.9966607739147515,10148.0,10182.0,0.998009671521688,1.0
37.0,0.8,0.6694166175604007,0.6706740244383129,0.9966607739147515,10148.0,10182.0,0.998009671521688,1.0
37.0,0.85,0.6694166175604007,0.670839905362776,0.9962679237870752,10144.0,10182.0,0.998009671521688,1.0
37.0,0.9,0.6694166175604007,0.6711058498569596,0.9955804360636418,10137.0,10182.0,0.998009671521688,1.0
37.0,0.95,0.6694166175604007,0.6717685395477436,0.994598310744451,10127.0,10182.0,0.998009671521688,1.0
37.0,1.0,0.6694166175604007,nan,0.0,0.0,10182.0,0.998009671521688,1.0
38.0,0.0,0.6911215871145158,0.6911215871145158,1.0,10182.0,10182.0,0.9980934726989379,1.0
38.0,0.05,0.6911215871145158,0.6911215871145158,1.0,10182.0,10182.0,0.9980934726989379,1.0
38.0,0.1,0.6911215871145158,0.6911215871145158,1.0,10182.0,10182.0,0.9980934726989379,1.0
38.0,0.15,0.6911215871145158,0.6911215871145158,1.0,10182.0,10182.0,0.9980934726989379,1.0
38.0,0.2,0.6911215871145158,0.6911215871145158,1.0,10182.0,10182.0,0.9980934726989379,1.0
38.0,0.25,0.6911215871145158,0.6911215871145158,1.0,10182.0,10182.0,0.9980934726989379,1.0
38.0,0.3,0.6911215871145158,0.6910305530995187,0.9997053624042428,10179.0,10182.0,0.9980934726989379,1.0
38.0,0.35,0.6911215871145158,0.6911360062893082,0.9994107248084856,10176.0,10182.0,0.9980934726989379,1.0
38.0,0.4,0.6911215871145158,0.6912039312039312,0.9993125122765665,10175.0,10182.0,0.9980934726989379,1.0
38.0,0.45,0.6911215871145158,0.6911735797129939,0.9992142997446474,10174.0,10182.0,0.9980934726989379,1.0
38.0,0.5,0.6911215871145158,0.6915134231487855,0.9987232370850521,10169.0,10182.0,0.9980934726989379,1.0
38.0,0.55,0.6911215871145158,0.6916568280204644,0.9982321744254566,10164.0,10182.0,0.9980934726989379,1.0
38.0,0.6,0.6911215871145158,0.6916945483172604,0.9980357493616185,10162.0,10182.0,0.9980934726989379,1.0
38.0,0.65,0.6911215871145158,0.6920728705071394,0.997348261638185,10155.0,10182.0,0.9980934726989379,1.0
38.0,0.7,0.6911215871145158,0.6921410281662399,0.9972500491062659,10154.0,10182.0,0.9980934726989379,1.0
38.0,0.75,0.6911215871145158,0.6921788810086682,0.9970536240424278,10152.0,10182.0,0.9980934726989379,1.0
38.0,0.8,0.6911215871145158,0.6923531730390224,0.9966607739147515,10148.0,10182.0,0.9980934726989379,1.0
38.0,0.85,0.6911215871145158,0.6923910900847625,0.9964643488509134,10146.0,10182.0,0.9980934726989379,1.0
38.0,0.9,0.6911215871145158,0.6925958789312826,0.9961697112551562,10143.0,10182.0,0.9980934726989379,1.0
38.0,0.95,0.6911215871145158,0.6929530201342282,0.9950893734040464,10132.0,10182.0,0.9980934726989379,1.0
38.0,1.0,0.6911215871145158,nan,0.0,0.0,10182.0,0.9980934726989379,1.0
39.0,0.0,0.6789432331565508,0.6776664702416029,1.0,10182.0,10182.0,0.9946248838818862,1.0
39.0,0.05,0.6789432331565508,0.6776664702416029,1.0,10182.0,10182.0,0.9946248838818862,1.0
39.0,0.1,0.6789432331565508,0.6776664702416029,1.0,10182.0,10182.0,0.9946248838818862,1.0
39.0,0.15,0.6789432331565508,0.6776664702416029,1.0,10182.0,10182.0,0.9946248838818862,1.0
39.0,0.2,0.6789432331565508,0.6776664702416029,1.0,10182.0,10182.0,0.9946248838818862,1.0
39.0,0.25,0.6789432331565508,0.6776664702416029,1.0,10182.0,10182.0,0.9946248838818862,1.0
39.0,0.3,0.6789432331565508,0.6777362939673807,0.9996071498723237,10178.0,10182.0,0.9946248838818862,1.0
39.0,0.35,0.6789432331565508,0.6780693993905436,0.9991160872127284,10173.0,10182.0,0.9946248838818862,1.0
39.0,0.4,0.6789432331565508,0.6783079193310378,0.9983303869573757,10165.0,10182.0,0.9946248838818862,1.0
39.0,0.45,0.6789432331565508,0.6788105553367467,0.9974464741701041,10156.0,10182.0,0.9946248838818862,1.0
39.0,0.5,0.6789432331565508,0.6787472917077014,0.9972500491062659,10154.0,10182.0,0.9946248838818862,1.0
39.0,0.55,0.6789432331565508,0.6788529759558534,0.9966607739147515,10148.0,10182.0,0.9946248838818862,1.0
39.0,0.6,0.6789432331565508,0.6788601853677776,0.9960714987232371,10142.0,10182.0,0.9946248838818862,1.0
39.0,0.65,0.6789432331565508,0.6793682132280355,0.9948929483402082,10130.0,10182.0,0.9946248838818862,1.0
39.0,0.7,0.6789432331565508,0.6800079059195573,0.9938126104890984,10119.0,10182.0,0.9946248838818862,1.0
39.0,0.75,0.6789432331565508,0.6810532567808355,0.9921429974464742,10102.0,10182.0,0.9946248838818862,1.0
39.0,0.8,0.6789432331565508,0.6822689408964696,0.9903751718719308,10084.0,10182.0,0.9946248838818862,1.0
39.0,0.85,0.6789432331565508,0.6826846703733122,0.989196621488902,10072.0,10182.0,0.9946248838818862,1.0
39.0,0.9,0.6789432331565508,0.6831378007556174,0.9878216460420349,10058.0,10182.0,0.9946248838818862,1.0
39.0,0.95,0.6789432331565508,0.6836653386454183,0.9860538204674917,10040.0,10182.0,0.9946248838818862,1.0
39.0,1.0,0.6789432331565508,nan,0.0,0.0,10182.0,0.9946248838818862,1.0
40.0,0.0,0.6519347868788057,0.6485955607935573,1.0,10182.0,10182.0,0.9922323955186011,1.0
40.0,0.05,0.6519347868788057,0.6485955607935573,1.0,10182.0,10182.0,0.9922323955186011,1.0
40.0,0.1,0.6519347868788057,0.6485955607935573,1.0,10182.0,10182.0,0.9922323955186011,1.0
40.0,0.15,0.6519347868788057,0.6485955607935573,1.0,10182.0,10182.0,0.9922323955186011,1.0
40.0,0.2,0.6519347868788057,0.6485955607935573,1.0,10182.0,10182.0,0.9922323955186011,1.0
40.0,0.25,0.6519347868788057,0.6485955607935573,1.0,10182.0,10182.0,0.9922323955186011,1.0
40.0,0.3,0.6519347868788057,0.6486247544204322,0.9998035749361619,10180.0,10182.0,0.9922323955186011,1.0
40.0,0.35,0.6519347868788057,0.6487814465408805,0.9994107248084856,10176.0,10182.0,0.9922323955186011,1.0
40.0,0.4,0.6519347868788057,0.6488452088452088,0.9993125122765665,10175.0,10182.0,0.9922323955186011,1.0
40.0,0.45,0.6519347868788057,0.6488106939256929,0.9992142997446474,10174.0,10182.0,0.9922323955186011,1.0
40.0,0.5,0.6519347868788057,0.6487761722205839,0.9991160872127284,10173.0,10182.0,0.9922323955186011,1.0
40.0,0.55,0.6519347868788057,0.6488932611903591,0.9983303869573757,10165.0,10182.0,0.9922323955186011,1.0
40.0,0.6,0.6519347868788057,0.6495911732834203,0.9969554115105087,10151.0,10182.0,0.9922323955186011,1.0
40.0,0.65,0.6519347868788057,0.6500937160895729,0.9955804360636418,10137.0,10182.0,0.9922323955186011,1.0
40.0,0.7,0.6519347868788057,0.6508454464550578,0.993223335297584,10113.0,10182.0,0.9922323955186011,1.0
40.0,0.75,0.6519347868788057,0.6514926113259942,0.9902769593400118,10083.0,10182.0,0.9922323955186011,1.0
40.0,0.8,0.6519347868788057,0.651694325747789,0.9883127087016303,10063.0,10182.0,0.9922323955186011,1.0
40.0,0.85,0.6519347868788057,0.6524250572652126,0.9861520329994107,10041.0,10182.0,0.9922323955186011,1.0
40.0,0.9,0.6519347868788057,0.6531284302963776,0.9841877823610292,10021.0,10182.0,0.9922323955186011,1.0
40.0,0.95,0.6519347868788057,0.6538076152304609,0.9801610685523473,9980.0,10182.0,0.9922323955186011,1.0
40.0,1.0,0.6519347868788057,nan,0.0,0.0,10182.0,0.9922323955186011,1.0
41.0,0.0,0.6466313101551758,0.6457473973679041,1.0,10182.0,10182.0,0.9949088004133985,1.0
41.0,0.05,0.6466313101551758,0.6457473973679041,1.0,10182.0,10182.0,0.9949088004133985,1.0
41.0,0.1,0.6466313101551758,0.6457126019055103,0.9999017874680809,10181.0,10182.0,0.9949088004133985,1.0
41.0,0.15,0.6466313101551758,0.6457126019055103,0.9999017874680809,10181.0,10182.0,0.9949088004133985,1.0
41.0,0.2,0.6466313101551758,0.6457126019055103,0.9999017874680809,10181.0,10182.0,0.9949088004133985,1.0
41.0,0.25,0.6466313101551758,0.6456429904705767,0.9997053624042428,10179.0,10182.0,0.9949088004133985,1.0
41.0,0.3,0.6466313101551758,0.6457002457002456,0.9993125122765665,10175.0,10182.0,0.9949088004133985,1.0
41.0,0.35,0.6466313101551758,0.6458558647134008,0.9989196621488902,10171.0,10182.0,0.9949088004133985,1.0
41.0,0.4,0.6466313101551758,0.6460464201416207,0.998625024553133,10168.0,10182.0,0.9949088004133985,1.0
41.0,0.45,0.6466313101551758,0.6462310568785672,0.9980357493616185,10162.0,10182.0,0.9949088004133985,1.0
41.0,0.5,0.6466313101551758,0.6463870840716677,0.9976428992339422,10158.0,10182.0,0.9949088004133985,1.0
41.0,0.55,0.6466313101551758,0.6465143757384797,0.9974464741701041,10156.0,10182.0,0.9949088004133985,1.0
41.0,0.6,0.6466313101551758,0.6465024630541872,0.9968571989785897,10150.0,10182.0,0.9949088004133985,1.0
41.0,0.65,0.6466313101551758,0.6465253819615574,0.9963661363189943,10145.0,10182.0,0.9949088004133985,1.0
41.0,0.7,0.6466313101551758,0.6467107209784002,0.9957768611274799,10139.0,10182.0,0.9949088004133985,1.0
41.0,0.75,0.6466313101551758,0.6469891411648568,0.9948929483402082,10130.0,10182.0,0.9949088004133985,1.0
41.0,0.8,0.6466313101551758,0.6472389607823767,0.9942054606167747,10123.0,10182.0,0.9949088004133985,1.0
41.0,0.85,0.6466313101551758,0.647373107747106,0.9926340601060696,10107.0,10182.0,0.9949088004133985,1.0
41.0,0.9,0.6466313101551758,0.6479920674268715,0.9904733844038499,10085.0,10182.0,0.9949088004133985,1.0
41.0,0.95,0.6466313101551758,0.6489234449760766,0.985268120212139,10032.0,10182.0,0.9949088004133985,1.0
41.0,1.0,0.6466313101551758,nan,0.0,0.0,10182.0,0.9949088004133985,1.0
42.0,0.0,0.6566489884109212,0.6567472009428403,1.0,10182.0,10182.0,0.9984741049310684,1.0
42.0,0.05,0.6566489884109212,0.6567472009428403,1.0,10182.0,10182.0,0.9984741049310684,1.0
42.0,0.1,0.6566489884109212,0.6567472009428403,1.0,10182.0,10182.0,0.9984741049310684,1.0
42.0,0.15,0.6566489884109212,0.6567472009428403,1.0,10182.0,10182.0,0.9984741049310684,1.0
42.0,0.2,0.6566489884109212,0.6567134859051174,0.9999017874680809,10181.0,10182.0,0.9984741049310684,1.0
42.0,0.25,0.6566489884109212,0.6567134859051174,0.9999017874680809,10181.0,10182.0,0.9984741049310684,1.0
42.0,0.3,0.6566489884109212,0.656777996070727,0.9998035749361619,10180.0,10182.0,0.9984741049310684,1.0
42.0,0.35,0.6566489884109212,0.6568088033012379,0.9996071498723237,10178.0,10182.0,0.9984741049310684,1.0
42.0,0.4,0.6566489884109212,0.656937893081761,0.9994107248084856,10176.0,10182.0,0.9984741049310684,1.0
42.0,0.45,0.6566489884109212,0.656937893081761,0.9994107248084856,10176.0,10182.0,0.9984741049310684,1.0
42.0,0.5,0.6566489884109212,0.6569041769041769,0.9993125122765665,10175.0,10182.0,0.9984741049310684,1.0
42.0,0.55,0.6566489884109212,0.6569687438568901,0.9992142997446474,10174.0,10182.0,0.9984741049310684,1.0
42.0,0.6,0.6566489884109212,0.656999606763665,0.9990178746808093,10172.0,10182.0,0.9984741049310684,1.0
42.0,0.65,0.6566489884109212,0.6570950929294916,0.9987232370850521,10169.0,10182.0,0.9984741049310684,1.0
42.0,0.7,0.6566489884109212,0.6570950929294916,0.9987232370850521,10169.0,10182.0,0.9984741049310684,1.0
42.0,0.75,0.6566489884109212,0.6571231798504525,0.9982321744254566,10164.0,10182.0,0.9984741049310684,1.0
42.0,0.8,0.6566489884109212,0.657151294418742,0.9977411117658613,10159.0,10182.0,0.9984741049310684,1.0
42.0,0.85,0.6566489884109212,0.6572159873990943,0.9976428992339422,10158.0,10182.0,0.9984741049310684,1.0
42.0,0.9,0.6566489884109212,0.6571766328440548,0.9969554115105087,10151.0,10182.0,0.9984741049310684,1.0
42.0,0.95,0.6566489884109212,0.6570667718709932,0.9957768611274799,10139.0,10182.0,0.9984741049310684,1.0
42.0,1.0,0.6566489884109212,nan,0.0,0.0,10182.0,0.9984741049310684,1.0
43.0,0.0,0.6346493812610489,0.6345511687291299,1.0,10182.0,10182.0,0.9955109735148474,1.0
43.0,0.05,0.6346493812610489,0.6345511687291299,1.0,10182.0,10182.0,0.9955109735148474,1.0
43.0,0.1,0.6346493812610489,0.6345511687291299,1.0,10182.0,10182.0,0.9955109735148474,1.0
43.0,0.15,0.6346493812610489,0.6346134957273353,0.9999017874680809,10181.0,10182.0,0.9955109735148474,1.0
43.0,0.2,0.6346493812610489,0.6345776031434185,0.9998035749361619,10180.0,10182.0,0.9955109735148474,1.0
43.0,0.25,0.6346493812610489,0.6346305031446541,0.9994107248084856,10176.0,10182.0,0.9955109735148474,1.0
43.0,0.3,0.6346493812610489,0.6346928746928747,0.9993125122765665,10175.0,10182.0,0.9955109735148474,1.0
43.0,0.35,0.6346493812610489,0.6349065880039332,0.9988214496169712,10170.0,10182.0,0.9955109735148474,1.0
43.0,0.4,0.6346493812610489,0.6353438945193348,0.9981339618935376,10163.0,10182.0,0.9955109735148474,1.0
43.0,0.45,0.6346493812610489,0.6355848759354077,0.9974464741701041,10156.0,10182.0,0.9955109735148474,1.0
43.0,0.5,0.6346493812610489,0.6360232535225145,0.9967589864466706,10149.0,10182.0,0.9955109735148474,1.0
43.0,0.55,0.6346493812610489,0.6361754558896008,0.9963661363189943,10145.0,10182.0,0.9955109735148474,1.0
43.0,0.6,0.6346493812610489,0.6364084854464727,0.9953840109998036,10135.0,10182.0,0.9955109735148474,1.0
43.0,0.65,0.6346493812610489,0.6368395061728395,0.9944018856806128,10125.0,10182.0,0.9955109735148474,1.0
43.0,0.7,0.6346493812610489,0.6371812611187981,0.9937143979571793,10118.0,10182.0,0.9955109735148474,1.0
43.0,0.75,0.6346493812610489,0.6373974092751904,0.993223335297584,10113.0,10182.0,0.9955109735148474,1.0
43.0,0.8,0.6346493812610489,0.637739956461508,0.9925358475741505,10106.0,10182.0,0.9955109735148474,1.0
43.0,0.85,0.6346493812610489,0.6379481085363439,0.9917501473187978,10098.0,10182.0,0.9955109735148474,1.0
43.0,0.9,0.6346493812610489,0.6383738225086762,0.9904733844038499,10085.0,10182.0,0.9955109735148474,1.0
43.0,0.95,0.6346493812610489,0.6383950739894726,0.9889019838931448,10069.0,10182.0,0.9955109735148474,1.0
43.0,1.0,0.6346493812610489,nan,0.0,0.0,10182.0,0.9955109735148474,1.0
44.0,0.0,0.6258102533883324,0.625319190728737,1.0,10182.0,10182.0,0.9906470879467478,1.0
44.0,0.05,0.6258102533883324,0.625319190728737,1.0,10182.0,10182.0,0.9906470879467478,1.0
44.0,0.1,0.6258102533883324,0.6253806109419507,0.9999017874680809,10181.0,10182.0,0.9906470879467478,1.0
44.0,0.15,0.6258102533883324,0.6255034875724531,0.9997053624042428,10179.0,10182.0,0.9906470879467478,1.0
44.0,0.2,0.6258102533883324,0.6255034875724531,0.9997053624042428,10179.0,10182.0,0.9906470879467478,1.0
44.0,0.25,0.6258102533883324,0.6255528255528255,0.9993125122765665,10175.0,10182.0,0.9906470879467478,1.0
44.0,0.3,0.6258102533883324,0.6256147944127484,0.9984285994892949,10166.0,10182.0,0.9906470879467478,1.0
44.0,0.35,0.6258102533883324,0.625849000885914,0.9977411117658613,10159.0,10182.0,0.9906470879467478,1.0
44.0,0.4,0.6258102533883324,0.6258000984736583,0.997348261638185,10155.0,10182.0,0.9906470879467478,1.0
44.0,0.45,0.6258102533883324,0.6258255298176442,0.9963661363189943,10145.0,10182.0,0.9906470879467478,1.0
44.0,0.5,0.6258102533883324,0.6260483473112974,0.9953840109998036,10135.0,10182.0,0.9906470879467478,1.0
44.0,0.55,0.6258102533883324,0.6259511809467339,0.9938126104890984,10119.0,10182.0,0.9906470879467478,1.0
44.0,0.6,0.6258102533883324,0.6264345073209339,0.9927322726379886,10108.0,10182.0,0.9906470879467478,1.0
44.0,0.65,0.6258102533883324,0.6267710294263351,0.9912590846592025,10093.0,10182.0,0.9906470879467478,1.0
44.0,0.7,0.6258102533883324,0.6278561494138685,0.9886073462973876,10066.0,10182.0,0.9906470879467478,1.0
44.0,0.75,0.6258102533883324,0.6282956919709481,0.9871341583186014,10051.0,10182.0,0.9906470879467478,1.0
44.0,0.8,0.6258102533883324,0.628611277146842,0.9858573954036535,10038.0,10182.0,0.9906470879467478,1.0
44.0,0.85,0.6258102533883324,0.6293413173652694,0.9840895698291102,10020.0,10182.0,0.9906470879467478,1.0
44.0,0.9,0.6258102533883324,0.6301890567170151,0.9818306815949716,9997.0,10182.0,0.9906470879467478,1.0
44.0,0.95,0.6258102533883324,0.6341143203393254,0.9725004910626596,9902.0,10182.0,0.9906470879467478,1.0
44.0,1.0,0.6258102533883324,nan,0.0,0.0,10182.0,0.9906470879467478,1.0
45.0,0.0,0.6048909840895699,0.6037124337065409,1.0,10182.0,10182.0,0.9960276525203476,1.0
45.0,0.05,0.6048909840895699,0.6037124337065409,1.0,10182.0,10182.0,0.9960276525203476,1.0
45.0,0.1,0.6048909840895699,0.6037124337065409,1.0,10182.0,10182.0,0.9960276525203476,1.0
45.0,0.15,0.6048909840895699,0.6037124337065409,1.0,10182.0,10182.0,0.9960276525203476,1.0
45.0,0.2,0.6048909840895699,0.6037124337065409,1.0,10182.0,10182.0,0.9960276525203476,1.0
45.0,0.25,0.6048909840895699,0.6037124337065409,1.0,10182.0,10182.0,0.9960276525203476,1.0
45.0,0.3,0.6048909840895699,0.6036735094784402,0.9999017874680809,10181.0,10182.0,0.9960276525203476,1.0
45.0,0.35,0.6048909840895699,0.6036549420318333,0.9996071498723237,10178.0,10182.0,0.9960276525203476,1.0
45.0,0.4,0.6048909840895699,0.6037346437346437,0.9993125122765665,10175.0,10182.0,0.9960276525203476,1.0
45.0,0.45,0.6048909840895699,0.603873758725789,0.9989196621488902,10171.0,10182.0,0.9960276525203476,1.0
45.0,0.5,0.6048909840895699,0.6040334481062469,0.9983303869573757,10165.0,10182.0,0.9960276525203476,1.0
45.0,0.55,0.6048909840895699,0.6041523172291646,0.9981339618935376,10163.0,10182.0,0.9960276525203476,1.0
45.0,0.6,0.6048909840895699,0.604273335959039,0.9974464741701041,10156.0,10182.0,0.9960276525203476,1.0
45.0,0.65,0.6048909840895699,0.6042364532019704,0.9968571989785897,10150.0,10182.0,0.9960276525203476,1.0
45.0,0.7,0.6048909840895699,0.6043782664431515,0.995973286191318,10141.0,10182.0,0.9960276525203476,1.0
45.0,0.75,0.6048909840895699,0.6046787089132366,0.9949911608721272,10131.0,10182.0,0.9960276525203476,1.0
45.0,0.8,0.6048909840895699,0.604701698933228,0.9943036731486937,10124.0,10182.0,0.9960276525203476,1.0
45.0,0.85,0.6048909840895699,0.6048833531039937,0.9935179728933412,10116.0,10182.0,0.9960276525203476,1.0
45.0,0.9,0.6048909840895699,0.6049920760697306,0.9915537222549597,10096.0,10182.0,0.9960276525203476,1.0
45.0,0.95,0.6048909840895699,0.6054333764553687,0.9869377332547633,10049.0,10182.0,0.9960276525203476,1.0
45.0,1.0,0.6048909840895699,nan,0.0,0.0,10182.0,0.9960276525203476,1.0
46.0,0.0,0.5981143193871538,0.5982125319190729,1.0,10182.0,10182.0,0.9968732527216252,1.0
46.0,0.05,0.5981143193871538,0.5982125319190729,1.0,10182.0,10182.0,0.9968732527216252,1.0
46.0,0.1,0.5981143193871538,0.5982712896572046,0.9999017874680809,10181.0,10182.0,0.9968732527216252,1.0
46.0,0.15,0.5981143193871538,0.5982712896572046,0.9999017874680809,10181.0,10182.0,0.9968732527216252,1.0
46.0,0.2,0.5981143193871538,0.5982712896572046,0.9999017874680809,10181.0,10182.0,0.9968732527216252,1.0
46.0,0.25,0.5981143193871538,0.5982712896572046,0.9999017874680809,10181.0,10182.0,0.9968732527216252,1.0
46.0,0.3,0.5981143193871538,0.5983300589390963,0.9998035749361619,10180.0,10182.0,0.9968732527216252,1.0
46.0,0.35,0.5981143193871538,0.5983888397681502,0.9997053624042428,10179.0,10182.0,0.9968732527216252,1.0
46.0,0.4,0.5981143193871538,0.5984476321477697,0.9996071498723237,10178.0,10182.0,0.9968732527216252,1.0
46.0,0.45,0.5981143193871538,0.598505701926858,0.9990178746808093,10172.0,10182.0,0.9968732527216252,1.0
46.0,0.5,0.5981143193871538,0.5985645462589716,0.9989196621488902,10171.0,10182.0,0.9968732527216252,1.0
46.0,0.55,0.5981143193871538,0.5987605744638993,0.9984285994892949,10166.0,10182.0,0.9968732527216252,1.0
46.0,0.6,0.5981143193871538,0.5988783943329398,0.9982321744254566,10164.0,10182.0,0.9968732527216252,1.0
46.0,0.65,0.5981143193871538,0.599015748031496,0.9978393242977804,10160.0,10182.0,0.9968732527216252,1.0
46.0,0.7,0.5981143193871538,0.599290780141844,0.9970536240424278,10152.0,10182.0,0.9968732527216252,1.0
46.0,0.75,0.5981143193871538,0.6000789188122718,0.9955804360636418,10137.0,10182.0,0.9968732527216252,1.0
46.0,0.8,0.5981143193871538,0.6003159557661928,0.99469652327637,10128.0,10182.0,0.9968732527216252,1.0
46.0,0.85,0.5981143193871538,0.6007311530481177,0.9940090355529365,10121.0,10182.0,0.9968732527216252,1.0
46.0,0.9,0.5981143193871538,0.6010480522048646,0.993321547829503,10114.0,10182.0,0.9968732527216252,1.0
46.0,0.95,0.5981143193871538,0.6014449722882027,0.9923394225103123,10104.0,10182.0,0.9968732527216252,1.0
46.0,1.0,0.5981143193871538,nan,0.0,0.0,10182.0,0.9968732527216252,1.0
47.0,0.0,0.6192300137497545,0.6190335886859163,1.0,10182.0,10182.0,0.9977264396628236,1.0
47.0,0.05,0.6192300137497545,0.6190335886859163,1.0,10182.0,10182.0,0.9977264396628236,1.0
47.0,0.1,0.6192300137497545,0.6190335886859163,1.0,10182.0,10182.0,0.9977264396628236,1.0
47.0,0.15,0.6192300137497545,0.6190335886859163,1.0,10182.0,10182.0,0.9977264396628236,1.0
47.0,0.2,0.6192300137497545,0.6190335886859163,1.0,10182.0,10182.0,0.9977264396628236,1.0
47.0,0.25,0.6192300137497545,0.6190335886859163,1.0,10182.0,10182.0,0.9977264396628236,1.0
47.0,0.3,0.6192300137497545,0.6190335886859163,1.0,10182.0,10182.0,0.9977264396628236,1.0
47.0,0.35,0.6192300137497545,0.6190335886859163,1.0,10182.0,10182.0,0.9977264396628236,1.0
47.0,0.4,0.6192300137497545,0.619155206286837,0.9998035749361619,10180.0,10182.0,0.9977264396628236,1.0
47.0,0.45,0.6192300137497545,0.6191786205541364,0.9996071498723237,10178.0,10182.0,0.9977264396628236,1.0
47.0,0.5,0.6192300137497545,0.6192628992628992,0.9993125122765665,10175.0,10182.0,0.9977264396628236,1.0
47.0,0.55,0.6192300137497545,0.619188046790524,0.9991160872127284,10173.0,10182.0,0.9977264396628236,1.0
47.0,0.6,0.6192300137497545,0.6192349296882683,0.9987232370850521,10169.0,10182.0,0.9977264396628236,1.0
47.0,0.65,0.6192300137497545,0.6194037193742006,0.9981339618935376,10163.0,10182.0,0.9977264396628236,1.0
47.0,0.7,0.6192300137497545,0.619671162744905,0.9975446867020232,10157.0,10182.0,0.9977264396628236,1.0
47.0,0.75,0.6192300137497545,0.6197321780228436,0.9974464741701041,10156.0,10182.0,0.9977264396628236,1.0
47.0,0.8,0.6192300137497545,0.6196059113300493,0.9968571989785897,10150.0,10182.0,0.9977264396628236,1.0
47.0,0.85,0.6192300137497545,0.6196530652473882,0.9964643488509134,10146.0,10182.0,0.9977264396628236,1.0
47.0,0.9,0.6192300137497545,0.619794750345372,0.9952857984678845,10134.0,10182.0,0.9977264396628236,1.0
47.0,0.95,0.6192300137497545,0.6198893936401343,0.9945000982125319,10126.0,10182.0,0.9977264396628236,1.0
47.0,1.0,0.6192300137497545,nan,0.0,0.0,10182.0,0.9977264396628236,1.0
48.0,0.0,0.602435670791593,0.6012571204085642,1.0,10182.0,10182.0,0.9951279096157559,1.0
48.0,0.05,0.602435670791593,0.6012571204085642,1.0,10182.0,10182.0,0.9951279096157559,1.0
48.0,0.1,0.602435670791593,0.6012571204085642,1.0,10182.0,10182.0,0.9951279096157559,1.0
48.0,0.15,0.602435670791593,0.6012179550142422,0.9999017874680809,10181.0,10182.0,0.9951279096157559,1.0
48.0,0.2,0.602435670791593,0.6012179550142422,0.9999017874680809,10181.0,10182.0,0.9951279096157559,1.0
48.0,0.25,0.602435670791593,0.6011986637846335,0.9996071498723237,10178.0,10182.0,0.9951279096157559,1.0
48.0,0.3,0.602435670791593,0.601316823899371,0.9994107248084856,10176.0,10182.0,0.9951279096157559,1.0
48.0,0.35,0.602435670791593,0.6014157899911513,0.9989196621488902,10171.0,10182.0,0.9951279096157559,1.0
48.0,0.4,0.602435670791593,0.6015340741469171,0.9987232370850521,10169.0,10182.0,0.9951279096157559,1.0
48.0,0.45,0.602435670791593,0.6015740285292671,0.9983303869573757,10165.0,10182.0,0.9951279096157559,1.0
48.0,0.5,0.602435670791593,0.6015948021264028,0.9976428992339422,10158.0,10182.0,0.9951279096157559,1.0
48.0,0.55,0.602435670791593,0.6017533490937746,0.9970536240424278,10152.0,10182.0,0.9951279096157559,1.0
48.0,0.6,0.602435670791593,0.601675702316412,0.9963661363189943,10145.0,10182.0,0.9951279096157559,1.0
48.0,0.65,0.602435670791593,0.6018746916625555,0.9953840109998036,10135.0,10182.0,0.9951279096157559,1.0
48.0,0.7,0.602435670791593,0.601935993678388,0.9943036731486937,10124.0,10182.0,0.9951279096157559,1.0
48.0,0.75,0.602435670791593,0.6022940769306833,0.993223335297584,10113.0,10182.0,0.9951279096157559,1.0
48.0,0.8,0.602435670791593,0.6027940156544139,0.9912590846592025,10093.0,10182.0,0.9951279096157559,1.0
48.0,0.85,0.602435670791593,0.6035167891913372,0.9886073462973876,10066.0,10182.0,0.9951279096157559,1.0
48.0,0.9,0.602435670791593,0.6040816326530613,0.986544883127087,10045.0,10182.0,0.9951279096157559,1.0
48.0,0.95,0.602435670791593,0.6036700907549616,0.9847770575525437,10027.0,10182.0,0.9951279096157559,1.0
48.0,1.0,0.602435670791593,nan,0.0,0.0,10182.0,0.9951279096157559,1.0
49.0,0.0,0.5307405224906698,0.5292673345118837,1.0,10182.0,10182.0,0.9948784168966976,1.0
49.0,0.05,0.5307405224906698,0.5292673345118837,1.0,10182.0,10182.0,0.9948784168966976,1.0
49.0,0.1,0.5307405224906698,0.5292673345118837,1.0,10182.0,10182.0,0.9948784168966976,1.0
49.0,0.15,0.5307405224906698,0.5292673345118837,1.0,10182.0,10182.0,0.9948784168966976,1.0
49.0,0.2,0.5307405224906698,0.5292673345118837,1.0,10182.0,10182.0,0.9948784168966976,1.0
49.0,0.25,0.5307405224906698,0.5293250810492189,0.9997053624042428,10179.0,10182.0,0.9948784168966976,1.0
49.0,0.3,0.5307405224906698,0.5296893432953205,0.9990178746808093,10172.0,10182.0,0.9948784168966976,1.0
49.0,0.35,0.5307405224906698,0.5297993705743509,0.998625024553133,10168.0,10182.0,0.9948784168966976,1.0
49.0,0.4,0.5307405224906698,0.5301181102362205,0.9978393242977804,10160.0,10182.0,0.9948784168966976,1.0
49.0,0.45,0.5307405224906698,0.5305358550039401,0.9970536240424278,10152.0,10182.0,0.9948784168966976,1.0
49.0,0.5,0.5307405224906698,0.5307510348905973,0.9964643488509134,10146.0,10182.0,0.9948784168966976,1.0
49.0,0.55,0.5307405224906698,0.5308678500986194,0.995875073659399,10140.0,10182.0,0.9948784168966976,1.0
49.0,0.6,0.5307405224906698,0.5309324124321657,0.9953840109998036,10135.0,10182.0,0.9948784168966976,1.0
49.0,0.65,0.5307405224906698,0.5314229249011858,0.9939108230210175,10120.0,10182.0,0.9948784168966976,1.0
49.0,0.7,0.5307405224906698,0.5316580925999208,0.9927322726379886,10108.0,10182.0,0.9948784168966976,1.0
49.0,0.75,0.5307405224906698,0.5320582697453176,0.9910626595953643,10091.0,10182.0,0.9948784168966976,1.0
49.0,0.8,0.5307405224906698,0.5322884634460867,0.9900805342761736,10081.0,10182.0,0.9948784168966976,1.0
49.0,0.85,0.5307405224906698,0.5325784664282877,0.9888037713612257,10068.0,10182.0,0.9948784168966976,1.0
49.0,0.9,0.5307405224906698,0.5327567352619544,0.987919858573954,10059.0,10182.0,0.9948784168966976,1.0
49.0,0.95,0.5307405224906698,0.5331673306772908,0.9860538204674917,10040.0,10182.0,0.9948784168966976,1.0
49.0,1.0,0.5307405224906698,nan,0.0,0.0,10182.0,0.9948784168966976,1.0
50.0,0.0,0.5179728933411903,0.5172854056177568,1.0,10182.0,10182.0,0.9988130887659704,1.0
50.0,0.05,0.5179728933411903,0.5172854056177568,1.0,10182.0,10182.0,0.9988130887659704,1.0
50.0,0.1,0.5179728933411903,0.5172854056177568,1.0,10182.0,10182.0,0.9988130887659704,1.0
50.0,0.15,0.5179728933411903,0.5172854056177568,1.0,10182.0,10182.0,0.9988130887659704,1.0
50.0,0.2,0.5179728933411903,0.517336214517238,0.9999017874680809,10181.0,10182.0,0.9988130887659704,1.0
50.0,0.25,0.5179728933411903,0.5172888015717092,0.9998035749361619,10180.0,10182.0,0.9988130887659704,1.0
50.0,0.3,0.5179728933411903,0.5172888015717092,0.9998035749361619,10180.0,10182.0,0.9988130887659704,1.0
50.0,0.35,0.5179728933411903,0.5172888015717092,0.9998035749361619,10180.0,10182.0,0.9988130887659704,1.0
50.0,0.4,0.5179728933411903,0.5173396207878966,0.9997053624042428,10179.0,10182.0,0.9988130887659704,1.0
50.0,0.45,0.5179728933411903,0.5174412891814877,0.9995089373404047,10177.0,10182.0,0.9988130887659704,1.0
50.0,0.5,0.5179728933411903,0.5174921383647799,0.9994107248084856,10176.0,10182.0,0.9988130887659704,1.0
50.0,0.55,0.5179728933411903,0.5174447174447174,0.9993125122765665,10175.0,10182.0,0.9988130887659704,1.0
50.0,0.6,0.5179728933411903,0.5176991150442478,0.9988214496169712,10170.0,10182.0,0.9988130887659704,1.0
50.0,0.65,0.5179728933411903,0.5176991150442478,0.9988214496169712,10170.0,10182.0,0.9988130887659704,1.0
50.0,0.7,0.5179728933411903,0.517804446193193,0.9984285994892949,10166.0,10182.0,0.9988130887659704,1.0
50.0,0.75,0.5179728933411903,0.5178588999311227,0.9981339618935376,10163.0,10182.0,0.9988130887659704,1.0
50.0,0.8,0.5179728933411903,0.517763999606338,0.9979375368296994,10161.0,10182.0,0.9988130887659704,1.0
50.0,0.85,0.5179728933411903,0.5177674968008662,0.9977411117658613,10159.0,10182.0,0.9988130887659704,1.0
50.0,0.9,0.5179728933411903,0.5178254874926137,0.9972500491062659,10154.0,10182.0,0.9988130887659704,1.0
50.0,0.95,0.5179728933411903,0.51809129448881,0.9961697112551562,10143.0,10182.0,0.9988130887659704,1.0
50.0,1.0,0.5179728933411903,nan,0.0,0.0,10182.0,0.9988130887659704,1.0
51.0,0.0,0.5160086427028089,0.5154193675112945,1.0,10182.0,10182.0,0.9984029237524135,1.0
51.0,0.05,0.5160086427028089,0.5154193675112945,1.0,10182.0,10182.0,0.9984029237524135,1.0
51.0,0.1,0.5160086427028089,0.5154193675112945,1.0,10182.0,10182.0,0.9984029237524135,1.0
51.0,0.15,0.5160086427028089,0.5154193675112945,1.0,10182.0,10182.0,0.9984029237524135,1.0
51.0,0.2,0.5160086427028089,0.5153717709458796,0.9999017874680809,10181.0,10182.0,0.9984029237524135,1.0
51.0,0.25,0.5160086427028089,0.5154223968565815,0.9998035749361619,10180.0,10182.0,0.9984029237524135,1.0
51.0,0.3,0.5160086427028089,0.5153747912368603,0.9997053624042428,10179.0,10182.0,0.9984029237524135,1.0
51.0,0.35,0.5160086427028089,0.515327176262527,0.9996071498723237,10178.0,10182.0,0.9984029237524135,1.0
51.0,0.4,0.5160086427028089,0.5154791154791155,0.9993125122765665,10175.0,10182.0,0.9984029237524135,1.0
51.0,0.45,0.5160086427028089,0.5155297817967368,0.9992142997446474,10174.0,10182.0,0.9984029237524135,1.0
51.0,0.5,0.5160086427028089,0.5154345261502162,0.9990178746808093,10172.0,10182.0,0.9984029237524135,1.0
51.0,0.55,0.5160086427028089,0.5156372934697089,0.998625024553133,10168.0,10182.0,0.9984029237524135,1.0
51.0,0.6,0.5160086427028089,0.5157387369663584,0.9984285994892949,10166.0,10182.0,0.9984029237524135,1.0
51.0,0.65,0.5160086427028089,0.5157418339236521,0.9982321744254566,10164.0,10182.0,0.9984029237524135,1.0
51.0,0.7,0.5160086427028089,0.5160972728167766,0.9975446867020232,10157.0,10182.0,0.9984029237524135,1.0
51.0,0.75,0.5160086427028089,0.5160972728167766,0.9975446867020232,10157.0,10182.0,0.9984029237524135,1.0
51.0,0.8,0.5160086427028089,0.5161989167897587,0.997348261638185,10155.0,10182.0,0.9984029237524135,1.0
51.0,0.85,0.5160086427028089,0.5164055571977535,0.9967589864466706,10149.0,10182.0,0.9984029237524135,1.0
51.0,0.9,0.5160086427028089,0.5167110322389825,0.9961697112551562,10143.0,10182.0,0.9984029237524135,1.0
51.0,0.95,0.5160086427028089,0.5169182203807833,0.9955804360636418,10137.0,10182.0,0.9984029237524135,1.0
51.0,1.0,0.5160086427028089,nan,0.0,0.0,10182.0,0.9984029237524135,1.0
52.0,0.0,0.4923394225103123,0.49184835985071695,1.0,10182.0,10182.0,0.9992942680174676,1.0
52.0,0.05,0.4923394225103123,0.49184835985071695,1.0,10182.0,10182.0,0.9992942680174676,1.0
52.0,0.1,0.4923394225103123,0.49184835985071695,1.0,10182.0,10182.0,0.9992942680174676,1.0
52.0,0.15,0.4923394225103123,0.49184835985071695,1.0,10182.0,10182.0,0.9992942680174676,1.0
52.0,0.2,0.4923394225103123,0.49184835985071695,1.0,10182.0,10182.0,0.9992942680174676,1.0
52.0,0.25,0.4923394225103123,0.4917984480895786,0.9999017874680809,10181.0,10182.0,0.9992942680174676,1.0
52.0,0.3,0.4923394225103123,0.4917984480895786,0.9999017874680809,10181.0,10182.0,0.9992942680174676,1.0
52.0,0.35,0.4923394225103123,0.4918467583497053,0.9998035749361619,10180.0,10182.0,0.9992942680174676,1.0
52.0,0.4,0.4923394225103123,0.49184515621929653,0.9996071498723237,10178.0,10182.0,0.9992942680174676,1.0
52.0,0.45,0.4923394225103123,0.49184515621929653,0.9996071498723237,10178.0,10182.0,0.9992942680174676,1.0
52.0,0.5,0.4923394225103123,0.4917952245258917,0.9995089373404047,10177.0,10182.0,0.9992942680174676,1.0
52.0,0.55,0.4923394225103123,0.4918435534591195,0.9994107248084856,10176.0,10182.0,0.9992942680174676,1.0
52.0,0.6,0.4923394225103123,0.4918435534591195,0.9994107248084856,10176.0,10182.0,0.9992942680174676,1.0
52.0,0.65,0.4923394225103123,0.4919885972672761,0.9991160872127284,10173.0,10182.0,0.9992942680174676,1.0
52.0,0.7,0.4923394225103123,0.492133726647001,0.9988214496169712,10170.0,10182.0,0.9992942680174676,1.0
52.0,0.75,0.4923394225103123,0.49218212213590323,0.9987232370850521,10169.0,10182.0,0.9992942680174676,1.0
52.0,0.8,0.4923394225103123,0.49218212213590323,0.9987232370850521,10169.0,10182.0,0.9992942680174676,1.0
52.0,0.85,0.4923394225103123,0.49223052714398113,0.998625024553133,10168.0,10182.0,0.9992942680174676,1.0
52.0,0.9,0.4923394225103123,0.49232736572890023,0.9984285994892949,10166.0,10182.0,0.9992942680174676,1.0
52.0,0.95,0.4923394225103123,0.49242424242424243,0.9982321744254566,10164.0,10182.0,0.9992942680174676,1.0
52.0,1.0,0.4923394225103123,nan,0.0,0.0,10182.0,0.9992942680174676,1.0
53.0,0.0,0.5051070516597918,0.5036338636810057,1.0,10182.0,10182.0,0.9980066940510374,1.0
53.0,0.05,0.5051070516597918,0.5036338636810057,1.0,10182.0,10182.0,0.9980066940510374,1.0
53.0,0.1,0.5051070516597918,0.5036338636810057,1.0,10182.0,10182.0,0.9980066940510374,1.0
53.0,0.15,0.5051070516597918,0.5036338636810057,1.0,10182.0,10182.0,0.9980066940510374,1.0
53.0,0.2,0.5051070516597918,0.5036338636810057,1.0,10182.0,10182.0,0.9980066940510374,1.0
53.0,0.25,0.5051070516597918,0.5035851095177291,0.9999017874680809,10181.0,10182.0,0.9980066940510374,1.0
53.0,0.3,0.5051070516597918,0.5036345776031435,0.9998035749361619,10180.0,10182.0,0.9980066940510374,1.0
53.0,0.35,0.5051070516597918,0.5036352918058558,0.9996071498723237,10178.0,10182.0,0.9980066940510374,1.0
53.0,0.4,0.5051070516597918,0.5036360062893082,0.9994107248084856,10176.0,10182.0,0.9980066940510374,1.0
53.0,0.45,0.5051070516597918,0.5034414945919371,0.9988214496169712,10170.0,10182.0,0.9980066940510374,1.0
53.0,0.5,0.5051070516597918,0.503197874643314,0.9981339618935376,10163.0,10182.0,0.9980066940510374,1.0
53.0,0.55,0.5051070516597918,0.5033960035436559,0.9977411117658613,10159.0,10182.0,0.9980066940510374,1.0
53.0,0.6,0.5051070516597918,0.5034455601496357,0.9976428992339422,10158.0,10182.0,0.9980066940510374,1.0
53.0,0.65,0.5051070516597918,0.5035447026388342,0.9974464741701041,10156.0,10182.0,0.9980066940510374,1.0
53.0,0.7,0.5051070516597918,0.5036453201970443,0.9968571989785897,10150.0,10182.0,0.9980066940510374,1.0
53.0,0.75,0.5051070516597918,0.5036453201970443,0.9968571989785897,10150.0,10182.0,0.9980066940510374,1.0
53.0,0.8,0.5051070516597918,0.5037445802128498,0.9966607739147515,10148.0,10182.0,0.9980066940510374,1.0
53.0,0.85,0.5051070516597918,0.5038935436175456,0.9963661363189943,10145.0,10182.0,0.9980066940510374,1.0
53.0,0.9,0.5051070516597918,0.5041420118343195,0.995875073659399,10140.0,10182.0,0.9980066940510374,1.0
53.0,0.95,0.5051070516597918,0.5045427612087695,0.9945000982125319,10126.0,10182.0,0.9980066940510374,1.0
53.0,1.0,0.5051070516597918,nan,0.0,0.0,10182.0,0.9980066940510374,1.0
54.0,0.0,0.4827145943822432,0.482518169318405,1.0,10182.0,10182.0,0.9995864063144269,1.0
54.0,0.05,0.4827145943822432,0.482518169318405,1.0,10182.0,10182.0,0.9995864063144269,1.0
54.0,0.1,0.4827145943822432,0.482518169318405,1.0,10182.0,10182.0,0.9995864063144269,1.0
54.0,0.15,0.4827145943822432,0.482518169318405,1.0,10182.0,10182.0,0.9995864063144269,1.0
54.0,0.2,0.4827145943822432,0.482518169318405,1.0,10182.0,10182.0,0.9995864063144269,1.0
54.0,0.25,0.4827145943822432,0.482518169318405,1.0,10182.0,10182.0,0.9995864063144269,1.0
54.0,0.3,0.4827145943822432,0.482518169318405,1.0,10182.0,10182.0,0.9995864063144269,1.0
54.0,0.35,0.4827145943822432,0.482518169318405,1.0,10182.0,10182.0,0.9995864063144269,1.0
54.0,0.4,0.4827145943822432,0.48246734112562617,0.9999017874680809,10181.0,10182.0,0.9995864063144269,1.0
54.0,0.45,0.4827145943822432,0.48246734112562617,0.9999017874680809,10181.0,10182.0,0.9995864063144269,1.0
54.0,0.5,0.4827145943822432,0.48246734112562617,0.9999017874680809,10181.0,10182.0,0.9995864063144269,1.0
54.0,0.55,0.4827145943822432,0.4824165029469548,0.9998035749361619,10180.0,10182.0,0.9995864063144269,1.0
54.0,0.6,0.4827145943822432,0.48236565477944787,0.9997053624042428,10179.0,10182.0,0.9995864063144269,1.0
54.0,0.65,0.4827145943822432,0.48231479662016113,0.9996071498723237,10178.0,10182.0,0.9995864063144269,1.0
54.0,0.7,0.4827145943822432,0.48231479662016113,0.9996071498723237,10178.0,10182.0,0.9995864063144269,1.0
54.0,0.75,0.4827145943822432,0.482311320754717,0.9994107248084856,10176.0,10182.0,0.9995864063144269,1.0
54.0,0.8,0.4827145943822432,0.482311320754717,0.9994107248084856,10176.0,10182.0,0.9995864063144269,1.0
54.0,0.85,0.4827145943822432,0.482311320754717,0.9994107248084856,10176.0,10182.0,0.9995864063144269,1.0
54.0,0.9,0.4827145943822432,0.48240613328091214,0.9992142997446474,10174.0,10182.0,0.9995864063144269,1.0
54.0,0.95,0.4827145943822432,0.48240267400707826,0.9990178746808093,10172.0,10182.0,0.9995864063144269,1.0
54.0,1.0,0.4827145943822432,nan,0.0,0.0,10182.0,0.9995864063144269,1.0
55.0,0.0,0.5198389314476527,0.5196425063838146,1.0,10182.0,10182.0,0.9988432125945944,1.0
55.0,0.05,0.5198389314476527,0.5196425063838146,1.0,10182.0,10182.0,0.9988432125945944,1.0
55.0,0.1,0.5198389314476527,0.5196425063838146,1.0,10182.0,10182.0,0.9988432125945944,1.0
55.0,0.15,0.5198389314476527,0.5196425063838146,1.0,10182.0,10182.0,0.9988432125945944,1.0
55.0,0.2,0.5198389314476527,0.5196425063838146,1.0,10182.0,10182.0,0.9988432125945944,1.0
55.0,0.25,0.5198389314476527,0.5196425063838146,1.0,10182.0,10182.0,0.9988432125945944,1.0
55.0,0.3,0.5198389314476527,0.5196463654223968,0.9998035749361619,10180.0,10182.0,0.9988432125945944,1.0
55.0,0.35,0.5198389314476527,0.5196463654223968,0.9998035749361619,10180.0,10182.0,0.9988432125945944,1.0
55.0,0.4,0.5198389314476527,0.5196974162491403,0.9997053624042428,10179.0,10182.0,0.9988432125945944,1.0
55.0,0.45,0.5198389314476527,0.5197484771074867,0.9996071498723237,10178.0,10182.0,0.9988432125945944,1.0
55.0,0.5,0.5198389314476527,0.5197484771074867,0.9996071498723237,10178.0,10182.0,0.9988432125945944,1.0
55.0,0.55,0.5198389314476527,0.5197995480003931,0.9995089373404047,10177.0,10182.0,0.9988432125945944,1.0
55.0,0.6,0.5198389314476527,0.5198034398034398,0.9993125122765665,10175.0,10182.0,0.9988432125945944,1.0
55.0,0.65,0.5198389314476527,0.5197601258356273,0.9990178746808093,10172.0,10182.0,0.9988432125945944,1.0
55.0,0.7,0.5198389314476527,0.5197206648962329,0.998526812021214,10167.0,10182.0,0.9988432125945944,1.0
55.0,0.75,0.5198389314476527,0.5197245450073783,0.9983303869573757,10165.0,10182.0,0.9988432125945944,1.0
55.0,0.8,0.5198389314476527,0.5197245450073783,0.9983303869573757,10165.0,10182.0,0.9988432125945944,1.0
55.0,0.85,0.5198389314476527,0.5196300305028043,0.9981339618935376,10163.0,10182.0,0.9988432125945944,1.0
55.0,0.9,0.5198389314476527,0.5195827592993505,0.9980357493616185,10162.0,10182.0,0.9988432125945944,1.0
55.0,0.95,0.5198389314476527,0.5196377596220101,0.9977411117658613,10159.0,10182.0,0.9988432125945944,1.0
55.0,1.0,0.5198389314476527,nan,0.0,0.0,10182.0,0.9988432125945944,1.0
56.0,0.0,0.5049106265959536,0.5045177764682773,1.0,10182.0,10182.0,0.998977359199168,1.0
56.0,0.05,0.5049106265959536,0.5045177764682773,1.0,10182.0,10182.0,0.998977359199168,1.0
56.0,0.1,0.5049106265959536,0.5045177764682773,1.0,10182.0,10182.0,0.998977359199168,1.0
56.0,0.15,0.5049106265959536,0.5045177764682773,1.0,10182.0,10182.0,0.998977359199168,1.0
56.0,0.2,0.5049106265959536,0.5045177764682773,1.0,10182.0,10182.0,0.998977359199168,1.0
56.0,0.25,0.5049106265959536,0.5045177764682773,1.0,10182.0,10182.0,0.998977359199168,1.0
56.0,0.3,0.5049106265959536,0.5045673313034084,0.9999017874680809,10181.0,10182.0,0.998977359199168,1.0
56.0,0.35,0.5049106265959536,0.5045682287061597,0.9997053624042428,10179.0,10182.0,0.998977359199168,1.0
56.0,0.4,0.5049106265959536,0.5044708656775081,0.9995089373404047,10177.0,10182.0,0.998977359199168,1.0
56.0,0.45,0.5049106265959536,0.5044708656775081,0.9995089373404047,10177.0,10182.0,0.998977359199168,1.0
56.0,0.5,0.5049106265959536,0.5045204402515723,0.9994107248084856,10176.0,10182.0,0.998977359199168,1.0
56.0,0.55,0.5049106265959536,0.5044717444717445,0.9993125122765665,10175.0,10182.0,0.998977359199168,1.0
56.0,0.6,0.5049106265959536,0.5044717444717445,0.9993125122765665,10175.0,10182.0,0.998977359199168,1.0
56.0,0.65,0.5049106265959536,0.5044717444717445,0.9993125122765665,10175.0,10182.0,0.998977359199168,1.0
56.0,0.7,0.5049106265959536,0.5045709230315542,0.9991160872127284,10173.0,10182.0,0.998977359199168,1.0
56.0,0.75,0.5049106265959536,0.5046205269366889,0.9990178746808093,10172.0,10182.0,0.998977359199168,1.0
56.0,0.8,0.5049106265959536,0.5046701405958116,0.9989196621488902,10171.0,10182.0,0.998977359199168,1.0
56.0,0.85,0.5049106265959536,0.5046710591011899,0.9987232370850521,10169.0,10182.0,0.998977359199168,1.0
56.0,0.9,0.5049106265959536,0.5048209366391184,0.9982321744254566,10164.0,10182.0,0.998977359199168,1.0
56.0,0.95,0.5049106265959536,0.5047740919381829,0.9977411117658613,10159.0,10182.0,0.998977359199168,1.0
56.0,1.0,0.5049106265959536,nan,0.0,0.0,10182.0,0.998977359199168,1.0
57.0,0.0,0.5415439010017679,0.5418385385975251,1.0,10182.0,10182.0,0.9989901025428493,1.0
57.0,0.05,0.5415439010017679,0.5418385385975251,1.0,10182.0,10182.0,0.9989901025428493,1.0
57.0,0.1,0.5415439010017679,0.5418385385975251,1.0,10182.0,10182.0,0.9989901025428493,1.0
57.0,0.15,0.5415439010017679,0.5418385385975251,1.0,10182.0,10182.0,0.9989901025428493,1.0
57.0,0.2,0.5415439010017679,0.5418385385975251,1.0,10182.0,10182.0,0.9989901025428493,1.0
57.0,0.25,0.5415439010017679,0.5418385385975251,1.0,10182.0,10182.0,0.9989901025428493,1.0
57.0,0.3,0.5415439010017679,0.5418385385975251,1.0,10182.0,10182.0,0.9989901025428493,1.0
57.0,0.35,0.5415439010017679,0.5418385385975251,1.0,10182.0,10182.0,0.9989901025428493,1.0
57.0,0.4,0.5415439010017679,0.5417485265225933,0.9998035749361619,10180.0,10182.0,0.9989901025428493,1.0
57.0,0.45,0.5415439010017679,0.5417035072207486,0.9997053624042428,10179.0,10182.0,0.9989901025428493,1.0
57.0,0.5,0.5415439010017679,0.5417035072207486,0.9997053624042428,10179.0,10182.0,0.9989901025428493,1.0
57.0,0.55,0.5415439010017679,0.5417117028593889,0.9995089373404047,10177.0,10182.0,0.9989901025428493,1.0
57.0,0.6,0.5415439010017679,0.5417649371069182,0.9994107248084856,10176.0,10182.0,0.9989901025428493,1.0
57.0,0.65,0.5415439010017679,0.5418181818181819,0.9993125122765665,10175.0,10182.0,0.9989901025428493,1.0
57.0,0.7,0.5415439010017679,0.5418714369962649,0.9992142997446474,10174.0,10182.0,0.9989901025428493,1.0
57.0,0.75,0.5415439010017679,0.5418796696814786,0.9990178746808093,10172.0,10182.0,0.9989901025428493,1.0
57.0,0.8,0.5415439010017679,0.5419329466129191,0.9989196621488902,10171.0,10182.0,0.9989901025428493,1.0
57.0,0.85,0.5415439010017679,0.5419329466129191,0.9989196621488902,10171.0,10182.0,0.9989901025428493,1.0
57.0,0.9,0.5415439010017679,0.5418879056047198,0.9988214496169712,10170.0,10182.0,0.9989901025428493,1.0
57.0,0.95,0.5415439010017679,0.5419494442805154,0.998526812021214,10167.0,10182.0,0.9989901025428493,1.0
57.0,1.0,0.5415439010017679,nan,0.0,0.0,10182.0,0.9989901025428493,1.0
58.0,0.0,0.5667845217049695,0.5613828324494206,1.0,10182.0,10182.0,0.9984173521259004,1.0
58.0,0.05,0.5667845217049695,0.5613828324494206,1.0,10182.0,10182.0,0.9984173521259004,1.0
58.0,0.1,0.5667845217049695,0.5613828324494206,1.0,10182.0,10182.0,0.9984173521259004,1.0
58.0,0.15,0.5667845217049695,0.5614379726942343,0.9999017874680809,10181.0,10182.0,0.9984173521259004,1.0
58.0,0.2,0.5667845217049695,0.5614379726942343,0.9999017874680809,10181.0,10182.0,0.9984173521259004,1.0
58.0,0.25,0.5667845217049695,0.5614379726942343,0.9999017874680809,10181.0,10182.0,0.9984173521259004,1.0
58.0,0.3,0.5667845217049695,0.5614379726942343,0.9999017874680809,10181.0,10182.0,0.9984173521259004,1.0
58.0,0.35,0.5667845217049695,0.5614379726942343,0.9999017874680809,10181.0,10182.0,0.9984173521259004,1.0
58.0,0.4,0.5667845217049695,0.5614379726942343,0.9999017874680809,10181.0,10182.0,0.9984173521259004,1.0
58.0,0.45,0.5667845217049695,0.5614931237721021,0.9998035749361619,10180.0,10182.0,0.9984173521259004,1.0
58.0,0.5,0.5667845217049695,0.5614500442086648,0.9997053624042428,10179.0,10182.0,0.9984173521259004,1.0
58.0,0.55,0.5667845217049695,0.561406956179996,0.9996071498723237,10178.0,10182.0,0.9984173521259004,1.0
58.0,0.6,0.5667845217049695,0.561406956179996,0.9996071498723237,10178.0,10182.0,0.9984173521259004,1.0
58.0,0.65,0.5667845217049695,0.5614862872309053,0.9991160872127284,10173.0,10182.0,0.9984173521259004,1.0
58.0,0.7,0.5667845217049695,0.5615535889872173,0.9988214496169712,10170.0,10182.0,0.9984173521259004,1.0
58.0,0.75,0.5667845217049695,0.5615104730061953,0.9987232370850521,10169.0,10182.0,0.9984173521259004,1.0
58.0,0.8,0.5667845217049695,0.5613810741687979,0.9984285994892949,10166.0,10182.0,0.9984173521259004,1.0
58.0,0.85,0.5667845217049695,0.5613931523022432,0.9982321744254566,10164.0,10182.0,0.9984173521259004,1.0
58.0,0.9,0.5667845217049695,0.5615036410155482,0.9980357493616185,10162.0,10182.0,0.9984173521259004,1.0
58.0,0.95,0.5667845217049695,0.5617058997340687,0.9971518365743469,10153.0,10182.0,0.9984173521259004,1.0
58.0,1.0,0.5667845217049695,nan,0.0,0.0,10182.0,0.9984173521259004,1.0
59.0,0.0,0.5753290119819289,0.5741504615989,1.0,10182.0,10182.0,0.9976820771673344,1.0
59.0,0.05,0.5753290119819289,0.5741504615989,1.0,10182.0,10182.0,0.9976820771673344,1.0
59.0,0.1,0.5753290119819289,0.5741504615989,1.0,10182.0,10182.0,0.9976820771673344,1.0
59.0,0.15,0.5753290119819289,0.5741504615989,1.0,10182.0,10182.0,0.9976820771673344,1.0
59.0,0.2,0.5753290119819289,0.5741504615989,1.0,10182.0,10182.0,0.9976820771673344,1.0
59.0,0.25,0.5753290119819289,0.5741504615989,1.0,10182.0,10182.0,0.9976820771673344,1.0
59.0,0.3,0.5753290119819289,0.5741086337294962,0.9999017874680809,10181.0,10182.0,0.9976820771673344,1.0
59.0,0.35,0.5753290119819289,0.5741086337294962,0.9999017874680809,10181.0,10182.0,0.9976820771673344,1.0
59.0,0.4,0.5753290119819289,0.5741086337294962,0.9999017874680809,10181.0,10182.0,0.9976820771673344,1.0
59.0,0.45,0.5753290119819289,0.5740249533352981,0.9997053624042428,10179.0,10182.0,0.9976820771673344,1.0
59.0,0.5,0.5753290119819289,0.5740395008352167,0.9995089373404047,10177.0,10182.0,0.9976820771673344,1.0
59.0,0.55,0.5753290119819289,0.5741523341523341,0.9993125122765665,10175.0,10182.0,0.9976820771673344,1.0
59.0,0.6,0.5753290119819289,0.5739994099714819,0.9987232370850521,10169.0,10182.0,0.9976820771673344,1.0
59.0,0.65,0.5753290119819289,0.5739301524840138,0.9983303869573757,10165.0,10182.0,0.9976820771673344,1.0
59.0,0.7,0.5753290119819289,0.573973816320504,0.9977411117658613,10159.0,10182.0,0.9976820771673344,1.0
59.0,0.75,0.5753290119819289,0.5739883823963768,0.9975446867020232,10157.0,10182.0,0.9976820771673344,1.0
59.0,0.8,0.5753290119819289,0.5742145178764897,0.9971518365743469,10153.0,10182.0,0.9976820771673344,1.0
59.0,0.85,0.5753290119819289,0.5742857142857143,0.9968571989785897,10150.0,10182.0,0.9976820771673344,1.0
59.0,0.9,0.5753290119819289,0.5742584014979797,0.9965625613828325,10147.0,10182.0,0.9976820771673344,1.0
59.0,0.95,0.5753290119819289,0.5742730409068507,0.9963661363189943,10145.0,10182.0,0.9976820771673344,1.0
59.0,1.0,0.5753290119819289,nan,0.0,0.0,10182.0,0.9976820771673344,1.0
60.0,0.0,0.5706148104498134,0.570123747790218,1.0,10182.0,10182.0,0.9988394908898238,1.0
60.0,0.05,0.5706148104498134,0.570123747790218,1.0,10182.0,10182.0,0.9988394908898238,1.0
60.0,0.1,0.5706148104498134,0.570123747790218,1.0,10182.0,10182.0,0.9988394908898238,1.0
60.0,0.15,0.5706148104498134,0.570123747790218,1.0,10182.0,10182.0,0.9988394908898238,1.0
60.0,0.2,0.5706148104498134,0.570123747790218,1.0,10182.0,10182.0,0.9988394908898238,1.0
60.0,0.25,0.5706148104498134,0.570123747790218,1.0,10182.0,10182.0,0.9988394908898238,1.0
60.0,0.3,0.5706148104498134,0.570123747790218,1.0,10182.0,10182.0,0.9988394908898238,1.0
60.0,0.35,0.5706148104498134,0.5701797465867793,0.9999017874680809,10181.0,10182.0,0.9988394908898238,1.0
60.0,0.4,0.5706148104498134,0.5702357563850687,0.9998035749361619,10180.0,10182.0,0.9988394908898238,1.0
60.0,0.45,0.5706148104498134,0.5702211302211302,0.9993125122765665,10175.0,10182.0,0.9988394908898238,1.0
60.0,0.5,0.5706148104498134,0.5702349356138798,0.9991160872127284,10173.0,10182.0,0.9988394908898238,1.0
60.0,0.55,0.5706148104498134,0.5702349356138798,0.9991160872127284,10173.0,10182.0,0.9988394908898238,1.0
60.0,0.6,0.5706148104498134,0.5701926858041683,0.9990178746808093,10172.0,10182.0,0.9988394908898238,1.0
60.0,0.65,0.5706148104498134,0.5703048180924287,0.9988214496169712,10170.0,10182.0,0.9988394908898238,1.0
60.0,0.7,0.5706148104498134,0.5703609007768708,0.9987232370850521,10169.0,10182.0,0.9988394908898238,1.0
60.0,0.75,0.5706148104498134,0.5704730992426478,0.998526812021214,10167.0,10182.0,0.9988394908898238,1.0
60.0,0.8,0.5706148104498134,0.570543093270366,0.9982321744254566,10164.0,10182.0,0.9988394908898238,1.0
60.0,0.85,0.5706148104498134,0.570613128629072,0.9979375368296994,10161.0,10182.0,0.9988394908898238,1.0
60.0,0.9,0.5706148104498134,0.5707393915526238,0.9975446867020232,10157.0,10182.0,0.9988394908898238,1.0
60.0,0.95,0.5706148104498134,0.5708936841068085,0.9967589864466706,10149.0,10182.0,0.9988394908898238,1.0
60.0,1.0,0.5706148104498134,nan,0.0,0.0,10182.0,0.9988394908898238,1.0
61.0,0.0,0.4991160872127283,0.49872323708505206,1.0,10182.0,10182.0,0.9993027472274755,1.0
61.0,0.05,0.4991160872127283,0.49872323708505206,1.0,10182.0,10182.0,0.9993027472274755,1.0
61.0,0.1,0.4991160872127283,0.49872323708505206,1.0,10182.0,10182.0,0.9993027472274755,1.0
61.0,0.15,0.4991160872127283,0.49872323708505206,1.0,10182.0,10182.0,0.9993027472274755,1.0
61.0,0.2,0.4991160872127283,0.49872323708505206,1.0,10182.0,10182.0,0.9993027472274755,1.0
61.0,0.25,0.4991160872127283,0.49872323708505206,1.0,10182.0,10182.0,0.9993027472274755,1.0
61.0,0.3,0.4991160872127283,0.498772222767901,0.9999017874680809,10181.0,10182.0,0.9993027472274755,1.0
61.0,0.35,0.4991160872127283,0.498772222767901,0.9999017874680809,10181.0,10182.0,0.9993027472274755,1.0
61.0,0.4,0.4991160872127283,0.4987719815306022,0.9997053624042428,10179.0,10182.0,0.9993027472274755,1.0
61.0,0.45,0.4991160872127283,0.4987719815306022,0.9997053624042428,10179.0,10182.0,0.9993027472274755,1.0
61.0,0.5,0.4991160872127283,0.49872273531145606,0.9996071498723237,10178.0,10182.0,0.9993027472274755,1.0
61.0,0.55,0.4991160872127283,0.49867347941436574,0.9995089373404047,10177.0,10182.0,0.9993027472274755,1.0
61.0,0.6,0.4991160872127283,0.49867347941436574,0.9995089373404047,10177.0,10182.0,0.9993027472274755,1.0
61.0,0.65,0.4991160872127283,0.4986732186732187,0.9993125122765665,10175.0,10182.0,0.9993027472274755,1.0
61.0,0.7,0.4991160872127283,0.4987712572495822,0.9991160872127284,10173.0,10182.0,0.9993027472274755,1.0
61.0,0.75,0.4991160872127283,0.49877101563268117,0.9989196621488902,10171.0,10182.0,0.9993027472274755,1.0
61.0,0.8,0.4991160872127283,0.49877101563268117,0.9989196621488902,10171.0,10182.0,0.9993027472274755,1.0
61.0,0.85,0.4991160872127283,0.4987707739207395,0.9987232370850521,10169.0,10182.0,0.9993027472274755,1.0
61.0,0.9,0.4991160872127283,0.49872122762148335,0.9984285994892949,10166.0,10182.0,0.9993027472274755,1.0
61.0,0.95,0.4991160872127283,0.49867139061116034,0.9979375368296994,10161.0,10182.0,0.9993027472274755,1.0
61.0,1.0,0.4991160872127283,nan,0.0,0.0,10182.0,0.9993027472274755,1.0
62.0,0.0,0.4623846002749951,0.4619917501473188,1.0,10182.0,10182.0,0.9979463105344791,1.0
62.0,0.05,0.4623846002749951,0.4619917501473188,1.0,10182.0,10182.0,0.9979463105344791,1.0
62.0,0.1,0.4623846002749951,0.4619917501473188,1.0,10182.0,10182.0,0.9979463105344791,1.0
62.0,0.15,0.4623846002749951,0.46203712798349866,0.9999017874680809,10181.0,10182.0,0.9979463105344791,1.0
62.0,0.2,0.4623846002749951,0.46202966892622066,0.9997053624042428,10179.0,10182.0,0.9979463105344791,1.0
62.0,0.25,0.4623846002749951,0.46202220693721135,0.9995089373404047,10177.0,10182.0,0.9979463105344791,1.0
62.0,0.3,0.4623846002749951,0.462014742014742,0.9993125122765665,10175.0,10182.0,0.9979463105344791,1.0
62.0,0.35,0.4623846002749951,0.46199980336250124,0.9989196621488902,10171.0,10182.0,0.9979463105344791,1.0
62.0,0.4,0.4623846002749951,0.4619923296292654,0.9987232370850521,10169.0,10182.0,0.9979463105344791,1.0
62.0,0.45,0.4623846002749951,0.4618864955247369,0.998526812021214,10167.0,10182.0,0.9979463105344791,1.0
62.0,0.5,0.4623846002749951,0.461773098494539,0.9981339618935376,10163.0,10182.0,0.9979463105344791,1.0
62.0,0.55,0.4623846002749951,0.461773098494539,0.9981339618935376,10163.0,10182.0,0.9979463105344791,1.0
62.0,0.6,0.4623846002749951,0.46171259842519685,0.9978393242977804,10160.0,10182.0,0.9979463105344791,1.0
62.0,0.65,0.4623846002749951,0.461750516884907,0.9975446867020232,10157.0,10182.0,0.9979463105344791,1.0
62.0,0.7,0.4623846002749951,0.46168997439432735,0.9972500491062659,10154.0,10182.0,0.9979463105344791,1.0
62.0,0.75,0.4623846002749951,0.46168242710795904,0.9970536240424278,10152.0,10182.0,0.9979463105344791,1.0
62.0,0.8,0.4623846002749951,0.4616673236105637,0.9966607739147515,10148.0,10182.0,0.9979463105344791,1.0
62.0,0.85,0.4623846002749951,0.46175832840528286,0.9964643488509134,10146.0,10182.0,0.9979463105344791,1.0
62.0,0.9,0.4623846002749951,0.46153846153846156,0.995875073659399,10140.0,10182.0,0.9979463105344791,1.0
62.0,0.95,0.4623846002749951,0.46124222375826995,0.994598310744451,10127.0,10182.0,0.9979463105344791,1.0
62.0,1.0,0.4623846002749951,nan,0.0,0.0,10182.0,0.9979463105344791,1.0
63.0,0.0,0.49243763504223137,0.491946572382636,1.0,10182.0,10182.0,0.9986027497289645,1.0
63.0,0.05,0.49243763504223137,0.491946572382636,1.0,10182.0,10182.0,0.9986027497289645,1.0
63.0,0.1,0.49243763504223137,0.491946572382636,1.0,10182.0,10182.0,0.9986027497289645,1.0
63.0,0.15,0.49243763504223137,0.491946572382636,1.0,10182.0,10182.0,0.9986027497289645,1.0
63.0,0.2,0.49243763504223137,0.49199489244671446,0.9999017874680809,10181.0,10182.0,0.9986027497289645,1.0
63.0,0.25,0.49243763504223137,0.49199489244671446,0.9999017874680809,10181.0,10182.0,0.9986027497289645,1.0
63.0,0.3,0.49243763504223137,0.49199331957952647,0.9997053624042428,10179.0,10182.0,0.9986027497289645,1.0
63.0,0.35,0.49243763504223137,0.4920416584790725,0.9996071498723237,10178.0,10182.0,0.9986027497289645,1.0
63.0,0.4,0.49243763504223137,0.4921368193434244,0.9992142997446474,10174.0,10182.0,0.9986027497289645,1.0
63.0,0.45,0.49243763504223137,0.4921368193434244,0.9992142997446474,10174.0,10182.0,0.9986027497289645,1.0
63.0,0.5,0.49243763504223137,0.49213527329925283,0.9990178746808093,10172.0,10182.0,0.9986027497289645,1.0
63.0,0.55,0.49243763504223137,0.49208534067446663,0.9989196621488902,10171.0,10182.0,0.9986027497289645,1.0
63.0,0.6,0.49243763504223137,0.4920822268122357,0.998526812021214,10167.0,10182.0,0.9986027497289645,1.0
63.0,0.65,0.49243763504223137,0.49208066896212493,0.9983303869573757,10165.0,10182.0,0.9986027497289645,1.0
63.0,0.7,0.49243763504223137,0.492029128124385,0.9980357493616185,10162.0,10182.0,0.9986027497289645,1.0
63.0,0.75,0.49243763504223137,0.49207755142210413,0.9979375368296994,10161.0,10182.0,0.9986027497289645,1.0
63.0,0.8,0.49243763504223137,0.4921244339436897,0.9976428992339422,10158.0,10182.0,0.9986027497289645,1.0
63.0,0.85,0.49243763504223137,0.4921728856945949,0.9975446867020232,10157.0,10182.0,0.9986027497289645,1.0
63.0,0.9,0.49243763504223137,0.49217134416543573,0.997348261638185,10155.0,10182.0,0.9986027497289645,1.0
63.0,0.95,0.49243763504223137,0.49211667323610564,0.9966607739147515,10148.0,10182.0,0.9986027497289645,1.0
63.0,1.0,0.49243763504223137,nan,0.0,0.0,10182.0,0.9986027497289645,1.0
64.0,0.0,0.5046159890001964,0.501473187978786,1.0,10182.0,10182.0,0.9980415440166519,1.0
64.0,0.05,0.5046159890001964,0.501473187978786,1.0,10182.0,10182.0,0.9980415440166519,1.0
64.0,0.1,0.5046159890001964,0.501473187978786,1.0,10182.0,10182.0,0.9980415440166519,1.0
64.0,0.15,0.5046159890001964,0.5015224437678028,0.9999017874680809,10181.0,10182.0,0.9980415440166519,1.0
64.0,0.2,0.5046159890001964,0.5015224437678028,0.9999017874680809,10181.0,10182.0,0.9980415440166519,1.0
64.0,0.25,0.5046159890001964,0.5014245014245015,0.9997053624042428,10179.0,10182.0,0.9980415440166519,1.0
64.0,0.3,0.5046159890001964,0.5014245014245015,0.9997053624042428,10179.0,10182.0,0.9980415440166519,1.0
64.0,0.35,0.5046159890001964,0.5014245014245015,0.9997053624042428,10179.0,10182.0,0.9980415440166519,1.0
64.0,0.4,0.5046159890001964,0.5014245014245015,0.9997053624042428,10179.0,10182.0,0.9980415440166519,1.0
64.0,0.45,0.5046159890001964,0.5015233415233415,0.9993125122765665,10175.0,10182.0,0.9980415440166519,1.0
64.0,0.5,0.5046159890001964,0.5015726361313151,0.9992142997446474,10174.0,10182.0,0.9980415440166519,1.0
64.0,0.55,0.5046159890001964,0.5016219404305514,0.9991160872127284,10173.0,10182.0,0.9980415440166519,1.0
64.0,0.6,0.5046159890001964,0.5015729453401494,0.9990178746808093,10172.0,10182.0,0.9980415440166519,1.0
64.0,0.65,0.5046159890001964,0.5015732546705998,0.9988214496169712,10170.0,10182.0,0.9980415440166519,1.0
64.0,0.7,0.5046159890001964,0.5014752163650669,0.998625024553133,10168.0,10182.0,0.9980415440166519,1.0
64.0,0.75,0.5046159890001964,0.5015741833923653,0.9982321744254566,10164.0,10182.0,0.9980415440166519,1.0
64.0,0.8,0.5046159890001964,0.5015748031496063,0.9978393242977804,10160.0,10182.0,0.9980415440166519,1.0
64.0,0.85,0.5046159890001964,0.501673557786966,0.9976428992339422,10158.0,10182.0,0.9980415440166519,1.0
64.0,0.9,0.5046159890001964,0.5017723513194171,0.9974464741701041,10156.0,10182.0,0.9980415440166519,1.0
64.0,0.95,0.5046159890001964,0.501921750271016,0.9965625613828325,10147.0,10182.0,0.9980415440166519,1.0
64.0,1.0,0.5046159890001964,nan,0.0,0.0,10182.0,0.9980415440166519,1.0
65.0,0.0,0.5219013946179533,0.5180711058731094,1.0,10182.0,10182.0,0.995903229078582,1.0
65.0,0.05,0.5219013946179533,0.5180711058731094,1.0,10182.0,10182.0,0.995903229078582,1.0
65.0,0.1,0.5219013946179533,0.5180711058731094,1.0,10182.0,10182.0,0.995903229078582,1.0
65.0,0.15,0.5219013946179533,0.5180711058731094,1.0,10182.0,10182.0,0.995903229078582,1.0
65.0,0.2,0.5219013946179533,0.5180711058731094,1.0,10182.0,10182.0,0.995903229078582,1.0
65.0,0.25,0.5219013946179533,0.5181219919457813,0.9999017874680809,10181.0,10182.0,0.995903229078582,1.0
65.0,0.3,0.5219013946179533,0.518172888015717,0.9998035749361619,10180.0,10182.0,0.995903229078582,1.0
65.0,0.35,0.5219013946179533,0.5182818950265382,0.9992142997446474,10174.0,10182.0,0.995903229078582,1.0
65.0,0.4,0.5219013946179533,0.5183364467603973,0.9989196621488902,10171.0,10182.0,0.995903229078582,1.0
65.0,0.45,0.5219013946179533,0.5182926829268293,0.998625024553133,10168.0,10182.0,0.995903229078582,1.0
65.0,0.5,0.5219013946179533,0.5183436608635782,0.998526812021214,10167.0,10182.0,0.995903229078582,1.0
65.0,0.55,0.5219013946179533,0.5183508806454787,0.9981339618935376,10163.0,10182.0,0.995903229078582,1.0
65.0,0.6,0.5219013946179533,0.5183689549886733,0.9971518365743469,10153.0,10182.0,0.995903229078582,1.0
65.0,0.65,0.5219013946179533,0.5184345425867508,0.9962679237870752,10144.0,10182.0,0.995903229078582,1.0
65.0,0.7,0.5219013946179533,0.5186427303215624,0.9956786485955608,10138.0,10182.0,0.995903229078582,1.0
65.0,0.75,0.5219013946179533,0.5188036718981345,0.9949911608721272,10131.0,10182.0,0.995903229078582,1.0
65.0,0.8,0.5219013946179533,0.5191148868912377,0.9942054606167747,10123.0,10182.0,0.995903229078582,1.0
65.0,0.85,0.5219013946179533,0.519276393831554,0.9935179728933412,10116.0,10182.0,0.995903229078582,1.0
65.0,0.9,0.5219013946179533,0.5198534508367165,0.991848359850717,10099.0,10182.0,0.995903229078582,1.0
65.0,0.95,0.5219013946179533,0.5201784828953891,0.9904733844038499,10085.0,10182.0,0.995903229078582,1.0
65.0,1.0,0.5219013946179533,nan,0.0,0.0,10182.0,0.995903229078582,1.0
66.0,0.0,0.5412492634060107,0.5280887841288548,1.0,10182.0,10182.0,0.9957995450501357,1.0
66.0,0.05,0.5412492634060107,0.5280887841288548,1.0,10182.0,10182.0,0.9957995450501357,1.0
66.0,0.1,0.5412492634060107,0.5280887841288548,1.0,10182.0,10182.0,0.9957995450501357,1.0
66.0,0.15,0.5412492634060107,0.5280887841288548,1.0,10182.0,10182.0,0.9957995450501357,1.0
66.0,0.2,0.5412492634060107,0.5280887841288548,1.0,10182.0,10182.0,0.9957995450501357,1.0
66.0,0.25,0.5412492634060107,0.5279497003634934,0.9997053624042428,10179.0,10182.0,0.9957995450501357,1.0
66.0,0.3,0.5412492634060107,0.5281053459119497,0.9994107248084856,10176.0,10182.0,0.9957995450501357,1.0
66.0,0.35,0.5412492634060107,0.5281572481572482,0.9993125122765665,10175.0,10182.0,0.9957995450501357,1.0
66.0,0.4,0.5412492634060107,0.5280700029495625,0.9989196621488902,10171.0,10182.0,0.9957995450501357,1.0
66.0,0.45,0.5412492634060107,0.5280291109362707,0.998625024553133,10168.0,10182.0,0.9957995450501357,1.0
66.0,0.5,0.5412492634060107,0.5278898180029513,0.9983303869573757,10165.0,10182.0,0.9957995450501357,1.0
66.0,0.55,0.5412492634060107,0.527947254477465,0.9980357493616185,10162.0,10182.0,0.9957995450501357,1.0
66.0,0.6,0.5412492634060107,0.5279062899891722,0.9977411117658613,10159.0,10182.0,0.9957995450501357,1.0
66.0,0.65,0.5412492634060107,0.5279227814439083,0.9971518365743469,10153.0,10182.0,0.9957995450501357,1.0
66.0,0.7,0.5412492634060107,0.5278297704659639,0.9969554115105087,10151.0,10182.0,0.9957995450501357,1.0
66.0,0.75,0.5412492634060107,0.5278872684272763,0.9966607739147515,10148.0,10182.0,0.9957995450501357,1.0
66.0,0.8,0.5412492634060107,0.5277996845425867,0.9962679237870752,10144.0,10182.0,0.9957995450501357,1.0
66.0,0.85,0.5412492634060107,0.5275668211855212,0.9957768611274799,10139.0,10182.0,0.9957995450501357,1.0
66.0,0.9,0.5412492634060107,0.5287947753809618,0.9925358475741505,10106.0,10182.0,0.9957995450501357,1.0
66.0,0.95,0.5412492634060107,0.530188679245283,0.9890001964250639,10070.0,10182.0,0.9957995450501357,1.0
66.0,1.0,0.5412492634060107,nan,0.0,0.0,10182.0,0.9957995450501357,1.0
67.0,0.0,0.5212139068945197,0.5204282066391671,1.0,10182.0,10182.0,0.9976817778328317,1.0
67.0,0.05,0.5212139068945197,0.5204793242314114,0.9999017874680809,10181.0,10182.0,0.9976817778328317,1.0
67.0,0.1,0.5212139068945197,0.5204793242314114,0.9999017874680809,10181.0,10182.0,0.9976817778328317,1.0
67.0,0.15,0.5212139068945197,0.5205304518664047,0.9998035749361619,10180.0,10182.0,0.9976817778328317,1.0
67.0,0.2,0.5212139068945197,0.5205304518664047,0.9998035749361619,10180.0,10182.0,0.9976817778328317,1.0
67.0,0.25,0.5212139068945197,0.5205304518664047,0.9998035749361619,10180.0,10182.0,0.9976817778328317,1.0
67.0,0.3,0.5212139068945197,0.520483348069555,0.9997053624042428,10179.0,10182.0,0.9976817778328317,1.0
67.0,0.35,0.5212139068945197,0.5205344861465907,0.9996071498723237,10178.0,10182.0,0.9976817778328317,1.0
67.0,0.4,0.5212139068945197,0.5205856342733615,0.9995089373404047,10177.0,10182.0,0.9976817778328317,1.0
67.0,0.45,0.5212139068945197,0.5206879606879606,0.9993125122765665,10175.0,10182.0,0.9976817778328317,1.0
67.0,0.5,0.5212139068945197,0.5207903273370688,0.9991160872127284,10173.0,10182.0,0.9976817778328317,1.0
67.0,0.55,0.5212139068945197,0.52084152575698,0.9990178746808093,10172.0,10182.0,0.9976817778328317,1.0
67.0,0.6,0.5212139068945197,0.5209951814337693,0.9987232370850521,10169.0,10182.0,0.9976817778328317,1.0
67.0,0.65,0.5212139068945197,0.5211489277985442,0.9984285994892949,10166.0,10182.0,0.9976817778328317,1.0
67.0,0.7,0.5212139068945197,0.5210547028728847,0.9982321744254566,10164.0,10182.0,0.9976817778328317,1.0
67.0,0.75,0.5212139068945197,0.5210547028728847,0.9982321744254566,10164.0,10182.0,0.9976817778328317,1.0
67.0,0.8,0.5212139068945197,0.5211142829018605,0.9977411117658613,10159.0,10182.0,0.9976817778328317,1.0
67.0,0.85,0.5212139068945197,0.5213279479854201,0.9969554115105087,10151.0,10182.0,0.9976817778328317,1.0
67.0,0.9,0.5212139068945197,0.5214433599526768,0.9961697112551562,10143.0,10182.0,0.9976817778328317,1.0
67.0,0.95,0.5212139068945197,0.5216189536031589,0.9948929483402082,10130.0,10182.0,0.9976817778328317,1.0
67.0,1.0,0.5212139068945197,nan,0.0,0.0,10182.0,0.9976817778328317,1.0
68.0,0.0,0.5145354547240227,0.5140443920644274,1.0,10182.0,10182.0,0.9989312613696486,1.0
68.0,0.05,0.5145354547240227,0.5140443920644274,1.0,10182.0,10182.0,0.9989312613696486,1.0
68.0,0.1,0.5145354547240227,0.5140443920644274,1.0,10182.0,10182.0,0.9989312613696486,1.0
68.0,0.15,0.5145354547240227,0.5140443920644274,1.0,10182.0,10182.0,0.9989312613696486,1.0
68.0,0.2,0.5145354547240227,0.5140443920644274,1.0,10182.0,10182.0,0.9989312613696486,1.0
68.0,0.25,0.5145354547240227,0.5140443920644274,1.0,10182.0,10182.0,0.9989312613696486,1.0
68.0,0.3,0.5145354547240227,0.5140443920644274,1.0,10182.0,10182.0,0.9989312613696486,1.0
68.0,0.35,0.5145354547240227,0.5140443920644274,1.0,10182.0,10182.0,0.9989312613696486,1.0
68.0,0.4,0.5145354547240227,0.5139966604459287,0.9999017874680809,10181.0,10182.0,0.9989312613696486,1.0
68.0,0.45,0.5145354547240227,0.5139966604459287,0.9999017874680809,10181.0,10182.0,0.9989312613696486,1.0
68.0,0.5,0.5145354547240227,0.5139489194499017,0.9998035749361619,10180.0,10182.0,0.9989312613696486,1.0
68.0,0.55,0.5145354547240227,0.5139516604440951,0.9996071498723237,10178.0,10182.0,0.9989312613696486,1.0
68.0,0.6,0.5145354547240227,0.5139516604440951,0.9996071498723237,10178.0,10182.0,0.9989312613696486,1.0
68.0,0.65,0.5145354547240227,0.5139544025157232,0.9994107248084856,10176.0,10182.0,0.9989312613696486,1.0
68.0,0.7,0.5145354547240227,0.5140554354236289,0.9992142997446474,10174.0,10182.0,0.9989312613696486,1.0
68.0,0.75,0.5145354547240227,0.5140554354236289,0.9992142997446474,10174.0,10182.0,0.9989312613696486,1.0
68.0,0.8,0.5145354547240227,0.5140581989775855,0.9990178746808093,10172.0,10182.0,0.9989312613696486,1.0
68.0,0.85,0.5145354547240227,0.5141115153899105,0.9987232370850521,10169.0,10182.0,0.9989312613696486,1.0
68.0,0.9,0.5145354547240227,0.5142154451549434,0.9983303869573757,10165.0,10182.0,0.9989312613696486,1.0
68.0,0.95,0.5145354547240227,0.5142238409292254,0.9977411117658613,10159.0,10182.0,0.9989312613696486,1.0
68.0,1.0,0.5145354547240227,nan,0.0,0.0,10182.0,0.9989312613696486,1.0
69.0,0.0,0.514731879787861,0.5146336672559418,1.0,10182.0,10182.0,0.9989714778797305,1.0
69.0,0.05,0.514731879787861,0.5146336672559418,1.0,10182.0,10182.0,0.9989714778797305,1.0
69.0,0.1,0.514731879787861,0.5146336672559418,1.0,10182.0,10182.0,0.9989714778797305,1.0
69.0,0.15,0.514731879787861,0.5146336672559418,1.0,10182.0,10182.0,0.9989714778797305,1.0
69.0,0.2,0.514731879787861,0.5146336672559418,1.0,10182.0,10182.0,0.9989714778797305,1.0
69.0,0.25,0.514731879787861,0.5146336672559418,1.0,10182.0,10182.0,0.9989714778797305,1.0
69.0,0.3,0.514731879787861,0.5145859935173362,0.9999017874680809,10181.0,10182.0,0.9989714778797305,1.0
69.0,0.35,0.514731879787861,0.5145383104125737,0.9998035749361619,10180.0,10182.0,0.9989714778797305,1.0
69.0,0.4,0.514731879787861,0.5145888594164456,0.9997053624042428,10179.0,10182.0,0.9989714778797305,1.0
69.0,0.45,0.514731879787861,0.5145888594164456,0.9997053624042428,10179.0,10182.0,0.9989714778797305,1.0
69.0,0.5,0.514731879787861,0.5145888594164456,0.9997053624042428,10179.0,10182.0,0.9989714778797305,1.0
69.0,0.55,0.514731879787861,0.5145888594164456,0.9997053624042428,10179.0,10182.0,0.9989714778797305,1.0
69.0,0.6,0.514731879787861,0.5146394183533111,0.9996071498723237,10178.0,10182.0,0.9989714778797305,1.0
69.0,0.65,0.514731879787861,0.5146928746928747,0.9993125122765665,10175.0,10182.0,0.9989714778797305,1.0
69.0,0.7,0.514731879787861,0.5146957632949966,0.9991160872127284,10173.0,10182.0,0.9989714778797305,1.0
69.0,0.75,0.514731879787861,0.5148475909537856,0.9988214496169712,10170.0,10182.0,0.9989714778797305,1.0
69.0,0.8,0.514731879787861,0.5148982200806372,0.9987232370850521,10169.0,10182.0,0.9989714778797305,1.0
69.0,0.85,0.514731879787861,0.515002459419577,0.9983303869573757,10165.0,10182.0,0.9989714778797305,1.0
69.0,0.9,0.514731879787861,0.5149547422274695,0.9982321744254566,10164.0,10182.0,0.9989714778797305,1.0
69.0,0.95,0.514731879787861,0.5152111844048439,0.9975446867020232,10157.0,10182.0,0.9989714778797305,1.0
69.0,1.0,0.514731879787861,nan,0.0,0.0,10182.0,0.9989714778797305,1.0
70.0,0.0,0.5324101355332941,0.5321154979375369,1.0,10182.0,10182.0,0.998977240253305,1.0
70.0,0.05,0.5324101355332941,0.5321154979375369,1.0,10182.0,10182.0,0.998977240253305,1.0
70.0,0.1,0.5324101355332941,0.5321154979375369,1.0,10182.0,10182.0,0.998977240253305,1.0
70.0,0.15,0.5324101355332941,0.5321154979375369,1.0,10182.0,10182.0,0.998977240253305,1.0
70.0,0.2,0.5324101355332941,0.5321154979375369,1.0,10182.0,10182.0,0.998977240253305,1.0
70.0,0.25,0.5324101355332941,0.5321154979375369,1.0,10182.0,10182.0,0.998977240253305,1.0
70.0,0.3,0.5324101355332941,0.5321154979375369,1.0,10182.0,10182.0,0.998977240253305,1.0
70.0,0.35,0.5324101355332941,0.5321154979375369,1.0,10182.0,10182.0,0.998977240253305,1.0
70.0,0.4,0.5324101355332941,0.5321154979375369,1.0,10182.0,10182.0,0.998977240253305,1.0
70.0,0.45,0.5324101355332941,0.532167763480994,0.9999017874680809,10181.0,10182.0,0.998977240253305,1.0
70.0,0.5,0.5324101355332941,0.5321218074656189,0.9998035749361619,10180.0,10182.0,0.998977240253305,1.0
70.0,0.55,0.5324101355332941,0.5321740838982219,0.9997053624042428,10179.0,10182.0,0.998977240253305,1.0
70.0,0.6,0.5324101355332941,0.5323309748427673,0.9994107248084856,10176.0,10182.0,0.998977240253305,1.0
70.0,0.65,0.5324101355332941,0.532441997640582,0.9990178746808093,10172.0,10182.0,0.998977240253305,1.0
70.0,0.7,0.5324101355332941,0.532448377581121,0.9988214496169712,10170.0,10182.0,0.998977240253305,1.0
70.0,0.75,0.5324101355332941,0.5325007375356475,0.9987232370850521,10169.0,10182.0,0.998977240253305,1.0
70.0,0.8,0.5324101355332941,0.5326643053915782,0.9982321744254566,10164.0,10182.0,0.998977240253305,1.0
70.0,0.85,0.5324101355332941,0.5327691399330841,0.9980357493616185,10162.0,10182.0,0.998977240253305,1.0
70.0,0.9,0.5324101355332941,0.5327755905511811,0.9978393242977804,10160.0,10182.0,0.998977240253305,1.0
70.0,0.95,0.5324101355332941,0.5328804882850955,0.9976428992339422,10158.0,10182.0,0.998977240253305,1.0
70.0,1.0,0.5324101355332941,nan,0.0,0.0,10182.0,0.998977240253305,1.0
71.0,0.0,0.5327047731290513,0.5321154979375369,1.0,10182.0,10182.0,0.9991653284657636,1.0
71.0,0.05,0.5327047731290513,0.5321154979375369,1.0,10182.0,10182.0,0.9991653284657636,1.0
71.0,0.1,0.5327047731290513,0.5321154979375369,1.0,10182.0,10182.0,0.9991653284657636,1.0
71.0,0.15,0.5327047731290513,0.5321154979375369,1.0,10182.0,10182.0,0.9991653284657636,1.0
71.0,0.2,0.5327047731290513,0.5321154979375369,1.0,10182.0,10182.0,0.9991653284657636,1.0
71.0,0.25,0.5327047731290513,0.532167763480994,0.9999017874680809,10181.0,10182.0,0.9991653284657636,1.0
71.0,0.3,0.5327047731290513,0.5322200392927309,0.9998035749361619,10180.0,10182.0,0.9991653284657636,1.0
71.0,0.35,0.5327047731290513,0.5322200392927309,0.9998035749361619,10180.0,10182.0,0.9991653284657636,1.0
71.0,0.4,0.5327047731290513,0.5322723253757736,0.9997053624042428,10179.0,10182.0,0.9991653284657636,1.0
71.0,0.45,0.5327047731290513,0.53232462173315,0.9996071498723237,10178.0,10182.0,0.9991653284657636,1.0
71.0,0.5,0.5327047731290513,0.5323769283678884,0.9995089373404047,10177.0,10182.0,0.9991653284657636,1.0
71.0,0.55,0.5327047731290513,0.5323309748427673,0.9994107248084856,10176.0,10182.0,0.9991653284657636,1.0
71.0,0.6,0.5327047731290513,0.5323832923832924,0.9993125122765665,10175.0,10182.0,0.9991653284657636,1.0
71.0,0.65,0.5327047731290513,0.5324356202083743,0.9992142997446474,10174.0,10182.0,0.9991653284657636,1.0
71.0,0.7,0.5327047731290513,0.532441997640582,0.9990178746808093,10172.0,10182.0,0.9991653284657636,1.0
71.0,0.75,0.5327047731290513,0.5324943466719103,0.9989196621488902,10171.0,10182.0,0.9991653284657636,1.0
71.0,0.8,0.5327047731290513,0.5324943466719103,0.9989196621488902,10171.0,10182.0,0.9991653284657636,1.0
71.0,0.85,0.5327047731290513,0.5326054883446444,0.998526812021214,10167.0,10182.0,0.9991653284657636,1.0
71.0,0.9,0.5327047731290513,0.5327167175046739,0.9981339618935376,10163.0,10182.0,0.9991653284657636,1.0
71.0,0.95,0.5327047731290513,0.5326247416592855,0.9979375368296994,10161.0,10182.0,0.9991653284657636,1.0
71.0,1.0,0.5327047731290513,nan,0.0,0.0,10182.0,0.9991653284657636,1.0
72.0,0.0,0.48615203299941073,0.48516990768022,1.0,10182.0,10182.0,0.9981871747304405,1.0
72.0,0.05,0.48615203299941073,0.48516990768022,1.0,10182.0,10182.0,0.9981871747304405,1.0
72.0,0.1,0.48615203299941073,0.48516990768022,1.0,10182.0,10182.0,0.9981871747304405,1.0
72.0,0.15,0.48615203299941073,0.48516990768022,1.0,10182.0,10182.0,0.9981871747304405,1.0
72.0,0.2,0.48615203299941073,0.48516990768022,1.0,10182.0,10182.0,0.9981871747304405,1.0
72.0,0.25,0.48615203299941073,0.48521756212552797,0.9999017874680809,10181.0,10182.0,0.9981871747304405,1.0
72.0,0.3,0.48615203299941073,0.48531289910600256,0.9997053624042428,10179.0,10182.0,0.9981871747304405,1.0
72.0,0.35,0.48615203299941073,0.485408273558023,0.9995089373404047,10177.0,10182.0,0.9981871747304405,1.0
72.0,0.4,0.48615203299941073,0.4854054054054054,0.9993125122765665,10175.0,10182.0,0.9981871747304405,1.0
72.0,0.45,0.48615203299941073,0.4853519465198584,0.9990178746808093,10172.0,10182.0,0.9981871747304405,1.0
72.0,0.5,0.48615203299941073,0.4853013469668666,0.9989196621488902,10171.0,10182.0,0.9981871747304405,1.0
72.0,0.55,0.48615203299941073,0.48544166830611846,0.9984285994892949,10166.0,10182.0,0.9981871747304405,1.0
72.0,0.6,0.48615203299941073,0.4854865689264981,0.9981339618935376,10163.0,10182.0,0.9981871747304405,1.0
72.0,0.65,0.48615203299941073,0.48543307086614174,0.9978393242977804,10160.0,10182.0,0.9981871747304405,1.0
72.0,0.7,0.48615203299941073,0.4854273335959039,0.9974464741701041,10156.0,10182.0,0.9981871747304405,1.0
72.0,0.75,0.48615203299941073,0.4853230890464933,0.9970536240424278,10152.0,10182.0,0.9981871747304405,1.0
72.0,0.8,0.48615203299941073,0.48541871921182267,0.9968571989785897,10150.0,10182.0,0.9981871747304405,1.0
72.0,0.85,0.48615203299941073,0.4853622474125185,0.9963661363189943,10145.0,10182.0,0.9981871747304405,1.0
72.0,0.9,0.48615203299941073,0.48525495611007,0.9957768611274799,10139.0,10182.0,0.9981871747304405,1.0
72.0,0.95,0.48615203299941073,0.48524039885477344,0.9947947358082891,10129.0,10182.0,0.9981871747304405,1.0
72.0,1.0,0.48615203299941073,nan,0.0,0.0,10182.0,0.9981871747304405,1.0
73.0,0.0,0.5116872912983697,0.5113926537026124,1.0,10182.0,10182.0,0.9987388543449481,1.0
73.0,0.05,0.5116872912983697,0.5113926537026124,1.0,10182.0,10182.0,0.9987388543449481,1.0
73.0,0.1,0.5116872912983697,0.5113926537026124,1.0,10182.0,10182.0,0.9987388543449481,1.0
73.0,0.15,0.5116872912983697,0.5113926537026124,1.0,10182.0,10182.0,0.9987388543449481,1.0
73.0,0.2,0.5116872912983697,0.5113926537026124,1.0,10182.0,10182.0,0.9987388543449481,1.0
73.0,0.25,0.5116872912983697,0.5113926537026124,1.0,10182.0,10182.0,0.9987388543449481,1.0
73.0,0.3,0.5116872912983697,0.5114428838031627,0.9999017874680809,10181.0,10182.0,0.9987388543449481,1.0
73.0,0.35,0.5116872912983697,0.5114931237721022,0.9998035749361619,10180.0,10182.0,0.9987388543449481,1.0
73.0,0.4,0.5116872912983697,0.5114496314496314,0.9993125122765665,10175.0,10182.0,0.9987388543449481,1.0
73.0,0.45,0.5116872912983697,0.5114016119520346,0.9992142997446474,10174.0,10182.0,0.9987388543449481,1.0
73.0,0.5,0.5116872912983697,0.5115021627998427,0.9990178746808093,10172.0,10182.0,0.9987388543449481,1.0
73.0,0.55,0.5116872912983697,0.5117033831628639,0.998625024553133,10168.0,10182.0,0.9987388543449481,1.0
73.0,0.6,0.5116872912983697,0.5116553555621127,0.998526812021214,10167.0,10182.0,0.9987388543449481,1.0
73.0,0.65,0.5116872912983697,0.5116073185126894,0.9984285994892949,10166.0,10182.0,0.9987388543449481,1.0
73.0,0.7,0.5116872912983697,0.5116096025186935,0.9982321744254566,10164.0,10182.0,0.9987388543449481,1.0
73.0,0.75,0.5116872912983697,0.5117125984251969,0.9978393242977804,10160.0,10182.0,0.9987388543449481,1.0
73.0,0.8,0.5116872912983697,0.5117629687961414,0.9977411117658613,10159.0,10182.0,0.9987388543449481,1.0
73.0,0.85,0.5116872912983697,0.5117149045087616,0.9976428992339422,10158.0,10182.0,0.9987388543449481,1.0
73.0,0.9,0.5116872912983697,0.5114744410519059,0.9971518365743469,10153.0,10182.0,0.9987388543449481,1.0
73.0,0.95,0.5116872912983697,0.5115293653921955,0.9966607739147515,10148.0,10182.0,0.9987388543449481,1.0
73.0,1.0,0.5116872912983697,nan,0.0,0.0,10182.0,0.9987388543449481,1.0
74.0,0.0,0.5782753879395011,0.5769986250245531,1.0,10182.0,10182.0,0.9961964598397882,1.0
74.0,0.05,0.5782753879395011,0.5769986250245531,1.0,10182.0,10182.0,0.9961964598397882,1.0
74.0,0.1,0.5782753879395011,0.5769570769079658,0.9999017874680809,10181.0,10182.0,0.9961964598397882,1.0
74.0,0.15,0.5782753879395011,0.5770137524557957,0.9998035749361619,10180.0,10182.0,0.9961964598397882,1.0
74.0,0.2,0.5782753879395011,0.5770137524557957,0.9998035749361619,10180.0,10182.0,0.9961964598397882,1.0
74.0,0.25,0.5782753879395011,0.5770704391394047,0.9997053624042428,10179.0,10182.0,0.9961964598397882,1.0
74.0,0.3,0.5782753879395011,0.5770704391394047,0.9997053624042428,10179.0,10182.0,0.9961964598397882,1.0
74.0,0.35,0.5782753879395011,0.5770704391394047,0.9997053624042428,10179.0,10182.0,0.9961964598397882,1.0
74.0,0.4,0.5782753879395011,0.5771990171990172,0.9993125122765665,10175.0,10182.0,0.9961964598397882,1.0
74.0,0.45,0.5782753879395011,0.5781957849123498,0.9972500491062659,10154.0,10182.0,0.9961964598397882,1.0
74.0,0.5,0.5782753879395011,0.578610152784623,0.9963661363189943,10145.0,10182.0,0.9961964598397882,1.0
74.0,0.55,0.5782753879395011,0.5787968441814596,0.995875073659399,10140.0,10182.0,0.9961964598397882,1.0
74.0,0.6,0.5782753879395011,0.5787448194197751,0.9952857984678845,10134.0,10182.0,0.9961964598397882,1.0
74.0,0.65,0.5782753879395011,0.5787032468173295,0.9951875859359655,10133.0,10182.0,0.9961964598397882,1.0
74.0,0.7,0.5782753879395011,0.5786771964461994,0.9948929483402082,10130.0,10182.0,0.9961964598397882,1.0
74.0,0.75,0.5782753879395011,0.5787393795692551,0.9941072480848556,10122.0,10182.0,0.9961964598397882,1.0
74.0,0.8,0.5782753879395011,0.5787444389520514,0.9934197603614221,10115.0,10182.0,0.9961964598397882,1.0
74.0,0.85,0.5782753879395011,0.5790306627101879,0.9929286977018268,10110.0,10182.0,0.9961964598397882,1.0
74.0,0.9,0.5782753879395011,0.5794114732983255,0.9912590846592025,10093.0,10182.0,0.9961964598397882,1.0
74.0,0.95,0.5782753879395011,0.5796626984126985,0.9899823217442546,10080.0,10182.0,0.9961964598397882,1.0
74.0,1.0,0.5782753879395011,nan,0.0,0.0,10182.0,0.9961964598397882,1.0
75.0,0.0,0.551266941661756,0.5509723040659988,1.0,10182.0,10182.0,0.9979950137519809,1.0
75.0,0.05,0.551266941661756,0.5509723040659988,1.0,10182.0,10182.0,0.9979950137519809,1.0
75.0,0.1,0.551266941661756,0.5509723040659988,1.0,10182.0,10182.0,0.9979950137519809,1.0
75.0,0.15,0.551266941661756,0.5509723040659988,1.0,10182.0,10182.0,0.9979950137519809,1.0
75.0,0.2,0.551266941661756,0.5509723040659988,1.0,10182.0,10182.0,0.9979950137519809,1.0
75.0,0.25,0.551266941661756,0.5510805500982319,0.9998035749361619,10180.0,10182.0,0.9979950137519809,1.0
75.0,0.3,0.551266941661756,0.5510364475881717,0.9997053624042428,10179.0,10182.0,0.9979950137519809,1.0
75.0,0.35,0.551266941661756,0.5510364475881717,0.9997053624042428,10179.0,10182.0,0.9979950137519809,1.0
75.0,0.4,0.551266941661756,0.5511547911547912,0.9993125122765665,10175.0,10182.0,0.9979950137519809,1.0
75.0,0.45,0.551266941661756,0.5513173417223751,0.9990178746808093,10172.0,10182.0,0.9979950137519809,1.0
75.0,0.5,0.551266941661756,0.5513715465539278,0.9989196621488902,10171.0,10182.0,0.9979950137519809,1.0
75.0,0.55,0.551266941661756,0.551283312026748,0.9987232370850521,10169.0,10182.0,0.9979950137519809,1.0
75.0,0.6,0.551266941661756,0.5512593467138922,0.9982321744254566,10164.0,10182.0,0.9979950137519809,1.0
75.0,0.65,0.551266941661756,0.5513880685174247,0.9976428992339422,10158.0,10182.0,0.9979950137519809,1.0
75.0,0.7,0.551266941661756,0.5513540128015756,0.997348261638185,10155.0,10182.0,0.9979950137519809,1.0
75.0,0.75,0.551266941661756,0.5514184397163121,0.9970536240424278,10152.0,10182.0,0.9979950137519809,1.0
75.0,0.8,0.551266941661756,0.5512416239653134,0.9966607739147515,10148.0,10182.0,0.9979950137519809,1.0
75.0,0.85,0.551266941661756,0.5512074913750616,0.9963661363189943,10145.0,10182.0,0.9979950137519809,1.0
75.0,0.9,0.551266941661756,0.5513225424397947,0.9950893734040464,10132.0,10182.0,0.9979950137519809,1.0
75.0,0.95,0.551266941661756,0.5513833992094862,0.9939108230210175,10120.0,10182.0,0.9979950137519809,1.0
75.0,1.0,0.551266941661756,nan,0.0,0.0,10182.0,0.9979950137519809,1.0
76.0,0.0,0.6393635827931644,0.6389707326654881,1.0,10182.0,10182.0,0.9985582337026347,1.0
76.0,0.05,0.6393635827931644,0.6389707326654881,1.0,10182.0,10182.0,0.9985582337026347,1.0
76.0,0.1,0.6393635827931644,0.6389707326654881,1.0,10182.0,10182.0,0.9985582337026347,1.0
76.0,0.15,0.6393635827931644,0.6389352715843237,0.9999017874680809,10181.0,10182.0,0.9985582337026347,1.0
76.0,0.2,0.6393635827931644,0.6389352715843237,0.9999017874680809,10181.0,10182.0,0.9985582337026347,1.0
76.0,0.25,0.6393635827931644,0.6389352715843237,0.9999017874680809,10181.0,10182.0,0.9985582337026347,1.0
76.0,0.3,0.6393635827931644,0.6389625699970528,0.9997053624042428,10179.0,10182.0,0.9985582337026347,1.0
76.0,0.35,0.6393635827931644,0.6389625699970528,0.9997053624042428,10179.0,10182.0,0.9985582337026347,1.0
76.0,0.4,0.6393635827931644,0.6389270976616231,0.9996071498723237,10178.0,10182.0,0.9985582337026347,1.0
76.0,0.45,0.6393635827931644,0.6389898791392356,0.9995089373404047,10177.0,10182.0,0.9985582337026347,1.0
76.0,0.5,0.6393635827931644,0.6389898791392356,0.9995089373404047,10177.0,10182.0,0.9985582337026347,1.0
76.0,0.55,0.6393635827931644,0.6391154791154792,0.9993125122765665,10175.0,10182.0,0.9985582337026347,1.0
76.0,0.6,0.6393635827931644,0.6392411284773419,0.9991160872127284,10173.0,10182.0,0.9985582337026347,1.0
76.0,0.65,0.6393635827931644,0.6394571203776553,0.998625024553133,10168.0,10182.0,0.9985582337026347,1.0
76.0,0.7,0.6393635827931644,0.639378136377054,0.9981339618935376,10163.0,10182.0,0.9985582337026347,1.0
76.0,0.75,0.6393635827931644,0.6393700787401575,0.9978393242977804,10160.0,10182.0,0.9985582337026347,1.0
76.0,0.8,0.6393635827931644,0.6393894633185623,0.997348261638185,10155.0,10182.0,0.9985582337026347,1.0
76.0,0.85,0.6393635827931644,0.6393458772534726,0.9969554115105087,10151.0,10182.0,0.9985582337026347,1.0
76.0,0.9,0.6393635827931644,0.6394557823129252,0.9961697112551562,10143.0,10182.0,0.9985582337026347,1.0
76.0,0.95,0.6393635827931644,0.6394947202210599,0.9951875859359655,10133.0,10182.0,0.9985582337026347,1.0
76.0,1.0,0.6393635827931644,nan,0.0,0.0,10182.0,0.9985582337026347,1.0
77.0,0.0,0.5842663523865645,0.583578864663131,1.0,10182.0,10182.0,0.9956003785604602,1.0
77.0,0.05,0.5842663523865645,0.583578864663131,1.0,10182.0,10182.0,0.9956003785604602,1.0
77.0,0.1,0.5842663523865645,0.583578864663131,1.0,10182.0,10182.0,0.9956003785604602,1.0
77.0,0.15,0.5842663523865645,0.5836361850505845,0.9999017874680809,10181.0,10182.0,0.9956003785604602,1.0
77.0,0.2,0.5842663523865645,0.5835952848722986,0.9998035749361619,10180.0,10182.0,0.9956003785604602,1.0
77.0,0.25,0.5842663523865645,0.5837264150943396,0.9994107248084856,10176.0,10182.0,0.9956003785604602,1.0
77.0,0.3,0.5842663523865645,0.5837593393629571,0.9990178746808093,10172.0,10182.0,0.9956003785604602,1.0
77.0,0.35,0.5842663523865645,0.5836774827925271,0.9988214496169712,10170.0,10182.0,0.9956003785604602,1.0
77.0,0.4,0.5842663523865645,0.5838252656434475,0.9982321744254566,10164.0,10182.0,0.9956003785604602,1.0
77.0,0.45,0.5842663523865645,0.5839566929133858,0.9978393242977804,10160.0,10182.0,0.9956003785604602,1.0
77.0,0.5,0.5842663523865645,0.5840307177316136,0.9975446867020232,10157.0,10182.0,0.9956003785604602,1.0
77.0,0.55,0.5842663523865645,0.5841379310344827,0.9968571989785897,10150.0,10182.0,0.9956003785604602,1.0
77.0,0.6,0.5842663523865645,0.5841467021591246,0.9961697112551562,10143.0,10182.0,0.9956003785604602,1.0
77.0,0.65,0.5842663523865645,0.584196507842557,0.9955804360636418,10137.0,10182.0,0.9956003785604602,1.0
77.0,0.7,0.5842663523865645,0.5844027640671273,0.9948929483402082,10130.0,10182.0,0.9956003785604602,1.0
77.0,0.75,0.5842663523865645,0.5845849802371541,0.9939108230210175,10120.0,10182.0,0.9956003785604602,1.0
77.0,0.8,0.5842663523865645,0.5844541139240507,0.9931251227656649,10112.0,10182.0,0.9956003785604602,1.0
77.0,0.85,0.5842663523865645,0.5845955845955846,0.9920447849145551,10101.0,10182.0,0.9956003785604602,1.0
77.0,0.9,0.5842663523865645,0.5845147219193021,0.9906698094676881,10087.0,10182.0,0.9956003785604602,1.0
77.0,0.95,0.5842663523865645,0.5847070506454817,0.9890001964250639,10070.0,10182.0,0.9956003785604602,1.0
77.0,1.0,0.5842663523865645,nan,0.0,0.0,10182.0,0.9956003785604602,1.0
78.0,0.0,0.5775879002160675,0.5770968375564722,1.0,10182.0,10182.0,0.9967119363755825,1.0
78.0,0.05,0.5775879002160675,0.5770968375564722,1.0,10182.0,10182.0,0.9967119363755825,1.0
78.0,0.1,0.5775879002160675,0.5770968375564722,1.0,10182.0,10182.0,0.9967119363755825,1.0
78.0,0.15,0.5775879002160675,0.5770968375564722,1.0,10182.0,10182.0,0.9967119363755825,1.0
78.0,0.2,0.5775879002160675,0.5770552990865337,0.9999017874680809,10181.0,10182.0,0.9967119363755825,1.0
78.0,0.25,0.5775879002160675,0.5770137524557957,0.9998035749361619,10180.0,10182.0,0.9967119363755825,1.0
78.0,0.3,0.5775879002160675,0.5772972972972973,0.9993125122765665,10175.0,10182.0,0.9967119363755825,1.0
78.0,0.35,0.5775879002160675,0.5773124938562862,0.9991160872127284,10173.0,10182.0,0.9967119363755825,1.0
78.0,0.4,0.5775879002160675,0.5773124938562862,0.9991160872127284,10173.0,10182.0,0.9967119363755825,1.0
78.0,0.45,0.5775879002160675,0.5774980330448466,0.998625024553133,10168.0,10182.0,0.9967119363755825,1.0
78.0,0.5,0.5775879002160675,0.5775853586539408,0.9981339618935376,10163.0,10182.0,0.9967119363755825,1.0
78.0,0.55,0.5775879002160675,0.5776727702303603,0.9976428992339422,10158.0,10182.0,0.9967119363755825,1.0
78.0,0.6,0.5775879002160675,0.5778434268833087,0.997348261638185,10155.0,10182.0,0.9967119363755825,1.0
78.0,0.65,0.5775879002160675,0.5779463933780055,0.9966607739147515,10148.0,10182.0,0.9967119363755825,1.0
78.0,0.7,0.5775879002160675,0.5779092702169625,0.995875073659399,10140.0,10182.0,0.9967119363755825,1.0
78.0,0.75,0.5775879002160675,0.5778983719782931,0.9953840109998036,10135.0,10182.0,0.9967119363755825,1.0
78.0,0.8,0.5775879002160675,0.5781003159557662,0.99469652327637,10128.0,10182.0,0.9967119363755825,1.0
78.0,0.85,0.5775879002160675,0.578401343740737,0.9940090355529365,10121.0,10182.0,0.9967119363755825,1.0
78.0,0.9,0.5775879002160675,0.5785205696202531,0.9931251227656649,10112.0,10182.0,0.9967119363755825,1.0
78.0,0.95,0.5775879002160675,0.5791927005851433,0.9902769593400118,10083.0,10182.0,0.9967119363755825,1.0
78.0,1.0,0.5775879002160675,nan,0.0,0.0,10182.0,0.9967119363755825,1.0
79.0,0.0,0.5879984285994893,0.5872127283441367,1.0,10182.0,10182.0,0.9979901200347344,1.0
79.0,0.05,0.5879984285994893,0.5872127283441367,1.0,10182.0,10182.0,0.9979901200347344,1.0
79.0,0.1,0.5879984285994893,0.5872127283441367,1.0,10182.0,10182.0,0.9979901200347344,1.0
79.0,0.15,0.5879984285994893,0.5872127283441367,1.0,10182.0,10182.0,0.9979901200347344,1.0
79.0,0.2,0.5879984285994893,0.5873280943025541,0.9998035749361619,10180.0,10182.0,0.9979901200347344,1.0
79.0,0.25,0.5879984285994893,0.5874435056003144,0.9996071498723237,10178.0,10182.0,0.9979901200347344,1.0
79.0,0.3,0.5879984285994893,0.5874029674756804,0.9995089373404047,10177.0,10182.0,0.9979901200347344,1.0
79.0,0.35,0.5879984285994893,0.5874029674756804,0.9995089373404047,10177.0,10182.0,0.9979901200347344,1.0
79.0,0.4,0.5879984285994893,0.5874201474201474,0.9993125122765665,10175.0,10182.0,0.9979901200347344,1.0
79.0,0.45,0.5879984285994893,0.5874778848044033,0.9992142997446474,10174.0,10182.0,0.9979901200347344,1.0
79.0,0.5,0.5879984285994893,0.587495084545812,0.9990178746808093,10172.0,10182.0,0.9979901200347344,1.0
79.0,0.55,0.5879984285994893,0.5876856496508311,0.998526812021214,10167.0,10182.0,0.9979901200347344,1.0
79.0,0.6,0.5879984285994893,0.5878764022830152,0.9980357493616185,10162.0,10182.0,0.9979901200347344,1.0
79.0,0.65,0.5879984285994893,0.5878125615278598,0.9976428992339422,10158.0,10182.0,0.9979901200347344,1.0
79.0,0.7,0.5879984285994893,0.5880035457500247,0.9971518365743469,10153.0,10182.0,0.9979901200347344,1.0
79.0,0.75,0.5879984285994893,0.5880961765865195,0.9966607739147515,10148.0,10182.0,0.9979901200347344,1.0
79.0,0.8,0.5879984285994893,0.588171513060621,0.9963661363189943,10145.0,10182.0,0.9979901200347344,1.0
79.0,0.85,0.5879984285994893,0.5882817123693036,0.9956786485955608,10138.0,10182.0,0.9979901200347344,1.0
79.0,0.9,0.5879984285994893,0.5882178804026051,0.9952857984678845,10134.0,10182.0,0.9979901200347344,1.0
79.0,0.95,0.5879984285994893,0.5885375494071147,0.9939108230210175,10120.0,10182.0,0.9979901200347344,1.0
79.0,1.0,0.5879984285994893,nan,0.0,0.0,10182.0,0.9979901200347344,1.0
80.0,0.0,0.6113730111962287,0.6115694362600668,1.0,10182.0,10182.0,0.9972115251907219,1.0
80.0,0.05,0.6113730111962287,0.6115694362600668,1.0,10182.0,10182.0,0.9972115251907219,1.0
80.0,0.1,0.6113730111962287,0.6115694362600668,1.0,10182.0,10182.0,0.9972115251907219,1.0
80.0,0.15,0.6113730111962287,0.6115694362600668,1.0,10182.0,10182.0,0.9972115251907219,1.0
80.0,0.2,0.6113730111962287,0.6115694362600668,1.0,10182.0,10182.0,0.9972115251907219,1.0
80.0,0.25,0.6113730111962287,0.6116295059424418,0.9999017874680809,10181.0,10182.0,0.9972115251907219,1.0
80.0,0.3,0.6113730111962287,0.6116514392376461,0.9997053624042428,10179.0,10182.0,0.9972115251907219,1.0
80.0,0.35,0.6113730111962287,0.6117334905660378,0.9994107248084856,10176.0,10182.0,0.9972115251907219,1.0
80.0,0.4,0.6113730111962287,0.6117936117936118,0.9993125122765665,10175.0,10182.0,0.9972115251907219,1.0
80.0,0.45,0.6113730111962287,0.6119740464018876,0.9990178746808093,10172.0,10182.0,0.9972115251907219,1.0
80.0,0.5,0.6113730111962287,0.6119960668633235,0.9988214496169712,10170.0,10182.0,0.9972115251907219,1.0
80.0,0.55,0.6113730111962287,0.6121444739690975,0.9979375368296994,10161.0,10182.0,0.9972115251907219,1.0
80.0,0.6,0.6113730111962287,0.6123695095528856,0.9972500491062659,10154.0,10182.0,0.9972115251907219,1.0
80.0,0.65,0.6113730111962287,0.6125184820108428,0.9963661363189943,10145.0,10182.0,0.9972115251907219,1.0
80.0,0.7,0.6113730111962287,0.6124099832297524,0.9955804360636418,10137.0,10182.0,0.9972115251907219,1.0
80.0,0.75,0.6113730111962287,0.6126517319648672,0.9951875859359655,10133.0,10182.0,0.9972115251907219,1.0
80.0,0.8,0.6113730111962287,0.6127789847916255,0.9945000982125319,10126.0,10182.0,0.9972115251907219,1.0
80.0,0.85,0.6113730111962287,0.6128012643224022,0.9943036731486937,10124.0,10182.0,0.9972115251907219,1.0
80.0,0.9,0.6113730111962287,0.6130275773450627,0.9936161854252603,10117.0,10182.0,0.9972115251907219,1.0
80.0,0.95,0.6113730111962287,0.6134046134046134,0.9920447849145551,10101.0,10182.0,0.9972115251907219,1.0
80.0,1.0,0.6113730111962287,nan,0.0,0.0,10182.0,0.9972115251907219,1.0
81.0,0.0,0.5963464938126105,0.5957572186210961,1.0,10182.0,10182.0,0.9981905660954048,1.0
81.0,0.05,0.5963464938126105,0.5957572186210961,1.0,10182.0,10182.0,0.9981905660954048,1.0
81.0,0.1,0.5963464938126105,0.5957572186210961,1.0,10182.0,10182.0,0.9981905660954048,1.0
81.0,0.15,0.5963464938126105,0.5957572186210961,1.0,10182.0,10182.0,0.9981905660954048,1.0
81.0,0.2,0.5963464938126105,0.5957572186210961,1.0,10182.0,10182.0,0.9981905660954048,1.0
81.0,0.25,0.5963464938126105,0.5958157351930066,0.9999017874680809,10181.0,10182.0,0.9981905660954048,1.0
81.0,0.3,0.5963464938126105,0.5957948516407938,0.9996071498723237,10178.0,10182.0,0.9981905660954048,1.0
81.0,0.35,0.5963464938126105,0.595970515970516,0.9993125122765665,10175.0,10182.0,0.9981905660954048,1.0
81.0,0.4,0.5963464938126105,0.5959308040102221,0.9992142997446474,10174.0,10182.0,0.9981905660954048,1.0
81.0,0.45,0.5963464938126105,0.5959308040102221,0.9992142997446474,10174.0,10182.0,0.9981905660954048,1.0
81.0,0.5,0.5963464938126105,0.5960082587749483,0.9989196621488902,10171.0,10182.0,0.9981905660954048,1.0
81.0,0.55,0.5963464938126105,0.5962427461394708,0.998526812021214,10167.0,10182.0,0.9981905660954048,1.0
81.0,0.6,0.5963464938126105,0.5963013968129057,0.9984285994892949,10166.0,10182.0,0.9981905660954048,1.0
81.0,0.65,0.5963464938126105,0.5964187327823691,0.9982321744254566,10164.0,10182.0,0.9981905660954048,1.0
81.0,0.7,0.5963464938126105,0.596477418085211,0.9981339618935376,10163.0,10182.0,0.9981905660954048,1.0
81.0,0.75,0.5963464938126105,0.5967313183026485,0.9975446867020232,10157.0,10182.0,0.9981905660954048,1.0
81.0,0.8,0.5963464938126105,0.5969076226117787,0.9972500491062659,10154.0,10182.0,0.9981905660954048,1.0
81.0,0.85,0.5963464938126105,0.597004630998128,0.9967589864466706,10149.0,10182.0,0.9981905660954048,1.0
81.0,0.9,0.5963464938126105,0.5972783749137166,0.995973286191318,10141.0,10182.0,0.9981905660954048,1.0
81.0,0.95,0.5963464938126105,0.5976307996051333,0.9948929483402082,10130.0,10182.0,0.9981905660954048,1.0
81.0,1.0,0.5963464938126105,nan,0.0,0.0,10182.0,0.9981905660954048,1.0
82.0,0.0,0.5449813396189354,0.5435081516401493,1.0,10182.0,10182.0,0.9982128663329168,1.0
82.0,0.05,0.5449813396189354,0.5435081516401493,1.0,10182.0,10182.0,0.9982128663329168,1.0
82.0,0.1,0.5449813396189354,0.5435081516401493,1.0,10182.0,10182.0,0.9982128663329168,1.0
82.0,0.15,0.5449813396189354,0.5435081516401493,1.0,10182.0,10182.0,0.9982128663329168,1.0
82.0,0.2,0.5449813396189354,0.5435615361948728,0.9999017874680809,10181.0,10182.0,0.9982128663329168,1.0
82.0,0.25,0.5449813396189354,0.5435615361948728,0.9999017874680809,10181.0,10182.0,0.9982128663329168,1.0
82.0,0.3,0.5449813396189354,0.543668336771785,0.9997053624042428,10179.0,10182.0,0.9982128663329168,1.0
82.0,0.35,0.5449813396189354,0.543668336771785,0.9997053624042428,10179.0,10182.0,0.9982128663329168,1.0
82.0,0.4,0.5449813396189354,0.5437217528001572,0.9996071498723237,10178.0,10182.0,0.9982128663329168,1.0
82.0,0.45,0.5449813396189354,0.5438286163522013,0.9994107248084856,10176.0,10182.0,0.9982128663329168,1.0
82.0,0.5,0.5449813396189354,0.5440959590994002,0.9989196621488902,10171.0,10182.0,0.9982128663329168,1.0
82.0,0.55,0.5449813396189354,0.5443100226222091,0.998526812021214,10167.0,10182.0,0.9982128663329168,1.0
82.0,0.6,0.5449813396189354,0.5443635648239229,0.9984285994892949,10166.0,10182.0,0.9982128663329168,1.0
82.0,0.65,0.5449813396189354,0.5443635648239229,0.9984285994892949,10166.0,10182.0,0.9982128663329168,1.0
82.0,0.7,0.5449813396189354,0.5442826215311947,0.9980357493616185,10162.0,10182.0,0.9982128663329168,1.0
82.0,0.75,0.5449813396189354,0.5443361873831316,0.9979375368296994,10161.0,10182.0,0.9982128663329168,1.0
82.0,0.8,0.5449813396189354,0.5444433507234964,0.9977411117658613,10159.0,10182.0,0.9982128663329168,1.0
82.0,0.85,0.5449813396189354,0.5445944614171676,0.9965625613828325,10147.0,10182.0,0.9982128663329168,1.0
82.0,0.9,0.5449813396189354,0.5446921862667718,0.9954822235317227,10136.0,10182.0,0.9982128663329168,1.0
82.0,0.95,0.5449813396189354,0.5451491800039517,0.9941072480848556,10122.0,10182.0,0.9982128663329168,1.0
82.0,1.0,0.5449813396189354,nan,0.0,0.0,10182.0,0.9982128663329168,1.0
83.0,0.0,0.5515615792575133,0.551266941661756,1.0,10182.0,10182.0,0.9980959814814571,1.0
83.0,0.05,0.5515615792575133,0.551266941661756,1.0,10182.0,10182.0,0.9980959814814571,1.0
83.0,0.1,0.5515615792575133,0.5512770137524557,0.9998035749361619,10180.0,10182.0,0.9980959814814571,1.0
83.0,0.15,0.5515615792575133,0.5513311720208272,0.9997053624042428,10179.0,10182.0,0.9980959814814571,1.0
83.0,0.2,0.5515615792575133,0.5513311720208272,0.9997053624042428,10179.0,10182.0,0.9980959814814571,1.0
83.0,0.25,0.5515615792575133,0.5513853409314207,0.9996071498723237,10178.0,10182.0,0.9980959814814571,1.0
83.0,0.3,0.5515615792575133,0.5513072537841557,0.9992142997446474,10174.0,10182.0,0.9980959814814571,1.0
83.0,0.35,0.5515615792575133,0.5513072537841557,0.9992142997446474,10174.0,10182.0,0.9980959814814571,1.0
83.0,0.4,0.5515615792575133,0.5513614469674629,0.9991160872127284,10173.0,10182.0,0.9980959814814571,1.0
83.0,0.45,0.5515615792575133,0.5514799881994297,0.9987232370850521,10169.0,10182.0,0.9980959814814571,1.0
83.0,0.5,0.5515615792575133,0.5514799881994297,0.9987232370850521,10169.0,10182.0,0.9980959814814571,1.0
83.0,0.55,0.5515615792575133,0.5515342250196695,0.998625024553133,10168.0,10182.0,0.9980959814814571,1.0
83.0,0.6,0.5515615792575133,0.5515986227250369,0.9983303869573757,10165.0,10182.0,0.9980959814814571,1.0
83.0,0.65,0.5515615792575133,0.5515545060999606,0.9982321744254566,10164.0,10182.0,0.9980959814814571,1.0
83.0,0.7,0.5515615792575133,0.5517818468202402,0.9976428992339422,10158.0,10182.0,0.9980959814814571,1.0
83.0,0.75,0.5515615792575133,0.5519653236134371,0.9969554115105087,10151.0,10182.0,0.9980959814814571,1.0
83.0,0.8,0.5515615792575133,0.5519755640949847,0.9967589864466706,10149.0,10182.0,0.9980959814814571,1.0
83.0,0.85,0.5515615792575133,0.5519416518825153,0.9964643488509134,10146.0,10182.0,0.9980959814814571,1.0
83.0,0.9,0.5515615792575133,0.5519486926492353,0.9953840109998036,10135.0,10182.0,0.9980959814814571,1.0
83.0,0.95,0.5515615792575133,0.5521224086870681,0.9948929483402082,10130.0,10182.0,0.9980959814814571,1.0
83.0,1.0,0.5515615792575133,nan,0.0,0.0,10182.0,0.9980959814814571,1.0
84.0,0.0,0.5384993125122766,0.5370261245334905,1.0,10182.0,10182.0,0.9983823566595643,1.0
84.0,0.05,0.5384993125122766,0.5370261245334905,1.0,10182.0,10182.0,0.9983823566595643,1.0
84.0,0.1,0.5384993125122766,0.5370261245334905,1.0,10182.0,10182.0,0.9983823566595643,1.0
84.0,0.15,0.5384993125122766,0.53707887240939,0.9999017874680809,10181.0,10182.0,0.9983823566595643,1.0
84.0,0.2,0.5384993125122766,0.53707887240939,0.9999017874680809,10181.0,10182.0,0.9983823566595643,1.0
84.0,0.25,0.5384993125122766,0.53707887240939,0.9999017874680809,10181.0,10182.0,0.9983823566595643,1.0
84.0,0.3,0.5384993125122766,0.5370861577758129,0.9997053624042428,10179.0,10182.0,0.9983823566595643,1.0
84.0,0.35,0.5384993125122766,0.5371389270976616,0.9996071498723237,10178.0,10182.0,0.9983823566595643,1.0
84.0,0.4,0.5384993125122766,0.5371462264150944,0.9994107248084856,10176.0,10182.0,0.9983823566595643,1.0
84.0,0.45,0.5384993125122766,0.5371462264150944,0.9994107248084856,10176.0,10182.0,0.9983823566595643,1.0
84.0,0.5,0.5384993125122766,0.5371535286023197,0.9992142997446474,10174.0,10182.0,0.9983823566595643,1.0
84.0,0.55,0.5384993125122766,0.537062524577271,0.9990178746808093,10172.0,10182.0,0.9983823566595643,1.0
84.0,0.6,0.5384993125122766,0.5371153278930292,0.9989196621488902,10171.0,10182.0,0.9983823566595643,1.0
84.0,0.65,0.5384993125122766,0.5371827660830218,0.9984285994892949,10166.0,10182.0,0.9983823566595643,1.0
84.0,0.7,0.5384993125122766,0.537242940076749,0.9981339618935376,10163.0,10182.0,0.9983823566595643,1.0
84.0,0.75,0.5384993125122766,0.5373031496062992,0.9978393242977804,10160.0,10182.0,0.9983823566595643,1.0
84.0,0.8,0.5384993125122766,0.5373560389802146,0.9977411117658613,10159.0,10182.0,0.9983823566595643,1.0
84.0,0.85,0.5384993125122766,0.5374236753988576,0.9972500491062659,10154.0,10182.0,0.9983823566595643,1.0
84.0,0.9,0.5384993125122766,0.5376047313947757,0.9963661363189943,10145.0,10182.0,0.9983823566595643,1.0
84.0,0.95,0.5384993125122766,0.5381046396841066,0.9948929483402082,10130.0,10182.0,0.9983823566595643,1.0
84.0,1.0,0.5384993125122766,nan,0.0,0.0,10182.0,0.9983823566595643,1.0
85.0,0.0,0.5219996071498724,0.521606757022196,1.0,10182.0,10182.0,0.9982875943772218,1.0
85.0,0.05,0.5219996071498724,0.521606757022196,1.0,10182.0,10182.0,0.9982875943772218,1.0
85.0,0.1,0.5219996071498724,0.521606757022196,1.0,10182.0,10182.0,0.9982875943772218,1.0
85.0,0.15,0.5219996071498724,0.5215597681956586,0.9999017874680809,10181.0,10182.0,0.9982875943772218,1.0
85.0,0.2,0.5219996071498724,0.5215597681956586,0.9999017874680809,10181.0,10182.0,0.9982875943772218,1.0
85.0,0.25,0.5219996071498724,0.5216110019646365,0.9998035749361619,10180.0,10182.0,0.9982875943772218,1.0
85.0,0.3,0.5219996071498724,0.5216110019646365,0.9998035749361619,10180.0,10182.0,0.9982875943772218,1.0
85.0,0.35,0.5219996071498724,0.5216110019646365,0.9998035749361619,10180.0,10182.0,0.9982875943772218,1.0
85.0,0.4,0.5219996071498724,0.5215640043226251,0.9997053624042428,10179.0,10182.0,0.9982875943772218,1.0
85.0,0.45,0.5219996071498724,0.5216152485753586,0.9996071498723237,10178.0,10182.0,0.9982875943772218,1.0
85.0,0.5,0.5219996071498724,0.5216665028986931,0.9995089373404047,10177.0,10182.0,0.9982875943772218,1.0
85.0,0.55,0.5219996071498724,0.52172203656379,0.9992142997446474,10174.0,10182.0,0.9982875943772218,1.0
85.0,0.6,0.5219996071498724,0.521773321537403,0.9991160872127284,10173.0,10182.0,0.9982875943772218,1.0
85.0,0.65,0.5219996071498724,0.5218246165945734,0.9990178746808093,10172.0,10182.0,0.9982875943772218,1.0
85.0,0.7,0.5219996071498724,0.5217947456459707,0.9981339618935376,10163.0,10182.0,0.9982875943772218,1.0
85.0,0.75,0.5219996071498724,0.5217048922138006,0.9977411117658613,10159.0,10182.0,0.9982875943772218,1.0
85.0,0.8,0.5219996071498724,0.5215678550324995,0.9972500491062659,10154.0,10182.0,0.9982875943772218,1.0
85.0,0.85,0.5219996071498724,0.5214820654316121,0.9966607739147515,10148.0,10182.0,0.9982875943772218,1.0
85.0,0.9,0.5219996071498724,0.5215334581649749,0.9965625613828325,10147.0,10182.0,0.9982875943772218,1.0
85.0,0.95,0.5219996071498724,0.5215032550798974,0.9956786485955608,10138.0,10182.0,0.9982875943772218,1.0
85.0,1.0,0.5219996071498724,nan,0.0,0.0,10182.0,0.9982875943772218,1.0
86.0,0.0,0.5329994107248085,0.5329011981928894,1.0,10182.0,10182.0,0.997412817788672,1.0
86.0,0.05,0.5329994107248085,0.5329011981928894,1.0,10182.0,10182.0,0.997412817788672,1.0
86.0,0.1,0.5329994107248085,0.5329011981928894,1.0,10182.0,10182.0,0.997412817788672,1.0
86.0,0.15,0.5329994107248085,0.5329011981928894,1.0,10182.0,10182.0,0.997412817788672,1.0
86.0,0.2,0.5329994107248085,0.5329011981928894,1.0,10182.0,10182.0,0.997412817788672,1.0
86.0,0.25,0.5329994107248085,0.5329011981928894,1.0,10182.0,10182.0,0.997412817788672,1.0
86.0,0.3,0.5329994107248085,0.5329011981928894,1.0,10182.0,10182.0,0.997412817788672,1.0
86.0,0.35,0.5329994107248085,0.5329535409095374,0.9999017874680809,10181.0,10182.0,0.997412817788672,1.0
86.0,0.4,0.5329994107248085,0.5329535409095374,0.9999017874680809,10181.0,10182.0,0.997412817788672,1.0
86.0,0.45,0.5329994107248085,0.5330123796423659,0.9996071498723237,10178.0,10182.0,0.997412817788672,1.0
86.0,0.5,0.5329994107248085,0.5330188679245284,0.9994107248084856,10176.0,10182.0,0.997412817788672,1.0
86.0,0.55,0.5329994107248085,0.5330777548412464,0.9991160872127284,10173.0,10182.0,0.997412817788672,1.0
86.0,0.6,0.5329994107248085,0.533031852143138,0.9990178746808093,10172.0,10182.0,0.997412817788672,1.0
86.0,0.65,0.5329994107248085,0.5335236782514522,0.9975446867020232,10157.0,10182.0,0.997412817788672,1.0
86.0,0.7,0.5329994107248085,0.5344385237813302,0.9952857984678845,10134.0,10182.0,0.997412817788672,1.0
86.0,0.75,0.5329994107248085,0.5345048869582387,0.9947947358082891,10129.0,10182.0,0.997412817788672,1.0
86.0,0.8,0.5329994107248085,0.5345781466113416,0.9941072480848556,10122.0,10182.0,0.997412817788672,1.0
86.0,0.85,0.5329994107248085,0.5345849802371542,0.9939108230210175,10120.0,10182.0,0.997412817788672,1.0
86.0,0.9,0.5329994107248085,0.5346123417721519,0.9931251227656649,10112.0,10182.0,0.997412817788672,1.0
86.0,0.95,0.5329994107248085,0.535010399128454,0.9916519347868789,10097.0,10182.0,0.997412817788672,1.0
86.0,1.0,0.5329994107248085,nan,0.0,0.0,10182.0,0.997412817788672,1.0
87.0,0.0,0.6079355725790611,0.6072480848556275,1.0,10182.0,10182.0,0.9984455412490455,1.0
87.0,0.05,0.6079355725790611,0.6072480848556275,1.0,10182.0,10182.0,0.9984455412490455,1.0
87.0,0.1,0.6079355725790611,0.6072480848556275,1.0,10182.0,10182.0,0.9984455412490455,1.0
87.0,0.15,0.6079355725790611,0.6072480848556275,1.0,10182.0,10182.0,0.9984455412490455,1.0
87.0,0.2,0.6079355725790611,0.6072480848556275,1.0,10182.0,10182.0,0.9984455412490455,1.0
87.0,0.25,0.6079355725790611,0.6072480848556275,1.0,10182.0,10182.0,0.9984455412490455,1.0
87.0,0.3,0.6079355725790611,0.6072480848556275,1.0,10182.0,10182.0,0.9984455412490455,1.0
87.0,0.35,0.6079355725790611,0.6072480848556275,1.0,10182.0,10182.0,0.9984455412490455,1.0
87.0,0.4,0.6079355725790611,0.6072691552062869,0.9998035749361619,10180.0,10182.0,0.9984455412490455,1.0
87.0,0.45,0.6079355725790611,0.6072305727478141,0.9997053624042428,10179.0,10182.0,0.9984455412490455,1.0
87.0,0.5,0.6079355725790611,0.6072727272727273,0.9993125122765665,10175.0,10182.0,0.9984455412490455,1.0
87.0,0.55,0.6079355725790611,0.6071569012976799,0.9990178746808093,10172.0,10182.0,0.9984455412490455,1.0
87.0,0.6,0.6079355725790611,0.6072201455833169,0.9984285994892949,10166.0,10182.0,0.9984455412490455,1.0
87.0,0.65,0.6079355725790611,0.60724124360488,0.9982321744254566,10164.0,10182.0,0.9984455412490455,1.0
87.0,0.7,0.6079355725790611,0.6072236984548764,0.9979375368296994,10161.0,10182.0,0.9984455412490455,1.0
87.0,0.75,0.6079355725790611,0.6073855243722305,0.997348261638185,10155.0,10182.0,0.9984455412490455,1.0
87.0,0.8,0.6079355725790611,0.6074665090622537,0.9970536240424278,10152.0,10182.0,0.9984455412490455,1.0
87.0,0.85,0.6079355725790611,0.607487684729064,0.9968571989785897,10150.0,10182.0,0.9984455412490455,1.0
87.0,0.9,0.6079355725790611,0.6075300611078257,0.9964643488509134,10146.0,10182.0,0.9984455412490455,1.0
87.0,0.95,0.6079355725790611,0.6079921065614208,0.9953840109998036,10135.0,10182.0,0.9984455412490455,1.0
87.0,1.0,0.6079355725790611,nan,0.0,0.0,10182.0,0.9984455412490455,1.0
88.0,0.0,0.5875073659398939,0.5865252406207032,1.0,10182.0,10182.0,0.9977060670548609,1.0
88.0,0.05,0.5875073659398939,0.5865252406207032,1.0,10182.0,10182.0,0.9977060670548609,1.0
88.0,0.1,0.5875073659398939,0.5865252406207032,1.0,10182.0,10182.0,0.9977060670548609,1.0
88.0,0.15,0.5875073659398939,0.5865252406207032,1.0,10182.0,10182.0,0.9977060670548609,1.0
88.0,0.2,0.5875073659398939,0.5865252406207032,1.0,10182.0,10182.0,0.9977060670548609,1.0
88.0,0.25,0.5875073659398939,0.5864846282290541,0.9999017874680809,10181.0,10182.0,0.9977060670548609,1.0
88.0,0.3,0.5875073659398939,0.5865422396856581,0.9998035749361619,10180.0,10182.0,0.9977060670548609,1.0
88.0,0.35,0.5875073659398939,0.5865592454313224,0.9996071498723237,10178.0,10182.0,0.9977060670548609,1.0
88.0,0.4,0.5875073659398939,0.5865356265356265,0.9993125122765665,10175.0,10182.0,0.9977060670548609,1.0
88.0,0.45,0.5875073659398939,0.5865932769805386,0.9992142997446474,10174.0,10182.0,0.9977060670548609,1.0
88.0,0.5,0.5875073659398939,0.5866509387594613,0.9991160872127284,10173.0,10182.0,0.9977060670548609,1.0
88.0,0.55,0.5875073659398939,0.5868410700236034,0.998625024553133,10168.0,10182.0,0.9977060670548609,1.0
88.0,0.6,0.5875073659398939,0.5868410700236034,0.998625024553133,10168.0,10182.0,0.9977060670548609,1.0
88.0,0.65,0.5875073659398939,0.5867768595041323,0.9982321744254566,10164.0,10182.0,0.9977060670548609,1.0
88.0,0.7,0.5875073659398939,0.5868110236220473,0.9978393242977804,10160.0,10182.0,0.9977060670548609,1.0
88.0,0.75,0.5875073659398939,0.5868110236220473,0.9978393242977804,10160.0,10182.0,0.9977060670548609,1.0
88.0,0.8,0.5875073659398939,0.5869030034465781,0.997348261638185,10155.0,10182.0,0.9977060670548609,1.0
88.0,0.85,0.5875073659398939,0.5871858058156727,0.9963661363189943,10145.0,10182.0,0.9977060670548609,1.0
88.0,0.9,0.5875073659398939,0.5875851179315109,0.9951875859359655,10133.0,10182.0,0.9977060670548609,1.0
88.0,0.95,0.5875073659398939,0.5875209793661763,0.9947947358082891,10129.0,10182.0,0.9977060670548609,1.0
88.0,1.0,0.5875073659398939,nan,0.0,0.0,10182.0,0.9977060670548609,1.0
89.0,0.0,0.5697308976625417,0.5695344725987036,1.0,10182.0,10182.0,0.9988007076162179,1.0
89.0,0.05,0.5697308976625417,0.5695344725987036,1.0,10182.0,10182.0,0.9988007076162179,1.0
89.0,0.1,0.5697308976625417,0.5695344725987036,1.0,10182.0,10182.0,0.9988007076162179,1.0
89.0,0.15,0.5697308976625417,0.5695344725987036,1.0,10182.0,10182.0,0.9988007076162179,1.0
89.0,0.2,0.5697308976625417,0.5695344725987036,1.0,10182.0,10182.0,0.9988007076162179,1.0
89.0,0.25,0.5697308976625417,0.5695344725987036,1.0,10182.0,10182.0,0.9988007076162179,1.0
89.0,0.3,0.5697308976625417,0.5695481335952849,0.9998035749361619,10180.0,10182.0,0.9988007076162179,1.0
89.0,0.35,0.5697308976625417,0.5695058453679144,0.9997053624042428,10179.0,10182.0,0.9988007076162179,1.0
89.0,0.4,0.5697308976625417,0.5695058453679144,0.9997053624042428,10179.0,10182.0,0.9988007076162179,1.0
89.0,0.45,0.5697308976625417,0.5695617999606996,0.9996071498723237,10178.0,10182.0,0.9988007076162179,1.0
89.0,0.5,0.5697308976625417,0.5696314496314496,0.9993125122765665,10175.0,10182.0,0.9988007076162179,1.0
89.0,0.55,0.5697308976625417,0.5696874385689011,0.9992142997446474,10174.0,10182.0,0.9988007076162179,1.0
89.0,0.6,0.5697308976625417,0.5696874385689011,0.9992142997446474,10174.0,10182.0,0.9988007076162179,1.0
89.0,0.65,0.5697308976625417,0.569799449469131,0.9990178746808093,10172.0,10182.0,0.9988007076162179,1.0
89.0,0.7,0.5697308976625417,0.5698269079464988,0.998625024553133,10168.0,10182.0,0.9988007076162179,1.0
89.0,0.75,0.5697308976625417,0.5697845972263205,0.998526812021214,10167.0,10182.0,0.9988007076162179,1.0
89.0,0.8,0.5697308976625417,0.5698967043777668,0.9983303869573757,10165.0,10182.0,0.9988007076162179,1.0
89.0,0.85,0.5697308976625417,0.5700787401574803,0.9978393242977804,10160.0,10182.0,0.9988007076162179,1.0
89.0,0.9,0.5697308976625417,0.5702048050413548,0.9974464741701041,10156.0,10182.0,0.9988007076162179,1.0
89.0,0.95,0.5697308976625417,0.5703448275862069,0.9968571989785897,10150.0,10182.0,0.9988007076162179,1.0
89.0,1.0,0.5697308976625417,nan,0.0,0.0,10182.0,0.9988007076162179,1.0
90.0,0.0,0.5505794539383225,0.5504812414064034,1.0,10182.0,10182.0,0.9986534779106581,1.0
90.0,0.05,0.5505794539383225,0.5504812414064034,1.0,10182.0,10182.0,0.9986534779106581,1.0
90.0,0.1,0.5505794539383225,0.5504812414064034,1.0,10182.0,10182.0,0.9986534779106581,1.0
90.0,0.15,0.5505794539383225,0.5504812414064034,1.0,10182.0,10182.0,0.9986534779106581,1.0
90.0,0.2,0.5505794539383225,0.5504812414064034,1.0,10182.0,10182.0,0.9986534779106581,1.0
90.0,0.25,0.5505794539383225,0.5505353108731952,0.9999017874680809,10181.0,10182.0,0.9986534779106581,1.0
90.0,0.3,0.5505794539383225,0.5506434816779644,0.9997053624042428,10179.0,10182.0,0.9986534779106581,1.0
90.0,0.35,0.5505794539383225,0.5505993318923168,0.9996071498723237,10178.0,10182.0,0.9986534779106581,1.0
90.0,0.4,0.5505794539383225,0.5507075471698113,0.9994107248084856,10176.0,10182.0,0.9986534779106581,1.0
90.0,0.45,0.5505794539383225,0.5506192254767053,0.9992142997446474,10174.0,10182.0,0.9986534779106581,1.0
90.0,0.5,0.5505794539383225,0.5506733510272289,0.9991160872127284,10173.0,10182.0,0.9986534779106581,1.0
90.0,0.55,0.5505794539383225,0.5507274872198191,0.9990178746808093,10172.0,10182.0,0.9986534779106581,1.0
90.0,0.6,0.5505794539383225,0.5506391347099312,0.9988214496169712,10170.0,10182.0,0.9986534779106581,1.0
90.0,0.65,0.5505794539383225,0.5505949454223621,0.9987232370850521,10169.0,10182.0,0.9986534779106581,1.0
90.0,0.7,0.5505794539383225,0.5506590596104662,0.9984285994892949,10166.0,10182.0,0.9986534779106581,1.0
90.0,0.75,0.5505794539383225,0.5505706414797323,0.9982321744254566,10164.0,10182.0,0.9986534779106581,1.0
90.0,0.8,0.5505794539383225,0.5505805943711868,0.9980357493616185,10162.0,10182.0,0.9986534779106581,1.0
90.0,0.85,0.5505794539383225,0.550644748498868,0.9977411117658613,10159.0,10182.0,0.9986534779106581,1.0
90.0,0.9,0.5505794539383225,0.5509158952137089,0.9972500491062659,10154.0,10182.0,0.9986534779106581,1.0
90.0,0.95,0.5505794539383225,0.5510747387103135,0.9960714987232371,10142.0,10182.0,0.9986534779106581,1.0
90.0,1.0,0.5505794539383225,nan,0.0,0.0,10182.0,0.9986534779106581,1.0
91.0,0.0,0.5329994107248085,0.5325083480652131,1.0,10182.0,10182.0,0.9981337612810572,1.0
91.0,0.05,0.5329994107248085,0.5325083480652131,1.0,10182.0,10182.0,0.9981337612810572,1.0
91.0,0.1,0.5329994107248085,0.5325083480652131,1.0,10182.0,10182.0,0.9981337612810572,1.0
91.0,0.15,0.5329994107248085,0.5325083480652131,1.0,10182.0,10182.0,0.9981337612810572,1.0
91.0,0.2,0.5329994107248085,0.5325083480652131,1.0,10182.0,10182.0,0.9981337612810572,1.0
91.0,0.25,0.5329994107248085,0.5326129666011787,0.9998035749361619,10180.0,10182.0,0.9981337612810572,1.0
91.0,0.3,0.5329994107248085,0.5326129666011787,0.9998035749361619,10180.0,10182.0,0.9981337612810572,1.0
91.0,0.35,0.5329994107248085,0.5326129666011787,0.9998035749361619,10180.0,10182.0,0.9981337612810572,1.0
91.0,0.4,0.5329994107248085,0.5327176262527019,0.9996071498723237,10178.0,10182.0,0.9981337612810572,1.0
91.0,0.45,0.5329994107248085,0.5327699715043726,0.9995089373404047,10177.0,10182.0,0.9981337612810572,1.0
91.0,0.5,0.5329994107248085,0.5327764127764127,0.9993125122765665,10175.0,10182.0,0.9981337612810572,1.0
91.0,0.55,0.5329994107248085,0.5326845571611127,0.9991160872127284,10173.0,10182.0,0.9981337612810572,1.0
91.0,0.6,0.5329994107248085,0.5326845571611127,0.9991160872127284,10173.0,10182.0,0.9981337612810572,1.0
91.0,0.65,0.5329994107248085,0.5327893029200669,0.9989196621488902,10171.0,10182.0,0.9981337612810572,1.0
91.0,0.7,0.5329994107248085,0.5330054107230694,0.9983303869573757,10165.0,10182.0,0.9981337612810572,1.0
91.0,0.75,0.5329994107248085,0.5332152347209921,0.9979375368296994,10161.0,10182.0,0.9981337612810572,1.0
91.0,0.8,0.5329994107248085,0.5332414064808431,0.9971518365743469,10153.0,10182.0,0.9981337612810572,1.0
91.0,0.85,0.5329994107248085,0.5335107431500099,0.9964643488509134,10146.0,10182.0,0.9981337612810572,1.0
91.0,0.9,0.5329994107248085,0.5340112548129134,0.9947947358082891,10129.0,10182.0,0.9981337612810572,1.0
91.0,0.95,0.5329994107248085,0.5348975348975349,0.9920447849145551,10101.0,10182.0,0.9981337612810572,1.0
91.0,1.0,0.5329994107248085,nan,0.0,0.0,10182.0,0.9981337612810572,1.0
92.0,0.0,0.5294637595757219,0.5289726969161265,1.0,10182.0,10182.0,0.9961075880360777,1.0
92.0,0.05,0.5294637595757219,0.5289726969161265,1.0,10182.0,10182.0,0.9961075880360777,1.0
92.0,0.1,0.5294637595757219,0.5289726969161265,1.0,10182.0,10182.0,0.9961075880360777,1.0
92.0,0.15,0.5294637595757219,0.5289726969161265,1.0,10182.0,10182.0,0.9961075880360777,1.0
92.0,0.2,0.5294637595757219,0.5289726969161265,1.0,10182.0,10182.0,0.9961075880360777,1.0
92.0,0.25,0.5294637595757219,0.5289726969161265,1.0,10182.0,10182.0,0.9961075880360777,1.0
92.0,0.3,0.5294637595757219,0.5290303566165635,0.9997053624042428,10179.0,10182.0,0.9961075880360777,1.0
92.0,0.35,0.5294637595757219,0.5290360617077724,0.9995089373404047,10177.0,10182.0,0.9961075880360777,1.0
92.0,0.4,0.5294637595757219,0.529041769041769,0.9993125122765665,10175.0,10182.0,0.9961075880360777,1.0
92.0,0.45,0.5294637595757219,0.5291166633877631,0.9984285994892949,10166.0,10182.0,0.9961075880360777,1.0
92.0,0.5,0.5294637595757219,0.5293249360362133,0.9980357493616185,10162.0,10182.0,0.9961075880360777,1.0
92.0,0.55,0.5294637595757219,0.5294349281354598,0.9976428992339422,10158.0,10182.0,0.9961075880360777,1.0
92.0,0.6,0.5294637595757219,0.5294117647058824,0.9967589864466706,10149.0,10182.0,0.9961075880360777,1.0
92.0,0.65,0.5294637595757219,0.5295683027794205,0.9964643488509134,10146.0,10182.0,0.9961075880360777,1.0
92.0,0.7,0.5294637595757219,0.5296321861749335,0.995973286191318,10141.0,10182.0,0.9961075880360777,1.0
92.0,0.75,0.5294637595757219,0.5295627282597967,0.9949911608721272,10131.0,10182.0,0.9961075880360777,1.0
92.0,0.8,0.5294637595757219,0.5296966103369898,0.9938126104890984,10119.0,10182.0,0.9961075880360777,1.0
92.0,0.85,0.5294637595757219,0.5298249084973786,0.9928304851699077,10109.0,10182.0,0.9961075880360777,1.0
92.0,0.9,0.5294637595757219,0.5302745020315133,0.9910626595953643,10091.0,10182.0,0.9961075880360777,1.0
92.0,0.95,0.5294637595757219,0.5309083681176704,0.9882144961697112,10062.0,10182.0,0.9961075880360777,1.0
92.0,1.0,0.5294637595757219,nan,0.0,0.0,10182.0,0.9961075880360777,1.0
93.0,0.0,0.5111962286387743,0.5111962286387743,1.0,10182.0,10182.0,0.994197624676812,1.0
93.0,0.05,0.5111962286387743,0.5111962286387743,1.0,10182.0,10182.0,0.994197624676812,1.0
93.0,0.1,0.5111962286387743,0.5111962286387743,1.0,10182.0,10182.0,0.994197624676812,1.0
93.0,0.15,0.5111962286387743,0.5111962286387743,1.0,10182.0,10182.0,0.994197624676812,1.0
93.0,0.2,0.5111962286387743,0.5112464394460269,0.9999017874680809,10181.0,10182.0,0.994197624676812,1.0
93.0,0.25,0.5111962286387743,0.511250859781861,0.9995089373404047,10177.0,10182.0,0.994197624676812,1.0
93.0,0.3,0.5111962286387743,0.5113535830138602,0.9991160872127284,10173.0,10182.0,0.994197624676812,1.0
93.0,0.35,0.5111962286387743,0.511504424778761,0.9988214496169712,10170.0,10182.0,0.994197624676812,1.0
93.0,0.4,0.5111962286387743,0.5115569981312088,0.998526812021214,10167.0,10182.0,0.994197624676812,1.0
93.0,0.45,0.5111962286387743,0.5115638224584195,0.9979375368296994,10161.0,10182.0,0.994197624676812,1.0
93.0,0.5,0.5111962286387743,0.5114721811915313,0.997348261638185,10155.0,10182.0,0.994197624676812,1.0
93.0,0.55,0.5111962286387743,0.5114263199369582,0.9970536240424278,10152.0,10182.0,0.994197624676812,1.0
93.0,0.6,0.5111962286387743,0.511577495319736,0.9967589864466706,10149.0,10182.0,0.994197624676812,1.0
93.0,0.65,0.5111962286387743,0.5116829340431824,0.9961697112551562,10143.0,10182.0,0.994197624676812,1.0
93.0,0.7,0.5111962286387743,0.5118389897395422,0.9954822235317227,10136.0,10182.0,0.994197624676812,1.0
93.0,0.75,0.5111962286387743,0.5118436636399526,0.9950893734040464,10132.0,10182.0,0.994197624676812,1.0
93.0,0.8,0.5111962286387743,0.5115566969577242,0.9943036731486937,10124.0,10182.0,0.994197624676812,1.0
93.0,0.85,0.5111962286387743,0.51146331738437,0.985268120212139,10032.0,10182.0,0.994197624676812,1.0
93.0,0.9,0.5111962286387743,0.5118881118881119,0.9831074445099195,10010.0,10182.0,0.994197624676812,1.0
93.0,0.95,0.5111962286387743,0.5119703495943103,0.9804557061481045,9983.0,10182.0,0.994197624676812,1.0
93.0,1.0,0.5111962286387743,nan,0.0,0.0,10182.0,0.994197624676812,1.0
94.0,0.0,0.5381064623846002,0.5370261245334905,1.0,10182.0,10182.0,0.9837202590651865,1.0
94.0,0.05,0.5381064623846002,0.5370261245334905,1.0,10182.0,10182.0,0.9837202590651865,1.0
94.0,0.1,0.5381064623846002,0.5370261245334905,1.0,10182.0,10182.0,0.9837202590651865,1.0
94.0,0.15,0.5381064623846002,0.5370261245334905,1.0,10182.0,10182.0,0.9837202590651865,1.0
94.0,0.2,0.5381064623846002,0.5369806502308221,0.9999017874680809,10181.0,10182.0,0.9837202590651865,1.0
94.0,0.25,0.5381064623846002,0.5370406759677736,0.9996071498723237,10178.0,10182.0,0.9837202590651865,1.0
94.0,0.3,0.5381064623846002,0.5370934460056991,0.9995089373404047,10177.0,10182.0,0.9837202590651865,1.0
94.0,0.35,0.5381064623846002,0.5371462264150944,0.9994107248084856,10176.0,10182.0,0.9837202590651865,1.0
94.0,0.4,0.5381064623846002,0.5373046299026836,0.9991160872127284,10173.0,10182.0,0.9837202590651865,1.0
94.0,0.45,0.5381064623846002,0.5372664700098329,0.9988214496169712,10170.0,10182.0,0.9837202590651865,1.0
94.0,0.5,0.5381064623846002,0.5373942137374532,0.9980357493616185,10162.0,10182.0,0.9837202590651865,1.0
94.0,0.55,0.5381064623846002,0.5375603032391454,0.9975446867020232,10157.0,10182.0,0.9837202590651865,1.0
94.0,0.6,0.5381064623846002,0.5362161092420344,0.9925358475741505,10106.0,10182.0,0.9837202590651865,1.0
94.0,0.65,0.5381064623846002,0.5350406988286679,0.9893930465527401,10074.0,10182.0,0.9837202590651865,1.0
94.0,0.7,0.5381064623846002,0.5262837426425817,0.9677862895305441,9854.0,10182.0,0.9837202590651865,1.0
94.0,0.75,0.5381064623846002,0.5243503171679967,0.9599292869770183,9774.0,10182.0,0.9837202590651865,1.0
94.0,0.8,0.5381064623846002,0.524380249948781,0.9587507365939893,9762.0,10182.0,0.9837202590651865,1.0
94.0,0.85,0.5381064623846002,0.5224759739588716,0.9504026713808682,9677.0,10182.0,0.9837202590651865,1.0
94.0,0.9,0.5381064623846002,0.522360248447205,0.948733058338244,9660.0,10182.0,0.9837202590651865,1.0
94.0,0.95,0.5381064623846002,0.5224917081260365,0.9475545079552151,9648.0,10182.0,0.9837202590651865,1.0
94.0,1.0,0.5381064623846002,nan,0.0,0.0,10182.0,0.9837202590651865,1.0
95.0,0.0,0.57945393832253,0.5791593007267727,1.0,10182.0,10182.0,0.9924861426406492,1.0
95.0,0.05,0.57945393832253,0.5791593007267727,1.0,10182.0,10182.0,0.9924861426406492,1.0
95.0,0.1,0.57945393832253,0.5791593007267727,1.0,10182.0,10182.0,0.9924861426406492,1.0
95.0,0.15,0.57945393832253,0.5791593007267727,1.0,10182.0,10182.0,0.9924861426406492,1.0
95.0,0.2,0.57945393832253,0.579216187015028,0.9999017874680809,10181.0,10182.0,0.9924861426406492,1.0
95.0,0.25,0.57945393832253,0.5792730844793713,0.9998035749361619,10180.0,10182.0,0.9924861426406492,1.0
95.0,0.3,0.57945393832253,0.579386912949499,0.9996071498723237,10178.0,10182.0,0.9924861426406492,1.0
95.0,0.35,0.57945393832253,0.5793198348732063,0.9992142997446474,10174.0,10182.0,0.9924861426406492,1.0
95.0,0.4,0.57945393832253,0.5792527040314651,0.9988214496169712,10170.0,10182.0,0.9924861426406492,1.0
95.0,0.45,0.57945393832253,0.5792269105930953,0.998526812021214,10167.0,10182.0,0.9924861426406492,1.0
95.0,0.5,0.57945393832253,0.5794548853684935,0.9981339618935376,10163.0,10182.0,0.9924861426406492,1.0
95.0,0.55,0.57945393832253,0.5795846047839355,0.9977411117658613,10159.0,10182.0,0.9924861426406492,1.0
95.0,0.6,0.57945393832253,0.5796002756719504,0.9975446867020232,10157.0,10182.0,0.9924861426406492,1.0
95.0,0.65,0.57945393832253,0.5797144263909404,0.997348261638185,10155.0,10182.0,0.9924861426406492,1.0
95.0,0.7,0.57945393832253,0.5799329785137,0.9964643488509134,10146.0,10182.0,0.9924861426406492,1.0
95.0,0.75,0.57945393832253,0.5801617038059554,0.9960714987232371,10142.0,10182.0,0.9924861426406492,1.0
95.0,0.8,0.57945393832253,0.5814183835182251,0.9915537222549597,10096.0,10182.0,0.9924861426406492,1.0
95.0,0.85,0.57945393832253,0.5825252525252526,0.9723040659988215,9900.0,10182.0,0.9924861426406492,1.0
95.0,0.9,0.57945393832253,0.5849324804548686,0.9672952268709487,9849.0,10182.0,0.9924861426406492,1.0
95.0,0.95,0.57945393832253,0.5853162497457799,0.9658220388921627,9834.0,10182.0,0.9924861426406492,1.0
95.0,1.0,0.57945393832253,nan,0.0,0.0,10182.0,0.9924861426406492,1.0
96.0,0.0,0.5329011981928894,0.5325083480652131,1.0,10182.0,10182.0,0.9959051947513139,1.0
96.0,0.05,0.5329011981928894,0.5325083480652131,1.0,10182.0,10182.0,0.9959051947513139,1.0
96.0,0.1,0.5329011981928894,0.5325083480652131,1.0,10182.0,10182.0,0.9959051947513139,1.0
96.0,0.15,0.5329011981928894,0.5325083480652131,1.0,10182.0,10182.0,0.9959051947513139,1.0
96.0,0.2,0.5329011981928894,0.5324624300166978,0.9999017874680809,10181.0,10182.0,0.9959051947513139,1.0
96.0,0.25,0.5329011981928894,0.5324624300166978,0.9999017874680809,10181.0,10182.0,0.9959051947513139,1.0
96.0,0.3,0.5329011981928894,0.532521123992926,0.9996071498723237,10178.0,10182.0,0.9959051947513139,1.0
96.0,0.35,0.5329011981928894,0.5324292452830188,0.9994107248084856,10176.0,10182.0,0.9959051947513139,1.0
96.0,0.4,0.5329011981928894,0.5325403067243414,0.9990178746808093,10172.0,10182.0,0.9959051947513139,1.0
96.0,0.45,0.5329011981928894,0.5325926654212958,0.9989196621488902,10171.0,10182.0,0.9959051947513139,1.0
96.0,0.5,0.5329011981928894,0.5326974137083292,0.9987232370850521,10169.0,10182.0,0.9959051947513139,1.0
96.0,0.55,0.5329011981928894,0.5327562463112335,0.9984285994892949,10166.0,10182.0,0.9959051947513139,1.0
96.0,0.6,0.5329011981928894,0.5328675457587089,0.9980357493616185,10162.0,10182.0,0.9959051947513139,1.0
96.0,0.65,0.5329011981928894,0.5329264691406634,0.9977411117658613,10159.0,10182.0,0.9959051947513139,1.0
96.0,0.7,0.5329011981928894,0.5328539060191114,0.9969554115105087,10151.0,10182.0,0.9959051947513139,1.0
96.0,0.75,0.5329011981928894,0.5331230283911672,0.9962679237870752,10144.0,10182.0,0.9959051947513139,1.0
96.0,0.8,0.5329011981928894,0.5330900483282375,0.9957768611274799,10139.0,10182.0,0.9959051947513139,1.0
96.0,0.85,0.5329011981928894,0.5331161780673181,0.9949911608721272,10131.0,10182.0,0.9959051947513139,1.0
96.0,0.9,0.5329011981928894,0.533056626148829,0.9938126104890984,10119.0,10182.0,0.9959051947513139,1.0
96.0,0.95,0.5329011981928894,0.5322759874734821,0.9722058534669024,9899.0,10182.0,0.9959051947513139,1.0
96.0,1.0,0.5329011981928894,nan,0.0,0.0,10182.0,0.9959051947513139,1.0
97.0,0.0,0.5679630720879985,0.5684541347475938,1.0,10182.0,10182.0,0.9913451076951518,1.0
97.0,0.05,0.5679630720879985,0.5684117473725567,0.9999017874680809,10181.0,10182.0,0.9913451076951518,1.0
97.0,0.1,0.5679630720879985,0.5684117473725567,0.9999017874680809,10181.0,10182.0,0.9913451076951518,1.0
97.0,0.15,0.5679630720879985,0.5684117473725567,0.9999017874680809,10181.0,10182.0,0.9913451076951518,1.0
97.0,0.2,0.5679630720879985,0.5684675834970531,0.9998035749361619,10180.0,10182.0,0.9913451076951518,1.0
97.0,0.25,0.5679630720879985,0.5684944968553459,0.9994107248084856,10176.0,10182.0,0.9913451076951518,1.0
97.0,0.3,0.5679630720879985,0.5684096717122076,0.9992142997446474,10174.0,10182.0,0.9913451076951518,1.0
97.0,0.35,0.5679630720879985,0.568492477136395,0.9987232370850521,10169.0,10182.0,0.9913451076951518,1.0
97.0,0.4,0.5679630720879985,0.5686737504919324,0.9982321744254566,10164.0,10182.0,0.9913451076951518,1.0
97.0,0.45,0.5679630720879985,0.5687007874015748,0.9978393242977804,10160.0,10182.0,0.9913451076951518,1.0
97.0,0.5,0.5679630720879985,0.568924773532887,0.9974464741701041,10156.0,10182.0,0.9913451076951518,1.0
97.0,0.55,0.5679630720879985,0.5691625615763547,0.9968571989785897,10150.0,10182.0,0.9913451076951518,1.0
97.0,0.6,0.5679630720879985,0.5691048895899053,0.9962679237870752,10144.0,10182.0,0.9913451076951518,1.0
97.0,0.65,0.5679630720879985,0.568863456985004,0.9954822235317227,10136.0,10182.0,0.9913451076951518,1.0
97.0,0.7,0.5679630720879985,0.5686932491117253,0.9950893734040464,10132.0,10182.0,0.9913451076951518,1.0
97.0,0.75,0.5679630720879985,0.5690302192376062,0.9945000982125319,10126.0,10182.0,0.9913451076951518,1.0
97.0,0.8,0.5679630720879985,0.5703938882825678,0.9898841092123355,10079.0,10182.0,0.9913451076951518,1.0
97.0,0.85,0.5679630720879985,0.5707191100516488,0.9888037713612257,10068.0,10182.0,0.9913451076951518,1.0
97.0,0.9,0.5679630720879985,0.570675944333996,0.9880180711058731,10060.0,10182.0,0.9913451076951518,1.0
97.0,0.95,0.5679630720879985,0.549378816592967,0.9328226281673542,9498.0,10182.0,0.9913451076951518,1.0
97.0,1.0,0.5679630720879985,nan,0.0,0.0,10182.0,0.9913451076951518,1.0
98.0,0.0,0.6341583186014536,0.6345511687291299,1.0,10182.0,10182.0,0.9952785910358365,1.0
98.0,0.05,0.6341583186014536,0.6345511687291299,1.0,10182.0,10182.0,0.9952785910358365,1.0
98.0,0.1,0.6341583186014536,0.6345511687291299,1.0,10182.0,10182.0,0.9952785910358365,1.0
98.0,0.15,0.6341583186014536,0.6345511687291299,1.0,10182.0,10182.0,0.9952785910358365,1.0
98.0,0.2,0.6341583186014536,0.6345511687291299,1.0,10182.0,10182.0,0.9952785910358365,1.0
98.0,0.25,0.6341583186014536,0.6345511687291299,1.0,10182.0,10182.0,0.9952785910358365,1.0
98.0,0.3,0.6341583186014536,0.6345417035072207,0.9997053624042428,10179.0,10182.0,0.9952785910358365,1.0
98.0,0.35,0.6341583186014536,0.6345945945945946,0.9993125122765665,10175.0,10182.0,0.9952785910358365,1.0
98.0,0.4,0.6341583186014536,0.6346116027531957,0.9988214496169712,10170.0,10182.0,0.9952785910358365,1.0
98.0,0.45,0.6341583186014536,0.6346380802517703,0.998625024553133,10168.0,10182.0,0.9952785910358365,1.0
98.0,0.5,0.6341583186014536,0.6347270044269553,0.9983303869573757,10165.0,10182.0,0.9952785910358365,1.0
98.0,0.55,0.6341583186014536,0.6348425196850394,0.9978393242977804,10160.0,10182.0,0.9952785910358365,1.0
98.0,0.6,0.6341583186014536,0.6346627277203348,0.997348261638185,10155.0,10182.0,0.9952785910358365,1.0
98.0,0.65,0.6341583186014536,0.634742339146714,0.9967589864466706,10149.0,10182.0,0.9952785910358365,1.0
98.0,0.7,0.6341583186014536,0.6346514150478256,0.995973286191318,10141.0,10182.0,0.9952785910358365,1.0
98.0,0.75,0.6341583186014536,0.634596408131044,0.9952857984678845,10134.0,10182.0,0.9952785910358365,1.0
98.0,0.8,0.6341583186014536,0.6349096653174054,0.9947947358082891,10129.0,10182.0,0.9952785910358365,1.0
98.0,0.85,0.6341583186014536,0.6351871974711054,0.9942054606167747,10123.0,10182.0,0.9952785910358365,1.0
98.0,0.9,0.6341583186014536,0.6352941176470588,0.9934197603614221,10115.0,10182.0,0.9952785910358365,1.0
98.0,0.95,0.6341583186014536,0.6353454257111706,0.9908662345315262,10089.0,10182.0,0.9952785910358365,1.0
98.0,1.0,0.6341583186014536,nan,0.0,0.0,10182.0,0.9952785910358365,1.0
99.0,0.0,0.683362797092909,0.6832645845609899,1.0,10182.0,10182.0,0.9833669449319612,1.0
99.0,0.05,0.683362797092909,0.6832645845609899,1.0,10182.0,10182.0,0.9833669449319612,1.0
99.0,0.1,0.683362797092909,0.6832334741184559,0.9999017874680809,10181.0,10182.0,0.9833669449319612,1.0
99.0,0.15,0.683362797092909,0.6832694763729247,0.9997053624042428,10179.0,10182.0,0.9833669449319612,1.0
99.0,0.2,0.683362797092909,0.6834398034398035,0.9993125122765665,10175.0,10182.0,0.9833669449319612,1.0
99.0,0.25,0.683362797092909,0.6833824975417896,0.9988214496169712,10170.0,10182.0,0.9833669449319612,1.0
99.0,0.3,0.683362797092909,0.6835891381345927,0.9982321744254566,10164.0,10182.0,0.9833669449319612,1.0
99.0,0.35,0.683362797092909,0.6838735099990149,0.9969554115105087,10151.0,10182.0,0.9833669449319612,1.0
99.0,0.4,0.683362797092909,0.6841326228537596,0.9952857984678845,10134.0,10182.0,0.9833669449319612,1.0
99.0,0.45,0.683362797092909,0.6850168017394742,0.9937143979571793,10118.0,10182.0,0.9833669449319612,1.0
99.0,0.5,0.683362797092909,0.6849450658220331,0.9922412099783933,10103.0,10182.0,0.9833669449319612,1.0
99.0,0.55,0.683362797092909,0.6851595006934813,0.9913572971911215,10094.0,10182.0,0.9833669449319612,1.0
99.0,0.6,0.683362797092909,0.6854846710983232,0.9898841092123355,10079.0,10182.0,0.9833669449319612,1.0
99.0,0.65,0.683362797092909,0.6860153066295597,0.9881162836377921,10061.0,10182.0,0.9833669449319612,1.0
99.0,0.7,0.683362797092909,0.6864094127031608,0.9849734826163818,10029.0,10182.0,0.9833669449319612,1.0
99.0,0.75,0.683362797092909,0.6865492393915132,0.9813396189353761,9992.0,10182.0,0.9833669449319612,1.0
99.0,0.8,0.683362797092909,0.6880715505979299,0.9773129051266942,9951.0,10182.0,0.9833669449319612,1.0
99.0,0.85,0.683362797092909,0.6895751337168231,0.9731879787860931,9909.0,10182.0,0.9833669449319612,1.0
99.0,0.9,0.683362797092909,0.6895748987854251,0.97033981536044,9880.0,10182.0,0.9833669449319612,1.0
99.0,0.95,0.683362797092909,0.6622271964185786,0.8775289726969161,8935.0,10182.0,0.9833669449319612,1.0
99.0,1.0,0.683362797092909,nan,0.0,0.0,10182.0,0.9833669449319612,1.0
100.0,0.0,0.6551758004321352,0.657631113730112,1.0,10182.0,10182.0,0.9879328898984542,1.0
100.0,0.05,0.6551758004321352,0.657631113730112,1.0,10182.0,10182.0,0.9879328898984542,1.0
100.0,0.1,0.6551758004321352,0.657631113730112,1.0,10182.0,10182.0,0.9879328898984542,1.0
100.0,0.15,0.6551758004321352,0.6575974855122286,0.9999017874680809,10181.0,10182.0,0.9879328898984542,1.0
100.0,0.2,0.6551758004321352,0.6576594281222364,0.9995089373404047,10177.0,10182.0,0.9879328898984542,1.0
100.0,0.25,0.6551758004321352,0.6577550619225476,0.9992142997446474,10174.0,10182.0,0.9879328898984542,1.0
100.0,0.3,0.6551758004321352,0.6579128553162191,0.998526812021214,10167.0,10182.0,0.9879328898984542,1.0
100.0,0.35,0.6551758004321352,0.6580734035225819,0.9981339618935376,10163.0,10182.0,0.9879328898984542,1.0
100.0,0.4,0.6551758004321352,0.658493353028065,0.997348261638185,10155.0,10182.0,0.9879328898984542,1.0
100.0,0.45,0.6551758004321352,0.6587504927079227,0.9966607739147515,10148.0,10182.0,0.9879328898984542,1.0
100.0,0.5,0.6551758004321352,0.6589070822647465,0.9956786485955608,10138.0,10182.0,0.9879328898984542,1.0
100.0,0.55,0.6551758004321352,0.6590325765054295,0.9948929483402082,10130.0,10182.0,0.9879328898984542,1.0
100.0,0.6,0.6551758004321352,0.6592189817103312,0.9934197603614221,10115.0,10182.0,0.9879328898984542,1.0
100.0,0.65,0.6551758004321352,0.6593003666633634,0.9910626595953643,10091.0,10182.0,0.9879328898984542,1.0
100.0,0.7,0.6551758004321352,0.6615030981411153,0.9827145943822432,10006.0,10182.0,0.9879328898984542,1.0
100.0,0.75,0.6551758004321352,0.6620212552636856,0.9795717933608329,9974.0,10182.0,0.9879328898984542,1.0
100.0,0.8,0.6551758004321352,0.6622842232035328,0.9785896680416422,9964.0,10182.0,0.9879328898984542,1.0
100.0,0.85,0.6551758004321352,0.6625125628140703,0.9772146925947751,9950.0,10182.0,0.9879328898984542,1.0
100.0,0.9,0.6551758004321352,0.6625088019313953,0.9763307798075035,9941.0,10182.0,0.9879328898984542,1.0
100.0,0.95,0.6551758004321352,0.6619091001113473,0.9702416028285209,9879.0,10182.0,0.9879328898984542,1.0
100.0,1.0,0.6551758004321352,nan,0.0,0.0,10182.0,0.9879328898984542,1.0
