sample_id,subject_id,sample_index,label,consensus_prediction,consensus_correct,classifier_prediction,classifier_correct,delta_prediction,delta_correct,delta_weight,theta_prediction,theta_correct,theta_weight,alpha_prediction,alpha_correct,alpha_weight,beta_prediction,beta_correct,beta_weight,gamma_prediction,gamma_correct,gamma_weight
subject_14:sample_0000000,14,0,2,2,1,2,1,0,0,0.15017370879650116,1,0,0.128274068236351,2,1,0.210712730884552,2,1,0.26850295066833496,2,1,0.24233554303646088
subject_14:sample_0000001,14,1,2,2,1,2,1,0,0,0.15043723583221436,1,0,0.12802651524543762,2,1,0.21106626093387604,2,1,0.268805593252182,2,1,0.24166350066661835
subject_14:sample_0000002,14,2,2,2,1,2,1,0,0,0.15074372291564941,1,0,0.1273069679737091,2,1,0.21148547530174255,2,1,0.2693372368812561,2,1,0.24112562835216522
subject_14:sample_0000003,14,3,2,2,1,2,1,0,0,0.15159755945205688,1,0,0.1265905499458313,2,1,0.21334277093410492,2,1,0.26850441098213196,2,1,0.23996369540691376
subject_14:sample_0000004,14,4,2,2,1,2,1,0,0,0.15318931639194489,1,0,0.1261025071144104,2,1,0.21456193923950195,2,1,0.26782307028770447,2,1,0.2383221983909607
subject_14:sample_0000005,14,5,2,2,1,2,1,2,1,0.15566357970237732,1,0,0.1256662756204605,2,1,0.21547488868236542,2,1,0.26677343249320984,2,1,0.23642085492610931
subject_14:sample_0000006,14,6,2,2,1,2,1,2,1,0.15811574459075928,1,0,0.1253415048122406,2,1,0.2154318243265152,2,1,0.2661784589290619,2,1,0.23493148386478424
subject_14:sample_0000007,14,7,2,2,1,2,1,2,1,0.16051222383975983,1,0,0.12481140345335007,2,1,0.21574914455413818,2,1,0.2652724087238312,2,1,0.23365391790866852
subject_14:sample_0000008,14,8,2,2,1,2,1,2,1,0.16238899528980255,1,0,0.12492593377828598,2,1,0.21521668136119843,2,1,0.2646065950393677,2,1,0.23286086320877075
subject_14:sample_0000009,14,9,2,2,1,2,1,2,1,0.16372692584991455,1,0,0.1251305639743805,2,1,0.21552841365337372,2,1,0.2639293074607849,2,1,0.2316838949918747
subject_14:sample_0000010,14,10,2,2,1,2,1,2,1,0.16491761803627014,1,0,0.12538500130176544,2,1,0.21625857055187225,2,1,0.26301607489585876,2,1,0.23042182624340057
subject_14:sample_0000011,14,11,2,2,1,2,1,2,1,0.16543954610824585,1,0,0.12556424736976624,2,1,0.2173132598400116,2,1,0.262063205242157,2,1,0.22961875796318054
subject_14:sample_0000012,14,12,2,2,1,2,1,2,1,0.16626699268817902,1,0,0.12598422169685364,2,1,0.21795590221881866,2,1,0.2609260082244873,2,1,0.22886595129966736
subject_14:sample_0000013,14,13,2,2,1,2,1,2,1,0.16687190532684326,1,0,0.12659329175949097,2,1,0.21798016130924225,2,1,0.260346919298172,2,1,0.2282067984342575
subject_14:sample_0000014,14,14,2,2,1,2,1,2,1,0.16648878157138824,1,0,0.12740716338157654,2,1,0.2179289311170578,2,1,0.2602856755256653,2,1,0.22788843512535095
subject_14:sample_0000015,14,15,2,2,1,2,1,2,1,0.1649569720029831,1,0,0.1280079185962677,2,1,0.21795809268951416,2,1,0.26114344596862793,2,1,0.2279326170682907
subject_14:sample_0000016,14,16,2,2,1,2,1,2,1,0.16422799229621887,1,0,0.12859973311424255,2,1,0.2177063524723053,2,1,0.26161468029022217,2,1,0.2278502881526947
subject_14:sample_0000017,14,17,2,2,1,2,1,2,1,0.16259098052978516,1,0,0.1297651082277298,2,1,0.21762597560882568,2,1,0.26195576786994934,2,1,0.228061243891716
subject_14:sample_0000018,14,18,2,2,1,2,1,2,1,0.16046537458896637,1,0,0.13136857748031616,2,1,0.2176334112882614,2,1,0.26234734058380127,2,1,0.22818435728549957
subject_14:sample_0000019,14,19,2,2,1,2,1,2,1,0.15767787396907806,0,0,0.13319627940654755,2,1,0.21785415709018707,2,1,0.2628711462020874,2,1,0.2283996045589447
subject_14:sample_0000020,14,20,2,2,1,2,1,2,1,0.15370388329029083,0,0,0.13565492630004883,2,1,0.21824350953102112,2,1,0.26364171504974365,2,1,0.22875501215457916
subject_14:sample_0000021,14,21,2,2,1,2,1,2,1,0.1496773064136505,0,0,0.13932617008686066,2,1,0.2187669724225998,2,1,0.2634986340999603,2,1,0.22872991859912872
subject_14:sample_0000022,14,22,2,2,1,2,1,2,1,0.1466788798570633,0,0,0.1445252001285553,2,1,0.21870648860931396,2,1,0.2622015178203583,2,1,0.22788698971271515
subject_14:sample_0000023,14,23,2,2,1,2,1,2,1,0.14437372982501984,2,1,0.1514139622449875,2,1,0.21763591468334198,2,1,0.26018229126930237,2,1,0.22639316320419312
subject_14:sample_0000024,14,24,2,2,1,2,1,2,1,0.14267118275165558,2,1,0.15944424271583557,2,1,0.2160729169845581,2,1,0.25749877095222473,2,1,0.2243119478225708
subject_14:sample_0000025,14,25,2,2,1,2,1,2,1,0.1418638974428177,2,1,0.1687535047531128,2,1,0.2137448638677597,2,1,0.25391823053359985,2,1,0.22171851992607117
subject_14:sample_0000026,14,26,2,2,1,2,1,2,1,0.1410311758518219,2,1,0.17603027820587158,2,1,0.21197602152824402,2,1,0.2512347102165222,2,1,0.21972686052322388
subject_14:sample_0000027,14,27,2,2,1,2,1,2,1,0.14026780426502228,2,1,0.18177779018878937,2,1,0.21049082279205322,2,1,0.24922563135623932,2,1,0.21823695302009583
subject_14:sample_0000028,14,28,2,2,1,2,1,2,1,0.13916552066802979,2,1,0.18491685390472412,2,1,0.20958232879638672,2,1,0.24844710528850555,2,1,0.2178872674703598
subject_14:sample_0000029,14,29,2,2,1,2,1,2,1,0.13888965547084808,2,1,0.18772318959236145,2,1,0.20859383046627045,2,1,0.24739177525043488,2,1,0.21740062534809113
subject_14:sample_0000030,14,30,2,2,1,2,1,2,1,0.13950005173683167,2,1,0.19020423293113708,2,1,0.20754536986351013,2,1,0.2460263967514038,2,1,0.21672295033931732
subject_14:sample_0000031,14,31,2,2,1,2,1,2,1,0.1396285891532898,2,1,0.1919407844543457,2,1,0.20710338652133942,2,1,0.24497617781162262,2,1,0.21635013818740845
subject_14:sample_0000032,14,32,2,2,1,2,1,2,1,0.13896392285823822,2,1,0.19288469851016998,2,1,0.20712943375110626,2,1,0.24449197947978973,2,1,0.21652895212173462
subject_14:sample_0000033,14,33,2,2,1,2,1,2,1,0.1379982978105545,2,1,0.19378162920475006,2,1,0.2073097974061966,2,1,0.24398835003376007,2,1,0.21692098677158356
subject_14:sample_0000034,14,34,2,2,1,2,1,0,0,0.13689270615577698,2,1,0.19451706111431122,2,1,0.20758481323719025,2,1,0.24353352189064026,2,1,0.21747100353240967
subject_14:sample_0000035,14,35,2,2,1,2,1,0,0,0.1358504295349121,2,1,0.19494196772575378,2,1,0.20786024630069733,2,1,0.24338620901107788,2,1,0.2179601490497589
subject_14:sample_0000036,14,36,2,2,1,2,1,0,0,0.13551518321037292,2,1,0.19529342651367188,2,1,0.2079915851354599,2,1,0.2429656684398651,2,1,0.21823319792747498
subject_14:sample_0000037,14,37,2,2,1,2,1,0,0,0.13530023396015167,2,1,0.19557473063468933,2,1,0.2083277702331543,2,1,0.2422502636909485,2,1,0.2185460478067398
subject_14:sample_0000038,14,38,2,2,1,2,1,0,0,0.13548961281776428,2,1,0.19587895274162292,2,1,0.20862799882888794,2,1,0.241444930434227,2,1,0.21855759620666504
subject_14:sample_0000039,14,39,2,2,1,2,1,0,0,0.1358097493648529,2,1,0.19631944596767426,2,1,0.20879140496253967,2,1,0.240614116191864,2,1,0.21846434473991394
subject_14:sample_0000040,14,40,2,2,1,2,1,0,0,0.13581465184688568,2,1,0.19692185521125793,2,1,0.2089412808418274,2,1,0.23982970416545868,2,1,0.2184915542602539
subject_14:sample_0000041,14,41,2,2,1,2,1,0,0,0.13576972484588623,2,1,0.19739624857902527,2,1,0.2093874216079712,2,1,0.23913279175758362,2,1,0.21831285953521729
subject_14:sample_0000042,14,42,2,2,1,2,1,0,0,0.13536354899406433,2,1,0.19796262681484222,2,1,0.20998840034008026,2,1,0.23839092254638672,2,1,0.21829348802566528
subject_14:sample_0000043,14,43,2,2,1,2,1,0,0,0.13596211373806,2,1,0.19849322736263275,2,1,0.21021802723407745,2,1,0.23697490990161896,2,1,0.2183508425951004
subject_14:sample_0000044,14,44,2,2,1,2,1,0,0,0.13734832406044006,2,1,0.19883431494235992,2,1,0.2101820707321167,2,1,0.23521223664283752,2,1,0.218422070145607
subject_14:sample_0000045,14,45,2,2,1,2,1,0,0,0.13923175632953644,2,1,0.19889822602272034,2,1,0.21010325849056244,2,1,0.23347921669483185,2,1,0.2182866632938385
subject_14:sample_0000046,14,46,2,2,1,2,1,0,0,0.14179065823554993,2,1,0.19896134734153748,2,1,0.2098522037267685,2,1,0.23147475719451904,2,1,0.21792013943195343
subject_14:sample_0000047,14,47,2,2,1,2,1,0,0,0.14398755133152008,2,1,0.19907662272453308,2,1,0.20954301953315735,2,1,0.22975508868694305,2,1,0.21763674914836884
subject_14:sample_0000048,14,48,2,2,1,2,1,2,1,0.1463659256696701,2,1,0.19900232553482056,2,1,0.20899826288223267,2,1,0.22822237014770508,2,1,0.2174101620912552
subject_14:sample_0000049,14,49,2,2,1,2,1,2,1,0.14975661039352417,2,1,0.19837047159671783,2,1,0.2083749622106552,2,1,0.2264695167541504,2,1,0.2170274555683136
subject_14:sample_0000050,14,50,2,2,1,2,1,2,1,0.15365521609783173,2,1,0.19752897322177887,2,1,0.20735789835453033,2,1,0.22459669411182404,2,1,0.21686019003391266
subject_14:sample_0000051,14,51,2,2,1,2,1,2,1,0.15700778365135193,2,1,0.1969272345304489,2,1,0.20638523995876312,2,1,0.22289429605007172,2,1,0.2167845368385315
subject_14:sample_0000052,14,52,2,2,1,2,1,2,1,0.1600349396467209,2,1,0.19608958065509796,2,1,0.20561349391937256,2,1,0.22133523225784302,2,1,0.21692582964897156
subject_14:sample_0000053,14,53,2,2,1,2,1,2,1,0.16215653717517853,2,1,0.19495020806789398,2,1,0.2053278535604477,2,1,0.22022132575511932,2,1,0.21734309196472168
subject_14:sample_0000054,14,54,2,2,1,2,1,2,1,0.16376858949661255,2,1,0.19408664107322693,2,1,0.20528650283813477,2,1,0.21897412836551666,2,1,0.2178831547498703
subject_14:sample_0000055,14,55,2,2,1,2,1,2,1,0.16512545943260193,2,1,0.1931118369102478,2,1,0.20553824305534363,2,1,0.21766451001167297,2,1,0.21855896711349487
subject_14:sample_0000056,14,56,2,2,1,2,1,2,1,0.16586381196975708,2,1,0.19219094514846802,2,1,0.2062395066022873,2,1,0.2162347137928009,2,1,0.2194700688123703
subject_14:sample_0000057,14,57,2,2,1,2,1,2,1,0.1663510948419571,2,1,0.19167128205299377,2,1,0.20730940997600555,2,1,0.21405528485774994,2,1,0.22061192989349365
subject_14:sample_0000058,14,58,2,2,1,2,1,2,1,0.166490837931633,2,1,0.19116748869419098,2,1,0.20888826251029968,2,1,0.21135751903057098,2,1,0.22209490835666656
subject_14:sample_0000059,14,59,2,2,1,2,1,2,1,0.16564872860908508,2,1,0.19179537892341614,2,1,0.21136462688446045,2,1,0.2068224847316742,2,1,0.22436781227588654
subject_14:sample_0000060,14,60,2,2,1,2,1,2,1,0.16468071937561035,2,1,0.192936509847641,2,1,0.2143165022134781,2,1,0.20089450478553772,2,1,0.22717075049877167
subject_14:sample_0000061,14,61,2,2,1,2,1,2,1,0.1641978621482849,2,1,0.19393260776996613,2,1,0.21658891439437866,2,1,0.1959543228149414,2,1,0.2293253391981125
subject_14:sample_0000062,14,62,2,2,1,2,1,2,1,0.16377684473991394,2,1,0.19555053114891052,2,1,0.21896958351135254,2,1,0.18993639945983887,2,1,0.23176567256450653
subject_14:sample_0000063,14,63,2,2,1,2,1,2,1,0.1629871428012848,2,1,0.1978955864906311,2,1,0.2215040922164917,2,1,0.1833384484052658,2,1,0.23427380621433258
subject_14:sample_0000064,14,64,2,2,1,2,1,2,1,0.16235244274139404,2,1,0.20236393809318542,2,1,0.22566469013690948,2,1,0.17079953849315643,2,1,0.23881842195987701
subject_14:sample_0000065,14,65,2,2,1,2,1,2,1,0.16164009273052216,2,1,0.20727282762527466,2,1,0.22924497723579407,1,0,0.15865419805049896,2,1,0.24318687617778778
subject_14:sample_0000066,14,66,2,2,1,2,1,1,0,0.1613517850637436,2,1,0.21096956729888916,2,1,0.2313401848077774,1,0,0.15046390891075134,2,1,0.2458735555410385
subject_14:sample_0000067,14,67,2,2,1,2,1,1,0,0.16157235205173492,2,1,0.2133229523897171,2,1,0.23167204856872559,1,0,0.1464253067970276,2,1,0.24700641632080078
subject_14:sample_0000068,14,68,2,2,1,2,1,0,0,0.16205255687236786,2,1,0.2157416194677353,2,1,0.2318103015422821,1,0,0.14293329417705536,2,1,0.24746128916740417
subject_14:sample_0000069,14,69,2,2,1,2,1,0,0,0.16268552839756012,2,1,0.218413844704628,2,1,0.23107397556304932,1,0,0.14050926268100739,2,1,0.2473163902759552
subject_14:sample_0000070,14,70,2,2,1,2,1,0,0,0.16348351538181305,2,1,0.22044554352760315,2,1,0.23049332201480865,1,0,0.13923649489879608,2,1,0.24634011089801788
subject_14:sample_0000071,14,71,2,2,1,2,1,0,0,0.1653076708316803,2,1,0.2220805287361145,2,1,0.22838075459003448,1,0,0.13878557085990906,2,1,0.24544455111026764
subject_14:sample_0000072,14,72,2,2,1,2,1,0,0,0.16705425083637238,2,1,0.22371357679367065,2,1,0.22640414535999298,1,0,0.13816188275814056,2,1,0.24466527998447418
subject_14:sample_0000073,14,73,2,2,1,2,1,0,0,0.16840144991874695,2,1,0.22432520985603333,2,1,0.22499483823776245,1,0,0.1375623196363449,2,1,0.24471521377563477
subject_14:sample_0000074,14,74,2,2,1,2,1,0,0,0.16972684860229492,2,1,0.22454220056533813,2,1,0.224095419049263,1,0,0.13689640164375305,2,1,0.2447381466627121
subject_14:sample_0000075,14,75,2,2,1,2,1,0,0,0.1709466576576233,2,1,0.22454652190208435,2,1,0.22350627183914185,1,0,0.13644583523273468,2,1,0.24455372989177704
subject_14:sample_0000076,14,76,2,2,1,2,1,0,0,0.1723005324602127,2,1,0.2241833657026291,2,1,0.22283507883548737,1,0,0.13635759055614471,2,1,0.24432243406772614
subject_14:sample_0000077,14,77,2,2,1,2,1,0,0,0.17393092811107635,2,1,0.22383761405944824,2,1,0.2226402461528778,1,0,0.13628850877285004,2,1,0.24330173432826996
subject_14:sample_0000078,14,78,2,2,1,2,1,0,0,0.17598076164722443,2,1,0.22339917719364166,2,1,0.2214546799659729,1,0,0.1371244192123413,2,1,0.24204003810882568
subject_14:sample_0000079,14,79,2,2,1,2,1,0,0,0.17787228524684906,2,1,0.22222216427326202,2,1,0.2207079380750656,1,0,0.13832157850265503,2,1,0.2408750355243683
subject_14:sample_0000080,14,80,2,2,1,2,1,0,0,0.17930686473846436,2,1,0.2213812619447708,2,1,0.21889784932136536,1,0,0.1400182694196701,2,1,0.24039475619792938
subject_14:sample_0000081,14,81,2,2,1,2,1,2,1,0.1803566813468933,2,1,0.21925684809684753,2,1,0.21726979315280914,1,0,0.14425916969776154,2,1,0.23885664343833923
subject_14:sample_0000082,14,82,2,2,1,2,1,2,1,0.18018007278442383,2,1,0.21588677167892456,2,1,0.21496634185314178,1,0,0.15264476835727692,2,1,0.2363211214542389
subject_14:sample_0000083,14,83,2,2,1,2,1,2,1,0.1799663007259369,2,1,0.21123814582824707,2,1,0.2109588384628296,1,0,0.1655569225549698,2,1,0.23227882385253906
subject_14:sample_0000084,14,84,2,2,1,2,1,2,1,0.17902269959449768,2,1,0.20482534170150757,2,1,0.20618510246276855,2,1,0.1837226301431656,2,1,0.22624322772026062
subject_14:sample_0000085,14,85,2,2,1,2,1,2,1,0.17864550650119781,2,1,0.1991535872220993,2,1,0.20227329432964325,2,1,0.19962719082832336,2,1,0.22029942274093628
subject_14:sample_0000086,14,86,2,2,1,2,1,2,1,0.17917722463607788,2,1,0.19589149951934814,2,1,0.20021915435791016,2,1,0.2079610824584961,2,1,0.21675002574920654
subject_14:sample_0000087,14,87,2,2,1,2,1,2,1,0.17949548363685608,2,1,0.19446393847465515,2,1,0.1993783563375473,2,1,0.21170072257518768,2,1,0.2149604856967926
subject_14:sample_0000088,14,88,2,2,1,2,1,2,1,0.1797456592321396,2,1,0.19339627027511597,2,1,0.19887696206569672,2,1,0.21441864967346191,2,1,0.21356147527694702
subject_14:sample_0000089,14,89,2,2,1,2,1,2,1,0.18017902970314026,2,1,0.19307589530944824,2,1,0.19862468540668488,2,1,0.21556909382343292,2,1,0.2125503569841385
subject_14:sample_0000090,14,90,2,2,1,2,1,2,1,0.18045637011528015,2,1,0.19289803504943848,2,1,0.19836477935314178,2,1,0.21638654172420502,2,1,0.21189330518245697
subject_14:sample_0000091,14,91,2,2,1,2,1,2,1,0.18033327162265778,2,1,0.1933516561985016,2,1,0.1978771984577179,2,1,0.21662838757038116,2,1,0.211808443069458
subject_14:sample_0000092,14,92,2,2,1,2,1,2,1,0.1803920716047287,2,1,0.19364559650421143,2,1,0.19739413261413574,2,1,0.2166975736618042,2,1,0.21186964213848114
subject_14:sample_0000093,14,93,2,2,1,2,1,2,1,0.18020294606685638,2,1,0.1938713788986206,2,1,0.19686825573444366,2,1,0.2170289158821106,2,1,0.21202756464481354
subject_14:sample_0000094,14,94,2,2,1,2,1,2,1,0.1800711750984192,2,1,0.19428876042366028,2,1,0.19641534984111786,2,1,0.2171989381313324,2,1,0.21202479302883148
subject_14:sample_0000095,14,95,2,2,1,2,1,2,1,0.1804334670305252,2,1,0.19444720447063446,2,1,0.19598880410194397,2,1,0.2168559730052948,2,1,0.21227362751960754
subject_14:sample_0000096,14,96,2,2,1,2,1,2,1,0.18139678239822388,2,1,0.1943417191505432,2,1,0.1956123262643814,2,1,0.2160954773426056,2,1,0.2125527709722519
subject_14:sample_0000097,14,97,2,2,1,2,1,2,1,0.1814335286617279,2,1,0.19476225972175598,2,1,0.19530996680259705,2,1,0.21557973325252533,2,1,0.21291352808475494
subject_14:sample_0000098,14,98,2,2,1,2,1,2,1,0.18107278645038605,2,1,0.19524775445461273,2,1,0.19501587748527527,2,1,0.21512314677238464,2,1,0.2135394662618637
subject_14:sample_0000099,14,99,2,2,1,2,1,2,1,0.179928719997406,2,1,0.19593021273612976,2,1,0.195035919547081,2,1,0.21469756960868835,2,1,0.21440660953521729
subject_14:sample_0000100,14,100,2,2,1,2,1,2,1,0.17829376459121704,2,1,0.19668927788734436,2,1,0.1954982727766037,2,1,0.21438369154930115,2,1,0.21513402462005615
subject_14:sample_0000101,14,101,2,2,1,2,1,2,1,0.17738394439220428,2,1,0.19693712890148163,2,1,0.19629283249378204,2,1,0.21372461318969727,2,1,0.2156604528427124
subject_14:sample_0000102,14,102,2,2,1,2,1,2,1,0.1756727546453476,2,1,0.19706138968467712,2,1,0.19770288467407227,2,1,0.21336059272289276,2,1,0.21620137989521027
subject_14:sample_0000103,14,103,2,2,1,2,1,2,1,0.1732221245765686,2,1,0.19708596169948578,2,1,0.19926917552947998,2,1,0.21329982578754425,2,1,0.2171218991279602
subject_14:sample_0000104,14,104,2,2,1,2,1,2,1,0.17178714275360107,2,1,0.1965307891368866,2,1,0.20090962946414948,2,1,0.2131614238023758,2,1,0.21761001646518707
subject_14:sample_0000105,14,105,2,2,1,2,1,2,1,0.16958670318126678,2,1,0.19561415910720825,2,1,0.203012615442276,2,1,0.21330876648426056,2,1,0.2184767872095108
subject_14:sample_0000106,14,106,2,2,1,2,1,2,1,0.16662189364433289,2,1,0.1928669661283493,2,1,0.20592176914215088,2,1,0.21408115327358246,2,1,0.22050721943378448
subject_14:sample_0000107,14,107,2,2,1,2,1,1,0,0.16372573375701904,2,1,0.1885727196931839,2,1,0.2091958224773407,2,1,0.2150968313217163,2,1,0.22340799868106842
subject_14:sample_0000108,14,108,2,2,1,2,1,1,0,0.16273680329322815,2,1,0.182081401348114,2,1,0.2121792584657669,2,1,0.21639692783355713,2,1,0.2266046553850174
subject_14:sample_0000109,14,109,2,2,1,2,1,1,0,0.16230709850788116,2,1,0.17351114749908447,2,1,0.21516437828540802,2,1,0.21850979328155518,2,1,0.2305065542459488
subject_14:sample_0000110,14,110,2,2,1,2,1,1,0,0.1616564840078354,1,0,0.1643362194299698,2,1,0.21839116513729095,2,1,0.22064512968063354,2,1,0.23497004806995392
subject_14:sample_0000111,14,111,2,2,1,2,1,1,0,0.1605403572320938,1,0,0.1556975394487381,2,1,0.22115153074264526,2,1,0.22342900931835175,2,1,0.23918065428733826
subject_14:sample_0000112,14,112,2,2,1,2,1,1,0,0.159798726439476,1,0,0.150752991437912,2,1,0.22282379865646362,2,1,0.22498582303524017,2,1,0.241637721657753
subject_14:sample_0000113,14,113,2,2,1,2,1,1,0,0.15957780182361603,1,0,0.1478472501039505,2,1,0.22374001145362854,2,1,0.22553135454654694,2,1,0.2433025985956192
subject_14:sample_0000114,14,114,2,2,1,2,1,1,0,0.15896758437156677,1,0,0.14526112377643585,2,1,0.2248571664094925,2,1,0.2253076434135437,2,1,0.24560552835464478
subject_14:sample_0000115,14,115,2,2,1,2,1,1,0,0.1591932326555252,1,0,0.14384372532367706,2,1,0.22584162652492523,2,1,0.22401294112205505,2,1,0.24710747599601746
subject_14:sample_0000116,14,116,2,2,1,2,1,1,0,0.15923748910427094,1,0,0.1429157555103302,2,1,0.22712074220180511,2,1,0.22164462506771088,2,1,0.24908038973808289
subject_14:sample_0000117,14,117,2,2,1,2,1,1,0,0.15920917689800262,1,0,0.14210647344589233,2,1,0.22879138588905334,2,1,0.21851091086864471,2,1,0.2513810992240906
subject_14:sample_0000118,14,118,2,2,1,2,1,1,0,0.15915486216545105,1,0,0.1417611688375473,2,1,0.2313683182001114,2,1,0.2129083275794983,2,1,0.25480636954307556
subject_14:sample_0000119,14,119,2,2,1,2,1,1,0,0.16013763844966888,1,0,0.1431921273469925,2,1,0.23412467539310455,2,1,0.2040283977985382,2,1,0.25851622223854065
subject_14:sample_0000120,14,120,2,2,1,2,1,1,0,0.1613394170999527,1,0,0.14470547437667847,2,1,0.23688171803951263,2,1,0.19517256319522858,2,1,0.2618998885154724
subject_14:sample_0000121,14,121,2,2,1,2,1,1,0,0.16339294612407684,1,0,0.1463901251554489,2,1,0.23975703120231628,2,1,0.18448206782341003,2,1,0.2659768760204315
subject_14:sample_0000122,14,122,2,2,1,2,1,1,0,0.1656331866979599,1,0,0.14714229106903076,2,1,0.2421485185623169,1,0,0.17549701035022736,2,1,0.26957806944847107
subject_14:sample_0000123,14,123,2,2,1,2,1,1,0,0.1678125560283661,1,0,0.14731928706169128,2,1,0.24374009668827057,1,0,0.16893887519836426,2,1,0.2721881866455078
subject_14:sample_0000124,14,124,2,2,1,2,1,1,0,0.16996070742607117,1,0,0.1473333090543747,2,1,0.2448282241821289,1,0,0.16376307606697083,2,1,0.2741137444972992
subject_14:sample_0000125,14,125,2,2,1,2,1,1,0,0.17335647344589233,1,0,0.14787359535694122,2,1,0.24474599957466125,1,0,0.15931336581707,2,1,0.274709552526474
subject_14:sample_0000126,14,126,2,2,1,2,1,1,0,0.17688854038715363,1,0,0.1492289900779724,2,1,0.2435266673564911,1,0,0.15696997940540314,2,1,0.27338483929634094
subject_14:sample_0000127,14,127,2,2,1,2,1,1,0,0.18130220472812653,1,0,0.1505395621061325,2,1,0.24207979440689087,1,0,0.15424585342407227,2,1,0.2718316316604614
subject_14:sample_0000128,14,128,2,2,1,2,1,1,0,0.18522119522094727,1,0,0.15202605724334717,2,1,0.24013394117355347,1,0,0.1528051793575287,2,1,0.2698126435279846
subject_14:sample_0000129,14,129,2,2,1,2,1,2,1,0.18891847133636475,1,0,0.1539376974105835,2,1,0.23784524202346802,1,0,0.15220113098621368,2,1,0.26709645986557007
subject_14:sample_0000130,14,130,2,2,1,2,1,2,1,0.19196435809135437,1,0,0.15588557720184326,2,1,0.23651857674121857,1,0,0.15018735826015472,2,1,0.26544317603111267
subject_14:sample_0000131,14,131,2,2,1,2,1,2,1,0.1947689652442932,1,0,0.158913716673851,2,1,0.23428601026535034,0,0,0.14915399253368378,2,1,0.26287639141082764
subject_14:sample_0000132,14,132,2,2,1,2,1,2,1,0.19662508368492126,1,0,0.16353358328342438,2,1,0.23144686222076416,0,0,0.1489628702402115,2,1,0.25943058729171753
subject_14:sample_0000133,14,133,2,2,1,2,1,2,1,0.19729897379875183,1,0,0.16872897744178772,2,1,0.22883442044258118,0,0,0.148945152759552,2,1,0.2561914920806885
subject_14:sample_0000134,14,134,2,2,1,2,1,2,1,0.19733737409114838,2,1,0.17259179055690765,2,1,0.22677871584892273,0,0,0.1496593952178955,2,1,0.25363171100616455
subject_14:sample_0000135,14,135,2,2,1,2,1,2,1,0.19723154604434967,2,1,0.17690685391426086,2,1,0.22451168298721313,0,0,0.1505981832742691,2,1,0.2507507801055908
subject_14:sample_0000136,14,136,2,2,1,2,1,2,1,0.19701318442821503,2,1,0.17995035648345947,2,1,0.22270695865154266,0,0,0.15196792781352997,2,1,0.24836060404777527
subject_14:sample_0000137,14,137,2,2,1,2,1,2,1,0.196469247341156,2,1,0.18158577382564545,2,1,0.2209700345993042,0,0,0.15485794842243195,2,1,0.2461160570383072
subject_14:sample_0000138,14,138,2,2,1,2,1,2,1,0.19585631787776947,2,1,0.18110094964504242,2,1,0.22024956345558167,0,0,0.15759018063545227,2,1,0.24520203471183777
subject_14:sample_0000139,14,139,2,2,1,2,1,2,1,0.1956310272216797,2,1,0.179961159825325,2,1,0.21980424225330353,0,0,0.15974335372447968,2,1,0.2448592185974121
subject_14:sample_0000140,14,140,2,2,1,2,1,2,1,0.19517938792705536,2,1,0.17912909388542175,2,1,0.21926474571228027,2,1,0.16204527020454407,2,1,0.24438057839870453
subject_14:sample_0000141,14,141,2,2,1,2,1,2,1,0.19514836370944977,2,1,0.17823106050491333,2,1,0.21907170116901398,2,1,0.16340841352939606,2,1,0.24413955211639404
subject_14:sample_0000142,14,142,2,2,1,2,1,2,1,0.19513632357120514,2,1,0.17794115841388702,2,1,0.2186204046010971,2,1,0.1648452877998352,2,1,0.24345585703849792
subject_14:sample_0000143,14,143,2,2,1,2,1,2,1,0.19510239362716675,2,1,0.17721880972385406,2,1,0.218558669090271,2,1,0.16587629914283752,2,1,0.24324285984039307
subject_14:sample_0000144,14,144,2,2,1,2,1,2,1,0.19522224366664886,2,1,0.17464099824428558,2,1,0.21977922320365906,2,1,0.16590581834316254,2,1,0.24445076286792755
subject_14:sample_0000145,14,145,2,2,1,2,1,2,1,0.1951778382062912,2,1,0.17325271666049957,2,1,0.22009964287281036,2,1,0.16660624742507935,2,1,0.2448626011610031
subject_14:sample_0000146,14,146,2,2,1,2,1,2,1,0.1953677088022232,2,1,0.17162317037582397,2,1,0.22062060236930847,2,1,0.16681821644306183,2,1,0.24556931853294373
subject_14:sample_0000147,14,147,2,2,1,2,1,2,1,0.19525572657585144,0,0,0.1702231615781784,2,1,0.22119970619678497,2,1,0.16701535880565643,2,1,0.24630515277385712
subject_14:sample_0000148,14,148,2,2,1,2,1,2,1,0.19537071883678436,0,0,0.1686648428440094,2,1,0.22189386188983917,2,1,0.16699476540088654,2,1,0.24707481265068054
subject_14:sample_0000149,14,149,2,2,1,2,1,2,1,0.19539643824100494,0,0,0.1676066517829895,2,1,0.22228604555130005,2,1,0.16743801534175873,2,1,0.24727186560630798
subject_14:sample_0000150,14,150,2,2,1,2,1,2,1,0.19526104629039764,0,0,0.16735219955444336,2,1,0.22189150750637054,2,1,0.16881698369979858,2,1,0.24667729437351227
subject_14:sample_0000151,14,151,2,2,1,2,1,2,1,0.19535744190216064,0,0,0.16705279052257538,2,1,0.22142590582370758,2,1,0.1701829433441162,2,1,0.2459799200296402
subject_14:sample_0000152,14,152,2,2,1,2,1,2,1,0.19569383561611176,0,0,0.166996031999588,2,1,0.22048375010490417,2,1,0.17196039855480194,2,1,0.24486500024795532
subject_14:sample_0000153,14,153,2,2,1,2,1,2,1,0.19647881388664246,0,0,0.16719608008861542,2,1,0.21952198445796967,2,1,0.1728500872850418,2,1,0.24395208060741425
subject_14:sample_0000154,14,154,2,2,1,2,1,2,1,0.19714348018169403,0,0,0.16703759133815765,2,1,0.2186375856399536,2,1,0.17392852902412415,2,1,0.24325180053710938
subject_14:sample_0000155,14,155,2,2,1,2,1,2,1,0.19811531901359558,0,0,0.16617488861083984,2,1,0.21804817020893097,2,1,0.1746726632118225,2,1,0.2429879754781723
subject_14:sample_0000156,14,156,2,2,1,2,1,2,1,0.19899772107601166,0,0,0.1660022735595703,2,1,0.21753044426441193,2,1,0.17446714639663696,2,1,0.24300146102905273
subject_14:sample_0000157,14,157,2,2,1,2,1,2,1,0.19962549209594727,0,0,0.16556966304779053,2,1,0.21706539392471313,2,1,0.17455701529979706,2,1,0.243181511759758
subject_14:sample_0000158,14,158,2,2,1,2,1,2,1,0.20018260180950165,0,0,0.1650814712047577,2,1,0.21654875576496124,2,1,0.17492979764938354,2,1,0.24325640499591827
subject_14:sample_0000159,14,159,2,2,1,2,1,2,1,0.2006833255290985,0,0,0.16529200971126556,2,1,0.21611753106117249,2,1,0.17479455471038818,2,1,0.24311156570911407
subject_14:sample_0000160,14,160,2,2,1,2,1,2,1,0.20099060237407684,0,0,0.16562768816947937,2,1,0.2156064808368683,2,1,0.1748627871274948,2,1,0.24291150271892548
subject_14:sample_0000161,14,161,2,2,1,2,1,2,1,0.20143845677375793,0,0,0.16565443575382233,2,1,0.21534518897533417,2,1,0.17471180856227875,2,1,0.24284914135932922
subject_14:sample_0000162,14,162,2,2,1,2,1,2,1,0.20194673538208008,0,0,0.16498827934265137,2,1,0.2150811403989792,2,1,0.17509469389915466,2,1,0.24288822710514069
subject_14:sample_0000163,14,163,2,2,1,2,1,2,1,0.2024051547050476,0,0,0.16354328393936157,2,1,0.21486958861351013,2,1,0.17614194750785828,2,1,0.24303913116455078
subject_14:sample_0000164,14,164,2,2,1,2,1,2,1,0.2026996612548828,0,0,0.16314759850502014,2,1,0.21425007283687592,2,1,0.1772160679101944,2,1,0.24268566071987152
subject_14:sample_0000165,14,165,2,2,1,2,1,2,1,0.20287342369556427,0,0,0.16285720467567444,2,1,0.2136060744524002,2,1,0.17846065759658813,2,1,0.24220164120197296
subject_14:sample_0000166,14,166,2,2,1,2,1,2,1,0.20309008657932281,0,0,0.1621096432209015,2,1,0.21344242990016937,2,1,0.17918072640895844,2,1,0.24217620491981506
subject_14:sample_0000167,14,167,2,2,1,2,1,2,1,0.20338065922260284,0,0,0.16100355982780457,2,1,0.21354372799396515,2,1,0.1796325296163559,2,1,0.24243852496147156
subject_14:sample_0000168,14,168,2,2,1,2,1,2,1,0.20340870320796967,0,0,0.16020779311656952,2,1,0.21343794465065002,2,1,0.1804836392402649,2,1,0.2424609661102295
subject_14:sample_0000169,14,169,2,2,1,2,1,2,1,0.20332570374011993,0,0,0.15942488610744476,2,1,0.21326757967472076,2,1,0.18150632083415985,2,1,0.24247460067272186
subject_14:sample_0000170,14,170,2,2,1,2,1,2,1,0.2034359574317932,0,0,0.15841488540172577,2,1,0.21342350542545319,2,1,0.18189580738544464,2,1,0.2428288608789444
subject_14:sample_0000171,14,171,2,2,1,2,1,2,1,0.20347239077091217,0,0,0.15759730339050293,2,1,0.2132875919342041,2,1,0.18248796463012695,2,1,0.24315379559993744
subject_14:sample_0000172,14,172,2,2,1,2,1,2,1,0.20346912741661072,0,0,0.15677151083946228,2,1,0.21311795711517334,2,1,0.1830015778541565,2,1,0.24363882839679718
subject_14:sample_0000173,14,173,2,2,1,2,1,2,1,0.2033739686012268,0,0,0.15629617869853973,2,1,0.2129785716533661,2,1,0.18334046006202698,2,1,0.2440098524093628
subject_14:sample_0000174,14,174,2,2,1,2,1,2,1,0.20331130921840668,0,0,0.15596897900104523,2,1,0.21291926503181458,2,1,0.18341711163520813,2,1,0.24438239634037018
subject_14:sample_0000175,14,175,2,2,1,2,1,2,1,0.2031431347131729,0,0,0.1554105579853058,2,1,0.21276593208312988,2,1,0.18405798077583313,2,1,0.2446213662624359
subject_14:sample_0000176,14,176,2,2,1,2,1,2,1,0.20285625755786896,0,0,0.15463311970233917,2,1,0.21282164752483368,2,1,0.185066357254982,2,1,0.24462158977985382
subject_14:sample_0000177,14,177,2,2,1,2,1,2,1,0.20257516205310822,0,0,0.15413974225521088,2,1,0.21295276284217834,2,1,0.18566790223121643,2,1,0.24466349184513092
subject_14:sample_0000178,14,178,2,2,1,2,1,2,1,0.20250622928142548,0,0,0.15422455966472626,2,1,0.21276523172855377,2,1,0.1856590211391449,2,1,0.2448439598083496
subject_14:sample_0000179,14,179,2,2,1,2,1,2,1,0.20264096558094025,0,0,0.15433578193187714,2,1,0.21247263252735138,2,1,0.18539734184741974,2,1,0.2451522946357727
subject_14:sample_0000180,14,180,2,2,1,2,1,2,1,0.20311500132083893,1,0,0.15427154302597046,2,1,0.21255701780319214,2,1,0.18408149480819702,2,1,0.24597394466400146
subject_14:sample_0000181,14,181,2,2,1,2,1,2,1,0.20377089083194733,1,0,0.15359558165073395,2,1,0.2127247005701065,2,1,0.18280237913131714,2,1,0.24710555374622345
subject_14:sample_0000182,14,182,2,2,1,2,1,2,1,0.2044699490070343,1,0,0.1534474492073059,2,1,0.2130720168352127,2,1,0.18076816201210022,2,1,0.24824151396751404
subject_14:sample_0000183,14,183,2,2,1,2,1,2,1,0.20506905019283295,1,0,0.1534375101327896,2,1,0.2136605829000473,2,1,0.17860183119773865,2,1,0.2492300271987915
subject_14:sample_0000184,14,184,2,2,1,2,1,2,1,0.20555973052978516,1,0,0.15379060804843903,2,1,0.21451933681964874,2,1,0.17617696523666382,2,1,0.24995242059230804
subject_14:sample_0000185,14,185,2,2,1,2,1,2,1,0.20567022264003754,1,0,0.15391026437282562,2,1,0.2158818244934082,2,1,0.1743311733007431,2,1,0.2502056062221527
subject_14:sample_0000186,14,186,2,2,1,2,1,2,1,0.20588140189647675,1,0,0.15399201214313507,2,1,0.21724829077720642,2,1,0.17228581011295319,2,1,0.2505914270877838
subject_14:sample_0000187,14,187,2,2,1,2,1,2,1,0.2059180736541748,1,0,0.1548427939414978,2,1,0.21870113909244537,2,1,0.1698203980922699,2,1,0.2507166862487793
subject_14:sample_0000188,14,188,2,2,1,2,1,2,1,0.2061006873846054,1,0,0.1559491604566574,2,1,0.2204982191324234,2,1,0.16642127931118011,2,1,0.2510296702384949
subject_14:sample_0000189,14,189,2,2,1,2,1,2,1,0.2061605602502823,1,0,0.1571822166442871,2,1,0.22190231084823608,2,1,0.1636120229959488,2,1,0.2511419653892517
subject_14:sample_0000190,14,190,2,2,1,2,1,2,1,0.20628802478313446,1,0,0.1586795598268509,2,1,0.2228095829486847,2,1,0.16108229756355286,2,1,0.2511395215988159
subject_14:sample_0000191,14,191,2,2,1,2,1,2,1,0.20574921369552612,1,0,0.16109147667884827,2,1,0.2228190004825592,2,1,0.16035743057727814,2,1,0.24998190999031067
subject_14:sample_0000192,14,192,2,2,1,2,1,2,1,0.20527642965316772,1,0,0.16313596069812775,2,1,0.2224530577659607,2,1,0.1601993590593338,2,1,0.24893426895141602
subject_14:sample_0000193,14,193,2,2,1,2,1,2,1,0.20472994446754456,1,0,0.1657920777797699,2,1,0.2220577895641327,2,1,0.15933123230934143,2,1,0.24808798730373383
subject_14:sample_0000194,14,194,2,2,1,2,1,2,1,0.2038724273443222,2,1,0.1687595546245575,2,1,0.2208816111087799,2,1,0.15979139506816864,2,1,0.24669407308101654
subject_14:sample_0000195,14,195,2,2,1,2,1,2,1,0.20320750772953033,2,1,0.17003069818019867,2,1,0.22037674486637115,2,1,0.1602504998445511,2,1,0.24613358080387115
subject_14:sample_0000196,14,196,2,2,1,2,1,2,1,0.20281773805618286,2,1,0.17084480822086334,2,1,0.2208152711391449,2,1,0.15925197303295135,2,1,0.24626925587654114
subject_14:sample_0000197,14,197,2,2,1,2,1,2,1,0.2024492621421814,2,1,0.17150482535362244,2,1,0.22146402299404144,2,1,0.1580360233783722,2,1,0.2465449720621109
subject_14:sample_0000198,14,198,2,2,1,2,1,2,1,0.20223110914230347,2,1,0.1717037707567215,2,1,0.22221550345420837,2,1,0.15691222250461578,2,1,0.24693647027015686
subject_14:sample_0000199,14,199,2,2,1,2,1,2,1,0.2019093930721283,2,1,0.17277009785175323,2,1,0.22278638184070587,2,1,0.15554803609848022,2,1,0.24698518216609955
subject_14:sample_0000200,14,200,2,2,1,2,1,2,1,0.20174743235111237,2,1,0.17293739318847656,2,1,0.22409741580486298,0,0,0.1533866822719574,2,1,0.24783016741275787
subject_14:sample_0000201,14,201,2,2,1,2,1,2,1,0.20171712338924408,2,1,0.17322435975074768,2,1,0.22524556517601013,0,0,0.15099400281906128,2,1,0.24881790578365326
subject_14:sample_0000202,14,202,2,2,1,2,1,2,1,0.201951801776886,2,1,0.17276246845722198,2,1,0.2266189157962799,0,0,0.14867298305034637,2,1,0.24999281764030457
subject_14:sample_0000203,14,203,2,2,1,2,1,2,1,0.20248106122016907,1,0,0.17239633202552795,2,1,0.22806872427463531,0,0,0.14565768837928772,2,1,0.25139525532722473
subject_14:sample_0000204,14,204,2,2,1,2,1,2,1,0.2028454840183258,1,0,0.1720483899116516,2,1,0.22974607348442078,0,0,0.14210231602191925,2,1,0.25325676798820496
subject_14:sample_0000205,14,205,2,2,1,2,1,2,1,0.20267623662948608,1,0,0.1730392873287201,2,1,0.23049838840961456,0,0,0.13958482444286346,2,1,0.25420019030570984
subject_14:sample_0000206,14,206,2,2,1,2,1,2,1,0.2023131400346756,1,0,0.17512600123882294,2,1,0.2305096685886383,0,0,0.13780640065670013,2,1,0.2542438209056854
subject_14:sample_0000207,14,207,2,2,1,2,1,2,1,0.2015284150838852,2,1,0.17858843505382538,2,1,0.22998039424419403,0,0,0.1362622082233429,2,1,0.2536396086215973
subject_14:sample_0000208,14,208,2,2,1,2,1,2,1,0.20062124729156494,2,1,0.18137800693511963,2,1,0.22979719936847687,0,0,0.13467642664909363,2,1,0.25352615118026733
subject_14:sample_0000209,14,209,2,2,1,2,1,2,1,0.1999700963497162,2,1,0.18181543052196503,2,1,0.23039691150188446,1,0,0.1332375854253769,2,1,0.25457900762557983
subject_14:sample_0000210,14,210,2,2,1,2,1,2,1,0.19942273199558258,2,1,0.1820266842842102,2,1,0.2309335619211197,1,0,0.13196638226509094,2,1,0.2556496858596802
subject_14:sample_0000211,14,211,2,2,1,2,1,2,1,0.19875332713127136,2,1,0.18123911321163177,2,1,0.23124752938747406,1,0,0.13113442063331604,2,1,0.25762462615966797
subject_14:sample_0000212,14,212,2,2,1,2,1,2,1,0.19822785258293152,1,0,0.17902958393096924,2,1,0.23144955933094025,1,0,0.13032644987106323,2,1,0.26096564531326294
subject_14:sample_0000213,14,213,2,2,1,2,1,2,1,0.19741509854793549,1,0,0.17685091495513916,2,1,0.23126888275146484,1,0,0.13019700348377228,2,1,0.2642671763896942
subject_14:sample_0000214,14,214,2,2,1,2,1,2,1,0.19665950536727905,1,0,0.1747806966304779,2,1,0.23135635256767273,1,0,0.13029253482818604,2,1,0.26690998673439026
subject_14:sample_0000215,14,215,2,2,1,2,1,2,1,0.1959974467754364,1,0,0.17273671925067902,2,1,0.2308925986289978,1,0,0.13022863864898682,2,1,0.27014365792274475
subject_14:sample_0000216,14,216,2,2,1,2,1,2,1,0.1948712021112442,1,0,0.17068496346473694,2,1,0.22974736988544464,0,0,0.13093861937522888,2,1,0.27375686168670654
subject_14:sample_0000217,14,217,2,2,1,2,1,2,1,0.19313126802444458,1,0,0.1692640632390976,2,1,0.22908291220664978,0,0,0.1316196322441101,2,1,0.27690109610557556
subject_14:sample_0000218,14,218,2,2,1,2,1,2,1,0.19141212105751038,1,0,0.16815051436424255,2,1,0.22837334871292114,0,0,0.13253645598888397,2,1,0.27952665090560913
subject_14:sample_0000219,14,219,2,2,1,2,1,2,1,0.18886461853981018,1,0,0.1671621948480606,2,1,0.22780244052410126,0,0,0.13330379128456116,2,1,0.2828659415245056
subject_14:sample_0000220,14,220,2,2,1,2,1,2,1,0.1863430142402649,1,0,0.1664978712797165,2,1,0.227151021361351,0,0,0.13383640348911285,2,1,0.28617069125175476
subject_14:sample_0000221,14,221,2,2,1,2,1,0,0,0.18500137329101562,1,0,0.16608485579490662,2,1,0.22626210749149323,0,0,0.13414445519447327,2,1,0.28850623965263367
subject_14:sample_0000222,14,222,2,2,1,2,1,0,0,0.18451178073883057,1,0,0.16629648208618164,2,1,0.22524622082710266,0,0,0.13415324687957764,2,1,0.2897912859916687
subject_14:sample_0000223,14,223,2,2,1,2,1,0,0,0.18428853154182434,1,0,0.16717153787612915,2,1,0.22359250485897064,0,0,0.13420365750789642,2,1,0.29074278473854065
subject_14:sample_0000224,14,224,2,2,1,2,1,0,0,0.1835997849702835,0,0,0.1679130345582962,2,1,0.22197343409061432,0,0,0.13459739089012146,2,1,0.2919153869152069
subject_14:sample_0000225,14,225,2,2,1,2,1,0,0,0.1827985942363739,0,0,0.16841034591197968,2,1,0.2212817221879959,0,0,0.1347784548997879,2,1,0.2927299737930298
subject_14:sample_0000226,14,226,2,2,1,2,1,0,0,0.18245187401771545,0,0,0.16933760046958923,2,1,0.2204807847738266,0,0,0.1348036825656891,2,1,0.2929251492023468
subject_14:sample_0000227,14,227,2,2,1,0,0,0,0,0.1819305568933487,0,0,0.16955915093421936,2,1,0.21973198652267456,0,0,0.13492071628570557,2,1,0.2938566505908966
subject_14:sample_0000228,14,228,2,0,0,0,0,0,0,0.18113255500793457,0,0,0.17017774283885956,2,1,0.2185780555009842,0,0,0.13532894849777222,2,1,0.29478174448013306
subject_14:sample_0000229,14,229,2,0,0,0,0,0,0,0.1806323379278183,0,0,0.1702289879322052,2,1,0.21763208508491516,0,0,0.13569040596485138,2,1,0.29581525921821594
subject_14:sample_0000230,14,230,2,0,0,0,0,0,0,0.18039557337760925,0,0,0.16989414393901825,1,0,0.2172841578722,0,0,0.13584409654140472,2,1,0.29658111929893494
subject_14:sample_0000231,14,231,2,0,0,0,0,0,0,0.18011972308158875,0,0,0.16907282173633575,1,0,0.21717941761016846,0,0,0.13605718314647675,2,1,0.2975698709487915
subject_14:sample_0000232,14,232,2,0,0,0,0,0,0,0.17951180040836334,0,0,0.16852882504463196,1,0,0.2170649617910385,0,0,0.13642151653766632,2,1,0.29847192764282227
subject_14:sample_0000233,14,233,2,0,0,0,0,0,0,0.1781386137008667,0,0,0.1686066836118698,1,0,0.21724514663219452,0,0,0.13682745397090912,2,1,0.29918116331100464
subject_14:sample_0000234,14,234,2,0,0,0,0,0,0,0.17727062106132507,0,0,0.16836069524288177,1,0,0.2176063358783722,0,0,0.1371765434741974,2,1,0.2995848059654236
subject_14:sample_0000235,14,235,1,1,1,1,1,1,1,0.21100372076034546,1,1,0.20745675265789032,0,0,0.20582520961761475,1,1,0.22258523106575012,0,0,0.15312805771827698
subject_14:sample_0000236,14,236,1,1,1,1,1,1,1,0.2110808789730072,1,1,0.2079508900642395,0,0,0.20341655611991882,1,1,0.22426989674568176,0,0,0.15328079462051392
subject_14:sample_0000237,14,237,1,1,1,1,1,1,1,0.21142332255840302,1,1,0.2086734175682068,0,0,0.19980120658874512,1,1,0.2263471484184265,0,0,0.15375395119190216
subject_14:sample_0000238,14,238,1,1,1,1,1,1,1,0.21222810447216034,1,1,0.20968282222747803,0,0,0.19537357985973358,1,1,0.22846730053424835,0,0,0.1542472392320633
subject_14:sample_0000239,14,239,1,1,1,1,1,1,1,0.21326948702335358,1,1,0.2109701931476593,0,0,0.19080686569213867,1,1,0.22986143827438354,0,0,0.15509098768234253
subject_14:sample_0000240,14,240,1,1,1,1,1,1,1,0.2139192670583725,1,1,0.21168263256549835,0,0,0.18789836764335632,1,1,0.23065143823623657,0,0,0.15584735572338104
subject_14:sample_0000241,14,241,1,1,1,1,1,1,1,0.21502694487571716,1,1,0.2120903730392456,0,0,0.18699175119400024,1,1,0.22909590601921082,0,0,0.15679405629634857
subject_14:sample_0000242,14,242,1,1,1,1,1,1,1,0.21663877367973328,1,1,0.2125457376241684,0,0,0.18632817268371582,1,1,0.226454958319664,0,0,0.1580314338207245
subject_14:sample_0000243,14,243,1,1,1,1,1,1,1,0.2185012847185135,1,1,0.2133583426475525,0,0,0.18499432504177094,1,1,0.22337746620178223,0,0,0.15976761281490326
subject_14:sample_0000244,14,244,1,1,1,1,1,1,1,0.21950390934944153,1,1,0.21373938024044037,0,0,0.18487082421779633,1,1,0.22099731862545013,0,0,0.16088756918907166
subject_14:sample_0000245,14,245,1,1,1,1,1,1,1,0.2198488861322403,1,1,0.21370306611061096,0,0,0.18608327209949493,1,1,0.21866323053836823,0,0,0.16170062124729156
subject_14:sample_0000246,14,246,1,1,1,1,1,1,1,0.22024403512477875,1,1,0.21392236649990082,0,0,0.1856716126203537,1,1,0.21794606745243073,0,0,0.16221493482589722
subject_14:sample_0000247,14,247,1,1,1,1,1,1,1,0.22076021134853363,1,1,0.21450284123420715,0,0,0.18422824144363403,1,1,0.21751193702220917,0,0,0.16299577057361603
subject_14:sample_0000248,14,248,1,1,1,1,1,1,1,0.22101794183254242,1,1,0.214869424700737,0,0,0.18394087255001068,1,1,0.2166873812675476,0,0,0.1634833812713623
subject_14:sample_0000249,14,249,1,1,1,1,1,1,1,0.22114711999893188,1,1,0.21531495451927185,0,0,0.1837279498577118,1,1,0.216107577085495,0,0,0.16370144486427307
subject_14:sample_0000250,14,250,1,1,1,1,1,1,1,0.2211623191833496,1,1,0.215694859623909,0,0,0.1835670918226242,1,1,0.21579238772392273,0,0,0.16378247737884521
subject_14:sample_0000251,14,251,1,1,1,1,1,1,1,0.22061485052108765,1,1,0.21575841307640076,0,0,0.18518558144569397,1,1,0.21441105008125305,0,0,0.16402916610240936
subject_14:sample_0000252,14,252,1,1,1,1,1,1,1,0.2204420119524002,1,1,0.2162071317434311,0,0,0.18553426861763,1,1,0.2133106142282486,0,0,0.1645049899816513
subject_14:sample_0000253,14,253,1,1,1,1,1,1,1,0.21995307505130768,1,1,0.21666394174098969,0,0,0.18601277470588684,1,1,0.21237033605575562,0,0,0.16499896347522736
subject_14:sample_0000254,14,254,1,1,1,1,1,1,1,0.2193039208650589,1,1,0.2169831544160843,0,0,0.18721018731594086,1,1,0.21116724610328674,0,0,0.16533462703227997
subject_14:sample_0000255,14,255,1,1,1,1,1,1,1,0.2185172736644745,1,1,0.21655309200286865,0,0,0.18884339928627014,1,1,0.21103748679161072,0,0,0.16504772007465363
subject_14:sample_0000256,14,256,1,1,1,1,1,1,1,0.21723191440105438,1,1,0.21593055129051208,0,0,0.19099527597427368,1,1,0.21109504997730255,0,0,0.16474618017673492
subject_14:sample_0000257,14,257,1,1,1,1,1,1,1,0.21556593477725983,1,1,0.21473369002342224,0,0,0.19310130178928375,1,1,0.21254558861255646,0,0,0.1640525460243225
subject_14:sample_0000258,14,258,1,1,1,1,1,1,1,0.21403928101062775,1,1,0.21336619555950165,0,0,0.1943083554506302,1,1,0.21508154273033142,0,0,0.16320370137691498
subject_14:sample_0000259,14,259,1,1,1,1,1,1,1,0.21192210912704468,1,1,0.21137316524982452,0,0,0.19616630673408508,1,1,0.21859075129032135,0,0,0.16194669902324677
subject_14:sample_0000260,14,260,1,1,1,1,1,1,1,0.20934563875198364,1,1,0.20879483222961426,0,0,0.19945783913135529,1,1,0.2221895158290863,0,0,0.16021119058132172
subject_14:sample_0000261,14,261,1,1,1,1,1,1,1,0.20719702541828156,1,1,0.20671865344047546,1,1,0.20161332190036774,1,1,0.22578425705432892,0,0,0.1586858332157135
subject_14:sample_0000262,14,262,1,1,1,1,1,1,1,0.20543596148490906,1,1,0.20480947196483612,1,1,0.20078006386756897,1,1,0.23173369467258453,0,0,0.15723994374275208
subject_14:sample_0000263,14,263,1,1,1,1,1,1,1,0.20350337028503418,1,1,0.20259076356887817,1,1,0.19835373759269714,1,1,0.2399701476097107,0,0,0.15558098256587982
subject_14:sample_0000264,14,264,1,1,1,1,1,1,1,0.20027807354927063,1,1,0.1988658308982849,1,1,0.19514082372188568,1,1,0.2531241178512573,0,0,0.15259023010730743
subject_14:sample_0000265,14,265,1,1,1,1,1,1,1,0.19706574082374573,1,1,0.1951705515384674,1,1,0.19257277250289917,1,1,0.26537761092185974,0,0,0.14981234073638916
subject_14:sample_0000266,14,266,1,1,1,1,1,1,1,0.19485442340373993,1,1,0.1927683800458908,1,1,0.19217610359191895,2,0,0.27200260758399963,0,0,0.14819757640361786
subject_14:sample_0000267,14,267,1,1,1,1,1,1,1,0.19326820969581604,1,1,0.1911824643611908,1,1,0.19260269403457642,2,0,0.27586010098457336,0,0,0.14708563685417175
subject_14:sample_0000268,14,268,1,1,1,1,1,1,1,0.1921187788248062,1,1,0.19032584130764008,1,1,0.19295483827590942,2,0,0.278304785490036,0,0,0.14629481732845306
subject_14:sample_0000269,14,269,1,1,1,1,1,1,1,0.1910737007856369,1,1,0.19010023772716522,1,1,0.19265149533748627,2,0,0.2799830436706543,0,0,0.1461905539035797
subject_14:sample_0000270,14,270,1,1,1,1,1,1,1,0.19038546085357666,1,1,0.18988771736621857,1,1,0.19174166023731232,2,0,0.2823765277862549,0,0,0.14560773968696594
subject_14:sample_0000271,14,271,1,1,1,1,1,1,1,0.19001726806163788,1,1,0.18977639079093933,1,1,0.19041374325752258,2,0,0.28437936305999756,0,0,0.14541231095790863
subject_14:sample_0000272,14,272,1,1,1,1,1,1,1,0.19108372926712036,1,1,0.1899106651544571,1,1,0.18995310366153717,2,0,0.2830311954021454,0,0,0.14602041244506836
subject_14:sample_0000273,14,273,1,1,1,1,1,1,1,0.19195520877838135,1,1,0.18842506408691406,1,1,0.18996499478816986,2,0,0.2840609848499298,0,0,0.1455927938222885
subject_14:sample_0000274,14,274,1,1,1,1,1,1,1,0.19177480041980743,1,1,0.18636026978492737,1,1,0.18918061256408691,2,0,0.2883695065975189,0,0,0.14431384205818176
subject_14:sample_0000275,14,275,1,1,1,1,1,1,1,0.19176504015922546,1,1,0.18484947085380554,1,1,0.1886247992515564,2,0,0.2915312647819519,0,0,0.14322851598262787
subject_14:sample_0000276,14,276,1,1,1,1,1,1,1,0.19141551852226257,1,1,0.18336831033229828,1,1,0.18793107569217682,2,0,0.29510167241096497,0,0,0.14218245446681976
subject_14:sample_0000277,14,277,1,1,1,1,1,1,1,0.19145318865776062,1,1,0.18261414766311646,1,1,0.1877572238445282,2,0,0.29688963294029236,0,0,0.14128486812114716
subject_14:sample_0000278,14,278,1,1,1,1,1,1,1,0.1910974383354187,1,1,0.18159033358097076,1,1,0.18723636865615845,2,0,0.3001548945903778,0,0,0.1399199515581131
subject_14:sample_0000279,14,279,1,1,1,1,1,1,1,0.19064375758171082,1,1,0.1805671602487564,1,1,0.18670669198036194,2,0,0.3033742904663086,0,0,0.13870710134506226
subject_14:sample_0000280,14,280,1,1,1,1,1,1,1,0.19062356650829315,1,1,0.18007172644138336,1,1,0.18676744401454926,2,0,0.30483248829841614,0,0,0.13770385086536407
subject_14:sample_0000281,14,281,1,1,1,1,1,1,1,0.190841943025589,1,1,0.18000291287899017,1,1,0.1870557963848114,2,0,0.3050585985183716,0,0,0.13703975081443787
subject_14:sample_0000282,14,282,1,1,1,1,1,1,1,0.19095741212368011,1,1,0.17977629601955414,1,1,0.1870332807302475,2,0,0.3059128224849701,0,0,0.13631920516490936
subject_14:sample_0000283,14,283,1,1,1,1,1,1,1,0.1911378800868988,1,1,0.1793605387210846,1,1,0.1868589222431183,2,0,0.3076375424861908,0,0,0.1350041627883911
subject_14:sample_0000284,14,284,1,1,1,1,1,1,1,0.1909312754869461,1,1,0.17851409316062927,1,1,0.18666280806064606,2,0,0.3106671869754791,0,0,0.13322368264198303
subject_14:sample_0000285,14,285,1,1,1,1,1,1,1,0.1907680332660675,1,1,0.17821626365184784,1,1,0.1866658478975296,2,0,0.3126005232334137,0,0,0.13174843788146973
subject_14:sample_0000286,14,286,1,1,1,1,1,1,1,0.19099746644496918,1,1,0.17915919423103333,1,1,0.1872275173664093,2,0,0.3115778863430023,0,0,0.13103701174259186
subject_14:sample_0000287,14,287,1,1,1,1,1,1,1,0.1910117119550705,1,1,0.18064795434474945,1,1,0.1879320740699768,2,0,0.3100792169570923,0,0,0.13032807409763336
subject_14:sample_0000288,14,288,1,1,1,1,1,1,1,0.1907293200492859,1,1,0.18256007134914398,1,1,0.18826882541179657,2,0,0.3087169826030731,0,0,0.12972383201122284
subject_14:sample_0000289,14,289,1,1,1,1,1,1,1,0.19027097523212433,1,1,0.18577513098716736,1,1,0.18847493827342987,2,0,0.30617719888687134,0,0,0.12930074334144592
subject_14:sample_0000290,14,290,1,1,1,1,1,1,1,0.1895362287759781,1,1,0.19131970405578613,1,1,0.18816937506198883,2,0,0.3017228841781616,0,0,0.12925082445144653
subject_14:sample_0000291,14,291,1,1,1,1,1,1,1,0.18899400532245636,1,1,0.19796007871627808,1,1,0.1877761036157608,2,0,0.29583868384361267,0,0,0.12943018972873688
subject_14:sample_0000292,14,292,1,1,1,1,1,1,1,0.18783830106258392,1,1,0.20589087903499603,1,1,0.18678027391433716,2,0,0.29052090644836426,0,0,0.12896870076656342
subject_14:sample_0000293,14,293,1,1,1,1,1,1,1,0.18692834675312042,1,1,0.21253490447998047,1,1,0.1857587993144989,2,0,0.28628185391426086,0,0,0.12849511206150055
subject_14:sample_0000294,14,294,1,1,1,1,1,1,1,0.18722668290138245,1,1,0.21767248213291168,1,1,0.18572138249874115,2,0,0.2806578278541565,0,0,0.1287207305431366
subject_14:sample_0000295,14,295,1,1,1,1,1,1,1,0.1883961707353592,1,1,0.22106392681598663,1,1,0.18655791878700256,2,0,0.27473485469818115,0,0,0.12924623489379883
subject_14:sample_0000296,14,296,1,1,1,1,1,1,1,0.1902107298374176,1,1,0.22201336920261383,1,1,0.18831418454647064,2,0,0.26958292722702026,0,0,0.12987785041332245
subject_14:sample_0000297,14,297,1,1,1,1,1,1,1,0.19165536761283875,1,1,0.22190935909748077,1,1,0.18972773849964142,2,0,0.2668363153934479,0,0,0.12987029552459717
subject_14:sample_0000298,14,298,1,1,1,1,1,1,1,0.19175393879413605,2,0,0.22314845025539398,1,1,0.18986164033412933,2,0,0.26646584272384644,0,0,0.1287691295146942
subject_14:sample_0000299,14,299,1,2,0,1,1,1,1,0.1913931518793106,2,0,0.22500257194042206,1,1,0.1887585073709488,2,0,0.26703107357025146,0,0,0.12781374156475067
subject_14:sample_0000300,14,300,1,2,0,1,1,1,1,0.1910111904144287,2,0,0.2269342690706253,1,1,0.1874094307422638,2,0,0.267494797706604,0,0,0.12714935839176178
subject_14:sample_0000301,14,301,1,2,0,1,1,1,1,0.190578892827034,2,0,0.23000335693359375,1,1,0.1844305843114853,2,0,0.26811379194259644,0,0,0.12687242031097412
subject_14:sample_0000302,14,302,1,2,0,1,1,1,1,0.19133278727531433,2,0,0.2320648729801178,0,0,0.18124864995479584,2,0,0.2675265669822693,0,0,0.12782618403434753
subject_14:sample_0000303,14,303,1,2,0,1,1,1,1,0.1923990547657013,2,0,0.23397202789783478,0,0,0.17743255198001862,2,0,0.26697057485580444,0,0,0.12922479212284088
subject_14:sample_0000304,14,304,1,2,0,1,1,1,1,0.1932082623243332,2,0,0.23688992857933044,0,0,0.1720067858695984,2,0,0.2672153413295746,0,0,0.1306786984205246
subject_14:sample_0000305,14,305,1,2,0,1,1,1,1,0.19460904598236084,2,0,0.23874950408935547,0,0,0.16764870285987854,2,0,0.2663102149963379,0,0,0.13268154859542847
subject_14:sample_0000306,14,306,1,2,0,1,1,1,1,0.19481389224529266,2,0,0.24094052612781525,0,0,0.1630435287952423,2,0,0.2674098312854767,0,0,0.13379128277301788
subject_14:sample_0000307,14,307,1,2,0,1,1,1,1,0.19571414589881897,2,0,0.24102909862995148,0,0,0.16211481392383575,2,0,0.26580601930618286,0,0,0.13533496856689453
subject_14:sample_0000308,14,308,1,2,0,1,1,1,1,0.1972358226776123,2,0,0.24049986898899078,0,0,0.162135049700737,2,0,0.262897789478302,0,0,0.13723047077655792
subject_14:sample_0000309,14,309,1,2,0,1,1,1,1,0.19881966710090637,2,0,0.23969407379627228,0,0,0.1635630875825882,2,0,0.25885143876075745,0,0,0.1390707790851593
subject_14:sample_0000310,14,310,1,2,0,1,1,1,1,0.19968509674072266,2,0,0.23991575837135315,0,0,0.16372790932655334,2,0,0.25675278902053833,0,0,0.1399175524711609
subject_14:sample_0000311,14,311,1,2,0,1,1,1,1,0.20078489184379578,2,0,0.23941124975681305,0,0,0.16598328948020935,2,0,0.25309887528419495,0,0,0.14072073996067047
subject_14:sample_0000312,14,312,1,1,1,1,1,1,1,0.20269566774368286,2,0,0.23846891522407532,0,0,0.16924680769443512,1,1,0.24779586493968964,0,0,0.14179174602031708
subject_14:sample_0000313,14,313,1,1,1,1,1,1,1,0.20532086491584778,2,0,0.2378537803888321,0,0,0.1721353977918625,1,1,0.2411857396364212,0,0,0.14350329339504242
subject_14:sample_0000314,14,314,1,1,1,1,1,1,1,0.20849299430847168,2,0,0.2377130389213562,0,0,0.17480717599391937,1,1,0.23340629041194916,0,0,0.1455795019865036
subject_14:sample_0000315,14,315,1,1,1,1,1,1,1,0.2114083170890808,2,0,0.23754942417144775,0,0,0.17844665050506592,1,1,0.22489717602729797,0,0,0.14769746363162994
subject_14:sample_0000316,14,316,1,1,1,1,1,1,1,0.21377789974212646,2,0,0.23649610579013824,0,0,0.18176986277103424,1,1,0.2178937792778015,0,0,0.15006133913993835
subject_14:sample_0000317,14,317,1,1,1,1,1,1,1,0.2154521346092224,2,0,0.2341495305299759,0,0,0.18495698273181915,1,1,0.2127963900566101,0,0,0.15264396369457245
subject_14:sample_0000318,14,318,1,1,1,1,1,1,1,0.21632859110832214,1,1,0.23209114372730255,0,0,0.18838995695114136,1,1,0.20782549679279327,0,0,0.15536388754844666
subject_14:sample_0000319,14,319,1,1,1,1,1,1,1,0.21654903888702393,1,1,0.2293270379304886,0,0,0.1912963092327118,1,1,0.20422354340553284,1,1,0.15860304236412048
subject_14:sample_0000320,14,320,1,1,1,1,1,1,1,0.21628567576408386,1,1,0.22576932609081268,1,1,0.1948763132095337,1,1,0.20061235129833221,1,1,0.16245533525943756
subject_14:sample_0000321,14,321,1,1,1,1,1,1,1,0.21587108075618744,1,1,0.22297127544879913,1,1,0.198738694190979,1,1,0.1976718157529831,1,1,0.1647462248802185
subject_14:sample_0000322,14,322,1,1,1,1,1,1,1,0.21545878052711487,1,1,0.22171632945537567,1,1,0.2022036612033844,1,1,0.19510842859745026,1,1,0.1655118763446808
subject_14:sample_0000323,14,323,1,1,1,1,1,1,1,0.2154134213924408,1,1,0.22101826965808868,1,1,0.20449206233024597,1,1,0.19323280453681946,1,1,0.16584251821041107
subject_14:sample_0000324,14,324,1,1,1,1,1,1,1,0.21560630202293396,1,1,0.22011953592300415,1,1,0.20657171308994293,1,1,0.19162946939468384,1,1,0.16607198119163513
subject_14:sample_0000325,14,325,1,1,1,1,1,1,1,0.2156694531440735,1,1,0.21996274590492249,1,1,0.20846416056156158,1,1,0.18978475034236908,1,1,0.16611798107624054
subject_14:sample_0000326,14,326,1,1,1,1,1,1,1,0.21574051678180695,1,1,0.2197551280260086,1,1,0.21005360782146454,1,1,0.1881522238254547,1,1,0.1662975400686264
subject_14:sample_0000327,14,327,1,1,1,1,1,1,1,0.21584221720695496,1,1,0.2198960781097412,1,1,0.21122460067272186,1,1,0.1868545264005661,1,1,0.16618159413337708
subject_14:sample_0000328,14,328,1,1,1,1,1,1,1,0.21606452763080597,1,1,0.21984219551086426,1,1,0.21234649419784546,1,1,0.18553876876831055,1,1,0.16620713472366333
subject_14:sample_0000329,14,329,1,1,1,1,1,1,1,0.21641652286052704,1,1,0.21988904476165771,1,1,0.21308627724647522,1,1,0.1844812035560608,1,1,0.16612598299980164
subject_14:sample_0000330,14,330,1,1,1,1,1,1,1,0.21693389117717743,1,1,0.2206922322511673,1,1,0.21396608650684357,1,1,0.18291927874088287,1,1,0.16548752784729004
subject_14:sample_0000331,14,331,1,1,1,1,1,1,1,0.21741563081741333,1,1,0.22143539786338806,1,1,0.21472008526325226,1,1,0.18154244124889374,1,1,0.164885476231575
subject_14:sample_0000332,14,332,1,1,1,1,1,1,1,0.21772490441799164,1,1,0.22177337110042572,1,1,0.21546797454357147,1,1,0.18052375316619873,1,1,0.16450901329517365
subject_14:sample_0000333,14,333,1,1,1,1,1,1,1,0.21788284182548523,1,1,0.22234603762626648,1,1,0.21628351509571075,1,1,0.17938454449176788,1,1,0.16410215198993683
subject_14:sample_0000334,14,334,1,1,1,1,1,1,1,0.2180468738079071,1,1,0.22187700867652893,1,1,0.21670623123645782,1,1,0.17908841371536255,1,1,0.1642804890871048
subject_14:sample_0000335,14,335,1,1,1,1,1,1,1,0.21781402826309204,1,1,0.2205745279788971,1,1,0.2171466052532196,1,1,0.17929573357105255,1,1,0.16516819596290588
subject_14:sample_0000336,14,336,1,1,1,1,1,1,1,0.21756966412067413,1,1,0.21945631504058838,1,1,0.21779559552669525,1,1,0.17929594218730927,1,1,0.16588155925273895
subject_14:sample_0000337,14,337,1,1,1,1,1,1,1,0.2173715978860855,1,1,0.2185753881931305,1,1,0.21834586560726166,1,1,0.17928050458431244,1,1,0.1664256453514099
subject_14:sample_0000338,14,338,1,1,1,1,1,1,1,0.21751631796360016,1,1,0.2179255187511444,1,1,0.21879446506500244,1,1,0.17898744344711304,1,1,0.16677524149417877
subject_14:sample_0000339,14,339,1,1,1,1,1,1,1,0.2176879197359085,1,1,0.21772506833076477,1,1,0.21930597722530365,1,1,0.17851220071315765,1,1,0.166767880320549
subject_14:sample_0000340,14,340,1,1,1,1,1,1,1,0.21797707676887512,1,1,0.21748758852481842,1,1,0.21987619996070862,1,1,0.17806679010391235,1,1,0.16659140586853027
subject_14:sample_0000341,14,341,1,1,1,1,1,1,1,0.2183285653591156,1,1,0.21782286465168,1,1,0.22046202421188354,1,1,0.17726977169513702,1,1,0.16611579060554504
subject_14:sample_0000342,14,342,1,1,1,1,1,1,1,0.2185429036617279,1,1,0.2180788516998291,1,1,0.2212400883436203,1,1,0.17655885219573975,1,1,0.16557835042476654
subject_14:sample_0000343,14,343,1,1,1,1,1,1,1,0.2188243418931961,1,1,0.2179843932390213,1,1,0.22195182740688324,1,1,0.17602944374084473,1,1,0.16520899534225464
subject_14:sample_0000344,14,344,1,1,1,1,1,1,1,0.21897576749324799,1,1,0.21809600293636322,1,1,0.22299659252166748,1,1,0.1753518283367157,1,1,0.16457882523536682
subject_14:sample_0000345,14,345,1,1,1,1,1,1,1,0.2194020003080368,1,1,0.2184974104166031,1,1,0.22410008311271667,1,1,0.17443718016147614,1,1,0.16356240212917328
subject_14:sample_0000346,14,346,1,1,1,1,1,1,1,0.22009795904159546,1,1,0.21909263730049133,1,1,0.22525769472122192,1,1,0.17339003086090088,1,1,0.1621607393026352
subject_14:sample_0000347,14,347,1,1,1,1,1,1,1,0.22120194137096405,1,1,0.21966062486171722,1,1,0.22592805325984955,1,1,0.1724092960357666,1,1,0.16079914569854736
subject_14:sample_0000348,14,348,1,1,1,1,1,1,1,0.2230505347251892,1,1,0.22000393271446228,1,1,0.22639939188957214,1,1,0.1713254153728485,1,1,0.15921981632709503
subject_14:sample_0000349,14,349,1,1,1,1,1,1,1,0.22517353296279907,1,1,0.2213650792837143,1,1,0.22666044533252716,1,1,0.16959567368030548,1,1,0.15720431506633759
subject_14:sample_0000350,14,350,1,1,1,1,1,1,1,0.2280345857143402,1,1,0.2223505675792694,1,1,0.2262161374092102,1,1,0.167975053191185,1,1,0.15542271733283997
subject_14:sample_0000351,14,351,1,1,1,1,1,1,1,0.23021544516086578,1,1,0.2230766862630844,1,1,0.22600863873958588,1,1,0.1666821390390396,1,1,0.1540161520242691
subject_14:sample_0000352,14,352,1,1,1,1,1,1,1,0.2314736545085907,1,1,0.2241653949022293,1,1,0.2262328863143921,1,1,0.16543710231781006,1,1,0.1526900827884674
subject_14:sample_0000353,14,353,1,1,1,1,1,1,1,0.23368719220161438,1,1,0.22544333338737488,1,1,0.22617675364017487,1,1,0.16369865834712982,1,1,0.15099304914474487
subject_14:sample_0000354,14,354,1,1,1,1,1,1,1,0.23596136271953583,1,1,0.2273143082857132,1,1,0.2260628342628479,1,1,0.1616007685661316,1,1,0.14905977249145508
subject_14:sample_0000355,14,355,1,1,1,1,1,1,1,0.23843754827976227,1,1,0.22998294234275818,1,1,0.2258453220129013,1,1,0.15906843543052673,1,1,0.14666470885276794
subject_14:sample_0000356,14,356,1,1,1,1,1,1,1,0.24103622138500214,1,1,0.23208844661712646,1,1,0.22537705302238464,1,1,0.15681502223014832,1,1,0.14468234777450562
subject_14:sample_0000357,14,357,1,1,1,1,1,1,1,0.24352876842021942,1,1,0.23429220914840698,1,1,0.22472479939460754,1,1,0.154708594083786,1,1,0.14274464547634125
subject_14:sample_0000358,14,358,1,1,1,1,1,1,1,0.2449466586112976,1,1,0.23494631052017212,1,1,0.2242463380098343,1,1,0.15385577082633972,1,1,0.14200392365455627
subject_14:sample_0000359,14,359,1,1,1,1,1,1,1,0.24656346440315247,1,1,0.23668605089187622,1,1,0.22367490828037262,1,1,0.15243004262447357,1,1,0.14064455032348633
subject_14:sample_0000360,14,360,1,1,1,1,1,1,1,0.24725590646266937,1,1,0.23898650705814362,1,1,0.2236068993806839,1,1,0.15086419880390167,1,1,0.13928550481796265
subject_14:sample_0000361,14,361,1,1,1,1,1,1,1,0.24810263514518738,1,1,0.2421383112668991,1,1,0.2237362116575241,1,1,0.14868377149105072,1,1,0.13733811676502228
subject_14:sample_0000362,14,362,1,1,1,1,1,1,1,0.24957802891731262,1,1,0.24577119946479797,1,1,0.2224021852016449,1,1,0.14673487842082977,1,1,0.13551276922225952
subject_14:sample_0000363,14,363,1,1,1,1,1,1,1,0.25067970156669617,1,1,0.2497088462114334,1,1,0.2211342751979828,1,1,0.14477679133415222,1,1,0.133699432015419
subject_14:sample_0000364,14,364,1,1,1,1,1,1,1,0.2512831687927246,2,0,0.25416457653045654,1,1,0.221042662858963,1,1,0.14215853810310364,1,1,0.1313500702381134
subject_14:sample_0000365,14,365,1,1,1,1,1,1,1,0.25177842378616333,2,0,0.26049768924713135,1,1,0.2200983464717865,1,1,0.13902884721755981,1,1,0.1285957396030426
subject_14:sample_0000366,14,366,1,1,1,1,1,2,0,0.25229573249816895,2,0,0.26480233669281006,1,1,0.21872685849666595,1,1,0.13715201616287231,1,1,0.1270221322774887
subject_14:sample_0000367,14,367,1,1,1,1,1,2,0,0.25302159786224365,2,0,0.2680973708629608,1,1,0.21799533069133759,1,1,0.13539379835128784,1,1,0.1254909634590149
subject_14:sample_0000368,14,368,1,1,1,1,1,2,0,0.2533898651599884,2,0,0.2697257697582245,1,1,0.21785859763622284,1,1,0.1343594342470169,1,1,0.12466539442539215
subject_14:sample_0000369,14,369,1,1,1,1,1,2,0,0.25424817204475403,2,0,0.2717703878879547,1,1,0.21760788559913635,1,1,0.13300685584545135,1,1,0.12336581200361252
subject_14:sample_0000370,14,370,1,2,0,1,1,2,0,0.25506702065467834,2,0,0.2735131084918976,1,1,0.21713954210281372,1,1,0.1319103240966797,1,1,0.12236904352903366
subject_14:sample_0000371,14,371,1,2,0,1,1,2,0,0.25626274943351746,2,0,0.27523931860923767,1,1,0.2160138338804245,1,1,0.1309380978345871,1,1,0.12154506146907806
subject_14:sample_0000372,14,372,1,2,0,1,1,2,0,0.2576752305030823,2,0,0.27686479687690735,1,1,0.21351854503154755,1,1,0.13065338134765625,1,1,0.12128712981939316
subject_14:sample_0000373,14,373,1,2,0,1,1,2,0,0.25898703932762146,2,0,0.27810579538345337,1,1,0.211387038230896,1,1,0.13036908209323883,1,1,0.12115006148815155
subject_14:sample_0000374,14,374,1,2,0,1,1,2,0,0.26049238443374634,2,0,0.27960121631622314,1,1,0.20814108848571777,1,1,0.13044589757919312,1,1,0.12131843715906143
subject_14:sample_0000375,14,375,1,2,0,1,1,2,0,0.261941522359848,2,0,0.28156331181526184,1,1,0.2036707103252411,1,1,0.13102123141288757,1,1,0.12180223315954208
subject_14:sample_0000376,14,376,1,2,0,1,1,2,0,0.26363232731819153,2,0,0.28451672196388245,1,1,0.19747592508792877,1,1,0.13185012340545654,1,1,0.12252400070428848
subject_14:sample_0000377,14,377,1,2,0,1,1,2,0,0.2651452422142029,2,0,0.2872881591320038,1,1,0.19152891635894775,1,1,0.13277749717235565,1,1,0.12325932085514069
subject_14:sample_0000378,14,378,1,2,0,1,1,2,0,0.26638317108154297,2,0,0.2896961271762848,1,1,0.18601740896701813,1,1,0.13382288813591003,1,1,0.12407946586608887
subject_14:sample_0000379,14,379,1,2,0,1,1,2,0,0.267490029335022,2,0,0.2915371060371399,1,1,0.1808018833398819,1,1,0.13512194156646729,1,1,0.12504807114601135
subject_14:sample_0000380,14,380,1,2,0,1,1,2,0,0.2683887183666229,2,0,0.29242411255836487,1,1,0.17681221663951874,1,1,0.13637711107730865,1,1,0.1259969174861908
subject_14:sample_0000381,14,381,1,2,0,1,1,2,0,0.26919683814048767,2,0,0.2912498414516449,1,1,0.17423740029335022,1,1,0.1383276730775833,1,1,0.1269873082637787
subject_14:sample_0000382,14,382,1,2,0,1,1,2,0,0.26981455087661743,2,0,0.28881269693374634,1,1,0.17313112318515778,1,1,0.14037136733531952,1,1,0.12786926329135895
subject_14:sample_0000383,14,383,1,2,0,1,1,2,0,0.27025026082992554,2,0,0.2847818434238434,1,1,0.17245349287986755,1,1,0.14360375702381134,1,1,0.12890967726707458
subject_14:sample_0000384,14,384,1,2,0,1,1,2,0,0.27025216817855835,2,0,0.28042373061180115,1,1,0.17166326940059662,1,1,0.14740504324436188,1,1,0.1302548199892044
subject_14:sample_0000385,14,385,1,2,0,1,1,2,0,0.27018436789512634,2,0,0.27596208453178406,1,1,0.17094458639621735,1,1,0.15101191401481628,1,1,0.13189609348773956
subject_14:sample_0000386,14,386,1,2,0,1,1,2,0,0.26982176303863525,2,0,0.2713537812232971,1,1,0.17107801139354706,1,1,0.15390636026859283,1,1,0.13383910059928894
subject_14:sample_0000387,14,387,1,2,0,1,1,2,0,0.2679736316204071,2,0,0.2672688961029053,1,1,0.17186853289604187,1,1,0.15691176056861877,1,1,0.135976180434227
subject_14:sample_0000388,14,388,1,2,0,1,1,2,0,0.2651132643222809,2,0,0.2630701959133148,1,1,0.17288784682750702,1,1,0.16034923493862152,1,1,0.13857854902744293
subject_14:sample_0000389,14,389,1,1,1,1,1,2,0,0.26093271374702454,0,0,0.25855880975723267,1,1,0.17335787415504456,0,0,0.16572652757167816,1,1,0.14142315089702606
subject_14:sample_0000390,14,390,1,0,0,1,1,2,0,0.2564927935600281,0,0,0.2543317973613739,1,1,0.17387083172798157,0,0,0.17159312963485718,1,1,0.14371052384376526
subject_14:sample_0000391,14,391,1,0,0,0,0,2,0,0.2515560984611511,0,0,0.2502323091030121,1,1,0.17486883699893951,0,0,0.1774243414402008,1,1,0.14591753482818604
subject_14:sample_0000392,14,392,1,0,0,0,0,0,0,0.24646036326885223,0,0,0.24610085785388947,1,1,0.17585214972496033,0,0,0.18351878225803375,1,1,0.14806689321994781
subject_14:sample_0000393,14,393,1,0,0,0,0,0,0,0.24200156331062317,0,0,0.24308516085147858,1,1,0.17647221684455872,0,0,0.18867753446102142,1,1,0.1497625857591629
subject_14:sample_0000394,14,394,1,0,0,0,0,0,0,0.23934714496135712,0,0,0.24105416238307953,1,1,0.1768961250782013,0,0,0.19174516201019287,1,1,0.15095651149749756
subject_14:sample_0000395,14,395,1,0,0,0,0,0,0,0.23798184096813202,0,0,0.23924340307712555,1,1,0.17734916508197784,0,0,0.19391034543514252,1,1,0.15151432156562805
subject_14:sample_0000396,14,396,1,0,0,0,0,0,0,0.23746401071548462,0,0,0.23751124739646912,1,1,0.17777110636234283,0,0,0.1951594203710556,1,1,0.15209320187568665
subject_14:sample_0000397,14,397,1,0,0,0,0,0,0,0.23717735707759857,0,0,0.23546971380710602,1,1,0.17836621403694153,0,0,0.19629406929016113,1,1,0.15269160270690918
subject_14:sample_0000398,14,398,1,0,0,0,0,0,0,0.2369650900363922,0,0,0.2340541034936905,1,1,0.1791798621416092,0,0,0.1968131959438324,1,1,0.15298683941364288
subject_14:sample_0000399,14,399,1,0,0,0,0,0,0,0.23653966188430786,0,0,0.23271912336349487,1,1,0.18015019595623016,0,0,0.19695131480693817,1,1,0.15363873541355133
subject_14:sample_0000400,14,400,1,0,0,0,0,0,0,0.2360612452030182,0,0,0.23122569918632507,1,1,0.18098989129066467,0,0,0.19733558595180511,1,1,0.15438657999038696
subject_14:sample_0000401,14,401,1,0,0,0,0,0,0,0.23554733395576477,0,0,0.22999411821365356,1,1,0.18156634271144867,0,0,0.19808807969093323,1,1,0.15480314195156097
subject_14:sample_0000402,14,402,1,0,0,0,0,0,0,0.23508454859256744,0,0,0.22919799387454987,1,1,0.1818210780620575,0,0,0.1990119069814682,1,1,0.1548834592103958
subject_14:sample_0000403,14,403,1,0,0,0,0,0,0,0.23459166288375854,0,0,0.22814807295799255,1,1,0.1821926236152649,0,0,0.19987602531909943,1,1,0.15519070625305176
subject_14:sample_0000404,14,404,1,0,0,0,0,0,0,0.2338671088218689,0,0,0.227258563041687,1,1,0.18257729709148407,0,0,0.20069199800491333,1,1,0.1556040346622467
subject_14:sample_0000405,14,405,1,0,0,0,0,0,0,0.23344020545482635,0,0,0.22666528820991516,1,1,0.18263891339302063,0,0,0.20133984088897705,1,1,0.15591475367546082
subject_14:sample_0000406,14,406,1,0,0,0,0,0,0,0.2327509969472885,0,0,0.22607892751693726,1,1,0.182864248752594,0,0,0.20183700323104858,1,1,0.15646788477897644
subject_14:sample_0000407,14,407,1,0,0,0,0,0,0,0.23296783864498138,0,0,0.22639557719230652,1,1,0.18197955191135406,0,0,0.2026006430387497,1,1,0.15605542063713074
subject_14:sample_0000408,14,408,1,0,0,0,0,0,0,0.2332211285829544,0,0,0.22685810923576355,1,1,0.18104970455169678,0,0,0.20328539609909058,1,1,0.1555846929550171
subject_14:sample_0000409,14,409,1,0,0,0,0,0,0,0.23325149714946747,0,0,0.22724583745002747,1,1,0.18053172528743744,0,0,0.2037990242242813,1,1,0.15517093241214752
subject_14:sample_0000410,14,410,1,0,0,0,0,0,0,0.2333286851644516,0,0,0.22758404910564423,1,1,0.18005633354187012,0,0,0.2043042927980423,1,1,0.15472567081451416
subject_14:sample_0000411,14,411,1,0,0,0,0,0,0,0.23354265093803406,0,0,0.22783489525318146,1,1,0.17997586727142334,0,0,0.20441752672195435,1,1,0.15422804653644562
subject_14:sample_0000412,14,412,1,0,0,0,0,0,0,0.23339855670928955,0,0,0.227655827999115,1,1,0.18053260445594788,0,0,0.20431753993034363,1,1,0.15409442782402039
subject_14:sample_0000413,14,413,1,0,0,0,0,0,0,0.2325790524482727,0,0,0.22699081897735596,1,1,0.18171018362045288,0,0,0.2043950855731964,1,1,0.15432393550872803
subject_14:sample_0000414,14,414,1,0,0,0,0,0,0,0.2315993756055832,0,0,0.2262994945049286,1,1,0.18291112780570984,0,0,0.20461846888065338,1,1,0.1545705795288086
subject_14:sample_0000415,14,415,1,0,0,0,0,0,0,0.23056034743785858,0,0,0.22541344165802002,1,1,0.1844584196805954,0,0,0.20455840229988098,1,1,0.15500839054584503
subject_14:sample_0000416,14,416,1,0,0,0,0,0,0,0.22982747852802277,0,0,0.2246638685464859,1,1,0.18557307124137878,0,0,0.20469412207603455,1,1,0.1552404761314392
subject_14:sample_0000417,14,417,1,0,0,0,0,0,0,0.2288389801979065,0,0,0.22386878728866577,1,1,0.18686328828334808,0,0,0.2047061175107956,1,1,0.15572190284729004
subject_14:sample_0000418,14,418,1,0,0,0,0,0,0,0.22792381048202515,0,0,0.22301052510738373,1,1,0.18811696767807007,0,0,0.20469284057617188,1,1,0.15625488758087158
subject_14:sample_0000419,14,419,1,0,0,0,0,0,0,0.2271393984556198,0,0,0.22245964407920837,1,1,0.18897965550422668,0,0,0.20474755764007568,1,1,0.15667273104190826
subject_14:sample_0000420,14,420,1,0,0,0,0,0,0,0.22657997906208038,0,0,0.2224063277244568,1,1,0.18938803672790527,0,0,0.20501214265823364,1,1,0.15661250054836273
subject_14:sample_0000421,14,421,1,0,0,0,0,0,0,0.22601298987865448,0,0,0.22244231402873993,1,1,0.189771369099617,0,0,0.20534896850585938,1,1,0.1564234048128128
subject_14:sample_0000422,14,422,1,0,0,0,0,0,0,0.22579866647720337,0,0,0.22252747416496277,1,1,0.18970920145511627,0,0,0.20606017112731934,1,1,0.15590351819992065
subject_14:sample_0000423,14,423,1,0,0,0,0,0,0,0.2260066568851471,0,0,0.22270524501800537,1,1,0.18931567668914795,0,0,0.20706075429916382,1,1,0.15491071343421936
subject_14:sample_0000424,14,424,1,0,0,0,0,0,0,0.22620674967765808,0,0,0.2230529487133026,1,1,0.18895608186721802,0,0,0.2078612744808197,1,1,0.153921976685524
subject_14:sample_0000425,14,425,1,0,0,0,0,0,0,0.22615373134613037,0,0,0.22363707423210144,1,1,0.18876826763153076,0,0,0.20845356583595276,1,1,0.15298636257648468
subject_14:sample_0000426,14,426,1,0,0,0,0,0,0,0.2257986068725586,0,0,0.22429212927818298,1,1,0.18881665170192719,0,0,0.20864245295524597,1,1,0.15244919061660767
subject_14:sample_0000427,14,427,1,0,0,0,0,0,0,0.22564461827278137,0,0,0.22436004877090454,1,1,0.18908877670764923,0,0,0.20887663960456848,1,1,0.15202896296977997
subject_14:sample_0000428,14,428,1,0,0,0,0,0,0,0.22538462281227112,0,0,0.22442901134490967,1,1,0.18937188386917114,0,0,0.20908121764659882,1,1,0.15173232555389404
subject_14:sample_0000429,14,429,1,0,0,0,0,0,0,0.22523674368858337,0,0,0.22465072572231293,1,1,0.18973155319690704,0,0,0.20921669900417328,1,1,0.15116330981254578
subject_14:sample_0000430,14,430,1,0,0,0,0,0,0,0.22484029829502106,0,0,0.22506241500377655,1,1,0.19017936289310455,0,0,0.2091909945011139,1,1,0.15072588622570038
subject_14:sample_0000431,14,431,1,0,0,0,0,0,0,0.22443383932113647,0,0,0.22547146677970886,1,1,0.190679132938385,0,0,0.20918461680412292,1,1,0.15022997558116913
subject_14:sample_0000432,14,432,1,0,0,0,0,0,0,0.2238449901342392,0,0,0.22590100765228271,0,0,0.19133460521697998,0,0,0.20915159583091736,1,1,0.149766743183136
subject_14:sample_0000433,14,433,1,0,0,0,0,0,0,0.22326922416687012,0,0,0.22627386450767517,0,0,0.1922036111354828,0,0,0.20913390815258026,1,1,0.14911851286888123
subject_14:sample_0000434,14,434,1,0,0,0,0,0,0,0.22260162234306335,0,0,0.22615697979927063,0,0,0.1937016099691391,0,0,0.20897473394870758,1,1,0.1485641449689865
subject_14:sample_0000435,14,435,1,0,0,0,0,0,0,0.22224842011928558,0,0,0.22528429329395294,0,0,0.19573545455932617,0,0,0.20880922675132751,1,1,0.14792169630527496
subject_14:sample_0000436,14,436,1,0,0,0,0,0,0,0.22212344408035278,0,0,0.22257231175899506,0,0,0.1981247365474701,0,0,0.2088627815246582,1,1,0.14831575751304626
subject_14:sample_0000437,14,437,1,0,0,0,0,0,0,0.22181379795074463,0,0,0.21968133747577667,0,0,0.2009466290473938,0,0,0.20895209908485413,1,1,0.14860515296459198
subject_14:sample_0000438,14,438,1,0,0,0,0,0,0,0.22094085812568665,0,0,0.2186778336763382,0,0,0.203639417886734,0,0,0.20837494730949402,1,1,0.1483660787343979
subject_14:sample_0000439,14,439,1,0,0,0,0,0,0,0.21974951028823853,0,0,0.21712835133075714,0,0,0.20748023688793182,0,0,0.20738735795021057,1,1,0.1482536494731903
subject_14:sample_0000440,14,440,1,0,0,0,0,0,0,0.218256413936615,0,0,0.21651211380958557,0,0,0.21133771538734436,0,0,0.20604844391345978,1,1,0.1478443741798401
subject_14:sample_0000441,14,441,1,0,0,0,0,0,0,0.2160620242357254,0,0,0.21739347279071808,0,0,0.21531639993190765,0,0,0.20374782383441925,1,1,0.1474793255329132
subject_14:sample_0000442,14,442,1,0,0,0,0,0,0,0.2149178683757782,0,0,0.21885356307029724,0,0,0.21561896800994873,0,0,0.2027401626110077,1,1,0.14786851406097412
subject_14:sample_0000443,14,443,1,0,0,0,0,0,0,0.2145303189754486,0,0,0.22072340548038483,0,0,0.21382375061511993,0,0,0.20146875083446503,1,1,0.1494528353214264
subject_14:sample_0000444,14,444,1,0,0,0,0,0,0,0.21454709768295288,0,0,0.22315740585327148,0,0,0.2108885645866394,0,0,0.20085392892360687,1,1,0.15055203437805176
subject_14:sample_0000445,14,445,1,0,0,0,0,0,0,0.21507447957992554,0,0,0.2247941493988037,0,0,0.20800964534282684,0,0,0.2012251764535904,1,1,0.15089552104473114
subject_14:sample_0000446,14,446,1,0,0,0,0,0,0,0.21516363322734833,0,0,0.2272389829158783,0,0,0.2051491141319275,0,0,0.20133094489574432,1,1,0.15111641585826874
subject_14:sample_0000447,14,447,1,0,0,0,0,0,0,0.21541108191013336,0,0,0.22843299806118011,0,0,0.20329131186008453,0,0,0.2009601891040802,1,1,0.15190351009368896
subject_14:sample_0000448,14,448,1,0,0,0,0,0,0,0.21567711234092712,0,0,0.2295657843351364,0,0,0.20131681859493256,0,0,0.20079316198825836,1,1,0.15264612436294556
subject_14:sample_0000449,14,449,1,0,0,0,0,0,0,0.21632127463817596,0,0,0.2299235314130783,0,0,0.19962050020694733,0,0,0.20074570178985596,1,1,0.15338799357414246
subject_14:sample_0000450,14,450,1,0,0,0,0,0,0,0.21700657904148102,0,0,0.2297474592924118,0,0,0.19879043102264404,0,0,0.2005065530538559,1,1,0.15394805371761322
subject_14:sample_0000451,14,451,1,0,0,0,0,0,0,0.2174871414899826,0,0,0.22985757887363434,0,0,0.19806697964668274,0,0,0.20019109547138214,1,1,0.15439623594284058
subject_14:sample_0000452,14,452,1,0,0,0,0,0,0,0.21797716617584229,0,0,0.2293929159641266,0,0,0.19745713472366333,0,0,0.2001655548810959,1,1,0.1550062596797943
subject_14:sample_0000453,14,453,1,0,0,0,0,0,0,0.21810583770275116,0,0,0.22940693795681,0,0,0.1972351223230362,0,0,0.20008236169815063,1,1,0.15516874194145203
subject_14:sample_0000454,14,454,1,0,0,0,0,0,0,0.21814016997814178,0,0,0.22831399738788605,0,0,0.19825756549835205,0,0,0.19979222118854523,1,1,0.1554950326681137
subject_14:sample_0000455,14,455,1,0,0,0,0,0,0,0.21836534142494202,0,0,0.22597941756248474,0,0,0.1999407261610031,0,0,0.19956956803798676,1,1,0.15614399313926697
subject_14:sample_0000456,14,456,1,0,0,0,0,0,0,0.21847838163375854,0,0,0.22416332364082336,0,0,0.2015034556388855,0,0,0.19934023916721344,1,1,0.15651364624500275
subject_14:sample_0000457,14,457,1,0,0,0,0,0,0,0.21830393373966217,0,0,0.2236204445362091,0,0,0.20254695415496826,0,0,0.19881579279899597,1,1,0.1567119061946869
subject_14:sample_0000458,14,458,1,0,0,0,0,0,0,0.2179449498653412,0,0,0.2233549803495407,0,0,0.20373401045799255,0,0,0.19771802425384521,1,1,0.15724705159664154
subject_14:sample_0000459,14,459,1,0,0,0,0,0,0,0.21823060512542725,0,0,0.22179225087165833,0,0,0.20472703874111176,0,0,0.1971530318260193,1,1,0.158096045255661
subject_14:sample_0000460,14,460,1,0,0,0,0,0,0,0.21943657100200653,0,0,0.2164602428674698,0,0,0.2071574330329895,0,0,0.19711348414421082,1,1,0.15983128547668457
subject_14:sample_0000461,14,461,1,0,0,0,0,0,0,0.2199830412864685,0,0,0.2136327475309372,0,0,0.2087704837322235,0,0,0.19666840136051178,1,1,0.1609443873167038
subject_14:sample_0000462,14,462,1,0,0,0,0,0,0,0.2197188138961792,0,0,0.21317942440509796,0,0,0.20996282994747162,0,0,0.19630058109760284,1,1,0.16083738207817078
subject_14:sample_0000463,14,463,1,0,0,0,0,0,0,0.21953006088733673,0,0,0.21229270100593567,0,0,0.21118423342704773,0,0,0.19613750278949738,1,1,0.16085456311702728
subject_14:sample_0000464,14,464,1,0,0,0,0,0,0,0.2207096964120865,0,0,0.20803159475326538,0,0,0.2122759371995926,0,0,0.1975768804550171,1,1,0.16140495240688324
subject_14:sample_0000465,14,465,1,0,0,0,0,0,0,0.22211624681949615,0,0,0.20313341915607452,0,0,0.21350860595703125,0,0,0.19907580316066742,1,1,0.16216497123241425
subject_14:sample_0000466,14,466,1,0,0,0,0,0,0,0.22252586483955383,0,0,0.20282013714313507,0,0,0.21282576024532318,0,0,0.19948004186153412,1,1,0.1623471975326538
subject_14:sample_0000467,14,467,1,0,0,0,0,0,0,0.22271816432476044,0,0,0.20285919308662415,0,0,0.21224620938301086,0,0,0.19964297115802765,1,1,0.1625325232744217
subject_14:sample_0000468,14,468,0,0,1,0,1,0,1,0.2097722738981247,0,1,0.20023223757743835,0,1,0.18755404651165009,0,1,0.20309442281723022,0,1,0.19934606552124023
subject_14:sample_0000469,14,469,0,0,1,0,1,0,1,0.20983700454235077,0,1,0.20008006691932678,0,1,0.18742166459560394,0,1,0.20313522219657898,0,1,0.19952502846717834
subject_14:sample_0000470,14,470,0,0,1,0,1,0,1,0.21000155806541443,0,1,0.19984492659568787,0,1,0.1872026026248932,0,1,0.20315741002559662,0,1,0.19979257881641388
subject_14:sample_0000471,14,471,0,0,1,0,1,0,1,0.21012747287750244,0,1,0.1994612216949463,0,1,0.18713970482349396,0,1,0.20319467782974243,0,1,0.20007599890232086
subject_14:sample_0000472,14,472,0,0,1,0,1,0,1,0.21032100915908813,0,1,0.19910353422164917,0,1,0.1871539205312729,0,1,0.20326805114746094,0,1,0.20015254616737366
subject_14:sample_0000473,14,473,0,0,1,0,1,0,1,0.21045255661010742,0,1,0.19872526824474335,0,1,0.18717871606349945,0,1,0.20337539911270142,0,1,0.20026704668998718
subject_14:sample_0000474,14,474,0,0,1,0,1,0,1,0.21043233573436737,0,1,0.19848018884658813,0,1,0.18715307116508484,0,1,0.20357148349285126,0,1,0.20036190748214722
subject_14:sample_0000475,14,475,0,0,1,0,1,0,1,0.21043051779270172,0,1,0.19819465279579163,0,1,0.1868627518415451,0,1,0.20390142500400543,0,1,0.2006097286939621
subject_14:sample_0000476,14,476,0,0,1,0,1,0,1,0.21038854122161865,0,1,0.1978873461484909,0,1,0.18661296367645264,0,1,0.2041967809200287,0,1,0.20091338455677032
subject_14:sample_0000477,14,477,0,0,1,0,1,0,1,0.21043112874031067,0,1,0.19755548238754272,0,1,0.18643340468406677,0,1,0.20435254275798798,0,1,0.20122647285461426
subject_14:sample_0000478,14,478,0,0,1,0,1,0,1,0.21036840975284576,0,1,0.19727978110313416,0,1,0.186399906873703,0,1,0.20448867976665497,0,1,0.2014622986316681
subject_14:sample_0000479,14,479,0,0,1,0,1,0,1,0.2102738320827484,0,1,0.19701813161373138,0,1,0.18624964356422424,0,1,0.204666405916214,0,1,0.20179106295108795
subject_14:sample_0000480,14,480,0,0,1,0,1,0,1,0.21014206111431122,0,1,0.1966487020254135,0,1,0.18618424236774445,0,1,0.20483103394508362,0,1,0.202193021774292
subject_14:sample_0000481,14,481,0,0,1,0,1,0,1,0.20989102125167847,0,1,0.19637855887413025,0,1,0.1862564980983734,0,1,0.20500750839710236,0,1,0.20246542990207672
subject_14:sample_0000482,14,482,0,0,1,0,1,0,1,0.20976626873016357,0,1,0.1960063874721527,0,1,0.18617404997348785,0,1,0.2052510380744934,0,1,0.20280130207538605
subject_14:sample_0000483,14,483,0,0,1,0,1,0,1,0.2095779925584793,0,1,0.19563256204128265,0,1,0.18634310364723206,0,1,0.2055082619190216,0,1,0.202937051653862
subject_14:sample_0000484,14,484,0,0,1,0,1,0,1,0.2096051722764969,0,1,0.19507472217082977,0,1,0.18651416897773743,0,1,0.2058630734682083,0,1,0.2029419243335724
subject_14:sample_0000485,14,485,0,0,1,0,1,0,1,0.20964482426643372,0,1,0.19462348520755768,0,1,0.18672655522823334,0,1,0.20615196228027344,0,1,0.20285218954086304
subject_14:sample_0000486,14,486,0,0,1,0,1,0,1,0.20980367064476013,0,1,0.19427292048931122,0,1,0.1870076209306717,0,1,0.2064986228942871,0,1,0.20241616666316986
subject_14:sample_0000487,14,487,0,0,1,0,1,0,1,0.21014268696308136,0,1,0.1938505470752716,0,1,0.18731078505516052,0,1,0.20709186792373657,0,1,0.20160317420959473
subject_14:sample_0000488,14,488,0,0,1,0,1,0,1,0.2105255275964737,0,1,0.19360817968845367,0,1,0.1876806765794754,0,1,0.207671657204628,0,1,0.20051302015781403
subject_14:sample_0000489,14,489,0,0,1,0,1,0,1,0.2108645737171173,0,1,0.19337846338748932,0,1,0.18798933923244476,0,1,0.20837774872779846,0,1,0.19938892126083374
subject_14:sample_0000490,14,490,0,0,1,0,1,0,1,0.2113056629896164,0,1,0.1932315230369568,0,1,0.18849752843379974,0,1,0.2092667818069458,0,1,0.1976974755525589
subject_14:sample_0000491,14,491,0,0,1,0,1,0,1,0.2117670625448227,0,1,0.1932957023382187,0,1,0.18913625180721283,0,1,0.2102721929550171,0,1,0.1955278217792511
subject_14:sample_0000492,14,492,0,0,1,0,1,0,1,0.21261736750602722,0,1,0.19363650679588318,0,1,0.19005148112773895,0,1,0.21180100739002228,0,1,0.19189265370368958
subject_14:sample_0000493,14,493,0,0,1,0,1,0,1,0.21356824040412903,0,1,0.19419872760772705,0,1,0.19104817509651184,0,1,0.21329545974731445,0,1,0.18788842856884003
subject_14:sample_0000494,14,494,0,0,1,0,1,0,1,0.21430301666259766,0,1,0.194756880402565,0,1,0.19191187620162964,0,1,0.214432030916214,0,1,0.1845952719449997
subject_14:sample_0000495,14,495,0,0,1,0,1,0,1,0.21485912799835205,0,1,0.19535043835639954,0,1,0.1926032304763794,0,1,0.21515139937400818,0,1,0.18203487992286682
subject_14:sample_0000496,14,496,0,0,1,0,1,0,1,0.21535439789295197,0,1,0.19571372866630554,0,1,0.19309957325458527,0,1,0.2158041000366211,0,1,0.18002727627754211
subject_14:sample_0000497,14,497,0,0,1,0,1,0,1,0.21575060486793518,0,1,0.19599175453186035,0,1,0.1934782713651657,0,1,0.216484934091568,0,1,0.1782934069633484
subject_14:sample_0000498,14,498,0,0,1,0,1,0,1,0.21607351303100586,0,1,0.19628018140792847,0,1,0.19368775188922882,0,1,0.21700455248355865,0,1,0.1769530475139618
subject_14:sample_0000499,14,499,0,0,1,0,1,0,1,0.21643006801605225,0,1,0.1966654509305954,0,1,0.1939825415611267,0,1,0.2174203097820282,0,1,0.17550069093704224
subject_14:sample_0000500,14,500,0,0,1,0,1,0,1,0.2167876809835434,0,1,0.19700239598751068,0,1,0.19423718750476837,0,1,0.21778760850429535,0,1,0.17418421804904938
subject_14:sample_0000501,14,501,0,0,1,0,1,0,1,0.21707531809806824,0,1,0.19759228825569153,0,1,0.1945558339357376,0,1,0.21815113723278046,0,1,0.17262446880340576
subject_14:sample_0000502,14,502,0,0,1,0,1,0,1,0.21733839809894562,0,1,0.19795405864715576,0,1,0.19476932287216187,0,1,0.21858248114585876,0,1,0.17135480046272278
subject_14:sample_0000503,14,503,0,0,1,0,1,0,1,0.21776647865772247,0,1,0.1983712762594223,0,1,0.19514209032058716,0,1,0.21905356645584106,0,1,0.1696656197309494
subject_14:sample_0000504,14,504,0,0,1,0,1,0,1,0.21833975613117218,0,1,0.1989542841911316,0,1,0.19572563469409943,0,1,0.21947571635246277,0,1,0.16750364005565643
subject_14:sample_0000505,14,505,0,0,1,0,1,0,1,0.2187192738056183,0,1,0.19982361793518066,0,1,0.1963365375995636,0,1,0.21938395500183105,1,0,0.1657356321811676
subject_14:sample_0000506,14,506,0,0,1,0,1,0,1,0.21909555792808533,0,1,0.2007099986076355,0,1,0.19687087833881378,0,1,0.21923698484897614,1,0,0.16408564150333405
subject_14:sample_0000507,14,507,0,0,1,0,1,0,1,0.21944327652454376,0,1,0.20171336829662323,0,1,0.1974799484014511,0,1,0.21897746622562408,1,0,0.16238504648208618
subject_14:sample_0000508,14,508,0,0,1,0,1,0,1,0.2197021096944809,0,1,0.20275892317295074,0,1,0.19808730483055115,0,1,0.21849466860294342,1,0,0.16095596551895142
subject_14:sample_0000509,14,509,0,0,1,0,1,0,1,0.21995191276073456,0,1,0.2037714272737503,0,1,0.19877034425735474,0,1,0.21774590015411377,1,0,0.15975940227508545
subject_14:sample_0000510,14,510,0,0,1,0,1,0,1,0.22020821273326874,0,1,0.204585462808609,0,1,0.19945554435253143,0,1,0.21700617671012878,1,0,0.15874364972114563
subject_14:sample_0000511,14,511,0,0,1,0,1,0,1,0.22041437029838562,0,1,0.20526111125946045,0,1,0.2001504898071289,0,1,0.21610747277736664,1,0,0.1580655723810196
subject_14:sample_0000512,14,512,0,0,1,0,1,0,1,0.17975397408008575,0,1,0.19113841652870178,0,1,0.16394637525081635,2,0,0.28307169675827026,0,1,0.18208856880664825
subject_14:sample_0000513,14,513,0,0,1,0,1,0,1,0.17922592163085938,0,1,0.19216392934322357,0,1,0.16347210109233856,2,0,0.28290578722953796,0,1,0.18223130702972412
subject_14:sample_0000514,14,514,0,0,1,0,1,0,1,0.1786128580570221,0,1,0.19295695424079895,0,1,0.16251346468925476,2,0,0.28346407413482666,0,1,0.1824517399072647
subject_14:sample_0000515,14,515,0,0,1,0,1,0,1,0.17816407978534698,0,1,0.19340834021568298,0,1,0.16145075857639313,2,0,0.2844647467136383,0,1,0.18251118063926697
subject_14:sample_0000516,14,516,0,0,1,0,1,0,1,0.177994966506958,0,1,0.19376903772354126,0,1,0.16044214367866516,2,0,0.2854067087173462,0,1,0.18238620460033417
subject_14:sample_0000517,14,517,0,0,1,0,1,0,1,0.17745068669319153,0,1,0.19352905452251434,0,1,0.15967682003974915,2,0,0.28594523668289185,0,1,0.18339727818965912
subject_14:sample_0000518,14,518,0,0,1,0,1,0,1,0.17689715325832367,0,1,0.1936195343732834,0,1,0.15917427837848663,2,0,0.2846488058567047,0,1,0.18565931916236877
subject_14:sample_0000519,14,519,0,0,1,0,1,0,1,0.17630629241466522,0,1,0.19330620765686035,0,1,0.15855057537555695,2,0,0.2816559970378876,0,1,0.1901799887418747
subject_14:sample_0000520,14,520,0,0,1,0,1,0,1,0.17527581751346588,0,1,0.19254936277866364,0,1,0.1576320230960846,2,0,0.27999770641326904,0,1,0.19454416632652283
subject_14:sample_0000521,14,521,0,0,1,0,1,0,1,0.17400570213794708,0,1,0.1917441338300705,0,1,0.1563948690891266,2,0,0.27878934144973755,2,0,0.19906501471996307
subject_14:sample_0000522,14,522,0,0,1,0,1,0,1,0.17300403118133545,0,1,0.1913042962551117,0,1,0.155255988240242,2,0,0.27716052532196045,2,0,0.2032742202281952
subject_14:sample_0000523,14,523,0,0,1,0,1,0,1,0.17262162268161774,0,1,0.19123518466949463,0,1,0.15445609390735626,2,0,0.27592533826828003,2,0,0.20576082170009613
subject_14:sample_0000524,14,524,0,2,0,2,0,0,1,0.17210698127746582,0,1,0.19072432816028595,0,1,0.15397320687770844,2,0,0.2738267481327057,2,0,0.20936769247055054
subject_14:sample_0000525,14,525,0,2,0,2,0,0,1,0.17221859097480774,0,1,0.19073358178138733,0,1,0.15420331060886383,2,0,0.27137839794158936,2,0,0.21146515011787415
subject_14:sample_0000526,14,526,0,2,0,2,0,0,1,0.17241308093070984,0,1,0.19052772223949432,0,1,0.15474267303943634,2,0,0.26945391297340393,2,0,0.21286165714263916
subject_14:sample_0000527,14,527,0,2,0,2,0,0,1,0.17305080592632294,0,1,0.1900506168603897,0,1,0.15585899353027344,2,0,0.26721128821372986,2,0,0.21382734179496765
subject_14:sample_0000528,14,528,0,2,0,2,0,0,1,0.17434751987457275,2,0,0.18930751085281372,0,1,0.15783558785915375,2,0,0.26262980699539185,2,0,0.2158786654472351
subject_14:sample_0000529,14,529,0,2,0,2,0,2,0,0.17653363943099976,2,0,0.1881527453660965,0,1,0.16026908159255981,2,0,0.257397323846817,2,0,0.2176462858915329
subject_14:sample_0000530,14,530,0,2,0,2,0,2,0,0.17885486781597137,2,0,0.18656806647777557,0,1,0.16383959352970123,2,0,0.25153830647468567,2,0,0.21919824182987213
subject_14:sample_0000531,14,531,0,2,0,2,0,2,0,0.18097658455371857,2,0,0.18582938611507416,0,1,0.16746196150779724,2,0,0.24685253202915192,2,0,0.21887853741645813
subject_14:sample_0000532,14,532,0,2,0,2,0,2,0,0.18363411724567413,2,0,0.18461164832115173,2,0,0.17220667004585266,2,0,0.240509033203125,2,0,0.21903763711452484
subject_14:sample_0000533,14,533,0,2,0,2,0,2,0,0.18558961153030396,2,0,0.1836116462945938,2,0,0.17954149842262268,2,0,0.2330622673034668,2,0,0.21819408237934113
subject_14:sample_0000534,14,534,0,2,0,2,0,2,0,0.18669533729553223,2,0,0.182928666472435,2,0,0.1877271831035614,2,0,0.22691304981708527,2,0,0.21573477983474731
subject_14:sample_0000535,14,535,0,2,0,2,0,2,0,0.18730072677135468,2,0,0.18263469636440277,2,0,0.19434572756290436,2,0,0.22210894525051117,2,0,0.21360895037651062
subject_14:sample_0000536,14,536,0,2,0,2,0,2,0,0.18763484060764313,2,0,0.18270057439804077,2,0,0.1990387737751007,2,0,0.2182053029537201,2,0,0.2124195694923401
subject_14:sample_0000537,14,537,0,2,0,2,0,2,0,0.18837545812129974,2,0,0.18292972445487976,2,0,0.2013235092163086,2,0,0.21527434885501862,2,0,0.2120959758758545
subject_14:sample_0000538,14,538,0,2,0,2,0,2,0,0.18891464173793793,2,0,0.18312275409698486,2,0,0.20213977992534637,2,0,0.2133459746837616,2,0,0.21247589588165283
subject_14:sample_0000539,14,539,0,2,0,2,0,2,0,0.18955671787261963,2,0,0.18316133320331573,2,0,0.2021138221025467,2,0,0.21193474531173706,2,0,0.2132323980331421
subject_14:sample_0000540,14,540,0,2,0,2,0,2,0,0.19004356861114502,2,0,0.18346670269966125,2,0,0.2018265426158905,2,0,0.21086202561855316,2,0,0.21380022168159485
subject_14:sample_0000541,14,541,0,2,0,2,0,2,0,0.19047483801841736,2,0,0.1840747445821762,2,0,0.20147287845611572,2,0,0.20972922444343567,2,0,0.21424727141857147
subject_14:sample_0000542,14,542,0,2,0,2,0,2,0,0.1907452493906021,2,0,0.18495917320251465,2,0,0.2010153830051422,2,0,0.20889513194561005,2,0,0.21438410878181458
subject_14:sample_0000543,14,543,0,2,0,2,0,2,0,0.19088555872440338,2,0,0.18581192195415497,2,0,0.20049165189266205,2,0,0.2082834541797638,2,0,0.21452650427818298
subject_14:sample_0000544,14,544,0,2,0,2,0,2,0,0.19077074527740479,2,0,0.1861664056777954,2,0,0.2000907063484192,2,0,0.20811589062213898,2,0,0.21485528349876404
subject_14:sample_0000545,14,545,0,2,0,2,0,2,0,0.1903877705335617,2,0,0.18666429817676544,2,0,0.1996965855360031,2,0,0.20814034342765808,2,0,0.21511009335517883
subject_14:sample_0000546,14,546,0,2,0,2,0,2,0,0.18974022567272186,2,0,0.18707239627838135,2,0,0.19941624999046326,2,0,0.20856687426567078,2,0,0.21520324051380157
subject_14:sample_0000547,14,547,0,2,0,2,0,2,0,0.18877282738685608,2,0,0.18744748830795288,2,0,0.19922083616256714,2,0,0.20930229127407074,2,0,0.21525557339191437
subject_14:sample_0000548,14,548,0,2,0,2,0,2,0,0.18773649632930756,2,0,0.1878412365913391,2,0,0.1991114765405655,2,0,0.20990431308746338,2,0,0.21540550887584686
subject_14:sample_0000549,14,549,0,2,0,2,0,2,0,0.18620316684246063,2,0,0.18786267936229706,2,0,0.19922979176044464,2,0,0.2108457386493683,2,0,0.2158576101064682
subject_14:sample_0000550,14,550,0,2,0,2,0,2,0,0.18468250334262848,2,0,0.18793003261089325,2,0,0.19930334389209747,2,0,0.21163569390773773,2,0,0.21644741296768188
subject_14:sample_0000551,14,551,0,2,0,2,0,2,0,0.18276268243789673,2,0,0.1879051923751831,2,0,0.1994311809539795,2,0,0.21269211173057556,2,0,0.21720778942108154
subject_14:sample_0000552,14,552,0,2,0,2,0,2,0,0.18035177886486053,2,0,0.1881219744682312,2,0,0.19940099120140076,2,0,0.214076429605484,2,0,0.2180478721857071
subject_14:sample_0000553,14,553,0,2,0,2,0,2,0,0.1772744506597519,2,0,0.18840870261192322,2,0,0.19942063093185425,2,0,0.21567532420158386,2,0,0.21921992301940918
subject_14:sample_0000554,14,554,0,2,0,2,0,2,0,0.17411918938159943,2,0,0.1885724663734436,2,0,0.19922155141830444,2,0,0.2173568159341812,2,0,0.2207290232181549
subject_14:sample_0000555,14,555,0,2,0,2,0,2,0,0.17000816762447357,2,0,0.18810012936592102,2,0,0.19947920739650726,2,0,0.21966597437858582,2,0,0.2227456271648407
subject_14:sample_0000556,14,556,0,2,0,2,0,2,0,0.16567456722259521,2,0,0.1877966821193695,2,0,0.19984662532806396,2,0,0.22174032032489777,2,0,0.22494076192378998
subject_14:sample_0000557,14,557,0,2,0,2,0,2,0,0.1613018959760666,2,0,0.18786954879760742,2,0,0.19993503391742706,2,0,0.22356177866458893,2,0,0.22733074426651
subject_14:sample_0000558,14,558,0,2,0,2,0,2,0,0.15616117417812347,2,0,0.18672101199626923,2,0,0.20037536323070526,2,0,0.22621607780456543,2,0,0.2305254489183426
subject_14:sample_0000559,14,559,0,2,0,2,0,2,0,0.15232166647911072,2,0,0.18557381629943848,2,0,0.20073726773262024,2,0,0.22827275097370148,2,0,0.2330935150384903
subject_14:sample_0000560,14,560,0,2,0,2,0,2,0,0.14886918663978577,2,0,0.1852445751428604,2,0,0.20107895135879517,2,0,0.2297586351633072,2,0,0.23504766821861267
subject_14:sample_0000561,14,561,0,2,0,2,0,1,0,0.14670850336551666,2,0,0.18528184294700623,2,0,0.20110288262367249,2,0,0.2302856594324112,2,0,0.23662018775939941
subject_14:sample_0000562,14,562,0,2,0,2,0,1,0,0.14553454518318176,2,0,0.18571899831295013,2,0,0.20118653774261475,2,0,0.22991684079170227,2,0,0.2376421093940735
subject_14:sample_0000563,14,563,0,2,0,2,0,1,0,0.144567608833313,2,0,0.18561236560344696,2,0,0.20139873027801514,2,0,0.2295888215303421,2,0,0.2388315349817276
subject_14:sample_0000564,14,564,0,2,0,2,0,1,0,0.144496351480484,2,0,0.18573126196861267,2,0,0.20214785635471344,2,0,0.22837403416633606,2,0,0.23924949765205383
subject_14:sample_0000565,14,565,0,2,0,2,0,1,0,0.14513443410396576,2,0,0.1856321394443512,2,0,0.20297665894031525,2,0,0.2268272191286087,2,0,0.23942865431308746
subject_14:sample_0000566,14,566,0,2,0,2,0,1,0,0.1455109566450119,2,0,0.1858038604259491,2,0,0.20367182791233063,2,0,0.2253931313753128,2,0,0.23961926996707916
subject_14:sample_0000567,14,567,0,2,0,2,0,1,0,0.14645959436893463,2,0,0.18692512810230255,2,0,0.20409753918647766,2,0,0.22327497601509094,2,0,0.239241823554039
subject_14:sample_0000568,14,568,0,2,0,2,0,1,0,0.14765682816505432,2,0,0.1885717362165451,2,0,0.20425209403038025,2,0,0.22117023169994354,2,0,0.2383480966091156
subject_14:sample_0000569,14,569,0,2,0,2,0,1,0,0.14902999997138977,2,0,0.18988265097141266,2,0,0.20439156889915466,2,0,0.2189609706401825,2,0,0.23773394525051117
subject_14:sample_0000570,14,570,0,2,0,2,0,2,0,0.15115298330783844,2,0,0.19224487245082855,2,0,0.20409972965717316,2,0,0.21609483659267426,2,0,0.236406609416008
subject_14:sample_0000571,14,571,0,2,0,2,0,2,0,0.15362338721752167,2,0,0.19413445889949799,2,0,0.20359162986278534,2,0,0.21311253309249878,2,0,0.2355370670557022
subject_14:sample_0000572,14,572,0,2,0,2,0,2,0,0.15634973347187042,2,0,0.19559651613235474,2,0,0.20308704674243927,2,0,0.20981436967849731,2,0,0.23515139520168304
subject_14:sample_0000573,14,573,0,2,0,2,0,2,0,0.159864142537117,2,0,0.197096049785614,2,0,0.2019704282283783,2,0,0.2060728520154953,2,0,0.23499564826488495
subject_14:sample_0000574,14,574,0,2,0,2,0,2,0,0.1639215350151062,2,0,0.19856825470924377,2,0,0.2013331949710846,2,0,0.20159772038459778,2,0,0.23457831144332886
subject_14:sample_0000575,14,575,0,2,0,2,0,2,0,0.16748611629009247,2,0,0.19974665343761444,2,0,0.20144271850585938,2,0,0.19669947028160095,2,0,0.23462413251399994
subject_14:sample_0000576,14,576,0,2,0,2,0,2,0,0.171519473195076,2,0,0.20054081082344055,2,0,0.20129071176052094,2,0,0.19271716475486755,2,0,0.23393087089061737
subject_14:sample_0000577,14,577,0,2,0,2,0,2,0,0.17579269409179688,2,0,0.20066893100738525,2,0,0.20054858922958374,2,0,0.1907442808151245,2,0,0.23224450647830963
subject_14:sample_0000578,14,578,0,2,0,2,0,2,0,0.17934873700141907,2,0,0.20075403153896332,2,0,0.2000552862882614,2,0,0.18840403854846954,2,0,0.23143692314624786
subject_14:sample_0000579,14,579,0,2,0,2,0,2,0,0.18206219375133514,2,0,0.20050860941410065,2,0,0.19947369396686554,2,0,0.1873970627784729,2,0,0.23055753111839294
subject_14:sample_0000580,14,580,0,2,0,2,0,2,0,0.18447363376617432,2,0,0.20054006576538086,2,0,0.19917790591716766,2,0,0.18561583757400513,2,0,0.23019160330295563
subject_14:sample_0000581,14,581,0,2,0,2,0,2,0,0.18644306063652039,2,0,0.200728178024292,2,0,0.19891975820064545,2,0,0.18442651629447937,2,0,0.2294815182685852
subject_14:sample_0000582,14,582,0,2,0,2,0,2,0,0.18796512484550476,2,0,0.20130623877048492,2,0,0.19877813756465912,2,0,0.18315373361110687,2,0,0.22879573702812195
subject_14:sample_0000583,14,583,0,2,0,2,0,2,0,0.18906396627426147,2,0,0.20152497291564941,2,0,0.19857157766819,2,0,0.18302135169506073,2,0,0.22781716287136078
subject_14:sample_0000584,14,584,0,2,0,2,0,2,0,0.1900843381881714,2,0,0.20177198946475983,2,0,0.19835032522678375,2,0,0.18260009586811066,2,0,0.22719228267669678
subject_14:sample_0000585,14,585,0,2,0,2,0,2,0,0.19062621891498566,2,0,0.2013334184885025,2,0,0.1979469358921051,2,0,0.18402470648288727,2,0,0.22606772184371948
subject_14:sample_0000586,14,586,0,2,0,2,0,2,0,0.19101357460021973,2,0,0.20076006650924683,2,0,0.19734859466552734,2,0,0.18592512607574463,2,0,0.22495169937610626
subject_14:sample_0000587,14,587,0,2,0,2,0,2,0,0.19145098328590393,2,0,0.20027853548526764,2,0,0.196870356798172,2,0,0.18733704090118408,2,0,0.22406215965747833
subject_14:sample_0000588,14,588,0,2,0,2,0,2,0,0.19176743924617767,2,0,0.19971458613872528,2,0,0.19658668339252472,2,0,0.18885564804077148,2,0,0.22307471930980682
subject_14:sample_0000589,14,589,0,2,0,2,0,2,0,0.1922212392091751,2,0,0.19961830973625183,2,0,0.19618608057498932,2,0,0.18928764760494232,2,0,0.22268575429916382
subject_14:sample_0000590,14,590,0,2,0,2,0,2,0,0.1927742213010788,2,0,0.1997939944267273,2,0,0.19598306715488434,2,0,0.1887851059436798,2,0,0.22266261279582977
subject_14:sample_0000591,14,591,0,2,0,2,0,2,0,0.1931777447462082,2,0,0.19971638917922974,2,0,0.1960850954055786,2,0,0.18856704235076904,2,0,0.22245268523693085
subject_14:sample_0000592,14,592,0,2,0,2,0,2,0,0.1934141367673874,2,0,0.1993216872215271,2,0,0.19577334821224213,2,0,0.18931089341640472,2,0,0.22217905521392822
subject_14:sample_0000593,14,593,0,2,0,2,0,2,0,0.1937219798564911,2,0,0.199085533618927,2,0,0.1954585611820221,2,0,0.18948349356651306,2,0,0.22224944829940796
subject_14:sample_0000594,14,594,0,2,0,2,0,2,0,0.1938975602388382,2,0,0.19882987439632416,2,0,0.19505001604557037,2,0,0.1900034248828888,2,0,0.22221817076206207
subject_14:sample_0000595,14,595,0,2,0,2,0,2,0,0.1937745362520218,2,0,0.1982610821723938,2,0,0.19439038634300232,2,0,0.19187796115875244,2,0,0.22169509530067444
subject_14:sample_0000596,14,596,0,2,0,2,0,2,0,0.19369742274284363,2,0,0.19768325984477997,2,0,0.19372029602527618,2,0,0.19370484352111816,2,0,0.22119320929050446
subject_14:sample_0000597,14,597,0,2,0,2,0,2,0,0.19355395436286926,2,0,0.19701175391674042,2,0,0.19298921525478363,2,0,0.19577911496162415,2,0,0.22066497802734375
subject_14:sample_0000598,14,598,0,2,0,2,0,2,0,0.19340389966964722,2,0,0.19647957384586334,2,0,0.1926378309726715,2,0,0.19718144834041595,2,0,0.22029636800289154
subject_14:sample_0000599,14,599,0,2,0,2,0,2,0,0.19313852488994598,2,0,0.19577763974666595,2,0,0.19241751730442047,2,0,0.1989225596189499,2,0,0.2197427898645401
subject_14:sample_0000600,14,600,0,2,0,2,0,2,0,0.19282568991184235,2,0,0.1946692317724228,2,0,0.19200290739536285,2,0,0.2015516757965088,2,0,0.21894949674606323
subject_14:sample_0000601,14,601,0,2,0,2,0,2,0,0.19247516989707947,2,0,0.1937335580587387,2,0,0.19157733023166656,2,0,0.2042805403470993,2,0,0.21793247759342194
subject_14:sample_0000602,14,602,0,2,0,2,0,2,0,0.19224494695663452,2,0,0.19322344660758972,2,0,0.19111268222332,2,0,0.20635002851486206,2,0,0.21706795692443848
subject_14:sample_0000603,14,603,0,2,0,2,0,2,0,0.19214431941509247,2,0,0.19294384121894836,2,0,0.19059257209300995,2,0,0.2078481912612915,2,0,0.21647009253501892
subject_14:sample_0000604,14,604,0,2,0,2,0,2,0,0.19201312959194183,2,0,0.1926966905593872,2,0,0.190252885222435,2,0,0.20895153284072876,2,0,0.216084823012352
subject_14:sample_0000605,14,605,0,2,0,2,0,2,0,0.19173331558704376,2,0,0.19220268726348877,2,0,0.1900550276041031,2,0,0.2101539522409439,2,0,0.21585407853126526
subject_14:sample_0000606,14,606,0,2,0,2,0,2,0,0.1912771761417389,2,0,0.1914604753255844,2,0,0.1898747831583023,2,0,0.21172146499156952,2,0,0.21566517651081085
subject_14:sample_0000607,14,607,0,2,0,2,0,2,0,0.19063937664031982,2,0,0.1910456418991089,2,0,0.18969638645648956,2,0,0.21347136795520782,2,0,0.2151462286710739
subject_14:sample_0000608,14,608,0,2,0,2,0,2,0,0.18990585207939148,2,0,0.19052061438560486,2,0,0.1894959658384323,2,0,0.2153564691543579,2,0,0.21472011506557465
subject_14:sample_0000609,14,609,0,2,0,2,0,2,0,0.18895064294338226,2,0,0.18991924822330475,2,0,0.18946866691112518,2,0,0.21769030392169952,2,0,0.21397021412849426
subject_14:sample_0000610,14,610,0,2,0,2,0,2,0,0.18800799548625946,2,0,0.18899361789226532,2,0,0.1892588585615158,2,0,0.22042033076286316,2,0,0.21331815421581268
subject_14:sample_0000611,14,611,0,2,0,2,0,2,0,0.18691393733024597,2,0,0.18815621733665466,2,0,0.18892447650432587,2,0,0.22348882257938385,2,0,0.21251559257507324
subject_14:sample_0000612,14,612,0,2,0,2,0,2,0,0.185724675655365,2,0,0.18715235590934753,2,0,0.18849729001522064,2,0,0.2269599586725235,2,0,0.2116648107767105
subject_14:sample_0000613,14,613,0,2,0,2,0,2,0,0.18448780477046967,2,0,0.18637073040008545,2,0,0.1881035715341568,2,0,0.23079746961593628,2,0,0.21023942530155182
subject_14:sample_0000614,14,614,0,2,0,2,0,2,0,0.18348488211631775,2,0,0.18522189557552338,2,0,0.1873583048582077,2,0,0.23517656326293945,2,0,0.20875747501850128
subject_14:sample_0000615,14,615,0,2,0,2,0,2,0,0.18275697529315948,2,0,0.18368791043758392,2,0,0.18658477067947388,2,0,0.2401093989610672,2,0,0.20685993134975433
subject_14:sample_0000616,14,616,0,2,0,2,0,2,0,0.1820579320192337,2,0,0.18187248706817627,2,0,0.186335489153862,2,0,0.24553783237934113,2,0,0.20419526100158691
subject_14:sample_0000617,14,617,0,2,0,2,0,2,0,0.1818244606256485,2,0,0.17987574636936188,2,0,0.18721885979175568,2,0,0.25212526321411133,2,0,0.1989547163248062
subject_14:sample_0000618,14,618,0,2,0,2,0,2,0,0.18140563368797302,2,0,0.1783173382282257,2,0,0.18856143951416016,2,0,0.2591896653175354,2,0,0.19252493977546692
subject_14:sample_0000619,14,619,0,2,0,2,0,2,0,0.1810317039489746,2,0,0.17793995141983032,1,0,0.19095297157764435,2,0,0.2674015462398529,2,0,0.1826728731393814
subject_14:sample_0000620,14,620,0,2,0,2,0,2,0,0.18055222928524017,1,0,0.17753274738788605,1,0,0.19417202472686768,2,0,0.2755187451839447,1,0,0.17222332954406738
subject_14:sample_0000621,14,621,0,1,0,2,0,2,0,0.1798965036869049,1,0,0.17675328254699707,1,0,0.1974346786737442,2,0,0.28173592686653137,1,0,0.16417863965034485
subject_14:sample_0000622,14,622,0,1,0,2,0,0,1,0.1782611608505249,1,0,0.17596302926540375,1,0,0.20085781812667847,2,0,0.2866095304489136,1,0,0.1583075374364853
subject_14:sample_0000623,14,623,0,1,0,1,0,0,1,0.1761469691991806,1,0,0.1752333790063858,1,0,0.20308740437030792,2,0,0.29046401381492615,1,0,0.15506727993488312
subject_14:sample_0000624,14,624,0,1,0,1,0,0,1,0.1727333664894104,1,0,0.1749761998653412,1,0,0.20530934631824493,2,0,0.294036328792572,1,0,0.15294378995895386
subject_14:sample_0000625,14,625,0,1,0,1,0,0,1,0.1697627753019333,1,0,0.17567050457000732,1,0,0.20615026354789734,2,0,0.2973243296146393,0,1,0.15109115839004517
subject_14:sample_0000626,14,626,0,1,0,1,0,0,1,0.16746929287910461,1,0,0.1764037013053894,1,0,0.20578716695308685,2,0,0.30034124851226807,0,1,0.1499975621700287
subject_14:sample_0000627,14,627,0,1,0,1,0,0,1,0.16605545580387115,1,0,0.17747452855110168,1,0,0.20403681695461273,2,0,0.30273568630218506,0,1,0.14969652891159058
subject_14:sample_0000628,14,628,0,1,0,0,1,0,1,0.16420170664787292,1,0,0.1791113018989563,1,0,0.20183175802230835,2,0,0.30578771233558655,0,1,0.1490665078163147
subject_14:sample_0000629,14,629,0,1,0,0,1,0,1,0.1626279205083847,1,0,0.18160521984100342,1,0,0.19860051572322845,2,0,0.30853089690208435,0,1,0.14863446354866028
subject_14:sample_0000630,14,630,0,0,1,0,1,0,1,0.16125227510929108,1,0,0.18391980230808258,1,0,0.1963348686695099,2,0,0.31037870049476624,0,1,0.1481133997440338
subject_14:sample_0000631,14,631,0,0,1,0,1,0,1,0.15998825430870056,1,0,0.1859862506389618,1,0,0.19434668123722076,2,0,0.3122445046901703,0,1,0.1474333256483078
subject_14:sample_0000632,14,632,0,0,1,0,1,0,1,0.15948854386806488,1,0,0.1883016675710678,0,1,0.19342173635959625,2,0,0.3114412724971771,0,1,0.14734585583209991
subject_14:sample_0000633,14,633,0,0,1,0,1,0,1,0.15912479162216187,1,0,0.18995334208011627,0,1,0.19310052692890167,2,0,0.310647189617157,0,1,0.147173210978508
subject_14:sample_0000634,14,634,0,0,1,0,1,0,1,0.15865656733512878,1,0,0.1916033923625946,0,1,0.1933917999267578,2,0,0.3095267713069916,0,1,0.1468205749988556
subject_14:sample_0000635,14,635,0,0,1,0,1,0,1,0.15831534564495087,0,1,0.19318535923957825,0,1,0.19395779073238373,2,0,0.3080069124698639,0,1,0.14653362333774567
subject_14:sample_0000636,14,636,0,0,1,0,1,0,1,0.15785248577594757,1,0,0.19527667760849,0,1,0.19532665610313416,2,0,0.30534422397613525,0,1,0.1461990475654602
subject_14:sample_0000637,14,637,0,0,1,0,1,0,1,0.15802915394306183,1,0,0.19740696251392365,0,1,0.1975613534450531,2,0,0.3004746437072754,0,1,0.14652694761753082
subject_14:sample_0000638,14,638,0,0,1,0,1,0,1,0.15768511593341827,1,0,0.19891005754470825,0,1,0.19948764145374298,2,0,0.29759252071380615,0,1,0.14632368087768555
subject_14:sample_0000639,14,639,0,0,1,0,1,0,1,0.15736545622348785,1,0,0.19987735152244568,0,1,0.2008780837059021,2,0,0.2957361340522766,0,1,0.14614203572273254
subject_14:sample_0000640,14,640,0,0,1,0,1,0,1,0.15662603080272675,1,0,0.19961465895175934,1,0,0.20220091938972473,2,0,0.29613760113716125,0,1,0.14541983604431152
subject_14:sample_0000641,14,641,0,1,0,0,1,0,1,0.1566457897424698,1,0,0.20075267553329468,1,0,0.204040065407753,2,0,0.2930559813976288,0,1,0.14550459384918213
subject_14:sample_0000642,14,642,0,1,0,0,1,0,1,0.15653075277805328,1,0,0.2023482471704483,1,0,0.2057574987411499,2,0,0.28979119658470154,0,1,0.14557130634784698
subject_14:sample_0000643,14,643,0,1,0,0,1,0,1,0.15585078299045563,1,0,0.20270313322544098,1,0,0.20686636865139008,2,0,0.2894436717033386,0,1,0.14513510465621948
subject_14:sample_0000644,14,644,0,1,0,0,1,0,1,0.15563370287418365,1,0,0.20284141600131989,1,0,0.20780837535858154,2,0,0.28852328658103943,0,1,0.1451922208070755
subject_14:sample_0000645,14,645,0,1,0,0,1,0,1,0.1550205647945404,1,0,0.20190730690956116,1,0,0.20782390236854553,2,0,0.2902998924255371,0,1,0.1449473798274994
subject_14:sample_0000646,14,646,0,1,0,0,1,0,1,0.15479011833667755,1,0,0.2025488168001175,1,0,0.20921754837036133,2,0,0.2883121073246002,0,1,0.145130455493927
subject_14:sample_0000647,14,647,0,1,0,0,1,0,1,0.15476858615875244,1,0,0.20291295647621155,1,0,0.21080848574638367,2,0,0.28610873222351074,0,1,0.1454002559185028
subject_14:sample_0000648,14,648,0,1,0,0,1,0,1,0.15457618236541748,1,0,0.20267054438591003,1,0,0.21157723665237427,2,0,0.28571856021881104,0,1,0.14545653760433197
subject_14:sample_0000649,14,649,0,1,0,0,1,0,1,0.15472519397735596,1,0,0.20241768658161163,1,0,0.21231894195079803,2,0,0.28465643525123596,0,1,0.14588074386119843
subject_14:sample_0000650,14,650,0,1,0,0,1,0,1,0.15502339601516724,1,0,0.20063897967338562,1,0,0.21131642162799835,2,0,0.28668591380119324,0,1,0.14633430540561676
subject_14:sample_0000651,14,651,0,1,0,0,1,0,1,0.1556604653596878,1,0,0.19958510994911194,1,0,0.21136803925037384,2,0,0.2862514853477478,0,1,0.14713391661643982
subject_14:sample_0000652,14,652,0,1,0,0,1,0,1,0.15589290857315063,1,0,0.19682547450065613,1,0,0.21031862497329712,2,0,0.28958919644355774,0,1,0.14737281203269958
subject_14:sample_0000653,14,653,0,1,0,0,1,0,1,0.15621548891067505,1,0,0.19326306879520416,1,0,0.20806331932544708,2,0,0.29493364691734314,0,1,0.14752355217933655
subject_14:sample_0000654,14,654,0,1,0,0,1,0,1,0.15650054812431335,1,0,0.18907703459262848,1,0,0.20463062822818756,2,0,0.3019979000091553,0,1,0.14779295027256012
subject_14:sample_0000655,14,655,0,1,0,0,1,0,1,0.15641167759895325,1,0,0.18469886481761932,1,0,0.2002989947795868,2,0,0.3104842007160187,0,1,0.14810526371002197
subject_14:sample_0000656,14,656,0,1,0,0,1,0,1,0.15614408254623413,1,0,0.18101133406162262,1,0,0.19665448367595673,2,0,0.31778886914253235,0,1,0.14840032160282135
subject_14:sample_0000657,14,657,0,1,0,0,1,0,1,0.1558944582939148,1,0,0.1775999665260315,1,0,0.1935192346572876,2,0,0.32424914836883545,0,1,0.14873622357845306
subject_14:sample_0000658,14,658,0,1,0,0,1,0,1,0.15542331337928772,1,0,0.17501749098300934,1,0,0.19112643599510193,2,0,0.32967409491539,0,1,0.14875774085521698
subject_14:sample_0000659,14,659,0,1,0,0,1,0,1,0.15556807816028595,1,0,0.17345067858695984,1,0,0.189631387591362,2,0,0.33206668496131897,0,1,0.14928224682807922
subject_14:sample_0000660,14,660,0,1,0,0,1,0,1,0.1561278998851776,1,0,0.17213045060634613,1,0,0.18802553415298462,2,0,0.33353328704833984,0,1,0.1501818597316742
subject_14:sample_0000661,14,661,0,1,0,0,1,0,1,0.15735678374767303,1,0,0.1703883856534958,1,0,0.18622490763664246,2,0,0.3342956602573395,0,1,0.15173330903053284
subject_14:sample_0000662,14,662,0,1,0,0,1,0,1,0.1582925021648407,1,0,0.16915084421634674,1,0,0.1848238706588745,2,0,0.33482226729393005,0,1,0.15290950238704681
subject_14:sample_0000663,14,663,0,1,0,0,1,0,1,0.15908244252204895,1,0,0.16771568357944489,1,0,0.18276721239089966,2,0,0.33652958273887634,0,1,0.15390411019325256
subject_14:sample_0000664,14,664,0,1,0,0,1,0,1,0.15993614494800568,1,0,0.16704057157039642,1,0,0.1811053603887558,2,0,0.3370269536972046,0,1,0.1548900157213211
subject_14:sample_0000665,14,665,0,1,0,0,1,0,1,0.16062681376934052,1,0,0.1662745177745819,1,0,0.17916150391101837,2,0,0.3382466733455658,0,1,0.1556895524263382
subject_14:sample_0000666,14,666,0,2,0,0,1,0,1,0.16081255674362183,1,0,0.16514421999454498,1,0,0.17667029798030853,2,0,0.341449499130249,0,1,0.15592244267463684
subject_14:sample_0000667,14,667,0,2,0,0,1,0,1,0.1603967696428299,1,0,0.16441135108470917,1,0,0.17471559345722198,2,0,0.3448435068130493,0,1,0.15563178062438965
subject_14:sample_0000668,14,668,0,2,0,0,1,0,1,0.16074912250041962,1,0,0.16432608664035797,1,0,0.1729152649641037,2,0,0.3459097445011139,0,1,0.1560988575220108
subject_14:sample_0000669,14,669,0,2,0,0,1,0,1,0.16069108247756958,1,0,0.16399845480918884,1,0,0.1717342585325241,2,0,0.34739023447036743,0,1,0.15618500113487244
subject_14:sample_0000670,14,670,0,2,0,0,1,0,1,0.16032198071479797,1,0,0.16286417841911316,1,0,0.16984732449054718,2,0,0.3510153889656067,0,1,0.1559501588344574
subject_14:sample_0000671,14,671,0,2,0,0,1,0,1,0.15984533727169037,1,0,0.16252920031547546,1,0,0.1690821498632431,2,0,0.3529490530490875,0,1,0.15559330582618713
subject_14:sample_0000672,14,672,0,2,0,0,1,0,1,0.1592230647802353,1,0,0.1620589792728424,1,0,0.16843801736831665,2,0,0.35518550872802734,0,1,0.1550934910774231
subject_14:sample_0000673,14,673,0,2,0,0,1,0,1,0.16037149727344513,1,0,0.16204433143138885,1,0,0.16815805435180664,2,0,0.35340601205825806,0,1,0.1560191661119461
subject_14:sample_0000674,14,674,0,0,1,0,1,0,1,0.1762160360813141,2,0,0.2402109056711197,0,1,0.17984409630298615,0,1,0.18241429328918457,0,1,0.2213136851787567
subject_14:sample_0000675,14,675,0,0,1,0,1,0,1,0.17699038982391357,2,0,0.24158552289009094,0,1,0.17860405147075653,0,1,0.1830463707447052,0,1,0.21977266669273376
subject_14:sample_0000676,14,676,0,0,1,0,1,0,1,0.17810851335525513,2,0,0.2435564249753952,0,1,0.1766294240951538,0,1,0.183919295668602,0,1,0.21778540313243866
subject_14:sample_0000677,14,677,0,0,1,0,1,0,1,0.17875351011753082,2,0,0.2446727603673935,0,1,0.17674420773983002,0,1,0.18402837216854095,0,1,0.21580027043819427
subject_14:sample_0000678,14,678,0,0,1,0,1,0,1,0.17861859500408173,2,0,0.24465277791023254,0,1,0.17657385766506195,0,1,0.1832740753889084,0,1,0.21687975525856018
subject_14:sample_0000679,14,679,0,0,1,0,1,0,1,0.17703132331371307,2,0,0.24276699125766754,0,1,0.17652635276317596,0,1,0.18127867579460144,0,1,0.22239577770233154
subject_14:sample_0000680,14,680,0,0,1,0,1,0,1,0.17707550525665283,2,0,0.24279054999351501,0,1,0.17587734758853912,0,1,0.18112657964229584,0,1,0.22312909364700317
subject_14:sample_0000681,14,681,0,0,1,0,1,0,1,0.17706680297851562,2,0,0.24288220703601837,0,1,0.1745295226573944,0,1,0.18161317706108093,0,1,0.22390741109848022
subject_14:sample_0000682,14,682,0,0,1,0,1,0,1,0.17647376656532288,2,0,0.24180591106414795,0,1,0.17438386380672455,0,1,0.18192517757415771,0,1,0.22541026771068573
subject_14:sample_0000683,14,683,0,0,1,0,1,0,1,0.17432798445224762,2,0,0.23930734395980835,0,1,0.17335031926631927,0,1,0.1812780499458313,2,0,0.23173539340496063
subject_14:sample_0000684,14,684,0,0,1,0,1,0,1,0.1727396845817566,2,0,0.23721930384635925,0,1,0.17237016558647156,0,1,0.18129055202007294,2,0,0.23637928068637848
subject_14:sample_0000685,14,685,0,0,1,0,1,0,1,0.17048458755016327,2,0,0.23458442091941833,0,1,0.17136575281620026,0,1,0.18065865337848663,2,0,0.2429056465625763
subject_14:sample_0000686,14,686,0,0,1,0,1,0,1,0.16984820365905762,2,0,0.233427494764328,0,1,0.17159941792488098,0,1,0.18146196007728577,2,0,0.24366195499897003
subject_14:sample_0000687,14,687,0,0,1,0,1,0,1,0.16842535138130188,2,0,0.23193004727363586,0,1,0.17070333659648895,0,1,0.18243685364723206,2,0,0.24650341272354126
subject_14:sample_0000688,14,688,0,0,1,0,1,0,1,0.165829598903656,2,0,0.22922883927822113,0,1,0.17142023146152496,0,1,0.1816650927066803,2,0,0.2518552839756012
subject_14:sample_0000689,14,689,0,0,1,0,1,0,1,0.16292686760425568,2,0,0.22628138959407806,0,1,0.17309775948524475,0,1,0.17990314960479736,2,0,0.25778988003730774
subject_14:sample_0000690,14,690,0,0,1,0,1,0,1,0.160709947347641,2,0,0.22403788566589355,0,1,0.17551268637180328,0,1,0.1781252920627594,2,0,0.26161330938339233
subject_14:sample_0000691,14,691,0,0,1,0,1,0,1,0.159233957529068,2,0,0.22236491739749908,0,1,0.17862071096897125,0,1,0.1765650063753128,2,0,0.2632144093513489
subject_14:sample_0000692,14,692,0,2,0,2,0,0,1,0.15829193592071533,2,0,0.22072094678878784,0,1,0.1819133311510086,0,1,0.17581547796726227,2,0,0.26325735449790955
subject_14:sample_0000693,14,693,0,2,0,2,0,0,1,0.15719126164913177,2,0,0.21838881075382233,0,1,0.18811501562595367,0,1,0.17511548101902008,2,0,0.2611885070800781
subject_14:sample_0000694,14,694,0,2,0,2,0,0,1,0.15528906881809235,2,0,0.215449720621109,2,0,0.19616802036762238,0,1,0.17489072680473328,2,0,0.2582015097141266
subject_14:sample_0000695,14,695,0,2,0,2,0,0,1,0.1539762169122696,2,0,0.21245704591274261,2,0,0.2048661708831787,0,1,0.17418339848518372,2,0,0.25451621413230896
subject_14:sample_0000696,14,696,0,2,0,2,0,0,1,0.15289345383644104,2,0,0.20935621857643127,2,0,0.21244409680366516,2,0,0.17470847070217133,2,0,0.2505967915058136
subject_14:sample_0000697,14,697,0,2,0,2,0,0,1,0.15259212255477905,2,0,0.207003653049469,2,0,0.21761564910411835,2,0,0.17529529333114624,2,0,0.2474922388792038
subject_14:sample_0000698,14,698,0,2,0,2,0,0,1,0.1530424803495407,2,0,0.20568545162677765,2,0,0.21927349269390106,2,0,0.1766705960035324,2,0,0.24532704055309296
subject_14:sample_0000699,14,699,0,2,0,2,0,0,1,0.15459582209587097,2,0,0.20475514233112335,2,0,0.2191312164068222,2,0,0.17818288505077362,2,0,0.24333399534225464
subject_14:sample_0000700,14,700,0,2,0,2,0,0,1,0.15619444847106934,2,0,0.20436696708202362,2,0,0.21861892938613892,2,0,0.1788347363471985,2,0,0.24198395013809204
subject_14:sample_0000701,14,701,0,2,0,2,0,0,1,0.15867352485656738,2,0,0.20412519574165344,2,0,0.21762628853321075,2,0,0.1787242591381073,2,0,0.2408498376607895
subject_14:sample_0000702,14,702,0,2,0,2,0,0,1,0.1612858921289444,2,0,0.20386408269405365,2,0,0.2168768346309662,2,0,0.17814940214157104,2,0,0.2398228645324707
subject_14:sample_0000703,14,703,0,2,0,2,0,2,0,0.16346462070941925,2,0,0.20350702106952667,2,0,0.21588748693466187,2,0,0.1780524104833603,2,0,0.23908758163452148
subject_14:sample_0000704,14,704,0,2,0,2,0,2,0,0.16504181921482086,2,0,0.20315471291542053,2,0,0.2152341902256012,2,0,0.17830735445022583,2,0,0.23826101422309875
subject_14:sample_0000705,14,705,0,2,0,2,0,2,0,0.16672274470329285,2,0,0.20295754075050354,2,0,0.21502290666103363,2,0,0.17716383934020996,2,0,0.23813201487064362
subject_14:sample_0000706,14,706,0,2,0,2,0,2,0,0.16917958855628967,2,0,0.202114999294281,2,0,0.21463045477867126,2,0,0.17687685787677765,2,0,0.23719708621501923
subject_14:sample_0000707,14,707,0,2,0,2,0,2,0,0.17209123075008392,2,0,0.2012404054403305,2,0,0.21389910578727722,2,0,0.17671151459217072,2,0,0.23605675995349884
subject_14:sample_0000708,14,708,0,2,0,2,0,2,0,0.1751665621995926,2,0,0.20088563859462738,2,0,0.21338027715682983,2,0,0.17548143863677979,2,0,0.23508520424365997
subject_14:sample_0000709,14,709,0,2,0,2,0,2,0,0.178746297955513,2,0,0.2001752257347107,2,0,0.21295173466205597,2,0,0.17451483011245728,2,0,0.23361091315746307
subject_14:sample_0000710,14,710,0,2,0,2,0,2,0,0.18210022151470184,2,0,0.19937744736671448,2,0,0.212042897939682,2,0,0.17462968826293945,2,0,0.2318488508462906
subject_14:sample_0000711,14,711,0,2,0,2,0,2,0,0.18493811786174774,2,0,0.19875182211399078,2,0,0.2108774185180664,2,0,0.17518852651119232,2,0,0.23024317622184753
subject_14:sample_0000712,14,712,0,2,0,2,0,2,0,0.1873166412115097,2,0,0.19846023619174957,2,0,0.20966733992099762,2,0,0.17574918270111084,2,0,0.2288055717945099
subject_14:sample_0000713,14,713,0,2,0,2,0,2,0,0.18928803503513336,2,0,0.198430597782135,2,0,0.20872004330158234,2,0,0.17597293853759766,2,0,0.22758743166923523
subject_14:sample_0000714,14,714,0,2,0,2,0,2,0,0.19083522260189056,2,0,0.19858887791633606,2,0,0.20816554129123688,2,0,0.17559339106082916,2,0,0.22681595385074615
subject_14:sample_0000715,14,715,0,2,0,2,0,2,0,0.19170866906642914,2,0,0.19888189435005188,2,0,0.2079310268163681,2,0,0.17504186928272247,2,0,0.2264356017112732
subject_14:sample_0000716,14,716,0,2,0,2,0,2,0,0.1923251897096634,2,0,0.1990233212709427,2,0,0.2078394591808319,2,0,0.1745981127023697,2,0,0.2262130230665207
subject_14:sample_0000717,14,717,0,2,0,2,0,2,0,0.19256502389907837,2,0,0.19899336993694305,2,0,0.2075742483139038,2,0,0.17484314739704132,2,0,0.22602331638336182
subject_14:sample_0000718,14,718,0,2,0,2,0,2,0,0.19288159906864166,2,0,0.19909216463565826,2,0,0.20741574466228485,2,0,0.17464636266231537,2,0,0.22596320509910583
subject_14:sample_0000719,14,719,0,2,0,2,0,2,0,0.19332964718341827,2,0,0.19916103780269623,2,0,0.2071443796157837,2,0,0.1743921935558319,2,0,0.2259717732667923
subject_14:sample_0000720,14,720,0,2,0,2,0,2,0,0.19377866387367249,2,0,0.1991378664970398,2,0,0.20682670176029205,2,0,0.17432281374931335,2,0,0.2259330153465271
subject_14:sample_0000721,14,721,0,2,0,2,0,2,0,0.19430726766586304,2,0,0.19916151463985443,2,0,0.2064550817012787,2,0,0.1740862876176834,2,0,0.22598886489868164
subject_14:sample_0000722,14,722,0,2,0,2,0,2,0,0.1950080543756485,2,0,0.19917553663253784,2,0,0.2061389535665512,2,0,0.1737077832221985,2,0,0.22596873342990875
subject_14:sample_0000723,14,723,0,2,0,2,0,2,0,0.1957712322473526,2,0,0.19936752319335938,2,0,0.2061082124710083,2,0,0.17251825332641602,2,0,0.22623378038406372
subject_14:sample_0000724,14,724,0,2,0,2,0,2,0,0.1965995579957962,2,0,0.19964469969272614,2,0,0.20619264245033264,2,0,0.17091716825962067,2,0,0.22664496302604675
subject_14:sample_0000725,14,725,0,2,0,2,0,2,0,0.19743221998214722,2,0,0.20008952915668488,2,0,0.2065242975950241,2,0,0.16860468685626984,2,0,0.22734829783439636
subject_14:sample_0000726,14,726,0,2,0,2,0,2,0,0.19826270639896393,2,0,0.20068390667438507,2,0,0.20707570016384125,2,0,0.16567078232765198,2,0,0.2283058911561966
subject_14:sample_0000727,14,727,0,2,0,2,0,2,0,0.19896607100963593,2,0,0.2011122703552246,2,0,0.20767581462860107,2,0,0.162971630692482,2,0,0.22927325963974
subject_14:sample_0000728,14,728,0,2,0,2,0,2,0,0.19968925416469574,2,0,0.20147524774074554,2,0,0.208465576171875,2,0,0.1599995642900467,2,0,0.23036938905715942
subject_14:sample_0000729,14,729,0,2,0,2,0,2,0,0.20023715496063232,2,0,0.20146389305591583,2,0,0.20923908054828644,2,0,0.15758804976940155,2,0,0.23147085309028625
subject_14:sample_0000730,14,730,0,2,0,2,0,2,0,0.20081160962581635,2,0,0.20159846544265747,2,0,0.20966015756130219,2,0,0.15563994646072388,2,0,0.2322888821363449
subject_14:sample_0000731,14,731,0,2,0,2,0,2,0,0.20113693177700043,2,0,0.20151136815547943,2,0,0.20987990498542786,2,0,0.15452982485294342,2,0,0.23294103145599365
subject_14:sample_0000732,14,732,0,2,0,2,0,2,0,0.2014583796262741,2,0,0.20127055048942566,2,0,0.21019142866134644,2,0,0.15350452065467834,2,0,0.23357412219047546
subject_14:sample_0000733,14,733,0,2,0,2,0,2,0,0.20178677141666412,2,0,0.2009955197572708,2,0,0.21031825244426727,2,0,0.15286318957805634,2,0,0.23403529822826385
subject_14:sample_0000734,14,734,0,2,0,2,0,2,0,0.2018013596534729,2,0,0.2003883272409439,2,0,0.2101259082555771,2,0,0.1536053568124771,2,0,0.23407813906669617
subject_14:sample_0000735,14,735,0,2,0,2,0,2,0,0.20183640718460083,2,0,0.1998710185289383,2,0,0.20993001759052277,2,0,0.15444150567054749,2,0,0.23392006754875183
subject_14:sample_0000736,14,736,0,2,0,2,0,2,0,0.2017764449119568,2,0,0.19897212088108063,2,0,0.2097807228565216,2,0,0.15571951866149902,2,0,0.23375022411346436
subject_14:sample_0000737,14,737,0,2,0,2,0,2,0,0.20140740275382996,2,0,0.19733679294586182,2,0,0.20944717526435852,2,0,0.15842188894748688,2,0,0.23338572680950165
subject_14:sample_0000738,14,738,0,2,0,2,0,2,0,0.2009856104850769,2,0,0.19577433168888092,2,0,0.20881034433841705,2,0,0.1616714596748352,2,0,0.23275724053382874
subject_14:sample_0000739,14,739,0,2,0,2,0,2,0,0.2005760222673416,2,0,0.1938631236553192,2,0,0.20855994522571564,2,0,0.16458185017108917,2,0,0.23241809010505676
subject_14:sample_0000740,14,740,0,2,0,2,0,2,0,0.2000333070755005,2,0,0.1923462450504303,2,0,0.20800864696502686,2,0,0.1680968552827835,2,0,0.23151400685310364
subject_14:sample_0000741,14,741,0,2,0,2,0,2,0,0.19944998621940613,2,0,0.19080820679664612,2,0,0.20770569145679474,2,0,0.17137907445430756,2,0,0.23065617680549622
subject_14:sample_0000742,14,742,0,2,0,2,0,2,0,0.19889073073863983,2,0,0.1897193044424057,2,0,0.2071947306394577,2,0,0.17442402243614197,2,0,0.2297702431678772
subject_14:sample_0000743,14,743,0,2,0,2,0,2,0,0.19837002456188202,2,0,0.1892242282629013,2,0,0.20668849349021912,2,0,0.17678473889827728,2,0,0.22893159091472626
subject_14:sample_0000744,14,744,0,2,0,2,0,2,0,0.19789113104343414,2,0,0.18936145305633545,2,0,0.20594264566898346,2,0,0.17887306213378906,2,0,0.2279306948184967
subject_14:sample_0000745,14,745,0,2,0,2,0,2,0,0.19741064310073853,2,0,0.1896488070487976,2,0,0.20501327514648438,2,0,0.1811220943927765,2,0,0.2268042415380478
subject_14:sample_0000746,14,746,0,2,0,2,0,2,0,0.19691301882266998,2,0,0.18943558633327484,2,0,0.20433291792869568,2,0,0.18333014845848083,2,0,0.22598740458488464
subject_14:sample_0000747,14,747,0,2,0,2,0,2,0,0.19651295244693756,2,0,0.18924419581890106,2,0,0.20363424718379974,2,0,0.1852433681488037,2,0,0.2253643125295639
subject_14:sample_0000748,14,748,0,2,0,2,0,2,0,0.19616152346134186,2,0,0.1887643188238144,2,0,0.20316924154758453,2,0,0.18694281578063965,2,0,0.22496117651462555
subject_14:sample_0000749,14,749,0,2,0,2,0,2,0,0.19588786363601685,2,0,0.18806228041648865,2,0,0.20305611193180084,2,0,0.18817026913166046,2,0,0.2248225212097168
subject_14:sample_0000750,14,750,0,2,0,2,0,2,0,0.19573166966438293,2,0,0.18738599121570587,2,0,0.20276299118995667,2,0,0.18959181010723114,2,0,0.22452662885189056
subject_14:sample_0000751,14,751,0,2,0,2,0,2,0,0.1955213099718094,2,0,0.18678908050060272,2,0,0.2025129199028015,2,0,0.19104737043380737,2,0,0.2241283357143402
subject_14:sample_0000752,14,752,0,2,0,2,0,2,0,0.1952858716249466,2,0,0.18596625328063965,2,0,0.2024710327386856,2,0,0.1924726814031601,2,0,0.22380319237709045
subject_14:sample_0000753,14,753,0,2,0,2,0,2,0,0.19482403993606567,2,0,0.18502169847488403,2,0,0.20256038010120392,2,0,0.1939946860074997,2,0,0.22359828650951385
subject_14:sample_0000754,14,754,0,2,0,2,0,2,0,0.19440139830112457,2,0,0.18400882184505463,2,0,0.20256929099559784,2,0,0.19553393125534058,2,0,0.2234855592250824
subject_14:sample_0000755,14,755,0,2,0,2,0,2,0,0.19413700699806213,2,0,0.18295608460903168,2,0,0.20264872908592224,2,0,0.19685323536396027,2,0,0.22340397536754608
subject_14:sample_0000756,14,756,0,2,0,2,0,2,0,0.19385866820812225,2,0,0.18239903450012207,2,0,0.202707901597023,2,0,0.1977483630180359,2,0,0.22328510880470276
subject_14:sample_0000757,14,757,0,2,0,2,0,2,0,0.19368071854114532,2,0,0.18139325082302094,2,0,0.20297889411449432,2,0,0.19849148392677307,2,0,0.22345465421676636
subject_14:sample_0000758,14,758,0,2,0,2,0,2,0,0.19353453814983368,2,0,0.18019066751003265,2,0,0.20328448712825775,2,0,0.19894391298294067,2,0,0.22404544055461884
subject_14:sample_0000759,14,759,0,2,0,2,0,2,0,0.1931774616241455,2,0,0.17911237478256226,2,0,0.20364315807819366,2,0,0.19888928532600403,2,0,0.22517672181129456
subject_14:sample_0000760,14,760,0,2,0,2,0,2,0,0.19305548071861267,2,0,0.1778680831193924,2,0,0.2037442922592163,2,0,0.1989942342042923,2,0,0.2263370156288147
subject_14:sample_0000761,14,761,0,2,0,2,0,2,0,0.19329507648944855,2,0,0.17748738825321198,2,0,0.20312076807022095,2,0,0.19924689829349518,2,0,0.22684894502162933
subject_14:sample_0000762,14,762,0,2,0,2,0,2,0,0.19365747272968292,0,1,0.1778123676776886,2,0,0.20192033052444458,2,0,0.19963431358337402,2,0,0.22697462141513824
subject_14:sample_0000763,14,763,0,2,0,2,0,2,0,0.19365954399108887,0,1,0.17861925065517426,2,0,0.20060546696186066,2,0,0.20001186430454254,2,0,0.22710290551185608
subject_14:sample_0000764,14,764,0,2,0,2,0,2,0,0.19354647397994995,0,1,0.1797720193862915,2,0,0.19950635731220245,2,0,0.20010554790496826,2,0,0.22706860303878784
subject_14:sample_0000765,14,765,0,2,0,2,0,2,0,0.19277431070804596,0,1,0.1825261414051056,2,0,0.19839705526828766,2,0,0.1998017281293869,2,0,0.22649982571601868
subject_14:sample_0000766,14,766,0,2,0,2,0,2,0,0.192631796002388,0,1,0.1847941279411316,2,0,0.19721707701683044,2,0,0.19979940354824066,2,0,0.2255566269159317
subject_14:sample_0000767,14,767,0,2,0,2,0,2,0,0.19237083196640015,0,1,0.1872616410255432,2,0,0.19461552798748016,2,0,0.2002195566892624,2,0,0.22553153336048126
subject_14:sample_0000768,14,768,0,2,0,2,0,1,0,0.19256438314914703,0,1,0.18978877365589142,2,0,0.19224950671195984,2,0,0.20021416246891022,2,0,0.22518223524093628
subject_14:sample_0000769,14,769,0,2,0,2,0,1,0,0.19280613958835602,0,1,0.19162285327911377,1,0,0.19052517414093018,2,0,0.2000918835401535,2,0,0.22495296597480774
subject_14:sample_0000770,14,770,0,2,0,2,0,1,0,0.19301141798496246,0,1,0.192788764834404,1,0,0.18953454494476318,2,0,0.2003394514322281,2,0,0.2243248075246811
subject_14:sample_0000771,14,771,0,2,0,2,0,1,0,0.1929314136505127,0,1,0.19408199191093445,1,0,0.18914096057415009,2,0,0.20030634105205536,2,0,0.2235383540391922
subject_14:sample_0000772,14,772,0,2,0,2,0,1,0,0.19242927432060242,0,1,0.195317804813385,1,0,0.18923725187778473,2,0,0.20071372389793396,2,0,0.22230097651481628
subject_14:sample_0000773,14,773,0,2,0,2,0,1,0,0.1923595666885376,0,1,0.1958114057779312,1,0,0.18967179954051971,2,0,0.2018931657075882,2,0,0.22026313841342926
subject_14:sample_0000774,14,774,0,2,0,1,0,1,0,0.19231046736240387,0,1,0.196245938539505,1,0,0.19007909297943115,2,0,0.20329104363918304,2,0,0.21807244420051575
subject_14:sample_0000775,14,775,0,2,0,1,0,1,0,0.19162553548812866,0,1,0.19670967757701874,1,0,0.1899237334728241,2,0,0.2052580565214157,2,0,0.21648205816745758
subject_14:sample_0000776,14,776,0,2,0,1,0,1,0,0.19124840199947357,0,1,0.19762049615383148,1,0,0.18954135477542877,2,0,0.20770972967147827,2,0,0.2138790786266327
subject_14:sample_0000777,14,777,0,1,0,1,0,1,0,0.19097112119197845,0,1,0.19859251379966736,1,0,0.1894194781780243,2,0,0.2097717523574829,2,0,0.21124416589736938
subject_14:sample_0000778,14,778,0,1,0,1,0,1,0,0.19179397821426392,0,1,0.19958747923374176,1,0,0.18959763646125793,2,0,0.21121840178966522,2,0,0.20780150592327118
subject_14:sample_0000779,14,779,0,1,0,1,0,1,0,0.19288815557956696,0,1,0.2009667307138443,1,0,0.19000153243541718,2,0,0.21164476871490479,1,0,0.20449785888195038
subject_14:sample_0000780,14,780,0,1,0,1,0,1,0,0.19421617686748505,0,1,0.20167653262615204,1,0,0.1903647482395172,2,0,0.2120719850063324,1,0,0.20166964828968048
subject_14:sample_0000781,14,781,0,1,0,1,0,1,0,0.19587421417236328,0,1,0.20229510962963104,1,0,0.19107851386070251,2,0,0.21245773136615753,1,0,0.19829340279102325
subject_14:sample_0000782,14,782,0,1,0,1,0,1,0,0.19732274115085602,0,1,0.20362140238285065,1,0,0.19246402382850647,2,0,0.2124594748020172,1,0,0.19413141906261444
subject_14:sample_0000783,14,783,0,1,0,1,0,1,0,0.19874919950962067,0,1,0.2048124521970749,1,0,0.19387465715408325,1,0,0.2121276557445526,1,0,0.19043505191802979
subject_14:sample_0000784,14,784,0,1,0,1,0,1,0,0.20050634443759918,0,1,0.20548446476459503,1,0,0.19517044723033905,1,0,0.21110250055789948,1,0,0.18773527443408966
subject_14:sample_0000785,14,785,0,1,0,1,0,1,0,0.2025654911994934,0,1,0.20557601749897003,1,0,0.19672806560993195,1,0,0.20903407037258148,1,0,0.18609534204006195
subject_14:sample_0000786,14,786,0,1,0,1,0,1,0,0.20451274514198303,0,1,0.20557720959186554,1,0,0.1983637809753418,1,0,0.20652729272842407,1,0,0.18501803278923035
subject_14:sample_0000787,14,787,0,1,0,1,0,1,0,0.2053924798965454,0,1,0.20621949434280396,1,0,0.19981274008750916,1,0,0.20404763519763947,0,1,0.1845266968011856
subject_14:sample_0000788,14,788,0,1,0,0,1,1,0,0.20617954432964325,0,1,0.20687638223171234,1,0,0.20111840963363647,1,0,0.2017359435558319,0,1,0.18408870697021484
subject_14:sample_0000789,14,789,0,1,0,0,1,1,0,0.20721344649791718,0,1,0.20758654177188873,1,0,0.20233668386936188,1,0,0.19934864342212677,0,1,0.18351376056671143
subject_14:sample_0000790,14,790,0,1,0,0,1,1,0,0.20819345116615295,0,1,0.20907504856586456,1,0,0.2028321921825409,1,0,0.19699279963970184,0,1,0.18290558457374573
subject_14:sample_0000791,14,791,0,1,0,0,1,1,0,0.20962324738502502,0,1,0.2094043642282486,1,0,0.2029670625925064,1,0,0.1954161375761032,0,1,0.18258823454380035
subject_14:sample_0000792,14,792,0,1,0,0,1,1,0,0.21101228892803192,0,1,0.20975597202777863,1,0,0.20288346707820892,1,0,0.1943197250366211,0,1,0.18202757835388184
subject_14:sample_0000793,14,793,0,0,1,0,1,1,0,0.21156013011932373,0,1,0.21015340089797974,1,0,0.20247022807598114,1,0,0.19295845925807953,0,1,0.18285684287548065
subject_14:sample_0000794,14,794,0,0,1,0,1,1,0,0.21161893010139465,0,1,0.21184897422790527,0,1,0.20222598314285278,1,0,0.19156530499458313,0,1,0.18273982405662537
subject_14:sample_0000795,14,795,0,0,1,0,1,0,1,0.21171724796295166,0,1,0.21329264342784882,0,1,0.20235750079154968,1,0,0.18957319855690002,0,1,0.18305842578411102
subject_14:sample_0000796,14,796,0,0,1,0,1,0,1,0.2119487076997757,0,1,0.2128603756427765,0,1,0.20276197791099548,1,0,0.18816854059696198,0,1,0.18425944447517395
subject_14:sample_0000797,14,797,0,0,1,0,1,0,1,0.21235604584217072,0,1,0.21265538036823273,0,1,0.20294539630413055,1,0,0.18623876571655273,0,1,0.18580344319343567
subject_14:sample_0000798,14,798,0,0,1,0,1,0,1,0.21375085413455963,0,1,0.21227513253688812,0,1,0.2032015174627304,1,0,0.18367338180541992,0,1,0.18709808588027954
subject_14:sample_0000799,14,799,0,0,1,0,1,0,1,0.21630176901817322,0,1,0.2107359766960144,0,1,0.20346294343471527,1,0,0.18135395646095276,0,1,0.18814444541931152
subject_14:sample_0000800,14,800,0,0,1,0,1,0,1,0.2190646380186081,0,1,0.20977729558944702,0,1,0.2032889723777771,1,0,0.1787424236536026,0,1,0.18912570178508759
subject_14:sample_0000801,14,801,0,0,1,0,1,0,1,0.22146517038345337,0,1,0.20870061218738556,0,1,0.203494593501091,1,0,0.1760251224040985,0,1,0.19031351804733276
subject_14:sample_0000802,14,802,0,0,1,0,1,0,1,0.22188147902488708,0,1,0.20775863528251648,0,1,0.20402932167053223,1,0,0.17474369704723358,0,1,0.1915859431028366
subject_14:sample_0000803,14,803,0,0,1,0,1,0,1,0.22142672538757324,0,1,0.2067055106163025,0,1,0.20430651307106018,1,0,0.17421771585941315,0,1,0.19334259629249573
subject_14:sample_0000804,14,804,0,0,1,0,1,0,1,0.21936027705669403,0,1,0.20603671669960022,0,1,0.2050917148590088,1,0,0.17565782368183136,0,1,0.19385254383087158
subject_14:sample_0000805,14,805,0,0,1,0,1,0,1,0.21640010178089142,0,1,0.20546990633010864,0,1,0.20645977556705475,0,1,0.17854589223861694,0,1,0.19312341511249542
subject_14:sample_0000806,14,806,0,0,1,0,1,0,1,0.2131635993719101,0,1,0.2054470181465149,0,1,0.20680183172225952,0,1,0.1830822378396988,0,1,0.19150438904762268
subject_14:sample_0000807,14,807,0,0,1,0,1,0,1,0.20923489332199097,0,1,0.20519474148750305,0,1,0.20507079362869263,0,1,0.1909991353750229,0,1,0.18949952721595764
subject_14:sample_0000808,14,808,0,0,1,0,1,0,1,0.20678859949111938,0,1,0.20529358088970184,0,1,0.2033635377883911,0,1,0.19556105136871338,0,1,0.18899226188659668
subject_14:sample_0000809,14,809,0,0,1,0,1,0,1,0.20567627251148224,0,1,0.20573687553405762,0,1,0.2023598551750183,0,1,0.19654874503612518,0,1,0.1896773725748062
subject_14:sample_0000810,14,810,0,0,1,0,1,0,1,0.20554916560649872,0,1,0.20575453341007233,0,1,0.20086008310317993,0,1,0.19735369086265564,0,1,0.19048158824443817
subject_14:sample_0000811,14,811,0,0,1,0,1,0,1,0.2057662457227707,0,1,0.20600326359272003,0,1,0.19957859814167023,0,1,0.19753143191337585,0,1,0.1911194771528244
subject_14:sample_0000812,14,812,0,0,1,0,1,0,1,0.20631226897239685,0,1,0.20599764585494995,0,1,0.19809335470199585,0,1,0.19779223203659058,0,1,0.19180358946323395
subject_14:sample_0000813,14,813,0,0,1,0,1,0,1,0.20718833804130554,0,1,0.20563095808029175,0,1,0.19682461023330688,0,1,0.1976623386144638,0,1,0.192692831158638
subject_14:sample_0000814,14,814,0,0,1,0,1,0,1,0.20808400213718414,0,1,0.20577412843704224,0,1,0.19605377316474915,0,1,0.1965978741645813,0,1,0.19348928332328796
subject_14:sample_0000815,14,815,0,0,1,0,1,0,1,0.20906978845596313,0,1,0.2061736136674881,0,1,0.1954350620508194,0,1,0.19526833295822144,0,1,0.19405224919319153
subject_14:sample_0000816,14,816,0,0,1,0,1,0,1,0.2101571261882782,0,1,0.2060207575559616,0,1,0.19482922554016113,0,1,0.1942528635263443,0,1,0.1947389841079712
subject_14:sample_0000817,14,817,0,0,1,0,1,0,1,0.2115948498249054,0,1,0.20617344975471497,0,1,0.19388125836849213,0,1,0.19272707402706146,0,1,0.19562238454818726
subject_14:sample_0000818,14,818,0,0,1,0,1,0,1,0.21304863691329956,0,1,0.20696188509464264,0,1,0.1926397979259491,0,1,0.1910543590784073,0,1,0.1962943822145462
subject_14:sample_0000819,14,819,0,0,1,0,1,0,1,0.21438336372375488,0,1,0.20789630711078644,0,1,0.1918219029903412,0,1,0.18908150494098663,0,1,0.19681602716445923
subject_14:sample_0000820,14,820,0,0,1,0,1,0,1,0.21566839516162872,0,1,0.20934511721134186,0,1,0.1911446750164032,0,1,0.1868702918291092,0,1,0.1969706118106842
subject_14:sample_0000821,14,821,0,0,1,0,1,0,1,0.21632441878318787,0,1,0.2102920114994049,0,1,0.19052056968212128,0,1,0.1856594979763031,0,1,0.19720251858234406
subject_14:sample_0000822,14,822,0,0,1,0,1,0,1,0.21668820083141327,0,1,0.21159878373146057,0,1,0.19020803272724152,0,1,0.18431949615478516,0,1,0.1971845030784607
subject_14:sample_0000823,14,823,0,0,1,0,1,0,1,0.21717028319835663,0,1,0.21205440163612366,0,1,0.19052502512931824,0,1,0.1831771582365036,0,1,0.19707214832305908
subject_14:sample_0000824,14,824,0,0,1,0,1,0,1,0.21767041087150574,0,1,0.21332892775535583,0,1,0.19006817042827606,0,1,0.1820298135280609,0,1,0.19690170884132385
subject_14:sample_0000825,14,825,0,0,1,0,1,0,1,0.21823717653751373,0,1,0.21582147479057312,0,1,0.18924538791179657,0,1,0.1802772581577301,0,1,0.19641771912574768
subject_14:sample_0000826,14,826,0,0,1,0,1,0,1,0.21882741153240204,0,1,0.2178867906332016,0,1,0.1887274980545044,0,1,0.17852045595645905,0,1,0.19603680074214935
subject_14:sample_0000827,14,827,0,0,1,0,1,0,1,0.21905362606048584,0,1,0.21955329179763794,0,1,0.18796266615390778,0,1,0.1777077317237854,0,1,0.19572164118289948
subject_14:sample_0000828,14,828,0,0,1,0,1,0,1,0.21923576295375824,0,1,0.21982821822166443,0,1,0.1883302927017212,0,1,0.1771426796913147,0,1,0.19546213746070862
subject_14:sample_0000829,14,829,0,0,1,0,1,0,1,0.21933476626873016,0,1,0.2189006507396698,0,1,0.18975003063678741,0,1,0.17678877711296082,0,1,0.1952248513698578
subject_14:sample_0000830,14,830,0,0,1,0,1,0,1,0.2198989987373352,0,1,0.21834804117679596,0,1,0.19093622267246246,0,1,0.17589876055717468,0,1,0.1949169635772705
subject_14:sample_0000831,14,831,0,0,1,0,1,0,1,0.22082091867923737,0,1,0.21762053668498993,0,1,0.19147129356861115,0,1,0.17519332468509674,0,1,0.19489294290542603
subject_14:sample_0000832,14,832,0,0,1,0,1,0,1,0.22144372761249542,0,1,0.2161937952041626,0,1,0.1931997835636139,0,1,0.17461837828159332,0,1,0.19454339146614075
subject_14:sample_0000833,14,833,0,0,1,0,1,0,1,0.22233201563358307,0,1,0.21423335373401642,0,1,0.19546566903591156,0,1,0.17378394305706024,0,1,0.1941840797662735
subject_14:sample_0000834,14,834,0,0,1,0,1,0,1,0.2226472944021225,0,1,0.21172700822353363,0,1,0.19745762646198273,0,1,0.17432069778442383,0,1,0.19384640455245972
subject_14:sample_0000835,14,835,0,0,1,0,1,0,1,0.22272929549217224,0,1,0.21038873493671417,0,1,0.19868023693561554,0,1,0.17499767243862152,0,1,0.1932031661272049
subject_14:sample_0000836,14,836,0,0,1,0,1,0,1,0.22314921021461487,0,1,0.20913025736808777,0,1,0.20070728659629822,0,1,0.1746004819869995,0,1,0.1924118995666504
subject_14:sample_0000837,14,837,0,0,1,0,1,0,1,0.22305060923099518,0,1,0.2068021148443222,0,1,0.20310693979263306,0,1,0.17512519657611847,0,1,0.19191409647464752
subject_14:sample_0000838,14,838,0,0,1,0,1,0,1,0.2226264476776123,0,1,0.204223170876503,0,1,0.20532198250293732,0,1,0.1761542409658432,0,1,0.19167323410511017
subject_14:sample_0000839,14,839,0,0,1,0,1,0,1,0.22167958319187164,0,1,0.20106709003448486,0,1,0.2084048092365265,0,1,0.17728208005428314,0,1,0.19156551361083984
subject_14:sample_0000840,14,840,0,0,1,0,1,1,0,0.22067180275917053,0,1,0.19739073514938354,0,1,0.21385827660560608,0,1,0.17725174129009247,0,1,0.19082650542259216
subject_14:sample_0000841,14,841,0,0,1,0,1,1,0,0.21985158324241638,0,1,0.19452710449695587,0,1,0.21930542588233948,0,1,0.17649392783641815,0,1,0.1898210197687149
subject_14:sample_0000842,14,842,0,0,1,0,1,1,0,0.21872319281101227,0,1,0.19198788702487946,0,1,0.22517648339271545,0,1,0.17546923458576202,0,1,0.1886422485113144
subject_14:sample_0000843,14,843,0,0,1,0,1,1,0,0.21824558079242706,0,1,0.19000783562660217,0,1,0.2291901856660843,0,1,0.17488637566566467,0,1,0.1876690685749054
subject_14:sample_0000844,14,844,0,0,1,0,1,1,0,0.22011147439479828,0,1,0.18783681094646454,1,0,0.23115772008895874,0,1,0.17425143718719482,0,1,0.18664154410362244
subject_14:sample_0000845,14,845,0,0,1,0,1,1,0,0.22389259934425354,0,1,0.18478383123874664,1,0,0.23265238106250763,0,1,0.1732848733663559,0,1,0.1853853464126587
subject_14:sample_0000846,14,846,0,0,1,0,1,1,0,0.2284860908985138,0,1,0.18139493465423584,1,0,0.23482206463813782,0,1,0.1717422902584076,0,1,0.18355363607406616
subject_14:sample_0000847,14,847,0,0,1,0,1,1,0,0.2321278303861618,0,1,0.17801576852798462,1,0,0.2374488115310669,0,1,0.17040280997753143,0,1,0.18200378119945526
subject_14:sample_0000848,14,848,0,0,1,0,1,1,0,0.2362421154975891,0,1,0.1747451275587082,1,0,0.24066926538944244,0,1,0.16843034327030182,0,1,0.1799122393131256
subject_14:sample_0000849,14,849,0,0,1,0,1,1,0,0.23951652646064758,0,1,0.1722850799560547,1,0,0.24343672394752502,0,1,0.16666775941848755,0,1,0.17809295654296875
subject_14:sample_0000850,14,850,0,0,1,0,1,1,0,0.2416708767414093,0,1,0.17062227427959442,1,0,0.2453465312719345,0,1,0.16556866466999054,0,1,0.1767907291650772
subject_14:sample_0000851,14,851,0,0,1,0,1,1,0,0.24262681603431702,0,1,0.16995352506637573,1,0,0.2460251897573471,0,1,0.16522447764873505,0,1,0.1761689931154251
subject_14:sample_0000852,14,852,0,0,1,0,1,1,0,0.24342520534992218,0,1,0.16983486711978912,1,0,0.2457178682088852,0,1,0.1652650088071823,0,1,0.1757560521364212
subject_14:sample_0000853,14,853,0,0,1,0,1,1,0,0.2439451664686203,0,1,0.17030441761016846,1,0,0.24444569647312164,0,1,0.1657257229089737,0,1,0.17557796835899353
subject_14:sample_0000854,14,854,0,0,1,0,1,1,0,0.2444906383752823,0,1,0.17106720805168152,1,0,0.24256806075572968,0,1,0.1662554293870926,0,1,0.1756177544593811
subject_14:sample_0000855,14,855,0,0,1,0,1,1,0,0.24464082717895508,0,1,0.17196375131607056,1,0,0.2405339777469635,0,1,0.1670602262020111,0,1,0.17580026388168335
subject_14:sample_0000856,14,856,0,0,1,0,1,1,0,0.24518388509750366,0,1,0.17277108132839203,1,0,0.23848126828670502,0,1,0.16769054532051086,0,1,0.17587225139141083
subject_14:sample_0000857,14,857,0,0,1,0,1,1,0,0.24557630717754364,0,1,0.1735766977071762,1,0,0.2361590713262558,0,1,0.16859866678714752,0,1,0.1760883778333664
subject_14:sample_0000858,14,858,0,0,1,0,1,1,0,0.24617978930473328,0,1,0.17362947762012482,1,0,0.23453304171562195,0,1,0.1695559173822403,0,1,0.17610079050064087
subject_14:sample_0000859,14,859,0,0,1,0,1,1,0,0.2465926855802536,0,1,0.17374418675899506,1,0,0.23286299407482147,0,1,0.17073166370391846,0,1,0.17606744170188904
subject_14:sample_0000860,14,860,0,0,1,0,1,1,0,0.24746139347553253,0,1,0.1736963987350464,1,0,0.23129600286483765,0,1,0.17191624641418457,0,1,0.17562900483608246
subject_14:sample_0000861,14,861,0,0,1,0,1,1,0,0.24833248555660248,0,1,0.1731826514005661,1,0,0.23110538721084595,0,1,0.17238569259643555,0,1,0.17499284446239471
subject_14:sample_0000862,14,862,0,0,1,0,1,1,0,0.24888724088668823,0,1,0.17220309376716614,1,0,0.23261868953704834,0,1,0.17237865924835205,0,1,0.17391131818294525
subject_14:sample_0000863,14,863,0,0,1,0,1,1,0,0.24816595017910004,0,1,0.17106711864471436,1,0,0.23603840172290802,0,1,0.17210574448108673,0,1,0.17262183129787445
subject_14:sample_0000864,14,864,0,0,1,0,1,2,0,0.24668672680854797,0,1,0.16991564631462097,1,0,0.24040916562080383,0,1,0.17185118794441223,0,1,0.17113633453845978
subject_14:sample_0000865,14,865,0,0,1,0,1,2,0,0.24469822645187378,0,1,0.16920356452465057,2,0,0.2445952296257019,0,1,0.171736478805542,0,1,0.16976560652256012
subject_14:sample_0000866,14,866,0,0,1,0,1,2,0,0.24261850118637085,0,1,0.16908589005470276,2,0,0.24706514179706573,0,1,0.17230254411697388,0,1,0.16892699897289276
subject_14:sample_0000867,14,867,0,0,1,0,1,2,0,0.240608349442482,0,1,0.16967029869556427,2,0,0.24783381819725037,0,1,0.1733466237783432,0,1,0.16853992640972137
subject_14:sample_0000868,14,868,0,0,1,0,1,2,0,0.23808874189853668,0,1,0.17092664539813995,2,0,0.2470511496067047,0,1,0.17517344653606415,0,1,0.16875909268856049
subject_14:sample_0000869,14,869,0,0,1,0,1,2,0,0.2361476868391037,0,1,0.1716054379940033,2,0,0.24607521295547485,0,1,0.17715856432914734,0,1,0.16901211440563202
subject_14:sample_0000870,14,870,0,0,1,0,1,2,0,0.23477856814861298,0,1,0.17212745547294617,2,0,0.24495455622673035,0,1,0.17905403673648834,0,1,0.16908447444438934
subject_14:sample_0000871,14,871,0,0,1,0,1,2,0,0.23260347545146942,0,1,0.17341214418411255,2,0,0.24254019558429718,0,1,0.18191401660442352,0,1,0.16952915489673615
subject_14:sample_0000872,14,872,0,0,1,0,1,2,0,0.22963933646678925,0,1,0.1759233921766281,2,0,0.2394455224275589,0,1,0.18444201350212097,0,1,0.17054876685142517
subject_14:sample_0000873,14,873,0,0,1,0,1,2,0,0.22671842575073242,0,1,0.17887181043624878,2,0,0.2364666908979416,0,1,0.1864098310470581,0,1,0.17153236269950867
subject_14:sample_0000874,14,874,0,0,1,0,1,2,0,0.2240840196609497,0,1,0.1813586801290512,2,0,0.233657568693161,0,1,0.18816827237606049,0,1,0.1727304607629776
subject_14:sample_0000875,14,875,0,0,1,0,1,2,0,0.2221442461013794,0,1,0.18404552340507507,2,0,0.2312932163476944,0,1,0.18903197348117828,0,1,0.17348407208919525
subject_14:sample_0000876,14,876,0,0,1,0,1,2,0,0.220139279961586,0,1,0.18701708316802979,2,0,0.22820140421390533,0,1,0.1901337057352066,0,1,0.17450757324695587
subject_14:sample_0000877,14,877,0,0,1,0,1,2,0,0.2183334231376648,0,1,0.18975615501403809,2,0,0.22574232518672943,0,1,0.19066984951496124,0,1,0.17549724876880646
subject_14:sample_0000878,14,878,0,0,1,0,1,2,0,0.2166798859834671,0,1,0.19122618436813354,2,0,0.2242666333913803,0,1,0.1908668577671051,0,1,0.1769595444202423
subject_14:sample_0000879,14,879,0,0,1,0,1,2,0,0.21487921476364136,0,1,0.19310244917869568,2,0,0.2224586308002472,0,1,0.19084376096725464,0,1,0.1787150502204895
subject_14:sample_0000880,14,880,0,0,1,0,1,2,0,0.21303124725818634,0,1,0.19417709112167358,2,0,0.22076936066150665,0,1,0.19069738686084747,0,1,0.18132388591766357
subject_14:sample_0000881,14,881,0,2,0,2,0,2,0,0.21121646463871002,0,1,0.1948998123407364,2,0,0.21902209520339966,0,1,0.19067929685115814,0,1,0.1841813325881958
subject_14:sample_0000882,14,882,0,2,0,2,0,2,0,0.2096003293991089,0,1,0.19571200013160706,2,0,0.2172081470489502,0,1,0.19034503400325775,2,0,0.1871335804462433
subject_14:sample_0000883,14,883,0,2,0,2,0,2,0,0.2086837887763977,0,1,0.19665957987308502,2,0,0.21630144119262695,0,1,0.19006286561489105,2,0,0.18829131126403809
subject_14:sample_0000884,14,884,0,2,0,2,0,2,0,0.2076546847820282,2,0,0.19799169898033142,2,0,0.21541567146778107,0,1,0.18937546014785767,2,0,0.18956145644187927
subject_14:sample_0000885,14,885,0,2,0,2,0,2,0,0.20642590522766113,2,0,0.1992667317390442,2,0,0.21486476063728333,0,1,0.18816624581813812,2,0,0.1912754625082016
subject_14:sample_0000886,14,886,0,2,0,2,0,2,0,0.205393448472023,2,0,0.20034432411193848,2,0,0.2146541029214859,0,1,0.18661291897296906,2,0,0.19299420714378357
subject_14:sample_0000887,14,887,0,2,0,2,0,2,0,0.20462340116500854,2,0,0.20278562605381012,2,0,0.21432262659072876,0,1,0.18444658815860748,2,0,0.1938207894563675
subject_14:sample_0000888,14,888,0,2,0,2,0,2,0,0.2037738412618637,2,0,0.2045181542634964,2,0,0.2149265855550766,0,1,0.18181705474853516,2,0,0.19496341049671173
subject_14:sample_0000889,14,889,0,2,0,2,0,2,0,0.20294515788555145,2,0,0.20572930574417114,2,0,0.21621845662593842,0,1,0.17908050119876862,2,0,0.19602562487125397
subject_14:sample_0000890,14,890,0,2,0,2,0,2,0,0.2021428495645523,2,0,0.20698358118534088,2,0,0.21799428761005402,0,1,0.1765912026166916,2,0,0.1962871104478836
subject_14:sample_0000891,14,891,0,2,0,2,0,2,0,0.20119065046310425,2,0,0.20821550488471985,2,0,0.22041669487953186,0,1,0.17384742200374603,2,0,0.1963287889957428
subject_14:sample_0000892,14,892,0,2,0,2,0,2,0,0.200404092669487,2,0,0.20955435931682587,2,0,0.22364147007465363,0,1,0.17147359251976013,2,0,0.1949254721403122
subject_14:sample_0000893,14,893,0,2,0,2,0,2,0,0.19926761090755463,2,0,0.2104293555021286,2,0,0.22701051831245422,0,1,0.16980578005313873,2,0,0.1934857815504074
subject_14:sample_0000894,14,894,0,2,0,2,0,2,0,0.1978103220462799,2,0,0.2113196849822998,2,0,0.2301551252603531,0,1,0.16847260296344757,2,0,0.19224132597446442
subject_14:sample_0000895,14,895,0,2,0,2,0,2,0,0.19584821164608002,2,0,0.21191106736660004,2,0,0.2323950082063675,0,1,0.16725750267505646,2,0,0.1925872415304184
subject_14:sample_0000896,14,896,0,2,0,2,0,2,0,0.19300687313079834,2,0,0.21309007704257965,2,0,0.23534594476222992,0,1,0.16641244292259216,2,0,0.19214370846748352
subject_14:sample_0000897,14,897,0,2,0,2,0,2,0,0.18974250555038452,2,0,0.21427366137504578,2,0,0.2385278344154358,0,1,0.16523553431034088,2,0,0.19221952557563782
subject_14:sample_0000898,14,898,0,2,0,2,0,1,0,0.18691743910312653,2,0,0.2158837467432022,2,0,0.24128374457359314,0,1,0.1643548458814621,2,0,0.19155925512313843
subject_14:sample_0000899,14,899,0,2,0,2,0,1,0,0.1848052591085434,2,0,0.2165161371231079,2,0,0.2435237616300583,1,0,0.1632317155599594,2,0,0.191922128200531
subject_14:sample_0000900,14,900,0,2,0,2,0,1,0,0.1829090416431427,2,0,0.2185119092464447,2,0,0.24692463874816895,1,0,0.16117526590824127,2,0,0.1904781013727188
subject_14:sample_0000901,14,901,0,2,0,2,0,1,0,0.1811247020959854,2,0,0.220987007021904,2,0,0.25055283308029175,1,0,0.15943710505962372,2,0,0.18789739906787872
subject_14:sample_0000902,14,902,0,2,0,2,0,1,0,0.17963415384292603,2,0,0.22236253321170807,2,0,0.2534532845020294,1,0,0.15768074989318848,2,0,0.1868683397769928
subject_14:sample_0000903,14,903,0,2,0,2,0,1,0,0.17829258739948273,2,0,0.22303228080272675,2,0,0.25578510761260986,1,0,0.15644268691539764,2,0,0.186446413397789
subject_14:sample_0000904,14,904,0,2,0,2,0,1,0,0.17716725170612335,2,0,0.2238619476556778,2,0,0.25760066509246826,1,0,0.15559859573841095,2,0,0.18577058613300323
subject_14:sample_0000905,14,905,0,2,0,2,0,1,0,0.1762736439704895,2,0,0.22368992865085602,2,0,0.2589000165462494,1,0,0.15504728257656097,2,0,0.1860881745815277
subject_14:sample_0000906,14,906,0,2,0,2,0,1,0,0.17551960051059723,2,0,0.2234983891248703,2,0,0.25995704531669617,1,0,0.1541057676076889,2,0,0.18691830337047577
subject_14:sample_0000907,14,907,0,2,0,2,0,1,0,0.17508527636528015,2,0,0.22312940657138824,2,0,0.26073697209358215,1,0,0.15409812331199646,2,0,0.18694931268692017
subject_14:sample_0000908,14,908,0,2,0,2,0,1,0,0.1750280112028122,2,0,0.22209873795509338,2,0,0.26008230447769165,1,0,0.15447624027729034,2,0,0.1883137822151184
subject_14:sample_0000909,14,909,0,2,0,2,0,1,0,0.17515437304973602,2,0,0.2216341495513916,2,0,0.2600554823875427,1,0,0.1547640562057495,2,0,0.18839095532894135
subject_14:sample_0000910,14,910,0,2,0,2,0,1,0,0.17541085183620453,2,0,0.2199741154909134,2,0,0.25878453254699707,1,0,0.15536950528621674,2,0,0.1904599964618683
subject_14:sample_0000911,14,911,0,2,0,2,0,1,0,0.17538028955459595,2,0,0.2186368703842163,2,0,0.25812098383903503,1,0,0.1554325819015503,2,0,0.1924283802509308
subject_14:sample_0000912,14,912,1,1,1,1,1,1,1,0.24838748574256897,1,1,0.22833678126335144,0,0,0.14106842875480652,1,1,0.20789943635463715,1,1,0.1743069291114807
subject_14:sample_0000913,14,913,1,1,1,1,1,1,1,0.24850256741046906,1,1,0.2284744828939438,0,0,0.14068588614463806,1,1,0.2080574333667755,1,1,0.1742786020040512
subject_14:sample_0000914,14,914,1,1,1,1,1,1,1,0.24794156849384308,1,1,0.2279004156589508,0,0,0.1408718228340149,1,1,0.20817433297634125,1,1,0.1751108169555664
subject_14:sample_0000915,14,915,1,1,1,1,1,1,1,0.2475985437631607,1,1,0.22745588421821594,0,0,0.14127932488918304,1,1,0.2079419493675232,1,1,0.17572332918643951
subject_14:sample_0000916,14,916,1,1,1,1,1,1,1,0.24723772704601288,1,1,0.22699452936649323,0,0,0.14210347831249237,1,1,0.20755623281002045,1,1,0.17610709369182587
subject_14:sample_0000917,14,917,1,1,1,1,1,1,1,0.24674588441848755,1,1,0.226209819316864,0,0,0.14343459904193878,1,1,0.20663045346736908,1,1,0.17697837948799133
subject_14:sample_0000918,14,918,1,1,1,1,1,1,1,0.2464742660522461,1,1,0.2257041037082672,0,0,0.14455154538154602,1,1,0.20625564455986023,1,1,0.17701351642608643
subject_14:sample_0000919,14,919,1,1,1,1,1,1,1,0.24643473327159882,1,1,0.22543053328990936,0,0,0.14570720493793488,1,1,0.20636482536792755,1,1,0.1760617047548294
subject_14:sample_0000920,14,920,1,1,1,1,1,1,1,0.24648037552833557,1,1,0.22507411241531372,0,0,0.14675657451152802,1,1,0.20611368119716644,1,1,0.17557433247566223
subject_14:sample_0000921,14,921,1,1,1,1,1,1,1,0.24677127599716187,1,1,0.2250465452671051,0,0,0.14768855273723602,1,1,0.20563696324825287,1,1,0.17485558986663818
subject_14:sample_0000922,14,922,1,1,1,1,1,1,1,0.2467523217201233,1,1,0.2248174250125885,0,0,0.1486188769340515,1,1,0.20546503365039825,1,1,0.17434538900852203
subject_14:sample_0000923,14,923,1,1,1,1,1,1,1,0.24594207108020782,1,1,0.22416067123413086,0,0,0.1494990587234497,1,1,0.20632877945899963,1,1,0.17406845092773438
subject_14:sample_0000924,14,924,1,1,1,1,1,1,1,0.24482880532741547,1,1,0.22335974872112274,0,0,0.1503724455833435,1,1,0.2070705145597458,1,1,0.17436744272708893
subject_14:sample_0000925,14,925,1,1,1,1,1,1,1,0.24289534986019135,1,1,0.2221469134092331,0,0,0.1517065465450287,1,1,0.20722192525863647,1,1,0.1760282814502716
subject_14:sample_0000926,14,926,1,1,1,1,1,1,1,0.241068497300148,1,1,0.2213018834590912,0,0,0.1532086730003357,1,1,0.2064678966999054,1,1,0.17795203626155853
subject_14:sample_0000927,14,927,1,1,1,1,1,1,1,0.23920650780200958,1,1,0.22057774662971497,0,0,0.15525227785110474,1,1,0.20508481562137604,1,1,0.17987777292728424
subject_14:sample_0000928,14,928,1,1,1,1,1,1,1,0.23702336847782135,1,1,0.21986714005470276,0,0,0.1579837054014206,1,1,0.20309939980506897,1,1,0.1820254623889923
subject_14:sample_0000929,14,929,1,1,1,1,1,1,1,0.2350713461637497,1,1,0.2191043496131897,0,0,0.16081145405769348,1,1,0.20111717283725739,1,1,0.18389473855495453
subject_14:sample_0000930,14,930,1,1,1,1,1,1,1,0.23352588713169098,1,1,0.21840937435626984,0,0,0.16332460939884186,1,1,0.1994348019361496,1,1,0.1853044182062149
subject_14:sample_0000931,14,931,1,1,1,1,1,1,1,0.23226584494113922,1,1,0.21767403185367584,0,0,0.1655924767255783,1,1,0.1980285495519638,1,1,0.18643809854984283
subject_14:sample_0000932,14,932,1,1,1,1,1,1,1,0.23125216364860535,1,1,0.216588094830513,0,0,0.16805967688560486,1,1,0.1968676596879959,1,1,0.18723146617412567
subject_14:sample_0000933,14,933,1,1,1,1,1,1,1,0.23045824468135834,1,1,0.2157009392976761,0,0,0.17028914391994476,1,1,0.19584965705871582,1,1,0.187701016664505
subject_14:sample_0000934,14,934,1,1,1,1,1,1,1,0.22969985008239746,1,1,0.21512040495872498,1,1,0.17257308959960938,1,1,0.1947985142469406,1,1,0.18780721724033356
subject_14:sample_0000935,14,935,1,1,1,1,1,1,1,0.22906197607517242,1,1,0.2140602171421051,1,1,0.174905464053154,1,1,0.19409753382205963,1,1,0.18787381052970886
subject_14:sample_0000936,14,936,1,1,1,1,1,1,1,0.22847574949264526,1,1,0.21279805898666382,1,1,0.17722684144973755,1,1,0.19342774152755737,1,1,0.18807068467140198
subject_14:sample_0000937,14,937,1,1,1,1,1,1,1,0.22817952930927277,1,1,0.21118511259555817,1,1,0.17889735102653503,1,1,0.19327957928180695,1,1,0.18845750391483307
subject_14:sample_0000938,14,938,1,1,1,1,1,1,1,0.2279842644929886,1,1,0.20972515642642975,1,1,0.18016740679740906,1,1,0.19328641891479492,1,1,0.18883585929870605
subject_14:sample_0000939,14,939,1,1,1,1,1,1,1,0.2278430014848709,1,1,0.20842908322811127,1,1,0.1811152845621109,1,1,0.19332118332386017,1,1,0.18929046392440796
subject_14:sample_0000940,14,940,1,1,1,1,1,1,1,0.22779716551303864,1,1,0.2072988599538803,1,1,0.18168587982654572,1,1,0.19354049861431122,1,1,0.18967671692371368
subject_14:sample_0000941,14,941,1,1,1,1,1,1,1,0.2277689427137375,1,1,0.20645983517169952,1,1,0.18203917145729065,1,1,0.19368426501750946,1,1,0.19004680216312408
subject_14:sample_0000942,14,942,1,1,1,1,1,1,1,0.22774095833301544,1,1,0.20586274564266205,1,1,0.1822824329137802,1,1,0.1937355399131775,1,1,0.1903773993253708
subject_14:sample_0000943,14,943,1,1,1,1,1,1,1,0.22765517234802246,1,1,0.20555204153060913,1,1,0.18255232274532318,1,1,0.19354085624217987,1,1,0.19069871306419373
subject_14:sample_0000944,14,944,1,1,1,1,1,1,1,0.2275589406490326,1,1,0.20563358068466187,1,1,0.1826523244380951,1,1,0.19319021701812744,1,1,0.19096404314041138
subject_14:sample_0000945,14,945,1,1,1,1,1,1,1,0.22748816013336182,1,1,0.20572172105312347,1,1,0.183103546500206,1,1,0.19274616241455078,1,1,0.19093945622444153
subject_14:sample_0000946,14,946,1,1,1,1,1,1,1,0.22737613320350647,1,1,0.20591607689857483,1,1,0.18400903046131134,1,1,0.19211874902248383,1,1,0.19057902693748474
subject_14:sample_0000947,14,947,1,1,1,1,1,1,1,0.2271040827035904,1,1,0.2059497833251953,1,1,0.18574386835098267,1,1,0.1913570612668991,1,1,0.1898442655801773
subject_14:sample_0000948,14,948,1,1,1,1,1,1,1,0.22676528990268707,1,1,0.205963596701622,1,1,0.18738047778606415,1,1,0.19051718711853027,1,1,0.18937243521213531
subject_14:sample_0000949,14,949,1,1,1,1,1,1,1,0.22607535123825073,1,1,0.20571158826351166,1,1,0.1900421380996704,1,1,0.18939556181430817,1,1,0.18877439200878143
subject_14:sample_0000950,14,950,1,1,1,1,1,1,1,0.22466042637825012,1,1,0.20527078211307526,1,1,0.19420918822288513,1,1,0.1878647655248642,1,1,0.18799391388893127
subject_14:sample_0000951,14,951,1,1,1,1,1,1,1,0.22225816547870636,1,1,0.20477265119552612,1,1,0.19900114834308624,1,1,0.18664608895778656,1,1,0.18732097744941711
subject_14:sample_0000952,14,952,1,1,1,1,1,1,1,0.21907317638397217,1,1,0.20474591851234436,1,1,0.20452862977981567,1,1,0.18522430956363678,1,1,0.1864270269870758
subject_14:sample_0000953,14,953,1,1,1,1,1,1,1,0.2160797119140625,1,1,0.20474791526794434,1,1,0.21013183891773224,1,1,0.18375539779663086,1,1,0.18528413772583008
subject_14:sample_0000954,14,954,1,1,1,1,1,1,1,0.2144671380519867,1,1,0.2043541967868805,1,1,0.21516989171504974,1,1,0.1822231560945511,1,1,0.18378464877605438
subject_14:sample_0000955,14,955,1,1,1,1,1,1,1,0.21198239922523499,1,1,0.20369397103786469,1,1,0.22048382461071014,1,1,0.18094788491725922,1,1,0.1828909069299698
subject_14:sample_0000956,14,956,1,1,1,1,1,1,1,0.21548326313495636,1,1,0.2011996954679489,1,1,0.2242470383644104,1,1,0.17855603992938995,1,1,0.18051300942897797
subject_14:sample_0000957,14,957,1,1,1,1,1,1,1,0.22518692910671234,1,1,0.19680155813694,0,0,0.2272753268480301,1,1,0.1746271252632141,1,1,0.17610807716846466
subject_14:sample_0000958,14,958,1,1,1,1,1,0,0,0.23733216524124146,1,1,0.19103871285915375,0,0,0.23141613602638245,1,1,0.17018291354179382,1,1,0.17002911865711212
subject_14:sample_0000959,14,959,1,1,1,1,1,0,0,0.24547874927520752,1,1,0.1866162270307541,0,0,0.23538585007190704,1,1,0.16741259396076202,1,1,0.1651056557893753
subject_14:sample_0000960,14,960,1,1,1,0,0,0,0,0.25021466612815857,1,1,0.18366581201553345,0,0,0.23814955353736877,1,1,0.1663016527891159,1,1,0.16166739165782928
subject_14:sample_0000961,14,961,1,1,1,0,0,0,0,0.2527204751968384,1,1,0.18179456889629364,0,0,0.23910845816135406,1,1,0.16691987216472626,1,1,0.15945565700531006
subject_14:sample_0000962,14,962,1,1,1,0,0,0,0,0.2538357675075531,1,1,0.1806117445230484,0,0,0.23885606229305267,1,1,0.16870248317718506,1,1,0.15799303352832794
subject_14:sample_0000963,14,963,1,1,1,0,0,0,0,0.2535947859287262,1,1,0.1798582822084427,0,0,0.23757576942443848,1,1,0.1717607080936432,1,1,0.15720953047275543
subject_14:sample_0000964,14,964,1,1,1,0,0,0,0,0.25212568044662476,1,1,0.1784190684556961,0,0,0.23603424429893494,1,1,0.17752929031848907,1,1,0.15589076280593872
subject_14:sample_0000965,14,965,1,1,1,0,0,0,0,0.24912023544311523,1,1,0.17657406628131866,0,0,0.2331748604774475,1,1,0.18671399354934692,1,1,0.15441596508026123
subject_14:sample_0000966,14,966,1,0,0,0,0,0,0,0.24620479345321655,1,1,0.17523975670337677,0,0,0.23028971254825592,1,1,0.19484661519527435,1,1,0.15341816842556
subject_14:sample_0000967,14,967,1,0,0,0,0,0,0,0.24436557292938232,1,1,0.1748676896095276,0,0,0.22825826704502106,0,0,0.19939446449279785,1,1,0.15311306715011597
subject_14:sample_0000968,14,968,1,0,0,0,0,0,0,0.24306152760982513,1,1,0.1747610867023468,0,0,0.22706526517868042,0,0,0.20203949511051178,1,1,0.15307170152664185
subject_14:sample_0000969,14,969,1,0,0,0,0,0,0,0.2412092089653015,1,1,0.17453669011592865,0,0,0.22471807897090912,0,0,0.2067495733499527,1,1,0.1527855098247528
subject_14:sample_0000970,14,970,1,0,0,0,0,0,0,0.2397354692220688,1,1,0.17485511302947998,0,0,0.22243696451187134,0,0,0.21000488102436066,1,1,0.1529666781425476
subject_14:sample_0000971,14,971,1,0,0,0,0,0,0,0.23851624131202698,1,1,0.17513437569141388,0,0,0.2206672579050064,0,0,0.21245257556438446,1,1,0.1532285511493683
subject_14:sample_0000972,14,972,1,0,0,0,0,0,0,0.23926056921482086,1,1,0.17660219967365265,0,0,0.2208774983882904,0,0,0.20887038111686707,1,1,0.15438836812973022
subject_14:sample_0000973,14,973,1,0,0,0,0,0,0,0.24038082361221313,1,1,0.17814432084560394,0,0,0.22174310684204102,0,0,0.20406155288219452,1,1,0.15566925704479218
subject_14:sample_0000974,14,974,1,0,0,0,0,0,0,0.2420259565114975,1,1,0.18045566976070404,0,0,0.22317080199718475,1,1,0.1968218982219696,1,1,0.15752476453781128
subject_14:sample_0000975,14,975,1,1,1,0,0,0,0,0.24357861280441284,1,1,0.1825433373451233,0,0,0.22456209361553192,1,1,0.19017057120800018,1,1,0.15914441645145416
subject_14:sample_0000976,14,976,1,1,1,0,0,0,0,0.24534913897514343,1,1,0.1844894289970398,0,0,0.22589118778705597,1,1,0.18355783820152283,1,1,0.16071148216724396
subject_14:sample_0000977,14,977,1,1,1,0,0,0,0,0.24673011898994446,1,1,0.18565888702869415,0,0,0.22714123129844666,1,1,0.17874360084533691,1,1,0.1617252081632614
subject_14:sample_0000978,14,978,1,1,1,0,0,0,0,0.24839472770690918,1,1,0.18663151562213898,0,0,0.2289133220911026,1,1,0.173724964261055,1,1,0.16233445703983307
subject_14:sample_0000979,14,979,1,1,1,0,0,0,0,0.2499030977487564,1,1,0.1870485246181488,0,0,0.23034320771694183,1,1,0.1704709380865097,1,1,0.16223330795764923
subject_14:sample_0000980,14,980,1,1,1,0,0,0,0,0.2511560320854187,1,1,0.1869032233953476,0,0,0.23265910148620605,1,1,0.16784213483333588,1,1,0.16143850982189178
subject_14:sample_0000981,14,981,1,1,1,0,0,0,0,0.25195127725601196,1,1,0.18641377985477448,0,0,0.23603369295597076,1,1,0.16531535983085632,1,1,0.16028490662574768
subject_14:sample_0000982,14,982,1,1,1,0,0,0,0,0.25195634365081787,1,1,0.1861584186553955,0,0,0.23908257484436035,1,1,0.1633005291223526,1,1,0.15950123965740204
subject_14:sample_0000983,14,983,1,1,1,1,1,0,0,0.2513822615146637,1,1,0.18631912767887115,0,0,0.24130547046661377,1,1,0.16199995577335358,1,1,0.15899226069450378
subject_14:sample_0000984,14,984,1,1,1,1,1,0,0,0.24900951981544495,1,1,0.18802358210086823,0,0,0.2402408868074417,1,1,0.1627356857061386,1,1,0.15998932719230652
subject_14:sample_0000985,14,985,1,1,1,1,1,0,0,0.24561907351016998,1,1,0.1911257952451706,0,0,0.23690681159496307,1,1,0.1644858717918396,1,1,0.16186147928237915
subject_14:sample_0000986,14,986,1,1,1,1,1,0,0,0.24170313775539398,1,1,0.19423265755176544,0,0,0.23377101123332977,1,1,0.16651763021945953,1,1,0.16377462446689606
subject_14:sample_0000987,14,987,1,1,1,1,1,1,1,0.23621268570423126,1,1,0.19766700267791748,1,1,0.23070059716701508,1,1,0.168991357088089,1,1,0.1664273887872696
subject_14:sample_0000988,14,988,1,1,1,1,1,1,1,0.22625750303268433,1,1,0.2023124396800995,1,1,0.22857095301151276,1,1,0.17260310053825378,1,1,0.17025505006313324
subject_14:sample_0000989,14,989,1,1,1,1,1,1,1,0.22165164351463318,1,1,0.2052980214357376,1,1,0.22628101706504822,1,1,0.17486143112182617,1,1,0.1719069629907608
subject_14:sample_0000990,14,990,1,1,1,1,1,1,1,0.2208254337310791,1,1,0.20664842426776886,1,1,0.2244393229484558,1,1,0.1758243441581726,1,1,0.17226146161556244
subject_14:sample_0000991,14,991,1,1,1,1,1,1,1,0.22180603444576263,1,1,0.20712409913539886,1,1,0.22284583747386932,1,1,0.1761389672756195,1,1,0.17208410799503326
subject_14:sample_0000992,14,992,1,1,1,1,1,1,1,0.2223399132490158,1,1,0.2077869474887848,1,1,0.22061461210250854,1,1,0.1768065094947815,1,1,0.17245103418827057
subject_14:sample_0000993,14,993,1,1,1,1,1,1,1,0.22298210859298706,1,1,0.20830446481704712,1,1,0.2181161791086197,1,1,0.17760954797267914,1,1,0.1729867309331894
subject_14:sample_0000994,14,994,1,1,1,1,1,1,1,0.2248220592737198,1,1,0.2083374559879303,1,1,0.21541528403759003,1,1,0.1781715750694275,1,1,0.17325273156166077
subject_14:sample_0000995,14,995,1,1,1,1,1,1,1,0.22382918000221252,1,1,0.20891626179218292,1,1,0.21346785128116608,1,1,0.1795876920223236,1,1,0.17419809103012085
subject_14:sample_0000996,14,996,1,1,1,1,1,1,1,0.22247916460037231,1,1,0.2093595564365387,1,1,0.21225374937057495,1,1,0.18102097511291504,1,1,0.17488567531108856
subject_14:sample_0000997,14,997,1,1,1,1,1,1,1,0.22185638546943665,1,1,0.20950642228126526,1,1,0.21134257316589355,1,1,0.18227095901966095,1,1,0.1750226765871048
subject_14:sample_0000998,14,998,1,1,1,1,1,1,1,0.2209944874048233,1,1,0.20939764380455017,1,1,0.2102830559015274,1,1,0.18381482362747192,1,1,0.1755090355873108
subject_14:sample_0000999,14,999,1,1,1,1,1,1,1,0.22105246782302856,1,1,0.20908226072788239,1,1,0.20864824950695038,1,1,0.1854114532470703,1,1,0.17580461502075195
subject_14:sample_0001000,14,1000,1,1,1,1,1,1,1,0.22007668018341064,1,1,0.20888826251029968,1,1,0.20753110945224762,1,1,0.18774670362472534,1,1,0.1757563203573227
subject_14:sample_0001001,14,1001,1,1,1,1,1,1,1,0.2189299315214157,1,1,0.2087017446756363,1,1,0.2068176418542862,1,1,0.18993592262268066,1,1,0.17561377584934235
subject_14:sample_0001002,14,1002,1,1,1,1,1,1,1,0.21716049313545227,1,1,0.20864391326904297,1,1,0.20596057176589966,1,1,0.19260433316230774,1,1,0.17562972009181976
subject_14:sample_0001003,14,1003,1,1,1,1,1,1,1,0.21584641933441162,1,1,0.2084602415561676,1,1,0.2052125334739685,1,1,0.19508861005306244,1,1,0.17539118230342865
subject_14:sample_0001004,14,1004,1,1,1,1,1,1,1,0.21570706367492676,1,1,0.20818565785884857,1,1,0.20421992242336273,1,1,0.19718937575817108,1,1,0.17469704151153564
subject_14:sample_0001005,14,1005,1,1,1,1,1,1,1,0.21582959592342377,1,1,0.20785871148109436,1,1,0.20340342819690704,1,1,0.19821621477603912,1,1,0.1746911108493805
subject_14:sample_0001006,14,1006,1,1,1,1,1,1,1,0.21676211059093475,1,1,0.20776331424713135,1,1,0.20210272073745728,1,1,0.19662661850452423,1,1,0.17674429714679718
subject_14:sample_0001007,14,1007,1,1,1,1,1,1,1,0.21933116018772125,1,1,0.20763404667377472,1,1,0.20006370544433594,1,1,0.19258080422878265,1,1,0.1803893744945526
subject_14:sample_0001008,14,1008,1,1,1,1,1,1,1,0.22248072922229767,1,1,0.20774558186531067,1,1,0.197648286819458,1,1,0.18796490132808685,1,1,0.18415950238704681
subject_14:sample_0001009,14,1009,1,1,1,1,1,1,1,0.22562170028686523,1,1,0.2083209753036499,1,1,0.19466345012187958,1,1,0.18259575963020325,1,1,0.18879717588424683
subject_14:sample_0001010,14,1010,1,1,1,1,1,1,1,0.22807776927947998,1,1,0.20919565856456757,1,1,0.1923893541097641,1,1,0.178338423371315,1,1,0.19199785590171814
subject_14:sample_0001011,14,1011,1,1,1,1,1,1,1,0.2307024896144867,1,1,0.21031486988067627,1,1,0.1899036318063736,1,1,0.17374515533447266,1,1,0.19533289968967438
subject_14:sample_0001012,14,1012,1,1,1,1,1,1,1,0.23295187950134277,1,1,0.21172378957271576,1,1,0.1876983940601349,1,1,0.17026765644550323,1,1,0.19735729694366455
subject_14:sample_0001013,14,1013,1,1,1,1,1,1,1,0.23489543795585632,1,1,0.21339349448680878,1,1,0.1856304407119751,1,1,0.16749145090579987,1,1,0.19858817756175995
subject_14:sample_0001014,14,1014,1,1,1,1,1,1,1,0.23669853806495667,1,1,0.21499308943748474,1,1,0.1838497817516327,1,1,0.16511216759681702,1,1,0.1993454545736313
subject_14:sample_0001015,14,1015,1,1,1,1,1,1,1,0.2378854751586914,1,1,0.21649369597434998,1,1,0.18246716260910034,1,1,0.16346128284931183,1,1,0.19969144463539124
subject_14:sample_0001016,14,1016,1,1,1,1,1,1,1,0.23879364132881165,1,1,0.21790558099746704,1,1,0.1817743480205536,1,1,0.16195037961006165,1,1,0.1995750516653061
subject_14:sample_0001017,14,1017,1,1,1,1,1,1,1,0.23961347341537476,1,1,0.21896864473819733,1,1,0.18154402077198029,1,1,0.1605682075023651,1,1,0.1993047147989273
subject_14:sample_0001018,14,1018,1,1,1,1,1,1,1,0.24069929122924805,1,1,0.2201419323682785,1,1,0.18119049072265625,1,1,0.1592252254486084,1,1,0.1987421065568924
subject_14:sample_0001019,14,1019,1,1,1,1,1,1,1,0.2416691780090332,1,1,0.2211797833442688,1,1,0.18103112280368805,1,1,0.15819163620471954,1,1,0.1979273110628128
subject_14:sample_0001020,14,1020,1,1,1,1,1,1,1,0.24301013350486755,1,1,0.22251062095165253,1,1,0.18021559715270996,1,1,0.1570502668619156,1,1,0.19721239805221558
subject_14:sample_0001021,14,1021,1,1,1,1,1,1,1,0.24457626044750214,1,1,0.22412583231925964,1,1,0.17835067212581635,1,1,0.15645942091941833,1,1,0.19648681581020355
subject_14:sample_0001022,14,1022,1,1,1,1,1,1,1,0.24580225348472595,1,1,0.22546248137950897,1,1,0.1766357272863388,1,1,0.15614408254623413,1,1,0.19595444202423096
subject_14:sample_0001023,14,1023,1,1,1,1,1,1,1,0.24652402102947235,1,1,0.22624343633651733,1,1,0.17531675100326538,1,1,0.15585048496723175,1,1,0.1960643231868744
subject_14:sample_0001024,14,1024,1,1,1,1,1,1,1,0.21871553361415863,1,1,0.21758778393268585,1,1,0.21875496208667755,1,1,0.1677517145872116,1,1,0.17718903720378876
subject_14:sample_0001025,14,1025,1,1,1,1,1,1,1,0.21903912723064423,1,1,0.21708768606185913,1,1,0.21887044608592987,1,1,0.16783756017684937,1,1,0.1771642416715622
subject_14:sample_0001026,14,1026,1,1,1,1,1,1,1,0.21915988624095917,1,1,0.21675372123718262,1,1,0.21935565769672394,1,1,0.16777198016643524,1,1,0.17695781588554382
subject_14:sample_0001027,14,1027,1,1,1,1,1,1,1,0.21939030289649963,1,1,0.2162739336490631,1,1,0.21955938637256622,1,1,0.16790008544921875,1,1,0.17687532305717468
subject_14:sample_0001028,14,1028,1,1,1,1,1,1,1,0.2194560468196869,1,1,0.21634015440940857,1,1,0.22015416622161865,1,1,0.167623832821846,1,1,0.17642489075660706
subject_14:sample_0001029,14,1029,1,1,1,1,1,1,1,0.2195260226726532,1,1,0.21645919978618622,1,1,0.22100406885147095,1,1,0.1673002392053604,1,1,0.17570945620536804
subject_14:sample_0001030,14,1030,1,1,1,1,1,1,1,0.21981368958950043,1,1,0.21629025042057037,1,1,0.22140979766845703,1,1,0.16723352670669556,1,1,0.1752517968416214
subject_14:sample_0001031,14,1031,1,1,1,1,1,1,1,0.22028999030590057,1,1,0.2159194052219391,1,1,0.2218056470155716,1,1,0.16716483235359192,1,1,0.1748191863298416
subject_14:sample_0001032,14,1032,1,1,1,1,1,1,1,0.22067464888095856,1,1,0.21553845703601837,1,1,0.22241315245628357,1,1,0.16702444851398468,1,1,0.17434829473495483
subject_14:sample_0001033,14,1033,1,1,1,1,1,1,1,0.2209811508655548,1,1,0.2151683270931244,1,1,0.22274233400821686,1,1,0.1670636683702469,1,1,0.17404364049434662
subject_14:sample_0001034,14,1034,1,1,1,1,1,1,1,0.22137905657291412,1,1,0.21466849744319916,1,1,0.2231564074754715,1,1,0.1669173389673233,1,1,0.17387771606445312
subject_14:sample_0001035,14,1035,1,1,1,1,1,1,1,0.22167496383190155,1,1,0.2143530249595642,1,1,0.22348493337631226,1,1,0.1667443811893463,1,1,0.17374175786972046
subject_14:sample_0001036,14,1036,1,1,1,1,1,1,1,0.22171443700790405,1,1,0.21429108083248138,1,1,0.22390399873256683,1,1,0.1665962189435959,1,1,0.17349326610565186
subject_14:sample_0001037,14,1037,1,1,1,1,1,1,1,0.22176127135753632,1,1,0.21398265659809113,1,1,0.2239675372838974,1,1,0.16672484576702118,1,1,0.17356275022029877
subject_14:sample_0001038,14,1038,1,1,1,1,1,1,1,0.22175079584121704,1,1,0.2134401947259903,1,1,0.22409583628177643,1,1,0.16694362461566925,1,1,0.17376862466335297
subject_14:sample_0001039,14,1039,1,1,1,1,1,1,1,0.22181624174118042,1,1,0.21262402832508087,1,1,0.2242051064968109,1,1,0.1671927273273468,1,1,0.174160897731781
subject_14:sample_0001040,14,1040,1,1,1,1,1,1,1,0.22193624079227448,1,1,0.21159835159778595,1,1,0.224354088306427,1,1,0.16743502020835876,1,1,0.1746753752231598
subject_14:sample_0001041,14,1041,1,1,1,1,1,1,1,0.22200067341327667,1,1,0.21042554080486298,1,1,0.22431831061840057,1,1,0.1678113490343094,1,1,0.17544321715831757
subject_14:sample_0001042,14,1042,1,1,1,1,1,1,1,0.22206422686576843,1,1,0.2088080644607544,1,1,0.22433365881443024,1,1,0.16841302812099457,1,1,0.17638008296489716
subject_14:sample_0001043,14,1043,1,1,1,1,1,1,1,0.22187073528766632,1,1,0.20739006996154785,1,1,0.22415593266487122,1,1,0.16940103471279144,1,1,0.17718133330345154
subject_14:sample_0001044,14,1044,1,1,1,1,1,1,1,0.22174033522605896,1,1,0.20595192909240723,1,1,0.22426965832710266,1,1,0.17038491368293762,1,1,0.1776522696018219
subject_14:sample_0001045,14,1045,1,1,1,1,1,1,1,0.221639022231102,1,1,0.20451772212982178,1,1,0.2245749682188034,1,1,0.17131370306015015,1,1,0.17795363068580627
subject_14:sample_0001046,14,1046,1,1,1,1,1,1,1,0.22165969014167786,1,1,0.2028249055147171,1,1,0.224778413772583,1,1,0.17250367999076843,1,1,0.1782323569059372
subject_14:sample_0001047,14,1047,1,1,1,1,1,1,1,0.22168031334877014,1,1,0.20156650245189667,1,1,0.22488455474376678,1,1,0.17347408831119537,1,1,0.1783936470746994
subject_14:sample_0001048,14,1048,1,1,1,1,1,1,1,0.22197450697422028,1,1,0.20016109943389893,1,1,0.2252606302499771,1,1,0.1740984469652176,1,1,0.17850439250469208
subject_14:sample_0001049,14,1049,1,1,1,1,1,1,1,0.2224828451871872,1,1,0.19871163368225098,1,1,0.2255832999944687,1,1,0.17458274960517883,1,1,0.1786385327577591
subject_14:sample_0001050,14,1050,1,1,1,1,1,1,1,0.22275519371032715,1,1,0.19790981709957123,1,1,0.22542162239551544,1,1,0.17502617835998535,1,1,0.178886279463768
subject_14:sample_0001051,14,1051,1,1,1,1,1,1,1,0.2232038825750351,1,1,0.1970149129629135,1,1,0.22534500062465668,1,1,0.17540711164474487,1,1,0.17902816832065582
subject_14:sample_0001052,14,1052,1,1,1,1,1,1,1,0.22352805733680725,1,1,0.1964930146932602,1,1,0.2252284735441208,1,1,0.17570935189723969,1,1,0.17904013395309448
subject_14:sample_0001053,14,1053,1,1,1,1,1,1,1,0.22303506731987,1,1,0.19821707904338837,1,1,0.22463248670101166,1,1,0.17565029859542847,1,1,0.17846405506134033
subject_14:sample_0001054,14,1054,1,1,1,1,1,1,1,0.22127874195575714,1,1,0.20465391874313354,1,1,0.22237631678581238,1,1,0.17474840581417084,1,1,0.17694173753261566
subject_14:sample_0001055,14,1055,1,1,1,1,1,1,1,0.21832652390003204,1,1,0.21552225947380066,1,1,0.21867817640304565,1,1,0.172993004322052,1,1,0.17447906732559204
subject_14:sample_0001056,14,1056,1,1,1,1,1,1,1,0.21551179885864258,1,1,0.22650361061096191,1,1,0.21510574221611023,1,1,0.17115242779254913,1,1,0.17172545194625854
subject_14:sample_0001057,14,1057,1,1,1,1,1,1,1,0.2130999118089676,0,0,0.23608115315437317,1,1,0.2120557427406311,1,1,0.1696644276380539,1,1,0.16909778118133545
subject_14:sample_0001058,14,1058,1,1,1,1,1,1,1,0.2118998020887375,0,0,0.2413596212863922,1,1,0.2103792279958725,1,1,0.16911372542381287,1,1,0.1672467142343521
subject_14:sample_0001059,14,1059,1,1,1,1,1,1,1,0.21186484396457672,0,0,0.24252818524837494,1,1,0.20992620289325714,1,1,0.16953295469284058,1,1,0.16614682972431183
subject_14:sample_0001060,14,1060,1,1,1,1,1,1,1,0.21293668448925018,0,0,0.23879693448543549,1,1,0.2105247676372528,1,1,0.17130766808986664,1,1,0.16643299162387848
subject_14:sample_0001061,14,1061,1,1,1,1,1,1,1,0.21355849504470825,0,0,0.23674441874027252,1,1,0.21032851934432983,1,1,0.17304794490337372,1,1,0.16631971299648285
subject_14:sample_0001062,14,1062,1,1,1,1,1,1,1,0.21392333507537842,0,0,0.23655927181243896,1,1,0.20916685461997986,1,1,0.17477096617221832,1,1,0.16557860374450684
subject_14:sample_0001063,14,1063,1,1,1,1,1,1,1,0.21328803896903992,0,0,0.24004687368869781,1,1,0.205934077501297,1,1,0.17618389427661896,1,1,0.1645461469888687
subject_14:sample_0001064,14,1064,1,1,1,1,1,1,1,0.21184001863002777,0,0,0.2437169998884201,1,1,0.20320305228233337,1,1,0.17740124464035034,1,1,0.16383768618106842
subject_14:sample_0001065,14,1065,1,1,1,1,1,1,1,0.21470975875854492,0,0,0.24534684419631958,1,1,0.19976072013378143,1,1,0.178104966878891,1,1,0.16207674145698547
subject_14:sample_0001066,14,1066,1,1,1,0,0,0,0,0.22484661638736725,0,0,0.2393111139535904,1,1,0.19598296284675598,1,1,0.1806425005197525,1,1,0.15921582281589508
subject_14:sample_0001067,14,1067,1,1,1,0,0,0,0,0.23633885383605957,0,0,0.23068958520889282,1,1,0.1923576444387436,1,1,0.1844891607761383,1,1,0.15612372756004333
subject_14:sample_0001068,14,1068,1,0,0,0,0,0,0,0.24329504370689392,0,0,0.22242704033851624,1,1,0.189687117934227,0,0,0.19084443151950836,1,1,0.15374541282653809
subject_14:sample_0001069,14,1069,1,0,0,0,0,0,0,0.2418520152568817,0,0,0.21432477235794067,1,1,0.18701261281967163,0,0,0.2055578976869583,1,1,0.15125182271003723
subject_14:sample_0001070,14,1070,1,0,0,0,0,0,0,0.23699617385864258,0,0,0.20780709385871887,1,1,0.18590815365314484,0,0,0.21922047436237335,1,1,0.15006713569164276
subject_14:sample_0001071,14,1071,1,0,0,0,0,0,0,0.23437416553497314,0,0,0.20484057068824768,1,1,0.18657103180885315,0,0,0.22402015328407288,1,1,0.15019306540489197
subject_14:sample_0001072,14,1072,1,0,0,0,0,0,0,0.23241715133190155,0,0,0.20330418646335602,1,1,0.18889585137367249,0,0,0.22373813390731812,1,1,0.15164370834827423
subject_14:sample_0001073,14,1073,1,0,0,0,0,0,0,0.23098041117191315,0,0,0.20225508511066437,1,1,0.19169576466083527,0,0,0.22159834206104279,1,1,0.15346938371658325
subject_14:sample_0001074,14,1074,1,0,0,0,0,0,0,0.2295157015323639,0,0,0.20106014609336853,1,1,0.19465786218643188,0,0,0.2193717509508133,1,1,0.15539349615573883
subject_14:sample_0001075,14,1075,1,0,0,0,0,0,0,0.22851628065109253,0,0,0.20033946633338928,1,1,0.19708582758903503,0,0,0.21698778867721558,1,1,0.15706966817378998
subject_14:sample_0001076,14,1076,1,0,0,0,0,0,0,0.22755379974842072,0,0,0.19983196258544922,1,1,0.19929398596286774,0,0,0.2147577702999115,1,1,0.15856148302555084
subject_14:sample_0001077,14,1077,1,0,0,0,0,0,0,0.22623132169246674,0,0,0.19933007657527924,1,1,0.20157447457313538,0,0,0.21299853920936584,1,1,0.1598646342754364
subject_14:sample_0001078,14,1078,1,0,0,0,0,0,0,0.2250833362340927,0,0,0.19914962351322174,1,1,0.20340991020202637,0,0,0.21166469156742096,1,1,0.1606915146112442
subject_14:sample_0001079,14,1079,1,0,0,0,0,0,0,0.22378277778625488,0,0,0.19868549704551697,1,1,0.20541560649871826,0,0,0.21043269336223602,1,1,0.16168250143527985
subject_14:sample_0001080,14,1080,1,0,0,0,0,0,0,0.22227966785430908,0,0,0.19816279411315918,1,1,0.20757712423801422,0,0,0.20937076210975647,1,1,0.16260874271392822
subject_14:sample_0001081,14,1081,1,0,0,0,0,0,0,0.22100113332271576,0,0,0.1980014592409134,1,1,0.20900526642799377,0,0,0.20865777134895325,1,1,0.16333334147930145
subject_14:sample_0001082,14,1082,1,0,0,0,0,0,0,0.21989578008651733,0,0,0.197903573513031,1,1,0.2101448029279709,0,0,0.20803211629390717,1,1,0.1640227884054184
subject_14:sample_0001083,14,1083,1,0,0,0,0,0,0,0.2190357893705368,0,0,0.1981477439403534,1,1,0.21059632301330566,0,0,0.2077377587556839,1,1,0.16448141634464264
subject_14:sample_0001084,14,1084,1,0,0,0,0,0,0,0.21848207712173462,0,0,0.19849559664726257,0,0,0.21048086881637573,0,0,0.20774434506893158,1,1,0.16479608416557312
subject_14:sample_0001085,14,1085,1,0,0,0,0,0,0,0.2180621176958084,0,0,0.19892533123493195,0,0,0.21012622117996216,0,0,0.207838237285614,1,1,0.16504710912704468
subject_14:sample_0001086,14,1086,1,0,0,0,0,0,0,0.21757818758487701,0,0,0.19907256960868835,0,0,0.21007096767425537,0,0,0.20773223042488098,1,1,0.1655450314283371
subject_14:sample_0001087,14,1087,1,0,0,0,0,0,0,0.21711871027946472,0,0,0.19872206449508667,0,0,0.21051263809204102,0,0,0.20755699276924133,1,1,0.16608871519565582
subject_14:sample_0001088,14,1088,1,0,0,0,0,0,0,0.2162242978811264,0,0,0.1984151303768158,0,0,0.21124392747879028,0,0,0.20723609626293182,1,1,0.1668795943260193
subject_14:sample_0001089,14,1089,1,0,0,0,0,0,0,0.21558813750743866,0,0,0.19807158410549164,0,0,0.21153871715068817,0,0,0.2072254717350006,1,1,0.1675751507282257
subject_14:sample_0001090,14,1090,1,0,0,0,0,0,0,0.214910626411438,0,0,0.19799071550369263,0,0,0.2121235728263855,0,0,0.20675136148929596,1,1,0.16822272539138794
subject_14:sample_0001091,14,1091,1,0,0,0,0,0,0,0.21415022015571594,0,0,0.19889101386070251,0,0,0.21235942840576172,0,0,0.20604993402957916,1,1,0.16854840517044067
subject_14:sample_0001092,14,1092,1,0,0,0,0,0,0,0.21283167600631714,0,0,0.20168839395046234,0,0,0.21245625615119934,0,0,0.2044370025396347,1,1,0.16858570277690887
subject_14:sample_0001093,14,1093,1,0,0,0,0,0,0,0.2112690955400467,0,0,0.2056841254234314,0,0,0.21216945350170135,0,0,0.20266708731651306,1,1,0.1682092696428299
subject_14:sample_0001094,14,1094,1,0,0,0,0,0,0,0.21023523807525635,0,0,0.20806580781936646,0,0,0.21232469379901886,0,0,0.20143429934978485,1,1,0.16793903708457947
subject_14:sample_0001095,14,1095,1,0,0,0,0,0,0,0.20987966656684875,0,0,0.2089616060256958,0,0,0.21213747560977936,0,0,0.20088572800159454,1,1,0.16813461482524872
subject_14:sample_0001096,14,1096,1,0,0,0,0,0,0,0.20888493955135345,0,0,0.21177732944488525,0,0,0.21151791512966156,0,0,0.19973966479301453,1,1,0.16807924211025238
subject_14:sample_0001097,14,1097,2,0,0,0,0,0,0,0.18806210160255432,0,0,0.19572865962982178,0,0,0.18775391578674316,0,0,0.16646137833595276,2,1,0.2619929909706116
subject_14:sample_0001098,14,1098,2,0,0,0,0,0,0,0.18824031949043274,0,0,0.1958022117614746,0,0,0.1878388375043869,0,0,0.16624194383621216,2,1,0.26187577843666077
subject_14:sample_0001099,14,1099,2,0,0,0,0,0,0,0.18809863924980164,0,0,0.19522452354431152,0,0,0.18797777593135834,0,0,0.16574454307556152,2,1,0.26295357942581177
subject_14:sample_0001100,14,1100,2,0,0,0,0,0,0,0.18785177171230316,0,0,0.19426943361759186,0,0,0.18806131184101105,0,0,0.16558079421520233,2,1,0.2642357349395752
subject_14:sample_0001101,14,1101,2,0,0,0,0,0,0,0.18752524256706238,0,0,0.19328805804252625,0,0,0.18810103833675385,0,0,0.1655723750591278,2,1,0.2655123472213745
subject_14:sample_0001102,14,1102,2,0,0,0,0,0,0,0.1871517300605774,0,0,0.1922227442264557,0,0,0.1881842017173767,0,0,0.16511180996894836,2,1,0.2673284709453583
subject_14:sample_0001103,14,1103,2,0,0,0,0,0,0,0.18679940700531006,0,0,0.191182479262352,0,0,0.18881773948669434,0,0,0.16462956368923187,2,1,0.26856979727745056
subject_14:sample_0001104,14,1104,2,0,0,0,0,0,0,0.18653996288776398,0,0,0.1903141736984253,0,0,0.18909043073654175,0,0,0.16484133899211884,2,1,0.26921314001083374
subject_14:sample_0001105,14,1105,2,0,0,0,0,0,0,0.18625140190124512,0,0,0.18942464888095856,0,0,0.18930482864379883,0,0,0.164927139878273,2,1,0.2700909972190857
subject_14:sample_0001106,14,1106,2,0,0,0,0,0,0,0.18581223487854004,0,0,0.18840128183364868,0,0,0.18900543451309204,0,0,0.165747731924057,2,1,0.27103233337402344
subject_14:sample_0001107,14,1107,2,0,0,0,0,0,0,0.18563887476921082,0,0,0.1876240074634552,0,0,0.18818806111812592,0,0,0.1668657660484314,2,1,0.2716822922229767
subject_14:sample_0001108,14,1108,2,0,0,0,0,0,0,0.185247004032135,0,0,0.1866762340068817,0,0,0.18758714199066162,0,0,0.16820117831230164,2,1,0.27228742837905884
subject_14:sample_0001109,14,1109,2,0,0,0,0,0,0,0.18462592363357544,0,0,0.18554385006427765,0,0,0.18739427626132965,0,0,0.1701427400112152,2,1,0.27229219675064087
subject_14:sample_0001110,14,1110,2,0,0,0,0,0,0,0.18351276218891144,0,0,0.18494528532028198,0,0,0.18717165291309357,0,0,0.17209556698799133,2,1,0.2722737193107605
subject_14:sample_0001111,14,1111,2,0,0,0,0,0,0,0.18232207000255585,0,0,0.18454650044441223,0,0,0.18711063265800476,0,0,0.1740296334028244,2,1,0.27199018001556396
subject_14:sample_0001112,14,1112,2,0,0,0,0,0,0,0.1811302751302719,0,0,0.18407416343688965,0,0,0.18711236119270325,0,0,0.17645414173603058,2,1,0.2712280750274658
subject_14:sample_0001113,14,1113,2,0,0,0,0,0,0,0.17970885336399078,0,0,0.1836749017238617,0,0,0.18708182871341705,0,0,0.17938245832920074,2,1,0.2701510190963745
subject_14:sample_0001114,14,1114,2,0,0,0,0,0,0,0.17844931781291962,0,0,0.18328073620796204,0,0,0.18721814453601837,0,0,0.1826535016298294,2,1,0.26839733123779297
subject_14:sample_0001115,14,1115,2,0,0,0,0,0,0,0.17742112278938293,0,0,0.18292748928070068,0,0,0.18724459409713745,0,0,0.18607129156589508,2,1,0.26633453369140625
subject_14:sample_0001116,14,1116,2,0,0,0,0,0,0,0.17621545493602753,0,0,0.1828516721725464,0,0,0.18712118268013,2,1,0.19000568985939026,2,1,0.2638050317764282
subject_14:sample_0001117,14,1117,2,2,1,2,1,0,0,0.1748877614736557,0,0,0.18266010284423828,0,0,0.1868966668844223,2,1,0.19434471428394318,2,1,0.26120978593826294
subject_14:sample_0001118,14,1118,2,2,1,2,1,0,0,0.17369912564754486,0,0,0.18323899805545807,2,1,0.18645860254764557,2,1,0.19843165576457977,2,1,0.2581706643104553
subject_14:sample_0001119,14,1119,2,2,1,2,1,0,0,0.17275860905647278,0,0,0.18388734757900238,2,1,0.186098113656044,2,1,0.20199736952781677,2,1,0.2552575170993805
subject_14:sample_0001120,14,1120,2,2,1,2,1,0,0,0.1717631220817566,2,1,0.1854536533355713,2,1,0.18594853579998016,2,1,0.2054370641708374,2,1,0.25139662623405457
subject_14:sample_0001121,14,1121,2,2,1,2,1,2,1,0.1715814620256424,2,1,0.18683944642543793,2,1,0.1861688643693924,2,1,0.20812341570854187,2,1,0.247285857796669
subject_14:sample_0001122,14,1122,2,2,1,2,1,2,1,0.17211540043354034,2,1,0.1881587952375412,2,1,0.18632996082305908,2,1,0.2105146199464798,2,1,0.24288026988506317
subject_14:sample_0001123,14,1123,2,2,1,2,1,2,1,0.17304880917072296,2,1,0.18889658153057098,2,1,0.18665657937526703,2,1,0.21219471096992493,2,1,0.2392023354768753
subject_14:sample_0001124,14,1124,2,2,1,2,1,2,1,0.1743510663509369,2,1,0.1902763694524765,2,1,0.186650812625885,2,1,0.2133065164089203,2,1,0.23541434109210968
subject_14:sample_0001125,14,1125,2,2,1,2,1,2,1,0.17621923983097076,2,1,0.19142690300941467,2,1,0.18677440285682678,2,1,0.21360233426094055,2,1,0.23197615146636963
subject_14:sample_0001126,14,1126,2,2,1,2,1,2,1,0.1780131757259369,2,1,0.1925913393497467,2,1,0.18676379323005676,2,1,0.2135448157787323,2,1,0.2290859818458557
subject_14:sample_0001127,14,1127,2,2,1,2,1,2,1,0.1796824187040329,2,1,0.19364811480045319,2,1,0.18698325753211975,2,1,0.2130812704563141,2,1,0.22660399973392487
subject_14:sample_0001128,14,1128,2,2,1,2,1,2,1,0.1813039481639862,2,1,0.194515198469162,2,1,0.1871042251586914,2,1,0.21259945631027222,2,1,0.224476158618927
subject_14:sample_0001129,14,1129,2,2,1,2,1,2,1,0.18240636587142944,2,1,0.19483213126659393,2,1,0.18724386394023895,2,1,0.2125125229358673,2,1,0.22300425171852112
subject_14:sample_0001130,14,1130,2,2,1,2,1,2,1,0.1837281882762909,2,1,0.19490022957324982,2,1,0.18748676776885986,2,1,0.21226197481155396,2,1,0.22162190079689026
subject_14:sample_0001131,14,1131,2,2,1,2,1,2,1,0.18478617072105408,2,1,0.19461245834827423,2,1,0.18770873546600342,2,1,0.21213285624980927,2,1,0.2207588404417038
subject_14:sample_0001132,14,1132,2,2,1,2,1,2,1,0.18569831550121307,2,1,0.19414164125919342,2,1,0.18819431960582733,2,1,0.21203365921974182,2,1,0.21993108093738556
subject_14:sample_0001133,14,1133,2,2,1,2,1,2,1,0.1865750104188919,2,1,0.1935795694589615,2,1,0.1886046975851059,2,1,0.21206334233283997,2,1,0.21917641162872314
subject_14:sample_0001134,14,1134,2,2,1,2,1,2,1,0.18769146502017975,2,1,0.192777618765831,2,1,0.1891854703426361,2,1,0.21194615960121155,2,1,0.2183983474969864
subject_14:sample_0001135,14,1135,2,2,1,2,1,2,1,0.18891958892345428,2,1,0.1919459104537964,2,1,0.18958298861980438,2,1,0.21177372336387634,2,1,0.21777686476707458
subject_14:sample_0001136,14,1136,2,2,1,2,1,2,1,0.1898927092552185,2,1,0.1913466900587082,2,1,0.18996605277061462,2,1,0.21160420775413513,2,1,0.21718937158584595
subject_14:sample_0001137,14,1137,2,2,1,2,1,2,1,0.19060631096363068,2,1,0.19098785519599915,2,1,0.19017547369003296,2,1,0.21146342158317566,2,1,0.21676599979400635
subject_14:sample_0001138,14,1138,2,2,1,2,1,2,1,0.19136787950992584,2,1,0.19082865118980408,2,1,0.19023069739341736,2,1,0.21129223704338074,2,1,0.21627958118915558
subject_14:sample_0001139,14,1139,2,2,1,2,1,2,1,0.1921275109052658,2,1,0.19058464467525482,2,1,0.19030427932739258,2,1,0.2111010104417801,2,1,0.2158816158771515
subject_14:sample_0001140,14,1140,2,2,1,2,1,2,1,0.192602276802063,2,1,0.19065149128437042,2,1,0.19035989046096802,2,1,0.2110237032175064,2,1,0.21536165475845337
subject_14:sample_0001141,14,1141,2,2,1,2,1,2,1,0.19306480884552002,2,1,0.19087854027748108,2,1,0.19027961790561676,2,1,0.21097931265830994,2,1,0.21479682624340057
subject_14:sample_0001142,14,1142,2,2,1,2,1,2,1,0.1935226023197174,2,1,0.1912330538034439,2,1,0.1901320368051529,2,1,0.2109086960554123,2,1,0.2142026126384735
subject_14:sample_0001143,14,1143,2,2,1,2,1,2,1,0.1941707283258438,2,1,0.19127148389816284,2,1,0.18997222185134888,2,1,0.21091414988040924,2,1,0.21367046236991882
subject_14:sample_0001144,14,1144,2,2,1,2,1,2,1,0.1948583573102951,2,1,0.1913653016090393,2,1,0.1898752599954605,2,1,0.210736483335495,2,1,0.21316373348236084
subject_14:sample_0001145,14,1145,2,2,1,2,1,2,1,0.19560682773590088,2,1,0.19132889807224274,2,1,0.18987417221069336,2,1,0.21059581637382507,2,1,0.21259330213069916
subject_14:sample_0001146,14,1146,2,2,1,2,1,2,1,0.1961941421031952,2,1,0.19152000546455383,2,1,0.18963152170181274,2,1,0.21058064699172974,2,1,0.21207277476787567
subject_14:sample_0001147,14,1147,2,2,1,2,1,2,1,0.19657200574874878,2,1,0.1918116956949234,2,1,0.1893196403980255,2,1,0.21051517128944397,2,1,0.2117805778980255
subject_14:sample_0001148,14,1148,2,2,1,2,1,2,1,0.19680693745613098,2,1,0.19208531081676483,2,1,0.1890207976102829,2,1,0.21041035652160645,2,1,0.21167561411857605
subject_14:sample_0001149,14,1149,2,2,1,2,1,2,1,0.19687744975090027,2,1,0.19229933619499207,2,1,0.18873097002506256,2,1,0.21033728122711182,2,1,0.21175400912761688
subject_14:sample_0001150,14,1150,2,2,1,2,1,2,1,0.19675548374652863,2,1,0.19240836799144745,2,1,0.18861886858940125,2,1,0.21031317114830017,2,1,0.21190309524536133
subject_14:sample_0001151,14,1151,2,2,1,2,1,2,1,0.19648796319961548,2,1,0.1927170604467392,2,1,0.18860013782978058,2,1,0.2104845941066742,2,1,0.21170927584171295
subject_14:sample_0001152,14,1152,2,2,1,2,1,2,1,0.19613920152187347,2,1,0.19342130422592163,2,1,0.1885908544063568,2,1,0.210780069231987,2,1,0.21106767654418945
subject_14:sample_0001153,14,1153,2,2,1,2,1,2,1,0.19587156176567078,2,1,0.19444619119167328,2,1,0.18861331045627594,2,1,0.21106724441051483,2,1,0.21000073850154877
subject_14:sample_0001154,14,1154,2,2,1,2,1,2,1,0.19593462347984314,2,1,0.19631129503250122,2,1,0.18892031908035278,2,1,0.21158695220947266,2,1,0.207245871424675
subject_14:sample_0001155,14,1155,2,2,1,2,1,2,1,0.19721324741840363,2,1,0.19934777915477753,2,1,0.18977051973342896,2,1,0.2125478982925415,2,1,0.20111961662769318
subject_14:sample_0001156,14,1156,2,2,1,2,1,2,1,0.201032817363739,2,1,0.2048266977071762,2,1,0.19183124601840973,2,1,0.21414844691753387,2,1,0.18815982341766357
subject_14:sample_0001157,14,1157,2,2,1,2,1,2,1,0.20719526708126068,2,1,0.21244919300079346,2,1,0.19587989151477814,2,1,0.21476119756698608,0,0,0.16971349716186523
subject_14:sample_0001158,14,1158,2,2,1,2,1,2,1,0.21272990107536316,2,1,0.2198185920715332,2,1,0.2005818635225296,2,1,0.2116764485836029,0,0,0.15519222617149353
subject_14:sample_0001159,14,1159,2,2,1,2,1,2,1,0.2186029702425003,2,1,0.2276998609304428,0,0,0.20579247176647186,2,1,0.20547176897525787,0,0,0.14243194460868835
subject_14:sample_0001160,14,1160,2,2,1,0,0,2,1,0.22226352989673615,2,1,0.23301231861114502,0,0,0.21020255982875824,0,0,0.19972538948059082,0,0,0.13479524850845337
subject_14:sample_0001161,14,1161,2,2,1,0,0,2,1,0.22512494027614594,2,1,0.23793834447860718,0,0,0.2138867974281311,0,0,0.19392958283424377,0,0,0.12911932170391083
subject_14:sample_0001162,14,1162,2,2,1,0,0,2,1,0.21998241543769836,2,1,0.23283962905406952,2,1,0.21230174601078033,0,0,0.20395009219646454,0,0,0.130925253033638
subject_14:sample_0001163,14,1163,2,2,1,2,1,2,1,0.21476460993289948,2,1,0.22710487246513367,2,1,0.20955324172973633,2,1,0.21313908696174622,0,0,0.13543716073036194
subject_14:sample_0001164,14,1164,2,2,1,2,1,2,1,0.20962940156459808,2,1,0.22084584832191467,2,1,0.20592235028743744,2,1,0.2197560966014862,0,0,0.1438453644514084
subject_14:sample_0001165,14,1165,2,2,1,2,1,2,1,0.20554973185062408,2,1,0.2153901606798172,2,1,0.20256087183952332,2,1,0.2214713841676712,0,0,0.15502692759037018
subject_14:sample_0001166,14,1166,2,2,1,2,1,2,1,0.20167574286460876,2,1,0.2099919468164444,2,1,0.19872313737869263,2,1,0.21989478170871735,0,0,0.16971340775489807
subject_14:sample_0001167,14,1167,2,2,1,2,1,2,1,0.19818396866321564,2,1,0.20485568046569824,2,1,0.19495607912540436,2,1,0.217312291264534,2,1,0.18469096720218658
subject_14:sample_0001168,14,1168,2,2,1,2,1,2,1,0.19641076028347015,2,1,0.2008541375398636,2,1,0.19254828989505768,2,1,0.2154204547405243,2,1,0.1947653889656067
subject_14:sample_0001169,14,1169,2,2,1,2,1,2,1,0.19605900347232819,2,1,0.19791249930858612,2,1,0.191177099943161,2,1,0.21497520804405212,2,1,0.19987520575523376
subject_14:sample_0001170,14,1170,2,2,1,2,1,2,1,0.19628028571605682,2,1,0.19540095329284668,2,1,0.19047436118125916,2,1,0.21533343195915222,2,1,0.20250999927520752
subject_14:sample_0001171,14,1171,2,2,1,2,1,2,1,0.19670265913009644,2,1,0.19284124672412872,2,1,0.1902601718902588,2,1,0.21622204780578613,2,1,0.20397289097309113
subject_14:sample_0001172,14,1172,2,2,1,2,1,2,1,0.19710862636566162,2,1,0.19016927480697632,2,1,0.19040068984031677,2,1,0.21716052293777466,2,1,0.20515991747379303
subject_14:sample_0001173,14,1173,2,2,1,2,1,2,1,0.19722437858581543,2,1,0.1875733882188797,2,1,0.19089150428771973,2,1,0.21790416538715363,2,1,0.20640559494495392
subject_14:sample_0001174,14,1174,2,2,1,2,1,2,1,0.1970922350883484,2,1,0.1855292171239853,2,1,0.19162002205848694,2,1,0.2181810736656189,2,1,0.2075764685869217
subject_14:sample_0001175,14,1175,2,2,1,2,1,2,1,0.19680097699165344,2,1,0.18343082070350647,2,1,0.19223500788211823,2,1,0.21848849952220917,2,1,0.20904375612735748
subject_14:sample_0001176,14,1176,2,2,1,2,1,2,1,0.19606907665729523,2,1,0.18093609809875488,2,1,0.19296272099018097,2,1,0.21935522556304932,2,1,0.2106758952140808
subject_14:sample_0001177,14,1177,2,2,1,2,1,2,1,0.19492356479167938,2,1,0.17877142131328583,2,1,0.19380994141101837,2,1,0.220295712351799,2,1,0.21219848096370697
subject_14:sample_0001178,14,1178,2,2,1,2,1,2,1,0.19348245859146118,2,1,0.17701943218708038,2,1,0.19480988383293152,2,1,0.22122938930988312,2,1,0.2134578377008438
subject_14:sample_0001179,14,1179,2,2,1,2,1,2,1,0.1918884962797165,2,1,0.1756633073091507,2,1,0.1959206908941269,2,1,0.22197969257831573,2,1,0.214546799659729
subject_14:sample_0001180,14,1180,2,2,1,2,1,2,1,0.19010701775550842,2,1,0.175523042678833,2,1,0.19689208269119263,2,1,0.22218528389930725,2,1,0.21529167890548706
subject_14:sample_0001181,14,1181,2,2,1,2,1,2,1,0.1882406324148178,2,1,0.17571598291397095,2,1,0.19793537259101868,2,1,0.22218377888202667,2,1,0.21592320501804352
subject_14:sample_0001182,14,1182,2,2,1,2,1,2,1,0.18601442873477936,2,1,0.1757228523492813,2,1,0.19905692338943481,2,1,0.22243885695934296,2,1,0.21676598489284515
subject_14:sample_0001183,14,1183,2,2,1,2,1,2,1,0.18327446281909943,2,1,0.17623025178909302,2,1,0.20004214346408844,2,1,0.22272787988185883,2,1,0.2177242785692215
subject_14:sample_0001184,14,1184,2,2,1,2,1,2,1,0.1805514097213745,2,1,0.17723551392555237,2,1,0.2008604258298874,2,1,0.22261890769004822,2,1,0.21873284876346588
subject_14:sample_0001185,14,1185,2,2,1,2,1,2,1,0.1777510792016983,2,1,0.17851436138153076,2,1,0.201636403799057,2,1,0.22231315076351166,2,1,0.21978403627872467
subject_14:sample_0001186,14,1186,2,2,1,2,1,2,1,0.17500479519367218,2,1,0.17949126660823822,2,1,0.20247311890125275,2,1,0.22199717164039612,2,1,0.22103269398212433
subject_14:sample_0001187,14,1187,2,2,1,2,1,2,1,0.17187167704105377,2,1,0.1801290512084961,2,1,0.20341886579990387,2,1,0.22207394242286682,2,1,0.222505584359169
subject_14:sample_0001188,14,1188,2,2,1,2,1,2,1,0.16825272142887115,2,1,0.1803988516330719,2,1,0.2046031951904297,2,1,0.22258830070495605,2,1,0.2241559624671936
subject_14:sample_0001189,14,1189,2,2,1,2,1,2,1,0.1646154522895813,2,1,0.18087707459926605,2,1,0.20589832961559296,2,1,0.2228204905986786,2,1,0.22578762471675873
subject_14:sample_0001190,14,1190,2,2,1,2,1,2,1,0.1615201234817505,2,1,0.18205618858337402,2,1,0.2069418579339981,2,1,0.2223959118127823,2,1,0.2270849496126175
subject_14:sample_0001191,14,1191,2,2,1,2,1,2,1,0.15942952036857605,2,1,0.1835048645734787,2,1,0.20753350853919983,2,1,0.22175033390522003,2,1,0.22778086364269257
subject_14:sample_0001192,14,1192,2,2,1,2,1,2,1,0.1575448215007782,2,1,0.18453115224838257,2,1,0.2081185281276703,2,1,0.22140713036060333,2,1,0.228397399187088
subject_14:sample_0001193,14,1193,2,2,1,2,1,2,1,0.1567671000957489,2,1,0.18567503988742828,2,1,0.20836032927036285,2,1,0.22046387195587158,2,1,0.22873267531394958
subject_14:sample_0001194,14,1194,2,2,1,2,1,2,1,0.15664775669574738,2,1,0.18716098368167877,2,1,0.20838461816310883,2,1,0.21898023784160614,2,1,0.22882549464702606
subject_14:sample_0001195,14,1195,2,2,1,2,1,2,1,0.15613293647766113,2,1,0.188232883810997,2,1,0.20864462852478027,2,1,0.21780148148536682,2,1,0.22918714582920074
subject_14:sample_0001196,14,1196,2,2,1,2,1,2,1,0.15557099878787994,2,1,0.18913359940052032,2,1,0.20892634987831116,2,1,0.21682341396808624,2,1,0.2295447289943695
subject_14:sample_0001197,14,1197,2,2,1,2,1,2,1,0.15538905560970306,2,1,0.19014503061771393,2,1,0.20920519530773163,2,1,0.21538545191287994,2,1,0.22987425327301025
subject_14:sample_0001198,14,1198,2,2,1,2,1,2,1,0.15548309683799744,2,1,0.19119273126125336,2,1,0.2094222456216812,2,1,0.21365143358707428,2,1,0.2302495688199997
subject_14:sample_0001199,14,1199,2,2,1,2,1,2,1,0.15533679723739624,2,1,0.19193755090236664,2,1,0.2099440097808838,2,1,0.21192176640033722,2,1,0.23085884749889374
subject_14:sample_0001200,14,1200,2,2,1,2,1,2,1,0.15461508929729462,2,1,0.1923488974571228,2,1,0.2108910083770752,2,1,0.21025370061397552,2,1,0.2318902611732483
subject_14:sample_0001201,14,1201,2,2,1,2,1,2,1,0.15412011742591858,2,1,0.1927090734243393,2,1,0.21187147498130798,2,1,0.2084825336933136,2,1,0.23281587660312653
subject_14:sample_0001202,14,1202,2,2,1,2,1,2,1,0.15386134386062622,2,1,0.19274811446666718,2,1,0.21280451118946075,2,1,0.20686598122119904,2,1,0.2337190955877304
subject_14:sample_0001203,14,1203,2,2,1,2,1,2,1,0.15373292565345764,2,1,0.1927706003189087,2,1,0.2138434499502182,2,1,0.20509907603263855,2,1,0.23455293476581573
subject_14:sample_0001204,14,1204,2,2,1,2,1,2,1,0.15314516425132751,2,1,0.1928364634513855,2,1,0.2153395563364029,2,1,0.2029983252286911,2,1,0.2356795370578766
subject_14:sample_0001205,14,1205,2,2,1,2,1,0,0,0.1521846204996109,2,1,0.19317562878131866,2,1,0.21746760606765747,2,1,0.20004045963287354,2,1,0.23713073134422302
subject_14:sample_0001206,14,1206,2,2,1,2,1,0,0,0.15087850391864777,2,1,0.19390259683132172,2,1,0.22025316953659058,2,1,0.1958455890417099,2,1,0.23911917209625244
subject_14:sample_0001207,14,1207,2,2,1,2,1,0,0,0.14996778964996338,2,1,0.1944798231124878,2,1,0.2226952612400055,2,1,0.19206057488918304,2,1,0.2407955527305603
subject_14:sample_0001208,14,1208,2,2,1,2,1,0,0,0.1490086168050766,2,1,0.19514110684394836,2,1,0.2244398444890976,2,1,0.189558207988739,2,1,0.24185125529766083
subject_14:sample_0001209,14,1209,2,2,1,2,1,0,0,0.14811192452907562,2,1,0.1954422891139984,2,1,0.2258814573287964,2,1,0.18814454972743988,2,1,0.24241887032985687
subject_14:sample_0001210,14,1210,2,2,1,2,1,0,0,0.14718300104141235,2,1,0.19565093517303467,2,1,0.2274952530860901,2,1,0.18667207658290863,2,1,0.24299779534339905
subject_14:sample_0001211,14,1211,2,2,1,2,1,0,0,0.14667241275310516,2,1,0.19609883427619934,2,1,0.22884301841259003,2,1,0.18482859432697296,2,1,0.2435561716556549
subject_14:sample_0001212,14,1212,2,2,1,2,1,0,0,0.1460641324520111,2,1,0.19630040228366852,2,1,0.22998757660388947,2,1,0.1836884468793869,2,1,0.24395841360092163
subject_14:sample_0001213,14,1213,2,2,1,2,1,0,0,0.14561903476715088,2,1,0.19629675149917603,2,1,0.2312963455915451,2,1,0.1823613941669464,2,1,0.24442552030086517
subject_14:sample_0001214,14,1214,2,2,1,2,1,0,0,0.14579761028289795,2,1,0.19626885652542114,2,1,0.23187512159347534,2,1,0.18161070346832275,2,1,0.2444467693567276
subject_14:sample_0001215,14,1215,2,2,1,2,1,0,0,0.14584797620773315,2,1,0.19657348096370697,2,1,0.2326272875070572,2,1,0.1802435666322708,2,1,0.24470673501491547
subject_14:sample_0001216,14,1216,2,2,1,2,1,0,0,0.14588475227355957,2,1,0.19669057428836823,2,1,0.23319216072559357,2,1,0.17925730347633362,2,1,0.2449742704629898
subject_14:sample_0001217,14,1217,2,2,1,2,1,0,0,0.14608769118785858,2,1,0.19700844585895538,2,1,0.23356464505195618,2,1,0.17814384400844574,2,1,0.2451944351196289
subject_14:sample_0001218,14,1218,2,2,1,2,1,0,0,0.14626666903495789,2,1,0.1971137672662735,2,1,0.2333046942949295,2,1,0.1782023310661316,2,1,0.24511149525642395
subject_14:sample_0001219,14,1219,2,2,1,2,1,0,0,0.14644698798656464,2,1,0.1974170058965683,2,1,0.23298633098602295,2,1,0.1780356615781784,2,1,0.24511298537254333
subject_14:sample_0001220,14,1220,2,2,1,2,1,0,0,0.14677578210830688,2,1,0.19743432104587555,2,1,0.2328457087278366,2,1,0.17799662053585052,2,1,0.2449466586112976
subject_14:sample_0001221,14,1221,2,2,1,2,1,0,0,0.14739343523979187,2,1,0.1972370743751526,2,1,0.23218514025211334,2,1,0.17876583337783813,2,1,0.24441754817962646
subject_14:sample_0001222,14,1222,2,2,1,2,1,0,0,0.14823351800441742,2,1,0.19734440743923187,2,1,0.231251522898674,2,1,0.17918789386749268,2,1,0.24398177862167358
subject_14:sample_0001223,14,1223,2,2,1,2,1,0,0,0.1486760824918747,2,1,0.19751134514808655,2,1,0.22996288537979126,2,1,0.18046912550926208,2,1,0.24337954819202423
subject_14:sample_0001224,14,1224,2,2,1,2,1,0,0,0.148622527718544,2,1,0.19770506024360657,2,1,0.22811663150787354,2,1,0.18323925137519836,2,1,0.24231557548046112
subject_14:sample_0001225,14,1225,2,2,1,2,1,0,0,0.14833424985408783,2,1,0.19743330776691437,2,1,0.22612686455249786,2,1,0.18726059794425964,2,1,0.24084405601024628
subject_14:sample_0001226,14,1226,2,2,1,2,1,0,0,0.14820384979248047,2,1,0.19723308086395264,2,1,0.22405439615249634,2,1,0.191165491938591,2,1,0.23934222757816315
subject_14:sample_0001227,14,1227,2,2,1,2,1,0,0,0.148016557097435,2,1,0.19720937311649323,2,1,0.22208915650844574,2,1,0.19462735950946808,2,1,0.23805657029151917
subject_14:sample_0001228,14,1228,2,2,1,2,1,0,0,0.1477905809879303,2,1,0.19725222885608673,2,1,0.22006259858608246,2,1,0.19800831377506256,2,1,0.23688535392284393
subject_14:sample_0001229,14,1229,2,2,1,2,1,0,0,0.1473742425441742,2,1,0.19742520153522491,2,1,0.21818965673446655,2,1,0.2010049968957901,2,1,0.23600496351718903
subject_14:sample_0001230,14,1230,2,2,1,2,1,0,0,0.1466367244720459,2,1,0.1978626400232315,2,1,0.21651723980903625,2,1,0.20328249037265778,2,1,0.23569998145103455
subject_14:sample_0001231,14,1231,2,2,1,2,1,0,0,0.14575573801994324,2,1,0.19850969314575195,2,1,0.2143757939338684,2,1,0.20558646321296692,2,1,0.23577138781547546
subject_14:sample_0001232,14,1232,2,2,1,2,1,0,0,0.14496710896492004,2,1,0.1991606056690216,2,1,0.21193625032901764,2,1,0.20769360661506653,2,1,0.23624147474765778
subject_14:sample_0001233,14,1233,2,2,1,2,1,0,0,0.14443764090538025,2,1,0.20004218816757202,2,1,0.20864491164684296,2,1,0.20972058176994324,2,1,0.23715370893478394
subject_14:sample_0001234,14,1234,2,2,1,2,1,0,0,0.14446350932121277,2,1,0.2008192390203476,2,1,0.20532064139842987,2,1,0.21152503788471222,2,1,0.23787063360214233
subject_14:sample_0001235,14,1235,2,2,1,2,1,0,0,0.1448644995689392,2,1,0.20097927749156952,2,1,0.2033221423625946,2,1,0.21289123594760895,2,1,0.23794187605381012
subject_14:sample_0001236,14,1236,2,2,1,2,1,0,0,0.1456107497215271,2,1,0.20116260647773743,2,1,0.19968606531620026,2,1,0.21519871056079865,2,1,0.2383408397436142
subject_14:sample_0001237,14,1237,2,2,1,2,1,0,0,0.14668941497802734,2,1,0.20099705457687378,2,1,0.1963788866996765,2,1,0.21733523905277252,2,1,0.23859842121601105
subject_14:sample_0001238,14,1238,2,2,1,2,1,0,0,0.1484098583459854,2,1,0.20060323178768158,2,1,0.19312646985054016,2,1,0.21904447674751282,2,1,0.2388150990009308
subject_14:sample_0001239,14,1239,2,2,1,2,1,0,0,0.15015310049057007,2,1,0.20008279383182526,2,1,0.18783339858055115,2,1,0.2214839905500412,2,1,0.24044574797153473
subject_14:sample_0001240,14,1240,2,2,1,2,1,0,0,0.1524994969367981,2,1,0.198600634932518,2,1,0.18057528138160706,2,1,0.22498878836631775,2,1,0.2433348447084427
subject_14:sample_0001241,14,1241,2,2,1,2,1,0,0,0.1547878086566925,2,1,0.19400142133235931,2,1,0.17473825812339783,2,1,0.22935093939304352,2,1,0.24712057411670685
subject_14:sample_0001242,14,1242,2,2,1,2,1,2,1,0.15706005692481995,2,1,0.18877148628234863,2,1,0.1709701120853424,2,1,0.2330603152513504,2,1,0.250137060880661
subject_14:sample_0001243,14,1243,2,2,1,2,1,2,1,0.15983523428440094,2,1,0.1834108978509903,2,1,0.16728679835796356,2,1,0.23661917448043823,2,1,0.2528468370437622
subject_14:sample_0001244,14,1244,2,2,1,2,1,2,1,0.16269078850746155,2,1,0.17821437120437622,2,1,0.16441136598587036,2,1,0.23959699273109436,2,1,0.25508546829223633
subject_14:sample_0001245,14,1245,2,2,1,2,1,2,1,0.1654411256313324,2,1,0.17246855795383453,2,1,0.16421538591384888,2,1,0.2415890246629715,2,1,0.2562849521636963
subject_14:sample_0001246,14,1246,2,2,1,2,1,2,1,0.1678871214389801,2,1,0.16930192708969116,2,1,0.16492080688476562,2,1,0.24198900163173676,2,1,0.25590020418167114
subject_14:sample_0001247,14,1247,2,2,1,2,1,2,1,0.17018581926822662,1,0,0.16452717781066895,2,1,0.1676221787929535,2,1,0.24228298664093018,2,1,0.2553808093070984
subject_14:sample_0001248,14,1248,2,2,1,2,1,2,1,0.17254430055618286,1,0,0.1596492975950241,2,1,0.1708012819290161,2,1,0.24213409423828125,2,1,0.25487008690834045
subject_14:sample_0001249,14,1249,2,2,1,2,1,2,1,0.17367635667324066,1,0,0.15859204530715942,2,1,0.17638827860355377,2,1,0.23940061032772064,2,1,0.2519417703151703
subject_14:sample_0001250,14,1250,2,2,1,2,1,2,1,0.17432938516139984,1,0,0.1573776751756668,2,1,0.18187041580677032,2,1,0.23718251287937164,2,1,0.24923914670944214
subject_14:sample_0001251,14,1251,2,2,1,2,1,2,1,0.1751621961593628,1,0,0.15560446679592133,2,1,0.18582603335380554,2,1,0.23604057729244232,2,1,0.2473657727241516
subject_14:sample_0001252,14,1252,2,2,1,2,1,2,1,0.17496290802955627,1,0,0.15668314695358276,2,1,0.18985909223556519,2,1,0.2339559942483902,2,1,0.24453790485858917
subject_14:sample_0001253,14,1253,2,2,1,2,1,2,1,0.1762775182723999,1,0,0.1563989222049713,2,1,0.19172100722789764,2,1,0.2328619807958603,2,1,0.24273964762687683
subject_14:sample_0001254,14,1254,2,2,1,2,1,2,1,0.17794108390808105,2,1,0.15633399784564972,2,1,0.19361694157123566,2,1,0.23136821389198303,2,1,0.24073879420757294
subject_14:sample_0001255,14,1255,2,2,1,2,1,2,1,0.17953543365001678,2,1,0.15606795251369476,2,1,0.1947402060031891,2,1,0.2302110195159912,2,1,0.23944441974163055
subject_14:sample_0001256,14,1256,2,2,1,2,1,2,1,0.18145275115966797,1,0,0.15252585709095,2,1,0.19677898287773132,2,1,0.23001906275749207,2,1,0.23922233283519745
subject_14:sample_0001257,14,1257,2,2,1,2,1,2,1,0.18305233120918274,1,0,0.1477847844362259,2,1,0.19888101518154144,2,1,0.23040203750133514,2,1,0.23987890779972076
subject_14:sample_0001258,14,1258,2,2,1,2,1,2,1,0.18469375371932983,1,0,0.1450306922197342,2,1,0.20045603811740875,2,1,0.2300059199333191,2,1,0.2398127019405365
subject_14:sample_0001259,14,1259,2,2,1,2,1,2,1,0.1852550059556961,1,0,0.14301396906375885,2,1,0.20184092223644257,2,1,0.22998274862766266,2,1,0.2399064153432846
subject_14:sample_0001260,14,1260,2,2,1,2,1,2,1,0.18629087507724762,1,0,0.14113588631153107,2,1,0.20283347368240356,2,1,0.22981518507003784,2,1,0.2399236410856247
subject_14:sample_0001261,14,1261,2,2,1,2,1,2,1,0.18778058886528015,1,0,0.13980413973331451,2,1,0.2037520408630371,2,1,0.22912923991680145,2,1,0.23953300714492798
subject_14:sample_0001262,14,1262,2,2,1,2,1,2,1,0.18942344188690186,1,0,0.1383267492055893,2,1,0.20369794964790344,2,1,0.22906945645809174,2,1,0.23948144912719727
subject_14:sample_0001263,14,1263,2,2,1,2,1,2,1,0.1914823055267334,1,0,0.1356043964624405,2,1,0.2031947821378708,2,1,0.2297576367855072,2,1,0.23995985090732574
subject_14:sample_0001264,14,1264,2,2,1,2,1,2,1,0.19319142401218414,1,0,0.13393506407737732,2,1,0.20201537013053894,2,1,0.23049478232860565,2,1,0.24036245048046112
subject_14:sample_0001265,14,1265,2,2,1,2,1,2,1,0.19478896260261536,1,0,0.13351283967494965,2,1,0.2010318636894226,2,1,0.230535626411438,2,1,0.2401297688484192
subject_14:sample_0001266,14,1266,2,2,1,2,1,2,1,0.1957404911518097,1,0,0.13334834575653076,2,1,0.20006747543811798,2,1,0.2307334691286087,2,1,0.24010927975177765
subject_14:sample_0001267,14,1267,2,2,1,2,1,2,1,0.19657768309116364,1,0,0.13409382104873657,2,1,0.199077770113945,2,1,0.23034964501857758,2,1,0.2399001270532608
subject_14:sample_0001268,14,1268,2,2,1,2,1,2,1,0.19735220074653625,1,0,0.13465091586112976,2,1,0.19791710376739502,2,1,0.23021191358566284,2,1,0.2398669272661209
subject_14:sample_0001269,14,1269,2,2,1,2,1,2,1,0.19791992008686066,1,0,0.13549016416072845,2,1,0.19655704498291016,2,1,0.23028084635734558,2,1,0.23975101113319397
subject_14:sample_0001270,14,1270,2,2,1,2,1,2,1,0.19838249683380127,1,0,0.13706964254379272,2,1,0.1953039914369583,2,1,0.22989553213119507,2,1,0.23934732377529144
subject_14:sample_0001271,14,1271,2,2,1,2,1,2,1,0.19882841408252716,1,0,0.13710273802280426,2,1,0.1951621174812317,2,1,0.22995321452617645,2,1,0.2389526218175888
subject_14:sample_0001272,14,1272,2,2,1,2,1,2,1,0.19971321523189545,1,0,0.13600008189678192,2,1,0.19493599236011505,2,1,0.23039588332176208,2,1,0.2389538735151291
subject_14:sample_0001273,14,1273,2,2,1,2,1,2,1,0.20061126351356506,1,0,0.1344866007566452,2,1,0.19501671195030212,2,1,0.2310362309217453,2,1,0.23884828388690948
subject_14:sample_0001274,14,1274,2,2,1,2,1,2,1,0.2017974704504013,1,0,0.13054220378398895,2,1,0.19562047719955444,2,1,0.23250478506088257,2,1,0.23953412473201752
subject_14:sample_0001275,14,1275,2,2,1,2,1,2,1,0.20292796194553375,1,0,0.1285368651151657,2,1,0.19536162912845612,2,1,0.23322395980358124,2,1,0.2399486005306244
subject_14:sample_0001276,14,1276,2,2,1,2,1,2,1,0.203983336687088,1,0,0.1270761489868164,2,1,0.19474323093891144,2,1,0.23377440869808197,2,1,0.24042199552059174
subject_14:sample_0001277,14,1277,2,2,1,2,1,2,1,0.20474758744239807,1,0,0.12736733257770538,2,1,0.19383536279201508,2,1,0.23376987874507904,2,1,0.24027885496616364
subject_14:sample_0001278,14,1278,2,2,1,2,1,2,1,0.20518693327903748,1,0,0.12772010266780853,2,1,0.1931624859571457,2,1,0.23395878076553345,2,1,0.23997078835964203
subject_14:sample_0001279,14,1279,2,2,1,2,1,2,1,0.20571406185626984,1,0,0.12833218276500702,2,1,0.19169282913208008,2,1,0.23437534272670746,2,1,0.23988458514213562
subject_14:sample_0001280,14,1280,2,2,1,2,1,2,1,0.20647647976875305,1,0,0.12777434289455414,2,1,0.18969859182834625,2,1,0.23545722663402557,2,1,0.24059239029884338
subject_14:sample_0001281,14,1281,2,2,1,2,1,2,1,0.20674015581607819,1,0,0.12799072265625,2,1,0.18797093629837036,2,1,0.23629246652126312,2,1,0.24100472033023834
subject_14:sample_0001282,14,1282,2,2,1,2,1,2,1,0.2067958116531372,1,0,0.12887762486934662,2,1,0.1867818385362625,2,1,0.23655284941196442,2,1,0.24099090695381165
subject_14:sample_0001283,14,1283,2,2,1,2,1,2,1,0.20663446187973022,1,0,0.12867435812950134,2,1,0.1871325820684433,2,1,0.2367381453514099,2,1,0.24081943929195404
subject_14:sample_0001284,14,1284,2,2,1,2,1,2,1,0.20618534088134766,1,0,0.1304706186056137,2,1,0.1867097169160843,2,1,0.23644763231277466,2,1,0.24018581211566925
subject_14:sample_0001285,14,1285,2,2,1,2,1,2,1,0.205969899892807,1,0,0.13167977333068848,2,1,0.18559271097183228,2,1,0.23666036128997803,2,1,0.2400963455438614
subject_14:sample_0001286,14,1286,2,2,1,2,1,2,1,0.20640705525875092,1,0,0.13168948888778687,2,1,0.18338119983673096,2,1,0.23768672347068787,2,1,0.24083459377288818
subject_14:sample_0001287,14,1287,2,2,1,2,1,2,1,0.20654070377349854,1,0,0.13196492195129395,2,1,0.1823214441537857,2,1,0.23807860910892487,2,1,0.24109341204166412
subject_14:sample_0001288,14,1288,2,2,1,2,1,2,1,0.20685219764709473,1,0,0.1305645853281021,2,1,0.18273574113845825,2,1,0.2384469211101532,2,1,0.24139957129955292
subject_14:sample_0001289,14,1289,2,2,1,2,1,2,1,0.20730604231357574,1,0,0.12881764769554138,2,1,0.18261730670928955,2,1,0.23923517763614655,2,1,0.2420228272676468
subject_14:sample_0001290,14,1290,2,2,1,2,1,2,1,0.20751969516277313,1,0,0.12787018716335297,2,1,0.1830926090478897,2,1,0.2393934428691864,2,1,0.24212311208248138
subject_14:sample_0001291,14,1291,2,2,1,2,1,2,1,0.20783671736717224,1,0,0.1266622692346573,2,1,0.18289315700531006,2,1,0.2399330586194992,2,1,0.2426738440990448
subject_14:sample_0001292,14,1292,0,0,1,0,1,0,1,0.16195175051689148,0,1,0.19320844113826752,0,1,0.14594292640686035,2,0,0.25752201676368713,0,1,0.2413739264011383
subject_14:sample_0001293,14,1293,0,0,1,0,1,0,1,0.16103318333625793,0,1,0.19345007836818695,0,1,0.1449882686138153,2,0,0.25801223516464233,0,1,0.24251534044742584
subject_14:sample_0001294,14,1294,0,0,1,0,1,0,1,0.1600957214832306,0,1,0.19412392377853394,0,1,0.1443052440881729,2,0,0.25808942317962646,0,1,0.24338477849960327
subject_14:sample_0001295,14,1295,0,0,1,0,1,0,1,0.15946274995803833,0,1,0.19552871584892273,0,1,0.1441091001033783,2,0,0.2573934495449066,0,1,0.24350501596927643
subject_14:sample_0001296,14,1296,0,0,1,0,1,0,1,0.15840300917625427,0,1,0.19667133688926697,0,1,0.143548846244812,2,0,0.25737643241882324,0,1,0.2439994215965271
subject_14:sample_0001297,14,1297,0,0,1,0,1,0,1,0.158324733376503,0,1,0.19700008630752563,0,1,0.1441417634487152,2,0,0.25606784224510193,0,1,0.24446462094783783
subject_14:sample_0001298,14,1298,0,0,1,0,1,0,1,0.15932880342006683,0,1,0.19698381423950195,0,1,0.1458575576543808,2,0,0.25346067547798157,0,1,0.24436821043491364
subject_14:sample_0001299,14,1299,0,0,1,0,1,0,1,0.16053882241249084,0,1,0.19632816314697266,0,1,0.1474628448486328,2,0,0.25176262855529785,0,1,0.24390657246112823
subject_14:sample_0001300,14,1300,0,0,1,0,1,0,1,0.1619548350572586,0,1,0.1959937959909439,0,1,0.1484874039888382,2,0,0.25002291798591614,0,1,0.24354007840156555
subject_14:sample_0001301,14,1301,0,0,1,0,1,0,1,0.16251318156719208,0,1,0.1951870322227478,0,1,0.14834752678871155,2,0,0.25028595328330994,0,1,0.24366535246372223
subject_14:sample_0001302,14,1302,0,0,1,0,1,0,1,0.16319061815738678,0,1,0.1944529414176941,0,1,0.14843697845935822,2,0,0.2505846619606018,0,1,0.24333375692367554
subject_14:sample_0001303,14,1303,0,0,1,0,1,0,1,0.1638338267803192,0,1,0.1937592774629593,0,1,0.14879527688026428,2,0,0.25157245993614197,0,1,0.24203826487064362
subject_14:sample_0001304,14,1304,0,0,1,0,1,0,1,0.164466992020607,0,1,0.19280779361724854,0,1,0.14929792284965515,2,0,0.25285229086875916,0,1,0.24057403206825256
subject_14:sample_0001305,14,1305,0,0,1,0,1,0,1,0.16459786891937256,0,1,0.19186590611934662,0,1,0.14941014349460602,2,0,0.25434228777885437,0,1,0.23978279531002045
subject_14:sample_0001306,14,1306,0,0,1,0,1,0,1,0.1644776612520218,0,1,0.18980087339878082,0,1,0.1493852138519287,2,0,0.256527841091156,2,0,0.23980751633644104
subject_14:sample_0001307,14,1307,0,0,1,0,1,0,1,0.16472314298152924,0,1,0.18797016143798828,0,1,0.1502135694026947,2,0,0.2581050992012024,2,0,0.23898710310459137
subject_14:sample_0001308,14,1308,0,0,1,0,1,0,1,0.1649821549654007,0,1,0.18675455451011658,0,1,0.15090399980545044,2,0,0.25940626859664917,2,0,0.2379520982503891
subject_14:sample_0001309,14,1309,0,0,1,0,1,0,1,0.16518154740333557,0,1,0.18577437102794647,0,1,0.1510860174894333,2,0,0.26106423139572144,2,0,0.23689283430576324
subject_14:sample_0001310,14,1310,0,0,1,0,1,0,1,0.16502976417541504,0,1,0.18517981469631195,0,1,0.1507614254951477,2,0,0.26330751180648804,2,0,0.23572051525115967
subject_14:sample_0001311,14,1311,0,0,1,0,1,0,1,0.16505929827690125,0,1,0.18443788588047028,0,1,0.15028533339500427,2,0,0.2653334438800812,2,0,0.23488309979438782
subject_14:sample_0001312,14,1312,0,0,1,0,1,0,1,0.16478444635868073,0,1,0.18478865921497345,0,1,0.14901384711265564,2,0,0.2680383622646332,2,0,0.2333737462759018
subject_14:sample_0001313,14,1313,0,0,1,0,1,0,1,0.16408607363700867,0,1,0.1858786642551422,0,1,0.14722661674022675,2,0,0.2707659602165222,2,0,0.23204168677330017
subject_14:sample_0001314,14,1314,0,0,1,0,1,0,1,0.16269619762897491,0,1,0.1873500943183899,0,1,0.14528430998325348,2,0,0.2734437584877014,2,0,0.2312246859073639
subject_14:sample_0001315,14,1315,0,0,1,0,1,0,1,0.16029846668243408,0,1,0.18926405906677246,0,1,0.14261457324028015,2,0,0.27694010734558105,0,1,0.23088183999061584
subject_14:sample_0001316,14,1316,0,0,1,0,1,0,1,0.15850983560085297,0,1,0.19114351272583008,0,1,0.14054957032203674,2,0,0.27995991706848145,0,1,0.22983621060848236
subject_14:sample_0001317,14,1317,0,0,1,0,1,0,1,0.1570948362350464,0,1,0.1926545947790146,0,1,0.13864649832248688,2,0,0.2832629382610321,0,1,0.22834014892578125
subject_14:sample_0001318,14,1318,0,0,1,0,1,0,1,0.15671466290950775,0,1,0.1950089931488037,0,1,0.13704250752925873,2,0,0.28531894087791443,0,1,0.22591397166252136
subject_14:sample_0001319,14,1319,0,0,1,0,1,0,1,0.15760523080825806,0,1,0.19766661524772644,0,1,0.13579724729061127,2,0,0.2854202389717102,0,1,0.22350969910621643
subject_14:sample_0001320,14,1320,0,0,1,0,1,0,1,0.1591823697090149,0,1,0.19876132905483246,0,1,0.1348012387752533,2,0,0.2858233153820038,0,1,0.22143085300922394
subject_14:sample_0001321,14,1321,0,0,1,0,1,0,1,0.1620805859565735,0,1,0.19931818544864655,0,1,0.13484486937522888,2,0,0.2855963110923767,0,1,0.21815906465053558
subject_14:sample_0001322,14,1322,0,0,1,0,1,0,1,0.1648668497800827,1,0,0.19811534881591797,0,1,0.13544605672359467,2,0,0.2858917713165283,0,1,0.21567898988723755
subject_14:sample_0001323,14,1323,0,0,1,0,1,0,1,0.16794121265411377,1,0,0.1991792619228363,0,1,0.1364956647157669,2,0,0.28368493914604187,0,1,0.21269799768924713
subject_14:sample_0001324,14,1324,0,0,1,0,1,0,1,0.1697406768798828,1,0,0.20169752836227417,0,1,0.13663749396800995,2,0,0.2821246385574341,0,1,0.2097986787557602
subject_14:sample_0001325,14,1325,0,2,0,0,1,0,1,0.17128142714500427,2,0,0.20560120046138763,0,1,0.1376284956932068,2,0,0.2786239981651306,0,1,0.20686392486095428
subject_14:sample_0001326,14,1326,0,2,0,0,1,0,1,0.17177830636501312,2,0,0.207681804895401,0,1,0.13846006989479065,2,0,0.2774851620197296,0,1,0.20459379255771637
subject_14:sample_0001327,14,1327,0,2,0,2,0,0,1,0.17336240410804749,2,0,0.20966242253780365,0,1,0.14079004526138306,2,0,0.2739197611808777,2,0,0.2022644430398941
subject_14:sample_0001328,14,1328,0,2,0,2,0,0,1,0.17602580785751343,2,0,0.2093578428030014,0,1,0.14493459463119507,2,0,0.2694091796875,2,0,0.2002716064453125
subject_14:sample_0001329,14,1329,0,2,0,2,0,0,1,0.17923936247825623,2,0,0.20888596773147583,0,1,0.14887824654579163,2,0,0.2647457718849182,2,0,0.19824980199337006
subject_14:sample_0001330,14,1330,0,2,0,2,0,2,0,0.18205618858337402,2,0,0.20630884170532227,0,1,0.15384157001972198,2,0,0.2613258957862854,2,0,0.1964665651321411
subject_14:sample_0001331,14,1331,0,2,0,2,0,2,0,0.1838979423046112,2,0,0.2028099000453949,0,1,0.160920187830925,2,0,0.2575346827507019,2,0,0.19483637809753418
subject_14:sample_0001332,14,1332,0,2,0,2,0,2,0,0.18552984297275543,2,0,0.19803842902183533,0,1,0.1685105413198471,2,0,0.25405004620552063,2,0,0.1938701868057251
subject_14:sample_0001333,14,1333,0,2,0,2,0,2,0,0.18522121012210846,1,0,0.19418451189994812,0,1,0.17553864419460297,2,0,0.25203919410705566,2,0,0.19301551580429077
subject_14:sample_0001334,14,1334,0,2,0,2,0,2,0,0.1839960366487503,1,0,0.19260095059871674,0,1,0.18268056213855743,2,0,0.24878504872322083,0,1,0.19193649291992188
subject_14:sample_0001335,14,1335,0,1,0,1,0,1,0,0.18241186439990997,1,0,0.19169393181800842,0,1,0.19010788202285767,2,0,0.24468550086021423,0,1,0.1910998672246933
subject_14:sample_0001336,14,1336,0,1,0,1,0,1,0,0.18132467567920685,1,0,0.19093602895736694,0,1,0.19590294361114502,2,0,0.2415025681257248,0,1,0.19033284485340118
subject_14:sample_0001337,14,1337,0,1,0,1,0,1,0,0.1806504726409912,1,0,0.1903637796640396,1,0,0.20074363052845,2,0,0.23843879997730255,1,0,0.1898023635149002
subject_14:sample_0001338,14,1338,0,1,0,1,0,1,0,0.1810310333967209,1,0,0.18996506929397583,1,0,0.2023671567440033,2,0,0.23682881891727448,1,0,0.18980693817138672
subject_14:sample_0001339,14,1339,0,1,0,1,0,1,0,0.18310293555259705,1,0,0.19012267887592316,1,0,0.20260994136333466,1,0,0.23442469537258148,1,0,0.18973885476589203
subject_14:sample_0001340,14,1340,0,1,0,1,0,1,0,0.18483644723892212,1,0,0.19062763452529907,1,0,0.2028588056564331,1,0,0.2318657785654068,1,0,0.18981033563613892
subject_14:sample_0001341,14,1341,0,1,0,1,0,1,0,0.18583251535892487,1,0,0.19136078655719757,1,0,0.2036869078874588,1,0,0.22899925708770752,1,0,0.19011962413787842
subject_14:sample_0001342,14,1342,0,1,0,1,0,1,0,0.1863025277853012,1,0,0.1918884515762329,1,0,0.20493721961975098,1,0,0.22661718726158142,1,0,0.19025364518165588
subject_14:sample_0001343,14,1343,0,1,0,1,0,1,0,0.1875656396150589,1,0,0.1928568333387375,1,0,0.20567868649959564,1,0,0.22391007840633392,1,0,0.18998783826828003
subject_14:sample_0001344,14,1344,0,1,0,1,0,1,0,0.18986378610134125,1,0,0.1944246143102646,1,0,0.20641882717609406,1,0,0.22024637460708618,1,0,0.1890454739332199
subject_14:sample_0001345,14,1345,0,1,0,1,0,1,0,0.19170676171779633,1,0,0.19548052549362183,1,0,0.20688456296920776,1,0,0.21795441210269928,1,0,0.1879727691411972
subject_14:sample_0001346,14,1346,0,1,0,1,0,1,0,0.19267702102661133,1,0,0.19579270482063293,1,0,0.20695894956588745,1,0,0.2173282355070114,1,0,0.1872420758008957
subject_14:sample_0001347,14,1347,0,1,0,1,0,1,0,0.19476397335529327,1,0,0.1964690387248993,1,0,0.20685532689094543,1,0,0.2157418131828308,1,0,0.1861688792705536
subject_14:sample_0001348,14,1348,0,1,0,1,0,1,0,0.1973206102848053,1,0,0.1974460482597351,1,0,0.20683765411376953,1,0,0.21349284052848816,1,0,0.18490183353424072
subject_14:sample_0001349,14,1349,0,1,0,1,0,1,0,0.1991167664527893,1,0,0.197861909866333,1,0,0.2064405083656311,1,0,0.21249143779277802,1,0,0.18408839404582977
subject_14:sample_0001350,14,1350,0,1,0,1,0,1,0,0.20041421055793762,1,0,0.19802048802375793,1,0,0.20595259964466095,1,0,0.2120281159877777,1,0,0.18358370661735535
subject_14:sample_0001351,14,1351,0,1,0,1,0,1,0,0.2020978331565857,1,0,0.19834566116333008,1,0,0.20517666637897491,1,0,0.21160675585269928,1,0,0.18277212977409363
subject_14:sample_0001352,14,1352,0,1,0,1,0,1,0,0.20306266844272614,1,0,0.19830459356307983,1,0,0.20472101867198944,1,0,0.21198664605617523,1,0,0.18192405998706818
subject_14:sample_0001353,14,1353,0,1,0,1,0,1,0,0.2035813182592392,1,0,0.1982073038816452,1,0,0.2045850157737732,1,0,0.21245114505290985,1,0,0.18117427825927734
subject_14:sample_0001354,14,1354,0,1,0,1,0,1,0,0.2036607414484024,1,0,0.19803638756275177,1,0,0.2041451781988144,1,0,0.2135009914636612,1,0,0.18065568804740906
subject_14:sample_0001355,14,1355,0,1,0,1,0,1,0,0.2035941183567047,1,0,0.1983819305896759,1,0,0.2036067098379135,1,0,0.21423089504241943,1,0,0.18018534779548645
subject_14:sample_0001356,14,1356,0,1,0,1,0,1,0,0.20350003242492676,1,0,0.19917120039463043,1,0,0.20294243097305298,1,0,0.21484620869159698,1,0,0.17953912913799286
subject_14:sample_0001357,14,1357,0,1,0,1,0,1,0,0.2033262699842453,1,0,0.20007845759391785,1,0,0.2022431194782257,1,0,0.21562901139259338,1,0,0.1787220984697342
subject_14:sample_0001358,14,1358,0,1,0,1,0,1,0,0.20311853289604187,1,0,0.20068763196468353,1,0,0.20177002251148224,1,0,0.21643178164958954,1,0,0.1779910922050476
subject_14:sample_0001359,14,1359,0,1,0,1,0,1,0,0.20270031690597534,1,0,0.20146684348583221,1,0,0.2012716382741928,1,0,0.21753981709480286,1,0,0.1770203858613968
subject_14:sample_0001360,14,1360,0,1,0,1,0,1,0,0.2026713341474533,1,0,0.20203697681427002,1,0,0.20092880725860596,1,0,0.21811121702194214,1,0,0.17625078558921814
subject_14:sample_0001361,14,1361,0,1,0,1,0,1,0,0.20309987664222717,1,0,0.20224615931510925,1,0,0.20074760913848877,1,0,0.21792525053024292,1,0,0.17598019540309906
subject_14:sample_0001362,14,1362,0,1,0,1,0,1,0,0.20275551080703735,1,0,0.20230430364608765,1,0,0.20053957402706146,1,0,0.21849291026592255,1,0,0.175906702876091
subject_14:sample_0001363,14,1363,0,1,0,1,0,1,0,0.20195825397968292,1,0,0.20282618701457977,1,0,0.2002130150794983,1,0,0.21965107321739197,1,0,0.17535048723220825
subject_14:sample_0001364,14,1364,0,1,0,1,0,1,0,0.20073339343070984,1,0,0.20342274010181427,1,0,0.19980402290821075,1,0,0.22120632231235504,1,0,0.17483261227607727
subject_14:sample_0001365,14,1365,0,1,0,1,0,1,0,0.1990942507982254,1,0,0.20377661287784576,1,0,0.1995183527469635,1,0,0.22309128940105438,1,0,0.17451858520507812
subject_14:sample_0001366,14,1366,0,1,0,1,0,1,0,0.19745370745658875,1,0,0.20398329198360443,1,0,0.19937963783740997,1,0,0.22488097846508026,1,0,0.17430147528648376
subject_14:sample_0001367,14,1367,0,1,0,1,0,1,0,0.1961672455072403,1,0,0.20392563939094543,1,0,0.19982169568538666,1,0,0.22617259621620178,1,0,0.17391179502010345
subject_14:sample_0001368,14,1368,0,1,0,1,0,1,0,0.19471359252929688,1,0,0.20403312146663666,1,0,0.19999730587005615,1,0,0.22776393592357635,1,0,0.17349106073379517
subject_14:sample_0001369,14,1369,0,1,0,1,0,1,0,0.19374874234199524,1,0,0.20418687164783478,1,0,0.20029446482658386,1,0,0.22885620594024658,1,0,0.1729128211736679
subject_14:sample_0001370,14,1370,0,1,0,1,0,1,0,0.19302470982074738,1,0,0.2039957493543625,1,0,0.20117853581905365,1,0,0.22950375080108643,1,0,0.17229622602462769
subject_14:sample_0001371,14,1371,0,1,0,1,0,1,0,0.193746879696846,1,0,0.20379185676574707,1,0,0.20189912617206573,2,0,0.2292218655347824,1,0,0.17133930325508118
subject_14:sample_0001372,14,1372,0,1,0,1,0,1,0,0.19502383470535278,1,0,0.20352521538734436,1,0,0.20293214917182922,2,0,0.22838827967643738,1,0,0.17012953758239746
subject_14:sample_0001373,14,1373,0,1,0,1,0,1,0,0.1977710723876953,1,0,0.2025243639945984,1,0,0.20433831214904785,2,0,0.22662977874279022,1,0,0.16873550415039062
subject_14:sample_0001374,14,1374,0,1,0,1,0,1,0,0.2018924057483673,1,0,0.20113563537597656,1,0,0.20585700869560242,2,0,0.22440205514431,1,0,0.1667119711637497
subject_14:sample_0001375,14,1375,0,1,0,1,0,1,0,0.20548245310783386,1,0,0.2000553160905838,1,0,0.20732034742832184,2,0,0.22244957089424133,1,0,0.1646912842988968
subject_14:sample_0001376,14,1376,0,1,0,1,0,1,0,0.20740346610546112,2,0,0.19935034215450287,1,0,0.20868754386901855,2,0,0.22162087261676788,1,0,0.16293685138225555
subject_14:sample_0001377,14,1377,0,2,0,2,0,1,0,0.20807619392871857,2,0,0.1992754340171814,2,0,0.2098965346813202,2,0,0.22164137661457062,1,0,0.16110952198505402
subject_14:sample_0001378,14,1378,0,2,0,2,0,2,0,0.20826329290866852,2,0,0.19965587556362152,2,0,0.21081037819385529,2,0,0.22200709581375122,1,0,0.15926240384578705
subject_14:sample_0001379,14,1379,0,2,0,2,0,2,0,0.2083401381969452,2,0,0.20022271573543549,2,0,0.21154668927192688,2,0,0.22211015224456787,1,0,0.15777933597564697
subject_14:sample_0001380,14,1380,0,2,0,2,0,2,0,0.20892836153507233,2,0,0.2009350210428238,2,0,0.21251089870929718,2,0,0.2220652550458908,1,0,0.1555595099925995
subject_14:sample_0001381,14,1381,0,2,0,2,0,2,0,0.20924335718154907,2,0,0.20159447193145752,2,0,0.2136942446231842,2,0,0.2215484082698822,1,0,0.1539185643196106
subject_14:sample_0001382,14,1382,0,2,0,2,0,2,0,0.209570974111557,2,0,0.2021036148071289,2,0,0.21481238305568695,2,0,0.22101682424545288,1,0,0.15249526500701904
subject_14:sample_0001383,14,1383,0,2,0,2,0,2,0,0.20975880324840546,2,0,0.20269577205181122,2,0,0.21600283682346344,2,0,0.22047923505306244,1,0,0.15106230974197388
subject_14:sample_0001384,14,1384,0,2,0,2,0,2,0,0.20995883643627167,2,0,0.20336294174194336,2,0,0.2174547165632248,2,0,0.2196425348520279,1,0,0.14957991242408752
subject_14:sample_0001385,14,1385,0,2,0,2,0,2,0,0.2104094922542572,2,0,0.20417271554470062,2,0,0.21926438808441162,2,0,0.21855732798576355,0,1,0.14759515225887299
subject_14:sample_0001386,14,1386,0,2,0,2,0,2,0,0.2109978049993515,2,0,0.20487235486507416,2,0,0.2213885486125946,2,0,0.2175331860780716,0,1,0.14520707726478577
subject_14:sample_0001387,14,1387,0,2,0,2,0,2,0,0.21165944635868073,2,0,0.20528027415275574,2,0,0.2233038991689682,2,0,0.21650294959545135,0,1,0.14325246214866638
subject_14:sample_0001388,14,1388,0,2,0,2,0,2,0,0.2125123143196106,2,0,0.20530687272548676,2,0,0.2261243313550949,2,0,0.2151002585887909,0,1,0.14095531404018402
subject_14:sample_0001389,14,1389,0,2,0,2,0,2,0,0.21362750232219696,2,0,0.2054297775030136,2,0,0.22895967960357666,2,0,0.21329930424690247,0,1,0.1386827528476715
subject_14:sample_0001390,14,1390,0,2,0,2,0,2,0,0.21478378772735596,2,0,0.20599082112312317,2,0,0.2313086837530136,2,0,0.2111201137304306,0,1,0.13679558038711548
subject_14:sample_0001391,14,1391,0,2,0,2,0,2,0,0.21604542434215546,2,0,0.20602166652679443,2,0,0.23384127020835876,2,0,0.20833906531333923,0,1,0.13575157523155212
subject_14:sample_0001392,14,1392,0,2,0,2,0,2,0,0.2173537015914917,2,0,0.20659096539020538,2,0,0.23596680164337158,2,0,0.20574916899204254,0,1,0.1343383640050888
subject_14:sample_0001393,14,1393,0,2,0,2,0,2,0,0.21924705803394318,2,0,0.20715512335300446,2,0,0.2388472557067871,2,0,0.20083779096603394,0,1,0.13391178846359253
subject_14:sample_0001394,14,1394,0,2,0,2,0,2,0,0.2210594266653061,2,0,0.20887599885463715,2,0,0.24093402922153473,1,0,0.19573520123958588,0,1,0.13339446485042572
subject_14:sample_0001395,14,1395,0,2,0,2,0,2,0,0.22249184548854828,2,0,0.21102845668792725,2,0,0.24245257675647736,1,0,0.1916462481021881,0,1,0.13237985968589783
subject_14:sample_0001396,14,1396,0,2,0,2,0,2,0,0.22433704137802124,2,0,0.214524507522583,2,0,0.24376793205738068,1,0,0.18651676177978516,0,1,0.1308528333902359
subject_14:sample_0001397,14,1397,0,2,0,2,0,2,0,0.2264622151851654,2,0,0.21723560988903046,2,0,0.24557435512542725,1,0,0.18089690804481506,0,1,0.12982997298240662
subject_14:sample_0001398,14,1398,0,2,0,2,0,2,0,0.2283014953136444,2,0,0.21975448727607727,2,0,0.24701768159866333,1,0,0.17598126828670502,0,1,0.1289440542459488
subject_14:sample_0001399,14,1399,0,2,0,2,0,2,0,0.22997991740703583,2,0,0.22200605273246765,2,0,0.24830155074596405,1,0,0.17165875434875488,0,1,0.1280527263879776
subject_14:sample_0001400,14,1400,0,2,0,2,0,2,0,0.23134823143482208,2,0,0.22388647496700287,2,0,0.24917834997177124,1,0,0.1685560643672943,0,1,0.1270299106836319
subject_14:sample_0001401,14,1401,0,2,0,2,0,2,0,0.23259839415550232,2,0,0.2254723459482193,2,0,0.25041550397872925,1,0,0.16572949290275574,0,1,0.12578333914279938
subject_14:sample_0001402,14,1402,0,2,0,2,0,2,0,0.23374655842781067,2,0,0.22692695260047913,2,0,0.2512611150741577,1,0,0.16365474462509155,0,1,0.12440966069698334
subject_14:sample_0001403,14,1403,0,2,0,2,0,2,0,0.23467501997947693,2,0,0.22807462513446808,2,0,0.2519245445728302,0,1,0.16200187802314758,0,1,0.12332294881343842
subject_14:sample_0001404,14,1404,0,2,0,2,0,2,0,0.2357935905456543,2,0,0.22923797369003296,2,0,0.25324761867523193,0,1,0.15919241309165955,0,1,0.12252742797136307
subject_14:sample_0001405,14,1405,0,2,0,2,0,2,0,0.2365981489419937,2,0,0.22997255623340607,2,0,0.2549176812171936,0,1,0.1563221663236618,0,1,0.1221884936094284
subject_14:sample_0001406,14,1406,0,2,0,2,0,2,0,0.23629827797412872,2,0,0.23076127469539642,2,0,0.256850928068161,0,1,0.15371544659137726,0,1,0.12237318605184555
subject_14:sample_0001407,14,1407,0,2,0,2,0,2,0,0.23415681719779968,2,0,0.23198294639587402,2,0,0.258603572845459,0,1,0.152364119887352,0,1,0.1228916198015213
subject_14:sample_0001408,14,1408,0,2,0,2,0,1,0,0.2294423133134842,2,0,0.23385480046272278,2,0,0.2614468038082123,0,1,0.1515159159898758,0,1,0.12373919039964676
subject_14:sample_0001409,14,1409,0,2,0,2,0,1,0,0.22154904901981354,2,0,0.23712296783924103,2,0,0.26527008414268494,0,1,0.1514865756034851,0,1,0.12457035481929779
subject_14:sample_0001410,14,1410,0,2,0,2,0,1,0,0.21170972287654877,2,0,0.24170401692390442,2,0,0.26894691586494446,0,1,0.1522970050573349,0,1,0.12534138560295105
subject_14:sample_0001411,14,1411,0,2,0,1,0,1,0,0.20645874738693237,2,0,0.24489271640777588,2,0,0.27093419432640076,0,1,0.15197399258613586,0,1,0.12573938071727753
subject_14:sample_0001412,14,1412,0,2,0,1,0,1,0,0.2014867663383484,2,0,0.247880220413208,2,0,0.2725788354873657,0,1,0.15189628303050995,0,1,0.12615691125392914
subject_14:sample_0001413,14,1413,0,2,0,1,0,1,0,0.19899867475032806,2,0,0.24945105612277985,2,0,0.27329543232917786,0,1,0.15190620720386505,0,1,0.12634766101837158
subject_14:sample_0001414,14,1414,0,2,0,1,0,1,0,0.19538633525371552,2,0,0.2509884536266327,2,0,0.2738684415817261,0,1,0.1533682644367218,0,1,0.1263875514268875
subject_14:sample_0001415,14,1415,0,2,0,1,0,1,0,0.1923135668039322,2,0,0.2520959675312042,2,0,0.27304133772850037,0,1,0.15597069263458252,0,1,0.1265774965286255
subject_14:sample_0001416,14,1416,0,2,0,1,0,1,0,0.19139091670513153,2,0,0.2523517906665802,2,0,0.27193689346313477,0,1,0.1578039973974228,0,1,0.1265154629945755
subject_14:sample_0001417,14,1417,0,1,0,1,0,1,0,0.19196146726608276,2,0,0.2518140375614166,2,0,0.2699873745441437,1,0,0.1597088724374771,0,1,0.12652736902236938
subject_14:sample_0001418,14,1418,0,1,0,1,0,1,0,0.19322940707206726,2,0,0.25135064125061035,1,0,0.2682349383831024,1,0,0.16085770726203918,0,1,0.1263262927532196
subject_14:sample_0001419,14,1419,0,1,0,1,0,1,0,0.1942056268453598,2,0,0.25109046697616577,1,0,0.2670108675956726,1,0,0.1614471673965454,0,1,0.12624496221542358
subject_14:sample_0001420,14,1420,0,1,0,1,0,1,0,0.19586794078350067,2,0,0.25021952390670776,1,0,0.2648383677005768,1,0,0.16211560368537903,0,1,0.12695762515068054
subject_14:sample_0001421,14,1421,0,1,0,1,0,1,0,0.19770820438861847,2,0,0.24953728914260864,1,0,0.2635074555873871,1,0,0.16206984221935272,0,1,0.1271762251853943
subject_14:sample_0001422,14,1422,0,1,0,1,0,1,0,0.19916822016239166,2,0,0.24919277429580688,1,0,0.2620318531990051,1,0,0.16197185218334198,0,1,0.12763434648513794
subject_14:sample_0001423,14,1423,0,1,0,1,0,1,0,0.20087508857250214,2,0,0.24887295067310333,1,0,0.26075252890586853,1,0,0.16141553223133087,0,1,0.12808296084403992
subject_14:sample_0001424,14,1424,0,1,0,1,0,1,0,0.20220081508159637,2,0,0.24885860085487366,1,0,0.259192556142807,1,0,0.16095639765262604,0,1,0.1287907361984253
subject_14:sample_0001425,14,1425,0,1,0,1,0,1,0,0.20338360965251923,2,0,0.2490406334400177,1,0,0.25741544365882874,1,0,0.16030099987983704,0,1,0.12985840439796448
subject_14:sample_0001426,14,1426,0,1,0,1,0,1,0,0.20550327003002167,2,0,0.24872128665447235,1,0,0.25445792078971863,1,0,0.16007524728775024,0,1,0.1312413364648819
subject_14:sample_0001427,14,1427,0,1,0,1,0,1,0,0.20794843137264252,2,0,0.24812954664230347,1,0,0.250944048166275,1,0,0.16035327315330505,0,1,0.13262376189231873
subject_14:sample_0001428,14,1428,0,1,0,1,0,1,0,0.21078555285930634,1,0,0.2471884787082672,1,0,0.24602766335010529,1,0,0.16159534454345703,0,1,0.13440202176570892
subject_14:sample_0001429,14,1429,0,1,0,1,0,1,0,0.21395796537399292,1,0,0.24586451053619385,1,0,0.24154283106327057,1,0,0.1625942438840866,0,1,0.13603948056697845
subject_14:sample_0001430,14,1430,0,1,0,1,0,1,0,0.2159719318151474,1,0,0.24552588164806366,1,0,0.23991750180721283,1,0,0.16226321458816528,0,1,0.13632050156593323
subject_14:sample_0001431,14,1431,0,1,0,1,0,1,0,0.2180362194776535,1,0,0.2455732375383377,1,0,0.239825040102005,1,0,0.16093499958515167,0,1,0.13562947511672974
subject_14:sample_0001432,14,1432,0,1,0,1,0,1,0,0.219591423869133,1,0,0.24579811096191406,1,0,0.23953035473823547,1,0,0.15986135601997375,0,1,0.1352178007364273
subject_14:sample_0001433,14,1433,0,1,0,1,0,1,0,0.2204817682504654,1,0,0.24620716273784637,1,0,0.24045149981975555,1,0,0.1578058898448944,0,1,0.13505272567272186
subject_14:sample_0001434,14,1434,0,1,0,1,0,1,0,0.22167836129665375,1,0,0.24683614075183868,1,0,0.24167390167713165,1,0,0.15491235256195068,0,1,0.1348983496427536
subject_14:sample_0001435,14,1435,0,1,0,1,0,1,0,0.22265778481960297,2,0,0.24763073027133942,1,0,0.24351924657821655,1,0,0.15189823508262634,0,1,0.13429304957389832
subject_14:sample_0001436,14,1436,0,1,0,1,0,1,0,0.2233547419309616,2,0,0.24780143797397614,1,0,0.24537760019302368,1,0,0.1488933116197586,1,0,0.13457198441028595
subject_14:sample_0001437,14,1437,0,1,0,1,0,1,0,0.22433680295944214,2,0,0.2476647049188614,1,0,0.24819591641426086,1,0,0.14521600306034088,1,0,0.13458558917045593
subject_14:sample_0001438,14,1438,0,1,0,1,0,1,0,0.2251468151807785,2,0,0.2474491447210312,1,0,0.251352459192276,1,0,0.141754150390625,1,0,0.1342964470386505
subject_14:sample_0001439,14,1439,0,1,0,1,0,1,0,0.22533215582370758,2,0,0.24707292020320892,1,0,0.2529270350933075,1,0,0.13846054673194885,1,0,0.13620640337467194
subject_14:sample_0001440,14,1440,0,1,0,1,0,1,0,0.22491371631622314,2,0,0.2463778257369995,1,0,0.25334709882736206,1,0,0.13539651036262512,1,0,0.13996389508247375
subject_14:sample_0001441,14,1441,0,1,0,1,0,1,0,0.22450518608093262,2,0,0.24602742493152618,1,0,0.25166311860084534,1,0,0.1335160732269287,1,0,0.14428724348545074
subject_14:sample_0001442,14,1442,0,1,0,1,0,1,0,0.2237565517425537,2,0,0.24633929133415222,1,0,0.2495688796043396,1,0,0.13262341916561127,1,0,0.147710919380188
subject_14:sample_0001443,14,1443,0,1,0,1,0,1,0,0.22376419603824615,2,0,0.24599821865558624,1,0,0.248216912150383,1,0,0.13182957470417023,1,0,0.1501901000738144
subject_14:sample_0001444,14,1444,0,1,0,1,0,1,0,0.22457510232925415,2,0,0.24552547931671143,1,0,0.24774982035160065,1,0,0.1312190592288971,1,0,0.15092961490154266
subject_14:sample_0001445,14,1445,0,1,0,1,0,1,0,0.22735092043876648,2,0,0.24555304646492004,1,0,0.2452259659767151,1,0,0.13110437989234924,1,0,0.15076473355293274
subject_14:sample_0001446,14,1446,0,1,0,1,0,1,0,0.23017531633377075,2,0,0.2449539750814438,1,0,0.24327126145362854,0,1,0.13133971393108368,1,0,0.15025871992111206
subject_14:sample_0001447,14,1447,0,1,0,1,0,1,0,0.2340051233768463,1,0,0.24331367015838623,1,0,0.24249611794948578,0,1,0.13156913220882416,1,0,0.14861509203910828
subject_14:sample_0001448,14,1448,0,1,0,1,0,1,0,0.23759835958480835,1,0,0.24052666127681732,1,0,0.24196301400661469,0,1,0.13179124891757965,1,0,0.1481197476387024
subject_14:sample_0001449,14,1449,0,1,0,1,0,1,0,0.2409777045249939,0,1,0.2368467003107071,1,0,0.24207808077335358,0,1,0.13227862119674683,0,1,0.1478179544210434
subject_14:sample_0001450,14,1450,0,1,0,1,0,1,0,0.24469469487667084,0,1,0.22954148054122925,1,0,0.24229778349399567,0,1,0.1341111809015274,0,1,0.14935392141342163
subject_14:sample_0001451,14,1451,0,1,0,1,0,1,0,0.24745334684848785,0,1,0.22217923402786255,1,0,0.24307598173618317,0,1,0.13597331941127777,0,1,0.15131720900535583
subject_14:sample_0001452,14,1452,0,1,0,1,0,1,0,0.2491590976715088,0,1,0.21714292466640472,1,0,0.24294020235538483,0,1,0.13749077916145325,0,1,0.153266042470932
subject_14:sample_0001453,14,1453,0,1,0,1,0,1,0,0.24962787330150604,0,1,0.21333490312099457,1,0,0.24168530106544495,0,1,0.1389395296573639,0,1,0.15641145408153534
subject_14:sample_0001454,14,1454,0,1,0,1,0,1,0,0.2487611472606659,0,1,0.21139223873615265,1,0,0.2391820102930069,0,1,0.14049208164215088,0,1,0.1601715087890625
subject_14:sample_0001455,14,1455,0,1,0,1,0,1,0,0.24830704927444458,0,1,0.20907427370548248,1,0,0.23745812475681305,0,1,0.1418340802192688,1,0,0.16332551836967468
subject_14:sample_0001456,14,1456,0,1,0,1,0,1,0,0.24781478941440582,0,1,0.20747412741184235,1,0,0.23611004650592804,0,1,0.14268705248832703,1,0,0.16591297090053558
subject_14:sample_0001457,14,1457,0,1,0,1,0,1,0,0.2482701689004898,0,1,0.20572468638420105,1,0,0.23524940013885498,0,1,0.14350172877311707,1,0,0.16725300252437592
subject_14:sample_0001458,14,1458,0,1,0,1,0,1,0,0.24856863915920258,0,1,0.20355424284934998,1,0,0.23451094329357147,0,1,0.14462250471115112,1,0,0.16874276101589203
subject_14:sample_0001459,14,1459,0,1,0,1,0,1,0,0.2490098774433136,0,1,0.20065948367118835,1,0,0.23414142429828644,0,1,0.14630557596683502,1,0,0.16988271474838257
subject_14:sample_0001460,14,1460,0,1,0,1,0,1,0,0.2490532547235489,0,1,0.19856294989585876,1,0,0.23360489308834076,0,1,0.1474553346633911,1,0,0.17132264375686646
subject_14:sample_0001461,14,1461,0,1,0,1,0,1,0,0.2492668181657791,0,1,0.19704216718673706,1,0,0.23355872929096222,0,1,0.14800497889518738,1,0,0.17212635278701782
subject_14:sample_0001462,14,1462,0,1,0,1,0,1,0,0.2491026371717453,0,1,0.1967662125825882,1,0,0.23335963487625122,0,1,0.14754734933376312,1,0,0.17322319746017456
subject_14:sample_0001463,14,1463,0,1,0,1,0,1,0,0.24811619520187378,0,1,0.19632406532764435,1,0,0.2325480431318283,0,1,0.14731313288211823,1,0,0.17569765448570251
subject_14:sample_0001464,14,1464,0,1,0,1,0,1,0,0.24680741131305695,0,1,0.1963009238243103,1,0,0.23152762651443481,0,1,0.14707614481449127,1,0,0.17828693985939026
subject_14:sample_0001465,14,1465,0,1,0,1,0,1,0,0.24619412422180176,0,1,0.19565802812576294,1,0,0.2309853583574295,0,1,0.14711785316467285,1,0,0.18004360795021057
subject_14:sample_0001466,14,1466,0,1,0,1,0,1,0,0.24615652859210968,0,1,0.19455230236053467,1,0,0.2307579070329666,0,1,0.14746256172657013,1,0,0.1810697615146637
subject_14:sample_0001467,14,1467,0,1,0,1,0,1,0,0.24661944806575775,0,1,0.19295570254325867,1,0,0.23022890090942383,0,1,0.14798027276992798,1,0,0.18221475183963776
subject_14:sample_0001468,14,1468,0,1,0,1,0,1,0,0.24810191988945007,0,1,0.19237297773361206,1,0,0.2277498096227646,0,1,0.14815524220466614,1,0,0.18361912667751312
subject_14:sample_0001469,14,1469,0,1,0,1,0,1,0,0.2522275745868683,0,1,0.19363220036029816,1,0,0.2200990617275238,0,1,0.14786450564861298,1,0,0.18617574870586395
subject_14:sample_0001470,14,1470,0,1,0,1,0,1,0,0.25596800446510315,0,1,0.196120947599411,1,0,0.21058888733386993,0,1,0.14829084277153015,1,0,0.18903034925460815
subject_14:sample_0001471,14,1471,0,1,0,1,0,1,0,0.26014092564582825,0,1,0.19964274764060974,0,1,0.19728589057922363,0,1,0.15028537809848785,1,0,0.1926441192626953
subject_14:sample_0001472,14,1472,0,0,1,1,0,1,0,0.2628713846206665,0,1,0.20319563150405884,0,1,0.1875055730342865,0,1,0.15156592428684235,1,0,0.1948605328798294
subject_14:sample_0001473,14,1473,0,0,1,1,0,1,0,0.264665424823761,0,1,0.2058660387992859,0,1,0.18092480301856995,0,1,0.15270550549030304,1,0,0.19583724439144135
subject_14:sample_0001474,14,1474,0,0,1,1,0,1,0,0.26682889461517334,0,1,0.20723210275173187,0,1,0.1763734072446823,0,1,0.1536768525838852,1,0,0.19588778913021088
subject_14:sample_0001475,14,1475,0,0,1,1,0,1,0,0.26788026094436646,0,1,0.2085256576538086,0,1,0.1728391945362091,0,1,0.15505102276802063,1,0,0.1957029104232788
subject_14:sample_0001476,14,1476,0,0,1,1,0,1,0,0.2683182954788208,0,1,0.20936933159828186,0,1,0.17012973129749298,0,1,0.15644650161266327,1,0,0.1957351714372635
subject_14:sample_0001477,14,1477,0,0,1,1,0,1,0,0.2682831883430481,0,1,0.21009452641010284,0,1,0.16842548549175262,0,1,0.15795254707336426,1,0,0.1952432543039322
subject_14:sample_0001478,14,1478,0,0,1,0,1,1,0,0.2675921320915222,0,1,0.21098046004772186,0,1,0.1678570955991745,0,1,0.15963919460773468,1,0,0.19393017888069153
subject_14:sample_0001479,14,1479,0,0,1,0,1,1,0,0.2658289968967438,0,1,0.2121545374393463,0,1,0.1674361675977707,0,1,0.1619824469089508,1,0,0.19259685277938843
subject_14:sample_0001480,14,1480,0,0,1,0,1,1,0,0.26274722814559937,0,1,0.21364887058734894,0,1,0.16784705221652985,0,1,0.16502900421619415,1,0,0.19072693586349487
subject_14:sample_0001481,14,1481,0,0,1,0,1,1,0,0.25640904903411865,0,1,0.21582117676734924,0,1,0.169580340385437,0,1,0.16908639669418335,1,0,0.18910206854343414
subject_14:sample_0001482,14,1482,0,0,1,0,1,1,0,0.24832910299301147,0,1,0.21831783652305603,0,1,0.1721448451280594,0,1,0.17298030853271484,1,0,0.18822693824768066
subject_14:sample_0001483,14,1483,0,0,1,0,1,1,0,0.23900507390499115,0,1,0.22072827816009521,0,1,0.17557600140571594,0,1,0.1767001748085022,0,1,0.1879894882440567
subject_14:sample_0001484,14,1484,0,0,1,0,1,1,0,0.22993502020835876,0,1,0.22308209538459778,0,1,0.178988978266716,0,1,0.180658221244812,0,1,0.18733474612236023
subject_14:sample_0001485,14,1485,0,0,1,0,1,0,1,0.22257684171199799,0,1,0.22482138872146606,0,1,0.1824246346950531,0,1,0.18368203938007355,0,1,0.1864941567182541
subject_14:sample_0001486,14,1486,0,0,1,0,1,0,1,0.21875935792922974,0,1,0.2252577394247055,0,1,0.18486598134040833,0,1,0.18546894192695618,0,1,0.18564704060554504
subject_14:sample_0001487,14,1487,0,0,1,0,1,0,1,0.21787792444229126,0,1,0.22491805255413055,0,1,0.18597659468650818,0,1,0.18624424934387207,0,1,0.1849822849035263
subject_14:sample_0001488,14,1488,0,0,1,0,1,0,1,0.21772396564483643,0,1,0.2246003895998001,0,1,0.1868751496076584,0,1,0.18638992309570312,0,1,0.18440963327884674
subject_14:sample_0001489,14,1489,0,0,1,0,1,0,1,0.21744509041309357,0,1,0.22432778775691986,0,1,0.18726478517055511,0,1,0.18654212355613708,0,1,0.18441922962665558
subject_14:sample_0001490,14,1490,0,0,1,0,1,0,1,0.2167695313692093,0,1,0.22420905530452728,0,1,0.18863055109977722,0,1,0.18630018830299377,0,1,0.18408967554569244
subject_14:sample_0001491,14,1491,0,0,1,0,1,0,1,0.2152513861656189,0,1,0.22411856055259705,0,1,0.1902538686990738,0,1,0.18649591505527496,0,1,0.18387937545776367
subject_14:sample_0001492,14,1492,0,0,1,0,1,0,1,0.21340930461883545,0,1,0.2234848439693451,0,1,0.1926794797182083,0,1,0.1872989386320114,0,1,0.1831265538930893
subject_14:sample_0001493,14,1493,0,0,1,0,1,0,1,0.2115323841571808,0,1,0.22309361398220062,0,1,0.19408176839351654,0,1,0.1886586844921112,0,1,0.18263255059719086
subject_14:sample_0001494,14,1494,0,0,1,0,1,0,1,0.210389643907547,0,1,0.222817525267601,0,1,0.19497276842594147,0,1,0.18973033130168915,0,1,0.1820887327194214
subject_14:sample_0001495,14,1495,0,0,1,0,1,0,1,0.20970942080020905,0,1,0.22288361191749573,0,1,0.19555874168872833,0,1,0.19037872552871704,0,1,0.18146847188472748
subject_14:sample_0001496,14,1496,0,0,1,0,1,0,1,0.20952337980270386,0,1,0.22314488887786865,0,1,0.1959221363067627,0,1,0.1910073459148407,0,1,0.18040132522583008
subject_14:sample_0001497,14,1497,0,0,1,0,1,0,1,0.20906463265419006,0,1,0.2236207276582718,0,1,0.19559133052825928,0,1,0.19185177981853485,0,1,0.17987051606178284
subject_14:sample_0001498,14,1498,0,0,1,0,1,0,1,0.2087160348892212,0,1,0.22373123466968536,0,1,0.1951242834329605,0,1,0.1925773024559021,0,1,0.179850235581398
subject_14:sample_0001499,14,1499,0,0,1,0,1,0,1,0.20799535512924194,0,1,0.2238275110721588,0,1,0.19468553364276886,0,1,0.1930219680070877,0,1,0.18046872317790985
subject_14:sample_0001500,14,1500,0,0,1,0,1,0,1,0.20735089480876923,0,1,0.22347669303417206,0,1,0.19442571699619293,0,1,0.19355279207229614,0,1,0.18119294941425323
subject_14:sample_0001501,14,1501,0,0,1,0,1,0,1,0.20687569677829742,0,1,0.22331102192401886,0,1,0.1939983367919922,0,1,0.194002166390419,0,1,0.18181176483631134
subject_14:sample_0001502,14,1502,0,0,1,0,1,0,1,0.20693695545196533,0,1,0.22376064956188202,0,1,0.19363024830818176,0,1,0.19407090544700623,0,1,0.18160031735897064
subject_14:sample_0001503,14,1503,0,0,1,0,1,0,1,0.20695585012435913,0,1,0.22406665980815887,0,1,0.193414106965065,0,1,0.1943170726299286,0,1,0.181245356798172
subject_14:sample_0001504,14,1504,0,0,1,0,1,0,1,0.20672783255577087,0,1,0.22403943538665771,0,1,0.19349868595600128,0,1,0.19450092315673828,0,1,0.18123218417167664
subject_14:sample_0001505,14,1505,0,0,1,0,1,0,1,0.2063782513141632,0,1,0.22450770437717438,0,1,0.1935582160949707,0,1,0.19475480914115906,0,1,0.18080005049705505
subject_14:sample_0001506,14,1506,0,0,1,0,1,0,1,0.20587004721164703,0,1,0.2250685691833496,0,1,0.193143829703331,0,1,0.1949157863855362,0,1,0.18100084364414215
subject_14:sample_0001507,14,1507,0,0,1,0,1,0,1,0.20581898093223572,0,1,0.22459721565246582,0,1,0.19300304353237152,0,1,0.19484443962574005,0,1,0.18173536658287048
subject_14:sample_0001508,14,1508,0,0,1,0,1,0,1,0.2050805538892746,0,1,0.22421711683273315,0,1,0.19256433844566345,0,1,0.19452929496765137,0,1,0.18360769748687744
subject_14:sample_0001509,14,1509,0,0,1,0,1,0,1,0.20452092587947845,0,1,0.2245589941740036,0,1,0.19264113903045654,0,1,0.19305002689361572,0,1,0.1852279007434845
subject_14:sample_0001510,14,1510,0,0,1,0,1,0,1,0.20322485268115997,0,1,0.22536338865756989,0,1,0.19213247299194336,0,1,0.1910947561264038,0,1,0.18818363547325134
subject_14:sample_0001511,14,1511,0,0,1,0,1,0,1,0.20237918198108673,0,1,0.2276737093925476,0,1,0.1920701563358307,0,1,0.18748252093791962,0,1,0.19039346277713776
subject_14:sample_0001512,14,1512,0,0,1,0,1,0,1,0.2015320062637329,0,1,0.22938506305217743,0,1,0.19185787439346313,0,1,0.1851484328508377,0,1,0.19207565486431122
subject_14:sample_0001513,14,1513,0,0,1,0,1,0,1,0.2002362757921219,0,1,0.2303977608680725,0,1,0.1914265751838684,1,0,0.18426905572414398,0,1,0.1936693638563156
subject_14:sample_0001514,14,1514,0,0,1,0,1,0,1,0.1987793892621994,0,1,0.23050189018249512,0,1,0.19078828394412994,1,0,0.18413370847702026,0,1,0.19579581916332245
subject_14:sample_0001515,14,1515,0,0,1,0,1,0,1,0.19744448363780975,0,1,0.2303752601146698,0,1,0.18991006910800934,1,0,0.1846296787261963,0,1,0.19763952493667603
subject_14:sample_0001516,14,1516,0,0,1,0,1,0,1,0.19683532416820526,0,1,0.22985167801380157,0,1,0.18958859145641327,1,0,0.1850609928369522,0,1,0.19866244494915009
subject_14:sample_0001517,14,1517,0,0,1,0,1,0,1,0.19702091813087463,0,1,0.22794605791568756,0,1,0.18933840095996857,1,0,0.18631865084171295,0,1,0.1993750035762787
subject_14:sample_0001518,14,1518,0,0,1,0,1,0,1,0.1975652575492859,0,1,0.22556598484516144,0,1,0.18919965624809265,1,0,0.18800318241119385,0,1,0.19966495037078857
subject_14:sample_0001519,14,1519,0,0,1,0,1,0,1,0.19828014075756073,0,1,0.22339271008968353,0,1,0.18907083570957184,1,0,0.18979611992835999,0,1,0.1994592547416687
subject_14:sample_0001520,14,1520,0,0,1,0,1,0,1,0.1987541913986206,0,1,0.22223816812038422,0,1,0.18912765383720398,1,0,0.19104993343353271,0,1,0.19882909953594208
subject_14:sample_0001521,14,1521,0,0,1,0,1,0,1,0.19949539005756378,0,1,0.2212589979171753,0,1,0.1891949623823166,1,0,0.1921473890542984,0,1,0.19790230691432953
subject_14:sample_0001522,14,1522,0,0,1,0,1,0,1,0.1997656226158142,0,1,0.2199106514453888,0,1,0.18964412808418274,1,0,0.19309985637664795,0,1,0.19757874310016632
subject_14:sample_0001523,14,1523,0,0,1,0,1,0,1,0.20023511350154877,0,1,0.2177155613899231,0,1,0.1907227635383606,1,0,0.19380882382392883,0,1,0.19751670956611633
subject_14:sample_0001524,14,1524,0,0,1,0,1,0,1,0.20072951912879944,0,1,0.21551570296287537,0,1,0.19144032895565033,1,0,0.19459651410579681,0,1,0.19771699607372284
subject_14:sample_0001525,14,1525,0,0,1,0,1,0,1,0.20152752101421356,0,1,0.212784543633461,0,1,0.1926545798778534,1,0,0.19518819451332092,0,1,0.19784419238567352
subject_14:sample_0001526,14,1526,0,0,1,0,1,0,1,0.20268511772155762,0,1,0.21074144542217255,0,1,0.19380289316177368,1,0,0.19488893449306488,0,1,0.19788070023059845
subject_14:sample_0001527,14,1527,0,0,1,0,1,0,1,0.20355066657066345,0,1,0.20955343544483185,0,1,0.19452480971813202,1,0,0.19452141225337982,0,1,0.19784879684448242
subject_14:sample_0001528,14,1528,0,0,1,0,1,0,1,0.20405064523220062,0,1,0.20880870521068573,0,1,0.19489866495132446,1,0,0.19430552423000336,0,1,0.19793543219566345
subject_14:sample_0001529,14,1529,1,1,1,1,1,1,1,0.2372903972864151,1,1,0.24946776032447815,1,1,0.18346147239208221,0,0,0.13009458780288696,1,1,0.19968479871749878
subject_14:sample_0001530,14,1530,1,1,1,1,1,1,1,0.2374664843082428,1,1,0.2499886155128479,1,1,0.1828821450471878,0,0,0.12994328141212463,1,1,0.19971849024295807
subject_14:sample_0001531,14,1531,1,1,1,1,1,1,1,0.2376154512166977,1,1,0.2504791021347046,1,1,0.18266063928604126,0,0,0.1295204907655716,1,1,0.19972336292266846
subject_14:sample_0001532,14,1532,1,1,1,1,1,1,1,0.23770155012607574,1,1,0.2508077323436737,1,1,0.18216630816459656,0,0,0.12992995977401733,1,1,0.19939349591732025
subject_14:sample_0001533,14,1533,1,1,1,1,1,1,1,0.2377527952194214,1,1,0.25110334157943726,1,1,0.18203173577785492,0,0,0.13007985055446625,1,1,0.19903136789798737
subject_14:sample_0001534,14,1534,1,1,1,1,1,1,1,0.23766133189201355,1,1,0.25145187973976135,1,1,0.18169189989566803,0,0,0.13040009140968323,1,1,0.19879379868507385
subject_14:sample_0001535,14,1535,1,1,1,1,1,1,1,0.2375280112028122,1,1,0.2515491545200348,1,1,0.18213239312171936,0,0,0.1301804929971695,1,1,0.19860896468162537
subject_14:sample_0001536,14,1536,1,1,1,1,1,1,1,0.22263595461845398,1,1,0.23112933337688446,1,1,0.193624347448349,0,0,0.17726446688175201,1,1,0.17534492909908295
subject_14:sample_0001537,14,1537,1,1,1,1,1,1,1,0.22302597761154175,1,1,0.2325560450553894,0,0,0.1936120092868805,0,0,0.1753607541322708,1,1,0.17544426023960114
subject_14:sample_0001538,14,1538,1,1,1,1,1,1,1,0.22366873919963837,1,1,0.2350013554096222,0,0,0.19287635385990143,0,0,0.17259976267814636,1,1,0.17585285007953644
subject_14:sample_0001539,14,1539,1,1,1,1,1,1,1,0.22371000051498413,1,1,0.23565609753131866,0,0,0.19319742918014526,0,0,0.17169953882694244,1,1,0.17573601007461548
subject_14:sample_0001540,14,1540,1,1,1,1,1,1,1,0.22360579669475555,1,1,0.236101895570755,0,0,0.19401894509792328,0,0,0.17079462110996246,1,1,0.1754777878522873
subject_14:sample_0001541,14,1541,1,1,1,1,1,1,1,0.22382554411888123,1,1,0.23606353998184204,0,0,0.19489707052707672,0,0,0.16983671486377716,1,1,0.17537617683410645
subject_14:sample_0001542,14,1542,1,1,1,1,1,1,1,0.22444061934947968,1,1,0.23582425713539124,0,0,0.19492991268634796,0,0,0.16942724585533142,1,1,0.17537696659564972
subject_14:sample_0001543,14,1543,1,1,1,1,1,1,1,0.22471530735492706,1,1,0.23520924150943756,0,0,0.1952180117368698,0,0,0.16892953217029572,1,1,0.17592701315879822
subject_14:sample_0001544,14,1544,1,1,1,1,1,1,1,0.2243824303150177,1,1,0.23470592498779297,1,1,0.19532740116119385,0,0,0.1691267043352127,1,1,0.1764565259218216
subject_14:sample_0001545,14,1545,1,1,1,1,1,1,1,0.22408035397529602,1,1,0.23400098085403442,1,1,0.1950453370809555,0,0,0.16918165981769562,1,1,0.1776907742023468
subject_14:sample_0001546,14,1546,1,1,1,1,1,1,1,0.22308392822742462,1,1,0.23263651132583618,1,1,0.1947246491909027,0,0,0.1708093285560608,1,1,0.17874464392662048
subject_14:sample_0001547,14,1547,1,1,1,1,1,1,1,0.22227822244167328,1,1,0.23088456690311432,1,1,0.19498929381370544,0,0,0.17160770297050476,1,1,0.1802392452955246
subject_14:sample_0001548,14,1548,1,1,1,1,1,1,1,0.222368985414505,1,1,0.22903059422969818,1,1,0.19511309266090393,0,0,0.17124594748020172,1,1,0.18224041163921356
subject_14:sample_0001549,14,1549,1,1,1,1,1,1,1,0.22332820296287537,1,1,0.22697371244430542,1,1,0.1954723596572876,0,0,0.16945777833461761,1,1,0.18476702272891998
subject_14:sample_0001550,14,1550,1,1,1,1,1,1,1,0.2239573895931244,1,1,0.2248736172914505,1,1,0.19703440368175507,0,0,0.16716915369033813,1,1,0.1869644969701767
subject_14:sample_0001551,14,1551,1,1,1,1,1,1,1,0.22494268417358398,1,1,0.2230546772480011,1,1,0.19877329468727112,1,1,0.1639283001422882,1,1,0.1893000453710556
subject_14:sample_0001552,14,1552,1,1,1,1,1,1,1,0.22595274448394775,1,1,0.22151023149490356,1,1,0.20077474415302277,1,1,0.16095969080924988,1,1,0.19080165028572083
subject_14:sample_0001553,14,1553,1,1,1,1,1,1,1,0.22734519839286804,1,1,0.22097210586071014,1,1,0.20311105251312256,0,0,0.15696214139461517,1,1,0.19160854816436768
subject_14:sample_0001554,14,1554,1,1,1,1,1,1,1,0.2281610667705536,1,1,0.22053006291389465,1,1,0.20624977350234985,0,0,0.15378856658935547,1,1,0.19126959145069122
subject_14:sample_0001555,14,1555,1,1,1,1,1,1,1,0.22923016548156738,1,1,0.2203206866979599,1,1,0.20867684483528137,0,0,0.15140296518802643,1,1,0.19036835432052612
subject_14:sample_0001556,14,1556,1,1,1,1,1,1,1,0.23050208389759064,1,1,0.2205125242471695,1,1,0.21095359325408936,0,0,0.1485178917646408,1,1,0.1895129382610321
subject_14:sample_0001557,14,1557,1,1,1,1,1,1,1,0.23144030570983887,1,1,0.22064900398254395,1,1,0.2127426713705063,0,0,0.1466188281774521,1,1,0.18854829668998718
subject_14:sample_0001558,14,1558,1,1,1,1,1,1,1,0.23246440291404724,1,1,0.22099493443965912,1,1,0.21399399638175964,0,0,0.14468826353549957,1,1,0.18785743415355682
subject_14:sample_0001559,14,1559,1,1,1,1,1,1,1,0.2333381474018097,1,1,0.22144818305969238,1,1,0.21437688171863556,0,0,0.14342696964740753,1,1,0.1874089241027832
subject_14:sample_0001560,14,1560,1,1,1,1,1,1,1,0.23372295498847961,1,1,0.22160547971725464,1,1,0.213553786277771,0,0,0.14363138377666473,1,1,0.1874854415655136
subject_14:sample_0001561,14,1561,1,1,1,1,1,1,1,0.23428139090538025,1,1,0.22195491194725037,1,1,0.21291178464889526,0,0,0.1437770426273346,1,1,0.18707387149333954
subject_14:sample_0001562,14,1562,1,1,1,1,1,1,1,0.23421509563922882,1,1,0.22177532315254211,1,1,0.21297693252563477,0,0,0.14417120814323425,1,1,0.18686048686504364
subject_14:sample_0001563,14,1563,1,1,1,1,1,1,1,0.23412048816680908,1,1,0.2212482988834381,1,1,0.21179570257663727,0,0,0.14604094624519348,1,1,0.18679364025592804
subject_14:sample_0001564,14,1564,1,1,1,1,1,1,1,0.23416176438331604,1,1,0.22095587849617004,1,1,0.21038666367530823,0,0,0.14818395674228668,1,1,0.18631082773208618
subject_14:sample_0001565,14,1565,1,1,1,1,1,1,1,0.23424287140369415,1,1,0.2205236256122589,1,1,0.20946277678012848,1,1,0.150455042719841,1,1,0.18531465530395508
subject_14:sample_0001566,14,1566,1,1,1,1,1,1,1,0.23458974063396454,1,1,0.22031135857105255,1,1,0.20888714492321014,1,1,0.15234270691871643,1,1,0.18386805057525635
subject_14:sample_0001567,14,1567,1,1,1,1,1,1,1,0.234897643327713,1,1,0.22014738619327545,1,1,0.20896536111831665,1,1,0.15437063574790955,1,1,0.18161800503730774
subject_14:sample_0001568,14,1568,1,1,1,1,1,1,1,0.23493720591068268,1,1,0.21989722549915314,1,1,0.2090979814529419,1,1,0.15633520483970642,1,1,0.17973147332668304
subject_14:sample_0001569,14,1569,1,1,1,1,1,1,1,0.23458801209926605,1,1,0.21941964328289032,1,1,0.20969043672084808,1,1,0.15797442197799683,1,1,0.17832651734352112
subject_14:sample_0001570,14,1570,1,1,1,1,1,1,1,0.23417603969573975,1,1,0.21880869567394257,1,1,0.20910078287124634,1,1,0.16111966967582703,1,1,0.17679384350776672
subject_14:sample_0001571,14,1571,1,1,1,1,1,1,1,0.2337159961462021,1,1,0.21814265847206116,1,1,0.2090155929327011,1,1,0.16335169970989227,1,1,0.17577312886714935
subject_14:sample_0001572,14,1572,1,1,1,1,1,1,1,0.2326233834028244,1,1,0.21707996726036072,1,1,0.2091185301542282,1,1,0.16672495007514954,1,1,0.17445218563079834
subject_14:sample_0001573,14,1573,1,1,1,1,1,1,1,0.23127371072769165,1,1,0.21601250767707825,1,1,0.2094605714082718,1,1,0.16969960927963257,1,1,0.17355258762836456
subject_14:sample_0001574,14,1574,1,1,1,1,1,1,1,0.2299964725971222,1,1,0.21497465670108795,1,1,0.2097627818584442,1,1,0.17250487208366394,1,1,0.1727602630853653
subject_14:sample_0001575,14,1575,1,1,1,1,1,1,1,0.22796501219272614,1,1,0.21330013871192932,1,1,0.2097330540418625,1,1,0.1753395050764084,1,1,0.17366136610507965
subject_14:sample_0001576,14,1576,1,1,1,1,1,1,1,0.22653032839298248,1,1,0.21203340590000153,1,1,0.2096432000398636,1,1,0.17686867713928223,1,1,0.17492343485355377
subject_14:sample_0001577,14,1577,1,1,1,1,1,1,1,0.22503070533275604,1,1,0.21078160405158997,1,1,0.20945289731025696,1,1,0.1782943308353424,1,1,0.17643949389457703
subject_14:sample_0001578,14,1578,1,1,1,1,1,1,1,0.22382092475891113,1,1,0.2099735587835312,1,1,0.20978648960590363,1,1,0.17902499437332153,1,1,0.1773930788040161
subject_14:sample_0001579,14,1579,1,1,1,1,1,1,1,0.2225707322359085,1,1,0.2091333121061325,1,1,0.21002592146396637,1,1,0.18016573786735535,1,1,0.17810334265232086
subject_14:sample_0001580,14,1580,1,1,1,1,1,1,1,0.22113792598247528,1,1,0.20827288925647736,1,1,0.21058665215969086,1,1,0.18142473697662354,1,1,0.17857687175273895
subject_14:sample_0001581,14,1581,1,1,1,1,1,1,1,0.21974748373031616,1,1,0.207680806517601,1,1,0.2111150026321411,1,1,0.18235807120800018,1,1,0.1790977120399475
subject_14:sample_0001582,14,1582,1,1,1,1,1,1,1,0.21864452958106995,1,1,0.20730045437812805,1,1,0.21168547868728638,1,1,0.1827530413866043,1,1,0.17961552739143372
subject_14:sample_0001583,14,1583,1,1,1,1,1,1,1,0.21739700436592102,1,1,0.20691314339637756,1,1,0.21242910623550415,1,1,0.18318629264831543,1,1,0.18007351458072662
subject_14:sample_0001584,14,1584,1,1,1,1,1,1,1,0.21632377803325653,1,1,0.2066885232925415,1,1,0.21335668861865997,1,1,0.1833656281232834,1,1,0.18026435375213623
subject_14:sample_0001585,14,1585,1,1,1,1,1,1,1,0.21556416153907776,1,1,0.20616541802883148,1,1,0.21402186155319214,1,1,0.18379683792591095,1,1,0.18045081198215485
subject_14:sample_0001586,14,1586,1,1,1,1,1,1,1,0.2152443528175354,1,1,0.20580604672431946,1,1,0.21444161236286163,1,1,0.18388719856739044,1,1,0.18061986565589905
subject_14:sample_0001587,14,1587,1,1,1,1,1,1,1,0.2148747444152832,1,1,0.20525111258029938,1,1,0.21482469141483307,1,1,0.18444490432739258,1,1,0.1806035339832306
subject_14:sample_0001588,14,1588,1,1,1,1,1,1,1,0.21443316340446472,1,1,0.20489157736301422,1,1,0.21547847986221313,1,1,0.18472570180892944,1,1,0.18047010898590088
subject_14:sample_0001589,14,1589,1,1,1,1,1,1,1,0.21415290236473083,1,1,0.2044803351163864,1,1,0.21616557240486145,1,1,0.1849403828382492,1,1,0.1802598237991333
subject_14:sample_0001590,14,1590,1,1,1,1,1,1,1,0.21397078037261963,1,1,0.2042318731546402,1,1,0.21683311462402344,1,1,0.18498943746089935,1,1,0.17997382581233978
subject_14:sample_0001591,14,1591,1,1,1,1,1,1,1,0.21375779807567596,1,1,0.20403262972831726,1,1,0.21766625344753265,1,1,0.1848936676979065,1,1,0.17964866757392883
subject_14:sample_0001592,14,1592,1,1,1,1,1,1,1,0.2134738713502884,1,1,0.20403549075126648,1,1,0.21842941641807556,1,1,0.18475624918937683,1,1,0.17930401861667633
subject_14:sample_0001593,14,1593,1,1,1,1,1,1,1,0.21319541335105896,1,1,0.20389391481876373,1,1,0.218940868973732,1,1,0.18496447801589966,1,1,0.17900437116622925
subject_14:sample_0001594,14,1594,1,1,1,1,1,1,1,0.21304409205913544,1,1,0.20380796492099762,1,1,0.21916928887367249,1,1,0.18510384857654572,1,1,0.17887383699417114
subject_14:sample_0001595,14,1595,1,1,1,1,1,1,1,0.21295857429504395,1,1,0.20373861491680145,1,1,0.2195126861333847,1,1,0.1850782036781311,1,1,0.17871101200580597
subject_14:sample_0001596,14,1596,1,1,1,1,1,1,1,0.21272096037864685,1,1,0.2039153128862381,1,1,0.21980345249176025,1,1,0.18506811559200287,1,1,0.17849120497703552
subject_14:sample_0001597,14,1597,1,1,1,1,1,1,1,0.21275784075260162,1,1,0.2036954164505005,1,1,0.21989406645298004,1,1,0.1852124035358429,1,1,0.17843925952911377
subject_14:sample_0001598,14,1598,1,1,1,1,1,1,1,0.21302536129951477,1,1,0.20329344272613525,1,1,0.219575896859169,1,1,0.18539921939373016,1,1,0.1787051111459732
subject_14:sample_0001599,14,1599,1,1,1,1,1,1,1,0.21301987767219543,1,1,0.20312421023845673,1,1,0.2196253538131714,1,1,0.18549981713294983,1,1,0.17872975766658783
subject_14:sample_0001600,14,1600,1,1,1,1,1,1,1,0.21313726902008057,1,1,0.20282115042209625,1,1,0.21941021084785461,1,1,0.18578439950942993,1,1,0.17884601652622223
subject_14:sample_0001601,14,1601,1,1,1,1,1,1,1,0.21326494216918945,1,1,0.2026190161705017,1,1,0.21888400614261627,1,1,0.1861906498670578,1,1,0.17904041707515717
subject_14:sample_0001602,14,1602,1,1,1,1,1,1,1,0.21341316401958466,1,1,0.20251260697841644,1,1,0.218244269490242,1,1,0.18659961223602295,1,1,0.17922943830490112
subject_14:sample_0001603,14,1603,1,1,1,1,1,1,1,0.2134912759065628,1,1,0.20242518186569214,1,1,0.21795643866062164,1,1,0.18689358234405518,1,1,0.17923256754875183
subject_14:sample_0001604,14,1604,1,1,1,1,1,1,1,0.21351638436317444,1,1,0.20220236480236053,1,1,0.21786479651927948,1,1,0.18721726536750793,1,1,0.1791982352733612
subject_14:sample_0001605,14,1605,1,1,1,1,1,1,1,0.21357889473438263,1,1,0.2020299881696701,1,1,0.2176063358783722,1,1,0.18763786554336548,1,1,0.179145947098732
subject_14:sample_0001606,14,1606,1,1,1,1,1,1,1,0.21370305120944977,1,1,0.20189087092876434,1,1,0.21740563213825226,1,1,0.18806087970733643,1,1,0.1789385825395584
subject_14:sample_0001607,14,1607,1,1,1,1,1,1,1,0.2139166295528412,1,1,0.20213812589645386,1,1,0.21632391214370728,1,1,0.18862487375736237,1,1,0.17899547517299652
subject_14:sample_0001608,14,1608,1,1,1,1,1,1,1,0.21399393677711487,1,1,0.2023358792066574,1,1,0.21550339460372925,1,1,0.18912842869758606,1,1,0.17903734743595123
subject_14:sample_0001609,14,1609,1,1,1,1,1,1,1,0.21410946547985077,1,1,0.20230582356452942,1,1,0.21487019956111908,1,1,0.1895827353000641,1,1,0.17913082242012024
subject_14:sample_0001610,14,1610,1,1,1,1,1,1,1,0.2143995463848114,1,1,0.2023075670003891,1,1,0.2138761579990387,1,1,0.19004011154174805,1,1,0.17937567830085754
subject_14:sample_0001611,14,1611,1,1,1,1,1,1,1,0.2146366387605667,1,1,0.20237645506858826,1,1,0.21297168731689453,1,1,0.1904190331697464,1,1,0.17959526181221008
subject_14:sample_0001612,14,1612,1,1,1,1,1,1,1,0.21480846405029297,1,1,0.20237846672534943,1,1,0.2123183310031891,1,1,0.1907595694065094,1,1,0.17973418533802032
subject_14:sample_0001613,14,1613,1,1,1,1,1,1,1,0.21503765881061554,1,1,0.20227490365505219,1,1,0.21162979304790497,1,1,0.19110634922981262,1,1,0.1799503117799759
subject_14:sample_0001614,14,1614,1,1,1,1,1,1,1,0.21528103947639465,1,1,0.20211896300315857,1,1,0.21116609871387482,1,1,0.19129829108715057,1,1,0.18013466894626617
subject_14:sample_0001615,14,1615,1,1,1,1,1,1,1,0.21554182469844818,1,1,0.2019689679145813,1,1,0.21093709766864777,1,1,0.19123555719852448,1,1,0.18031556904315948
subject_14:sample_0001616,14,1616,1,1,1,1,1,1,1,0.21576908230781555,1,1,0.20187801122665405,1,1,0.2108743041753769,1,1,0.19108013808727264,1,1,0.18039757013320923
subject_14:sample_0001617,14,1617,1,1,1,1,1,1,1,0.21594150364398956,1,1,0.20199312269687653,1,1,0.210942804813385,1,1,0.19066031277179718,1,1,0.18046127259731293
subject_14:sample_0001618,14,1618,1,1,1,1,1,1,1,0.21622410416603088,1,1,0.202248677611351,1,1,0.21109484136104584,1,1,0.19000375270843506,1,1,0.1804276555776596
subject_14:sample_0001619,14,1619,1,1,1,1,1,1,1,0.21650590002536774,1,1,0.2024780660867691,1,1,0.2111586332321167,1,1,0.18949103355407715,1,1,0.18036535382270813
subject_14:sample_0001620,14,1620,1,1,1,1,1,1,1,0.21659733355045319,1,1,0.20295298099517822,1,1,0.21123239398002625,1,1,0.18884913623332977,1,1,0.18036718666553497
subject_14:sample_0001621,14,1621,1,1,1,1,1,1,1,0.21674446761608124,1,1,0.20321990549564362,1,1,0.21124590933322906,1,1,0.18844416737556458,1,1,0.18034455180168152
subject_14:sample_0001622,14,1622,1,1,1,1,1,1,1,0.21687549352645874,1,1,0.20364916324615479,1,1,0.21127931773662567,1,1,0.1879049390554428,1,1,0.18029014766216278
subject_14:sample_0001623,14,1623,1,1,1,1,1,1,1,0.2170659750699997,1,1,0.20369082689285278,1,1,0.21150951087474823,1,1,0.18751369416713715,1,1,0.18021894991397858
subject_14:sample_0001624,14,1624,1,1,1,1,1,1,1,0.21726679801940918,1,1,0.2032804936170578,1,1,0.21206851303577423,1,1,0.18723881244659424,1,1,0.18014441430568695
subject_14:sample_0001625,14,1625,1,1,1,1,1,1,1,0.21774613857269287,1,1,0.20268119871616364,1,1,0.21246451139450073,1,1,0.18711575865745544,1,1,0.17999137938022614
subject_14:sample_0001626,14,1626,1,1,1,1,1,1,1,0.21806351840496063,1,1,0.20211665332317352,1,1,0.21281203627586365,1,1,0.18710704147815704,1,1,0.17989981174468994
subject_14:sample_0001627,14,1627,1,1,1,1,1,1,1,0.21828827261924744,1,1,0.20162540674209595,1,1,0.21318037807941437,1,1,0.18713106215000153,1,1,0.1797739416360855
subject_14:sample_0001628,14,1628,1,1,1,1,1,1,1,0.2185399979352951,1,1,0.20114697515964508,1,1,0.2135462909936905,1,1,0.18714189529418945,1,1,0.1796238273382187
subject_14:sample_0001629,14,1629,1,1,1,1,1,1,1,0.21883106231689453,1,1,0.20063917338848114,1,1,0.2139410525560379,1,1,0.18718253076076508,1,1,0.17940513789653778
subject_14:sample_0001630,14,1630,1,1,1,1,1,1,1,0.21899639070034027,1,1,0.20027834177017212,1,1,0.21427111327648163,1,1,0.1872652918100357,1,1,0.17918790876865387
subject_14:sample_0001631,14,1631,1,1,1,1,1,1,1,0.2192450612783432,1,1,0.1996350735425949,1,1,0.2146603912115097,1,1,0.18744277954101562,1,1,0.17901577055454254
subject_14:sample_0001632,14,1632,1,1,1,1,1,1,1,0.21960002183914185,1,1,0.198944553732872,1,1,0.2153860628604889,1,1,0.1875273883342743,1,1,0.17854106426239014
subject_14:sample_0001633,14,1633,1,1,1,1,1,1,1,0.2199225127696991,1,1,0.19840523600578308,1,1,0.21633771061897278,1,1,0.18749773502349854,1,1,0.1778358519077301
subject_14:sample_0001634,14,1634,1,1,1,1,1,1,1,0.22034034132957458,1,1,0.1979988068342209,1,1,0.21729472279548645,1,1,0.1874440759420395,1,1,0.17692109942436218
subject_14:sample_0001635,14,1635,1,1,1,1,1,1,1,0.22073164582252502,1,1,0.19778332114219666,1,1,0.218634694814682,1,1,0.18726052343845367,1,1,0.17558881640434265
subject_14:sample_0001636,14,1636,1,1,1,1,1,1,1,0.22121338546276093,1,1,0.1977817267179489,1,1,0.2197166532278061,1,1,0.1868695169687271,1,1,0.17441776394844055
subject_14:sample_0001637,14,1637,1,1,1,1,1,1,1,0.22163905203342438,1,1,0.19773946702480316,1,1,0.22033704817295074,1,1,0.18653744459152222,1,1,0.1737459897994995
subject_14:sample_0001638,14,1638,1,1,1,1,1,1,1,0.22198206186294556,1,1,0.19768370687961578,1,1,0.2208501398563385,1,1,0.18610911071300507,1,1,0.1733740270137787
subject_14:sample_0001639,14,1639,1,1,1,1,1,1,1,0.22235426306724548,1,1,0.1976964771747589,1,1,0.22115486860275269,1,1,0.1855221688747406,1,1,0.17327125370502472
subject_14:sample_0001640,14,1640,1,1,1,1,1,1,1,0.2227640599012375,1,1,0.19767160713672638,1,1,0.2213127762079239,1,1,0.18510748445987701,1,1,0.1731431484222412
subject_14:sample_0001641,14,1641,1,1,1,1,1,1,1,0.22305363416671753,1,1,0.19773747026920319,1,1,0.22106491029262543,1,1,0.1847236156463623,1,1,0.17341938614845276
subject_14:sample_0001642,14,1642,1,1,1,1,1,1,1,0.22322078049182892,1,1,0.197953999042511,1,1,0.22089435160160065,1,1,0.18429166078567505,1,1,0.1736382395029068
subject_14:sample_0001643,14,1643,1,1,1,1,1,1,1,0.223408043384552,1,1,0.19802013039588928,1,1,0.22059760987758636,1,1,0.18358512222766876,1,1,0.174388125538826
subject_14:sample_0001644,14,1644,1,1,1,1,1,1,1,0.2235930860042572,1,1,0.19792132079601288,1,1,0.2202097624540329,1,1,0.18282000720500946,1,1,0.17545486986637115
subject_14:sample_0001645,14,1645,1,1,1,1,1,1,1,0.22389444708824158,1,1,0.1977401077747345,1,1,0.22020578384399414,1,1,0.18187466263771057,1,1,0.17628400027751923
subject_14:sample_0001646,14,1646,1,1,1,1,1,1,1,0.22416289150714874,1,1,0.19768962264060974,1,1,0.2201778143644333,1,1,0.18093495070934296,1,1,0.17703381180763245
subject_14:sample_0001647,14,1647,1,1,1,1,1,1,1,0.22446036338806152,1,1,0.1977190375328064,1,1,0.22024768590927124,1,1,0.1801673322916031,1,1,0.17740458250045776
subject_14:sample_0001648,14,1648,1,1,1,1,1,1,1,0.2246456742286682,1,1,0.1979767382144928,1,1,0.22004520893096924,1,1,0.1794191300868988,1,1,0.17791230976581573
subject_14:sample_0001649,14,1649,1,1,1,1,1,1,1,0.2247292697429657,1,1,0.19862477481365204,1,1,0.21983666718006134,1,1,0.1784743070602417,1,1,0.1783340722322464
subject_14:sample_0001650,14,1650,1,1,1,1,1,1,1,0.22472842037677765,1,1,0.199374720454216,1,1,0.21949483454227448,1,1,0.17774541676044464,1,1,0.17865565419197083
subject_14:sample_0001651,14,1651,1,1,1,1,1,1,1,0.22484856843948364,1,1,0.20014460384845734,1,1,0.21946026384830475,1,1,0.1767260581254959,1,1,0.17881950736045837
subject_14:sample_0001652,14,1652,1,1,1,1,1,1,1,0.224905863404274,1,1,0.20087359845638275,1,1,0.2194889336824417,1,1,0.17595674097537994,1,1,0.17877398431301117
subject_14:sample_0001653,14,1653,1,1,1,1,1,1,1,0.2248888462781906,1,1,0.2018008828163147,1,1,0.2196199744939804,1,1,0.1751347780227661,1,1,0.17855460941791534
subject_14:sample_0001654,14,1654,1,1,1,1,1,1,1,0.22501403093338013,1,1,0.20257654786109924,1,1,0.21966789662837982,1,1,0.17393797636032104,1,1,0.17880265414714813
subject_14:sample_0001655,14,1655,1,1,1,1,1,1,1,0.22518694400787354,1,1,0.20303358137607574,1,1,0.21979118883609772,1,1,0.17287695407867432,1,1,0.17911042273044586
subject_14:sample_0001656,14,1656,1,1,1,1,1,1,1,0.22544454038143158,1,1,0.20333440601825714,1,1,0.2201053649187088,1,1,0.1718297302722931,1,1,0.17928500473499298
subject_14:sample_0001657,14,1657,1,1,1,1,1,1,1,0.22571827471256256,1,1,0.20367932319641113,1,1,0.22055783867835999,1,1,0.1707221418619156,1,1,0.17932145297527313
subject_14:sample_0001658,14,1658,1,1,1,1,1,1,1,0.22587987780570984,1,1,0.20491226017475128,1,1,0.22078365087509155,1,1,0.169454887509346,1,1,0.17896835505962372
subject_14:sample_0001659,14,1659,1,1,1,1,1,1,1,0.2254854291677475,1,1,0.20847608149051666,1,1,0.22067877650260925,1,1,0.16743646562099457,1,1,0.177922323346138
subject_14:sample_0001660,14,1660,1,1,1,1,1,1,1,0.22380578517913818,1,1,0.2171986848115921,1,1,0.219309464097023,1,1,0.16386562585830688,1,1,0.1758195459842682
subject_14:sample_0001661,14,1661,1,1,1,1,1,1,1,0.22087495028972626,1,1,0.23132812976837158,1,1,0.21638183295726776,1,1,0.15905337035655975,1,1,0.17236079275608063
subject_14:sample_0001662,14,1662,1,1,1,1,1,1,1,0.21919086575508118,2,0,0.24127794802188873,1,1,0.2143159657716751,1,1,0.15547208487987518,1,1,0.16974219679832458
subject_14:sample_0001663,14,1663,1,1,1,1,1,1,1,0.2193731665611267,2,0,0.24602799117565155,1,1,0.21371208131313324,1,1,0.1528533697128296,1,1,0.16803239285945892
subject_14:sample_0001664,14,1664,1,1,1,1,1,1,1,0.2209598571062088,2,0,0.24564595520496368,1,1,0.21408504247665405,1,1,0.1520877629518509,1,1,0.16722045838832855
subject_14:sample_0001665,14,1665,1,1,1,1,1,1,1,0.22328823804855347,2,0,0.24270203709602356,1,1,0.21496333181858063,1,1,0.1521822065114975,1,1,0.16686323285102844
subject_14:sample_0001666,14,1666,1,1,1,1,1,1,1,0.22559618949890137,2,0,0.23870587348937988,1,1,0.21583570539951324,1,1,0.153240367770195,1,1,0.16662085056304932
subject_14:sample_0001667,14,1667,1,1,1,1,1,1,1,0.22724996507167816,0,0,0.23575459420681,1,1,0.21632345020771027,1,1,0.15434211492538452,1,1,0.16632889211177826
subject_14:sample_0001668,14,1668,1,1,1,1,1,1,1,0.228224977850914,0,0,0.23397508263587952,1,1,0.21648482978343964,1,1,0.1551363170146942,1,1,0.16617782413959503
subject_14:sample_0001669,14,1669,1,1,1,1,1,1,1,0.22909843921661377,0,0,0.23296460509300232,1,1,0.2165808081626892,1,1,0.15539413690567017,1,1,0.16596101224422455
subject_14:sample_0001670,14,1670,1,1,1,1,1,1,1,0.22999142110347748,0,0,0.23225276172161102,1,1,0.21674540638923645,1,1,0.15530171990394592,1,1,0.1657077819108963
subject_14:sample_0001671,14,1671,1,1,1,1,1,1,1,0.2309693694114685,0,0,0.23162654042243958,1,1,0.21686097979545593,1,1,0.15513506531715393,1,1,0.16540703177452087
subject_14:sample_0001672,14,1672,1,1,1,1,1,1,1,0.23133736848831177,0,0,0.23134629428386688,1,1,0.21693181991577148,1,1,0.15506385266780853,1,1,0.16531963646411896
subject_14:sample_0001673,14,1673,1,1,1,1,1,1,1,0.23136258125305176,0,0,0.23194082081317902,1,1,0.21675021946430206,1,1,0.1549149453639984,1,1,0.16503049433231354
subject_14:sample_0001674,14,1674,1,1,1,1,1,1,1,0.230526864528656,0,0,0.232523575425148,1,1,0.21656367182731628,1,1,0.15512557327747345,1,1,0.16525928676128387
subject_14:sample_0001675,14,1675,1,1,1,1,1,1,1,0.22913427650928497,0,0,0.23378564417362213,1,1,0.21609055995941162,1,1,0.1554856151342392,1,1,0.16550293564796448
subject_14:sample_0001676,14,1676,1,1,1,1,1,1,1,0.22799253463745117,0,0,0.23471784591674805,1,1,0.2155301421880722,1,1,0.1561030149459839,1,1,0.1656554788351059
subject_14:sample_0001677,14,1677,1,1,1,1,1,1,1,0.22760453820228577,0,0,0.2347303032875061,1,1,0.21530267596244812,1,1,0.15659159421920776,1,1,0.16576990485191345
subject_14:sample_0001678,14,1678,1,1,1,1,1,1,1,0.22770513594150543,0,0,0.23430266976356506,1,1,0.21518574655056,1,1,0.1569606065750122,1,1,0.1658448427915573
subject_14:sample_0001679,14,1679,1,1,1,1,1,1,1,0.2275717556476593,0,0,0.23416383564472198,1,1,0.2150682657957077,1,1,0.1573173999786377,1,1,0.1658777892589569
subject_14:sample_0001680,14,1680,1,1,1,1,1,1,1,0.22729381918907166,0,0,0.23474930226802826,1,1,0.21482716500759125,1,1,0.1574123501777649,1,1,0.16571636497974396
subject_14:sample_0001681,14,1681,1,1,1,1,1,1,1,0.2267611026763916,0,0,0.23508426547050476,1,1,0.21458739042282104,1,1,0.15788310766220093,1,1,0.16568318009376526
subject_14:sample_0001682,14,1682,1,1,1,1,1,1,1,0.22628195583820343,0,0,0.2354385256767273,1,1,0.21430903673171997,1,1,0.15838569402694702,1,1,0.16558383405208588
subject_14:sample_0001683,14,1683,1,1,1,1,1,1,1,0.22540554404258728,0,0,0.23578961193561554,1,1,0.21402449905872345,1,1,0.158910870552063,1,1,0.16586852073669434
subject_14:sample_0001684,14,1684,1,1,1,1,1,1,1,0.22420509159564972,0,0,0.23645994067192078,1,1,0.2134736180305481,1,1,0.15969042479991913,1,1,0.1661699116230011
subject_14:sample_0001685,14,1685,1,1,1,1,1,1,1,0.22266191244125366,0,0,0.23620304465293884,1,1,0.21321463584899902,1,1,0.1608276665210724,1,1,0.16709181666374207
subject_14:sample_0001686,14,1686,1,1,1,1,1,1,1,0.2211538404226303,0,0,0.2365027666091919,1,1,0.21278290450572968,1,1,0.16188839077949524,1,1,0.1676710844039917
subject_14:sample_0001687,14,1687,1,1,1,1,1,1,1,0.21972788870334625,0,0,0.23695236444473267,1,1,0.21228070557117462,1,1,0.16305269300937653,1,1,0.16798537969589233
subject_14:sample_0001688,14,1688,1,1,1,1,1,1,1,0.21813449263572693,0,0,0.2378453016281128,1,1,0.21152596175670624,1,1,0.1642780900001526,1,1,0.16821515560150146
subject_14:sample_0001689,14,1689,1,1,1,1,1,1,1,0.21669290959835052,0,0,0.23901356756687164,1,1,0.21068355441093445,1,1,0.16542404890060425,1,1,0.16818499565124512
subject_14:sample_0001690,14,1690,1,1,1,1,1,1,1,0.21524694561958313,0,0,0.24009869992733002,1,1,0.20974767208099365,1,1,0.16675980389118195,1,1,0.16814590990543365
subject_14:sample_0001691,14,1691,1,1,1,1,1,1,1,0.21324284374713898,0,0,0.242140531539917,1,1,0.20844222605228424,1,1,0.1682887077331543,1,1,0.1678846776485443
subject_14:sample_0001692,14,1692,1,1,1,1,1,1,1,0.21168029308319092,0,0,0.24336785078048706,1,1,0.20754943788051605,1,1,0.16948579251766205,1,1,0.1679157018661499
subject_14:sample_0001693,14,1693,1,1,1,1,1,1,1,0.2092546969652176,0,0,0.24587546288967133,1,1,0.2060011327266693,1,1,0.17095352709293365,1,1,0.16791418194770813
subject_14:sample_0001694,14,1694,1,1,1,1,1,1,1,0.20704953372478485,0,0,0.24818602204322815,1,1,0.204600989818573,1,1,0.1722378134727478,1,1,0.1679246723651886
subject_14:sample_0001695,14,1695,1,1,1,1,1,1,1,0.20511893928050995,0,0,0.25026431679725647,1,1,0.20335721969604492,1,1,0.17314521968364716,1,1,0.1681133508682251
subject_14:sample_0001696,14,1696,1,1,1,1,1,1,1,0.2038099765777588,0,0,0.2508416771888733,1,1,0.2029620110988617,1,1,0.17386746406555176,1,1,0.16851802170276642
subject_14:sample_0001697,14,1697,1,1,1,1,1,1,1,0.20267435908317566,0,0,0.25161030888557434,1,1,0.20240451395511627,1,1,0.1744488626718521,1,1,0.1688610166311264
subject_14:sample_0001698,14,1698,1,1,1,1,1,1,1,0.20164677500724792,0,0,0.2523990869522095,1,1,0.2019750326871872,1,1,0.17481102049350739,1,1,0.1691671758890152
subject_14:sample_0001699,14,1699,1,1,1,1,1,1,1,0.2009609490633011,0,0,0.2528136968612671,1,1,0.20170530676841736,1,1,0.17511053383350372,1,1,0.16940855979919434
subject_14:sample_0001700,14,1700,1,1,1,1,1,1,1,0.2003544121980667,0,0,0.25273871421813965,1,1,0.20148104429244995,1,1,0.17556171119213104,1,1,0.16986311972141266
subject_14:sample_0001701,14,1701,1,1,1,1,1,1,1,0.19915983080863953,0,0,0.2549443244934082,1,1,0.20059454441070557,1,1,0.1754825860261917,1,1,0.1698177605867386
subject_14:sample_0001702,14,1702,1,1,1,1,1,1,1,0.1978437453508377,0,0,0.25714731216430664,1,1,0.1997987926006317,1,1,0.1754070222377777,1,1,0.16980217397212982
subject_14:sample_0001703,14,1703,1,1,1,1,1,1,1,0.19683228433132172,0,0,0.2582216262817383,1,1,0.19941692054271698,1,1,0.1754860132932663,1,1,0.1700422167778015
subject_14:sample_0001704,14,1704,1,1,1,1,1,1,1,0.19647511839866638,0,0,0.25757670402526855,1,1,0.19976286590099335,1,1,0.17567506432533264,1,1,0.1705092489719391
subject_14:sample_0001705,14,1705,1,1,1,1,1,1,1,0.19646494090557098,0,0,0.2559821605682373,1,1,0.20028714835643768,1,1,0.1760578751564026,1,1,0.17120696604251862
subject_14:sample_0001706,14,1706,1,1,1,1,1,1,1,0.19639603793621063,0,0,0.25401368737220764,1,1,0.20113037526607513,1,1,0.17650116980075836,1,1,0.17195777595043182
subject_14:sample_0001707,14,1707,1,1,1,1,1,1,1,0.1963815689086914,0,0,0.2518109083175659,1,1,0.2020202875137329,1,1,0.17704005539417267,1,1,0.1727462112903595
subject_14:sample_0001708,14,1708,1,1,1,1,1,1,1,0.19561609625816345,0,0,0.25097715854644775,1,1,0.202663853764534,1,1,0.1773640215396881,1,1,0.1733779013156891
subject_14:sample_0001709,14,1709,1,1,1,1,1,1,1,0.19477421045303345,0,0,0.25010982155799866,1,1,0.20327681303024292,1,1,0.1777297407388687,1,1,0.17410843074321747
subject_14:sample_0001710,14,1710,1,1,1,1,1,1,1,0.1941705346107483,0,0,0.24924488365650177,1,1,0.20396582782268524,1,1,0.17796964943408966,1,1,0.17464816570281982
subject_14:sample_0001711,14,1711,1,1,1,1,1,1,1,0.1949315071105957,0,0,0.2477811723947525,1,1,0.2040843665599823,1,1,0.17819400131702423,1,1,0.17500798404216766
subject_14:sample_0001712,14,1712,1,1,1,1,1,1,1,0.19786234200000763,0,0,0.2450089305639267,1,1,0.20393365621566772,1,1,0.17810827493667603,1,1,0.1750858724117279
subject_14:sample_0001713,14,1713,1,1,1,1,1,1,1,0.20338259637355804,0,0,0.2402375191450119,1,1,0.2035904973745346,1,1,0.17795681953430176,1,1,0.17483161389827728
subject_14:sample_0001714,14,1714,1,1,1,0,0,0,0,0.2100655883550644,0,0,0.23465915024280548,1,1,0.20287679135799408,1,1,0.1778484582901001,1,1,0.1745491623878479
subject_14:sample_0001715,14,1715,1,1,1,0,0,0,0,0.21743062138557434,0,0,0.22948205471038818,1,1,0.20211796462535858,1,1,0.1771983802318573,1,1,0.17377004027366638
subject_14:sample_0001716,14,1716,1,1,1,0,0,0,0,0.22394979000091553,0,0,0.22421784698963165,1,1,0.2018040120601654,1,1,0.1767846792936325,1,1,0.1732427477836609
subject_14:sample_0001717,14,1717,1,0,0,0,0,0,0,0.2286033183336258,0,0,0.21994908154010773,1,1,0.20181286334991455,1,1,0.1766577810049057,1,1,0.17297597229480743
subject_14:sample_0001718,14,1718,1,0,0,0,0,0,0,0.23214198648929596,0,0,0.21635039150714874,0,0,0.20183277130126953,1,1,0.17671354115009308,1,1,0.17296038568019867
subject_14:sample_0001719,14,1719,1,0,0,0,0,0,0,0.23388031125068665,0,0,0.21472278237342834,0,0,0.2014462947845459,1,1,0.17687395215034485,1,1,0.17307566106319427
subject_14:sample_0001720,14,1720,1,0,0,0,0,0,0,0.23538649082183838,0,0,0.21409094333648682,0,0,0.20068424940109253,1,1,0.176848366856575,1,1,0.17298905551433563
subject_14:sample_0001721,14,1721,1,0,0,0,0,0,0,0.23599845170974731,0,0,0.21520887315273285,0,0,0.20000852644443512,1,1,0.176333487033844,1,1,0.17244969308376312
subject_14:sample_0001722,14,1722,1,0,0,0,0,0,0,0.2364421933889389,0,0,0.21547403931617737,0,0,0.19908513128757477,1,1,0.17647220194339752,1,1,0.1725255846977234
subject_14:sample_0001723,14,1723,1,0,0,0,0,0,0,0.23667311668395996,0,0,0.21612055599689484,0,0,0.19770027697086334,1,1,0.17678456008434296,1,1,0.1727205067873001
subject_14:sample_0001724,14,1724,1,0,0,0,0,0,0,0.23644432425498962,0,0,0.21663936972618103,0,0,0.1966969221830368,1,1,0.17716462910175323,1,1,0.17305375635623932
subject_14:sample_0001725,14,1725,1,0,0,0,0,0,0,0.23646317422389984,0,0,0.21669138967990875,0,0,0.19613850116729736,1,1,0.1774432361125946,1,1,0.17326273024082184
subject_14:sample_0001726,14,1726,1,0,0,0,0,0,0,0.23672889173030853,0,0,0.21595558524131775,0,0,0.19599094986915588,1,1,0.17769873142242432,1,1,0.1736249476671219
subject_14:sample_0001727,14,1727,1,0,0,0,0,0,0,0.23672282695770264,0,0,0.21540190279483795,0,0,0.1958305388689041,1,1,0.17805913090705872,1,1,0.1739845871925354
subject_14:sample_0001728,14,1728,1,0,0,0,0,0,0,0.23612146079540253,0,0,0.21504449844360352,0,0,0.19534270465373993,1,1,0.17873166501522064,1,1,0.17475874722003937
subject_14:sample_0001729,14,1729,1,0,0,0,0,0,0,0.23503269255161285,0,0,0.21483837068080902,0,0,0.1948561817407608,1,1,0.17983224987983704,1,1,0.1754395067691803
subject_14:sample_0001730,14,1730,1,0,0,0,0,0,0,0.23381972312927246,0,0,0.2151867002248764,0,0,0.19409532845020294,1,1,0.18076223134994507,1,1,0.17613497376441956
subject_14:sample_0001731,14,1731,1,0,0,0,0,0,0,0.23244479298591614,0,0,0.21478767693042755,0,0,0.19356819987297058,1,1,0.18212638795375824,0,0,0.17707206308841705
subject_14:sample_0001732,14,1732,1,0,0,0,0,0,0,0.2309368997812271,0,0,0.21455532312393188,0,0,0.1927947849035263,0,0,0.18370363116264343,0,0,0.17800840735435486
subject_14:sample_0001733,14,1733,1,0,0,0,0,0,0,0.22956238687038422,0,0,0.21572446823120117,0,0,0.19152356684207916,0,0,0.18481659889221191,0,0,0.17837202548980713
subject_14:sample_0001734,14,1734,1,0,0,0,0,0,0,0.22740688920021057,0,0,0.2204022854566574,0,0,0.18901605904102325,0,0,0.1858329474925995,0,0,0.17734086513519287
subject_14:sample_0001735,14,1735,1,0,0,0,0,0,0,0.2248762547969818,0,0,0.22430923581123352,0,0,0.18699681758880615,0,0,0.18744173645973206,0,0,0.17637504637241364
subject_14:sample_0001736,14,1736,1,0,0,0,0,0,0,0.22216790914535522,0,0,0.22723819315433502,0,0,0.1852567046880722,0,0,0.18951982259750366,0,0,0.17581641674041748
subject_14:sample_0001737,14,1737,1,0,0,0,0,0,0,0.2189636081457138,0,0,0.2283436357975006,0,0,0.18404537439346313,0,0,0.19264553487300873,0,0,0.17600089311599731
subject_14:sample_0001738,14,1738,1,0,0,0,0,0,0,0.21637488901615143,0,0,0.22735841572284698,0,0,0.1835804283618927,0,0,0.1959805190563202,0,0,0.1767047643661499
subject_14:sample_0001739,14,1739,1,0,0,0,0,0,0,0.2146405428647995,0,0,0.22649532556533813,0,0,0.18331894278526306,0,0,0.19810821115970612,0,0,0.1774359941482544
subject_14:sample_0001740,14,1740,1,0,0,0,0,0,0,0.2137737274169922,0,0,0.22605624794960022,0,0,0.1832994520664215,0,0,0.1987382471561432,0,0,0.17813138663768768
subject_14:sample_0001741,14,1741,1,0,0,0,0,0,0,0.2133554071187973,0,0,0.2261105477809906,0,0,0.18345525860786438,0,0,0.19861960411071777,0,0,0.17845818400382996
subject_14:sample_0001742,14,1742,1,0,0,0,0,0,0,0.21306172013282776,0,0,0.22565613687038422,0,0,0.18353739380836487,0,0,0.1989346593618393,0,0,0.1788090616464615
subject_14:sample_0001743,14,1743,1,0,0,0,0,0,0,0.2128557711839676,0,0,0.22564810514450073,0,0,0.18378636240959167,0,0,0.19888204336166382,0,0,0.17882676422595978
subject_14:sample_0001744,14,1744,1,0,0,0,0,0,0,0.21246276795864105,0,0,0.22539786994457245,0,0,0.18399344384670258,0,0,0.19881831109523773,0,0,0.17932657897472382
subject_14:sample_0001745,14,1745,2,0,0,0,0,0,0,0.20450161397457123,0,0,0.21467368304729462,0,0,0.1851893663406372,0,0,0.19276656210422516,0,0,0.20286785066127777
subject_14:sample_0001746,14,1746,2,0,0,0,0,0,0,0.20424264669418335,0,0,0.21523433923721313,0,0,0.1846020668745041,0,0,0.19299167394638062,0,0,0.20292827486991882
subject_14:sample_0001747,14,1747,2,0,0,0,0,0,0,0.2040421962738037,0,0,0.21560965478420258,0,0,0.184176966547966,0,0,0.19320908188819885,0,0,0.20296116173267365
subject_14:sample_0001748,14,1748,2,0,0,0,0,0,0,0.20402903854846954,0,0,0.21547956764698029,0,0,0.18438118696212769,0,0,0.19311821460723877,0,0,0.2029910385608673
subject_14:sample_0001749,14,1749,2,0,0,0,0,0,0,0.20404964685440063,0,0,0.21521413326263428,0,0,0.1845594048500061,0,0,0.1930629462003708,0,0,0.20311293005943298
subject_14:sample_0001750,14,1750,2,0,0,0,0,0,0,0.20419356226921082,0,0,0.21424205601215363,0,0,0.18501906096935272,0,0,0.19310154020786285,0,0,0.2034427970647812
subject_14:sample_0001751,14,1751,2,0,0,0,0,0,0,0.2043502926826477,0,0,0.213290736079216,0,0,0.1854727566242218,0,0,0.19333858788013458,0,0,0.2035467028617859
subject_14:sample_0001752,14,1752,2,0,0,0,0,0,0,0.20457375049591064,0,0,0.21239301562309265,0,0,0.18593989312648773,0,0,0.19359272718429565,0,0,0.20349960029125214
subject_14:sample_0001753,14,1753,2,0,0,0,0,0,0,0.2048119753599167,0,0,0.21156978607177734,0,0,0.18632037937641144,0,0,0.1938406229019165,0,0,0.203456312417984
subject_14:sample_0001754,14,1754,2,0,0,0,0,0,0,0.20493511855602264,0,0,0.2111148089170456,0,0,0.18645122647285461,0,0,0.19405794143676758,0,0,0.20343992114067078
subject_14:sample_0001755,14,1755,2,0,0,0,0,0,0,0.20504894852638245,0,0,0.21067342162132263,0,0,0.18652665615081787,0,0,0.19427959620952606,0,0,0.20347045361995697
subject_14:sample_0001756,14,1756,2,0,0,0,0,0,0,0.205207958817482,0,0,0.21030020713806152,0,0,0.18658526241779327,0,0,0.19444100558757782,0,0,0.20346467196941376
subject_14:sample_0001757,14,1757,2,0,0,0,0,0,0,0.2054101973772049,0,0,0.20972266793251038,0,0,0.18678264319896698,0,0,0.1945658177137375,0,0,0.20351772010326385
subject_14:sample_0001758,14,1758,2,0,0,0,0,0,0,0.2056862860918045,0,0,0.20918139815330505,0,0,0.1871095895767212,0,0,0.19459781050682068,0,0,0.20342399179935455
subject_14:sample_0001759,14,1759,2,0,0,0,0,0,0,0.20600144565105438,0,0,0.20878538489341736,0,0,0.18745167553424835,0,0,0.19452984631061554,0,0,0.20323067903518677
subject_14:sample_0001760,14,1760,2,0,0,0,0,0,0,0.2064075767993927,0,0,0.2082761973142624,0,0,0.1878490149974823,0,0,0.1944049745798111,0,0,0.2030612975358963
subject_14:sample_0001761,14,1761,2,0,0,0,0,0,0,0.2067115604877472,0,0,0.20809246599674225,0,0,0.18806593120098114,0,0,0.1943017691373825,0,0,0.2028273344039917
subject_14:sample_0001762,14,1762,2,0,0,0,0,0,0,0.20708343386650085,0,0,0.20789943635463715,0,0,0.18826140463352203,0,0,0.1941673904657364,0,0,0.20258741080760956
subject_14:sample_0001763,14,1763,2,0,0,0,0,0,0,0.20760388672351837,0,0,0.20781289041042328,0,0,0.18848967552185059,0,0,0.1938713639974594,0,0,0.20222117006778717
subject_14:sample_0001764,14,1764,2,0,0,0,0,0,0,0.20820865035057068,0,0,0.20770715177059174,0,0,0.18878404796123505,0,0,0.1934536248445511,0,0,0.20184555649757385
subject_14:sample_0001765,14,1765,2,0,0,0,0,0,0,0.20879079401493073,0,0,0.20759466290473938,0,0,0.18913687765598297,0,0,0.19300931692123413,0,0,0.20146742463111877
subject_14:sample_0001766,14,1766,2,0,0,0,0,0,0,0.20914188027381897,0,0,0.2074241042137146,0,0,0.1894543319940567,0,0,0.1927475780248642,0,0,0.20123109221458435
subject_14:sample_0001767,14,1767,2,0,0,0,0,0,0,0.20940431952476501,0,0,0.2072584480047226,0,0,0.18996715545654297,0,0,0.19240665435791016,0,0,0.20096249878406525
subject_14:sample_0001768,14,1768,2,0,0,0,0,0,0,0.2095990628004074,0,0,0.20775966346263885,0,0,0.19022336602210999,0,0,0.1919146031141281,0,0,0.20050230622291565
subject_14:sample_0001769,14,1769,2,0,0,0,0,0,0,0.20971079170703888,0,0,0.20851115882396698,0,0,0.19051745533943176,0,0,0.191319540143013,0,0,0.19994011521339417
subject_14:sample_0001770,14,1770,2,0,0,0,0,0,0,0.20956841111183167,0,0,0.21003983914852142,0,0,0.19046439230442047,0,0,0.19068020582199097,0,0,0.19924624264240265
subject_14:sample_0001771,14,1771,2,0,0,0,0,0,0,0.2093435376882553,0,0,0.2113235890865326,0,0,0.19033512473106384,0,0,0.19029635190963745,0,0,0.1987004578113556
subject_14:sample_0001772,14,1772,2,0,0,0,0,0,0,0.20902301371097565,0,0,0.21333713829517365,0,0,0.19000373780727386,0,0,0.18968982994556427,0,0,0.19794532656669617
subject_14:sample_0001773,14,1773,2,0,0,0,0,0,0,0.20867516100406647,0,0,0.21519580483436584,0,0,0.1897830367088318,0,0,0.18907487392425537,0,0,0.19727009534835815
subject_14:sample_0001774,14,1774,2,0,0,0,0,0,0,0.20820963382720947,0,0,0.2172788828611374,0,0,0.1895168274641037,0,0,0.18845391273498535,0,0,0.1965397447347641
subject_14:sample_0001775,14,1775,2,0,0,0,0,0,0,0.20771272480487823,0,0,0.21871209144592285,0,0,0.18960145115852356,0,0,0.18797552585601807,0,0,0.19599726796150208
subject_14:sample_0001776,14,1776,2,0,0,0,0,0,0,0.20734736323356628,0,0,0.21900540590286255,0,0,0.19021621346473694,0,0,0.18780526518821716,0,0,0.19562478363513947
subject_14:sample_0001777,14,1777,2,0,0,0,0,0,0,0.2069958597421646,0,0,0.21946817636489868,0,0,0.190701425075531,0,0,0.18759000301361084,0,0,0.19524353742599487
subject_14:sample_0001778,14,1778,2,0,0,0,0,0,0,0.20653723180294037,0,0,0.22051921486854553,0,0,0.19080908596515656,0,0,0.18738588690757751,0,0,0.194747656583786
subject_14:sample_0001779,14,1779,2,0,0,0,0,0,0,0.2059755176305771,0,0,0.22143715620040894,0,0,0.19112138450145721,0,0,0.1872612088918686,0,0,0.19420383870601654
subject_14:sample_0001780,14,1780,2,0,0,0,0,0,0,0.2054765522480011,0,0,0.22186186909675598,0,0,0.19144389033317566,0,0,0.18745794892311096,0,0,0.1937588006258011
subject_14:sample_0001781,14,1781,2,0,0,0,0,0,0,0.2051462084054947,0,0,0.22153498232364655,0,0,0.19196663796901703,0,0,0.18787594139575958,0,0,0.19347529113292694
subject_14:sample_0001782,14,1782,2,0,0,0,0,0,0,0.20488755404949188,0,0,0.22110293805599213,0,0,0.19234924018383026,0,0,0.1882573813199997,0,0,0.19340193271636963
subject_14:sample_0001783,14,1783,2,0,0,0,0,0,0,0.2048034965991974,0,0,0.21992024779319763,0,0,0.1929895430803299,0,0,0.18870598077774048,0,0,0.193579763174057
subject_14:sample_0001784,14,1784,2,0,0,0,0,0,0,0.20470328629016876,0,0,0.2186925709247589,0,0,0.19365425407886505,0,0,0.18927226960659027,0,0,0.1936766356229782
subject_14:sample_0001785,14,1785,2,0,0,0,0,0,0,0.20470477640628815,0,0,0.21712976694107056,0,0,0.19461993873119354,0,0,0.18983784317970276,0,0,0.1937066912651062
subject_14:sample_0001786,14,1786,2,0,0,0,0,0,0,0.20485077798366547,0,0,0.21505358815193176,0,0,0.19594316184520721,0,0,0.19055582582950592,0,0,0.19359569251537323
subject_14:sample_0001787,14,1787,2,0,0,0,0,0,0,0.20514726638793945,0,0,0.21257853507995605,0,0,0.1975087821483612,0,0,0.19138486683368683,0,0,0.19337958097457886
subject_14:sample_0001788,14,1788,2,0,0,0,0,0,0,0.20536281168460846,0,0,0.21075819432735443,0,0,0.19893760979175568,0,0,0.192050501704216,0,0,0.19288985431194305
subject_14:sample_0001789,14,1789,2,0,0,0,0,0,0,0.2059313952922821,0,0,0.20733392238616943,0,0,0.2007942795753479,0,0,0.1929861456155777,0,0,0.19295331835746765
subject_14:sample_0001790,14,1790,2,0,0,0,0,0,0,0.20598608255386353,0,0,0.2054208517074585,0,0,0.2021884173154831,0,0,0.19367635250091553,0,0,0.19272732734680176
subject_14:sample_0001791,14,1791,2,0,0,0,0,0,0,0.20588500797748566,0,0,0.2041105479001999,0,0,0.20313337445259094,0,0,0.1943051815032959,0,0,0.1925649642944336
subject_14:sample_0001792,14,1792,2,0,0,0,0,0,0,0.20591126382350922,0,0,0.20300859212875366,0,0,0.20354536175727844,0,0,0.1949044018983841,0,0,0.19262942671775818
subject_14:sample_0001793,14,1793,2,0,0,0,0,0,0,0.20589911937713623,0,0,0.2014085352420807,0,0,0.20416322350502014,0,0,0.19545379281044006,0,0,0.19307434558868408
subject_14:sample_0001794,14,1794,2,0,0,0,0,0,0,0.2056819349527359,0,0,0.20099902153015137,0,0,0.20446863770484924,0,0,0.1958063393831253,0,0,0.19304312765598297
subject_14:sample_0001795,14,1795,2,0,0,0,0,0,0,0.2054290920495987,0,0,0.20076043903827667,0,0,0.20470954477787018,0,0,0.19620294868946075,0,0,0.1928970366716385
subject_14:sample_0001796,14,1796,2,0,0,0,0,0,0,0.2049991637468338,0,0,0.20158642530441284,0,0,0.2043607383966446,0,0,0.19658993184566498,0,0,0.19246269762516022
subject_14:sample_0001797,14,1797,2,0,0,0,0,0,0,0.20433646440505981,0,0,0.2036755532026291,0,0,0.20350727438926697,0,0,0.19674400985240936,0,0,0.19173569977283478
subject_14:sample_0001798,14,1798,2,0,0,0,0,0,0,0.20381943881511688,0,0,0.20430803298950195,0,0,0.20316541194915771,0,0,0.1972385048866272,0,0,0.19146762788295746
subject_14:sample_0001799,14,1799,2,0,0,0,0,0,0,0.2037692815065384,0,0,0.20263907313346863,0,0,0.20352007448673248,0,0,0.19823427498340607,0,0,0.19183635711669922
subject_14:sample_0001800,14,1800,2,0,0,0,0,0,0,0.20375622808933258,0,0,0.20038653910160065,0,0,0.20398743450641632,0,0,0.19952897727489471,0,0,0.19233989715576172
subject_14:sample_0001801,14,1801,2,0,0,0,0,0,0,0.20329901576042175,0,0,0.1998642235994339,0,0,0.20412173867225647,0,0,0.20051567256450653,0,0,0.19219844043254852
subject_14:sample_0001802,14,1802,2,0,0,0,0,0,0,0.2028665840625763,0,0,0.1995864063501358,0,0,0.2043289840221405,0,0,0.20112749934196472,0,0,0.19208960235118866
subject_14:sample_0001803,14,1803,2,0,0,0,0,0,0,0.20236745476722717,0,0,0.1996854990720749,0,0,0.20432960987091064,0,0,0.20140062272548676,0,0,0.19221583008766174
subject_14:sample_0001804,14,1804,2,0,0,0,0,0,0,0.20169976353645325,0,0,0.2000119537115097,0,0,0.20425933599472046,0,0,0.20191067457199097,0,0,0.19211728870868683
subject_14:sample_0001805,14,1805,2,0,0,0,0,0,0,0.2009691298007965,0,0,0.20046120882034302,0,0,0.20426052808761597,0,0,0.20259331166744232,0,0,0.19171486794948578
subject_14:sample_0001806,14,1806,2,0,0,0,0,0,0,0.20030859112739563,0,0,0.20047293603420258,0,0,0.2043258398771286,0,0,0.20364949107170105,0,0,0.19124214351177216
subject_14:sample_0001807,14,1807,2,0,0,0,0,0,0,0.19977231323719025,0,0,0.19981487095355988,0,0,0.20445217192173004,0,0,0.20497578382492065,0,0,0.19098390638828278
subject_14:sample_0001808,14,1808,2,0,0,0,0,0,0,0.19919592142105103,0,0,0.19980400800704956,0,0,0.20457589626312256,0,0,0.20578233897686005,0,0,0.19064094126224518
subject_14:sample_0001809,14,1809,2,0,0,0,0,0,0,0.19869086146354675,0,0,0.19931286573410034,0,0,0.20473723113536835,0,0,0.20682430267333984,0,0,0.1904338002204895
subject_14:sample_0001810,14,1810,2,0,0,0,0,0,0,0.19822344183921814,0,0,0.1986282765865326,0,0,0.2048550397157669,0,0,0.20790448784828186,0,0,0.1903877705335617
subject_14:sample_0001811,14,1811,2,0,0,0,0,0,0,0.1974935680627823,0,0,0.19933104515075684,0,0,0.2045126110315323,0,0,0.20853827893733978,0,0,0.1901235431432724
subject_14:sample_0001812,14,1812,2,0,0,0,0,0,0,0.19669048488140106,0,0,0.20029625296592712,0,0,0.203959658741951,0,0,0.20933830738067627,0,0,0.18971429765224457
subject_14:sample_0001813,14,1813,2,0,0,0,0,0,0,0.19594819843769073,0,0,0.20085640251636505,0,0,0.2036469727754593,0,0,0.21012862026691437,0,0,0.18941885232925415
subject_14:sample_0001814,14,1814,2,0,0,0,0,0,0,0.1952686756849289,0,0,0.20154601335525513,0,0,0.20349763333797455,0,0,0.21037626266479492,0,0,0.1893104463815689
subject_14:sample_0001815,14,1815,2,0,0,0,0,0,0,0.19487671554088593,0,0,0.20192550122737885,0,0,0.20337456464767456,0,0,0.21033088862895966,0,0,0.18949128687381744
subject_14:sample_0001816,14,1816,2,0,0,0,0,0,0,0.19430658221244812,0,0,0.20220988988876343,0,0,0.20321962237358093,0,0,0.21067486703395844,0,0,0.18958812952041626
subject_14:sample_0001817,14,1817,2,0,0,0,0,0,0,0.19401411712169647,0,0,0.20114575326442719,0,0,0.20367345213890076,0,0,0.21115274727344513,0,0,0.19001293182373047
subject_14:sample_0001818,14,1818,2,0,0,0,0,0,0,0.19378378987312317,0,0,0.20076483488082886,0,0,0.2041182816028595,0,0,0.21096618473529816,0,0,0.1903659999370575
subject_14:sample_0001819,14,1819,2,0,0,0,0,0,0,0.1936902403831482,0,0,0.19977208971977234,0,0,0.20491042733192444,0,0,0.2106303870677948,0,0,0.19099590182304382
subject_14:sample_0001820,14,1820,2,0,0,0,0,0,0,0.19386722147464752,0,0,0.197100430727005,0,0,0.20624566078186035,0,0,0.21079063415527344,0,0,0.19199509918689728
subject_14:sample_0001821,14,1821,2,0,0,0,0,0,0,0.19407956302165985,0,0,0.1939825713634491,0,0,0.2079736292362213,0,0,0.21096383035182953,0,0,0.1929994374513626
subject_14:sample_0001822,14,1822,2,0,0,0,0,0,0,0.19390390813350677,0,0,0.19108065962791443,0,0,0.20978125929832458,0,0,0.2114771157503128,0,0,0.19375614821910858
subject_14:sample_0001823,14,1823,2,0,0,0,0,0,0,0.19330155849456787,0,0,0.18923717737197876,0,0,0.21115675568580627,0,0,0.21201960742473602,0,0,0.19428399205207825
subject_14:sample_0001824,14,1824,2,0,0,0,0,0,0,0.19230343401432037,0,0,0.18710552155971527,0,0,0.21272015571594238,0,0,0.21312063932418823,0,0,0.19474928081035614
subject_14:sample_0001825,14,1825,2,0,0,0,0,0,0,0.19111257791519165,0,0,0.1856943517923355,0,0,0.21434321999549866,0,0,0.2139931321144104,0,0,0.19485582411289215
subject_14:sample_0001826,14,1826,2,0,0,0,0,0,0,0.18957576155662537,0,0,0.18422424793243408,0,0,0.21645577251911163,0,0,0.2150506228208542,0,0,0.19469265639781952
subject_14:sample_0001827,14,1827,2,0,0,0,0,0,0,0.18779903650283813,0,0,0.18384967744350433,0,0,0.21828140318393707,0,0,0.21569670736789703,0,0,0.1943722516298294
subject_14:sample_0001828,14,1828,2,0,0,0,0,0,0,0.18588005006313324,0,0,0.18352089822292328,0,0,0.2201264500617981,0,0,0.21670006215572357,0,0,0.1937715858221054
subject_14:sample_0001829,14,1829,2,0,0,0,0,0,0,0.183943971991539,0,0,0.18259291350841522,0,0,0.2215205430984497,0,0,0.2187432050704956,0,0,0.19319836795330048
subject_14:sample_0001830,14,1830,2,0,0,0,0,0,0,0.18239252269268036,0,0,0.18284569680690765,0,0,0.22137419879436493,0,0,0.22015443444252014,0,0,0.19323214888572693
subject_14:sample_0001831,14,1831,2,0,0,0,0,0,0,0.18048271536827087,0,0,0.18386594951152802,0,0,0.22056211531162262,0,0,0.22195662558078766,0,0,0.193131685256958
subject_14:sample_0001832,14,1832,2,0,0,0,0,0,0,0.177763894200325,0,0,0.18524736166000366,0,0,0.219112366437912,0,0,0.2246520072221756,0,0,0.19322338700294495
subject_14:sample_0001833,14,1833,2,0,0,0,0,0,0,0.1741565316915512,0,0,0.1860659271478653,0,0,0.21812750399112701,0,0,0.22830618917942047,0,0,0.193342924118042
subject_14:sample_0001834,14,1834,2,0,0,0,0,0,0,0.16988374292850494,0,0,0.18742738664150238,0,0,0.21709111332893372,0,0,0.23165138065814972,0,0,0.19394536316394806
subject_14:sample_0001835,14,1835,2,0,0,0,0,0,0,0.16597618162631989,0,0,0.18854589760303497,0,0,0.21570780873298645,2,1,0.23432794213294983,0,0,0.19544117152690887
subject_14:sample_0001836,14,1836,2,0,0,0,0,0,0,0.16211938858032227,0,0,0.18998983502388,0,0,0.2138984352350235,2,1,0.2368459701538086,0,0,0.19714544713497162
subject_14:sample_0001837,14,1837,2,0,0,0,0,0,0,0.15821367502212524,0,0,0.18917608261108398,1,0,0.21152633428573608,2,1,0.24100936949253082,0,0,0.2000735104084015
subject_14:sample_0001838,14,1838,2,0,0,0,0,0,0,0.15499773621559143,0,0,0.18492591381072998,1,0,0.20936322212219238,2,1,0.24655258655548096,0,0,0.20415960252285004
subject_14:sample_0001839,14,1839,2,0,0,0,0,0,0,0.15217603743076324,1,0,0.17959187924861908,1,0,0.2072332501411438,2,1,0.2521434724330902,0,0,0.20885440707206726
subject_14:sample_0001840,14,1840,2,1,0,0,0,0,0,0.14962689578533173,1,0,0.17485582828521729,1,0,0.2047942578792572,2,1,0.2577061653137207,0,0,0.2130158543586731
subject_14:sample_0001841,14,1841,2,2,1,2,1,0,0,0.14728549122810364,1,0,0.17058035731315613,1,0,0.20198224484920502,2,1,0.2633291780948639,2,1,0.2168217897415161
subject_14:sample_0001842,14,1842,2,2,1,2,1,0,0,0.14528270065784454,1,0,0.1673610359430313,1,0,0.1992923766374588,2,1,0.26741093397140503,2,1,0.22065193951129913
subject_14:sample_0001843,14,1843,2,2,1,2,1,0,0,0.14366941154003143,1,0,0.1652679592370987,1,0,0.19772151112556458,2,1,0.26942211389541626,2,1,0.22391800582408905
subject_14:sample_0001844,14,1844,2,2,1,2,1,0,0,0.14224949479103088,1,0,0.16349852085113525,1,0,0.1958053559064865,2,1,0.2708493769168854,2,1,0.2275962382555008
subject_14:sample_0001845,14,1845,2,2,1,2,1,0,0,0.14071747660636902,1,0,0.16231541335582733,1,0,0.19388939440250397,2,1,0.2718942165374756,2,1,0.23118261992931366
subject_14:sample_0001846,14,1846,2,2,1,2,1,0,0,0.13964098691940308,1,0,0.16155318915843964,1,0,0.19255556166172028,2,1,0.27246227860450745,2,1,0.233786940574646
subject_14:sample_0001847,14,1847,2,2,1,2,1,0,0,0.13888831436634064,1,0,0.16082772612571716,1,0,0.19165630638599396,2,1,0.272919237613678,2,1,0.23570747673511505
subject_14:sample_0001848,14,1848,2,2,1,2,1,0,0,0.13827618956565857,1,0,0.1602870672941208,1,0,0.19070304930210114,2,1,0.2734745144844055,2,1,0.23725827038288116
subject_14:sample_0001849,14,1849,2,2,1,2,1,0,0,0.13735078275203705,1,0,0.15969321131706238,1,0,0.18968741595745087,2,1,0.2740738093852997,2,1,0.2391938865184784
subject_14:sample_0001850,14,1850,2,2,1,2,1,0,0,0.13652721047401428,1,0,0.15973162651062012,1,0,0.1890275776386261,2,1,0.2735024690628052,2,1,0.2412101775407791
subject_14:sample_0001851,14,1851,2,2,1,2,1,0,0,0.13568170368671417,1,0,0.15958096086978912,1,0,0.18849477171897888,2,1,0.2732256054878235,2,1,0.24301600456237793
subject_14:sample_0001852,14,1852,2,2,1,2,1,0,0,0.13492442667484283,1,0,0.15958717465400696,1,0,0.18788820505142212,2,1,0.27232110500335693,2,1,0.24527807533740997
subject_14:sample_0001853,14,1853,2,2,1,2,1,0,0,0.13346154987812042,1,0,0.15897636115550995,1,0,0.18688362836837769,2,1,0.2731565237045288,2,1,0.24752095341682434
subject_14:sample_0001854,14,1854,2,2,1,2,1,0,0,0.13215966522693634,1,0,0.15864144265651703,1,0,0.18608897924423218,2,1,0.27336040139198303,2,1,0.2497486025094986
subject_14:sample_0001855,14,1855,2,2,1,2,1,0,0,0.1306309998035431,1,0,0.1577613651752472,1,0,0.18634238839149475,2,1,0.27394846081733704,2,1,0.2513158917427063
subject_14:sample_0001856,14,1856,2,2,1,2,1,0,0,0.12974122166633606,1,0,0.157155841588974,1,0,0.18605950474739075,2,1,0.27417799830436707,2,1,0.25286445021629333
subject_14:sample_0001857,14,1857,2,2,1,2,1,0,0,0.12854842841625214,1,0,0.15674851834774017,1,0,0.18762657046318054,2,1,0.2735069990158081,2,1,0.25356853008270264
subject_14:sample_0001858,14,1858,2,2,1,2,1,0,0,0.12754839658737183,1,0,0.15665367245674133,1,0,0.1904228925704956,2,1,0.2720015048980713,2,1,0.25337255001068115
subject_14:sample_0001859,14,1859,2,2,1,2,1,0,0,0.12621264159679413,1,0,0.15687422454357147,1,0,0.19504447281360626,2,1,0.26963701844215393,2,1,0.252230703830719
subject_14:sample_0001860,14,1860,2,2,1,2,1,0,0,0.12500165402889252,1,0,0.15728454291820526,1,0,0.1999524086713791,2,1,0.26700085401535034,2,1,0.2507595419883728
subject_14:sample_0001861,14,1861,2,2,1,2,1,0,0,0.12428684532642365,1,0,0.15777117013931274,1,0,0.20541851222515106,2,1,0.2636153995990753,2,1,0.24890713393688202
subject_14:sample_0001862,14,1862,2,2,1,2,1,0,0,0.12392054498195648,1,0,0.1579759567975998,2,1,0.2100386768579483,2,1,0.26082664728164673,2,1,0.24723726511001587
subject_14:sample_0001863,14,1863,2,2,1,2,1,0,0,0.12409321218729019,1,0,0.15816296637058258,2,1,0.21233905851840973,2,1,0.25888463854789734,2,1,0.24651914834976196
subject_14:sample_0001864,14,1864,2,2,1,2,1,0,0,0.12461800873279572,1,0,0.15825596451759338,2,1,0.21387268602848053,2,1,0.25710099935531616,2,1,0.246151402592659
subject_14:sample_0001865,14,1865,2,2,1,2,1,0,0,0.12537217140197754,1,0,0.15714408457279205,2,1,0.2176855057477951,2,1,0.25442349910736084,2,1,0.24537381529808044
subject_14:sample_0001866,14,1866,2,2,1,2,1,0,0,0.12701255083084106,1,0,0.15550176799297333,2,1,0.2205045372247696,2,1,0.2520012855529785,2,1,0.2449788600206375
subject_14:sample_0001867,14,1867,2,2,1,2,1,0,0,0.12898758053779602,1,0,0.15379959344863892,2,1,0.222282275557518,2,1,0.2500944137573242,2,1,0.24483521282672882
subject_14:sample_0001868,14,1868,2,2,1,2,1,0,0,0.13081695139408112,1,0,0.152816042304039,2,1,0.2229699343442917,2,1,0.2485741525888443,2,1,0.24482198059558868
subject_14:sample_0001869,14,1869,2,2,1,2,1,0,0,0.13294769823551178,1,0,0.1515803337097168,2,1,0.22348296642303467,2,1,0.24720123410224915,2,1,0.2447868436574936
subject_14:sample_0001870,14,1870,2,2,1,2,1,0,0,0.13562481105327606,1,0,0.15051239728927612,2,1,0.22367572784423828,2,1,0.2456468939781189,2,1,0.24453923106193542
subject_14:sample_0001871,14,1871,2,2,1,2,1,0,0,0.1380051225423813,1,0,0.14945922791957855,2,1,0.22406914830207825,2,1,0.2442633956670761,2,1,0.244202122092247
subject_14:sample_0001872,14,1872,2,2,1,2,1,0,0,0.1404723972082138,1,0,0.14994286000728607,2,1,0.22357916831970215,2,1,0.24228262901306152,2,1,0.24372196197509766
subject_14:sample_0001873,14,1873,2,2,1,2,1,0,0,0.14282438158988953,1,0,0.15090163052082062,2,1,0.22295010089874268,2,1,0.24028797447681427,2,1,0.24303501844406128
subject_14:sample_0001874,14,1874,2,2,1,2,1,0,0,0.14503653347492218,1,0,0.15177059173583984,2,1,0.22245077788829803,2,1,0.2383255958557129,2,1,0.24241551756858826
subject_14:sample_0001875,14,1875,2,2,1,2,1,0,0,0.14750154316425323,1,0,0.15267719328403473,2,1,0.22206950187683105,2,1,0.23607057332992554,2,1,0.24168026447296143
subject_14:sample_0001876,14,1876,2,2,1,2,1,0,0,0.1500069797039032,1,0,0.1538952887058258,2,1,0.2216094732284546,2,1,0.23376937210559845,2,1,0.24071796238422394
subject_14:sample_0001877,14,1877,2,2,1,2,1,0,0,0.15296430885791779,1,0,0.1549723744392395,2,1,0.22090023756027222,2,1,0.23147694766521454,2,1,0.23968519270420074
subject_14:sample_0001878,14,1878,2,2,1,2,1,0,0,0.15628844499588013,1,0,0.15622910857200623,2,1,0.21998421847820282,2,1,0.22897906601428986,2,1,0.23851819336414337
subject_14:sample_0001879,14,1879,2,2,1,2,1,0,0,0.15920934081077576,1,0,0.15753324329853058,2,1,0.21908318996429443,2,1,0.22665634751319885,2,1,0.23751692473888397
subject_14:sample_0001880,14,1880,2,2,1,2,1,0,0,0.16142693161964417,1,0,0.15868164598941803,2,1,0.21869386732578278,2,1,0.22436757385730743,2,1,0.2368289828300476
subject_14:sample_0001881,14,1881,2,2,1,2,1,0,0,0.16304035484790802,1,0,0.16063153743743896,2,1,0.21858368813991547,2,1,0.22163020074367523,2,1,0.2361132651567459
subject_14:sample_0001882,14,1882,2,2,1,2,1,2,1,0.16434992849826813,1,0,0.16294577717781067,2,1,0.21858324110507965,2,1,0.2187209129333496,2,1,0.23539920151233673
subject_14:sample_0001883,14,1883,2,2,1,2,1,2,1,0.16543161869049072,1,0,0.1661817878484726,2,1,0.21836860477924347,2,1,0.21574020385742188,2,1,0.23427678644657135
subject_14:sample_0001884,14,1884,2,2,1,2,1,2,1,0.16655205190181732,2,1,0.16950896382331848,2,1,0.2185411900281906,2,1,0.2119937539100647,2,1,0.2334030717611313
subject_14:sample_0001885,14,1885,2,2,1,2,1,2,1,0.1672452986240387,2,1,0.17268851399421692,2,1,0.21846769750118256,2,1,0.2091716229915619,2,1,0.23242591321468353
subject_14:sample_0001886,14,1886,2,2,1,2,1,2,1,0.16810423135757446,2,1,0.1765766739845276,2,1,0.21831874549388885,2,1,0.20566627383232117,2,1,0.23133307695388794
subject_14:sample_0001887,14,1887,2,2,1,2,1,2,1,0.16939397156238556,2,1,0.17991624772548676,2,1,0.21778152883052826,2,1,0.20260600745677948,2,1,0.23030126094818115
subject_14:sample_0001888,14,1888,2,2,1,2,1,2,1,0.17111244797706604,2,1,0.18272832036018372,2,1,0.2170461118221283,2,1,0.19964608550071716,2,1,0.22946611046791077
subject_14:sample_0001889,14,1889,2,2,1,2,1,2,1,0.17312830686569214,2,1,0.18468473851680756,2,1,0.2159426063299179,2,1,0.19756174087524414,2,1,0.22868162393569946
subject_14:sample_0001890,14,1890,2,2,1,2,1,2,1,0.17561054229736328,2,1,0.18651214241981506,2,1,0.21473731100559235,2,1,0.19504007697105408,2,1,0.22809897363185883
subject_14:sample_0001891,14,1891,2,2,1,2,1,2,1,0.17826996743679047,2,1,0.18822892010211945,2,1,0.21323198080062866,2,1,0.19291631877422333,2,1,0.2273518294095993
subject_14:sample_0001892,14,1892,2,2,1,2,1,2,1,0.18096910417079926,2,1,0.19051921367645264,2,1,0.21149633824825287,2,1,0.19056622684001923,2,1,0.22644822299480438
subject_14:sample_0001893,14,1893,2,2,1,2,1,2,1,0.18327252566814423,2,1,0.19247813522815704,2,1,0.20946313440799713,2,1,0.18972079455852509,2,1,0.2250645011663437
subject_14:sample_0001894,14,1894,2,2,1,2,1,2,1,0.18518352508544922,2,1,0.1945590376853943,2,1,0.2077583372592926,2,1,0.18864119052886963,2,1,0.22385698556900024
subject_14:sample_0001895,14,1895,2,2,1,2,1,2,1,0.18645969033241272,2,1,0.19597308337688446,2,1,0.20608091354370117,2,1,0.18896445631980896,2,1,0.22252090275287628
subject_14:sample_0001896,14,1896,2,2,1,2,1,2,1,0.18723835051059723,2,1,0.19667381048202515,2,1,0.20501022040843964,2,1,0.18948450684547424,2,1,0.22159211337566376
subject_14:sample_0001897,14,1897,2,2,1,2,1,2,1,0.18807299435138702,2,1,0.19776968657970428,2,1,0.20429176092147827,2,1,0.18883585929870605,2,1,0.22102871537208557
subject_14:sample_0001898,14,1898,2,2,1,2,1,2,1,0.18879227340221405,2,1,0.1984756886959076,2,1,0.20388664305210114,2,1,0.1880958527326584,2,1,0.22074851393699646
subject_14:sample_0001899,14,1899,2,2,1,2,1,2,1,0.1894502192735672,2,1,0.1984296292066574,2,1,0.20341625809669495,2,1,0.18828335404396057,2,1,0.22041966021060944
subject_14:sample_0001900,14,1900,2,2,1,2,1,2,1,0.18999750912189484,2,1,0.1979655623435974,2,1,0.2033959925174713,2,1,0.18826165795326233,2,1,0.22037829458713531
subject_14:sample_0001901,14,1901,2,2,1,2,1,2,1,0.19050097465515137,2,1,0.19746127724647522,2,1,0.2034439593553543,2,1,0.18832263350486755,2,1,0.22027024626731873
subject_14:sample_0001902,14,1902,2,2,1,2,1,2,1,0.19075043499469757,2,1,0.19694791734218597,2,1,0.20344482362270355,2,1,0.1888306736946106,2,1,0.22002525627613068
subject_14:sample_0001903,14,1903,2,2,1,2,1,2,1,0.19090059399604797,2,1,0.19659064710140228,2,1,0.2035270482301712,2,1,0.18913830816745758,2,1,0.21984243392944336
subject_14:sample_0001904,14,1904,2,2,1,2,1,2,1,0.1910128891468048,2,1,0.19646190106868744,2,1,0.20388828217983246,2,1,0.1887558102607727,2,1,0.21988017857074738
subject_14:sample_0001905,14,1905,2,2,1,2,1,2,1,0.19106267392635345,2,1,0.19630791246891022,2,1,0.2042701691389084,2,1,0.18854086101055145,2,1,0.2198174148797989
subject_14:sample_0001906,14,1906,2,2,1,2,1,2,1,0.1914193034172058,2,1,0.19612857699394226,2,1,0.20481140911579132,2,1,0.1876731961965561,2,1,0.2199665606021881
subject_14:sample_0001907,14,1907,2,2,1,2,1,2,1,0.19166214764118195,2,1,0.1961408406496048,2,1,0.20519375801086426,2,1,0.18707586824893951,2,1,0.21992644667625427
subject_14:sample_0001908,14,1908,2,2,1,2,1,2,1,0.19169090688228607,2,1,0.19585582613945007,2,1,0.20539961755275726,2,1,0.18749132752418518,2,1,0.21956133842468262
subject_14:sample_0001909,14,1909,2,2,1,2,1,2,1,0.1917741596698761,2,1,0.1955661177635193,2,1,0.20555128157138824,2,1,0.1879478543996811,2,1,0.21915961802005768
subject_14:sample_0001910,14,1910,2,2,1,2,1,2,1,0.19208136200904846,2,1,0.1949114352464676,2,1,0.20578992366790771,2,1,0.18838949501514435,2,1,0.21882681548595428
subject_14:sample_0001911,14,1911,2,2,1,2,1,2,1,0.19232574105262756,2,1,0.1937473863363266,2,1,0.20569540560245514,2,1,0.19010615348815918,2,1,0.21812434494495392
subject_14:sample_0001912,14,1912,2,2,1,2,1,2,1,0.19268958270549774,2,1,0.19336359202861786,2,1,0.20573534071445465,2,1,0.19072936475276947,2,1,0.21748125553131104
subject_14:sample_0001913,14,1913,2,2,1,2,1,2,1,0.19325554370880127,2,1,0.1929015964269638,2,1,0.2058812528848648,2,1,0.19100171327590942,2,1,0.2169589251279831
subject_14:sample_0001914,14,1914,2,2,1,2,1,2,1,0.193487286567688,2,1,0.19289982318878174,2,1,0.20587652921676636,2,1,0.19174081087112427,2,1,0.21599456667900085
subject_14:sample_0001915,14,1915,2,2,1,2,1,2,1,0.1939881145954132,2,1,0.1928185522556305,2,1,0.20577795803546906,2,1,0.19254785776138306,2,1,0.2148665487766266
subject_14:sample_0001916,14,1916,2,2,1,2,1,2,1,0.19457513093948364,2,1,0.19280269742012024,2,1,0.20576991140842438,2,1,0.19307841360569,2,1,0.21377289295196533
subject_14:sample_0001917,14,1917,2,2,1,2,1,2,1,0.19505544006824493,2,1,0.19296984374523163,2,1,0.2056995928287506,2,1,0.19388748705387115,2,1,0.21238666772842407
subject_14:sample_0001918,14,1918,2,2,1,2,1,2,1,0.1953582912683487,2,1,0.19324560463428497,2,1,0.20553430914878845,2,1,0.1949131190776825,2,1,0.21094770729541779
subject_14:sample_0001919,14,1919,2,2,1,2,1,2,1,0.19543127715587616,2,1,0.19326135516166687,2,1,0.2053384631872177,2,1,0.19571338593959808,2,1,0.21025465428829193
subject_14:sample_0001920,14,1920,2,2,1,2,1,2,1,0.19555257260799408,2,1,0.19301961362361908,2,1,0.20525364577770233,2,1,0.19598057866096497,2,1,0.21019260585308075
subject_14:sample_0001921,14,1921,2,2,1,2,1,2,1,0.19569623470306396,2,1,0.19284388422966003,2,1,0.20541678369045258,2,1,0.19606450200080872,2,1,0.2099776715040207
subject_14:sample_0001922,14,1922,2,2,1,2,1,2,1,0.19574150443077087,2,1,0.19284217059612274,2,1,0.20553751289844513,2,1,0.19665032625198364,2,1,0.20922759175300598
subject_14:sample_0001923,14,1923,2,2,1,2,1,2,1,0.19595982134342194,2,1,0.19269174337387085,2,1,0.2058042287826538,2,1,0.1975022405385971,2,1,0.2080409824848175
subject_14:sample_0001924,14,1924,2,2,1,2,1,2,1,0.19555160403251648,2,1,0.1918034702539444,2,1,0.2048506736755371,2,1,0.20028486847877502,2,1,0.2075084149837494
subject_14:sample_0001925,14,1925,2,2,1,2,1,2,1,0.19533732533454895,2,1,0.1911611407995224,2,1,0.20402123034000397,2,1,0.20229385793209076,2,1,0.2071855217218399
subject_14:sample_0001926,14,1926,2,2,1,2,1,2,1,0.1951904594898224,2,1,0.19052846729755402,2,1,0.20315220952033997,2,1,0.20413076877593994,2,1,0.2069971263408661
subject_14:sample_0001927,14,1927,2,2,1,2,1,2,1,0.19518856704235077,2,1,0.19011616706848145,2,1,0.2023889571428299,2,1,0.20562230050563812,2,1,0.20668303966522217
subject_14:sample_0001928,14,1928,2,2,1,2,1,2,1,0.19537390768527985,2,1,0.18998484313488007,2,1,0.20183898508548737,2,1,0.20630520582199097,2,1,0.20649613440036774
subject_14:sample_0001929,14,1929,2,2,1,2,1,2,1,0.19562019407749176,2,1,0.1898086965084076,2,1,0.2015725076198578,2,1,0.20666159689426422,2,1,0.20633608102798462
subject_14:sample_0001930,14,1930,2,2,1,2,1,2,1,0.19583602249622345,2,1,0.1896529644727707,2,1,0.20135371387004852,2,1,0.20690402388572693,2,1,0.2062523066997528
subject_14:sample_0001931,14,1931,2,2,1,2,1,2,1,0.19599516689777374,2,1,0.18952393531799316,2,1,0.20112943649291992,2,1,0.20717617869377136,2,1,0.20617429912090302
subject_14:sample_0001932,14,1932,2,2,1,2,1,2,1,0.19613446295261383,2,1,0.18947185575962067,2,1,0.2008199542760849,2,1,0.20760390162467957,2,1,0.20596890151500702
subject_14:sample_0001933,14,1933,2,2,1,2,1,2,1,0.19623109698295593,2,1,0.1894557625055313,2,1,0.20054547488689423,2,1,0.20797903835773468,2,1,0.20578770339488983
subject_14:sample_0001934,14,1934,2,2,1,2,1,2,1,0.196197047829628,2,1,0.18942773342132568,2,1,0.2002551406621933,2,1,0.2085081785917282,2,1,0.20561093091964722
subject_14:sample_0001935,14,1935,2,2,1,2,1,2,1,0.19615061581134796,2,1,0.18930357694625854,2,1,0.2001887410879135,2,1,0.20885585248470306,2,1,0.20550023019313812
subject_14:sample_0001936,14,1936,2,2,1,2,1,2,1,0.19605833292007446,2,1,0.18922989070415497,2,1,0.200156107544899,2,1,0.20911861956119537,2,1,0.20543614029884338
subject_14:sample_0001937,14,1937,2,2,1,2,1,2,1,0.19594427943229675,2,1,0.18913504481315613,2,1,0.20009967684745789,2,1,0.20937220752239227,2,1,0.20544785261154175
subject_14:sample_0001938,14,1938,2,2,1,2,1,2,1,0.19574472308158875,2,1,0.1891299933195114,2,1,0.19998027384281158,2,1,0.209572896361351,2,1,0.20557115972042084
subject_14:sample_0001939,14,1939,2,2,1,2,1,2,1,0.19550146162509918,2,1,0.18916217982769012,2,1,0.19981160759925842,2,1,0.2097676545381546,2,1,0.20575609803199768
subject_14:sample_0001940,14,1940,2,2,1,2,1,2,1,0.19521291553974152,2,1,0.18926896154880524,2,1,0.19965338706970215,2,1,0.2099611908197403,2,1,0.2059025913476944
subject_14:sample_0001941,14,1941,2,2,1,2,1,2,1,0.19500641524791718,2,1,0.18952737748622894,2,1,0.1992863118648529,2,1,0.21025893092155457,2,1,0.2059200555086136
subject_14:sample_0001942,14,1942,2,2,1,2,1,2,1,0.19493529200553894,2,1,0.18957817554473877,2,1,0.19913187623023987,2,1,0.2104952335357666,2,1,0.20585846900939941
subject_14:sample_0001943,14,1943,2,2,1,2,1,2,1,0.19492560625076294,2,1,0.18962980806827545,2,1,0.1989489197731018,2,1,0.21070237457752228,2,1,0.2057923525571823
subject_14:sample_0001944,14,1944,2,2,1,2,1,2,1,0.19488976895809174,2,1,0.1897134929895401,2,1,0.1985316276550293,2,1,0.2113405466079712,2,1,0.20552362501621246
subject_14:sample_0001945,14,1945,2,2,1,2,1,2,1,0.19483308494091034,2,1,0.18970197439193726,2,1,0.1981029361486435,2,1,0.21207544207572937,2,1,0.2052856832742691
subject_14:sample_0001946,14,1946,2,2,1,2,1,2,1,0.19479262828826904,2,1,0.18966224789619446,2,1,0.1977796107530594,2,1,0.21238675713539124,2,1,0.2053777128458023
subject_14:sample_0001947,14,1947,2,2,1,2,1,2,1,0.19474895298480988,2,1,0.18951140344142914,2,1,0.19758179783821106,2,1,0.21259737014770508,2,1,0.20555953681468964
subject_14:sample_0001948,14,1948,2,2,1,2,1,2,1,0.19462135434150696,2,1,0.1895066648721695,2,1,0.1973627656698227,2,1,0.21282604336738586,2,1,0.205682173371315
subject_14:sample_0001949,14,1949,2,2,1,2,1,2,1,0.19457228481769562,2,1,0.1895480751991272,2,1,0.19714707136154175,2,1,0.2127913236618042,2,1,0.20594030618667603
subject_14:sample_0001950,14,1950,2,2,1,2,1,2,1,0.19455726444721222,2,1,0.1895151138305664,2,1,0.19699664413928986,2,1,0.21266107261180878,2,1,0.20626893639564514
subject_14:sample_0001951,14,1951,2,2,1,2,1,2,1,0.19453316926956177,2,1,0.189493328332901,2,1,0.19678688049316406,2,1,0.21255743503570557,2,1,0.20662829279899597
subject_14:sample_0001952,14,1952,2,2,1,2,1,2,1,0.19455668330192566,2,1,0.18931269645690918,2,1,0.19676288962364197,2,1,0.21232478320598602,2,1,0.2070419192314148
subject_14:sample_0001953,14,1953,2,2,1,2,1,2,1,0.1946330964565277,2,1,0.18906575441360474,2,1,0.19677862524986267,2,1,0.2121644914150238,2,1,0.20735706388950348
subject_14:sample_0001954,14,1954,2,2,1,2,1,2,1,0.19474990665912628,2,1,0.1889394372701645,2,1,0.19683924317359924,2,1,0.2118518352508545,2,1,0.20761863887310028
subject_14:sample_0001955,14,1955,2,2,1,2,1,2,1,0.1949305236339569,2,1,0.18873196840286255,2,1,0.19688820838928223,2,1,0.21170243620872498,2,1,0.20774590969085693
subject_14:sample_0001956,14,1956,2,2,1,2,1,2,1,0.19506876170635223,2,1,0.18849347531795502,2,1,0.19691140949726105,2,1,0.21160727739334106,2,1,0.20791813731193542
subject_14:sample_0001957,14,1957,2,2,1,2,1,2,1,0.19519957900047302,2,1,0.18837442994117737,2,1,0.19693243503570557,2,1,0.21137265861034393,2,1,0.20811989903450012
subject_14:sample_0001958,14,1958,2,2,1,2,1,2,1,0.19538995623588562,2,1,0.18818098306655884,2,1,0.19699442386627197,2,1,0.21105341613292694,2,1,0.20838023722171783
subject_14:sample_0001959,14,1959,2,2,1,2,1,2,1,0.19569922983646393,2,1,0.18773996829986572,2,1,0.19719074666500092,2,1,0.2106393724679947,2,1,0.20872975885868073
subject_14:sample_0001960,14,1960,2,2,1,2,1,2,1,0.19609525799751282,2,1,0.18706034123897552,2,1,0.1975754052400589,2,1,0.21012060344219208,2,1,0.20914746820926666
subject_14:sample_0001961,14,1961,2,2,1,2,1,2,1,0.19662657380104065,2,1,0.18591639399528503,2,1,0.19799062609672546,2,1,0.2098943442106247,2,1,0.20957112312316895
subject_14:sample_0001962,14,1962,2,2,1,2,1,2,1,0.19720503687858582,2,1,0.18443883955478668,2,1,0.1982048898935318,2,1,0.21010294556617737,2,1,0.21004731953144073
subject_14:sample_0001963,14,1963,2,2,1,2,1,2,1,0.197716623544693,2,1,0.18292678892612457,2,1,0.19838036596775055,2,1,0.21042916178703308,2,1,0.2105460911989212
subject_14:sample_0001964,14,1964,2,2,1,2,1,2,1,0.19807198643684387,2,1,0.18169276416301727,2,1,0.19846107065677643,2,1,0.21068280935287476,2,1,0.21109043061733246
subject_14:sample_0001965,14,1965,2,2,1,2,1,2,1,0.19831740856170654,2,1,0.18053275346755981,2,1,0.1982889324426651,2,1,0.21116724610328674,2,1,0.2116927057504654
subject_14:sample_0001966,14,1966,2,2,1,2,1,2,1,0.1984560489654541,2,1,0.17931710183620453,2,1,0.19814755022525787,2,1,0.2117004543542862,2,1,0.2123778909444809
subject_14:sample_0001967,14,1967,2,2,1,2,1,2,1,0.19844591617584229,2,1,0.17859101295471191,2,1,0.1980069875717163,2,1,0.212009996175766,2,1,0.21294516324996948
subject_14:sample_0001968,14,1968,2,2,1,2,1,2,1,0.19849513471126556,2,1,0.17734664678573608,2,1,0.19813993573188782,2,1,0.2123025357723236,2,1,0.21371474862098694
subject_14:sample_0001969,14,1969,2,2,1,2,1,2,1,0.19870460033416748,2,1,0.17558950185775757,2,1,0.19848491251468658,2,1,0.21271581947803497,2,1,0.214504212141037
subject_14:sample_0001970,14,1970,2,2,1,2,1,2,1,0.19886142015457153,2,1,0.1743994653224945,2,1,0.19890376925468445,2,1,0.21279215812683105,2,1,0.21504218876361847
subject_14:sample_0001971,14,1971,2,2,1,2,1,2,1,0.19889993965625763,2,1,0.17430005967617035,2,1,0.1990126520395279,2,1,0.21247605979442596,2,1,0.21531033515930176
subject_14:sample_0001972,14,1972,2,2,1,2,1,2,1,0.19873298704624176,2,1,0.17591318488121033,2,1,0.19865719974040985,2,1,0.21155069768428802,2,1,0.21514499187469482
subject_14:sample_0001973,14,1973,2,2,1,2,1,2,1,0.1984751671552658,2,1,0.1779927760362625,2,1,0.1980828195810318,2,1,0.21070052683353424,2,1,0.21474774181842804
subject_14:sample_0001974,14,1974,2,2,1,2,1,2,1,0.1984037160873413,2,1,0.1795138567686081,2,1,0.19759048521518707,2,1,0.21023507416248322,2,1,0.2142559140920639
subject_14:sample_0001975,14,1975,2,2,1,2,1,2,1,0.1982697993516922,2,1,0.1811024248600006,2,1,0.19723540544509888,2,1,0.20981743931770325,2,1,0.21357391774654388
subject_14:sample_0001976,14,1976,2,2,1,2,1,2,1,0.19819727540016174,2,1,0.18209372460842133,2,1,0.1970330774784088,2,1,0.20957235991954803,2,1,0.2131025195121765
subject_14:sample_0001977,14,1977,2,2,1,2,1,2,1,0.19824913144111633,2,1,0.1820221096277237,2,1,0.19694922864437103,2,1,0.20985345542430878,2,1,0.21292516589164734
subject_14:sample_0001978,14,1978,2,2,1,2,1,2,1,0.19818803668022156,2,1,0.18238790333271027,2,1,0.19688166677951813,2,1,0.20973876118659973,2,1,0.21280263364315033
subject_14:sample_0001979,14,1979,2,2,1,2,1,2,1,0.19807536900043488,2,1,0.18317024409770966,2,1,0.19668376445770264,2,1,0.2095155566930771,2,1,0.21255405247211456
subject_14:sample_0001980,14,1980,2,2,1,2,1,2,1,0.19808341562747955,2,1,0.18317879736423492,2,1,0.19660021364688873,2,1,0.20949658751487732,2,1,0.21264006197452545
subject_14:sample_0001981,14,1981,2,2,1,2,1,2,1,0.1978994905948639,2,1,0.1840222179889679,2,1,0.1964283287525177,2,1,0.20922960340976715,2,1,0.21241939067840576
subject_14:sample_0001982,14,1982,2,2,1,2,1,2,1,0.19753839075565338,2,1,0.18574118614196777,2,1,0.19597868621349335,2,1,0.20883618295192719,2,1,0.2119046002626419
subject_14:sample_0001983,14,1983,2,2,1,2,1,2,1,0.19710800051689148,2,1,0.18767473101615906,2,1,0.19548097252845764,2,1,0.2083994746208191,2,1,0.21133580803871155
subject_14:sample_0001984,14,1984,2,2,1,2,1,2,1,0.19653654098510742,2,1,0.18976721167564392,2,1,0.195060133934021,2,1,0.2079026848077774,2,1,0.21073246002197266
subject_14:sample_0001985,14,1985,2,2,1,2,1,2,1,0.1961672455072403,2,1,0.19117912650108337,2,1,0.1947045922279358,2,1,0.20750349760055542,2,1,0.21044455468654633
subject_14:sample_0001986,14,1986,2,2,1,2,1,2,1,0.19602322578430176,2,1,0.19213765859603882,2,1,0.19438007473945618,2,1,0.2070208489894867,2,1,0.21043726801872253
subject_14:sample_0001987,14,1987,2,2,1,2,1,2,1,0.19595009088516235,2,1,0.19272683560848236,2,1,0.1942804753780365,2,1,0.20653598010540009,2,1,0.2105056643486023
subject_14:sample_0001988,14,1988,2,2,1,2,1,2,1,0.19597163796424866,2,1,0.19312839210033417,2,1,0.19412195682525635,2,1,0.20602944493293762,2,1,0.21074767410755157
subject_14:sample_0001989,14,1989,2,2,1,2,1,2,1,0.19597838819026947,2,1,0.19344373047351837,2,1,0.19399866461753845,2,1,0.20562127232551575,2,1,0.21095702052116394
subject_14:sample_0001990,14,1990,2,2,1,2,1,2,1,0.19596220552921295,2,1,0.19357728958129883,2,1,0.1939571052789688,2,1,0.2054104506969452,2,1,0.21109196543693542
subject_14:sample_0001991,14,1991,2,2,1,2,1,2,1,0.19595955312252045,2,1,0.19375620782375336,2,1,0.19387999176979065,2,1,0.20515760779380798,2,1,0.21124565601348877
subject_14:sample_0001992,14,1992,2,2,1,2,1,2,1,0.19590449333190918,2,1,0.1939435750246048,2,1,0.19387228786945343,2,1,0.20494793355464935,2,1,0.2113308161497116
subject_14:sample_0001993,14,1993,2,2,1,2,1,2,1,0.195778489112854,2,1,0.19413748383522034,2,1,0.1939643770456314,2,1,0.20477692782878876,2,1,0.21134181320667267
subject_14:sample_0001994,14,1994,2,2,1,2,1,2,1,0.1956688016653061,2,1,0.19429220259189606,2,1,0.19397717714309692,2,1,0.20464478433132172,2,1,0.2114160656929016
subject_14:sample_0001995,14,1995,2,2,1,2,1,2,1,0.1956557184457779,2,1,0.19447973370552063,2,1,0.19373689591884613,2,1,0.20440036058425903,2,1,0.2117263227701187
subject_14:sample_0001996,14,1996,2,2,1,2,1,2,1,0.19563157856464386,2,1,0.19470295310020447,2,1,0.19345708191394806,2,1,0.2042660266160965,2,1,0.21194137632846832
subject_14:sample_0001997,14,1997,2,2,1,2,1,2,1,0.19566413760185242,2,1,0.19488763809204102,2,1,0.19310042262077332,2,1,0.20416425168514252,2,1,0.21218252182006836
subject_14:sample_0001998,14,1998,2,2,1,2,1,2,1,0.19570352137088776,2,1,0.19506382942199707,2,1,0.19278091192245483,2,1,0.2040073722600937,2,1,0.2124434858560562
subject_14:sample_0001999,14,1999,2,2,1,2,1,2,1,0.19573387503623962,2,1,0.1952398121356964,2,1,0.19237756729125977,2,1,0.2039443403482437,2,1,0.21270348131656647
subject_14:sample_0002000,14,2000,2,2,1,2,1,2,1,0.1957639455795288,2,1,0.19540473818778992,2,1,0.1920837014913559,2,1,0.20380158722400665,2,1,0.2129451036453247
subject_14:sample_0002001,14,2001,2,2,1,2,1,2,1,0.19579491019248962,2,1,0.19557352364063263,2,1,0.19178764522075653,2,1,0.20367327332496643,2,1,0.213169664144516
subject_14:sample_0002002,14,2002,2,2,1,2,1,2,1,0.1959160715341568,2,1,0.19576600193977356,2,1,0.1912977546453476,2,1,0.20350196957588196,2,1,0.2135171741247177
subject_14:sample_0002003,14,2003,2,2,1,2,1,2,1,0.1960851103067398,2,1,0.19594235718250275,2,1,0.1907435804605484,2,1,0.20315900444984436,2,1,0.21406890451908112
subject_14:sample_0002004,14,2004,2,2,1,2,1,2,1,0.19620338082313538,2,1,0.19608816504478455,2,1,0.19026069343090057,2,1,0.202801913022995,2,1,0.2146448791027069
subject_14:sample_0002005,14,2005,2,2,1,2,1,2,1,0.19636930525302887,2,1,0.19622501730918884,2,1,0.18969541788101196,2,1,0.20241957902908325,2,1,0.2152896672487259
subject_14:sample_0002006,14,2006,2,2,1,2,1,2,1,0.19656512141227722,2,1,0.19633539021015167,2,1,0.1890932023525238,2,1,0.20195135474205017,2,1,0.2160540074110031
subject_14:sample_0002007,14,2007,2,2,1,2,1,2,1,0.196881502866745,2,1,0.19639676809310913,2,1,0.18857815861701965,2,1,0.20121553540229797,2,1,0.21692708134651184
subject_14:sample_0002008,14,2008,2,2,1,2,1,2,1,0.19710871577262878,2,1,0.19627921283245087,2,1,0.1883781999349594,2,1,0.20068195462226868,2,1,0.21755096316337585
subject_14:sample_0002009,14,2009,2,2,1,2,1,2,1,0.19728124141693115,2,1,0.19607995450496674,2,1,0.18821211159229279,2,1,0.2004062384366989,2,1,0.2180195450782776
subject_14:sample_0002010,14,2010,2,2,1,2,1,2,1,0.20856168866157532,2,1,0.18499669432640076,0,0,0.13391627371311188,2,1,0.223548024892807,2,1,0.24897632002830505
subject_14:sample_0002011,14,2011,2,2,1,2,1,2,1,0.20802699029445648,2,1,0.1863248497247696,0,0,0.13464060425758362,2,1,0.22235487401485443,2,1,0.2486516535282135
subject_14:sample_0002012,14,2012,2,2,1,2,1,2,1,0.2074028104543686,2,1,0.18743449449539185,0,0,0.135529026389122,2,1,0.22166410088539124,2,1,0.2479686290025711
subject_14:sample_0002013,14,2013,2,2,1,2,1,2,1,0.2071160525083542,2,1,0.1871260106563568,0,0,0.13586483895778656,2,1,0.22193530201911926,2,1,0.247956782579422
subject_14:sample_0002014,14,2014,2,2,1,2,1,2,1,0.20624926686286926,2,1,0.18799477815628052,0,0,0.13630323112010956,2,1,0.22189852595329285,2,1,0.2475532740354538
subject_14:sample_0002015,14,2015,2,2,1,2,1,2,1,0.20550864934921265,2,1,0.18852518498897552,0,0,0.1365620642900467,2,1,0.22208060324192047,2,1,0.24732260406017303
subject_14:sample_0002016,14,2016,2,2,1,2,1,2,1,0.2048720419406891,2,1,0.18864597380161285,0,0,0.1364428699016571,2,1,0.22235612571239471,2,1,0.24768204987049103
subject_14:sample_0002017,14,2017,2,2,1,2,1,2,1,0.20432424545288086,2,1,0.18816186487674713,0,0,0.13609980046749115,2,1,0.22340765595436096,2,1,0.24800541996955872
subject_14:sample_0002018,14,2018,2,2,1,2,1,2,1,0.20336134731769562,2,1,0.18723778426647186,0,0,0.13593131303787231,2,1,0.22535870969295502,2,1,0.2481098473072052
subject_14:sample_0002019,14,2019,2,2,1,2,1,2,1,0.20214781165122986,2,1,0.1860518455505371,0,0,0.1351611316204071,2,1,0.22804243862628937,2,1,0.24859580397605896
subject_14:sample_0002020,14,2020,2,2,1,2,1,2,1,0.20080190896987915,2,1,0.18457263708114624,0,0,0.13470253348350525,2,1,0.23073339462280273,2,1,0.24918855726718903
subject_14:sample_0002021,14,2021,2,2,1,2,1,2,1,0.19947019219398499,2,1,0.18306691944599152,0,0,0.1345662921667099,2,1,0.23282326757907867,2,1,0.25007233023643494
subject_14:sample_0002022,14,2022,2,2,1,2,1,2,1,0.1978234052658081,2,1,0.1827966272830963,0,0,0.1348361074924469,2,1,0.23416483402252197,2,1,0.2503781020641327
subject_14:sample_0002023,14,2023,2,2,1,2,1,2,1,0.19587373733520508,2,1,0.1825508326292038,0,0,0.13536961376667023,2,1,0.2354862242937088,2,1,0.2507186233997345
subject_14:sample_0002024,14,2024,2,2,1,2,1,2,1,0.19431151449680328,2,1,0.18200793862342834,0,0,0.13597208261489868,2,1,0.23705315589904785,2,1,0.2506543695926666
subject_14:sample_0002025,14,2025,2,2,1,2,1,2,1,0.19202680885791779,2,1,0.18231503665447235,0,0,0.13640695810317993,2,1,0.2387121468782425,2,1,0.25053802132606506
subject_14:sample_0002026,14,2026,2,2,1,2,1,2,1,0.18963849544525146,2,1,0.18251197040081024,0,0,0.13779498636722565,2,1,0.2402191162109375,2,1,0.24983440339565277
subject_14:sample_0002027,14,2027,2,2,1,2,1,2,1,0.18845127522945404,2,1,0.18308241665363312,0,0,0.1390676200389862,2,1,0.24068760871887207,2,1,0.24871014058589935
subject_14:sample_0002028,14,2028,2,2,1,2,1,2,1,0.18732808530330658,2,1,0.1837853342294693,0,0,0.14066125452518463,2,1,0.24058032035827637,2,1,0.2476440966129303
subject_14:sample_0002029,14,2029,2,2,1,2,1,2,1,0.18605658411979675,2,1,0.18499042093753815,0,0,0.1421211212873459,2,1,0.24004565179347992,2,1,0.24678528308868408
subject_14:sample_0002030,14,2030,2,2,1,2,1,2,1,0.18536821007728577,2,1,0.18691305816173553,0,0,0.14284402132034302,2,1,0.23916201293468475,2,1,0.2457117736339569
subject_14:sample_0002031,14,2031,2,2,1,2,1,2,1,0.1853049099445343,2,1,0.1884603202342987,0,0,0.14317971467971802,2,1,0.2383091151714325,2,1,0.2447449117898941
subject_14:sample_0002032,14,2032,2,2,1,2,1,2,1,0.18573586642742157,2,1,0.19029977917671204,0,0,0.1431671530008316,2,1,0.23700761795043945,2,1,0.2437886893749237
subject_14:sample_0002033,14,2033,2,2,1,2,1,2,1,0.18552514910697937,2,1,0.19214566051959991,0,0,0.14206796884536743,2,1,0.23660428822040558,2,1,0.2436559796333313
subject_14:sample_0002034,14,2034,2,2,1,2,1,2,1,0.18495061993598938,2,1,0.1923876851797104,0,0,0.14048095047473907,2,1,0.23755519092082977,2,1,0.24462458491325378
subject_14:sample_0002035,14,2035,2,2,1,2,1,2,1,0.18370288610458374,2,1,0.19283150136470795,0,0,0.1398112177848816,2,1,0.23835863173007965,2,1,0.24529477953910828
subject_14:sample_0002036,14,2036,2,2,1,2,1,2,1,0.18335680663585663,2,1,0.19227436184883118,0,0,0.13952000439167023,2,1,0.23892514407634735,2,1,0.2459227740764618
subject_14:sample_0002037,14,2037,2,2,1,2,1,2,1,0.18356704711914062,2,1,0.1909051537513733,0,0,0.13935209810733795,2,1,0.2395934909582138,2,1,0.24658121168613434
subject_14:sample_0002038,14,2038,2,2,1,2,1,2,1,0.18422797322273254,2,1,0.18836748600006104,0,0,0.13908138871192932,2,1,0.24095430970191956,2,1,0.24736790359020233
subject_14:sample_0002039,14,2039,2,2,1,2,1,2,1,0.185771182179451,2,1,0.1846441924571991,0,0,0.13922037184238434,2,1,0.24239157140254974,2,1,0.24797169864177704
subject_14:sample_0002040,14,2040,2,2,1,2,1,2,1,0.1867101639509201,2,1,0.1821834295988083,0,0,0.13941486179828644,2,1,0.2432999461889267,2,1,0.2483905553817749
subject_14:sample_0002041,14,2041,2,2,1,2,1,2,1,0.188034787774086,2,1,0.17962504923343658,0,0,0.13961292803287506,2,1,0.24378901720046997,2,1,0.24893727898597717
subject_14:sample_0002042,14,2042,2,2,1,2,1,2,1,0.18951310217380524,2,1,0.17696309089660645,0,0,0.14003974199295044,2,1,0.24397486448287964,2,1,0.24950827658176422
subject_14:sample_0002043,14,2043,2,2,1,2,1,2,1,0.19136501848697662,2,1,0.17472566664218903,0,0,0.13979646563529968,2,1,0.24424999952316284,2,1,0.24986185133457184
subject_14:sample_0002044,14,2044,2,2,1,2,1,2,1,0.19271928071975708,2,1,0.17343631386756897,0,0,0.1392551064491272,2,1,0.24453294277191162,2,1,0.2500554025173187
subject_14:sample_0002045,14,2045,2,2,1,2,1,2,1,0.1946498602628708,2,1,0.17145518958568573,0,0,0.13847286999225616,2,1,0.24468578398227692,2,1,0.2507352828979492
subject_14:sample_0002046,14,2046,2,2,1,2,1,2,1,0.19638295471668243,2,1,0.1697567105293274,0,0,0.13717588782310486,2,1,0.24543194472789764,2,1,0.25125154852867126
subject_14:sample_0002047,14,2047,2,2,1,2,1,2,1,0.19825810194015503,2,1,0.16773748397827148,0,0,0.1366048902273178,2,1,0.245998352766037,2,1,0.2514002323150635
subject_14:sample_0002048,14,2048,2,2,1,2,1,0,0,0.16311430931091309,2,1,0.220060333609581,2,1,0.2247629314661026,1,0,0.14053243398666382,2,1,0.2515290081501007
subject_14:sample_0002049,14,2049,2,2,1,2,1,2,1,0.16665388643741608,2,1,0.2197486013174057,2,1,0.22472728788852692,1,0,0.13822168111801147,2,1,0.25064757466316223
subject_14:sample_0002050,14,2050,2,2,1,2,1,2,1,0.16936132311820984,2,1,0.2191760241985321,2,1,0.22490814328193665,1,0,0.1368885487318039,2,1,0.2496650516986847
subject_14:sample_0002051,14,2051,2,2,1,2,1,2,1,0.17228510975837708,2,1,0.21862611174583435,2,1,0.2248222380876541,1,0,0.13551169633865356,2,1,0.24875383079051971
subject_14:sample_0002052,14,2052,2,2,1,2,1,2,1,0.17494574189186096,2,1,0.2181008756160736,2,1,0.2250056266784668,1,0,0.1339835673570633,2,1,0.24796321988105774
subject_14:sample_0002053,14,2053,2,2,1,2,1,2,1,0.17702564597129822,2,1,0.2175801396369934,2,1,0.22501954436302185,1,0,0.13311176002025604,2,1,0.24726185202598572
subject_14:sample_0002054,14,2054,2,2,1,2,1,2,1,0.17746177315711975,2,1,0.21739688515663147,2,1,0.22549839317798615,1,0,0.13259385526180267,2,1,0.24704809486865997
subject_14:sample_0002055,14,2055,2,2,1,2,1,2,1,0.177032008767128,2,1,0.21745796501636505,2,1,0.2259385585784912,1,0,0.13244740664958954,2,1,0.24712307751178741
subject_14:sample_0002056,14,2056,2,2,1,2,1,2,1,0.17742924392223358,2,1,0.21748751401901245,2,1,0.22602999210357666,1,0,0.13190466165542603,2,1,0.24714763462543488
subject_14:sample_0002057,14,2057,2,2,1,2,1,2,1,0.17780956625938416,2,1,0.21758513152599335,2,1,0.2257804572582245,1,0,0.13160933554172516,2,1,0.24721458554267883
subject_14:sample_0002058,14,2058,2,2,1,2,1,2,1,0.17794200778007507,2,1,0.21768245100975037,2,1,0.22547216713428497,1,0,0.13173305988311768,2,1,0.2471693903207779
subject_14:sample_0002059,14,2059,2,2,1,2,1,2,1,0.178312748670578,2,1,0.21759569644927979,2,1,0.22507327795028687,1,0,0.13207998871803284,2,1,0.2469373494386673
subject_14:sample_0002060,14,2060,2,2,1,2,1,2,1,0.17861434817314148,2,1,0.21773181855678558,2,1,0.224614679813385,1,0,0.13216328620910645,2,1,0.24687492847442627
subject_14:sample_0002061,14,2061,2,2,1,2,1,2,1,0.1790277510881424,2,1,0.21778400242328644,2,1,0.22384317219257355,1,0,0.13265030086040497,2,1,0.24669386446475983
subject_14:sample_0002062,14,2062,2,2,1,2,1,2,1,0.17993031442165375,2,1,0.21777649223804474,2,1,0.2230006605386734,1,0,0.1328369826078415,2,1,0.2464546263217926
subject_14:sample_0002063,14,2063,2,2,1,2,1,2,1,0.18091046810150146,2,1,0.21772903203964233,2,1,0.22221781313419342,1,0,0.1330142319202423,2,1,0.24612745642662048
subject_14:sample_0002064,14,2064,2,2,1,2,1,2,1,0.1816079318523407,2,1,0.2176310420036316,2,1,0.22118647396564484,1,0,0.1337391585111618,2,1,0.24583449959754944
subject_14:sample_0002065,14,2065,2,2,1,2,1,2,1,0.1812368482351303,2,1,0.2178722470998764,2,1,0.22055009007453918,1,0,0.1344059258699417,2,1,0.2459338754415512
subject_14:sample_0002066,14,2066,2,2,1,2,1,2,1,0.18051433563232422,2,1,0.21800285577774048,2,1,0.22030450403690338,1,0,0.1353706270456314,2,1,0.2458067238330841
subject_14:sample_0002067,14,2067,2,2,1,2,1,2,1,0.17981238663196564,2,1,0.21809551119804382,2,1,0.2205619215965271,1,0,0.13605539500713348,2,1,0.24547386169433594
subject_14:sample_0002068,14,2068,2,2,1,2,1,2,1,0.17885039746761322,2,1,0.21847587823867798,2,1,0.22051168978214264,1,0,0.1369381994009018,2,1,0.24522288143634796
subject_14:sample_0002069,14,2069,2,2,1,2,1,2,1,0.17832235991954803,2,1,0.21893265843391418,2,1,0.22062374651432037,1,0,0.1371149867773056,2,1,0.24500520527362823
subject_14:sample_0002070,14,2070,2,2,1,2,1,0,0,0.17788730561733246,2,1,0.21997962892055511,2,1,0.21941396594047546,1,0,0.13778680562973022,2,1,0.24493123590946198
subject_14:sample_0002071,14,2071,2,2,1,2,1,0,0,0.17646370828151703,2,1,0.2213088572025299,2,1,0.21854248642921448,1,0,0.13894763588905334,2,1,0.24473635852336884
subject_14:sample_0002072,14,2072,2,2,1,2,1,0,0,0.1748080551624298,2,1,0.22250927984714508,2,1,0.2183542102575302,1,0,0.139945387840271,2,1,0.2443821132183075
subject_14:sample_0002073,14,2073,2,2,1,2,1,0,0,0.17284061014652252,2,1,0.2230401486158371,2,1,0.21922816336154938,1,0,0.14130960404872894,2,1,0.24358059465885162
subject_14:sample_0002074,14,2074,2,2,1,2,1,0,0,0.17126499116420746,2,1,0.2222592681646347,2,1,0.2204960584640503,1,0,0.14291952550411224,2,1,0.2430591881275177
subject_14:sample_0002075,14,2075,2,2,1,2,1,0,0,0.16970106959342957,2,1,0.21982455253601074,2,1,0.2227148562669754,1,0,0.14514108002185822,2,1,0.24261748790740967
subject_14:sample_0002076,14,2076,2,2,1,2,1,0,0,0.16822881996631622,2,1,0.2158033698797226,2,1,0.22520114481449127,1,0,0.1483631432056427,2,1,0.24240262806415558
subject_14:sample_0002077,14,2077,2,2,1,2,1,0,0,0.16712896525859833,2,1,0.21116720139980316,2,1,0.22732265293598175,1,0,0.15115831792354584,2,1,0.24322187900543213
subject_14:sample_0002078,14,2078,2,2,1,2,1,0,0,0.16637498140335083,2,1,0.20806823670864105,2,1,0.2294871211051941,1,0,0.1527961641550064,2,1,0.2432725429534912
subject_14:sample_0002079,14,2079,2,2,1,2,1,0,0,0.16556020081043243,2,1,0.20430217683315277,2,1,0.2317335456609726,1,0,0.15505775809288025,2,1,0.24334532022476196
subject_14:sample_0002080,14,2080,2,2,1,2,1,0,0,0.16452118754386902,2,1,0.1995019018650055,2,1,0.23394924402236938,1,0,0.1584259420633316,2,1,0.24360068142414093
subject_14:sample_0002081,14,2081,2,2,1,2,1,0,0,0.16368694603443146,2,1,0.1944366842508316,2,1,0.2357257902622223,1,0,0.1621144711971283,2,1,0.24403519928455353
subject_14:sample_0002082,14,2082,2,2,1,2,1,0,0,0.16294656693935394,0,0,0.18847599625587463,2,1,0.23705355823040009,0,0,0.16784809529781342,2,1,0.2436748892068863
subject_14:sample_0002083,14,2083,2,2,1,2,1,0,0,0.1624993532896042,0,0,0.18333113193511963,2,1,0.237716406583786,0,0,0.17319242656230927,2,1,0.2432597279548645
subject_14:sample_0002084,14,2084,2,2,1,0,0,0,0,0.16130685806274414,0,0,0.17813348770141602,2,1,0.24025779962539673,0,0,0.17664659023284912,2,1,0.24365434050559998
subject_14:sample_0002085,14,2085,2,2,1,0,0,0,0,0.1608666181564331,0,0,0.17464043200016022,2,1,0.2442866861820221,0,0,0.1757635921239853,2,1,0.2444417029619217
subject_14:sample_0002086,14,2086,2,2,1,0,0,0,0,0.1617826372385025,0,0,0.1725289672613144,2,1,0.24879826605319977,0,0,0.17080390453338623,2,1,0.24608534574508667
subject_14:sample_0002087,14,2087,2,2,1,0,0,0,0,0.16195392608642578,0,0,0.16990990936756134,2,1,0.25374647974967957,0,0,0.16612006723880768,2,1,0.24826864898204803
subject_14:sample_0002088,14,2088,2,2,1,0,0,0,0,0.16164414584636688,0,0,0.16837988793849945,2,1,0.25702381134033203,0,0,0.16299915313720703,2,1,0.24995210766792297
subject_14:sample_0002089,14,2089,2,2,1,0,0,0,0,0.16188135743141174,0,0,0.16816668212413788,2,1,0.25819075107574463,0,0,0.16142310202121735,2,1,0.25033706426620483
subject_14:sample_0002090,14,2090,2,2,1,0,0,0,0,0.16209696233272552,0,0,0.16776008903980255,2,1,0.2585393190383911,0,0,0.16050440073013306,2,1,0.2510983347892761
subject_14:sample_0002091,14,2091,2,2,1,0,0,0,0,0.16229675710201263,0,0,0.16721773147583008,2,1,0.25878405570983887,0,0,0.16012786328792572,2,1,0.2515726685523987
subject_14:sample_0002092,14,2092,2,2,1,0,0,0,0,0.16304026544094086,0,0,0.1667180359363556,2,1,0.25817856192588806,0,0,0.16024476289749146,2,1,0.2518174648284912
subject_14:sample_0002093,14,2093,2,2,1,0,0,0,0,0.16394926607608795,0,0,0.16642242670059204,2,1,0.2571329176425934,0,0,0.16062499582767487,2,1,0.2518693804740906
subject_14:sample_0002094,14,2094,2,2,1,0,0,0,0,0.16512803733348846,0,0,0.16671931743621826,2,1,0.2553249001502991,0,0,0.16137269139289856,2,1,0.25145411491394043
subject_14:sample_0002095,14,2095,2,0,0,0,0,0,0,0.16660863161087036,0,0,0.16652075946331024,2,1,0.25290942192077637,0,0,0.16247670352458954,2,1,0.2514835298061371
subject_14:sample_0002096,14,2096,2,0,0,0,0,0,0,0.16806739568710327,0,0,0.16627137362957,2,1,0.24972933530807495,0,0,0.16374142467975616,2,1,0.2521895170211792
subject_14:sample_0002097,14,2097,2,0,0,0,0,0,0,0.16927973926067352,0,0,0.1653658151626587,2,1,0.24745111167430878,0,0,0.16502468287944794,2,1,0.2528776526451111
subject_14:sample_0002098,14,2098,2,0,0,0,0,0,0,0.17092269659042358,0,0,0.16476386785507202,2,1,0.24401214718818665,0,0,0.16679276525974274,2,1,0.2535075545310974
subject_14:sample_0002099,14,2099,2,0,0,0,0,0,0,0.17269380390644073,0,0,0.1646040976047516,2,1,0.2407720386981964,0,0,0.16852045059204102,2,1,0.25340861082077026
subject_14:sample_0002100,14,2100,2,0,0,0,0,0,0,0.17413346469402313,0,0,0.16489970684051514,2,1,0.2385103553533554,0,0,0.16952092945575714,2,1,0.2529345452785492
subject_14:sample_0002101,14,2101,2,0,0,0,0,0,0,0.17556704580783844,0,0,0.16568098962306976,2,1,0.23593361675739288,0,0,0.17027032375335693,2,1,0.252547025680542
subject_14:sample_0002102,14,2102,2,0,0,0,0,0,0,0.17740067839622498,0,0,0.16700884699821472,0,0,0.2324114590883255,0,0,0.17132312059402466,2,1,0.25185495615005493
subject_14:sample_0002103,14,2103,2,0,0,0,0,0,0,0.17936554551124573,0,0,0.16868740320205688,0,0,0.2286543995141983,0,0,0.17259572446346283,0,0,0.2506960332393646
subject_14:sample_0002104,14,2104,2,0,0,0,0,0,0,0.18196642398834229,0,0,0.1700986921787262,0,0,0.22459031641483307,0,0,0.17444270849227905,0,0,0.24890092015266418
subject_14:sample_0002105,14,2105,2,0,0,0,0,0,0,0.18455880880355835,0,0,0.17157290875911713,0,0,0.22118672728538513,0,0,0.17613543570041656,0,0,0.24654512107372284
subject_14:sample_0002106,14,2106,2,0,0,0,0,0,0,0.1872929185628891,0,0,0.17271099984645844,0,0,0.218791201710701,0,0,0.1778874546289444,0,0,0.2433164417743683
subject_14:sample_0002107,14,2107,2,0,0,0,0,0,0,0.1900169849395752,0,0,0.17425043880939484,0,0,0.21587413549423218,0,0,0.1798761934041977,0,0,0.2399812787771225
subject_14:sample_0002108,14,2108,2,0,0,0,0,0,0,0.19245785474777222,0,0,0.1756739616394043,0,0,0.2126598209142685,0,0,0.1815745234489441,0,0,0.23763293027877808
subject_14:sample_0002109,14,2109,2,0,0,0,0,0,0,0.19519981741905212,0,0,0.17819927632808685,0,0,0.21040783822536469,0,0,0.18348199129104614,0,0,0.2327101081609726
subject_14:sample_0002110,14,2110,2,0,0,0,0,0,0,0.19788303971290588,0,0,0.1812816560268402,0,0,0.20935744047164917,0,0,0.18519966304302216,0,0,0.22627727687358856
subject_14:sample_0002111,14,2111,2,0,0,0,0,0,0,0.19995154440402985,0,0,0.18405181169509888,0,0,0.20817506313323975,0,0,0.18657362461090088,0,0,0.22124694287776947
subject_14:sample_0002112,14,2112,2,0,0,0,0,0,0,0.20192062854766846,0,0,0.18679279088974,0,0,0.20663364231586456,0,0,0.1879332959651947,0,0,0.21671874821186066
subject_14:sample_0002113,14,2113,2,0,0,0,0,0,0,0.20352478325366974,0,0,0.18912412226200104,0,0,0.2055349349975586,0,0,0.18918809294700623,0,0,0.212627112865448
subject_14:sample_0002114,14,2114,2,0,0,0,0,0,0,0.20478618144989014,0,0,0.19137528538703918,0,0,0.20536921918392181,0,0,0.1900644153356552,0,0,0.20840393006801605
subject_14:sample_0002115,14,2115,2,0,0,0,0,0,0,0.20576995611190796,0,0,0.19284139573574066,0,0,0.20547063648700714,0,0,0.19047866761684418,0,0,0.20543843507766724
subject_14:sample_0002116,14,2116,2,0,0,0,0,0,0,0.20635613799095154,0,0,0.19413645565509796,0,0,0.20611335337162018,0,0,0.19034481048583984,0,0,0.2030482292175293
subject_14:sample_0002117,14,2117,2,0,0,0,0,0,0,0.2066708207130432,0,0,0.19543874263763428,0,0,0.20723015069961548,0,0,0.18985295295715332,0,0,0.2008063793182373
subject_14:sample_0002118,14,2118,2,0,0,0,0,0,0,0.2070077657699585,0,0,0.19670352339744568,0,0,0.20836113393306732,0,0,0.18935546278953552,0,0,0.19857117533683777
subject_14:sample_0002119,14,2119,2,0,0,0,0,0,0,0.20725058019161224,0,0,0.19830574095249176,0,0,0.20932039618492126,0,0,0.18884406983852386,0,0,0.1962781697511673
subject_14:sample_0002120,14,2120,2,0,0,0,0,0,0,0.2075657695531845,0,0,0.19978247582912445,0,0,0.2104792296886444,0,0,0.18843813240528107,0,0,0.19373348355293274
subject_14:sample_0002121,14,2121,2,0,0,0,0,0,0,0.2075672447681427,0,0,0.20194870233535767,0,0,0.21196766197681427,0,0,0.18773822486400604,0,0,0.19077721238136292
subject_14:sample_0002122,14,2122,2,0,0,0,0,0,0,0.20747795701026917,0,0,0.20402903854846954,0,0,0.2130531519651413,0,0,0.18700335919857025,0,0,0.18843552470207214
subject_14:sample_0002123,14,2123,2,0,0,0,0,0,0,0.20700807869434357,0,0,0.20748816430568695,0,0,0.21346856653690338,0,0,0.18608026206493378,0,0,0.18595395982265472
subject_14:sample_0002124,14,2124,2,0,0,0,0,0,0,0.2061442732810974,0,0,0.21119897067546844,0,0,0.21357449889183044,0,0,0.1853264719247818,0,0,0.1837548017501831
subject_14:sample_0002125,14,2125,2,0,0,0,0,0,0,0.20468191802501678,0,0,0.21581663191318512,0,0,0.2133970707654953,0,0,0.18459749221801758,0,0,0.1815059334039688
subject_14:sample_0002126,14,2126,2,0,0,0,0,0,0,0.20308563113212585,0,0,0.2204955369234085,0,0,0.21322661638259888,0,0,0.18392927944660187,0,0,0.1792619824409485
subject_14:sample_0002127,14,2127,2,0,0,0,0,0,0,0.20194560289382935,0,0,0.22469250857830048,0,0,0.2121148556470871,0,0,0.1835196614265442,0,0,0.1777263730764389
subject_14:sample_0002128,14,2128,2,0,0,0,0,0,0,0.20095977187156677,0,0,0.2277514487504959,0,0,0.21091985702514648,0,0,0.18343472480773926,0,0,0.17693325877189636
subject_14:sample_0002129,14,2129,2,0,0,0,0,0,0,0.20029857754707336,0,0,0.23035764694213867,0,0,0.2094668298959732,0,0,0.18336309492588043,0,0,0.17651288211345673
subject_14:sample_0002130,14,2130,2,0,0,0,0,0,0,0.1997309774160385,0,0,0.23249714076519012,0,0,0.20820344984531403,0,0,0.18337172269821167,0,0,0.17619580030441284
subject_14:sample_0002131,14,2131,2,0,0,0,0,0,0,0.1991795003414154,0,0,0.23378491401672363,0,0,0.207609161734581,0,0,0.18337680399417877,0,0,0.1760486662387848
subject_14:sample_0002132,14,2132,2,0,0,0,0,0,0,0.19887346029281616,0,0,0.23481522500514984,0,0,0.20698343217372894,0,0,0.18334613740444183,0,0,0.175980806350708
subject_14:sample_0002133,14,2133,2,0,0,0,0,0,0,0.19879797101020813,0,0,0.23557662963867188,0,0,0.20634615421295166,0,0,0.18340609967708588,0,0,0.17587223649024963
subject_14:sample_0002134,14,2134,2,0,0,0,0,0,0,0.19904574751853943,0,0,0.23562006652355194,0,0,0.20572121441364288,0,0,0.18355944752693176,0,0,0.17605258524417877
subject_14:sample_0002135,14,2135,2,0,0,0,0,0,0,0.1992589384317398,0,0,0.23485611379146576,0,0,0.2057429403066635,0,0,0.18372796475887299,0,0,0.1764131337404251
subject_14:sample_0002136,14,2136,2,0,0,0,0,0,0,0.19953836500644684,0,0,0.2334362268447876,0,0,0.206404447555542,0,0,0.1838180124759674,0,0,0.17680194973945618
subject_14:sample_0002137,14,2137,2,0,0,0,0,0,0,0.19997434318065643,0,0,0.23159001767635345,0,0,0.20713435113430023,0,0,0.18388400971889496,0,0,0.17741626501083374
subject_14:sample_0002138,14,2138,2,0,0,0,0,0,0,0.2006158083677292,0,0,0.22848553955554962,0,0,0.20798014104366302,0,0,0.18404506146907806,0,0,0.1788724660873413
subject_14:sample_0002139,14,2139,2,0,0,0,0,0,0,0.20140227675437927,0,0,0.2253623902797699,0,0,0.2081049382686615,0,0,0.18442539870738983,0,0,0.18070407211780548
subject_14:sample_0002140,14,2140,2,0,0,0,0,0,0,0.20207162201404572,0,0,0.22204537689685822,0,0,0.20820960402488708,0,0,0.18472234904766083,0,0,0.18295013904571533
subject_14:sample_0002141,14,2141,2,0,0,0,0,0,0,0.20240849256515503,0,0,0.21860501170158386,0,0,0.20803549885749817,0,0,0.18508614599704742,0,0,0.18586388230323792
subject_14:sample_0002142,14,2142,2,0,0,0,0,0,0,0.20239926874637604,0,0,0.21529743075370789,0,0,0.20751257240772247,0,0,0.18556803464889526,0,0,0.18922163546085358
subject_14:sample_0002143,14,2143,2,0,0,0,0,0,0,0.20203304290771484,0,0,0.21180790662765503,0,0,0.20648996531963348,0,0,0.1862427294254303,0,0,0.19342540204524994
subject_14:sample_0002144,14,2144,2,0,0,0,0,0,0,0.20133370161056519,0,0,0.20882907509803772,0,0,0.2060215175151825,0,0,0.18576645851135254,0,0,0.19804833829402924
subject_14:sample_0002145,14,2145,2,0,0,0,0,0,0,0.2000875025987625,0,0,0.20571474730968475,0,0,0.20631234347820282,0,0,0.18098148703575134,0,0,0.20690298080444336
subject_14:sample_0002146,14,2146,2,0,0,0,0,0,0,0.19770291447639465,0,0,0.20090614259243011,0,0,0.20612174272537231,0,0,0.17403891682624817,0,0,0.22122932970523834
subject_14:sample_0002147,14,2147,2,0,0,0,0,0,0,0.19598343968391418,0,0,0.19551560282707214,0,0,0.20577332377433777,0,0,0.16930356621742249,0,0,0.23342308402061462
subject_14:sample_0002148,14,2148,2,0,0,0,0,0,0,0.19513636827468872,0,0,0.19124139845371246,0,0,0.2061278074979782,0,0,0.16716302931308746,2,1,0.24033045768737793
subject_14:sample_0002149,14,2149,2,0,0,0,0,0,0,0.19347363710403442,0,0,0.1874939352273941,0,0,0.20640608668327332,0,0,0.16635429859161377,2,1,0.24627111852169037
subject_14:sample_0002150,14,2150,2,0,0,0,0,0,0,0.1917189210653305,0,0,0.18418991565704346,0,0,0.20642969012260437,0,0,0.1676115095615387,2,1,0.2500489354133606
subject_14:sample_0002151,14,2151,2,0,0,0,0,0,0,0.19108615815639496,0,0,0.1808408945798874,2,1,0.20625624060630798,0,0,0.16972310841083527,2,1,0.2520926594734192
subject_14:sample_0002152,14,2152,2,2,1,0,0,2,1,0.19077898561954498,0,0,0.1781030148267746,2,1,0.20602989196777344,0,0,0.17282141745090485,2,1,0.2522657513618469
subject_14:sample_0002153,14,2153,2,2,1,2,1,2,1,0.19085045158863068,0,0,0.17558357119560242,2,1,0.20552043616771698,0,0,0.17661838233470917,2,1,0.25142621994018555
subject_14:sample_0002154,14,2154,2,2,1,2,1,2,1,0.1911369413137436,0,0,0.17348922789096832,2,1,0.20479503273963928,0,0,0.1809699684381485,2,1,0.24960781633853912
subject_14:sample_0002155,14,2155,2,2,1,2,1,2,1,0.19064073264598846,0,0,0.1719151884317398,2,1,0.20358110964298248,2,1,0.1867026388645172,2,1,0.24715934693813324
subject_14:sample_0002156,14,2156,2,2,1,2,1,2,1,0.19026148319244385,0,0,0.16996240615844727,2,1,0.20277827978134155,2,1,0.19219723343849182,2,1,0.2447996884584427
subject_14:sample_0002157,14,2157,2,2,1,2,1,2,1,0.18913120031356812,0,0,0.16803693771362305,2,1,0.20253151655197144,2,1,0.1967601627111435,2,1,0.24353928864002228
subject_14:sample_0002158,14,2158,2,2,1,2,1,2,1,0.18852049112319946,0,0,0.16610851883888245,2,1,0.2024778574705124,2,1,0.20075944066047668,2,1,0.24213272333145142
subject_14:sample_0002159,14,2159,2,2,1,2,1,2,1,0.18767975270748138,0,0,0.16413448750972748,2,1,0.20275363326072693,2,1,0.20433732867240906,2,1,0.24109385907649994
subject_14:sample_0002160,14,2160,2,2,1,2,1,2,1,0.18751540780067444,0,0,0.16208714246749878,2,1,0.2029682993888855,2,1,0.20750692486763,2,1,0.23992128670215607
subject_14:sample_0002161,14,2161,2,2,1,2,1,2,1,0.1882428377866745,0,0,0.16007345914840698,2,1,0.20259404182434082,2,1,0.21035154163837433,2,1,0.23873718082904816
subject_14:sample_0002162,14,2162,2,2,1,2,1,2,1,0.18980543315410614,0,0,0.15832026302814484,2,1,0.20191311836242676,2,1,0.212439626455307,2,1,0.23752056062221527
subject_14:sample_0002163,14,2163,2,2,1,2,1,2,1,0.1912362277507782,0,0,0.15700438618659973,2,1,0.2010396122932434,2,1,0.21375399827957153,2,1,0.2369648665189743
subject_14:sample_0002164,14,2164,2,2,1,2,1,2,1,0.1919916570186615,0,0,0.15571101009845734,2,1,0.2004614621400833,2,1,0.21498820185661316,2,1,0.23684677481651306
subject_14:sample_0002165,14,2165,2,2,1,2,1,2,1,0.19291439652442932,0,0,0.154225692152977,2,1,0.20005369186401367,2,1,0.2158472090959549,2,1,0.23695796728134155
subject_14:sample_0002166,14,2166,2,2,1,2,1,2,1,0.1936883181333542,0,0,0.15322145819664001,2,1,0.20002500712871552,2,1,0.2162637859582901,2,1,0.23680050671100616
subject_14:sample_0002167,14,2167,2,2,1,2,1,2,1,0.19424471259117126,0,0,0.1520788073539734,2,1,0.20035035908222198,2,1,0.2166512906551361,2,1,0.23667380213737488
subject_14:sample_0002168,14,2168,2,2,1,2,1,2,1,0.19469140470027924,0,0,0.15137071907520294,2,1,0.200921893119812,2,1,0.21647126972675323,2,1,0.236543670296669
subject_14:sample_0002169,14,2169,2,2,1,2,1,2,1,0.19487175345420837,0,0,0.15031389892101288,2,1,0.201759472489357,2,1,0.216413676738739,2,1,0.2366403192281723
subject_14:sample_0002170,14,2170,2,2,1,2,1,2,1,0.19486120343208313,0,0,0.14929918944835663,2,1,0.20274047553539276,2,1,0.21651221811771393,2,1,0.23658601939678192
subject_14:sample_0002171,14,2171,2,2,1,2,1,2,1,0.19498996436595917,0,0,0.14781305193901062,2,1,0.20404531061649323,2,1,0.21657097339630127,2,1,0.2365797758102417
subject_14:sample_0002172,14,2172,2,2,1,2,1,2,1,0.1949205994606018,1,0,0.14654842019081116,2,1,0.20524050295352936,2,1,0.2166612148284912,2,1,0.23662824928760529
subject_14:sample_0002173,14,2173,2,2,1,2,1,2,1,0.194839745759964,1,0,0.14529256522655487,2,1,0.2066182941198349,2,1,0.2166987955570221,2,1,0.23654961585998535
subject_14:sample_0002174,14,2174,2,2,1,2,1,2,1,0.19456979632377625,1,0,0.1444454789161682,2,1,0.20805436372756958,2,1,0.2166624665260315,2,1,0.23626694083213806
subject_14:sample_0002175,14,2175,2,2,1,2,1,2,1,0.19451123476028442,1,0,0.14381833374500275,2,1,0.20927506685256958,2,1,0.21646371483802795,2,1,0.23593075573444366
subject_14:sample_0002176,14,2176,2,2,1,2,1,2,1,0.19450750946998596,1,0,0.14326128363609314,2,1,0.21039550006389618,2,1,0.2160957008600235,2,1,0.235739067196846
subject_14:sample_0002177,14,2177,2,2,1,2,1,2,1,0.19441387057304382,1,0,0.14237824082374573,2,1,0.2113623321056366,2,1,0.2158845216035843,2,1,0.23596017062664032
subject_14:sample_0002178,14,2178,2,2,1,2,1,2,1,0.19404064118862152,1,0,0.1417536586523056,2,1,0.2120380848646164,2,1,0.2158876210451126,2,1,0.23627910017967224
subject_14:sample_0002179,14,2179,2,2,1,2,1,2,1,0.19350141286849976,1,0,0.14129170775413513,2,1,0.212554469704628,2,1,0.2161436229944229,2,1,0.23650789260864258
subject_14:sample_0002180,14,2180,2,2,1,2,1,2,1,0.19277210533618927,1,0,0.1410449892282486,2,1,0.21288268268108368,2,1,0.21667425334453583,2,1,0.2366250455379486
subject_14:sample_0002181,14,2181,2,2,1,2,1,2,1,0.1919248104095459,1,0,0.1408294439315796,2,1,0.21307292580604553,2,1,0.21752111613750458,2,1,0.23665070533752441
subject_14:sample_0002182,14,2182,2,2,1,2,1,2,1,0.19128572940826416,1,0,0.1407996267080307,2,1,0.21315285563468933,2,1,0.21814194321632385,2,1,0.23661887645721436
subject_14:sample_0002183,14,2183,2,2,1,2,1,2,1,0.19076308608055115,1,0,0.14135846495628357,2,1,0.21324224770069122,2,1,0.2180679887533188,2,1,0.23656722903251648
subject_14:sample_0002184,14,2184,2,2,1,2,1,2,1,0.1903178095817566,1,0,0.1417517066001892,2,1,0.21327205002307892,2,1,0.21823087334632874,2,1,0.23642662167549133
subject_14:sample_0002185,14,2185,2,2,1,2,1,2,1,0.18969792127609253,1,0,0.1425749957561493,2,1,0.21345442533493042,2,1,0.21793515980243683,2,1,0.23633645474910736
subject_14:sample_0002186,14,2186,2,2,1,2,1,2,1,0.18921427428722382,1,0,0.1435912698507309,2,1,0.21345020830631256,2,1,0.2175944298505783,2,1,0.23614883422851562
subject_14:sample_0002187,14,2187,2,2,1,2,1,2,1,0.1882084310054779,1,0,0.14492172002792358,2,1,0.2137100249528885,2,1,0.21700914204120636,2,1,0.23614974319934845
subject_14:sample_0002188,14,2188,2,2,1,2,1,2,1,0.18727687001228333,1,0,0.14600875973701477,2,1,0.21391502022743225,2,1,0.21671822667121887,2,1,0.2360800951719284
subject_14:sample_0002189,14,2189,2,2,1,2,1,2,1,0.18697039783000946,1,0,0.14698615670204163,2,1,0.2140273153781891,2,1,0.21604789793491364,2,1,0.23596727848052979
subject_14:sample_0002190,14,2190,2,2,1,2,1,2,1,0.18646278977394104,0,0,0.14784209430217743,2,1,0.21430490911006927,2,1,0.21542903780937195,2,1,0.2359601855278015
subject_14:sample_0002191,14,2191,2,2,1,2,1,2,1,0.18610864877700806,0,0,0.14879591763019562,2,1,0.21433714032173157,2,1,0.21505385637283325,2,1,0.23570355772972107
subject_14:sample_0002192,14,2192,2,2,1,2,1,2,1,0.18556414544582367,0,0,0.14984031021595,2,1,0.21444694697856903,2,1,0.21471603214740753,2,1,0.23543167114257812
subject_14:sample_0002193,14,2193,2,2,1,2,1,2,1,0.18514318764209747,0,0,0.15066653490066528,2,1,0.21450528502464294,2,1,0.21445807814598083,2,1,0.2352258861064911
subject_14:sample_0002194,14,2194,2,2,1,2,1,2,1,0.18443728983402252,0,0,0.15150617063045502,2,1,0.2147294133901596,2,1,0.21409964561462402,2,1,0.23522646725177765
subject_14:sample_0002195,14,2195,2,2,1,2,1,2,1,0.1836674064397812,0,0,0.15253272652626038,2,1,0.21487799286842346,2,1,0.21375328302383423,2,1,0.23516766726970673
subject_14:sample_0002196,14,2196,2,2,1,2,1,2,1,0.1834833174943924,0,0,0.15345732867717743,2,1,0.21458612382411957,2,1,0.2137356698513031,2,1,0.2347366362810135
subject_14:sample_0002197,14,2197,2,2,1,2,1,2,1,0.1838308572769165,0,0,0.1543085128068924,2,1,0.21397466957569122,2,1,0.21386075019836426,2,1,0.23402416706085205
subject_14:sample_0002198,14,2198,2,2,1,2,1,2,1,0.1838507205247879,2,1,0.15494470298290253,2,1,0.21342797577381134,2,1,0.21443021297454834,2,1,0.23334544897079468
subject_14:sample_0002199,14,2199,2,2,1,2,1,2,1,0.18428397178649902,2,1,0.15565139055252075,2,1,0.21277031302452087,2,1,0.2146376669406891,2,1,0.23265576362609863
subject_14:sample_0002200,14,2200,2,2,1,2,1,2,1,0.18520081043243408,2,1,0.1562323421239853,2,1,0.21206796169281006,2,1,0.21444062888622284,2,1,0.23205731809139252
subject_14:sample_0002201,14,2201,2,2,1,2,1,2,1,0.1861717402935028,2,1,0.15683232247829437,2,1,0.2114117294549942,2,1,0.2140304148197174,2,1,0.23155289888381958
subject_14:sample_0002202,14,2202,2,2,1,2,1,2,1,0.18713241815567017,2,1,0.15749801695346832,2,1,0.21077971160411835,2,1,0.21350671350955963,2,1,0.2310822457075119
subject_14:sample_0002203,14,2203,2,2,1,2,1,2,1,0.18775923550128937,2,1,0.15813174843788147,2,1,0.21024508774280548,2,1,0.21321305632591248,2,1,0.23064999282360077
subject_14:sample_0002204,14,2204,2,2,1,2,1,2,1,0.18813088536262512,2,1,0.15861311554908752,2,1,0.20973077416419983,2,1,0.21337811648845673,2,1,0.23014608025550842
subject_14:sample_0002205,14,2205,2,2,1,2,1,2,1,0.18821769952774048,2,1,0.15899793803691864,2,1,0.20934291183948517,2,1,0.21382075548171997,2,1,0.22961968183517456
subject_14:sample_0002206,14,2206,2,2,1,2,1,2,1,0.18833717703819275,2,1,0.159499391913414,2,1,0.20879095792770386,2,1,0.2143939584493637,2,1,0.22897754609584808
subject_14:sample_0002207,14,2207,2,2,1,2,1,2,1,0.18878205120563507,2,1,0.16014660894870758,2,1,0.20808054506778717,2,1,0.2146325707435608,2,1,0.2283572554588318
subject_14:sample_0002208,14,2208,2,2,1,2,1,2,1,0.1891516000032425,2,1,0.16120310127735138,2,1,0.20724688470363617,2,1,0.21483111381530762,2,1,0.22756634652614594
subject_14:sample_0002209,14,2209,2,2,1,2,1,2,1,0.1895657181739807,2,1,0.16213402152061462,2,1,0.20649069547653198,2,1,0.2149297297000885,2,1,0.2268787920475006
subject_14:sample_0002210,14,2210,2,2,1,2,1,2,1,0.1898137480020523,2,1,0.162888303399086,2,1,0.2059205025434494,2,1,0.21510669589042664,2,1,0.22626981139183044
subject_14:sample_0002211,14,2211,2,2,1,2,1,2,1,0.1898489147424698,2,1,0.16422075033187866,2,1,0.2053993195295334,2,1,0.21491648256778717,2,1,0.22561363875865936
subject_14:sample_0002212,14,2212,2,2,1,2,1,2,1,0.189479798078537,2,1,0.1656513512134552,2,1,0.20513442158699036,2,1,0.21461153030395508,2,1,0.22512198984622955
subject_14:sample_0002213,14,2213,2,2,1,2,1,2,1,0.18882670998573303,2,1,0.166839599609375,2,1,0.20516198873519897,2,1,0.21434976160526276,2,1,0.22482095658779144
subject_14:sample_0002214,14,2214,2,2,1,2,1,2,1,0.18842171132564545,2,1,0.16820977628231049,2,1,0.2050141841173172,2,1,0.21390223503112793,2,1,0.22445113956928253
subject_14:sample_0002215,14,2215,2,2,1,2,1,2,1,0.18812963366508484,2,1,0.16979482769966125,2,1,0.2046951800584793,2,1,0.21337834000587463,2,1,0.22400103509426117
subject_14:sample_0002216,14,2216,2,2,1,2,1,2,1,0.18827451765537262,2,1,0.1714012622833252,2,1,0.20408745110034943,2,1,0.2127733677625656,2,1,0.22346243262290955
subject_14:sample_0002217,14,2217,2,2,1,2,1,2,1,0.1885381042957306,2,1,0.17314346134662628,2,1,0.20340116322040558,2,1,0.2120448648929596,2,1,0.22287146747112274
subject_14:sample_0002218,14,2218,2,2,1,2,1,2,1,0.18870092928409576,2,1,0.1750710904598236,2,1,0.2027493268251419,2,1,0.21121862530708313,2,1,0.22225908935070038
subject_14:sample_0002219,14,2219,2,2,1,2,1,2,1,0.18887124955654144,2,1,0.17692618072032928,2,1,0.2021128088235855,2,1,0.21034038066864014,2,1,0.22174839675426483
subject_14:sample_0002220,14,2220,2,2,1,2,1,2,1,0.18893654644489288,2,1,0.17848028242588043,2,1,0.20158885419368744,2,1,0.20968927443027496,2,1,0.2213039994239807
subject_14:sample_0002221,14,2221,2,2,1,2,1,2,1,0.18912170827388763,2,1,0.17997612059116364,2,1,0.2010210156440735,2,1,0.20903359353542328,2,1,0.22084657847881317
subject_14:sample_0002222,14,2222,2,2,1,2,1,2,1,0.1892041116952896,2,1,0.1814713031053543,2,1,0.20051364600658417,2,1,0.20842930674552917,2,1,0.22038063406944275
subject_14:sample_0002223,14,2223,2,2,1,2,1,2,1,0.189274862408638,2,1,0.1829383224248886,2,1,0.20006893575191498,2,1,0.2077735960483551,2,1,0.2199433296918869
subject_14:sample_0002224,14,2224,2,2,1,2,1,2,1,0.18908682465553284,2,1,0.18442730605602264,2,1,0.199733167886734,2,1,0.2073332518339157,2,1,0.21941852569580078
subject_14:sample_0002225,14,2225,2,2,1,2,1,2,1,0.18884499371051788,2,1,0.18563255667686462,2,1,0.1995152086019516,2,1,0.2070472240447998,2,1,0.21895910799503326
subject_14:sample_0002226,14,2226,2,2,1,2,1,2,1,0.18832938373088837,2,1,0.18657152354717255,2,1,0.1995198130607605,2,1,0.20696783065795898,2,1,0.21861045062541962
subject_14:sample_0002227,14,2227,2,2,1,2,1,2,1,0.18745045363903046,2,1,0.18727023899555206,2,1,0.19973674416542053,2,1,0.2072143852710724,2,1,0.21832719445228577
subject_14:sample_0002228,14,2228,2,2,1,2,1,2,1,0.18666991591453552,2,1,0.18789824843406677,2,1,0.19989365339279175,2,1,0.2074870616197586,2,1,0.21805016696453094
subject_14:sample_0002229,14,2229,2,2,1,2,1,2,1,0.18563464283943176,2,1,0.1881488561630249,2,1,0.20027707517147064,2,1,0.20791497826576233,2,1,0.21802350878715515
subject_14:sample_0002230,14,2230,2,2,1,2,1,2,1,0.18479499220848083,2,1,0.1883855164051056,2,1,0.2005646675825119,2,1,0.20816443860530853,2,1,0.21808941662311554
subject_14:sample_0002231,14,2231,2,2,1,2,1,2,1,0.18431268632411957,2,1,0.1884768009185791,2,1,0.20075078308582306,2,1,0.2082856446504593,2,1,0.21817316114902496
subject_14:sample_0002232,14,2232,2,2,1,2,1,2,1,0.18367257714271545,2,1,0.1886008232831955,2,1,0.20097939670085907,2,1,0.208414688706398,2,1,0.21833160519599915
subject_14:sample_0002233,14,2233,2,2,1,2,1,2,1,0.18313848972320557,2,1,0.1887010633945465,2,1,0.201231449842453,2,1,0.20841564238071442,2,1,0.21851244568824768
subject_14:sample_0002234,14,2234,2,2,1,2,1,2,1,0.18307757377624512,2,1,0.188786119222641,2,1,0.20124754309654236,2,1,0.2083454430103302,2,1,0.21854232251644135
subject_14:sample_0002235,14,2235,2,2,1,2,1,2,1,0.1834551990032196,2,1,0.18891257047653198,2,1,0.20114214718341827,2,1,0.20801888406276703,2,1,0.21847021579742432
subject_14:sample_0002236,14,2236,2,2,1,2,1,2,1,0.18385055661201477,2,1,0.18899352848529816,2,1,0.2011130154132843,2,1,0.20763394236564636,2,1,0.2184080332517624
subject_14:sample_0002237,14,2237,2,2,1,2,1,2,1,0.1840989738702774,2,1,0.18904760479927063,2,1,0.20113998651504517,2,1,0.2073594033718109,2,1,0.2183530181646347
subject_14:sample_0002238,14,2238,2,2,1,2,1,2,1,0.18410724401474,2,1,0.1889556348323822,2,1,0.20128917694091797,2,1,0.20727992057800293,2,1,0.2183670550584793
subject_14:sample_0002239,14,2239,2,2,1,2,1,2,1,0.18403969705104828,2,1,0.18880903720855713,2,1,0.20146548748016357,2,1,0.20727387070655823,2,1,0.2184109389781952
subject_14:sample_0002240,14,2240,2,2,1,2,1,2,1,0.18475021421909332,2,1,0.18861083686351776,2,1,0.20138050615787506,2,1,0.20695410668849945,2,1,0.21830330789089203
subject_14:sample_0002241,14,2241,2,2,1,2,1,2,1,0.1854122281074524,2,1,0.188332661986351,2,1,0.20132340490818024,2,1,0.2066851556301117,2,1,0.21824558079242706
subject_14:sample_0002242,14,2242,2,2,1,2,1,2,1,0.18599648773670197,2,1,0.18815945088863373,2,1,0.20117789506912231,2,1,0.20650991797447205,2,1,0.21815522015094757
subject_14:sample_0002243,14,2243,2,2,1,2,1,2,1,0.18617449700832367,2,1,0.18809475004673004,2,1,0.20114874839782715,2,1,0.20644906163215637,2,1,0.21813197433948517
subject_14:sample_0002244,14,2244,2,2,1,2,1,2,1,0.18629354238510132,2,1,0.18803369998931885,2,1,0.20103980600833893,2,1,0.2065548598766327,2,1,0.21807721257209778
subject_14:sample_0002245,14,2245,2,2,1,2,1,2,1,0.18589790165424347,2,1,0.18795450031757355,2,1,0.20120151340961456,2,1,0.20680372416973114,2,1,0.21814145147800446
subject_14:sample_0002246,14,2246,2,2,1,2,1,2,1,0.18571926653385162,2,1,0.18787655234336853,2,1,0.2013523131608963,2,1,0.20685233175754547,2,1,0.21819853782653809
subject_14:sample_0002247,14,2247,1,1,1,1,1,1,1,0.21613721549510956,1,1,0.20673802495002747,0,0,0.1702849119901657,0,0,0.21263307332992554,1,1,0.1942058652639389
subject_14:sample_0002248,14,2248,1,1,1,1,1,1,1,0.21606825292110443,1,1,0.20684674382209778,0,0,0.16996583342552185,0,0,0.2127278596162796,1,1,0.1943904012441635
subject_14:sample_0002249,14,2249,1,1,1,1,1,1,1,0.2162579596042633,1,1,0.2069443017244339,0,0,0.16993224620819092,0,0,0.2125445306301117,1,1,0.19432005286216736
subject_14:sample_0002250,14,2250,1,1,1,1,1,1,1,0.21664877235889435,1,1,0.20714586973190308,0,0,0.1697661429643631,0,0,0.21227328479290009,1,1,0.1941649317741394
subject_14:sample_0002251,14,2251,1,1,1,1,1,1,1,0.21717607975006104,1,1,0.20749400556087494,0,0,0.16963768005371094,0,0,0.21200568974018097,1,1,0.1936856210231781
subject_14:sample_0002252,14,2252,1,1,1,1,1,1,1,0.2175530195236206,1,1,0.20798473060131073,0,0,0.16960790753364563,0,0,0.2120947539806366,1,1,0.19275853037834167
subject_14:sample_0002253,14,2253,1,1,1,1,1,1,1,0.21776245534420013,1,1,0.20839619636535645,0,0,0.17022784054279327,0,0,0.2122800648212433,1,1,0.19133248925209045
subject_14:sample_0002254,14,2254,1,1,1,1,1,1,1,0.21833916008472443,1,1,0.2090306580066681,0,0,0.16994760930538177,0,0,0.21242119371891022,1,1,0.19026044011116028
subject_14:sample_0002255,14,2255,1,1,1,1,1,1,1,0.2188250571489334,1,1,0.20959408581256866,0,0,0.16973063349723816,0,0,0.21265684068202972,1,1,0.18919242918491364
subject_14:sample_0002256,14,2256,1,1,1,1,1,1,1,0.21889974176883698,1,1,0.2100391536951065,0,0,0.16993844509124756,0,0,0.21278372406959534,1,1,0.18833796679973602
subject_14:sample_0002257,14,2257,1,1,1,1,1,1,1,0.2184484302997589,1,1,0.20999401807785034,0,0,0.1718219369649887,1,1,0.21260060369968414,1,1,0.1871340274810791
subject_14:sample_0002258,14,2258,1,1,1,1,1,1,1,0.21816280484199524,1,1,0.20999379456043243,0,0,0.17358236014842987,1,1,0.2120712697505951,1,1,0.18618878722190857
subject_14:sample_0002259,14,2259,1,1,1,1,1,1,1,0.21861305832862854,1,1,0.21031561493873596,0,0,0.17480479180812836,1,1,0.21048149466514587,1,1,0.18578417599201202
subject_14:sample_0002260,14,2260,1,1,1,1,1,1,1,0.21935756504535675,1,1,0.21081063151359558,0,0,0.175812229514122,1,1,0.2082338035106659,1,1,0.18578486144542694
subject_14:sample_0002261,14,2261,1,1,1,1,1,1,1,0.2198331505060196,1,1,0.21113966405391693,0,0,0.17743030190467834,1,1,0.20592549443244934,1,1,0.1856704205274582
subject_14:sample_0002262,14,2262,1,1,1,1,1,1,1,0.22024530172348022,1,1,0.21144182980060577,0,0,0.17882707715034485,1,1,0.20380696654319763,1,1,0.1856778860092163
subject_14:sample_0002263,14,2263,1,1,1,1,1,1,1,0.22043441236019135,1,1,0.21173812448978424,0,0,0.18031397461891174,1,1,0.2019093930721283,1,1,0.185603067278862
subject_14:sample_0002264,14,2264,1,1,1,1,1,1,1,0.22057737410068512,1,1,0.21206200122833252,0,0,0.18139241635799408,1,1,0.20036865770816803,1,1,0.18559853732585907
subject_14:sample_0002265,14,2265,1,1,1,1,1,1,1,0.2209421545267105,1,1,0.21239706873893738,0,0,0.1816038191318512,1,1,0.19918058812618256,1,1,0.18587538599967957
subject_14:sample_0002266,14,2266,1,1,1,1,1,1,1,0.22117994725704193,1,1,0.21256859600543976,0,0,0.18185026943683624,1,1,0.1983203887939453,1,1,0.18607987463474274
subject_14:sample_0002267,14,2267,1,1,1,1,1,1,1,0.22109439969062805,1,1,0.2125134915113449,0,0,0.18211786448955536,1,1,0.1980467289686203,1,1,0.18622653186321259
subject_14:sample_0002268,14,2268,1,1,1,1,1,1,1,0.2208605706691742,1,1,0.21226315200328827,0,0,0.18270649015903473,1,1,0.19785954058170319,1,1,0.18630923330783844
subject_14:sample_0002269,14,2269,1,1,1,1,1,1,1,0.2205367386341095,1,1,0.21195872128009796,0,0,0.18323031067848206,1,1,0.19781556725502014,1,1,0.18645763397216797
subject_14:sample_0002270,14,2270,1,1,1,1,1,1,1,0.2201502025127411,1,1,0.21168063580989838,1,1,0.18358558416366577,1,1,0.19800718128681183,1,1,0.18657545745372772
subject_14:sample_0002271,14,2271,1,1,1,1,1,1,1,0.21946369111537933,1,1,0.2113129049539566,1,1,0.18452294170856476,1,1,0.19830520451068878,1,1,0.18639427423477173
subject_14:sample_0002272,14,2272,1,1,1,1,1,1,1,0.21891562640666962,1,1,0.21089614927768707,1,1,0.18536214530467987,1,1,0.1985347867012024,1,1,0.18629027903079987
subject_14:sample_0002273,14,2273,1,1,1,1,1,1,1,0.21871834993362427,1,1,0.21068066358566284,1,1,0.18609802424907684,1,1,0.19820259511470795,1,1,0.1862993985414505
subject_14:sample_0002274,14,2274,1,1,1,1,1,1,1,0.21861031651496887,1,1,0.21026355028152466,1,1,0.1866414099931717,1,1,0.1982007473707199,1,1,0.18628300726413727
subject_14:sample_0002275,14,2275,1,1,1,1,1,1,1,0.21830391883850098,1,1,0.20986628532409668,1,1,0.18741139769554138,1,1,0.19822895526885986,1,1,0.1861884593963623
subject_14:sample_0002276,14,2276,1,1,1,1,1,1,1,0.2175671011209488,1,1,0.20927582681179047,1,1,0.18843023478984833,1,1,0.19856497645378113,1,1,0.18616093695163727
subject_14:sample_0002277,14,2277,1,1,1,1,1,1,1,0.21701818704605103,1,1,0.20880423486232758,1,1,0.1892831176519394,1,1,0.19876728951931,1,1,0.18612618744373322
subject_14:sample_0002278,14,2278,1,1,1,1,1,1,1,0.21665923297405243,1,1,0.20838041603565216,1,1,0.18979233503341675,1,1,0.19891367852687836,1,1,0.18625345826148987
subject_14:sample_0002279,14,2279,1,1,1,1,1,1,1,0.21620973944664001,1,1,0.20785589516162872,1,1,0.19010575115680695,1,1,0.19943177700042725,1,1,0.18639586865901947
subject_14:sample_0002280,14,2280,1,1,1,1,1,1,1,0.215187206864357,1,1,0.20718839764595032,1,1,0.19078968465328217,1,1,0.20033174753189087,1,1,0.18650196492671967
subject_14:sample_0002281,14,2281,1,1,1,1,1,1,1,0.21421398222446442,1,1,0.20645956695079803,1,1,0.19137856364250183,1,1,0.20141485333442688,1,1,0.18653205037117004
subject_14:sample_0002282,14,2282,1,1,1,1,1,1,1,0.21273817121982574,1,1,0.20573154091835022,1,1,0.1921089142560959,1,1,0.202867791056633,1,1,0.18655264377593994
subject_14:sample_0002283,14,2283,1,1,1,1,1,1,1,0.21082760393619537,1,1,0.20529405772686005,0,0,0.19329600036144257,1,1,0.2041609138250351,1,1,0.18642045557498932
subject_14:sample_0002284,14,2284,1,1,1,1,1,1,1,0.20872566103935242,1,1,0.20514610409736633,0,0,0.1954006850719452,1,1,0.2050047069787979,1,1,0.18572184443473816
subject_14:sample_0002285,14,2285,1,1,1,1,1,1,1,0.2073947787284851,1,1,0.20530422031879425,0,0,0.19705219566822052,1,1,0.2052631676197052,1,1,0.1849846988916397
subject_14:sample_0002286,14,2286,1,1,1,1,1,1,1,0.20610347390174866,1,1,0.20546430349349976,0,0,0.19842529296875,1,1,0.20575666427612305,1,1,0.18424931168556213
subject_14:sample_0002287,14,2287,1,1,1,1,1,1,1,0.20481696724891663,1,1,0.20569473505020142,0,0,0.1997704803943634,1,1,0.20626091957092285,1,1,0.18345588445663452
subject_14:sample_0002288,14,2288,1,1,1,1,1,1,1,0.20321786403656006,1,1,0.20640380680561066,0,0,0.2002992182970047,1,1,0.2071761190891266,1,1,0.1829020231962204
subject_14:sample_0002289,14,2289,1,1,1,1,1,1,1,0.201817587018013,1,1,0.20728938281536102,0,0,0.20024272799491882,1,1,0.20818592607975006,1,1,0.18246342241764069
subject_14:sample_0002290,14,2290,1,1,1,1,1,1,1,0.19999225437641144,1,1,0.20807740092277527,0,0,0.19958637654781342,1,1,0.21023519337177277,1,1,0.1821078211069107
subject_14:sample_0002291,14,2291,1,1,1,1,1,1,1,0.19798670709133148,1,1,0.20866593718528748,0,0,0.19901642203330994,1,1,0.21283796429634094,1,1,0.18149201571941376
subject_14:sample_0002292,14,2292,1,1,1,1,1,1,1,0.19647696614265442,1,1,0.20918519794940948,0,0,0.19800254702568054,1,1,0.21529936790466309,1,1,0.18103499710559845
subject_14:sample_0002293,14,2293,1,1,1,1,1,1,1,0.195241317152977,1,1,0.20920763909816742,0,0,0.19704988598823547,1,1,0.21806181967258453,1,1,0.18043841421604156
subject_14:sample_0002294,14,2294,1,1,1,1,1,1,1,0.1939474195241928,1,1,0.20944972336292267,0,0,0.19606173038482666,1,1,0.22073213756084442,1,1,0.17980797588825226
subject_14:sample_0002295,14,2295,1,1,1,1,1,1,1,0.19268546998500824,1,1,0.20973491668701172,0,0,0.1953442096710205,1,1,0.22325126826763153,1,1,0.17898322641849518
subject_14:sample_0002296,14,2296,1,1,1,1,1,1,1,0.19172674417495728,1,1,0.20976583659648895,0,0,0.19456300139427185,1,1,0.22551023960113525,1,1,0.17843326926231384
subject_14:sample_0002297,14,2297,1,1,1,1,1,1,1,0.19076767563819885,1,1,0.21028274297714233,0,0,0.19342850148677826,1,1,0.227158784866333,1,1,0.17836128175258636
subject_14:sample_0002298,14,2298,1,1,1,1,1,1,1,0.1902952641248703,1,1,0.21032167971134186,0,0,0.19320742785930634,1,1,0.2281373143196106,1,1,0.1780373454093933
subject_14:sample_0002299,14,2299,1,1,1,1,1,1,1,0.19040024280548096,1,1,0.20988744497299194,0,0,0.19313770532608032,1,1,0.22839140892028809,1,1,0.1781822293996811
subject_14:sample_0002300,14,2300,1,1,1,1,1,1,1,0.19039438664913177,1,1,0.20968575775623322,0,0,0.19229459762573242,2,0,0.22841215133666992,1,1,0.17921216785907745
subject_14:sample_0002301,14,2301,1,1,1,1,1,1,1,0.19041253626346588,1,1,0.20930789411067963,0,0,0.19131654500961304,2,0,0.2285729944705963,1,1,0.18038909137248993
subject_14:sample_0002302,14,2302,1,1,1,1,1,1,1,0.1909954845905304,2,0,0.20844592154026031,0,0,0.19143736362457275,2,0,0.22845925390720367,1,1,0.18066106736660004
subject_14:sample_0002303,14,2303,1,1,1,1,1,1,1,0.19143608212471008,2,0,0.20858143270015717,0,0,0.18954791128635406,2,0,0.22924990952014923,1,1,0.1811836212873459
subject_14:sample_0002304,14,2304,1,1,1,2,0,1,1,0.19158534705638885,2,0,0.20856259763240814,0,0,0.18809348344802856,2,0,0.23027390241622925,1,1,0.18148373067378998
subject_14:sample_0002305,14,2305,1,2,0,2,0,1,1,0.19179600477218628,2,0,0.20852474868297577,0,0,0.18641053140163422,2,0,0.23123237490653992,1,1,0.1820354163646698
subject_14:sample_0002306,14,2306,1,2,0,2,0,1,1,0.191573366522789,2,0,0.20850197970867157,0,0,0.18712623417377472,2,0,0.23184753954410553,1,1,0.18094998598098755
subject_14:sample_0002307,14,2307,1,2,0,2,0,1,1,0.19125494360923767,2,0,0.20830869674682617,0,0,0.18922342360019684,2,0,0.2320736199617386,1,1,0.1791384071111679
subject_14:sample_0002308,14,2308,1,2,0,2,0,1,1,0.19127090275287628,2,0,0.20835371315479279,0,0,0.19114406406879425,2,0,0.23259559273719788,1,1,0.17663472890853882
subject_14:sample_0002309,14,2309,1,2,0,2,0,1,1,0.1914772093296051,2,0,0.20888397097587585,0,0,0.19115649163722992,2,0,0.2334987372159958,1,1,0.17498266696929932
subject_14:sample_0002310,14,2310,1,2,0,2,0,1,1,0.19210481643676758,2,0,0.20876263082027435,2,0,0.1917562335729599,2,0,0.2337229698896408,1,1,0.17365242540836334
subject_14:sample_0002311,14,2311,1,2,0,2,0,1,1,0.19284269213676453,2,0,0.20907776057720184,2,0,0.19135789573192596,2,0,0.23431514203548431,1,1,0.17240557074546814
subject_14:sample_0002312,14,2312,1,2,0,2,0,1,1,0.19364190101623535,2,0,0.20940425992012024,2,0,0.19044432044029236,2,0,0.2351544052362442,1,1,0.17135412991046906
subject_14:sample_0002313,14,2313,1,2,0,2,0,2,0,0.19414931535720825,2,0,0.20963692665100098,2,0,0.19023171067237854,2,0,0.23584040999412537,1,1,0.17014063894748688
subject_14:sample_0002314,14,2314,1,2,0,2,0,1,1,0.1944555640220642,2,0,0.21059933304786682,1,1,0.18898874521255493,2,0,0.23743213713169098,1,1,0.16852328181266785
subject_14:sample_0002315,14,2315,1,2,0,2,0,1,1,0.19429610669612885,2,0,0.2123856395483017,0,0,0.18634723126888275,2,0,0.23999901115894318,1,1,0.1669711172580719
subject_14:sample_0002316,14,2316,1,2,0,2,0,1,1,0.19303710758686066,2,0,0.21423529088497162,1,1,0.1853901594877243,2,0,0.24313829839229584,1,1,0.16419820487499237
subject_14:sample_0002317,14,2317,1,2,0,2,0,1,1,0.19179195165634155,2,0,0.21612681448459625,1,1,0.1836676001548767,2,0,0.2463238388299942,1,1,0.16208885610103607
subject_14:sample_0002318,14,2318,1,2,0,2,0,1,1,0.1906650811433792,2,0,0.21714076399803162,1,1,0.18373915553092957,2,0,0.24845494329929352,1,1,0.1599990278482437
subject_14:sample_0002319,14,2319,1,2,0,2,0,1,1,0.1898346245288849,2,0,0.2182953804731369,1,1,0.1833634376525879,2,0,0.25041234493255615,1,1,0.15809330344200134
subject_14:sample_0002320,14,2320,1,2,0,2,0,1,1,0.18852859735488892,2,0,0.21953125298023224,1,1,0.18342173099517822,2,0,0.252452552318573,1,1,0.1560649573802948
subject_14:sample_0002321,14,2321,1,2,0,2,0,1,1,0.1875804364681244,2,0,0.219874307513237,1,1,0.18458034098148346,2,0,0.25366950035095215,1,1,0.1542944610118866
subject_14:sample_0002322,14,2322,1,2,0,2,0,1,1,0.1866559237241745,2,0,0.22006520628929138,1,1,0.1860237717628479,2,0,0.25466588139533997,1,1,0.15258821845054626
subject_14:sample_0002323,14,2323,1,2,0,2,0,1,1,0.1864151805639267,2,0,0.21972782909870148,1,1,0.18781889975070953,2,0,0.254878431558609,1,1,0.15115869045257568
subject_14:sample_0002324,14,2324,1,2,0,2,0,1,1,0.186064213514328,2,0,0.2198181003332138,2,0,0.1884833723306656,2,0,0.2555866539478302,1,1,0.1500467211008072
subject_14:sample_0002325,14,2325,1,2,0,2,0,2,0,0.18579509854316711,2,0,0.21930190920829773,2,0,0.18908347189426422,2,0,0.25614678859710693,1,1,0.1496717929840088
subject_14:sample_0002326,14,2326,1,2,0,2,0,2,0,0.18571002781391144,2,0,0.2176528126001358,2,0,0.1909717470407486,2,0,0.25607049465179443,1,1,0.1495939940214157
subject_14:sample_0002327,14,2327,1,2,0,2,0,2,0,0.18594682216644287,2,0,0.21577049791812897,2,0,0.19229546189308167,2,0,0.2567002773284912,1,1,0.14928598701953888
subject_14:sample_0002328,14,2328,1,2,0,2,0,2,0,0.18627727031707764,2,0,0.21319255232810974,2,0,0.19448503851890564,2,0,0.25713446736335754,1,1,0.1489097625017166
subject_14:sample_0002329,14,2329,1,2,0,2,0,2,0,0.1868729591369629,2,0,0.21053923666477203,2,0,0.1961478888988495,2,0,0.25799763202667236,1,1,0.14844131469726562
subject_14:sample_0002330,14,2330,1,2,0,2,0,2,0,0.18745672702789307,2,0,0.20864544808864594,2,0,0.1972181797027588,2,0,0.25909003615379333,1,1,0.14758870005607605
subject_14:sample_0002331,14,2331,1,2,0,2,0,2,0,0.1877923160791397,2,0,0.20724736154079437,2,0,0.1987961381673813,2,0,0.25983738899230957,1,1,0.14632584154605865
subject_14:sample_0002332,14,2332,1,2,0,2,0,2,0,0.1884663999080658,2,0,0.20465274155139923,2,0,0.2015436887741089,2,0,0.2606465518474579,1,1,0.1446896642446518
subject_14:sample_0002333,14,2333,1,2,0,2,0,2,0,0.18907615542411804,2,0,0.2027786523103714,2,0,0.20331425964832306,2,0,0.2619487941265106,1,1,0.14288122951984406
subject_14:sample_0002334,14,2334,1,2,0,2,0,2,0,0.18933458626270294,2,0,0.20049291849136353,2,0,0.20574374496936798,2,0,0.2634752690792084,1,1,0.14095255732536316
subject_14:sample_0002335,14,2335,1,2,0,2,0,2,0,0.18873080611228943,2,0,0.19883882999420166,2,0,0.20793898403644562,2,0,0.2650724947452545,1,1,0.13941796123981476
subject_14:sample_0002336,14,2336,1,2,0,2,0,2,0,0.18791788816452026,2,0,0.19813185930252075,2,0,0.2098456621170044,2,0,0.2670300304889679,1,1,0.13707363605499268
subject_14:sample_0002337,14,2337,1,2,0,2,0,2,0,0.18695960938930511,2,0,0.1967569887638092,2,0,0.21153835952281952,2,0,0.2687545120716095,1,1,0.13598951697349548
subject_14:sample_0002338,14,2338,1,2,0,2,0,2,0,0.18588438630104065,2,0,0.19548983871936798,2,0,0.21308019757270813,2,0,0.27047696709632874,0,0,0.13506771624088287
subject_14:sample_0002339,14,2339,1,2,0,2,0,2,0,0.18519343435764313,2,0,0.19395124912261963,2,0,0.21456235647201538,2,0,0.2722267210483551,0,0,0.13406530022621155
subject_14:sample_0002340,14,2340,1,2,0,2,0,2,0,0.18503707647323608,2,0,0.19263172149658203,2,0,0.2163155972957611,2,0,0.273650199174881,0,0,0.13236448168754578
subject_14:sample_0002341,14,2341,1,2,0,2,0,2,0,0.1852450668811798,2,0,0.19179333746433258,2,0,0.2171037793159485,2,0,0.2740296721458435,0,0,0.1318271905183792
subject_14:sample_0002342,14,2342,1,2,0,2,0,2,0,0.18574582040309906,2,0,0.1911822408437729,2,0,0.21738842129707336,2,0,0.2739819884300232,0,0,0.1317005753517151
subject_14:sample_0002343,14,2343,1,2,0,2,0,2,0,0.18621498346328735,2,0,0.19025206565856934,2,0,0.21812847256660461,2,0,0.2734779715538025,0,0,0.1319255232810974
subject_14:sample_0002344,14,2344,1,2,0,2,0,2,0,0.1867905706167221,2,0,0.19049471616744995,2,0,0.21823857724666595,2,0,0.27190059423446655,0,0,0.13257455825805664
subject_14:sample_0002345,14,2345,1,2,0,2,0,2,0,0.18767453730106354,2,0,0.19078755378723145,2,0,0.2180335968732834,2,0,0.2697741389274597,0,0,0.13372917473316193
subject_14:sample_0002346,14,2346,1,2,0,2,0,2,0,0.1882750242948532,2,0,0.19114214181900024,2,0,0.21794824302196503,2,0,0.26757633686065674,0,0,0.135057270526886
subject_14:sample_0002347,14,2347,1,2,0,2,0,2,0,0.18914857506752014,2,0,0.19243764877319336,2,0,0.21761997044086456,2,0,0.26541393995285034,0,0,0.13537892699241638
subject_14:sample_0002348,14,2348,1,2,0,2,0,2,0,0.1900990605354309,2,0,0.19342344999313354,2,0,0.21683631837368011,2,0,0.26340916752815247,0,0,0.13623106479644775
subject_14:sample_0002349,14,2349,1,2,0,2,0,2,0,0.19108977913856506,2,0,0.19411833584308624,2,0,0.21601250767707825,2,0,0.26187464594841003,0,0,0.1369038075208664
subject_14:sample_0002350,14,2350,1,2,0,2,0,2,0,0.19222943484783173,2,0,0.19460834562778473,2,0,0.21573501825332642,2,0,0.26034826040267944,0,0,0.13707797229290009
subject_14:sample_0002351,14,2351,1,2,0,2,0,2,0,0.19335003197193146,2,0,0.1956184059381485,2,0,0.21477140486240387,2,0,0.25846314430236816,0,0,0.13779602944850922
subject_14:sample_0002352,14,2352,1,2,0,2,0,2,0,0.19446532428264618,2,0,0.19652803242206573,2,0,0.21417684853076935,2,0,0.2568168640136719,0,0,0.13801193237304688
subject_14:sample_0002353,14,2353,1,2,0,2,0,2,0,0.1956884264945984,2,0,0.19763407111167908,2,0,0.21431352198123932,2,0,0.2554672062397003,0,0,0.13689576089382172
subject_14:sample_0002354,14,2354,1,2,0,2,0,2,0,0.19692951440811157,2,0,0.19959227740764618,2,0,0.21342609822750092,2,0,0.25348252058029175,0,0,0.1365685760974884
subject_14:sample_0002355,14,2355,1,2,0,2,0,2,0,0.19818082451820374,2,0,0.2016524374485016,2,0,0.2127746194601059,2,0,0.2507965564727783,0,0,0.13659459352493286
subject_14:sample_0002356,14,2356,1,2,0,2,0,2,0,0.19944781064987183,2,0,0.20376251637935638,2,0,0.21206894516944885,2,0,0.2480257749557495,0,0,0.13669392466545105
subject_14:sample_0002357,14,2357,1,2,0,2,0,2,0,0.20042917132377625,2,0,0.20595067739486694,2,0,0.21064750850200653,2,0,0.24579249322414398,0,0,0.1371791809797287
subject_14:sample_0002358,14,2358,1,2,0,2,0,2,0,0.20137344300746918,2,0,0.20718711614608765,2,0,0.20951741933822632,2,0,0.2444392293691635,0,0,0.13748183846473694
subject_14:sample_0002359,14,2359,1,2,0,2,0,2,0,0.2023392766714096,2,0,0.20834404230117798,2,0,0.20822322368621826,2,0,0.2436186969280243,0,0,0.13747385144233704
subject_14:sample_0002360,14,2360,1,2,0,2,0,2,0,0.2031622976064682,2,0,0.20984138548374176,2,0,0.20646029710769653,2,0,0.2430536448955536,1,1,0.1374814361333847
subject_14:sample_0002361,14,2361,1,2,0,2,0,2,0,0.20386263728141785,2,0,0.21140089631080627,2,0,0.2048574537038803,2,0,0.2424754649400711,1,1,0.13740260899066925
subject_14:sample_0002362,14,2362,1,2,0,2,0,2,0,0.20466476678848267,2,0,0.21286214888095856,2,0,0.2024824470281601,2,0,0.24214762449264526,1,1,0.1378420889377594
subject_14:sample_0002363,14,2363,1,2,0,2,0,2,0,0.20568670332431793,2,0,0.21371014416217804,2,0,0.19965268671512604,2,0,0.24209614098072052,1,1,0.13885338604450226
subject_14:sample_0002364,14,2364,1,2,0,2,0,2,0,0.20683005452156067,2,0,0.2142402082681656,2,0,0.19613544642925262,2,0,0.24223706126213074,1,1,0.14055630564689636
subject_14:sample_0002365,14,2365,1,2,0,2,0,2,0,0.20736871659755707,2,0,0.21439863741397858,2,0,0.19389165937900543,2,0,0.24193984270095825,1,1,0.1424001306295395
subject_14:sample_0002366,14,2366,1,2,0,2,0,2,0,0.2074863314628601,2,0,0.21391262114048004,2,0,0.19347381591796875,2,0,0.2411344051361084,1,1,0.1439918428659439
subject_14:sample_0002367,14,2367,1,2,0,2,0,2,0,0.20756718516349792,2,0,0.2137989103794098,2,0,0.19263795018196106,2,0,0.24041295051574707,1,1,0.14558207988739014
subject_14:sample_0002368,14,2368,1,2,0,2,0,2,0,0.20730668306350708,2,0,0.21346759796142578,2,0,0.19337154924869537,2,0,0.23930718004703522,1,1,0.14654599130153656
subject_14:sample_0002369,14,2369,1,2,0,2,0,2,0,0.20627844333648682,2,0,0.2132120430469513,2,0,0.19547463953495026,2,0,0.2381545603275299,1,1,0.1468793898820877
subject_14:sample_0002370,14,2370,1,2,0,2,0,2,0,0.20440907776355743,2,0,0.21334479749202728,2,0,0.1978154182434082,2,0,0.2374572455883026,1,1,0.14697252213954926
subject_14:sample_0002371,14,2371,1,2,0,2,0,2,0,0.20272508263587952,2,0,0.2140570431947708,2,0,0.1991976946592331,2,0,0.23713529109954834,1,1,0.14688396453857422
subject_14:sample_0002372,14,2372,1,2,0,2,0,1,1,0.20181159675121307,2,0,0.2159113585948944,1,1,0.19736672937870026,2,0,0.2377578765153885,1,1,0.14715151488780975
subject_14:sample_0002373,14,2373,1,1,1,2,0,1,1,0.20150290429592133,2,0,0.2177589386701584,1,1,0.1938548982143402,2,0,0.23870082199573517,1,1,0.1481814831495285
subject_14:sample_0002374,14,2374,1,1,1,2,0,1,1,0.20155107975006104,2,0,0.21870312094688416,1,1,0.1912211775779724,2,0,0.23942506313323975,1,1,0.14909857511520386
subject_14:sample_0002375,14,2375,1,1,1,2,0,1,1,0.20173369348049164,2,0,0.21885289251804352,1,1,0.18925409018993378,2,0,0.23982079327106476,1,1,0.15033762156963348
subject_14:sample_0002376,14,2376,1,1,1,1,1,1,1,0.2022385150194168,2,0,0.2179316133260727,1,1,0.18812055885791779,2,0,0.23952534794807434,1,1,0.15218302607536316
subject_14:sample_0002377,14,2377,1,1,1,1,1,1,1,0.20383965969085693,2,0,0.2151341736316681,1,1,0.1885720044374466,2,0,0.237418994307518,1,1,0.15503422915935516
subject_14:sample_0002378,14,2378,1,1,1,1,1,1,1,0.20616106688976288,2,0,0.21116375923156738,1,1,0.19069795310497284,2,0,0.23370881378650665,1,1,0.15826736390590668
subject_14:sample_0002379,14,2379,1,1,1,1,1,1,1,0.2084997445344925,1,1,0.20815470814704895,1,1,0.1932862550020218,2,0,0.2292761504650116,1,1,0.16078224778175354
subject_14:sample_0002380,14,2380,1,1,1,1,1,1,1,0.2110309600830078,1,1,0.20432019233703613,1,1,0.19638314843177795,1,1,0.2248297780752182,1,1,0.1634349375963211
subject_14:sample_0002381,14,2381,1,1,1,1,1,1,1,0.21356239914894104,1,1,0.20175199210643768,1,1,0.19941748678684235,1,1,0.21965838968753815,1,1,0.16560876369476318
subject_14:sample_0002382,14,2382,1,1,1,1,1,1,1,0.2160119265317917,1,1,0.20023436844348907,1,1,0.20227698981761932,1,1,0.2139727920293808,1,1,0.16750288009643555
subject_14:sample_0002383,14,2383,1,1,1,1,1,1,1,0.21809694170951843,1,1,0.1994113028049469,1,1,0.204728901386261,1,1,0.20878787338733673,1,1,0.16897399723529816
subject_14:sample_0002384,14,2384,1,1,1,1,1,1,1,0.21988801658153534,1,1,0.19883623719215393,1,1,0.2070438265800476,1,1,0.20403775572776794,1,1,0.17019321024417877
subject_14:sample_0002385,14,2385,1,1,1,1,1,1,1,0.22124503552913666,1,1,0.19881203770637512,1,1,0.20881259441375732,1,1,0.1999630182981491,1,1,0.17116637527942657
subject_14:sample_0002386,14,2386,1,1,1,1,1,1,1,0.22232374548912048,1,1,0.19879713654518127,1,1,0.21023854613304138,1,1,0.1967884749174118,1,1,0.17185109853744507
subject_14:sample_0002387,14,2387,1,1,1,1,1,1,1,0.22338177263736725,1,1,0.19889257848262787,1,1,0.21146482229232788,1,1,0.1939695030450821,1,1,0.17229034006595612
subject_14:sample_0002388,14,2388,1,1,1,1,1,1,1,0.22417618334293365,1,1,0.19896720349788666,1,1,0.21233659982681274,1,1,0.1918831318616867,1,1,0.17263586819171906
subject_14:sample_0002389,14,2389,1,1,1,1,1,1,1,0.224757581949234,1,1,0.1989961415529251,1,1,0.21288909018039703,1,1,0.1903873085975647,1,1,0.17296896874904633
subject_14:sample_0002390,14,2390,1,1,1,1,1,1,1,0.22513294219970703,1,1,0.19907942414283752,1,1,0.21304796636104584,1,1,0.1893967241048813,1,1,0.17334197461605072
subject_14:sample_0002391,14,2391,1,1,1,1,1,1,1,0.22518351674079895,1,1,0.19918334484100342,1,1,0.21288175880908966,1,1,0.18890196084976196,1,1,0.1738484799861908
subject_14:sample_0002392,14,2392,1,1,1,1,1,1,1,0.2252347618341446,1,1,0.199379563331604,1,1,0.21274535357952118,1,1,0.1882747858762741,1,1,0.17436453700065613
subject_14:sample_0002393,14,2393,1,1,1,1,1,1,1,0.22534678876399994,1,1,0.19941645860671997,1,1,0.21275211870670319,1,1,0.1875869482755661,1,1,0.17489668726921082
subject_14:sample_0002394,14,2394,1,1,1,1,1,1,1,0.22535769641399384,1,1,0.19960035383701324,1,1,0.21263399720191956,1,1,0.18710389733314514,1,1,0.1753031313419342
subject_14:sample_0002395,14,2395,1,1,1,1,1,1,1,0.22540436685085297,1,1,0.19986853003501892,1,1,0.21261462569236755,1,1,0.18642301857471466,1,1,0.1756884604692459
subject_14:sample_0002396,14,2396,1,1,1,1,1,1,1,0.22549326717853546,1,1,0.20006924867630005,1,1,0.21251258254051208,1,1,0.1859041005373001,1,1,0.17601987719535828
subject_14:sample_0002397,14,2397,1,1,1,1,1,1,1,0.2255638986825943,1,1,0.1998404860496521,1,1,0.21244360506534576,1,1,0.18591496348381042,1,1,0.17623603343963623
subject_14:sample_0002398,14,2398,1,1,1,1,1,1,1,0.22551217675209045,1,1,0.19962076842784882,1,1,0.21226297318935394,1,1,0.18617407977581024,1,1,0.17642910778522491
subject_14:sample_0002399,14,2399,1,1,1,1,1,1,1,0.2254280298948288,1,1,0.19956757128238678,1,1,0.21211159229278564,1,1,0.18645164370536804,1,1,0.17644017934799194
subject_14:sample_0002400,14,2400,1,1,1,1,1,1,1,0.2254410982131958,1,1,0.1994020789861679,1,1,0.2120855450630188,1,1,0.18696331977844238,1,1,0.1761070191860199
subject_14:sample_0002401,14,2401,1,1,1,1,1,1,1,0.22560878098011017,1,1,0.19915585219860077,1,1,0.21221491694450378,1,1,0.18751585483551025,1,1,0.17550358176231384
subject_14:sample_0002402,14,2402,1,1,1,1,1,1,1,0.22589018940925598,1,1,0.19880691170692444,1,1,0.2124340981245041,1,1,0.18782435357570648,1,1,0.17504343390464783
subject_14:sample_0002403,14,2403,1,1,1,1,1,1,1,0.226111501455307,1,1,0.19881373643875122,1,1,0.2126702070236206,1,1,0.18800745904445648,1,1,0.17439614236354828
subject_14:sample_0002404,14,2404,1,1,1,1,1,1,1,0.2260114550590515,1,1,0.19896095991134644,1,1,0.21257160604000092,1,1,0.18829554319381714,1,1,0.1741594821214676
subject_14:sample_0002405,14,2405,1,1,1,1,1,1,1,0.2259664684534073,1,1,0.19906911253929138,1,1,0.21241864562034607,1,1,0.18871675431728363,1,1,0.17382800579071045
subject_14:sample_0002406,14,2406,1,1,1,1,1,1,1,0.22585761547088623,1,1,0.1995106339454651,1,1,0.21240738034248352,1,1,0.18876537680625916,1,1,0.1734580099582672
subject_14:sample_0002407,14,2407,1,1,1,1,1,1,1,0.22577032446861267,1,1,0.19978834688663483,1,1,0.21235185861587524,1,1,0.1887342631816864,1,1,0.17335422337055206
subject_14:sample_0002408,14,2408,1,1,1,1,1,1,1,0.22558017075061798,1,1,0.19997985661029816,1,1,0.21231982111930847,1,1,0.18878227472305298,1,1,0.17333689332008362
subject_14:sample_0002409,14,2409,1,1,1,1,1,1,1,0.22532594203948975,1,1,0.20050908625125885,1,1,0.2123713195323944,1,1,0.1886097639799118,1,1,0.1731828898191452
subject_14:sample_0002410,14,2410,1,1,1,1,1,1,1,0.2250448763370514,1,1,0.20115888118743896,1,1,0.21246905624866486,1,1,0.18836502730846405,1,1,0.17296113073825836
subject_14:sample_0002411,14,2411,1,1,1,1,1,1,1,0.2247963696718216,1,1,0.20183251798152924,1,1,0.21259431540966034,1,1,0.18809767067432404,1,1,0.17267821729183197
subject_14:sample_0002412,14,2412,1,1,1,1,1,1,1,0.22464384138584137,1,1,0.20239458978176117,1,1,0.21272747218608856,1,1,0.18764832615852356,1,1,0.17258484661579132
subject_14:sample_0002413,14,2413,1,1,1,1,1,1,1,0.22458600997924805,1,1,0.20245985686779022,1,1,0.21263563632965088,1,1,0.18773317337036133,1,1,0.17258429527282715
subject_14:sample_0002414,14,2414,1,1,1,1,1,1,1,0.22422006726264954,1,1,0.2025793492794037,1,1,0.21227267384529114,1,1,0.1881244033575058,1,1,0.17280249297618866
subject_14:sample_0002415,14,2415,1,1,1,1,1,1,1,0.22390010952949524,1,1,0.20270447432994843,1,1,0.21202446520328522,1,1,0.18804869055747986,1,1,0.17332126200199127
subject_14:sample_0002416,14,2416,1,1,1,1,1,1,1,0.22370049357414246,1,1,0.20311690866947174,1,1,0.2119034081697464,1,1,0.18741914629936218,1,1,0.17385904490947723
subject_14:sample_0002417,14,2417,1,1,1,1,1,1,1,0.22342164814472198,1,1,0.2034154087305069,1,1,0.2116665244102478,1,1,0.18703550100326538,1,1,0.17445999383926392
subject_14:sample_0002418,14,2418,1,1,1,1,1,1,1,0.2232072353363037,1,1,0.20359358191490173,1,1,0.2115839421749115,1,1,0.18678027391433716,1,1,0.1748339980840683
subject_14:sample_0002419,14,2419,1,1,1,1,1,1,1,0.2231484055519104,1,1,0.2036653757095337,1,1,0.2115926742553711,1,1,0.18636846542358398,1,1,0.17522409558296204
subject_14:sample_0002420,14,2420,1,1,1,1,1,1,1,0.223159521818161,1,1,0.20336122810840607,1,1,0.2117505520582199,1,1,0.18633748590946198,1,1,0.17539025843143463
subject_14:sample_0002421,14,2421,1,1,1,1,1,1,1,0.22324548661708832,1,1,0.20345310866832733,1,1,0.21213769912719727,1,1,0.18558207154273987,1,1,0.17558066546916962
subject_14:sample_0002422,14,2422,1,1,1,1,1,1,1,0.22330573201179504,1,1,0.20341773331165314,1,1,0.21239420771598816,1,1,0.1848301738500595,1,1,0.17605118453502655
subject_14:sample_0002423,14,2423,1,1,1,1,1,1,1,0.2232946753501892,1,1,0.20332850515842438,1,1,0.2125513255596161,1,1,0.18426965177059174,1,1,0.1765548586845398
subject_14:sample_0002424,14,2424,1,1,1,1,1,1,1,0.22342175245285034,1,1,0.20315252244472504,1,1,0.2127886712551117,1,1,0.18354105949401855,1,1,0.177094966173172
subject_14:sample_0002425,14,2425,1,1,1,1,1,1,1,0.22375500202178955,1,1,0.20294001698493958,1,1,0.21320044994354248,1,1,0.18226151168346405,1,1,0.17784203588962555
subject_14:sample_0002426,14,2426,1,1,1,1,1,1,1,0.22427771985530853,1,1,0.2028428465127945,1,1,0.21370746195316315,1,1,0.18067936599254608,1,1,0.17849162220954895
subject_14:sample_0002427,14,2427,1,1,1,1,1,1,1,0.22465838491916656,1,1,0.20256394147872925,1,1,0.21389201283454895,1,1,0.179576575756073,1,1,0.17930810153484344
subject_14:sample_0002428,14,2428,1,1,1,1,1,1,1,0.22491957247257233,1,1,0.20232777297496796,1,1,0.21408677101135254,1,1,0.17873616516590118,1,1,0.17992880940437317
subject_14:sample_0002429,14,2429,1,1,1,1,1,1,1,0.2252076268196106,1,1,0.2022830694913864,1,1,0.21445125341415405,1,1,0.17739450931549072,1,1,0.18066257238388062
subject_14:sample_0002430,14,2430,1,1,1,1,1,1,1,0.2254582643508911,1,1,0.202480748295784,1,1,0.21472442150115967,1,1,0.1756490021944046,1,1,0.1816866099834442
subject_14:sample_0002431,14,2431,1,1,1,1,1,1,1,0.22580774128437042,1,1,0.20265214145183563,1,1,0.21502894163131714,1,1,0.17400380969047546,1,1,0.1825064718723297
subject_14:sample_0002432,14,2432,1,1,1,1,1,1,1,0.22607070207595825,1,1,0.20295396447181702,1,1,0.2153414636850357,1,1,0.17247770726680756,1,1,0.18315520882606506
subject_14:sample_0002433,14,2433,1,1,1,1,1,1,1,0.22634392976760864,1,1,0.20344451069831848,1,1,0.2153802216053009,1,1,0.17121896147727966,1,1,0.1836114525794983
subject_14:sample_0002434,14,2434,1,1,1,1,1,1,1,0.22652031481266022,1,1,0.20391792058944702,1,1,0.21541140973567963,1,1,0.17008419334888458,1,1,0.18406511843204498
subject_14:sample_0002435,14,2435,1,1,1,1,1,1,1,0.22687476873397827,1,1,0.20421883463859558,1,1,0.2155497819185257,1,1,0.16876262426376343,1,1,0.1845931112766266
subject_14:sample_0002436,14,2436,1,1,1,1,1,1,1,0.22733214497566223,1,1,0.20442171394824982,1,1,0.21587252616882324,1,1,0.16744287312030792,1,1,0.18492969870567322
subject_14:sample_0002437,14,2437,1,1,1,1,1,1,1,0.22791297733783722,1,1,0.2048032134771347,1,1,0.21632073819637299,1,1,0.16602464020252228,1,1,0.1849374920129776
subject_14:sample_0002438,14,2438,1,1,1,1,1,1,1,0.22834934294223785,1,1,0.20523111522197723,1,1,0.21676777303218842,1,1,0.16477146744728088,1,1,0.18487925827503204
subject_14:sample_0002439,14,2439,1,1,1,1,1,1,1,0.22877342998981476,1,1,0.20569868385791779,1,1,0.21732261776924133,1,1,0.16343306005001068,1,1,0.18477125465869904
subject_14:sample_0002440,14,2440,1,1,1,1,1,1,1,0.2288135290145874,1,1,0.20625782012939453,1,1,0.21753086149692535,1,1,0.16262367367744446,1,1,0.18477319180965424
subject_14:sample_0002441,14,2441,1,1,1,1,1,1,1,0.228687584400177,1,1,0.2069167196750641,1,1,0.2178737223148346,1,1,0.16156205534934998,1,1,0.1849590241909027
subject_14:sample_0002442,14,2442,1,1,1,1,1,1,1,0.22864244878292084,1,1,0.20731104910373688,1,1,0.21802885830402374,1,1,0.16091181337833405,1,1,0.1851048618555069
subject_14:sample_0002443,14,2443,1,1,1,1,1,1,1,0.2285216897726059,1,1,0.20765306055545807,1,1,0.2182077318429947,1,1,0.16026176512241364,1,1,0.1853547841310501
subject_14:sample_0002444,14,2444,1,1,1,1,1,1,1,0.22834450006484985,1,1,0.2077978253364563,1,1,0.21827350556850433,1,1,0.1599365472793579,1,1,0.185646653175354
subject_14:sample_0002445,14,2445,1,1,1,1,1,1,1,0.22781817615032196,1,1,0.2078709602355957,1,1,0.21820534765720367,1,1,0.15972529351711273,1,1,0.18637926876544952
subject_14:sample_0002446,14,2446,1,1,1,1,1,1,1,0.2273382544517517,1,1,0.20794832706451416,1,1,0.21825769543647766,1,1,0.15930898487567902,1,1,0.18714585900306702
subject_14:sample_0002447,14,2447,1,1,1,1,1,1,1,0.2269776612520218,1,1,0.2080080509185791,1,1,0.21841834485530853,1,1,0.15891794860363007,1,1,0.18767699599266052
subject_14:sample_0002448,14,2448,1,1,1,1,1,1,1,0.22663426399230957,1,1,0.20788538455963135,1,1,0.21857084333896637,1,1,0.158707395195961,1,1,0.1882012039422989
subject_14:sample_0002449,14,2449,1,1,1,1,1,1,1,0.22645701467990875,1,1,0.20760053396224976,1,1,0.21866053342819214,1,1,0.15863564610481262,1,1,0.18864533305168152
subject_14:sample_0002450,14,2450,1,1,1,1,1,1,1,0.22635851800441742,1,1,0.2073439508676529,1,1,0.2187570482492447,1,1,0.15854673087596893,1,1,0.18899281322956085
subject_14:sample_0002451,14,2451,1,1,1,1,1,1,1,0.22642728686332703,1,1,0.20712776482105255,1,1,0.2188768982887268,1,1,0.1583990752696991,1,1,0.18916809558868408
subject_14:sample_0002452,14,2452,1,1,1,1,1,1,1,0.22630980610847473,1,1,0.2069035768508911,1,1,0.21888260543346405,1,1,0.15868179500102997,1,1,0.18922123312950134
subject_14:sample_0002453,14,2453,1,1,1,1,1,1,1,0.22611604630947113,1,1,0.2066565752029419,1,1,0.21886278688907623,1,1,0.1590469628572464,1,1,0.18931670486927032
subject_14:sample_0002454,14,2454,1,1,1,1,1,1,1,0.2259252518415451,1,1,0.20655474066734314,1,1,0.21876631677150726,1,1,0.15955814719200134,1,1,0.18919460475444794
subject_14:sample_0002455,14,2455,1,1,1,1,1,1,1,0.22553513944149017,1,1,0.20609673857688904,1,1,0.21863113343715668,1,1,0.16075891256332397,1,1,0.18897712230682373
subject_14:sample_0002456,14,2456,1,1,1,1,1,1,1,0.22511090338230133,1,1,0.2054768055677414,1,1,0.21848197281360626,1,1,0.16221179068088531,1,1,0.1887175589799881
subject_14:sample_0002457,14,2457,1,1,1,1,1,1,1,0.22447951138019562,1,1,0.20466604828834534,1,1,0.21817223727703094,1,1,0.16437944769859314,1,1,0.18830177187919617
subject_14:sample_0002458,14,2458,1,1,1,1,1,1,1,0.22404491901397705,1,1,0.20389805734157562,1,1,0.21802105009555817,1,1,0.16611024737358093,1,1,0.18792474269866943
subject_14:sample_0002459,14,2459,1,1,1,1,1,1,1,0.22351452708244324,1,1,0.20296123623847961,1,1,0.21818864345550537,1,1,0.16773144900798798,1,1,0.1876031756401062
subject_14:sample_0002460,14,2460,1,1,1,1,1,1,1,0.2229779064655304,1,1,0.20211799442768097,1,1,0.21840474009513855,1,1,0.1692381501197815,1,1,0.1872602254152298
subject_14:sample_0002461,14,2461,1,1,1,1,1,1,1,0.22249525785446167,1,1,0.20135942101478577,1,1,0.21879535913467407,1,1,0.1703210473060608,1,1,0.18702788650989532
subject_14:sample_0002462,14,2462,1,1,1,1,1,1,1,0.22216323018074036,1,1,0.2006232738494873,1,1,0.21911916136741638,1,1,0.1712883710861206,1,1,0.1868050992488861
subject_14:sample_0002463,14,2463,1,1,1,1,1,1,1,0.22187015414237976,1,1,0.1999981701374054,1,1,0.21935181319713593,1,1,0.17225748300552368,1,1,0.18652144074440002
subject_14:sample_0002464,14,2464,1,1,1,1,1,1,1,0.22164858877658844,1,1,0.1994682103395462,1,1,0.21929816901683807,1,1,0.173365980386734,1,1,0.18621811270713806
subject_14:sample_0002465,14,2465,1,1,1,1,1,1,1,0.2214951515197754,1,1,0.1991601139307022,1,1,0.21903790533542633,1,1,0.1743190586566925,1,1,0.18598681688308716
subject_14:sample_0002466,14,2466,1,1,1,1,1,1,1,0.22131501138210297,1,1,0.19895201921463013,1,1,0.21887671947479248,1,1,0.17508162558078766,1,1,0.18577365577220917
subject_14:sample_0002467,14,2467,1,1,1,1,1,1,1,0.22111405432224274,1,1,0.19873733818531036,1,1,0.21864259243011475,1,1,0.17598748207092285,1,1,0.18551753461360931
subject_14:sample_0002468,14,2468,1,1,1,1,1,1,1,0.22086723148822784,1,1,0.19855555891990662,1,1,0.21846848726272583,1,1,0.1770240217447281,1,1,0.18508371710777283
subject_14:sample_0002469,14,2469,1,1,1,1,1,1,1,0.2206108570098877,1,1,0.1984909623861313,1,1,0.21824848651885986,1,1,0.17794448137283325,1,1,0.1847042590379715
subject_14:sample_0002470,14,2470,1,1,1,1,1,1,1,0.22032862901687622,1,1,0.1983686238527298,1,1,0.21823592483997345,1,1,0.17894764244556427,1,1,0.18411821126937866
subject_14:sample_0002471,14,2471,1,1,1,1,1,1,1,0.21997423470020294,1,1,0.19823820888996124,1,1,0.21807324886322021,1,1,0.1802605390548706,1,1,0.18345287442207336
subject_14:sample_0002472,14,2472,1,1,1,1,1,1,1,0.21958258748054504,1,1,0.19815270602703094,1,1,0.2180452197790146,1,1,0.18153810501098633,1,1,0.18268045783042908
subject_14:sample_0002473,14,2473,1,1,1,1,1,1,1,0.21920689940452576,1,1,0.1981416940689087,1,1,0.21798180043697357,1,1,0.1826377511024475,1,1,0.18203088641166687
subject_14:sample_0002474,14,2474,1,1,1,1,1,1,1,0.21891707181930542,1,1,0.19826291501522064,1,1,0.21788041293621063,1,1,0.18349462747573853,1,1,0.18144404888153076
subject_14:sample_0002475,14,2475,1,1,1,1,1,1,1,0.21865282952785492,1,1,0.19861280918121338,1,1,0.21758390963077545,1,1,0.18411673605442047,1,1,0.1810327023267746
subject_14:sample_0002476,14,2476,1,1,1,1,1,1,1,0.21848319470882416,1,1,0.19884134829044342,1,1,0.21714143455028534,1,1,0.1847817748785019,1,1,0.1807512491941452
subject_14:sample_0002477,14,2477,1,1,1,1,1,1,1,0.2184428572654724,1,1,0.19911040365695953,1,1,0.2167961597442627,1,1,0.18498221039772034,1,1,0.18066737055778503
subject_14:sample_0002478,14,2478,1,1,1,1,1,1,1,0.21845565736293793,1,1,0.19939135015010834,1,1,0.2165004462003708,1,1,0.1849219799041748,1,1,0.18072961270809174
subject_14:sample_0002479,14,2479,1,1,1,1,1,1,1,0.2185518592596054,1,1,0.19972139596939087,1,1,0.21608230471611023,1,1,0.18476177752017975,1,1,0.18088161945343018
subject_14:sample_0002480,14,2480,1,1,1,1,1,1,1,0.2185385525226593,1,1,0.19999009370803833,1,1,0.21586298942565918,1,1,0.1846795231103897,1,1,0.18092785775661469
subject_14:sample_0002481,14,2481,1,1,1,1,1,1,1,0.21860447525978088,1,1,0.20008604228496552,1,1,0.21565988659858704,1,1,0.18461038172245026,1,1,0.18103821575641632
subject_14:sample_0002482,14,2482,0,1,0,0,1,0,1,0.2144772857427597,1,0,0.20352499186992645,0,1,0.20730425417423248,1,0,0.1904112845659256,1,0,0.18428127467632294
subject_14:sample_0002483,14,2483,0,1,0,0,1,0,1,0.21401110291481018,1,0,0.20341677963733673,0,1,0.20791774988174438,1,0,0.19017112255096436,1,0,0.18448232114315033
subject_14:sample_0002484,14,2484,0,1,0,0,1,0,1,0.21355530619621277,1,0,0.20343443751335144,0,1,0.20837140083312988,1,0,0.19001273810863495,1,0,0.18462510406970978
subject_14:sample_0002485,14,2485,0,1,0,0,1,0,1,0.21278594434261322,1,0,0.20355921983718872,0,1,0.20893286168575287,1,0,0.18992291390895844,1,0,0.18479813635349274
subject_14:sample_0002486,14,2486,0,1,0,0,1,0,1,0.21243911981582642,1,0,0.2035735845565796,0,1,0.20912441611289978,1,0,0.19000208377838135,1,0,0.18485978245735168
subject_14:sample_0002487,14,2487,0,1,0,0,1,0,1,0.21218512952327728,1,0,0.2035892754793167,0,1,0.20895493030548096,1,0,0.19034263491630554,1,0,0.18492703139781952
subject_14:sample_0002488,14,2488,0,1,0,0,1,0,1,0.212082639336586,1,0,0.2037200629711151,0,1,0.20826591551303864,1,0,0.1907525211572647,1,0,0.18517789244651794
subject_14:sample_0002489,14,2489,0,1,0,0,1,0,1,0.21171361207962036,1,0,0.20387588441371918,0,1,0.20757415890693665,1,0,0.1913699507713318,1,0,0.18546539545059204
subject_14:sample_0002490,14,2490,0,1,0,0,1,0,1,0.21144521236419678,1,0,0.2041243463754654,0,1,0.20658671855926514,1,0,0.19189314544200897,1,0,0.1859496384859085
subject_14:sample_0002491,14,2491,0,1,0,0,1,0,1,0.21092045307159424,1,0,0.2044166475534439,0,1,0.20629030466079712,1,0,0.19189751148223877,1,0,0.18647417426109314
subject_14:sample_0002492,14,2492,0,1,0,0,1,0,1,0.21086964011192322,1,0,0.20466351509094238,0,1,0.20590025186538696,1,0,0.19188754260540009,1,0,0.18667809665203094
subject_14:sample_0002493,14,2493,0,1,0,0,1,0,1,0.21074354648590088,1,0,0.20485442876815796,0,1,0.20579729974269867,1,0,0.1917913556098938,1,0,0.18681247532367706
subject_14:sample_0002494,14,2494,0,1,0,0,1,0,1,0.2109893262386322,1,0,0.2051798552274704,0,1,0.20624321699142456,1,0,0.19105319678783417,1,0,0.18653348088264465
subject_14:sample_0002495,14,2495,0,1,0,0,1,0,1,0.2108718603849411,1,0,0.20579341053962708,0,1,0.20641732215881348,1,0,0.19047346711158752,1,0,0.186443030834198
subject_14:sample_0002496,14,2496,0,1,0,0,1,0,1,0.21114006638526917,1,0,0.20648837089538574,0,1,0.20624594390392303,1,0,0.18994635343551636,1,0,0.18617825210094452
subject_14:sample_0002497,14,2497,0,1,0,0,1,0,1,0.2113368809223175,1,0,0.2064230740070343,0,1,0.2072722315788269,1,0,0.18945281207561493,1,0,0.18551401793956757
subject_14:sample_0002498,14,2498,0,1,0,0,1,0,1,0.21121904253959656,1,0,0.20640011131763458,0,1,0.2086745649576187,1,0,0.18895041942596436,1,0,0.18475493788719177
subject_14:sample_0002499,14,2499,0,1,0,0,1,0,1,0.21108104288578033,1,0,0.20660017430782318,0,1,0.20936985313892365,1,0,0.18876619637012482,1,0,0.1841817945241928
subject_14:sample_0002500,14,2500,0,1,0,0,1,0,1,0.21110805869102478,1,0,0.20801225304603577,0,1,0.20810019969940186,1,0,0.18924318253993988,1,0,0.1835353821516037
subject_14:sample_0002501,14,2501,0,1,0,0,1,0,1,0.21089841425418854,1,0,0.20978650450706482,0,1,0.20625533163547516,1,0,0.18981494009494781,1,0,0.18324390053749084
subject_14:sample_0002502,14,2502,0,1,0,0,1,0,1,0.21013590693473816,1,0,0.213566392660141,0,1,0.20365075767040253,1,0,0.19004318118095398,1,0,0.18260282278060913
subject_14:sample_0002503,14,2503,0,1,0,0,1,0,1,0.20887979865074158,1,0,0.2186458557844162,0,1,0.20132027566432953,1,0,0.1896226704120636,1,0,0.1815304458141327
subject_14:sample_0002504,14,2504,0,0,1,0,1,0,1,0.20746596157550812,1,0,0.22431069612503052,0,1,0.19886156916618347,0,1,0.18850557506084442,1,0,0.18085524439811707
subject_14:sample_0002505,14,2505,0,0,1,0,1,0,1,0.20616555213928223,1,0,0.2292262762784958,0,1,0.19733509421348572,0,1,0.18697069585323334,1,0,0.18030135333538055
subject_14:sample_0002506,14,2506,0,0,1,0,1,0,1,0.20456033945083618,1,0,0.23472954332828522,0,1,0.19672803580760956,0,1,0.18485988676548004,1,0,0.1791212111711502
subject_14:sample_0002507,14,2507,0,0,1,0,1,0,1,0.2029515951871872,0,1,0.24141807854175568,0,1,0.1954486221075058,0,1,0.18274109065532684,1,0,0.17743971943855286
subject_14:sample_0002508,14,2508,0,0,1,0,1,0,1,0.20138370990753174,0,1,0.24757419526576996,0,1,0.19476230442523956,0,1,0.18044911324977875,1,0,0.1758297234773636
subject_14:sample_0002509,14,2509,0,0,1,0,1,0,1,0.19974763691425323,0,1,0.2559950053691864,0,1,0.19226571917533875,0,1,0.17782141268253326,1,0,0.17416924238204956
subject_14:sample_0002510,14,2510,0,0,1,0,1,0,1,0.19793717563152313,0,1,0.26344162225723267,0,1,0.19063147902488708,0,1,0.17516666650772095,1,0,0.17282208800315857
subject_14:sample_0002511,14,2511,0,0,1,0,1,0,1,0.19608500599861145,0,1,0.2699824869632721,0,1,0.18926949799060822,0,1,0.17258384823799133,1,0,0.17207816243171692
subject_14:sample_0002512,14,2512,0,0,1,0,1,0,1,0.19449548423290253,0,1,0.27463096380233765,0,1,0.18864506483078003,0,1,0.17011329531669617,1,0,0.17211425304412842
subject_14:sample_0002513,14,2513,0,0,1,0,1,0,1,0.19361528754234314,0,1,0.27528274059295654,0,1,0.18963782489299774,0,1,0.16867004334926605,1,0,0.1727931648492813
subject_14:sample_0002514,14,2514,0,0,1,0,1,0,1,0.19457337260246277,0,1,0.27058741450309753,0,1,0.1908511221408844,0,1,0.1688198745250702,1,0,0.1751672923564911
subject_14:sample_0002515,14,2515,0,0,1,0,1,0,1,0.19620655477046967,0,1,0.2613477408885956,0,1,0.1923311948776245,0,1,0.17022161185741425,1,0,0.17989197373390198
subject_14:sample_0002516,14,2516,0,0,1,0,1,0,1,0.1976931244134903,0,1,0.2517838776111603,0,1,0.19399183988571167,0,1,0.17146903276443481,1,0,0.18506115674972534
subject_14:sample_0002517,14,2517,0,0,1,0,1,0,1,0.19887861609458923,0,1,0.24333210289478302,0,1,0.19576884806156158,0,1,0.172293022274971,1,0,0.18972645699977875
subject_14:sample_0002518,14,2518,0,0,1,0,1,0,1,0.1997457891702652,0,1,0.23701675236225128,0,1,0.19761335849761963,0,1,0.17361311614513397,1,0,0.19200998544692993
subject_14:sample_0002519,14,2519,0,0,1,0,1,0,1,0.20036117732524872,0,1,0.2327546328306198,0,1,0.19830280542373657,0,1,0.17536532878875732,1,0,0.19321514666080475
subject_14:sample_0002520,14,2520,0,0,1,0,1,0,1,0.2006530463695526,0,1,0.2292974293231964,0,1,0.19929584860801697,0,1,0.17650148272514343,0,1,0.19425122439861298
subject_14:sample_0002521,14,2521,0,0,1,0,1,0,1,0.20121388137340546,0,1,0.22661498188972473,0,1,0.19983966648578644,0,1,0.17844103276729584,0,1,0.19388948380947113
subject_14:sample_0002522,14,2522,0,0,1,0,1,0,1,0.2017306089401245,0,1,0.2240307629108429,0,1,0.2007928043603897,0,1,0.18039441108703613,0,1,0.19305039942264557
subject_14:sample_0002523,14,2523,0,0,1,0,1,0,1,0.2021721750497818,0,1,0.22147482633590698,0,1,0.2020779550075531,0,1,0.18285995721817017,0,1,0.19141419231891632
subject_14:sample_0002524,14,2524,0,0,1,0,1,0,1,0.20301295816898346,0,1,0.2188165932893753,0,1,0.20266495645046234,0,1,0.18630000948905945,0,1,0.18920448422431946
subject_14:sample_0002525,14,2525,0,0,1,0,1,0,1,0.2036413550376892,0,1,0.21523652970790863,0,1,0.20230774581432343,0,1,0.1903078258037567,0,1,0.18850558996200562
subject_14:sample_0002526,14,2526,0,0,1,0,1,0,1,0.20401634275913239,0,1,0.2109072059392929,0,1,0.20205670595169067,0,1,0.1936097890138626,0,1,0.1894090175628662
subject_14:sample_0002527,14,2527,0,0,1,0,1,0,1,0.20437884330749512,0,1,0.20651963353157043,0,1,0.20163221657276154,0,1,0.19649876654148102,0,1,0.1909695863723755
subject_14:sample_0002528,14,2528,0,0,1,0,1,0,1,0.20441915094852448,0,1,0.20356616377830505,0,1,0.20134228467941284,0,1,0.19772259891033173,0,1,0.1929488182067871
subject_14:sample_0002529,14,2529,0,0,1,0,1,0,1,0.2043505162000656,0,1,0.2013195902109146,0,1,0.20104765892028809,0,1,0.19847844541072845,0,1,0.1948028951883316
subject_14:sample_0002530,14,2530,0,0,1,0,1,0,1,0.2041567713022232,0,1,0.19955593347549438,0,1,0.2005004584789276,0,1,0.19914013147354126,0,1,0.19664576649665833
subject_14:sample_0002531,14,2531,0,0,1,0,1,0,1,0.2033865600824356,0,1,0.19837339222431183,0,1,0.19931234419345856,0,1,0.19914567470550537,0,1,0.19978101551532745
subject_14:sample_0002532,14,2532,0,0,1,0,1,0,1,0.20267847180366516,0,1,0.1973041594028473,0,1,0.19821661710739136,0,1,0.1998414397239685,0,1,0.2019583284854889
subject_14:sample_0002533,14,2533,0,0,1,0,1,0,1,0.20183533430099487,0,1,0.19642287492752075,0,1,0.19735322892665863,0,1,0.20058363676071167,0,1,0.20380398631095886
subject_14:sample_0002534,14,2534,0,0,1,0,1,0,1,0.20096798241138458,0,1,0.19507674872875214,0,1,0.19677913188934326,0,1,0.20223812758922577,0,1,0.20493701100349426
subject_14:sample_0002535,14,2535,0,0,1,0,1,0,1,0.20035704970359802,0,1,0.19406020641326904,0,1,0.19704991579055786,0,1,0.2027106136083603,0,1,0.2058212012052536
subject_14:sample_0002536,14,2536,0,0,1,0,1,0,1,0.20020921528339386,0,1,0.1935308277606964,0,1,0.19870306551456451,0,1,0.20076271891593933,0,1,0.20679321885108948
subject_14:sample_0002537,14,2537,0,0,1,0,1,0,1,0.2001868635416031,0,1,0.1934993714094162,0,1,0.2010204941034317,0,1,0.1979968249797821,0,1,0.2072955071926117
subject_14:sample_0002538,14,2538,0,0,1,0,1,0,1,0.19995306432247162,0,1,0.19275110960006714,0,1,0.20340105891227722,1,0,0.19652046263217926,0,1,0.20737330615520477
subject_14:sample_0002539,14,2539,0,0,1,0,1,0,1,0.19986361265182495,0,1,0.19209618866443634,0,1,0.20663565397262573,1,0,0.193515807390213,0,1,0.20788781344890594
subject_14:sample_0002540,14,2540,0,0,1,0,1,0,1,0.199750155210495,0,1,0.19196653366088867,0,1,0.20899735391139984,1,0,0.19066952168941498,0,1,0.2086154967546463
subject_14:sample_0002541,14,2541,0,0,1,0,1,0,1,0.19971323013305664,0,1,0.19273260235786438,0,1,0.21104812622070312,1,0,0.1868131458759308,0,1,0.20969192683696747
subject_14:sample_0002542,14,2542,0,0,1,0,1,0,1,0.1997314989566803,0,1,0.1939944475889206,0,1,0.21143731474876404,1,0,0.18368196487426758,0,1,0.2111538052558899
subject_14:sample_0002543,14,2543,0,0,1,0,1,0,1,0.20020705461502075,0,1,0.19663465023040771,0,1,0.20991159975528717,1,0,0.18173080682754517,0,1,0.2115149050951004
subject_14:sample_0002544,14,2544,0,0,1,0,1,0,1,0.20107708871364594,0,1,0.19979403913021088,0,1,0.20665116608142853,1,0,0.18084827065467834,0,1,0.2116284817457199
subject_14:sample_0002545,14,2545,0,0,1,0,1,0,1,0.20165066421031952,0,1,0.20317429304122925,0,1,0.20300522446632385,1,0,0.18114608526229858,0,1,0.21102280914783478
subject_14:sample_0002546,14,2546,0,0,1,0,1,0,1,0.20215415954589844,0,1,0.20622532069683075,0,1,0.19937048852443695,1,0,0.1819727122783661,0,1,0.21027640998363495
subject_14:sample_0002547,14,2547,0,0,1,0,1,0,1,0.20252984762191772,0,1,0.20910421013832092,1,0,0.19562458992004395,1,0,0.1832531839609146,0,1,0.20948714017868042
subject_14:sample_0002548,14,2548,0,0,1,0,1,0,1,0.2016935795545578,0,1,0.2116040289402008,1,0,0.19290290772914886,1,0,0.18428415060043335,0,1,0.20951434969902039
subject_14:sample_0002549,14,2549,0,0,1,0,1,0,1,0.20033861696720123,0,1,0.21528910100460052,1,0,0.19118419289588928,1,0,0.18478070199489594,0,1,0.20840640366077423
subject_14:sample_0002550,14,2550,0,0,1,0,1,0,1,0.19919739663600922,0,1,0.22001172602176666,1,0,0.1900976300239563,1,0,0.1859106868505478,0,1,0.20478154718875885
subject_14:sample_0002551,14,2551,0,0,1,0,1,0,1,0.198465496301651,0,1,0.22220298647880554,1,0,0.19018404185771942,1,0,0.18839210271835327,0,1,0.2007543295621872
subject_14:sample_0002552,14,2552,0,1,0,0,1,0,1,0.19790175557136536,0,1,0.22419394552707672,1,0,0.18994686007499695,1,0,0.19219370186328888,1,0,0.1957627832889557
subject_14:sample_0002553,14,2553,0,1,0,0,1,0,1,0.19674021005630493,0,1,0.2277228683233261,1,0,0.18840228021144867,1,0,0.19493171572685242,1,0,0.19220194220542908
subject_14:sample_0002554,14,2554,0,1,0,0,1,0,1,0.19413712620735168,0,1,0.23265770077705383,1,0,0.18591710925102234,1,0,0.19695354998111725,1,0,0.19033357501029968
subject_14:sample_0002555,14,2555,0,1,0,0,1,0,1,0.19095388054847717,0,1,0.2373327761888504,1,0,0.18350999057292938,1,0,0.19935518503189087,1,0,0.18884722888469696
subject_14:sample_0002556,14,2556,0,0,1,0,1,0,1,0.18794550001621246,0,1,0.24039509892463684,1,0,0.1818862110376358,1,0,0.2016136348247528,1,0,0.18815858662128448
subject_14:sample_0002557,14,2557,0,0,1,0,1,0,1,0.18537619709968567,0,1,0.23906154930591583,1,0,0.18182845413684845,1,0,0.20476403832435608,1,0,0.18896879255771637
subject_14:sample_0002558,14,2558,0,0,1,0,1,0,1,0.18498888611793518,0,1,0.2310279756784439,1,0,0.1834246814250946,1,0,0.20930145680904388,1,0,0.1912560909986496
subject_14:sample_0002559,14,2559,0,0,1,0,1,0,1,0.18483100831508636,0,1,0.2227029949426651,1,0,0.18575219810009003,0,1,0.21296867728233337,1,0,0.19374413788318634
subject_14:sample_0002560,14,2560,0,0,1,0,1,0,1,0.21549180150032043,1,0,0.21837545931339264,0,1,0.184781014919281,0,1,0.19429491460323334,1,0,0.18705588579177856
subject_14:sample_0002561,14,2561,0,0,1,0,1,0,1,0.21745744347572327,1,0,0.21396394073963165,0,1,0.18579666316509247,0,1,0.19826211035251617,1,0,0.18451885879039764
subject_14:sample_0002562,14,2562,0,0,1,0,1,0,1,0.21919290721416473,1,0,0.21159155666828156,0,1,0.18619902431964874,0,1,0.2010546326637268,1,0,0.18196091055870056
subject_14:sample_0002563,14,2563,0,0,1,0,1,0,1,0.2198479175567627,1,0,0.21229761838912964,0,1,0.18568894267082214,0,1,0.20124980807304382,1,0,0.1809147298336029
subject_14:sample_0002564,14,2564,0,0,1,0,1,0,1,0.22036074101924896,1,0,0.21321289241313934,0,1,0.18447120487689972,0,1,0.20158933103084564,1,0,0.18036486208438873
subject_14:sample_0002565,14,2565,0,0,1,0,1,0,1,0.2208743542432785,1,0,0.21370483934879303,0,1,0.18344932794570923,0,1,0.2017473578453064,1,0,0.18022310733795166
subject_14:sample_0002566,14,2566,0,0,1,0,1,0,1,0.22148673236370087,1,0,0.2138069123029709,0,1,0.18283116817474365,0,1,0.20209725201129913,1,0,0.17977692186832428
subject_14:sample_0002567,14,2567,0,0,1,0,1,0,1,0.2220069319009781,1,0,0.21394596993923187,0,1,0.18253955245018005,0,1,0.201785147190094,1,0,0.17972144484519958
subject_14:sample_0002568,14,2568,0,0,1,0,1,0,1,0.22225771844387054,1,0,0.21446123719215393,0,1,0.18219180405139923,0,1,0.20042967796325684,1,0,0.18065860867500305
subject_14:sample_0002569,14,2569,0,0,1,0,1,0,1,0.22247977554798126,1,0,0.215131476521492,0,1,0.18228358030319214,0,1,0.1991332471370697,1,0,0.1809709519147873
subject_14:sample_0002570,14,2570,0,0,1,0,1,0,1,0.22280052304267883,1,0,0.21462035179138184,0,1,0.18254949152469635,0,1,0.199140265583992,1,0,0.1808883547782898
subject_14:sample_0002571,14,2571,0,0,1,0,1,0,1,0.2230549156665802,1,0,0.21430742740631104,0,1,0.18254929780960083,0,1,0.20029103755950928,1,0,0.17979632318019867
subject_14:sample_0002572,14,2572,0,0,1,0,1,0,1,0.22338645160198212,1,0,0.21344691514968872,0,1,0.18266621232032776,0,1,0.20106355845928192,1,0,0.17943596839904785
subject_14:sample_0002573,14,2573,0,0,1,0,1,0,1,0.22365063428878784,1,0,0.2129746824502945,0,1,0.18320982158184052,0,1,0.20118138194084167,1,0,0.1789824366569519
subject_14:sample_0002574,14,2574,0,0,1,0,1,0,1,0.22375638782978058,1,0,0.2121366262435913,0,1,0.18399758636951447,0,1,0.20082731544971466,1,0,0.17928114533424377
subject_14:sample_0002575,14,2575,0,0,1,0,1,0,1,0.22381047904491425,1,0,0.2104576826095581,0,1,0.1852787882089615,0,1,0.20144931972026825,1,0,0.17900274693965912
subject_14:sample_0002576,14,2576,0,0,1,0,1,0,1,0.22405831515789032,1,0,0.20951242744922638,0,1,0.18668903410434723,0,1,0.20201237499713898,1,0,0.1777268797159195
subject_14:sample_0002577,14,2577,0,0,1,0,1,0,1,0.2245313823223114,1,0,0.2079649269580841,0,1,0.18811221420764923,0,1,0.2026839703321457,1,0,0.17670655250549316
subject_14:sample_0002578,14,2578,0,0,1,0,1,0,1,0.22498519718647003,1,0,0.20568689703941345,0,1,0.18974557518959045,0,1,0.20422905683517456,1,0,0.1753523051738739
subject_14:sample_0002579,14,2579,0,0,1,0,1,0,1,0.2254343330860138,1,0,0.20252501964569092,0,1,0.19188766181468964,0,1,0.2065144032239914,1,0,0.17363761365413666
subject_14:sample_0002580,14,2580,0,0,1,0,1,0,1,0.22552816569805145,1,0,0.20065881311893463,0,1,0.19327042996883392,0,1,0.2080552577972412,1,0,0.17248643934726715
subject_14:sample_0002581,14,2581,0,0,1,0,1,0,1,0.22522839903831482,1,0,0.2000400573015213,0,1,0.19417908787727356,0,1,0.20932330191135406,1,0,0.17122817039489746
subject_14:sample_0002582,14,2582,0,0,1,0,1,0,1,0.22467710077762604,1,0,0.2010413259267807,0,1,0.1945057064294815,0,1,0.2095479667186737,1,0,0.17022696137428284
subject_14:sample_0002583,14,2583,0,0,1,0,1,0,1,0.22400496900081635,1,0,0.20267710089683533,0,1,0.1945955455303192,0,1,0.20962896943092346,1,0,0.16909241676330566
subject_14:sample_0002584,14,2584,0,0,1,0,1,0,1,0.22256837785243988,1,0,0.20782585442066193,0,1,0.19344303011894226,0,1,0.2084742933511734,1,0,0.16768746078014374
subject_14:sample_0002585,14,2585,0,0,1,0,1,0,1,0.22061634063720703,1,0,0.21524810791015625,0,1,0.19176599383354187,0,1,0.20638471841812134,1,0,0.16598393023014069
subject_14:sample_0002586,14,2586,0,0,1,0,1,0,1,0.21913304924964905,1,0,0.22055235505104065,0,1,0.19087903201580048,0,1,0.20491011440753937,1,0,0.16452452540397644
subject_14:sample_0002587,14,2587,0,0,1,0,1,0,1,0.2178141176700592,0,1,0.22491034865379333,0,1,0.19020171463489532,0,1,0.20390327274799347,1,0,0.16316957771778107
subject_14:sample_0002588,14,2588,0,0,1,0,1,0,1,0.2160799205303192,0,1,0.2304501086473465,0,1,0.18901529908180237,0,1,0.20275501906871796,1,0,0.16169871389865875
subject_14:sample_0002589,14,2589,0,0,1,0,1,0,1,0.21465171873569489,0,1,0.23523376882076263,0,1,0.18776431679725647,0,1,0.20148375630378723,1,0,0.16086545586585999
subject_14:sample_0002590,14,2590,0,0,1,0,1,0,1,0.2140040397644043,0,1,0.2380194216966629,0,1,0.18688274919986725,0,1,0.199954092502594,1,0,0.16113878786563873
subject_14:sample_0002591,14,2591,0,0,1,0,1,0,1,0.21367092430591583,0,1,0.23926036059856415,0,1,0.1865524798631668,0,1,0.198889821767807,1,0,0.16162554919719696
subject_14:sample_0002592,14,2592,0,0,1,0,1,0,1,0.2133130580186844,0,1,0.24020248651504517,0,1,0.18626634776592255,0,1,0.19816482067108154,1,0,0.16205231845378876
subject_14:sample_0002593,14,2593,0,0,1,0,1,0,1,0.21302670240402222,0,1,0.24041873216629028,0,1,0.18640251457691193,0,1,0.19816753268241882,1,0,0.16198350489139557
subject_14:sample_0002594,14,2594,0,0,1,0,1,0,1,0.212918221950531,0,1,0.24022403359413147,0,1,0.18678560853004456,0,1,0.19817888736724854,1,0,0.16189226508140564
subject_14:sample_0002595,14,2595,0,0,1,0,1,0,1,0.21288321912288666,0,1,0.2395871877670288,0,1,0.18737752735614777,0,1,0.19829033315181732,1,0,0.16186079382896423
subject_14:sample_0002596,14,2596,0,0,1,0,1,0,1,0.21295610070228577,0,1,0.2390906661748886,0,1,0.1878589689731598,0,1,0.19839677214622498,1,0,0.16169656813144684
subject_14:sample_0002597,14,2597,0,0,1,0,1,0,1,0.21307969093322754,0,1,0.2380775660276413,0,1,0.18863002955913544,0,1,0.19909419119358063,1,0,0.1611175835132599
subject_14:sample_0002598,14,2598,0,0,1,0,1,0,1,0.2132008820772171,0,1,0.23654091358184814,0,1,0.1896941065788269,0,1,0.20013824105262756,1,0,0.16042488813400269
subject_14:sample_0002599,14,2599,0,0,1,0,1,0,1,0.21344196796417236,0,1,0.23485958576202393,0,1,0.19079019129276276,0,1,0.20091533660888672,1,0,0.15999199450016022
subject_14:sample_0002600,14,2600,0,0,1,0,1,0,1,0.21358297765254974,0,1,0.23268000781536102,0,1,0.19200514256954193,0,1,0.20242105424404144,1,0,0.15930990874767303
subject_14:sample_0002601,14,2601,0,0,1,0,1,0,1,0.21373914182186127,0,1,0.2304375022649765,0,1,0.1934048980474472,0,1,0.2039513885974884,1,0,0.15846604108810425
subject_14:sample_0002602,14,2602,0,0,1,0,1,0,1,0.21399196982383728,0,1,0.2283487617969513,0,1,0.19448217749595642,0,1,0.20527353882789612,1,0,0.15790262818336487
subject_14:sample_0002603,14,2603,0,0,1,0,1,0,1,0.21439401805400848,0,1,0.22590601444244385,0,1,0.1958056390285492,0,1,0.20626619458198547,1,0,0.15762722492218018
subject_14:sample_0002604,14,2604,0,0,1,0,1,0,1,0.21487337350845337,0,1,0.22268083691596985,0,1,0.19743245840072632,0,1,0.20748938620090485,1,0,0.1575229912996292
subject_14:sample_0002605,14,2605,0,0,1,0,1,0,1,0.215366393327713,0,1,0.21939627826213837,0,1,0.19884681701660156,0,1,0.20853379368782043,1,0,0.15785574913024902
subject_14:sample_0002606,14,2606,0,0,1,0,1,0,1,0.2159062772989273,0,1,0.2157663106918335,0,1,0.200315460562706,0,1,0.20955820381641388,1,0,0.1584528237581253
subject_14:sample_0002607,14,2607,0,0,1,0,1,0,1,0.21637704968452454,0,1,0.21185222268104553,0,1,0.2016787976026535,0,1,0.21083052456378937,1,0,0.15926045179367065
subject_14:sample_0002608,14,2608,0,0,1,0,1,0,1,0.21666423976421356,0,1,0.20969589054584503,0,1,0.20202985405921936,0,1,0.21161717176437378,1,0,0.15999194979667664
subject_14:sample_0002609,14,2609,0,0,1,0,1,0,1,0.21686987578868866,0,1,0.2080066204071045,0,1,0.20248249173164368,0,1,0.21213148534297943,1,0,0.16050855815410614
subject_14:sample_0002610,14,2610,0,0,1,0,1,0,1,0.2169114351272583,0,1,0.20624546706676483,0,1,0.202741801738739,0,1,0.2131933718919754,1,0,0.16090691089630127
subject_14:sample_0002611,14,2611,0,0,1,0,1,0,1,0.2166668176651001,0,1,0.20504024624824524,0,1,0.20284143090248108,0,1,0.21453796327114105,1,0,0.16091260313987732
subject_14:sample_0002612,14,2612,0,0,1,0,1,0,1,0.21613682806491852,0,1,0.20400013029575348,0,1,0.2028842270374298,0,1,0.2161482870578766,1,0,0.1608296036720276
subject_14:sample_0002613,14,2613,0,0,1,0,1,0,1,0.2152988463640213,0,1,0.20334471762180328,0,1,0.20302104949951172,0,1,0.2180817425251007,1,0,0.1602526158094406
subject_14:sample_0002614,14,2614,0,0,1,0,1,0,1,0.21391481161117554,0,1,0.20239317417144775,0,1,0.20311976969242096,0,1,0.22133004665374756,1,0,0.1592411994934082
subject_14:sample_0002615,14,2615,0,0,1,0,1,0,1,0.21251606941223145,0,1,0.20168974995613098,0,1,0.20356056094169617,0,1,0.22377315163612366,1,0,0.15845955908298492
subject_14:sample_0002616,14,2616,0,0,1,0,1,0,1,0.21085256338119507,0,1,0.20084013044834137,0,1,0.20409493148326874,0,1,0.22647254168987274,1,0,0.15773893892765045
subject_14:sample_0002617,14,2617,0,0,1,0,1,0,1,0.20889414846897125,0,1,0.20006859302520752,0,1,0.20442959666252136,0,1,0.229166641831398,1,0,0.15744009613990784
subject_14:sample_0002618,14,2618,0,0,1,0,1,0,1,0.20679262280464172,0,1,0.19889333844184875,0,1,0.20499034225940704,0,1,0.23178713023662567,1,0,0.15753567218780518
subject_14:sample_0002619,14,2619,0,0,1,0,1,0,1,0.20433786511421204,0,1,0.1972830891609192,0,1,0.20553423464298248,0,1,0.2356858104467392,1,0,0.15715807676315308
subject_14:sample_0002620,14,2620,0,0,1,0,1,0,1,0.201443612575531,0,1,0.19599395990371704,0,1,0.20605550706386566,0,1,0.23933102190494537,1,0,0.1571749895811081
subject_14:sample_0002621,14,2621,0,0,1,0,1,0,1,0.1978657990694046,0,1,0.19456778466701508,0,1,0.206997811794281,0,1,0.24331212043762207,1,0,0.1572556048631668
subject_14:sample_0002622,14,2622,0,0,1,0,1,0,1,0.194361612200737,0,1,0.19298498332500458,0,1,0.20824357867240906,0,1,0.24713557958602905,1,0,0.15727338194847107
subject_14:sample_0002623,14,2623,0,0,1,0,1,0,1,0.19157300889492035,0,1,0.19125249981880188,0,1,0.2102893441915512,0,1,0.24933023750782013,1,0,0.1575540006160736
subject_14:sample_0002624,14,2624,0,0,1,0,1,0,1,0.18865714967250824,0,1,0.18935023248195648,0,1,0.21347619593143463,0,1,0.250954806804657,1,0,0.15756067633628845
subject_14:sample_0002625,14,2625,0,0,1,0,1,0,1,0.186445415019989,0,1,0.18781916797161102,0,1,0.21720479428768158,0,1,0.25102221965789795,1,0,0.15750746428966522
subject_14:sample_0002626,14,2626,0,0,1,0,1,0,1,0.18454515933990479,0,1,0.1861226111650467,0,1,0.22170720994472504,0,1,0.2500545084476471,1,0,0.1575695276260376
subject_14:sample_0002627,14,2627,0,0,1,0,1,0,1,0.18342213332653046,0,1,0.1844971776008606,0,1,0.22516916692256927,0,1,0.248482346534729,1,0,0.15842829644680023
subject_14:sample_0002628,14,2628,0,0,1,0,1,0,1,0.1830911636352539,0,1,0.18417680263519287,0,1,0.22546640038490295,0,1,0.2472134530544281,1,0,0.16005121171474457
subject_14:sample_0002629,14,2629,0,0,1,0,1,0,1,0.1832205057144165,0,1,0.18382228910923004,1,0,0.22493833303451538,0,1,0.24650375545024872,1,0,0.16151410341262817
subject_14:sample_0002630,14,2630,0,0,1,0,1,0,1,0.18388789892196655,0,1,0.18397864699363708,1,0,0.22388458251953125,0,1,0.24504917860031128,1,0,0.16319876909255981
subject_14:sample_0002631,14,2631,0,0,1,0,1,0,1,0.18423998355865479,0,1,0.1837291419506073,1,0,0.22233594954013824,0,1,0.24487219750881195,1,0,0.16482171416282654
subject_14:sample_0002632,14,2632,0,0,1,0,1,0,1,0.18508604168891907,0,1,0.18388719856739044,1,0,0.22087745368480682,0,1,0.24383510649204254,1,0,0.16631317138671875
subject_14:sample_0002633,14,2633,0,0,1,0,1,0,1,0.18599727749824524,0,1,0.18408973515033722,1,0,0.21994845569133759,0,1,0.24257220327854156,1,0,0.16739137470722198
subject_14:sample_0002634,14,2634,0,0,1,0,1,0,1,0.1870342642068863,0,1,0.18453195691108704,1,0,0.21900425851345062,0,1,0.2412348985671997,1,0,0.16819366812705994
subject_14:sample_0002635,14,2635,0,0,1,0,1,0,1,0.18811427056789398,0,1,0.18507438898086548,1,0,0.21761314570903778,0,1,0.2403729408979416,1,0,0.16882430016994476
subject_14:sample_0002636,14,2636,0,0,1,0,1,0,1,0.18875141441822052,0,1,0.18551228940486908,1,0,0.2161903977394104,0,1,0.2409191131591797,1,0,0.1686258316040039
subject_14:sample_0002637,14,2637,0,0,1,0,1,0,1,0.18965105712413788,0,1,0.18583561480045319,1,0,0.21524101495742798,0,1,0.24131512641906738,1,0,0.1679561734199524
subject_14:sample_0002638,14,2638,0,0,1,0,1,0,1,0.19083023071289062,0,1,0.18535645306110382,1,0,0.2148720920085907,0,1,0.24177075922489166,1,0,0.1671695113182068
subject_14:sample_0002639,14,2639,0,0,1,0,1,0,1,0.1924506276845932,0,1,0.1851797252893448,1,0,0.2141931802034378,0,1,0.2415742129087448,1,0,0.16660134494304657
subject_14:sample_0002640,14,2640,0,0,1,0,1,0,1,0.19370655715465546,0,1,0.18483853340148926,1,0,0.21337009966373444,0,1,0.2417459636926651,1,0,0.16633784770965576
subject_14:sample_0002641,14,2641,0,0,1,0,1,0,1,0.19410043954849243,0,1,0.18459577858448029,1,0,0.21237249672412872,0,1,0.24303656816482544,1,0,0.16589368879795074
subject_14:sample_0002642,14,2642,0,0,1,0,1,0,1,0.19489505887031555,0,1,0.18479666113853455,1,0,0.2105168253183365,0,1,0.24393676221370697,1,0,0.16585370898246765
subject_14:sample_0002643,14,2643,0,0,1,0,1,0,1,0.19601179659366608,0,1,0.1855415403842926,1,0,0.2087916135787964,0,1,0.24417883157730103,1,0,0.1654752492904663
subject_14:sample_0002644,14,2644,0,0,1,0,1,0,1,0.19666460156440735,0,1,0.1855887472629547,1,0,0.2075088769197464,0,1,0.24523024260997772,1,0,0.165006622672081
subject_14:sample_0002645,14,2645,0,0,1,0,1,0,1,0.19672182202339172,0,1,0.18559660017490387,1,0,0.20648981630802155,0,1,0.24681127071380615,1,0,0.1643795222043991
subject_14:sample_0002646,14,2646,0,0,1,0,1,0,1,0.19671230018138885,0,1,0.18581949174404144,1,0,0.20560045540332794,0,1,0.24804772436618805,1,0,0.1638190746307373
subject_14:sample_0002647,14,2647,0,0,1,0,1,0,1,0.19640417397022247,0,1,0.18609769642353058,1,0,0.2049930840730667,2,0,0.24932199716567993,1,0,0.1631820946931839
subject_14:sample_0002648,14,2648,0,0,1,0,1,0,1,0.19565078616142273,0,1,0.18563978374004364,1,0,0.20431020855903625,2,0,0.2515808641910553,1,0,0.16281740367412567
subject_14:sample_0002649,14,2649,0,0,1,0,1,0,1,0.19455486536026,0,1,0.18470755219459534,1,0,0.20365965366363525,2,0,0.25465384125709534,1,0,0.16242316365242004
subject_14:sample_0002650,14,2650,0,0,1,0,1,0,1,0.1927565038204193,0,1,0.1830185353755951,1,0,0.2038271278142929,2,0,0.25889909267425537,1,0,0.1614978015422821
subject_14:sample_0002651,14,2651,0,0,1,0,1,0,1,0.19075366854667664,0,1,0.18128091096878052,1,0,0.20438475906848907,2,0,0.2627545893192291,1,0,0.16082513332366943
subject_14:sample_0002652,14,2652,0,0,1,0,1,0,1,0.18903617560863495,0,1,0.1793275773525238,1,0,0.20508362352848053,2,0,0.2656821012496948,1,0,0.16086958348751068
subject_14:sample_0002653,14,2653,0,0,1,0,1,0,1,0.1870427280664444,0,1,0.17731235921382904,1,0,0.205461785197258,2,0,0.2689666450023651,1,0,0.16121554374694824
subject_14:sample_0002654,14,2654,0,0,1,0,1,0,1,0.18556733429431915,0,1,0.17536163330078125,1,0,0.20569558441638947,2,0,0.27120593190193176,1,0,0.16216863691806793
subject_14:sample_0002655,14,2655,0,0,1,0,1,0,1,0.18467602133750916,0,1,0.17414617538452148,1,0,0.20573033392429352,2,0,0.2723941504955292,1,0,0.16305233538150787
subject_14:sample_0002656,14,2656,0,0,1,0,1,0,1,0.18415360152721405,0,1,0.17401424050331116,1,0,0.20537254214286804,2,0,0.2726465165615082,1,0,0.16381213068962097
subject_14:sample_0002657,14,2657,0,0,1,0,1,0,1,0.18338146805763245,0,1,0.17408786714076996,1,0,0.20490485429763794,2,0,0.2731412351131439,1,0,0.16448362171649933
subject_14:sample_0002658,14,2658,0,0,1,0,1,0,1,0.1824912279844284,0,1,0.17427970468997955,1,0,0.2043422907590866,2,0,0.2732526361942291,1,0,0.16563314199447632
subject_14:sample_0002659,14,2659,0,0,1,0,1,0,1,0.18198393285274506,0,1,0.1744927316904068,1,0,0.20375895500183105,2,0,0.2734575569629669,0,1,0.16630585491657257
subject_14:sample_0002660,14,2660,0,0,1,0,1,0,1,0.18188446760177612,0,1,0.17481085658073425,1,0,0.20340019464492798,2,0,0.27299797534942627,0,1,0.16690552234649658
subject_14:sample_0002661,14,2661,0,0,1,0,1,0,1,0.1819653958082199,0,1,0.17518804967403412,1,0,0.2030881643295288,2,0,0.2723098695278168,0,1,0.16744749248027802
subject_14:sample_0002662,14,2662,0,0,1,0,1,0,1,0.1823096126317978,0,1,0.17570041120052338,1,0,0.20298950374126434,2,0,0.2709922790527344,0,1,0.16800722479820251
subject_14:sample_0002663,14,2663,0,0,1,0,1,0,1,0.18276195228099823,0,1,0.176426962018013,1,0,0.20301030576229095,2,0,0.268978089094162,0,1,0.16882167756557465
subject_14:sample_0002664,14,2664,0,0,1,0,1,0,1,0.1835208386182785,0,1,0.177419513463974,1,0,0.20332950353622437,2,0,0.2659420967102051,0,1,0.16978706419467926
subject_14:sample_0002665,14,2665,0,0,1,0,1,0,1,0.18449674546718597,0,1,0.17847830057144165,1,0,0.20381109416484833,2,0,0.26267051696777344,0,1,0.1705423891544342
subject_14:sample_0002666,14,2666,0,0,1,0,1,0,1,0.1862982213497162,0,1,0.18017414212226868,1,0,0.2043813169002533,2,0,0.25802522897720337,0,1,0.1711200773715973
subject_14:sample_0002667,14,2667,0,0,1,0,1,0,1,0.1888647973537445,0,1,0.18262694776058197,1,0,0.20473457872867584,2,0,0.2517915666103363,0,1,0.17198112607002258
subject_14:sample_0002668,14,2668,0,0,1,0,1,0,1,0.19109751284122467,0,1,0.18496394157409668,1,0,0.20507891476154327,2,0,0.24575185775756836,0,1,0.17310687899589539
subject_14:sample_0002669,14,2669,0,0,1,0,1,0,1,0.19246336817741394,0,1,0.18656347692012787,1,0,0.20514878630638123,0,1,0.24206697940826416,0,1,0.17375649511814117
subject_14:sample_0002670,14,2670,0,0,1,0,1,0,1,0.19288721680641174,0,1,0.18737749755382538,1,0,0.20491404831409454,0,1,0.24080076813697815,0,1,0.17401956021785736
subject_14:sample_0002671,14,2671,0,0,1,0,1,0,1,0.1934489607810974,0,1,0.18826603889465332,1,0,0.20466259121894836,0,1,0.23950578272342682,0,1,0.1741156429052353
subject_14:sample_0002672,14,2672,0,0,1,0,1,0,1,0.193818137049675,0,1,0.1890575885772705,1,0,0.20419126749038696,0,1,0.23915457725524902,1,0,0.17377746105194092
subject_14:sample_0002673,14,2673,0,0,1,0,1,0,1,0.19473949074745178,0,1,0.19048108160495758,1,0,0.20389658212661743,0,1,0.2369440644979477,1,0,0.1739378124475479
subject_14:sample_0002674,14,2674,0,0,1,0,1,0,1,0.1961440145969391,0,1,0.1923660784959793,1,0,0.20329678058624268,0,1,0.23400063812732697,1,0,0.17419154942035675
subject_14:sample_0002675,14,2675,0,0,1,0,1,0,1,0.19721275568008423,0,1,0.19378672540187836,1,0,0.20238955318927765,0,1,0.23244036734104156,1,0,0.1741696000099182
subject_14:sample_0002676,14,2676,0,0,1,0,1,0,1,0.1976795196533203,0,1,0.19476106762886047,1,0,0.20150859653949738,0,1,0.23267000913619995,1,0,0.1733798384666443
subject_14:sample_0002677,14,2677,0,0,1,0,1,0,1,0.19832925498485565,0,1,0.19614379107952118,1,0,0.20092271268367767,0,1,0.2314700335264206,1,0,0.17313317954540253
subject_14:sample_0002678,14,2678,0,0,1,0,1,0,1,0.19892524182796478,0,1,0.1978142112493515,1,0,0.20033128559589386,0,1,0.2298208773136139,1,0,0.17310743033885956
subject_14:sample_0002679,14,2679,0,0,1,0,1,0,1,0.19893434643745422,0,1,0.19924798607826233,1,0,0.19999051094055176,0,1,0.22897744178771973,1,0,0.17284882068634033
subject_14:sample_0002680,14,2680,0,0,1,0,1,0,1,0.19935640692710876,0,1,0.2010532021522522,1,0,0.19932030141353607,0,1,0.22804050147533417,1,0,0.1722286194562912
subject_14:sample_0002681,14,2681,0,0,1,0,1,0,1,0.1991627812385559,0,1,0.2023390680551529,1,0,0.19897779822349548,0,1,0.22770154476165771,1,0,0.1718178540468216
subject_14:sample_0002682,14,2682,0,0,1,0,1,0,1,0.19846206903457642,0,1,0.20289115607738495,1,0,0.1991620659828186,0,1,0.2279157042503357,1,0,0.1715681105852127
subject_14:sample_0002683,14,2683,0,0,1,0,1,0,1,0.19780372083187103,0,1,0.20334164798259735,1,0,0.19949185848236084,0,1,0.22754669189453125,1,0,0.17181505262851715
subject_14:sample_0002684,14,2684,0,0,1,0,1,0,1,0.1978982537984848,0,1,0.2044963389635086,1,0,0.19923807680606842,0,1,0.22648388147354126,1,0,0.1718825250864029
subject_14:sample_0002685,14,2685,0,0,1,0,1,0,1,0.1979605257511139,0,1,0.20580574870109558,1,0,0.1989876925945282,0,1,0.22543509304523468,1,0,0.17180991172790527
subject_14:sample_0002686,14,2686,0,0,1,0,1,0,1,0.19767829775810242,0,1,0.20678097009658813,1,0,0.19902174174785614,0,1,0.2243255078792572,1,0,0.1721925139427185
subject_14:sample_0002687,14,2687,0,0,1,0,1,0,1,0.1972457319498062,0,1,0.20766256749629974,1,0,0.19906382262706757,0,1,0.22347167134284973,1,0,0.17255522310733795
subject_14:sample_0002688,14,2688,0,0,1,0,1,0,1,0.1970827728509903,0,1,0.20849627256393433,1,0,0.19902901351451874,0,1,0.22204609215259552,1,0,0.1733449399471283
subject_14:sample_0002689,14,2689,0,0,1,0,1,0,1,0.1968168467283249,0,1,0.20931211113929749,1,0,0.1992000937461853,0,1,0.22055502235889435,1,0,0.17411503195762634
subject_14:sample_0002690,14,2690,0,0,1,0,1,0,1,0.19671909511089325,0,1,0.21014976501464844,1,0,0.19965475797653198,0,1,0.21855595707893372,0,1,0.17491945624351501
subject_14:sample_0002691,14,2691,0,0,1,0,1,0,1,0.19663934409618378,0,1,0.21059203147888184,1,0,0.20034794509410858,0,1,0.21645787358283997,0,1,0.17596189677715302
subject_14:sample_0002692,14,2692,0,0,1,0,1,0,1,0.19645769894123077,0,1,0.21076169610023499,0,1,0.20135346055030823,0,1,0.2140619456768036,0,1,0.17736420035362244
subject_14:sample_0002693,14,2693,0,0,1,0,1,0,1,0.1963070034980774,0,1,0.21076852083206177,0,1,0.2023412585258484,0,1,0.2114938646554947,0,1,0.17908845841884613
subject_14:sample_0002694,14,2694,0,0,1,0,1,0,1,0.19536906480789185,0,1,0.2105611264705658,0,1,0.20340493321418762,0,1,0.20956328511238098,0,1,0.18110060691833496
subject_14:sample_0002695,14,2695,0,0,1,0,1,0,1,0.19461563229560852,0,1,0.21026615798473358,0,1,0.2039865255355835,0,1,0.20850887894630432,0,1,0.18262192606925964
subject_14:sample_0002696,14,2696,0,0,1,0,1,0,1,0.19432364404201508,0,1,0.21067292988300323,0,1,0.2045086771249771,0,1,0.20702914893627167,0,1,0.1834646761417389
subject_14:sample_0002697,14,2697,0,0,1,0,1,0,1,0.19424940645694733,0,1,0.21144938468933105,0,1,0.204493910074234,0,1,0.20623350143432617,0,1,0.18357275426387787
subject_14:sample_0002698,14,2698,0,0,1,0,1,0,1,0.19454336166381836,0,1,0.21227993071079254,0,1,0.2042226940393448,0,1,0.20560432970523834,0,1,0.18334870040416718
subject_14:sample_0002699,14,2699,0,0,1,0,1,0,1,0.1942553073167801,0,1,0.21194949746131897,0,1,0.20481805503368378,0,1,0.2040712684392929,0,1,0.18490499258041382
subject_14:sample_0002700,14,2700,0,0,1,0,1,0,1,0.19276466965675354,0,1,0.21122325956821442,0,1,0.205921471118927,0,1,0.20295120775699615,0,1,0.1871383935213089
subject_14:sample_0002701,14,2701,0,0,1,0,1,0,1,0.1910628229379654,0,1,0.2105783373117447,0,1,0.20709863305091858,0,1,0.20191214978694916,0,1,0.18934711813926697
subject_14:sample_0002702,14,2702,0,0,1,0,1,0,1,0.18921050429344177,0,1,0.2097872942686081,0,1,0.20811378955841064,0,1,0.20171807706356049,0,1,0.19116945564746857
subject_14:sample_0002703,14,2703,0,0,1,0,1,0,1,0.18769270181655884,0,1,0.2084183543920517,0,1,0.208799809217453,0,1,0.20229725539684296,0,1,0.1927909255027771
subject_14:sample_0002704,14,2704,0,0,1,0,1,0,1,0.1863892525434494,0,1,0.207195445895195,0,1,0.20922771096229553,0,1,0.20311404764652252,0,1,0.19407255947589874
subject_14:sample_0002705,14,2705,0,0,1,0,1,0,1,0.18537847697734833,0,1,0.20564062893390656,0,1,0.2098829597234726,0,1,0.20358946919441223,0,1,0.19550757110118866
subject_14:sample_0002706,14,2706,0,0,1,0,1,0,1,0.18467476963996887,0,1,0.20453707873821259,0,1,0.20996734499931335,0,1,0.2048235684633255,0,1,0.1959962695837021
subject_14:sample_0002707,14,2707,0,0,1,0,1,0,1,0.1838957816362381,0,1,0.20338153839111328,0,1,0.20984342694282532,0,1,0.20686785876750946,0,1,0.19601048529148102
subject_14:sample_0002708,14,2708,0,0,1,0,1,0,1,0.18300051987171173,0,1,0.20264393091201782,0,1,0.20948727428913116,0,1,0.2092563807964325,0,1,0.19561098515987396
subject_14:sample_0002709,14,2709,0,0,1,0,1,0,1,0.1822647601366043,0,1,0.20194591581821442,0,1,0.20927803218364716,0,1,0.21105094254016876,0,1,0.19545932114124298
subject_14:sample_0002710,14,2710,0,0,1,0,1,0,1,0.18171970546245575,0,1,0.20157843828201294,0,1,0.20845183730125427,0,1,0.21362259984016418,0,1,0.19462643563747406
subject_14:sample_0002711,14,2711,0,0,1,0,1,0,1,0.18149833381175995,0,1,0.20152787864208221,0,1,0.20744632184505463,0,1,0.21600252389907837,0,1,0.19352397322654724
subject_14:sample_0002712,14,2712,0,0,1,0,1,0,1,0.18123288452625275,0,1,0.20164309442043304,0,1,0.20659707486629486,0,1,0.21802085638046265,0,1,0.1925051510334015
subject_14:sample_0002713,14,2713,0,0,1,0,1,0,1,0.1812858134508133,0,1,0.20205016434192657,0,1,0.2061099112033844,0,1,0.21890932321548462,0,1,0.19164378941059113
subject_14:sample_0002714,14,2714,0,0,1,0,1,0,1,0.18158495426177979,0,1,0.20246991515159607,0,1,0.20596051216125488,0,1,0.21973495185375214,0,1,0.19024866819381714
subject_14:sample_0002715,14,2715,1,1,1,1,1,1,1,0.20785772800445557,1,1,0.2123066633939743,1,1,0.2118198722600937,0,0,0.17816948890686035,0,0,0.18984535336494446
subject_14:sample_0002716,14,2716,1,1,1,1,1,1,1,0.20746813714504242,1,1,0.21217811107635498,1,1,0.2117455154657364,0,0,0.17858736217021942,0,0,0.19001992046833038
subject_14:sample_0002717,14,2717,1,1,1,1,1,1,1,0.2069997787475586,1,1,0.21202197670936584,1,1,0.21169337630271912,0,0,0.1791362762451172,0,0,0.19014768302440643
subject_14:sample_0002718,14,2718,1,1,1,1,1,1,1,0.20690099895000458,1,1,0.21203573048114777,1,1,0.2115698605775833,0,0,0.17943988740444183,0,0,0.1900525540113449
subject_14:sample_0002719,14,2719,1,1,1,1,1,1,1,0.2068888247013092,1,1,0.2119935154914856,1,1,0.21139313280582428,0,0,0.17995984852313995,0,0,0.18976369500160217
subject_14:sample_0002720,14,2720,1,1,1,1,1,1,1,0.20718315243721008,1,1,0.21214202046394348,1,1,0.21141460537910461,0,0,0.1799316257238388,0,0,0.18932761251926422
subject_14:sample_0002721,14,2721,1,1,1,1,1,1,1,0.20741599798202515,1,1,0.21221816539764404,1,1,0.21141144633293152,0,0,0.18011553585529327,0,0,0.18883785605430603
subject_14:sample_0002722,14,2722,1,1,1,1,1,1,1,0.2076660841703415,1,1,0.21235546469688416,1,1,0.21154290437698364,0,0,0.18002057075500488,0,0,0.18841399252414703
subject_14:sample_0002723,14,2723,1,1,1,1,1,1,1,0.2081703543663025,1,1,0.2125718742609024,1,1,0.21174933016300201,0,0,0.17959870398044586,0,0,0.18790879845619202
subject_14:sample_0002724,14,2724,1,1,1,1,1,1,1,0.20916135609149933,1,1,0.21309249103069305,1,1,0.21210099756717682,0,0,0.17839914560317993,0,0,0.18724511563777924
subject_14:sample_0002725,14,2725,1,1,1,1,1,1,1,0.21030297875404358,1,1,0.21363487839698792,1,1,0.21241003274917603,0,0,0.1772902011871338,0,0,0.18636098504066467
subject_14:sample_0002726,14,2726,1,1,1,1,1,1,1,0.21146120131015778,1,1,0.21408596634864807,1,1,0.2125944197177887,0,0,0.17629283666610718,0,0,0.18556459248065948
subject_14:sample_0002727,14,2727,1,1,1,1,1,1,1,0.21264231204986572,1,1,0.2144959419965744,1,1,0.2127540409564972,0,0,0.17540723085403442,0,0,0.18469946086406708
subject_14:sample_0002728,14,2728,1,1,1,1,1,1,1,0.21406449377536774,1,1,0.21489910781383514,1,1,0.21287395060062408,0,0,0.17433679103851318,0,0,0.18382467329502106
subject_14:sample_0002729,14,2729,1,1,1,1,1,1,1,0.21519169211387634,1,1,0.21538719534873962,1,1,0.21304024755954742,0,0,0.1731279194355011,0,0,0.1832519918680191
subject_14:sample_0002730,14,2730,1,1,1,1,1,1,1,0.21658216416835785,1,1,0.21608029305934906,1,1,0.2133859395980835,0,0,0.1715153604745865,0,0,0.1824352890253067
subject_14:sample_0002731,14,2731,1,1,1,1,1,1,1,0.21781085431575775,1,1,0.21667638421058655,1,1,0.21371027827262878,0,0,0.17023921012878418,0,0,0.18156228959560394
subject_14:sample_0002732,14,2732,1,1,1,1,1,1,1,0.21862903237342834,1,1,0.2171056866645813,1,1,0.21388323605060577,0,0,0.16939568519592285,0,0,0.18098540604114532
subject_14:sample_0002733,14,2733,1,1,1,1,1,1,1,0.21937592327594757,1,1,0.21741920709609985,1,1,0.21394169330596924,0,0,0.16873405873775482,0,0,0.18052811920642853
subject_14:sample_0002734,14,2734,1,1,1,1,1,1,1,0.22008085250854492,1,1,0.21767936646938324,1,1,0.21389582753181458,0,0,0.16822965443134308,0,0,0.18011325597763062
subject_14:sample_0002735,14,2735,1,1,1,1,1,1,1,0.22072844207286835,1,1,0.2178986370563507,1,1,0.21392105519771576,0,0,0.16786088049411774,0,0,0.17958994209766388
subject_14:sample_0002736,14,2736,1,1,1,1,1,1,1,0.2212669998407364,1,1,0.21809621155261993,1,1,0.21382540464401245,0,0,0.1677442044019699,0,0,0.17906613647937775
subject_14:sample_0002737,14,2737,1,1,1,1,1,1,1,0.22196030616760254,1,1,0.21836407482624054,1,1,0.21367207169532776,0,0,0.1675245463848114,0,0,0.17847800254821777
subject_14:sample_0002738,14,2738,1,1,1,1,1,1,1,0.22290562093257904,1,1,0.2185705006122589,1,1,0.2138608992099762,0,0,0.16699683666229248,0,0,0.17766518890857697
subject_14:sample_0002739,14,2739,1,1,1,1,1,1,1,0.22389861941337585,1,1,0.21877144277095795,1,1,0.21396534144878387,0,0,0.16651645302772522,0,0,0.1768471896648407
subject_14:sample_0002740,14,2740,1,1,1,1,1,1,1,0.2250555157661438,1,1,0.2190505415201187,1,1,0.21417278051376343,0,0,0.16572828590869904,0,0,0.1759919673204422
subject_14:sample_0002741,14,2741,1,1,1,1,1,1,1,0.2260715365409851,1,1,0.21936354041099548,1,1,0.21421349048614502,0,0,0.16503441333770752,0,0,0.17531612515449524
subject_14:sample_0002742,14,2742,1,1,1,1,1,1,1,0.22666865587234497,1,1,0.219477117061615,1,1,0.21426250040531158,0,0,0.16475585103034973,0,0,0.17483486235141754
subject_14:sample_0002743,14,2743,1,1,1,1,1,1,1,0.22707806527614594,1,1,0.21952231228351593,1,1,0.21450833976268768,0,0,0.1644195169210434,0,0,0.17447075247764587
subject_14:sample_0002744,14,2744,1,1,1,1,1,1,1,0.22730326652526855,1,1,0.21967114508152008,1,1,0.2148970365524292,0,0,0.1640588790178299,0,0,0.17406867444515228
subject_14:sample_0002745,14,2745,1,1,1,1,1,1,1,0.22727161645889282,1,1,0.2197590470314026,1,1,0.21536953747272491,0,0,0.1636831909418106,0,0,0.17391571402549744
subject_14:sample_0002746,14,2746,1,1,1,1,1,1,1,0.22707785665988922,1,1,0.21978625655174255,1,1,0.21587544679641724,0,0,0.1634889543056488,0,0,0.1737704575061798
subject_14:sample_0002747,14,2747,1,1,1,1,1,1,1,0.22668585181236267,1,1,0.21979175508022308,1,1,0.2163424789905548,0,0,0.1632595807313919,0,0,0.17391939461231232
subject_14:sample_0002748,14,2748,1,1,1,1,1,1,1,0.22633379697799683,1,1,0.21976609528064728,1,1,0.21686623990535736,0,0,0.16302284598350525,0,0,0.17401005327701569
subject_14:sample_0002749,14,2749,1,1,1,1,1,1,1,0.22591859102249146,1,1,0.21951405704021454,1,1,0.21743735671043396,0,0,0.16288550198078156,0,0,0.17424355447292328
subject_14:sample_0002750,14,2750,1,1,1,1,1,1,1,0.2256615310907364,1,1,0.21930301189422607,1,1,0.21787355840206146,0,0,0.16286376118659973,0,0,0.17429712414741516
subject_14:sample_0002751,14,2751,1,1,1,1,1,1,1,0.22528700530529022,1,1,0.21896587312221527,1,1,0.21847890317440033,0,0,0.16291561722755432,0,0,0.17435166239738464
subject_14:sample_0002752,14,2752,1,1,1,1,1,1,1,0.22477126121520996,1,1,0.21849821507930756,1,1,0.21915411949157715,0,0,0.1629885733127594,0,0,0.17458680272102356
subject_14:sample_0002753,14,2753,1,1,1,1,1,1,1,0.22467322647571564,1,1,0.21795296669006348,1,1,0.21991917490959167,0,0,0.16289646923542023,0,0,0.17455723881721497
subject_14:sample_0002754,14,2754,1,1,1,1,1,1,1,0.2247810661792755,1,1,0.2174094319343567,1,1,0.22074739634990692,0,0,0.16258658468723297,0,0,0.1744745820760727
subject_14:sample_0002755,14,2755,1,1,1,1,1,1,1,0.22455327212810516,1,1,0.2166309803724289,1,1,0.22146254777908325,0,0,0.16259707510471344,0,0,0.17475509643554688
subject_14:sample_0002756,14,2756,1,1,1,1,1,1,1,0.2242499440908432,1,1,0.2155430167913437,1,1,0.22232088446617126,0,0,0.16272558271884918,0,0,0.1751595139503479
subject_14:sample_0002757,14,2757,1,1,1,1,1,1,1,0.22380271553993225,1,1,0.21409288048744202,1,1,0.22330228984355927,0,0,0.16309963166713715,0,0,0.17570151388645172
subject_14:sample_0002758,14,2758,1,1,1,1,1,1,1,0.2232772260904312,1,1,0.2121010720729828,1,1,0.2250441312789917,0,0,0.16346661746501923,0,0,0.17611001431941986
subject_14:sample_0002759,14,2759,1,1,1,1,1,1,1,0.22246304154396057,1,1,0.20964902639389038,1,1,0.22769972681999207,0,0,0.16376832127571106,0,0,0.17641900479793549
subject_14:sample_0002760,14,2760,1,1,1,1,1,1,1,0.22196918725967407,1,1,0.20733310282230377,1,1,0.23059692978858948,0,0,0.16377048194408417,0,0,0.17632928490638733
subject_14:sample_0002761,14,2761,1,1,1,1,1,1,1,0.22115974128246307,1,1,0.20476087927818298,1,1,0.23353537917137146,0,0,0.1640838086605072,0,0,0.17645928263664246
subject_14:sample_0002762,14,2762,1,1,1,1,1,1,1,0.2213880866765976,1,1,0.20244519412517548,1,1,0.23575551807880402,0,0,0.164141446352005,0,0,0.17626868188381195
subject_14:sample_0002763,14,2763,1,1,1,1,1,1,1,0.2220144271850586,1,1,0.2000567615032196,1,1,0.23731572926044464,0,0,0.1642829328775406,0,0,0.17632919549942017
subject_14:sample_0002764,14,2764,1,1,1,1,1,1,1,0.2237614393234253,1,1,0.19745242595672607,1,1,0.23851966857910156,0,0,0.16412676870822906,0,0,0.17613880336284637
subject_14:sample_0002765,14,2765,1,1,1,1,1,1,1,0.22637146711349487,1,1,0.19463315606117249,1,1,0.24129165709018707,0,0,0.16278709471225739,0,0,0.17491567134857178
subject_14:sample_0002766,14,2766,1,1,1,1,1,1,1,0.2288738489151001,1,1,0.19278302788734436,1,1,0.24350807070732117,0,0,0.16133832931518555,0,0,0.1734957993030548
subject_14:sample_0002767,14,2767,1,1,1,1,1,1,1,0.23050051927566528,1,1,0.1915009617805481,1,1,0.24518552422523499,0,0,0.16038668155670166,0,0,0.17242540419101715
subject_14:sample_0002768,14,2768,1,1,1,1,1,1,1,0.2320711463689804,1,1,0.1910003274679184,1,1,0.24670013785362244,0,0,0.1592358499765396,0,0,0.1709916591644287
subject_14:sample_0002769,14,2769,1,1,1,1,1,1,1,0.23341675102710724,1,1,0.19071806967258453,1,1,0.24793332815170288,0,0,0.15835079550743103,0,0,0.16958004236221313
subject_14:sample_0002770,14,2770,1,1,1,1,1,1,1,0.23409566283226013,1,1,0.19063393771648407,1,1,0.24836492538452148,0,0,0.15799081325531006,0,0,0.16891369223594666
subject_14:sample_0002771,14,2771,1,1,1,1,1,1,1,0.23403839766979218,1,1,0.19127622246742249,1,1,0.24770858883857727,0,0,0.15810614824295044,0,0,0.16886962950229645
subject_14:sample_0002772,14,2772,1,1,1,1,1,1,1,0.23402199149131775,1,1,0.19135430455207825,1,1,0.24788355827331543,0,0,0.15808571875095367,0,0,0.1686534285545349
subject_14:sample_0002773,14,2773,1,1,1,1,1,1,1,0.2337939441204071,1,1,0.19162313640117645,1,1,0.24814972281455994,0,0,0.15780971944332123,0,0,0.16862252354621887
subject_14:sample_0002774,14,2774,1,1,1,1,1,1,1,0.2332332879304886,1,1,0.1921623796224594,2,0,0.24834224581718445,0,0,0.1574881672859192,0,0,0.16877298057079315
subject_14:sample_0002775,14,2775,1,1,1,1,1,1,1,0.2319297045469284,1,1,0.1925373375415802,2,0,0.24695055186748505,0,0,0.15799862146377563,0,0,0.1705828160047531
subject_14:sample_0002776,14,2776,1,1,1,1,1,1,1,0.22972026467323303,1,1,0.1931542158126831,2,0,0.2439493089914322,0,0,0.15950459241867065,0,0,0.1736707091331482
subject_14:sample_0002777,14,2777,1,1,1,1,1,1,1,0.2272709310054779,1,1,0.1945008486509323,2,0,0.24082845449447632,0,0,0.16085271537303925,0,0,0.17654608190059662
subject_14:sample_0002778,14,2778,1,1,1,1,1,1,1,0.22481785714626312,1,1,0.19545955955982208,2,0,0.23845145106315613,0,0,0.1613648533821106,0,0,0.17990539968013763
subject_14:sample_0002779,14,2779,1,1,1,1,1,1,1,0.22261163592338562,1,1,0.19571922719478607,2,0,0.23675933480262756,0,0,0.16132912039756775,0,0,0.1835797280073166
subject_14:sample_0002780,14,2780,1,1,1,1,1,1,1,0.22072099149227142,1,1,0.19572901725769043,2,0,0.235103577375412,0,0,0.16146054863929749,0,0,0.18698492646217346
subject_14:sample_0002781,14,2781,1,1,1,1,1,2,0,0.2190455049276352,1,1,0.19519014656543732,2,0,0.2332020401954651,0,0,0.16162122786045074,0,0,0.19094014167785645
subject_14:sample_0002782,14,2782,1,1,1,1,1,2,0,0.21769161522388458,1,1,0.19490139186382294,2,0,0.2312735766172409,1,1,0.1618913859128952,0,0,0.19424104690551758
subject_14:sample_0002783,14,2783,1,1,1,1,1,2,0,0.21660540997982025,1,1,0.19514675438404083,2,0,0.2294105887413025,1,1,0.16175003349781036,0,0,0.19708628952503204
subject_14:sample_0002784,14,2784,1,1,1,1,1,2,0,0.21576809883117676,1,1,0.19439108669757843,2,0,0.2278568148612976,1,1,0.16048966348171234,0,0,0.20149338245391846
subject_14:sample_0002785,14,2785,1,2,0,2,0,2,0,0.2150476574897766,1,1,0.19397856295108795,2,0,0.2266772836446762,1,1,0.1587173044681549,2,0,0.2055782675743103
subject_14:sample_0002786,14,2786,1,2,0,2,0,2,0,0.21460680663585663,1,1,0.19351722300052643,2,0,0.22607876360416412,1,1,0.1569134145975113,2,0,0.20888283848762512
subject_14:sample_0002787,14,2787,1,2,0,2,0,2,0,0.21401819586753845,1,1,0.19309543073177338,2,0,0.2253687083721161,1,1,0.15497614443302155,2,0,0.21254059672355652
subject_14:sample_0002788,14,2788,1,2,0,2,0,2,0,0.21338900923728943,1,1,0.19395597279071808,2,0,0.22440528869628906,1,1,0.15271271765232086,2,0,0.21553613245487213
subject_14:sample_0002789,14,2789,1,2,0,2,0,2,0,0.21279479563236237,1,1,0.19489838182926178,2,0,0.22390598058700562,1,1,0.15088750422000885,2,0,0.21751245856285095
subject_14:sample_0002790,14,2790,1,2,0,2,0,2,0,0.21229703724384308,1,1,0.19638420641422272,2,0,0.22264346480369568,1,1,0.14984029531478882,2,0,0.21883408725261688
subject_14:sample_0002791,14,2791,1,2,0,2,0,2,0,0.2120138704776764,2,0,0.1978023201227188,2,0,0.22146542370319366,1,1,0.1489952802658081,2,0,0.21972207725048065
subject_14:sample_0002792,14,2792,1,2,0,2,0,2,0,0.21217982470989227,2,0,0.19865815341472626,2,0,0.22060294449329376,1,1,0.14811865985393524,2,0,0.22043943405151367
subject_14:sample_0002793,14,2793,1,2,0,2,0,2,0,0.21179185807704926,2,0,0.20105500519275665,2,0,0.22060739994049072,1,1,0.14665105938911438,2,0,0.21989378333091736
subject_14:sample_0002794,14,2794,1,2,0,2,0,2,0,0.2116926908493042,2,0,0.20308297872543335,2,0,0.2197970449924469,1,1,0.14545957744121552,2,0,0.21996669471263885
subject_14:sample_0002795,14,2795,1,2,0,2,0,2,0,0.21130047738552094,2,0,0.20571446418762207,2,0,0.21953460574150085,1,1,0.14404268562793732,2,0,0.21940678358078003
subject_14:sample_0002796,14,2796,1,2,0,2,0,2,0,0.21096467971801758,2,0,0.20817899703979492,2,0,0.21929232776165009,1,1,0.14311853051185608,2,0,0.21844451129436493
subject_14:sample_0002797,14,2797,1,2,0,2,0,2,0,0.21074996888637543,2,0,0.20988918840885162,2,0,0.21896225214004517,1,1,0.142178475856781,2,0,0.21821920573711395
subject_14:sample_0002798,14,2798,1,2,0,2,0,2,0,0.2105911374092102,2,0,0.21176743507385254,2,0,0.21880780160427094,1,1,0.14084720611572266,2,0,0.21798546612262726
subject_14:sample_0002799,14,2799,1,2,0,2,0,2,0,0.2103724628686905,2,0,0.21292240917682648,2,0,0.21891561150550842,1,1,0.13941513001918793,2,0,0.21837343275547028
subject_14:sample_0002800,14,2800,1,2,0,2,0,2,0,0.2100924849510193,2,0,0.21385367214679718,2,0,0.21846501529216766,1,1,0.13859160244464874,2,0,0.21899624168872833
subject_14:sample_0002801,14,2801,1,2,0,2,0,2,0,0.20990964770317078,2,0,0.214431494474411,2,0,0.2180321365594864,1,1,0.1380133479833603,2,0,0.21961244940757751
subject_14:sample_0002802,14,2802,1,2,0,2,0,2,0,0.20971791446208954,2,0,0.2148207128047943,2,0,0.21765655279159546,1,1,0.138196662068367,2,0,0.2196071892976761
subject_14:sample_0002803,14,2803,1,2,0,2,0,2,0,0.20931294560432434,2,0,0.21477821469306946,2,0,0.2167855203151703,1,1,0.13966277241706848,2,0,0.2194596529006958
subject_14:sample_0002804,14,2804,1,2,0,2,0,2,0,0.20889776945114136,2,0,0.21495649218559265,2,0,0.21595217287540436,1,1,0.14102308452129364,2,0,0.21916955709457397
subject_14:sample_0002805,14,2805,1,2,0,2,0,2,0,0.20854970812797546,2,0,0.2148892730474472,2,0,0.21533314883708954,1,1,0.14301227033138275,2,0,0.21821460127830505
subject_14:sample_0002806,14,2806,1,2,0,2,0,2,0,0.20841217041015625,2,0,0.21507342159748077,2,0,0.21521563827991486,1,1,0.1436735838651657,2,0,0.21762429177761078
subject_14:sample_0002807,14,2807,1,2,0,2,0,2,0,0.20820850133895874,2,0,0.21509845554828644,2,0,0.2152882218360901,1,1,0.1441188007593155,2,0,0.21728503704071045
subject_14:sample_0002808,14,2808,1,2,0,2,0,2,0,0.20806653797626495,2,0,0.21499966084957123,2,0,0.2151956856250763,1,1,0.1452077329158783,2,0,0.21652939915657043
subject_14:sample_0002809,14,2809,1,2,0,2,0,2,0,0.2081587314605713,2,0,0.21497847139835358,2,0,0.21495503187179565,1,1,0.1471141278743744,2,0,0.21479274332523346
subject_14:sample_0002810,14,2810,1,2,0,2,0,2,0,0.20838354527950287,2,0,0.2151496708393097,2,0,0.21508252620697021,1,1,0.1483294516801834,2,0,0.21305376291275024
subject_14:sample_0002811,14,2811,1,2,0,2,0,2,0,0.2085724025964737,2,0,0.21504729986190796,2,0,0.2151501625776291,1,1,0.1494452953338623,2,0,0.21178391575813293
subject_14:sample_0002812,14,2812,1,2,0,2,0,2,0,0.20928320288658142,2,0,0.21511252224445343,2,0,0.21532945334911346,1,1,0.15062318742275238,2,0,0.20965071022510529
subject_14:sample_0002813,14,2813,1,2,0,2,0,2,0,0.21009722352027893,2,0,0.21529896557331085,2,0,0.2155974954366684,1,1,0.15211442112922668,2,0,0.2068910002708435
subject_14:sample_0002814,14,2814,1,2,0,2,0,2,0,0.2108946591615677,2,0,0.21544517576694489,2,0,0.21607372164726257,1,1,0.1533811092376709,2,0,0.20420438051223755
subject_14:sample_0002815,14,2815,1,2,0,2,0,2,0,0.21176443994045258,2,0,0.2158220410346985,2,0,0.216315358877182,1,1,0.15484020113945007,2,0,0.20125694572925568
subject_14:sample_0002816,14,2816,1,2,0,2,0,2,0,0.21289928257465363,2,0,0.21594224870204926,2,0,0.2164771407842636,1,1,0.15700094401836395,2,0,0.19767944514751434
subject_14:sample_0002817,14,2817,1,2,0,2,0,2,0,0.2137894183397293,2,0,0.2156217396259308,2,0,0.21606875956058502,1,1,0.1598375141620636,2,0,0.19468162953853607
subject_14:sample_0002818,14,2818,1,2,0,2,0,2,0,0.21444480121135712,2,0,0.2148958146572113,2,0,0.2151898294687271,1,1,0.1625620424747467,2,0,0.19290655851364136
subject_14:sample_0002819,14,2819,1,2,0,2,0,2,0,0.21463951468467712,2,0,0.21435238420963287,2,0,0.21466587483882904,1,1,0.1648583859205246,2,0,0.19148285686969757
subject_14:sample_0002820,14,2820,1,2,0,2,0,2,0,0.2152680903673172,2,0,0.21324422955513,2,0,0.21476076543331146,1,1,0.16800110042095184,0,0,0.18872490525245667
subject_14:sample_0002821,14,2821,1,2,0,2,0,2,0,0.21600626409053802,2,0,0.21293827891349792,2,0,0.21466544270515442,1,1,0.170892134308815,0,0,0.18549691140651703
subject_14:sample_0002822,14,2822,1,2,0,2,0,2,0,0.21688441932201385,2,0,0.21228757500648499,2,0,0.21482309699058533,1,1,0.1741809844970703,0,0,0.18182307481765747
subject_14:sample_0002823,14,2823,1,2,0,2,0,2,0,0.21811074018478394,2,0,0.21279944479465485,2,0,0.215263232588768,1,1,0.17658843100070953,0,0,0.1772371530532837
subject_14:sample_0002824,14,2824,1,1,1,2,0,2,0,0.21916289627552032,2,0,0.21340732276439667,1,1,0.21532073616981506,1,1,0.17906048893928528,0,0,0.17304754257202148
subject_14:sample_0002825,14,2825,1,1,1,2,0,1,1,0.22052264213562012,2,0,0.2139676958322525,1,1,0.21486946940422058,1,1,0.18080799281597137,0,0,0.16983123123645782
subject_14:sample_0002826,14,2826,1,1,1,2,0,1,1,0.22143897414207458,1,1,0.2133486419916153,1,1,0.21278023719787598,1,1,0.18275108933448792,0,0,0.16968008875846863
subject_14:sample_0002827,14,2827,1,1,1,1,1,1,1,0.22204475104808807,1,1,0.21164032816886902,1,1,0.20924250781536102,1,1,0.18523980677127838,0,0,0.17183160781860352
subject_14:sample_0002828,14,2828,1,1,1,1,1,1,1,0.22223317623138428,1,1,0.20903901755809784,1,1,0.20629669725894928,1,1,0.18745850026607513,0,0,0.17497166991233826
subject_14:sample_0002829,14,2829,1,1,1,1,1,1,1,0.22189879417419434,1,1,0.2057582437992096,1,1,0.20525002479553223,1,1,0.18937525153160095,0,0,0.17771674692630768
subject_14:sample_0002830,14,2830,1,1,1,1,1,1,1,0.22054457664489746,1,1,0.2033289521932602,1,1,0.20579974353313446,1,1,0.19046896696090698,0,0,0.1798567920923233
subject_14:sample_0002831,14,2831,1,1,1,1,1,1,1,0.21911051869392395,1,1,0.20156724750995636,1,1,0.20668578147888184,1,1,0.19133685529232025,0,0,0.18129862844944
subject_14:sample_0002832,14,2832,1,1,1,1,1,1,1,0.21780641376972198,1,1,0.19944360852241516,1,1,0.20783592760562897,1,1,0.19236072897911072,0,0,0.18255239725112915
subject_14:sample_0002833,14,2833,1,1,1,1,1,1,1,0.21685752272605896,1,1,0.1983197182416916,1,1,0.2084636390209198,1,1,0.19290050864219666,0,0,0.1834576576948166
subject_14:sample_0002834,14,2834,1,1,1,1,1,1,1,0.2159130871295929,1,1,0.19772174954414368,1,1,0.20891359448432922,1,1,0.19324813783168793,0,0,0.18420247733592987
subject_14:sample_0002835,14,2835,1,1,1,1,1,1,1,0.21553044021129608,1,1,0.19758880138397217,1,1,0.20908232033252716,1,1,0.19339445233345032,0,0,0.18440298736095428
subject_14:sample_0002836,14,2836,1,1,1,1,1,1,1,0.21554765105247498,1,1,0.19777391850948334,1,1,0.20925916731357574,1,1,0.19354352355003357,0,0,0.18387483060359955
subject_14:sample_0002837,14,2837,1,1,1,1,1,1,1,0.2150624394416809,1,1,0.19782093167304993,1,1,0.2089710682630539,1,1,0.1933925896883011,0,0,0.18475203216075897
subject_14:sample_0002838,14,2838,1,1,1,1,1,1,1,0.21428737044334412,1,1,0.19800078868865967,1,1,0.20876701176166534,1,1,0.19341593980789185,0,0,0.18552792072296143
subject_14:sample_0002839,14,2839,1,1,1,1,1,1,1,0.2137283831834793,1,1,0.19830569624900818,1,1,0.2084086835384369,1,1,0.193461611866951,0,0,0.18609468638896942
subject_14:sample_0002840,14,2840,1,1,1,1,1,1,1,0.21308614313602448,1,1,0.19875568151474,1,1,0.2082141935825348,1,1,0.193460151553154,0,0,0.18648287653923035
subject_14:sample_0002841,14,2841,1,1,1,1,1,1,1,0.21224364638328552,1,1,0.1990358829498291,1,1,0.20802104473114014,1,1,0.19341540336608887,0,0,0.18728305399417877
subject_14:sample_0002842,14,2842,1,1,1,1,1,1,1,0.21137894690036774,1,1,0.19916459918022156,1,1,0.2078777253627777,1,1,0.19312123954296112,0,0,0.18845655024051666
subject_14:sample_0002843,14,2843,1,1,1,1,1,1,1,0.21057192981243134,1,1,0.19930677115917206,1,1,0.20764115452766418,1,1,0.1924770474433899,0,0,0.19000212848186493
subject_14:sample_0002844,14,2844,1,1,1,1,1,1,1,0.20979484915733337,1,1,0.19938276708126068,1,1,0.2073586881160736,1,1,0.19171099364757538,0,0,0.19175179302692413
subject_14:sample_0002845,14,2845,1,1,1,1,1,1,1,0.20888422429561615,1,1,0.19927668571472168,1,1,0.2068970650434494,1,1,0.19066284596920013,0,0,0.19427818059921265
subject_14:sample_0002846,14,2846,1,1,1,1,1,1,1,0.2076636552810669,1,1,0.19903358817100525,1,1,0.2060900181531906,1,1,0.18915145099163055,0,0,0.19806024432182312
subject_14:sample_0002847,14,2847,1,1,1,1,1,1,1,0.20552563667297363,1,1,0.19895170629024506,1,1,0.20406517386436462,1,1,0.18667182326316833,0,0,0.20478470623493195
subject_14:sample_0002848,14,2848,1,1,1,1,1,1,1,0.20223627984523773,1,1,0.19999909400939941,1,1,0.20089124143123627,1,1,0.18318365514278412,0,0,0.21368877589702606
subject_14:sample_0002849,14,2849,1,1,1,1,1,1,1,0.19740058481693268,1,1,0.20324333012104034,1,1,0.1958913654088974,1,1,0.1783105432987213,0,0,0.22515317797660828
subject_14:sample_0002850,14,2850,1,1,1,1,1,1,1,0.19269002974033356,1,1,0.2083589732646942,1,1,0.19104161858558655,1,1,0.17332430183887482,2,0,0.23458410799503326
subject_14:sample_0002851,14,2851,1,1,1,1,1,1,1,0.18819701671600342,1,1,0.2146010845899582,1,1,0.18646357953548431,1,1,0.16889268159866333,2,0,0.24184466898441315
subject_14:sample_0002852,14,2852,1,1,1,1,1,1,1,0.18339061737060547,2,0,0.22316084802150726,1,1,0.18168407678604126,1,1,0.16395504772663116,2,0,0.24780845642089844
subject_14:sample_0002853,14,2853,1,1,1,1,1,1,1,0.17955413460731506,2,0,0.2298136055469513,1,1,0.1782253235578537,1,1,0.1600864827632904,2,0,0.2523195147514343
subject_14:sample_0002854,14,2854,1,1,1,1,1,1,1,0.17648838460445404,2,0,0.23455454409122467,1,1,0.17570964992046356,1,1,0.15742787718772888,2,0,0.25581860542297363
subject_14:sample_0002855,14,2855,1,1,1,1,1,1,1,0.17417584359645844,2,0,0.23739181458950043,1,1,0.17391511797904968,1,1,0.15576036274433136,2,0,0.2587558627128601
subject_14:sample_0002856,14,2856,1,2,0,1,1,1,1,0.17198015749454498,2,0,0.24004553258419037,1,1,0.1723707914352417,1,1,0.15409068763256073,2,0,0.2615119218826294
subject_14:sample_0002857,14,2857,1,2,0,1,1,1,1,0.1703968495130539,2,0,0.24225793778896332,1,1,0.17116665840148926,1,1,0.15244801342487335,2,0,0.2637295424938202
subject_14:sample_0002858,14,2858,1,2,0,1,1,1,1,0.16922150552272797,2,0,0.24369783699512482,1,1,0.17066127061843872,1,1,0.1511709839105606,2,0,0.2652474343776703
subject_14:sample_0002859,14,2859,1,2,0,1,1,1,1,0.16872137784957886,2,0,0.2444952130317688,1,1,0.1705104261636734,1,1,0.150152787566185,2,0,0.26611921191215515
subject_14:sample_0002860,14,2860,1,2,0,1,1,1,1,0.16833233833312988,2,0,0.24520206451416016,1,1,0.170639306306839,1,1,0.14927548170089722,2,0,0.2665497958660126
subject_14:sample_0002861,14,2861,1,2,0,1,1,1,1,0.1680220067501068,2,0,0.24545273184776306,1,1,0.17097023129463196,1,1,0.1488170474767685,2,0,0.2667369842529297
subject_14:sample_0002862,14,2862,1,2,0,1,1,1,1,0.16797076165676117,2,0,0.24534805119037628,1,1,0.17161712050437927,1,1,0.14846108853816986,2,0,0.2666019797325134
subject_14:sample_0002863,14,2863,1,2,0,1,1,1,1,0.16806557774543762,2,0,0.24520865082740784,1,1,0.1724422574043274,1,1,0.14801979064941406,2,0,0.2662627398967743
subject_14:sample_0002864,14,2864,1,2,0,1,1,1,1,0.16728724539279938,2,0,0.24553033709526062,1,1,0.17286227643489838,1,1,0.14797015488147736,2,0,0.26634904742240906
subject_14:sample_0002865,14,2865,1,2,0,2,0,1,1,0.16636493802070618,2,0,0.2457956075668335,1,1,0.17334292829036713,1,1,0.14809869229793549,2,0,0.26639682054519653
subject_14:sample_0002866,14,2866,1,2,0,2,0,1,1,0.16607433557510376,2,0,0.24555020034313202,1,1,0.17451895773410797,1,1,0.14817097783088684,2,0,0.2656846046447754
subject_14:sample_0002867,14,2867,1,2,0,2,0,1,1,0.16601401567459106,2,0,0.24509315192699432,1,1,0.17573851346969604,1,1,0.14842283725738525,2,0,0.2647305428981781
subject_14:sample_0002868,14,2868,1,2,0,2,0,1,1,0.1657494604587555,2,0,0.24498149752616882,1,1,0.176381453871727,1,1,0.14907267689704895,2,0,0.26381397247314453
subject_14:sample_0002869,14,2869,1,2,0,2,0,1,1,0.16576939821243286,2,0,0.24445165693759918,1,1,0.17793290317058563,1,1,0.14951063692569733,2,0,0.2623344361782074
subject_14:sample_0002870,14,2870,1,2,0,2,0,1,1,0.1652558445930481,2,0,0.24359595775604248,1,1,0.18079975247383118,1,1,0.1496250480413437,2,0,0.26072245836257935
subject_14:sample_0002871,14,2871,1,2,0,2,0,1,1,0.16472668945789337,2,0,0.24208331108093262,1,1,0.18486365675926208,1,1,0.14952042698860168,2,0,0.25880497694015503
subject_14:sample_0002872,14,2872,1,2,0,2,0,1,1,0.16428115963935852,2,0,0.24058562517166138,1,1,0.18858061730861664,1,1,0.14954641461372375,2,0,0.2570052146911621
subject_14:sample_0002873,14,2873,1,2,0,2,0,1,1,0.1640254706144333,2,0,0.23870433866977692,1,1,0.1930871307849884,1,1,0.1495293229818344,2,0,0.25465279817581177
subject_14:sample_0002874,14,2874,1,2,0,2,0,1,1,0.16359232366085052,2,0,0.2361365705728531,1,1,0.19870562851428986,1,1,0.14963866770267487,2,0,0.2519257962703705
subject_14:sample_0002875,14,2875,1,2,0,2,0,1,1,0.16371500492095947,2,0,0.2350197583436966,1,1,0.2013946771621704,1,1,0.1498519331216812,2,0,0.2500176429748535
subject_14:sample_0002876,14,2876,1,2,0,2,0,1,1,0.16407249867916107,2,0,0.23401674628257751,2,0,0.20343421399593353,1,1,0.15019991993904114,2,0,0.24827571213245392
subject_14:sample_0002877,14,2877,1,2,0,2,0,1,1,0.16427232325077057,2,0,0.2330637276172638,2,0,0.20546990633010864,1,1,0.15074464678764343,2,0,0.2464483380317688
subject_14:sample_0002878,14,2878,1,2,0,2,0,1,1,0.16431021690368652,2,0,0.23227332532405853,2,0,0.20773816108703613,1,1,0.1509009301662445,2,0,0.24477645754814148
subject_14:sample_0002879,14,2879,1,2,0,2,0,1,1,0.16444700956344604,2,0,0.23189595341682434,2,0,0.2093268185853958,1,1,0.15077516436576843,2,0,0.24355408549308777
subject_14:sample_0002880,14,2880,1,2,0,2,0,1,1,0.16351690888404846,2,0,0.23019380867481232,2,0,0.21497011184692383,1,1,0.14914759993553162,2,0,0.24217061698436737
subject_14:sample_0002881,14,2881,1,2,0,2,0,1,1,0.1633884459733963,2,0,0.22862306237220764,2,0,0.22038565576076508,1,1,0.1470419466495514,2,0,0.2405599057674408
subject_14:sample_0002882,14,2882,1,2,0,2,0,1,1,0.16382133960723877,2,0,0.22731760144233704,2,0,0.22441112995147705,1,1,0.14575889706611633,2,0,0.23869012296199799
subject_14:sample_0002883,14,2883,1,2,0,2,0,1,1,0.1636902540922165,2,0,0.2257496565580368,2,0,0.22925806045532227,1,1,0.14452530443668365,2,0,0.23677580058574677
subject_14:sample_0002884,14,2884,1,2,0,2,0,1,1,0.16347873210906982,2,0,0.22440163791179657,2,0,0.23344570398330688,1,1,0.14358578622341156,2,0,0.23508715629577637
subject_14:sample_0002885,14,2885,1,2,0,2,0,1,1,0.16356126964092255,2,0,0.22358572483062744,2,0,0.23650389909744263,1,1,0.14343824982643127,2,0,0.2329099476337433
subject_14:sample_0002886,14,2886,1,2,0,2,0,1,1,0.16364479064941406,2,0,0.2228633165359497,2,0,0.23902691900730133,1,1,0.14327435195446014,2,0,0.23118965327739716
subject_14:sample_0002887,14,2887,1,2,0,2,0,1,1,0.16365963220596313,2,0,0.22235357761383057,2,0,0.24075725674629211,1,1,0.14325110614299774,2,0,0.22997748851776123
subject_14:sample_0002888,14,2888,1,2,0,2,0,1,1,0.16314579546451569,2,0,0.22212673723697662,2,0,0.24231968820095062,1,1,0.14287397265434265,2,0,0.22953282296657562
subject_14:sample_0002889,14,2889,1,2,0,2,0,1,1,0.16254740953445435,2,0,0.22205127775669098,2,0,0.24368372559547424,1,1,0.14251399040222168,2,0,0.22920264303684235
subject_14:sample_0002890,14,2890,1,2,0,2,0,1,1,0.1622583121061325,2,0,0.22221489250659943,2,0,0.24434268474578857,1,1,0.14254440367221832,2,0,0.22863876819610596
subject_14:sample_0002891,14,2891,1,2,0,2,0,1,1,0.16273710131645203,2,0,0.22251662611961365,2,0,0.24403968453407288,1,1,0.14327576756477356,2,0,0.2274298220872879
subject_14:sample_0002892,14,2892,1,2,0,2,0,1,1,0.16336020827293396,2,0,0.22266867756843567,2,0,0.2441043108701706,1,1,0.14392335712909698,2,0,0.2259424775838852
subject_14:sample_0002893,14,2893,1,2,0,2,0,1,1,0.16468878090381622,2,0,0.22339166700839996,2,0,0.24302440881729126,1,1,0.14549897611141205,2,0,0.22339527308940887
subject_14:sample_0002894,14,2894,1,2,0,2,0,1,1,0.1671546995639801,2,0,0.22462010383605957,2,0,0.24071252346038818,1,1,0.1481470912694931,2,0,0.21936459839344025
subject_14:sample_0002895,14,2895,1,2,0,2,0,1,1,0.17078304290771484,2,0,0.22617828845977783,2,0,0.23807291686534882,1,1,0.15195812284946442,2,0,0.21300673484802246
subject_14:sample_0002896,14,2896,1,2,0,1,1,1,1,0.17438599467277527,2,0,0.22723904252052307,2,0,0.2370436191558838,1,1,0.15531732141971588,2,0,0.20601311326026917
subject_14:sample_0002897,14,2897,1,1,1,1,1,1,1,0.17716439068317413,2,0,0.2279389649629593,2,0,0.2371160089969635,1,1,0.15799567103385925,1,1,0.19978398084640503
subject_14:sample_0002898,14,2898,1,1,1,1,1,1,1,0.1791117787361145,2,0,0.22859027981758118,2,0,0.23788884282112122,1,1,0.15987257659435272,1,1,0.19453564286231995
subject_14:sample_0002899,14,2899,1,1,1,1,1,1,1,0.18231956660747528,2,0,0.22914265096187592,2,0,0.23802535235881805,1,1,0.16286714375019073,1,1,0.18764439225196838
subject_14:sample_0002900,14,2900,1,1,1,1,1,1,1,0.18531957268714905,2,0,0.2291250228881836,2,0,0.23789650201797485,1,1,0.1653662472963333,1,1,0.182291641831398
subject_14:sample_0002901,14,2901,1,1,1,1,1,1,1,0.1879439800977707,2,0,0.22812685370445251,1,1,0.2374669909477234,1,1,0.1678507775068283,1,1,0.17861045897006989
subject_14:sample_0002902,14,2902,1,1,1,1,1,1,1,0.1904902160167694,2,0,0.2267899215221405,1,1,0.23697255551815033,1,1,0.1705392301082611,1,1,0.17520712316036224
subject_14:sample_0002903,14,2903,1,1,1,1,1,1,1,0.1929013729095459,2,0,0.22485923767089844,1,1,0.23655737936496735,1,1,0.17307347059249878,1,1,0.17260755598545074
subject_14:sample_0002904,14,2904,1,1,1,1,1,1,1,0.19472427666187286,1,1,0.2233702838420868,1,1,0.23633241653442383,1,1,0.17483721673488617,1,1,0.17073485255241394
subject_14:sample_0002905,14,2905,1,1,1,1,1,1,1,0.19548523426055908,1,1,0.2225620001554489,1,1,0.23632819950580597,1,1,0.17580436170101166,1,1,0.16981928050518036
subject_14:sample_0002906,14,2906,1,1,1,1,1,1,1,0.1961510330438614,1,1,0.22160640358924866,1,1,0.23625914752483368,1,1,0.1767345666885376,1,1,0.16924788057804108
subject_14:sample_0002907,14,2907,1,1,1,1,1,1,1,0.19645719230175018,1,1,0.2208736091852188,1,1,0.23603717982769012,1,1,0.1778312474489212,1,1,0.16879983246326447
subject_14:sample_0002908,14,2908,1,1,1,1,1,1,1,0.19712409377098083,1,1,0.21977753937244415,1,1,0.23536616563796997,1,1,0.17911295592784882,1,1,0.16861829161643982
subject_14:sample_0002909,14,2909,1,1,1,1,1,1,1,0.19842924177646637,1,1,0.21785958111286163,1,1,0.234147310256958,1,1,0.18059325218200684,1,1,0.16896964609622955
subject_14:sample_0002910,14,2910,1,1,1,1,1,1,1,0.19939950108528137,1,1,0.21615393459796906,1,1,0.2331891804933548,1,1,0.18196244537830353,1,1,0.16929398477077484
subject_14:sample_0002911,14,2911,1,1,1,1,1,1,1,0.1997620165348053,1,1,0.21567413210868835,1,1,0.23295588791370392,1,1,0.1823185384273529,1,1,0.16928839683532715
subject_14:sample_0002912,14,2912,1,1,1,1,1,1,1,0.19939684867858887,1,1,0.2164640724658966,1,1,0.233156219124794,1,1,0.182143434882164,1,1,0.16883842647075653
subject_14:sample_0002913,14,2913,1,1,1,1,1,1,1,0.19949808716773987,1,1,0.21625873446464539,1,1,0.2332642376422882,1,1,0.18213380873203278,1,1,0.16884413361549377
subject_14:sample_0002914,14,2914,1,1,1,1,1,1,1,0.1994757354259491,1,1,0.21671834588050842,1,1,0.23294246196746826,1,1,0.1820547878742218,1,1,0.16880778968334198
subject_14:sample_0002915,14,2915,1,1,1,1,1,1,1,0.20006006956100464,1,1,0.21508607268333435,1,1,0.23318688571453094,1,1,0.18224716186523438,1,1,0.1694187968969345
subject_14:sample_0002916,14,2916,1,1,1,1,1,1,1,0.20149680972099304,1,1,0.21235115826129913,1,1,0.2325192242860794,1,1,0.1829666942358017,1,1,0.17066507041454315
subject_14:sample_0002917,14,2917,1,1,1,1,1,1,1,0.20253519713878632,1,1,0.21015915274620056,1,1,0.23226183652877808,1,1,0.18343591690063477,1,1,0.17160692811012268
subject_14:sample_0002918,14,2918,1,1,1,1,1,1,1,0.20456033945083618,1,1,0.20684100687503815,1,1,0.2307378500699997,1,1,0.1844060719013214,1,1,0.17345377802848816
subject_14:sample_0002919,14,2919,1,1,1,1,1,1,1,0.20581494271755219,1,1,0.20543336868286133,1,1,0.2291228473186493,1,1,0.1847475916147232,1,1,0.17488034069538116
subject_14:sample_0002920,14,2920,1,1,1,1,1,1,1,0.20800939202308655,1,1,0.2040938287973404,1,1,0.22503630816936493,1,1,0.18579411506652832,1,1,0.17706534266471863
subject_14:sample_0002921,14,2921,1,1,1,1,1,1,1,0.21052449941635132,1,1,0.20317834615707397,1,1,0.2199591100215912,1,1,0.1869446486234665,1,1,0.17939238250255585
subject_14:sample_0002922,14,2922,1,1,1,1,1,1,1,0.21296866238117218,1,1,0.20299366116523743,1,1,0.21455807983875275,1,1,0.18806469440460205,1,1,0.18141385912895203
subject_14:sample_0002923,14,2923,1,1,1,1,1,1,1,0.21526163816452026,1,1,0.2035314440727234,1,1,0.2090672105550766,1,1,0.18904359638690948,1,1,0.18309515714645386
subject_14:sample_0002924,14,2924,1,1,1,1,1,1,1,0.21779721975326538,1,1,0.20458336174488068,1,1,0.20293976366519928,1,1,0.18980638682842255,1,1,0.1848723292350769
subject_14:sample_0002925,14,2925,1,1,1,1,1,1,1,0.21974866092205048,1,1,0.20564866065979004,1,1,0.19836312532424927,1,1,0.18999645113945007,1,1,0.18624219298362732
subject_14:sample_0002926,14,2926,1,1,1,1,1,1,1,0.2210451066493988,1,1,0.2065209299325943,1,1,0.19582058489322662,1,1,0.18952806293964386,1,1,0.18708431720733643
subject_14:sample_0002927,14,2927,1,1,1,1,1,1,1,0.22162505984306335,1,1,0.20688563585281372,1,1,0.1940711885690689,1,1,0.18981526792049408,1,1,0.18760183453559875
subject_14:sample_0002928,14,2928,1,1,1,1,1,1,1,0.2223871797323227,1,1,0.20748436450958252,1,1,0.19214951992034912,1,1,0.18972933292388916,1,1,0.1882486492395401
subject_14:sample_0002929,14,2929,1,1,1,1,1,1,1,0.2229999154806137,1,1,0.20799072086811066,1,1,0.19018380343914032,1,1,0.18996088206768036,1,1,0.18886375427246094
subject_14:sample_0002930,14,2930,1,1,1,1,1,1,1,0.22347325086593628,1,1,0.2084803730249405,1,1,0.1889297366142273,1,1,0.18979087471961975,1,1,0.18932485580444336
subject_14:sample_0002931,14,2931,1,1,1,1,1,1,1,0.22372794151306152,1,1,0.20877860486507416,1,1,0.1880868822336197,1,1,0.18980298936367035,1,1,0.18960270285606384
subject_14:sample_0002932,14,2932,1,1,1,1,1,1,1,0.2243768870830536,1,1,0.20946694910526276,1,1,0.18710537254810333,1,1,0.18900655210018158,1,1,0.19004321098327637
subject_14:sample_0002933,14,2933,1,1,1,1,1,1,1,0.225241020321846,1,1,0.21045495569705963,1,1,0.18599958717823029,1,1,0.1875932216644287,1,1,0.19071024656295776
subject_14:sample_0002934,14,2934,1,1,1,1,1,1,1,0.22560131549835205,1,1,0.21107666194438934,1,1,0.18584531545639038,1,1,0.18639621138572693,1,1,0.1910795271396637
subject_14:sample_0002935,14,2935,1,1,1,1,1,1,1,0.22549806535243988,1,1,0.21108582615852356,1,1,0.18615275621414185,1,1,0.18635676801204681,1,1,0.1909056305885315
subject_14:sample_0002936,14,2936,1,1,1,1,1,1,1,0.22540107369422913,1,1,0.21084733307361603,1,1,0.18633556365966797,1,1,0.18684914708137512,1,1,0.19056594371795654
subject_14:sample_0002937,14,2937,1,1,1,1,1,1,1,0.22499355673789978,1,1,0.21028222143650055,1,1,0.18685968220233917,1,1,0.18790611624717712,1,1,0.18995757400989532
subject_14:sample_0002938,14,2938,1,1,1,1,1,1,1,0.22474676370620728,1,1,0.2098495215177536,1,1,0.18701696395874023,1,1,0.18889029324054718,1,1,0.18949554860591888
subject_14:sample_0002939,14,2939,1,1,1,1,1,1,1,0.224602609872818,1,1,0.209670752286911,1,1,0.1871398389339447,1,1,0.18939852714538574,1,1,0.18918725848197937
subject_14:sample_0002940,14,2940,1,1,1,1,1,1,1,0.2247728556394577,1,1,0.20984061062335968,1,1,0.18712490797042847,1,1,0.189112588763237,1,1,0.18914806842803955
subject_14:sample_0002941,14,2941,1,1,1,1,1,1,1,0.22466273605823517,1,1,0.20963497459888458,1,1,0.1873932033777237,1,1,0.18950580060482025,1,1,0.1888023316860199
subject_14:sample_0002942,14,2942,1,1,1,1,1,1,1,0.22460296750068665,1,1,0.20943844318389893,1,1,0.18790054321289062,1,1,0.1896050125360489,1,1,0.18845199048519135
subject_14:sample_0002943,14,2943,1,1,1,1,1,1,1,0.22458159923553467,1,1,0.20913952589035034,1,1,0.1877633035182953,1,1,0.1904081553220749,1,1,0.18810637295246124
subject_14:sample_0002944,14,2944,1,1,1,1,1,1,1,0.22429931163787842,1,1,0.20869021117687225,1,1,0.1876361221075058,1,1,0.1917354315519333,1,1,0.18763796985149384
subject_14:sample_0002945,14,2945,1,1,1,1,1,1,1,0.22385558485984802,1,1,0.2082640379667282,1,1,0.18764546513557434,1,1,0.1930292248725891,1,1,0.1872047334909439
subject_14:sample_0002946,14,2946,1,1,1,1,1,1,1,0.22350049018859863,1,1,0.2080973982810974,1,1,0.18734359741210938,1,1,0.1940719336271286,1,1,0.18698562681674957
subject_14:sample_0002947,14,2947,1,1,1,1,1,1,1,0.2234249860048294,1,1,0.2080470323562622,1,1,0.18728122115135193,1,1,0.19447050988674164,1,1,0.18677523732185364
subject_14:sample_0002948,14,2948,1,1,1,1,1,1,1,0.22346307337284088,1,1,0.207955002784729,1,1,0.18762348592281342,1,1,0.1945245862007141,1,1,0.18643291294574738
subject_14:sample_0002949,14,2949,1,1,1,1,1,1,1,0.22322630882263184,1,1,0.20774535834789276,1,1,0.18831080198287964,1,1,0.19462759792804718,1,1,0.18608903884887695
subject_14:sample_0002950,14,2950,2,2,1,2,1,2,1,0.1751919984817505,2,1,0.17533989250659943,2,1,0.17081186175346375,2,1,0.23655381798744202,2,1,0.2421015352010727
subject_14:sample_0002951,14,2951,2,2,1,2,1,2,1,0.17398664355278015,2,1,0.17515289783477783,2,1,0.17071714997291565,2,1,0.23751766979694366,2,1,0.2426246851682663
subject_14:sample_0002952,14,2952,2,2,1,2,1,2,1,0.17173807322978973,2,1,0.17543797194957733,2,1,0.16947536170482635,2,1,0.23920124769210815,2,1,0.2441464215517044
subject_14:sample_0002953,14,2953,2,2,1,2,1,2,1,0.16919399797916412,2,1,0.17591312527656555,2,1,0.16839829087257385,2,1,0.24080835282802582,2,1,0.24568529427051544
subject_14:sample_0002954,14,2954,2,2,1,2,1,2,1,0.1664678007364273,2,1,0.1759776920080185,2,1,0.16682997345924377,2,1,0.2429286390542984,2,1,0.24779488146305084
subject_14:sample_0002955,14,2955,2,2,1,2,1,2,1,0.16428039968013763,2,1,0.17543759942054749,2,1,0.16639554500579834,2,1,0.24460463225841522,2,1,0.2492808848619461
subject_14:sample_0002956,14,2956,2,2,1,2,1,0,0,0.1621551215648651,2,1,0.17468856275081635,2,1,0.1658518761396408,2,1,0.24653197824954987,2,1,0.25077155232429504
subject_14:sample_0002957,14,2957,2,2,1,2,1,0,0,0.16033275425434113,2,1,0.17415615916252136,2,1,0.16557808220386505,2,1,0.24803242087364197,2,1,0.2518996298313141
subject_14:sample_0002958,14,2958,2,2,1,2,1,0,0,0.15861795842647552,2,1,0.1734340488910675,2,1,0.16479536890983582,2,1,0.24981890618801117,2,1,0.2533327341079712
subject_14:sample_0002959,14,2959,2,2,1,2,1,0,0,0.15663093328475952,2,1,0.1727151721715927,2,1,0.16254247725009918,2,1,0.2525004744529724,2,1,0.25560998916625977
subject_14:sample_0002960,14,2960,2,2,1,2,1,0,0,0.154933363199234,2,1,0.1718510389328003,0,0,0.15886832773685455,2,1,0.2558393180370331,2,1,0.25850701332092285
subject_14:sample_0002961,14,2961,2,2,1,2,1,0,0,0.1539144217967987,2,1,0.17055533826351166,0,0,0.1554315984249115,2,1,0.2589793801307678,2,1,0.2611183226108551
subject_14:sample_0002962,14,2962,2,2,1,2,1,0,0,0.15338340401649475,2,1,0.16869711875915527,0,0,0.15289786458015442,2,1,0.2616717219352722,2,1,0.2633489966392517
subject_14:sample_0002963,14,2963,2,2,1,2,1,0,0,0.15273308753967285,0,0,0.1687878668308258,0,0,0.1515255868434906,2,1,0.2628803849220276,2,1,0.2640722095966339
subject_14:sample_0002964,14,2964,2,2,1,2,1,0,0,0.15205642580986023,0,0,0.16872839629650116,0,0,0.15076866745948792,2,1,0.26390644907951355,2,1,0.2645391821861267
subject_14:sample_0002965,14,2965,2,2,1,2,1,0,0,0.15096840262413025,0,0,0.16910810768604279,0,0,0.15012162923812866,2,1,0.2649002969264984,2,1,0.2649006247520447
subject_14:sample_0002966,14,2966,2,2,1,2,1,0,0,0.15020383894443512,0,0,0.16949117183685303,0,0,0.1501426100730896,2,1,0.26539111137390137,2,1,0.26477041840553284
subject_14:sample_0002967,14,2967,2,2,1,2,1,0,0,0.14942054450511932,0,0,0.169794499874115,0,0,0.15019826591014862,2,1,0.2659386098384857,2,1,0.26464712619781494
subject_14:sample_0002968,14,2968,2,2,1,2,1,0,0,0.1490982621908188,2,1,0.17071028053760529,0,0,0.1503012627363205,2,1,0.2658655345439911,2,1,0.26402372121810913
subject_14:sample_0002969,14,2969,2,2,1,2,1,0,0,0.1491323709487915,2,1,0.17126338183879852,0,0,0.15052664279937744,2,1,0.26562798023223877,2,1,0.26344868540763855
subject_14:sample_0002970,14,2970,2,2,1,2,1,0,0,0.14948293566703796,2,1,0.17254532873630524,0,0,0.1510695517063141,2,1,0.26466476917266846,2,1,0.26223644614219666
subject_14:sample_0002971,14,2971,2,2,1,2,1,0,0,0.14990362524986267,2,1,0.17489568889141083,0,0,0.15157358348369598,2,1,0.26314041018486023,2,1,0.2604857385158539
subject_14:sample_0002972,14,2972,2,2,1,2,1,0,0,0.15003155171871185,2,1,0.17738690972328186,0,0,0.15318943560123444,2,1,0.26109766960144043,2,1,0.2582935094833374
subject_14:sample_0002973,14,2973,2,2,1,2,1,0,0,0.1503237634897232,2,1,0.18054959177970886,0,0,0.1557466834783554,2,1,0.2581131160259247,2,1,0.25526586174964905
subject_14:sample_0002974,14,2974,2,2,1,2,1,0,0,0.150567889213562,2,1,0.1828598976135254,2,1,0.1584824174642563,2,1,0.2554481327533722,2,1,0.2526407241821289
subject_14:sample_0002975,14,2975,2,2,1,2,1,0,0,0.15055952966213226,2,1,0.1845756322145462,2,1,0.1612514853477478,2,1,0.25319966673851013,2,1,0.2504127025604248
subject_14:sample_0002976,14,2976,2,2,1,2,1,0,0,0.15055479109287262,2,1,0.1860591471195221,2,1,0.16426222026348114,2,1,0.25089871883392334,2,1,0.2482241690158844
subject_14:sample_0002977,14,2977,2,2,1,2,1,0,0,0.15077759325504303,2,1,0.1869918704032898,2,1,0.16746674478054047,2,1,0.24857933819293976,2,1,0.24618344008922577
subject_14:sample_0002978,14,2978,2,2,1,2,1,0,0,0.1512783318758011,2,1,0.18741881847381592,2,1,0.17224738001823425,2,1,0.24553723633289337,2,1,0.24351727962493896
subject_14:sample_0002979,14,2979,2,2,1,2,1,2,1,0.1531248688697815,2,1,0.18770907819271088,2,1,0.17655284702777863,2,1,0.24205882847309113,2,1,0.24055342376232147
subject_14:sample_0002980,14,2980,2,2,1,2,1,2,1,0.15475957095623016,2,1,0.18716125190258026,2,1,0.17911271750926971,2,1,0.24006956815719604,2,1,0.238895982503891
subject_14:sample_0002981,14,2981,2,2,1,2,1,2,1,0.15666081011295319,2,1,0.18697534501552582,2,1,0.17618700861930847,2,1,0.24056261777877808,2,1,0.23961327970027924
subject_14:sample_0002982,14,2982,2,2,1,2,1,2,1,0.15870797634124756,2,1,0.18659409880638123,2,1,0.17439047992229462,2,1,0.24055811762809753,2,1,0.23974835872650146
subject_14:sample_0002983,14,2983,2,2,1,2,1,2,1,0.16161830723285675,2,1,0.18706707656383514,2,1,0.17233966290950775,2,1,0.23979169130325317,2,1,0.23918236792087555
subject_14:sample_0002984,14,2984,2,2,1,2,1,2,1,0.16366824507713318,2,1,0.18832357227802277,2,1,0.1696225106716156,2,1,0.23941689729690552,2,1,0.23896777629852295
subject_14:sample_0002985,14,2985,2,2,1,2,1,2,1,0.16603538393974304,2,1,0.1891319304704666,2,1,0.16683077812194824,2,1,0.23919625580310822,2,1,0.23880475759506226
subject_14:sample_0002986,14,2986,2,2,1,2,1,2,1,0.1679951250553131,2,1,0.19018439948558807,2,1,0.16517531871795654,2,1,0.2385016828775406,2,1,0.23814256489276886
subject_14:sample_0002987,14,2987,2,2,1,2,1,2,1,0.1705615073442459,2,1,0.19038140773773193,2,1,0.16444312036037445,2,1,0.23744073510169983,2,1,0.2371722310781479
subject_14:sample_0002988,14,2988,2,2,1,2,1,2,1,0.17230814695358276,2,1,0.1915455311536789,2,1,0.162063330411911,2,1,0.23713667690753937,2,1,0.23694539070129395
subject_14:sample_0002989,14,2989,2,2,1,2,1,2,1,0.17287985980510712,2,1,0.19293159246444702,2,1,0.16044631600379944,2,1,0.2368791103363037,2,1,0.2368621826171875
subject_14:sample_0002990,14,2990,2,2,1,2,1,2,1,0.17432454228401184,2,1,0.1936895102262497,2,1,0.1598643809556961,2,1,0.23594331741333008,2,1,0.2361772507429123
subject_14:sample_0002991,14,2991,2,2,1,2,1,2,1,0.1765872687101364,2,1,0.19363147020339966,2,1,0.1600351184606552,2,1,0.2346528321504593,2,1,0.235092431306839
subject_14:sample_0002992,14,2992,2,2,1,2,1,2,1,0.17958714067935944,2,1,0.19372336566448212,2,1,0.1611567735671997,2,1,0.2324080467224121,2,1,0.23312368988990784
subject_14:sample_0002993,14,2993,2,2,1,2,1,2,1,0.18199200928211212,2,1,0.19427525997161865,2,1,0.1605050265789032,2,1,0.23117609322071075,2,1,0.23205061256885529
subject_14:sample_0002994,14,2994,2,2,1,2,1,2,1,0.1836887151002884,2,1,0.19515801966190338,2,1,0.15964153409004211,2,1,0.23021233081817627,2,1,0.23129844665527344
subject_14:sample_0002995,14,2995,2,2,1,2,1,2,1,0.18486741185188293,2,1,0.19611769914627075,2,1,0.1582465022802353,2,1,0.22975210845470428,2,1,0.23101535439491272
subject_14:sample_0002996,14,2996,2,2,1,2,1,2,1,0.18576514720916748,2,1,0.19721271097660065,2,1,0.15537455677986145,2,1,0.23006509244441986,2,1,0.23158152401447296
subject_14:sample_0002997,14,2997,2,2,1,2,1,2,1,0.18676407635211945,2,1,0.19741228222846985,2,1,0.15611699223518372,2,1,0.2289913296699524,2,1,0.2307143658399582
subject_14:sample_0002998,14,2998,2,2,1,2,1,2,1,0.18805360794067383,2,1,0.19682684540748596,2,1,0.15834935009479523,2,1,0.22750359773635864,2,1,0.2292657047510147
subject_14:sample_0002999,14,2999,2,2,1,2,1,2,1,0.1890699416399002,2,1,0.19716334342956543,2,1,0.15759387612342834,2,1,0.22723761200904846,2,1,0.22893425822257996
subject_14:sample_0003000,14,3000,2,2,1,2,1,2,1,0.18942850828170776,2,1,0.19793663918972015,2,1,0.15724296867847443,2,1,0.2268582433462143,2,1,0.22853262722492218
subject_14:sample_0003001,14,3001,2,2,1,2,1,2,1,0.18922780454158783,2,1,0.19913534820079803,2,1,0.15582521259784698,2,1,0.22709009051322937,2,1,0.2287205308675766
subject_14:sample_0003002,14,3002,2,2,1,2,1,2,1,0.1887972354888916,2,1,0.19988702237606049,2,1,0.15537060797214508,2,1,0.22720417380332947,2,1,0.22873997688293457
subject_14:sample_0003003,14,3003,2,2,1,2,1,2,1,0.1882207989692688,2,1,0.20093142986297607,2,1,0.1545058935880661,2,1,0.2273990958929062,2,1,0.22894185781478882
subject_14:sample_0003004,14,3004,2,2,1,2,1,2,1,0.18783798813819885,2,1,0.2014428973197937,2,1,0.1548406034708023,2,1,0.22716571390628815,2,1,0.2287117838859558
subject_14:sample_0003005,14,3005,2,2,1,2,1,2,1,0.18759453296661377,2,1,0.20207060873508453,2,1,0.15374255180358887,2,1,0.22747549414634705,2,1,0.229115828871727
subject_14:sample_0003006,14,3006,2,2,1,2,1,2,1,0.1869248002767563,2,1,0.20246142148971558,2,1,0.1525389850139618,2,1,0.228242427110672,2,1,0.22983139753341675
subject_14:sample_0003007,14,3007,2,2,1,2,1,2,1,0.18643401563167572,2,1,0.2024480253458023,2,1,0.15046526491641998,2,1,0.2295299768447876,2,1,0.2311217486858368
subject_14:sample_0003008,14,3008,2,2,1,2,1,2,1,0.18585839867591858,2,1,0.20146113634109497,2,1,0.14703017473220825,2,1,0.23206835985183716,2,1,0.23358094692230225
subject_14:sample_0003009,14,3009,2,2,1,2,1,2,1,0.18519259989261627,2,1,0.19911660254001617,2,1,0.1458371877670288,2,1,0.23420462012290955,2,1,0.23564796149730682
subject_14:sample_0003010,14,3010,2,2,1,2,1,2,1,0.18472594022750854,2,1,0.1963588297367096,2,1,0.144681915640831,2,1,0.23638156056404114,2,1,0.23785080015659332
subject_14:sample_0003011,14,3011,2,2,1,2,1,2,1,0.18448121845722198,2,1,0.1936410367488861,0,0,0.14363034069538116,2,1,0.23834311962127686,2,1,0.2399032860994339
subject_14:sample_0003012,14,3012,2,2,1,2,1,2,1,0.1841045469045639,2,1,0.18965570628643036,0,0,0.14305174350738525,2,1,0.24073852598667145,2,1,0.24244855344295502
subject_14:sample_0003013,14,3013,2,2,1,2,1,2,1,0.18374010920524597,2,1,0.1845693141222,0,0,0.14336907863616943,2,1,0.24324898421764374,2,1,0.24507157504558563
subject_14:sample_0003014,14,3014,2,2,1,2,1,2,1,0.18349431455135345,2,1,0.18004050850868225,0,0,0.14383798837661743,2,1,0.24529260396957397,2,1,0.2473335713148117
subject_14:sample_0003015,14,3015,2,2,1,2,1,2,1,0.18295076489448547,2,1,0.17456023395061493,0,0,0.1439402848482132,2,1,0.24846531450748444,2,1,0.25008243322372437
subject_14:sample_0003016,14,3016,2,2,1,2,1,2,1,0.18314802646636963,2,1,0.1685798168182373,0,0,0.1444457471370697,2,1,0.2513931393623352,2,1,0.252432256937027
subject_14:sample_0003017,14,3017,2,2,1,2,1,2,1,0.18331854045391083,0,0,0.16190259158611298,0,0,0.14469589293003082,2,1,0.2548311948776245,2,1,0.25525087118148804
subject_14:sample_0003018,14,3018,2,2,1,2,1,2,1,0.18346819281578064,1,0,0.15599709749221802,0,0,0.14484065771102905,2,1,0.2579421103000641,2,1,0.2577509582042694
subject_14:sample_0003019,14,3019,2,2,1,2,1,2,1,0.18430770933628082,1,0,0.15072032809257507,0,0,0.1448008269071579,2,1,0.26052340865135193,2,1,0.25964680314064026
subject_14:sample_0003020,14,3020,2,2,1,2,1,2,1,0.18444620072841644,1,0,0.14479082822799683,0,0,0.1447342485189438,2,1,0.263765811920166,2,1,0.2622619867324829
subject_14:sample_0003021,14,3021,2,2,1,2,1,2,1,0.18466374278068542,1,0,0.14102275669574738,0,0,0.14436763525009155,2,1,0.26604163646698,2,1,0.26390326023101807
subject_14:sample_0003022,14,3022,2,2,1,2,1,2,1,0.1842106729745865,1,0,0.13616503775119781,0,0,0.14380724728107452,2,1,0.2693185806274414,2,1,0.26649749279022217
subject_14:sample_0003023,14,3023,2,2,1,2,1,2,1,0.18438448011875153,1,0,0.1327778548002243,0,0,0.14237599074840546,2,1,0.2719697654247284,2,1,0.2684909701347351
subject_14:sample_0003024,14,3024,2,2,1,2,1,2,1,0.18368078768253326,1,0,0.13088345527648926,0,0,0.1406208574771881,2,1,0.27444031834602356,2,1,0.270373672246933
subject_14:sample_0003025,14,3025,2,2,1,2,1,2,1,0.1845446676015854,1,0,0.12887705862522125,0,0,0.1405770182609558,2,1,0.2752501368522644,2,1,0.27075016498565674
subject_14:sample_0003026,14,3026,2,2,1,2,1,2,1,0.1848604381084442,1,0,0.12765686213970184,0,0,0.13961531221866608,2,1,0.2764171063899994,2,1,0.2714492976665497
subject_14:sample_0003027,14,3027,2,2,1,2,1,2,1,0.18603578209877014,1,0,0.12676475942134857,0,0,0.13900667428970337,2,1,0.27681511640548706,2,1,0.27137669920921326
subject_14:sample_0003028,14,3028,2,2,1,2,1,2,1,0.1872275471687317,1,0,0.12665094435214996,0,0,0.1390511393547058,2,1,0.2764105796813965,2,1,0.27065879106521606
subject_14:sample_0003029,14,3029,2,2,1,2,1,2,1,0.18876761198043823,1,0,0.12656955420970917,0,0,0.139545738697052,2,1,0.2755194306373596,2,1,0.2695966958999634
subject_14:sample_0003030,14,3030,2,2,1,2,1,2,1,0.19120827317237854,1,0,0.12624770402908325,0,0,0.14048010110855103,2,1,0.27408745884895325,2,1,0.26797544956207275
subject_14:sample_0003031,14,3031,2,2,1,2,1,2,1,0.19428488612174988,1,0,0.1263246387243271,0,0,0.14177285134792328,2,1,0.2718527317047119,2,1,0.26576393842697144
subject_14:sample_0003032,14,3032,2,2,1,2,1,2,1,0.1972406804561615,1,0,0.12643598020076752,0,0,0.14342889189720154,2,1,0.26945430040359497,2,1,0.26343920826911926
subject_14:sample_0003033,14,3033,2,2,1,2,1,2,1,0.1999448984861374,1,0,0.12702172994613647,0,0,0.14558912813663483,2,1,0.26660361886024475,2,1,0.2608397305011749
subject_14:sample_0003034,14,3034,2,2,1,2,1,2,1,0.2018170952796936,1,0,0.1280003935098648,0,0,0.14855597913265228,2,1,0.263500452041626,2,1,0.2581251561641693
subject_14:sample_0003035,14,3035,2,2,1,2,1,2,1,0.20336875319480896,1,0,0.12839224934577942,0,0,0.15085481107234955,2,1,0.26114144921302795,2,1,0.2562417984008789
subject_14:sample_0003036,14,3036,2,2,1,2,1,2,1,0.20468151569366455,1,0,0.12926161289215088,2,1,0.15277133882045746,2,1,0.25878527760505676,2,1,0.2544993460178375
subject_14:sample_0003037,14,3037,2,2,1,2,1,2,1,0.20564398169517517,1,0,0.12965728342533112,2,1,0.15558955073356628,2,1,0.2564135789871216,2,1,0.2526947259902954
subject_14:sample_0003038,14,3038,2,2,1,2,1,2,1,0.20644570887088776,1,0,0.13002894818782806,2,1,0.15828341245651245,2,1,0.25417250394821167,2,1,0.25106847286224365
subject_14:sample_0003039,14,3039,2,2,1,2,1,2,1,0.20784863829612732,1,0,0.1290571093559265,2,1,0.15874354541301727,2,1,0.25351575016975403,2,1,0.25083401799201965
subject_14:sample_0003040,14,3040,2,2,1,2,1,2,1,0.2085089236497879,1,0,0.12827907502651215,2,1,0.1605805903673172,2,1,0.25241392850875854,2,1,0.250216543674469
subject_14:sample_0003041,14,3041,2,2,1,2,1,2,1,0.20941349864006042,1,0,0.1278771609067917,2,1,0.16105793416500092,2,1,0.2516384720802307,2,1,0.25001201033592224
subject_14:sample_0003042,14,3042,2,2,1,2,1,2,1,0.20978842675685883,1,0,0.12773838639259338,2,1,0.16352228820323944,2,1,0.2499755620956421,2,1,0.24897430837154388
subject_14:sample_0003043,14,3043,2,2,1,2,1,2,1,0.2100137174129486,1,0,0.12843838334083557,2,1,0.1655062735080719,2,1,0.24818167090415955,2,1,0.24785901606082916
subject_14:sample_0003044,14,3044,2,2,1,2,1,2,1,0.20941948890686035,1,0,0.12935949862003326,2,1,0.17049144208431244,2,1,0.24514587223529816,2,1,0.24558274447917938
subject_14:sample_0003045,14,3045,2,2,1,2,1,2,1,0.20821814239025116,1,0,0.13000638782978058,2,1,0.17717920243740082,2,1,0.2417551577091217,2,1,0.24284017086029053
subject_14:sample_0003046,14,3046,2,2,1,2,1,2,1,0.20677851140499115,1,0,0.13100090622901917,2,1,0.18433067202568054,2,1,0.23807957768440247,2,1,0.23980940878391266
subject_14:sample_0003047,14,3047,2,2,1,2,1,2,1,0.20572435855865479,1,0,0.13224005699157715,2,1,0.18940965831279755,2,1,0.23511499166488647,2,1,0.23751001060009003
subject_14:sample_0003048,14,3048,2,2,1,2,1,2,1,0.20458835363388062,1,0,0.1344573050737381,2,1,0.19362422823905945,2,1,0.2321714162826538,2,1,0.2351578027009964
subject_14:sample_0003049,14,3049,2,2,1,2,1,2,1,0.20348742604255676,1,0,0.1381809562444687,2,1,0.19635500013828278,2,1,0.22917212545871735,2,1,0.23280349373817444
subject_14:sample_0003050,14,3050,2,2,1,2,1,2,1,0.20242877304553986,2,1,0.14296317100524902,2,1,0.19757600128650665,2,1,0.22639648616313934,2,1,0.23063461482524872
subject_14:sample_0003051,14,3051,2,2,1,2,1,2,1,0.2013561874628067,2,1,0.14911283552646637,2,1,0.19754408299922943,2,1,0.2235162854194641,2,1,0.22846965491771698
subject_14:sample_0003052,14,3052,2,2,1,2,1,2,1,0.20041880011558533,2,1,0.15495842695236206,2,1,0.1974048763513565,2,1,0.22075021266937256,2,1,0.22646670043468475
subject_14:sample_0003053,14,3053,2,2,1,2,1,2,1,0.19972392916679382,2,1,0.15959382057189941,2,1,0.1972174048423767,2,1,0.21853703260421753,2,1,0.2249269038438797
subject_14:sample_0003054,14,3054,2,2,1,2,1,2,1,0.19909119606018066,2,1,0.16341613233089447,2,1,0.19716285169124603,2,1,0.216715008020401,2,1,0.22361382842063904
subject_14:sample_0003055,14,3055,2,2,1,2,1,2,1,0.19858887791633606,2,1,0.16652195155620575,2,1,0.19699698686599731,2,1,0.21526065468788147,2,1,0.2226305603981018
subject_14:sample_0003056,14,3056,2,2,1,2,1,2,1,0.19851626455783844,2,1,0.16736534237861633,2,1,0.19710592925548553,2,1,0.21461887657642365,2,1,0.22239263355731964
subject_14:sample_0003057,14,3057,2,2,1,2,1,2,1,0.19840089976787567,2,1,0.16844505071640015,2,1,0.1971803903579712,2,1,0.21387521922588348,2,1,0.22209742665290833
subject_14:sample_0003058,14,3058,2,2,1,2,1,2,1,0.1983785331249237,2,1,0.16944162547588348,2,1,0.19720011949539185,2,1,0.21310687065124512,2,1,0.22187189757823944
subject_14:sample_0003059,14,3059,2,2,1,2,1,2,1,0.19849176704883575,2,1,0.16955626010894775,2,1,0.19733059406280518,2,1,0.21268397569656372,2,1,0.2219363898038864
subject_14:sample_0003060,14,3060,2,2,1,2,1,2,1,0.19836124777793884,2,1,0.17133693397045135,2,1,0.19696813821792603,2,1,0.2118060439825058,2,1,0.221526637673378
subject_14:sample_0003061,14,3061,2,2,1,2,1,2,1,0.19821332395076752,2,1,0.17325374484062195,2,1,0.1965508908033371,2,1,0.21089689433574677,2,1,0.22108420729637146
subject_14:sample_0003062,14,3062,2,2,1,2,1,2,1,0.19806912541389465,2,1,0.17484882473945618,2,1,0.19625021517276764,2,1,0.21012642979621887,2,1,0.22070449590682983
subject_14:sample_0003063,14,3063,2,2,1,2,1,2,1,0.19771848618984222,2,1,0.17763204872608185,2,1,0.1956789344549179,2,1,0.20907576382160187,2,1,0.21989381313323975
subject_14:sample_0003064,14,3064,2,2,1,2,1,2,1,0.19736191630363464,2,1,0.18066996335983276,2,1,0.19504712522029877,2,1,0.207978755235672,2,1,0.21894122660160065
subject_14:sample_0003065,14,3065,2,2,1,2,1,2,1,0.1971699446439743,2,1,0.1825166791677475,2,1,0.1948152780532837,2,1,0.20721116662025452,2,1,0.21828599274158478
subject_14:sample_0003066,14,3066,2,2,1,2,1,2,1,0.19694148004055023,2,1,0.18422135710716248,2,1,0.19479204714298248,2,1,0.20647703111171722,2,1,0.2175670862197876
subject_14:sample_0003067,14,3067,2,2,1,2,1,2,1,0.1967141330242157,2,1,0.18548676371574402,2,1,0.1949416548013687,2,1,0.20591408014297485,2,1,0.21694238483905792
subject_14:sample_0003068,14,3068,2,2,1,2,1,2,1,0.1964992880821228,2,1,0.1859222948551178,2,1,0.19527819752693176,2,1,0.20571762323379517,2,1,0.21658165752887726
subject_14:sample_0003069,14,3069,2,2,1,2,1,2,1,0.19611172378063202,2,1,0.18540392816066742,2,1,0.19590196013450623,2,1,0.20600555837154388,2,1,0.21657586097717285
subject_14:sample_0003070,14,3070,2,2,1,2,1,2,1,0.19568580389022827,2,1,0.18470321595668793,2,1,0.19646941125392914,2,1,0.2064894586801529,2,1,0.21665117144584656
subject_14:sample_0003071,14,3071,2,2,1,2,1,2,1,0.19521701335906982,2,1,0.1840779334306717,2,1,0.19708645343780518,2,1,0.20691217482089996,2,1,0.21670550107955933
subject_14:sample_0003072,14,3072,2,1,0,1,0,1,0,0.2143409550189972,1,0,0.20643526315689087,1,0,0.21658746898174286,1,0,0.1728518158197403,1,0,0.18978357315063477
subject_14:sample_0003073,14,3073,2,1,0,1,0,1,0,0.2132795751094818,1,0,0.20680274069309235,1,0,0.21637678146362305,1,0,0.17319126427173615,1,0,0.19034865498542786
subject_14:sample_0003074,14,3074,2,1,0,1,0,1,0,0.2119888961315155,1,0,0.20749326050281525,1,0,0.21607890725135803,1,0,0.17359736561775208,1,0,0.19084058701992035
subject_14:sample_0003075,14,3075,2,1,0,1,0,1,0,0.21065713465213776,1,0,0.20844170451164246,1,0,0.2155962437391281,1,0,0.17396588623523712,1,0,0.19133810698986053
subject_14:sample_0003076,14,3076,2,1,0,1,0,1,0,0.20956218242645264,1,0,0.20923025906085968,1,0,0.21522743999958038,1,0,0.17425483465194702,1,0,0.1917242556810379
subject_14:sample_0003077,14,3077,2,1,0,1,0,1,0,0.20816336572170258,1,0,0.2099742740392685,1,0,0.21527621150016785,1,0,0.1744535118341446,1,0,0.19213171303272247
subject_14:sample_0003078,14,3078,2,1,0,1,0,1,0,0.20661115646362305,1,0,0.2102930098772049,1,0,0.21557796001434326,1,0,0.17463049292564392,1,0,0.1928863823413849
subject_14:sample_0003079,14,3079,2,1,0,1,0,1,0,0.20516802370548248,1,0,0.2103244513273239,1,0,0.21571741998195648,1,0,0.17449800670146942,1,0,0.1942911446094513
subject_14:sample_0003080,14,3080,2,1,0,1,0,1,0,0.20384323596954346,1,0,0.20981772243976593,1,0,0.21550944447517395,1,0,0.1742505133152008,1,0,0.19657810032367706
subject_14:sample_0003081,14,3081,2,1,0,1,0,1,0,0.20297597348690033,1,0,0.2086908519268036,1,0,0.21467649936676025,1,0,0.17391978204250336,1,0,0.19973590970039368
subject_14:sample_0003082,14,3082,2,1,0,1,0,1,0,0.20181603729724884,1,0,0.20649591088294983,1,0,0.21286095678806305,1,0,0.17305788397789001,1,0,0.20576827228069305
subject_14:sample_0003083,14,3083,2,1,0,1,0,1,0,0.19994474947452545,1,0,0.203478142619133,1,0,0.20966319739818573,1,0,0.17111386358737946,0,0,0.215799018740654
subject_14:sample_0003084,14,3084,2,1,0,1,0,1,0,0.19879209995269775,1,0,0.2002844661474228,1,0,0.20640131831169128,1,0,0.16897664964199066,0,0,0.2255445122718811
subject_14:sample_0003085,14,3085,2,1,0,1,0,1,0,0.19907830655574799,1,0,0.1980569064617157,1,0,0.20415976643562317,1,0,0.1678464710712433,0,0,0.23085753619670868
subject_14:sample_0003086,14,3086,2,1,0,1,0,1,0,0.1999078094959259,1,0,0.1965886503458023,1,0,0.20270785689353943,1,0,0.1675281524658203,0,0,0.23326657712459564
subject_14:sample_0003087,14,3087,2,1,0,1,0,1,0,0.2014089673757553,1,0,0.19562028348445892,1,0,0.20131230354309082,1,0,0.16775725781917572,0,0,0.23390018939971924
subject_14:sample_0003088,14,3088,2,1,0,1,0,1,0,0.20264966785907745,1,0,0.19517511129379272,1,0,0.20007474720478058,1,0,0.16832806169986725,0,0,0.233771413564682
subject_14:sample_0003089,14,3089,2,1,0,1,0,1,0,0.20356829464435577,1,0,0.19434571266174316,1,0,0.19863924384117126,1,0,0.16947788000106812,0,0,0.2339678704738617
subject_14:sample_0003090,14,3090,2,1,0,1,0,1,0,0.20433612167835236,1,0,0.19355487823486328,1,0,0.19698666036128998,1,0,0.17046813666820526,0,0,0.23465321958065033
subject_14:sample_0003091,14,3091,2,1,0,1,0,1,0,0.20486916601657867,1,0,0.19285862147808075,1,0,0.19531750679016113,1,0,0.17138981819152832,0,0,0.23556390404701233
subject_14:sample_0003092,14,3092,2,1,0,1,0,1,0,0.20524705946445465,1,0,0.19233712553977966,1,0,0.19354248046875,1,0,0.1724793165922165,0,0,0.2363930195569992
subject_14:sample_0003093,14,3093,2,1,0,1,0,1,0,0.20550242066383362,1,0,0.19187267124652863,1,0,0.19211196899414062,1,0,0.17349866032600403,0,0,0.2370133399963379
subject_14:sample_0003094,14,3094,2,1,0,1,0,1,0,0.20568913221359253,1,0,0.19160029292106628,1,0,0.19109824299812317,1,0,0.1742909997701645,0,0,0.2373204231262207
subject_14:sample_0003095,14,3095,2,1,0,1,0,1,0,0.20571911334991455,1,0,0.1910504847764969,1,0,0.19037604331970215,1,0,0.1748795509338379,0,0,0.23797385394573212
subject_14:sample_0003096,14,3096,2,1,0,1,0,1,0,0.20586006343364716,1,0,0.1907902956008911,1,0,0.189578577876091,1,0,0.17556336522102356,0,0,0.23820671439170837
subject_14:sample_0003097,14,3097,2,1,0,1,0,1,0,0.20580773055553436,1,0,0.1904314160346985,1,0,0.18873105943202972,1,0,0.1761201173067093,0,0,0.23890866339206696
subject_14:sample_0003098,14,3098,2,1,0,1,0,1,0,0.20572654902935028,1,0,0.1900663673877716,1,0,0.18807849287986755,1,0,0.17669892311096191,0,0,0.23942875862121582
subject_14:sample_0003099,14,3099,2,1,0,1,0,1,0,0.20561127364635468,1,0,0.1894271820783615,1,0,0.18752244114875793,1,0,0.17709341645240784,0,0,0.24034473299980164
subject_14:sample_0003100,14,3100,2,1,0,1,0,1,0,0.20561522245407104,1,0,0.1887238472700119,1,0,0.1872905194759369,1,0,0.17762866616249084,0,0,0.24074076116085052
subject_14:sample_0003101,14,3101,2,1,0,1,0,1,0,0.20553916692733765,1,0,0.18761850893497467,1,0,0.18765884637832642,1,0,0.17827369272708893,0,0,0.24090887606143951
subject_14:sample_0003102,14,3102,2,1,0,1,0,1,0,0.20580151677131653,1,0,0.186165452003479,1,0,0.18816982209682465,1,0,0.1792866438627243,0,0,0.2405756115913391
subject_14:sample_0003103,14,3103,2,1,0,1,0,1,0,0.2063937783241272,1,0,0.18446718156337738,1,0,0.18868598341941833,1,0,0.1809348464012146,0,0,0.2395172268152237
subject_14:sample_0003104,14,3104,2,1,0,1,0,1,0,0.20580413937568665,1,0,0.18230164051055908,1,0,0.19182631373405457,1,0,0.1825069934129715,0,0,0.237559974193573
subject_14:sample_0003105,14,3105,2,1,0,1,0,1,0,0.2029515504837036,1,0,0.1818813532590866,1,0,0.19668830931186676,1,0,0.18320207297801971,0,0,0.2352757304906845
subject_14:sample_0003106,14,3106,2,1,0,1,0,1,0,0.19784897565841675,1,0,0.19076967239379883,0,0,0.19888466596603394,1,0,0.18269605934619904,0,0,0.22979967296123505
subject_14:sample_0003107,14,3107,2,0,0,1,0,1,0,0.19321157038211823,0,0,0.20002032816410065,0,0,0.19845059514045715,1,0,0.18238018453121185,0,0,0.2259363830089569
subject_14:sample_0003108,14,3108,2,0,0,1,0,1,0,0.191453218460083,0,0,0.20125985145568848,0,0,0.19753588736057281,1,0,0.18544812500476837,0,0,0.2243019938468933
subject_14:sample_0003109,14,3109,2,0,0,0,0,1,0,0.19069060683250427,0,0,0.19517716765403748,0,0,0.19729772210121155,1,0,0.19246728718280792,0,0,0.2243662327528
subject_14:sample_0003110,14,3110,2,0,0,0,0,1,0,0.1887478232383728,0,0,0.18485021591186523,0,0,0.19471848011016846,1,0,0.20778915286064148,0,0,0.22389328479766846
subject_14:sample_0003111,14,3111,2,0,0,2,1,1,0,0.1844664216041565,0,0,0.1719912588596344,0,0,0.1874290555715561,2,1,0.23406347632408142,2,1,0.2220488339662552
subject_14:sample_0003112,14,3112,2,2,1,2,1,1,0,0.17956189811229706,0,0,0.1612773835659027,0,0,0.18227094411849976,2,1,0.25330740213394165,2,1,0.2235814779996872
subject_14:sample_0003113,14,3113,2,2,1,2,1,1,0,0.17571108043193817,0,0,0.15399736166000366,0,0,0.1766902208328247,2,1,0.26438719034194946,2,1,0.22921326756477356
subject_14:sample_0003114,14,3114,2,2,1,2,1,1,0,0.17381729185581207,0,0,0.14618514478206635,0,0,0.17143435776233673,2,1,0.27286413311958313,2,1,0.23569811880588531
subject_14:sample_0003115,14,3115,2,2,1,2,1,1,0,0.1739538460969925,0,0,0.1383456438779831,0,0,0.16730783879756927,2,1,0.27734726667404175,2,1,0.2430444061756134
subject_14:sample_0003116,14,3116,2,2,1,2,1,1,0,0.17890147864818573,0,0,0.13001447916030884,0,0,0.16494235396385193,2,1,0.2792181968688965,2,1,0.246922567486763
subject_14:sample_0003117,14,3117,2,2,1,2,1,2,1,0.19636361300945282,0,0,0.12249570339918137,0,0,0.15627704560756683,2,1,0.2776777744293213,2,1,0.2471848726272583
subject_14:sample_0003118,14,3118,2,2,1,2,1,2,1,0.21560180187225342,0,0,0.118318110704422,0,0,0.14497940242290497,2,1,0.27443191409111023,2,1,0.2466677576303482
subject_14:sample_0003119,14,3119,2,2,1,2,1,2,1,0.19067393243312836,0,0,0.12418815493583679,0,0,0.1457708477973938,2,1,0.2882584035396576,2,1,0.25110769271850586
subject_14:sample_0003120,14,3120,2,2,1,2,1,2,1,0.17091849446296692,0,0,0.12372717261314392,0,0,0.14901742339134216,2,1,0.2974187135696411,2,1,0.2589172124862671
subject_14:sample_0003121,14,3121,2,2,1,2,1,2,1,0.1634456217288971,0,0,0.12099477648735046,0,0,0.15380699932575226,2,1,0.298528254032135,2,1,0.26322340965270996
subject_14:sample_0003122,14,3122,2,2,1,2,1,2,1,0.15758228302001953,0,0,0.11844370514154434,2,1,0.16309720277786255,2,1,0.2965584099292755,2,1,0.26431748270988464
subject_14:sample_0003123,14,3123,2,2,1,2,1,2,1,0.15484414994716644,0,0,0.11736315488815308,2,1,0.17751441895961761,2,1,0.289322167634964,2,1,0.26095521450042725
subject_14:sample_0003124,14,3124,2,2,1,2,1,2,1,0.15448430180549622,0,0,0.11829958856105804,2,1,0.19452442228794098,2,1,0.27871063351631165,2,1,0.2539801001548767
subject_14:sample_0003125,14,3125,2,2,1,2,1,2,1,0.15591497719287872,0,0,0.12287583202123642,2,1,0.20789410173892975,2,1,0.26750850677490234,2,1,0.24580565094947815
subject_14:sample_0003126,14,3126,2,2,1,2,1,2,1,0.1572914719581604,2,1,0.13075006008148193,2,1,0.2120024710893631,2,1,0.2596989870071411,2,1,0.24025608599185944
subject_14:sample_0003127,14,3127,2,2,1,2,1,2,1,0.15831252932548523,2,1,0.13736355304718018,2,1,0.21423593163490295,2,1,0.25372955203056335,2,1,0.23635746538639069
subject_14:sample_0003128,14,3128,2,2,1,2,1,2,1,0.15817680954933167,2,1,0.1417740285396576,2,1,0.21489088237285614,2,1,0.25036805868148804,2,1,0.23478926718235016
subject_14:sample_0003129,14,3129,2,2,1,2,1,2,1,0.15838131308555603,2,1,0.14468525350093842,2,1,0.21529366075992584,2,1,0.2477637231349945,2,1,0.2338751256465912
subject_14:sample_0003130,14,3130,2,2,1,2,1,2,1,0.1601109653711319,2,1,0.14827731251716614,2,1,0.2154136449098587,2,1,0.24416399002075195,2,1,0.2320331335067749
subject_14:sample_0003131,14,3131,2,2,1,2,1,2,1,0.1615668535232544,2,1,0.15207569301128387,2,1,0.21494022011756897,2,1,0.24102206528186798,2,1,0.2303941547870636
subject_14:sample_0003132,14,3132,2,2,1,2,1,2,1,0.16250914335250854,2,1,0.155435711145401,2,1,0.21450111269950867,2,1,0.2383372038602829,2,1,0.2292158156633377
subject_14:sample_0003133,14,3133,2,2,1,2,1,2,1,0.16401562094688416,2,1,0.15935181081295013,2,1,0.21346458792686462,2,1,0.23537063598632812,2,1,0.22779640555381775
subject_14:sample_0003134,14,3134,2,2,1,2,1,2,1,0.1640896052122116,2,1,0.1619138866662979,2,1,0.21288521587848663,2,1,0.23377016186714172,2,1,0.22734014689922333
subject_14:sample_0003135,14,3135,2,2,1,2,1,2,1,0.1636945605278015,2,1,0.16326434910297394,2,1,0.21284665167331696,2,1,0.2328907996416092,2,1,0.22730273008346558
subject_14:sample_0003136,14,3136,2,2,1,2,1,2,1,0.16346712410449982,2,1,0.1647125780582428,2,1,0.21270744502544403,2,1,0.23188722133636475,2,1,0.2272246927022934
subject_14:sample_0003137,14,3137,2,2,1,2,1,2,1,0.16376112401485443,2,1,0.167360320687294,2,1,0.21210478246212006,2,1,0.23013935983181,2,1,0.22663341462612152
subject_14:sample_0003138,14,3138,2,2,1,2,1,2,1,0.16416603326797485,2,1,0.17145387828350067,2,1,0.2110573649406433,2,1,0.22774386405944824,2,1,0.22557787597179413
subject_14:sample_0003139,14,3139,2,2,1,2,1,2,1,0.16441763937473297,2,1,0.17595921456813812,2,1,0.2099914401769638,2,1,0.22522568702697754,2,1,0.22440512478351593
subject_14:sample_0003140,14,3140,2,2,1,2,1,2,1,0.16520899534225464,2,1,0.18073689937591553,2,1,0.20898517966270447,2,1,0.222032830119133,2,1,0.22303518652915955
subject_14:sample_0003141,14,3141,2,2,1,2,1,2,1,0.1661236584186554,2,1,0.18433316051959991,2,1,0.20817750692367554,2,1,0.21931101381778717,2,1,0.22205373644828796
subject_14:sample_0003142,14,3142,2,2,1,2,1,2,1,0.1679937243461609,2,1,0.1862093210220337,2,1,0.20743532478809357,2,1,0.21699663996696472,2,1,0.2213640660047531
subject_14:sample_0003143,14,3143,2,2,1,2,1,2,1,0.1698615700006485,2,1,0.18789070844650269,2,1,0.20645877718925476,2,1,0.21512776613235474,2,1,0.22066019475460052
subject_14:sample_0003144,14,3144,2,2,1,2,1,2,1,0.171998992562294,2,1,0.18968890607357025,2,1,0.2052735686302185,2,1,0.2132769078016281,2,1,0.21976061165332794
subject_14:sample_0003145,14,3145,2,2,1,2,1,2,1,0.1740875393152237,2,1,0.19097591936588287,2,1,0.20419763028621674,2,1,0.2117772400379181,2,1,0.21896079182624817
subject_14:sample_0003146,14,3146,2,2,1,2,1,2,1,0.17575621604919434,2,1,0.19234269857406616,2,1,0.20329678058624268,2,1,0.21044965088367462,2,1,0.218153715133667
subject_14:sample_0003147,14,3147,2,2,1,2,1,2,1,0.17766620218753815,2,1,0.1932898461818695,2,1,0.20239150524139404,2,1,0.2092442512512207,2,1,0.2174072414636612
subject_14:sample_0003148,14,3148,2,2,1,2,1,2,1,0.17883682250976562,2,1,0.19383768737316132,2,1,0.20187757909297943,2,1,0.20841439068317413,2,1,0.21703258156776428
subject_14:sample_0003149,14,3149,2,2,1,2,1,2,1,0.180159330368042,2,1,0.19432203471660614,2,1,0.2013077735900879,2,1,0.2075657695531845,2,1,0.21664412319660187
subject_14:sample_0003150,14,3150,2,2,1,2,1,2,1,0.18170467019081116,2,1,0.1946330964565277,2,1,0.20062021911144257,2,1,0.2067340612411499,2,1,0.21630695462226868
subject_14:sample_0003151,14,3151,2,2,1,2,1,2,1,0.1829395592212677,2,1,0.1948336362838745,2,1,0.20012512803077698,2,1,0.20599210262298584,2,1,0.21610859036445618
subject_14:sample_0003152,14,3152,2,2,1,2,1,2,1,0.1841120570898056,2,1,0.1950312852859497,2,1,0.19959263503551483,2,1,0.20527300238609314,2,1,0.2159900963306427
subject_14:sample_0003153,14,3153,2,2,1,2,1,2,1,0.18530365824699402,2,1,0.19529566168785095,2,1,0.19904841482639313,2,1,0.20444250106811523,2,1,0.21590875089168549
subject_14:sample_0003154,14,3154,2,2,1,2,1,2,1,0.18641671538352966,2,1,0.1956033706665039,2,1,0.19856184720993042,2,1,0.20356889069080353,2,1,0.2158481776714325
subject_14:sample_0003155,14,3155,2,2,1,2,1,2,1,0.18753966689109802,2,1,0.19591405987739563,2,1,0.19815872609615326,2,1,0.2026086151599884,2,1,0.21577796339988708
subject_14:sample_0003156,14,3156,2,2,1,2,1,2,1,0.18854601681232452,2,1,0.19624346494674683,2,1,0.19787999987602234,2,1,0.20158091187477112,2,1,0.21574854850769043
subject_14:sample_0003157,14,3157,2,2,1,2,1,2,1,0.18928086757659912,2,1,0.19656385481357574,2,1,0.19784222543239594,2,1,0.20061089098453522,2,1,0.2157011777162552
subject_14:sample_0003158,14,3158,2,2,1,2,1,2,1,0.19000981748104095,2,1,0.1968928426504135,2,1,0.1978352665901184,2,1,0.19959013164043427,2,1,0.21567098796367645
subject_14:sample_0003159,14,3159,2,2,1,2,1,2,1,0.1906099170446396,2,1,0.19717136025428772,2,1,0.19782781600952148,2,1,0.19866354763507843,2,1,0.21572640538215637
subject_14:sample_0003160,14,3160,2,2,1,2,1,2,1,0.19103559851646423,2,1,0.1973978877067566,2,1,0.1978621780872345,2,1,0.1977168768644333,2,1,0.2159864604473114
subject_14:sample_0003161,14,3161,2,2,1,2,1,2,1,0.1914052814245224,2,1,0.19746707379817963,2,1,0.19792212545871735,2,1,0.19683058559894562,2,1,0.21637395024299622
subject_14:sample_0003162,14,3162,2,2,1,2,1,2,1,0.1918264925479889,2,1,0.19735796749591827,2,1,0.1980064958333969,2,1,0.19597817957401276,2,1,0.21682997047901154
subject_14:sample_0003163,14,3163,2,2,1,2,1,2,1,0.1921570897102356,2,1,0.19695228338241577,2,1,0.1981378197669983,2,1,0.19545477628707886,2,1,0.21729706227779388
subject_14:sample_0003164,14,3164,2,2,1,2,1,2,1,0.19245147705078125,2,1,0.196436807513237,2,1,0.19833596050739288,2,1,0.1949557363986969,2,1,0.21781902015209198
subject_14:sample_0003165,14,3165,2,2,1,2,1,2,1,0.1927897334098816,2,1,0.19593070447444916,2,1,0.198586568236351,2,1,0.19432446360588074,2,1,0.2183675467967987
subject_14:sample_0003166,14,3166,2,2,1,2,1,2,1,0.1931132972240448,2,1,0.19563056528568268,2,1,0.19879834353923798,2,1,0.19365274906158447,2,1,0.21880412101745605
subject_14:sample_0003167,14,3167,2,2,1,2,1,2,1,0.19343625009059906,2,1,0.19543306529521942,2,1,0.1990775316953659,2,1,0.1927914023399353,2,1,0.21926073729991913
subject_14:sample_0003168,14,3168,2,2,1,2,1,2,1,0.1938123255968094,2,1,0.195156067609787,2,1,0.1994670033454895,2,1,0.19201640784740448,2,1,0.21954719722270966
subject_14:sample_0003169,14,3169,2,2,1,2,1,2,1,0.19420233368873596,2,1,0.1948605626821518,2,1,0.19992990791797638,2,1,0.1912272870540619,2,1,0.21977894008159637
subject_14:sample_0003170,14,3170,2,2,1,2,1,2,1,0.19448280334472656,2,1,0.19458544254302979,2,1,0.20056337118148804,2,1,0.19029153883457184,2,1,0.22007590532302856
subject_14:sample_0003171,14,3171,2,2,1,2,1,2,1,0.19469761848449707,2,1,0.19425137341022491,2,1,0.20125319063663483,2,1,0.18937015533447266,2,1,0.22042663395404816
subject_14:sample_0003172,14,3172,2,2,1,2,1,2,1,0.19485551118850708,2,1,0.1938132643699646,2,1,0.20184461772441864,2,1,0.18870475888252258,2,1,0.2207808941602707
subject_14:sample_0003173,14,3173,2,2,1,2,1,2,1,0.19496114552021027,2,1,0.19337201118469238,2,1,0.2024446278810501,2,1,0.1878201812505722,2,1,0.22140111029148102
subject_14:sample_0003174,14,3174,2,2,1,2,1,2,1,0.19505681097507477,2,1,0.19296613335609436,2,1,0.2030097246170044,2,1,0.18689584732055664,2,1,0.22207048535346985
subject_14:sample_0003175,14,3175,2,2,1,2,1,2,1,0.19515706598758698,2,1,0.19273419678211212,2,1,0.2036406248807907,2,1,0.185689777135849,2,1,0.2227773815393448
subject_14:sample_0003176,14,3176,2,2,1,2,1,2,1,0.19514864683151245,2,1,0.19270627200603485,2,1,0.20399120450019836,2,1,0.1847178339958191,2,1,0.2234351485967636
subject_14:sample_0003177,14,3177,2,2,1,2,1,2,1,0.19512608647346497,2,1,0.19267039000988007,2,1,0.20416080951690674,2,1,0.18398049473762512,2,1,0.2240612655878067
subject_14:sample_0003178,14,3178,2,2,1,2,1,2,1,0.19513876736164093,2,1,0.19263452291488647,2,1,0.20411907136440277,2,1,0.18341723084449768,2,1,0.22468940913677216
subject_14:sample_0003179,14,3179,2,2,1,2,1,2,1,0.19516664743423462,2,1,0.19282372295856476,2,1,0.2038741111755371,2,1,0.18261872231960297,2,1,0.22551581263542175
subject_14:sample_0003180,14,3180,2,2,1,2,1,2,1,0.19523324072360992,2,1,0.19308966398239136,2,1,0.2037714570760727,2,1,0.18143220245838165,2,1,0.22647248208522797
subject_14:sample_0003181,14,3181,2,2,1,2,1,2,1,0.1953243464231491,2,1,0.19339409470558167,2,1,0.2035655677318573,2,1,0.18039774894714355,2,1,0.22731728851795197
subject_14:sample_0003182,14,3182,2,2,1,2,1,2,1,0.19534888863563538,2,1,0.19373735785484314,2,1,0.2035185545682907,2,1,0.17927156388759613,2,1,0.22812266647815704
subject_14:sample_0003183,14,3183,2,2,1,2,1,2,1,0.19538700580596924,2,1,0.1940072923898697,2,1,0.20341721177101135,2,1,0.17840717732906342,2,1,0.22878038883209229
subject_14:sample_0003184,14,3184,2,2,1,2,1,2,1,0.19539275765419006,2,1,0.1941535770893097,2,1,0.2033080905675888,2,1,0.17792467772960663,2,1,0.2292199581861496
subject_14:sample_0003185,14,3185,2,2,1,2,1,2,1,0.19551321864128113,2,1,0.19421377778053284,2,1,0.20295095443725586,2,1,0.17790000140666962,2,1,0.22942109405994415
subject_14:sample_0003186,14,3186,2,2,1,2,1,2,1,0.19561614096164703,2,1,0.19408494234085083,2,1,0.20303800702095032,2,1,0.17786805331707,2,1,0.2293919175863266
subject_14:sample_0003187,14,3187,2,2,1,2,1,2,1,0.1957191526889801,2,1,0.19398881494998932,2,1,0.203264981508255,2,1,0.17767749726772308,2,1,0.22934864461421967
subject_14:sample_0003188,14,3188,0,1,0,1,0,1,0,0.20363792777061462,1,0,0.20062074065208435,1,0,0.21782942116260529,1,0,0.1908355951309204,1,0,0.18707534670829773
subject_14:sample_0003189,14,3189,0,1,0,1,0,1,0,0.20542965829372406,1,0,0.20035240054130554,1,0,0.21782512962818146,1,0,0.19037601351737976,1,0,0.18601588904857635
subject_14:sample_0003190,14,3190,0,1,0,1,0,1,0,0.20661871135234833,1,0,0.20045405626296997,1,0,0.21782219409942627,1,0,0.18953435122966766,1,0,0.18556971848011017
subject_14:sample_0003191,14,3191,0,1,0,1,0,1,0,0.20772744715213776,1,0,0.2008333057165146,1,0,0.21757815778255463,1,0,0.18867924809455872,1,0,0.1851808726787567
subject_14:sample_0003192,14,3192,0,1,0,1,0,0,1,0.20924174785614014,1,0,0.20084019005298615,1,0,0.21716241538524628,1,0,0.18842960894107819,1,0,0.18432505428791046
subject_14:sample_0003193,14,3193,0,1,0,1,0,0,1,0.20995557308197021,1,0,0.20091556012630463,1,0,0.21696220338344574,1,0,0.18844012916088104,1,0,0.18372561037540436
subject_14:sample_0003194,14,3194,0,1,0,1,0,0,1,0.21028780937194824,1,0,0.20151513814926147,1,0,0.2167849838733673,1,0,0.18802988529205322,1,0,0.18338114023208618
subject_14:sample_0003195,14,3195,0,1,0,1,0,0,1,0.20968611538410187,1,0,0.20248034596443176,1,0,0.2170187532901764,1,0,0.18728527426719666,1,0,0.18352863192558289
subject_14:sample_0003196,14,3196,0,1,0,1,0,0,1,0.20889341831207275,1,0,0.20332267880439758,1,0,0.21729038655757904,1,0,0.18665242195129395,1,0,0.18384012579917908
subject_14:sample_0003197,14,3197,0,1,0,1,0,1,0,0.20795410871505737,1,0,0.20419543981552124,1,0,0.21727114915847778,1,0,0.1863580346107483,1,0,0.18422037363052368
subject_14:sample_0003198,14,3198,0,1,0,1,0,1,0,0.2071692794561386,1,0,0.20467117428779602,1,0,0.21713489294052124,1,0,0.1866588294506073,1,0,0.18436484038829803
subject_14:sample_0003199,14,3199,0,1,0,1,0,1,0,0.2065248042345047,1,0,0.204946368932724,1,0,0.21722368896007538,1,0,0.18695026636123657,1,0,0.1843540072441101
subject_14:sample_0003200,14,3200,0,1,0,1,0,1,0,0.20593547821044922,1,0,0.2051348090171814,1,0,0.21700161695480347,1,0,0.18729908764362335,1,0,0.18462799489498138
subject_14:sample_0003201,14,3201,0,1,0,1,0,1,0,0.20502114295959473,1,0,0.20526981353759766,1,0,0.21734340488910675,1,0,0.18735413253307343,1,0,0.18501049280166626
subject_14:sample_0003202,14,3202,0,1,0,1,0,1,0,0.20420821011066437,1,0,0.20545700192451477,1,0,0.21809516847133636,1,0,0.18696559965610504,1,0,0.18527303636074066
subject_14:sample_0003203,14,3203,0,1,0,1,0,1,0,0.20363087952136993,1,0,0.20563773810863495,1,0,0.21872754395008087,1,0,0.18674881756305695,1,0,0.1852540522813797
subject_14:sample_0003204,14,3204,0,1,0,1,0,1,0,0.2033817619085312,1,0,0.2056903839111328,1,0,0.21930044889450073,1,0,0.1866326481103897,1,0,0.18499380350112915
subject_14:sample_0003205,14,3205,0,1,0,1,0,1,0,0.20401103794574738,1,0,0.20568743348121643,1,0,0.2189863622188568,1,0,0.18688486516475677,1,0,0.1844293177127838
subject_14:sample_0003206,14,3206,0,1,0,1,0,1,0,0.2050389051437378,1,0,0.20596009492874146,1,0,0.21821099519729614,1,0,0.1868317723274231,1,0,0.1839572638273239
subject_14:sample_0003207,14,3207,0,1,0,1,0,1,0,0.20555546879768372,1,0,0.2062772661447525,1,0,0.2179747223854065,1,0,0.1863684505224228,1,0,0.18382307887077332
subject_14:sample_0003208,14,3208,0,1,0,1,0,1,0,0.20671381056308746,1,0,0.2062937170267105,1,0,0.21740879118442535,1,0,0.18620364367961884,1,0,0.18337900936603546
subject_14:sample_0003209,14,3209,0,1,0,1,0,1,0,0.2079886943101883,1,0,0.2061638981103897,1,0,0.21735356748104095,1,0,0.18575173616409302,1,0,0.182741180062294
subject_14:sample_0003210,14,3210,0,1,0,1,0,1,0,0.20969869196414948,1,0,0.20602117478847504,1,0,0.21715985238552094,1,0,0.18493355810642242,1,0,0.18218576908111572
subject_14:sample_0003211,14,3211,0,1,0,1,0,1,0,0.2122894525527954,1,0,0.20546577870845795,1,0,0.2164851874113083,1,0,0.18432050943374634,1,0,0.181438148021698
subject_14:sample_0003212,14,3212,0,1,0,1,0,1,0,0.21492771804332733,1,0,0.20473840832710266,1,0,0.21630539000034332,1,0,0.1830618977546692,1,0,0.1809656023979187
subject_14:sample_0003213,14,3213,0,1,0,1,0,1,0,0.2170839160680771,1,0,0.20413729548454285,1,0,0.2161569744348526,1,0,0.1819169968366623,1,0,0.18070387840270996
subject_14:sample_0003214,14,3214,0,1,0,1,0,1,0,0.21829022467136383,1,0,0.20380327105522156,1,0,0.2162235528230667,1,0,0.18087536096572876,1,0,0.18080668151378632
subject_14:sample_0003215,14,3215,0,1,0,1,0,1,0,0.21947531402111053,1,0,0.20328353345394135,1,0,0.21657554805278778,1,0,0.17993435263633728,1,0,0.18073026835918427
subject_14:sample_0003216,14,3216,0,1,0,1,0,1,0,0.2207244336605072,1,0,0.20266015827655792,1,0,0.21690477430820465,1,0,0.1794300228357315,1,0,0.18027959764003754
subject_14:sample_0003217,14,3217,0,1,0,1,0,1,0,0.22139206528663635,1,0,0.20212894678115845,1,0,0.21749389171600342,1,0,0.1790166199207306,1,0,0.1799674928188324
subject_14:sample_0003218,14,3218,0,1,0,1,0,1,0,0.22179394960403442,1,0,0.20162880420684814,1,0,0.21805812418460846,1,0,0.17921288311481476,1,0,0.1793052852153778
subject_14:sample_0003219,14,3219,0,1,0,1,0,1,0,0.2207571417093277,1,0,0.2014111876487732,1,0,0.21746863424777985,1,0,0.18102513253688812,1,0,0.17933686077594757
subject_14:sample_0003220,14,3220,0,1,0,1,0,1,0,0.21952112019062042,1,0,0.2011280506849289,1,0,0.2165401428937912,1,0,0.18379873037338257,1,0,0.17901098728179932
subject_14:sample_0003221,14,3221,0,1,0,1,0,1,0,0.21809156239032745,1,0,0.20061883330345154,1,0,0.21490061283111572,1,0,0.18726330995559692,1,0,0.17912475764751434
subject_14:sample_0003222,14,3222,0,1,0,1,0,1,0,0.21690887212753296,1,0,0.199518620967865,1,0,0.21277135610580444,1,0,0.1920497864484787,1,0,0.1787504404783249
subject_14:sample_0003223,14,3223,0,1,0,1,0,1,0,0.21555866301059723,1,0,0.1981455683708191,1,0,0.2099219709634781,1,0,0.19825269281864166,1,0,0.17812016606330872
subject_14:sample_0003224,14,3224,0,1,0,1,0,1,0,0.21403183043003082,1,0,0.19662244617938995,1,0,0.2072603851556778,1,0,0.20544832944869995,1,0,0.17663607001304626
subject_14:sample_0003225,14,3225,0,1,0,1,0,1,0,0.21225035190582275,1,0,0.19464778900146484,1,0,0.20504967868328094,1,0,0.2134508341550827,1,0,0.17460040748119354
subject_14:sample_0003226,14,3226,0,1,0,1,0,1,0,0.21171320974826813,1,0,0.1932898610830307,1,0,0.2036660760641098,1,0,0.21846573054790497,1,0,0.1728641539812088
subject_14:sample_0003227,14,3227,0,1,0,1,0,1,0,0.21165628731250763,1,0,0.19223201274871826,1,0,0.20254576206207275,1,0,0.22279036045074463,1,0,0.17077459394931793
subject_14:sample_0003228,14,3228,0,1,0,1,0,1,0,0.21177896857261658,1,0,0.19138680398464203,1,0,0.20161037147045135,1,0,0.22672192752361298,1,0,0.16850095987319946
subject_14:sample_0003229,14,3229,0,1,0,1,0,1,0,0.21198894083499908,1,0,0.19058729708194733,1,0,0.20105423033237457,1,0,0.2299467772245407,1,0,0.1664218157529831
subject_14:sample_0003230,14,3230,0,1,0,1,0,1,0,0.21211959421634674,1,0,0.18940815329551697,1,0,0.20050287246704102,2,0,0.23426321148872375,1,0,0.1637052446603775
subject_14:sample_0003231,14,3231,0,1,0,1,0,1,0,0.2121167778968811,1,0,0.18856635689735413,1,0,0.20003661513328552,2,0,0.23774957656860352,1,0,0.1615297645330429
subject_14:sample_0003232,14,3232,0,1,0,1,0,1,0,0.2120056003332138,1,0,0.18766696751117706,1,0,0.199872687458992,2,0,0.2409675270318985,1,0,0.15948620438575745
subject_14:sample_0003233,14,3233,0,1,0,1,0,1,0,0.21113909780979156,1,0,0.1872972697019577,1,0,0.20035071671009064,2,0,0.24396544694900513,1,0,0.157246395945549
subject_14:sample_0003234,14,3234,0,1,0,1,0,1,0,0.20942546427249908,1,0,0.18811024725437164,1,0,0.20184805989265442,2,0,0.24637165665626526,1,0,0.15424364805221558
subject_14:sample_0003235,14,3235,0,1,0,1,0,1,0,0.20786985754966736,1,0,0.1892949640750885,1,0,0.2037896364927292,2,0,0.24782665073871613,1,0,0.15121792256832123
subject_14:sample_0003236,14,3236,0,1,0,2,0,1,0,0.20586465299129486,1,0,0.19107837975025177,1,0,0.20722945034503937,2,0,0.24770192801952362,1,0,0.14812472462654114
subject_14:sample_0003237,14,3237,0,2,0,2,0,2,0,0.20360633730888367,1,0,0.19450926780700684,2,0,0.20963995158672333,2,0,0.24658428132534027,1,0,0.14565913379192352
subject_14:sample_0003238,14,3238,0,2,0,2,0,2,0,0.20127882063388824,2,0,0.1990009993314743,2,0,0.21332164108753204,2,0,0.2444887012243271,1,0,0.14190888404846191
subject_14:sample_0003239,14,3239,0,2,0,2,0,2,0,0.19840654730796814,2,0,0.2020842283964157,2,0,0.21796004474163055,2,0,0.2428925484418869,1,0,0.1386556476354599
subject_14:sample_0003240,14,3240,0,2,0,2,0,2,0,0.19495120644569397,2,0,0.20331986248493195,2,0,0.22152651846408844,2,0,0.24355219304561615,1,0,0.1366492062807083
subject_14:sample_0003241,14,3241,0,2,0,2,0,2,0,0.19123601913452148,2,0,0.20344394445419312,2,0,0.22440999746322632,2,0,0.24543429911136627,1,0,0.13547475636005402
subject_14:sample_0003242,14,3242,0,2,0,2,0,2,0,0.18826238811016083,2,0,0.20006714761257172,2,0,0.22574616968631744,2,0,0.249953493475914,1,0,0.1359698474407196
subject_14:sample_0003243,14,3243,0,2,0,2,0,2,0,0.18527072668075562,2,0,0.19946235418319702,2,0,0.22342242300510406,2,0,0.2551415264606476,1,0,0.1367020159959793
subject_14:sample_0003244,14,3244,0,2,0,2,0,2,0,0.1837490051984787,2,0,0.20153972506523132,2,0,0.21927493810653687,2,0,0.25892817974090576,1,0,0.13650718331336975
subject_14:sample_0003245,14,3245,0,2,0,2,0,1,0,0.18248341977596283,2,0,0.2061719298362732,2,0,0.21304574608802795,2,0,0.2618328928947449,1,0,0.13646507263183594
subject_14:sample_0003246,14,3246,0,2,0,2,0,1,0,0.18126440048217773,2,0,0.2108333557844162,2,0,0.2074601948261261,2,0,0.2640773355960846,1,0,0.13636380434036255
subject_14:sample_0003247,14,3247,0,2,0,2,0,1,0,0.18267227709293365,2,0,0.2157870978116989,2,0,0.20294076204299927,2,0,0.26364195346832275,1,0,0.13495688140392303
subject_14:sample_0003248,14,3248,0,2,0,2,0,2,0,0.18812553584575653,2,0,0.21852487325668335,2,0,0.19684109091758728,2,0,0.263353168964386,1,0,0.1331544667482376
subject_14:sample_0003249,14,3249,0,2,0,2,0,2,0,0.19309186935424805,2,0,0.2183244377374649,2,0,0.19212201237678528,2,0,0.2639109790325165,1,0,0.13254976272583008
subject_14:sample_0003250,14,3250,0,2,0,2,0,2,0,0.19719086587429047,2,0,0.21790021657943726,2,0,0.18724939227104187,2,0,0.2650723159313202,1,0,0.13258616626262665
subject_14:sample_0003251,14,3251,0,2,0,2,0,2,0,0.20118239521980286,2,0,0.21759653091430664,0,1,0.18229714035987854,2,0,0.2658820152282715,1,0,0.13304093480110168
subject_14:sample_0003252,14,3252,0,2,0,2,0,2,0,0.20411141216754913,2,0,0.21696580946445465,0,1,0.17667487263679504,2,0,0.26806214451789856,1,0,0.1341848224401474
subject_14:sample_0003253,14,3253,0,2,0,2,0,2,0,0.20849692821502686,2,0,0.21344028413295746,0,1,0.17222943902015686,2,0,0.27010178565979004,1,0,0.13573057949543
subject_14:sample_0003254,14,3254,0,2,0,2,0,2,0,0.21122005581855774,2,0,0.20818251371383667,0,1,0.169573575258255,2,0,0.27356836199760437,1,0,0.1374545395374298
subject_14:sample_0003255,14,3255,0,2,0,2,0,2,0,0.21334153413772583,2,0,0.20497941970825195,0,1,0.16721931099891663,2,0,0.2755730152130127,1,0,0.13888582587242126
subject_14:sample_0003256,14,3256,0,1,0,2,0,2,0,0.21537990868091583,1,0,0.19840069115161896,0,1,0.16611091792583466,2,0,0.2785780429840088,1,0,0.14152947068214417
subject_14:sample_0003257,14,3257,0,1,0,2,0,1,0,0.21631459891796112,1,0,0.19372910261154175,0,1,0.16478164494037628,2,0,0.2810494005680084,1,0,0.14412428438663483
subject_14:sample_0003258,14,3258,0,1,0,2,0,1,0,0.21598848700523376,1,0,0.18868964910507202,0,1,0.16452476382255554,2,0,0.28399941325187683,1,0,0.14679670333862305
subject_14:sample_0003259,14,3259,0,1,0,2,0,1,0,0.21419662237167358,1,0,0.18635402619838715,0,1,0.1650872677564621,2,0,0.2855267822742462,1,0,0.14883433282375336
subject_14:sample_0003260,14,3260,0,1,0,1,0,1,0,0.2109053134918213,1,0,0.18536771833896637,0,1,0.1660979837179184,2,0,0.28645768761634827,1,0,0.15117037296295166
subject_14:sample_0003261,14,3261,0,1,0,1,0,1,0,0.20710718631744385,1,0,0.18540379405021667,0,1,0.16693875193595886,2,0,0.28650885820388794,1,0,0.1540403962135315
subject_14:sample_0003262,14,3262,0,1,0,1,0,1,0,0.2036018967628479,1,0,0.1855347454547882,0,1,0.16795268654823303,2,0,0.28568658232688904,1,0,0.15722312033176422
subject_14:sample_0003263,14,3263,0,1,0,1,0,1,0,0.20140250027179718,1,0,0.1859108805656433,0,1,0.170490562915802,2,0,0.28243720531463623,1,0,0.15975792706012726
subject_14:sample_0003264,14,3264,0,1,0,1,0,1,0,0.1997791975736618,1,0,0.1860620081424713,0,1,0.17383089661598206,2,0,0.2790050208568573,1,0,0.16132192313671112
subject_14:sample_0003265,14,3265,0,1,0,1,0,1,0,0.1979813128709793,1,0,0.1851355880498886,0,1,0.17853054404258728,2,0,0.2756960988044739,1,0,0.16265547275543213
subject_14:sample_0003266,14,3266,0,1,0,1,0,1,0,0.1959831714630127,1,0,0.18466781079769135,0,1,0.18400569260120392,2,0,0.27147427201271057,1,0,0.16386811435222626
subject_14:sample_0003267,14,3267,0,1,0,1,0,1,0,0.19475160539150238,1,0,0.18413016200065613,0,1,0.18976141512393951,2,0,0.2674386501312256,1,0,0.1639171987771988
subject_14:sample_0003268,14,3268,0,1,0,1,0,1,0,0.1934443861246109,1,0,0.18443438410758972,0,1,0.1954154521226883,2,0,0.2615699768066406,1,0,0.16513490676879883
subject_14:sample_0003269,14,3269,0,1,0,1,0,1,0,0.19195488095283508,1,0,0.1852034032344818,0,1,0.20009322464466095,2,0,0.2567307949066162,1,0,0.16601680219173431
subject_14:sample_0003270,14,3270,0,1,0,1,0,1,0,0.1900540590286255,1,0,0.18586087226867676,0,1,0.20285403728485107,2,0,0.254646360874176,1,0,0.16658371686935425
subject_14:sample_0003271,14,3271,0,1,0,1,0,1,0,0.19142547249794006,1,0,0.18607205152511597,0,1,0.20239239931106567,2,0,0.2533929944038391,1,0,0.1667160987854004
subject_14:sample_0003272,14,3272,0,1,0,1,0,0,1,0.19421227276325226,1,0,0.18634620308876038,0,1,0.19992253184318542,1,0,0.25184279680252075,1,0,0.16767527163028717
subject_14:sample_0003273,14,3273,0,1,0,1,0,0,1,0.19712449610233307,1,0,0.18710805475711823,0,1,0.19902759790420532,1,0,0.24829716980457306,1,0,0.1684417575597763
subject_14:sample_0003274,14,3274,0,1,0,1,0,0,1,0.199532613158226,1,0,0.18846578896045685,0,1,0.19746464490890503,1,0,0.2449924349784851,1,0,0.16954348981380463
subject_14:sample_0003275,14,3275,0,1,0,0,1,0,1,0.20146603882312775,1,0,0.19139902293682098,0,1,0.1963193118572235,1,0,0.23915056884288788,1,0,0.1716640591621399
subject_14:sample_0003276,14,3276,0,1,0,0,1,0,1,0.2014303058385849,1,0,0.19400440156459808,0,1,0.19661648571491241,1,0,0.2339700609445572,1,0,0.173977792263031
subject_14:sample_0003277,14,3277,0,1,0,0,1,0,1,0.19930000603199005,1,0,0.19794861972332,0,1,0.1964571177959442,1,0,0.22912827134132385,1,0,0.17716501653194427
subject_14:sample_0003278,14,3278,0,1,0,0,1,0,1,0.19756928086280823,1,0,0.20140723884105682,0,1,0.19718438386917114,1,0,0.22349536418914795,1,0,0.18034271895885468
subject_14:sample_0003279,14,3279,0,1,0,0,1,0,1,0.19620153307914734,1,0,0.2031191885471344,0,1,0.19965392351150513,1,0,0.21898619830608368,1,0,0.18203815817832947
subject_14:sample_0003280,14,3280,0,1,0,0,1,0,1,0.19501319527626038,1,0,0.20399989187717438,0,1,0.2025151550769806,1,0,0.21552321314811707,1,0,0.1829475611448288
subject_14:sample_0003281,14,3281,0,1,0,0,1,0,1,0.19396546483039856,1,0,0.2037075310945511,0,1,0.2077006697654724,1,0,0.2121438980102539,1,0,0.18248149752616882
subject_14:sample_0003282,14,3282,0,1,0,0,1,0,1,0.1926874965429306,1,0,0.20266418159008026,0,1,0.21388334035873413,1,0,0.2092992216348648,1,0,0.18146483600139618
subject_14:sample_0003283,14,3283,0,1,0,0,1,0,1,0.19045943021774292,1,0,0.20153497159481049,0,1,0.22065483033657074,1,0,0.20742623507976532,1,0,0.17992360889911652
subject_14:sample_0003284,14,3284,0,0,1,0,1,0,1,0.1893111914396286,1,0,0.2016952782869339,0,1,0.22374631464481354,1,0,0.20636333525180817,1,0,0.17888294160366058
subject_14:sample_0003285,14,3285,0,0,1,0,1,0,1,0.18887178599834442,1,0,0.20334015786647797,0,1,0.224334254860878,0,1,0.2053312361240387,1,0,0.17812156677246094
subject_14:sample_0003286,14,3286,0,1,0,0,1,0,1,0.1888233721256256,1,0,0.20516358315944672,1,0,0.22401905059814453,0,1,0.20429518818855286,1,0,0.17769788205623627
subject_14:sample_0003287,14,3287,0,1,0,0,1,0,1,0.18843938410282135,1,0,0.20691920816898346,1,0,0.22362414002418518,0,1,0.20324158668518066,1,0,0.17777471244335175
subject_14:sample_0003288,14,3288,0,0,1,0,1,0,1,0.18775559961795807,0,1,0.20786772668361664,1,0,0.2230692207813263,0,1,0.20234841108322144,1,0,0.17895807325839996
subject_14:sample_0003289,14,3289,0,0,1,0,1,0,1,0.18749450147151947,0,1,0.20860210061073303,1,0,0.22093118727207184,0,1,0.20195716619491577,1,0,0.18101400136947632
subject_14:sample_0003290,14,3290,0,0,1,0,1,0,1,0.1872008591890335,0,1,0.20949850976467133,1,0,0.21869617700576782,0,1,0.20158304274082184,1,0,0.1830204874277115
subject_14:sample_0003291,14,3291,0,0,1,0,1,0,1,0.18698641657829285,0,1,0.20973055064678192,1,0,0.21720221638679504,0,1,0.2011679857969284,1,0,0.1849118024110794
subject_14:sample_0003292,14,3292,0,0,1,0,1,0,1,0.18675240874290466,0,1,0.20876741409301758,1,0,0.2168334722518921,0,1,0.20074817538261414,1,0,0.18689754605293274
subject_14:sample_0003293,14,3293,0,0,1,0,1,0,1,0.18648022413253784,0,1,0.2073424607515335,1,0,0.21711191534996033,0,1,0.2001393735408783,1,0,0.1889251172542572
subject_14:sample_0003294,14,3294,0,0,1,0,1,0,1,0.18662407994270325,0,1,0.20508091151714325,1,0,0.21755880117416382,0,1,0.1999458223581314,1,0,0.19078940153121948
subject_14:sample_0003295,14,3295,0,0,1,0,1,0,1,0.18690821528434753,0,1,0.203372523188591,1,0,0.21791492402553558,0,1,0.1997644305229187,1,0,0.19203899800777435
subject_14:sample_0003296,14,3296,0,0,1,0,1,0,1,0.18752112984657288,0,1,0.20207448303699493,1,0,0.21804769337177277,0,1,0.19961808621883392,1,0,0.1927376091480255
subject_14:sample_0003297,14,3297,0,0,1,0,1,0,1,0.18807968497276306,0,1,0.2012239545583725,1,0,0.21797342598438263,0,1,0.1992390751838684,1,0,0.1934828907251358
subject_14:sample_0003298,14,3298,0,0,1,0,1,0,1,0.18838191032409668,0,1,0.19864101707935333,1,0,0.21884125471115112,0,1,0.19811032712459564,1,0,0.19602453708648682
subject_14:sample_0003299,14,3299,0,0,1,0,1,0,1,0.1880774348974228,0,1,0.19644160568714142,1,0,0.21996083855628967,0,1,0.19619183242321014,0,1,0.199327290058136
subject_14:sample_0003300,14,3300,0,0,1,0,1,0,1,0.18746976554393768,0,1,0.19316108524799347,1,0,0.22125257551670074,0,1,0.19401173293590546,0,1,0.2041039764881134
subject_14:sample_0003301,14,3301,0,0,1,0,1,0,1,0.1867561787366867,0,1,0.1912674754858017,1,0,0.2222648710012436,0,1,0.19256913661956787,0,1,0.20714138448238373
subject_14:sample_0003302,14,3302,0,0,1,0,1,0,1,0.18583668768405914,0,1,0.1893012821674347,1,0,0.22374264895915985,0,1,0.19168153405189514,0,1,0.20943692326545715
subject_14:sample_0003303,14,3303,0,0,1,0,1,0,1,0.18514056503772736,0,1,0.18764697015285492,1,0,0.22529490292072296,0,1,0.19098752737045288,0,1,0.21092912554740906
subject_14:sample_0003304,14,3304,0,0,1,0,1,0,1,0.18476805090904236,0,1,0.18704798817634583,1,0,0.22690695524215698,0,1,0.19043397903442383,0,1,0.2108420729637146
subject_14:sample_0003305,14,3305,0,0,1,0,1,0,1,0.18446530401706696,0,1,0.1884567141532898,0,1,0.22857967019081116,0,1,0.18959106504917145,0,1,0.20890626311302185
subject_14:sample_0003306,14,3306,0,0,1,0,1,0,1,0.18444399535655975,0,1,0.19047050178050995,0,1,0.2299998253583908,0,1,0.18882909417152405,0,1,0.20625561475753784
subject_14:sample_0003307,14,3307,0,0,1,0,1,0,1,0.1844327747821808,0,1,0.19340060651302338,0,1,0.23000022768974304,0,1,0.18818558752536774,0,1,0.20397984981536865
subject_14:sample_0003308,14,3308,0,0,1,0,1,0,1,0.18483074009418488,0,1,0.1968448907136917,0,1,0.22912639379501343,0,1,0.18732616305351257,0,1,0.2018708437681198
subject_14:sample_0003309,14,3309,0,0,1,0,1,0,1,0.18528755009174347,0,1,0.2003670632839203,0,1,0.22781728208065033,0,1,0.18598683178424835,0,1,0.20054030418395996
subject_14:sample_0003310,14,3310,0,0,1,0,1,0,1,0.18578092753887177,0,1,0.20378747582435608,0,1,0.22636395692825317,0,1,0.18451930582523346,0,1,0.19954738020896912
subject_14:sample_0003311,14,3311,0,0,1,0,1,0,1,0.18630056083202362,0,1,0.20806701481342316,0,1,0.22423826158046722,0,1,0.1828984171152115,0,1,0.19849474728107452
subject_14:sample_0003312,14,3312,0,0,1,0,1,0,1,0.18714018166065216,0,1,0.2108457088470459,0,1,0.22232788801193237,0,1,0.18187084794044495,0,1,0.19781437516212463
subject_14:sample_0003313,14,3313,0,0,1,0,1,0,1,0.18801744282245636,0,1,0.21164476871490479,0,1,0.2214314192533493,0,1,0.1814740151166916,0,1,0.19743137061595917
subject_14:sample_0003314,14,3314,0,0,1,0,1,0,1,0.18914051353931427,0,1,0.211744487285614,0,1,0.22039839625358582,0,1,0.1815180629491806,0,1,0.19719760119915009
subject_14:sample_0003315,14,3315,0,0,1,0,1,0,1,0.18989646434783936,0,1,0.21275989711284637,0,1,0.21891215443611145,0,1,0.18156801164150238,0,1,0.19686245918273926
subject_14:sample_0003316,14,3316,0,0,1,0,1,0,1,0.19026556611061096,0,1,0.2142687886953354,0,1,0.21750690042972565,0,1,0.18156379461288452,0,1,0.19639398157596588
subject_14:sample_0003317,14,3317,0,0,1,0,1,0,1,0.190859854221344,0,1,0.21441954374313354,0,1,0.2163235992193222,0,1,0.18204502761363983,0,1,0.1963510364294052
subject_14:sample_0003318,14,3318,0,0,1,0,1,0,1,0.19184520840644836,0,1,0.21321921050548553,0,1,0.21525831520557404,0,1,0.18302078545093536,0,1,0.1966554820537567
subject_14:sample_0003319,14,3319,0,0,1,0,1,0,1,0.19312655925750732,0,1,0.21154014766216278,0,1,0.21401347219944,0,1,0.18423576653003693,0,1,0.19708308577537537
subject_14:sample_0003320,14,3320,0,0,1,0,1,0,1,0.19479773938655853,0,1,0.20856241881847382,0,1,0.2134312391281128,0,1,0.18551743030548096,0,1,0.19769012928009033
subject_14:sample_0003321,14,3321,0,0,1,0,1,0,1,0.19647371768951416,0,1,0.2053435742855072,0,1,0.21333463490009308,0,1,0.18659615516662598,0,1,0.1982509195804596
subject_14:sample_0003322,14,3322,0,0,1,0,1,0,1,0.19785088300704956,0,1,0.20344069600105286,0,1,0.21303381025791168,0,1,0.18716752529144287,0,1,0.198506161570549
subject_14:sample_0003323,14,3323,0,0,1,0,1,0,1,0.1991119533777237,0,1,0.20190538465976715,0,1,0.21283213794231415,0,1,0.18757601082324982,0,1,0.19857357442378998
subject_14:sample_0003324,14,3324,0,0,1,0,1,0,1,0.20007739961147308,0,1,0.20159491896629333,0,1,0.21161743998527527,0,1,0.18798507750034332,0,1,0.1987241953611374
subject_14:sample_0003325,14,3325,0,0,1,0,1,0,1,0.20067116618156433,0,1,0.20124274492263794,0,1,0.21064621210098267,0,1,0.1883101910352707,0,1,0.19912876188755035
subject_14:sample_0003326,14,3326,0,0,1,0,1,0,1,0.20069165527820587,0,1,0.20159125328063965,0,1,0.20943407714366913,0,1,0.18871815502643585,0,1,0.1995639055967331
subject_14:sample_0003327,14,3327,0,0,1,0,1,0,1,0.20013399422168732,0,1,0.2029029130935669,0,1,0.2085363119840622,0,1,0.18876691162586212,0,1,0.19965896010398865
subject_14:sample_0003328,14,3328,0,0,1,0,1,0,1,0.199855774641037,0,1,0.20378069579601288,0,1,0.20801782608032227,0,1,0.18863846361637115,0,1,0.1997063010931015
subject_14:sample_0003329,14,3329,0,0,1,0,1,0,1,0.19999995827674866,0,1,0.204857736825943,0,1,0.20686273276805878,0,1,0.18849846720695496,0,1,0.1997801661491394
subject_14:sample_0003330,14,3330,0,0,1,0,1,0,1,0.20031991600990295,0,1,0.20701296627521515,0,1,0.20629434287548065,0,1,0.18741606175899506,0,1,0.1989557147026062
subject_14:sample_0003331,14,3331,0,0,1,0,1,0,1,0.20131206512451172,0,1,0.209904745221138,0,1,0.2048780769109726,0,1,0.18609634041786194,0,1,0.19780778884887695
subject_14:sample_0003332,14,3332,0,0,1,0,1,0,1,0.20243696868419647,0,1,0.2153864949941635,0,1,0.2025884985923767,0,1,0.18386659026145935,0,1,0.19572047889232635
subject_14:sample_0003333,14,3333,0,0,1,0,1,0,1,0.20341332256793976,0,1,0.2200147956609726,0,1,0.20029787719249725,0,1,0.18240557610988617,0,1,0.19386745989322662
subject_14:sample_0003334,14,3334,0,0,1,0,1,0,1,0.20446337759494781,0,1,0.22233887016773224,0,1,0.19797517359256744,0,1,0.18217886984348297,0,1,0.19304272532463074
subject_14:sample_0003335,14,3335,0,0,1,0,1,0,1,0.20556128025054932,0,1,0.22194774448871613,0,1,0.19685086607933044,0,1,0.1829163283109665,0,1,0.1927228569984436
subject_14:sample_0003336,14,3336,0,0,1,0,1,0,1,0.2062932252883911,0,1,0.22092454135417938,0,1,0.19782227277755737,0,1,0.18295419216156006,0,1,0.19200485944747925
subject_14:sample_0003337,14,3337,0,0,1,0,1,0,1,0.2069418728351593,0,1,0.22026653587818146,0,1,0.19964249432086945,0,1,0.18244211375713348,0,1,0.1907060593366623
subject_14:sample_0003338,14,3338,0,0,1,0,1,0,1,0.20731475949287415,0,1,0.22110815346240997,0,1,0.20175281167030334,0,1,0.18115182220935822,0,1,0.18867146968841553
subject_14:sample_0003339,14,3339,0,0,1,0,1,0,1,0.20759820938110352,0,1,0.22234013676643372,0,1,0.20402947068214417,0,1,0.17968273162841797,0,1,0.18634848296642303
subject_14:sample_0003340,14,3340,0,0,1,0,1,0,1,0.20782487094402313,0,1,0.22278651595115662,0,1,0.20685012638568878,0,1,0.17840147018432617,0,1,0.1841360330581665
subject_14:sample_0003341,14,3341,0,0,1,0,1,0,1,0.20851844549179077,0,1,0.22192442417144775,0,1,0.20833727717399597,0,1,0.17833882570266724,0,1,0.18288008868694305
subject_14:sample_0003342,14,3342,0,0,1,0,1,0,1,0.20951180160045624,0,1,0.22020110487937927,0,1,0.2099723219871521,0,1,0.1784152239561081,0,1,0.1818985939025879
subject_14:sample_0003343,14,3343,0,0,1,0,1,0,1,0.20989501476287842,0,1,0.21772752702236176,0,1,0.21077467501163483,0,1,0.17970500886440277,0,1,0.1818968653678894
subject_14:sample_0003344,14,3344,0,0,1,0,1,0,1,0.21059544384479523,0,1,0.21457429230213165,0,1,0.20974791049957275,0,1,0.18190477788448334,0,1,0.18317657709121704
subject_14:sample_0003345,14,3345,0,0,1,0,1,0,1,0.21125057339668274,0,1,0.21344608068466187,0,1,0.20762865245342255,0,1,0.1835833489894867,0,1,0.18409042060375214
subject_14:sample_0003346,14,3346,0,0,1,0,1,0,1,0.21312473714351654,0,1,0.21158134937286377,0,1,0.2029658704996109,0,1,0.18599556386470795,0,1,0.18633143603801727
subject_14:sample_0003347,14,3347,0,0,1,0,1,0,1,0.21438223123550415,0,1,0.21025188267230988,0,1,0.1978944092988968,0,1,0.18829920887947083,0,1,0.18917131423950195
subject_14:sample_0003348,14,3348,0,0,1,0,1,0,1,0.21792574226856232,0,1,0.2119683176279068,0,1,0.19231824576854706,0,1,0.18891707062721252,0,1,0.1888696253299713
subject_14:sample_0003349,14,3349,0,0,1,0,1,0,1,0.22533391416072845,0,1,0.21243681013584137,0,1,0.18682271242141724,0,1,0.18855713307857513,0,1,0.1868485063314438
subject_14:sample_0003350,14,3350,0,0,1,0,1,0,1,0.2392401248216629,0,1,0.21411190927028656,0,1,0.17887432873249054,0,1,0.18586164712905884,0,1,0.18191106617450714
subject_14:sample_0003351,14,3351,0,0,1,0,1,0,1,0.2511599063873291,0,1,0.21642081439495087,0,1,0.17191027104854584,0,1,0.18238939344882965,0,1,0.17811861634254456
subject_14:sample_0003352,14,3352,0,0,1,0,1,1,0,0.25751546025276184,0,1,0.21853399276733398,0,1,0.16750483214855194,0,1,0.1801445186138153,0,1,0.1763002574443817
subject_14:sample_0003353,14,3353,0,0,1,0,1,1,0,0.2629008889198303,0,1,0.2180418223142624,0,1,0.16502025723457336,0,1,0.17893612384796143,0,1,0.1750999093055725
subject_14:sample_0003354,14,3354,0,0,1,0,1,1,0,0.2678302228450775,0,1,0.2161872684955597,0,1,0.16341550648212433,0,1,0.1781402975320816,0,1,0.17442572116851807
subject_14:sample_0003355,14,3355,0,0,1,0,1,1,0,0.2721900939941406,0,1,0.21290598809719086,0,1,0.1625746488571167,0,1,0.17782533168792725,0,1,0.1745029240846634
subject_14:sample_0003356,14,3356,0,0,1,0,1,1,0,0.27463504672050476,0,1,0.21247351169586182,0,1,0.16161805391311646,0,1,0.17690812051296234,0,1,0.17436428368091583
subject_14:sample_0003357,14,3357,0,0,1,0,1,1,0,0.27684757113456726,0,1,0.21289771795272827,0,1,0.1604461818933487,0,1,0.17559297382831573,0,1,0.17421454191207886
subject_14:sample_0003358,14,3358,0,0,1,0,1,1,0,0.27947285771369934,0,1,0.2144097238779068,0,1,0.1592976301908493,0,1,0.17338865995407104,0,1,0.17343014478683472
subject_14:sample_0003359,14,3359,0,0,1,0,1,1,0,0.2809901535511017,0,1,0.2153792530298233,0,1,0.1596328765153885,0,1,0.17123767733573914,0,1,0.17275910079479218
subject_14:sample_0003360,14,3360,0,0,1,0,1,1,0,0.2817416191101074,0,1,0.21884629130363464,0,1,0.16004598140716553,0,1,0.1679428368806839,0,1,0.17142227292060852
subject_14:sample_0003361,14,3361,0,0,1,0,1,2,0,0.28277987241744995,0,1,0.2223290652036667,0,1,0.15928448736667633,0,1,0.1650196760892868,0,1,0.17058596014976501
subject_14:sample_0003362,14,3362,0,0,1,0,1,2,0,0.2835608422756195,0,1,0.22477827966213226,0,1,0.15866364538669586,0,1,0.1627672016620636,0,1,0.17022910714149475
subject_14:sample_0003363,14,3363,0,0,1,0,1,2,0,0.2831957936286926,0,1,0.23378105461597443,0,1,0.15507856011390686,0,1,0.15895940363407135,0,1,0.1689842939376831
subject_14:sample_0003364,14,3364,0,0,1,0,1,2,0,0.2830997705459595,0,1,0.23883777856826782,0,1,0.15297073125839233,0,1,0.1565183699131012,0,1,0.1685723513364792
subject_14:sample_0003365,14,3365,0,0,1,0,1,2,0,0.28289079666137695,0,1,0.24110373854637146,0,1,0.15207159519195557,0,1,0.15518590807914734,0,1,0.16874700784683228
subject_14:sample_0003366,14,3366,0,0,1,0,1,2,0,0.28202131390571594,0,1,0.2431107759475708,0,1,0.1519097089767456,0,1,0.15407893061637878,0,1,0.16887833178043365
subject_14:sample_0003367,14,3367,0,0,1,0,1,2,0,0.2814452350139618,0,1,0.2444981336593628,0,1,0.151471346616745,0,1,0.1534840613603592,0,1,0.16910026967525482
subject_14:sample_0003368,14,3368,0,0,1,0,1,2,0,0.2816255986690521,0,1,0.24421143531799316,0,1,0.15081001818180084,0,1,0.1535019874572754,0,1,0.16984999179840088
subject_14:sample_0003369,14,3369,0,0,1,0,1,2,0,0.28046122193336487,0,1,0.24665038287639618,0,1,0.14973963797092438,0,1,0.15311792492866516,0,1,0.17002984881401062
subject_14:sample_0003370,14,3370,0,0,1,0,1,2,0,0.2807981073856354,0,1,0.24680820107460022,0,1,0.14973917603492737,0,1,0.15260937809944153,0,1,0.17004422843456268
subject_14:sample_0003371,14,3371,0,0,1,0,1,2,0,0.2815951406955719,0,1,0.24488544464111328,0,1,0.15067686140537262,0,1,0.15235862135887146,0,1,0.17048299312591553
subject_14:sample_0003372,14,3372,0,0,1,0,1,2,0,0.28157544136047363,0,1,0.2430373877286911,0,1,0.15163840353488922,0,1,0.15244843065738678,0,1,0.17129941284656525
subject_14:sample_0003373,14,3373,0,0,1,0,1,2,0,0.2813863456249237,0,1,0.2416040003299713,0,1,0.15236106514930725,0,1,0.15283805131912231,0,1,0.1718096137046814
subject_14:sample_0003374,14,3374,0,0,1,0,1,2,0,0.28003907203674316,0,1,0.24058376252651215,0,1,0.15313246846199036,0,1,0.15368765592575073,0,1,0.1725560575723648
subject_14:sample_0003375,14,3375,0,0,1,0,1,2,0,0.2773394286632538,0,1,0.2403225302696228,0,1,0.15433071553707123,0,1,0.15445488691329956,0,1,0.17355148494243622
subject_14:sample_0003376,14,3376,0,0,1,0,1,2,0,0.27365759015083313,0,1,0.24240778386592865,0,1,0.15502426028251648,0,1,0.1547069549560547,0,1,0.17420244216918945
subject_14:sample_0003377,14,3377,0,0,1,0,1,2,0,0.27033087611198425,0,1,0.24583275616168976,0,1,0.15524618327617645,0,1,0.1544262021780014,0,1,0.17416302859783173
subject_14:sample_0003378,14,3378,0,0,1,0,1,2,0,0.26659977436065674,0,1,0.2488894760608673,0,1,0.1555892527103424,0,1,0.1545162796974182,0,1,0.17440427839756012
subject_14:sample_0003379,14,3379,0,0,1,0,1,2,0,0.26122403144836426,2,0,0.25140419602394104,0,1,0.15686821937561035,0,1,0.15525832772254944,0,1,0.1752443015575409
subject_14:sample_0003380,14,3380,0,0,1,0,1,2,0,0.2561090886592865,2,0,0.2536245584487915,0,1,0.15796777606010437,0,1,0.156037375330925,0,1,0.17626027762889862
subject_14:sample_0003381,14,3381,0,0,1,0,1,2,0,0.25197750329971313,2,0,0.2540407180786133,0,1,0.15954212844371796,0,1,0.15738344192504883,0,1,0.177055224776268
subject_14:sample_0003382,14,3382,0,0,1,0,1,2,0,0.24965552985668182,2,0,0.2519213855266571,0,1,0.16145466268062592,0,1,0.15911047160625458,0,1,0.17785704135894775
subject_14:sample_0003383,14,3383,0,0,1,0,1,1,0,0.24793274700641632,2,0,0.2510281205177307,0,1,0.16327859461307526,0,1,0.15953756868839264,0,1,0.17822201550006866
subject_14:sample_0003384,14,3384,0,0,1,0,1,1,0,0.2486499845981598,2,0,0.249185249209404,0,1,0.16454537212848663,0,1,0.15905626118183136,0,1,0.1785622239112854
subject_14:sample_0003385,14,3385,0,0,1,0,1,1,0,0.25015026330947876,2,0,0.24487274885177612,0,1,0.16598594188690186,0,1,0.15890149772167206,0,1,0.1800885796546936
subject_14:sample_0003386,14,3386,0,0,1,0,1,1,0,0.2504064440727234,1,0,0.2419900745153427,0,1,0.16745957732200623,0,1,0.15845559537410736,0,1,0.1816873401403427
subject_14:sample_0003387,14,3387,0,1,0,1,0,1,0,0.24950465559959412,1,0,0.23876312375068665,0,1,0.16876079142093658,0,1,0.15851004421710968,0,1,0.18446040153503418
subject_14:sample_0003388,14,3388,0,1,0,1,0,1,0,0.2478259801864624,1,0,0.2361399233341217,0,1,0.1703888326883316,0,1,0.15875639021396637,1,0,0.18688786029815674
subject_14:sample_0003389,14,3389,0,1,0,1,0,1,0,0.24561217427253723,1,0,0.23385396599769592,0,1,0.17300844192504883,0,1,0.1593082696199417,1,0,0.1882161796092987
subject_14:sample_0003390,14,3390,0,1,0,1,0,1,0,0.24314947426319122,1,0,0.22945357859134674,0,1,0.1764344573020935,0,1,0.16050030291080475,1,0,0.1904611587524414
subject_14:sample_0003391,14,3391,0,1,0,1,0,1,0,0.24129590392112732,1,0,0.22480995953083038,0,1,0.18002019822597504,1,0,0.1617158204317093,1,0,0.19215720891952515
subject_14:sample_0003392,14,3392,0,1,0,1,0,1,0,0.2406095564365387,1,0,0.22209788858890533,0,1,0.1816796511411667,1,0,0.16233235597610474,1,0,0.19327962398529053
subject_14:sample_0003393,14,3393,0,1,0,1,0,1,0,0.24054719507694244,1,0,0.22080592811107635,1,0,0.18204382061958313,1,0,0.1626226305961609,1,0,0.1939794421195984
