sample_id,subject_id,sample_index,label,consensus_prediction,consensus_correct,classifier_prediction,classifier_correct,delta_prediction,delta_correct,delta_weight,theta_prediction,theta_correct,theta_weight,alpha_prediction,alpha_correct,alpha_weight,beta_prediction,beta_correct,beta_weight,gamma_prediction,gamma_correct,gamma_weight
subject_13:sample_0000000,13,0,2,2,1,2,1,2,1,0.2002018690109253,2,1,0.2027789056301117,2,1,0.19813165068626404,2,1,0.1990222930908203,2,1,0.19986431300640106
subject_13:sample_0000001,13,1,2,2,1,2,1,2,1,0.20021948218345642,2,1,0.2026987373828888,2,1,0.1981671303510666,2,1,0.19904883205890656,2,1,0.19986480474472046
subject_13:sample_0000002,13,2,2,2,1,2,1,2,1,0.20025001466274261,2,1,0.2026577889919281,2,1,0.19818544387817383,2,1,0.1990504264831543,2,1,0.19985532760620117
subject_13:sample_0000003,13,3,2,2,1,2,1,2,1,0.20026519894599915,2,1,0.20255687832832336,2,1,0.19824013113975525,2,1,0.19906985759735107,2,1,0.1998668909072876
subject_13:sample_0000004,13,4,2,2,1,2,1,2,1,0.20027510821819305,2,1,0.2025086134672165,2,1,0.19826047122478485,2,1,0.1990768015384674,2,1,0.19987799227237701
subject_13:sample_0000005,13,5,2,2,1,2,1,2,1,0.20029042661190033,2,1,0.20247729122638702,2,1,0.19826878607273102,2,1,0.19907887279987335,2,1,0.19988368451595306
subject_13:sample_0000006,13,6,2,2,1,2,1,2,1,0.20029109716415405,2,1,0.2024071365594864,2,1,0.1982889026403427,2,1,0.19910050928592682,2,1,0.19991137087345123
subject_13:sample_0000007,13,7,2,2,1,2,1,2,1,0.20028172433376312,2,1,0.20235486328601837,2,1,0.19830243289470673,2,1,0.19913189113140106,2,1,0.1999281644821167
subject_13:sample_0000008,13,8,2,2,1,2,1,2,1,0.2002745419740677,2,1,0.2023937851190567,2,1,0.19828113913536072,2,1,0.19912563264369965,2,1,0.19992390275001526
subject_13:sample_0000009,13,9,2,2,1,2,1,2,1,0.2002825140953064,2,1,0.20240642130374908,2,1,0.19826070964336395,2,1,0.19911837577819824,2,1,0.19993101060390472
subject_13:sample_0000010,13,10,2,2,1,2,1,2,1,0.20029568672180176,2,1,0.20239388942718506,2,1,0.1982404738664627,2,1,0.19911649823188782,2,1,0.19995248317718506
subject_13:sample_0000011,13,11,2,2,1,2,1,2,1,0.20031532645225525,2,1,0.20241539180278778,2,1,0.1981949508190155,2,1,0.19911976158618927,2,1,0.1999536156654358
subject_13:sample_0000012,13,12,2,2,1,2,1,2,1,0.20034125447273254,2,1,0.20244456827640533,2,1,0.198139950633049,2,1,0.19910988211631775,2,1,0.19996331632137299
subject_13:sample_0000013,13,13,2,2,1,2,1,2,1,0.20039987564086914,2,1,0.20254705846309662,2,1,0.1980193853378296,2,1,0.19907136261463165,2,1,0.1999613493680954
subject_13:sample_0000014,13,14,2,2,1,2,1,2,1,0.2004583328962326,2,1,0.20266491174697876,2,1,0.19788311421871185,2,1,0.1990312784910202,2,1,0.1999613642692566
subject_13:sample_0000015,13,15,2,2,1,2,1,2,1,0.20053747296333313,2,1,0.20281396806240082,2,1,0.1977081447839737,2,1,0.19900281727313995,2,1,0.1999366581439972
subject_13:sample_0000016,13,16,2,2,1,2,1,2,1,0.20060735940933228,2,1,0.2029772400856018,2,1,0.19754067063331604,2,1,0.1989745944738388,2,1,0.19989924132823944
subject_13:sample_0000017,13,17,2,2,1,2,1,2,1,0.20065659284591675,2,1,0.20309439301490784,2,1,0.1974281370639801,2,1,0.19896337389945984,2,1,0.1998564898967743
subject_13:sample_0000018,13,18,2,2,1,2,1,2,1,0.20072932541370392,2,1,0.20322582125663757,2,1,0.19732733070850372,2,1,0.19892583787441254,2,1,0.19979070127010345
subject_13:sample_0000019,13,19,2,2,1,2,1,2,1,0.20080780982971191,2,1,0.2032867819070816,2,1,0.19726181030273438,2,1,0.19890306890010834,2,1,0.19973960518836975
subject_13:sample_0000020,13,20,2,2,1,2,1,2,1,0.20088809728622437,2,1,0.20335862040519714,2,1,0.19719454646110535,2,1,0.19888058304786682,2,1,0.19967718422412872
subject_13:sample_0000021,13,21,2,2,1,2,1,2,1,0.20099537074565887,2,1,0.20348894596099854,2,1,0.19713564217090607,2,1,0.1987820714712143,2,1,0.19959701597690582
subject_13:sample_0000022,13,22,2,2,1,2,1,2,1,0.2010793536901474,2,1,0.2037031650543213,2,1,0.19708694517612457,2,1,0.19863151013851166,2,1,0.1994980424642563
subject_13:sample_0000023,13,23,2,2,1,2,1,2,1,0.2011766880750656,2,1,0.2039669007062912,2,1,0.1970544159412384,2,1,0.19841498136520386,2,1,0.19938604533672333
subject_13:sample_0000024,13,24,2,2,1,2,1,2,1,0.20124559104442596,2,1,0.20410700142383575,2,1,0.197065532207489,2,1,0.1982605755329132,2,1,0.19932031631469727
subject_13:sample_0000025,13,25,2,2,1,2,1,2,1,0.20130568742752075,2,1,0.20421215891838074,2,1,0.19708365201950073,2,1,0.1981317698955536,2,1,0.19926579296588898
subject_13:sample_0000026,13,26,2,2,1,2,1,2,1,0.20135127007961273,2,1,0.20428483188152313,2,1,0.19710604846477509,2,1,0.1980351060628891,2,1,0.19922186434268951
subject_13:sample_0000027,13,27,2,2,1,2,1,2,1,0.2014170140028,2,1,0.20432062447071075,2,1,0.1971493363380432,2,1,0.19792233407497406,2,1,0.1991896778345108
subject_13:sample_0000028,13,28,2,2,1,2,1,2,1,0.20145605504512787,2,1,0.20438674092292786,2,1,0.19721083343029022,2,1,0.19779519736766815,2,1,0.1991502046585083
subject_13:sample_0000029,13,29,2,2,1,2,1,2,1,0.20145481824874878,2,1,0.20444832742214203,2,1,0.19726933538913727,2,1,0.19773100316524506,2,1,0.1990954875946045
subject_13:sample_0000030,13,30,2,2,1,2,1,2,1,0.20148129761219025,2,1,0.2044820785522461,2,1,0.1972975730895996,2,1,0.19768831133842468,2,1,0.19904980063438416
subject_13:sample_0000031,13,31,2,2,1,2,1,2,1,0.201487198472023,2,1,0.20451121032238007,2,1,0.19731496274471283,2,1,0.19767136871814728,2,1,0.19901427626609802
subject_13:sample_0000032,13,32,2,2,1,2,1,2,1,0.20153041183948517,2,1,0.2044798731803894,2,1,0.19733059406280518,2,1,0.1976722627878189,2,1,0.19898590445518494
subject_13:sample_0000033,13,33,2,2,1,2,1,2,1,0.20168794691562653,2,1,0.20438271760940552,2,1,0.19732701778411865,2,1,0.19767090678215027,2,1,0.19893041253089905
subject_13:sample_0000034,13,34,2,2,1,2,1,2,1,0.20181234180927277,2,1,0.2043042629957199,2,1,0.19732564687728882,2,1,0.1976720094680786,2,1,0.1988847404718399
subject_13:sample_0000035,13,35,2,2,1,2,1,2,1,0.2019089311361313,2,1,0.20422478020191193,2,1,0.19732443988323212,2,1,0.19766974449157715,2,1,0.19887112081050873
subject_13:sample_0000036,13,36,2,2,1,2,1,2,1,0.20209039747714996,2,1,0.20409223437309265,2,1,0.1973162144422531,2,1,0.1976694017648697,2,1,0.19883078336715698
subject_13:sample_0000037,13,37,2,2,1,2,1,2,1,0.20231865346431732,2,1,0.20392709970474243,2,1,0.19728314876556396,2,1,0.1976643055677414,2,1,0.19880588352680206
subject_13:sample_0000038,13,38,2,2,1,2,1,2,1,0.20259353518486023,2,1,0.203729048371315,2,1,0.19723272323608398,2,1,0.1976550966501236,2,1,0.1987886279821396
subject_13:sample_0000039,13,39,2,2,1,2,1,2,1,0.20296792685985565,2,1,0.20350156724452972,2,1,0.19713591039180756,2,1,0.19763104617595673,2,1,0.19876259565353394
subject_13:sample_0000040,13,40,2,2,1,2,1,2,1,0.20322731137275696,2,1,0.20333312451839447,2,1,0.19707231223583221,2,1,0.19761629402637482,2,1,0.19874995946884155
subject_13:sample_0000041,13,41,2,2,1,2,1,2,1,0.20342044532299042,2,1,0.20318804681301117,2,1,0.1970233917236328,2,1,0.19761504232883453,2,1,0.1987520307302475
subject_13:sample_0000042,13,42,2,2,1,2,1,2,1,0.20354512333869934,2,1,0.20308157801628113,2,1,0.19698798656463623,2,1,0.19761872291564941,2,1,0.19876565039157867
subject_13:sample_0000043,13,43,2,2,1,2,1,2,1,0.20369254052639008,2,1,0.20294219255447388,2,1,0.19694069027900696,2,1,0.19761569797992706,2,1,0.19880791008472443
subject_13:sample_0000044,13,44,2,2,1,2,1,2,1,0.20394811034202576,2,1,0.20277662575244904,2,1,0.19685515761375427,2,1,0.19758132100105286,2,1,0.19883780181407928
subject_13:sample_0000045,13,45,2,2,1,2,1,2,1,0.20401915907859802,2,1,0.20268160104751587,2,1,0.19683177769184113,2,1,0.19758090376853943,2,1,0.19888566434383392
subject_13:sample_0000046,13,46,2,2,1,2,1,2,1,0.203837051987648,2,1,0.20268279314041138,2,1,0.19689057767391205,2,1,0.1976308971643448,2,1,0.19895769655704498
subject_13:sample_0000047,13,47,2,2,1,2,1,2,1,0.20375597476959229,2,1,0.2026463896036148,2,1,0.19692780077457428,2,1,0.19766336679458618,2,1,0.19900549948215485
subject_13:sample_0000048,13,48,2,2,1,2,1,2,1,0.2036721259355545,2,1,0.20261262357234955,2,1,0.19694189727306366,2,1,0.19770397245883942,2,1,0.19906839728355408
subject_13:sample_0000049,13,49,2,2,1,2,1,2,1,0.20359638333320618,2,1,0.20265918970108032,2,1,0.19692914187908173,2,1,0.19773459434509277,2,1,0.199079692363739
subject_13:sample_0000050,13,50,2,2,1,2,1,2,1,0.20356406271457672,2,1,0.20281106233596802,2,1,0.1968645304441452,2,1,0.19772066175937653,2,1,0.1990387737751007
subject_13:sample_0000051,13,51,2,2,1,2,1,2,1,0.20354369282722473,2,1,0.20307737588882446,2,1,0.19672062993049622,2,1,0.19763223826885223,2,1,0.19902510941028595
subject_13:sample_0000052,13,52,2,2,1,2,1,2,1,0.2035241574048996,2,1,0.20339538156986237,2,1,0.19653409719467163,2,1,0.1974894106388092,2,1,0.19905595481395721
subject_13:sample_0000053,13,53,2,2,1,2,1,2,1,0.2035188227891922,2,1,0.20377101004123688,2,1,0.19625402987003326,2,1,0.197341188788414,2,1,0.19911395013332367
subject_13:sample_0000054,13,54,2,2,1,2,1,2,1,0.20351827144622803,2,1,0.2041800618171692,2,1,0.1958874613046646,2,1,0.19720599055290222,2,1,0.19920721650123596
subject_13:sample_0000055,13,55,2,2,1,2,1,2,1,0.2034437656402588,2,1,0.2046886682510376,2,1,0.19544990360736847,2,1,0.1971152126789093,2,1,0.19930146634578705
subject_13:sample_0000056,13,56,2,2,1,2,1,2,1,0.20331799983978271,2,1,0.20526348054409027,2,1,0.1949368268251419,2,1,0.1970943808555603,2,1,0.1993863433599472
subject_13:sample_0000057,13,57,2,2,1,2,1,2,1,0.20314742624759674,2,1,0.205831378698349,2,1,0.1945008784532547,2,1,0.1970953792333603,2,1,0.19942395389080048
subject_13:sample_0000058,13,58,2,2,1,2,1,2,1,0.20286904275417328,2,1,0.20626547932624817,2,1,0.19431139528751373,2,1,0.19713085889816284,2,1,0.19942228496074677
subject_13:sample_0000059,13,59,2,2,1,2,1,2,1,0.20241113007068634,2,1,0.20661592483520508,2,1,0.19433939456939697,2,1,0.1972438395023346,2,1,0.1993888020515442
subject_13:sample_0000060,13,60,2,2,1,2,1,2,1,0.2017759084701538,2,1,0.20680852234363556,2,1,0.19461610913276672,2,1,0.19741009175777435,2,1,0.19938836991786957
subject_13:sample_0000061,13,61,2,2,1,2,1,2,1,0.201102614402771,2,1,0.2066986858844757,2,1,0.1951601803302765,2,1,0.19761072099208832,2,1,0.1994267851114273
subject_13:sample_0000062,13,62,2,2,1,2,1,2,1,0.20067237317562103,2,1,0.20627915859222412,2,1,0.1959066241979599,2,1,0.19775505363941193,2,1,0.199385866522789
subject_13:sample_0000063,13,63,2,2,1,2,1,2,1,0.20037858188152313,2,1,0.20547735691070557,2,1,0.1970052421092987,2,1,0.19787664711475372,2,1,0.19926120340824127
subject_13:sample_0000064,13,64,2,2,1,2,1,2,1,0.20019982755184174,2,1,0.20433591306209564,2,1,0.19850459694862366,2,1,0.1979438215494156,2,1,0.19901488721370697
subject_13:sample_0000065,13,65,2,2,1,2,1,2,1,0.20007435977458954,2,1,0.20341871678829193,2,1,0.19984054565429688,2,1,0.1979086995124817,2,1,0.19875672459602356
subject_13:sample_0000066,13,66,2,2,1,2,1,2,1,0.19994206726551056,2,1,0.20273475348949432,2,1,0.20101341605186462,2,1,0.19778913259506226,2,1,0.19851967692375183
subject_13:sample_0000067,13,67,2,2,1,2,1,2,1,0.1998784989118576,2,1,0.2023998498916626,2,1,0.20186781883239746,2,1,0.19758489727973938,2,1,0.19826799631118774
subject_13:sample_0000068,13,68,2,2,1,2,1,2,1,0.19995808601379395,2,1,0.20227780938148499,2,1,0.20235063135623932,2,1,0.19736261665821075,2,1,0.1980498880147934
subject_13:sample_0000069,13,69,2,2,1,2,1,2,1,0.20022587478160858,2,1,0.20226681232452393,2,1,0.2025384157896042,2,1,0.19710221886634827,2,1,0.19786565005779266
subject_13:sample_0000070,13,70,2,2,1,2,1,2,1,0.20052620768547058,2,1,0.2022811323404312,2,1,0.20258575677871704,2,1,0.19668231904506683,2,1,0.19792363047599792
subject_13:sample_0000071,13,71,2,2,1,2,1,2,1,0.20071831345558167,2,1,0.20221759378910065,2,1,0.20247279107570648,2,1,0.19614236056804657,2,1,0.1984480321407318
subject_13:sample_0000072,13,72,2,2,1,2,1,2,1,0.2006930261850357,2,1,0.20202702283859253,2,1,0.20234452188014984,2,1,0.19529195129871368,2,1,0.19964246451854706
subject_13:sample_0000073,13,73,2,2,1,2,1,2,1,0.20087659358978271,2,1,0.2021985948085785,2,1,0.20282253623008728,2,1,0.19470764696598053,2,1,0.1993936449289322
subject_13:sample_0000074,13,74,2,2,1,2,1,2,1,0.20084162056446075,2,1,0.20217956602573395,2,1,0.2034790813922882,2,1,0.19407127797603607,2,1,0.199427530169487
subject_13:sample_0000075,13,75,2,2,1,2,1,2,1,0.2007429152727127,2,1,0.20207270979881287,2,1,0.2039525806903839,2,1,0.1935049444437027,2,1,0.1997258961200714
subject_13:sample_0000076,13,76,2,2,1,2,1,2,1,0.200792595744133,2,1,0.2020435482263565,2,1,0.20413373410701752,2,1,0.19319434463977814,2,1,0.19983483850955963
subject_13:sample_0000077,13,77,2,2,1,2,1,2,1,0.20099113881587982,2,1,0.20208875834941864,2,1,0.20412889122962952,2,1,0.192978173494339,2,1,0.19981208443641663
subject_13:sample_0000078,13,78,2,2,1,2,1,2,1,0.20141315460205078,2,1,0.20212413370609283,2,1,0.20413652062416077,2,1,0.19288785755634308,2,1,0.19943742454051971
subject_13:sample_0000079,13,79,2,2,1,2,1,2,1,0.20243483781814575,2,1,0.2026512622833252,2,1,0.20425032079219818,2,1,0.19304172694683075,2,1,0.1976209431886673
subject_13:sample_0000080,13,80,2,2,1,2,1,2,1,0.20347727835178375,2,1,0.20299237966537476,2,1,0.2041788548231125,2,1,0.1931854635477066,2,1,0.1961650550365448
subject_13:sample_0000081,13,81,2,2,1,2,1,2,1,0.20403462648391724,2,1,0.20316147804260254,2,1,0.20392543077468872,2,1,0.19323502480983734,2,1,0.1956423968076706
subject_13:sample_0000082,13,82,2,2,1,2,1,2,1,0.20400077104568481,2,1,0.20362848043441772,2,1,0.2036050260066986,2,1,0.19336199760437012,2,1,0.19540277123451233
subject_13:sample_0000083,13,83,2,2,1,0,0,2,1,0.2035175859928131,2,1,0.2043260633945465,2,1,0.2030647248029709,2,1,0.1935829520225525,2,1,0.19550764560699463
subject_13:sample_0000084,13,84,2,2,1,0,0,2,1,0.2029935121536255,2,1,0.2048616111278534,2,1,0.2024521678686142,2,1,0.1938553750514984,2,1,0.1958363652229309
subject_13:sample_0000085,13,85,2,2,1,0,0,2,1,0.20248621702194214,2,1,0.2051478624343872,2,1,0.2017291933298111,2,1,0.1942657083272934,2,1,0.19637000560760498
subject_13:sample_0000086,13,86,2,2,1,0,0,2,1,0.2017771601676941,2,1,0.20532892644405365,2,1,0.2006743848323822,2,1,0.19497831165790558,2,1,0.19724026322364807
subject_13:sample_0000087,13,87,2,2,1,0,0,2,1,0.20168109238147736,2,1,0.2053932547569275,2,1,0.20035676658153534,2,1,0.1952674239873886,2,1,0.19730046391487122
subject_13:sample_0000088,13,88,2,2,1,0,0,2,1,0.20215770602226257,2,1,0.2053397297859192,2,1,0.20078615844249725,2,1,0.19512753188610077,2,1,0.196587935090065
subject_13:sample_0000089,13,89,2,2,1,0,0,2,1,0.2023722231388092,2,1,0.20512491464614868,2,1,0.20090922713279724,2,1,0.1952267289161682,2,1,0.19636598229408264
subject_13:sample_0000090,13,90,2,2,1,0,0,2,1,0.20284868776798248,2,1,0.2046724110841751,2,1,0.2014155387878418,2,1,0.19511060416698456,2,1,0.19595175981521606
subject_13:sample_0000091,13,91,2,2,1,0,0,2,1,0.2034039944410324,2,1,0.20404258370399475,2,1,0.20230825245380402,2,1,0.1948510855436325,2,1,0.19539307057857513
subject_13:sample_0000092,13,92,2,2,1,0,0,2,1,0.20377808809280396,2,1,0.20322535932064056,2,1,0.20307303965091705,2,1,0.19481036067008972,2,1,0.1951122134923935
subject_13:sample_0000093,13,93,2,2,1,0,0,2,1,0.20410385727882385,2,1,0.2023536115884781,2,1,0.20385801792144775,2,1,0.19475628435611725,2,1,0.19492726027965546
subject_13:sample_0000094,13,94,2,2,1,0,0,2,1,0.20425066351890564,2,1,0.2015375941991806,2,1,0.20441025495529175,2,1,0.1948671042919159,2,1,0.1949334442615509
subject_13:sample_0000095,13,95,2,2,1,2,1,2,1,0.20434033870697021,2,1,0.20066772401332855,2,1,0.20499980449676514,2,1,0.19497859477996826,2,1,0.195012629032135
subject_13:sample_0000096,13,96,2,2,1,2,1,2,1,0.20417320728302002,2,1,0.19941449165344238,2,1,0.20573021471500397,2,1,0.1952665150165558,2,1,0.19541457295417786
subject_13:sample_0000097,13,97,2,2,1,2,1,2,1,0.20271265506744385,2,1,0.19832149147987366,2,1,0.20637406408786774,2,1,0.19613826274871826,2,1,0.19645251333713531
subject_13:sample_0000098,13,98,2,2,1,2,1,2,1,0.20144023001194,2,1,0.19775041937828064,2,1,0.2064891904592514,2,1,0.19693365693092346,2,1,0.1973855346441269
subject_13:sample_0000099,13,99,2,2,1,2,1,2,1,0.2000732272863388,2,1,0.19765321910381317,2,1,0.20620287954807281,2,1,0.1976914256811142,2,1,0.19837833940982819
subject_13:sample_0000100,13,100,2,2,1,2,1,2,1,0.1994711458683014,2,1,0.197795107960701,2,1,0.2056393176317215,2,1,0.19812028110027313,2,1,0.1989731341600418
subject_13:sample_0000101,13,101,2,2,1,2,1,2,1,0.1992465704679489,2,1,0.19794385135173798,2,1,0.20529033243656158,2,1,0.1982571929693222,2,1,0.1992611289024353
subject_13:sample_0000102,13,102,2,2,1,2,1,2,1,0.19921891391277313,2,1,0.19807033240795135,2,1,0.20502495765686035,2,1,0.19830435514450073,2,1,0.19938050210475922
subject_13:sample_0000103,13,103,2,2,1,2,1,2,1,0.19914807379245758,2,1,0.19800817966461182,2,1,0.2054986208677292,2,1,0.1981062889099121,2,1,0.1992379128932953
subject_13:sample_0000104,13,104,2,2,1,2,1,2,1,0.19896075129508972,2,1,0.19801296293735504,2,1,0.2064724713563919,2,1,0.1976700872182846,2,1,0.19888272881507874
subject_13:sample_0000105,13,105,2,2,1,2,1,2,1,0.19859300553798676,2,1,0.1979781687259674,2,1,0.2081252634525299,2,1,0.19696533679962158,2,1,0.19833725690841675
subject_13:sample_0000106,13,106,2,2,1,2,1,2,1,0.198075532913208,2,1,0.1978076845407486,2,1,0.20970171689987183,2,1,0.1964307278394699,2,1,0.19798341393470764
subject_13:sample_0000107,13,107,2,2,1,2,1,2,1,0.19794097542762756,2,1,0.19763676822185516,2,1,0.21048304438591003,2,1,0.1962355524301529,2,1,0.19770273566246033
subject_13:sample_0000108,13,108,2,2,1,2,1,2,1,0.19801904261112213,2,1,0.1976468861103058,2,1,0.21055196225643158,2,1,0.19631336629390717,2,1,0.19746781885623932
subject_13:sample_0000109,13,109,2,2,1,2,1,2,1,0.1981063038110733,2,1,0.19776946306228638,2,1,0.21032065153121948,2,1,0.19654683768749237,2,1,0.19725584983825684
subject_13:sample_0000110,13,110,2,2,1,2,1,2,1,0.19826017320156097,2,1,0.19788259267807007,2,1,0.2099015712738037,2,1,0.19686147570610046,2,1,0.1970931738615036
subject_13:sample_0000111,13,111,2,2,1,2,1,2,1,0.1984744518995285,2,1,0.1977798342704773,2,1,0.20975534617900848,2,1,0.19709573686122894,2,1,0.19689369201660156
subject_13:sample_0000112,13,112,2,2,1,2,1,2,1,0.19856533408164978,2,1,0.1975884884595871,2,1,0.20943902432918549,2,1,0.1974829137325287,2,1,0.19692324101924896
subject_13:sample_0000113,13,113,2,2,1,2,1,2,1,0.19859179854393005,2,1,0.19732198119163513,2,1,0.20945972204208374,2,1,0.19767756760120392,2,1,0.19694800674915314
subject_13:sample_0000114,13,114,2,2,1,2,1,2,1,0.19862736761569977,2,1,0.19702257215976715,2,1,0.20943689346313477,2,1,0.19781097769737244,2,1,0.19710120558738708
subject_13:sample_0000115,13,115,2,2,1,2,1,2,1,0.19860222935676575,2,1,0.1967860758304596,2,1,0.20950071513652802,2,1,0.19777636229991913,2,1,0.1973336637020111
subject_13:sample_0000116,13,116,2,2,1,2,1,2,1,0.19846470654010773,2,1,0.19667594134807587,2,1,0.20961497724056244,2,1,0.19768968224525452,2,1,0.19755370914936066
subject_13:sample_0000117,13,117,2,2,1,2,1,2,1,0.19830206036567688,2,1,0.19673393666744232,2,1,0.20942361652851105,2,1,0.19774229824543,2,1,0.19779716432094574
subject_13:sample_0000118,13,118,2,2,1,2,1,2,1,0.19829624891281128,2,1,0.19689592719078064,2,1,0.20874588191509247,2,1,0.19796708226203918,2,1,0.19809392094612122
subject_13:sample_0000119,13,119,2,2,1,2,1,2,1,0.19846732914447784,2,1,0.19703860580921173,2,1,0.20792487263679504,2,1,0.1982307732105255,2,1,0.19833745062351227
subject_13:sample_0000120,13,120,2,2,1,2,1,2,1,0.19873003661632538,2,1,0.19711178541183472,2,1,0.20701172947883606,2,1,0.19855882227420807,2,1,0.19858664274215698
subject_13:sample_0000121,13,121,2,2,1,2,1,2,1,0.19930851459503174,2,1,0.19742965698242188,2,1,0.20485247671604156,2,1,0.19926971197128296,2,1,0.19913865625858307
subject_13:sample_0000122,13,122,2,2,1,2,1,2,1,0.2001388520002365,2,1,0.19801710546016693,2,1,0.201724573969841,2,1,0.20017018914222717,2,1,0.1999482363462448
subject_13:sample_0000123,13,123,2,2,1,2,1,2,1,0.20058926939964294,2,1,0.19813452661037445,2,1,0.200229674577713,2,1,0.20064488053321838,2,1,0.20040062069892883
subject_13:sample_0000124,13,124,2,2,1,2,1,2,1,0.20111945271492004,2,1,0.1983119249343872,2,1,0.1985236406326294,2,1,0.2011399269104004,2,1,0.20090407133102417
subject_13:sample_0000125,13,125,2,2,1,2,1,2,1,0.2016117423772812,2,1,0.19854429364204407,2,1,0.19731368124485016,2,1,0.20135097205638885,2,1,0.20117834210395813
subject_13:sample_0000126,13,126,2,2,1,2,1,2,1,0.20223861932754517,2,1,0.19867782294750214,2,1,0.19649702310562134,2,1,0.2013176679611206,2,1,0.20126791298389435
subject_13:sample_0000127,13,127,2,2,1,2,1,2,1,0.20327074825763702,2,1,0.19868162274360657,2,1,0.19570812582969666,2,1,0.20110267400741577,2,1,0.2012358456850052
subject_13:sample_0000128,13,128,2,2,1,2,1,2,1,0.20413914322853088,2,1,0.19841307401657104,2,1,0.195113867521286,2,1,0.20096799731254578,2,1,0.20136502385139465
subject_13:sample_0000129,13,129,2,2,1,2,1,2,1,0.20492826402187347,2,1,0.19831788539886475,2,1,0.19460365176200867,2,1,0.20064052939414978,2,1,0.20150870084762573
subject_13:sample_0000130,13,130,2,2,1,2,1,2,1,0.20548243820667267,2,1,0.19850817322731018,2,1,0.19427472352981567,2,1,0.2001039683818817,2,1,0.20162969827651978
subject_13:sample_0000131,13,131,2,2,1,2,1,2,1,0.2063830941915512,2,1,0.19881504774093628,2,1,0.1946399062871933,2,1,0.1987863928079605,2,1,0.2013746201992035
subject_13:sample_0000132,13,132,2,2,1,2,1,2,1,0.20756742358207703,2,1,0.19973179697990417,2,1,0.19585426151752472,2,1,0.19759991765022278,2,1,0.1992456018924713
subject_13:sample_0000133,13,133,2,2,1,2,1,2,1,0.20842532813549042,2,1,0.20013746619224548,2,1,0.19669237732887268,2,1,0.19713161885738373,2,1,0.19761225581169128
subject_13:sample_0000134,13,134,2,2,1,2,1,2,1,0.20960290729999542,2,1,0.19950564205646515,2,1,0.19701731204986572,2,1,0.1967593878507614,2,1,0.19711370766162872
subject_13:sample_0000135,13,135,2,2,1,2,1,2,1,0.21149055659770966,2,1,0.1987001746892929,2,1,0.19682654738426208,2,1,0.19631651043891907,2,1,0.19666524231433868
subject_13:sample_0000136,13,136,2,2,1,2,1,2,1,0.2132653146982193,2,1,0.19800037145614624,2,1,0.19662488996982574,2,1,0.19587178528308868,2,1,0.19623668491840363
subject_13:sample_0000137,13,137,2,2,1,2,1,2,1,0.21470926702022552,2,1,0.19762061536312103,2,1,0.19610054790973663,2,1,0.19560731947422028,2,1,0.19596128165721893
subject_13:sample_0000138,13,138,2,2,1,2,1,2,1,0.21670593321323395,2,1,0.19731175899505615,2,1,0.19489440321922302,2,1,0.19538408517837524,2,1,0.19570288062095642
subject_13:sample_0000139,13,139,2,2,1,2,1,2,1,0.2170775979757309,2,1,0.19783037900924683,2,1,0.19370275735855103,2,1,0.19567333161830902,2,1,0.19571496546268463
subject_13:sample_0000140,13,140,2,2,1,2,1,2,1,0.2169904261827469,2,1,0.19809606671333313,2,1,0.19336442649364471,2,1,0.19584773480892181,2,1,0.19570033252239227
subject_13:sample_0000141,13,141,2,2,1,2,1,2,1,0.21621480584144592,2,1,0.19842085242271423,2,1,0.19355295598506927,2,1,0.19606807827949524,2,1,0.19574235379695892
subject_13:sample_0000142,13,142,2,2,1,2,1,2,1,0.21420495212078094,2,1,0.19913193583488464,2,1,0.19412288069725037,2,1,0.19654376804828644,2,1,0.19599549472332
subject_13:sample_0000143,13,143,2,2,1,2,1,2,1,0.2108575850725174,2,1,0.20049673318862915,2,1,0.19444356858730316,2,1,0.1975853443145752,2,1,0.19661583006381989
subject_13:sample_0000144,13,144,2,2,1,2,1,2,1,0.20813819766044617,2,1,0.20156657695770264,2,1,0.19436879456043243,2,1,0.1986093968153,2,1,0.1973160058259964
subject_13:sample_0000145,13,145,2,2,1,2,1,2,1,0.20593871176242828,2,1,0.20170940458774567,2,1,0.1935870200395584,2,1,0.1996006816625595,2,1,0.19916322827339172
subject_13:sample_0000146,13,146,2,2,1,2,1,2,1,0.2038387507200241,2,1,0.20088887214660645,2,1,0.19225795567035675,2,1,0.2007654458284378,2,1,0.2022479623556137
subject_13:sample_0000147,13,147,2,2,1,2,1,2,1,0.20334161818027496,2,1,0.20123325288295746,2,1,0.19242516160011292,2,1,0.20129787921905518,2,1,0.20170113444328308
subject_13:sample_0000148,13,148,2,2,1,2,1,2,1,0.20317548513412476,2,1,0.2019146978855133,2,1,0.19333548843860626,2,1,0.2006860226392746,2,1,0.2008872926235199
subject_13:sample_0000149,13,149,2,2,1,2,1,2,1,0.20264932513237,2,1,0.2023560255765915,2,1,0.1944616734981537,2,1,0.2001570165157318,2,1,0.2003750205039978
subject_13:sample_0000150,13,150,2,2,1,2,1,2,1,0.20193099975585938,2,1,0.20257335901260376,2,1,0.1955302655696869,2,1,0.19985845685005188,2,1,0.20010598003864288
subject_13:sample_0000151,13,151,2,2,1,2,1,2,1,0.20137938857078552,2,1,0.20275938510894775,2,1,0.1962594836950302,2,1,0.19965147972106934,2,1,0.19994927942752838
subject_13:sample_0000152,13,152,2,2,1,2,1,2,1,0.20092615485191345,2,1,0.20293349027633667,2,1,0.19685930013656616,2,1,0.1994694620370865,2,1,0.19981059432029724
subject_13:sample_0000153,13,153,2,2,1,2,1,2,1,0.20048993825912476,2,1,0.203129380941391,2,1,0.19741356372833252,2,1,0.19932174682617188,2,1,0.19964443147182465
subject_13:sample_0000154,13,154,2,2,1,2,1,2,1,0.20009809732437134,2,1,0.20335286855697632,2,1,0.1978960484266281,2,1,0.19917066395282745,2,1,0.1994813084602356
subject_13:sample_0000155,13,155,2,2,1,2,1,2,1,0.19971568882465363,2,1,0.20351764559745789,2,1,0.198331817984581,2,1,0.19906271994113922,2,1,0.1993711292743683
subject_13:sample_0000156,13,156,2,2,1,2,1,2,1,0.1994457244873047,2,1,0.20383687317371368,2,1,0.19860945641994476,2,1,0.1988869607448578,2,1,0.1992199718952179
subject_13:sample_0000157,13,157,2,2,1,2,1,2,1,0.19930171966552734,2,1,0.20416182279586792,2,1,0.19876621663570404,2,1,0.1986788958311081,2,1,0.1990903615951538
subject_13:sample_0000158,13,158,2,2,1,2,1,2,1,0.19921988248825073,2,1,0.20456115901470184,2,1,0.1988188922405243,2,1,0.19846327602863312,2,1,0.19893580675125122
subject_13:sample_0000159,13,159,2,2,1,2,1,2,1,0.19916851818561554,2,1,0.20497818291187286,2,1,0.198827862739563,2,1,0.19825902581214905,2,1,0.19876545667648315
subject_13:sample_0000160,13,160,2,2,1,2,1,2,1,0.19914361834526062,2,1,0.2053128331899643,2,1,0.19883763790130615,2,1,0.1980828046798706,2,1,0.19862206280231476
subject_13:sample_0000161,13,161,2,2,1,2,1,2,1,0.19910818338394165,2,1,0.20565840601921082,2,1,0.19881492853164673,2,1,0.1979183852672577,2,1,0.19849911332130432
subject_13:sample_0000162,13,162,2,2,1,2,1,2,1,0.19908122718334198,2,1,0.20594607293605804,2,1,0.19877925515174866,2,1,0.19778233766555786,2,1,0.19841016829013824
subject_13:sample_0000163,13,163,2,2,1,2,1,2,1,0.19899947941303253,2,1,0.20627422630786896,2,1,0.19872181117534637,2,1,0.19766131043434143,2,1,0.1983421891927719
subject_13:sample_0000164,13,164,2,2,1,2,1,2,1,0.19890211522579193,2,1,0.20649245381355286,2,1,0.19869130849838257,2,1,0.1975850909948349,2,1,0.19832806289196014
subject_13:sample_0000165,13,165,2,2,1,2,1,2,1,0.19879980385303497,2,1,0.20665059983730316,2,1,0.19867739081382751,2,1,0.19751916825771332,2,1,0.19835208356380463
subject_13:sample_0000166,13,166,2,2,1,2,1,2,1,0.19882294535636902,2,1,0.20662374794483185,2,1,0.19860312342643738,2,1,0.19742858409881592,2,1,0.19852058589458466
subject_13:sample_0000167,13,167,2,2,1,2,1,2,1,0.1988571584224701,2,1,0.20660339295864105,2,1,0.1985587179660797,2,1,0.19736087322235107,2,1,0.19861887395381927
subject_13:sample_0000168,13,168,2,2,1,2,1,2,1,0.19894644618034363,2,1,0.20651653409004211,2,1,0.1985686868429184,2,1,0.19734276831150055,2,1,0.1986245959997177
subject_13:sample_0000169,13,169,2,2,1,2,1,2,1,0.19897691905498505,2,1,0.20642240345478058,2,1,0.19858573377132416,2,1,0.19731977581977844,2,1,0.19869422912597656
subject_13:sample_0000170,13,170,2,2,1,2,1,2,1,0.19892047345638275,2,1,0.20632830262184143,2,1,0.19863829016685486,2,1,0.19730030000209808,2,1,0.19881173968315125
subject_13:sample_0000171,13,171,2,2,1,2,1,2,1,0.1985236406326294,2,1,0.2062482386827469,2,1,0.19886520504951477,2,1,0.1973862200975418,2,1,0.19897575676441193
subject_13:sample_0000172,13,172,2,2,1,2,1,2,1,0.1984274536371231,2,1,0.20598803460597992,2,1,0.19906191527843475,2,1,0.19743631780147552,2,1,0.1990852952003479
subject_13:sample_0000173,13,173,2,2,1,2,1,2,1,0.1985524445772171,2,1,0.20565880835056305,2,1,0.19923833012580872,2,1,0.19744564592838287,2,1,0.19910378754138947
subject_13:sample_0000174,13,174,2,2,1,2,1,2,1,0.19896501302719116,2,1,0.20513583719730377,2,1,0.1993907392024994,2,1,0.197440966963768,2,1,0.19906646013259888
subject_13:sample_0000175,13,175,2,2,1,2,1,2,1,0.19965611398220062,2,1,0.20448461174964905,2,1,0.1994699239730835,2,1,0.19743618369102478,2,1,0.19895216822624207
subject_13:sample_0000176,13,176,2,2,1,2,1,2,1,0.20027288794517517,2,1,0.20380733907222748,2,1,0.19953252375125885,2,1,0.197567880153656,2,1,0.1988183706998825
subject_13:sample_0000177,13,177,2,2,1,2,1,2,1,0.2003275752067566,2,1,0.20325985550880432,2,1,0.1996280550956726,2,1,0.19800056517124176,2,1,0.1987829953432083
subject_13:sample_0000178,13,178,2,2,1,2,1,2,1,0.1998322308063507,2,1,0.20293399691581726,2,1,0.19974558055400848,2,1,0.19855596125125885,2,1,0.19893129169940948
subject_13:sample_0000179,13,179,2,2,1,2,1,2,1,0.1990189105272293,2,1,0.20289523899555206,2,1,0.1997179388999939,2,1,0.19887493550777435,2,1,0.19949199259281158
subject_13:sample_0000180,13,180,2,2,1,2,1,2,1,0.19839681684970856,2,1,0.20323769748210907,2,1,0.19918318092823029,2,1,0.198886439204216,2,1,0.2002948522567749
subject_13:sample_0000181,13,181,2,2,1,2,1,2,1,0.19817280769348145,2,1,0.2041899859905243,2,1,0.19821642339229584,2,1,0.19885142147541046,2,1,0.20056840777397156
subject_13:sample_0000182,13,182,2,2,1,2,1,2,1,0.1982044279575348,2,1,0.20562802255153656,2,1,0.1971627175807953,2,1,0.19864985346794128,2,1,0.20035399496555328
subject_13:sample_0000183,13,183,2,2,1,2,1,2,1,0.1982104778289795,2,1,0.2070941925048828,2,1,0.19666962325572968,2,1,0.1981939673423767,2,1,0.1998307704925537
subject_13:sample_0000184,13,184,2,2,1,2,1,2,1,0.198018878698349,2,1,0.2083790898323059,2,1,0.19656048715114594,2,1,0.19772513210773468,2,1,0.19931545853614807
subject_13:sample_0000185,13,185,2,2,1,2,1,2,1,0.19810619950294495,2,1,0.20884765684604645,2,1,0.19640159606933594,2,1,0.19753937423229218,2,1,0.19910414516925812
subject_13:sample_0000186,13,186,2,2,1,2,1,2,1,0.19845931231975555,2,1,0.20903566479682922,2,1,0.19630904495716095,2,1,0.19732245802879333,2,1,0.19887255132198334
subject_13:sample_0000187,13,187,2,2,1,2,1,2,1,0.19954180717468262,2,1,0.20875424146652222,2,1,0.19615738093852997,2,1,0.19702790677547455,2,1,0.19851775467395782
subject_13:sample_0000188,13,188,2,2,1,2,1,2,1,0.2011265754699707,2,1,0.20811688899993896,2,1,0.19593104720115662,2,1,0.1966700404882431,2,1,0.19815446436405182
subject_13:sample_0000189,13,189,2,2,1,2,1,2,1,0.20267973840236664,2,1,0.20732776820659637,2,1,0.1957041621208191,2,1,0.19639423489570618,2,1,0.1978931725025177
subject_13:sample_0000190,13,190,2,2,1,2,1,2,1,0.20452016592025757,2,1,0.2064100056886673,2,1,0.19556021690368652,2,1,0.19599087536334991,2,1,0.1975177377462387
subject_13:sample_0000191,13,191,2,2,1,2,1,2,1,0.2062094658613205,2,1,0.20550081133842468,2,1,0.19546058773994446,2,1,0.19563376903533936,2,1,0.19719435274600983
subject_13:sample_0000192,13,192,2,2,1,2,1,2,1,0.20788037776947021,2,1,0.20468513667583466,2,1,0.19525735080242157,2,1,0.1952810138463974,2,1,0.19689518213272095
subject_13:sample_0000193,13,193,2,2,1,2,1,2,1,0.20887281000614166,2,1,0.20386368036270142,2,1,0.19523954391479492,2,1,0.19516518712043762,2,1,0.19685785472393036
subject_13:sample_0000194,13,194,2,2,1,2,1,2,1,0.20929788053035736,2,1,0.20291343331336975,2,1,0.1954379677772522,2,1,0.19528056681156158,2,1,0.19706913828849792
subject_13:sample_0000195,13,195,2,2,1,2,1,2,1,0.2091568112373352,2,1,0.20239070057868958,2,1,0.1956595927476883,2,1,0.1954534947872162,2,1,0.19733843207359314
subject_13:sample_0000196,13,196,2,2,1,2,1,2,1,0.209220290184021,2,1,0.20124445855617523,2,1,0.19604943692684174,2,1,0.19577078521251678,2,1,0.19771413505077362
subject_13:sample_0000197,13,197,2,2,1,2,1,2,1,0.2092159539461136,2,1,0.19944460690021515,2,1,0.1967032253742218,2,1,0.19630104303359985,2,1,0.19833417236804962
subject_13:sample_0000198,13,198,2,2,1,2,1,2,1,0.20916005969047546,2,1,0.19805172085762024,2,1,0.19722957909107208,2,1,0.19672374427318573,2,1,0.1988338977098465
subject_13:sample_0000199,13,199,2,2,1,2,1,2,1,0.20892129838466644,2,1,0.19734223186969757,2,1,0.19757649302482605,2,1,0.1970163881778717,2,1,0.19914259016513824
subject_13:sample_0000200,13,200,2,2,1,2,1,2,1,0.20872701704502106,2,1,0.19694772362709045,2,1,0.19775982201099396,2,1,0.1972375512123108,2,1,0.19932688772678375
subject_13:sample_0000201,13,201,2,2,1,2,1,2,1,0.20818805694580078,2,1,0.19683505594730377,2,1,0.19795656204223633,2,1,0.19748663902282715,2,1,0.19953270256519318
subject_13:sample_0000202,13,202,2,2,1,2,1,2,1,0.20785975456237793,2,1,0.1967223435640335,2,1,0.19812729954719543,2,1,0.19764336943626404,2,1,0.1996462643146515
subject_13:sample_0000203,13,203,2,2,1,2,1,2,1,0.20751595497131348,2,1,0.19671756029129028,2,1,0.1982235163450241,2,1,0.19778628647327423,2,1,0.1997557431459427
subject_13:sample_0000204,13,204,2,2,1,2,1,2,1,0.20719677209854126,2,1,0.19678708910942078,2,1,0.19828040897846222,2,1,0.19789725542068481,2,1,0.19983752071857452
subject_13:sample_0000205,13,205,2,2,1,2,1,2,1,0.2067527323961258,2,1,0.19675210118293762,2,1,0.1984238475561142,2,1,0.19808140397071838,2,1,0.19998890161514282
subject_13:sample_0000206,13,206,2,2,1,2,1,2,1,0.20635591447353363,2,1,0.1966077834367752,2,1,0.19858701527118683,2,1,0.19828760623931885,2,1,0.20016072690486908
subject_13:sample_0000207,13,207,2,2,1,2,1,2,1,0.20591698586940765,2,1,0.19660811126232147,2,1,0.19873513281345367,2,1,0.19843722879886627,2,1,0.20030158758163452
subject_13:sample_0000208,13,208,2,2,1,2,1,2,1,0.20549048483371735,2,1,0.19660966098308563,2,1,0.1989162415266037,2,1,0.19856765866279602,2,1,0.20041504502296448
subject_13:sample_0000209,13,209,2,2,1,2,1,2,1,0.2049720287322998,2,1,0.19659234583377838,2,1,0.1992197185754776,2,1,0.19870434701442719,2,1,0.20051062107086182
subject_13:sample_0000210,13,210,2,2,1,2,1,2,1,0.20406918227672577,2,1,0.1966855525970459,2,1,0.19966673851013184,2,1,0.19889815151691437,2,1,0.20067939162254333
subject_13:sample_0000211,13,211,2,2,1,2,1,2,1,0.20311839878559113,2,1,0.1968611776828766,2,1,0.20011506974697113,2,1,0.19902350008487701,2,1,0.20088090002536774
subject_13:sample_0000212,13,212,2,2,1,2,1,2,1,0.2022128701210022,2,1,0.19708263874053955,2,1,0.20044681429862976,2,1,0.19916337728500366,2,1,0.20109328627586365
subject_13:sample_0000213,13,213,2,2,1,2,1,2,1,0.20155224204063416,2,1,0.19729885458946228,2,1,0.20058514177799225,2,1,0.19928286969661713,2,1,0.20128001272678375
subject_13:sample_0000214,13,214,2,2,1,2,1,2,1,0.2011355459690094,2,1,0.19764286279678345,2,1,0.20035521686077118,2,1,0.1993309110403061,2,1,0.2015344649553299
subject_13:sample_0000215,13,215,2,2,1,2,1,2,1,0.20096206665039062,2,1,0.19798026978969574,2,1,0.19992561638355255,2,1,0.1993836611509323,2,1,0.20174738764762878
subject_13:sample_0000216,13,216,2,2,1,2,1,2,1,0.20085808634757996,2,1,0.198348268866539,2,1,0.19940970838069916,2,1,0.19944582879543304,2,1,0.20193712413311005
subject_13:sample_0000217,13,217,2,2,1,2,1,2,1,0.2008807510137558,2,1,0.19872355461120605,2,1,0.19880208373069763,2,1,0.1994984894990921,2,1,0.2020941823720932
subject_13:sample_0000218,13,218,2,2,1,2,1,2,1,0.20115110278129578,2,1,0.19911150634288788,2,1,0.19803950190544128,2,1,0.19951333105564117,2,1,0.2021835446357727
subject_13:sample_0000219,13,219,2,2,1,2,1,2,1,0.20125998556613922,2,1,0.1994391828775406,2,1,0.19746191799640656,2,1,0.19956587255001068,2,1,0.20227211713790894
subject_13:sample_0000220,13,220,2,2,1,2,1,2,1,0.20131738483905792,2,1,0.19978830218315125,2,1,0.1970074623823166,2,1,0.1995139867067337,2,1,0.20237189531326294
subject_13:sample_0000221,13,221,2,2,1,2,1,2,1,0.2013407200574875,2,1,0.2000875622034073,2,1,0.19672022759914398,2,1,0.1993863880634308,2,1,0.20246419310569763
subject_13:sample_0000222,13,222,2,2,1,2,1,2,1,0.20120707154273987,2,1,0.2003626525402069,2,1,0.19651541113853455,2,1,0.19934888184070587,2,1,0.2025650143623352
subject_13:sample_0000223,13,223,2,2,1,2,1,2,1,0.20087173581123352,2,1,0.20059098303318024,2,1,0.1963328868150711,2,1,0.19953034818172455,2,1,0.20267312228679657
subject_13:sample_0000224,13,224,2,2,1,2,1,2,1,0.20080529153347015,2,1,0.20080532133579254,2,1,0.19600696861743927,2,1,0.19967637956142426,2,1,0.2027050256729126
subject_13:sample_0000225,13,225,2,2,1,2,1,2,1,0.2010047286748886,2,1,0.20096951723098755,2,1,0.19565272331237793,2,1,0.19972044229507446,2,1,0.20265164971351624
subject_13:sample_0000226,13,226,2,2,1,2,1,2,1,0.20130138099193573,2,1,0.20121322572231293,2,1,0.1951848864555359,2,1,0.19966256618499756,2,1,0.2026369571685791
subject_13:sample_0000227,13,227,2,2,1,2,1,2,1,0.20145666599273682,2,1,0.2014540284872055,2,1,0.19478006660938263,2,1,0.19961944222450256,2,1,0.20268887281417847
subject_13:sample_0000228,13,228,2,2,1,2,1,2,1,0.20157895982265472,2,1,0.20173464715480804,2,1,0.1944146603345871,2,1,0.19955188035964966,2,1,0.20271891355514526
subject_13:sample_0000229,13,229,2,2,1,2,1,2,1,0.20172998309135437,2,1,0.2019842267036438,2,1,0.1940922886133194,2,1,0.1994563490152359,2,1,0.20273621380329132
subject_13:sample_0000230,13,230,2,2,1,2,1,2,1,0.20184825360774994,2,1,0.20219367742538452,2,1,0.19385851919651031,2,1,0.1994020640850067,2,1,0.2026965320110321
subject_13:sample_0000231,13,231,2,2,1,2,1,2,1,0.20196866989135742,2,1,0.2024393528699875,2,1,0.19366933405399323,2,1,0.1993643045425415,2,1,0.20255742967128754
subject_13:sample_0000232,13,232,2,2,1,2,1,2,1,0.20202411711215973,2,1,0.20251578092575073,2,1,0.19361449778079987,2,1,0.19935481250286102,2,1,0.20248985290527344
subject_13:sample_0000233,13,233,2,2,1,2,1,2,1,0.20208577811717987,2,1,0.20257872343063354,2,1,0.1935485154390335,2,1,0.1993514895439148,2,1,0.20243452489376068
subject_13:sample_0000234,13,234,2,2,1,2,1,2,1,0.20209433138370514,2,1,0.20258893072605133,2,1,0.19346748292446136,2,1,0.19935175776481628,2,1,0.2024965137243271
subject_13:sample_0000235,13,235,1,1,1,1,1,1,1,0.19150488078594208,1,1,0.19381602108478546,1,1,0.22072100639343262,1,1,0.19816109538078308,1,1,0.19579602777957916
subject_13:sample_0000236,13,236,1,1,1,1,1,1,1,0.19074413180351257,1,1,0.19358545541763306,1,1,0.22183386981487274,1,1,0.19823530316352844,1,1,0.19560033082962036
subject_13:sample_0000237,13,237,1,1,1,1,1,1,1,0.1899554580450058,1,1,0.1932363063097,1,1,0.22350840270519257,1,1,0.19810815155506134,1,1,0.19519071280956268
subject_13:sample_0000238,13,238,1,1,1,1,1,1,1,0.1894444078207016,1,1,0.19303877651691437,1,1,0.22476008534431458,1,1,0.19794127345085144,1,1,0.1948145180940628
subject_13:sample_0000239,13,239,1,1,1,1,1,1,1,0.18941399455070496,1,1,0.19307184219360352,1,1,0.22519001364707947,1,1,0.19772012531757355,1,1,0.1946030855178833
subject_13:sample_0000240,13,240,1,1,1,1,1,1,1,0.189298614859581,1,1,0.19331377744674683,1,1,0.22544655203819275,1,1,0.19740542769432068,1,1,0.19453468918800354
subject_13:sample_0000241,13,241,1,1,1,1,1,1,1,0.18946745991706848,1,1,0.1937273144721985,1,1,0.22532151639461517,1,1,0.19703885912895203,1,1,0.19444391131401062
subject_13:sample_0000242,13,242,1,1,1,1,1,1,1,0.1897842437028885,1,1,0.19427122175693512,1,1,0.22503253817558289,1,1,0.19662515819072723,1,1,0.19428589940071106
subject_13:sample_0000243,13,243,1,1,1,1,1,1,1,0.19058366119861603,1,1,0.19467152655124664,1,1,0.22451432049274445,1,1,0.1961858570575714,1,1,0.19404375553131104
subject_13:sample_0000244,13,244,1,1,1,1,1,1,1,0.1914379596710205,1,1,0.19501186907291412,1,1,0.22396081686019897,1,1,0.19579096138477325,1,1,0.19379743933677673
subject_13:sample_0000245,13,245,1,1,1,1,1,1,1,0.1923675239086151,1,1,0.19516342878341675,1,1,0.22334493696689606,1,1,0.19553042948246002,1,1,0.19359271228313446
subject_13:sample_0000246,13,246,1,1,1,1,1,1,1,0.19295738637447357,1,1,0.19549083709716797,1,1,0.22278982400894165,1,1,0.1953289955854416,1,1,0.19343197345733643
subject_13:sample_0000247,13,247,1,1,1,1,1,1,1,0.19364693760871887,1,1,0.19565534591674805,1,1,0.2222699373960495,1,1,0.19516195356845856,1,1,0.1932648867368698
subject_13:sample_0000248,13,248,1,1,1,1,1,1,1,0.19414938986301422,1,1,0.19587720930576324,1,1,0.2217959612607956,1,1,0.19504140317440033,1,1,0.1931351125240326
subject_13:sample_0000249,13,249,1,1,1,1,1,1,1,0.19459407031536102,1,1,0.1961033046245575,1,1,0.22120989859104156,1,1,0.19499589502811432,1,1,0.19309592247009277
subject_13:sample_0000250,13,250,1,1,1,1,1,1,1,0.19498632848262787,1,1,0.19627733528614044,1,1,0.22068990767002106,1,1,0.19494687020778656,1,1,0.19309858977794647
subject_13:sample_0000251,13,251,1,1,1,1,1,1,1,0.19517944753170013,1,1,0.1964377611875534,1,1,0.2203136384487152,1,1,0.19492898881435394,1,1,0.19313913583755493
subject_13:sample_0000252,13,252,1,1,1,1,1,1,1,0.19531430304050446,1,1,0.19655445218086243,1,1,0.2199641913175583,1,1,0.1949324756860733,1,1,0.1932336539030075
subject_13:sample_0000253,13,253,1,1,1,1,1,1,1,0.19545133411884308,1,1,0.19662761688232422,1,1,0.2195388525724411,1,1,0.19499129056930542,1,1,0.19338996708393097
subject_13:sample_0000254,13,254,1,1,1,1,1,1,1,0.19584383070468903,1,1,0.19692526757717133,1,1,0.2180778980255127,1,1,0.1953161507844925,1,1,0.19383594393730164
subject_13:sample_0000255,13,255,1,1,1,1,1,1,1,0.19634923338890076,1,1,0.19724015891551971,1,1,0.21649153530597687,1,1,0.19566889107227325,1,1,0.19424915313720703
subject_13:sample_0000256,13,256,1,1,1,1,1,1,1,0.19672484695911407,1,1,0.1974366009235382,1,1,0.21532969176769257,1,1,0.19591917097568512,1,1,0.19458869099617004
subject_13:sample_0000257,13,257,1,1,1,1,1,1,1,0.19675156474113464,1,1,0.19754260778427124,1,1,0.2148202806711197,1,1,0.1960781365633011,1,1,0.19480639696121216
subject_13:sample_0000258,13,258,1,1,1,1,1,1,1,0.1965164989233017,1,1,0.19771750271320343,1,1,0.21443359553813934,1,1,0.19629442691802979,1,1,0.19503694772720337
subject_13:sample_0000259,13,259,1,1,1,1,1,1,1,0.19624963402748108,1,1,0.1978839784860611,1,1,0.21395915746688843,1,1,0.19657005369663239,1,1,0.1953362226486206
subject_13:sample_0000260,13,260,1,1,1,1,1,1,1,0.19606353342533112,1,1,0.19796128571033478,0,0,0.21350553631782532,1,1,0.1968306005001068,1,1,0.19563809037208557
subject_13:sample_0000261,13,261,1,1,1,1,1,1,1,0.1960802525281906,1,1,0.1980539709329605,0,0,0.21273954212665558,1,1,0.19713185727596283,1,1,0.19599337875843048
subject_13:sample_0000262,13,262,1,1,1,1,1,1,1,0.19636234641075134,1,1,0.19803522527217865,0,0,0.211868017911911,1,1,0.19732889533042908,1,1,0.19640447199344635
subject_13:sample_0000263,13,263,1,1,1,1,1,1,1,0.1970916986465454,1,1,0.19801241159439087,0,0,0.2108023315668106,1,1,0.19729086756706238,1,1,0.19680175185203552
subject_13:sample_0000264,13,264,1,1,1,1,1,1,1,0.19867736101150513,1,1,0.19811713695526123,0,0,0.20945684611797333,1,1,0.1968103051185608,1,1,0.19693739712238312
subject_13:sample_0000265,13,265,1,1,1,1,1,1,1,0.20044346153736115,1,1,0.19866299629211426,0,0,0.2080601304769516,1,1,0.19621962308883667,1,1,0.19661284983158112
subject_13:sample_0000266,13,266,1,1,1,1,1,1,1,0.20167577266693115,1,1,0.19919440150260925,0,0,0.20711064338684082,1,1,0.19593505561351776,1,1,0.19608311355113983
subject_13:sample_0000267,13,267,1,1,1,1,1,1,1,0.2026599645614624,1,1,0.1988774538040161,0,0,0.2068282961845398,1,1,0.19594882428646088,1,1,0.19568444788455963
subject_13:sample_0000268,13,268,1,1,1,1,1,1,1,0.20256955921649933,1,1,0.1976868361234665,0,0,0.20756199955940247,1,1,0.1960913985967636,1,1,0.1960892379283905
subject_13:sample_0000269,13,269,1,1,1,1,1,1,1,0.20272761583328247,1,1,0.1975158303976059,1,1,0.20791228115558624,1,1,0.19749537110328674,1,1,0.19434796273708344
subject_13:sample_0000270,13,270,1,1,1,1,1,1,1,0.19738538563251495,1,1,0.19208776950836182,1,1,0.20986363291740417,1,1,0.19462183117866516,1,1,0.20604047179222107
subject_13:sample_0000271,13,271,1,1,1,1,1,1,1,0.19420363008975983,1,1,0.18897823989391327,0,0,0.21344688534736633,1,1,0.19531512260437012,1,1,0.20805515348911285
subject_13:sample_0000272,13,272,1,1,1,1,1,1,1,0.19109544157981873,1,1,0.1864132583141327,0,0,0.21481336653232574,1,1,0.19783474504947662,0,0,0.2098422646522522
subject_13:sample_0000273,13,273,1,1,1,1,1,1,1,0.18772754073143005,1,1,0.1840338259935379,0,0,0.21546800434589386,1,1,0.2011149376630783,0,0,0.2116546779870987
subject_13:sample_0000274,13,274,1,1,1,1,1,1,1,0.18323667347431183,1,1,0.18143856525421143,0,0,0.21640275418758392,1,1,0.20609143376350403,0,0,0.21282953023910522
subject_13:sample_0000275,13,275,1,1,1,1,1,1,1,0.1799815595149994,1,1,0.17984077334403992,0,0,0.21709807217121124,1,1,0.20949789881706238,0,0,0.21358074247837067
subject_13:sample_0000276,13,276,1,1,1,0,0,1,1,0.17919501662254333,1,1,0.1788962334394455,0,0,0.21614423394203186,0,0,0.21202364563941956,0,0,0.21373988687992096
subject_13:sample_0000277,13,277,1,1,1,0,0,1,1,0.18384116888046265,1,1,0.1791330873966217,0,0,0.21368056535720825,0,0,0.21122892200946808,0,0,0.21211527287960052
subject_13:sample_0000278,13,278,1,1,1,0,0,1,1,0.18811418116092682,1,1,0.1811954826116562,0,0,0.21125802397727966,0,0,0.20973053574562073,0,0,0.2097007781267166
subject_13:sample_0000279,13,279,1,1,1,0,0,1,1,0.18881697952747345,1,1,0.18270044028759003,0,0,0.21048575639724731,0,0,0.20921291410923004,0,0,0.20878297090530396
subject_13:sample_0000280,13,280,1,1,1,0,0,1,1,0.19027212262153625,1,1,0.18336644768714905,0,0,0.2097848504781723,0,0,0.20863328874111176,0,0,0.20794233679771423
subject_13:sample_0000281,13,281,1,0,0,0,0,1,1,0.1945868283510208,1,1,0.1829543560743332,0,0,0.20849639177322388,0,0,0.2074688971042633,0,0,0.2064926028251648
subject_13:sample_0000282,13,282,1,0,0,0,0,0,0,0.19797055423259735,1,1,0.18266117572784424,0,0,0.20747913420200348,0,0,0.206548810005188,0,0,0.2053394317626953
subject_13:sample_0000283,13,283,1,0,0,0,0,0,0,0.19914299249649048,1,1,0.18272967636585236,0,0,0.20709705352783203,0,0,0.20611411333084106,0,0,0.20491522550582886
subject_13:sample_0000284,13,284,1,0,0,0,0,0,0,0.1992662101984024,1,1,0.18304115533828735,0,0,0.20695145428180695,0,0,0.20594343543052673,0,0,0.20479677617549896
subject_13:sample_0000285,13,285,1,0,0,0,0,0,0,0.19847677648067474,1,1,0.18349097669124603,0,0,0.20704026520252228,0,0,0.2060382068157196,0,0,0.20495276153087616
subject_13:sample_0000286,13,286,1,0,0,0,0,0,0,0.1985829472541809,1,1,0.1841842532157898,0,0,0.2067154496908188,0,0,0.20577237010002136,0,0,0.20474395155906677
subject_13:sample_0000287,13,287,1,0,0,0,0,0,0,0.19659364223480225,1,1,0.18513673543930054,0,0,0.207023024559021,0,0,0.20608019828796387,0,0,0.20516549050807953
subject_13:sample_0000288,13,288,1,0,0,0,0,1,1,0.19378674030303955,1,1,0.18602924048900604,0,0,0.20764170587062836,0,0,0.2066108137369156,0,0,0.20593053102493286
subject_13:sample_0000289,13,289,1,0,0,0,0,1,1,0.1921015828847885,1,1,0.18698978424072266,0,0,0.20784316956996918,0,0,0.20671500265598297,0,0,0.20634953677654266
subject_13:sample_0000290,13,290,1,1,1,0,0,1,1,0.18973472714424133,1,1,0.18785762786865234,0,0,0.2083473950624466,0,0,0.20697833597660065,0,0,0.20708097517490387
subject_13:sample_0000291,13,291,1,1,1,0,0,1,1,0.18886861205101013,1,1,0.1881241351366043,0,0,0.20862723886966705,0,0,0.20677971839904785,0,0,0.20759937167167664
subject_13:sample_0000292,13,292,1,1,1,0,0,1,1,0.18642468750476837,1,1,0.18884150683879852,0,0,0.20927494764328003,0,0,0.20683185756206512,0,0,0.20862600207328796
subject_13:sample_0000293,13,293,1,1,1,0,0,1,1,0.18201810121536255,1,1,0.19021734595298767,0,0,0.2103676050901413,0,0,0.20722846686840057,0,0,0.2101675420999527
subject_13:sample_0000294,13,294,1,1,1,0,0,1,1,0.177534818649292,1,1,0.19199368357658386,0,0,0.21144823729991913,0,0,0.20715171098709106,0,0,0.21187061071395874
subject_13:sample_0000295,13,295,1,1,1,0,0,1,1,0.1777431219816208,1,1,0.192940816283226,0,0,0.2114090472459793,0,0,0.20612719655036926,0,0,0.21177886426448822
subject_13:sample_0000296,13,296,1,1,1,1,1,1,1,0.17914177477359772,1,1,0.193516805768013,0,0,0.21147207915782928,1,1,0.20585714280605316,0,0,0.21001125872135162
subject_13:sample_0000297,13,297,1,1,1,1,1,1,1,0.18049761652946472,1,1,0.19396081566810608,0,0,0.21161969006061554,1,1,0.20591583847999573,1,1,0.20800504088401794
subject_13:sample_0000298,13,298,1,1,1,1,1,1,1,0.18247084319591522,1,1,0.19414517283439636,0,0,0.21134696900844574,1,1,0.20542682707309723,1,1,0.20660923421382904
subject_13:sample_0000299,13,299,1,1,1,1,1,1,1,0.18550293147563934,1,1,0.1945575773715973,1,1,0.20963150262832642,1,1,0.20342755317687988,1,1,0.20687943696975708
subject_13:sample_0000300,13,300,1,1,1,1,1,1,1,0.19081944227218628,1,1,0.19681239128112793,1,1,0.2076156586408615,1,1,0.20017358660697937,1,1,0.2045779824256897
subject_13:sample_0000301,13,301,1,1,1,1,1,1,1,0.19490596652030945,1,1,0.1980699747800827,1,1,0.20791587233543396,1,1,0.19770488142967224,1,1,0.20140232145786285
subject_13:sample_0000302,13,302,1,1,1,1,1,1,1,0.19768555462360382,1,1,0.19794189929962158,1,1,0.2089286744594574,1,1,0.19588693976402283,1,1,0.19955596327781677
subject_13:sample_0000303,13,303,1,1,1,1,1,1,1,0.1994304358959198,1,1,0.19838294386863708,1,1,0.21241271495819092,1,1,0.1959962099790573,1,1,0.19377674162387848
subject_13:sample_0000304,13,304,1,1,1,1,1,1,1,0.19899603724479675,1,1,0.1978800892829895,1,1,0.2147921919822693,1,1,0.19543826580047607,1,1,0.1928924173116684
subject_13:sample_0000305,13,305,1,1,1,1,1,1,1,0.19792039692401886,1,1,0.197294682264328,1,1,0.2164812684059143,1,1,0.195608988404274,1,1,0.19269371032714844
subject_13:sample_0000306,13,306,1,1,1,1,1,1,1,0.19720953702926636,1,1,0.1968865841627121,1,1,0.21725915372371674,1,1,0.19600647687911987,1,1,0.19263727962970734
subject_13:sample_0000307,13,307,1,1,1,1,1,1,1,0.1977137327194214,1,1,0.19723808765411377,1,1,0.2172551453113556,1,1,0.19595344364643097,1,1,0.19183868169784546
subject_13:sample_0000308,13,308,1,1,1,1,1,1,1,0.19754061102867126,1,1,0.19690260291099548,1,1,0.21527861058712006,1,1,0.1947890967130661,1,1,0.1954881250858307
subject_13:sample_0000309,13,309,1,1,1,1,1,1,1,0.1962691694498062,1,1,0.1968117505311966,1,1,0.2114412486553192,1,1,0.19591249525547028,1,1,0.19956442713737488
subject_13:sample_0000310,13,310,1,1,1,1,1,1,1,0.1950894594192505,1,1,0.1977924406528473,1,1,0.20872806012630463,1,1,0.19875581562519073,1,1,0.19963321089744568
subject_13:sample_0000311,13,311,1,1,1,1,1,1,1,0.18929654359817505,1,1,0.19719098508358002,1,1,0.20693720877170563,1,1,0.20267993211746216,1,1,0.20389436185359955
subject_13:sample_0000312,13,312,1,1,1,1,1,1,1,0.18282771110534668,1,1,0.19769367575645447,0,0,0.209024578332901,1,1,0.20439836382865906,1,1,0.2060547024011612
subject_13:sample_0000313,13,313,1,1,1,0,0,1,1,0.18055644631385803,1,1,0.19874058663845062,0,0,0.20979797840118408,1,1,0.20461082458496094,1,1,0.2062932401895523
subject_13:sample_0000314,13,314,1,1,1,0,0,1,1,0.179511159658432,1,1,0.20009438693523407,0,0,0.2099267840385437,1,1,0.20433486998081207,0,0,0.20613190531730652
subject_13:sample_0000315,13,315,1,1,1,0,0,1,1,0.17843914031982422,1,1,0.20067471265792847,0,0,0.21005018055438995,0,0,0.20409488677978516,0,0,0.20674015581607819
subject_13:sample_0000316,13,316,1,1,1,0,0,1,1,0.1781383901834488,1,1,0.20097051560878754,0,0,0.20984672009944916,0,0,0.20386721193790436,0,0,0.20717623829841614
subject_13:sample_0000317,13,317,1,1,1,0,0,1,1,0.17734836041927338,1,1,0.20169878005981445,0,0,0.20982138812541962,0,0,0.20387902855873108,0,0,0.20725148916244507
subject_13:sample_0000318,13,318,1,1,1,0,0,1,1,0.17630694806575775,1,1,0.20267261564731598,0,0,0.2098185420036316,0,0,0.2038886994123459,0,0,0.20731228590011597
subject_13:sample_0000319,13,319,1,0,0,0,0,1,1,0.17598742246627808,0,0,0.20416899025440216,0,0,0.20920512080192566,0,0,0.2036036103963852,0,0,0.20703399181365967
subject_13:sample_0000320,13,320,1,0,0,0,0,1,1,0.18077778816223145,0,0,0.20451651513576508,0,0,0.20693683624267578,0,0,0.20252209901809692,0,0,0.2052457481622696
subject_13:sample_0000321,13,321,1,0,0,0,0,1,1,0.18520645797252655,0,0,0.2043435126543045,0,0,0.20503279566764832,0,0,0.2018781155347824,0,0,0.20353813469409943
subject_13:sample_0000322,13,322,1,0,0,0,0,1,1,0.1889714151620865,0,0,0.20382238924503326,0,0,0.20355413854122162,0,0,0.20163297653198242,0,0,0.20201802253723145
subject_13:sample_0000323,13,323,1,0,0,0,0,0,0,0.19180993735790253,0,0,0.20313461124897003,0,0,0.20262634754180908,0,0,0.20150820910930634,0,0,0.2009199559688568
subject_13:sample_0000324,13,324,1,0,0,0,0,0,0,0.19640254974365234,0,0,0.20182594656944275,0,0,0.20149491727352142,0,0,0.20070524513721466,0,0,0.1995704174041748
subject_13:sample_0000325,13,325,1,0,0,0,0,0,0,0.19814690947532654,0,0,0.20113980770111084,0,0,0.20121052861213684,0,0,0.20038962364196777,0,0,0.1991121619939804
subject_13:sample_0000326,13,326,1,0,0,0,0,0,0,0.19837763905525208,0,0,0.20090080797672272,0,0,0.201377272605896,0,0,0.20023059844970703,0,0,0.19911271333694458
subject_13:sample_0000327,13,327,1,0,0,0,0,0,0,0.19879822432994843,0,0,0.20114468038082123,0,0,0.20165257155895233,0,0,0.19999542832374573,0,0,0.1984081119298935
subject_13:sample_0000328,13,328,1,0,0,0,0,0,0,0.20013512670993805,0,0,0.20190320909023285,0,0,0.2020076960325241,0,0,0.1992640346288681,0,0,0.1966889649629593
subject_13:sample_0000329,13,329,1,0,0,0,0,0,0,0.20175710320472717,0,0,0.20134705305099487,0,0,0.2025160789489746,0,0,0.19734349846839905,0,0,0.19703534245491028
subject_13:sample_0000330,13,330,1,0,0,0,0,0,0,0.20363956689834595,0,0,0.19859156012535095,0,0,0.20383742451667786,0,0,0.19536158442497253,0,0,0.1985689252614975
subject_13:sample_0000331,13,331,1,0,0,0,0,0,0,0.2050948590040207,0,0,0.19571301341056824,0,0,0.20544974505901337,0,0,0.19366684556007385,0,0,0.20007452368736267
subject_13:sample_0000332,13,332,1,0,0,0,0,0,0,0.20323601365089417,0,0,0.19075822830200195,0,0,0.20934456586837769,0,0,0.19312961399555206,0,0,0.20353063941001892
subject_13:sample_0000333,13,333,1,0,0,0,0,0,0,0.1975000649690628,0,0,0.1894681304693222,0,0,0.21349631249904633,0,0,0.19343487918376923,0,0,0.20609965920448303
subject_13:sample_0000334,13,334,1,0,0,0,0,0,0,0.1939566433429718,0,0,0.18905943632125854,0,0,0.217201367020607,0,0,0.19361171126365662,0,0,0.20616987347602844
subject_13:sample_0000335,13,335,1,0,0,0,0,0,0,0.1930646300315857,0,0,0.18950946629047394,0,0,0.21980799734592438,0,0,0.19379785656929016,0,0,0.203819140791893
subject_13:sample_0000336,13,336,1,0,0,0,0,0,0,0.19299384951591492,0,0,0.19048930704593658,0,0,0.22176028788089752,0,0,0.19421504437923431,0,0,0.20054060220718384
subject_13:sample_0000337,13,337,1,0,0,0,0,0,0,0.19289875030517578,0,0,0.1917094737291336,0,0,0.22341886162757874,0,0,0.19505056738853455,0,0,0.19692140817642212
subject_13:sample_0000338,13,338,1,0,0,0,0,0,0,0.19245606660842896,0,0,0.19333511590957642,0,0,0.22517669200897217,0,0,0.19599880278110504,0,0,0.1930323839187622
subject_13:sample_0000339,13,339,1,0,0,0,0,0,0,0.19179050624370575,0,0,0.19513361155986786,0,0,0.22661590576171875,0,0,0.1967027187347412,0,0,0.18975625932216644
subject_13:sample_0000340,13,340,1,0,0,0,0,0,0,0.19161641597747803,0,0,0.19600577652454376,0,0,0.22629481554031372,0,0,0.1973777860403061,0,0,0.18870416283607483
subject_13:sample_0000341,13,341,1,0,0,0,0,0,0,0.19139324128627777,0,0,0.19674009084701538,0,0,0.2253587543964386,0,0,0.19831691682338715,0,0,0.18818998336791992
subject_13:sample_0000342,13,342,1,0,0,0,0,0,0,0.19135692715644836,0,0,0.19706197082996368,0,0,0.2235039919614792,0,0,0.19945086538791656,0,0,0.188625305891037
subject_13:sample_0000343,13,343,1,0,0,0,0,0,0,0.19163215160369873,0,0,0.19657589495182037,0,0,0.22135069966316223,0,0,0.2003450244665146,0,0,0.19009529054164886
subject_13:sample_0000344,13,344,1,0,0,0,0,0,0,0.19229593873023987,0,0,0.19505202770233154,0,0,0.21919944882392883,0,0,0.20092734694480896,0,0,0.19252434372901917
subject_13:sample_0000345,13,345,1,0,0,0,0,0,0,0.19300022721290588,0,0,0.19300074875354767,0,0,0.2173156589269638,0,0,0.20136533677577972,0,0,0.1953171044588089
subject_13:sample_0000346,13,346,1,0,0,0,0,0,0,0.19397443532943726,0,0,0.19256196916103363,0,0,0.21433348953723907,0,0,0.20229583978652954,0,0,0.19683325290679932
subject_13:sample_0000347,13,347,1,0,0,0,0,0,0,0.1973423808813095,0,0,0.19532237946987152,0,0,0.20679563283920288,0,0,0.20351944863796234,0,0,0.19701915979385376
subject_13:sample_0000348,13,348,1,0,0,0,0,0,0,0.2008785605430603,0,0,0.20190942287445068,0,0,0.19891080260276794,0,0,0.2031797170639038,0,0,0.19512048363685608
subject_13:sample_0000349,13,349,1,0,0,0,0,0,0,0.19742348790168762,0,0,0.21004293859004974,0,0,0.19722828269004822,0,0,0.20225732028484344,0,0,0.19304707646369934
subject_13:sample_0000350,13,350,1,0,0,0,0,0,0,0.19723400473594666,0,0,0.20918895304203033,0,0,0.1977759301662445,0,0,0.20106905698776245,0,0,0.19473105669021606
subject_13:sample_0000351,13,351,1,0,0,0,0,0,0,0.19895316660404205,0,0,0.20669713616371155,0,0,0.19729408621788025,0,0,0.20124191045761108,0,0,0.1958126723766327
subject_13:sample_0000352,13,352,1,0,0,0,0,0,0,0.20033146440982819,0,0,0.20469778776168823,0,0,0.198100745677948,0,0,0.2014579474925995,0,0,0.1954110562801361
subject_13:sample_0000353,13,353,1,0,0,0,0,1,1,0.1919361650943756,0,0,0.20714053511619568,0,0,0.1976298987865448,0,0,0.20453980565071106,0,0,0.19875264167785645
subject_13:sample_0000354,13,354,1,0,0,0,0,1,1,0.17792202532291412,0,0,0.20765115320682526,1,1,0.20745840668678284,0,0,0.2055927962064743,0,0,0.20137470960617065
subject_13:sample_0000355,13,355,1,0,0,0,0,1,1,0.17950114607810974,0,0,0.20710529386997223,1,1,0.19989222288131714,0,0,0.20974424481391907,0,0,0.20375612378120422
subject_13:sample_0000356,13,356,1,1,1,0,0,1,1,0.18219414353370667,0,0,0.208283469080925,1,1,0.18809346854686737,0,0,0.21507501602172852,0,0,0.20635291934013367
subject_13:sample_0000357,13,357,1,1,1,1,1,1,1,0.1835039108991623,0,0,0.2085215300321579,1,1,0.18459531664848328,1,1,0.21790112555027008,0,0,0.20547717809677124
subject_13:sample_0000358,13,358,1,1,1,1,1,1,1,0.18540050089359283,0,0,0.20779623091220856,1,1,0.18502044677734375,1,1,0.2199886441230774,0,0,0.20179325342178345
subject_13:sample_0000359,13,359,1,1,1,1,1,1,1,0.1880110800266266,0,0,0.2049587517976761,1,1,0.18624384701251984,1,1,0.21979577839374542,0,0,0.20098954439163208
subject_13:sample_0000360,13,360,1,1,1,1,1,1,1,0.1891620010137558,0,0,0.19713206589221954,1,1,0.18633916974067688,1,1,0.21924728155136108,0,0,0.20811855792999268
subject_13:sample_0000361,13,361,1,1,1,1,1,1,1,0.19101031124591827,0,0,0.18545567989349365,1,1,0.187815859913826,1,1,0.2194528728723526,0,0,0.21626439690589905
subject_13:sample_0000362,13,362,1,1,1,1,1,1,1,0.19251462817192078,0,0,0.1812005490064621,1,1,0.18936565518379211,1,1,0.21811166405677795,1,1,0.21880654990673065
subject_13:sample_0000363,13,363,1,1,1,1,1,1,1,0.1941700577735901,0,0,0.17982648313045502,1,1,0.19090671837329865,1,1,0.21515774726867676,1,1,0.2199379950761795
subject_13:sample_0000364,13,364,1,1,1,1,1,1,1,0.1972208321094513,0,0,0.18005692958831787,1,1,0.19340287148952484,1,1,0.21042099595069885,1,1,0.21889737248420715
subject_13:sample_0000365,13,365,1,1,1,1,1,1,1,0.20440804958343506,0,0,0.1845981776714325,1,1,0.19982898235321045,1,1,0.20770451426506042,1,1,0.20345929265022278
subject_13:sample_0000366,13,366,1,1,1,1,1,1,1,0.20602551102638245,0,0,0.18820305168628693,1,1,0.20197413861751556,1,1,0.20397751033306122,1,1,0.19981876015663147
subject_13:sample_0000367,13,367,1,1,1,1,1,1,1,0.2052651345729828,0,0,0.19312143325805664,1,1,0.20141153037548065,1,1,0.2009871006011963,1,1,0.19921380281448364
subject_13:sample_0000368,13,368,1,1,1,1,1,1,1,0.203696146607399,0,0,0.19922882318496704,1,1,0.19972094893455505,1,1,0.19903980195522308,1,1,0.19831328094005585
subject_13:sample_0000369,13,369,1,1,1,1,1,1,1,0.2009674608707428,0,0,0.20741866528987885,1,1,0.1971196085214615,1,1,0.1972384750843048,1,1,0.19725480675697327
subject_13:sample_0000370,13,370,1,1,1,1,1,1,1,0.19924752414226532,0,0,0.2129461169242859,1,1,0.1954154223203659,1,1,0.19637735188007355,1,1,0.19601264595985413
subject_13:sample_0000371,13,371,1,1,1,1,1,1,1,0.19846540689468384,0,0,0.21547184884548187,1,1,0.1945902556180954,1,1,0.19617106020450592,1,1,0.19530050456523895
subject_13:sample_0000372,13,372,1,1,1,1,1,1,1,0.1982993483543396,1,1,0.21580870449543,1,1,0.1943778544664383,1,1,0.1963796317577362,1,1,0.1951334923505783
subject_13:sample_0000373,13,373,1,1,1,1,1,1,1,0.1999478042125702,1,1,0.2088351845741272,1,1,0.19599533081054688,1,1,0.19844390451908112,1,1,0.1967768669128418
subject_13:sample_0000374,13,374,1,1,1,1,1,1,1,0.200953871011734,1,1,0.20444732904434204,1,1,0.19702480733394623,1,1,0.1997537910938263,1,1,0.1978192776441574
subject_13:sample_0000375,13,375,1,1,1,1,1,1,1,0.20155629515647888,1,1,0.20166078209877014,1,1,0.19769296050071716,1,1,0.20060917735099792,1,1,0.19847986102104187
subject_13:sample_0000376,13,376,1,1,1,1,1,1,1,0.20211263000965118,1,1,0.1991901844739914,1,1,0.19829662144184113,1,1,0.20132745802402496,1,1,0.19907212257385254
subject_13:sample_0000377,13,377,1,1,1,1,1,1,1,0.2023976594209671,1,1,0.1979271024465561,1,1,0.19860927760601044,1,1,0.201688751578331,1,1,0.19937632977962494
subject_13:sample_0000378,13,378,1,1,1,1,1,1,1,0.20248104631900787,1,1,0.19755543768405914,1,1,0.19862091541290283,1,1,0.20186112821102142,1,1,0.19948045909404755
subject_13:sample_0000379,13,379,1,1,1,1,1,1,1,0.20243923366069794,1,1,0.1977798491716385,1,1,0.19845116138458252,1,1,0.20186182856559753,1,1,0.19946692883968353
subject_13:sample_0000380,13,380,1,1,1,1,1,1,1,0.2024470418691635,1,1,0.19788870215415955,1,1,0.19827115535736084,1,1,0.20187096297740936,1,1,0.19952115416526794
subject_13:sample_0000381,13,381,1,1,1,1,1,1,1,0.20246626436710358,1,1,0.19792768359184265,1,1,0.19812124967575073,1,1,0.20188279449939728,1,1,0.19960099458694458
subject_13:sample_0000382,13,382,1,1,1,1,1,1,1,0.20247440040111542,1,1,0.1979949027299881,1,1,0.1979663074016571,1,1,0.2018832564353943,1,1,0.1996801197528839
subject_13:sample_0000383,13,383,1,1,1,1,1,1,1,0.20247726142406464,1,1,0.19820424914360046,1,1,0.19775573909282684,1,1,0.20178060233592987,1,1,0.1997811496257782
subject_13:sample_0000384,13,384,1,1,1,1,1,1,1,0.2024422585964203,1,1,0.19842758774757385,1,1,0.19759778678417206,1,1,0.201682910323143,1,1,0.19984853267669678
subject_13:sample_0000385,13,385,1,1,1,1,1,1,1,0.20236654579639435,1,1,0.19864262640476227,1,1,0.197459414601326,1,1,0.2016400545835495,1,1,0.1998903751373291
subject_13:sample_0000386,13,386,1,1,1,1,1,1,1,0.20223721861839294,1,1,0.19882899522781372,1,1,0.19735227525234222,1,1,0.2016516625881195,1,1,0.1999288648366928
subject_13:sample_0000387,13,387,1,1,1,1,1,1,1,0.20218461751937866,1,1,0.19895312190055847,1,1,0.19733962416648865,1,1,0.2015978991985321,1,1,0.19992385804653168
subject_13:sample_0000388,13,388,1,1,1,1,1,1,1,0.20209695398807526,1,1,0.19912773370742798,1,1,0.19735239446163177,1,1,0.2015211284160614,1,1,0.19990083575248718
subject_13:sample_0000389,13,389,1,1,1,1,1,1,1,0.2020101100206375,1,1,0.19930025935173035,1,1,0.19739066064357758,1,1,0.20142711699008942,1,1,0.19987088441848755
subject_13:sample_0000390,13,390,1,1,1,1,1,1,1,0.20196285843849182,1,1,0.1993783861398697,1,1,0.1974426656961441,1,1,0.2013755738735199,1,1,0.19983957707881927
subject_13:sample_0000391,13,391,1,1,1,1,1,1,1,0.20187440514564514,1,1,0.19949373602867126,1,1,0.19750192761421204,1,1,0.20133309066295624,1,1,0.19979584217071533
subject_13:sample_0000392,13,392,1,1,1,1,1,1,1,0.201820507645607,1,1,0.1995466947555542,1,1,0.19758282601833344,1,1,0.20129641890525818,1,1,0.199752539396286
subject_13:sample_0000393,13,393,1,1,1,1,1,1,1,0.20173989236354828,1,1,0.1997000128030777,1,1,0.19762608408927917,1,1,0.2012391984462738,1,1,0.19969381392002106
subject_13:sample_0000394,13,394,1,1,1,1,1,1,1,0.20165343582630157,1,1,0.19993999600410461,1,1,0.19764262437820435,1,1,0.20115600526332855,1,1,0.19960695505142212
subject_13:sample_0000395,13,395,1,1,1,1,1,1,1,0.2014738917350769,1,1,0.20034153759479523,1,1,0.19781216979026794,1,1,0.2009647935628891,1,1,0.19940662384033203
subject_13:sample_0000396,13,396,1,1,1,1,1,1,1,0.20132339000701904,1,1,0.20065350830554962,1,1,0.1980830729007721,1,1,0.20076599717140198,1,1,0.1991730034351349
subject_13:sample_0000397,13,397,1,1,1,1,1,1,1,0.20121808350086212,1,1,0.20074403285980225,1,1,0.19845305383205414,1,1,0.20060433447360992,1,1,0.19897957146167755
subject_13:sample_0000398,13,398,1,1,1,1,1,1,1,0.20115946233272552,1,1,0.20081518590450287,1,1,0.19875836372375488,1,1,0.20045886933803558,1,1,0.19880710542201996
subject_13:sample_0000399,13,399,1,1,1,1,1,1,1,0.20115849375724792,1,1,0.20069506764411926,1,1,0.1990576684474945,1,1,0.20037755370140076,1,1,0.19871023297309875
subject_13:sample_0000400,13,400,1,1,1,1,1,1,1,0.20116867125034332,1,1,0.20027123391628265,1,1,0.19959673285484314,1,1,0.2003232091665268,1,1,0.19863922894001007
subject_13:sample_0000401,13,401,1,1,1,1,1,1,1,0.20120158791542053,1,1,0.19996289908885956,1,1,0.1998557299375534,1,1,0.2003294676542282,1,1,0.19864939153194427
subject_13:sample_0000402,13,402,1,1,1,1,1,1,1,0.20117488503456116,1,1,0.19994895160198212,1,1,0.20000137388706207,1,1,0.20025412738323212,1,1,0.19861964881420135
subject_13:sample_0000403,13,403,1,1,1,1,1,1,1,0.201189786195755,1,1,0.19981646537780762,1,1,0.20007555186748505,1,1,0.20027415454387665,1,1,0.19864308834075928
subject_13:sample_0000404,13,404,1,1,1,1,1,1,1,0.20115381479263306,1,1,0.19948314130306244,1,1,0.2003871351480484,1,1,0.20034092664718628,1,1,0.19863396883010864
subject_13:sample_0000405,13,405,1,1,1,1,1,1,1,0.20114153623580933,1,1,0.199061319231987,1,1,0.20062071084976196,1,1,0.200536847114563,1,1,0.19863855838775635
subject_13:sample_0000406,13,406,1,1,1,1,1,1,1,0.20113685727119446,1,1,0.19892220199108124,1,1,0.20056423544883728,1,1,0.2007105052471161,1,1,0.1986652910709381
subject_13:sample_0000407,13,407,1,1,1,1,1,1,1,0.20119112730026245,1,1,0.19891394674777985,1,1,0.2002784162759781,1,1,0.20089218020439148,1,1,0.19872339069843292
subject_13:sample_0000408,13,408,1,1,1,1,1,1,1,0.2012580931186676,1,1,0.19880837202072144,1,1,0.20011305809020996,1,1,0.20101718604564667,1,1,0.19880232214927673
subject_13:sample_0000409,13,409,1,1,1,1,1,1,1,0.20121443271636963,1,1,0.1988515406847,1,1,0.20041002333164215,1,1,0.20068781077861786,1,1,0.19883523881435394
subject_13:sample_0000410,13,410,1,1,1,1,1,1,1,0.20127134025096893,1,1,0.19912496209144592,1,1,0.20024532079696655,1,1,0.20045459270477295,1,1,0.19890280067920685
subject_13:sample_0000411,13,411,1,1,1,1,1,1,1,0.20131756365299225,1,1,0.19946375489234924,1,1,0.20002229511737823,1,1,0.2003326117992401,1,1,0.19886277616024017
subject_13:sample_0000412,13,412,1,1,1,1,1,1,1,0.20139524340629578,1,1,0.1997944563627243,1,1,0.19978535175323486,1,1,0.20022957026958466,1,1,0.198794424533844
subject_13:sample_0000413,13,413,1,1,1,1,1,1,1,0.2015349417924881,1,1,0.20001351833343506,1,1,0.19942913949489594,1,1,0.20020142197608948,1,1,0.19881996512413025
subject_13:sample_0000414,13,414,1,1,1,1,1,1,1,0.2016550898551941,1,1,0.20030160248279572,1,1,0.19900766015052795,1,1,0.20019139349460602,1,1,0.19884328544139862
subject_13:sample_0000415,13,415,1,1,1,1,1,1,1,0.20156770944595337,1,1,0.20108768343925476,1,1,0.19863277673721313,1,1,0.20002003014087677,1,1,0.19869081676006317
subject_13:sample_0000416,13,416,1,1,1,1,1,1,1,0.20141880214214325,1,1,0.20205837488174438,1,1,0.1982620656490326,1,1,0.19976352155208588,1,1,0.1984962821006775
subject_13:sample_0000417,13,417,1,1,1,1,1,1,1,0.20131896436214447,1,1,0.20288656651973724,1,1,0.19782589375972748,1,1,0.19956113398075104,1,1,0.19840651750564575
subject_13:sample_0000418,13,418,1,1,1,1,1,1,1,0.20126964151859283,1,1,0.2033153623342514,1,1,0.19757749140262604,1,1,0.1994205117225647,1,1,0.19841603934764862
subject_13:sample_0000419,13,419,1,1,1,1,1,1,1,0.20126180350780487,1,1,0.20348387956619263,1,1,0.19748455286026,1,1,0.1992897391319275,1,1,0.1984790563583374
subject_13:sample_0000420,13,420,1,1,1,1,1,1,1,0.20129206776618958,1,1,0.20342427492141724,1,1,0.1974877417087555,1,1,0.1992274969816208,1,1,0.19856740534305573
subject_13:sample_0000421,13,421,1,1,1,1,1,1,1,0.2013169378042221,1,1,0.20326638221740723,1,1,0.19758088886737823,1,1,0.19919604063034058,1,1,0.19863876700401306
subject_13:sample_0000422,13,422,1,1,1,1,1,1,1,0.2013510763645172,1,1,0.20303378999233246,1,1,0.19772969186306,1,1,0.1991952806711197,1,1,0.19868920743465424
subject_13:sample_0000423,13,423,1,1,1,1,1,1,1,0.20138590037822723,1,1,0.20276205241680145,1,1,0.19792678952217102,1,1,0.19919154047966003,1,1,0.19873279333114624
subject_13:sample_0000424,13,424,1,1,1,1,1,1,1,0.2014613151550293,1,1,0.20239146053791046,1,1,0.19818425178527832,1,1,0.19918569922447205,1,1,0.1987762600183487
subject_13:sample_0000425,13,425,1,1,1,1,1,1,1,0.20169606804847717,1,1,0.20183701813220978,1,1,0.1984958052635193,1,1,0.19916710257530212,1,1,0.19880302250385284
subject_13:sample_0000426,13,426,1,1,1,1,1,1,1,0.20214393734931946,1,1,0.20128299295902252,1,1,0.1987231969833374,1,1,0.19910010695457458,1,1,0.19874873757362366
subject_13:sample_0000427,13,427,1,1,1,1,1,1,1,0.20288589596748352,1,1,0.20048049092292786,1,1,0.19903890788555145,1,1,0.19899342954158783,1,1,0.19860032200813293
subject_13:sample_0000428,13,428,1,1,1,1,1,1,1,0.20372752845287323,1,1,0.19970107078552246,1,1,0.19938823580741882,1,1,0.1988787204027176,1,1,0.19830350577831268
subject_13:sample_0000429,13,429,1,1,1,1,1,1,1,0.2048700898885727,1,1,0.19881999492645264,1,1,0.20009677112102509,1,1,0.19860033690929413,1,1,0.19761180877685547
subject_13:sample_0000430,13,430,1,1,1,1,1,1,1,0.20588189363479614,1,1,0.1982608586549759,1,1,0.2008293867111206,1,1,0.1981782168149948,1,1,0.19684863090515137
subject_13:sample_0000431,13,431,1,1,1,1,1,1,1,0.2065482884645462,1,1,0.1980341672897339,1,1,0.20115835964679718,1,1,0.19782939553260803,1,1,0.1964288353919983
subject_13:sample_0000432,13,432,1,1,1,1,1,1,1,0.20721225440502167,1,1,0.19790060818195343,1,1,0.20147952437400818,1,1,0.19733168184757233,1,1,0.19607499241828918
subject_13:sample_0000433,13,433,1,1,1,1,1,1,1,0.20778800547122955,1,1,0.19783902168273926,1,1,0.2017316371202469,1,1,0.19677022099494934,1,1,0.19587013125419617
subject_13:sample_0000434,13,434,1,1,1,1,1,1,1,0.20825986564159393,1,1,0.1978098452091217,1,1,0.20178183913230896,1,1,0.19638372957706451,1,1,0.1957637518644333
subject_13:sample_0000435,13,435,1,1,1,1,1,1,1,0.20882661640644073,1,1,0.19780917465686798,1,1,0.2018011212348938,1,1,0.1957656592130661,1,1,0.19579650461673737
subject_13:sample_0000436,13,436,1,1,1,1,1,1,1,0.2093811333179474,1,1,0.19782836735248566,1,1,0.20164015889167786,1,1,0.1953381896018982,1,1,0.19581112265586853
subject_13:sample_0000437,13,437,1,1,1,1,1,1,1,0.2100325971841812,1,1,0.19785380363464355,1,1,0.20126229524612427,1,1,0.1949453055858612,1,1,0.19590505957603455
subject_13:sample_0000438,13,438,1,1,1,1,1,1,1,0.21138495206832886,1,1,0.19783028960227966,1,1,0.2004183828830719,1,1,0.1943618357181549,1,1,0.19600354135036469
subject_13:sample_0000439,13,439,1,1,1,1,1,1,1,0.21468791365623474,1,1,0.19747531414031982,1,1,0.19875843822956085,1,1,0.19335691630840302,1,1,0.19572044909000397
subject_13:sample_0000440,13,440,1,1,1,1,1,1,1,0.22115068137645721,1,1,0.19640429317951202,1,1,0.19618457555770874,1,1,0.19161371886730194,1,1,0.19464577734470367
subject_13:sample_0000441,13,441,1,1,1,1,1,1,1,0.22346408665180206,1,1,0.19645380973815918,1,1,0.1946367621421814,1,1,0.1909109205007553,1,1,0.19453348219394684
subject_13:sample_0000442,13,442,1,1,1,1,1,1,1,0.22799813747406006,1,1,0.1958201378583908,1,1,0.19285579025745392,1,1,0.18967273831367493,1,1,0.19365230202674866
subject_13:sample_0000443,13,443,1,1,1,1,1,1,1,0.23907466232776642,1,1,0.1933908760547638,1,1,0.18966975808143616,1,1,0.18686921894550323,1,1,0.190994530916214
subject_13:sample_0000444,13,444,1,1,1,1,1,1,1,0.2435983270406723,1,1,0.192561537027359,1,1,0.18819297850131989,1,1,0.18568859994411469,1,1,0.1899576038122177
subject_13:sample_0000445,13,445,1,1,1,1,1,0,0,0.24428123235702515,1,1,0.1925753653049469,1,1,0.1877993941307068,1,1,0.18548701703548431,1,1,0.18985606729984283
subject_13:sample_0000446,13,446,1,1,1,1,1,0,0,0.2443331629037857,1,1,0.19269412755966187,1,1,0.18760742247104645,1,1,0.1854286789894104,1,1,0.1899355947971344
subject_13:sample_0000447,13,447,1,1,1,1,1,0,0,0.24454012513160706,1,1,0.19272339344024658,1,1,0.1874401867389679,1,1,0.18532532453536987,1,1,0.1899700164794922
subject_13:sample_0000448,13,448,1,1,1,1,1,0,0,0.2451261430978775,1,1,0.19260813295841217,1,1,0.18734705448150635,1,1,0.18508854508399963,1,1,0.18982918560504913
subject_13:sample_0000449,13,449,1,1,1,1,1,0,0,0.24551719427108765,1,1,0.19251854717731476,1,1,0.1873302161693573,1,1,0.18493305146694183,1,1,0.1896999627351761
subject_13:sample_0000450,13,450,1,1,1,1,1,0,0,0.2457171231508255,1,1,0.1924455314874649,1,1,0.18743053078651428,1,1,0.18484392762184143,1,1,0.1895618587732315
subject_13:sample_0000451,13,451,1,1,1,1,1,0,0,0.24574168026447296,1,1,0.19234620034694672,1,1,0.1876334697008133,1,1,0.18483980000019073,1,1,0.18943791091442108
subject_13:sample_0000452,13,452,1,1,1,1,1,0,0,0.24573209881782532,1,1,0.1922767162322998,1,1,0.18780456483364105,1,1,0.18485234677791595,1,1,0.18933330476284027
subject_13:sample_0000453,13,453,1,1,1,1,1,0,0,0.24583150446414948,1,1,0.19216389954090118,1,1,0.18796434998512268,1,1,0.18488600850105286,1,1,0.1891532987356186
subject_13:sample_0000454,13,454,1,1,1,1,1,0,0,0.24601514637470245,1,1,0.19206316769123077,1,1,0.18804971873760223,1,1,0.1848789006471634,1,1,0.18899205327033997
subject_13:sample_0000455,13,455,1,1,1,1,1,0,0,0.24618464708328247,1,1,0.19187495112419128,1,1,0.1882767677307129,1,1,0.1849747896194458,1,1,0.18868792057037354
subject_13:sample_0000456,13,456,1,1,1,1,1,1,1,0.24623459577560425,1,1,0.19174596667289734,1,1,0.1884920597076416,1,1,0.18507245182991028,1,1,0.18845394253730774
subject_13:sample_0000457,13,457,1,1,1,1,1,1,1,0.2461051344871521,1,1,0.19162465631961823,1,1,0.18877844512462616,1,1,0.18519122898578644,1,1,0.18829961121082306
subject_13:sample_0000458,13,458,1,1,1,1,1,1,1,0.24601055681705475,1,1,0.19156570732593536,1,1,0.18897609412670135,1,1,0.18525102734565735,1,1,0.18819567561149597
subject_13:sample_0000459,13,459,1,1,1,1,1,1,1,0.24587951600551605,1,1,0.19163556396961212,1,1,0.18901193141937256,1,1,0.18526329100131989,1,1,0.18820872902870178
subject_13:sample_0000460,13,460,1,1,1,1,1,1,1,0.24583181738853455,1,1,0.19162940979003906,1,1,0.18901567161083221,1,1,0.18521517515182495,1,1,0.1883070319890976
subject_13:sample_0000461,13,461,1,1,1,1,1,1,1,0.24579527974128723,1,1,0.1916857361793518,1,1,0.18891498446464539,1,1,0.18512345850467682,1,1,0.18847955763339996
subject_13:sample_0000462,13,462,1,1,1,1,1,1,1,0.24570763111114502,1,1,0.1917547583580017,1,1,0.18875987827777863,1,1,0.18503612279891968,1,1,0.18874062597751617
subject_13:sample_0000463,13,463,1,1,1,1,1,1,1,0.2455688863992691,1,1,0.1918151080608368,1,1,0.18864381313323975,1,1,0.1850041002035141,1,1,0.18896712362766266
subject_13:sample_0000464,13,464,1,1,1,1,1,1,1,0.24526870250701904,1,1,0.19184760749340057,1,1,0.18866057693958282,1,1,0.18504755198955536,1,1,0.18917463719844818
subject_13:sample_0000465,13,465,1,1,1,1,1,1,1,0.2452310174703598,1,1,0.19179755449295044,1,1,0.1886393427848816,1,1,0.1850685328245163,1,1,0.18926256895065308
subject_13:sample_0000466,13,466,1,1,1,1,1,1,1,0.24523594975471497,1,1,0.1917472928762436,1,1,0.18863625824451447,1,1,0.18507741391658783,1,1,0.18930210173130035
subject_13:sample_0000467,13,467,1,1,1,1,1,1,1,0.24518916010856628,1,1,0.19174417853355408,1,1,0.18862298130989075,1,1,0.18509739637374878,1,1,0.1893453150987625
subject_13:sample_0000468,13,468,0,0,1,0,1,0,1,0.177937850356102,0,1,0.18330270051956177,0,1,0.2665228545665741,0,1,0.18324530124664307,0,1,0.18899023532867432
subject_13:sample_0000469,13,469,0,0,1,0,1,0,1,0.17799125611782074,0,1,0.18318749964237213,0,1,0.26688939332962036,0,1,0.18305720388889313,0,1,0.18887363374233246
subject_13:sample_0000470,13,470,0,0,1,0,1,0,1,0.1780688762664795,0,1,0.18304534256458282,0,1,0.2675454318523407,0,1,0.182733952999115,0,1,0.1886054426431656
subject_13:sample_0000471,13,471,0,0,1,0,1,0,1,0.17814671993255615,0,1,0.18286049365997314,0,1,0.26851335167884827,0,1,0.182270348072052,0,1,0.18820813298225403
subject_13:sample_0000472,13,472,0,0,1,0,1,0,1,0.1781662106513977,0,1,0.1827630251646042,0,1,0.2689843773841858,0,1,0.18211963772773743,0,1,0.1879657655954361
subject_13:sample_0000473,13,473,0,0,1,0,1,0,1,0.17822732031345367,0,1,0.18265920877456665,0,1,0.2692854702472687,0,1,0.18206526339054108,0,1,0.18776170909404755
subject_13:sample_0000474,13,474,0,0,1,0,1,0,1,0.1782558709383011,0,1,0.1825694590806961,0,1,0.2696775197982788,0,1,0.18197590112686157,0,1,0.18752026557922363
subject_13:sample_0000475,13,475,0,0,1,0,1,0,1,0.17809909582138062,0,1,0.1824190467596054,0,1,0.26994210481643677,0,1,0.1820959746837616,0,1,0.18744279444217682
subject_13:sample_0000476,13,476,0,0,1,0,1,0,1,0.1777513474225998,0,1,0.18247100710868835,0,1,0.269633412361145,0,1,0.18261684477329254,0,1,0.1875264197587967
subject_13:sample_0000477,13,477,0,0,1,0,1,0,1,0.17741693556308746,0,1,0.18272049725055695,0,1,0.2684382200241089,0,1,0.18344834446907043,0,1,0.18797501921653748
subject_13:sample_0000478,13,478,0,0,1,0,1,0,1,0.17718680202960968,0,1,0.1830071359872818,0,1,0.2667691707611084,0,1,0.18437957763671875,0,1,0.18865634500980377
subject_13:sample_0000479,13,479,0,0,1,0,1,0,1,0.17689554393291473,0,1,0.18344491720199585,0,1,0.26461169123649597,0,1,0.18554742634296417,0,1,0.18949945271015167
subject_13:sample_0000480,13,480,0,0,1,0,1,0,1,0.17669808864593506,0,1,0.18393878638744354,0,1,0.26211878657341003,0,1,0.18679463863372803,0,1,0.1904487907886505
subject_13:sample_0000481,13,481,0,0,1,0,1,0,1,0.17654359340667725,0,1,0.18470221757888794,0,1,0.25885650515556335,0,1,0.1883024126291275,0,1,0.19159433245658875
subject_13:sample_0000482,13,482,0,0,1,0,1,0,1,0.17662903666496277,0,1,0.18586218357086182,0,1,0.25481751561164856,0,1,0.18985889852046967,0,1,0.19283141195774078
subject_13:sample_0000483,13,483,0,0,1,0,1,0,1,0.1769426017999649,0,1,0.18726493418216705,0,1,0.25073227286338806,0,1,0.1911061853170395,0,1,0.19395309686660767
subject_13:sample_0000484,13,484,0,0,1,0,1,0,1,0.1777248978614807,0,1,0.1885187327861786,0,1,0.2480888068675995,0,1,0.19120721518993378,0,1,0.19445931911468506
subject_13:sample_0000485,13,485,0,0,1,0,1,0,1,0.17866626381874084,0,1,0.18987488746643066,0,1,0.2463497370481491,0,1,0.1904727965593338,0,1,0.19463539123535156
subject_13:sample_0000486,13,486,0,0,1,0,1,0,1,0.17951850593090057,0,1,0.19095490872859955,0,1,0.24623537063598633,0,1,0.18901799619197845,0,1,0.19427227973937988
subject_13:sample_0000487,13,487,0,0,1,0,1,0,1,0.18072907626628876,0,1,0.19217778742313385,0,1,0.24429909884929657,0,1,0.18827788531780243,0,1,0.194515198469162
subject_13:sample_0000488,13,488,0,0,1,0,1,0,1,0.18209506571292877,0,1,0.1932336390018463,0,1,0.24140214920043945,0,1,0.1881844848394394,0,1,0.19508370757102966
subject_13:sample_0000489,13,489,0,0,1,0,1,0,1,0.18351425230503082,0,1,0.1941138207912445,0,1,0.2372470498085022,0,1,0.1888931542634964,0,1,0.19623075425624847
subject_13:sample_0000490,13,490,0,0,1,0,1,0,1,0.18460416793823242,0,1,0.19448791444301605,0,1,0.23413874208927155,0,1,0.1894795447587967,0,1,0.19728867709636688
subject_13:sample_0000491,13,491,0,0,1,0,1,0,1,0.18512818217277527,0,1,0.19472815096378326,0,1,0.23258766531944275,0,1,0.18964125216007233,0,1,0.19791381061077118
subject_13:sample_0000492,13,492,0,0,1,0,1,0,1,0.18593226373195648,0,1,0.1951296627521515,0,1,0.2290952354669571,0,1,0.19054679572582245,0,1,0.1992950737476349
subject_13:sample_0000493,13,493,0,0,1,0,1,0,1,0.18604512512683868,0,1,0.19501987099647522,0,1,0.22938914597034454,0,1,0.19025593996047974,0,1,0.19928893446922302
subject_13:sample_0000494,13,494,0,0,1,0,1,0,1,0.18608886003494263,0,1,0.19498631358146667,0,1,0.22993457317352295,0,1,0.18985551595687866,0,1,0.1991337239742279
subject_13:sample_0000495,13,495,0,0,1,0,1,0,1,0.18599499762058258,0,1,0.19486309587955475,0,1,0.231089249253273,0,1,0.18929582834243774,0,1,0.1987558901309967
subject_13:sample_0000496,13,496,0,0,1,0,1,0,1,0.18559370934963226,0,1,0.1946013867855072,0,1,0.23343412578105927,0,1,0.18848705291748047,0,1,0.197882741689682
subject_13:sample_0000497,13,497,0,0,1,0,1,0,1,0.18499018251895905,0,1,0.19425839185714722,0,1,0.23683299124240875,0,1,0.18739572167396545,0,1,0.19652171432971954
subject_13:sample_0000498,13,498,0,0,1,0,1,0,1,0.18449640274047852,0,1,0.19394855201244354,0,1,0.24024756252765656,0,1,0.18630781769752502,0,1,0.19499874114990234
subject_13:sample_0000499,13,499,0,0,1,0,1,0,1,0.18398882448673248,0,1,0.19356843829154968,0,1,0.24340175092220306,0,1,0.18537858128547668,0,1,0.19366145133972168
subject_13:sample_0000500,13,500,0,0,1,0,1,0,1,0.18402208387851715,0,1,0.1934601217508316,0,1,0.24474720656871796,0,1,0.18493716418743134,0,1,0.19283249974250793
subject_13:sample_0000501,13,501,0,0,1,0,1,0,1,0.18414361774921417,0,1,0.1931772530078888,0,1,0.24598051607608795,0,1,0.18457704782485962,0,1,0.19212055206298828
subject_13:sample_0000502,13,502,0,0,1,0,1,0,1,0.1844935417175293,0,1,0.19296707212924957,0,1,0.24648284912109375,0,1,0.1843479573726654,0,1,0.19170764088630676
subject_13:sample_0000503,13,503,0,0,1,0,1,0,1,0.1856912076473236,0,1,0.1929013580083847,0,1,0.24346934258937836,0,1,0.18533168733119965,0,1,0.19260543584823608
subject_13:sample_0000504,13,504,0,0,1,0,1,0,1,0.18651093542575836,0,1,0.19261687994003296,0,1,0.2421661913394928,0,1,0.1857621818780899,0,1,0.19294290244579315
subject_13:sample_0000505,13,505,0,0,1,0,1,0,1,0.18745234608650208,0,1,0.19229070842266083,0,1,0.24077022075653076,0,1,0.18620769679546356,0,1,0.19327802956104279
subject_13:sample_0000506,13,506,0,0,1,0,1,0,1,0.1887998729944229,0,1,0.19180141389369965,0,1,0.23892588913440704,0,1,0.18683388829231262,0,1,0.19363799691200256
subject_13:sample_0000507,13,507,0,0,1,0,1,0,1,0.19140078127384186,0,1,0.19106224179267883,0,1,0.23302046954631805,0,1,0.1889791637659073,0,1,0.19553634524345398
subject_13:sample_0000508,13,508,0,0,1,0,1,0,1,0.19448606669902802,0,1,0.19018752872943878,0,1,0.22492395341396332,0,1,0.19176235795021057,0,1,0.1986391246318817
subject_13:sample_0000509,13,509,0,0,1,0,1,0,1,0.19666585326194763,0,1,0.1888454556465149,0,1,0.217659592628479,0,1,0.19352731108665466,0,1,0.2033008635044098
subject_13:sample_0000510,13,510,0,0,1,0,1,0,1,0.19860807061195374,0,1,0.18856017291545868,0,1,0.21365974843502045,0,1,0.1951749324798584,0,1,0.20399612188339233
subject_13:sample_0000511,13,511,0,0,1,0,1,0,1,0.20188754796981812,0,1,0.19066517055034637,0,1,0.21057778596878052,0,1,0.19847750663757324,0,1,0.19839102029800415
subject_13:sample_0000512,13,512,0,0,1,0,1,0,1,0.19809609651565552,0,1,0.1895025074481964,0,1,0.21081307530403137,0,1,0.19888471066951752,0,1,0.20270265638828278
subject_13:sample_0000513,13,513,0,0,1,0,1,0,1,0.1984202265739441,0,1,0.1899334192276001,0,1,0.2087007761001587,0,1,0.19945916533470154,0,1,0.20348545908927917
subject_13:sample_0000514,13,514,0,0,1,0,1,0,1,0.1987404078245163,0,1,0.19028319418430328,0,1,0.20722553133964539,0,1,0.19973693788051605,0,1,0.20401303470134735
subject_13:sample_0000515,13,515,0,0,1,0,1,0,1,0.1988980919122696,0,1,0.19051890075206757,0,1,0.2061973363161087,0,1,0.1998967081308365,0,1,0.20448799431324005
subject_13:sample_0000516,13,516,0,0,1,0,1,0,1,0.19930709898471832,0,1,0.19077496230602264,0,1,0.20538471639156342,0,1,0.19989842176437378,0,1,0.20463386178016663
subject_13:sample_0000517,13,517,0,0,1,0,1,0,1,0.19956782460212708,0,1,0.1911882907152176,0,1,0.20466414093971252,0,1,0.19991913437843323,0,1,0.2046596109867096
subject_13:sample_0000518,13,518,0,0,1,0,1,0,1,0.19933097064495087,0,1,0.19167068600654602,0,1,0.20395097136497498,0,1,0.20026445388793945,0,1,0.20478194952011108
subject_13:sample_0000519,13,519,0,0,1,0,1,0,1,0.19901694357395172,0,1,0.1925244927406311,0,1,0.20311275124549866,0,1,0.20080776512622833,0,1,0.20453713834285736
subject_13:sample_0000520,13,520,0,0,1,0,1,0,1,0.19842186570167542,0,1,0.19426710903644562,0,1,0.20104169845581055,0,1,0.2023446261882782,0,1,0.20392368733882904
subject_13:sample_0000521,13,521,0,0,1,0,1,0,1,0.19721220433712006,0,1,0.19568829238414764,0,1,0.19967931509017944,0,1,0.20415717363357544,0,1,0.20326201617717743
subject_13:sample_0000522,13,522,0,0,1,0,1,0,1,0.19608032703399658,0,1,0.19655741751194,0,1,0.1997177004814148,0,1,0.20472364127635956,0,1,0.20291993021965027
subject_13:sample_0000523,13,523,0,0,1,0,1,0,1,0.19599300622940063,0,1,0.19654498994350433,0,1,0.20030750334262848,0,1,0.20460636913776398,0,1,0.20254717767238617
subject_13:sample_0000524,13,524,0,0,1,0,1,0,1,0.19562320411205292,0,1,0.1969148963689804,0,1,0.2006814032793045,0,1,0.2044486254453659,0,1,0.20233088731765747
subject_13:sample_0000525,13,525,0,0,1,0,1,0,1,0.1951879858970642,0,1,0.19678834080696106,0,1,0.20127297937870026,0,1,0.2044779509305954,0,1,0.2022717446088791
subject_13:sample_0000526,13,526,0,0,1,0,1,0,1,0.1937597543001175,0,1,0.19793343544006348,0,1,0.20189215242862701,0,1,0.20382951200008392,0,1,0.20258410274982452
subject_13:sample_0000527,13,527,0,0,1,0,1,0,1,0.19314585626125336,0,1,0.19837771356105804,0,1,0.2025112509727478,0,1,0.20353901386260986,0,1,0.20242524147033691
subject_13:sample_0000528,13,528,0,0,1,0,1,0,1,0.19292424619197845,0,1,0.1985691487789154,0,1,0.20276856422424316,0,1,0.20339617133140564,0,1,0.20234088599681854
subject_13:sample_0000529,13,529,0,0,1,0,1,0,1,0.19207505881786346,0,1,0.20038574934005737,0,1,0.20257656276226044,0,1,0.20315060019493103,0,1,0.20181109011173248
subject_13:sample_0000530,13,530,0,0,1,0,1,0,1,0.19177287817001343,0,1,0.20110101997852325,0,1,0.2022905796766281,0,1,0.20331721007823944,0,1,0.20151741802692413
subject_13:sample_0000531,13,531,0,0,1,0,1,0,1,0.19199907779693604,0,1,0.20027704536914825,0,1,0.202583447098732,0,1,0.2033510059118271,0,1,0.20178848505020142
subject_13:sample_0000532,13,532,0,0,1,0,1,0,1,0.19196370244026184,0,1,0.19975781440734863,0,1,0.20294611155986786,0,1,0.20334312319755554,0,1,0.2019883543252945
subject_13:sample_0000533,13,533,0,0,1,0,1,0,1,0.19163461029529572,0,1,0.1994280368089676,0,1,0.20340082049369812,0,1,0.20331378281116486,0,1,0.2022218555212021
subject_13:sample_0000534,13,534,0,0,1,0,1,0,1,0.1912928968667984,0,1,0.1988202929496765,0,1,0.20393265783786774,0,1,0.2033066302537918,0,1,0.2026466429233551
subject_13:sample_0000535,13,535,0,0,1,0,1,0,1,0.19087867438793182,0,1,0.19821235537528992,0,1,0.2043701857328415,0,1,0.203311026096344,0,1,0.20322683453559875
subject_13:sample_0000536,13,536,0,0,1,0,1,0,1,0.19050762057304382,0,1,0.1976853609085083,0,1,0.2045922577381134,0,1,0.20355825126171112,0,1,0.20365561544895172
subject_13:sample_0000537,13,537,0,0,1,0,1,0,1,0.1900276392698288,0,1,0.1979457587003708,0,1,0.2046283483505249,0,1,0.20358014106750488,0,1,0.20381715893745422
subject_13:sample_0000538,13,538,0,0,1,0,1,0,1,0.18906214833259583,0,1,0.19961115717887878,0,1,0.2043224424123764,0,1,0.20344936847686768,0,1,0.20355387032032013
subject_13:sample_0000539,13,539,0,0,1,0,1,0,1,0.18731635808944702,0,1,0.20217928290367126,0,1,0.20364300906658173,0,1,0.20400965213775635,0,1,0.20285077393054962
subject_13:sample_0000540,13,540,0,0,1,0,1,2,0,0.1907697319984436,0,1,0.20400719344615936,0,1,0.2025659680366516,0,1,0.20409360527992249,0,1,0.19856253266334534
subject_13:sample_0000541,13,541,0,0,1,0,1,2,0,0.18999041616916656,0,1,0.2057701051235199,0,1,0.2050885707139969,0,1,0.20516139268875122,2,0,0.193988636136055
subject_13:sample_0000542,13,542,0,2,0,0,1,2,0,0.18418285250663757,0,1,0.2117973417043686,0,1,0.21293893456459045,0,1,0.20893509685993195,2,0,0.1821448653936386
subject_13:sample_0000543,13,543,0,2,0,2,0,2,0,0.1820531040430069,2,0,0.21449793875217438,2,0,0.20366962254047394,0,1,0.21599633991718292,2,0,0.18378199636936188
subject_13:sample_0000544,13,544,0,2,0,2,0,2,0,0.18266795575618744,2,0,0.20258471369743347,2,0,0.19210031628608704,1,0,0.23692134022712708,2,0,0.18572477996349335
subject_13:sample_0000545,13,545,0,2,0,2,0,2,0,0.1847347766160965,2,0,0.20133772492408752,2,0,0.18875008821487427,2,0,0.23681959509849548,2,0,0.18835683166980743
subject_13:sample_0000546,13,546,0,2,0,2,0,2,0,0.1875220388174057,2,0,0.20189830660820007,2,0,0.19078992307186127,2,0,0.22819529473781586,2,0,0.19159351289272308
subject_13:sample_0000547,13,547,0,2,0,2,0,2,0,0.19004736840724945,2,0,0.20215728878974915,2,0,0.19481295347213745,2,0,0.21858158707618713,2,0,0.19439983367919922
subject_13:sample_0000548,13,548,0,2,0,2,0,2,0,0.19323967397212982,2,0,0.20409515500068665,2,0,0.19904261827468872,2,0,0.2069477140903473,2,0,0.1966739296913147
subject_13:sample_0000549,13,549,0,2,0,2,0,2,0,0.19691593945026398,2,0,0.20621110498905182,2,0,0.20073302090168,2,0,0.1972508579492569,2,0,0.1988881230354309
subject_13:sample_0000550,13,550,0,2,0,2,0,2,0,0.1975276619195938,2,0,0.20736171305179596,2,0,0.19981062412261963,2,0,0.19662009179592133,2,0,0.19867894053459167
subject_13:sample_0000551,13,551,0,2,0,2,0,2,0,0.19769936800003052,2,0,0.20798376202583313,2,0,0.19903327524662018,2,0,0.1968190222978592,2,0,0.1984635889530182
subject_13:sample_0000552,13,552,0,2,0,2,0,2,0,0.19803114235401154,2,0,0.20839136838912964,2,0,0.19828061759471893,2,0,0.19701062142848969,2,0,0.19828522205352783
subject_13:sample_0000553,13,553,0,2,0,2,0,2,0,0.1983470916748047,2,0,0.20855768024921417,2,0,0.19775362312793732,2,0,0.1971016824245453,2,0,0.19823890924453735
subject_13:sample_0000554,13,554,0,2,0,2,0,2,0,0.19858258962631226,2,0,0.20862655341625214,2,0,0.1973879188299179,2,0,0.19714249670505524,2,0,0.19825945794582367
subject_13:sample_0000555,13,555,0,2,0,2,0,2,0,0.19877643883228302,2,0,0.20860323309898376,2,0,0.19709286093711853,2,0,0.19717681407928467,2,0,0.19834962487220764
subject_13:sample_0000556,13,556,0,2,0,2,0,2,0,0.19896702468395233,2,0,0.20857277512550354,2,0,0.19689923524856567,2,0,0.19713231921195984,2,0,0.19842767715454102
subject_13:sample_0000557,13,557,0,2,0,2,0,2,0,0.19909822940826416,2,0,0.20857416093349457,2,0,0.1968812197446823,2,0,0.1969936639070511,2,0,0.19845174252986908
subject_13:sample_0000558,13,558,0,2,0,2,0,2,0,0.19918860495090485,2,0,0.20862478017807007,2,0,0.1969832330942154,2,0,0.1967693716287613,2,0,0.1984330415725708
subject_13:sample_0000559,13,559,0,2,0,2,0,2,0,0.19921188056468964,2,0,0.2087087333202362,2,0,0.1971614509820938,2,0,0.19650302827358246,2,0,0.19841396808624268
subject_13:sample_0000560,13,560,0,2,0,2,0,2,0,0.19927425682544708,2,0,0.20870444178581238,2,0,0.1972811073064804,2,0,0.19635803997516632,2,0,0.1983812153339386
subject_13:sample_0000561,13,561,0,2,0,2,0,2,0,0.19953835010528564,2,0,0.20865902304649353,2,0,0.19726353883743286,2,0,0.1962236613035202,2,0,0.19831444323062897
subject_13:sample_0000562,13,562,0,2,0,2,0,2,0,0.1996968537569046,2,0,0.2086678296327591,2,0,0.19718238711357117,2,0,0.19615912437438965,2,0,0.19829288125038147
subject_13:sample_0000563,13,563,0,2,0,2,0,2,0,0.19985540211200714,2,0,0.20857463777065277,2,0,0.19716419279575348,2,0,0.19610989093780518,2,0,0.19829487800598145
subject_13:sample_0000564,13,564,0,2,0,2,0,2,0,0.20003949105739594,2,0,0.20853972434997559,2,0,0.19706939160823822,2,0,0.19605328142642975,2,0,0.1982971727848053
subject_13:sample_0000565,13,565,0,2,0,2,0,2,0,0.20020747184753418,2,0,0.20856402814388275,2,0,0.19693592190742493,2,0,0.19601403176784515,2,0,0.19827763736248016
subject_13:sample_0000566,13,566,0,2,0,2,0,2,0,0.20038433372974396,2,0,0.20868465304374695,2,0,0.19676589965820312,2,0,0.19595730304718018,2,0,0.198206827044487
subject_13:sample_0000567,13,567,0,2,0,2,0,2,0,0.20058125257492065,2,0,0.20891115069389343,2,0,0.19661439955234528,2,0,0.19585047662258148,2,0,0.19804173707962036
subject_13:sample_0000568,13,568,0,2,0,2,0,2,0,0.2007477879524231,2,0,0.2090921550989151,2,0,0.196458637714386,2,0,0.19573429226875305,2,0,0.19796615839004517
subject_13:sample_0000569,13,569,0,2,0,2,0,2,0,0.20083260536193848,2,0,0.20927198231220245,2,0,0.19636964797973633,2,0,0.19565781950950623,2,0,0.1978669911623001
subject_13:sample_0000570,13,570,0,2,0,2,0,2,0,0.20087219774723053,2,0,0.2093750238418579,2,0,0.19633087515830994,2,0,0.19560006260871887,2,0,0.19782084226608276
subject_13:sample_0000571,13,571,0,2,0,2,0,2,0,0.20087537169456482,2,0,0.20944269001483917,2,0,0.19633591175079346,2,0,0.19554944336414337,2,0,0.1977955549955368
subject_13:sample_0000572,13,572,0,2,0,2,0,2,0,0.20081458985805511,2,0,0.20955169200897217,2,0,0.19635118544101715,2,0,0.1955125480890274,2,0,0.19776906073093414
subject_13:sample_0000573,13,573,0,2,0,2,0,2,0,0.200795978307724,2,0,0.20958168804645538,2,0,0.19639790058135986,2,0,0.19549177587032318,2,0,0.1977316290140152
subject_13:sample_0000574,13,574,0,2,0,2,0,2,0,0.20079676806926727,2,0,0.2095998078584671,2,0,0.19651922583580017,2,0,0.1954413503408432,2,0,0.19764190912246704
subject_13:sample_0000575,13,575,0,2,0,2,0,2,0,0.20087049901485443,2,0,0.2094203680753708,2,0,0.196787029504776,2,0,0.19541622698307037,2,0,0.1975048929452896
subject_13:sample_0000576,13,576,0,2,0,2,0,2,0,0.20100142061710358,2,0,0.20931805670261383,2,0,0.19690698385238647,2,0,0.19539140164852142,2,0,0.19738119840621948
subject_13:sample_0000577,13,577,0,2,0,2,0,2,0,0.20110578835010529,2,0,0.2092522829771042,2,0,0.1969592273235321,2,0,0.19538916647434235,2,0,0.19729259610176086
subject_13:sample_0000578,13,578,0,2,0,2,0,2,0,0.2011505514383316,2,0,0.2091248482465744,2,0,0.1970420628786087,2,0,0.19544674456119537,2,0,0.19723480939865112
subject_13:sample_0000579,13,579,0,2,0,2,0,2,0,0.2012009620666504,2,0,0.20885179936885834,2,0,0.1972028762102127,2,0,0.19557425379753113,2,0,0.19716915488243103
subject_13:sample_0000580,13,580,0,2,0,2,0,2,0,0.2014545351266861,2,0,0.20825313031673431,2,0,0.197369784116745,2,0,0.1957409679889679,2,0,0.1971805989742279
subject_13:sample_0000581,13,581,0,2,0,2,0,2,0,0.20175224542617798,2,0,0.20759418606758118,2,0,0.1975521594285965,2,0,0.19584804773330688,2,0,0.19725245237350464
subject_13:sample_0000582,13,582,0,2,0,2,0,2,0,0.2021128088235855,2,0,0.2067759931087494,2,0,0.19778116047382355,2,0,0.19600394368171692,2,0,0.19732512533664703
subject_13:sample_0000583,13,583,0,2,0,2,0,2,0,0.20253536105155945,2,0,0.20595088601112366,2,0,0.197917640209198,2,0,0.19620785117149353,2,0,0.19738724827766418
subject_13:sample_0000584,13,584,0,2,0,2,0,2,0,0.2029401808977127,2,0,0.2053525596857071,2,0,0.19787725806236267,2,0,0.1963874250650406,2,0,0.19744163751602173
subject_13:sample_0000585,13,585,0,2,0,2,0,2,0,0.20292945206165314,2,0,0.204741969704628,2,0,0.19796165823936462,2,0,0.19675080478191376,2,0,0.19761516153812408
subject_13:sample_0000586,13,586,0,2,0,2,0,2,0,0.2031610906124115,2,0,0.20394136011600494,2,0,0.19815562665462494,2,0,0.19709283113479614,2,0,0.19764813780784607
subject_13:sample_0000587,13,587,0,2,0,2,0,2,0,0.2037169337272644,2,0,0.2029300332069397,2,0,0.1982157975435257,2,0,0.1976405829191208,2,0,0.19749562442302704
subject_13:sample_0000588,13,588,0,2,0,2,0,2,0,0.2002604603767395,2,0,0.20307883620262146,2,0,0.19847269356250763,2,0,0.19951097667217255,2,0,0.19867603480815887
subject_13:sample_0000589,13,589,0,2,0,2,0,2,0,0.19911307096481323,2,0,0.2017611712217331,2,0,0.19742685556411743,2,0,0.20108771324157715,2,0,0.20061016082763672
subject_13:sample_0000590,13,590,0,2,0,2,0,2,0,0.19894392788410187,2,0,0.2010786533355713,2,0,0.19665351510047913,2,0,0.20191143453121185,2,0,0.2014114409685135
subject_13:sample_0000591,13,591,0,2,0,2,0,2,0,0.19880971312522888,2,0,0.20047615468502045,2,0,0.19744403660297394,2,0,0.20231476426124573,2,0,0.2009543627500534
subject_13:sample_0000592,13,592,0,2,0,2,0,2,0,0.19701224565505981,2,0,0.19959518313407898,2,0,0.19971181452274323,2,0,0.2030009925365448,2,0,0.2006787657737732
subject_13:sample_0000593,13,593,0,2,0,2,0,2,0,0.1962365061044693,2,0,0.19840776920318604,2,0,0.2012653946876526,2,0,0.20289966464042664,2,0,0.20118966698646545
subject_13:sample_0000594,13,594,0,2,0,2,0,2,0,0.1979520469903946,2,0,0.19750720262527466,2,0,0.2011057734489441,2,0,0.20202766358852386,2,0,0.2014063149690628
subject_13:sample_0000595,13,595,0,2,0,2,0,2,0,0.19924648106098175,2,0,0.19747652113437653,2,0,0.20249269902706146,2,0,0.20094193518161774,2,0,0.19984138011932373
subject_13:sample_0000596,13,596,0,2,0,2,0,2,0,0.20082411170005798,2,0,0.19886498153209686,2,0,0.2017078995704651,2,0,0.20021648705005646,2,0,0.1983855664730072
subject_13:sample_0000597,13,597,0,2,0,0,1,2,0,0.20352983474731445,2,0,0.1994762271642685,2,0,0.19740061461925507,2,0,0.19951394200325012,2,0,0.2000783532857895
subject_13:sample_0000598,13,598,0,0,1,0,1,0,1,0.20436325669288635,0,1,0.2002914696931839,0,1,0.1961892992258072,0,1,0.20058248937129974,0,1,0.19857245683670044
subject_13:sample_0000599,13,599,0,0,1,0,1,0,1,0.20469410717487335,0,1,0.2014092355966568,0,1,0.19502145051956177,0,1,0.20175598561763763,0,1,0.19711819291114807
subject_13:sample_0000600,13,600,0,0,1,0,1,0,1,0.20465822517871857,0,1,0.20207731425762177,0,1,0.19476252794265747,0,1,0.20186489820480347,0,1,0.19663606584072113
subject_13:sample_0000601,13,601,0,0,1,0,1,0,1,0.20424415171146393,0,1,0.20293878018856049,0,1,0.19486290216445923,0,1,0.20186160504817963,0,1,0.19609159231185913
subject_13:sample_0000602,13,602,0,0,1,0,1,0,1,0.20363132655620575,0,1,0.20365554094314575,0,1,0.19528643786907196,0,1,0.20170383155345917,0,1,0.19572192430496216
subject_13:sample_0000603,13,603,0,0,1,0,1,0,1,0.20300175249576569,0,1,0.20393182337284088,0,1,0.1956626921892166,0,1,0.20170310139656067,0,1,0.1956995725631714
subject_13:sample_0000604,13,604,0,0,1,0,1,0,1,0.2023562490940094,0,1,0.20412640273571014,0,1,0.19589588046073914,0,1,0.20178966224193573,0,1,0.1958308219909668
subject_13:sample_0000605,13,605,0,0,1,0,1,0,1,0.20166844129562378,0,1,0.20421160757541656,0,1,0.1960407942533493,0,1,0.20197738707065582,0,1,0.19610081613063812
subject_13:sample_0000606,13,606,0,0,1,0,1,0,1,0.20023496448993683,0,1,0.20447975397109985,0,1,0.19684341549873352,0,1,0.20216579735279083,0,1,0.19627505540847778
subject_13:sample_0000607,13,607,0,0,1,0,1,0,1,0.19979123771190643,0,1,0.20436018705368042,0,1,0.19696569442749023,0,1,0.2023475468158722,0,1,0.19653436541557312
subject_13:sample_0000608,13,608,0,0,1,0,1,0,1,0.2000385820865631,0,1,0.20376676321029663,0,1,0.1968742311000824,0,1,0.20247627794742584,0,1,0.196843221783638
subject_13:sample_0000609,13,609,0,0,1,0,1,0,1,0.20018461346626282,0,1,0.2032606154680252,0,1,0.19706785678863525,0,1,0.20249710977077484,0,1,0.19698882102966309
subject_13:sample_0000610,13,610,0,0,1,0,1,0,1,0.2004385143518448,0,1,0.20273925364017487,0,1,0.19722096621990204,0,1,0.20244050025939941,0,1,0.1971598118543625
subject_13:sample_0000611,13,611,0,0,1,0,1,0,1,0.20091496407985687,0,1,0.20242252945899963,0,1,0.19713521003723145,0,1,0.20190122723579407,0,1,0.19762514531612396
subject_13:sample_0000612,13,612,0,0,1,0,1,0,1,0.1996147334575653,0,1,0.20378150045871735,0,1,0.1946520358324051,0,1,0.20159265398979187,0,1,0.2003580927848816
subject_13:sample_0000613,13,613,0,2,0,0,1,0,1,0.19562283158302307,2,0,0.20440390706062317,0,1,0.19328851997852325,2,0,0.2030670940876007,2,0,0.20361661911010742
subject_13:sample_0000614,13,614,0,2,0,2,0,2,0,0.205152690410614,2,0,0.20016872882843018,2,0,0.20316782593727112,2,0,0.19531896710395813,2,0,0.19619077444076538
subject_13:sample_0000615,13,615,0,2,0,2,0,2,0,0.20712359249591827,2,0,0.19543316960334778,2,0,0.21116453409194946,2,0,0.19258707761764526,2,0,0.19369059801101685
subject_13:sample_0000616,13,616,0,2,0,2,0,2,0,0.20774905383586884,2,0,0.19150856137275696,2,0,0.21732716262340546,2,0,0.19130946695804596,2,0,0.1921047419309616
subject_13:sample_0000617,13,617,0,2,0,2,0,2,0,0.20892150700092316,2,0,0.18775208294391632,2,0,0.22051486372947693,2,0,0.19133053719997406,2,0,0.19147996604442596
subject_13:sample_0000618,13,618,0,2,0,2,0,2,0,0.2094654142856598,2,0,0.18620508909225464,2,0,0.22149133682250977,2,0,0.1915312260389328,2,0,0.1913059800863266
subject_13:sample_0000619,13,619,0,2,0,2,0,2,0,0.2090686857700348,2,0,0.18558509647846222,2,0,0.22258561849594116,2,0,0.19164195656776428,2,0,0.19111768901348114
subject_13:sample_0000620,13,620,0,2,0,2,0,2,0,0.20787936449050903,2,0,0.18587207794189453,2,0,0.22210641205310822,2,0,0.19249635934829712,2,0,0.19164492189884186
subject_13:sample_0000621,13,621,0,2,0,2,0,2,0,0.2072375863790512,2,0,0.1860884577035904,2,0,0.22170011699199677,2,0,0.19306835532188416,2,0,0.19190455973148346
subject_13:sample_0000622,13,622,0,2,0,2,0,2,0,0.20697693526744843,2,0,0.18695025146007538,2,0,0.2188541740179062,2,0,0.19432508945465088,2,0,0.1928926706314087
subject_13:sample_0000623,13,623,0,2,0,2,0,2,0,0.2058967798948288,2,0,0.18830494582653046,2,0,0.21736422181129456,2,0,0.1950361132621765,2,0,0.19339703023433685
subject_13:sample_0000624,13,624,0,2,0,2,0,2,0,0.20479246973991394,2,0,0.18973055481910706,2,0,0.2164689600467682,2,0,0.19535356760025024,2,0,0.19365349411964417
subject_13:sample_0000625,13,625,0,2,0,2,0,2,0,0.20383185148239136,2,0,0.19049273431301117,2,0,0.21561062335968018,2,0,0.19579733908176422,2,0,0.1942664533853531
subject_13:sample_0000626,13,626,0,2,0,2,0,2,0,0.20232485234737396,2,0,0.19064103066921234,2,0,0.2149968147277832,2,0,0.19675445556640625,2,0,0.19528183341026306
subject_13:sample_0000627,13,627,0,2,0,2,0,2,0,0.200298011302948,2,0,0.19096128642559052,2,0,0.21263356506824493,2,0,0.1988203525543213,2,0,0.19728577136993408
subject_13:sample_0000628,13,628,0,2,0,2,0,2,0,0.19861730933189392,2,0,0.19081665575504303,2,0,0.2113376259803772,2,0,0.20102250576019287,2,0,0.19820493459701538
subject_13:sample_0000629,13,629,0,2,0,2,0,2,0,0.19692419469356537,2,0,0.18941113352775574,2,0,0.21315306425094604,2,0,0.2024582028388977,2,0,0.19805249571800232
subject_13:sample_0000630,13,630,0,2,0,2,0,2,0,0.19554036855697632,2,0,0.18862490355968475,2,0,0.2139662504196167,2,0,0.20374003052711487,2,0,0.19812746345996857
subject_13:sample_0000631,13,631,0,2,0,2,0,2,0,0.1942734271287918,2,0,0.18939758837223053,2,0,0.21286830306053162,2,0,0.20471809804439545,2,0,0.19874170422554016
subject_13:sample_0000632,13,632,0,2,0,2,0,2,0,0.19421866536140442,2,0,0.19091621041297913,2,0,0.21089714765548706,2,0,0.20465676486492157,2,0,0.19931025803089142
subject_13:sample_0000633,13,633,0,2,0,2,0,2,0,0.19416579604148865,2,0,0.19210687279701233,2,0,0.20958343148231506,2,0,0.20437510311603546,2,0,0.19976790249347687
subject_13:sample_0000634,13,634,0,2,0,2,0,2,0,0.1942448765039444,2,0,0.1944851130247116,2,0,0.2072710245847702,2,0,0.20406340062618256,2,0,0.19993461668491364
subject_13:sample_0000635,13,635,0,2,0,2,0,2,0,0.1964244693517685,2,0,0.19899778068065643,2,0,0.20110660791397095,2,0,0.20311489701271057,2,0,0.20035520195960999
subject_13:sample_0000636,13,636,0,2,0,2,0,2,0,0.19877953827381134,2,0,0.20218347012996674,2,0,0.19629092514514923,2,0,0.2015821486711502,2,0,0.20116294920444489
subject_13:sample_0000637,13,637,0,2,0,2,0,2,0,0.20022836327552795,2,0,0.2033202201128006,2,0,0.19412794709205627,2,0,0.20067228376865387,2,0,0.2016502320766449
subject_13:sample_0000638,13,638,0,2,0,2,0,2,0,0.2009590119123459,2,0,0.20392288267612457,2,0,0.19305790960788727,2,0,0.2003498524427414,2,0,0.20170938968658447
subject_13:sample_0000639,13,639,0,2,0,2,0,2,0,0.20118151605129242,2,0,0.2046409249305725,2,0,0.1926661878824234,2,0,0.20004719495773315,2,0,0.2014632374048233
subject_13:sample_0000640,13,640,0,2,0,2,0,2,0,0.20168614387512207,2,0,0.20508380234241486,2,0,0.19253182411193848,2,0,0.19967113435268402,2,0,0.20102620124816895
subject_13:sample_0000641,13,641,0,2,0,2,0,2,0,0.20269469916820526,2,0,0.20441515743732452,2,0,0.19281280040740967,2,0,0.1994990110397339,2,0,0.20057740807533264
subject_13:sample_0000642,13,642,0,2,0,2,0,2,0,0.20354020595550537,2,0,0.20286442339420319,2,0,0.19376684725284576,2,0,0.19963981211185455,2,0,0.2001877725124359
subject_13:sample_0000643,13,643,0,2,0,2,0,2,0,0.20364955067634583,2,0,0.20138859748840332,2,0,0.1952754408121109,2,0,0.1997171938419342,2,0,0.19996827840805054
subject_13:sample_0000644,13,644,0,2,0,2,0,2,0,0.20355725288391113,2,0,0.200378879904747,2,0,0.19666078686714172,2,0,0.1995503008365631,2,0,0.19985181093215942
subject_13:sample_0000645,13,645,0,2,0,2,0,2,0,0.20315778255462646,2,0,0.19969607889652252,2,0,0.19790776073932648,2,0,0.1993938833475113,2,0,0.19984349608421326
subject_13:sample_0000646,13,646,0,2,0,2,0,2,0,0.20272433757781982,2,0,0.19924810528755188,2,0,0.19885237514972687,2,0,0.19933177530765533,2,0,0.1998424082994461
subject_13:sample_0000647,13,647,0,2,0,2,0,2,0,0.20229865610599518,2,0,0.19888724386692047,2,0,0.1995810717344284,2,0,0.19932827353477478,2,0,0.19990378618240356
subject_13:sample_0000648,13,648,0,2,0,2,0,2,0,0.20190691947937012,2,0,0.19860978424549103,2,0,0.200129434466362,2,0,0.19935902953147888,2,0,0.19999383389949799
subject_13:sample_0000649,13,649,0,2,0,2,0,2,0,0.2015751153230667,2,0,0.19842548668384552,2,0,0.20054273307323456,2,0,0.19939787685871124,2,0,0.20005786418914795
subject_13:sample_0000650,13,650,0,2,0,2,0,2,0,0.20129680633544922,2,0,0.1983032077550888,2,0,0.20081830024719238,2,0,0.19944728910923004,2,0,0.20013342797756195
subject_13:sample_0000651,13,651,0,2,0,2,0,2,0,0.2009894847869873,2,0,0.19821317493915558,2,0,0.20103409886360168,2,0,0.19951246678829193,2,0,0.20024988055229187
subject_13:sample_0000652,13,652,0,2,0,2,0,2,0,0.20067034661769867,2,0,0.19815456867218018,2,0,0.20121541619300842,2,0,0.1995856612920761,2,0,0.20037299394607544
subject_13:sample_0000653,13,653,0,2,0,2,0,2,0,0.20045167207717896,2,0,0.19804522395133972,2,0,0.2013605684041977,2,0,0.19963224232196808,2,0,0.20050935447216034
subject_13:sample_0000654,13,654,0,2,0,2,0,2,0,0.20019587874412537,2,0,0.19791197776794434,2,0,0.201612189412117,2,0,0.19965285062789917,2,0,0.20062613487243652
subject_13:sample_0000655,13,655,0,2,0,2,0,2,0,0.20003879070281982,2,0,0.19775061309337616,2,0,0.20191021263599396,2,0,0.1996193528175354,2,0,0.20068007707595825
subject_13:sample_0000656,13,656,0,2,0,2,0,2,0,0.20000821352005005,2,0,0.1975691169500351,2,0,0.20223772525787354,2,0,0.1995265632867813,2,0,0.20065738260746002
subject_13:sample_0000657,13,657,0,2,0,2,0,2,0,0.19994302093982697,2,0,0.19743885099887848,2,0,0.20254778861999512,2,0,0.19944317638874054,2,0,0.20062623918056488
subject_13:sample_0000658,13,658,0,2,0,2,0,2,0,0.19991402328014374,2,0,0.1973123848438263,2,0,0.2028747797012329,2,0,0.19933854043483734,2,0,0.2005593329668045
subject_13:sample_0000659,13,659,0,2,0,2,0,2,0,0.19982832670211792,2,0,0.19720958173274994,2,0,0.20321960747241974,2,0,0.19925060868263245,2,0,0.20049086213111877
subject_13:sample_0000660,13,660,0,2,0,2,0,2,0,0.19976769387722015,2,0,0.19714835286140442,2,0,0.20344658195972443,2,0,0.1991969794034958,2,0,0.20043937861919403
subject_13:sample_0000661,13,661,0,2,0,2,0,2,0,0.19972366094589233,2,0,0.1970885992050171,2,0,0.20364539325237274,2,0,0.19915443658828735,2,0,0.2003868818283081
subject_13:sample_0000662,13,662,0,2,0,2,0,2,0,0.19977907836437225,2,0,0.1970045119524002,2,0,0.20379725098609924,2,0,0.19910119473934174,2,0,0.200316920876503
subject_13:sample_0000663,13,663,0,2,0,2,0,2,0,0.19983045756816864,2,0,0.19691818952560425,2,0,0.2039811611175537,2,0,0.19903884828090668,2,0,0.20023031532764435
subject_13:sample_0000664,13,664,0,2,0,2,0,2,0,0.19984924793243408,2,0,0.19683782756328583,2,0,0.20417974889278412,2,0,0.1989866942167282,2,0,0.20014549791812897
subject_13:sample_0000665,13,665,0,2,0,2,0,2,0,0.1998327672481537,2,0,0.1967879980802536,2,0,0.20432107150554657,2,0,0.19896073639392853,2,0,0.2000964879989624
subject_13:sample_0000666,13,666,0,2,0,2,0,2,0,0.19981376826763153,2,0,0.19674508273601532,2,0,0.20443183183670044,2,0,0.19894050061702728,2,0,0.20006784796714783
subject_13:sample_0000667,13,667,0,2,0,2,0,2,0,0.19973772764205933,2,0,0.19674816727638245,2,0,0.20443636178970337,2,0,0.19897054135799408,2,0,0.20010630786418915
subject_13:sample_0000668,13,668,0,2,0,2,0,2,0,0.1994498372077942,2,0,0.19683706760406494,2,0,0.20441481471061707,2,0,0.1990727037191391,2,0,0.20022456347942352
subject_13:sample_0000669,13,669,0,2,0,2,0,2,0,0.19911670684814453,2,0,0.19697265326976776,2,0,0.2043331265449524,2,0,0.1992117464542389,2,0,0.20036481320858002
subject_13:sample_0000670,13,670,0,2,0,2,0,2,0,0.19907298684120178,2,0,0.19701065123081207,2,0,0.20426584780216217,2,0,0.19925269484519958,2,0,0.20039686560630798
subject_13:sample_0000671,13,671,0,2,0,2,0,2,0,0.1991158127784729,2,0,0.19701622426509857,2,0,0.20421786606311798,2,0,0.1992521584033966,2,0,0.20039695501327515
subject_13:sample_0000672,13,672,0,2,0,2,0,2,0,0.1991802304983139,2,0,0.19703935086727142,2,0,0.20409947633743286,2,0,0.19926995038986206,2,0,0.20041002333164215
subject_13:sample_0000673,13,673,0,2,0,2,0,2,0,0.19922523200511932,2,0,0.1970503032207489,2,0,0.20402006804943085,2,0,0.19928407669067383,2,0,0.20041930675506592
subject_13:sample_0000674,13,674,0,1,0,1,0,1,0,0.19957335293293,1,0,0.19586125016212463,1,0,0.20108939707279205,1,0,0.203720360994339,1,0,0.19975468516349792
subject_13:sample_0000675,13,675,0,1,0,1,0,1,0,0.19955769181251526,1,0,0.19596551358699799,1,0,0.20109780132770538,1,0,0.20362482964992523,1,0,0.19975325465202332
subject_13:sample_0000676,13,676,0,1,0,1,0,1,0,0.19954614341259003,1,0,0.19600065052509308,1,0,0.20124858617782593,1,0,0.203468456864357,1,0,0.19973517954349518
subject_13:sample_0000677,13,677,0,1,0,1,0,1,0,0.1995486468076706,1,0,0.19607003033161163,1,0,0.20136576890945435,1,0,0.2032824605703354,1,0,0.19973206520080566
subject_13:sample_0000678,13,678,0,1,0,1,0,1,0,0.19952526688575745,1,0,0.1961432248353958,1,0,0.2015453577041626,1,0,0.2030753493309021,1,0,0.19970977306365967
subject_13:sample_0000679,13,679,0,1,0,1,0,1,0,0.1994861215353012,1,0,0.19622786343097687,1,0,0.20177285373210907,1,0,0.20283327996730804,1,0,0.19967886805534363
subject_13:sample_0000680,13,680,0,1,0,1,0,1,0,0.19942337274551392,1,0,0.19629956781864166,1,0,0.20213638246059418,1,0,0.20251142978668213,1,0,0.19962824881076813
subject_13:sample_0000681,13,681,0,1,0,1,0,1,0,0.19939708709716797,1,0,0.19628363847732544,1,0,0.20255793631076813,1,0,0.20218421518802643,1,0,0.19957613945007324
subject_13:sample_0000682,13,682,0,1,0,1,0,1,0,0.1994740515947342,1,0,0.19628335535526276,1,0,0.20282191038131714,1,0,0.20185957849025726,1,0,0.19956013560295105
subject_13:sample_0000683,13,683,0,1,0,1,0,1,0,0.19952331483364105,1,0,0.1962280422449112,1,0,0.20307551324367523,1,0,0.2016720473766327,1,0,0.1995001584291458
subject_13:sample_0000684,13,684,0,1,0,1,0,1,0,0.19953615963459015,1,0,0.19625887274742126,1,0,0.20329667627811432,1,0,0.2014554888010025,1,0,0.1994517743587494
subject_13:sample_0000685,13,685,0,1,0,1,0,1,0,0.1995231807231903,1,0,0.19638313353061676,1,0,0.20340096950531006,1,0,0.20127345621585846,1,0,0.19941827654838562
subject_13:sample_0000686,13,686,0,1,0,1,0,1,0,0.19942845404148102,1,0,0.19658765196800232,1,0,0.20343579351902008,1,0,0.20118899643421173,1,0,0.19935816526412964
subject_13:sample_0000687,13,687,0,1,0,1,0,1,0,0.19923284649848938,1,0,0.19680821895599365,1,0,0.2034296989440918,1,0,0.2012385129928589,1,0,0.19928976893424988
subject_13:sample_0000688,13,688,0,1,0,1,0,1,0,0.19886194169521332,1,0,0.19709673523902893,1,0,0.20329606533050537,1,0,0.20145097374916077,1,0,0.1992933303117752
subject_13:sample_0000689,13,689,0,1,0,1,0,1,0,0.19846166670322418,1,0,0.19735415279865265,1,0,0.20295679569244385,1,0,0.20169544219970703,1,0,0.1995309740304947
subject_13:sample_0000690,13,690,0,1,0,1,0,1,0,0.19808627665042877,1,0,0.197565957903862,1,0,0.2025400549173355,1,0,0.20181642472743988,1,0,0.1999903917312622
subject_13:sample_0000691,13,691,0,1,0,1,0,1,0,0.19781209528446198,1,0,0.197690948843956,1,0,0.2021903395652771,1,0,0.2017701119184494,1,0,0.20053553581237793
subject_13:sample_0000692,13,692,0,1,0,1,0,1,0,0.19777216017246246,1,0,0.1976465880870819,1,0,0.20189478993415833,1,0,0.2016099989414215,1,0,0.201075479388237
subject_13:sample_0000693,13,693,0,1,0,1,0,1,0,0.19798821210861206,1,0,0.19754929840564728,1,0,0.2016855925321579,1,0,0.20144222676753998,1,0,0.20133370161056519
subject_13:sample_0000694,13,694,0,1,0,1,0,1,0,0.19823959469795227,1,0,0.19767405092716217,1,0,0.2010982781648636,1,0,0.201401948928833,1,0,0.20158518850803375
subject_13:sample_0000695,13,695,0,1,0,1,0,1,0,0.198563352227211,1,0,0.1980055272579193,1,0,0.2000640481710434,1,0,0.2014860212802887,1,0,0.2018800675868988
subject_13:sample_0000696,13,696,0,1,0,1,0,1,0,0.19892024993896484,1,0,0.19816508889198303,1,0,0.19956684112548828,1,0,0.20136892795562744,1,0,0.2019779086112976
subject_13:sample_0000697,13,697,0,1,0,1,0,1,0,0.19911931455135345,1,0,0.19829286634922028,1,0,0.1991918683052063,1,0,0.2013404816389084,1,0,0.20205450057983398
subject_13:sample_0000698,13,698,0,1,0,1,0,1,0,0.1994810849428177,1,0,0.1983257532119751,1,0,0.1992115080356598,1,0,0.2010812759399414,1,0,0.20189940929412842
subject_13:sample_0000699,13,699,0,1,0,1,0,1,0,0.19972434639930725,1,0,0.19832397997379303,1,0,0.19932854175567627,1,0,0.20087039470672607,1,0,0.20175181329250336
subject_13:sample_0000700,13,700,0,1,0,1,0,1,0,0.19994692504405975,1,0,0.1983431726694107,1,0,0.19951070845127106,1,0,0.2006334811449051,1,0,0.2015647292137146
subject_13:sample_0000701,13,701,0,1,0,1,0,1,0,0.20009320974349976,1,0,0.19837462902069092,1,0,0.19975197315216064,1,0,0.200397789478302,1,0,0.20138143002986908
subject_13:sample_0000702,13,702,0,1,0,1,0,1,0,0.20026256144046783,1,0,0.19856828451156616,1,0,0.1996290534734726,1,0,0.20024020969867706,1,0,0.20129890739917755
subject_13:sample_0000703,13,703,0,1,0,1,0,1,0,0.2003423124551773,1,0,0.19873517751693726,1,0,0.1995755434036255,1,0,0.2001277655363083,1,0,0.20121820271015167
subject_13:sample_0000704,13,704,0,1,0,1,0,1,0,0.20036198198795319,1,0,0.1988234519958496,1,0,0.19958466291427612,1,0,0.20007023215293884,1,0,0.20115874707698822
subject_13:sample_0000705,13,705,0,1,0,1,0,1,0,0.20039279758930206,1,0,0.19887973368167877,1,0,0.1995028257369995,1,0,0.20007717609405518,1,0,0.20114648342132568
subject_13:sample_0000706,13,706,0,1,0,1,0,1,0,0.20041579008102417,1,0,0.1989753693342209,1,0,0.19933415949344635,1,0,0.20009338855743408,1,0,0.20118027925491333
subject_13:sample_0000707,13,707,0,1,0,1,0,1,0,0.2004370540380478,1,0,0.19902466237545013,1,0,0.19923196732997894,1,0,0.20011267066001892,1,0,0.2011926770210266
subject_13:sample_0000708,13,708,0,1,0,1,0,1,0,0.20044195652008057,1,0,0.1991303563117981,1,0,0.19920407235622406,1,0,0.20006628334522247,1,0,0.20115633308887482
subject_13:sample_0000709,13,709,0,1,0,1,0,1,0,0.20043718814849854,1,0,0.19920068979263306,1,0,0.19919128715991974,1,0,0.20002835988998413,1,0,0.20114153623580933
subject_13:sample_0000710,13,710,0,1,0,1,0,1,0,0.20045073330402374,1,0,0.19915516674518585,1,0,0.19920672476291656,1,0,0.2000163346529007,1,0,0.20117005705833435
subject_13:sample_0000711,13,711,0,1,0,1,0,1,0,0.20041728019714355,1,0,0.19912049174308777,1,0,0.19924883544445038,1,0,0.20000484585762024,1,0,0.20120759308338165
subject_13:sample_0000712,13,712,0,1,0,1,0,1,0,0.2003723531961441,1,0,0.19914352893829346,1,0,0.19925227761268616,1,0,0.1999850869178772,1,0,0.2012457549571991
subject_13:sample_0000713,13,713,0,1,0,1,0,1,0,0.2003449648618698,1,0,0.19918401539325714,1,0,0.19919894635677338,1,0,0.19998568296432495,1,0,0.20128542184829712
subject_13:sample_0000714,13,714,0,1,0,1,0,1,0,0.20031504333019257,1,0,0.19926594197750092,1,0,0.19919848442077637,1,0,0.19993454217910767,1,0,0.2012850046157837
subject_13:sample_0000715,13,715,0,1,0,1,0,1,0,0.2003086358308792,1,0,0.19931140542030334,1,0,0.19920854270458221,1,0,0.19989340007305145,1,0,0.20127707719802856
subject_13:sample_0000716,13,716,0,1,0,1,0,1,0,0.20033912360668182,1,0,0.1993887573480606,1,0,0.19917042553424835,1,0,0.19983935356140137,1,0,0.20126134157180786
subject_13:sample_0000717,13,717,0,1,0,1,0,1,0,0.20039020478725433,1,0,0.19938144087791443,1,0,0.19906103610992432,1,0,0.19984829425811768,1,0,0.20131804049015045
subject_13:sample_0000718,13,718,0,1,0,1,0,1,0,0.20043200254440308,1,0,0.1993088722229004,1,0,0.19881154596805573,1,0,0.19996704161167145,1,0,0.20147959887981415
subject_13:sample_0000719,13,719,0,1,0,1,0,1,0,0.20042715966701508,1,0,0.1992170214653015,1,0,0.1986149400472641,1,0,0.20010551810264587,1,0,0.20163436233997345
subject_13:sample_0000720,13,720,0,1,0,1,0,1,0,0.20044879615306854,1,0,0.1991661787033081,1,0,0.19837266206741333,1,0,0.20023685693740845,1,0,0.20177452266216278
subject_13:sample_0000721,13,721,0,1,0,1,0,1,0,0.20039717853069305,1,0,0.1990610808134079,1,0,0.19824525713920593,1,0,0.20040038228034973,1,0,0.20189516246318817
subject_13:sample_0000722,13,722,0,1,0,1,0,1,0,0.2002803534269333,1,0,0.1988198608160019,1,0,0.19867505133152008,1,0,0.20042107999324799,1,0,0.20180270075798035
subject_13:sample_0000723,13,723,0,1,0,1,0,1,0,0.20014965534210205,1,0,0.19856490194797516,1,0,0.19944608211517334,1,0,0.20031145215034485,1,0,0.20152689516544342
subject_13:sample_0000724,13,724,0,1,0,1,0,1,0,0.20003759860992432,1,0,0.1984766721725464,1,0,0.2001342475414276,1,0,0.20017103850841522,1,0,0.20117947459220886
subject_13:sample_0000725,13,725,0,1,0,1,0,1,0,0.1998797506093979,1,0,0.19863998889923096,1,0,0.20064479112625122,1,0,0.20010234415531158,1,0,0.20073215663433075
subject_13:sample_0000726,13,726,0,1,0,1,0,1,0,0.19961872696876526,1,0,0.19899223744869232,1,0,0.2009444236755371,1,0,0.20020852982997894,1,0,0.20023517310619354
subject_13:sample_0000727,13,727,0,1,0,1,0,1,0,0.19950532913208008,1,0,0.19910608232021332,1,0,0.2009064108133316,1,0,0.2005271315574646,1,0,0.1999540627002716
subject_13:sample_0000728,13,728,0,1,0,1,0,1,0,0.19999542832374573,1,0,0.19893790781497955,1,0,0.20053070783615112,1,0,0.2008250206708908,1,0,0.1997099667787552
subject_13:sample_0000729,13,729,0,1,0,1,0,1,0,0.2009011059999466,1,0,0.1987116038799286,1,0,0.2002267688512802,1,0,0.20085527002811432,1,0,0.1993042677640915
subject_13:sample_0000730,13,730,0,1,0,1,0,1,0,0.201511412858963,1,0,0.19865183532238007,1,0,0.2001480907201767,1,0,0.20081114768981934,1,0,0.1988765150308609
subject_13:sample_0000731,13,731,0,1,0,1,0,1,0,0.20153532922267914,1,0,0.19881264865398407,1,0,0.20016907155513763,1,0,0.2007308304309845,1,0,0.19875116646289825
subject_13:sample_0000732,13,732,0,1,0,1,0,1,0,0.20076362788677216,1,0,0.19927005469799042,1,0,0.2002204954624176,1,0,0.20053911209106445,1,0,0.19920574128627777
subject_13:sample_0000733,13,733,0,1,0,1,0,1,0,0.19984181225299835,1,0,0.19971828162670135,1,0,0.20027630031108856,1,0,0.20003719627857208,1,0,0.20012541115283966
subject_13:sample_0000734,13,734,0,1,0,1,0,1,0,0.199361190199852,1,0,0.19971086084842682,1,0,0.20111796259880066,1,0,0.19909226894378662,1,0,0.2007167488336563
subject_13:sample_0000735,13,735,0,1,0,1,0,1,0,0.19906063377857208,1,0,0.19936169683933258,1,0,0.20276281237602234,1,0,0.1980508267879486,1,0,0.2007630467414856
subject_13:sample_0000736,13,736,0,1,0,1,0,1,0,0.1979338526725769,1,0,0.1979997754096985,1,0,0.20825812220573425,1,0,0.19621680676937103,1,0,0.1995905637741089
subject_13:sample_0000737,13,737,0,1,0,1,0,1,0,0.19742351770401,1,0,0.19721755385398865,1,0,0.21129846572875977,1,0,0.1951686590909958,1,0,0.19889086484909058
subject_13:sample_0000738,13,738,0,1,0,1,0,1,0,0.1973564177751541,1,0,0.19681183993816376,1,0,0.21243365108966827,1,0,0.19473734498023987,1,0,0.1986597776412964
subject_13:sample_0000739,13,739,0,1,0,1,0,1,0,0.19739195704460144,1,0,0.19644728302955627,1,0,0.21311654150485992,1,0,0.19442731142044067,1,0,0.1986158788204193
subject_13:sample_0000740,13,740,0,1,0,1,0,1,0,0.19746720790863037,1,0,0.19587606191635132,1,0,0.213961660861969,1,0,0.19390057027339935,1,0,0.19879354536533356
subject_13:sample_0000741,13,741,0,1,0,1,0,1,0,0.1967591941356659,1,0,0.19463582336902618,1,0,0.21789994835853577,1,0,0.19243675470352173,1,0,0.19826734066009521
subject_13:sample_0000742,13,742,0,1,0,1,0,1,0,0.19621825218200684,1,0,0.1938043087720871,0,1,0.22062301635742188,1,0,0.19136352837085724,1,0,0.19798991084098816
subject_13:sample_0000743,13,743,0,1,0,1,0,1,0,0.1959567666053772,1,0,0.19374826550483704,0,1,0.2209738940000534,1,0,0.19124619662761688,1,0,0.1980738788843155
subject_13:sample_0000744,13,744,0,1,0,1,0,1,0,0.19499479234218597,1,0,0.1933719664812088,0,1,0.2226094752550125,1,0,0.19081833958625793,1,0,0.19820448756217957
subject_13:sample_0000745,13,745,0,1,0,1,0,1,0,0.1936148852109909,1,0,0.19300702214241028,1,0,0.2224072515964508,1,0,0.19009871780872345,1,0,0.20087122917175293
subject_13:sample_0000746,13,746,0,1,0,1,0,1,0,0.19144102931022644,1,0,0.19206613302230835,0,1,0.21958468854427338,1,0,0.18847979605197906,1,0,0.2084273248910904
subject_13:sample_0000747,13,747,0,1,0,1,0,1,0,0.1883193403482437,1,0,0.19323275983333588,0,1,0.21666187047958374,1,0,0.18579109013080597,1,0,0.2159940004348755
subject_13:sample_0000748,13,748,0,1,0,1,0,1,0,0.1859402358531952,1,0,0.20097871124744415,0,1,0.21466584503650665,1,0,0.18347041308879852,0,1,0.2149438112974167
subject_13:sample_0000749,13,749,0,1,0,1,0,1,0,0.18448716402053833,1,0,0.20774151384830475,0,1,0.21349649131298065,1,0,0.18173770606517792,0,1,0.21253609657287598
subject_13:sample_0000750,13,750,0,1,0,1,0,1,0,0.18403272330760956,1,0,0.21143773198127747,0,1,0.2130148559808731,1,0,0.18079689145088196,0,1,0.2107168436050415
subject_13:sample_0000751,13,751,0,1,0,0,1,1,0,0.18564945459365845,0,1,0.20992210507392883,0,1,0.21314838528633118,1,0,0.18166647851467133,0,1,0.20961257815361023
subject_13:sample_0000752,13,752,0,1,0,0,1,1,0,0.1880481094121933,0,1,0.20867353677749634,0,1,0.2125348597764969,1,0,0.18242497742176056,0,1,0.20831753313541412
subject_13:sample_0000753,13,753,0,1,0,0,1,1,0,0.1989489644765854,0,1,0.20470282435417175,0,1,0.20932802557945251,1,0,0.18256819248199463,0,1,0.20445102453231812
subject_13:sample_0000754,13,754,0,0,1,0,1,0,1,0.20895197987556458,0,1,0.20113760232925415,0,1,0.20607857406139374,1,0,0.18318717181682587,0,1,0.20064371824264526
subject_13:sample_0000755,13,755,0,0,1,0,1,0,1,0.20802117884159088,0,1,0.20038828253746033,0,1,0.20564532279968262,1,0,0.1863132268190384,0,1,0.1996309906244278
subject_13:sample_0000756,13,756,0,0,1,0,1,0,1,0.20663051307201385,0,1,0.19974969327449799,0,1,0.20542071759700775,1,0,0.1891022026538849,0,1,0.1990959495306015
subject_13:sample_0000757,13,757,0,0,1,0,1,0,1,0.2041769176721573,0,1,0.19793885946273804,0,1,0.20455677807331085,1,0,0.1952049434185028,0,1,0.1981215924024582
subject_13:sample_0000758,13,758,0,0,1,0,1,0,1,0.20170703530311584,0,1,0.1956770420074463,0,1,0.20410223305225372,1,0,0.20117446780204773,0,1,0.19733823835849762
subject_13:sample_0000759,13,759,0,0,1,0,1,0,1,0.2000759094953537,0,1,0.19431084394454956,0,1,0.20558658242225647,0,1,0.20334598422050476,0,1,0.19667966663837433
subject_13:sample_0000760,13,760,0,0,1,0,1,0,1,0.1989084780216217,0,1,0.19388315081596375,0,1,0.20610374212265015,0,1,0.2041993886232376,0,1,0.19690433144569397
subject_13:sample_0000761,13,761,0,0,1,0,1,0,1,0.19799503684043884,0,1,0.1944178193807602,0,1,0.20434854924678802,0,1,0.20514915883541107,0,1,0.19808846712112427
subject_13:sample_0000762,13,762,0,0,1,0,1,0,1,0.19735391438007355,0,1,0.19434499740600586,0,1,0.20267964899539948,0,1,0.20613983273506165,0,1,0.19948063790798187
subject_13:sample_0000763,13,763,0,0,1,0,1,0,1,0.19727197289466858,0,1,0.19404202699661255,0,1,0.2022014707326889,0,1,0.20645280182361603,0,1,0.20003071427345276
subject_13:sample_0000764,13,764,0,0,1,0,1,0,1,0.1972448229789734,0,1,0.19373296201229095,0,1,0.20212435722351074,0,1,0.20654593408107758,0,1,0.20035098493099213
subject_13:sample_0000765,13,765,0,0,1,0,1,0,1,0.19743303954601288,0,1,0.19357691705226898,0,1,0.20235784351825714,0,1,0.20634907484054565,0,1,0.20028218626976013
subject_13:sample_0000766,13,766,0,0,1,0,1,0,1,0.1975015550851822,0,1,0.19327113032341003,0,1,0.20270633697509766,0,1,0.20616742968559265,0,1,0.2003525048494339
subject_13:sample_0000767,13,767,0,0,1,0,1,0,1,0.19754353165626526,0,1,0.19291900098323822,0,1,0.20303404331207275,0,1,0.2060738354921341,0,1,0.20042863488197327
subject_13:sample_0000768,13,768,0,0,1,0,1,0,1,0.19768179953098297,0,1,0.19247013330459595,0,1,0.2034100741147995,0,1,0.2059687376022339,0,1,0.2004683017730713
subject_13:sample_0000769,13,769,0,0,1,0,1,0,1,0.19755461812019348,0,1,0.1918696165084839,0,1,0.20399439334869385,0,1,0.20599639415740967,0,1,0.20058397948741913
subject_13:sample_0000770,13,770,0,0,1,0,1,0,1,0.19704417884349823,0,1,0.19132301211357117,0,1,0.20477080345153809,0,1,0.20592014491558075,0,1,0.20094089210033417
subject_13:sample_0000771,13,771,0,0,1,0,1,0,1,0.19648469984531403,0,1,0.19081196188926697,0,1,0.20573554933071136,0,1,0.20561395585536957,0,1,0.20135286450386047
subject_13:sample_0000772,13,772,0,0,1,0,1,0,1,0.19592413306236267,0,1,0.1901928335428238,0,1,0.20682057738304138,0,1,0.20539423823356628,0,1,0.20166724920272827
subject_13:sample_0000773,13,773,0,0,1,0,1,0,1,0.19507218897342682,0,1,0.18937988579273224,0,1,0.20781484246253967,0,1,0.20520630478858948,0,1,0.20252585411071777
subject_13:sample_0000774,13,774,0,0,1,0,1,0,1,0.19440315663814545,0,1,0.1887214332818985,0,1,0.20882166922092438,0,1,0.2051742523908615,0,1,0.20287857949733734
subject_13:sample_0000775,13,775,0,0,1,0,1,0,1,0.19363828003406525,0,1,0.18799267709255219,0,1,0.209890216588974,0,1,0.20509260892868042,0,1,0.20338521897792816
subject_13:sample_0000776,13,776,0,0,1,0,1,0,1,0.19271089136600494,0,1,0.18739603459835052,0,1,0.21116499602794647,0,1,0.20526334643363953,0,1,0.20346379280090332
subject_13:sample_0000777,13,777,0,0,1,0,1,0,1,0.19181232154369354,0,1,0.1872570663690567,0,1,0.2123359888792038,0,1,0.20554125308990479,0,1,0.2030523717403412
subject_13:sample_0000778,13,778,0,0,1,0,1,0,1,0.1912110447883606,0,1,0.18708159029483795,0,1,0.21342402696609497,0,1,0.20554719865322113,0,1,0.20273518562316895
subject_13:sample_0000779,13,779,0,0,1,0,1,0,1,0.19066603481769562,0,1,0.18730807304382324,0,1,0.21406665444374084,0,1,0.20583781599998474,0,1,0.20212045311927795
subject_13:sample_0000780,13,780,0,0,1,0,1,0,1,0.19051039218902588,0,1,0.1875416785478592,0,1,0.21455951035022736,0,1,0.20612074434757233,0,1,0.20126670598983765
subject_13:sample_0000781,13,781,0,0,1,0,1,0,1,0.19078554213047028,0,1,0.18782690167427063,0,1,0.21501299738883972,0,1,0.20598705112934113,0,1,0.20038650929927826
subject_13:sample_0000782,13,782,0,0,1,0,1,0,1,0.19141387939453125,0,1,0.18808163702487946,0,1,0.21524891257286072,0,1,0.20569024980068207,0,1,0.1995643675327301
subject_13:sample_0000783,13,783,0,0,1,0,1,0,1,0.19206923246383667,0,1,0.18840999901294708,0,1,0.21557308733463287,0,1,0.2051754742860794,0,1,0.19877122342586517
subject_13:sample_0000784,13,784,0,0,1,0,1,0,1,0.192833811044693,0,1,0.18824245035648346,0,1,0.21644344925880432,0,1,0.20424070954322815,0,1,0.19823861122131348
subject_13:sample_0000785,13,785,0,0,1,0,1,0,1,0.19328927993774414,0,1,0.18815289437770844,0,1,0.21717894077301025,0,1,0.20341810584068298,0,1,0.197959765791893
subject_13:sample_0000786,13,786,0,0,1,0,1,0,1,0.19372163712978363,0,1,0.18814276158809662,0,1,0.21776996552944183,0,1,0.20269809663295746,0,1,0.19766651093959808
subject_13:sample_0000787,13,787,0,0,1,0,1,0,1,0.19398312270641327,0,1,0.18806257843971252,0,1,0.21822649240493774,0,1,0.2021598070859909,0,1,0.19756704568862915
subject_13:sample_0000788,13,788,0,0,1,0,1,0,1,0.19414198398590088,0,1,0.18818433582782745,0,1,0.2185950130224228,0,1,0.20158925652503967,0,1,0.197488471865654
subject_13:sample_0000789,13,789,0,0,1,0,1,0,1,0.19431455433368683,0,1,0.1883382350206375,0,1,0.21878129243850708,0,1,0.20112499594688416,0,1,0.19743993878364563
subject_13:sample_0000790,13,790,0,0,1,0,1,0,1,0.19439926743507385,0,1,0.18845508992671967,0,1,0.21912826597690582,0,1,0.2006588876247406,0,1,0.19735749065876007
subject_13:sample_0000791,13,791,0,0,1,0,1,0,1,0.19437195360660553,0,1,0.18845361471176147,0,1,0.21935753524303436,0,1,0.200425922870636,0,1,0.19738997519016266
subject_13:sample_0000792,13,792,0,0,1,0,1,0,1,0.19429095089435577,0,1,0.18846626579761505,0,1,0.2194584757089615,0,1,0.20032250881195068,0,1,0.1974608600139618
subject_13:sample_0000793,13,793,0,0,1,0,1,0,1,0.19420623779296875,0,1,0.18857711553573608,0,1,0.21970655024051666,0,1,0.20003505051136017,0,1,0.19747409224510193
subject_13:sample_0000794,13,794,0,0,1,0,1,0,1,0.1940847635269165,0,1,0.1885630041360855,0,1,0.21965822577476501,0,1,0.1998731940984726,0,1,0.197819784283638
subject_13:sample_0000795,13,795,0,0,1,0,1,0,1,0.1938815712928772,0,1,0.1885477900505066,0,1,0.21943259239196777,0,1,0.19979198276996613,0,1,0.1983451247215271
subject_13:sample_0000796,13,796,0,0,1,0,1,0,1,0.19365274906158447,0,1,0.18837083876132965,0,1,0.21892623603343964,0,1,0.19995902478694916,0,1,0.1990901529788971
subject_13:sample_0000797,13,797,0,0,1,0,1,0,1,0.19347181916236877,0,1,0.18831002712249756,0,1,0.2184227705001831,0,1,0.1999533623456955,0,1,0.19984100759029388
subject_13:sample_0000798,13,798,0,0,1,0,1,0,1,0.19344159960746765,0,1,0.18839003145694733,0,1,0.21795126795768738,0,1,0.1997813880443573,0,1,0.20043477416038513
subject_13:sample_0000799,13,799,0,0,1,0,1,0,1,0.1935538351535797,0,1,0.18844430148601532,0,1,0.21767517924308777,0,1,0.1995985507965088,0,1,0.20072714984416962
subject_13:sample_0000800,13,800,0,0,1,0,1,0,1,0.19362910091876984,0,1,0.18851922452449799,0,1,0.21743324398994446,0,1,0.1992536038160324,0,1,0.2011638730764389
subject_13:sample_0000801,13,801,0,0,1,0,1,0,1,0.19366054236888885,0,1,0.18841271102428436,0,1,0.2169334590435028,0,1,0.19925938546657562,0,1,0.20173290371894836
subject_13:sample_0000802,13,802,0,0,1,0,1,0,1,0.19382122159004211,0,1,0.18843838572502136,0,1,0.21677084267139435,0,1,0.19899794459342957,0,1,0.2019706815481186
subject_13:sample_0000803,13,803,0,0,1,0,1,0,1,0.1938798576593399,0,1,0.18837004899978638,0,1,0.2166299968957901,0,1,0.19891908764839172,0,1,0.2022000104188919
subject_13:sample_0000804,13,804,0,0,1,0,1,0,1,0.19408836960792542,0,1,0.188384547829628,0,1,0.21635755896568298,0,1,0.1989152580499649,0,1,0.2022532820701599
subject_13:sample_0000805,13,805,0,0,1,0,1,0,1,0.19453798234462738,0,1,0.18880942463874817,0,1,0.21685998141765594,0,1,0.19817596673965454,0,1,0.2016156017780304
subject_13:sample_0000806,13,806,0,0,1,0,1,0,1,0.195039302110672,0,1,0.18927237391471863,0,1,0.21791601181030273,0,1,0.19746825098991394,0,1,0.2003030925989151
subject_13:sample_0000807,13,807,0,0,1,0,1,0,1,0.19539901614189148,0,1,0.1896800845861435,0,1,0.21890105307102203,0,1,0.19695830345153809,0,1,0.19906049966812134
subject_13:sample_0000808,13,808,0,0,1,0,1,0,1,0.1957322657108307,0,1,0.1900814324617386,0,1,0.21936576068401337,0,1,0.1966392695903778,0,1,0.19818030297756195
subject_13:sample_0000809,13,809,0,0,1,0,1,0,1,0.19618625938892365,0,1,0.19031661748886108,0,1,0.21825887262821198,0,1,0.19703425467014313,0,1,0.198202982544899
subject_13:sample_0000810,13,810,0,0,1,0,1,0,1,0.1966058909893036,0,1,0.19046439230442047,0,1,0.2167602926492691,0,1,0.19759689271450043,0,1,0.19857157766819
subject_13:sample_0000811,13,811,0,0,1,0,1,0,1,0.19711615145206451,0,1,0.19080114364624023,0,1,0.21553821861743927,0,1,0.19775299727916718,0,1,0.19879059493541718
subject_13:sample_0000812,13,812,0,0,1,0,1,0,1,0.19748716056346893,0,1,0.19063711166381836,0,1,0.21264784038066864,0,1,0.1990043818950653,0,1,0.20022253692150116
subject_13:sample_0000813,13,813,0,0,1,0,1,0,1,0.1977877914905548,0,1,0.19064831733703613,0,1,0.21104395389556885,0,1,0.1996968388557434,0,1,0.20082208514213562
subject_13:sample_0000814,13,814,0,0,1,0,1,0,1,0.19828937947750092,0,1,0.19104734063148499,0,1,0.20984846353530884,0,1,0.19992190599441528,0,1,0.20089198648929596
subject_13:sample_0000815,13,815,0,0,1,0,1,0,1,0.19885441660881042,0,1,0.19188039004802704,0,1,0.21066340804100037,0,1,0.1990251988172531,0,1,0.19957563281059265
subject_13:sample_0000816,13,816,0,0,1,0,1,0,1,0.1996493637561798,0,1,0.1929304301738739,0,1,0.21140733361244202,0,1,0.19790996611118317,0,1,0.1981019526720047
subject_13:sample_0000817,13,817,0,0,1,0,1,0,1,0.2006038874387741,0,1,0.19382458925247192,0,1,0.21099647879600525,0,1,0.19729921221733093,0,1,0.19727486371994019
subject_13:sample_0000818,13,818,0,0,1,0,1,0,1,0.20157074928283691,0,1,0.1947837471961975,0,1,0.21160301566123962,0,1,0.1961589902639389,0,1,0.19588255882263184
subject_13:sample_0000819,13,819,0,0,1,0,1,0,1,0.20256860554218292,0,1,0.1954227089881897,0,1,0.2132026106119156,0,1,0.19460619986057281,0,1,0.19419893622398376
subject_13:sample_0000820,13,820,0,0,1,0,1,0,1,0.20403741300106049,0,1,0.1958526372909546,0,1,0.21410198509693146,0,1,0.1932305246591568,0,1,0.19277647137641907
subject_13:sample_0000821,13,821,0,0,1,0,1,0,1,0.20588839054107666,0,1,0.19611799716949463,0,1,0.2154390662908554,0,1,0.1915627121925354,0,1,0.1909908950328827
subject_13:sample_0000822,13,822,0,0,1,0,1,0,1,0.20764103531837463,0,1,0.1961464285850525,0,1,0.21637091040611267,0,1,0.1904074251651764,0,1,0.18943320214748383
subject_13:sample_0000823,13,823,0,0,1,0,1,0,1,0.21214108169078827,0,1,0.19599595665931702,0,1,0.21813775599002838,0,1,0.18753613531589508,0,1,0.18618811666965485
subject_13:sample_0000824,13,824,0,0,1,0,1,0,1,0.21626447141170502,0,1,0.19593322277069092,0,1,0.2176065593957901,0,1,0.18601401150226593,0,1,0.18418078124523163
subject_13:sample_0000825,13,825,0,0,1,0,1,0,1,0.2187216579914093,0,1,0.19577646255493164,0,1,0.21713049709796906,0,1,0.18527357280254364,0,1,0.18309684097766876
subject_13:sample_0000826,13,826,0,0,1,0,1,0,1,0.22313913702964783,0,1,0.19599393010139465,0,1,0.21669021248817444,0,1,0.1831892728805542,0,1,0.18098638951778412
subject_13:sample_0000827,13,827,0,0,1,0,1,0,1,0.22562842071056366,0,1,0.1969514936208725,0,1,0.21651028096675873,0,1,0.18166407942771912,0,1,0.1792447715997696
subject_13:sample_0000828,13,828,0,0,1,0,1,0,1,0.22578495740890503,0,1,0.1983589082956314,0,1,0.2188849151134491,0,1,0.179890975356102,0,1,0.17707926034927368
subject_13:sample_0000829,13,829,0,0,1,0,1,0,1,0.22500556707382202,0,1,0.20019224286079407,0,1,0.22139203548431396,0,1,0.1783468872308731,0,1,0.1750623732805252
subject_13:sample_0000830,13,830,0,0,1,0,1,0,1,0.22381336987018585,0,1,0.2028561532497406,0,1,0.22384987771511078,0,1,0.17642313241958618,0,1,0.17305652797222137
subject_13:sample_0000831,13,831,0,0,1,0,1,0,1,0.22314026951789856,0,1,0.20675309002399445,0,1,0.22343990206718445,0,1,0.17496658861637115,0,1,0.1716991364955902
subject_13:sample_0000832,13,832,0,0,1,0,1,0,1,0.22222723066806793,0,1,0.21037539839744568,0,1,0.2228614240884781,0,1,0.1738768219947815,0,1,0.170658141374588
subject_13:sample_0000833,13,833,0,0,1,0,1,0,1,0.2209075540304184,0,1,0.2139384001493454,0,1,0.22257138788700104,0,1,0.17280365526676178,0,1,0.1697780191898346
subject_13:sample_0000834,13,834,0,0,1,0,1,0,1,0.22014057636260986,0,1,0.21657253801822662,0,1,0.22145913541316986,0,1,0.17218217253684998,0,1,0.16964466869831085
subject_13:sample_0000835,13,835,0,0,1,0,1,0,1,0.21911844611167908,0,1,0.21866893768310547,0,1,0.22200340032577515,0,1,0.17110329866409302,0,1,0.1691049337387085
subject_13:sample_0000836,13,836,0,0,1,0,1,0,1,0.21784527599811554,0,1,0.2208215594291687,0,1,0.22219933569431305,0,1,0.17029798030853271,0,1,0.16883493959903717
subject_13:sample_0000837,13,837,0,0,1,0,1,0,1,0.21791145205497742,0,1,0.2227075845003128,0,1,0.21924708783626556,0,1,0.1706247478723526,0,1,0.1695081740617752
subject_13:sample_0000838,13,838,0,0,1,0,1,0,1,0.21804645657539368,0,1,0.22394110262393951,0,1,0.21680647134780884,0,1,0.17105235159397125,0,1,0.17015264928340912
subject_13:sample_0000839,13,839,0,0,1,0,1,0,1,0.21800373494625092,0,1,0.2237163782119751,0,1,0.21652886271476746,0,1,0.1713729053735733,0,1,0.17037717998027802
subject_13:sample_0000840,13,840,0,0,1,0,1,0,1,0.2179146111011505,0,1,0.2229115515947342,0,1,0.21573875844478607,0,1,0.17248286306858063,0,1,0.17095130681991577
subject_13:sample_0000841,13,841,0,0,1,0,1,0,1,0.21800597012043,0,1,0.22159439325332642,0,1,0.21424967050552368,0,1,0.17433170974254608,0,1,0.17181731760501862
subject_13:sample_0000842,13,842,0,0,1,0,1,0,1,0.21847869455814362,0,1,0.21962285041809082,0,1,0.21229752898216248,0,1,0.1766735315322876,0,1,0.17292648553848267
subject_13:sample_0000843,13,843,0,0,1,0,1,0,1,0.21848838031291962,0,1,0.21802368760108948,0,1,0.21124275028705597,0,1,0.17850230634212494,0,1,0.1737418919801712
subject_13:sample_0000844,13,844,0,0,1,0,1,0,1,0.21888777613639832,0,1,0.21633699536323547,0,1,0.20944690704345703,0,1,0.18045195937156677,0,1,0.174875408411026
subject_13:sample_0000845,13,845,0,0,1,0,1,0,1,0.21975494921207428,0,1,0.2136656492948532,0,1,0.20778337121009827,0,1,0.18266908824443817,0,1,0.17612603306770325
subject_13:sample_0000846,13,846,0,0,1,0,1,0,1,0.220732644200325,0,1,0.21052353084087372,0,1,0.2058553844690323,0,1,0.18510687351226807,0,1,0.17778058350086212
subject_13:sample_0000847,13,847,0,0,1,0,1,0,1,0.22184143960475922,0,1,0.20573768019676208,0,1,0.20343385636806488,0,1,0.18853668868541718,0,1,0.18044935166835785
subject_13:sample_0000848,13,848,0,0,1,0,1,0,1,0.2223842293024063,0,1,0.2019677609205246,0,1,0.20222708582878113,0,1,0.19077953696250916,0,1,0.1826404184103012
subject_13:sample_0000849,13,849,0,0,1,0,1,0,1,0.22221560776233673,0,1,0.19984707236289978,0,1,0.20176385343074799,0,1,0.19189545512199402,0,1,0.1842769980430603
subject_13:sample_0000850,13,850,0,0,1,0,1,0,1,0.22083032131195068,0,1,0.19807644188404083,0,1,0.2010127753019333,0,1,0.1936083436012268,0,1,0.1864711344242096
subject_13:sample_0000851,13,851,0,0,1,0,1,0,1,0.21687708795070648,0,1,0.19745320081710815,0,1,0.20068813860416412,0,1,0.19576583802700043,0,1,0.1892147809267044
subject_13:sample_0000852,13,852,0,0,1,0,1,0,1,0.21234501898288727,0,1,0.19743816554546356,0,1,0.20093302428722382,0,1,0.1976754367351532,0,1,0.19160734117031097
subject_13:sample_0000853,13,853,0,0,1,0,1,0,1,0.20663176476955414,0,1,0.19694140553474426,0,1,0.20169179141521454,0,1,0.20031757652759552,0,1,0.19441650807857513
subject_13:sample_0000854,13,854,0,0,1,0,1,0,1,0.20418041944503784,0,1,0.19623462855815887,0,1,0.20232194662094116,0,1,0.20151451230049133,0,1,0.19574753940105438
subject_13:sample_0000855,13,855,0,0,1,0,1,0,1,0.20509999990463257,0,1,0.19644813239574432,0,1,0.20208288729190826,0,1,0.20097985863685608,0,1,0.19538816809654236
subject_13:sample_0000856,13,856,0,0,1,0,1,0,1,0.20750829577445984,0,1,0.19699856638908386,0,1,0.20132331550121307,0,1,0.19978603720664978,0,1,0.19438289105892181
subject_13:sample_0000857,13,857,0,0,1,0,1,0,1,0.2116270810365677,0,1,0.19771736860275269,0,1,0.20008207857608795,0,1,0.19785849750041962,0,1,0.19271399080753326
subject_13:sample_0000858,13,858,0,0,1,0,1,0,1,0.21553680300712585,0,1,0.19841867685317993,0,1,0.19906139373779297,0,1,0.19595660269260406,0,1,0.1910255402326584
subject_13:sample_0000859,13,859,0,0,1,0,1,0,1,0.21821467578411102,0,1,0.1991063505411148,0,1,0.1989227682352066,0,1,0.1942194551229477,0,1,0.1895357221364975
subject_13:sample_0000860,13,860,0,0,1,0,1,0,1,0.21909581124782562,0,1,0.19963859021663666,0,1,0.1987922638654709,0,1,0.1934604048728943,0,1,0.18901200592517853
subject_13:sample_0000861,13,861,0,0,1,0,1,0,1,0.21979400515556335,0,1,0.2000328004360199,0,1,0.19840079545974731,0,1,0.19317933917045593,0,1,0.18859213590621948
subject_13:sample_0000862,13,862,0,0,1,0,1,0,1,0.22141945362091064,0,1,0.20120534300804138,0,1,0.1975286453962326,0,1,0.1922905594110489,0,1,0.1875550001859665
subject_13:sample_0000863,13,863,0,0,1,0,1,0,1,0.22216688096523285,0,1,0.20241492986679077,0,1,0.19681479036808014,0,1,0.19172176718711853,0,1,0.1868806928396225
subject_13:sample_0000864,13,864,0,0,1,0,1,0,1,0.2218068689107895,0,1,0.2021999955177307,0,1,0.1965755671262741,0,1,0.19204102456569672,0,1,0.1873755306005478
subject_13:sample_0000865,13,865,0,0,1,0,1,0,1,0.2202325165271759,0,1,0.20104056596755981,0,1,0.19725406169891357,0,1,0.19285601377487183,0,1,0.1886158287525177
subject_13:sample_0000866,13,866,0,0,1,0,1,0,1,0.21715840697288513,0,1,0.2003525197505951,0,1,0.1987900733947754,0,1,0.1938197910785675,0,1,0.1898782104253769
subject_13:sample_0000867,13,867,0,0,1,0,1,0,1,0.21365827322006226,0,1,0.2003304660320282,0,1,0.20018601417541504,0,1,0.19478066265583038,0,1,0.1910436600446701
subject_13:sample_0000868,13,868,0,0,1,0,1,0,1,0.21129493415355682,0,1,0.20044994354248047,0,1,0.20118208229541779,0,1,0.19539980590343475,0,1,0.19167223572731018
subject_13:sample_0000869,13,869,0,0,1,0,1,0,1,0.20833322405815125,0,1,0.20065221190452576,0,1,0.20213137567043304,0,1,0.19624516367912292,0,1,0.1926371455192566
subject_13:sample_0000870,13,870,0,0,1,0,1,0,1,0.2074148803949356,0,1,0.2008134126663208,0,1,0.20260536670684814,0,1,0.19623269140720367,0,1,0.19293268024921417
subject_13:sample_0000871,13,871,0,0,1,0,1,0,1,0.20744618773460388,0,1,0.20091277360916138,0,1,0.20286822319030762,0,1,0.19585588574409485,0,1,0.19291599094867706
subject_13:sample_0000872,13,872,0,0,1,0,1,0,1,0.20776039361953735,0,1,0.20084470510482788,0,1,0.20347382128238678,0,1,0.1952698826789856,0,1,0.19265031814575195
subject_13:sample_0000873,13,873,0,0,1,0,1,0,1,0.20794691145420074,0,1,0.20065952837467194,0,1,0.20432955026626587,0,1,0.1947125494480133,0,1,0.19235052168369293
subject_13:sample_0000874,13,874,0,0,1,0,1,0,1,0.2079317569732666,0,1,0.20034460723400116,0,1,0.2054494023323059,0,1,0.19430428743362427,0,1,0.19196902215480804
subject_13:sample_0000875,13,875,0,0,1,0,1,0,1,0.20771723985671997,0,1,0.19981598854064941,0,1,0.2068072408437729,0,1,0.19405119121074677,0,1,0.19160734117031097
subject_13:sample_0000876,13,876,0,0,1,0,1,0,1,0.20667046308517456,0,1,0.19874954223632812,0,1,0.2080325037240982,0,1,0.19451457262039185,0,1,0.19203197956085205
subject_13:sample_0000877,13,877,0,0,1,0,1,0,1,0.20489908754825592,0,1,0.19764746725559235,0,1,0.20735549926757812,0,1,0.19576933979988098,0,1,0.19432757794857025
subject_13:sample_0000878,13,878,0,0,1,0,1,0,1,0.2022143304347992,0,1,0.1966090351343155,0,1,0.20484302937984467,0,1,0.19766093790531158,0,1,0.19867169857025146
subject_13:sample_0000879,13,879,0,0,1,0,1,0,1,0.19965609908103943,0,1,0.1978408396244049,0,1,0.20096898078918457,0,1,0.1996065080165863,0,1,0.201926589012146
subject_13:sample_0000880,13,880,0,0,1,0,1,0,1,0.19760698080062866,0,1,0.2011534422636032,0,1,0.19764018058776855,0,1,0.19983693957328796,0,1,0.2037615031003952
subject_13:sample_0000881,13,881,0,0,1,0,1,0,1,0.19788576662540436,0,1,0.1987510621547699,0,1,0.19654162228107452,0,1,0.20287559926509857,0,1,0.20394502580165863
subject_13:sample_0000882,13,882,0,0,1,0,1,1,0,0.19278912246227264,0,1,0.19397743046283722,2,0,0.20610061287879944,0,1,0.20293985307216644,0,1,0.20419198274612427
subject_13:sample_0000883,13,883,0,2,0,0,1,2,0,0.19167256355285645,0,1,0.20898118615150452,2,0,0.19855454564094543,0,1,0.20244185626506805,0,1,0.19834887981414795
subject_13:sample_0000884,13,884,0,2,0,2,0,2,0,0.20122747123241425,2,0,0.20245987176895142,2,0,0.19422923028469086,2,0,0.19623491168022156,2,0,0.20584750175476074
subject_13:sample_0000885,13,885,0,2,0,2,0,2,0,0.20495717227458954,2,0,0.20977938175201416,2,0,0.1958063840866089,2,0,0.19200588762760162,2,0,0.19745023548603058
subject_13:sample_0000886,13,886,0,2,0,2,0,2,0,0.20537149906158447,2,0,0.20860937237739563,2,0,0.19520334899425507,2,0,0.1938665807247162,2,0,0.19694823026657104
subject_13:sample_0000887,13,887,0,2,0,2,0,2,0,0.20684409141540527,2,0,0.2080322802066803,2,0,0.19435371458530426,2,0,0.19370757043361664,2,0,0.1970614641904831
subject_13:sample_0000888,13,888,0,2,0,2,0,2,0,0.20741605758666992,2,0,0.20746959745883942,2,0,0.19346235692501068,2,0,0.19459094107151031,2,0,0.19706012308597565
subject_13:sample_0000889,13,889,0,2,0,2,0,2,0,0.20708441734313965,2,0,0.20717298984527588,2,0,0.19292740523815155,2,0,0.19565464556217194,2,0,0.1971595734357834
subject_13:sample_0000890,13,890,0,2,0,2,0,2,0,0.20647701621055603,2,0,0.2073504626750946,2,0,0.1927478164434433,2,0,0.19599610567092896,2,0,0.19742760062217712
subject_13:sample_0000891,13,891,0,2,0,2,0,2,0,0.20584464073181152,2,0,0.207705557346344,2,0,0.19251440465450287,2,0,0.19626842439174652,2,0,0.19766604900360107
subject_13:sample_0000892,13,892,0,2,0,2,0,2,0,0.20523758232593536,2,0,0.20808438956737518,2,0,0.19225408136844635,2,0,0.19652004539966583,2,0,0.19790297746658325
subject_13:sample_0000893,13,893,0,2,0,2,0,2,0,0.20530961453914642,2,0,0.20831036567687988,2,0,0.19189266860485077,2,0,0.19651822745800018,2,0,0.19796818494796753
subject_13:sample_0000894,13,894,0,2,0,2,0,2,0,0.2051432579755783,2,0,0.20838505029678345,2,0,0.19170458614826202,2,0,0.19664451479911804,2,0,0.19812169671058655
subject_13:sample_0000895,13,895,0,2,0,2,0,2,0,0.20467251539230347,2,0,0.20831488072872162,2,0,0.19170625507831573,2,0,0.19691018760204315,2,0,0.19839517772197723
subject_13:sample_0000896,13,896,0,2,0,2,0,2,0,0.20447902381420135,2,0,0.20803652703762054,2,0,0.1917269080877304,2,0,0.19714562594890594,2,0,0.19861093163490295
subject_13:sample_0000897,13,897,0,2,0,2,0,2,0,0.20415732264518738,2,0,0.20787596702575684,2,0,0.19174186885356903,2,0,0.1973874270915985,2,0,0.19883640110492706
subject_13:sample_0000898,13,898,0,2,0,2,0,2,0,0.2039816677570343,2,0,0.20741495490074158,2,0,0.19189903140068054,2,0,0.1976332813501358,2,0,0.19907011091709137
subject_13:sample_0000899,13,899,0,2,0,2,0,2,0,0.20369109511375427,2,0,0.2067793607711792,2,0,0.1923540085554123,2,0,0.1978689730167389,2,0,0.19930562376976013
subject_13:sample_0000900,13,900,0,2,0,2,0,2,0,0.2032526731491089,2,0,0.20642630755901337,2,0,0.19271673262119293,2,0,0.19810092449188232,2,0,0.19950243830680847
subject_13:sample_0000901,13,901,0,2,0,2,0,2,0,0.2026272416114807,2,0,0.20685523748397827,2,0,0.1923881620168686,2,0,0.1983996480703354,2,0,0.1997288018465042
subject_13:sample_0000902,13,902,0,2,0,2,0,2,0,0.20280224084854126,2,0,0.20722682774066925,2,0,0.1918054223060608,2,0,0.19845932722091675,2,0,0.19970521330833435
subject_13:sample_0000903,13,903,0,2,0,2,0,2,0,0.20317994058132172,2,0,0.20730498433113098,2,0,0.19140930473804474,2,0,0.19847480952739716,2,0,0.1996300369501114
subject_13:sample_0000904,13,904,0,2,0,2,0,2,0,0.2034202516078949,2,0,0.20732973515987396,2,0,0.19109483063220978,2,0,0.19853705167770386,2,0,0.19961710274219513
subject_13:sample_0000905,13,905,0,2,0,2,0,2,0,0.20340363681316376,2,0,0.20718948543071747,2,0,0.1909852772951126,2,0,0.1987016499042511,2,0,0.19971895217895508
subject_13:sample_0000906,13,906,0,2,0,2,0,2,0,0.20323635637760162,2,0,0.20687665045261383,2,0,0.1910519152879715,2,0,0.19891831278800964,2,0,0.19991585612297058
subject_13:sample_0000907,13,907,0,2,0,2,0,2,0,0.20322683453559875,2,0,0.20669452846050262,2,0,0.1910136640071869,2,0,0.19904223084449768,2,0,0.20002175867557526
subject_13:sample_0000908,13,908,0,2,0,2,0,2,0,0.20328058302402496,2,0,0.20669595897197723,2,0,0.19100894033908844,2,0,0.19901424646377563,2,0,0.19999925792217255
subject_13:sample_0000909,13,909,0,2,0,2,0,2,0,0.20324265956878662,2,0,0.20653250813484192,2,0,0.19108141958713531,2,0,0.19907286763191223,2,0,0.20006965100765228
subject_13:sample_0000910,13,910,0,2,0,2,0,2,0,0.20328602194786072,2,0,0.20657603442668915,2,0,0.19106049835681915,2,0,0.19903478026390076,2,0,0.2000417560338974
subject_13:sample_0000911,13,911,0,2,0,2,0,2,0,0.2033950388431549,2,0,0.2067766636610031,2,0,0.19093938171863556,2,0,0.19894468784332275,2,0,0.19994330406188965
subject_13:sample_0000912,13,912,1,1,1,1,1,1,1,0.20184922218322754,1,1,0.19630923867225647,1,1,0.2020944356918335,1,1,0.19667068123817444,1,1,0.20307552814483643
subject_13:sample_0000913,13,913,1,1,1,1,1,1,1,0.20186924934387207,1,1,0.196212500333786,1,1,0.20216359198093414,1,1,0.19663116335868835,1,1,0.20312254130840302
subject_13:sample_0000914,13,914,1,1,1,1,1,1,1,0.20189344882965088,1,1,0.19614534080028534,1,1,0.20214368402957916,1,1,0.19662773609161377,1,1,0.20318874716758728
subject_13:sample_0000915,13,915,1,1,1,1,1,1,1,0.2018900215625763,1,1,0.1961110234260559,1,1,0.20215247571468353,1,1,0.1966269314289093,1,1,0.20321856439113617
subject_13:sample_0000916,13,916,1,1,1,1,1,1,1,0.2018650323152542,1,1,0.19606314599514008,1,1,0.20223723351955414,1,1,0.1966046541929245,1,1,0.20322902500629425
subject_13:sample_0000917,13,917,1,1,1,1,1,1,1,0.2015923708677292,1,1,0.19637374579906464,1,1,0.2024254947900772,1,1,0.19656479358673096,1,1,0.20304253697395325
subject_13:sample_0000918,13,918,1,1,1,1,1,1,1,0.201290100812912,1,1,0.1965867131948471,1,1,0.20262886583805084,1,1,0.1965917944908142,1,1,0.20290152728557587
subject_13:sample_0000919,13,919,1,1,1,1,1,1,1,0.20108117163181305,1,1,0.19645532965660095,1,1,0.20285527408123016,1,1,0.19668792188167572,1,1,0.20291925966739655
subject_13:sample_0000920,13,920,1,1,1,1,1,1,1,0.20070485770702362,1,1,0.19661995768547058,1,1,0.20319654047489166,1,1,0.19670523703098297,1,1,0.20277240872383118
subject_13:sample_0000921,13,921,1,1,1,1,1,1,1,0.20026257634162903,1,1,0.19701527059078217,1,1,0.20357006788253784,1,1,0.19664828479290009,1,1,0.2025028020143509
subject_13:sample_0000922,13,922,1,1,1,1,1,1,1,0.1998577117919922,1,1,0.19740766286849976,1,1,0.2039351761341095,1,1,0.19661077857017517,1,1,0.2021877020597458
subject_13:sample_0000923,13,923,1,1,1,1,1,1,1,0.19949570298194885,1,1,0.19775497913360596,1,1,0.2041725069284439,1,1,0.1967095583677292,1,1,0.2018662542104721
subject_13:sample_0000924,13,924,1,1,1,1,1,1,1,0.1991834193468094,1,1,0.19810491800308228,1,1,0.20431597530841827,1,1,0.19682849943637848,1,1,0.2015662044286728
subject_13:sample_0000925,13,925,1,1,1,1,1,1,1,0.19894003868103027,1,1,0.19844260811805725,1,1,0.20438894629478455,1,1,0.19688691198825836,1,1,0.20134054124355316
subject_13:sample_0000926,13,926,1,1,1,1,1,1,1,0.19889122247695923,1,1,0.1987563669681549,1,1,0.2041662335395813,1,1,0.19695614278316498,1,1,0.20122909545898438
subject_13:sample_0000927,13,927,1,1,1,1,1,1,1,0.19892734289169312,1,1,0.1989937424659729,1,1,0.20389330387115479,1,1,0.197100430727005,1,1,0.2010841816663742
subject_13:sample_0000928,13,928,1,1,1,1,1,1,1,0.19919869303703308,1,1,0.19921280443668365,1,1,0.20322391390800476,1,1,0.19732800126075745,1,1,0.20103560388088226
subject_13:sample_0000929,13,929,1,1,1,1,1,1,1,0.19964870810508728,1,1,0.19920220971107483,1,1,0.2023942619562149,1,1,0.19764500856399536,1,1,0.20110882818698883
subject_13:sample_0000930,13,930,1,1,1,1,1,1,1,0.200031116604805,1,1,0.1993708461523056,1,1,0.20135489106178284,1,1,0.1980079859495163,1,1,0.20123422145843506
subject_13:sample_0000931,13,931,1,1,1,1,1,1,1,0.20022456347942352,1,1,0.19954808056354523,1,1,0.20050306618213654,1,1,0.19835515320301056,1,1,0.20136816799640656
subject_13:sample_0000932,13,932,1,1,1,1,1,1,1,0.2003348469734192,1,1,0.19979868829250336,1,1,0.19976098835468292,1,1,0.1986054629087448,1,1,0.20149904489517212
subject_13:sample_0000933,13,933,1,1,1,1,1,1,1,0.20037460327148438,1,1,0.20012180507183075,1,1,0.19908633828163147,1,1,0.198827862739563,1,1,0.20158840715885162
subject_13:sample_0000934,13,934,1,1,1,1,1,1,1,0.20031392574310303,1,1,0.2002144157886505,1,1,0.19872848689556122,1,1,0.1992037445306778,1,1,0.20153844356536865
subject_13:sample_0000935,13,935,1,1,1,1,1,1,1,0.20023030042648315,1,1,0.19998349249362946,1,1,0.19861695170402527,1,1,0.19974680244922638,1,1,0.20142142474651337
subject_13:sample_0000936,13,936,1,1,1,1,1,1,1,0.2001296728849411,1,1,0.19935791194438934,1,1,0.19909554719924927,1,1,0.20011302828788757,1,1,0.20130285620689392
subject_13:sample_0000937,13,937,1,1,1,1,1,1,1,0.20010173320770264,1,1,0.19851848483085632,1,1,0.19969917833805084,1,1,0.2003587782382965,1,1,0.2013208419084549
subject_13:sample_0000938,13,938,1,1,1,1,1,1,1,0.2002531737089157,1,1,0.19743385910987854,1,1,0.20013456046581268,1,1,0.20063912868499756,1,1,0.20153826475143433
subject_13:sample_0000939,13,939,1,1,1,1,1,1,1,0.2003650665283203,1,1,0.1966300755739212,1,1,0.20040561258792877,1,1,0.2008643001317978,1,1,0.20173388719558716
subject_13:sample_0000940,13,940,1,1,1,1,1,1,1,0.20047199726104736,1,1,0.19562186300754547,1,1,0.2007429152727127,1,1,0.20124821364879608,1,1,0.201913982629776
subject_13:sample_0000941,13,941,1,1,1,1,1,1,1,0.2004493772983551,1,1,0.19439247250556946,1,1,0.20161567628383636,1,1,0.20157083868980408,1,1,0.20197077095508575
subject_13:sample_0000942,13,942,1,1,1,1,1,1,1,0.2003791779279709,1,1,0.1937505602836609,1,1,0.2022825926542282,1,1,0.20163993537425995,1,1,0.20194678008556366
subject_13:sample_0000943,13,943,1,1,1,1,1,1,1,0.20035170018672943,1,1,0.19534824788570404,1,1,0.2007865160703659,1,1,0.2016669362783432,1,1,0.2018456757068634
subject_13:sample_0000944,13,944,1,1,1,1,1,1,1,0.1986105889081955,1,1,0.20221377909183502,1,1,0.1988280713558197,1,1,0.20030319690704346,1,1,0.20004339516162872
subject_13:sample_0000945,13,945,1,1,1,1,1,1,1,0.19487327337265015,2,0,0.21312282979488373,1,1,0.19760996103286743,1,1,0.19796553254127502,1,1,0.19642741978168488
subject_13:sample_0000946,13,946,1,1,1,1,1,1,1,0.19227176904678345,2,0,0.217718705534935,1,1,0.19788852334022522,1,1,0.1983630508184433,1,1,0.19375701248645782
subject_13:sample_0000947,13,947,1,1,1,1,1,1,1,0.1890309751033783,2,0,0.21606403589248657,1,1,0.2039371132850647,1,1,0.2006041258573532,1,1,0.19036269187927246
subject_13:sample_0000948,13,948,1,1,1,1,1,1,1,0.18662433326244354,2,0,0.20988506078720093,1,1,0.21133123338222504,1,1,0.2041395753622055,1,1,0.18801875412464142
subject_13:sample_0000949,13,949,1,1,1,1,1,1,1,0.18553724884986877,2,0,0.2038184106349945,1,1,0.21460296213626862,1,1,0.20856039226055145,1,1,0.18748009204864502
subject_13:sample_0000950,13,950,1,2,0,1,1,1,1,0.18392451107501984,2,0,0.19829003512859344,2,0,0.21510161459445953,2,0,0.21496471762657166,1,1,0.18771812319755554
subject_13:sample_0000951,13,951,1,2,0,2,0,1,1,0.18741264939308167,2,0,0.19623903930187225,2,0,0.21332904696464539,2,0,0.21260491013526917,1,1,0.19041332602500916
subject_13:sample_0000952,13,952,1,2,0,2,0,2,0,0.1962309032678604,2,0,0.19376887381076813,2,0,0.2099180668592453,2,0,0.20709837973117828,1,1,0.19298286736011505
subject_13:sample_0000953,13,953,1,2,0,2,0,2,0,0.19968438148498535,2,0,0.19250862300395966,2,0,0.20820477604866028,2,0,0.20498323440551758,1,1,0.19461804628372192
subject_13:sample_0000954,13,954,1,2,0,2,0,2,0,0.19558316469192505,2,0,0.19371363520622253,2,0,0.20985522866249084,2,0,0.20790806412696838,1,1,0.1929389238357544
subject_13:sample_0000955,13,955,1,2,0,2,0,2,0,0.19298627972602844,2,0,0.1944524496793747,2,0,0.21069109439849854,2,0,0.2099533975124359,1,1,0.19191581010818481
subject_13:sample_0000956,13,956,1,2,0,2,0,1,1,0.18950848281383514,2,0,0.19533231854438782,2,0,0.21157340705394745,2,0,0.21213532984256744,1,1,0.19144953787326813
subject_13:sample_0000957,13,957,1,2,0,2,0,1,1,0.18865413963794708,2,0,0.19555631279945374,2,0,0.2114098072052002,2,0,0.21273425221443176,1,1,0.1916445642709732
subject_13:sample_0000958,13,958,1,2,0,2,0,2,0,0.19761335849761963,2,0,0.19305069744586945,2,0,0.20746056735515594,2,0,0.20694836974143982,1,1,0.19492605328559875
subject_13:sample_0000959,13,959,1,2,0,2,0,2,0,0.20214256644248962,2,0,0.19091294705867767,2,0,0.20399343967437744,2,0,0.2021808922290802,2,0,0.20076918601989746
subject_13:sample_0000960,13,960,1,2,0,2,0,2,0,0.20169520378112793,2,0,0.19091421365737915,2,0,0.20258571207523346,2,0,0.19972199201583862,2,0,0.20508190989494324
subject_13:sample_0000961,13,961,1,2,0,2,0,2,0,0.20118191838264465,2,0,0.1928381472826004,2,0,0.202924907207489,2,0,0.19941997528076172,2,0,0.2036340981721878
subject_13:sample_0000962,13,962,1,2,0,2,0,2,0,0.20118381083011627,2,0,0.19369640946388245,2,0,0.20313036441802979,2,0,0.1993589550256729,2,0,0.20262956619262695
subject_13:sample_0000963,13,963,1,2,0,2,0,2,0,0.2012852430343628,2,0,0.1942637860774994,2,0,0.20341472327709198,2,0,0.19921259582042694,2,0,0.2018226981163025
subject_13:sample_0000964,13,964,1,2,0,2,0,2,0,0.2013847380876541,2,0,0.1953657865524292,2,0,0.20367608964443207,2,0,0.19880905747413635,2,0,0.20076341927051544
subject_13:sample_0000965,13,965,1,2,0,2,0,2,0,0.20159435272216797,2,0,0.19611941277980804,2,0,0.20362241566181183,2,0,0.1984950453042984,2,0,0.20016777515411377
subject_13:sample_0000966,13,966,1,2,0,2,0,2,0,0.20187418162822723,2,0,0.19687572121620178,2,0,0.2034120410680771,2,0,0.19838964939117432,2,0,0.1994473785161972
subject_13:sample_0000967,13,967,1,2,0,2,0,2,0,0.20162895321846008,2,0,0.1964302510023117,2,0,0.20533862709999084,2,0,0.19770774245262146,2,0,0.1988934725522995
subject_13:sample_0000968,13,968,1,2,0,2,0,2,0,0.20190241932868958,2,0,0.19654057919979095,2,0,0.20566530525684357,2,0,0.19741465151309967,2,0,0.19847607612609863
subject_13:sample_0000969,13,969,1,2,0,2,0,2,0,0.20331303775310516,2,0,0.19742295145988464,2,0,0.2019851952791214,2,0,0.1980106085538864,2,0,0.1992672085762024
subject_13:sample_0000970,13,970,1,2,0,2,0,2,0,0.20405741035938263,2,0,0.19720494747161865,2,0,0.2019486278295517,2,0,0.1973928064107895,2,0,0.19939516484737396
subject_13:sample_0000971,13,971,1,2,0,2,0,2,0,0.20399917662143707,2,0,0.19578935205936432,2,0,0.20592458546161652,2,0,0.19567881524562836,2,0,0.19860702753067017
subject_13:sample_0000972,13,972,1,2,0,2,0,2,0,0.20689049363136292,2,0,0.19453661143779755,2,0,0.20475809276103973,2,0,0.19434772431850433,2,0,0.19946609437465668
subject_13:sample_0000973,13,973,1,2,0,2,0,2,0,0.20752696692943573,2,0,0.19349929690361023,2,0,0.20344460010528564,2,0,0.19299398362636566,2,0,0.20253415405750275
subject_13:sample_0000974,13,974,1,2,0,2,0,1,1,0.1931440234184265,2,0,0.1955713927745819,2,0,0.20651590824127197,2,0,0.19472156465053558,2,0,0.2100462019443512
subject_13:sample_0000975,13,975,1,2,0,2,0,1,1,0.18847939372062683,2,0,0.19713616371154785,2,0,0.20936407148838043,2,0,0.19555367529392242,2,0,0.20946572721004486
subject_13:sample_0000976,13,976,1,2,0,2,0,1,1,0.18858781456947327,2,0,0.20106440782546997,2,0,0.21519899368286133,2,0,0.19768399000167847,1,1,0.19746389985084534
subject_13:sample_0000977,13,977,1,1,1,1,1,1,1,0.19308270514011383,2,0,0.2068432718515396,1,1,0.20128336548805237,2,0,0.2020328938961029,1,1,0.19675672054290771
subject_13:sample_0000978,13,978,1,1,1,1,1,1,1,0.19548939168453217,2,0,0.2093861848115921,1,1,0.19609953463077545,2,0,0.20330138504505157,1,1,0.1957225203514099
subject_13:sample_0000979,13,979,1,1,1,1,1,1,1,0.19544096291065216,2,0,0.210270956158638,1,1,0.19444479048252106,2,0,0.20516382157802582,1,1,0.19467854499816895
subject_13:sample_0000980,13,980,1,1,1,1,1,1,1,0.1945144087076187,1,1,0.20410118997097015,1,1,0.19445131719112396,2,0,0.21191231906414032,1,1,0.19501979649066925
subject_13:sample_0000981,13,981,1,1,1,1,1,1,1,0.1958993375301361,1,1,0.1925394982099533,1,1,0.19593435525894165,2,0,0.21884174644947052,1,1,0.19678403437137604
subject_13:sample_0000982,13,982,1,1,1,1,1,1,1,0.19625042378902435,1,1,0.19080258905887604,1,1,0.1963372379541397,2,0,0.21943512558937073,1,1,0.19717365503311157
subject_13:sample_0000983,13,983,1,1,1,1,1,1,1,0.1969759464263916,1,1,0.19241319596767426,1,1,0.19681157171726227,1,1,0.2159581482410431,1,1,0.19784021377563477
subject_13:sample_0000984,13,984,1,1,1,1,1,1,1,0.19799472391605377,1,1,0.19345185160636902,1,1,0.19743524491786957,1,1,0.2123086154460907,1,1,0.19880862534046173
subject_13:sample_0000985,13,985,1,1,1,1,1,1,1,0.1986386626958847,1,1,0.1943199783563614,1,1,0.1979181319475174,1,1,0.2097436636686325,1,1,0.1993786096572876
subject_13:sample_0000986,13,986,1,1,1,1,1,1,1,0.1991262435913086,1,1,0.19549603760242462,1,1,0.19826669991016388,1,1,0.2073243260383606,1,1,0.1997857242822647
subject_13:sample_0000987,13,987,1,1,1,1,1,1,1,0.20004041492938995,1,1,0.19713842868804932,1,1,0.19899038970470428,1,1,0.2031928300857544,1,1,0.20063692331314087
subject_13:sample_0000988,13,988,1,1,1,1,1,1,1,0.20103372633457184,1,1,0.19842541217803955,1,1,0.19979852437973022,1,1,0.19912827014923096,1,1,0.20161308348178864
subject_13:sample_0000989,13,989,1,1,1,1,1,1,1,0.20213378965854645,1,1,0.1992822140455246,1,1,0.20073416829109192,1,1,0.19510379433631897,1,1,0.20274506509304047
subject_13:sample_0000990,13,990,1,1,1,1,1,1,1,0.20323872566223145,1,1,0.19916094839572906,1,1,0.201634019613266,1,1,0.1920689046382904,1,1,0.20389637351036072
subject_13:sample_0000991,13,991,1,1,1,1,1,1,1,0.20376981794834137,1,1,0.1982705444097519,1,1,0.2019776552915573,1,1,0.19142261147499084,1,1,0.20455843210220337
subject_13:sample_0000992,13,992,1,1,1,1,1,1,1,0.20375879108905792,1,1,0.1977740079164505,1,1,0.2005808800458908,1,1,0.1923433393239975,1,1,0.20554210245609283
subject_13:sample_0000993,13,993,1,1,1,1,1,1,1,0.20321692526340485,1,1,0.198090597987175,1,1,0.19869983196258545,1,1,0.19395782053470612,1,1,0.2060338705778122
subject_13:sample_0000994,13,994,1,1,1,1,1,1,1,0.2024017721414566,1,1,0.1983548104763031,1,1,0.19805531203746796,1,1,0.1955386996269226,1,1,0.20564839243888855
subject_13:sample_0000995,13,995,1,1,1,1,1,1,1,0.20172354578971863,1,1,0.19857507944107056,1,1,0.19831445813179016,1,1,0.19695162773132324,1,1,0.204434335231781
subject_13:sample_0000996,13,996,1,1,1,1,1,1,1,0.2016248255968094,1,1,0.1986982375383377,1,1,0.19892039895057678,1,1,0.19765906035900116,1,1,0.20309655368328094
subject_13:sample_0000997,13,997,1,1,1,1,1,1,1,0.20159126818180084,1,1,0.1985815465450287,1,1,0.1990652233362198,1,1,0.19833290576934814,1,1,0.20242807269096375
subject_13:sample_0000998,13,998,1,1,1,1,1,1,1,0.20123958587646484,1,1,0.1982221007347107,1,1,0.19878113269805908,1,1,0.19991472363471985,1,1,0.20184144377708435
subject_13:sample_0000999,13,999,1,1,1,1,1,1,1,0.1997559666633606,1,1,0.19692282378673553,1,1,0.19739437103271484,1,1,0.20563414692878723,1,1,0.2002916932106018
subject_13:sample_0001000,13,1000,1,1,1,1,1,1,1,0.19661356508731842,1,1,0.19405801594257355,1,1,0.19428123533725739,2,0,0.2176513969898224,1,1,0.19739478826522827
subject_13:sample_0001001,13,1001,1,1,1,1,1,1,1,0.19671791791915894,1,1,0.19403673708438873,1,1,0.19414016604423523,2,0,0.2173556387424469,1,1,0.1977485716342926
subject_13:sample_0001002,13,1002,1,1,1,1,1,1,1,0.19765786826610565,1,1,0.19439886510372162,1,1,0.19453434646129608,2,0,0.21474085748195648,1,1,0.19866710901260376
subject_13:sample_0001003,13,1003,1,1,1,1,1,1,1,0.19852805137634277,1,1,0.19468922913074493,1,1,0.1951289176940918,2,0,0.21251869201660156,1,1,0.19913415610790253
subject_13:sample_0001004,13,1004,1,1,1,1,1,1,1,0.19906169176101685,1,1,0.19497869908809662,1,1,0.19566789269447327,2,0,0.21122927963733673,1,1,0.19906146824359894
subject_13:sample_0001005,13,1005,1,1,1,1,1,1,1,0.1990075558423996,1,1,0.19530485570430756,1,1,0.19584569334983826,2,0,0.2111634761095047,1,1,0.19867749512195587
subject_13:sample_0001006,13,1006,1,1,1,1,1,1,1,0.1984795480966568,1,1,0.19562727212905884,1,1,0.19538842141628265,2,0,0.21212024986743927,1,1,0.19838353991508484
subject_13:sample_0001007,13,1007,1,1,1,1,1,1,1,0.19799187779426575,1,1,0.19556330144405365,1,1,0.19524390995502472,2,0,0.21305179595947266,1,1,0.19814816117286682
subject_13:sample_0001008,13,1008,1,1,1,1,1,1,1,0.1976546347141266,1,1,0.19520625472068787,1,1,0.1958494633436203,2,0,0.21335990726947784,1,1,0.19792871177196503
subject_13:sample_0001009,13,1009,1,1,1,1,1,1,1,0.1970771700143814,1,1,0.19490696489810944,1,1,0.19618670642375946,2,0,0.21415823698043823,1,1,0.19766996800899506
subject_13:sample_0001010,13,1010,1,1,1,1,1,1,1,0.19836275279521942,1,1,0.19464348256587982,1,1,0.19684486091136932,2,0,0.21203358471393585,1,1,0.1981143206357956
subject_13:sample_0001011,13,1011,1,1,1,1,1,1,1,0.2001408338546753,1,1,0.19465778768062592,1,1,0.19573116302490234,2,0,0.21022844314575195,1,1,0.1992407739162445
subject_13:sample_0001012,13,1012,1,1,1,1,1,1,1,0.2003004103899002,1,1,0.19448907673358917,1,1,0.1973828822374344,2,0,0.20798729360103607,1,1,0.19983944296836853
subject_13:sample_0001013,13,1013,1,1,1,1,1,1,1,0.19853122532367706,1,1,0.19252479076385498,1,1,0.20482727885246277,2,0,0.2055249810218811,1,1,0.19859077036380768
subject_13:sample_0001014,13,1014,1,1,1,1,1,1,1,0.1953718066215515,1,1,0.18832097947597504,2,0,0.21813815832138062,2,0,0.2004077136516571,1,1,0.19776034355163574
subject_13:sample_0001015,13,1015,1,1,1,1,1,1,1,0.1937074214220047,1,1,0.18426230549812317,2,0,0.22084815800189972,2,0,0.19668838381767273,1,1,0.20449277758598328
subject_13:sample_0001016,13,1016,1,2,0,1,1,1,1,0.19052331149578094,1,1,0.1756828874349594,2,0,0.21960139274597168,2,0,0.19078195095062256,1,1,0.22340956330299377
subject_13:sample_0001017,13,1017,1,2,0,2,0,1,1,0.19381925463676453,1,1,0.17518945038318634,2,0,0.22457490861415863,2,0,0.1924694925546646,2,0,0.21394598484039307
subject_13:sample_0001018,13,1018,1,2,0,2,0,1,1,0.19667969644069672,1,1,0.178590789437294,2,0,0.22825215756893158,2,0,0.19375000894069672,2,0,0.20272640883922577
subject_13:sample_0001019,13,1019,1,2,0,2,0,1,1,0.19632720947265625,1,1,0.18312686681747437,2,0,0.22735604643821716,2,0,0.19263675808906555,2,0,0.20055216550827026
subject_13:sample_0001020,13,1020,1,2,0,2,0,1,1,0.19397546350955963,2,0,0.19734632968902588,2,0,0.22277793288230896,2,0,0.189378023147583,2,0,0.19652119278907776
subject_13:sample_0001021,13,1021,1,2,0,2,0,1,1,0.19387629628181458,2,0,0.2075015902519226,2,0,0.2187081277370453,2,0,0.1874159574508667,2,0,0.1924971491098404
subject_13:sample_0001022,13,1022,1,2,0,2,0,1,1,0.2008901834487915,2,0,0.2004820555448532,2,0,0.2169281244277954,2,0,0.1897968053817749,2,0,0.19190187752246857
subject_13:sample_0001023,13,1023,1,2,0,2,0,1,1,0.21249893307685852,2,0,0.19808141887187958,2,0,0.20695097744464874,2,0,0.189828023314476,2,0,0.19263975322246552
subject_13:sample_0001024,13,1024,1,1,1,1,1,1,1,0.20103447139263153,1,1,0.2011798620223999,1,1,0.19799521565437317,1,1,0.2001543492078781,1,1,0.19963517785072327
subject_13:sample_0001025,13,1025,1,1,1,1,1,1,1,0.2010808289051056,1,1,0.20107267796993256,1,1,0.19801999628543854,1,1,0.200155571103096,1,1,0.1996699720621109
subject_13:sample_0001026,13,1026,1,1,1,1,1,1,1,0.20112541317939758,1,1,0.20098184049129486,1,1,0.1980302929878235,1,1,0.2001640647649765,1,1,0.19969742000102997
subject_13:sample_0001027,13,1027,1,1,1,1,1,1,1,0.2011745125055313,1,1,0.20091480016708374,1,1,0.19802677631378174,1,1,0.2001696079969406,1,1,0.1997133046388626
subject_13:sample_0001028,13,1028,1,1,1,1,1,1,1,0.2012312114238739,1,1,0.2008480578660965,1,1,0.19801834225654602,1,1,0.20017404854297638,1,1,0.1997273862361908
subject_13:sample_0001029,13,1029,1,1,1,1,1,1,1,0.20127876102924347,1,1,0.20077787339687347,1,1,0.19801419973373413,1,1,0.20018263161182404,1,1,0.1997455507516861
subject_13:sample_0001030,13,1030,1,1,1,1,1,1,1,0.20132362842559814,1,1,0.2007025182247162,1,1,0.19802699983119965,1,1,0.20018038153648376,1,1,0.19976551830768585
subject_13:sample_0001031,13,1031,1,1,1,1,1,1,1,0.2013695240020752,1,1,0.20061227679252625,1,1,0.1980433613061905,1,1,0.20019036531448364,1,1,0.19978348910808563
subject_13:sample_0001032,13,1032,1,1,1,1,1,1,1,0.20141983032226562,1,1,0.20055173337459564,1,1,0.19804434478282928,1,1,0.20019081234931946,1,1,0.1997922956943512
subject_13:sample_0001033,13,1033,1,1,1,1,1,1,1,0.2014351487159729,1,1,0.20052841305732727,1,1,0.19804437458515167,1,1,0.20018631219863892,1,1,0.19980481266975403
subject_13:sample_0001034,13,1034,1,1,1,1,1,1,1,0.20144851505756378,1,1,0.20051226019859314,1,1,0.1980743557214737,1,1,0.20016323029994965,1,1,0.19980062544345856
subject_13:sample_0001035,13,1035,1,1,1,1,1,1,1,0.2014780342578888,1,1,0.20050400495529175,1,1,0.19812965393066406,1,1,0.20013226568698883,1,1,0.19975510239601135
subject_13:sample_0001036,13,1036,1,1,1,1,1,1,1,0.20151332020759583,1,1,0.20050379633903503,1,1,0.19818821549415588,1,1,0.20010842382907867,1,1,0.1996852159500122
subject_13:sample_0001037,13,1037,1,1,1,1,1,1,1,0.2015163153409958,1,1,0.20051732659339905,1,1,0.19820508360862732,1,1,0.20010071992874146,1,1,0.1996595561504364
subject_13:sample_0001038,13,1038,1,1,1,1,1,1,1,0.2014986276626587,1,1,0.20054304599761963,1,1,0.19824792444705963,1,1,0.20006638765335083,1,1,0.1996430605649948
subject_13:sample_0001039,13,1039,1,1,1,1,1,1,1,0.20150166749954224,1,1,0.20063996315002441,1,1,0.19831855595111847,1,1,0.19997836649417877,1,1,0.1995605081319809
subject_13:sample_0001040,13,1040,1,1,1,1,1,1,1,0.201482892036438,1,1,0.2007371187210083,1,1,0.1983833611011505,1,1,0.19989508390426636,1,1,0.19950059056282043
subject_13:sample_0001041,13,1041,1,1,1,1,1,1,1,0.20146213471889496,1,1,0.20085330307483673,1,1,0.19840022921562195,1,1,0.19982300698757172,1,1,0.19946028292179108
subject_13:sample_0001042,13,1042,1,1,1,1,1,1,1,0.20141559839248657,1,1,0.2009720653295517,1,1,0.19837267696857452,1,1,0.19975334405899048,1,1,0.19948531687259674
subject_13:sample_0001043,13,1043,1,1,1,1,1,1,1,0.20134808123111725,1,1,0.20107869803905487,1,1,0.19831112027168274,1,1,0.19971606135368347,1,1,0.19954507052898407
subject_13:sample_0001044,13,1044,1,1,1,1,1,1,1,0.2012789100408554,1,1,0.20117144286632538,1,1,0.19824811816215515,1,1,0.1996854692697525,1,1,0.19961509108543396
subject_13:sample_0001045,13,1045,1,1,1,1,1,1,1,0.20120911300182343,1,1,0.20123475790023804,1,1,0.19813813269138336,1,1,0.19970282912254333,1,1,0.19971419870853424
subject_13:sample_0001046,13,1046,1,1,1,1,1,1,1,0.20111246407032013,1,1,0.20123708248138428,1,1,0.19797492027282715,1,1,0.19979031383991241,1,1,0.19988425076007843
subject_13:sample_0001047,13,1047,1,1,1,1,1,1,1,0.2010398656129837,1,1,0.2012072652578354,1,1,0.19782035052776337,1,1,0.1998889446258545,1,1,0.20004257559776306
subject_13:sample_0001048,13,1048,1,1,1,1,1,1,1,0.20098911225795746,1,1,0.20115110278129578,1,1,0.1976485252380371,1,1,0.20000748336315155,1,1,0.2002028226852417
subject_13:sample_0001049,13,1049,1,1,1,1,1,1,1,0.2010045349597931,1,1,0.20100949704647064,1,1,0.197507843375206,1,1,0.20014046132564545,1,1,0.20033670961856842
subject_13:sample_0001050,13,1050,1,1,1,1,1,1,1,0.20111867785453796,1,1,0.20079201459884644,1,1,0.19747164845466614,1,1,0.20022255182266235,1,1,0.2003941535949707
subject_13:sample_0001051,13,1051,1,1,1,1,1,1,1,0.20131772756576538,1,1,0.20042063295841217,1,1,0.19764722883701324,1,1,0.20024248957633972,1,1,0.2003709226846695
subject_13:sample_0001052,13,1052,1,1,1,1,1,1,1,0.20146943628787994,1,1,0.2000318318605423,1,1,0.19802086055278778,1,1,0.20016473531723022,1,1,0.20031218230724335
subject_13:sample_0001053,13,1053,1,1,1,1,1,1,1,0.2015087604522705,1,1,0.19983002543449402,1,1,0.19834758341312408,1,1,0.20007769763469696,1,1,0.20023491978645325
subject_13:sample_0001054,13,1054,1,1,1,1,1,1,1,0.20147019624710083,1,1,0.19983290135860443,1,1,0.19850212335586548,1,1,0.20004577934741974,1,1,0.20014803111553192
subject_13:sample_0001055,13,1055,1,1,1,1,1,1,1,0.20141153037548065,1,1,0.1999596655368805,1,1,0.1985398679971695,1,1,0.20006626844406128,1,1,0.20002175867557526
subject_13:sample_0001056,13,1056,1,1,1,1,1,1,1,0.20139776170253754,1,1,0.2000715434551239,1,1,0.19854749739170074,1,1,0.20010332763195038,1,1,0.19987887144088745
subject_13:sample_0001057,13,1057,1,1,1,1,1,1,1,0.20138271152973175,1,1,0.20014432072639465,1,1,0.198565274477005,1,1,0.20017887651920319,1,1,0.19972778856754303
subject_13:sample_0001058,13,1058,1,1,1,1,1,1,1,0.2013334035873413,1,1,0.2001877725124359,1,1,0.19866161048412323,1,1,0.20026090741157532,1,1,0.19955532252788544
subject_13:sample_0001059,13,1059,1,1,1,1,1,1,1,0.20117445290088654,1,1,0.20018799602985382,1,1,0.19889682531356812,1,1,0.20043659210205078,1,1,0.19930312037467957
subject_13:sample_0001060,13,1060,1,1,1,1,1,1,1,0.20082716643810272,1,1,0.20020706951618195,1,1,0.19921551644802094,1,1,0.20072567462921143,1,1,0.19902358949184418
subject_13:sample_0001061,13,1061,1,1,1,1,1,1,1,0.20066292583942413,1,1,0.20014406740665436,1,1,0.19928616285324097,1,1,0.20103448629379272,1,1,0.1988714188337326
subject_13:sample_0001062,13,1062,1,1,1,1,1,1,1,0.20058873295783997,1,1,0.19997647404670715,1,1,0.19937282800674438,1,1,0.20125851035118103,1,1,0.19880247116088867
subject_13:sample_0001063,13,1063,1,1,1,1,1,1,1,0.2005768120288849,1,1,0.1997169852256775,1,1,0.1993686854839325,1,1,0.20143179595470428,1,1,0.19890472292900085
subject_13:sample_0001064,13,1064,1,1,1,1,1,1,1,0.20069925487041473,1,1,0.19940553605556488,1,1,0.19910328090190887,1,1,0.20157352089881897,1,1,0.19921743869781494
subject_13:sample_0001065,13,1065,1,1,1,1,1,1,1,0.20120176672935486,1,1,0.19912037253379822,1,1,0.1988249123096466,1,1,0.20147354900836945,1,1,0.19937840104103088
subject_13:sample_0001066,13,1066,1,1,1,1,1,1,1,0.20151068270206451,1,1,0.1990012526512146,1,1,0.1986968219280243,1,1,0.20113971829414368,1,1,0.1996506154537201
subject_13:sample_0001067,13,1067,1,1,1,1,1,1,1,0.20185109972953796,1,1,0.19906675815582275,1,1,0.1985432505607605,1,1,0.2007829248905182,1,1,0.19975502789020538
subject_13:sample_0001068,13,1068,1,1,1,1,1,1,1,0.20203298330307007,1,1,0.19910332560539246,1,1,0.19864165782928467,1,1,0.2005080133676529,1,1,0.1997130811214447
subject_13:sample_0001069,13,1069,1,1,1,1,1,1,1,0.2021549493074417,1,1,0.199101060628891,1,1,0.19867417216300964,1,1,0.2003444880247116,1,1,0.19972442090511322
subject_13:sample_0001070,13,1070,1,1,1,1,1,1,1,0.20222213864326477,1,1,0.1990586668252945,1,1,0.198722705245018,1,1,0.20022347569465637,1,1,0.19977208971977234
subject_13:sample_0001071,13,1071,1,1,1,1,1,1,1,0.2025732845067978,1,1,0.19931483268737793,1,1,0.19844435155391693,1,1,0.20002157986164093,1,1,0.19964499771595
subject_13:sample_0001072,13,1072,1,1,1,1,1,1,1,0.2027643769979477,1,1,0.19953949749469757,1,1,0.19816863536834717,1,1,0.1999167501926422,1,1,0.19960980117321014
subject_13:sample_0001073,13,1073,1,1,1,1,1,1,1,0.20294274389743805,1,1,0.19974222779273987,1,1,0.1977151334285736,1,1,0.1999073028564453,1,1,0.19969163835048676
subject_13:sample_0001074,13,1074,1,1,1,1,1,1,1,0.20314233005046844,1,1,0.19998180866241455,1,1,0.19721175730228424,1,1,0.19989418983459473,1,1,0.19976887106895447
subject_13:sample_0001075,13,1075,1,1,1,1,1,1,1,0.20317688584327698,1,1,0.20076322555541992,1,1,0.1964229792356491,1,1,0.19986937940120697,1,1,0.19976654648780823
subject_13:sample_0001076,13,1076,1,1,1,1,1,1,1,0.20285168290138245,1,1,0.20160746574401855,1,1,0.19571195542812347,1,1,0.19992749392986298,1,1,0.19990047812461853
subject_13:sample_0001077,13,1077,1,1,1,1,1,1,1,0.20300722122192383,1,1,0.2027968019247055,1,1,0.19333066046237946,1,1,0.20041672885417938,1,1,0.200447678565979
subject_13:sample_0001078,13,1078,1,1,1,1,1,1,1,0.20291459560394287,1,1,0.204538956284523,1,1,0.1908245086669922,1,1,0.20073387026786804,1,1,0.20098714530467987
subject_13:sample_0001079,13,1079,1,1,1,1,1,1,1,0.2017696648836136,1,1,0.20534196496009827,1,1,0.19273847341537476,1,1,0.1997331827878952,1,1,0.20041576027870178
subject_13:sample_0001080,13,1080,1,1,1,1,1,1,1,0.19987434148788452,1,1,0.20499736070632935,1,1,0.19750341773033142,1,1,0.19817209243774414,1,1,0.19945184886455536
subject_13:sample_0001081,13,1081,1,1,1,1,1,1,1,0.19852162897586823,1,1,0.20407232642173767,1,1,0.20087048411369324,1,1,0.1972472071647644,1,1,0.19928739964962006
subject_13:sample_0001082,13,1082,1,1,1,1,1,1,1,0.19697491824626923,1,1,0.2027156502008438,1,1,0.20589454472064972,1,1,0.19612592458724976,1,1,0.1982879936695099
subject_13:sample_0001083,13,1083,1,1,1,1,1,1,1,0.19611912965774536,1,1,0.20246782898902893,1,1,0.209939643740654,1,1,0.19564256072044373,1,1,0.19582989811897278
subject_13:sample_0001084,13,1084,1,1,1,1,1,1,1,0.1933574080467224,1,1,0.2013164758682251,1,1,0.2097688764333725,1,1,0.1931348294019699,1,1,0.20242144167423248
subject_13:sample_0001085,13,1085,1,1,1,1,1,1,1,0.19204190373420715,1,1,0.20174093544483185,0,0,0.20972485840320587,1,1,0.19174088537693024,1,1,0.20475046336650848
subject_13:sample_0001086,13,1086,1,1,1,1,1,1,1,0.19179148972034454,1,1,0.20298516750335693,0,0,0.20998252928256989,1,1,0.19140605628490448,1,1,0.20383378863334656
subject_13:sample_0001087,13,1087,1,1,1,1,1,1,1,0.19155055284500122,1,1,0.20441988110542297,0,0,0.20970693230628967,1,1,0.1913004368543625,0,0,0.20302124321460724
subject_13:sample_0001088,13,1088,1,1,1,1,1,1,1,0.19110041856765747,1,1,0.2060718685388565,0,0,0.2093566507101059,1,1,0.1909797191619873,0,0,0.20249038934707642
subject_13:sample_0001089,13,1089,1,1,1,1,1,1,1,0.1905989944934845,1,1,0.20754370093345642,0,0,0.20919331908226013,1,1,0.19057083129882812,0,0,0.20209212601184845
subject_13:sample_0001090,13,1090,1,1,1,1,1,1,1,0.19023601710796356,1,1,0.20792005956172943,0,0,0.20863521099090576,1,1,0.19012416899204254,0,0,0.20308350026607513
subject_13:sample_0001091,13,1091,1,1,1,1,1,1,1,0.18997198343276978,1,1,0.20814794301986694,0,0,0.20828351378440857,1,1,0.18982134759426117,0,0,0.20377418398857117
subject_13:sample_0001092,13,1092,1,1,1,1,1,1,1,0.18953052163124084,1,1,0.20833483338356018,0,0,0.2082536667585373,1,1,0.1895439326763153,0,0,0.20433606207370758
subject_13:sample_0001093,13,1093,1,1,1,1,1,1,1,0.18913520872592926,1,1,0.2078133076429367,0,0,0.20844437181949615,1,1,0.18944674730300903,0,0,0.20515942573547363
subject_13:sample_0001094,13,1094,1,1,1,1,1,1,1,0.1887587010860443,1,1,0.20683538913726807,0,0,0.20962780714035034,1,1,0.18939098715782166,0,0,0.205386221408844
subject_13:sample_0001095,13,1095,1,1,1,1,1,1,1,0.18855953216552734,1,1,0.20609937608242035,0,0,0.21081344783306122,1,1,0.1894630640745163,0,0,0.2050636261701584
subject_13:sample_0001096,13,1096,1,1,1,1,1,1,1,0.1885305494070053,0,0,0.2052975594997406,0,0,0.21102473139762878,1,1,0.18941998481750488,0,0,0.20572616159915924
subject_13:sample_0001097,13,1097,2,2,1,2,1,2,1,0.19416727125644684,2,1,0.19731804728507996,2,1,0.2220776230096817,2,1,0.19588837027549744,2,1,0.19054773449897766
subject_13:sample_0001098,13,1098,2,2,1,2,1,2,1,0.19373169541358948,2,1,0.197120800614357,2,1,0.22312504053115845,2,1,0.19584472477436066,2,1,0.19017678499221802
subject_13:sample_0001099,13,1099,2,2,1,2,1,2,1,0.1932191103696823,2,1,0.19701898097991943,2,1,0.22379206120967865,2,1,0.19614675641059875,2,1,0.18982216715812683
subject_13:sample_0001100,13,1100,2,2,1,2,1,2,1,0.1927051991224289,2,1,0.19705525040626526,2,1,0.22440406680107117,2,1,0.19630207121372223,2,1,0.18953239917755127
subject_13:sample_0001101,13,1101,2,2,1,2,1,2,1,0.192200168967247,2,1,0.19719280302524567,2,1,0.2246197909116745,2,1,0.19666098058223724,2,1,0.18932536244392395
subject_13:sample_0001102,13,1102,2,2,1,2,1,2,1,0.19171395897865295,2,1,0.19735181331634521,2,1,0.22474686801433563,2,1,0.19705744087696075,2,1,0.18912896513938904
subject_13:sample_0001103,13,1103,2,2,1,2,1,2,1,0.19130805134773254,2,1,0.19749003648757935,2,1,0.2246006429195404,2,1,0.19757965207099915,2,1,0.18902069330215454
subject_13:sample_0001104,13,1104,2,2,1,2,1,2,1,0.19090504944324493,2,1,0.19767794013023376,2,1,0.22433443367481232,2,1,0.19811080396175385,2,1,0.1889708787202835
subject_13:sample_0001105,13,1105,2,2,1,2,1,2,1,0.19049440324306488,2,1,0.1980474293231964,2,1,0.22378762066364288,2,1,0.19864030182361603,2,1,0.18902930617332458
subject_13:sample_0001106,13,1106,2,2,1,2,1,2,1,0.19007191061973572,2,1,0.1983979195356369,2,1,0.22338899970054626,2,1,0.19905605912208557,2,1,0.18908414244651794
subject_13:sample_0001107,13,1107,2,2,1,2,1,2,1,0.18964317440986633,2,1,0.1988002210855484,2,1,0.22282914817333221,2,1,0.19950012862682343,2,1,0.18922637403011322
subject_13:sample_0001108,13,1108,2,2,1,2,1,2,1,0.1892489343881607,2,1,0.19920700788497925,2,1,0.22222474217414856,2,1,0.19986693561077118,2,1,0.18945150077342987
subject_13:sample_0001109,13,1109,2,2,1,2,1,2,1,0.18894422054290771,2,1,0.19989709556102753,2,1,0.2207445651292801,2,1,0.20042245090007782,2,1,0.18999074399471283
subject_13:sample_0001110,13,1110,2,2,1,2,1,2,1,0.1890057921409607,2,1,0.20059770345687866,2,1,0.21847453713417053,2,1,0.20116625726222992,2,1,0.190754696726799
subject_13:sample_0001111,13,1111,2,2,1,2,1,2,1,0.189109668135643,2,1,0.2008221447467804,2,1,0.2171388864517212,2,1,0.20163346827030182,2,1,0.1912948489189148
subject_13:sample_0001112,13,1112,2,2,1,2,1,2,1,0.1892896145582199,2,1,0.2007378786802292,2,1,0.21650391817092896,2,1,0.20184454321861267,2,1,0.19162315130233765
subject_13:sample_0001113,13,1113,2,2,1,2,1,2,1,0.189456507563591,2,1,0.20088639855384827,2,1,0.2161489725112915,2,1,0.2017701119184494,2,1,0.19173704087734222
subject_13:sample_0001114,13,1114,2,2,1,2,1,2,1,0.18968819081783295,2,1,0.20074012875556946,2,1,0.21605126559734344,2,1,0.2016265094280243,2,1,0.19189299643039703
subject_13:sample_0001115,13,1115,2,2,1,2,1,2,1,0.190097376704216,2,1,0.20010140538215637,2,1,0.2161698043346405,2,1,0.20142428576946259,2,1,0.19220615923404694
subject_13:sample_0001116,13,1116,2,2,1,2,1,2,1,0.19096961617469788,2,1,0.19843187928199768,2,1,0.21619944274425507,2,1,0.20140574872493744,2,1,0.19299231469631195
subject_13:sample_0001117,13,1117,2,2,1,2,1,2,1,0.19224369525909424,2,1,0.19585826992988586,2,1,0.2160453051328659,2,1,0.20151573419570923,2,1,0.19433598220348358
subject_13:sample_0001118,13,1118,2,2,1,2,1,2,1,0.1936808079481125,2,1,0.19415520131587982,2,1,0.21481992304325104,2,1,0.20139554142951965,2,1,0.19594764709472656
subject_13:sample_0001119,13,1119,2,2,1,2,1,2,1,0.19510674476623535,2,1,0.1941431164741516,2,1,0.21199390292167664,2,1,0.20107315480709076,2,1,0.19768212735652924
subject_13:sample_0001120,13,1120,2,2,1,2,1,2,1,0.196513831615448,2,1,0.1950780153274536,2,1,0.2081896811723709,2,1,0.2007802426815033,2,1,0.1994372457265854
subject_13:sample_0001121,13,1121,2,2,1,2,1,2,1,0.197747603058815,2,1,0.19622232019901276,2,1,0.20454041659832,2,1,0.2005944401025772,2,1,0.20089420676231384
subject_13:sample_0001122,13,1122,2,2,1,2,1,2,1,0.19869735836982727,2,1,0.19726265966892242,2,1,0.20183108747005463,2,1,0.20030410587787628,2,1,0.2019037902355194
subject_13:sample_0001123,13,1123,2,2,1,2,1,2,1,0.19918563961982727,2,1,0.1978893280029297,2,1,0.20072580873966217,2,1,0.1999516636133194,2,1,0.20224659144878387
subject_13:sample_0001124,13,1124,2,2,1,2,1,2,1,0.1995263397693634,2,1,0.19849573075771332,2,1,0.2001744657754898,2,1,0.1995423436164856,2,1,0.20226013660430908
subject_13:sample_0001125,13,1125,2,2,1,2,1,2,1,0.19966544210910797,2,1,0.1991441249847412,2,1,0.19991472363471985,2,1,0.19919422268867493,2,1,0.20208047330379486
subject_13:sample_0001126,13,1126,2,2,1,2,1,2,1,0.19965365529060364,2,1,0.19958443939685822,2,1,0.19982260465621948,2,1,0.1990216076374054,2,1,0.20191676914691925
subject_13:sample_0001127,13,1127,2,2,1,2,1,2,1,0.1995505839586258,2,1,0.19945581257343292,2,1,0.19989781081676483,2,1,0.19915883243083954,2,1,0.20193597674369812
subject_13:sample_0001128,13,1128,2,2,1,2,1,2,1,0.19937080144882202,2,1,0.199042409658432,2,1,0.20006731152534485,2,1,0.1994694322347641,2,1,0.20204903185367584
subject_13:sample_0001129,13,1129,2,2,1,2,1,2,1,0.19916777312755585,2,1,0.19864210486412048,2,1,0.2002832144498825,2,1,0.19976958632469177,2,1,0.20213638246059418
subject_13:sample_0001130,13,1130,2,2,1,2,1,2,1,0.19891978800296783,2,1,0.19824077188968658,2,1,0.20058710873126984,2,1,0.20002208650112152,2,1,0.20222924649715424
subject_13:sample_0001131,13,1131,2,2,1,2,1,2,1,0.19877448678016663,2,1,0.19799619913101196,2,1,0.20094352960586548,2,1,0.20006723701953888,2,1,0.20221757888793945
subject_13:sample_0001132,13,1132,2,2,1,2,1,2,1,0.19858914613723755,2,1,0.19789275527000427,2,1,0.20139046013355255,2,1,0.19997051358222961,2,1,0.2021561563014984
subject_13:sample_0001133,13,1133,2,2,1,2,1,2,1,0.19841314852237701,2,1,0.19791433215141296,2,1,0.20184150338172913,2,1,0.1998046338558197,2,1,0.2020253837108612
subject_13:sample_0001134,13,1134,2,2,1,2,1,2,1,0.19828911125659943,2,1,0.1980511099100113,2,1,0.20218831300735474,2,1,0.19964826107025146,2,1,0.20182225108146667
subject_13:sample_0001135,13,1135,2,2,1,2,1,2,1,0.1982797533273697,2,1,0.19822627305984497,2,1,0.2022777646780014,2,1,0.19956283271312714,2,1,0.20165236294269562
subject_13:sample_0001136,13,1136,2,2,1,2,1,2,1,0.19828663766384125,2,1,0.19841231405735016,2,1,0.20225957036018372,2,1,0.19950620830059052,2,1,0.20153428614139557
subject_13:sample_0001137,13,1137,2,2,1,2,1,2,1,0.19832780957221985,2,1,0.19847963750362396,2,1,0.20223703980445862,2,1,0.19948332011699677,2,1,0.20147119462490082
subject_13:sample_0001138,13,1138,2,2,1,2,1,2,1,0.19838255643844604,2,1,0.19836199283599854,2,1,0.20235496759414673,2,1,0.19943822920322418,2,1,0.2014613002538681
subject_13:sample_0001139,13,1139,2,2,1,2,1,2,1,0.19844307005405426,2,1,0.19823619723320007,2,1,0.20244641602039337,2,1,0.1994047611951828,2,1,0.20146852731704712
subject_13:sample_0001140,13,1140,2,2,1,2,1,2,1,0.19845050573349,2,1,0.19814027845859528,2,1,0.20258423686027527,2,1,0.19935733079910278,2,1,0.20146667957305908
subject_13:sample_0001141,13,1141,2,2,1,2,1,2,1,0.19844791293144226,2,1,0.19801437854766846,2,1,0.20274701714515686,2,1,0.19933223724365234,2,1,0.20145748555660248
subject_13:sample_0001142,13,1142,2,2,1,2,1,2,1,0.19841070473194122,2,1,0.19786137342453003,2,1,0.2029571235179901,2,1,0.19931212067604065,2,1,0.201457679271698
subject_13:sample_0001143,13,1143,2,2,1,2,1,2,1,0.19843274354934692,2,1,0.19779036939144135,2,1,0.20310989022254944,2,1,0.19926345348358154,2,1,0.20140253007411957
subject_13:sample_0001144,13,1144,2,2,1,2,1,2,1,0.19841498136520386,2,1,0.19775769114494324,2,1,0.20328235626220703,2,1,0.199196457862854,2,1,0.2013475000858307
subject_13:sample_0001145,13,1145,2,2,1,2,1,2,1,0.1983836591243744,2,1,0.1977435201406479,2,1,0.20338648557662964,2,1,0.19916443526744843,2,1,0.20132097601890564
subject_13:sample_0001146,13,1146,2,2,1,2,1,2,1,0.19832199811935425,2,1,0.19774308800697327,2,1,0.20344708859920502,2,1,0.19914983212947845,2,1,0.20133697986602783
subject_13:sample_0001147,13,1147,2,2,1,2,1,2,1,0.19826970994472504,2,1,0.19773219525814056,2,1,0.20345667004585266,2,1,0.19916456937789917,2,1,0.20137587189674377
subject_13:sample_0001148,13,1148,2,2,1,2,1,2,1,0.19819673895835876,2,1,0.1977754384279251,2,1,0.2034529149532318,2,1,0.19917455315589905,2,1,0.20139946043491364
subject_13:sample_0001149,13,1149,2,2,1,2,1,2,1,0.198091521859169,2,1,0.19781853258609772,2,1,0.2034572809934616,2,1,0.19920678436756134,2,1,0.20142488181591034
subject_13:sample_0001150,13,1150,2,2,1,2,1,2,1,0.19800613820552826,2,1,0.19786469638347626,2,1,0.2034149169921875,2,1,0.19924817979335785,2,1,0.20146510004997253
subject_13:sample_0001151,13,1151,2,2,1,2,1,2,1,0.19794601202011108,2,1,0.19784453511238098,2,1,0.2033875286579132,2,1,0.19928118586540222,2,1,0.20153972506523132
subject_13:sample_0001152,13,1152,2,2,1,2,1,2,1,0.19789189100265503,2,1,0.19784049689769745,2,1,0.20335759222507477,2,1,0.19926194846630096,2,1,0.20164719223976135
subject_13:sample_0001153,13,1153,2,2,1,2,1,2,1,0.19786159694194794,2,1,0.19785085320472717,2,1,0.20333653688430786,2,1,0.1991942673921585,2,1,0.2017558217048645
subject_13:sample_0001154,13,1154,2,2,1,2,1,2,1,0.1978510618209839,2,1,0.19788534939289093,2,1,0.2032920867204666,2,1,0.19912008941173553,2,1,0.20185047388076782
subject_13:sample_0001155,13,1155,2,2,1,2,1,2,1,0.19781017303466797,2,1,0.1978774517774582,2,1,0.20333914458751678,2,1,0.19901089370250702,2,1,0.20196133852005005
subject_13:sample_0001156,13,1156,2,2,1,2,1,2,1,0.19779756665229797,2,1,0.1978682577610016,2,1,0.20340107381343842,2,1,0.19891516864299774,2,1,0.2020169347524643
subject_13:sample_0001157,13,1157,2,2,1,2,1,2,1,0.19780434668064117,2,1,0.19788497686386108,2,1,0.2035113275051117,2,1,0.19881410896778107,2,1,0.20198431611061096
subject_13:sample_0001158,13,1158,2,2,1,2,1,2,1,0.19776780903339386,2,1,0.19790732860565186,2,1,0.20373906195163727,2,1,0.1986996829509735,2,1,0.2018851637840271
subject_13:sample_0001159,13,1159,2,2,1,2,1,2,1,0.19772011041641235,2,1,0.1979314535856247,2,1,0.20396043360233307,2,1,0.19858528673648834,2,1,0.20180171728134155
subject_13:sample_0001160,13,1160,2,2,1,2,1,2,1,0.19765417277812958,2,1,0.1979585587978363,2,1,0.20417137444019318,2,1,0.19847413897514343,2,1,0.20174072682857513
subject_13:sample_0001161,13,1161,2,2,1,2,1,2,1,0.19764503836631775,2,1,0.19803079962730408,2,1,0.20421725511550903,2,1,0.19841252267360687,2,1,0.20169343054294586
subject_13:sample_0001162,13,1162,2,2,1,2,1,2,1,0.19768008589744568,2,1,0.19816681742668152,2,1,0.20400266349315643,2,1,0.19843287765979767,2,1,0.2017166167497635
subject_13:sample_0001163,13,1163,2,2,1,2,1,2,1,0.19777622818946838,2,1,0.1983121782541275,2,1,0.20363761484622955,2,1,0.19849242269992828,2,1,0.2017805576324463
subject_13:sample_0001164,13,1164,2,2,1,2,1,2,1,0.1979207843542099,2,1,0.1984696239233017,2,1,0.20312237739562988,2,1,0.19860303401947021,2,1,0.20188316702842712
subject_13:sample_0001165,13,1165,2,2,1,2,1,2,1,0.19809503853321075,2,1,0.19862216711044312,2,1,0.20244358479976654,2,1,0.1987527757883072,2,1,0.20208550989627838
subject_13:sample_0001166,13,1166,2,2,1,2,1,2,1,0.19826194643974304,2,1,0.19878681004047394,2,1,0.20171783864498138,2,1,0.1989016830921173,2,1,0.2023307979106903
subject_13:sample_0001167,13,1167,2,2,1,2,1,2,1,0.19844494760036469,2,1,0.19897590577602386,2,1,0.20087777078151703,2,1,0.1990625411272049,2,1,0.20263789594173431
subject_13:sample_0001168,13,1168,2,2,1,2,1,2,1,0.19861701130867004,2,1,0.19915856420993805,2,1,0.2000899463891983,2,1,0.19920437037944794,2,1,0.20292909443378448
subject_13:sample_0001169,13,1169,2,2,1,2,1,2,1,0.19887253642082214,2,1,0.19934991002082825,2,1,0.19922448694705963,2,1,0.19935710728168488,2,1,0.20319503545761108
subject_13:sample_0001170,13,1170,2,2,1,2,1,2,1,0.19909946620464325,2,1,0.19947707653045654,2,1,0.19863471388816833,2,1,0.1994480937719345,2,1,0.20333969593048096
subject_13:sample_0001171,13,1171,2,2,1,2,1,2,1,0.19929485023021698,2,1,0.19958113133907318,2,1,0.19815964996814728,2,1,0.19949060678482056,2,1,0.2034728080034256
subject_13:sample_0001172,13,1172,2,2,1,2,1,2,1,0.19950345158576965,2,1,0.19967158138751984,2,1,0.1976233869791031,2,1,0.19955508410930634,2,1,0.2036454826593399
subject_13:sample_0001173,13,1173,2,2,1,2,1,2,1,0.19970586895942688,2,1,0.1997511386871338,2,1,0.19735726714134216,2,1,0.1995551884174347,2,1,0.20362956821918488
subject_13:sample_0001174,13,1174,2,2,1,2,1,2,1,0.19986791908740997,2,1,0.1997859925031662,2,1,0.1975158303976059,2,1,0.1994456648826599,2,1,0.20338362455368042
subject_13:sample_0001175,13,1175,2,2,1,2,1,2,1,0.19995076954364777,2,1,0.19977408647537231,2,1,0.19809266924858093,2,1,0.1991921365261078,2,1,0.20298942923545837
subject_13:sample_0001176,13,1176,2,2,1,2,1,2,1,0.19990327954292297,2,1,0.19967316091060638,2,1,0.19891992211341858,2,1,0.19891515374183655,2,1,0.20258744060993195
subject_13:sample_0001177,13,1177,2,2,1,2,1,2,1,0.1998436450958252,2,1,0.19958274066448212,2,1,0.19948439300060272,2,1,0.19875134527683258,2,1,0.20233690738677979
subject_13:sample_0001178,13,1178,2,2,1,2,1,2,1,0.19977967441082,2,1,0.19955353438854218,2,1,0.19976843893527985,2,1,0.1986742466688156,2,1,0.20222313702106476
subject_13:sample_0001179,13,1179,2,2,1,2,1,2,1,0.19984017312526703,2,1,0.19960202276706696,2,1,0.19967320561408997,2,1,0.19864581525325775,2,1,0.2022377848625183
subject_13:sample_0001180,13,1180,2,2,1,2,1,2,1,0.19991695880889893,2,1,0.1996186226606369,2,1,0.1995648592710495,2,1,0.19860783219337463,2,1,0.20229068398475647
subject_13:sample_0001181,13,1181,2,2,1,2,1,2,1,0.19995710253715515,2,1,0.19957491755485535,2,1,0.19948820769786835,2,1,0.1986006498336792,2,1,0.20237815380096436
subject_13:sample_0001182,13,1182,2,2,1,2,1,2,1,0.1999920904636383,2,1,0.19956734776496887,2,1,0.1994503140449524,2,1,0.19857904314994812,2,1,0.2024102360010147
subject_13:sample_0001183,13,1183,2,2,1,2,1,2,1,0.20006418228149414,2,1,0.19954748451709747,2,1,0.1994328796863556,2,1,0.198529914021492,2,1,0.2024245709180832
subject_13:sample_0001184,13,1184,2,2,1,2,1,2,1,0.20005954802036285,2,1,0.19954614341259003,2,1,0.19948802888393402,2,1,0.1984853893518448,2,1,0.2024199217557907
subject_13:sample_0001185,13,1185,2,2,1,2,1,2,1,0.19998988509178162,2,1,0.1995890587568283,2,1,0.19961149990558624,2,1,0.19842807948589325,2,1,0.20238056778907776
subject_13:sample_0001186,13,1186,2,2,1,2,1,2,1,0.19989138841629028,2,1,0.19969476759433746,2,1,0.19977784156799316,2,1,0.19836311042308807,2,1,0.20227199792861938
subject_13:sample_0001187,13,1187,2,2,1,2,1,2,1,0.19979512691497803,2,1,0.19983531534671783,2,1,0.19993673264980316,2,1,0.1982804238796234,2,1,0.20215153694152832
subject_13:sample_0001188,13,1188,2,2,1,2,1,2,1,0.19974187016487122,2,1,0.19994598627090454,2,1,0.20005938410758972,2,1,0.1982029378414154,2,1,0.2020488679409027
subject_13:sample_0001189,13,1189,2,2,1,2,1,2,1,0.19971880316734314,2,1,0.20017237961292267,2,1,0.200158953666687,2,1,0.1980883926153183,2,1,0.20186053216457367
subject_13:sample_0001190,13,1190,2,2,1,2,1,2,1,0.1996939778327942,2,1,0.2003590315580368,2,1,0.20023395121097565,2,1,0.19799062609672546,2,1,0.2017214447259903
subject_13:sample_0001191,13,1191,2,2,1,2,1,2,1,0.1996549516916275,2,1,0.2005845308303833,2,1,0.20031552016735077,2,1,0.19788014888763428,2,1,0.20156383514404297
subject_13:sample_0001192,13,1192,2,2,1,2,1,2,1,0.19961924850940704,2,1,0.20075024664402008,2,1,0.20038291811943054,2,1,0.19781528413295746,2,1,0.2014313042163849
subject_13:sample_0001193,13,1193,2,2,1,2,1,2,1,0.19959363341331482,2,1,0.20096895098686218,2,1,0.20043085515499115,2,1,0.1977524608373642,2,1,0.20125314593315125
subject_13:sample_0001194,13,1194,2,2,1,2,1,2,1,0.19955259561538696,2,1,0.20117948949337006,2,1,0.200480654835701,2,1,0.1976960450410843,2,1,0.2010902613401413
subject_13:sample_0001195,13,1195,2,2,1,2,1,2,1,0.19954314827919006,2,1,0.20133325457572937,2,1,0.2005520910024643,2,1,0.19762687385082245,2,1,0.20094367861747742
subject_13:sample_0001196,13,1196,2,2,1,2,1,2,1,0.19953815639019012,2,1,0.20139813423156738,2,1,0.20060911774635315,2,1,0.19757722318172455,2,1,0.2008763998746872
subject_13:sample_0001197,13,1197,2,2,1,2,1,2,1,0.19952133297920227,2,1,0.20145447552204132,2,1,0.20064575970172882,2,1,0.19753894209861755,2,1,0.20083853602409363
subject_13:sample_0001198,13,1198,2,2,1,2,1,2,1,0.1995266079902649,2,1,0.20154038071632385,2,1,0.20075623691082,2,1,0.1974463164806366,2,1,0.20072945952415466
subject_13:sample_0001199,13,1199,2,2,1,2,1,2,1,0.19953443109989166,2,1,0.2016182392835617,2,1,0.20087334513664246,2,1,0.1973540484905243,2,1,0.20061905682086945
subject_13:sample_0001200,13,1200,2,2,1,2,1,2,1,0.1995210498571396,2,1,0.20167909562587738,2,1,0.2009173035621643,2,1,0.19729889929294586,2,1,0.20058271288871765
subject_13:sample_0001201,13,1201,2,2,1,2,1,2,1,0.19948095083236694,2,1,0.2016875296831131,2,1,0.20090024173259735,2,1,0.1972978413105011,2,1,0.20063245296478271
subject_13:sample_0001202,13,1202,2,2,1,2,1,2,1,0.19948111474514008,2,1,0.20166577398777008,2,1,0.20082391798496246,2,1,0.19732405245304108,2,1,0.20070414245128632
subject_13:sample_0001203,13,1203,2,2,1,2,1,2,1,0.19952012598514557,2,1,0.20154008269309998,2,1,0.20069831609725952,2,1,0.19741414487361908,2,1,0.20082637667655945
subject_13:sample_0001204,13,1204,2,2,1,2,1,2,1,0.1996343582868576,2,1,0.2012430876493454,2,1,0.20057834684848785,2,1,0.1975293904542923,2,1,0.20101384818553925
subject_13:sample_0001205,13,1205,2,2,1,2,1,2,1,0.19975315034389496,2,1,0.20095229148864746,2,1,0.2005312293767929,2,1,0.19762550294399261,2,1,0.20113694667816162
subject_13:sample_0001206,13,1206,2,2,1,2,1,2,1,0.19987769424915314,2,1,0.20064286887645721,2,1,0.20053233206272125,2,1,0.19770966470241547,2,1,0.20123642683029175
subject_13:sample_0001207,13,1207,2,2,1,2,1,2,1,0.19996283948421478,2,1,0.200320765376091,2,1,0.20063500106334686,2,1,0.1977713704109192,2,1,0.20130905508995056
subject_13:sample_0001208,13,1208,2,2,1,2,1,2,1,0.2000233232975006,2,1,0.20007815957069397,2,1,0.2007281333208084,2,1,0.19779720902442932,2,1,0.2013721913099289
subject_13:sample_0001209,13,1209,2,2,1,2,1,2,1,0.20004229247570038,2,1,0.19988054037094116,2,1,0.200871542096138,2,1,0.19781331717967987,2,1,0.20139135420322418
subject_13:sample_0001210,13,1210,2,2,1,2,1,2,1,0.1999974250793457,2,1,0.1997048705816269,2,1,0.20102280378341675,2,1,0.1978425234556198,2,1,0.20143137872219086
subject_13:sample_0001211,13,1211,2,2,1,2,1,2,1,0.19993852078914642,2,1,0.19958585500717163,2,1,0.20119740068912506,2,1,0.1978830099105835,2,1,0.2013942003250122
subject_13:sample_0001212,13,1212,2,2,1,2,1,2,1,0.19982601702213287,2,1,0.19950957596302032,2,1,0.20140843093395233,2,1,0.1979050189256668,2,1,0.20134997367858887
subject_13:sample_0001213,13,1213,2,2,1,2,1,2,1,0.19970016181468964,2,1,0.19933773577213287,2,1,0.20164428651332855,2,1,0.19796359539031982,2,1,0.2013532668352127
subject_13:sample_0001214,13,1214,2,2,1,2,1,2,1,0.1996423602104187,2,1,0.1991613358259201,2,1,0.20179367065429688,2,1,0.19802311062812805,2,1,0.20137852430343628
subject_13:sample_0001215,13,1215,2,2,1,2,1,2,1,0.1995258778333664,2,1,0.1989402174949646,2,1,0.20201030373573303,2,1,0.19810926914215088,2,1,0.2014133334159851
subject_13:sample_0001216,13,1216,2,2,1,2,1,2,1,0.1994364857673645,2,1,0.19875803589820862,2,1,0.20216533541679382,2,1,0.1981954425573349,2,1,0.20144370198249817
subject_13:sample_0001217,13,1217,2,2,1,2,1,2,1,0.1993197351694107,2,1,0.1986772119998932,2,1,0.2022264003753662,2,1,0.19827666878700256,2,1,0.20149898529052734
subject_13:sample_0001218,13,1218,2,2,1,2,1,2,1,0.19935956597328186,2,1,0.19868452847003937,2,1,0.20217536389827728,2,1,0.19831357896327972,2,1,0.20146609842777252
subject_13:sample_0001219,13,1219,2,2,1,2,1,2,1,0.19947277009487152,2,1,0.19867637753486633,2,1,0.20205430686473846,2,1,0.19835855066776276,2,1,0.20143699645996094
subject_13:sample_0001220,13,1220,2,2,1,2,1,2,1,0.199600487947464,2,1,0.19871830940246582,2,1,0.20188216865062714,2,1,0.19841641187667847,2,1,0.2013816237449646
subject_13:sample_0001221,13,1221,2,2,1,2,1,2,1,0.19979524612426758,2,1,0.1987999975681305,2,1,0.2016364336013794,2,1,0.19847069680690765,2,1,0.2012966126203537
subject_13:sample_0001222,13,1222,2,2,1,2,1,2,1,0.2000269591808319,2,1,0.19891124963760376,2,1,0.20137682557106018,2,1,0.19850966334342957,2,1,0.2011742740869522
subject_13:sample_0001223,13,1223,2,2,1,2,1,2,1,0.20025579631328583,2,1,0.1990172564983368,2,1,0.2011566311120987,2,1,0.19853822886943817,2,1,0.2010311335325241
subject_13:sample_0001224,13,1224,2,2,1,2,1,2,1,0.2002115547657013,2,1,0.19921034574508667,2,1,0.20103414356708527,2,1,0.19857381284236908,2,1,0.2009691298007965
subject_13:sample_0001225,13,1225,2,2,1,2,1,2,1,0.19998221099376678,2,1,0.19944870471954346,2,1,0.20093394815921783,2,1,0.19865578413009644,2,1,0.2009783536195755
subject_13:sample_0001226,13,1226,2,2,1,2,1,2,1,0.19964204728603363,2,1,0.19975009560585022,2,1,0.20083990693092346,2,1,0.19876600801944733,2,1,0.20100092887878418
subject_13:sample_0001227,13,1227,2,2,1,2,1,2,1,0.19934074580669403,2,1,0.20014306902885437,2,1,0.20071914792060852,2,1,0.19882193207740784,2,1,0.20097415149211884
subject_13:sample_0001228,13,1228,2,2,1,2,1,2,1,0.19910167157649994,2,1,0.20057515799999237,2,1,0.20059792697429657,2,1,0.19882507622241974,2,1,0.2008991837501526
subject_13:sample_0001229,13,1229,2,2,1,2,1,2,1,0.19895386695861816,2,1,0.20093774795532227,2,1,0.2005140781402588,2,1,0.19878244400024414,2,1,0.20081087946891785
subject_13:sample_0001230,13,1230,2,2,1,2,1,2,1,0.19883035123348236,2,1,0.20125894248485565,2,1,0.20040813088417053,2,1,0.1987467110157013,2,1,0.20075486600399017
subject_13:sample_0001231,13,1231,2,2,1,2,1,2,1,0.198709636926651,2,1,0.2015371024608612,2,1,0.2002907395362854,2,1,0.1987437903881073,2,1,0.20071782171726227
subject_13:sample_0001232,13,1232,2,2,1,2,1,2,1,0.19859889149665833,2,1,0.20181262493133545,2,1,0.20018024742603302,2,1,0.19873914122581482,2,1,0.2006681114435196
subject_13:sample_0001233,13,1233,2,2,1,2,1,2,1,0.1984272450208664,2,1,0.20216956734657288,2,1,0.2000376135110855,2,1,0.1987377554178238,2,1,0.20062685012817383
subject_13:sample_0001234,13,1234,2,2,1,2,1,2,1,0.19817708432674408,2,1,0.20259124040603638,2,1,0.19989460706710815,2,1,0.19872009754180908,2,1,0.2006160169839859
subject_13:sample_0001235,13,1235,2,2,1,2,1,2,1,0.19784650206565857,2,1,0.20307804644107819,2,1,0.19973725080490112,2,1,0.19871209561824799,2,1,0.20062509179115295
subject_13:sample_0001236,13,1236,2,2,1,2,1,2,1,0.19766736030578613,2,1,0.20334191620349884,2,1,0.1996418833732605,2,1,0.19872145354747772,2,1,0.2006264328956604
subject_13:sample_0001237,13,1237,2,2,1,2,1,2,1,0.1975565254688263,2,1,0.2035328894853592,2,1,0.1996033787727356,2,1,0.19871032238006592,2,1,0.2005959153175354
subject_13:sample_0001238,13,1238,2,2,1,2,1,2,1,0.19755959510803223,2,1,0.2035977840423584,2,1,0.199664905667305,2,1,0.19866247475147247,2,1,0.2005142718553543
subject_13:sample_0001239,13,1239,2,2,1,2,1,2,1,0.19754208624362946,2,1,0.20367324352264404,2,1,0.19978690147399902,2,1,0.19859133660793304,2,1,0.20040547847747803
subject_13:sample_0001240,13,1240,2,2,1,2,1,2,1,0.1974634826183319,2,1,0.20378442108631134,2,1,0.19995184242725372,2,1,0.198513001203537,2,1,0.20028622448444366
subject_13:sample_0001241,13,1241,2,2,1,2,1,2,1,0.19750764966011047,2,1,0.20399706065654755,2,1,0.19994637370109558,2,1,0.1984107345342636,2,1,0.2001371830701828
subject_13:sample_0001242,13,1242,2,2,1,2,1,2,1,0.19779770076274872,2,1,0.2041567713022232,2,1,0.19979576766490936,2,1,0.1982830911874771,2,1,0.1999657154083252
subject_13:sample_0001243,13,1243,2,2,1,2,1,2,1,0.19820536673069,2,1,0.2041131556034088,2,1,0.1996668428182602,2,1,0.19817198812961578,2,1,0.19984164834022522
subject_13:sample_0001244,13,1244,2,2,1,2,1,2,1,0.19860999286174774,2,1,0.20399083197116852,2,1,0.19954003393650055,2,1,0.19808736443519592,2,1,0.1997707635164261
subject_13:sample_0001245,13,1245,2,2,1,2,1,2,1,0.19875288009643555,2,1,0.2042035311460495,2,1,0.19947771728038788,2,1,0.19793616235256195,2,1,0.1996287703514099
subject_13:sample_0001246,13,1246,2,2,1,2,1,2,1,0.19884879887104034,2,1,0.20411905646324158,2,1,0.19948391616344452,2,1,0.19790640473365784,2,1,0.19964082539081573
subject_13:sample_0001247,13,1247,2,2,1,2,1,2,1,0.19886547327041626,2,1,0.20398961007595062,2,1,0.19952961802482605,2,1,0.1979137510061264,2,1,0.19970057904720306
subject_13:sample_0001248,13,1248,2,2,1,2,1,2,1,0.19889964163303375,2,1,0.20366457104682922,2,1,0.1996401995420456,2,1,0.19797112047672272,2,1,0.19982348382472992
subject_13:sample_0001249,13,1249,2,2,1,2,1,2,1,0.1988963484764099,2,1,0.20327706634998322,2,1,0.19977274537086487,2,1,0.19806800782680511,2,1,0.19998495280742645
subject_13:sample_0001250,13,1250,2,2,1,2,1,2,1,0.1988929659128189,2,1,0.2027883231639862,2,1,0.19992588460445404,2,1,0.19820651412010193,2,1,0.20018529891967773
subject_13:sample_0001251,13,1251,2,2,1,2,1,2,1,0.19899706542491913,2,1,0.20234163105487823,2,1,0.19999858736991882,2,1,0.1983247995376587,2,1,0.20033688843250275
subject_13:sample_0001252,13,1252,2,2,1,2,1,2,1,0.19897645711898804,2,1,0.20212236046791077,2,1,0.20003437995910645,2,1,0.19841723144054413,2,1,0.20044857263565063
subject_13:sample_0001253,13,1253,2,2,1,2,1,2,1,0.19902828335762024,2,1,0.20198678970336914,2,1,0.20004265010356903,2,1,0.19847223162651062,2,1,0.20046916604042053
subject_13:sample_0001254,13,1254,2,2,1,2,1,2,1,0.1991392970085144,2,1,0.20182891190052032,2,1,0.20006677508354187,2,1,0.19851118326187134,2,1,0.20045283436775208
subject_13:sample_0001255,13,1255,2,2,1,2,1,2,1,0.19929562509059906,2,1,0.20152515172958374,2,1,0.20015913248062134,2,1,0.1986158937215805,2,1,0.20040318369865417
subject_13:sample_0001256,13,1256,2,2,1,2,1,2,1,0.19944824278354645,2,1,0.20124493539333344,2,1,0.2002844363451004,2,1,0.19871193170547485,2,1,0.20030947029590607
subject_13:sample_0001257,13,1257,2,2,1,2,1,2,1,0.19954264163970947,2,1,0.2012372761964798,2,1,0.20036005973815918,2,1,0.19868972897529602,2,1,0.20016935467720032
subject_13:sample_0001258,13,1258,2,2,1,2,1,2,1,0.19967249035835266,2,1,0.2012561410665512,2,1,0.2003965526819229,2,1,0.19857855141162872,2,1,0.20009532570838928
subject_13:sample_0001259,13,1259,2,2,1,2,1,2,1,0.19989615678787231,2,1,0.20125727355480194,2,1,0.2003469616174698,2,1,0.19838863611221313,2,1,0.20011000335216522
subject_13:sample_0001260,13,1260,2,2,1,2,1,2,1,0.2001141458749771,2,1,0.2012024074792862,2,1,0.20028486847877502,2,1,0.19819986820220947,2,1,0.2001977115869522
subject_13:sample_0001261,13,1261,2,2,1,2,1,2,1,0.20030562579631805,2,1,0.20117218792438507,2,1,0.2002488076686859,2,1,0.19794166088104248,2,1,0.2003307193517685
subject_13:sample_0001262,13,1262,2,2,1,2,1,2,1,0.20056463778018951,2,1,0.2011875957250595,2,1,0.20026437938213348,2,1,0.19767698645591736,2,1,0.20030543208122253
subject_13:sample_0001263,13,1263,2,2,1,2,1,2,1,0.20073337852954865,2,1,0.20125457644462585,2,1,0.20034967362880707,2,1,0.19755259156227112,2,1,0.20010875165462494
subject_13:sample_0001264,13,1264,2,2,1,2,1,2,1,0.2008734941482544,2,1,0.2012712061405182,2,1,0.20049472153186798,2,1,0.19747290015220642,2,1,0.19988670945167542
subject_13:sample_0001265,13,1265,2,2,1,2,1,2,1,0.20107829570770264,2,1,0.2011891007423401,2,1,0.20073534548282623,2,1,0.19748486578464508,2,1,0.19951140880584717
subject_13:sample_0001266,13,1266,2,2,1,2,1,2,1,0.20112298429012299,2,1,0.20114301145076752,2,1,0.2010146826505661,2,1,0.19758747518062592,2,1,0.19913090765476227
subject_13:sample_0001267,13,1267,2,2,1,2,1,2,1,0.20093855261802673,2,1,0.20104679465293884,2,1,0.2012239545583725,2,1,0.19770033657550812,2,1,0.19908937811851501
subject_13:sample_0001268,13,1268,2,2,1,2,1,2,1,0.2010202556848526,2,1,0.20082050561904907,2,1,0.20136432349681854,2,1,0.19776023924350739,2,1,0.1990337073802948
subject_13:sample_0001269,13,1269,2,2,1,2,1,2,1,0.20103678107261658,2,1,0.20055410265922546,2,1,0.2014506608247757,2,1,0.1977054923772812,2,1,0.19925197958946228
subject_13:sample_0001270,13,1270,2,2,1,2,1,2,1,0.20120124518871307,2,1,0.200298011302948,2,1,0.20140516757965088,2,1,0.1975908726453781,2,1,0.19950373470783234
subject_13:sample_0001271,13,1271,2,2,1,2,1,2,1,0.20162150263786316,2,1,0.19981905817985535,2,1,0.2012389898300171,2,1,0.1975167989730835,2,1,0.1998027116060257
subject_13:sample_0001272,13,1272,2,2,1,2,1,2,1,0.20153702795505524,2,1,0.1993449479341507,2,1,0.20115545392036438,2,1,0.19773615896701813,2,1,0.20022539794445038
subject_13:sample_0001273,13,1273,2,2,1,2,1,2,1,0.20136161148548126,2,1,0.19884724915027618,2,1,0.20099587738513947,2,1,0.19805191457271576,2,1,0.20074240863323212
subject_13:sample_0001274,13,1274,2,2,1,2,1,2,1,0.20117034018039703,2,1,0.19843453168869019,2,1,0.20077694952487946,2,1,0.1983032077550888,2,1,0.20131398737430573
subject_13:sample_0001275,13,1275,2,2,1,2,1,2,1,0.20109939575195312,2,1,0.19817417860031128,2,1,0.2005327045917511,2,1,0.1984378546476364,2,1,0.20175494253635406
subject_13:sample_0001276,13,1276,2,2,1,2,1,2,1,0.20111115276813507,2,1,0.19799639284610748,2,1,0.20021413266658783,2,1,0.1985444873571396,2,1,0.20213298499584198
subject_13:sample_0001277,13,1277,2,2,1,2,1,2,1,0.20121215283870697,2,1,0.1978781819343567,2,1,0.19982150197029114,2,1,0.19863493740558624,2,1,0.20245221257209778
subject_13:sample_0001278,13,1278,2,2,1,2,1,2,1,0.20133432745933533,2,1,0.1977604776620865,2,1,0.19931848347187042,2,1,0.19871993362903595,2,1,0.2028658092021942
subject_13:sample_0001279,13,1279,2,2,1,2,1,2,1,0.20203112065792084,2,1,0.19758562743663788,2,1,0.19882027804851532,2,1,0.19866055250167847,2,1,0.20290148258209229
subject_13:sample_0001280,13,1280,2,2,1,2,1,2,1,0.20204070210456848,2,1,0.19763779640197754,2,1,0.19878414273262024,2,1,0.19864040613174438,2,1,0.20289598405361176
subject_13:sample_0001281,13,1281,2,2,1,2,1,2,1,0.20189814269542694,2,1,0.19761480391025543,2,1,0.19912755489349365,2,1,0.19857239723205566,2,1,0.20278610289096832
subject_13:sample_0001282,13,1282,2,2,1,2,1,2,1,0.20194365084171295,2,1,0.197590172290802,2,1,0.1994677484035492,2,1,0.19842831790447235,2,1,0.20256909728050232
subject_13:sample_0001283,13,1283,2,2,1,2,1,2,1,0.2020077258348465,2,1,0.1976887285709381,2,1,0.1997765749692917,2,1,0.19826434552669525,2,1,0.20226165652275085
subject_13:sample_0001284,13,1284,2,2,1,2,1,2,1,0.20209087431430817,2,1,0.1978471577167511,2,1,0.19989588856697083,2,1,0.19813816249370575,2,1,0.20202705264091492
subject_13:sample_0001285,13,1285,2,2,1,2,1,2,1,0.20224955677986145,2,1,0.19808395206928253,2,1,0.1999817043542862,2,1,0.19791662693023682,2,1,0.2017671763896942
subject_13:sample_0001286,13,1286,2,2,1,2,1,2,1,0.20215266942977905,2,1,0.19847165048122406,2,1,0.2001582384109497,2,1,0.19764727354049683,2,1,0.20156913995742798
subject_13:sample_0001287,13,1287,2,2,1,2,1,2,1,0.20209865272045135,2,1,0.19898386299610138,2,1,0.20027820765972137,2,1,0.1973256915807724,2,1,0.2013126015663147
subject_13:sample_0001288,13,1288,2,2,1,2,1,2,1,0.20208598673343658,2,1,0.19948995113372803,2,1,0.20030096173286438,2,1,0.1970519870519638,2,1,0.2010701298713684
subject_13:sample_0001289,13,1289,2,2,1,2,1,2,1,0.20195111632347107,2,1,0.1999693661928177,2,1,0.20028679072856903,2,1,0.1968708485364914,2,1,0.20092090964317322
subject_13:sample_0001290,13,1290,2,2,1,2,1,2,1,0.20176897943019867,2,1,0.20020903646945953,2,1,0.20030909776687622,2,1,0.19683025777339935,2,1,0.20088163018226624
subject_13:sample_0001291,13,1291,2,2,1,2,1,2,1,0.2016686201095581,2,1,0.20030169188976288,2,1,0.2003423273563385,2,1,0.19682031869888306,2,1,0.20086607336997986
subject_13:sample_0001292,13,1292,0,1,0,1,0,1,0,0.19771121442317963,1,0,0.19593709707260132,1,0,0.19482390582561493,1,0,0.2126864194869995,1,0,0.1988404095172882
subject_13:sample_0001293,13,1293,0,1,0,1,0,1,0,0.19780659675598145,1,0,0.19597984850406647,1,0,0.1949426680803299,1,0,0.21269004046916962,1,0,0.19857993721961975
subject_13:sample_0001294,13,1294,0,1,0,1,0,1,0,0.1979442536830902,1,0,0.19598042964935303,1,0,0.19513699412345886,1,0,0.21278968453407288,1,0,0.198147714138031
subject_13:sample_0001295,13,1295,0,1,0,1,0,1,0,0.1981644332408905,1,0,0.19592970609664917,1,0,0.19540874660015106,1,0,0.2126375436782837,1,0,0.19785857200622559
subject_13:sample_0001296,13,1296,0,1,0,1,0,1,0,0.19839173555374146,1,0,0.19575382769107819,1,0,0.19576390087604523,1,0,0.21257838606834412,1,0,0.19751115143299103
subject_13:sample_0001297,13,1297,0,1,0,1,0,1,0,0.1988861858844757,1,0,0.19574521481990814,1,0,0.19621674716472626,1,0,0.21164317429065704,1,0,0.19750769436359406
subject_13:sample_0001298,13,1298,0,1,0,1,0,1,0,0.19944456219673157,1,0,0.19585983455181122,1,0,0.196616068482399,1,0,0.21040146052837372,1,0,0.1976771503686905
subject_13:sample_0001299,13,1299,0,1,0,1,0,1,0,0.1995292603969574,1,0,0.1959332376718521,1,0,0.19675081968307495,1,0,0.21008071303367615,1,0,0.19770501554012299
subject_13:sample_0001300,13,1300,0,1,0,1,0,1,0,0.19962944090366364,1,0,0.1961420327425003,1,0,0.19687938690185547,1,0,0.20952805876731873,1,0,0.19782008230686188
subject_13:sample_0001301,13,1301,0,1,0,1,0,1,0,0.19971533119678497,1,0,0.19680669903755188,1,0,0.19689251482486725,1,0,0.2087928056716919,1,0,0.1977916806936264
subject_13:sample_0001302,13,1302,0,1,0,1,0,1,0,0.1998373121023178,1,0,0.19765141606330872,1,0,0.19694064557552338,1,0,0.20769159495830536,1,0,0.19787806272506714
subject_13:sample_0001303,13,1303,0,1,0,1,0,1,0,0.20030273497104645,1,0,0.19709016382694244,1,0,0.1974010169506073,1,0,0.2068193256855011,1,0,0.19838577508926392
subject_13:sample_0001304,13,1304,0,1,0,1,0,1,0,0.20052243769168854,1,0,0.1968909204006195,1,0,0.19777458906173706,1,0,0.20610837638378143,1,0,0.19870270788669586
subject_13:sample_0001305,13,1305,0,1,0,1,0,1,0,0.19941574335098267,1,0,0.19725863635540009,1,0,0.19817928969860077,1,0,0.2061433047056198,1,0,0.19900202751159668
subject_13:sample_0001306,13,1306,0,1,0,1,0,1,0,0.19711840152740479,1,0,0.19784605503082275,1,0,0.198705792427063,1,0,0.20700670778751373,1,0,0.19932204484939575
subject_13:sample_0001307,13,1307,0,1,0,1,0,1,0,0.19838367402553558,1,0,0.19757865369319916,1,0,0.1983051598072052,1,0,0.2069794237613678,1,0,0.19875213503837585
subject_13:sample_0001308,13,1308,0,1,0,1,0,1,0,0.20125889778137207,1,0,0.19698169827461243,1,0,0.1975189447402954,1,0,0.20650391280651093,1,0,0.19773562252521515
subject_13:sample_0001309,13,1309,0,1,0,1,0,1,0,0.20443545281887054,1,0,0.19642989337444305,1,0,0.19654816389083862,1,0,0.20611195266246796,1,0,0.19647355377674103
subject_13:sample_0001310,13,1310,0,1,0,1,0,1,0,0.2072555422782898,1,0,0.19593806564807892,1,0,0.19566407799720764,1,0,0.20589406788349152,1,0,0.19524729251861572
subject_13:sample_0001311,13,1311,0,1,0,1,0,1,0,0.209602952003479,1,0,0.19530998170375824,1,0,0.19491362571716309,1,0,0.2059430032968521,1,0,0.19422954320907593
subject_13:sample_0001312,13,1312,0,1,0,1,0,1,0,0.21121667325496674,1,0,0.19475480914115906,1,0,0.194538876414299,1,0,0.20568284392356873,1,0,0.19380584359169006
subject_13:sample_0001313,13,1313,0,1,0,1,0,1,0,0.2115589827299118,1,0,0.1947009265422821,1,0,0.19451357424259186,1,0,0.20550671219825745,1,0,0.19371885061264038
subject_13:sample_0001314,13,1314,0,1,0,1,0,1,0,0.2100600302219391,1,0,0.19505730271339417,1,0,0.19506299495697021,1,0,0.2057037055492401,1,0,0.1941150575876236
subject_13:sample_0001315,13,1315,0,1,0,1,0,1,0,0.20988211035728455,1,0,0.19508449733257294,1,0,0.19532455503940582,1,0,0.2058228850364685,1,0,0.19388499855995178
subject_13:sample_0001316,13,1316,0,1,0,1,0,1,0,0.20996318757534027,1,0,0.19512255489826202,1,0,0.19564658403396606,1,0,0.20593348145484924,1,0,0.1933332234621048
subject_13:sample_0001317,13,1317,0,1,0,1,0,1,0,0.21037428081035614,1,0,0.19525156915187836,1,0,0.196016326546669,1,0,0.2057167887687683,1,0,0.1926400512456894
subject_13:sample_0001318,13,1318,0,1,0,1,0,1,0,0.2109595686197281,1,0,0.19497795403003693,1,0,0.19647519290447235,1,0,0.20510056614875793,1,0,0.19248570501804352
subject_13:sample_0001319,13,1319,0,1,0,1,0,1,0,0.21141698956489563,1,0,0.19507282972335815,1,0,0.1969965398311615,1,0,0.20478549599647522,1,0,0.1917271763086319
subject_13:sample_0001320,13,1320,0,1,0,1,0,1,0,0.21185962855815887,1,0,0.19469575583934784,1,0,0.1974509060382843,1,0,0.20428155362606049,1,0,0.1917111575603485
subject_13:sample_0001321,13,1321,0,1,0,1,0,1,0,0.21219542622566223,1,0,0.19450154900550842,1,0,0.19778317213058472,1,0,0.2038196325302124,1,0,0.19169928133487701
subject_13:sample_0001322,13,1322,0,1,0,1,0,1,0,0.21243689954280853,1,0,0.194224014878273,1,0,0.19798937439918518,1,0,0.20350989699363708,1,0,0.1918388456106186
subject_13:sample_0001323,13,1323,0,1,0,1,0,1,0,0.21250852942466736,1,0,0.19410371780395508,1,0,0.19820936024188995,1,0,0.20340850949287415,1,0,0.1917688548564911
subject_13:sample_0001324,13,1324,0,1,0,1,0,1,0,0.21271033585071564,1,0,0.19389668107032776,1,0,0.19851042330265045,1,0,0.20328432321548462,1,0,0.1915973275899887
subject_13:sample_0001325,13,1325,0,1,0,1,0,1,0,0.21288372576236725,1,0,0.19352316856384277,1,0,0.19865728914737701,1,0,0.20300398766994476,1,0,0.19193081557750702
subject_13:sample_0001326,13,1326,0,1,0,1,0,1,0,0.21325647830963135,1,0,0.19338169693946838,1,0,0.19868052005767822,1,0,0.202593132853508,1,0,0.19208720326423645
subject_13:sample_0001327,13,1327,0,1,0,1,0,1,0,0.2130068689584732,1,0,0.19378748536109924,1,0,0.19851255416870117,1,0,0.20163024961948395,1,0,0.1930619180202484
subject_13:sample_0001328,13,1328,0,1,0,1,0,1,0,0.21235297620296478,1,0,0.19438913464546204,1,0,0.19864708185195923,1,0,0.2007354348897934,1,0,0.19387440383434296
subject_13:sample_0001329,13,1329,0,1,0,1,0,1,0,0.21087272465229034,1,0,0.19525708258152008,1,0,0.19906529784202576,1,0,0.20001950860023499,1,0,0.19478446245193481
subject_13:sample_0001330,13,1330,0,1,0,1,0,1,0,0.20914427936077118,1,0,0.1962025910615921,1,0,0.1995413899421692,1,0,0.19956722855567932,1,0,0.1955435425043106
subject_13:sample_0001331,13,1331,0,1,0,1,0,1,0,0.20838011801242828,1,0,0.19669955968856812,1,0,0.19995148479938507,1,0,0.1991809457540512,1,0,0.19578692317008972
subject_13:sample_0001332,13,1332,0,1,0,1,0,1,0,0.20690208673477173,1,0,0.19748446345329285,1,0,0.20027700066566467,1,0,0.19906824827194214,1,0,0.19626720249652863
subject_13:sample_0001333,13,1333,0,1,0,1,0,1,0,0.20406995713710785,1,0,0.1990935355424881,1,0,0.20020100474357605,1,0,0.1993626356124878,1,0,0.1972719132900238
subject_13:sample_0001334,13,1334,0,1,0,1,0,1,0,0.20260033011436462,1,0,0.20027804374694824,1,0,0.19975900650024414,1,0,0.19950668513774872,1,0,0.19785499572753906
subject_13:sample_0001335,13,1335,0,1,0,1,0,1,0,0.20192494988441467,1,0,0.20099686086177826,1,0,0.19942067563533783,1,0,0.19951127469539642,1,0,0.1981452852487564
subject_13:sample_0001336,13,1336,0,1,0,1,0,1,0,0.20153096318244934,1,0,0.20133337378501892,1,0,0.19932983815670013,1,0,0.19952674210071564,1,0,0.19827808439731598
subject_13:sample_0001337,13,1337,0,1,0,1,0,1,0,0.2012713998556137,1,0,0.20146159827709198,1,0,0.1993573009967804,1,0,0.19957970082759857,1,0,0.19832909107208252
subject_13:sample_0001338,13,1338,0,1,0,1,0,1,0,0.2011711746454239,1,0,0.20131458342075348,1,0,0.1995861977338791,1,0,0.1996583342552185,1,0,0.19826875627040863
subject_13:sample_0001339,13,1339,0,1,0,1,0,1,0,0.20115704834461212,1,0,0.20096062123775482,1,0,0.19998382031917572,1,0,0.19975118339061737,1,0,0.19814640283584595
subject_13:sample_0001340,13,1340,0,1,0,1,0,1,0,0.2011791616678238,1,0,0.20072343945503235,1,0,0.2001296579837799,1,0,0.19986799359321594,1,0,0.1980988085269928
subject_13:sample_0001341,13,1341,0,1,0,1,0,1,0,0.20119206607341766,1,0,0.20063476264476776,1,0,0.20006412267684937,1,0,0.20001459121704102,1,0,0.198093444108963
subject_13:sample_0001342,13,1342,0,1,0,1,0,1,0,0.2011149674654007,1,0,0.2006646990776062,1,0,0.19987262785434723,1,0,0.20019124448299408,1,0,0.1981554925441742
subject_13:sample_0001343,13,1343,0,1,0,1,0,1,0,0.20105597376823425,1,0,0.20073789358139038,1,0,0.19954605400562286,1,0,0.20036716759204865,1,0,0.19829192757606506
subject_13:sample_0001344,13,1344,0,1,0,1,0,1,0,0.20100757479667664,1,0,0.20073862373828888,1,0,0.19913220405578613,1,0,0.20063231885433197,1,0,0.19848830997943878
subject_13:sample_0001345,13,1345,0,1,0,1,0,1,0,0.20083342492580414,1,0,0.20079948008060455,1,0,0.19863757491111755,1,0,0.2009708732366562,1,0,0.19875767827033997
subject_13:sample_0001346,13,1346,0,1,0,1,0,1,0,0.20072554051876068,1,0,0.20081253349781036,1,0,0.19814713299274445,1,0,0.20127341151237488,1,0,0.19904044270515442
subject_13:sample_0001347,13,1347,0,1,0,1,0,1,0,0.20045408606529236,1,0,0.20067641139030457,1,0,0.1976715624332428,1,0,0.20184966921806335,1,0,0.1993473321199417
subject_13:sample_0001348,13,1348,0,1,0,1,0,1,0,0.20002587139606476,1,0,0.20045028626918793,1,0,0.19733642041683197,1,0,0.20249828696250916,1,0,0.19968821108341217
subject_13:sample_0001349,13,1349,0,1,0,1,0,1,0,0.19975337386131287,1,0,0.20005863904953003,1,0,0.1972023993730545,1,0,0.20307238399982452,1,0,0.19991227984428406
subject_13:sample_0001350,13,1350,0,1,0,1,0,1,0,0.19968058168888092,1,0,0.1995847374200821,1,0,0.197187140583992,1,0,0.20345677435398102,1,0,0.20008979737758636
subject_13:sample_0001351,13,1351,0,1,0,1,0,1,0,0.19973479211330414,1,0,0.19905823469161987,1,0,0.19734235107898712,1,0,0.20369794964790344,1,0,0.20016562938690186
subject_13:sample_0001352,13,1352,0,1,0,1,0,1,0,0.19995155930519104,1,0,0.19835194945335388,1,0,0.1976608783006668,1,0,0.203851580619812,1,0,0.20018300414085388
subject_13:sample_0001353,13,1353,0,1,0,1,0,1,0,0.20010201632976532,1,0,0.19789688289165497,1,0,0.19787833094596863,1,0,0.2039213478565216,1,0,0.2002004235982895
subject_13:sample_0001354,13,1354,0,1,0,1,0,1,0,0.20024102926254272,1,0,0.19739703834056854,1,0,0.19809900224208832,1,0,0.20405437052249908,1,0,0.2002076357603073
subject_13:sample_0001355,13,1355,0,1,0,1,0,1,0,0.20039735734462738,1,0,0.19680847227573395,1,0,0.19822189211845398,1,0,0.204340398311615,1,0,0.20023086667060852
subject_13:sample_0001356,13,1356,0,1,0,1,0,1,0,0.2006153017282486,1,0,0.19611123204231262,1,0,0.19832907617092133,1,0,0.20470502972602844,1,0,0.20023836195468903
subject_13:sample_0001357,13,1357,0,1,0,1,0,1,0,0.20067991316318512,1,0,0.19570299983024597,1,0,0.198304682970047,1,0,0.2050981968641281,1,0,0.2002132534980774
subject_13:sample_0001358,13,1358,0,1,0,1,0,1,0,0.2006545066833496,1,0,0.19518989324569702,1,0,0.1983291655778885,1,0,0.20558878779411316,1,0,0.20023667812347412
subject_13:sample_0001359,13,1359,0,1,0,1,0,1,0,0.20056270062923431,1,0,0.19472359120845795,1,0,0.19827240705490112,1,0,0.20613744854927063,1,0,0.20030295848846436
subject_13:sample_0001360,13,1360,0,1,0,1,0,1,0,0.2002582997083664,1,0,0.1946098506450653,1,0,0.1982475221157074,1,0,0.20648138225078583,1,0,0.20040200650691986
subject_13:sample_0001361,13,1361,0,1,0,1,0,1,0,0.19972097873687744,1,0,0.19490453600883484,1,0,0.19832652807235718,1,0,0.20653197169303894,1,0,0.20051495730876923
subject_13:sample_0001362,13,1362,0,1,0,1,0,1,0,0.19932310283184052,1,0,0.19523976743221283,1,0,0.1983172595500946,1,0,0.2064339965581894,1,0,0.20068493485450745
subject_13:sample_0001363,13,1363,0,1,0,1,0,1,0,0.19932612776756287,1,0,0.19563661515712738,1,0,0.19797644019126892,1,0,0.20621375739574432,1,0,0.2008460909128189
subject_13:sample_0001364,13,1364,0,1,0,1,0,1,0,0.19904546439647675,1,0,0.19632157683372498,1,0,0.19799171388149261,1,0,0.20594310760498047,1,0,0.2006971687078476
subject_13:sample_0001365,13,1365,0,1,0,1,0,1,0,0.19884563982486725,1,0,0.19676119089126587,1,0,0.19810667634010315,1,0,0.20582887530326843,1,0,0.2004566788673401
subject_13:sample_0001366,13,1366,0,1,0,1,0,1,0,0.1994430422782898,1,0,0.19675567746162415,1,0,0.19741933047771454,1,0,0.20581825077533722,1,0,0.20056267082691193
subject_13:sample_0001367,13,1367,0,1,0,1,0,1,0,0.19977745413780212,1,0,0.19676204025745392,1,0,0.19691957533359528,1,0,0.2059784084558487,1,0,0.2005615085363388
subject_13:sample_0001368,13,1368,0,1,0,1,0,1,0,0.2001047134399414,1,0,0.19682155549526215,1,0,0.1964821219444275,1,0,0.20599550008773804,1,0,0.20059511065483093
subject_13:sample_0001369,13,1369,0,1,0,1,0,1,0,0.20003287494182587,1,0,0.19695617258548737,1,0,0.19655872881412506,1,0,0.20591527223587036,1,0,0.20053601264953613
subject_13:sample_0001370,13,1370,0,1,0,1,0,1,0,0.19991278648376465,1,0,0.1971292644739151,1,0,0.19684255123138428,1,0,0.20561890304088593,1,0,0.20049548149108887
subject_13:sample_0001371,13,1371,0,1,0,1,0,1,0,0.19934044778347015,1,0,0.1974746137857437,1,0,0.197515606880188,1,0,0.20535816252231598,1,0,0.20031026005744934
subject_13:sample_0001372,13,1372,0,1,0,1,0,1,0,0.19890755414962769,1,0,0.19780977070331573,1,0,0.19805125892162323,1,0,0.20507167279720306,1,0,0.20015884935855865
subject_13:sample_0001373,13,1373,0,1,0,1,0,1,0,0.1983313262462616,1,0,0.1982833296060562,1,0,0.1987849473953247,1,0,0.2046717256307602,1,0,0.19992777705192566
subject_13:sample_0001374,13,1374,0,1,0,1,0,1,0,0.1982239931821823,1,0,0.1985340565443039,1,0,0.19943612813949585,1,0,0.20425091683864594,1,0,0.1995539516210556
subject_13:sample_0001375,13,1375,0,1,0,1,0,1,0,0.19876570999622345,1,0,0.19856062531471252,1,0,0.19964179396629333,1,0,0.20383243262767792,1,0,0.19919845461845398
subject_13:sample_0001376,13,1376,0,1,0,1,0,1,0,0.19968535006046295,1,0,0.19844762980937958,1,0,0.19969791173934937,1,0,0.20336978137493134,1,0,0.19879840314388275
subject_13:sample_0001377,13,1377,0,1,0,1,0,1,0,0.20100760459899902,1,0,0.19820727407932281,1,0,0.19975826144218445,1,0,0.20260334014892578,1,0,0.19842252135276794
subject_13:sample_0001378,13,1378,0,1,0,1,0,1,0,0.20224659144878387,1,0,0.19795989990234375,1,0,0.19989757239818573,1,0,0.20156343281269073,1,0,0.1983315795660019
subject_13:sample_0001379,13,1379,0,1,0,1,0,1,0,0.20274455845355988,1,0,0.19785244762897491,1,0,0.2000596821308136,1,0,0.200890451669693,1,0,0.19845189154148102
subject_13:sample_0001380,13,1380,0,1,0,1,0,1,0,0.2029368132352829,1,0,0.19775137305259705,1,0,0.20016901195049286,1,0,0.20050570368766785,1,0,0.19863612949848175
subject_13:sample_0001381,13,1381,0,1,0,1,0,1,0,0.20293869078159332,1,0,0.1976654827594757,1,0,0.2001427859067917,1,0,0.20044337213039398,1,0,0.19880880415439606
subject_13:sample_0001382,13,1382,0,1,0,1,0,1,0,0.20280691981315613,1,0,0.19766515493392944,1,0,0.2000485211610794,1,0,0.20049194991588593,1,0,0.19898642599582672
subject_13:sample_0001383,13,1383,0,1,0,1,0,1,0,0.20266129076480865,1,0,0.19770118594169617,1,0,0.19992443919181824,1,0,0.20059403777122498,1,0,0.19911803305149078
subject_13:sample_0001384,13,1384,0,1,0,1,0,1,0,0.20253552496433258,1,0,0.19774310290813446,1,0,0.19986796379089355,1,0,0.20065291225910187,1,0,0.19919949769973755
subject_13:sample_0001385,13,1385,0,1,0,1,0,1,0,0.20238591730594635,1,0,0.19787174463272095,1,0,0.19978712499141693,1,0,0.2007022649049759,1,0,0.1992519497871399
subject_13:sample_0001386,13,1386,0,1,0,1,0,1,0,0.20225630700588226,1,0,0.19801723957061768,1,0,0.19974946975708008,1,0,0.20070545375347137,1,0,0.19927063584327698
subject_13:sample_0001387,13,1387,0,1,0,1,0,1,0,0.20210887491703033,1,0,0.19827456772327423,1,0,0.19970576465129852,1,0,0.20063428580760956,1,0,0.19927550852298737
subject_13:sample_0001388,13,1388,0,1,0,1,0,1,0,0.20194214582443237,1,0,0.19861717522144318,1,0,0.19962942600250244,1,0,0.20053686201572418,1,0,0.199273481965065
subject_13:sample_0001389,13,1389,0,1,0,1,0,1,0,0.20173725485801697,1,0,0.19897015392780304,1,0,0.19955140352249146,1,0,0.2004735916852951,1,0,0.19926659762859344
subject_13:sample_0001390,13,1390,0,1,0,1,0,1,0,0.2015121430158615,1,0,0.19941763579845428,1,0,0.1994265466928482,1,0,0.2004052847623825,1,0,0.19923743605613708
subject_13:sample_0001391,13,1391,0,1,0,1,0,1,0,0.20130079984664917,1,0,0.1998618245124817,1,0,0.1992744505405426,1,0,0.20034293830394745,1,0,0.1992190182209015
subject_13:sample_0001392,13,1392,0,1,0,1,0,1,0,0.20114317536354065,1,0,0.20018723607063293,1,0,0.1991557627916336,1,0,0.2003377228975296,1,0,0.19917511940002441
subject_13:sample_0001393,13,1393,0,1,0,1,0,1,0,0.2009623795747757,1,0,0.20049135386943817,1,0,0.19906361401081085,1,0,0.20033811032772064,1,0,0.19914354383945465
subject_13:sample_0001394,13,1394,0,1,0,1,0,1,0,0.20080265402793884,1,0,0.2006784826517105,1,0,0.19899947941303253,1,0,0.20035889744758606,1,0,0.19915951788425446
subject_13:sample_0001395,13,1395,0,1,0,1,0,1,0,0.2005634605884552,1,0,0.2009948194026947,1,0,0.19887825846672058,1,0,0.2004888504743576,1,0,0.1990736722946167
subject_13:sample_0001396,13,1396,0,1,0,1,0,1,0,0.20018784701824188,1,0,0.20146530866622925,1,0,0.19863229990005493,1,0,0.200774148106575,1,0,0.1989394575357437
subject_13:sample_0001397,13,1397,0,1,0,1,0,1,0,0.1997014731168747,1,0,0.20202390849590302,1,0,0.19825318455696106,1,0,0.20116491615772247,1,0,0.19885557889938354
subject_13:sample_0001398,13,1398,0,1,0,1,0,1,0,0.19929304718971252,1,0,0.20221532881259918,1,0,0.197869673371315,1,0,0.20143389701843262,1,0,0.1991870403289795
subject_13:sample_0001399,13,1399,0,1,0,1,0,1,0,0.1990402787923813,1,0,0.2020942121744156,1,0,0.19749316573143005,1,0,0.2014920711517334,1,0,0.19987931847572327
subject_13:sample_0001400,13,1400,0,1,0,1,0,1,0,0.19904327392578125,1,0,0.20176361501216888,1,0,0.1973082423210144,1,0,0.20137988030910492,1,0,0.20050401985645294
subject_13:sample_0001401,13,1401,0,1,0,1,0,1,0,0.19928047060966492,1,0,0.20142757892608643,1,0,0.19732578098773956,1,0,0.20122264325618744,1,0,0.20074252784252167
subject_13:sample_0001402,13,1402,0,1,0,1,0,1,0,0.199784517288208,1,0,0.20093676447868347,1,0,0.19745130836963654,1,0,0.2011004239320755,1,0,0.20072609186172485
subject_13:sample_0001403,13,1403,0,1,0,1,0,1,0,0.20036838948726654,1,0,0.20051532983779907,1,0,0.19768105447292328,1,0,0.2009289711713791,1,0,0.20050524175167084
subject_13:sample_0001404,13,1404,0,1,0,1,0,1,0,0.20088204741477966,1,0,0.2001553475856781,1,0,0.198007270693779,1,0,0.20082323253154755,1,0,0.20013119280338287
subject_13:sample_0001405,13,1405,0,1,0,1,0,1,0,0.20127832889556885,1,0,0.1999063789844513,1,0,0.19835235178470612,1,0,0.200779527425766,1,0,0.19968245923519135
subject_13:sample_0001406,13,1406,0,1,0,1,0,1,0,0.20163217186927795,1,0,0.199743390083313,1,0,0.1986614465713501,1,0,0.20068147778511047,1,0,0.1992805302143097
subject_13:sample_0001407,13,1407,0,1,0,1,0,1,0,0.20189163088798523,1,0,0.19963952898979187,1,0,0.19895032048225403,1,0,0.20055554807186127,1,0,0.1989619880914688
subject_13:sample_0001408,13,1408,0,1,0,1,0,1,0,0.2021029144525528,1,0,0.19959431886672974,1,0,0.19933651387691498,1,0,0.20026808977127075,1,0,0.19869716465473175
subject_13:sample_0001409,13,1409,0,1,0,1,0,1,0,0.2023276388645172,1,0,0.1995892971754074,1,0,0.19971361756324768,1,0,0.19987930357456207,1,0,0.1984892338514328
subject_13:sample_0001410,13,1410,0,1,0,1,0,1,0,0.2025013118982315,1,0,0.1996096968650818,1,0,0.20011955499649048,1,0,0.19944308698177338,1,0,0.19832535088062286
subject_13:sample_0001411,13,1411,0,1,0,1,0,1,0,0.20256826281547546,1,0,0.19961947202682495,1,0,0.20050927996635437,1,0,0.19913437962532043,1,0,0.1981675773859024
subject_13:sample_0001412,13,1412,0,1,0,1,0,1,0,0.20250606536865234,1,0,0.19962970912456512,1,0,0.20071719586849213,1,0,0.1990862637758255,1,0,0.1980598270893097
subject_13:sample_0001413,13,1413,0,1,0,1,0,1,0,0.20239907503128052,1,0,0.19957378506660461,1,0,0.20075476169586182,1,0,0.1993432492017746,1,0,0.19792814552783966
subject_13:sample_0001414,13,1414,0,1,0,1,0,1,0,0.2023114413022995,1,0,0.199558287858963,1,0,0.20070508122444153,1,0,0.19944354891777039,1,0,0.19798076152801514
subject_13:sample_0001415,13,1415,0,1,0,1,0,1,0,0.20213431119918823,1,0,0.19968585669994354,1,0,0.20095297694206238,1,0,0.19899071753025055,1,0,0.1982351392507553
subject_13:sample_0001416,13,1416,0,1,0,1,0,1,0,0.20193693041801453,1,0,0.19984689354896545,1,0,0.2005118876695633,1,0,0.19915957748889923,1,0,0.1985437124967575
subject_13:sample_0001417,13,1417,0,1,0,1,0,1,0,0.20152288675308228,1,0,0.20008085668087006,1,0,0.19993583858013153,1,0,0.1994752436876297,1,0,0.19898419082164764
subject_13:sample_0001418,13,1418,0,1,0,1,0,1,0,0.20132401585578918,1,0,0.2003096640110016,1,0,0.19920840859413147,1,0,0.19963563978672028,1,0,0.1995212733745575
subject_13:sample_0001419,13,1419,0,1,0,1,0,1,0,0.20118993520736694,1,0,0.20056802034378052,1,0,0.19869108498096466,1,0,0.19964568316936493,1,0,0.19990436732769012
subject_13:sample_0001420,13,1420,0,1,0,1,0,1,0,0.2010900378227234,1,0,0.2009667456150055,1,0,0.19825322926044464,1,0,0.19956804811954498,1,0,0.2001209408044815
subject_13:sample_0001421,13,1421,0,1,0,1,0,1,0,0.20094828307628632,1,0,0.20150862634181976,1,0,0.19794143736362457,1,0,0.19944588840007782,1,0,0.20015490055084229
subject_13:sample_0001422,13,1422,0,1,0,1,0,1,0,0.20102258026599884,1,0,0.20156478881835938,1,0,0.19788141548633575,1,0,0.19947001338005066,1,0,0.20006024837493896
subject_13:sample_0001423,13,1423,0,1,0,1,0,1,0,0.20081643760204315,1,0,0.20112663507461548,1,0,0.1981331706047058,1,0,0.19983802735805511,1,0,0.20008473098278046
subject_13:sample_0001424,13,1424,0,1,0,1,0,1,0,0.20123116672039032,1,0,0.19997604191303253,1,0,0.19849489629268646,1,0,0.20009858906269073,1,0,0.20019836723804474
subject_13:sample_0001425,13,1425,0,1,0,1,0,1,0,0.20070333778858185,1,0,0.19948796927928925,1,0,0.19884717464447021,1,0,0.20047315955162048,1,0,0.200487419962883
subject_13:sample_0001426,13,1426,0,1,0,1,0,1,0,0.20088519155979156,1,0,0.19941502809524536,1,0,0.19887927174568176,1,0,0.20028075575828552,1,0,0.20053882896900177
subject_13:sample_0001427,13,1427,0,1,0,1,0,1,0,0.20027802884578705,1,0,0.2033662348985672,1,0,0.1983906477689743,1,0,0.19900824129581451,1,0,0.19895590841770172
subject_13:sample_0001428,13,1428,0,1,0,1,0,1,0,0.1968465894460678,1,0,0.21395151317119598,1,0,0.19747036695480347,1,0,0.1965683251619339,1,0,0.19516223669052124
subject_13:sample_0001429,13,1429,0,1,0,0,1,1,0,0.19090594351291656,0,1,0.20850098133087158,1,0,0.20004194974899292,1,0,0.19833847880363464,1,0,0.2022116482257843
subject_13:sample_0001430,13,1430,0,0,1,0,1,1,0,0.20051951706409454,0,1,0.1983805000782013,0,1,0.19958974421024323,0,1,0.20288723707199097,0,1,0.19862207770347595
subject_13:sample_0001431,13,1431,0,0,1,0,1,0,1,0.2054041475057602,0,1,0.19882945716381073,0,1,0.1956309825181961,0,1,0.20065437257289886,0,1,0.1994800567626953
subject_13:sample_0001432,13,1432,0,0,1,0,1,0,1,0.2039746791124344,0,1,0.19937008619308472,0,1,0.19744093716144562,0,1,0.20169296860694885,0,1,0.19752033054828644
subject_13:sample_0001433,13,1433,0,0,1,0,1,0,1,0.20330484211444855,0,1,0.20214645564556122,0,1,0.1979120969772339,0,1,0.20075367391109467,0,1,0.1958819478750229
subject_13:sample_0001434,13,1434,0,0,1,0,1,0,1,0.20177295804023743,0,1,0.205003023147583,0,1,0.19822314381599426,0,1,0.20027880370616913,0,1,0.1947210729122162
subject_13:sample_0001435,13,1435,0,0,1,0,1,0,1,0.2005949169397354,0,1,0.2087922841310501,0,1,0.1994500458240509,0,1,0.19956526160240173,0,1,0.1915965974330902
subject_13:sample_0001436,13,1436,0,0,1,0,1,0,1,0.20209014415740967,0,1,0.20290304720401764,0,1,0.20115117728710175,0,1,0.20020326972007751,0,1,0.193651482462883
subject_13:sample_0001437,13,1437,0,0,1,0,1,0,1,0.20385010540485382,0,1,0.19482910633087158,0,1,0.20209725201129913,0,1,0.2019204944372177,0,1,0.19730213284492493
subject_13:sample_0001438,13,1438,0,0,1,0,1,0,1,0.20340920984745026,0,1,0.19199945032596588,0,1,0.20335187017917633,0,1,0.20250222086906433,0,1,0.1987362653017044
subject_13:sample_0001439,13,1439,0,0,1,0,1,0,1,0.20266607403755188,0,1,0.19094927608966827,0,1,0.2043590098619461,0,1,0.20255474746227264,0,1,0.1994699239730835
subject_13:sample_0001440,13,1440,0,0,1,0,1,0,1,0.20251309871673584,0,1,0.1907133013010025,0,1,0.2048214226961136,0,1,0.20213879644870758,0,1,0.19981245696544647
subject_13:sample_0001441,13,1441,0,0,1,0,1,0,1,0.2026594579219818,0,1,0.19095289707183838,0,1,0.2049417495727539,0,1,0.20147080719470978,0,1,0.1999741941690445
subject_13:sample_0001442,13,1442,0,0,1,0,1,0,1,0.2030731439590454,0,1,0.19175411760807037,0,1,0.2049153447151184,0,1,0.20050972700119019,0,1,0.199746772646904
subject_13:sample_0001443,13,1443,0,0,1,0,1,0,1,0.20326249301433563,0,1,0.1924249678850174,0,1,0.2044164091348648,0,1,0.20021766424179077,0,1,0.1996774822473526
subject_13:sample_0001444,13,1444,0,0,1,0,1,0,1,0.20332162082195282,0,1,0.19316039979457855,0,1,0.20369374752044678,0,1,0.20040148496627808,0,1,0.1994217336177826
subject_13:sample_0001445,13,1445,0,0,1,0,1,0,1,0.20325352251529694,0,1,0.1940641552209854,0,1,0.20314273238182068,0,1,0.2008475363254547,0,1,0.19869111478328705
subject_13:sample_0001446,13,1446,0,0,1,0,1,0,1,0.20313243567943573,0,1,0.19509397447109222,0,1,0.20311294496059418,0,1,0.20124386250972748,0,1,0.19741573929786682
subject_13:sample_0001447,13,1447,0,0,1,0,1,0,1,0.2027391493320465,0,1,0.19606925547122955,0,1,0.20388944447040558,0,1,0.20141072571277618,0,1,0.19589050114154816
subject_13:sample_0001448,13,1448,0,0,1,0,1,0,1,0.202159121632576,0,1,0.19708159565925598,0,1,0.20569021999835968,0,1,0.200826495885849,0,1,0.19424161314964294
subject_13:sample_0001449,13,1449,0,0,1,0,1,0,1,0.20144332945346832,0,1,0.19765542447566986,0,1,0.20829175412654877,0,1,0.1996496170759201,0,1,0.1929590106010437
subject_13:sample_0001450,13,1450,0,0,1,0,1,0,1,0.20068255066871643,0,1,0.19781345129013062,0,1,0.2111033797264099,0,1,0.19844016432762146,0,1,0.1919594705104828
subject_13:sample_0001451,13,1451,0,0,1,0,1,0,1,0.2002110481262207,0,1,0.19793647527694702,0,1,0.2134018987417221,0,1,0.1972557008266449,0,1,0.19119393825531006
subject_13:sample_0001452,13,1452,0,0,1,0,1,0,1,0.19957882165908813,0,1,0.19802869856357574,0,1,0.216669499874115,0,1,0.19561195373535156,0,1,0.19011005759239197
subject_13:sample_0001453,13,1453,0,0,1,0,1,0,1,0.19912616908550262,0,1,0.19778379797935486,0,1,0.21904194355010986,0,1,0.19461023807525635,0,1,0.18943694233894348
subject_13:sample_0001454,13,1454,0,0,1,0,1,0,1,0.1985200196504593,0,1,0.19745278358459473,0,1,0.2240746021270752,0,1,0.19204436242580414,0,1,0.1879073828458786
subject_13:sample_0001455,13,1455,0,0,1,0,1,0,1,0.1983431577682495,0,1,0.19660502672195435,0,1,0.23086050152778625,0,1,0.18850177526474,0,1,0.1856885850429535
subject_13:sample_0001456,13,1456,0,0,1,0,1,0,1,0.19932343065738678,0,1,0.19591598212718964,0,1,0.23459386825561523,0,1,0.18606224656105042,0,1,0.18410348892211914
subject_13:sample_0001457,13,1457,0,0,1,0,1,0,1,0.2008495330810547,0,1,0.19483204185962677,0,1,0.23853342235088348,0,1,0.18354736268520355,0,1,0.18223677575588226
subject_13:sample_0001458,13,1458,0,0,1,0,1,0,1,0.20387032628059387,0,1,0.19336813688278198,0,1,0.24161851406097412,0,1,0.18106427788734436,0,1,0.18007779121398926
subject_13:sample_0001459,13,1459,0,0,1,0,1,0,1,0.2071671336889267,0,1,0.1920122504234314,0,1,0.24342969059944153,0,1,0.17909687757492065,0,1,0.17829304933547974
subject_13:sample_0001460,13,1460,0,0,1,0,1,0,1,0.2142368108034134,0,1,0.18971022963523865,0,1,0.24452023208141327,0,1,0.17613893747329712,0,1,0.17539289593696594
subject_13:sample_0001461,13,1461,0,0,1,0,1,0,1,0.22000367939472198,0,1,0.18795886635780334,0,1,0.24500496685504913,0,1,0.17389827966690063,0,1,0.17313329875469208
subject_13:sample_0001462,13,1462,0,0,1,0,1,0,1,0.2241581231355667,0,1,0.18679676949977875,0,1,0.24543020129203796,0,1,0.17214155197143555,0,1,0.1714724600315094
subject_13:sample_0001463,13,1463,0,0,1,0,1,0,1,0.22701653838157654,0,1,0.18618623912334442,0,1,0.24623088538646698,0,1,0.17049457132816315,0,1,0.1700708121061325
subject_13:sample_0001464,13,1464,0,0,1,0,1,0,1,0.22810512781143188,0,1,0.18645884096622467,0,1,0.2473532259464264,0,1,0.16900217533111572,0,1,0.1690797060728073
subject_13:sample_0001465,13,1465,0,0,1,0,1,0,1,0.22824673354625702,0,1,0.1874503791332245,0,1,0.24807938933372498,0,1,0.1677929311990738,0,1,0.16842958331108093
subject_13:sample_0001466,13,1466,0,0,1,0,1,0,1,0.2282392382621765,0,1,0.18809548020362854,0,1,0.24853184819221497,0,1,0.16700947284698486,0,1,0.16812296211719513
subject_13:sample_0001467,13,1467,0,0,1,0,1,0,1,0.22808346152305603,0,1,0.18898850679397583,0,1,0.24904589354991913,0,1,0.1660953015089035,0,1,0.1677858829498291
subject_13:sample_0001468,13,1468,0,0,1,0,1,0,1,0.22745561599731445,0,1,0.19055034220218658,0,1,0.24957913160324097,0,1,0.16501905024051666,0,1,0.1673949807882309
subject_13:sample_0001469,13,1469,0,0,1,0,1,0,1,0.22614282369613647,0,1,0.19254709780216217,0,1,0.25017955899238586,0,1,0.16405947506427765,0,1,0.16707007586956024
subject_13:sample_0001470,13,1470,0,0,1,0,1,0,1,0.22528482973575592,0,1,0.19385163486003876,0,1,0.25053924322128296,0,1,0.16344505548477173,0,1,0.16687829792499542
subject_13:sample_0001471,13,1471,0,0,1,0,1,0,1,0.22429266571998596,0,1,0.1954973191022873,0,1,0.25072893500328064,0,1,0.16293638944625854,0,1,0.16654373705387115
subject_13:sample_0001472,13,1472,0,0,1,0,1,0,1,0.22326445579528809,0,1,0.19714854657649994,0,1,0.2509479820728302,0,1,0.16241778433322906,0,1,0.16622032225131989
subject_13:sample_0001473,13,1473,0,0,1,0,1,0,1,0.22259151935577393,0,1,0.19807250797748566,0,1,0.2513049244880676,0,1,0.16201366484165192,0,1,0.1660163700580597
subject_13:sample_0001474,13,1474,0,0,1,0,1,0,1,0.22200393676757812,0,1,0.19889463484287262,0,1,0.2515582740306854,0,1,0.16158074140548706,0,1,0.16596142947673798
subject_13:sample_0001475,13,1475,0,0,1,0,1,0,1,0.22134937345981598,0,1,0.20006440579891205,0,1,0.2517050802707672,0,1,0.16108259558677673,0,1,0.16579757630825043
subject_13:sample_0001476,13,1476,0,0,1,0,1,0,1,0.22089220583438873,0,1,0.20095627009868622,0,1,0.25178787112236023,0,1,0.16061434149742126,0,1,0.16574835777282715
subject_13:sample_0001477,13,1477,0,0,1,0,1,0,1,0.2204376757144928,0,1,0.2018076777458191,0,1,0.2517509162425995,0,1,0.16037872433662415,0,1,0.16562408208847046
subject_13:sample_0001478,13,1478,0,0,1,0,1,0,1,0.22039122879505157,0,1,0.20199628174304962,0,1,0.2515084743499756,0,1,0.16026994585990906,0,1,0.16583313047885895
subject_13:sample_0001479,13,1479,0,0,1,0,1,0,1,0.22025886178016663,0,1,0.2021171599626541,0,1,0.2511918544769287,0,1,0.16035397350788116,0,1,0.16607719659805298
subject_13:sample_0001480,13,1480,0,0,1,0,1,0,1,0.22016100585460663,0,1,0.20221425592899323,0,1,0.2508459687232971,0,1,0.16049961745738983,0,1,0.1662781834602356
subject_13:sample_0001481,13,1481,0,0,1,0,1,0,1,0.2197691947221756,0,1,0.20286564528942108,0,1,0.25048500299453735,0,1,0.16068163514137268,0,1,0.16619746387004852
subject_13:sample_0001482,13,1482,0,0,1,0,1,0,1,0.21928828954696655,0,1,0.20343275368213654,0,1,0.2500120997428894,0,1,0.16108348965644836,0,1,0.16618236899375916
subject_13:sample_0001483,13,1483,0,0,1,0,1,0,1,0.22042539715766907,0,1,0.20057883858680725,0,1,0.24957133829593658,0,1,0.1621830016374588,0,1,0.16724048554897308
subject_13:sample_0001484,13,1484,0,0,1,0,1,0,1,0.22155416011810303,0,1,0.19772949814796448,0,1,0.24913568794727325,0,1,0.16347621381282806,0,1,0.1681034415960312
subject_13:sample_0001485,13,1485,0,0,1,0,1,0,1,0.2236674576997757,0,1,0.19343440234661102,0,1,0.2485896795988083,0,1,0.16509631276130676,0,1,0.16921117901802063
subject_13:sample_0001486,13,1486,0,0,1,0,1,0,1,0.22515389323234558,0,1,0.19010059535503387,0,1,0.24808824062347412,0,1,0.16673821210861206,0,1,0.16991810500621796
subject_13:sample_0001487,13,1487,0,0,1,0,1,0,1,0.22585034370422363,0,1,0.18714851140975952,0,1,0.24771639704704285,0,1,0.1684316247701645,0,1,0.1708521693944931
subject_13:sample_0001488,13,1488,0,0,1,0,1,0,1,0.2259979546070099,0,1,0.18527209758758545,0,1,0.24711745977401733,0,1,0.17001841962337494,0,1,0.1715930551290512
subject_13:sample_0001489,13,1489,0,0,1,0,1,0,1,0.2260497510433197,0,1,0.18383491039276123,0,1,0.24633222818374634,0,1,0.171548530459404,0,1,0.1722336858510971
subject_13:sample_0001490,13,1490,0,0,1,0,1,0,1,0.22583800554275513,0,1,0.18331439793109894,0,1,0.24534018337726593,0,1,0.17252486944198608,0,1,0.17298156023025513
subject_13:sample_0001491,13,1491,0,0,1,0,1,0,1,0.225784569978714,0,1,0.18266144394874573,0,1,0.24455560743808746,0,1,0.1734224408864975,0,1,0.17357496917247772
subject_13:sample_0001492,13,1492,0,0,1,0,1,0,1,0.2256285846233368,0,1,0.18195368349552155,0,1,0.24397504329681396,0,1,0.17430289089679718,0,1,0.1741388887166977
subject_13:sample_0001493,13,1493,0,0,1,0,1,0,1,0.22526350617408752,0,1,0.18127232789993286,0,1,0.243142232298851,0,1,0.17547884583473206,0,1,0.17484208941459656
subject_13:sample_0001494,13,1494,0,0,1,0,1,0,1,0.22444188594818115,0,1,0.18107661604881287,0,1,0.242373988032341,0,1,0.17645636200904846,0,1,0.1756501942873001
subject_13:sample_0001495,13,1495,0,0,1,0,1,0,1,0.22355963289737701,0,1,0.1812715232372284,0,1,0.2418442964553833,0,1,0.17709670960903168,0,1,0.1762269288301468
subject_13:sample_0001496,13,1496,0,0,1,0,1,0,1,0.22180770337581635,0,1,0.18248693645000458,0,1,0.24006156623363495,0,1,0.17813235521316528,0,1,0.17751051485538483
subject_13:sample_0001497,13,1497,0,0,1,0,1,0,1,0.21753762662410736,0,1,0.18457186222076416,0,1,0.23738379776477814,0,1,0.18052451312541962,0,1,0.17998123168945312
subject_13:sample_0001498,13,1498,0,0,1,0,1,0,1,0.2164626270532608,0,1,0.18569634854793549,0,1,0.23504774272441864,0,1,0.18161416053771973,0,1,0.1811782270669937
subject_13:sample_0001499,13,1499,0,0,1,0,1,0,1,0.21522259712219238,0,1,0.18746374547481537,0,1,0.23051705956459045,0,1,0.18357616662979126,0,1,0.18321946263313293
subject_13:sample_0001500,13,1500,0,0,1,0,1,0,1,0.21234014630317688,0,1,0.19049055874347687,0,1,0.2235458493232727,0,1,0.1870083063840866,0,1,0.18661414086818695
subject_13:sample_0001501,13,1501,0,0,1,0,1,0,1,0.20984624326229095,0,1,0.19257956743240356,0,1,0.2191573977470398,0,1,0.18950848281383514,0,1,0.18890736997127533
subject_13:sample_0001502,13,1502,0,0,1,0,1,0,1,0.20621687173843384,0,1,0.1939997673034668,0,1,0.2170248031616211,0,1,0.19181908667087555,0,1,0.19093844294548035
subject_13:sample_0001503,13,1503,0,0,1,0,1,0,1,0.20136812329292297,0,1,0.19519339501857758,0,1,0.21369199454784393,0,1,0.19540444016456604,0,1,0.19434106349945068
subject_13:sample_0001504,13,1504,0,0,1,0,1,0,1,0.1998637169599533,0,1,0.19352325797080994,0,1,0.208162322640419,0,1,0.1995858997106552,0,1,0.19886386394500732
subject_13:sample_0001505,13,1505,0,0,1,0,1,0,1,0.20043766498565674,0,1,0.19027040898799896,0,1,0.20214799046516418,0,1,0.2039603590965271,0,1,0.2031826376914978
subject_13:sample_0001506,13,1506,0,0,1,0,1,0,1,0.19997592270374298,0,1,0.1875600665807724,0,1,0.19837148487567902,0,1,0.20748063921928406,0,1,0.20661097764968872
subject_13:sample_0001507,13,1507,0,0,1,0,1,0,1,0.19672900438308716,0,1,0.18734313547611237,0,1,0.1970559060573578,0,1,0.20987287163734436,0,1,0.20899808406829834
subject_13:sample_0001508,13,1508,0,0,1,0,1,0,1,0.1949557214975357,0,1,0.1880587339401245,0,1,0.19639089703559875,0,1,0.21060244739055634,0,1,0.20999126136302948
subject_13:sample_0001509,13,1509,0,0,1,0,1,0,1,0.19327841699123383,0,1,0.18907198309898376,0,1,0.19524507224559784,0,1,0.21162401139736176,0,1,0.2107795625925064
subject_13:sample_0001510,13,1510,0,0,1,0,1,0,1,0.1932837814092636,0,1,0.18950799107551575,0,1,0.1945604532957077,0,1,0.21173138916492462,0,1,0.2109154462814331
subject_13:sample_0001511,13,1511,0,0,1,0,1,0,1,0.19380143284797668,0,1,0.18973423540592194,0,1,0.19418181478977203,0,1,0.21138504147529602,0,1,0.2108965516090393
subject_13:sample_0001512,13,1512,0,0,1,0,1,0,1,0.1945573389530182,0,1,0.1897512972354889,0,1,0.19395524263381958,0,1,0.2108386605978012,0,1,0.2108965367078781
subject_13:sample_0001513,13,1513,0,0,1,0,1,0,1,0.19582746922969818,0,1,0.1897677779197693,0,1,0.19389423727989197,0,1,0.2103930413722992,0,1,0.21011655032634735
subject_13:sample_0001514,13,1514,0,0,1,0,1,0,1,0.19889697432518005,0,1,0.18972793221473694,0,1,0.19422736763954163,0,1,0.2089592069387436,0,1,0.20818760991096497
subject_13:sample_0001515,13,1515,0,0,1,0,1,0,1,0.20142540335655212,0,1,0.19062654674053192,0,1,0.1948596090078354,0,1,0.20701603591442108,0,1,0.20607143640518188
subject_13:sample_0001516,13,1516,0,0,1,0,1,0,1,0.20321449637413025,0,1,0.19248932600021362,0,1,0.19528359174728394,0,1,0.20495788753032684,0,1,0.20405372977256775
subject_13:sample_0001517,13,1517,0,0,1,0,1,0,1,0.20473246276378632,0,1,0.19453568756580353,0,1,0.19492271542549133,0,1,0.20338444411754608,0,1,0.20242372155189514
subject_13:sample_0001518,13,1518,0,0,1,0,1,0,1,0.20633560419082642,0,1,0.19637857377529144,0,1,0.19427601993083954,0,1,0.2020173817873001,0,1,0.2009914219379425
subject_13:sample_0001519,13,1519,0,0,1,0,1,0,1,0.20792342722415924,0,1,0.19763074815273285,0,1,0.194285586476326,0,1,0.2005821317434311,0,1,0.19957709312438965
subject_13:sample_0001520,13,1520,0,0,1,0,1,0,1,0.20851077139377594,0,1,0.1974976807832718,0,1,0.1972312480211258,0,1,0.1987951099872589,0,1,0.19796423614025116
subject_13:sample_0001521,13,1521,0,0,1,0,1,0,1,0.20743083953857422,0,1,0.19552896916866302,0,1,0.20657320320606232,0,1,0.19552554190158844,0,1,0.1949404627084732
subject_13:sample_0001522,13,1522,0,0,1,0,1,0,1,0.20625853538513184,0,1,0.19337525963783264,0,1,0.21527184545993805,0,1,0.19275769591331482,0,1,0.19233573973178864
subject_13:sample_0001523,13,1523,0,0,1,0,1,0,1,0.2055794596672058,0,1,0.1915978044271469,0,1,0.22181658446788788,0,1,0.19070032238960266,0,1,0.19030483067035675
subject_13:sample_0001524,13,1524,0,0,1,0,1,0,1,0.20532888174057007,0,1,0.18993721902370453,0,1,0.22771042585372925,0,1,0.1886473298072815,0,1,0.18837523460388184
subject_13:sample_0001525,13,1525,0,0,1,0,1,0,1,0.20554283261299133,0,1,0.1890883594751358,0,1,0.22998946905136108,0,1,0.1878022700548172,0,1,0.18757613003253937
subject_13:sample_0001526,13,1526,0,0,1,0,1,0,1,0.2058592587709427,0,1,0.18894636631011963,0,1,0.229813352227211,0,1,0.1877586990594864,0,1,0.1876213699579239
subject_13:sample_0001527,13,1527,0,0,1,0,1,0,1,0.20602230727672577,0,1,0.18919678032398224,0,1,0.22873908281326294,0,1,0.18807630240917206,0,1,0.1879645437002182
subject_13:sample_0001528,13,1528,0,0,1,0,1,0,1,0.20614708960056305,0,1,0.18981947004795074,0,1,0.22655467689037323,0,1,0.1888321340084076,0,1,0.18864573538303375
subject_13:sample_0001529,13,1529,1,0,0,0,0,0,0,0.19624117016792297,0,0,0.19963140785694122,0,0,0.21654126048088074,0,0,0.1880732923746109,0,0,0.19951191544532776
subject_13:sample_0001530,13,1530,1,0,0,0,0,0,0,0.19655601680278778,0,0,0.19976933300495148,0,0,0.21591711044311523,0,0,0.18831461668014526,0,0,0.19944193959236145
subject_13:sample_0001531,13,1531,1,0,0,0,0,0,0,0.196940615773201,0,0,0.20041309297084808,0,0,0.21510455012321472,0,0,0.18873749673366547,0,0,0.19880326092243195
subject_13:sample_0001532,13,1532,1,0,0,0,0,0,0,0.19725729525089264,0,0,0.20139378309249878,0,0,0.21426157653331757,0,0,0.18923403322696686,0,0,0.19785240292549133
subject_13:sample_0001533,13,1533,1,0,0,0,0,0,0,0.19726896286010742,0,0,0.20248858630657196,0,0,0.21367914974689484,0,0,0.1896762251853943,0,0,0.1968860626220703
subject_13:sample_0001534,13,1534,1,0,0,0,0,0,0,0.1969921737909317,0,0,0.2036236673593521,0,0,0.21339935064315796,0,0,0.1899900734424591,0,0,0.19599378108978271
subject_13:sample_0001535,13,1535,1,0,0,0,0,0,0,0.1968497484922409,0,0,0.20456945896148682,0,0,0.21295364201068878,0,0,0.19029514491558075,0,0,0.19533097743988037
subject_13:sample_0001536,13,1536,1,0,0,0,0,0,0,0.15771928429603577,0,0,0.16735075414180756,0,0,0.25106099247932434,0,0,0.2081817090511322,0,0,0.21568633615970612
subject_13:sample_0001537,13,1537,1,0,0,0,0,0,0,0.1536056399345398,0,0,0.17267057299613953,0,0,0.24915353953838348,0,0,0.20936506986618042,0,0,0.21520419418811798
subject_13:sample_0001538,13,1538,1,0,0,0,0,0,0,0.15389874577522278,0,0,0.16902320086956024,0,0,0.24887055158615112,0,0,0.21207715570926666,0,0,0.21612943708896637
subject_13:sample_0001539,13,1539,1,0,0,0,0,0,0,0.15657968819141388,0,0,0.16202130913734436,0,0,0.24881917238235474,0,0,0.21525490283966064,0,0,0.21732400357723236
subject_13:sample_0001540,13,1540,1,0,0,0,0,0,0,0.15706434845924377,0,0,0.1651710569858551,0,0,0.24654662609100342,0,0,0.21520397067070007,0,0,0.21601298451423645
subject_13:sample_0001541,13,1541,1,0,0,0,0,0,0,0.1573963463306427,0,0,0.1751299351453781,0,0,0.24157929420471191,0,0,0.21326306462287903,0,0,0.21263043582439423
subject_13:sample_0001542,13,1542,1,0,0,0,0,0,0,0.15767641365528107,0,0,0.18186648190021515,0,0,0.2382572740316391,0,0,0.2119958996772766,0,0,0.21020297706127167
subject_13:sample_0001543,13,1543,1,0,0,0,0,0,0,0.15765775740146637,0,0,0.19475024938583374,0,0,0.23253624141216278,0,0,0.20915231108665466,0,0,0.20590250194072723
subject_13:sample_0001544,13,1544,1,0,0,0,0,0,0,0.16012531518936157,0,0,0.19777481257915497,0,0,0.22928060591220856,0,0,0.20892520248889923,0,0,0.20389306545257568
subject_13:sample_0001545,13,1545,1,0,0,0,0,0,0,0.163529172539711,0,0,0.20239406824111938,0,0,0.22500847280025482,0,0,0.20783816277980804,0,0,0.20122909545898438
subject_13:sample_0001546,13,1546,1,0,0,0,0,0,0,0.17038831114768982,0,0,0.201454758644104,0,0,0.22104720771312714,0,0,0.2075575292110443,0,0,0.19955123960971832
subject_13:sample_0001547,13,1547,1,0,0,0,0,0,0,0.17669318616390228,1,1,0.2017739862203598,0,0,0.21592068672180176,0,0,0.2072419971227646,0,0,0.19836917519569397
subject_13:sample_0001548,13,1548,1,0,0,0,0,0,0,0.18113012611865997,1,1,0.19947391748428345,0,0,0.21375156939029694,0,0,0.20741873979568481,0,0,0.19822469353675842
subject_13:sample_0001549,13,1549,1,0,0,0,0,0,0,0.1860721856355667,1,1,0.19074594974517822,0,0,0.2126099318265915,0,0,0.21016183495521545,0,0,0.20040909945964813
subject_13:sample_0001550,13,1550,1,0,0,0,0,0,0,0.19120311737060547,1,1,0.186573788523674,0,0,0.20922636985778809,0,0,0.21185395121574402,0,0,0.20114177465438843
subject_13:sample_0001551,13,1551,1,0,0,0,0,0,0,0.19418899714946747,1,1,0.18569082021713257,0,0,0.20804919302463531,0,0,0.21305271983146667,0,0,0.19901733100414276
subject_13:sample_0001552,13,1552,1,0,0,0,0,0,0,0.19487425684928894,1,1,0.18532191216945648,0,0,0.20860062539577484,0,0,0.21403846144676208,0,0,0.19716376066207886
subject_13:sample_0001553,13,1553,1,0,0,0,0,0,0,0.19469910860061646,1,1,0.18392957746982574,0,0,0.20836800336837769,0,0,0.213032528758049,0,0,0.1999698132276535
subject_13:sample_0001554,13,1554,1,0,0,0,0,0,0,0.19636589288711548,1,1,0.18179641664028168,0,0,0.20746982097625732,0,0,0.21050575375556946,0,0,0.20386114716529846
subject_13:sample_0001555,13,1555,1,0,0,0,0,0,0,0.19845782220363617,1,1,0.18076130747795105,0,0,0.20794573426246643,0,0,0.2088250368833542,0,0,0.20400911569595337
subject_13:sample_0001556,13,1556,1,0,0,0,0,0,0,0.1988706886768341,1,1,0.18039768934249878,0,0,0.2084583342075348,0,0,0.20808325707912445,0,0,0.20418904721736908
subject_13:sample_0001557,13,1557,1,0,0,0,0,0,0,0.2001306712627411,1,1,0.17953842878341675,0,0,0.2089162915945053,0,0,0.20825597643852234,0,0,0.20315763354301453
subject_13:sample_0001558,13,1558,1,0,0,0,0,0,0,0.20131872594356537,1,1,0.17917872965335846,0,0,0.20833784341812134,0,0,0.20833253860473633,0,0,0.2028312087059021
subject_13:sample_0001559,13,1559,1,0,0,0,0,0,0,0.2012026160955429,1,1,0.1792607307434082,0,0,0.20733343064785004,0,0,0.20945289731025696,0,0,0.20274940133094788
subject_13:sample_0001560,13,1560,1,0,0,0,0,0,0,0.2020704448223114,1,1,0.17893029749393463,0,0,0.20750072598457336,0,0,0.2086641788482666,0,0,0.20283342897891998
subject_13:sample_0001561,13,1561,1,0,0,0,0,0,0,0.2024264633655548,1,1,0.17906686663627625,0,0,0.2075662612915039,0,0,0.2079227864742279,0,0,0.20301669836044312
subject_13:sample_0001562,13,1562,1,0,0,0,0,0,0,0.20274505019187927,1,1,0.17920540273189545,0,0,0.20776785910129547,0,0,0.20695577561855316,0,0,0.20332488417625427
subject_13:sample_0001563,13,1563,1,0,0,0,0,0,0,0.2032480239868164,1,1,0.17955416440963745,0,0,0.2072448581457138,0,0,0.20547644793987274,0,0,0.20447564125061035
subject_13:sample_0001564,13,1564,1,0,0,0,0,0,0,0.20362533628940582,1,1,0.18001866340637207,0,0,0.20649780333042145,0,0,0.20486781001091003,0,0,0.204989492893219
subject_13:sample_0001565,13,1565,1,0,0,0,0,0,0,0.2039451152086258,1,1,0.17999015748500824,0,0,0.20633433759212494,0,0,0.2045680284500122,0,0,0.2051614373922348
subject_13:sample_0001566,13,1566,1,0,0,0,0,0,0,0.20391228795051575,1,1,0.1800539642572403,0,0,0.2067859023809433,0,0,0.20445577800273895,0,0,0.2047911137342453
subject_13:sample_0001567,13,1567,1,0,0,0,0,0,0,0.20390914380550385,1,1,0.17970488965511322,0,0,0.2068912237882614,0,0,0.20372478663921356,0,0,0.20576906204223633
subject_13:sample_0001568,13,1568,1,0,0,0,0,0,0,0.2046450972557068,1,1,0.18041615188121796,0,0,0.20772364735603333,0,0,0.20413893461227417,0,0,0.20307514071464539
subject_13:sample_0001569,13,1569,1,0,0,0,0,0,0,0.20481735467910767,1,1,0.18095771968364716,0,0,0.20821067690849304,0,0,0.20443201065063477,0,0,0.20158129930496216
subject_13:sample_0001570,13,1570,1,0,0,0,0,0,0,0.20239409804344177,1,1,0.18962951004505157,0,0,0.20490525662899017,0,0,0.20352350175380707,0,0,0.1995467096567154
subject_13:sample_0001571,13,1571,1,0,0,0,0,0,0,0.20059138536453247,0,0,0.19432304799556732,0,0,0.20287573337554932,0,0,0.2023470252752304,0,0,0.1998618096113205
subject_13:sample_0001572,13,1572,1,0,0,0,0,0,0,0.20015282928943634,0,0,0.1982182264328003,0,0,0.20258890092372894,0,0,0.20107130706310272,0,0,0.1979677975177765
subject_13:sample_0001573,13,1573,1,0,0,0,0,0,0,0.20030477643013,0,0,0.19927367568016052,0,0,0.20332883298397064,0,0,0.2003856897354126,0,0,0.19670608639717102
subject_13:sample_0001574,13,1574,1,0,0,0,0,0,0,0.2007952332496643,0,0,0.19770270586013794,0,0,0.2046252340078354,0,0,0.20040902495384216,0,0,0.19646687805652618
subject_13:sample_0001575,13,1575,1,0,0,0,0,0,0,0.2014203816652298,0,0,0.1953970491886139,0,0,0.20637144148349762,0,0,0.20024915039539337,0,0,0.19656097888946533
subject_13:sample_0001576,13,1576,1,0,0,0,0,0,0,0.2016579508781433,0,0,0.19413848221302032,0,0,0.2074078768491745,0,0,0.20002759993076324,0,0,0.19676706194877625
subject_13:sample_0001577,13,1577,1,0,0,0,0,0,0,0.20186150074005127,0,0,0.19242459535598755,0,0,0.20879167318344116,0,0,0.19981808960437775,0,0,0.19710318744182587
subject_13:sample_0001578,13,1578,1,0,0,0,0,0,0,0.2014654129743576,0,0,0.19400955736637115,0,0,0.2082930952310562,0,0,0.19932913780212402,0,0,0.1969018280506134
subject_13:sample_0001579,13,1579,1,0,0,0,0,0,0,0.20128576457500458,0,0,0.19502894580364227,0,0,0.20811757445335388,0,0,0.19870112836360931,0,0,0.19686569273471832
subject_13:sample_0001580,13,1580,1,0,0,0,0,0,0,0.20085939764976501,0,0,0.1971425712108612,0,0,0.20722895860671997,0,0,0.1980900913476944,0,0,0.19667799770832062
subject_13:sample_0001581,13,1581,1,0,0,0,0,0,0,0.20003926753997803,0,0,0.19956305623054504,0,0,0.2057000696659088,0,0,0.19818894565105438,0,0,0.19650773704051971
subject_13:sample_0001582,13,1582,1,0,0,0,0,0,0,0.19956804811954498,0,0,0.20055584609508514,0,0,0.20515643060207367,0,0,0.1982334703207016,0,0,0.19648519158363342
subject_13:sample_0001583,13,1583,1,0,0,0,0,0,0,0.2008480727672577,0,0,0.1943504810333252,0,0,0.20666538178920746,0,0,0.19997809827327728,0,0,0.19815698266029358
subject_13:sample_0001584,13,1584,1,0,0,0,0,0,0,0.20047299563884735,1,1,0.19462579488754272,0,0,0.20607639849185944,0,0,0.20046466588974,0,0,0.19835922122001648
subject_13:sample_0001585,13,1585,1,0,0,0,0,0,0,0.201926127076149,1,1,0.1864292025566101,0,0,0.20708516240119934,0,0,0.20343978703022003,0,0,0.20111875236034393
subject_13:sample_0001586,13,1586,1,0,0,0,0,0,0,0.20245683193206787,1,1,0.17868442833423615,0,0,0.2077965885400772,0,0,0.20598897337913513,0,0,0.205072283744812
subject_13:sample_0001587,13,1587,1,0,0,0,0,0,0,0.2017109990119934,1,1,0.17752397060394287,0,0,0.20842228829860687,0,0,0.2058546096086502,0,0,0.20648714900016785
subject_13:sample_0001588,13,1588,1,0,0,0,0,0,0,0.20084036886692047,1,1,0.176824152469635,0,0,0.21105314791202545,0,0,0.2056417018175125,0,0,0.20563969016075134
subject_13:sample_0001589,13,1589,1,1,1,0,0,1,1,0.19246840476989746,1,1,0.17422525584697723,0,0,0.2150113582611084,0,0,0.2097700536251068,0,0,0.2085239291191101
subject_13:sample_0001590,13,1590,1,1,1,1,1,1,1,0.18574538826942444,1,1,0.17512932419776917,0,0,0.21594029664993286,1,1,0.21209321916103363,1,1,0.21109072864055634
subject_13:sample_0001591,13,1591,1,1,1,1,1,1,1,0.18265299499034882,1,1,0.17750881612300873,0,0,0.21476054191589355,1,1,0.21262714266777039,1,1,0.21244949102401733
subject_13:sample_0001592,13,1592,1,1,1,1,1,1,1,0.18678231537342072,1,1,0.1822047233581543,1,1,0.21452315151691437,1,1,0.20756199955940247,1,1,0.20892688632011414
subject_13:sample_0001593,13,1593,1,1,1,1,1,1,1,0.19579944014549255,1,1,0.1878216415643692,1,1,0.21777063608169556,1,1,0.19881680607795715,1,1,0.19979047775268555
subject_13:sample_0001594,13,1594,1,1,1,1,1,1,1,0.19852811098098755,1,1,0.1908598095178604,1,1,0.21753919124603271,1,1,0.1956249624490738,1,1,0.19744697213172913
subject_13:sample_0001595,13,1595,1,1,1,1,1,1,1,0.1996988207101822,1,1,0.19247764348983765,1,1,0.21431580185890198,1,1,0.1964195966720581,1,1,0.1970870941877365
subject_13:sample_0001596,13,1596,1,1,1,1,1,1,1,0.2009790688753128,1,1,0.1944388598203659,1,1,0.20798902213573456,1,1,0.19838279485702515,1,1,0.19820933043956757
subject_13:sample_0001597,13,1597,1,1,1,1,1,1,1,0.19863839447498322,1,1,0.19699561595916748,1,1,0.20535016059875488,1,1,0.1993495523929596,1,1,0.1996653527021408
subject_13:sample_0001598,13,1598,1,1,1,1,1,1,1,0.19809018075466156,1,1,0.1986353099346161,1,1,0.20358441770076752,1,1,0.19935594499111176,1,1,0.20033322274684906
subject_13:sample_0001599,13,1599,1,1,1,1,1,1,1,0.1993076205253601,1,1,0.20029926300048828,1,1,0.19845107197761536,1,1,0.2002801150083542,1,1,0.20166094601154327
subject_13:sample_0001600,13,1600,1,1,1,1,1,1,1,0.19871339201927185,1,1,0.19908681511878967,1,1,0.20370373129844666,1,1,0.1983521282672882,1,1,0.20014305412769318
subject_13:sample_0001601,13,1601,1,1,1,1,1,1,1,0.1990049183368683,1,1,0.19845719635486603,1,1,0.20601776242256165,1,1,0.19690848886966705,1,1,0.1996106058359146
subject_13:sample_0001602,13,1602,1,1,1,1,1,1,1,0.1975979059934616,1,1,0.19842000305652618,1,1,0.2075095921754837,1,1,0.19664935767650604,1,1,0.19982224702835083
subject_13:sample_0001603,13,1603,1,1,1,1,1,1,1,0.19742292165756226,1,1,0.19830568134784698,1,1,0.20780760049819946,1,1,0.19661608338356018,1,1,0.1998467892408371
subject_13:sample_0001604,13,1604,1,1,1,1,1,1,1,0.19749915599822998,1,1,0.1982472836971283,1,1,0.20773625373840332,1,1,0.1967063993215561,1,1,0.19980992376804352
subject_13:sample_0001605,13,1605,1,1,1,1,1,1,1,0.19766005873680115,1,1,0.19828344881534576,1,1,0.20731623470783234,1,1,0.19688768684864044,1,1,0.1998516321182251
subject_13:sample_0001606,13,1606,1,1,1,1,1,1,1,0.1979472041130066,1,1,0.1983867734670639,1,1,0.20657648146152496,1,1,0.19713887572288513,1,1,0.199949711561203
subject_13:sample_0001607,13,1607,1,1,1,1,1,1,1,0.19834832847118378,1,1,0.19861745834350586,1,1,0.20534773170948029,1,1,0.19750353693962097,1,1,0.2001819759607315
subject_13:sample_0001608,13,1608,1,1,1,1,1,1,1,0.1988777071237564,1,1,0.19899490475654602,1,1,0.2035178691148758,1,1,0.19797585904598236,1,1,0.20063276588916779
subject_13:sample_0001609,13,1609,1,1,1,1,1,1,1,0.1993003487586975,1,1,0.19932138919830322,1,1,0.20202265679836273,1,1,0.19842487573623657,1,1,0.20092979073524475
subject_13:sample_0001610,13,1610,1,1,1,1,1,1,1,0.1995265781879425,1,1,0.19945316016674042,1,1,0.20110918581485748,1,1,0.1986318677663803,1,1,0.2012782096862793
subject_13:sample_0001611,13,1611,1,1,1,1,1,1,1,0.1996484249830246,1,1,0.19953064620494843,1,1,0.2005707025527954,1,1,0.19872668385505676,1,1,0.201522558927536
subject_13:sample_0001612,13,1612,1,1,1,1,1,1,1,0.19967736303806305,1,1,0.19955602288246155,1,1,0.20036888122558594,1,1,0.19870507717132568,1,1,0.201691672205925
subject_13:sample_0001613,13,1613,1,1,1,1,1,1,1,0.19969038665294647,1,1,0.1995314657688141,1,1,0.2002672404050827,1,1,0.19864577054977417,1,1,0.20186418294906616
subject_13:sample_0001614,13,1614,1,1,1,1,1,1,1,0.19966091215610504,1,1,0.19943606853485107,1,1,0.20044144988059998,1,1,0.19849205017089844,1,1,0.2019684910774231
subject_13:sample_0001615,13,1615,1,1,1,1,1,1,1,0.19962920248508453,1,1,0.19932065904140472,1,1,0.20068833231925964,1,1,0.19836756587028503,1,1,0.20199325680732727
subject_13:sample_0001616,13,1616,1,1,1,1,1,1,1,0.1996622234582901,1,1,0.19923046231269836,1,1,0.20076897740364075,1,1,0.1983308643102646,1,1,0.2020064741373062
subject_13:sample_0001617,13,1617,1,1,1,1,1,1,1,0.19979330897331238,1,1,0.19920724630355835,1,1,0.2005990445613861,1,1,0.19833843410015106,1,1,0.2020610272884369
subject_13:sample_0001618,13,1618,1,1,1,1,1,1,1,0.200065016746521,1,1,0.19923150539398193,1,1,0.20022258162498474,1,1,0.1983451396226883,1,1,0.20213474333286285
subject_13:sample_0001619,13,1619,1,1,1,1,1,1,1,0.20051343739032745,1,1,0.199329674243927,1,1,0.19939197599887848,1,1,0.19847729802131653,1,1,0.20228667557239532
subject_13:sample_0001620,13,1620,1,1,1,1,1,1,1,0.20133334398269653,1,1,0.19985565543174744,1,1,0.19667278230190277,1,1,0.19922871887683868,1,1,0.2029084712266922
subject_13:sample_0001621,13,1621,1,1,1,1,1,1,1,0.2009279429912567,1,1,0.19980481266975403,1,1,0.19383656978607178,1,1,0.20111492276191711,1,1,0.20431478321552277
subject_13:sample_0001622,13,1622,1,1,1,1,1,1,1,0.1977394074201584,1,1,0.197628915309906,1,1,0.19507448375225067,1,1,0.20347312092781067,1,1,0.20608311891555786
subject_13:sample_0001623,13,1623,1,1,1,1,1,1,1,0.19717858731746674,1,1,0.1960914134979248,1,1,0.1963118612766266,1,1,0.20486322045326233,1,1,0.20555397868156433
subject_13:sample_0001624,13,1624,1,1,1,1,1,1,1,0.19861607253551483,1,1,0.19615866243839264,1,1,0.19779299199581146,1,1,0.2048199623823166,1,1,0.20261138677597046
subject_13:sample_0001625,13,1625,1,1,1,1,1,1,1,0.20061549544334412,1,1,0.1971253752708435,1,1,0.19930626451969147,1,1,0.20177863538265228,1,1,0.20117320120334625
subject_13:sample_0001626,13,1626,1,1,1,1,1,1,1,0.20204049348831177,1,1,0.19799834489822388,1,1,0.20037667453289032,1,1,0.19844959676265717,1,1,0.20113389194011688
subject_13:sample_0001627,13,1627,1,1,1,1,1,1,1,0.20271390676498413,1,1,0.1980052888393402,1,1,0.20048344135284424,1,1,0.19786186516284943,1,1,0.2009344846010208
subject_13:sample_0001628,13,1628,1,1,1,1,1,1,1,0.20354308187961578,1,1,0.19782735407352448,1,1,0.20038175582885742,1,1,0.19759561121463776,1,1,0.20065119862556458
subject_13:sample_0001629,13,1629,1,1,1,1,1,1,1,0.20478564500808716,1,1,0.19751256704330444,1,1,0.20015959441661835,1,1,0.19726665318012238,1,1,0.20027458667755127
subject_13:sample_0001630,13,1630,1,1,1,1,1,1,1,0.20638422667980194,1,1,0.19708962738513947,1,1,0.19984902441501617,1,1,0.19689291715621948,1,1,0.19978320598602295
subject_13:sample_0001631,13,1631,1,1,1,1,1,1,1,0.20881731808185577,1,1,0.19644910097122192,1,1,0.19934149086475372,1,1,0.19632026553153992,1,1,0.19907082617282867
subject_13:sample_0001632,13,1632,1,1,1,1,1,1,1,0.20997634530067444,1,1,0.1961003988981247,1,1,0.1991291344165802,1,1,0.1961987465620041,1,1,0.19859439134597778
subject_13:sample_0001633,13,1633,1,1,1,1,1,1,1,0.2102053314447403,1,1,0.19604699313640594,1,1,0.19909468293190002,1,1,0.19618083536624908,1,1,0.19847120344638824
subject_13:sample_0001634,13,1634,1,1,1,1,1,1,1,0.2102770358324051,1,1,0.19599077105522156,1,1,0.19908460974693298,1,1,0.19628791511058807,1,1,0.1983587145805359
subject_13:sample_0001635,13,1635,1,1,1,1,1,1,1,0.2106369286775589,1,1,0.19589544832706451,1,1,0.19899335503578186,1,1,0.19629131257534027,1,1,0.19818201661109924
subject_13:sample_0001636,13,1636,1,1,1,1,1,1,1,0.21080756187438965,1,1,0.19586977362632751,1,1,0.19899436831474304,1,1,0.1962146759033203,1,1,0.19811266660690308
subject_13:sample_0001637,13,1637,1,1,1,1,1,1,1,0.2107006460428238,1,1,0.19585487246513367,1,1,0.1990227997303009,1,1,0.19624024629592896,1,1,0.1981804072856903
subject_13:sample_0001638,13,1638,1,1,1,1,1,1,1,0.2101794183254242,1,1,0.19590184092521667,1,1,0.19912324845790863,1,1,0.1963672637939453,1,1,0.1984272301197052
subject_13:sample_0001639,13,1639,1,1,1,1,1,1,1,0.20894674956798553,1,1,0.19615483283996582,1,1,0.19940972328186035,1,1,0.19657598435878754,1,1,0.19891174137592316
subject_13:sample_0001640,13,1640,1,1,1,1,1,1,1,0.2064051479101181,1,1,0.19668109714984894,1,1,0.19998206198215485,1,1,0.19727371633052826,1,1,0.19965700805187225
subject_13:sample_0001641,13,1641,1,1,1,1,1,1,1,0.20446324348449707,1,1,0.19705989956855774,1,1,0.20037321746349335,1,1,0.19792382419109344,1,1,0.20017889142036438
subject_13:sample_0001642,13,1642,1,1,1,1,1,1,1,0.20327802002429962,1,1,0.19720743596553802,1,1,0.20063915848731995,1,1,0.19845379889011383,1,1,0.20042064785957336
subject_13:sample_0001643,13,1643,1,1,1,1,1,1,1,0.2030717134475708,1,1,0.19698044657707214,1,1,0.200727179646492,1,1,0.19890277087688446,1,1,0.2003168910741806
subject_13:sample_0001644,13,1644,1,1,1,1,1,1,1,0.2021724283695221,1,1,0.19609417021274567,1,1,0.2002621591091156,1,1,0.20151598751544952,1,1,0.19995424151420593
subject_13:sample_0001645,13,1645,1,1,1,1,1,1,1,0.20072568953037262,1,1,0.19464078545570374,1,1,0.1992453932762146,1,1,0.20502565801143646,1,1,0.20036156475543976
subject_13:sample_0001646,13,1646,1,1,1,1,1,1,1,0.1999187469482422,1,1,0.1939530223608017,1,1,0.19773995876312256,1,1,0.20519332587718964,1,1,0.2031940519809723
subject_13:sample_0001647,13,1647,1,1,1,1,1,1,1,0.2007531076669693,1,1,0.19452883303165436,1,1,0.19642096757888794,1,1,0.20393896102905273,1,1,0.2043571025133133
subject_13:sample_0001648,13,1648,1,1,1,1,1,1,1,0.20173630118370056,1,1,0.19546207785606384,1,1,0.1963183879852295,1,1,0.20262183248996735,1,1,0.20386041700839996
subject_13:sample_0001649,13,1649,1,1,1,1,1,1,1,0.20201706886291504,1,1,0.19630730152130127,1,1,0.1969846785068512,1,1,0.20150254666805267,1,1,0.20318740606307983
subject_13:sample_0001650,13,1650,1,1,1,1,1,1,1,0.20247064530849457,1,1,0.19617095589637756,1,1,0.19799454510211945,1,1,0.20092575252056122,1,1,0.20243708789348602
subject_13:sample_0001651,13,1651,1,1,1,1,1,1,1,0.20280475914478302,1,1,0.19581419229507446,1,1,0.1985526978969574,1,1,0.20077404379844666,1,1,0.20205332338809967
subject_13:sample_0001652,13,1652,1,1,1,1,1,1,1,0.2024272382259369,1,1,0.19583660364151,1,1,0.19939693808555603,1,1,0.2005651593208313,1,1,0.20177309215068817
subject_13:sample_0001653,13,1653,1,1,1,1,1,1,1,0.20138703286647797,1,1,0.19642767310142517,1,1,0.2009747326374054,1,1,0.20003588497638702,1,1,0.20117367804050446
subject_13:sample_0001654,13,1654,1,1,1,1,1,1,1,0.2005477100610733,1,1,0.1969888061285019,1,1,0.20182695984840393,1,1,0.1999300718307495,1,1,0.20070549845695496
subject_13:sample_0001655,13,1655,1,1,1,1,1,1,1,0.2003542184829712,1,1,0.1973743736743927,1,1,0.20204836130142212,1,1,0.19986428320407867,1,1,0.2003578394651413
subject_13:sample_0001656,13,1656,1,1,1,1,1,1,1,0.19994062185287476,1,1,0.19797831773757935,1,1,0.20213988423347473,1,1,0.19991904497146606,1,1,0.20002113282680511
subject_13:sample_0001657,13,1657,1,1,1,1,1,1,1,0.19969549775123596,1,1,0.19841411709785461,1,1,0.202002614736557,1,1,0.2000841200351715,1,1,0.19980265200138092
subject_13:sample_0001658,13,1658,1,1,1,1,1,1,1,0.19974897801876068,1,1,0.19873525202274323,1,1,0.2015906125307083,1,1,0.20025403797626495,1,1,0.1996702253818512
subject_13:sample_0001659,13,1659,1,1,1,1,1,1,1,0.1999836564064026,1,1,0.1989525407552719,1,1,0.2011287361383438,1,1,0.2003263235092163,1,1,0.1996077299118042
subject_13:sample_0001660,13,1660,1,1,1,1,1,1,1,0.2004113793373108,1,1,0.19915835559368134,1,1,0.20054760575294495,1,1,0.20027363300323486,1,1,0.1996079981327057
subject_13:sample_0001661,13,1661,1,1,1,1,1,1,1,0.2006950080394745,1,1,0.19950106739997864,1,1,0.19992266595363617,1,1,0.20020337402820587,1,1,0.19967688620090485
subject_13:sample_0001662,13,1662,1,1,1,1,1,1,1,0.20054472982883453,1,1,0.1999918669462204,1,1,0.1994193196296692,1,1,0.20023506879806519,1,1,0.1998080015182495
subject_13:sample_0001663,13,1663,1,1,1,1,1,1,1,0.20049892365932465,1,1,0.20037762820720673,1,1,0.19900166988372803,1,1,0.20025521516799927,1,1,0.19986557960510254
subject_13:sample_0001664,13,1664,1,1,1,1,1,1,1,0.20067042112350464,1,1,0.20059189200401306,1,1,0.19872230291366577,1,1,0.2001800835132599,1,1,0.19983434677124023
subject_13:sample_0001665,13,1665,1,1,1,1,1,1,1,0.20087973773479462,1,1,0.20071940124034882,1,1,0.19852010905742645,1,1,0.20009510219097137,1,1,0.19978462159633636
subject_13:sample_0001666,13,1666,1,1,1,1,1,1,1,0.20103922486305237,1,1,0.2009417563676834,1,1,0.19831357896327972,1,1,0.19998306035995483,1,1,0.1997213363647461
subject_13:sample_0001667,13,1667,1,1,1,1,1,1,1,0.20114563405513763,1,1,0.20107346773147583,1,1,0.1982242316007614,1,1,0.19988113641738892,1,1,0.1996745616197586
subject_13:sample_0001668,13,1668,1,1,1,1,1,1,1,0.20105594396591187,1,1,0.20135752856731415,1,1,0.19806094467639923,1,1,0.19982540607452393,1,1,0.19969922304153442
subject_13:sample_0001669,13,1669,1,1,1,1,1,1,1,0.20104636251926422,1,1,0.2015993297100067,1,1,0.19766715168952942,1,1,0.19984889030456543,1,1,0.19983723759651184
subject_13:sample_0001670,13,1670,1,1,1,1,1,1,1,0.20095308125019073,1,1,0.2019299566745758,1,1,0.19730110466480255,1,1,0.1998431384563446,1,1,0.1999717354774475
subject_13:sample_0001671,13,1671,1,1,1,1,1,1,1,0.20082350075244904,1,1,0.20211750268936157,1,1,0.19706743955612183,1,1,0.19987305998802185,1,1,0.20011751353740692
subject_13:sample_0001672,13,1672,1,1,1,1,1,1,1,0.20074209570884705,1,1,0.20212416350841522,1,1,0.19696810841560364,1,1,0.19991843402385712,1,1,0.200246199965477
subject_13:sample_0001673,13,1673,1,1,1,1,1,1,1,0.2007468044757843,1,1,0.2021074891090393,1,1,0.19704239070415497,1,1,0.19989535212516785,1,1,0.20020698010921478
subject_13:sample_0001674,13,1674,1,1,1,1,1,1,1,0.20087066292762756,1,1,0.20208673179149628,1,1,0.19724494218826294,1,1,0.19980059564113617,1,1,0.19999612867832184
subject_13:sample_0001675,13,1675,1,1,1,1,1,1,1,0.20106187462806702,1,1,0.20196686685085297,1,1,0.19739794731140137,1,1,0.19971145689487457,1,1,0.19986093044281006
subject_13:sample_0001676,13,1676,1,1,1,1,1,1,1,0.20118489861488342,1,1,0.20190323889255524,1,1,0.19748368859291077,1,1,0.19961820542812347,1,1,0.19980904459953308
subject_13:sample_0001677,13,1677,1,1,1,1,1,1,1,0.20126257836818695,1,1,0.20181956887245178,1,1,0.1975281983613968,1,1,0.19958077371120453,1,1,0.19980798661708832
subject_13:sample_0001678,13,1678,1,1,1,1,1,1,1,0.20129789412021637,1,1,0.2018582671880722,1,1,0.19755865633487701,1,1,0.19949081540107727,1,1,0.19979339838027954
subject_13:sample_0001679,13,1679,1,1,1,1,1,1,1,0.20128987729549408,1,1,0.20195706188678741,1,1,0.19757844507694244,1,1,0.1993914395570755,1,1,0.19978222250938416
subject_13:sample_0001680,13,1680,1,1,1,1,1,1,1,0.20096270740032196,1,1,0.2032650113105774,1,1,0.1973228007555008,1,1,0.19896703958511353,1,1,0.19948142766952515
subject_13:sample_0001681,13,1681,1,1,1,1,1,1,1,0.19830340147018433,1,1,0.21382112801074982,1,1,0.19481076300144196,1,1,0.19621995091438293,1,1,0.19684384763240814
subject_13:sample_0001682,13,1682,1,1,1,1,1,1,1,0.19394251704216003,1,1,0.23098978400230408,1,1,0.19072245061397552,1,1,0.19186238944530487,1,1,0.19248196482658386
subject_13:sample_0001683,13,1683,1,1,1,1,1,1,1,0.19434137642383575,0,0,0.22934545576572418,1,1,0.19137737154960632,1,1,0.19218552112579346,1,1,0.19274935126304626
subject_13:sample_0001684,13,1684,1,1,1,1,1,1,1,0.19540484249591827,0,0,0.22504284977912903,1,1,0.19273501634597778,1,1,0.19301816821098328,1,1,0.19379816949367523
subject_13:sample_0001685,13,1685,1,1,1,1,1,1,1,0.19812113046646118,0,0,0.21462108194828033,1,1,0.19583459198474884,1,1,0.1951889544725418,1,1,0.19623324275016785
subject_13:sample_0001686,13,1686,1,1,1,1,1,1,1,0.20097558200359344,0,0,0.20405051112174988,1,1,0.19848258793354034,1,1,0.19769757986068726,1,1,0.19879277050495148
subject_13:sample_0001687,13,1687,1,1,1,1,1,1,1,0.20286925137043,0,0,0.1982617825269699,1,1,0.19957375526428223,1,1,0.19908598065376282,1,1,0.20020829141139984
subject_13:sample_0001688,13,1688,1,1,1,1,1,0,0,0.23473429679870605,0,0,0.18190287053585052,1,1,0.19436703622341156,1,1,0.19379889965057373,1,1,0.19519594311714172
subject_13:sample_0001689,13,1689,1,1,1,1,1,0,0,0.20362405478954315,0,0,0.19999898970127106,1,1,0.19862177968025208,1,1,0.19812332093715668,1,1,0.19963088631629944
subject_13:sample_0001690,13,1690,1,1,1,1,1,0,0,0.19143930077552795,0,0,0.20040388405323029,1,1,0.2021879255771637,1,1,0.20259685814380646,1,1,0.203371062874794
subject_13:sample_0001691,13,1691,1,1,1,0,0,0,0,0.18322721123695374,0,0,0.19703495502471924,1,1,0.20561949908733368,1,1,0.2071409523487091,1,1,0.20697638392448425
subject_13:sample_0001692,13,1692,1,1,1,0,0,0,0,0.17371758818626404,0,0,0.1947687715291977,1,1,0.20826265215873718,1,1,0.21358636021614075,1,1,0.20966371893882751
subject_13:sample_0001693,13,1693,1,1,1,0,0,0,0,0.16785316169261932,0,0,0.18781425058841705,1,1,0.20902755856513977,1,1,0.22506894171237946,1,1,0.21023520827293396
subject_13:sample_0001694,13,1694,1,1,1,0,0,0,0,0.16165703535079956,0,0,0.17971086502075195,1,1,0.2066335827112198,1,1,0.24393720924854279,1,1,0.20806029438972473
subject_13:sample_0001695,13,1695,1,0,0,0,0,0,0,0.157842218875885,0,0,0.1768428534269333,1,1,0.20797517895698547,0,0,0.24683408439159393,1,1,0.21050472557544708
subject_13:sample_0001696,13,1696,1,0,0,0,0,0,0,0.1570894867181778,0,0,0.1761535406112671,1,1,0.21119849383831024,0,0,0.2413823902606964,1,1,0.21417510509490967
subject_13:sample_0001697,13,1697,1,0,0,0,0,0,0,0.15726420283317566,0,0,0.17920033633708954,1,1,0.21003057062625885,0,0,0.24065975844860077,1,1,0.21284422278404236
subject_13:sample_0001698,13,1698,1,0,0,0,0,0,0,0.16002710163593292,0,0,0.18678061664104462,1,1,0.2072145789861679,0,0,0.23632745444774628,1,1,0.20964933931827545
subject_13:sample_0001699,13,1699,1,0,0,0,0,0,0,0.16780447959899902,0,0,0.1894654631614685,1,1,0.20384670794010162,0,0,0.23311610519886017,1,1,0.2057662308216095
subject_13:sample_0001700,13,1700,1,0,0,0,0,0,0,0.17855817079544067,0,0,0.20018431544303894,1,1,0.19586321711540222,0,0,0.22809766232967377,1,1,0.1972956359386444
subject_13:sample_0001701,13,1701,1,0,0,0,0,0,0,0.18965312838554382,0,0,0.20756082236766815,1,1,0.18878251314163208,0,0,0.22407682240009308,1,1,0.18992570042610168
subject_13:sample_0001702,13,1702,1,1,1,0,0,1,1,0.2258746325969696,0,0,0.19112588465213776,1,1,0.1818695217370987,0,0,0.21806202828884125,1,1,0.18306691944599152
subject_13:sample_0001703,13,1703,1,1,1,1,1,1,1,0.19625259935855865,0,0,0.18339218199253082,1,1,0.1922837197780609,0,0,0.23369339108467102,1,1,0.19437721371650696
subject_13:sample_0001704,13,1704,1,1,1,1,1,1,1,0.19613780081272125,0,0,0.1818443387746811,1,1,0.19287624955177307,0,0,0.23467393219470978,1,1,0.19446678459644318
subject_13:sample_0001705,13,1705,1,1,1,1,1,1,1,0.1975218653678894,0,0,0.1805027276277542,1,1,0.19413359463214874,1,1,0.23217716813087463,1,1,0.1956637054681778
subject_13:sample_0001706,13,1706,1,1,1,1,1,1,1,0.19923554360866547,0,0,0.180442675948143,1,1,0.19584861397743225,1,1,0.22713187336921692,1,1,0.19734032452106476
subject_13:sample_0001707,13,1707,1,1,1,1,1,1,1,0.2010633796453476,0,0,0.1857418566942215,1,1,0.19794750213623047,1,1,0.21581141650676727,1,1,0.19943483173847198
subject_13:sample_0001708,13,1708,1,1,1,1,1,1,1,0.20169104635715485,0,0,0.20109204947948456,1,1,0.19890978932380676,1,1,0.19798727333545685,1,1,0.2003188282251358
subject_13:sample_0001709,13,1709,1,1,1,1,1,1,1,0.20005863904953003,0,0,0.20816530287265778,1,1,0.19730913639068604,1,1,0.1958802491426468,1,1,0.19858571887016296
subject_13:sample_0001710,13,1710,1,1,1,1,1,1,1,0.19862888753414154,0,0,0.21466109156608582,1,1,0.1958465874195099,1,1,0.19391290843486786,1,1,0.19694958627223969
subject_13:sample_0001711,13,1711,1,1,1,1,1,1,1,0.19776853919029236,0,0,0.2185303419828415,1,1,0.19495734572410583,1,1,0.19277533888816833,1,1,0.19596748054027557
subject_13:sample_0001712,13,1712,1,1,1,1,1,1,1,0.1966700702905655,0,0,0.21859429776668549,1,1,0.19383195042610168,1,1,0.1963060349225998,1,1,0.19459672272205353
subject_13:sample_0001713,13,1713,1,1,1,1,1,1,1,0.19399914145469666,0,0,0.21695731580257416,1,1,0.19141969084739685,1,1,0.20589984953403473,1,1,0.1917230486869812
subject_13:sample_0001714,13,1714,1,1,1,1,1,1,1,0.19089563190937042,0,0,0.2159620076417923,1,1,0.18933944404125214,1,1,0.21454213559627533,1,1,0.18925981223583221
subject_13:sample_0001715,13,1715,1,1,1,1,1,1,1,0.18998704850673676,0,0,0.21564799547195435,1,1,0.1888376921415329,1,1,0.21534565091133118,1,1,0.1901806890964508
subject_13:sample_0001716,13,1716,1,1,1,1,1,1,1,0.19025611877441406,0,0,0.21065393090248108,1,1,0.18706823885440826,0,0,0.21064715087413788,1,1,0.2013736367225647
subject_13:sample_0001717,13,1717,1,1,1,0,0,1,1,0.19889181852340698,0,0,0.20484119653701782,1,1,0.19024592638015747,0,0,0.20412065088748932,0,0,0.201899453997612
subject_13:sample_0001718,13,1718,1,0,0,0,0,0,0,0.200018972158432,0,0,0.20232762396335602,1,1,0.19419531524181366,0,0,0.20263472199440002,0,0,0.20082244277000427
subject_13:sample_0001719,13,1719,1,0,0,0,0,0,0,0.20179764926433563,0,0,0.20191225409507751,1,1,0.1926478147506714,0,0,0.20308874547481537,0,0,0.20055261254310608
subject_13:sample_0001720,13,1720,1,0,0,0,0,0,0,0.20332476496696472,0,0,0.2020370364189148,0,0,0.19082704186439514,0,0,0.20355506241321564,0,0,0.20025520026683807
subject_13:sample_0001721,13,1721,1,0,0,0,0,0,0,0.2033860683441162,0,0,0.20192669332027435,0,0,0.19396767020225525,0,0,0.20298884809017181,0,0,0.19772982597351074
subject_13:sample_0001722,13,1722,1,0,0,0,0,0,0,0.20339173078536987,0,0,0.20063099265098572,0,0,0.1971321403980255,0,0,0.20252269506454468,0,0,0.19632141292095184
subject_13:sample_0001723,13,1723,1,0,0,0,0,0,0,0.2014230489730835,0,0,0.19760239124298096,0,0,0.20026244223117828,0,0,0.20312610268592834,0,0,0.1975850909948349
subject_13:sample_0001724,13,1724,1,0,0,0,0,0,0,0.19697675108909607,0,0,0.19839201867580414,0,0,0.20211616158485413,0,0,0.20377828180789948,0,0,0.19873584806919098
subject_13:sample_0001725,13,1725,1,0,0,0,0,0,0,0.18826551735401154,0,0,0.19707530736923218,0,0,0.20633532106876373,0,0,0.20634572207927704,0,0,0.20197716355323792
subject_13:sample_0001726,13,1726,1,0,0,0,0,0,0,0.18227997422218323,0,0,0.19741283357143402,0,0,0.2088111937046051,0,0,0.20774704217910767,0,0,0.2037479430437088
subject_13:sample_0001727,13,1727,1,0,0,0,0,0,0,0.18072253465652466,0,0,0.20278890430927277,0,0,0.20754176378250122,0,0,0.206599622964859,0,0,0.20234613120555878
subject_13:sample_0001728,13,1728,1,0,0,0,0,0,0,0.17842376232147217,0,0,0.20309583842754364,0,0,0.20848523080348969,0,0,0.20721402764320374,0,0,0.2027801126241684
subject_13:sample_0001729,13,1729,1,0,0,0,0,0,0,0.17546513676643372,0,0,0.20001322031021118,0,0,0.21099594235420227,0,0,0.20905062556266785,0,0,0.204474076628685
subject_13:sample_0001730,13,1730,1,0,0,0,0,0,0,0.17452603578567505,0,0,0.20237447321414948,0,0,0.21057015657424927,0,0,0.20887194573879242,0,0,0.20365643501281738
subject_13:sample_0001731,13,1731,1,0,0,0,0,0,0,0.17676804959774017,0,0,0.20454521477222443,0,0,0.2090604603290558,0,0,0.20788073539733887,0,0,0.20174458622932434
subject_13:sample_0001732,13,1732,1,0,0,0,0,0,0,0.17984676361083984,0,0,0.20520518720149994,0,0,0.20768675208091736,0,0,0.20702579617500305,0,0,0.20023447275161743
subject_13:sample_0001733,13,1733,1,0,0,0,0,0,0,0.18291430175304413,0,0,0.20500807464122772,0,0,0.20652076601982117,0,0,0.2063693404197693,0,0,0.19918660819530487
subject_13:sample_0001734,13,1734,1,0,0,0,0,0,0,0.18822085857391357,0,0,0.20415030419826508,0,0,0.2047460526227951,0,0,0.2052176594734192,0,0,0.19766414165496826
subject_13:sample_0001735,13,1735,1,0,0,0,0,0,0,0.19159916043281555,0,0,0.2033313810825348,0,0,0.20370620489120483,0,0,0.20454253256320953,0,0,0.19681981205940247
subject_13:sample_0001736,13,1736,1,0,0,0,0,0,0,0.19410870969295502,0,0,0.2027740776538849,0,0,0.20296764373779297,0,0,0.2040167897939682,0,0,0.1961318701505661
subject_13:sample_0001737,13,1737,1,0,0,0,0,0,0,0.19681377708911896,0,0,0.20208483934402466,0,0,0.20217031240463257,0,0,0.20346274971961975,0,0,0.19546741247177124
subject_13:sample_0001738,13,1738,1,0,0,0,0,0,0,0.20067466795444489,0,0,0.20067140460014343,0,0,0.20107117295265198,0,0,0.2026861608028412,0,0,0.19489559531211853
subject_13:sample_0001739,13,1739,1,0,0,0,0,0,0,0.20493100583553314,1,1,0.19475388526916504,0,0,0.2016625553369522,0,0,0.20219562947750092,0,0,0.1964559108018875
subject_13:sample_0001740,13,1740,1,0,0,0,0,0,0,0.2082277238368988,1,1,0.19111643731594086,0,0,0.20266667008399963,0,0,0.1978135108947754,0,0,0.2001747190952301
subject_13:sample_0001741,13,1741,1,0,0,0,0,0,0,0.2139313668012619,1,1,0.18783541023731232,0,0,0.20516784489154816,1,1,0.18436884880065918,0,0,0.20869560539722443
subject_13:sample_0001742,13,1742,1,1,1,0,0,0,0,0.21841838955879211,1,1,0.186292827129364,0,0,0.20336952805519104,1,1,0.17601943016052246,0,0,0.21589887142181396
subject_13:sample_0001743,13,1743,1,1,1,0,0,0,0,0.22075165808200836,1,1,0.1842775046825409,0,0,0.2024092823266983,1,1,0.17364558577537537,0,0,0.21891498565673828
subject_13:sample_0001744,13,1744,1,1,1,0,0,0,0,0.22160592675209045,1,1,0.18212036788463593,1,1,0.20418936014175415,1,1,0.17252634465694427,0,0,0.21955709159374237
subject_13:sample_0001745,13,1745,2,2,1,0,0,2,1,0.19670037925243378,2,1,0.19813165068626404,0,0,0.20539593696594238,0,0,0.1985057294368744,2,1,0.2012653350830078
subject_13:sample_0001746,13,1746,2,2,1,0,0,2,1,0.19649410247802734,2,1,0.19931180775165558,0,0,0.20566877722740173,0,0,0.19741642475128174,2,1,0.201107919216156
subject_13:sample_0001747,13,1747,2,2,1,0,0,2,1,0.19668763875961304,2,1,0.20107382535934448,0,0,0.20604577660560608,0,0,0.19609637558460236,2,1,0.20009544491767883
subject_13:sample_0001748,13,1748,2,2,1,0,0,2,1,0.19619037210941315,2,1,0.20240432024002075,0,0,0.20722682774066925,0,0,0.19563458859920502,2,1,0.19854292273521423
subject_13:sample_0001749,13,1749,2,0,0,0,0,2,1,0.19738538563251495,0,0,0.2018858790397644,0,0,0.2099543958902359,0,0,0.19625462591648102,0,0,0.19451873004436493
subject_13:sample_0001750,13,1750,2,0,0,0,0,0,0,0.19235621392726898,0,0,0.20305848121643066,0,0,0.2115914225578308,0,0,0.19528745114803314,0,0,0.1977054625749588
subject_13:sample_0001751,13,1751,2,0,0,0,0,0,0,0.1935579925775528,0,0,0.20245374739170074,0,0,0.21096761524677277,0,0,0.19236573576927185,0,0,0.20065394043922424
subject_13:sample_0001752,13,1752,2,0,0,0,0,0,0,0.20313887298107147,0,0,0.20066240429878235,0,0,0.2088814377784729,0,0,0.1907767504453659,0,0,0.19653959572315216
subject_13:sample_0001753,13,1753,2,0,0,0,0,0,0,0.20746682584285736,0,0,0.20126186311244965,0,0,0.2084767371416092,0,0,0.18942561745643616,0,0,0.19336803257465363
subject_13:sample_0001754,13,1754,2,0,0,0,0,0,0,0.20956562459468842,0,0,0.2033482789993286,0,0,0.209209606051445,0,0,0.18610112369060516,0,0,0.1917744129896164
subject_13:sample_0001755,13,1755,2,0,0,0,0,0,0,0.21115082502365112,0,0,0.20637892186641693,0,0,0.2099549025297165,0,0,0.18152067065238953,0,0,0.1909937858581543
subject_13:sample_0001756,13,1756,2,0,0,0,0,0,0,0.2107333540916443,0,0,0.20843860507011414,0,0,0.21037012338638306,0,0,0.1801975816488266,0,0,0.1902594268321991
subject_13:sample_0001757,13,1757,2,0,0,0,0,0,0,0.2091367393732071,0,0,0.2086193561553955,0,0,0.20983269810676575,0,0,0.18342185020446777,0,0,0.18898841738700867
subject_13:sample_0001758,13,1758,2,0,0,0,0,0,0,0.20838458836078644,0,0,0.20863614976406097,0,0,0.20963917672634125,0,0,0.18509843945503235,0,0,0.18824075162410736
subject_13:sample_0001759,13,1759,2,0,0,0,0,0,0,0.20718173682689667,0,0,0.20842008292675018,0,0,0.20990358293056488,0,0,0.1855752170085907,0,0,0.18891845643520355
subject_13:sample_0001760,13,1760,2,0,0,0,0,0,0,0.20595048367977142,0,0,0.20900893211364746,0,0,0.21052411198616028,0,0,0.18495607376098633,0,0,0.18955938518047333
subject_13:sample_0001761,13,1761,2,0,0,0,0,0,0,0.20533587038516998,0,0,0.20983098447322845,0,0,0.2105598747730255,0,0,0.18462638556957245,0,0,0.1896459460258484
subject_13:sample_0001762,13,1762,2,0,0,0,0,0,0,0.20496566593647003,0,0,0.21087715029716492,0,0,0.209635391831398,0,0,0.18459196388721466,0,0,0.18992894887924194
subject_13:sample_0001763,13,1763,2,0,0,0,0,0,0,0.20517827570438385,0,0,0.21178127825260162,0,0,0.20809902250766754,0,0,0.1846790909767151,0,0,0.19026142358779907
subject_13:sample_0001764,13,1764,2,0,0,0,0,0,0,0.20538486540317535,0,0,0.2125592976808548,0,0,0.20591938495635986,0,0,0.18496108055114746,0,0,0.19117441773414612
subject_13:sample_0001765,13,1765,2,0,0,0,0,0,0,0.20628631114959717,0,0,0.21390841901302338,0,0,0.20324493944644928,0,0,0.18440721929073334,0,0,0.19215214252471924
subject_13:sample_0001766,13,1766,2,0,0,0,0,0,0,0.20763684809207916,0,0,0.21502667665481567,0,0,0.20154176652431488,0,0,0.183513805270195,0,0,0.19227997958660126
subject_13:sample_0001767,13,1767,2,0,0,0,0,0,0,0.2084738314151764,0,0,0.2150019407272339,0,0,0.20116734504699707,0,0,0.18360424041748047,0,0,0.19175173342227936
subject_13:sample_0001768,13,1768,2,0,0,0,0,0,0,0.2090873122215271,0,0,0.21503564715385437,0,0,0.19992125034332275,0,0,0.18413986265659332,0,0,0.19181494414806366
subject_13:sample_0001769,13,1769,2,0,0,0,0,0,0,0.21028903126716614,0,0,0.2153257578611374,0,0,0.19814124703407288,0,0,0.18498384952545166,0,0,0.19125911593437195
subject_13:sample_0001770,13,1770,2,0,0,0,0,0,0,0.2114342749118805,0,0,0.21600085496902466,0,0,0.19666704535484314,0,0,0.18595297634601593,0,0,0.18994386494159698
subject_13:sample_0001771,13,1771,2,0,0,0,0,0,0,0.21317753195762634,0,0,0.2169070690870285,0,0,0.1950145661830902,0,0,0.18639153242111206,0,0,0.18850834667682648
subject_13:sample_0001772,13,1772,2,0,0,0,0,0,0,0.21479029953479767,0,0,0.2175622284412384,0,0,0.19427943229675293,0,0,0.1854981780052185,0,0,0.1878688484430313
subject_13:sample_0001773,13,1773,2,0,0,0,0,0,0,0.21580567955970764,0,0,0.21881483495235443,0,0,0.19472262263298035,0,0,0.1840316355228424,0,0,0.18662425875663757
subject_13:sample_0001774,13,1774,2,0,0,0,0,0,0,0.21666762232780457,0,0,0.21887247264385223,0,0,0.19629645347595215,0,0,0.18233002722263336,0,0,0.1858324110507965
subject_13:sample_0001775,13,1775,2,0,0,0,0,0,0,0.21654514968395233,0,0,0.21638944745063782,0,0,0.19806091487407684,0,0,0.182644322514534,0,0,0.18635915219783783
subject_13:sample_0001776,13,1776,2,0,0,0,0,0,0,0.21667389571666718,0,0,0.21321912109851837,0,0,0.1994834989309311,0,0,0.183768630027771,0,0,0.18685390055179596
subject_13:sample_0001777,13,1777,2,0,0,0,0,0,0,0.21708835661411285,0,0,0.21003849804401398,0,0,0.19888217747211456,0,0,0.18599724769592285,0,0,0.18799279630184174
subject_13:sample_0001778,13,1778,2,0,0,0,0,0,0,0.2164708971977234,0,0,0.20852932333946228,0,0,0.1992911696434021,0,0,0.18707379698753357,0,0,0.18863385915756226
subject_13:sample_0001779,13,1779,2,0,0,0,0,0,0,0.21669043600559235,0,0,0.20806817710399628,0,0,0.19798418879508972,0,0,0.18852923810482025,0,0,0.188727006316185
subject_13:sample_0001780,13,1780,2,0,0,0,0,0,0,0.2174770087003708,0,0,0.20684368908405304,0,0,0.1968470960855484,0,0,0.19005461037158966,0,0,0.1887766569852829
subject_13:sample_0001781,13,1781,2,0,0,0,0,0,0,0.21816346049308777,0,0,0.206321582198143,0,0,0.19410951435565948,0,0,0.19229483604431152,0,0,0.18910959362983704
subject_13:sample_0001782,13,1782,2,0,0,0,0,0,0,0.21767421066761017,0,0,0.2066371887922287,0,0,0.19081801176071167,0,0,0.19496211409568787,0,0,0.18990756571292877
subject_13:sample_0001783,13,1783,2,0,0,0,0,0,0,0.2167736291885376,0,0,0.20718951523303986,0,0,0.18842889368534088,0,0,0.19726267457008362,0,0,0.19034437835216522
subject_13:sample_0001784,13,1784,2,0,0,0,0,0,0,0.21294334530830383,0,0,0.20795485377311707,0,0,0.18827052414417267,0,0,0.2021670937538147,0,0,0.18866316974163055
subject_13:sample_0001785,13,1785,2,0,0,0,0,0,0,0.2068352997303009,0,0,0.20864304900169373,0,0,0.19169336557388306,0,0,0.20761212706565857,0,0,0.18521511554718018
subject_13:sample_0001786,13,1786,2,0,0,0,0,0,0,0.20174075663089752,0,0,0.20589353144168854,0,0,0.19107158482074738,0,0,0.20585846900939941,0,0,0.19543467462062836
subject_13:sample_0001787,13,1787,2,0,0,0,0,0,0,0.20002961158752441,0,0,0.20370124280452728,0,0,0.19207412004470825,0,0,0.20420318841934204,0,0,0.1999908983707428
subject_13:sample_0001788,13,1788,2,0,0,0,0,0,0,0.20132799446582794,0,0,0.2026853859424591,0,0,0.1932840645313263,0,0,0.20308533310890198,0,0,0.1996162384748459
subject_13:sample_0001789,13,1789,2,0,0,0,0,0,0,0.20312874019145966,0,0,0.20229382812976837,0,0,0.19350852072238922,0,0,0.20360727608203888,0,0,0.1974606215953827
subject_13:sample_0001790,13,1790,2,0,0,0,0,2,1,0.20195895433425903,0,0,0.2014283835887909,0,0,0.18678124248981476,2,1,0.20825693011283875,0,0,0.201573446393013
subject_13:sample_0001791,13,1791,2,2,1,0,0,2,1,0.20117822289466858,0,0,0.20331554114818573,0,0,0.18080714344978333,2,1,0.20813718438148499,2,1,0.20656098425388336
subject_13:sample_0001792,13,1792,2,2,1,0,0,2,1,0.20409464836120605,0,0,0.20425888895988464,0,0,0.18137365579605103,2,1,0.20602171123027802,2,1,0.20425018668174744
subject_13:sample_0001793,13,1793,2,2,1,0,0,2,1,0.2053157091140747,0,0,0.20908012986183167,0,0,0.1821703016757965,2,1,0.20080499351024628,2,1,0.20262788236141205
subject_13:sample_0001794,13,1794,2,2,1,0,0,2,1,0.20475400984287262,2,1,0.2124117761850357,0,0,0.18373292684555054,2,1,0.19785958528518677,2,1,0.20124074816703796
subject_13:sample_0001795,13,1795,2,2,1,0,0,2,1,0.20326218008995056,2,1,0.21298441290855408,0,0,0.18656057119369507,2,1,0.19690048694610596,2,1,0.20029139518737793
subject_13:sample_0001796,13,1796,2,2,1,0,0,2,1,0.2014489620923996,2,1,0.21343694627285004,0,0,0.18940481543540955,2,1,0.19624744355678558,2,1,0.19946086406707764
subject_13:sample_0001797,13,1797,2,2,1,0,0,2,1,0.19969503581523895,2,1,0.21424242854118347,0,0,0.1918383538722992,2,1,0.19554318487644196,2,1,0.19868001341819763
subject_13:sample_0001798,13,1798,2,2,1,0,0,2,1,0.19847941398620605,2,1,0.21398556232452393,0,0,0.19395224750041962,2,1,0.19519780576229095,2,1,0.19838401675224304
subject_13:sample_0001799,13,1799,2,2,1,0,0,2,1,0.19585202634334564,2,1,0.2142157107591629,0,0,0.19922497868537903,2,1,0.19391945004463196,2,1,0.19678683578968048
subject_13:sample_0001800,13,1800,2,2,1,2,1,2,1,0.19349613785743713,2,1,0.21337512135505676,0,0,0.2057427316904068,2,1,0.19242413341999054,2,1,0.19496093690395355
subject_13:sample_0001801,13,1801,2,2,1,2,1,2,1,0.19163139164447784,2,1,0.20986340939998627,2,1,0.21425601840019226,2,1,0.19100536406040192,2,1,0.1932428479194641
subject_13:sample_0001802,13,1802,2,2,1,2,1,2,1,0.19330479204654694,2,1,0.2042922079563141,2,1,0.2158752977848053,2,1,0.19211487472057343,2,1,0.19441191852092743
subject_13:sample_0001803,13,1803,2,2,1,2,1,2,1,0.1959189772605896,2,1,0.20206671953201294,2,1,0.2112317532300949,2,1,0.19413307309150696,2,1,0.1966484934091568
subject_13:sample_0001804,13,1804,2,2,1,2,1,2,1,0.19731982052326202,2,1,0.20038801431655884,2,1,0.2089625597000122,2,1,0.19542630016803741,2,1,0.19790233671665192
subject_13:sample_0001805,13,1805,2,2,1,2,1,2,1,0.1980738341808319,2,1,0.1992688924074173,2,1,0.20794828236103058,2,1,0.19620326161384583,2,1,0.1985047459602356
subject_13:sample_0001806,13,1806,2,2,1,2,1,2,1,0.19830618798732758,2,1,0.1991627812385559,2,1,0.2074051946401596,2,1,0.19646181166172028,2,1,0.19866305589675903
subject_13:sample_0001807,13,1807,2,2,1,2,1,2,1,0.19826947152614594,2,1,0.1996178925037384,2,1,0.20695987343788147,2,1,0.19653181731700897,2,1,0.19861991703510284
subject_13:sample_0001808,13,1808,2,2,1,2,1,2,1,0.1982439011335373,2,1,0.2001173049211502,2,1,0.20638181269168854,2,1,0.19654527306556702,2,1,0.19871075451374054
subject_13:sample_0001809,13,1809,2,2,1,2,1,2,1,0.1982783079147339,2,1,0.2006695568561554,2,1,0.20563052594661713,2,1,0.19655214250087738,2,1,0.19886846840381622
subject_13:sample_0001810,13,1810,2,2,1,2,1,2,1,0.197919100522995,2,1,0.20196369290351868,2,1,0.20497803390026093,2,1,0.19635848701000214,2,1,0.19877967238426208
subject_13:sample_0001811,13,1811,2,2,1,2,1,2,1,0.19806933403015137,2,1,0.20319563150405884,2,1,0.20380446314811707,2,1,0.19625122845172882,2,1,0.1986784189939499
subject_13:sample_0001812,13,1812,2,2,1,2,1,2,1,0.19851118326187134,2,1,0.2042180597782135,2,1,0.2024499773979187,2,1,0.19623346626758575,2,1,0.1985863596200943
subject_13:sample_0001813,13,1813,2,2,1,2,1,2,1,0.19873525202274323,2,1,0.20510338246822357,2,1,0.2013753354549408,2,1,0.1962907761335373,2,1,0.19849428534507751
subject_13:sample_0001814,13,1814,2,2,1,2,1,2,1,0.19876646995544434,2,1,0.20577546954154968,2,1,0.2007422149181366,2,1,0.19632460176944733,2,1,0.19839024543762207
subject_13:sample_0001815,13,1815,2,2,1,2,1,2,1,0.19874146580696106,2,1,0.20639999210834503,2,1,0.20019391179084778,2,1,0.19637498259544373,2,1,0.198288694024086
subject_13:sample_0001816,13,1816,2,2,1,2,1,2,1,0.1984536200761795,2,1,0.20698776841163635,2,1,0.20004338026046753,2,1,0.1963798850774765,2,1,0.1981344223022461
subject_13:sample_0001817,13,1817,2,2,1,2,1,2,1,0.19841669499874115,2,1,0.20778602361679077,2,1,0.199453204870224,2,1,0.1963844746351242,2,1,0.19795870780944824
subject_13:sample_0001818,13,1818,2,2,1,2,1,2,1,0.1982131004333496,2,1,0.20851583778858185,2,1,0.19925913214683533,2,1,0.19631066918373108,2,1,0.19770027697086334
subject_13:sample_0001819,13,1819,2,2,1,2,1,2,1,0.19791291654109955,2,1,0.2090463936328888,2,1,0.1994350701570511,2,1,0.19623218476772308,2,1,0.1973724514245987
subject_13:sample_0001820,13,1820,2,2,1,2,1,2,1,0.1977018266916275,2,1,0.20941253006458282,2,1,0.19965659081935883,2,1,0.19618476927280426,2,1,0.19704334437847137
subject_13:sample_0001821,13,1821,2,2,1,2,1,2,1,0.19752362370491028,2,1,0.20932254195213318,2,1,0.20043325424194336,2,1,0.1960669904947281,2,1,0.1966525912284851
subject_13:sample_0001822,13,1822,2,2,1,2,1,2,1,0.19735564291477203,2,1,0.20887978374958038,2,1,0.20214435458183289,2,1,0.19565880298614502,2,1,0.19596044719219208
subject_13:sample_0001823,13,1823,2,2,1,2,1,2,1,0.197153702378273,2,1,0.2091674953699112,2,1,0.20352348685264587,2,1,0.1950618177652359,2,1,0.19509251415729523
subject_13:sample_0001824,13,1824,2,2,1,2,1,2,1,0.19687877595424652,2,1,0.20968036353588104,2,1,0.2035854309797287,2,1,0.19502514600753784,2,1,0.19482940435409546
subject_13:sample_0001825,13,1825,2,2,1,2,1,2,1,0.19669455289840698,2,1,0.20984090864658356,2,1,0.20360806584358215,2,1,0.19514745473861694,2,1,0.19470806419849396
subject_13:sample_0001826,13,1826,2,2,1,2,1,2,1,0.19652825593948364,2,1,0.20970302820205688,2,1,0.2036696970462799,2,1,0.19539111852645874,2,1,0.19470687210559845
subject_13:sample_0001827,13,1827,2,2,1,2,1,2,1,0.19650503993034363,2,1,0.20925147831439972,2,1,0.20328444242477417,2,1,0.1958669126033783,2,1,0.1950911581516266
subject_13:sample_0001828,13,1828,2,2,1,2,1,2,1,0.19654221832752228,2,1,0.20881597697734833,2,1,0.20270849764347076,2,1,0.19629912078380585,2,1,0.19563326239585876
subject_13:sample_0001829,13,1829,2,2,1,2,1,2,1,0.1967335045337677,2,1,0.20856879651546478,2,1,0.2018200159072876,2,1,0.19663186371326447,2,1,0.19624485075473785
subject_13:sample_0001830,13,1830,2,2,1,2,1,2,1,0.19699174165725708,2,1,0.2083541452884674,2,1,0.20095135271549225,2,1,0.19688419997692108,2,1,0.19681759178638458
subject_13:sample_0001831,13,1831,2,2,1,2,1,2,1,0.1969580203294754,2,1,0.2079111933708191,2,1,0.2009579837322235,2,1,0.19710689783096313,2,1,0.19706495106220245
subject_13:sample_0001832,13,1832,2,2,1,2,1,2,1,0.19707144796848297,2,1,0.20751404762268066,2,1,0.20057271420955658,2,1,0.1973833441734314,2,1,0.1974574625492096
subject_13:sample_0001833,13,1833,2,2,1,2,1,2,1,0.1970333755016327,2,1,0.2072489708662033,2,1,0.2003483921289444,2,1,0.19764286279678345,2,1,0.19772544503211975
subject_13:sample_0001834,13,1834,2,2,1,2,1,2,1,0.19681605696678162,2,1,0.206991046667099,2,1,0.20045459270477295,2,1,0.19781197607517242,2,1,0.1979253888130188
subject_13:sample_0001835,13,1835,2,2,1,2,1,2,1,0.1964779943227768,2,1,0.20662474632263184,2,1,0.20088794827461243,2,1,0.1979803442955017,2,1,0.19802799820899963
subject_13:sample_0001836,13,1836,2,2,1,2,1,2,1,0.1962961107492447,2,1,0.20651380717754364,2,1,0.20099419355392456,2,1,0.19806008040905,2,1,0.1981348693370819
subject_13:sample_0001837,13,1837,2,2,1,2,1,2,1,0.1967763900756836,2,1,0.2063598781824112,2,1,0.20067043602466583,2,1,0.19808003306388855,2,1,0.19811226427555084
subject_13:sample_0001838,13,1838,2,2,1,2,1,2,1,0.19742974638938904,2,1,0.20650427043437958,2,1,0.2000068575143814,2,1,0.1977837085723877,2,1,0.1982744038105011
subject_13:sample_0001839,13,1839,2,2,1,2,1,2,1,0.1978904902935028,2,1,0.20646747946739197,2,1,0.19969113171100616,2,1,0.19760143756866455,2,1,0.19834847748279572
subject_13:sample_0001840,13,1840,2,2,1,2,1,2,1,0.19813868403434753,2,1,0.2062745839357376,2,1,0.1996692270040512,2,1,0.19753162562847137,2,1,0.19838491082191467
subject_13:sample_0001841,13,1841,2,2,1,2,1,2,1,0.19809946417808533,2,1,0.20607027411460876,2,1,0.19988971948623657,2,1,0.19753457605838776,2,1,0.1984049677848816
subject_13:sample_0001842,13,1842,2,2,1,2,1,2,1,0.19816453754901886,2,1,0.2058635950088501,2,1,0.19987517595291138,2,1,0.19758379459381104,2,1,0.19851188361644745
subject_13:sample_0001843,13,1843,2,2,1,2,1,2,1,0.19824136793613434,2,1,0.2055656760931015,2,1,0.19995412230491638,2,1,0.1975722759962082,2,1,0.1986655741930008
subject_13:sample_0001844,13,1844,2,2,1,2,1,2,1,0.1984708607196808,2,1,0.20519207417964935,2,1,0.19975563883781433,2,1,0.19760847091674805,2,1,0.19897198677062988
subject_13:sample_0001845,13,1845,2,2,1,2,1,2,1,0.19879032671451569,2,1,0.20488904416561127,2,1,0.1995224803686142,2,1,0.19760531187057495,2,1,0.1991918683052063
subject_13:sample_0001846,13,1846,2,2,1,2,1,2,1,0.1991087645292282,2,1,0.20477049052715302,2,1,0.19925296306610107,2,1,0.19757314026355743,2,1,0.19929371774196625
subject_13:sample_0001847,13,1847,2,2,1,2,1,2,1,0.19950976967811584,2,1,0.2047644704580307,2,1,0.19873984158039093,2,1,0.19754865765571594,2,1,0.19943629205226898
subject_13:sample_0001848,13,1848,2,2,1,2,1,2,1,0.19963809847831726,2,1,0.20469385385513306,2,1,0.19871550798416138,2,1,0.19751238822937012,2,1,0.1994391828775406
subject_13:sample_0001849,13,1849,2,2,1,2,1,2,1,0.19973620772361755,2,1,0.20452579855918884,2,1,0.1988011598587036,2,1,0.19750535488128662,2,1,0.1994304656982422
subject_13:sample_0001850,13,1850,2,2,1,2,1,2,1,0.199920654296875,2,1,0.20436708629131317,2,1,0.19874107837677002,2,1,0.19751699268817902,2,1,0.1994531750679016
subject_13:sample_0001851,13,1851,2,2,1,2,1,2,1,0.2000795304775238,2,1,0.20415639877319336,2,1,0.19876548647880554,2,1,0.19756227731704712,2,1,0.19943535327911377
subject_13:sample_0001852,13,1852,2,2,1,2,1,2,1,0.20034213364124298,2,1,0.2041100114583969,2,1,0.19857868552207947,2,1,0.1975187510251999,2,1,0.19944941997528076
subject_13:sample_0001853,13,1853,2,2,1,2,1,2,1,0.20050039887428284,2,1,0.20382678508758545,2,1,0.19879299402236938,2,1,0.1975526213645935,2,1,0.19932624697685242
subject_13:sample_0001854,13,1854,2,2,1,2,1,2,1,0.20056332647800446,2,1,0.20345968008041382,2,1,0.1991385817527771,2,1,0.1976754367351532,2,1,0.1991620510816574
subject_13:sample_0001855,13,1855,2,2,1,2,1,2,1,0.20079657435417175,2,1,0.20310117304325104,2,1,0.19932721555233002,2,1,0.1977589726448059,2,1,0.19901502132415771
subject_13:sample_0001856,13,1856,2,2,1,2,1,2,1,0.2011858969926834,2,1,0.20312902331352234,2,1,0.19904184341430664,2,1,0.19750462472438812,2,1,0.19913765788078308
subject_13:sample_0001857,13,1857,2,2,1,2,1,2,1,0.2015744149684906,2,1,0.20334848761558533,2,1,0.19860103726387024,2,1,0.19723330438137054,2,1,0.19924181699752808
subject_13:sample_0001858,13,1858,2,2,1,2,1,2,1,0.20186246931552887,2,1,0.2039557248353958,2,1,0.1979396641254425,2,1,0.19694072008132935,2,1,0.19930046796798706
subject_13:sample_0001859,13,1859,2,2,1,2,1,2,1,0.20219196379184723,2,1,0.20420165359973907,2,1,0.1975695937871933,2,1,0.19674809277057648,2,1,0.19928768277168274
subject_13:sample_0001860,13,1860,2,2,1,2,1,2,1,0.2025015652179718,2,1,0.20382826030254364,2,1,0.19767947494983673,2,1,0.19667968153953552,2,1,0.19931012392044067
subject_13:sample_0001861,13,1861,2,2,1,2,1,2,1,0.20266161859035492,2,1,0.203169584274292,2,1,0.1981515735387802,2,1,0.1967199444770813,2,1,0.19929631054401398
subject_13:sample_0001862,13,1862,2,2,1,2,1,2,1,0.20281723141670227,2,1,0.20238423347473145,2,1,0.19881093502044678,2,1,0.19679199159145355,2,1,0.19919468462467194
subject_13:sample_0001863,13,1863,2,2,1,2,1,2,1,0.20294973254203796,2,1,0.2017265409231186,2,1,0.19944073259830475,2,1,0.19684594869613647,2,1,0.19903606176376343
subject_13:sample_0001864,13,1864,2,2,1,2,1,2,1,0.20311950147151947,2,1,0.2012702226638794,2,1,0.1998218297958374,2,1,0.19687004387378693,2,1,0.1989174634218216
subject_13:sample_0001865,13,1865,2,2,1,2,1,2,1,0.2033160775899887,2,1,0.20097507536411285,2,1,0.20001262426376343,2,1,0.19685888290405273,2,1,0.19883638620376587
subject_13:sample_0001866,13,1866,2,2,1,2,1,2,1,0.20343519747257233,2,1,0.2010374367237091,2,1,0.1998366117477417,2,1,0.19681601226329803,2,1,0.19887380301952362
subject_13:sample_0001867,13,1867,2,2,1,2,1,2,1,0.2036241888999939,2,1,0.20094740390777588,2,1,0.19969907402992249,2,1,0.1968386024236679,2,1,0.19888976216316223
subject_13:sample_0001868,13,1868,2,2,1,2,1,2,1,0.20366643369197845,2,1,0.2010488510131836,2,1,0.19947528839111328,2,1,0.19687405228614807,2,1,0.19893436133861542
subject_13:sample_0001869,13,1869,2,2,1,2,1,2,1,0.20355966687202454,2,1,0.2010217010974884,2,1,0.19957572221755981,2,1,0.1969536393880844,2,1,0.19888825714588165
subject_13:sample_0001870,13,1870,2,2,1,2,1,2,1,0.20342659950256348,2,1,0.20103929936885834,2,1,0.1996433287858963,2,1,0.19700931012630463,2,1,0.19888043403625488
subject_13:sample_0001871,13,1871,2,2,1,2,1,2,1,0.2032649964094162,2,1,0.20098315179347992,2,1,0.19993534684181213,2,1,0.19707956910133362,2,1,0.19873596727848053
subject_13:sample_0001872,13,1872,2,2,1,2,1,2,1,0.203201025724411,2,1,0.20103386044502258,2,1,0.19999977946281433,2,1,0.19711561501026154,2,1,0.19864869117736816
subject_13:sample_0001873,13,1873,2,2,1,2,1,2,1,0.2031537890434265,2,1,0.20116759836673737,2,1,0.20002537965774536,2,1,0.1971144825220108,2,1,0.19853782653808594
subject_13:sample_0001874,13,1874,2,2,1,2,1,2,1,0.20314019918441772,2,1,0.20144297182559967,2,1,0.19999639689922333,2,1,0.19698789715766907,2,1,0.19843150675296783
subject_13:sample_0001875,13,1875,2,2,1,2,1,2,1,0.20320279896259308,2,1,0.20165063440799713,2,1,0.2001219391822815,2,1,0.19680893421173096,2,1,0.19821470975875854
subject_13:sample_0001876,13,1876,2,2,1,2,1,2,1,0.20319271087646484,2,1,0.20197957754135132,2,1,0.20021535456180573,2,1,0.19650569558143616,2,1,0.19810567796230316
subject_13:sample_0001877,13,1877,2,2,1,2,1,2,1,0.2031306028366089,2,1,0.20236049592494965,2,1,0.20021553337574005,2,1,0.19627387821674347,2,1,0.19801855087280273
subject_13:sample_0001878,13,1878,2,2,1,2,1,2,1,0.20303872227668762,2,1,0.20271766185760498,2,1,0.20013579726219177,2,1,0.19621826708316803,2,1,0.1978885531425476
subject_13:sample_0001879,13,1879,2,2,1,2,1,2,1,0.20290741324424744,2,1,0.2032216489315033,2,1,0.20012448728084564,2,1,0.19604092836380005,2,1,0.19770453870296478
subject_13:sample_0001880,13,1880,2,2,1,2,1,2,1,0.20269015431404114,2,1,0.20405825972557068,2,1,0.1999160200357437,2,1,0.19585759937763214,2,1,0.19747702777385712
subject_13:sample_0001881,13,1881,2,2,1,2,1,2,1,0.2024863213300705,2,1,0.20508137345314026,2,1,0.19951987266540527,2,1,0.195740208029747,2,1,0.19717125594615936
subject_13:sample_0001882,13,1882,2,2,1,2,1,2,1,0.20226995646953583,2,1,0.20622432231903076,2,1,0.1991310715675354,2,1,0.1958054006099701,2,1,0.1965683102607727
subject_13:sample_0001883,13,1883,2,2,1,2,1,2,1,0.2020614892244339,2,1,0.20708425343036652,2,1,0.19895467162132263,2,1,0.1958545595407486,2,1,0.19604401290416718
subject_13:sample_0001884,13,1884,2,2,1,2,1,2,1,0.20178517699241638,2,1,0.20789282023906708,2,1,0.19903406500816345,2,1,0.19587412476539612,2,1,0.19541290402412415
subject_13:sample_0001885,13,1885,2,2,1,2,1,2,1,0.20153005421161652,2,1,0.20861589908599854,2,1,0.19948633015155792,2,1,0.19577378034591675,2,1,0.1945929229259491
subject_13:sample_0001886,13,1886,2,2,1,2,1,2,1,0.20142795145511627,2,1,0.20917364954948425,2,1,0.20006771385669708,2,1,0.1955915242433548,2,1,0.19373823702335358
subject_13:sample_0001887,13,1887,2,2,1,2,1,2,1,0.20153698325157166,2,1,0.2095746546983719,2,1,0.20085258781909943,2,1,0.19521084427833557,2,1,0.19282397627830505
subject_13:sample_0001888,13,1888,2,2,1,2,1,2,1,0.20181934535503387,2,1,0.2097233235836029,2,1,0.20166970789432526,2,1,0.19471518695354462,2,1,0.19207154214382172
subject_13:sample_0001889,13,1889,2,2,1,2,1,2,1,0.20198343694210052,2,1,0.2094811052083969,2,1,0.202064648270607,2,1,0.1944575309753418,2,1,0.19201236963272095
subject_13:sample_0001890,13,1890,2,2,1,2,1,2,1,0.20206087827682495,2,1,0.20930564403533936,2,1,0.2024497091770172,2,1,0.1941813975572586,2,1,0.19200144708156586
subject_13:sample_0001891,13,1891,2,2,1,2,1,2,1,0.20215579867362976,2,1,0.20938381552696228,2,1,0.20316246151924133,2,1,0.1937016397714615,2,1,0.19159537553787231
subject_13:sample_0001892,13,1892,2,2,1,2,1,2,1,0.20239922404289246,2,1,0.20940302312374115,2,1,0.20426540076732635,2,1,0.1929449439048767,2,1,0.19098643958568573
subject_13:sample_0001893,13,1893,2,2,1,2,1,2,1,0.20245130360126495,2,1,0.2095755934715271,2,1,0.20525501668453217,2,1,0.19220411777496338,2,1,0.1905129849910736
subject_13:sample_0001894,13,1894,2,2,1,2,1,2,1,0.20242266356945038,2,1,0.21016626060009003,2,1,0.20620600879192352,2,1,0.19136802852153778,2,1,0.18983612954616547
subject_13:sample_0001895,13,1895,2,2,1,2,1,2,1,0.2022503912448883,2,1,0.21083950996398926,2,1,0.20710442960262299,2,1,0.19055674970149994,2,1,0.18924784660339355
subject_13:sample_0001896,13,1896,2,2,1,2,1,2,1,0.20169022679328918,2,1,0.21145503222942352,2,1,0.20756550133228302,2,1,0.19019292294979095,2,1,0.1890953630208969
subject_13:sample_0001897,13,1897,2,2,1,2,1,2,1,0.20133644342422485,2,1,0.21191075444221497,2,1,0.2075783610343933,2,1,0.19003552198410034,2,1,0.18913796544075012
subject_13:sample_0001898,13,1898,2,2,1,2,1,2,1,0.20093485713005066,2,1,0.21256041526794434,2,1,0.20709431171417236,2,1,0.19003166258335114,2,1,0.18937784433364868
subject_13:sample_0001899,13,1899,2,2,1,2,1,2,1,0.20006994903087616,2,1,0.2132939249277115,2,1,0.20625831186771393,2,1,0.19040894508361816,2,1,0.18996791541576385
subject_13:sample_0001900,13,1900,2,2,1,2,1,2,1,0.1988736093044281,2,1,0.2143835425376892,2,1,0.20545394718647003,2,1,0.19090832769870758,2,1,0.19037963449954987
subject_13:sample_0001901,13,1901,2,2,1,2,1,2,1,0.19816632568836212,2,1,0.2169198989868164,2,1,0.2044399231672287,2,1,0.19052977859973907,2,1,0.1899431347846985
subject_13:sample_0001902,13,1902,2,2,1,2,1,2,1,0.19933272898197174,2,1,0.21982210874557495,2,1,0.20387357473373413,2,1,0.18872028589248657,2,1,0.18825025856494904
subject_13:sample_0001903,13,1903,2,2,1,2,1,2,1,0.20099498331546783,2,1,0.21912822127342224,2,1,0.20388957858085632,2,1,0.1880972981452942,2,1,0.1878889948129654
subject_13:sample_0001904,13,1904,2,2,1,2,1,2,1,0.20347250998020172,2,1,0.2188432514667511,2,1,0.2009202241897583,2,1,0.18841394782066345,2,1,0.18834909796714783
subject_13:sample_0001905,13,1905,2,2,1,2,1,2,1,0.20841701328754425,2,1,0.2133815735578537,2,1,0.19802123308181763,2,1,0.19015340507030487,2,1,0.19002583622932434
subject_13:sample_0001906,13,1906,2,2,1,2,1,2,1,0.21211914718151093,2,1,0.20740795135498047,2,1,0.1965588629245758,2,1,0.19217288494110107,2,1,0.19174017012119293
subject_13:sample_0001907,13,1907,2,2,1,2,1,2,1,0.21425160765647888,2,1,0.20270223915576935,2,1,0.19628605246543884,2,1,0.19387458264827728,2,1,0.19288448989391327
subject_13:sample_0001908,13,1908,2,2,1,2,1,2,1,0.2139366865158081,2,1,0.20094212889671326,2,1,0.19536453485488892,2,1,0.19595813751220703,2,1,0.1937974989414215
subject_13:sample_0001909,13,1909,2,2,1,2,1,2,1,0.21173697710037231,2,1,0.20003385841846466,2,1,0.19428645074367523,2,1,0.19825200736522675,2,1,0.19568976759910583
subject_13:sample_0001910,13,1910,2,2,1,2,1,2,1,0.2075568437576294,2,1,0.20027826726436615,2,1,0.19432085752487183,2,1,0.19966183602809906,2,1,0.19818119704723358
subject_13:sample_0001911,13,1911,2,2,1,2,1,2,1,0.20290815830230713,2,1,0.2013423591852188,2,1,0.19495487213134766,2,1,0.20043987035751343,2,1,0.20035377144813538
subject_13:sample_0001912,13,1912,2,2,1,2,1,2,1,0.20124408602714539,2,1,0.20257125794887543,2,1,0.19525015354156494,2,1,0.2001643180847168,2,1,0.20076915621757507
subject_13:sample_0001913,13,1913,2,2,1,2,1,2,1,0.20072461664676666,2,1,0.2037821114063263,2,1,0.19653698801994324,2,1,0.19966985285282135,2,1,0.19928541779518127
subject_13:sample_0001914,13,1914,2,2,1,2,1,2,1,0.20082888007164001,2,1,0.20426033437252045,2,1,0.19788050651550293,2,1,0.1986074149608612,2,1,0.19842194020748138
subject_13:sample_0001915,13,1915,2,2,1,2,1,2,1,0.20103910565376282,2,1,0.20434314012527466,2,1,0.198534294962883,2,1,0.1979685127735138,2,1,0.19811397790908813
subject_13:sample_0001916,13,1916,2,2,1,2,1,2,1,0.20127356052398682,2,1,0.2043890357017517,2,1,0.19882556796073914,2,1,0.19755662977695465,2,1,0.1979542225599289
subject_13:sample_0001917,13,1917,2,2,1,2,1,2,1,0.2014809399843216,2,1,0.20448631048202515,2,1,0.19892051815986633,2,1,0.197260782122612,2,1,0.19785051047801971
subject_13:sample_0001918,13,1918,2,2,1,2,1,2,1,0.20163697004318237,2,1,0.20448197424411774,2,1,0.19897900521755219,2,1,0.19704991579055786,2,1,0.19785116612911224
subject_13:sample_0001919,13,1919,2,2,1,2,1,2,1,0.2017267495393753,2,1,0.20435287058353424,2,1,0.19903762638568878,2,1,0.19695734977722168,2,1,0.19792440533638
subject_13:sample_0001920,13,1920,2,2,1,2,1,2,1,0.2017575204372406,2,1,0.20413430035114288,2,1,0.19912627339363098,2,1,0.19693578779697418,2,1,0.19804516434669495
subject_13:sample_0001921,13,1921,2,2,1,2,1,2,1,0.20168980956077576,2,1,0.2039737105369568,2,1,0.19917158782482147,2,1,0.1969587206840515,2,1,0.19820524752140045
subject_13:sample_0001922,13,1922,2,2,1,2,1,2,1,0.20157256722450256,2,1,0.20389463007450104,2,1,0.1991325467824936,2,1,0.19698505103588104,2,1,0.1984141767024994
subject_13:sample_0001923,13,1923,2,2,1,2,1,2,1,0.2015104740858078,2,1,0.20380952954292297,2,1,0.19899237155914307,2,1,0.19707070291042328,2,1,0.1986158788204193
subject_13:sample_0001924,13,1924,2,2,1,2,1,2,1,0.20157083868980408,2,1,0.20373621582984924,2,1,0.19875982403755188,2,1,0.19714964926242828,2,1,0.19878250360488892
subject_13:sample_0001925,13,1925,2,2,1,2,1,2,1,0.2015829086303711,2,1,0.2036561816930771,2,1,0.1985141783952713,2,1,0.1972588151693344,2,1,0.1989869922399521
subject_13:sample_0001926,13,1926,2,2,1,2,1,2,1,0.20158906280994415,2,1,0.2035062611103058,2,1,0.1983683705329895,2,1,0.19736456871032715,2,1,0.1991708129644394
subject_13:sample_0001927,13,1927,2,2,1,2,1,2,1,0.2016049176454544,2,1,0.2034328281879425,2,1,0.1981859803199768,2,1,0.1974719762802124,2,1,0.19930331408977509
subject_13:sample_0001928,13,1928,2,2,1,2,1,2,1,0.20158140361309052,2,1,0.20312485098838806,2,1,0.19855332374572754,2,1,0.19743095338344574,2,1,0.19930845499038696
subject_13:sample_0001929,13,1929,2,2,1,2,1,2,1,0.20166794955730438,2,1,0.20284317433834076,2,1,0.19873479008674622,2,1,0.19746613502502441,2,1,0.19928693771362305
subject_13:sample_0001930,13,1930,2,2,1,2,1,2,1,0.20172369480133057,2,1,0.20260754227638245,2,1,0.19883282482624054,2,1,0.19753922522068024,2,1,0.19929571449756622
subject_13:sample_0001931,13,1931,2,2,1,2,1,2,1,0.2018623799085617,2,1,0.20240935683250427,2,1,0.19898222386837006,2,1,0.19753015041351318,2,1,0.19921495020389557
subject_13:sample_0001932,13,1932,2,2,1,2,1,2,1,0.2020123302936554,2,1,0.2022746503353119,2,1,0.1990150511264801,2,1,0.197538822889328,2,1,0.199158176779747
subject_13:sample_0001933,13,1933,2,2,1,2,1,2,1,0.20222489535808563,2,1,0.20218615233898163,2,1,0.19885052740573883,2,1,0.19760172069072723,2,1,0.19913575053215027
subject_13:sample_0001934,13,1934,2,2,1,2,1,2,1,0.20217952132225037,2,1,0.20198875665664673,2,1,0.19901242852210999,2,1,0.19760943949222565,2,1,0.19920891523361206
subject_13:sample_0001935,13,1935,2,2,1,2,1,2,1,0.2021011859178543,2,1,0.20183639228343964,2,1,0.19914385676383972,2,1,0.19760073721408844,2,1,0.1993168741464615
subject_13:sample_0001936,13,1936,2,2,1,2,1,2,1,0.20182020962238312,2,1,0.20148088037967682,2,1,0.19993704557418823,2,1,0.19747324287891388,2,1,0.19928766787052155
subject_13:sample_0001937,13,1937,2,2,1,2,1,2,1,0.2017751932144165,2,1,0.20131678879261017,2,1,0.20010583102703094,2,1,0.19743894040584564,2,1,0.19936224818229675
subject_13:sample_0001938,13,1938,2,2,1,2,1,2,1,0.20187869668006897,2,1,0.20127160847187042,2,1,0.19992445409297943,2,1,0.19745849072933197,2,1,0.19946590065956116
subject_13:sample_0001939,13,1939,2,2,1,2,1,2,1,0.202092707157135,2,1,0.20133076608181,2,1,0.19944390654563904,2,1,0.19755373895168304,2,1,0.1995779275894165
subject_13:sample_0001940,13,1940,2,2,1,2,1,2,1,0.20215919613838196,2,1,0.20128120481967926,2,1,0.19935648143291473,2,1,0.19757941365242004,2,1,0.19962278008460999
subject_13:sample_0001941,13,1941,2,2,1,2,1,2,1,0.2022073119878769,2,1,0.20123404264450073,2,1,0.1993614137172699,2,1,0.19754604995250702,2,1,0.19965024292469025
subject_13:sample_0001942,13,1942,2,2,1,2,1,2,1,0.2023344188928604,2,1,0.20127475261688232,2,1,0.19929489493370056,2,1,0.19748267531394958,2,1,0.19961228966712952
subject_13:sample_0001943,13,1943,2,2,1,2,1,2,1,0.2025296986103058,2,1,0.20140880346298218,2,1,0.19915667176246643,2,1,0.1973874568939209,2,1,0.1995164006948471
subject_13:sample_0001944,13,1944,2,2,1,2,1,2,1,0.2026636004447937,2,1,0.20149771869182587,2,1,0.19899912178516388,2,1,0.19734448194503784,2,1,0.19949409365653992
subject_13:sample_0001945,13,1945,2,2,1,2,1,2,1,0.20278503000736237,2,1,0.20156754553318024,2,1,0.19887715578079224,2,1,0.19728514552116394,2,1,0.19948408007621765
subject_13:sample_0001946,13,1946,2,2,1,2,1,2,1,0.20289139449596405,2,1,0.20163431763648987,2,1,0.19879592955112457,2,1,0.1972237229347229,2,1,0.19945362210273743
subject_13:sample_0001947,13,1947,2,2,1,2,1,2,1,0.20298683643341064,2,1,0.20172549784183502,2,1,0.19877928495407104,2,1,0.197133406996727,2,1,0.19937396049499512
subject_13:sample_0001948,13,1948,2,2,1,2,1,2,1,0.20309849083423615,2,1,0.20185202360153198,2,1,0.19873899221420288,2,1,0.19703155755996704,2,1,0.19927801191806793
subject_13:sample_0001949,13,1949,2,2,1,2,1,2,1,0.20318366587162018,2,1,0.2019565850496292,2,1,0.1986941695213318,2,1,0.1969549059867859,2,1,0.19920973479747772
subject_13:sample_0001950,13,1950,2,2,1,2,1,2,1,0.20331907272338867,2,1,0.2021140605211258,2,1,0.1986047327518463,2,1,0.1968429982662201,2,1,0.19911815226078033
subject_13:sample_0001951,13,1951,2,2,1,2,1,2,1,0.20345932245254517,2,1,0.20229575037956238,2,1,0.19848285615444183,2,1,0.196742445230484,2,1,0.1990186721086502
subject_13:sample_0001952,13,1952,2,2,1,2,1,2,1,0.20355355739593506,2,1,0.20243090391159058,2,1,0.19839152693748474,2,1,0.19667454063892365,2,1,0.19894851744174957
subject_13:sample_0001953,13,1953,2,2,1,2,1,2,1,0.20361831784248352,2,1,0.2025546431541443,2,1,0.19833114743232727,2,1,0.1966039389371872,2,1,0.19889101386070251
subject_13:sample_0001954,13,1954,2,2,1,2,1,2,1,0.20366011559963226,2,1,0.20263749361038208,2,1,0.1982988715171814,2,1,0.1965690702199936,2,1,0.1988334208726883
subject_13:sample_0001955,13,1955,2,2,1,2,1,2,1,0.20362915098667145,2,1,0.20258373022079468,2,1,0.1983398050069809,2,1,0.19660115242004395,2,1,0.19884517788887024
subject_13:sample_0001956,13,1956,2,2,1,2,1,2,1,0.20358781516551971,2,1,0.20252910256385803,2,1,0.19838359951972961,2,1,0.19664058089256287,2,1,0.19885797798633575
subject_13:sample_0001957,13,1957,2,2,1,2,1,2,1,0.20352329313755035,2,1,0.20245611667633057,2,1,0.19842647016048431,2,1,0.19670841097831726,2,1,0.1988847255706787
subject_13:sample_0001958,13,1958,2,2,1,2,1,2,1,0.20343153178691864,2,1,0.2023591846227646,2,1,0.19848686456680298,2,1,0.1967736780643463,2,1,0.1989477127790451
subject_13:sample_0001959,13,1959,2,2,1,2,1,2,1,0.2033429890871048,2,1,0.20228372514247894,2,1,0.19854149222373962,2,1,0.19683000445365906,2,1,0.1990007907152176
subject_13:sample_0001960,13,1960,2,2,1,2,1,2,1,0.2032676786184311,2,1,0.20223461091518402,2,1,0.19858095049858093,2,1,0.19688384234905243,2,1,0.19903187453746796
subject_13:sample_0001961,13,1961,2,2,1,2,1,2,1,0.20307911932468414,2,1,0.20207488536834717,2,1,0.1986493617296219,2,1,0.19705098867416382,2,1,0.19914470613002777
subject_13:sample_0001962,13,1962,2,2,1,2,1,2,1,0.20289820432662964,2,1,0.20191964507102966,2,1,0.19865500926971436,2,1,0.1972728669643402,2,1,0.19925333559513092
subject_13:sample_0001963,13,1963,2,2,1,2,1,2,1,0.20265936851501465,2,1,0.20170468091964722,2,1,0.19864296913146973,2,1,0.19755902886390686,2,1,0.19943302869796753
subject_13:sample_0001964,13,1964,2,2,1,2,1,2,1,0.20245249569416046,2,1,0.2014584243297577,2,1,0.1985192447900772,2,1,0.19791878759860992,2,1,0.1996501386165619
subject_13:sample_0001965,13,1965,2,2,1,2,1,2,1,0.20221175253391266,2,1,0.20120114088058472,2,1,0.19846326112747192,2,1,0.19819845259189606,2,1,0.19992448389530182
subject_13:sample_0001966,13,1966,2,2,1,2,1,2,1,0.20201413333415985,2,1,0.20101773738861084,2,1,0.19844120740890503,2,1,0.19836202263832092,2,1,0.20016396045684814
subject_13:sample_0001967,13,1967,2,2,1,2,1,2,1,0.2017347812652588,2,1,0.20080240070819855,2,1,0.1985970139503479,2,1,0.19846373796463013,2,1,0.20040109753608704
subject_13:sample_0001968,13,1968,2,2,1,2,1,2,1,0.20140023529529572,2,1,0.2005791962146759,2,1,0.19888873398303986,2,1,0.19851697981357574,2,1,0.2006138563156128
subject_13:sample_0001969,13,1969,2,2,1,2,1,2,1,0.2010715901851654,2,1,0.20038199424743652,2,1,0.19927677512168884,2,1,0.19853200018405914,2,1,0.20073670148849487
subject_13:sample_0001970,13,1970,2,2,1,2,1,2,1,0.2008780539035797,2,1,0.20024548470973969,2,1,0.19949181377887726,2,1,0.19858895242214203,2,1,0.2007947713136673
subject_13:sample_0001971,13,1971,2,2,1,2,1,2,1,0.20069195330142975,2,1,0.20008082687854767,2,1,0.19968031346797943,2,1,0.19868649542331696,2,1,0.2008594125509262
subject_13:sample_0001972,13,1972,2,2,1,2,1,2,1,0.20054852962493896,2,1,0.19993562996387482,2,1,0.1998313069343567,2,1,0.19877097010612488,2,1,0.2009125053882599
subject_13:sample_0001973,13,1973,2,2,1,2,1,2,1,0.20046816766262054,2,1,0.19984059035778046,2,1,0.19982318580150604,2,1,0.198883056640625,2,1,0.20098404586315155
subject_13:sample_0001974,13,1974,2,2,1,2,1,2,1,0.2003595381975174,2,1,0.19975106418132782,2,1,0.19984695315361023,2,1,0.19899995625019073,2,1,0.2010415494441986
subject_13:sample_0001975,13,1975,2,2,1,2,1,2,1,0.20026667416095734,2,1,0.19969698786735535,2,1,0.19980183243751526,2,1,0.19911716878414154,2,1,0.20111645758152008
subject_13:sample_0001976,13,1976,2,2,1,2,1,2,1,0.20016995072364807,2,1,0.1996518075466156,2,1,0.19970162212848663,2,1,0.19926230609416962,2,1,0.2012133002281189
subject_13:sample_0001977,13,1977,2,2,1,2,1,2,1,0.20021289587020874,2,1,0.19971925020217896,2,1,0.19925551116466522,2,1,0.19944608211517334,2,1,0.20136533677577972
subject_13:sample_0001978,13,1978,2,2,1,2,1,2,1,0.2002982497215271,2,1,0.19980472326278687,2,1,0.19868971407413483,2,1,0.19964538514614105,2,1,0.20156100392341614
subject_13:sample_0001979,13,1979,2,2,1,2,1,2,1,0.20042863488197327,2,1,0.1998870074748993,2,1,0.19820255041122437,2,1,0.19975656270980835,2,1,0.20172423124313354
subject_13:sample_0001980,13,1980,2,2,1,2,1,2,1,0.20066995918750763,2,1,0.19998329877853394,2,1,0.197747141122818,2,1,0.1997014731168747,2,1,0.20189720392227173
subject_13:sample_0001981,13,1981,2,2,1,2,1,2,1,0.2008693963289261,2,1,0.20001435279846191,2,1,0.19759070873260498,2,1,0.19952620565891266,2,1,0.20199841260910034
subject_13:sample_0001982,13,1982,2,2,1,2,1,2,1,0.20093579590320587,2,1,0.19993554055690765,2,1,0.19776809215545654,2,1,0.19939281046390533,2,1,0.2019667625427246
subject_13:sample_0001983,13,1983,2,2,1,2,1,2,1,0.20097112655639648,2,1,0.19989919662475586,2,1,0.1982431709766388,2,1,0.19893775880336761,2,1,0.20194783806800842
subject_13:sample_0001984,13,1984,2,2,1,2,1,2,1,0.20102104544639587,2,1,0.1998652070760727,2,1,0.19897766411304474,2,1,0.19822686910629272,2,1,0.20190826058387756
subject_13:sample_0001985,13,1985,2,2,1,2,1,2,1,0.20087294280529022,2,1,0.19932007789611816,2,1,0.1998739391565323,2,1,0.19847969710826874,2,1,0.20145240426063538
subject_13:sample_0001986,13,1986,2,2,1,2,1,2,1,0.20127993822097778,2,1,0.19820724427700043,2,1,0.20124876499176025,2,1,0.19886933267116547,2,1,0.2003937065601349
subject_13:sample_0001987,13,1987,2,2,1,2,1,2,1,0.20451785624027252,2,1,0.1962055116891861,2,1,0.20187030732631683,2,1,0.19865815341472626,2,1,0.1987472027540207
subject_13:sample_0001988,13,1988,2,2,1,2,1,2,1,0.20838774740695953,2,1,0.19432950019836426,2,1,0.20141378045082092,2,1,0.19843080639839172,2,1,0.19743712246418
subject_13:sample_0001989,13,1989,2,2,1,2,1,2,1,0.20929056406021118,2,1,0.19370047748088837,2,1,0.20132187008857727,2,1,0.1983795017004013,2,1,0.19730660319328308
subject_13:sample_0001990,13,1990,2,2,1,2,1,2,1,0.20988039672374725,2,1,0.1932961642742157,2,1,0.2012205570936203,2,1,0.19806455075740814,2,1,0.197537362575531
subject_13:sample_0001991,13,1991,2,2,1,2,1,2,1,0.21017810702323914,2,1,0.19278430938720703,2,1,0.20087455213069916,2,1,0.1978963166475296,2,1,0.1982657015323639
subject_13:sample_0001992,13,1992,2,2,1,2,1,2,1,0.21010138094425201,2,1,0.192428320646286,2,1,0.2005058079957962,2,1,0.19793687760829926,2,1,0.1990266889333725
subject_13:sample_0001993,13,1993,2,2,1,2,1,2,1,0.2100602686405182,2,1,0.19230876863002777,2,1,0.20036011934280396,2,1,0.19798289239406586,2,1,0.19928692281246185
subject_13:sample_0001994,13,1994,2,2,1,2,1,2,1,0.21041248738765717,2,1,0.19236242771148682,2,1,0.20040898025035858,2,1,0.19776204228401184,2,1,0.1990530788898468
subject_13:sample_0001995,13,1995,2,2,1,2,1,2,1,0.2108536958694458,2,1,0.19314970076084137,2,1,0.20041504502296448,2,1,0.19729718565940857,2,1,0.1982833594083786
subject_13:sample_0001996,13,1996,2,2,1,2,1,2,1,0.21151268482208252,2,1,0.19578124582767487,2,1,0.20039145648479462,2,1,0.19564108550548553,2,1,0.19667257368564606
subject_13:sample_0001997,13,1997,2,2,1,2,1,2,1,0.21214649081230164,2,1,0.1994316726922989,2,1,0.20029044151306152,2,1,0.1934233456850052,2,1,0.19470712542533875
subject_13:sample_0001998,13,1998,2,2,1,2,1,2,1,0.2123345583677292,2,1,0.20123443007469177,2,1,0.20022796094417572,2,1,0.192586287856102,2,1,0.1936158537864685
subject_13:sample_0001999,13,1999,2,2,1,2,1,2,1,0.21255576610565186,2,1,0.2026703953742981,2,1,0.1991880089044571,2,1,0.1935349851846695,2,1,0.19204983115196228
subject_13:sample_0002000,13,2000,2,2,1,2,1,2,1,0.21222184598445892,2,1,0.20236565172672272,2,1,0.19690968096256256,2,1,0.19789104163646698,2,1,0.19061076641082764
subject_13:sample_0002001,13,2001,2,2,1,2,1,2,1,0.2106768786907196,2,1,0.2016492336988449,2,1,0.19477470219135284,2,1,0.2024437040090561,2,1,0.19045454263687134
subject_13:sample_0002002,13,2002,2,2,1,2,1,2,1,0.20835034549236298,2,1,0.2012498676776886,2,1,0.19357840716838837,2,1,0.20461635291576385,2,1,0.19220414757728577
subject_13:sample_0002003,13,2003,2,2,1,2,1,2,1,0.2052154839038849,2,1,0.2001866102218628,2,1,0.19371291995048523,2,1,0.2051122933626175,2,1,0.19577176868915558
subject_13:sample_0002004,13,2004,2,2,1,2,1,2,1,0.2024921476840973,2,1,0.19906345009803772,2,1,0.19520041346549988,2,1,0.20515461266040802,2,1,0.19808843731880188
subject_13:sample_0002005,13,2005,2,2,1,0,0,2,1,0.20087912678718567,2,1,0.1989811360836029,2,1,0.19708721339702606,2,1,0.20223209261894226,2,1,0.2008194625377655
subject_13:sample_0002006,13,2006,2,2,1,0,0,2,1,0.20026499032974243,2,1,0.1996803730726242,2,1,0.1990150362253189,2,1,0.19895587861537933,2,1,0.2020828127861023
subject_13:sample_0002007,13,2007,2,2,1,0,0,2,1,0.20042909681797028,2,1,0.20053336024284363,2,1,0.2001122683286667,0,0,0.19771446287631989,2,1,0.20120985805988312
subject_13:sample_0002008,13,2008,2,2,1,0,0,2,1,0.2006681114435196,2,1,0.20114396512508392,2,1,0.20044787228107452,0,0,0.19728003442287445,2,1,0.2004590630531311
subject_13:sample_0002009,13,2009,2,2,1,0,0,2,1,0.20084410905838013,2,1,0.20150701701641083,2,1,0.2005050927400589,0,0,0.19710367918014526,0,0,0.20003914833068848
subject_13:sample_0002010,13,2010,2,1,0,1,0,1,0,0.1879202276468277,2,1,0.20529811084270477,2,1,0.20945149660110474,1,0,0.21295203268527985,1,0,0.1843772530555725
subject_13:sample_0002011,13,2011,2,1,0,1,0,1,0,0.18789801001548767,2,1,0.20581184327602386,2,1,0.21097172796726227,1,0,0.21120895445346832,1,0,0.18410854041576385
subject_13:sample_0002012,13,2012,2,1,0,1,0,1,0,0.18795116245746613,2,1,0.2061791568994522,2,1,0.2118033766746521,1,0,0.2101379781961441,1,0,0.18392731249332428
subject_13:sample_0002013,13,2013,2,1,0,1,0,1,0,0.18805769085884094,2,1,0.20659413933753967,2,1,0.21266236901283264,1,0,0.208938330411911,1,0,0.18374651670455933
subject_13:sample_0002014,13,2014,2,1,0,1,0,1,0,0.18820276856422424,2,1,0.20707212388515472,2,1,0.21390904486179352,1,0,0.20707179605960846,1,0,0.18374332785606384
subject_13:sample_0002015,13,2015,2,1,0,1,0,1,0,0.18839530646800995,2,1,0.20758932828903198,2,1,0.21508044004440308,1,0,0.20509080588817596,1,0,0.1838432252407074
subject_13:sample_0002016,13,2016,2,1,0,1,0,1,0,0.18866679072380066,2,1,0.20798981189727783,2,1,0.21623161435127258,1,0,0.20289038121700287,1,0,0.18422050774097443
subject_13:sample_0002017,13,2017,2,1,0,1,0,1,0,0.1888645589351654,2,1,0.2081737071275711,2,1,0.21664051711559296,1,0,0.20184318721294403,1,0,0.1844770610332489
subject_13:sample_0002018,13,2018,2,1,0,1,0,1,0,0.18911464512348175,2,1,0.2084806114435196,2,1,0.2173539400100708,1,0,0.20031626522541046,1,0,0.1847335696220398
subject_13:sample_0002019,13,2019,2,1,0,1,0,1,0,0.1893010437488556,2,1,0.20874252915382385,2,1,0.21745933592319489,1,0,0.19964930415153503,1,0,0.18484686315059662
subject_13:sample_0002020,13,2020,2,1,0,1,0,1,0,0.18909916281700134,2,1,0.20860067009925842,2,1,0.2165188044309616,1,0,0.2010263055562973,1,0,0.18475410342216492
subject_13:sample_0002021,13,2021,2,1,0,1,0,1,0,0.1886959820985794,2,1,0.20828542113304138,2,1,0.21552211046218872,1,0,0.20276018977165222,1,0,0.18473532795906067
subject_13:sample_0002022,13,2022,2,1,0,1,0,1,0,0.1883450299501419,2,1,0.2080921083688736,2,1,0.2147676795721054,1,0,0.2039247751235962,1,0,0.1848694533109665
subject_13:sample_0002023,13,2023,2,1,0,1,0,1,0,0.1880769431591034,2,1,0.2080359160900116,2,1,0.21357445418834686,1,0,0.2052801102399826,1,0,0.1850316971540451
subject_13:sample_0002024,13,2024,2,1,0,1,0,1,0,0.18789167702198029,2,1,0.2078007608652115,2,1,0.21232226490974426,1,0,0.206791490316391,1,0,0.18519285321235657
subject_13:sample_0002025,13,2025,2,1,0,1,0,1,0,0.18771541118621826,2,1,0.20763826370239258,2,1,0.21117831766605377,1,0,0.2082241028547287,1,0,0.18524299561977386
subject_13:sample_0002026,13,2026,2,1,0,1,0,1,0,0.18757128715515137,2,1,0.20755164325237274,2,1,0.21010079979896545,1,0,0.20955303311347961,1,0,0.1852222979068756
subject_13:sample_0002027,13,2027,2,1,0,1,0,1,0,0.18733949959278107,2,1,0.2074303776025772,2,1,0.20870046317577362,1,0,0.21144571900367737,1,0,0.18508300185203552
subject_13:sample_0002028,13,2028,2,1,0,1,0,1,0,0.18712010979652405,2,1,0.20745329558849335,2,1,0.20718233287334442,1,0,0.21329782903194427,1,0,0.1849454641342163
subject_13:sample_0002029,13,2029,2,1,0,1,0,1,0,0.18683816492557526,2,1,0.2074981927871704,2,1,0.20572221279144287,1,0,0.21519170701503754,1,0,0.18474876880645752
subject_13:sample_0002030,13,2030,2,1,0,1,0,1,0,0.18675337731838226,2,1,0.20765863358974457,2,1,0.20441509783267975,1,0,0.2164466679096222,1,0,0.1847253143787384
subject_13:sample_0002031,13,2031,2,1,0,1,0,1,0,0.18677552044391632,2,1,0.20784705877304077,2,1,0.2031087726354599,1,0,0.21746887266635895,1,0,0.18479879200458527
subject_13:sample_0002032,13,2032,2,1,0,1,0,1,0,0.1868494302034378,2,1,0.20803503692150116,2,1,0.2015838623046875,1,0,0.21857412159442902,1,0,0.18495652079582214
subject_13:sample_0002033,13,2033,2,1,0,1,0,1,0,0.18690691888332367,2,1,0.2077467441558838,2,1,0.2000209242105484,1,0,0.22016657888889313,1,0,0.18515782058238983
subject_13:sample_0002034,13,2034,2,1,0,1,0,1,0,0.18687595427036285,2,1,0.20691648125648499,2,1,0.19871240854263306,1,0,0.2221429944038391,1,0,0.1853511929512024
subject_13:sample_0002035,13,2035,2,1,0,1,0,1,0,0.1869579553604126,2,1,0.20607833564281464,2,1,0.1978606879711151,1,0,0.22351142764091492,1,0,0.18559066951274872
subject_13:sample_0002036,13,2036,2,1,0,1,0,1,0,0.18713536858558655,2,1,0.205153688788414,2,1,0.19723732769489288,1,0,0.22458280622959137,1,0,0.18588979542255402
subject_13:sample_0002037,13,2037,2,2,1,1,0,1,0,0.1875111311674118,2,1,0.2048128843307495,2,1,0.1971655637025833,2,1,0.22417788207530975,1,0,0.18633155524730682
subject_13:sample_0002038,13,2038,2,2,1,1,0,1,0,0.18866971135139465,2,1,0.20471389591693878,2,1,0.19810885190963745,2,1,0.2209523320198059,1,0,0.18755432963371277
subject_13:sample_0002039,13,2039,2,2,1,1,0,1,0,0.18977652490139008,2,1,0.20521655678749084,2,1,0.1993531882762909,2,1,0.2169743925333023,1,0,0.1886782944202423
subject_13:sample_0002040,13,2040,2,2,1,1,0,1,0,0.19037286937236786,2,1,0.20543919503688812,2,1,0.20035648345947266,2,1,0.21459150314331055,1,0,0.189239040017128
subject_13:sample_0002041,13,2041,2,2,1,1,0,1,0,0.1901114583015442,2,1,0.2055550366640091,2,1,0.2009739875793457,2,1,0.21444813907146454,1,0,0.18891042470932007
subject_13:sample_0002042,13,2042,2,2,1,1,0,1,0,0.19020915031433105,2,1,0.20553326606750488,2,1,0.2019086480140686,2,1,0.213369220495224,1,0,0.1889786720275879
subject_13:sample_0002043,13,2043,2,2,1,1,0,1,0,0.19060035049915314,2,1,0.2053559124469757,2,1,0.20285993814468384,2,1,0.21179208159446716,1,0,0.18939082324504852
subject_13:sample_0002044,13,2044,2,2,1,1,0,1,0,0.19016532599925995,2,1,0.2052665799856186,2,1,0.20342443883419037,2,1,0.21220214664936066,1,0,0.18894055485725403
subject_13:sample_0002045,13,2045,2,2,1,1,0,1,0,0.18924152851104736,2,1,0.20536881685256958,2,1,0.2036249041557312,2,1,0.21378885209560394,1,0,0.18797487020492554
subject_13:sample_0002046,13,2046,2,2,1,1,0,1,0,0.18847240507602692,2,1,0.20539680123329163,2,1,0.20379367470741272,2,1,0.2151671051979065,1,0,0.18716904520988464
subject_13:sample_0002047,13,2047,2,2,1,1,0,1,0,0.18781918287277222,2,1,0.20477642118930817,2,1,0.20426161587238312,2,1,0.2167198359966278,1,0,0.1864219754934311
subject_13:sample_0002048,13,2048,2,2,1,2,1,2,1,0.1997920423746109,2,1,0.19996675848960876,2,1,0.2005496621131897,2,1,0.20031632483005524,2,1,0.199374258518219
subject_13:sample_0002049,13,2049,2,2,1,2,1,2,1,0.19955970346927643,2,1,0.1998790055513382,2,1,0.20078527927398682,2,1,0.20027005672454834,2,1,0.19950495660305023
subject_13:sample_0002050,13,2050,2,2,1,2,1,2,1,0.19940656423568726,2,1,0.19987216591835022,2,1,0.20100629329681396,2,1,0.2001698762178421,2,1,0.19954414665699005
subject_13:sample_0002051,13,2051,2,2,1,2,1,2,1,0.1992371827363968,2,1,0.19991226494312286,2,1,0.20104572176933289,2,1,0.20019853115081787,2,1,0.1996053159236908
subject_13:sample_0002052,13,2052,2,2,1,2,1,2,1,0.1993388682603836,2,1,0.2000245451927185,2,1,0.20052914321422577,2,1,0.20033924281597137,2,1,0.19976724684238434
subject_13:sample_0002053,13,2053,2,2,1,2,1,2,1,0.19946008920669556,2,1,0.20017026364803314,2,1,0.19993433356285095,2,1,0.2004890888929367,2,1,0.19994525611400604
subject_13:sample_0002054,13,2054,2,2,1,2,1,2,1,0.19927047193050385,2,1,0.20025132596492767,2,1,0.19977688789367676,2,1,0.2006586790084839,2,1,0.20004163682460785
subject_13:sample_0002055,13,2055,2,2,1,2,1,2,1,0.19883958995342255,2,1,0.20023731887340546,2,1,0.19997964799404144,2,1,0.20085659623146057,2,1,0.20008584856987
subject_13:sample_0002056,13,2056,2,2,1,2,1,2,1,0.19849805533885956,2,1,0.20017032325267792,2,1,0.2002066820859909,2,1,0.20101934671401978,2,1,0.20010466873645782
subject_13:sample_0002057,13,2057,2,2,1,2,1,2,1,0.19846069812774658,2,1,0.1999828964471817,2,1,0.20030154287815094,2,1,0.20110587775707245,2,1,0.20014798641204834
subject_13:sample_0002058,13,2058,2,2,1,2,1,2,1,0.19870443642139435,2,1,0.1995946317911148,2,1,0.20034272968769073,2,1,0.20117823779582977,2,1,0.20017895102500916
subject_13:sample_0002059,13,2059,2,2,1,2,1,2,1,0.19895824790000916,2,1,0.19915033876895905,2,1,0.20038416981697083,2,1,0.201294407248497,2,1,0.20021191239356995
subject_13:sample_0002060,13,2060,2,2,1,2,1,2,1,0.19919967651367188,2,1,0.19879761338233948,2,1,0.20018301904201508,2,1,0.20146380364894867,2,1,0.2003549039363861
subject_13:sample_0002061,13,2061,2,2,1,2,1,2,1,0.19936077296733856,2,1,0.19846343994140625,2,1,0.20009365677833557,2,1,0.20160967111587524,2,1,0.20047147572040558
subject_13:sample_0002062,13,2062,2,2,1,2,1,2,1,0.19960008561611176,2,1,0.19820727407932281,2,1,0.1999477744102478,2,1,0.20161785185337067,2,1,0.20062604546546936
subject_13:sample_0002063,13,2063,2,2,1,2,1,2,1,0.19982758164405823,2,1,0.1980428695678711,2,1,0.19978007674217224,2,1,0.20154736936092377,2,1,0.20080113410949707
subject_13:sample_0002064,13,2064,2,2,1,2,1,2,1,0.2000051736831665,2,1,0.19788479804992676,2,1,0.19947220385074615,2,1,0.2015663981437683,2,1,0.20107048749923706
subject_13:sample_0002065,13,2065,2,2,1,2,1,2,1,0.20019614696502686,2,1,0.19789482653141022,2,1,0.19904835522174835,2,1,0.20151840150356293,2,1,0.20134130120277405
subject_13:sample_0002066,13,2066,2,2,1,2,1,2,1,0.20032964646816254,2,1,0.19809448719024658,2,1,0.19865462183952332,2,1,0.20137040317058563,2,1,0.20154988765716553
subject_13:sample_0002067,13,2067,2,2,1,2,1,2,1,0.2004876583814621,2,1,0.19831427931785583,2,1,0.19821341335773468,2,1,0.20122060179710388,2,1,0.2017630785703659
subject_13:sample_0002068,13,2068,2,2,1,2,1,2,1,0.20061637461185455,2,1,0.19844770431518555,2,1,0.19798390567302704,2,1,0.20103976130485535,2,1,0.2019113153219223
subject_13:sample_0002069,13,2069,2,2,1,2,1,2,1,0.20065738260746002,2,1,0.1986365169286728,2,1,0.19809940457344055,2,1,0.2007412165403366,2,1,0.20186461508274078
subject_13:sample_0002070,13,2070,2,2,1,2,1,2,1,0.20069901645183563,2,1,0.19908010959625244,2,1,0.19808560609817505,2,1,0.20039087533950806,2,1,0.20174339413642883
subject_13:sample_0002071,13,2071,2,2,1,2,1,2,1,0.2007598876953125,2,1,0.19967594742774963,2,1,0.19801166653633118,2,1,0.20001675188541412,2,1,0.20153477787971497
subject_13:sample_0002072,13,2072,2,2,1,2,1,2,1,0.20077700912952423,2,1,0.20020471513271332,2,1,0.1978544145822525,2,1,0.19977816939353943,2,1,0.2013847529888153
subject_13:sample_0002073,13,2073,2,2,1,2,1,2,1,0.20074574649333954,2,1,0.20062674582004547,2,1,0.19795173406600952,2,1,0.1995091438293457,2,1,0.20116569101810455
subject_13:sample_0002074,13,2074,2,2,1,2,1,2,1,0.20074205100536346,2,1,0.20083627104759216,2,1,0.198024719953537,2,1,0.19937333464622498,2,1,0.2010226994752884
subject_13:sample_0002075,13,2075,2,2,1,2,1,2,1,0.20073774456977844,2,1,0.20096707344055176,2,1,0.19810850918293,2,1,0.19928328692913055,2,1,0.20090237259864807
subject_13:sample_0002076,13,2076,2,2,1,2,1,2,1,0.20069237053394318,2,1,0.20087279379367828,2,1,0.19817706942558289,2,1,0.19937622547149658,2,1,0.2008805125951767
subject_13:sample_0002077,13,2077,2,2,1,2,1,2,1,0.2005476951599121,2,1,0.20055857300758362,2,1,0.198141947388649,2,1,0.19973056018352509,2,1,0.2010202556848526
subject_13:sample_0002078,13,2078,2,2,1,2,1,2,1,0.20021530985832214,2,1,0.19995975494384766,2,1,0.19781385362148285,2,1,0.20053137838840485,2,1,0.20147870481014252
subject_13:sample_0002079,13,2079,2,2,1,2,1,2,1,0.20003485679626465,2,1,0.1994345784187317,2,1,0.19742915034294128,2,1,0.20098359882831573,2,1,0.20211683213710785
subject_13:sample_0002080,13,2080,2,2,1,2,1,2,1,0.2003018856048584,2,1,0.1994188129901886,2,1,0.19736146926879883,2,1,0.2006015181541443,2,1,0.2023153305053711
subject_13:sample_0002081,13,2081,2,2,1,2,1,2,1,0.20065833628177643,2,1,0.19947408139705658,2,1,0.1975727081298828,2,1,0.20015764236450195,2,1,0.20213626325130463
subject_13:sample_0002082,13,2082,2,2,1,2,1,2,1,0.20092672109603882,2,1,0.1996597945690155,2,1,0.19782181084156036,2,1,0.19983087480068207,2,1,0.20175981521606445
subject_13:sample_0002083,13,2083,2,2,1,2,1,2,1,0.20102070271968842,2,1,0.2000281810760498,2,1,0.1982060670852661,2,1,0.1994253695011139,2,1,0.20131875574588776
subject_13:sample_0002084,13,2084,2,2,1,2,1,2,1,0.20107470452785492,2,1,0.20030353963375092,2,1,0.19865553081035614,2,1,0.19903132319450378,2,1,0.20093391835689545
subject_13:sample_0002085,13,2085,2,2,1,2,1,2,1,0.2011370062828064,2,1,0.20044957101345062,2,1,0.19918465614318848,2,1,0.19861964881420135,2,1,0.20060811936855316
subject_13:sample_0002086,13,2086,2,2,1,2,1,2,1,0.2011052966117859,2,1,0.20035633444786072,2,1,0.19983726739883423,2,1,0.1983104944229126,2,1,0.20038962364196777
subject_13:sample_0002087,13,2087,2,2,1,2,1,2,1,0.20102819800376892,2,1,0.20022247731685638,2,1,0.2003570944070816,2,1,0.19814841449260712,2,1,0.20024293661117554
subject_13:sample_0002088,13,2088,2,2,1,2,1,2,1,0.20094047486782074,2,1,0.2000785768032074,2,1,0.20075614750385284,2,1,0.19807974994182587,2,1,0.20014403760433197
subject_13:sample_0002089,13,2089,2,2,1,2,1,2,1,0.2008780837059021,2,1,0.19996964931488037,2,1,0.20102602243423462,2,1,0.19805219769477844,2,1,0.20007304847240448
subject_13:sample_0002090,13,2090,2,2,1,2,1,2,1,0.20080848038196564,2,1,0.1999226063489914,2,1,0.20115113258361816,2,1,0.1980719119310379,2,1,0.2000449150800705
subject_13:sample_0002091,13,2091,2,2,1,2,1,2,1,0.20071642100811005,2,1,0.19999061524868011,2,1,0.20104777812957764,2,1,0.19815459847450256,2,1,0.20008961856365204
subject_13:sample_0002092,13,2092,2,2,1,2,1,2,1,0.2006734013557434,2,1,0.20002782344818115,2,1,0.20088432729244232,2,1,0.19828453660011292,2,1,0.20012891292572021
subject_13:sample_0002093,13,2093,2,2,1,2,1,2,1,0.20068028569221497,2,1,0.2000928670167923,2,1,0.20063020288944244,2,1,0.19840817153453827,2,1,0.2001875936985016
subject_13:sample_0002094,13,2094,2,2,1,2,1,2,1,0.2007198929786682,2,1,0.20015965402126312,2,1,0.2003086805343628,2,1,0.19854232668876648,2,1,0.20026852190494537
subject_13:sample_0002095,13,2095,2,2,1,2,1,2,1,0.20078107714653015,2,1,0.2001941055059433,2,1,0.20009300112724304,2,1,0.19860708713531494,2,1,0.20032379031181335
subject_13:sample_0002096,13,2096,2,2,1,2,1,2,1,0.2008870244026184,2,1,0.20023706555366516,2,1,0.19987116754055023,2,1,0.19863863289356232,2,1,0.2003650814294815
subject_13:sample_0002097,13,2097,2,2,1,2,1,2,1,0.20109178125858307,2,1,0.20030905306339264,2,1,0.1995028406381607,2,1,0.1986599564552307,2,1,0.2004353553056717
subject_13:sample_0002098,13,2098,2,2,1,2,1,2,1,0.20131820440292358,2,1,0.20041663944721222,2,1,0.1990136355161667,2,1,0.19870895147323608,2,1,0.20054161548614502
subject_13:sample_0002099,13,2099,2,2,1,2,1,2,1,0.20138205587863922,2,1,0.2005378156900406,2,1,0.19861984252929688,2,1,0.1987852156162262,2,1,0.20067404210567474
subject_13:sample_0002100,13,2100,2,2,1,2,1,2,1,0.20137667655944824,2,1,0.20059557259082794,2,1,0.19847048819065094,2,1,0.19880831241607666,2,1,0.20074793696403503
subject_13:sample_0002101,13,2101,2,2,1,2,1,2,1,0.2015431821346283,2,1,0.20055058598518372,2,1,0.19841964542865753,2,1,0.1987711787223816,2,1,0.20071439445018768
subject_13:sample_0002102,13,2102,2,2,1,2,1,2,1,0.20159751176834106,2,1,0.20049163699150085,2,1,0.1984388679265976,2,1,0.19876249134540558,2,1,0.2007085382938385
subject_13:sample_0002103,13,2103,2,2,1,2,1,2,1,0.20138993859291077,2,1,0.20061661303043365,2,1,0.19833731651306152,2,1,0.19884827733039856,2,1,0.20080682635307312
subject_13:sample_0002104,13,2104,2,2,1,2,1,2,1,0.20143988728523254,2,1,0.20073463022708893,2,1,0.1980518102645874,2,1,0.19889560341835022,2,1,0.2008771151304245
subject_13:sample_0002105,13,2105,2,2,1,2,1,2,1,0.20166051387786865,2,1,0.20081166923046112,2,1,0.1976868361234665,2,1,0.19890668988227844,2,1,0.2009332925081253
subject_13:sample_0002106,13,2106,2,2,1,2,1,2,1,0.2018928825855255,2,1,0.200887531042099,2,1,0.19732068479061127,2,1,0.1988937109708786,2,1,0.20100420713424683
subject_13:sample_0002107,13,2107,2,2,1,2,1,2,1,0.20197510719299316,2,1,0.20085187256336212,2,1,0.19727206230163574,2,1,0.19885896146297455,2,1,0.20104098320007324
subject_13:sample_0002108,13,2108,2,2,1,2,1,2,1,0.201938197016716,2,1,0.20074689388275146,2,1,0.1974170058965683,2,1,0.19884850084781647,2,1,0.20104840397834778
subject_13:sample_0002109,13,2109,2,2,1,2,1,2,1,0.20183247327804565,2,1,0.2005699872970581,2,1,0.1977187842130661,2,1,0.19883453845977783,2,1,0.2010432481765747
subject_13:sample_0002110,13,2110,2,2,1,2,1,2,1,0.20193426311016083,2,1,0.20032772421836853,2,1,0.1980217695236206,2,1,0.19874778389930725,2,1,0.20096753537654877
subject_13:sample_0002111,13,2111,2,2,1,2,1,2,1,0.2018001675605774,2,1,0.20018808543682098,2,1,0.19850046932697296,2,1,0.19865024089813232,2,1,0.20086008310317993
subject_13:sample_0002112,13,2112,2,2,1,2,1,2,1,0.20162412524223328,2,1,0.20006003975868225,2,1,0.19906474649906158,2,1,0.1985228806734085,2,1,0.20072725415229797
subject_13:sample_0002113,13,2113,2,2,1,2,1,2,1,0.20133404433727264,2,1,0.19998390972614288,2,1,0.1997588574886322,2,1,0.198367178440094,2,1,0.20055502653121948
subject_13:sample_0002114,13,2114,2,2,1,2,1,2,1,0.20110300183296204,2,1,0.19992390275001526,2,1,0.20038501918315887,2,1,0.19819699227809906,2,1,0.20039010047912598
subject_13:sample_0002115,13,2115,2,2,1,2,1,2,1,0.2008477747440338,2,1,0.19973279535770416,2,1,0.20117388665676117,2,1,0.19801101088523865,2,1,0.2002335637807846
subject_13:sample_0002116,13,2116,2,2,1,2,1,2,1,0.20058801770210266,2,1,0.19961507618427277,2,1,0.2017027735710144,2,1,0.19791221618652344,2,1,0.20018093287944794
subject_13:sample_0002117,13,2117,2,2,1,2,1,2,1,0.20023898780345917,2,1,0.1994740217924118,2,1,0.2022968977689743,2,1,0.19785350561141968,2,1,0.20013561844825745
subject_13:sample_0002118,13,2118,2,2,1,2,1,2,1,0.19987373054027557,2,1,0.1994592696428299,2,1,0.20274263620376587,2,1,0.19780807197093964,2,1,0.20011529326438904
subject_13:sample_0002119,13,2119,2,2,1,2,1,2,1,0.19973544776439667,2,1,0.19943663477897644,2,1,0.20297682285308838,2,1,0.19776850938796997,2,1,0.20008164644241333
subject_13:sample_0002120,13,2120,2,2,1,2,1,2,1,0.1996518075466156,2,1,0.19934490323066711,2,1,0.20311357080936432,2,1,0.1977832168340683,2,1,0.20010554790496826
subject_13:sample_0002121,13,2121,2,2,1,2,1,2,1,0.19958911836147308,2,1,0.19914782047271729,2,1,0.20323984324932098,2,1,0.19784769415855408,2,1,0.2001745104789734
subject_13:sample_0002122,13,2122,2,2,1,2,1,2,1,0.19952800869941711,2,1,0.19910059869289398,2,1,0.20322906970977783,2,1,0.1978941559791565,2,1,0.20024719834327698
subject_13:sample_0002123,13,2123,2,2,1,2,1,2,1,0.1994846612215042,2,1,0.19911439716815948,2,1,0.20314820110797882,2,1,0.19793035089969635,2,1,0.20032137632369995
subject_13:sample_0002124,13,2124,2,2,1,2,1,2,1,0.199492409825325,2,1,0.1989966630935669,2,1,0.20305806398391724,2,1,0.1980077028274536,2,1,0.20044417679309845
subject_13:sample_0002125,13,2125,2,2,1,2,1,2,1,0.19957976043224335,2,1,0.1988469809293747,2,1,0.20291191339492798,2,1,0.19808435440063477,2,1,0.20057600736618042
subject_13:sample_0002126,13,2126,2,2,1,2,1,2,1,0.19977815449237823,2,1,0.19855310022830963,2,1,0.20275147259235382,2,1,0.1981736272573471,2,1,0.2007426619529724
subject_13:sample_0002127,13,2127,2,2,1,2,1,2,1,0.19982418417930603,2,1,0.1983063519001007,2,1,0.20257528126239777,2,1,0.1982971727848053,2,1,0.2009960412979126
subject_13:sample_0002128,13,2128,2,2,1,2,1,2,1,0.19985096156597137,2,1,0.1981353610754013,2,1,0.20241253077983856,2,1,0.19839321076869965,2,1,0.2012069672346115
subject_13:sample_0002129,13,2129,2,2,1,2,1,2,1,0.19983001053333282,2,1,0.1981658637523651,2,1,0.2021871656179428,2,1,0.19845423102378845,2,1,0.20136171579360962
subject_13:sample_0002130,13,2130,2,2,1,2,1,2,1,0.19981661438941956,2,1,0.19829151034355164,2,1,0.201970174908638,2,1,0.19850392639636993,2,1,0.20141687989234924
subject_13:sample_0002131,13,2131,2,2,1,2,1,2,1,0.19976498186588287,2,1,0.19851620495319366,2,1,0.20180711150169373,2,1,0.19854174554347992,2,1,0.20136895775794983
subject_13:sample_0002132,13,2132,2,2,1,2,1,2,1,0.1997588872909546,2,1,0.1988309919834137,2,1,0.20171143114566803,2,1,0.1985115110874176,2,1,0.2011861950159073
subject_13:sample_0002133,13,2133,2,2,1,2,1,2,1,0.19983576238155365,2,1,0.19919289648532867,2,1,0.20163367688655853,2,1,0.19837507605552673,2,1,0.20096172392368317
subject_13:sample_0002134,13,2134,2,2,1,2,1,2,1,0.19991374015808105,2,1,0.19952914118766785,2,1,0.20157387852668762,2,1,0.1982082575559616,2,1,0.20077398419380188
subject_13:sample_0002135,13,2135,2,2,1,2,1,2,1,0.1999722123146057,2,1,0.19985584914684296,2,1,0.20150914788246155,2,1,0.19804267585277557,2,1,0.2006191611289978
subject_13:sample_0002136,13,2136,2,2,1,2,1,2,1,0.20001864433288574,2,1,0.20015178620815277,2,1,0.20141829550266266,2,1,0.19791048765182495,2,1,0.20049986243247986
subject_13:sample_0002137,13,2137,2,2,1,2,1,2,1,0.2000434398651123,2,1,0.20037056505680084,2,1,0.2013329416513443,2,1,0.1978350281715393,2,1,0.20041704177856445
subject_13:sample_0002138,13,2138,2,2,1,2,1,2,1,0.20001500844955444,2,1,0.20045854151248932,2,1,0.20130078494548798,2,1,0.19784089922904968,2,1,0.200383722782135
subject_13:sample_0002139,13,2139,2,2,1,2,1,2,1,0.1999974399805069,2,1,0.20049235224723816,2,1,0.2013038545846939,2,1,0.19784122705459595,2,1,0.2003641426563263
subject_13:sample_0002140,13,2140,2,2,1,2,1,2,1,0.1999651938676834,2,1,0.2005673497915268,2,1,0.20130258798599243,2,1,0.19780780375003815,2,1,0.2003561109304428
subject_13:sample_0002141,13,2141,2,2,1,2,1,2,1,0.19983795285224915,2,1,0.20084811747074127,2,1,0.20127150416374207,2,1,0.19769138097763062,2,1,0.2003500610589981
subject_13:sample_0002142,13,2142,2,2,1,2,1,2,1,0.19966931641101837,2,1,0.2011711597442627,2,1,0.20124071836471558,2,1,0.19756010174751282,2,1,0.20035773515701294
subject_13:sample_0002143,13,2143,2,2,1,2,1,2,1,0.19948658347129822,2,1,0.20155128836631775,2,1,0.2012053281068802,2,1,0.19740450382232666,2,1,0.20035132765769958
subject_13:sample_0002144,13,2144,2,2,1,2,1,2,1,0.1992662400007248,2,1,0.20202599465847015,2,1,0.2011471539735794,2,1,0.1972203105688095,2,1,0.2003394216299057
subject_13:sample_0002145,13,2145,2,2,1,2,1,2,1,0.19909372925758362,2,1,0.20251481235027313,2,1,0.2010827660560608,2,1,0.1969791054725647,2,1,0.20032860338687897
subject_13:sample_0002146,13,2146,2,2,1,2,1,2,1,0.19902099668979645,2,1,0.2030160129070282,2,1,0.20099182426929474,2,1,0.19666878879070282,2,1,0.200301393866539
subject_13:sample_0002147,13,2147,2,2,1,2,1,2,1,0.19903607666492462,2,1,0.20346401631832123,2,1,0.20090244710445404,2,1,0.1963403970003128,2,1,0.2002560794353485
subject_13:sample_0002148,13,2148,2,2,1,2,1,2,1,0.19907481968402863,2,1,0.20387539267539978,2,1,0.20083023607730865,2,1,0.19603370130062103,2,1,0.2001848965883255
subject_13:sample_0002149,13,2149,2,2,1,2,1,2,1,0.19888171553611755,2,1,0.2044045478105545,2,1,0.2008368819952011,2,1,0.19570675492286682,2,1,0.2001691311597824
subject_13:sample_0002150,13,2150,2,2,1,2,1,2,1,0.19840773940086365,2,1,0.20489253103733063,2,1,0.20091451704502106,2,1,0.19565460085868835,2,1,0.20012958347797394
subject_13:sample_0002151,13,2151,2,2,1,2,1,2,1,0.19771604239940643,2,1,0.20505817234516144,2,1,0.20101583003997803,2,1,0.19614063203334808,2,1,0.200068399310112
subject_13:sample_0002152,13,2152,2,2,1,2,1,2,1,0.1973300725221634,2,1,0.20465902984142303,2,1,0.20118050277233124,2,1,0.1968008279800415,2,1,0.20002858340740204
subject_13:sample_0002153,13,2153,2,2,1,2,1,2,1,0.19724835455417633,2,1,0.20401018857955933,2,1,0.20117798447608948,2,1,0.19749359786510468,2,1,0.20006899535655975
subject_13:sample_0002154,13,2154,2,2,1,2,1,2,1,0.1971612423658371,2,1,0.20369812846183777,2,1,0.20091381669044495,2,1,0.19815967977046967,2,1,0.20006613433361053
subject_13:sample_0002155,13,2155,2,2,1,2,1,2,1,0.19717015326023102,2,1,0.20323722064495087,2,1,0.20079264044761658,2,1,0.19867967069149017,2,1,0.20011931657791138
subject_13:sample_0002156,13,2156,2,2,1,2,1,2,1,0.19635526835918427,2,1,0.20301887392997742,2,1,0.2030572146177292,2,1,0.19830335676670074,2,1,0.1992642879486084
subject_13:sample_0002157,13,2157,2,2,1,2,1,2,1,0.1940905749797821,2,1,0.2006710320711136,2,1,0.2118007242679596,2,1,0.1964968889951706,2,1,0.19693979620933533
subject_13:sample_0002158,13,2158,2,2,1,2,1,2,1,0.19295351207256317,2,1,0.199380561709404,2,1,0.21596796810626984,2,1,0.19593407213687897,2,1,0.19576291739940643
subject_13:sample_0002159,13,2159,2,2,1,2,1,2,1,0.19133637845516205,2,1,0.19782237708568573,2,1,0.22172237932682037,2,1,0.1949198991060257,2,1,0.19419798254966736
subject_13:sample_0002160,13,2160,2,2,1,2,1,2,1,0.19021309912204742,2,1,0.19731247425079346,2,1,0.22502411901950836,2,1,0.19420598447322845,2,1,0.1932433694601059
subject_13:sample_0002161,13,2161,2,2,1,2,1,2,1,0.1889912337064743,2,1,0.19747328758239746,2,1,0.22811105847358704,2,1,0.193179652094841,2,1,0.1922437697649002
subject_13:sample_0002162,13,2162,2,2,1,2,1,2,1,0.1879872977733612,2,1,0.19676558673381805,2,1,0.2318284660577774,2,1,0.192143976688385,2,1,0.1912737488746643
subject_13:sample_0002163,13,2163,2,2,1,2,1,2,1,0.18771612644195557,2,1,0.19540522992610931,2,1,0.23437072336673737,2,1,0.19153763353824615,2,1,0.19096925854682922
subject_13:sample_0002164,13,2164,2,2,1,2,1,2,1,0.1879402995109558,2,1,0.19424688816070557,2,1,0.23577280342578888,2,1,0.1909174770116806,2,1,0.19112156331539154
subject_13:sample_0002165,13,2165,2,2,1,2,1,2,1,0.18838916718959808,2,1,0.1940670758485794,2,1,0.23631960153579712,2,1,0.18978944420814514,2,1,0.19143378734588623
subject_13:sample_0002166,13,2166,2,2,1,2,1,2,1,0.18881073594093323,2,1,0.19315437972545624,2,1,0.23660677671432495,2,1,0.18966060876846313,2,1,0.19176660478115082
subject_13:sample_0002167,13,2167,2,2,1,2,1,2,1,0.18914076685905457,2,1,0.19229929149150848,2,1,0.2365623414516449,2,1,0.18995101749897003,2,1,0.1920456439256668
subject_13:sample_0002168,13,2168,2,2,1,2,1,2,1,0.18940165638923645,2,1,0.19123971462249756,2,1,0.23677128553390503,2,1,0.19024085998535156,2,1,0.192345529794693
subject_13:sample_0002169,13,2169,2,2,1,2,1,2,1,0.1896035373210907,2,1,0.19118539988994598,2,1,0.2362896203994751,2,1,0.19044101238250732,2,1,0.19247949123382568
subject_13:sample_0002170,13,2170,2,2,1,2,1,2,1,0.19011616706848145,2,1,0.19123688340187073,2,1,0.23477405309677124,2,1,0.1908877044916153,2,1,0.19298425316810608
subject_13:sample_0002171,13,2171,2,2,1,2,1,2,1,0.19029268622398376,2,1,0.19108912348747253,2,1,0.23373180627822876,2,1,0.19133451581001282,2,1,0.1935509592294693
subject_13:sample_0002172,13,2172,2,2,1,2,1,2,1,0.19082140922546387,2,1,0.19154265522956848,2,1,0.23105105757713318,2,1,0.19216911494731903,2,1,0.19441476464271545
subject_13:sample_0002173,13,2173,2,2,1,2,1,2,1,0.19195722043514252,2,1,0.1923358291387558,2,1,0.22717861831188202,2,1,0.19315487146377563,2,1,0.19537253677845
subject_13:sample_0002174,13,2174,2,2,1,2,1,2,1,0.19277730584144592,2,1,0.1927821785211563,2,1,0.2248978614807129,2,1,0.1936924308538437,2,1,0.19584928452968597
subject_13:sample_0002175,13,2175,2,2,1,2,1,2,1,0.19350354373455048,2,1,0.1931888312101364,2,1,0.2229187786579132,2,1,0.19414882361888885,2,1,0.19623906910419464
subject_13:sample_0002176,13,2176,2,2,1,2,1,2,1,0.1943545639514923,2,1,0.1936817318201065,2,1,0.22060786187648773,2,1,0.19467060267925262,2,1,0.19668437540531158
subject_13:sample_0002177,13,2177,2,2,1,2,1,2,1,0.19524814188480377,2,1,0.19437968730926514,2,1,0.2176676094532013,2,1,0.1953679770231247,2,1,0.1973356008529663
subject_13:sample_0002178,13,2178,2,2,1,2,1,2,1,0.19649448990821838,2,1,0.19549833238124847,2,1,0.21300092339515686,2,1,0.1965261995792389,2,1,0.1984790712594986
subject_13:sample_0002179,13,2179,2,2,1,2,1,2,1,0.19791604578495026,2,1,0.19687093794345856,2,1,0.20748993754386902,2,1,0.19786109030246735,2,1,0.19986103475093842
subject_13:sample_0002180,13,2180,2,2,1,2,1,2,1,0.19875165820121765,2,1,0.1975492388010025,2,1,0.20441198348999023,2,1,0.1985832154750824,2,1,0.2007029801607132
subject_13:sample_0002181,13,2181,2,2,1,2,1,2,1,0.19944003224372864,2,1,0.19809047877788544,2,1,0.20192943513393402,2,1,0.19907911121845245,2,1,0.20146000385284424
subject_13:sample_0002182,13,2182,2,2,1,2,1,2,1,0.20015618205070496,2,1,0.19897255301475525,2,1,0.19929616153240204,2,1,0.19939503073692322,2,1,0.20217905938625336
subject_13:sample_0002183,13,2183,2,2,1,2,1,2,1,0.20049458742141724,2,1,0.19981783628463745,2,1,0.19734522700309753,2,1,0.1995656043291092,2,1,0.202775776386261
subject_13:sample_0002184,13,2184,2,2,1,2,1,2,1,0.20022106170654297,2,1,0.20052066445350647,2,1,0.19601786136627197,2,1,0.19980500638484955,2,1,0.20343436300754547
subject_13:sample_0002185,13,2185,2,2,1,2,1,2,1,0.19977490603923798,2,1,0.20140297710895538,2,1,0.19549615681171417,2,1,0.1995309442281723,2,1,0.20379403233528137
subject_13:sample_0002186,13,2186,2,2,1,2,1,2,1,0.19972844421863556,2,1,0.20114120841026306,2,1,0.1959821730852127,2,1,0.1994384527206421,2,1,0.20370875298976898
subject_13:sample_0002187,13,2187,2,2,1,2,1,2,1,0.19958485662937164,2,1,0.20048126578330994,2,1,0.19691221415996552,2,1,0.19956940412521362,2,1,0.20345132052898407
subject_13:sample_0002188,13,2188,2,2,1,2,1,2,1,0.199148029088974,2,1,0.19986598193645477,2,1,0.19785572588443756,2,1,0.19992202520370483,2,1,0.20320728421211243
subject_13:sample_0002189,13,2189,2,2,1,2,1,2,1,0.1985367089509964,2,1,0.19945600628852844,2,1,0.19877971708774567,2,1,0.200336754322052,2,1,0.2028898298740387
subject_13:sample_0002190,13,2190,2,2,1,2,1,2,1,0.19808974862098694,2,1,0.1993267834186554,2,1,0.19953519105911255,2,1,0.2005784660577774,2,1,0.2024688869714737
subject_13:sample_0002191,13,2191,2,2,1,2,1,2,1,0.19793736934661865,2,1,0.19956283271312714,2,1,0.19994951784610748,2,1,0.200675368309021,2,1,0.20187389850616455
subject_13:sample_0002192,13,2192,2,2,1,2,1,2,1,0.19820578396320343,2,1,0.2000439614057541,2,1,0.19971755146980286,2,1,0.2005237489938736,2,1,0.20150795578956604
subject_13:sample_0002193,13,2193,2,2,1,2,1,2,1,0.1983894407749176,2,1,0.20007210969924927,2,1,0.19966274499893188,2,1,0.20035482943058014,2,1,0.2015198916196823
subject_13:sample_0002194,13,2194,2,2,1,2,1,2,1,0.19849014282226562,2,1,0.19987347722053528,2,1,0.1996259242296219,2,1,0.20035910606384277,2,1,0.20165038108825684
subject_13:sample_0002195,13,2195,2,2,1,2,1,2,1,0.19844558835029602,2,1,0.19959478080272675,2,1,0.19976434111595154,2,1,0.2004368007183075,2,1,0.20175756514072418
subject_13:sample_0002196,13,2196,2,2,1,2,1,2,1,0.1981847733259201,2,1,0.1993819624185562,2,1,0.20020423829555511,2,1,0.20046012103557587,2,1,0.2017679065465927
subject_13:sample_0002197,13,2197,2,2,1,2,1,2,1,0.1977957934141159,2,1,0.19962358474731445,2,1,0.20054906606674194,2,1,0.20040257275104523,2,1,0.20162801444530487
subject_13:sample_0002198,13,2198,2,2,1,2,1,2,1,0.19754448533058167,2,1,0.19979672133922577,2,1,0.2007918506860733,2,1,0.20038184523582458,2,1,0.20148417353630066
subject_13:sample_0002199,13,2199,2,2,1,2,1,2,1,0.19747953116893768,2,1,0.1997220367193222,2,1,0.20114241540431976,2,1,0.2003435641527176,2,1,0.20131145417690277
subject_13:sample_0002200,13,2200,2,2,1,2,1,2,1,0.19765089452266693,2,1,0.1994476616382599,2,1,0.201078400015831,2,1,0.20050854980945587,2,1,0.2013135403394699
subject_13:sample_0002201,13,2201,2,2,1,2,1,2,1,0.19800296425819397,2,1,0.199508398771286,2,1,0.20066076517105103,2,1,0.20064246654510498,2,1,0.20118442177772522
subject_13:sample_0002202,13,2202,2,2,1,2,1,2,1,0.1986275166273117,2,1,0.19978269934654236,2,1,0.20012043416500092,2,1,0.20059973001480103,2,1,0.2008686661720276
subject_13:sample_0002203,13,2203,2,2,1,2,1,2,1,0.19924227893352509,2,1,0.2002035528421402,2,1,0.19968603551387787,2,1,0.2003454715013504,2,1,0.20052169263362885
subject_13:sample_0002204,13,2204,2,2,1,2,1,2,1,0.199819877743721,2,1,0.20061597228050232,2,1,0.19948779046535492,2,1,0.19981159269809723,2,1,0.20026375353336334
subject_13:sample_0002205,13,2205,2,2,1,2,1,2,1,0.2003498524427414,2,1,0.20089121162891388,2,1,0.19946330785751343,2,1,0.19920895993709564,2,1,0.20008572936058044
subject_13:sample_0002206,13,2206,2,2,1,2,1,2,1,0.20073986053466797,2,1,0.20094694197177887,2,1,0.1997242122888565,2,1,0.19875162839889526,2,1,0.1998363584280014
subject_13:sample_0002207,13,2207,2,2,1,2,1,2,1,0.20093172788619995,2,1,0.20118050277233124,2,1,0.1997946947813034,2,1,0.19849061965942383,2,1,0.19960148632526398
subject_13:sample_0002208,13,2208,2,2,1,2,1,2,1,0.20090775191783905,2,1,0.20149759948253632,2,1,0.19999778270721436,2,1,0.1982666403055191,2,1,0.19932925701141357
subject_13:sample_0002209,13,2209,2,2,1,2,1,2,1,0.20062632858753204,2,1,0.20224548876285553,2,1,0.2002173215150833,2,1,0.19797521829605103,2,1,0.1989346593618393
subject_13:sample_0002210,13,2210,2,2,1,2,1,2,1,0.20016217231750488,2,1,0.2033882588148117,2,1,0.2002270668745041,2,1,0.19764739274978638,2,1,0.19857412576675415
subject_13:sample_0002211,13,2211,2,2,1,2,1,2,1,0.19948405027389526,2,1,0.20490267872810364,2,1,0.2001585066318512,2,1,0.19726093113422394,2,1,0.19819283485412598
subject_13:sample_0002212,13,2212,2,2,1,2,1,2,1,0.19904261827468872,2,1,0.20604166388511658,2,1,0.20007610321044922,2,1,0.19693952798843384,2,1,0.19789908826351166
subject_13:sample_0002213,13,2213,2,2,1,2,1,2,1,0.19905564188957214,2,1,0.20621569454669952,2,1,0.20004837214946747,2,1,0.19676657021045685,2,1,0.1979127824306488
subject_13:sample_0002214,13,2214,2,2,1,2,1,2,1,0.19947661459445953,2,1,0.2055051624774933,2,1,0.2000713050365448,2,1,0.19676275551319122,2,1,0.19818319380283356
subject_13:sample_0002215,13,2215,2,2,1,2,1,2,1,0.20033159852027893,2,1,0.20378020405769348,2,1,0.20008866488933563,2,1,0.19698655605316162,2,1,0.19881200790405273
subject_13:sample_0002216,13,2216,2,2,1,2,1,2,1,0.2010599970817566,2,1,0.20253080129623413,2,1,0.1999521702528,2,1,0.19717904925346375,2,1,0.19927698373794556
subject_13:sample_0002217,13,2217,2,2,1,2,1,2,1,0.20160157978534698,2,1,0.20188233256340027,2,1,0.1996709704399109,2,1,0.1972855180501938,2,1,0.1995585560798645
subject_13:sample_0002218,13,2218,2,2,1,2,1,2,1,0.2019129991531372,2,1,0.20162050426006317,2,1,0.19943034648895264,2,1,0.1973336786031723,2,1,0.1997014731168747
subject_13:sample_0002219,13,2219,2,2,1,2,1,2,1,0.2021387219429016,2,1,0.20149536430835724,2,1,0.19916924834251404,2,1,0.19737981259822845,2,1,0.19981586933135986
subject_13:sample_0002220,13,2220,2,2,1,2,1,2,1,0.20233866572380066,2,1,0.2015220820903778,2,1,0.1988431215286255,2,1,0.19742777943611145,2,1,0.19986729323863983
subject_13:sample_0002221,13,2221,2,2,1,2,1,2,1,0.20248478651046753,2,1,0.20155824720859528,2,1,0.19857840240001678,2,1,0.19748063385486603,2,1,0.19989700615406036
subject_13:sample_0002222,13,2222,2,2,1,2,1,2,1,0.20255519449710846,2,1,0.20156769454479218,2,1,0.19846121966838837,2,1,0.1975332796573639,2,1,0.1998816579580307
subject_13:sample_0002223,13,2223,2,2,1,2,1,2,1,0.20258544385433197,2,1,0.20158013701438904,2,1,0.19838738441467285,2,1,0.19758473336696625,2,1,0.19986137747764587
subject_13:sample_0002224,13,2224,2,2,1,2,1,2,1,0.20256303250789642,2,1,0.20149670541286469,2,1,0.19838492572307587,2,1,0.19763895869255066,2,1,0.19991540908813477
subject_13:sample_0002225,13,2225,2,2,1,2,1,2,1,0.2025427222251892,2,1,0.20136059820652008,2,1,0.1983994096517563,2,1,0.1977098137140274,2,1,0.1999865621328354
subject_13:sample_0002226,13,2226,2,2,1,2,1,2,1,0.20250079035758972,2,1,0.20120057463645935,2,1,0.19842788577079773,2,1,0.19779638946056366,2,1,0.20007339119911194
subject_13:sample_0002227,13,2227,2,2,1,2,1,2,1,0.2024114727973938,2,1,0.20103320479393005,2,1,0.1984792947769165,2,1,0.19788199663162231,2,1,0.20019304752349854
subject_13:sample_0002228,13,2228,2,2,1,2,1,2,1,0.20231574773788452,2,1,0.2009132355451584,2,1,0.19851313531398773,2,1,0.19797487556934357,2,1,0.2002820521593094
subject_13:sample_0002229,13,2229,2,2,1,2,1,2,1,0.20216818153858185,2,1,0.2008107751607895,2,1,0.19853177666664124,2,1,0.19809073209762573,2,1,0.20039759576320648
subject_13:sample_0002230,13,2230,2,2,1,2,1,2,1,0.20202386379241943,2,1,0.2007521539926529,2,1,0.1985364556312561,2,1,0.1981828510761261,2,1,0.20050373673439026
subject_13:sample_0002231,13,2231,2,2,1,2,1,2,1,0.20199355483055115,2,1,0.2007693648338318,2,1,0.1984969526529312,2,1,0.1982394903898239,2,1,0.20049968361854553
subject_13:sample_0002232,13,2232,2,2,1,2,1,2,1,0.2019905298948288,2,1,0.20088575780391693,2,1,0.19840344786643982,2,1,0.198266863822937,2,1,0.20045243203639984
subject_13:sample_0002233,13,2233,2,2,1,2,1,2,1,0.2020477056503296,2,1,0.20107033848762512,2,1,0.19828037917613983,2,1,0.19829103350639343,2,1,0.20030957460403442
subject_13:sample_0002234,13,2234,2,2,1,2,1,2,1,0.2020716816186905,2,1,0.2011488527059555,2,1,0.19825229048728943,2,1,0.1983029842376709,2,1,0.20022322237491608
subject_13:sample_0002235,13,2235,2,2,1,2,1,2,1,0.20207035541534424,2,1,0.20115169882774353,2,1,0.19827397167682648,2,1,0.19831350445747375,2,1,0.20018945634365082
subject_13:sample_0002236,13,2236,2,2,1,2,1,2,1,0.2020767778158188,2,1,0.2011251449584961,2,1,0.1983141303062439,2,1,0.19831816852092743,2,1,0.200164794921875
subject_13:sample_0002237,13,2237,2,2,1,2,1,2,1,0.20210489630699158,2,1,0.2011246532201767,2,1,0.19832125306129456,2,1,0.19832827150821686,2,1,0.20011988282203674
subject_13:sample_0002238,13,2238,2,2,1,2,1,2,1,0.20210303366184235,2,1,0.20106351375579834,2,1,0.1983765810728073,2,1,0.19831930100917816,2,1,0.20013655722141266
subject_13:sample_0002239,13,2239,2,2,1,2,1,2,1,0.20210298895835876,2,1,0.2010190784931183,2,1,0.19842736423015594,2,1,0.1983126848936081,2,1,0.2001369148492813
subject_13:sample_0002240,13,2240,2,2,1,2,1,2,1,0.20215553045272827,2,1,0.20090259611606598,2,1,0.1985035538673401,2,1,0.19831101596355438,2,1,0.20012633502483368
subject_13:sample_0002241,13,2241,2,2,1,2,1,2,1,0.20221582055091858,2,1,0.20078349113464355,2,1,0.19851505756378174,2,1,0.19832555949687958,2,1,0.20015904307365417
subject_13:sample_0002242,13,2242,2,2,1,2,1,2,1,0.202270045876503,2,1,0.2006811499595642,2,1,0.19847653806209564,2,1,0.1983594447374344,2,1,0.20021188259124756
subject_13:sample_0002243,13,2243,2,2,1,2,1,2,1,0.20235013961791992,2,1,0.2006012499332428,2,1,0.1984240859746933,2,1,0.19841532409191132,2,1,0.20020821690559387
subject_13:sample_0002244,13,2244,2,2,1,2,1,2,1,0.20235972106456757,2,1,0.20049703121185303,2,1,0.19852495193481445,2,1,0.19846273958683014,2,1,0.20015455782413483
subject_13:sample_0002245,13,2245,2,2,1,2,1,2,1,0.2023390531539917,2,1,0.2004372477531433,2,1,0.19859755039215088,2,1,0.19852010905742645,2,1,0.20010510087013245
subject_13:sample_0002246,13,2246,2,2,1,2,1,2,1,0.2023121565580368,2,1,0.2003479152917862,2,1,0.19867050647735596,2,1,0.198562890291214,2,1,0.20010557770729065
subject_13:sample_0002247,13,2247,1,0,0,0,0,0,0,0.19165556132793427,0,0,0.20137493312358856,0,0,0.20220935344696045,0,0,0.20329175889492035,0,0,0.20146745443344116
subject_13:sample_0002248,13,2248,1,0,0,0,0,0,0,0.19053244590759277,0,0,0.20169681310653687,0,0,0.2025318145751953,0,0,0.20347337424755096,0,0,0.20176458358764648
subject_13:sample_0002249,13,2249,1,0,0,0,0,0,0,0.19213172793388367,0,0,0.2018900364637375,0,0,0.20274023711681366,0,0,0.2031458467245102,0,0,0.20009121298789978
subject_13:sample_0002250,13,2250,1,0,0,0,0,0,0,0.19408544898033142,0,0,0.20149675011634827,0,0,0.20234443247318268,0,0,0.20267853140830994,0,0,0.19939389824867249
subject_13:sample_0002251,13,2251,1,0,0,0,0,0,0,0.1961556077003479,0,0,0.2010451704263687,0,0,0.20182637870311737,0,0,0.20213595032691956,0,0,0.19883595407009125
subject_13:sample_0002252,13,2252,1,0,0,0,0,0,0,0.19913585484027863,0,0,0.20031467080116272,0,0,0.20103473961353302,0,0,0.2012282758951187,0,0,0.19828549027442932
subject_13:sample_0002253,13,2253,1,0,0,0,0,0,0,0.19972841441631317,0,0,0.20011621713638306,0,0,0.20081733167171478,0,0,0.20078834891319275,0,0,0.1985487937927246
subject_13:sample_0002254,13,2254,1,0,0,0,0,0,0,0.19994527101516724,0,0,0.20007072389125824,0,0,0.20073412358760834,0,0,0.2007412612438202,0,0,0.19850768148899078
subject_13:sample_0002255,13,2255,1,0,0,0,0,0,0,0.2002214938402176,0,0,0.20005305111408234,0,0,0.20061224699020386,0,0,0.20079505443572998,0,0,0.19831717014312744
subject_13:sample_0002256,13,2256,1,0,0,0,0,0,0,0.2006009817123413,0,0,0.19984978437423706,0,0,0.20051850378513336,0,0,0.20090124011039734,0,0,0.19812852144241333
subject_13:sample_0002257,13,2257,1,0,0,0,0,0,0,0.20082534849643707,0,0,0.19984939694404602,0,0,0.2003997266292572,0,0,0.20096555352210999,0,0,0.19795893132686615
subject_13:sample_0002258,13,2258,1,0,0,0,0,0,0,0.20090922713279724,0,0,0.19971755146980286,0,0,0.20035095512866974,0,0,0.20104655623435974,0,0,0.19797469675540924
subject_13:sample_0002259,13,2259,1,0,0,0,0,0,0,0.20094716548919678,0,0,0.19944465160369873,0,0,0.20039154589176178,0,0,0.20108437538146973,0,0,0.1981312334537506
subject_13:sample_0002260,13,2260,1,0,0,0,0,0,0,0.2012310028076172,0,0,0.1986863911151886,0,0,0.20042356848716736,0,0,0.2011219561100006,0,0,0.19853608310222626
subject_13:sample_0002261,13,2261,1,0,0,0,0,0,0,0.20154714584350586,0,0,0.19677715003490448,0,0,0.20058533549308777,0,0,0.20124931633472443,0,0,0.19984009861946106
subject_13:sample_0002262,13,2262,1,0,0,0,0,0,0,0.20194882154464722,0,0,0.19420291483402252,0,0,0.2010730654001236,0,0,0.20130495727062225,0,0,0.20146925747394562
subject_13:sample_0002263,13,2263,1,0,0,0,0,0,0,0.20323948562145233,0,0,0.1916019320487976,0,0,0.20171348750591278,0,0,0.20120683312416077,0,0,0.2022372931241989
subject_13:sample_0002264,13,2264,1,0,0,0,0,0,0,0.2028089463710785,1,1,0.19386377930641174,0,0,0.20239004492759705,1,1,0.19969820976257324,0,0,0.20123811066150665
subject_13:sample_0002265,13,2265,1,1,1,0,0,1,1,0.20226649940013885,1,1,0.19524095952510834,0,0,0.20320867002010345,1,1,0.19870896637439728,0,0,0.20057398080825806
subject_13:sample_0002266,13,2266,1,1,1,0,0,1,1,0.20031359791755676,1,1,0.19696833193302155,0,0,0.20648090541362762,1,1,0.19539715349674225,1,1,0.20083899796009064
subject_13:sample_0002267,13,2267,1,1,1,0,0,1,1,0.19949162006378174,1,1,0.19970637559890747,1,1,0.20704606175422668,1,1,0.19283312559127808,1,1,0.200921893119812
subject_13:sample_0002268,13,2268,1,1,1,1,1,1,1,0.19973459839820862,1,1,0.19971075654029846,1,1,0.20611757040023804,1,1,0.192494735121727,1,1,0.2019413858652115
subject_13:sample_0002269,13,2269,1,1,1,1,1,1,1,0.20022845268249512,1,1,0.20054011046886444,1,1,0.20571447908878326,1,1,0.19134025275707245,1,1,0.20217573642730713
subject_13:sample_0002270,13,2270,1,1,1,1,1,1,1,0.2008436769247055,1,1,0.20148129761219025,1,1,0.2059071660041809,1,1,0.18961432576179504,1,1,0.2021525651216507
subject_13:sample_0002271,13,2271,1,1,1,1,1,1,1,0.20099128782749176,1,1,0.20564508438110352,1,1,0.20619285106658936,1,1,0.18795554339885712,1,1,0.19921423494815826
subject_13:sample_0002272,13,2272,1,1,1,1,1,1,1,0.20109139382839203,2,0,0.20753386616706848,1,1,0.2076723873615265,1,1,0.1865452378988266,1,1,0.19715619087219238
subject_13:sample_0002273,13,2273,1,1,1,1,1,1,1,0.1937495768070221,2,0,0.21339106559753418,1,1,0.21421590447425842,1,1,0.18818965554237366,1,1,0.19045284390449524
subject_13:sample_0002274,13,2274,1,1,1,1,1,1,1,0.18901877105236053,2,0,0.21744830906391144,1,1,0.2153962403535843,1,1,0.18907228112220764,1,1,0.18906345963478088
subject_13:sample_0002275,13,2275,1,1,1,1,1,1,1,0.18700893223285675,2,0,0.21966558694839478,1,1,0.21498477458953857,1,1,0.1889357566833496,1,1,0.1894039809703827
subject_13:sample_0002276,13,2276,1,1,1,1,1,1,1,0.18739330768585205,1,1,0.2169053852558136,1,1,0.21479099988937378,1,1,0.1900436133146286,1,1,0.1908656507730484
subject_13:sample_0002277,13,2277,1,1,1,1,1,1,1,0.19246061146259308,1,1,0.21377882361412048,1,1,0.202335387468338,1,1,0.19542455673217773,1,1,0.1959996074438095
subject_13:sample_0002278,13,2278,1,1,1,1,1,1,1,0.1939416378736496,1,1,0.21147949993610382,1,1,0.20121930539608002,1,1,0.19653324782848358,1,1,0.1968252956867218
subject_13:sample_0002279,13,2279,1,1,1,1,1,1,1,0.19539116322994232,1,1,0.20973052084445953,1,1,0.2007467895746231,1,1,0.19703419506549835,1,1,0.19709640741348267
subject_13:sample_0002280,13,2280,1,1,1,1,1,1,1,0.19728611409664154,1,1,0.20865890383720398,1,1,0.19987206161022186,1,1,0.1972171813249588,1,1,0.1969648003578186
subject_13:sample_0002281,13,2281,1,1,1,1,1,1,1,0.19875198602676392,1,1,0.20787641406059265,1,1,0.19921155273914337,1,1,0.19733843207359314,1,1,0.19682058691978455
subject_13:sample_0002282,13,2282,1,1,1,1,1,1,1,0.19910475611686707,1,1,0.20705509185791016,1,1,0.19916824996471405,1,1,0.19766156375408173,1,1,0.19700932502746582
subject_13:sample_0002283,13,2283,1,1,1,1,1,1,1,0.1991334855556488,1,1,0.20587192475795746,1,1,0.19962267577648163,1,1,0.19806775450706482,1,1,0.1973031908273697
subject_13:sample_0002284,13,2284,1,1,1,1,1,1,1,0.1992155760526657,1,1,0.2048424929380417,1,1,0.20000843703746796,1,1,0.19837577641010284,1,1,0.1975567787885666
subject_13:sample_0002285,13,2285,1,1,1,1,1,1,1,0.19931316375732422,1,1,0.2041729837656021,1,1,0.2001914530992508,1,1,0.19856925308704376,1,1,0.1977521926164627
subject_13:sample_0002286,13,2286,1,1,1,1,1,1,1,0.19936609268188477,1,1,0.20372723042964935,1,1,0.20038340985774994,1,1,0.19867682456970215,1,1,0.1978454738855362
subject_13:sample_0002287,13,2287,1,1,1,1,1,1,1,0.19931848347187042,1,1,0.20345637202262878,1,1,0.20075443387031555,1,1,0.1987137496471405,1,1,0.19775600731372833
subject_13:sample_0002288,13,2288,1,1,1,1,1,1,1,0.19925211369991302,1,1,0.20312201976776123,1,1,0.20113986730575562,1,1,0.19879551231861115,1,1,0.19768957793712616
subject_13:sample_0002289,13,2289,1,1,1,1,1,1,1,0.19916144013404846,1,1,0.20265623927116394,1,1,0.2015935778617859,1,1,0.19893629848957062,1,1,0.1976514756679535
subject_13:sample_0002290,13,2290,1,1,1,1,1,1,1,0.19903500378131866,1,1,0.20235326886177063,1,1,0.20195578038692474,1,1,0.19904038310050964,1,1,0.19761469960212708
subject_13:sample_0002291,13,2291,1,1,1,1,1,1,1,0.19904598593711853,1,1,0.2019861340522766,1,1,0.20214417576789856,1,1,0.19914886355400085,1,1,0.19767390191555023
subject_13:sample_0002292,13,2292,1,1,1,1,1,1,1,0.19914136826992035,1,1,0.20171859860420227,1,1,0.20200400054454803,1,1,0.199280247092247,1,1,0.19785480201244354
subject_13:sample_0002293,13,2293,1,1,1,1,1,1,1,0.19920864701271057,1,1,0.20157283544540405,1,1,0.20177483558654785,1,1,0.19943010807037354,1,1,0.1980125606060028
subject_13:sample_0002294,13,2294,1,1,1,1,1,1,1,0.1992533802986145,1,1,0.2015555500984192,1,1,0.2014167457818985,1,1,0.19959141314029694,1,1,0.1981818825006485
subject_13:sample_0002295,13,2295,1,1,1,1,1,1,1,0.19942346215248108,1,1,0.2017516940832138,1,1,0.20048896968364716,1,1,0.19981534779071808,1,1,0.19851957261562347
subject_13:sample_0002296,13,2296,1,1,1,1,1,1,1,0.19938777387142181,1,1,0.201976478099823,1,1,0.19994837045669556,1,1,0.19997291266918182,1,1,0.1987134963274002
subject_13:sample_0002297,13,2297,1,1,1,1,1,1,1,0.19944754242897034,1,1,0.20228740572929382,1,1,0.1991574913263321,1,1,0.20016667246818542,1,1,0.19893991947174072
subject_13:sample_0002298,13,2298,1,1,1,1,1,1,1,0.19940504431724548,1,1,0.20253552496433258,1,1,0.19883303344249725,1,1,0.20021840929985046,1,1,0.19900697469711304
subject_13:sample_0002299,13,2299,1,1,1,1,1,1,1,0.19928543269634247,1,1,0.20261390507221222,1,1,0.1989615261554718,1,1,0.20019759237766266,1,1,0.19894059002399445
subject_13:sample_0002300,13,2300,1,1,1,1,1,1,1,0.19927623867988586,1,1,0.20277950167655945,1,1,0.19886000454425812,1,1,0.20012108981609344,1,1,0.19896219670772552
subject_13:sample_0002301,13,2301,1,1,1,1,1,1,1,0.1993238478899002,1,1,0.20286346971988678,1,1,0.19872339069843292,1,1,0.20008115470409393,1,1,0.19900716841220856
subject_13:sample_0002302,13,2302,1,1,1,1,1,1,1,0.19937489926815033,1,1,0.20289799571037292,1,1,0.19861076772212982,1,1,0.20005600154399872,1,1,0.19905932247638702
subject_13:sample_0002303,13,2303,1,1,1,1,1,1,1,0.19940324127674103,1,1,0.20289325714111328,1,1,0.19859914481639862,1,1,0.20003899931907654,1,1,0.19906435906887054
subject_13:sample_0002304,13,2304,1,1,1,1,1,1,1,0.19944332540035248,1,1,0.2028811275959015,1,1,0.19859099388122559,1,1,0.2000242918729782,1,1,0.19905924797058105
subject_13:sample_0002305,13,2305,1,1,1,1,1,1,1,0.19946613907814026,1,1,0.20285339653491974,1,1,0.19858789443969727,1,1,0.20004382729530334,1,1,0.19904771447181702
subject_13:sample_0002306,13,2306,1,1,1,1,1,1,1,0.19945472478866577,1,1,0.20280107855796814,1,1,0.1986435502767563,1,1,0.20008938014507294,1,1,0.19901028275489807
subject_13:sample_0002307,13,2307,1,1,1,1,1,1,1,0.19944989681243896,1,1,0.20273412764072418,1,1,0.19866564869880676,1,1,0.20015564560890198,1,1,0.19899378716945648
subject_13:sample_0002308,13,2308,1,1,1,1,1,1,1,0.19953879714012146,1,1,0.20268365740776062,1,1,0.19843704998493195,1,1,0.20026566088199615,1,1,0.19907385110855103
subject_13:sample_0002309,13,2309,1,1,1,1,1,1,1,0.19963206350803375,1,1,0.20265917479991913,1,1,0.19814562797546387,1,1,0.2004033625125885,1,1,0.19915880262851715
subject_13:sample_0002310,13,2310,1,1,1,1,1,1,1,0.1997358202934265,1,1,0.20263518393039703,1,1,0.19787320494651794,1,1,0.20051586627960205,1,1,0.19923894107341766
subject_13:sample_0002311,13,2311,1,1,1,1,1,1,1,0.1998213678598404,1,1,0.20254012942314148,1,1,0.19774967432022095,1,1,0.20061014592647552,1,1,0.19927769899368286
subject_13:sample_0002312,13,2312,1,1,1,1,1,1,1,0.1999087780714035,1,1,0.20251989364624023,1,1,0.19755561649799347,1,1,0.2006814032793045,1,1,0.19933336973190308
subject_13:sample_0002313,13,2313,1,1,1,1,1,1,1,0.19999080896377563,1,1,0.20249567925930023,1,1,0.19741202890872955,1,1,0.2007126808166504,1,1,0.1993878036737442
subject_13:sample_0002314,13,2314,1,1,1,1,1,1,1,0.2000751942396164,1,1,0.20244938135147095,1,1,0.1972864866256714,1,1,0.20073853433132172,1,1,0.19944937527179718
subject_13:sample_0002315,13,2315,1,1,1,1,1,1,1,0.200153648853302,1,1,0.20239438116550446,1,1,0.19716332852840424,1,1,0.20077313482761383,1,1,0.19951458275318146
subject_13:sample_0002316,13,2316,1,1,1,1,1,1,1,0.20020100474357605,1,1,0.2023041695356369,1,1,0.19713008403778076,1,1,0.20081304013729095,1,1,0.19955070316791534
subject_13:sample_0002317,13,2317,1,1,1,1,1,1,1,0.20026895403862,1,1,0.20224593579769135,1,1,0.1970120072364807,1,1,0.20085600018501282,1,1,0.19961610436439514
subject_13:sample_0002318,13,2318,1,1,1,1,1,1,1,0.20030181109905243,1,1,0.20216108858585358,1,1,0.19707009196281433,1,1,0.20084410905838013,1,1,0.19962191581726074
subject_13:sample_0002319,13,2319,1,1,1,1,1,1,1,0.20036673545837402,1,1,0.2020839899778366,1,1,0.1971055120229721,1,1,0.20080624520778656,1,1,0.1996365338563919
subject_13:sample_0002320,13,2320,1,1,1,1,1,1,1,0.20046839118003845,1,1,0.20200951397418976,1,1,0.1971026360988617,1,1,0.20075921714305878,1,1,0.19965927302837372
subject_13:sample_0002321,13,2321,1,1,1,1,1,1,1,0.20056487619876862,1,1,0.20193412899971008,1,1,0.19715677201747894,1,1,0.20068436861038208,1,1,0.1996588557958603
subject_13:sample_0002322,13,2322,1,1,1,1,1,1,1,0.2006644308567047,1,1,0.20183907449245453,1,1,0.19729578495025635,1,1,0.20057140290737152,1,1,0.1996282935142517
subject_13:sample_0002323,13,2323,1,1,1,1,1,1,1,0.20072156190872192,1,1,0.2017197608947754,1,1,0.19762930274009705,1,1,0.20038697123527527,1,1,0.19954140484333038
subject_13:sample_0002324,13,2324,1,1,1,1,1,1,1,0.2007606029510498,1,1,0.20154058933258057,1,1,0.1979985535144806,1,1,0.2002507746219635,1,1,0.19944855570793152
subject_13:sample_0002325,13,2325,1,1,1,1,1,1,1,0.20082531869411469,1,1,0.2012883573770523,1,1,0.19835242629051208,1,1,0.20018666982650757,1,1,0.19934621453285217
subject_13:sample_0002326,13,2326,1,1,1,1,1,1,1,0.200886070728302,1,1,0.20099975168704987,1,1,0.19863751530647278,1,1,0.20021803677082062,1,1,0.19925767183303833
subject_13:sample_0002327,13,2327,1,1,1,1,1,1,1,0.20097771286964417,1,1,0.20074889063835144,1,1,0.19876936078071594,1,1,0.2002733200788498,1,1,0.19922976195812225
subject_13:sample_0002328,13,2328,1,1,1,1,1,1,1,0.2010529339313507,1,1,0.20053064823150635,1,1,0.19892655313014984,1,1,0.2002905011177063,1,1,0.1991984099149704
subject_13:sample_0002329,13,2329,1,1,1,1,1,1,1,0.201128289103508,1,1,0.20038539171218872,1,1,0.19909846782684326,1,1,0.20018307864665985,1,1,0.19920381903648376
subject_13:sample_0002330,13,2330,1,1,1,1,1,1,1,0.20114067196846008,1,1,0.2002796083688736,1,1,0.19927459955215454,1,1,0.20010405778884888,1,1,0.1992000937461853
subject_13:sample_0002331,13,2331,1,1,1,1,1,1,1,0.20124395191669464,1,1,0.20024274289608002,1,1,0.19907042384147644,1,1,0.20012333989143372,1,1,0.199318528175354
subject_13:sample_0002332,13,2332,1,1,1,1,1,1,1,0.20145303010940552,1,1,0.20032073557376862,1,1,0.19836951792240143,1,1,0.20028263330459595,1,1,0.1995730847120285
subject_13:sample_0002333,13,2333,1,1,1,1,1,1,1,0.20156845450401306,1,1,0.20040227472782135,1,1,0.1978512853384018,1,1,0.20042277872562408,1,1,0.1997542530298233
subject_13:sample_0002334,13,2334,1,1,1,1,1,1,1,0.2017577588558197,1,1,0.2005409598350525,1,1,0.19698472321033478,1,1,0.20069032907485962,1,1,0.20002520084381104
subject_13:sample_0002335,13,2335,1,1,1,1,1,1,1,0.20177292823791504,1,1,0.20054125785827637,1,1,0.19679999351501465,1,1,0.20079593360424042,1,1,0.20008887350559235
subject_13:sample_0002336,13,2336,1,1,1,1,1,1,1,0.20173215866088867,1,1,0.2004881501197815,1,1,0.19683483242988586,1,1,0.20086075365543365,1,1,0.20008310675621033
subject_13:sample_0002337,13,2337,1,1,1,1,1,1,1,0.20160622894763947,1,1,0.20038270950317383,1,1,0.19716913998126984,1,1,0.200829416513443,1,1,0.20001158118247986
subject_13:sample_0002338,13,2338,1,1,1,1,1,1,1,0.20171675086021423,1,1,0.2004518210887909,1,1,0.19667567312717438,1,1,0.20094960927963257,1,1,0.20020519196987152
subject_13:sample_0002339,13,2339,1,1,1,1,1,1,1,0.20170967280864716,1,1,0.20044556260108948,1,1,0.19674816727638245,1,1,0.20085178315639496,1,1,0.20024390518665314
subject_13:sample_0002340,13,2340,1,1,1,1,1,1,1,0.20149578154087067,1,1,0.20034077763557434,1,1,0.19745638966560364,1,1,0.20056822896003723,1,1,0.20013783872127533
subject_13:sample_0002341,13,2341,1,1,1,1,1,1,1,0.20134374499320984,1,1,0.20030061900615692,1,1,0.19785523414611816,1,1,0.2003970891237259,1,1,0.200102299451828
subject_13:sample_0002342,13,2342,1,1,1,1,1,1,1,0.2013014853000641,1,1,0.20042449235916138,1,1,0.19772394001483917,1,1,0.2003534883260727,1,1,0.20019565522670746
subject_13:sample_0002343,13,2343,1,1,1,1,1,1,1,0.2012764811515808,1,1,0.20060868561267853,1,1,0.19762858748435974,1,1,0.20026856660842896,1,1,0.20021669566631317
subject_13:sample_0002344,13,2344,1,1,1,1,1,1,1,0.20144467055797577,1,1,0.200849249958992,1,1,0.19684702157974243,1,1,0.20044638216495514,1,1,0.20041166245937347
subject_13:sample_0002345,13,2345,1,1,1,1,1,1,1,0.20166057348251343,1,1,0.20106744766235352,1,1,0.1960456222295761,1,1,0.20062613487243652,1,1,0.20059925317764282
subject_13:sample_0002346,13,2346,1,1,1,1,1,1,1,0.20192281901836395,1,1,0.20123398303985596,1,1,0.19508421421051025,1,1,0.2009110301733017,1,1,0.20084697008132935
subject_13:sample_0002347,13,2347,1,1,1,1,1,1,1,0.20214825868606567,1,1,0.20132027566432953,1,1,0.19392527639865875,1,1,0.2014039009809494,1,1,0.20120136439800262
subject_13:sample_0002348,13,2348,1,1,1,1,1,1,1,0.20198044180870056,1,1,0.2014787644147873,1,1,0.19266727566719055,1,1,0.20218607783317566,1,1,0.20168641209602356
subject_13:sample_0002349,13,2349,1,1,1,1,1,1,1,0.2012365460395813,1,1,0.20160914957523346,1,1,0.19255924224853516,1,1,0.20268124341964722,1,1,0.20191285014152527
subject_13:sample_0002350,13,2350,1,1,1,1,1,1,1,0.1997888684272766,1,1,0.2018113136291504,1,1,0.19293798506259918,1,1,0.20335866510868073,1,1,0.20210227370262146
subject_13:sample_0002351,13,2351,1,1,1,1,1,1,1,0.19737844169139862,1,1,0.20233182609081268,1,1,0.19397027790546417,1,1,0.20433150231838226,1,1,0.20198705792427063
subject_13:sample_0002352,13,2352,1,1,1,1,1,1,1,0.1962708681821823,1,1,0.20274002850055695,1,1,0.19483838975429535,1,1,0.20489352941513062,1,1,0.20125621557235718
subject_13:sample_0002353,13,2353,1,1,1,1,1,1,1,0.1960899382829666,1,1,0.20318277180194855,1,1,0.19555240869522095,1,1,0.20522654056549072,1,1,0.199947327375412
subject_13:sample_0002354,13,2354,1,1,1,1,1,1,1,0.19636555016040802,1,1,0.20359459519386292,1,1,0.19634105265140533,1,1,0.20523959398269653,1,1,0.19845819473266602
subject_13:sample_0002355,13,2355,1,1,1,1,1,1,1,0.19711454212665558,1,1,0.2040187269449234,1,1,0.1973205953836441,1,1,0.2046341449022293,1,1,0.1969110518693924
subject_13:sample_0002356,13,2356,1,1,1,1,1,1,1,0.19822180271148682,1,1,0.20413242280483246,1,1,0.19819200038909912,1,1,0.20316319167613983,1,1,0.19628970324993134
subject_13:sample_0002357,13,2357,1,1,1,1,1,1,1,0.1996178925037384,1,1,0.20342771708965302,1,1,0.19872534275054932,1,1,0.2016761600971222,1,1,0.19655191898345947
subject_13:sample_0002358,13,2358,1,1,1,1,1,1,1,0.20046496391296387,1,1,0.2023879885673523,1,1,0.19891729950904846,1,1,0.20128586888313293,1,1,0.19694295525550842
subject_13:sample_0002359,13,2359,1,1,1,1,1,1,1,0.20116132497787476,1,1,0.2011425644159317,1,1,0.19894878566265106,1,1,0.20132245123386383,1,1,0.19742392003536224
subject_13:sample_0002360,13,2360,1,1,1,1,1,1,1,0.2013765275478363,1,1,0.20071150362491608,1,1,0.19887244701385498,1,1,0.20135696232318878,1,1,0.19768156111240387
subject_13:sample_0002361,13,2361,1,1,1,1,1,1,1,0.20155303180217743,1,1,0.2002127766609192,1,1,0.19877007603645325,1,1,0.20146344602108002,1,1,0.1979997754096985
subject_13:sample_0002362,13,2362,1,1,1,1,1,1,1,0.20160378515720367,1,1,0.1999923586845398,1,1,0.1986275017261505,1,1,0.20152464509010315,1,1,0.19825077056884766
subject_13:sample_0002363,13,2363,1,1,1,1,1,1,1,0.20162470638751984,1,1,0.1998780369758606,1,1,0.19860275089740753,1,1,0.20152577757835388,1,1,0.19836777448654175
subject_13:sample_0002364,13,2364,1,1,1,1,1,1,1,0.20160819590091705,1,1,0.19981403648853302,1,1,0.1985328495502472,1,1,0.20151592791080475,1,1,0.198527991771698
subject_13:sample_0002365,13,2365,1,1,1,1,1,1,1,0.20158271491527557,1,1,0.19973546266555786,1,1,0.19845707714557648,1,1,0.2015000730752945,1,1,0.19872364401817322
subject_13:sample_0002366,13,2366,1,1,1,1,1,1,1,0.2015487253665924,1,1,0.19964894652366638,1,1,0.19838379323482513,1,1,0.20146502554416656,1,1,0.19895249605178833
subject_13:sample_0002367,13,2367,1,1,1,1,1,1,1,0.20149964094161987,1,1,0.1997646540403366,1,1,0.19830992817878723,1,1,0.20133337378501892,1,1,0.19909141957759857
subject_13:sample_0002368,13,2368,1,1,1,1,1,1,1,0.2015201598405838,1,1,0.19978170096874237,1,1,0.19825541973114014,1,1,0.20107068121433258,1,1,0.1993710696697235
subject_13:sample_0002369,13,2369,1,1,1,1,1,1,1,0.2014807164669037,1,1,0.2000361680984497,1,1,0.19813787937164307,1,1,0.20078600943088531,1,1,0.19955827295780182
subject_13:sample_0002370,13,2370,1,1,1,1,1,1,1,0.20139196515083313,1,1,0.2004500776529312,1,1,0.19800850749015808,1,1,0.2005685418844223,1,1,0.19957993924617767
subject_13:sample_0002371,13,2371,1,1,1,1,1,1,1,0.2012483924627304,1,1,0.2010658085346222,1,1,0.1977819949388504,1,1,0.20039615035057068,1,1,0.1995067596435547
subject_13:sample_0002372,13,2372,1,1,1,1,1,1,1,0.20105978846549988,1,1,0.2017829269170761,1,1,0.19752179086208344,1,1,0.2002672404050827,1,1,0.19936725497245789
subject_13:sample_0002373,13,2373,1,1,1,1,1,1,1,0.20079201459884644,1,1,0.20270052552223206,1,1,0.19719526171684265,1,1,0.20014582574367523,1,1,0.1991654336452484
subject_13:sample_0002374,13,2374,1,1,1,1,1,1,1,0.20044231414794922,1,1,0.2037213295698166,1,1,0.19678552448749542,1,1,0.2000894993543625,1,1,0.1989603489637375
subject_13:sample_0002375,13,2375,1,1,1,1,1,1,1,0.20009924471378326,1,1,0.2043575942516327,1,1,0.19638314843177795,1,1,0.2002500742673874,1,1,0.19890907406806946
subject_13:sample_0002376,13,2376,1,1,1,1,1,1,1,0.19974343478679657,1,1,0.2046160250902176,1,1,0.19593545794487,1,1,0.20061229169368744,1,1,0.19909179210662842
subject_13:sample_0002377,13,2377,1,1,1,1,1,1,1,0.19960959255695343,1,1,0.2045060247182846,1,1,0.19567236304283142,1,1,0.20083391666412354,1,1,0.1993771195411682
subject_13:sample_0002378,13,2378,1,1,1,1,1,1,1,0.19957147538661957,1,1,0.20435118675231934,1,1,0.1954861283302307,1,1,0.2009631246328354,1,1,0.19962717592716217
subject_13:sample_0002379,13,2379,1,1,1,1,1,1,1,0.19957385957241058,1,1,0.20415204763412476,1,1,0.19526897370815277,1,1,0.20108716189861298,1,1,0.1999170035123825
subject_13:sample_0002380,13,2380,1,1,1,1,1,1,1,0.1996895968914032,1,1,0.2039910852909088,1,1,0.19522933661937714,1,1,0.20109546184539795,1,1,0.1999935358762741
subject_13:sample_0002381,13,2381,1,1,1,1,1,1,1,0.19963853061199188,1,1,0.2038162350654602,1,1,0.19511842727661133,1,1,0.20128747820854187,1,1,0.2001383751630783
subject_13:sample_0002382,13,2382,1,1,1,1,1,1,1,0.19952882826328278,1,1,0.2033018171787262,1,1,0.19501765072345734,1,1,0.201749786734581,1,1,0.2004009336233139
subject_13:sample_0002383,13,2383,1,1,1,1,1,1,1,0.19979621469974518,1,1,0.20264418423175812,1,1,0.1950526237487793,1,1,0.20207731425762177,1,1,0.20042870938777924
subject_13:sample_0002384,13,2384,1,1,1,1,1,1,1,0.20063906908035278,1,1,0.20179417729377747,1,1,0.19560205936431885,1,1,0.2020120620727539,1,1,0.19995170831680298
subject_13:sample_0002385,13,2385,1,1,1,1,1,1,1,0.20086996257305145,1,1,0.20102559030056,1,1,0.19735099375247955,1,1,0.20149841904640198,1,1,0.19925403594970703
subject_13:sample_0002386,13,2386,1,1,1,1,1,1,1,0.2003490924835205,1,1,0.20060820877552032,1,1,0.19930388033390045,1,1,0.20086626708507538,1,1,0.19887155294418335
subject_13:sample_0002387,13,2387,1,1,1,1,1,1,1,0.19973315298557281,1,1,0.20036660134792328,1,1,0.2010461837053299,1,1,0.20009273290634155,1,1,0.19876033067703247
subject_13:sample_0002388,13,2388,1,1,1,1,1,1,1,0.19934143126010895,1,1,0.20017726719379425,1,1,0.2021806687116623,1,1,0.19944371283054352,1,1,0.1988559365272522
subject_13:sample_0002389,13,2389,1,1,1,1,1,1,1,0.19904588162899017,1,1,0.2000214159488678,1,1,0.20302747189998627,1,1,0.1988271325826645,1,1,0.1990770846605301
subject_13:sample_0002390,13,2390,1,1,1,1,1,1,1,0.1987713724374771,1,1,0.19990575313568115,1,1,0.20363305509090424,1,1,0.19829122722148895,1,1,0.19939763844013214
subject_13:sample_0002391,13,2391,1,1,1,1,1,1,1,0.1984531581401825,1,1,0.1998099535703659,1,1,0.20407772064208984,1,1,0.19777901470661163,1,1,0.19987918436527252
subject_13:sample_0002392,13,2392,1,1,1,1,1,1,1,0.19825021922588348,1,1,0.19970451295375824,1,1,0.20410147309303284,1,1,0.1975024789571762,1,1,0.20044036209583282
subject_13:sample_0002393,13,2393,1,1,1,1,1,1,1,0.20021289587020874,1,1,0.1991507112979889,1,1,0.20328138768672943,1,1,0.1969030797481537,1,1,0.20045100152492523
subject_13:sample_0002394,13,2394,1,1,1,1,1,1,1,0.2011430412530899,1,1,0.19890674948692322,1,1,0.20252427458763123,1,1,0.19680830836296082,1,1,0.20061662793159485
subject_13:sample_0002395,13,2395,1,1,1,1,1,1,1,0.2007114440202713,1,1,0.19891957938671112,1,1,0.2019197642803192,1,1,0.19733592867851257,1,1,0.20111224055290222
subject_13:sample_0002396,13,2396,1,1,1,1,1,1,1,0.19975200295448303,1,1,0.19901108741760254,1,1,0.2010679543018341,1,1,0.198572039604187,1,1,0.2015959769487381
subject_13:sample_0002397,13,2397,1,1,1,1,1,1,1,0.19968435168266296,1,1,0.1995769888162613,1,1,0.19993086159229279,1,1,0.19959098100662231,1,1,0.20121587812900543
subject_13:sample_0002398,13,2398,1,1,1,1,1,1,1,0.20026057958602905,1,1,0.20011962950229645,1,1,0.1987541913986206,1,1,0.19986839592456818,1,1,0.2009962648153305
subject_13:sample_0002399,13,2399,1,1,1,1,1,1,1,0.20035028457641602,1,1,0.2009415179491043,1,1,0.19586937129497528,1,1,0.1999085545539856,1,1,0.20292936265468597
subject_13:sample_0002400,13,2400,1,1,1,1,1,1,1,0.19913721084594727,1,1,0.20120812952518463,1,1,0.1938667744398117,1,1,0.1987489014863968,1,1,0.2070380449295044
subject_13:sample_0002401,13,2401,1,1,1,1,1,1,1,0.20411449670791626,1,1,0.1960291564464569,1,1,0.19136196374893188,1,1,0.20235614478588104,1,1,0.2061372697353363
subject_13:sample_0002402,13,2402,1,1,1,1,1,1,1,0.20835183560848236,1,1,0.1910264939069748,1,1,0.18865174055099487,1,1,0.20656129717826843,1,1,0.20540764927864075
subject_13:sample_0002403,13,2403,1,1,1,0,0,0,0,0.20743070542812347,1,1,0.18972469866275787,1,1,0.18873611092567444,0,0,0.20793549716472626,0,0,0.20617203414440155
subject_13:sample_0002404,13,2404,1,0,0,0,0,0,0,0.19829061627388,1,1,0.19688579440116882,1,1,0.19705693423748016,0,0,0.2041955590248108,0,0,0.20357008278369904
subject_13:sample_0002405,13,2405,1,0,0,0,0,0,0,0.19411972165107727,1,1,0.20988936722278595,1,1,0.2064094990491867,0,0,0.1941302865743637,0,0,0.19545021653175354
subject_13:sample_0002406,13,2406,1,0,0,0,0,0,0,0.19574794173240662,0,0,0.21228426694869995,0,0,0.2171921581029892,0,0,0.18618394434452057,0,0,0.18859073519706726
subject_13:sample_0002407,13,2407,1,0,0,0,0,0,0,0.21514959633350372,0,0,0.19322249293327332,0,0,0.22122353315353394,0,0,0.1834927350282669,0,0,0.1869106888771057
subject_13:sample_0002408,13,2408,1,0,0,0,0,0,0,0.2258533090353012,0,0,0.18526414036750793,0,0,0.2192043662071228,0,0,0.18200674653053284,0,0,0.18767049908638
subject_13:sample_0002409,13,2409,1,0,0,0,0,0,0,0.223451629281044,0,0,0.18487735092639923,0,0,0.22298172116279602,0,0,0.17929764091968536,0,0,0.18939070403575897
subject_13:sample_0002410,13,2410,1,0,0,0,0,0,0,0.2190292775630951,0,0,0.18662378191947937,0,0,0.22768418490886688,0,0,0.17670048773288727,0,0,0.1899612545967102
subject_13:sample_0002411,13,2411,1,0,0,0,0,0,0,0.2154294103384018,0,0,0.18854810297489166,0,0,0.23177604377269745,0,0,0.17470426857471466,0,0,0.18954119086265564
subject_13:sample_0002412,13,2412,1,0,0,0,0,0,0,0.2130526900291443,0,0,0.19036850333213806,0,0,0.23378363251686096,0,0,0.17320670187473297,0,0,0.1895875781774521
subject_13:sample_0002413,13,2413,1,0,0,0,0,0,0,0.20902015268802643,0,0,0.19716519117355347,0,0,0.23266179859638214,0,0,0.1713038831949234,0,0,0.189847931265831
subject_13:sample_0002414,13,2414,1,0,0,0,0,0,0,0.20601356029510498,0,0,0.20388831198215485,0,0,0.2311318814754486,0,0,0.16940851509571075,0,0,0.1895567923784256
subject_13:sample_0002415,13,2415,1,0,0,0,0,0,0,0.20460964739322662,0,0,0.2069779485464096,0,0,0.2300884872674942,0,0,0.16838346421718597,0,0,0.1899394541978836
subject_13:sample_0002416,13,2416,1,0,0,0,0,0,0,0.2033071219921112,0,0,0.2091333121061325,0,0,0.22912490367889404,0,0,0.16784262657165527,0,0,0.19059108197689056
subject_13:sample_0002417,13,2417,1,0,0,0,0,0,0,0.20279724895954132,0,0,0.20962338149547577,0,0,0.22842243313789368,0,0,0.16779418289661407,0,0,0.19136175513267517
subject_13:sample_0002418,13,2418,1,0,0,0,0,0,0,0.2030126005411148,0,0,0.2094489485025406,0,0,0.22792725265026093,0,0,0.1679707169532776,0,0,0.19163958728313446
subject_13:sample_0002419,13,2419,1,0,0,0,0,0,0,0.20475523173809052,0,0,0.20800553262233734,0,0,0.22804060578346252,0,0,0.1684926152229309,0,0,0.19070503115653992
subject_13:sample_0002420,13,2420,1,0,0,0,0,0,0,0.2070208489894867,0,0,0.2053646445274353,0,0,0.22855804860591888,0,0,0.1693219244480133,0,0,0.18973349034786224
subject_13:sample_0002421,13,2421,1,0,0,0,0,0,0,0.20999859273433685,0,0,0.20086434483528137,0,0,0.2296893298625946,0,0,0.17081715166568756,0,0,0.18862970173358917
subject_13:sample_0002422,13,2422,1,0,0,0,0,0,0,0.2120540887117386,0,0,0.19550727307796478,0,0,0.23028215765953064,0,0,0.1724262237548828,0,0,0.18972930312156677
subject_13:sample_0002423,13,2423,1,0,0,0,0,0,0,0.21327181160449982,0,0,0.19059138000011444,0,0,0.23064714670181274,0,0,0.17420949041843414,0,0,0.19127924740314484
subject_13:sample_0002424,13,2424,1,0,0,0,0,0,0,0.21438582241535187,0,0,0.18737123906612396,0,0,0.2313229739665985,0,0,0.17577695846557617,0,0,0.1911420226097107
subject_13:sample_0002425,13,2425,1,0,0,0,0,0,0,0.21389058232307434,0,0,0.18616123497486115,0,0,0.23070336878299713,0,0,0.17665837705135345,0,0,0.19258549809455872
subject_13:sample_0002426,13,2426,1,0,0,0,0,0,0,0.21238045394420624,0,0,0.18557865917682648,0,0,0.22938205301761627,0,0,0.1772279143333435,0,0,0.1954299807548523
subject_13:sample_0002427,13,2427,1,0,0,0,0,0,0,0.2111937254667282,0,0,0.1851319670677185,0,0,0.22823914885520935,0,0,0.17774739861488342,0,0,0.19768676161766052
subject_13:sample_0002428,13,2428,1,0,0,0,0,0,0,0.2097633332014084,0,0,0.18497119843959808,0,0,0.22687244415283203,0,0,0.1780645102262497,0,0,0.20032759010791779
subject_13:sample_0002429,13,2429,1,0,0,0,0,0,0,0.20856507122516632,0,0,0.18505539000034332,0,0,0.22551847994327545,0,0,0.1784832626581192,0,0,0.2023768126964569
subject_13:sample_0002430,13,2430,1,0,0,0,0,0,0,0.20766448974609375,0,0,0.1852220892906189,0,0,0.22436419129371643,0,0,0.179015651345253,0,0,0.20373263955116272
subject_13:sample_0002431,13,2431,1,0,0,0,0,0,0,0.20681756734848022,0,0,0.18546488881111145,0,0,0.22320732474327087,0,0,0.17961367964744568,0,0,0.20489560067653656
subject_13:sample_0002432,13,2432,1,0,0,0,0,0,0,0.2057351917028427,0,0,0.1861380636692047,0,0,0.22171862423419952,0,0,0.18028195202350616,0,0,0.2061251401901245
subject_13:sample_0002433,13,2433,1,0,0,0,0,0,0,0.20507879555225372,0,0,0.18659333884716034,0,0,0.22054168581962585,0,0,0.18121933937072754,0,0,0.2065659463405609
subject_13:sample_0002434,13,2434,1,0,0,0,0,0,0,0.20482540130615234,0,0,0.1865408718585968,0,0,0.21950708329677582,0,0,0.18268334865570068,0,0,0.20644240081310272
subject_13:sample_0002435,13,2435,1,0,0,0,0,0,0,0.20499885082244873,0,0,0.185761958360672,0,0,0.2185049057006836,0,0,0.18513864278793335,0,0,0.20559464395046234
subject_13:sample_0002436,13,2436,1,0,0,0,0,0,0,0.20515958964824677,0,0,0.18508566915988922,0,0,0.2176012396812439,0,0,0.1876581460237503,0,0,0.2044944316148758
subject_13:sample_0002437,13,2437,1,0,0,0,0,0,0,0.2051302045583725,0,0,0.1854901909828186,0,0,0.21664559841156006,0,0,0.18979793787002563,0,0,0.2029351145029068
subject_13:sample_0002438,13,2438,1,0,0,0,0,0,0,0.20453374087810516,0,0,0.1871655285358429,0,0,0.2154507040977478,0,0,0.19145560264587402,0,0,0.2013934701681137
subject_13:sample_0002439,13,2439,1,0,0,0,0,0,0,0.20322488248348236,0,0,0.1916981041431427,0,0,0.21348683536052704,0,0,0.19228684902191162,0,0,0.19930243492126465
subject_13:sample_0002440,13,2440,1,0,0,0,0,0,0,0.20086419582366943,0,0,0.20040488243103027,0,0,0.2106463760137558,0,0,0.19097433984279633,0,0,0.19710922241210938
subject_13:sample_0002441,13,2441,1,0,0,0,0,0,0,0.20092810690402985,0,0,0.20114997029304504,0,0,0.2096402645111084,0,0,0.1908833533525467,0,0,0.19739733636379242
subject_13:sample_0002442,13,2442,1,0,0,0,0,0,0,0.20150041580200195,1,1,0.20287880301475525,0,0,0.2077939510345459,0,0,0.19026446342468262,0,0,0.19756148755550385
subject_13:sample_0002443,13,2443,1,0,0,0,0,0,0,0.2032308727502823,1,1,0.20071974396705627,0,0,0.2069765329360962,0,0,0.1906142681837082,0,0,0.19845770299434662
subject_13:sample_0002444,13,2444,1,0,0,0,0,0,0,0.20609575510025024,1,1,0.19365155696868896,0,0,0.20794013142585754,0,0,0.19224293529987335,0,0,0.20006869733333588
subject_13:sample_0002445,13,2445,1,0,0,0,0,0,0,0.20779384672641754,1,1,0.18867434561252594,0,0,0.20823045074939728,0,0,0.19400440156459808,0,0,0.20129604637622833
subject_13:sample_0002446,13,2446,1,0,0,0,0,0,0,0.20810946822166443,1,1,0.1872057467699051,0,0,0.20735281705856323,0,0,0.19616185128688812,0,0,0.2011691778898239
subject_13:sample_0002447,13,2447,1,0,0,0,0,0,0,0.20790347456932068,1,1,0.18700973689556122,0,0,0.20578818023204803,0,0,0.19801422953605652,0,0,0.20128346979618073
subject_13:sample_0002448,13,2448,1,0,0,0,0,0,0,0.20816615223884583,1,1,0.186677023768425,0,0,0.20363326370716095,0,0,0.19968275725841522,0,0,0.20183978974819183
subject_13:sample_0002449,13,2449,1,0,0,0,0,0,0,0.20880857110023499,1,1,0.18634922802448273,0,0,0.20181675255298615,0,0,0.20113538205623627,0,0,0.2018890678882599
subject_13:sample_0002450,13,2450,1,0,0,0,0,0,0,0.20895954966545105,1,1,0.18656419217586517,0,0,0.20087182521820068,0,0,0.20232833921909332,0,0,0.20127512514591217
subject_13:sample_0002451,13,2451,1,0,0,0,0,0,0,0.20907969772815704,1,1,0.1867816001176834,0,0,0.2010197937488556,0,0,0.2018519639968872,0,0,0.20126602053642273
subject_13:sample_0002452,13,2452,1,1,1,0,0,0,0,0.2094915807247162,1,1,0.18628060817718506,0,0,0.20109890401363373,0,0,0.20309758186340332,1,1,0.2000303566455841
subject_13:sample_0002453,13,2453,1,1,1,0,0,0,0,0.2098606526851654,1,1,0.1861477792263031,0,0,0.201292484998703,0,0,0.2040453404188156,1,1,0.1986527293920517
subject_13:sample_0002454,13,2454,1,1,1,0,0,0,0,0.21024338901042938,1,1,0.18611158430576324,0,0,0.2016148716211319,0,0,0.20468759536743164,1,1,0.19734162092208862
subject_13:sample_0002455,13,2455,1,1,1,0,0,0,0,0.2116389125585556,1,1,0.18608863651752472,0,0,0.20288921892642975,0,0,0.20660245418548584,1,1,0.1927798092365265
subject_13:sample_0002456,13,2456,1,1,1,0,0,0,0,0.213432177901268,1,1,0.18500861525535583,0,0,0.20447401702404022,0,0,0.20918960869312286,1,1,0.18789470195770264
subject_13:sample_0002457,13,2457,1,1,1,1,1,0,0,0.21485307812690735,1,1,0.18260455131530762,0,0,0.20586241781711578,0,0,0.2113497257232666,1,1,0.18532921373844147
subject_13:sample_0002458,13,2458,1,1,1,1,1,1,1,0.21539407968521118,1,1,0.18079008162021637,1,1,0.207503080368042,0,0,0.21374812722206116,1,1,0.1825636327266693
subject_13:sample_0002459,13,2459,1,1,1,1,1,1,1,0.20765535533428192,1,1,0.18273457884788513,1,1,0.20997323095798492,0,0,0.21716295182704926,1,1,0.18247291445732117
subject_13:sample_0002460,13,2460,1,1,1,1,1,1,1,0.19917690753936768,1,1,0.1847401112318039,1,1,0.2119591236114502,1,1,0.22020722925662994,1,1,0.1839156448841095
subject_13:sample_0002461,13,2461,1,1,1,1,1,1,1,0.19224902987480164,1,1,0.186445415019989,1,1,0.21329639852046967,1,1,0.22236941754817963,1,1,0.18563875555992126
subject_13:sample_0002462,13,2462,1,1,1,1,1,1,1,0.19035308063030243,1,1,0.18707501888275146,1,1,0.21329426765441895,1,1,0.22289907932281494,1,1,0.18637751042842865
subject_13:sample_0002463,13,2463,1,1,1,1,1,1,1,0.18968674540519714,1,1,0.18746638298034668,1,1,0.21298573911190033,1,1,0.22302718460559845,1,1,0.1868329793214798
subject_13:sample_0002464,13,2464,1,1,1,1,1,1,1,0.1891901046037674,1,1,0.1880330890417099,1,1,0.21213306486606598,1,1,0.2231193631887436,1,1,0.18752337992191315
subject_13:sample_0002465,13,2465,1,1,1,1,1,1,1,0.18880970776081085,1,1,0.1885630339384079,1,1,0.21151912212371826,1,1,0.22299370169639587,1,1,0.1881135255098343
subject_13:sample_0002466,13,2466,1,1,1,1,1,1,1,0.18854762613773346,1,1,0.18895065784454346,1,1,0.21106988191604614,1,1,0.22280378639698029,1,1,0.18862707912921906
subject_13:sample_0002467,13,2467,1,1,1,1,1,1,1,0.18843869864940643,1,1,0.1892676055431366,1,1,0.21069708466529846,1,1,0.22252623736858368,1,1,0.189069464802742
subject_13:sample_0002468,13,2468,1,1,1,1,1,1,1,0.18864411115646362,1,1,0.18946902453899384,1,1,0.2102327197790146,1,1,0.2221553921699524,1,1,0.18949778378009796
subject_13:sample_0002469,13,2469,1,1,1,1,1,1,1,0.1888694316148758,1,1,0.18910545110702515,1,1,0.2104855477809906,1,1,0.22221386432647705,1,1,0.18932481110095978
subject_13:sample_0002470,13,2470,1,1,1,1,1,1,1,0.1891653686761856,1,1,0.18854422867298126,1,1,0.21126647293567657,1,1,0.22220651805400848,1,1,0.18881648778915405
subject_13:sample_0002471,13,2471,1,1,1,1,1,1,1,0.18933802843093872,1,1,0.18835511803627014,1,1,0.21172262728214264,1,1,0.22202806174755096,1,1,0.1885552555322647
subject_13:sample_0002472,13,2472,1,1,1,1,1,1,1,0.18963664770126343,1,1,0.18785378336906433,1,1,0.21274980902671814,1,1,0.2218540459871292,1,1,0.18790480494499207
subject_13:sample_0002473,13,2473,1,1,1,1,1,1,1,0.19077496230602264,1,1,0.187357559800148,1,1,0.2131315916776657,1,1,0.22141291201114655,1,1,0.18732202053070068
subject_13:sample_0002474,13,2474,1,1,1,1,1,1,1,0.19322961568832397,1,1,0.18630248308181763,1,1,0.21358810365200043,1,1,0.22061564028263092,1,1,0.18626318871974945
subject_13:sample_0002475,13,2475,1,1,1,1,1,1,1,0.196670264005661,1,1,0.18486882746219635,1,1,0.21408648788928986,1,1,0.21947349607944489,1,1,0.18489998579025269
subject_13:sample_0002476,13,2476,1,1,1,1,1,1,1,0.19989338517189026,1,1,0.18370041251182556,1,1,0.2142048180103302,1,1,0.21840430796146393,1,1,0.18379609286785126
subject_13:sample_0002477,13,2477,1,1,1,1,1,1,1,0.2032620757818222,1,1,0.182652086019516,1,1,0.2139037549495697,1,1,0.21733954548835754,1,1,0.18284155428409576
subject_13:sample_0002478,13,2478,1,1,1,1,1,1,1,0.2059798389673233,1,1,0.18197855353355408,1,1,0.21333174407482147,1,1,0.21649572253227234,1,1,0.18221311271190643
subject_13:sample_0002479,13,2479,1,1,1,1,1,1,1,0.206972137093544,1,1,0.18175172805786133,1,1,0.2130679488182068,1,1,0.21616779267787933,1,1,0.18203939497470856
subject_13:sample_0002480,13,2480,1,1,1,1,1,1,1,0.20697233080863953,1,1,0.18174923956394196,1,1,0.2131303995847702,1,1,0.21610648930072784,1,1,0.1820405125617981
subject_13:sample_0002481,13,2481,1,1,1,1,1,1,1,0.20707789063453674,1,1,0.18174834549427032,1,1,0.21308939158916473,1,1,0.21606898307800293,1,1,0.18201448023319244
subject_13:sample_0002482,13,2482,0,0,1,0,1,0,1,0.21393239498138428,0,1,0.1922689974308014,0,1,0.21563592553138733,0,1,0.19171471893787384,0,1,0.18644706904888153
subject_13:sample_0002483,13,2483,0,0,1,0,1,0,1,0.2158849686384201,0,1,0.19195809960365295,0,1,0.21492663025856018,0,1,0.19124236702919006,0,1,0.1859869360923767
subject_13:sample_0002484,13,2484,0,0,1,0,1,0,1,0.21615813672542572,0,1,0.19229808449745178,0,1,0.2133091688156128,0,1,0.1918163299560547,0,1,0.1864173412322998
subject_13:sample_0002485,13,2485,0,0,1,0,1,0,1,0.21319341659545898,0,1,0.19339965283870697,0,1,0.21158555150032043,0,1,0.19386741518974304,0,1,0.18795296549797058
subject_13:sample_0002486,13,2486,0,0,1,0,1,0,1,0.2052193582057953,0,1,0.1954222172498703,0,1,0.20967067778110504,0,1,0.1981317400932312,0,1,0.19155502319335938
subject_13:sample_0002487,13,2487,0,0,1,0,1,0,1,0.20003901422023773,0,1,0.19557638466358185,0,1,0.2069280743598938,0,1,0.2020559012889862,0,1,0.19539964199066162
subject_13:sample_0002488,13,2488,0,0,1,0,1,0,1,0.1993420571088791,0,1,0.192176952958107,0,1,0.20192545652389526,0,1,0.20645007491111755,0,1,0.2001045197248459
subject_13:sample_0002489,13,2489,0,0,1,0,1,0,1,0.1992260068655014,0,1,0.18922819197177887,0,1,0.19990327954292297,0,1,0.20881251990795135,0,1,0.20282909274101257
subject_13:sample_0002490,13,2490,0,0,1,0,1,0,1,0.19867487251758575,0,1,0.1883721798658371,0,1,0.19970957934856415,0,1,0.20971238613128662,0,1,0.20352999866008759
subject_13:sample_0002491,13,2491,0,0,1,0,1,0,1,0.19697557389736176,0,1,0.1876908242702484,0,1,0.20003406703472137,0,1,0.21084128320217133,0,1,0.2044573724269867
subject_13:sample_0002492,13,2492,0,0,1,0,1,0,1,0.19250428676605225,0,1,0.18841895461082458,0,1,0.2014773190021515,0,1,0.2121347337961197,0,1,0.20546376705169678
subject_13:sample_0002493,13,2493,0,0,1,0,1,0,1,0.19072329998016357,0,1,0.18882153928279877,0,1,0.20178696513175964,0,1,0.21305765211582184,0,1,0.205609530210495
subject_13:sample_0002494,13,2494,0,0,1,0,1,0,1,0.19394315779209137,0,1,0.1878339797258377,0,1,0.20014992356300354,0,1,0.21360033750534058,0,1,0.2044716626405716
subject_13:sample_0002495,13,2495,0,0,1,0,1,0,1,0.1961141675710678,0,1,0.1874634027481079,0,1,0.1987527757883072,0,1,0.21418902277946472,0,1,0.20347963273525238
subject_13:sample_0002496,13,2496,0,0,1,0,1,0,1,0.19817686080932617,0,1,0.1873643696308136,0,1,0.1982773095369339,0,1,0.21440653502941132,0,1,0.20177394151687622
subject_13:sample_0002497,13,2497,0,0,1,0,1,0,1,0.19966411590576172,0,1,0.18752506375312805,0,1,0.19912146031856537,0,1,0.21380674839019775,0,1,0.1998816430568695
subject_13:sample_0002498,13,2498,0,0,1,0,1,0,1,0.20284044742584229,0,1,0.1884944885969162,0,1,0.2028711438179016,0,1,0.21059517562389374,0,1,0.19519783556461334
subject_13:sample_0002499,13,2499,0,0,1,0,1,0,1,0.20659798383712769,0,1,0.19121958315372467,0,1,0.2069854438304901,0,1,0.2058144509792328,0,1,0.18938161432743073
subject_13:sample_0002500,13,2500,0,0,1,0,1,0,1,0.2082407921552658,0,1,0.1924986094236374,0,1,0.2082514613866806,0,1,0.20401957631111145,0,1,0.18698862195014954
subject_13:sample_0002501,13,2501,0,0,1,0,1,0,1,0.20634932816028595,0,1,0.19316352903842926,0,1,0.20852215588092804,0,1,0.20446692407131195,0,1,0.18749715387821198
subject_13:sample_0002502,13,2502,0,0,1,0,1,0,1,0.2051714062690735,0,1,0.19393885135650635,0,1,0.2093026340007782,0,1,0.20423103868961334,0,1,0.187355175614357
subject_13:sample_0002503,13,2503,0,0,1,0,1,0,1,0.20391730964183807,0,1,0.19464482367038727,0,1,0.21087515354156494,0,1,0.2036910504102707,0,1,0.186870738863945
subject_13:sample_0002504,13,2504,0,0,1,0,1,0,1,0.20074301958084106,0,1,0.19528412818908691,0,1,0.2110203206539154,0,1,0.20466934144496918,0,1,0.18828226625919342
subject_13:sample_0002505,13,2505,0,0,1,0,1,0,1,0.19733136892318726,0,1,0.19562001526355743,0,1,0.20913177728652954,0,1,0.20667831599712372,0,1,0.19123761355876923
subject_13:sample_0002506,13,2506,0,0,1,0,1,0,1,0.19584594666957855,0,1,0.1955188512802124,0,1,0.20631080865859985,0,1,0.20819735527038574,0,1,0.19412608444690704
subject_13:sample_0002507,13,2507,0,0,1,0,1,0,1,0.1959560513496399,0,1,0.19328778982162476,0,1,0.200319305062294,0,1,0.21142497658729553,0,1,0.19901086390018463
subject_13:sample_0002508,13,2508,0,0,1,0,1,0,1,0.19535893201828003,0,1,0.1892414540052414,0,1,0.19789087772369385,0,1,0.21419169008731842,0,1,0.2033161073923111
subject_13:sample_0002509,13,2509,0,0,1,0,1,0,1,0.19239366054534912,0,1,0.18779197335243225,0,1,0.19856978952884674,0,1,0.21567557752132416,0,1,0.20556803047657013
subject_13:sample_0002510,13,2510,0,0,1,0,1,0,1,0.1883581429719925,0,1,0.1888187825679779,0,1,0.19977588951587677,0,1,0.2162666916847229,0,1,0.20677955448627472
subject_13:sample_0002511,13,2511,0,0,1,0,1,0,1,0.18478059768676758,0,1,0.1911415159702301,0,1,0.20024652779102325,0,1,0.21633312106132507,0,1,0.207497239112854
subject_13:sample_0002512,13,2512,0,0,1,0,1,0,1,0.1847768872976303,0,1,0.19420132040977478,0,1,0.19709528982639313,0,1,0.21718856692314148,0,1,0.20673701167106628
subject_13:sample_0002513,13,2513,0,0,1,0,1,0,1,0.18833208084106445,0,1,0.19531309604644775,0,1,0.19162091612815857,0,1,0.21941399574279785,0,1,0.20531894266605377
subject_13:sample_0002514,13,2514,0,0,1,0,1,0,1,0.1897861361503601,0,1,0.19424812495708466,0,1,0.19060508906841278,0,1,0.21984073519706726,0,1,0.2055189162492752
subject_13:sample_0002515,13,2515,0,0,1,0,1,0,1,0.18513290584087372,0,1,0.1863834261894226,0,1,0.19487139582633972,0,1,0.21948157250881195,0,1,0.21412968635559082
subject_13:sample_0002516,13,2516,0,0,1,0,1,0,1,0.19138292968273163,0,1,0.18712900578975677,0,1,0.2013806253671646,1,0,0.2145143300294876,1,0,0.20559217035770416
subject_13:sample_0002517,13,2517,0,0,1,0,1,0,1,0.19481582939624786,0,1,0.18976160883903503,0,1,0.20411372184753418,1,0,0.21406778693199158,1,0,0.19724012911319733
subject_13:sample_0002518,13,2518,0,0,1,0,1,0,1,0.19564323127269745,0,1,0.19055718183517456,0,1,0.20590613782405853,1,0,0.21355001628398895,1,0,0.1943424791097641
subject_13:sample_0002519,13,2519,0,0,1,0,1,0,1,0.19808660447597504,0,1,0.1923755258321762,0,1,0.210378497838974,1,0,0.21069155633449554,1,0,0.18846683204174042
subject_13:sample_0002520,13,2520,0,0,1,0,1,0,1,0.20278698205947876,0,1,0.19440121948719025,0,1,0.21494971215724945,1,0,0.203023299574852,1,0,0.18483787775039673
subject_13:sample_0002521,13,2521,0,0,1,0,1,0,1,0.20288178324699402,0,1,0.19460710883140564,0,1,0.21515801548957825,1,0,0.20283490419387817,1,0,0.1845172941684723
subject_13:sample_0002522,13,2522,0,0,1,0,1,0,1,0.1967429667711258,0,1,0.19151289761066437,0,1,0.20912134647369385,1,0,0.2135125696659088,1,0,0.18910932540893555
subject_13:sample_0002523,13,2523,0,0,1,0,1,0,1,0.19285869598388672,0,1,0.18952584266662598,0,1,0.20181499421596527,0,1,0.21657471358776093,1,0,0.19922475516796112
subject_13:sample_0002524,13,2524,0,0,1,0,1,0,1,0.18506896495819092,0,1,0.18920892477035522,0,1,0.19112177193164825,0,1,0.2179071009159088,1,0,0.216692253947258
subject_13:sample_0002525,13,2525,0,0,1,0,1,0,1,0.18546853959560394,0,1,0.20136848092079163,0,1,0.18230633437633514,0,1,0.22074802219867706,0,1,0.2101077288389206
subject_13:sample_0002526,13,2526,0,0,1,0,1,0,1,0.18793824315071106,0,1,0.20436649024486542,0,1,0.17966486513614655,0,1,0.22199797630310059,0,1,0.20603147149085999
subject_13:sample_0002527,13,2527,0,0,1,0,1,0,1,0.18991002440452576,0,1,0.20039835572242737,0,1,0.18215537071228027,0,1,0.22103843092918396,0,1,0.2064969539642334
subject_13:sample_0002528,13,2528,0,0,1,0,1,0,1,0.19228187203407288,0,1,0.19543787837028503,0,1,0.185026615858078,0,1,0.21940839290618896,0,1,0.2078443020582199
subject_13:sample_0002529,13,2529,0,0,1,0,1,0,1,0.19468849897384644,0,1,0.19184643030166626,0,1,0.18703612685203552,0,1,0.21826329827308655,0,1,0.20816460251808167
subject_13:sample_0002530,13,2530,0,0,1,0,1,0,1,0.19692137837409973,0,1,0.19048450887203217,0,1,0.18770289421081543,0,1,0.2171919196844101,0,1,0.20769837498664856
subject_13:sample_0002531,13,2531,0,0,1,0,1,0,1,0.19958774745464325,0,1,0.19099882245063782,0,1,0.18855544924736023,0,1,0.21484024822711945,0,1,0.20601682364940643
subject_13:sample_0002532,13,2532,0,0,1,0,1,0,1,0.20147854089736938,0,1,0.19201186299324036,0,1,0.19020657241344452,0,1,0.2123115062713623,0,1,0.20399053394794464
subject_13:sample_0002533,13,2533,0,0,1,0,1,0,1,0.2025146186351776,0,1,0.19147464632987976,0,1,0.19514331221580505,0,1,0.20943057537078857,0,1,0.20143593847751617
subject_13:sample_0002534,13,2534,0,0,1,0,1,0,1,0.20245258510112762,0,1,0.1883767694234848,0,1,0.20571553707122803,0,1,0.20567479729652405,0,1,0.19777940213680267
subject_13:sample_0002535,13,2535,0,0,1,0,1,0,1,0.20178167521953583,0,1,0.1843898594379425,0,1,0.2162564992904663,0,1,0.2028702348470688,0,1,0.19470083713531494
subject_13:sample_0002536,13,2536,0,0,1,0,1,0,1,0.20150794088840485,0,1,0.18080419301986694,0,1,0.22474347054958344,0,1,0.20065002143383026,0,1,0.1922934353351593
subject_13:sample_0002537,13,2537,0,0,1,0,1,0,1,0.20158696174621582,0,1,0.17801837623119354,0,1,0.2304561734199524,0,1,0.1992703527212143,0,1,0.19066719710826874
subject_13:sample_0002538,13,2538,0,0,1,0,1,0,1,0.20173592865467072,0,1,0.17667683959007263,0,1,0.23258808255195618,0,1,0.19898919761180878,0,1,0.1900089830160141
subject_13:sample_0002539,13,2539,0,0,1,0,1,0,1,0.20198418200016022,0,1,0.17655447125434875,0,1,0.23143087327480316,0,1,0.19981305301189423,0,1,0.190216526389122
subject_13:sample_0002540,13,2540,0,0,1,0,1,0,1,0.20222996175289154,0,1,0.17654524743556976,0,1,0.23009786009788513,0,1,0.20054654777050018,0,1,0.1905793398618698
subject_13:sample_0002541,13,2541,0,0,1,0,1,0,1,0.20256765186786652,0,1,0.17620860040187836,0,1,0.22998371720314026,0,1,0.2004377543926239,0,1,0.19080132246017456
subject_13:sample_0002542,13,2542,0,0,1,0,1,0,1,0.2027263641357422,0,1,0.17559672892093658,0,1,0.23063205182552338,0,1,0.19978663325309753,0,1,0.1912572681903839
subject_13:sample_0002543,13,2543,0,0,1,0,1,0,1,0.20288817584514618,0,1,0.17518718540668488,0,1,0.2305510938167572,0,1,0.19959847629070282,0,1,0.1917741745710373
subject_13:sample_0002544,13,2544,0,0,1,0,1,0,1,0.20318014919757843,0,1,0.1746770292520523,0,1,0.23181408643722534,0,1,0.19906193017959595,0,1,0.19126582145690918
subject_13:sample_0002545,13,2545,0,0,1,0,1,0,1,0.2035408616065979,0,1,0.17423857748508453,0,1,0.23321111500263214,0,1,0.19832183420658112,0,1,0.19068655371665955
subject_13:sample_0002546,13,2546,0,0,1,0,1,0,1,0.2037876695394516,0,1,0.17347580194473267,0,1,0.23568229377269745,0,1,0.19721254706382751,0,1,0.18984071910381317
subject_13:sample_0002547,13,2547,0,0,1,0,1,0,1,0.20411185920238495,0,1,0.17311406135559082,0,1,0.23690322041511536,0,1,0.19652637839317322,0,1,0.18934358656406403
subject_13:sample_0002548,13,2548,0,0,1,0,1,0,1,0.20440080761909485,0,1,0.1728237271308899,0,1,0.2380053699016571,0,1,0.19630669057369232,0,1,0.18846242129802704
subject_13:sample_0002549,13,2549,0,0,1,0,1,0,1,0.20446686446666718,0,1,0.17301045358181,0,1,0.23797082901000977,0,1,0.19642780721187592,0,1,0.1881231665611267
subject_13:sample_0002550,13,2550,0,0,1,0,1,0,1,0.20449435710906982,0,1,0.17321372032165527,0,1,0.23725596070289612,0,1,0.19708728790283203,0,1,0.18794769048690796
subject_13:sample_0002551,13,2551,0,0,1,0,1,0,1,0.20477065443992615,0,1,0.17301040887832642,0,1,0.23688296973705292,0,1,0.19739162921905518,0,1,0.18794335424900055
subject_13:sample_0002552,13,2552,0,0,1,0,1,0,1,0.2049817144870758,0,1,0.17243202030658722,0,1,0.23667126893997192,0,1,0.19718743860721588,0,1,0.18872663378715515
subject_13:sample_0002553,13,2553,0,0,1,0,1,0,1,0.20562544465065002,0,1,0.17180441319942474,0,1,0.23813952505588531,0,1,0.19642436504364014,0,1,0.1880052536725998
subject_13:sample_0002554,13,2554,0,0,1,0,1,0,1,0.2063046246767044,0,1,0.17132243514060974,0,1,0.2391967922449112,0,1,0.19590097665786743,0,1,0.18727418780326843
subject_13:sample_0002555,13,2555,0,0,1,0,1,0,1,0.20697718858718872,0,1,0.1707618534564972,0,1,0.24064575135707855,0,1,0.1951984018087387,0,1,0.18641580641269684
subject_13:sample_0002556,13,2556,0,0,1,0,1,0,1,0.20760926604270935,0,1,0.17013521492481232,0,1,0.2423851191997528,0,1,0.1943475306034088,0,1,0.18552187085151672
subject_13:sample_0002557,13,2557,0,0,1,0,1,0,1,0.2078748494386673,0,1,0.16992580890655518,0,1,0.24291417002677917,0,1,0.19419628381729126,0,1,0.1850879043340683
subject_13:sample_0002558,13,2558,0,0,1,0,1,0,1,0.20782271027565002,0,1,0.16988514363765717,0,1,0.24274420738220215,0,1,0.1946282833814621,0,1,0.18491873145103455
subject_13:sample_0002559,13,2559,0,0,1,0,1,0,1,0.20741641521453857,0,1,0.16990557312965393,0,1,0.24255141615867615,0,1,0.1952853798866272,0,1,0.18484032154083252
subject_13:sample_0002560,13,2560,0,1,0,1,0,1,0,0.20174425840377808,1,0,0.20040388405323029,1,0,0.19862301647663116,1,0,0.19858302175998688,1,0,0.2006448358297348
subject_13:sample_0002561,13,2561,0,1,0,1,0,1,0,0.2016841620206833,1,0,0.20035988092422485,1,0,0.19870862364768982,1,0,0.19866620004177094,1,0,0.2005801647901535
subject_13:sample_0002562,13,2562,0,1,0,1,0,1,0,0.20166505873203278,1,0,0.20028898119926453,1,0,0.19875892996788025,1,0,0.19874469935894012,1,0,0.20054137706756592
subject_13:sample_0002563,13,2563,0,1,0,1,0,1,0,0.20168708264827728,1,0,0.20043371617794037,1,0,0.19893817603588104,1,0,0.19835667312145233,1,0,0.20058345794677734
subject_13:sample_0002564,13,2564,0,1,0,1,0,1,0,0.20158305764198303,1,0,0.2007496953010559,1,0,0.19915086030960083,1,0,0.19785669445991516,1,0,0.2006586790084839
subject_13:sample_0002565,13,2565,0,1,0,1,0,1,0,0.20157931745052338,1,0,0.20041954517364502,1,0,0.19922028481960297,1,0,0.19784025847911835,1,0,0.20093964040279388
subject_13:sample_0002566,13,2566,0,1,0,1,0,1,0,0.20136681199073792,1,0,0.2002318799495697,1,0,0.19914335012435913,1,0,0.19838367402553558,1,0,0.20087337493896484
subject_13:sample_0002567,13,2567,0,1,0,1,0,1,0,0.20127476751804352,1,0,0.20026817917823792,1,0,0.19907544553279877,1,0,0.19853423535823822,1,0,0.20084652304649353
subject_13:sample_0002568,13,2568,0,1,0,1,0,1,0,0.20123472809791565,1,0,0.20035265386104584,1,0,0.1989831179380417,1,0,0.19860653579235077,1,0,0.20082205533981323
subject_13:sample_0002569,13,2569,0,1,0,1,0,1,0,0.20125877857208252,1,0,0.20030812919139862,1,0,0.19885288178920746,1,0,0.19872219860553741,1,0,0.20085714757442474
subject_13:sample_0002570,13,2570,0,1,0,1,0,1,0,0.20151646435260773,1,0,0.1994534134864807,1,0,0.1989636868238449,1,0,0.19901491701602936,1,0,0.2010505199432373
subject_13:sample_0002571,13,2571,0,1,0,1,0,1,0,0.20191802084445953,1,0,0.1982726752758026,1,0,0.19918453693389893,1,0,0.19935034215450287,1,0,0.20127347111701965
subject_13:sample_0002572,13,2572,0,1,0,1,0,1,0,0.20219512283802032,1,0,0.19785238802433014,1,0,0.1991828829050064,1,0,0.19947555661201477,1,0,0.20129305124282837
subject_13:sample_0002573,13,2573,0,1,0,1,0,1,0,0.20194266736507416,1,0,0.1997937262058258,1,0,0.19856978952884674,1,0,0.19901077449321747,1,0,0.2006821185350418
subject_13:sample_0002574,13,2574,0,1,0,1,0,1,0,0.20129425823688507,1,0,0.20375072956085205,1,0,0.19740359485149384,1,0,0.19801492989063263,1,0,0.19953548908233643
subject_13:sample_0002575,13,2575,0,1,0,1,0,1,0,0.2001628875732422,1,0,0.20854270458221436,1,0,0.19616083800792694,1,0,0.19693127274513245,1,0,0.19820135831832886
subject_13:sample_0002576,13,2576,0,1,0,1,0,1,0,0.1992398053407669,1,0,0.21197226643562317,1,0,0.1953696608543396,1,0,0.19621773064136505,1,0,0.19719958305358887
subject_13:sample_0002577,13,2577,0,1,0,1,0,1,0,0.1994682252407074,1,0,0.20974980294704437,1,0,0.19602368772029877,1,0,0.19703836739063263,1,0,0.19771899282932281
subject_13:sample_0002578,13,2578,0,1,0,1,0,1,0,0.1999356746673584,1,0,0.2046632617712021,1,0,0.1975935399532318,1,0,0.19881226122379303,1,0,0.19899427890777588
subject_13:sample_0002579,13,2579,0,1,0,1,0,1,0,0.19997116923332214,1,0,0.20322063565254211,1,0,0.19816584885120392,1,0,0.1994360387325287,1,0,0.1992053985595703
subject_13:sample_0002580,13,2580,0,1,0,1,0,1,0,0.1999242603778839,1,0,0.20345938205718994,1,0,0.19803519546985626,1,0,0.19936612248420715,1,0,0.19921407103538513
subject_13:sample_0002581,13,2581,0,1,0,1,0,1,0,0.19990679621696472,1,0,0.20346340537071228,1,0,0.19801993668079376,1,0,0.19935175776481628,1,0,0.19925715029239655
subject_13:sample_0002582,13,2582,0,1,0,1,0,1,0,0.1999748945236206,1,0,0.20317180454730988,1,0,0.19814495742321014,1,0,0.19936764240264893,1,0,0.19933974742889404
subject_13:sample_0002583,13,2583,0,1,0,1,0,1,0,0.20025990903377533,1,0,0.20261894166469574,1,0,0.19821327924728394,1,0,0.19930008053779602,1,0,0.19960680603981018
subject_13:sample_0002584,13,2584,0,1,0,1,0,1,0,0.2003871351480484,1,0,0.20231907069683075,1,0,0.19814768433570862,1,0,0.19923964142799377,1,0,0.19990549981594086
subject_13:sample_0002585,13,2585,0,1,0,1,0,1,0,0.2004128098487854,1,0,0.20227402448654175,1,0,0.1980205923318863,1,0,0.19921855628490448,1,0,0.20007307827472687
subject_13:sample_0002586,13,2586,0,1,0,1,0,1,0,0.2003502994775772,1,0,0.20253509283065796,1,0,0.19786322116851807,1,0,0.1992034763097763,1,0,0.20004697144031525
subject_13:sample_0002587,13,2587,0,1,0,1,0,1,0,0.20031023025512695,1,0,0.20270483195781708,1,0,0.19771499931812286,1,0,0.19925568997859955,1,0,0.20001325011253357
subject_13:sample_0002588,13,2588,0,1,0,1,0,1,0,0.20023761689662933,1,0,0.2029615342617035,1,0,0.19758792221546173,1,0,0.1992780715227127,1,0,0.1999339461326599
subject_13:sample_0002589,13,2589,0,1,0,1,0,1,0,0.20006825029850006,1,0,0.20326751470565796,1,0,0.19745035469532013,1,0,0.19949088990688324,1,0,0.19972197711467743
subject_13:sample_0002590,13,2590,0,1,0,1,0,1,0,0.19975286722183228,1,0,0.2033492475748062,1,0,0.1971830576658249,1,0,0.20040588080883026,1,0,0.19930793344974518
subject_13:sample_0002591,13,2591,0,1,0,1,0,1,0,0.19956651329994202,1,0,0.2034161537885666,1,0,0.19697101414203644,1,0,0.20101308822631836,1,0,0.1990322321653366
subject_13:sample_0002592,13,2592,0,1,0,1,0,1,0,0.199404776096344,1,0,0.20325632393360138,1,0,0.1968112587928772,1,0,0.2016540914773941,1,0,0.19887252151966095
subject_13:sample_0002593,13,2593,0,1,0,1,0,1,0,0.199453666806221,1,0,0.2029048502445221,1,0,0.19689247012138367,1,0,0.20182152092456818,1,0,0.19892650842666626
subject_13:sample_0002594,13,2594,0,1,0,1,0,1,0,0.19937287271022797,1,0,0.20259340107440948,1,0,0.19685323536396027,1,0,0.20229920744895935,1,0,0.19888034462928772
subject_13:sample_0002595,13,2595,0,1,0,1,0,1,0,0.19932512938976288,1,0,0.20251432061195374,1,0,0.19678927958011627,1,0,0.20252226293087006,1,0,0.19884812831878662
subject_13:sample_0002596,13,2596,0,1,0,1,0,1,0,0.19940046966075897,1,0,0.2023131549358368,1,0,0.19678838551044464,1,0,0.20260067284107208,1,0,0.1988963484764099
subject_13:sample_0002597,13,2597,0,1,0,1,0,1,0,0.19951261579990387,1,0,0.2019570767879486,1,0,0.19686168432235718,1,0,0.20261065661907196,1,0,0.199056938290596
subject_13:sample_0002598,13,2598,0,1,0,1,0,1,0,0.19957199692726135,1,0,0.20194844901561737,1,0,0.19686707854270935,1,0,0.20247086882591248,1,0,0.19914065301418304
subject_13:sample_0002599,13,2599,0,1,0,1,0,1,0,0.1995149552822113,1,0,0.2025073617696762,1,0,0.19672760367393494,1,0,0.20215556025505066,1,0,0.19909358024597168
subject_13:sample_0002600,13,2600,0,1,0,1,0,1,0,0.199522465467453,1,0,0.20283398032188416,1,0,0.196658194065094,1,0,0.2018275111913681,1,0,0.19915693998336792
subject_13:sample_0002601,13,2601,0,1,0,1,0,1,0,0.19928056001663208,1,0,0.20396029949188232,1,0,0.19633513689041138,1,0,0.201472207903862,1,0,0.19895079731941223
subject_13:sample_0002602,13,2602,0,1,0,1,0,1,0,0.1987452656030655,1,0,0.2055431306362152,1,0,0.19565610587596893,1,0,0.20167148113250732,1,0,0.19838297367095947
subject_13:sample_0002603,13,2603,0,1,0,1,0,1,0,0.1979517936706543,1,0,0.20685863494873047,1,0,0.19469723105430603,1,0,0.20293958485126495,1,0,0.19755181670188904
subject_13:sample_0002604,13,2604,0,1,0,1,0,1,0,0.19716443121433258,1,0,0.2073252648115158,1,0,0.1937505453824997,1,0,0.2050430178642273,1,0,0.19671574234962463
subject_13:sample_0002605,13,2605,0,1,0,1,0,1,0,0.19601061940193176,1,0,0.20867344737052917,1,0,0.1925339251756668,1,0,0.20723475515842438,1,0,0.19554632902145386
subject_13:sample_0002606,13,2606,0,1,0,1,0,1,0,0.1949668675661087,1,0,0.21011199057102203,1,0,0.19143646955490112,1,0,0.2089981734752655,1,0,0.19448556005954742
subject_13:sample_0002607,13,2607,0,1,0,1,0,1,0,0.1945873498916626,1,0,0.21045690774917603,1,0,0.1910804659128189,1,0,0.20970186591148376,1,0,0.19417248666286469
subject_13:sample_0002608,13,2608,0,1,0,1,0,1,0,0.19492359459400177,1,0,0.20954132080078125,1,0,0.1915222406387329,1,0,0.2093290239572525,1,0,0.19468295574188232
subject_13:sample_0002609,13,2609,0,1,0,1,0,1,0,0.19475772976875305,1,0,0.2095498889684677,1,0,0.1914735585451126,1,0,0.2095424383878708,1,0,0.19467535614967346
subject_13:sample_0002610,13,2610,0,1,0,1,0,1,0,0.19433654844760895,1,0,0.20982550084590912,1,0,0.19116047024726868,1,0,0.21031862497329712,1,0,0.1943579465150833
subject_13:sample_0002611,13,2611,0,1,0,1,0,1,0,0.19385237991809845,1,0,0.2103377729654312,1,0,0.19068536162376404,1,0,0.21122239530086517,1,0,0.19390113651752472
subject_13:sample_0002612,13,2612,0,1,0,1,0,1,0,0.19378304481506348,1,0,0.21012906730175018,1,0,0.19064706563949585,1,0,0.21155676245689392,1,0,0.19388310611248016
subject_13:sample_0002613,13,2613,0,1,0,1,0,1,0,0.19386222958564758,1,0,0.20981618762016296,1,0,0.190730020403862,1,0,0.21158528327941895,1,0,0.19400528073310852
subject_13:sample_0002614,13,2614,0,1,0,1,0,1,0,0.19398349523544312,1,0,0.20941758155822754,1,0,0.19085055589675903,1,0,0.21158668398857117,1,0,0.1941608339548111
subject_13:sample_0002615,13,2615,0,1,0,1,0,1,0,0.19479943811893463,1,0,0.20752844214439392,1,0,0.19167360663414001,1,0,0.21095509827136993,1,0,0.1950424611568451
subject_13:sample_0002616,13,2616,0,1,0,1,0,1,0,0.19588492810726166,1,0,0.2051336020231247,1,0,0.19273872673511505,1,0,0.21008723974227905,1,0,0.19615457952022552
subject_13:sample_0002617,13,2617,0,1,0,1,0,1,0,0.19702990353107452,1,0,0.2024461030960083,1,0,0.19385972619056702,1,0,0.20933414995670319,1,0,0.19732917845249176
subject_13:sample_0002618,13,2618,0,1,0,1,0,1,0,0.19772547483444214,1,0,0.2007133513689041,1,0,0.1945296823978424,1,0,0.2089923918247223,1,0,0.19803810119628906
subject_13:sample_0002619,13,2619,0,1,0,1,0,1,0,0.1985800862312317,1,0,0.19867756962776184,1,0,0.1953887790441513,1,0,0.20839595794677734,1,0,0.19895662367343903
subject_13:sample_0002620,13,2620,0,1,0,1,0,1,0,0.1991383582353592,1,0,0.1972780078649521,1,0,0.19606401026248932,1,0,0.20784549415111542,1,0,0.19967316091060638
subject_13:sample_0002621,13,2621,0,1,0,1,0,1,0,0.19959095120429993,1,0,0.19649213552474976,1,0,0.19662107527256012,1,0,0.20705696940422058,1,0,0.20023784041404724
subject_13:sample_0002622,13,2622,0,1,0,1,0,1,0,0.1999448537826538,1,0,0.19623734056949615,1,0,0.19692368805408478,1,0,0.20630677044391632,1,0,0.20058642327785492
subject_13:sample_0002623,13,2623,0,1,0,1,0,1,0,0.2002379298210144,1,0,0.1962032914161682,1,0,0.1971033215522766,1,0,0.2055845409631729,1,0,0.20086994767189026
subject_13:sample_0002624,13,2624,0,1,0,1,0,1,0,0.20048557221889496,1,0,0.19625602662563324,1,0,0.19718477129936218,1,0,0.2048524022102356,1,0,0.20122025907039642
subject_13:sample_0002625,13,2625,0,1,0,1,0,1,0,0.20086491107940674,1,0,0.19656960666179657,1,0,0.1973397582769394,1,0,0.2035180628299713,1,0,0.201706662774086
subject_13:sample_0002626,13,2626,0,1,0,1,0,1,0,0.20127291977405548,1,0,0.19669561088085175,1,0,0.19741812348365784,1,0,0.20247052609920502,1,0,0.20214183628559113
subject_13:sample_0002627,13,2627,0,1,0,1,0,1,0,0.20167139172554016,1,0,0.1972954124212265,1,0,0.19752176105976105,1,0,0.20086626708507538,1,0,0.20264418423175812
subject_13:sample_0002628,13,2628,0,1,0,1,0,1,0,0.2017984688282013,1,0,0.19806359708309174,1,0,0.19738200306892395,1,0,0.19962745904922485,1,0,0.20312753319740295
subject_13:sample_0002629,13,2629,0,1,0,1,0,1,0,0.201277494430542,1,0,0.198714479804039,1,0,0.1968943476676941,1,0,0.1996518224477768,1,0,0.2034609317779541
subject_13:sample_0002630,13,2630,0,1,0,1,0,1,0,0.19997107982635498,1,0,0.19927643239498138,1,0,0.19610972702503204,1,0,0.2009751945734024,1,0,0.20366661250591278
subject_13:sample_0002631,13,2631,0,1,0,1,0,1,0,0.19895336031913757,1,0,0.1996994912624359,1,0,0.19548970460891724,1,0,0.20196640491485596,1,0,0.20389007031917572
subject_13:sample_0002632,13,2632,0,1,0,1,0,1,0,0.19826926290988922,1,0,0.20002172887325287,1,0,0.19504322111606598,1,0,0.20253165066242218,1,0,0.20413322746753693
subject_13:sample_0002633,13,2633,0,1,0,1,0,1,0,0.1979958862066269,1,0,0.20015881955623627,1,0,0.19482950866222382,1,0,0.2026965171098709,1,0,0.2043183147907257
subject_13:sample_0002634,13,2634,0,1,0,1,0,1,0,0.19760195910930634,1,0,0.2003137320280075,1,0,0.1945536583662033,1,0,0.203059121966362,1,0,0.20447055995464325
subject_13:sample_0002635,13,2635,0,1,0,1,0,1,0,0.19743433594703674,1,0,0.200471892952919,1,0,0.19438482820987701,1,0,0.20299416780471802,1,0,0.2047138214111328
subject_13:sample_0002636,13,2636,0,1,0,1,0,1,0,0.19762097299098969,1,0,0.20058386027812958,1,0,0.19440186023712158,1,0,0.20244312286376953,1,0,0.20494920015335083
subject_13:sample_0002637,13,2637,0,1,0,1,0,1,0,0.19848908483982086,1,0,0.2005736380815506,1,0,0.1945924609899521,1,0,0.2012714296579361,1,0,0.20507249236106873
subject_13:sample_0002638,13,2638,0,1,0,1,0,1,0,0.2017076462507248,1,0,0.19988758862018585,1,0,0.19541987776756287,1,0,0.19845068454742432,1,0,0.20453324913978577
subject_13:sample_0002639,13,2639,0,1,0,1,0,1,0,0.20265202224254608,1,0,0.1994304358959198,1,0,0.19708795845508575,1,0,0.19664424657821655,1,0,0.2041843831539154
subject_13:sample_0002640,13,2640,0,1,0,1,0,1,0,0.20225346088409424,1,0,0.19911712408065796,1,0,0.19854706525802612,1,0,0.19611263275146484,1,0,0.20396879315376282
subject_13:sample_0002641,13,2641,0,1,0,1,0,1,0,0.20202794671058655,1,0,0.19908267259597778,1,0,0.19928081333637238,1,0,0.19557839632034302,1,0,0.20402923226356506
subject_13:sample_0002642,13,2642,0,1,0,1,0,1,0,0.20217250287532806,1,0,0.19926108419895172,1,0,0.19959084689617157,1,0,0.19470496475696564,1,0,0.20426970720291138
subject_13:sample_0002643,13,2643,0,1,0,1,0,1,0,0.20240899920463562,1,0,0.19927172362804413,1,0,0.19970518350601196,1,0,0.19425363838672638,1,0,0.20435947179794312
subject_13:sample_0002644,13,2644,0,1,0,1,0,1,0,0.20242340862751007,1,0,0.19911055266857147,1,0,0.19910110533237457,1,0,0.19510971009731293,1,0,0.20425428450107574
subject_13:sample_0002645,13,2645,0,1,0,1,0,1,0,0.20194187760353088,1,0,0.19863049685955048,1,0,0.19782321155071259,1,0,0.19782748818397522,1,0,0.20377595722675323
subject_13:sample_0002646,13,2646,0,1,0,1,0,1,0,0.20167456567287445,1,0,0.19854627549648285,1,0,0.1967170536518097,1,0,0.19946923851966858,1,0,0.20359200239181519
subject_13:sample_0002647,13,2647,0,1,0,1,0,1,0,0.20150300860404968,1,0,0.1987689584493637,1,0,0.1954304575920105,1,0,0.20067483186721802,1,0,0.2036217600107193
subject_13:sample_0002648,13,2648,0,1,0,1,0,1,0,0.2002749890089035,1,0,0.19968600571155548,1,0,0.19361920654773712,1,0,0.20263618230819702,1,0,0.20378266274929047
subject_13:sample_0002649,13,2649,0,1,0,1,0,1,0,0.19723767042160034,1,0,0.20158076286315918,1,0,0.19317342340946198,1,0,0.2040858268737793,1,0,0.20392131805419922
subject_13:sample_0002650,13,2650,0,1,0,1,0,1,0,0.1948329359292984,1,0,0.20354129374027252,1,0,0.19334711134433746,1,0,0.20505192875862122,1,0,0.20322571694850922
subject_13:sample_0002651,13,2651,0,1,0,1,0,1,0,0.19464173913002014,1,0,0.204818993806839,1,0,0.19372768700122833,1,0,0.205494686961174,1,0,0.20131587982177734
subject_13:sample_0002652,13,2652,0,1,0,1,0,1,0,0.195172980427742,1,0,0.20537209510803223,1,0,0.19426363706588745,1,0,0.20549024641513824,1,0,0.19970014691352844
subject_13:sample_0002653,13,2653,0,1,0,1,0,1,0,0.19572754204273224,1,0,0.20551204681396484,1,0,0.19480814039707184,1,0,0.2051214873790741,1,0,0.198829784989357
subject_13:sample_0002654,13,2654,0,1,0,1,0,1,0,0.19591259956359863,1,0,0.2053968608379364,1,0,0.1951119303703308,1,0,0.20496025681495667,1,0,0.19861744344234467
subject_13:sample_0002655,13,2655,0,1,0,1,0,1,0,0.1959320604801178,1,0,0.2053728699684143,1,0,0.19523748755455017,1,0,0.20482777059078217,1,0,0.19862887263298035
subject_13:sample_0002656,13,2656,0,1,0,1,0,1,0,0.1959017515182495,1,0,0.2052457481622696,1,0,0.19536389410495758,1,0,0.20488505065441132,1,0,0.19860254228115082
subject_13:sample_0002657,13,2657,0,1,0,1,0,1,0,0.19591346383094788,1,0,0.2051207423210144,1,0,0.19539675116539001,1,0,0.2049517035484314,1,0,0.19861632585525513
subject_13:sample_0002658,13,2658,0,1,0,1,0,1,0,0.1959795504808426,1,0,0.20497506856918335,1,0,0.19541139900684357,1,0,0.20503154397010803,1,0,0.19860149919986725
subject_13:sample_0002659,13,2659,0,1,0,1,0,1,0,0.1959831565618515,1,0,0.20452043414115906,1,0,0.19537954032421112,1,0,0.20534320175647736,1,0,0.19877268373966217
subject_13:sample_0002660,13,2660,0,1,0,1,0,1,0,0.19607438147068024,1,0,0.20347465574741364,1,0,0.19558559358119965,1,0,0.20564627647399902,1,0,0.19921812415122986
subject_13:sample_0002661,13,2661,0,1,0,1,0,1,0,0.19637495279312134,1,0,0.20255617797374725,1,0,0.19596520066261292,1,0,0.20558097958564758,1,0,0.1995217353105545
subject_13:sample_0002662,13,2662,0,1,0,1,0,1,0,0.1968059241771698,1,0,0.20181547105312347,1,0,0.19654926657676697,1,0,0.20522865653038025,1,0,0.19959969818592072
subject_13:sample_0002663,13,2663,0,1,0,1,0,1,0,0.19739601016044617,1,0,0.20100811123847961,1,0,0.19734011590480804,1,0,0.20456509292125702,1,0,0.19968964159488678
subject_13:sample_0002664,13,2664,0,1,0,1,0,1,0,0.19822576642036438,1,0,0.19969812035560608,1,0,0.19828389585018158,1,0,0.20428983867168427,1,0,0.19950145483016968
subject_13:sample_0002665,13,2665,0,1,0,1,0,1,0,0.1988254338502884,1,0,0.19804562628269196,1,0,0.19934821128845215,1,0,0.20425504446029663,1,0,0.19952470064163208
subject_13:sample_0002666,13,2666,0,1,0,1,0,1,0,0.1987985223531723,1,0,0.19672757387161255,1,0,0.20068083703517914,1,0,0.2043001502752304,1,0,0.19949190318584442
subject_13:sample_0002667,13,2667,0,1,0,1,0,1,0,0.1978951096534729,1,0,0.19456090033054352,1,0,0.20413389801979065,1,0,0.20496174693107605,1,0,0.19844737648963928
subject_13:sample_0002668,13,2668,0,1,0,1,0,1,0,0.19615651667118073,1,0,0.19151140749454498,1,0,0.20871427655220032,1,0,0.2074003964662552,1,0,0.19621649384498596
subject_13:sample_0002669,13,2669,0,1,0,1,0,1,0,0.20243613421916962,1,0,0.18771827220916748,1,0,0.20857563614845276,1,0,0.20598652958869934,1,0,0.19528251886367798
subject_13:sample_0002670,13,2670,0,1,0,1,0,1,0,0.20830534398555756,1,0,0.18379151821136475,1,0,0.2084762006998062,1,0,0.20994508266448975,1,0,0.18948090076446533
subject_13:sample_0002671,13,2671,0,1,0,0,1,0,1,0.2134312391281128,1,0,0.18075649440288544,0,1,0.20909655094146729,0,1,0.21209290623664856,1,0,0.18462182581424713
subject_13:sample_0002672,13,2672,0,0,1,0,1,0,1,0.20948298275470734,1,0,0.1857687532901764,0,1,0.20635710656642914,0,1,0.20842400193214417,1,0,0.18996624648571014
subject_13:sample_0002673,13,2673,0,0,1,0,1,0,1,0.20258113741874695,1,0,0.19455763697624207,0,1,0.20127379894256592,0,1,0.20351213216781616,1,0,0.1980743706226349
subject_13:sample_0002674,13,2674,0,0,1,0,1,0,1,0.19165414571762085,1,0,0.20452412962913513,0,1,0.1915135681629181,0,1,0.1945524513721466,1,0,0.21775472164154053
subject_13:sample_0002675,13,2675,0,0,1,0,1,0,1,0.18513336777687073,1,0,0.21812735497951508,0,1,0.18434546887874603,0,1,0.1884332299232483,0,1,0.2239595651626587
subject_13:sample_0002676,13,2676,0,0,1,0,1,0,1,0.18947620689868927,1,0,0.2321271300315857,0,1,0.18148384988307953,0,1,0.19098253548145294,0,1,0.20592929422855377
subject_13:sample_0002677,13,2677,0,0,1,0,1,0,1,0.1911485493183136,0,1,0.22014637291431427,0,1,0.18823467195034027,0,1,0.19554659724235535,0,1,0.2049228698015213
subject_13:sample_0002678,13,2678,0,0,1,0,1,0,1,0.19325104355812073,0,1,0.20746652781963348,0,1,0.19477184116840363,0,1,0.19633860886096954,0,1,0.2081710398197174
subject_13:sample_0002679,13,2679,0,0,1,0,1,0,1,0.1948491781949997,0,1,0.20411068201065063,0,1,0.19597962498664856,0,1,0.196757972240448,0,1,0.20830152928829193
subject_13:sample_0002680,13,2680,0,0,1,0,1,0,1,0.1964753419160843,0,1,0.20233003795146942,0,1,0.19660302996635437,0,1,0.19710062444210052,0,1,0.20749008655548096
subject_13:sample_0002681,13,2681,0,0,1,0,1,0,1,0.1989460289478302,0,1,0.19941487908363342,0,1,0.19843389093875885,0,1,0.19813774526119232,0,1,0.2050664722919464
subject_13:sample_0002682,13,2682,0,0,1,0,1,0,1,0.20038093626499176,0,1,0.19715799391269684,0,1,0.20044663548469543,0,1,0.19881057739257812,0,1,0.20320287346839905
subject_13:sample_0002683,13,2683,0,0,1,0,1,0,1,0.19891206920146942,0,1,0.19368618726730347,0,1,0.2011832296848297,0,1,0.2014421671628952,0,1,0.20477540791034698
subject_13:sample_0002684,13,2684,0,0,1,0,1,0,1,0.1979733556509018,0,1,0.19074596464633942,0,1,0.20238104462623596,0,1,0.20387105643749237,0,1,0.20502763986587524
subject_13:sample_0002685,13,2685,0,0,1,0,1,0,1,0.2001025378704071,0,1,0.191148579120636,0,1,0.2057892084121704,0,1,0.2007477730512619,0,1,0.2022109031677246
subject_13:sample_0002686,13,2686,0,0,1,0,1,0,1,0.1996636539697647,0,1,0.19254226982593536,0,1,0.2110866755247116,0,1,0.19782881438732147,0,1,0.19887764751911163
subject_13:sample_0002687,13,2687,0,0,1,0,1,0,1,0.19898183643817902,0,1,0.19336575269699097,0,1,0.21613672375679016,0,1,0.19580575823783875,0,1,0.19570891559123993
subject_13:sample_0002688,13,2688,0,0,1,0,1,0,1,0.19825220108032227,0,1,0.1932402104139328,0,1,0.2218121439218521,0,1,0.19401815533638,0,1,0.19267638027668
subject_13:sample_0002689,13,2689,0,0,1,0,1,0,1,0.19801799952983856,0,1,0.1931087225675583,0,1,0.2262618988752365,0,1,0.1926209032535553,0,1,0.18998956680297852
subject_13:sample_0002690,13,2690,0,0,1,0,1,0,1,0.19904974102973938,0,1,0.19362680613994598,0,1,0.2266761213541031,0,1,0.19231200218200684,0,1,0.1883343607187271
subject_13:sample_0002691,13,2691,0,0,1,0,1,0,1,0.20044167339801788,0,1,0.19437676668167114,0,1,0.22502000629901886,0,1,0.19261449575424194,0,1,0.18754610419273376
subject_13:sample_0002692,13,2692,0,0,1,0,1,0,1,0.20157384872436523,0,1,0.19492772221565247,0,1,0.22356508672237396,0,1,0.19305439293384552,0,1,0.1868780106306076
subject_13:sample_0002693,13,2693,0,0,1,0,1,0,1,0.20230785012245178,0,1,0.19525429606437683,0,1,0.22239430248737335,0,1,0.19349318742752075,0,1,0.18654946982860565
subject_13:sample_0002694,13,2694,0,0,1,0,1,0,1,0.2028045952320099,0,1,0.19550921022891998,0,1,0.22162427008152008,0,1,0.19373586773872375,0,1,0.18632516264915466
subject_13:sample_0002695,13,2695,0,0,1,0,1,0,1,0.2033548802137375,0,1,0.195906862616539,0,1,0.2207360416650772,0,1,0.19380220770835876,0,1,0.18619899451732635
subject_13:sample_0002696,13,2696,0,0,1,0,1,0,1,0.20397764444351196,0,1,0.1963946372270584,0,1,0.21996894478797913,0,1,0.19372504949569702,0,1,0.1859327256679535
subject_13:sample_0002697,13,2697,0,0,1,0,1,0,1,0.2045896202325821,0,1,0.19690637290477753,0,1,0.2191903293132782,0,1,0.19361655414104462,0,1,0.18569615483283997
subject_13:sample_0002698,13,2698,0,0,1,0,1,0,1,0.20543211698532104,0,1,0.19758524000644684,0,1,0.21772420406341553,0,1,0.19366402924060822,0,1,0.18559342622756958
subject_13:sample_0002699,13,2699,0,0,1,0,1,0,1,0.20621046423912048,0,1,0.19823896884918213,0,1,0.21609142422676086,0,1,0.19380491971969604,0,1,0.18565325438976288
subject_13:sample_0002700,13,2700,0,0,1,0,1,0,1,0.2066451460123062,0,1,0.19879822432994843,0,1,0.21567608416080475,0,1,0.19350047409534454,0,1,0.18537910282611847
subject_13:sample_0002701,13,2701,0,0,1,0,1,0,1,0.206918403506279,0,1,0.19939957559108734,0,1,0.21563425660133362,0,1,0.19305777549743652,0,1,0.18498900532722473
subject_13:sample_0002702,13,2702,0,0,1,0,1,0,1,0.20765087008476257,0,1,0.20045018196105957,0,1,0.21487858891487122,0,1,0.19254152476787567,0,1,0.18447789549827576
subject_13:sample_0002703,13,2703,0,0,1,0,1,0,1,0.20838911831378937,0,1,0.20130477845668793,0,1,0.21412393450737,0,1,0.1921246349811554,0,1,0.1840566098690033
subject_13:sample_0002704,13,2704,0,0,1,0,1,0,1,0.2090912163257599,0,1,0.20260457694530487,0,1,0.21332773566246033,0,1,0.1913628876209259,0,1,0.1836126446723938
subject_13:sample_0002705,13,2705,0,0,1,0,1,0,1,0.20972245931625366,0,1,0.2041500061750412,0,1,0.21233950555324554,0,1,0.19048906862735748,0,1,0.18329806625843048
subject_13:sample_0002706,13,2706,0,0,1,0,1,0,1,0.21049392223358154,0,1,0.20534835755825043,0,1,0.21109968423843384,0,1,0.19004687666893005,0,1,0.1830102652311325
subject_13:sample_0002707,13,2707,0,0,1,0,1,0,1,0.21165673434734344,0,1,0.20674365758895874,0,1,0.20940595865249634,0,1,0.18971367180347443,0,1,0.18247905373573303
subject_13:sample_0002708,13,2708,0,0,1,0,1,0,1,0.21285554766654968,0,1,0.20866906642913818,0,1,0.20771099627017975,0,1,0.18894505500793457,0,1,0.18181835114955902
subject_13:sample_0002709,13,2709,0,0,1,0,1,0,1,0.21445319056510925,0,1,0.21046461164951324,0,1,0.20636945962905884,0,1,0.18791770935058594,0,1,0.18079401552677155
subject_13:sample_0002710,13,2710,0,0,1,0,1,0,1,0.2160654366016388,0,1,0.21156327426433563,0,1,0.2052735537290573,0,1,0.18718712031841278,0,1,0.17990966141223907
subject_13:sample_0002711,13,2711,0,0,1,0,1,0,1,0.21706236898899078,0,1,0.21170367300510406,0,1,0.20464743673801422,0,1,0.1871175616979599,0,1,0.1794680655002594
subject_13:sample_0002712,13,2712,0,0,1,0,1,0,1,0.21817712485790253,0,1,0.21161819994449615,0,1,0.2040378302335739,0,1,0.1871383637189865,0,1,0.17902754247188568
subject_13:sample_0002713,13,2713,0,0,1,0,1,0,1,0.21994757652282715,0,1,0.21191896498203278,0,1,0.20303817093372345,0,1,0.18673352897167206,0,1,0.17836077511310577
subject_13:sample_0002714,13,2714,0,0,1,0,1,0,1,0.2210536152124405,0,1,0.2121671885251999,0,1,0.20247359573841095,0,1,0.1863642781972885,0,1,0.17794041335582733
subject_13:sample_0002715,13,2715,1,1,1,1,1,1,1,0.20105040073394775,1,1,0.19623319804668427,1,1,0.20776228606700897,1,1,0.19628430902957916,1,1,0.19866879284381866
subject_13:sample_0002716,13,2716,1,1,1,1,1,1,1,0.20117105543613434,1,1,0.19587790966033936,1,1,0.2073861062526703,1,1,0.19655577838420868,1,1,0.19900816679000854
subject_13:sample_0002717,13,2717,1,1,1,1,1,1,1,0.20126362144947052,1,1,0.19610656797885895,1,1,0.20660795271396637,1,1,0.1967298686504364,1,1,0.19929099082946777
subject_13:sample_0002718,13,2718,1,1,1,1,1,1,1,0.2013207972049713,1,1,0.19670256972312927,1,1,0.2056780606508255,1,1,0.19681577384471893,1,1,0.19948183000087738
subject_13:sample_0002719,13,2719,1,1,1,1,1,1,1,0.2012532353401184,1,1,0.19780313968658447,1,1,0.2045716941356659,1,1,0.1967950463294983,1,1,0.19957587122917175
subject_13:sample_0002720,13,2720,1,1,1,1,1,1,1,0.20120783150196075,1,1,0.198663592338562,1,1,0.2036658078432083,1,1,0.19676870107650757,1,1,0.19969306886196136
subject_13:sample_0002721,13,2721,1,1,1,1,1,1,1,0.201262429356575,1,1,0.19902056455612183,1,1,0.2029998004436493,1,1,0.1968211978673935,1,1,0.1998949944972992
subject_13:sample_0002722,13,2722,1,1,1,1,1,1,1,0.20139585435390472,1,1,0.19918271899223328,1,1,0.202325701713562,1,1,0.19696186482906342,1,1,0.2001328319311142
subject_13:sample_0002723,13,2723,1,1,1,1,1,1,1,0.20156733691692352,1,1,0.19930237531661987,1,1,0.2014516294002533,1,1,0.19723448157310486,1,1,0.20044319331645966
subject_13:sample_0002724,13,2724,1,1,1,1,1,1,1,0.20174486935138702,1,1,0.19962361454963684,1,1,0.1997811198234558,1,1,0.19784550368785858,1,1,0.20100395381450653
subject_13:sample_0002725,13,2725,1,1,1,1,1,1,1,0.2012690007686615,1,1,0.20037442445755005,1,1,0.19746623933315277,1,1,0.1990085393190384,1,1,0.2018808126449585
subject_13:sample_0002726,13,2726,1,1,1,1,1,1,1,0.19961166381835938,1,1,0.2013317048549652,1,1,0.195937380194664,1,1,0.2004307359457016,1,1,0.20268765091896057
subject_13:sample_0002727,13,2727,1,1,1,1,1,1,1,0.19812540709972382,1,1,0.20194528996944427,1,1,0.19556882977485657,1,1,0.2014373242855072,1,1,0.20292209088802338
subject_13:sample_0002728,13,2728,1,1,1,1,1,1,1,0.1968749463558197,1,1,0.20249253511428833,1,1,0.1955728530883789,1,1,0.20247980952262878,1,1,0.20257887244224548
subject_13:sample_0002729,13,2729,1,1,1,1,1,1,1,0.1965668797492981,1,1,0.20271290838718414,1,1,0.1957194209098816,1,1,0.2028743475675583,1,1,0.2021254599094391
subject_13:sample_0002730,13,2730,1,1,1,1,1,1,1,0.19649888575077057,1,1,0.20283763110637665,1,1,0.195857435464859,1,1,0.20305678248405457,1,1,0.2017483115196228
subject_13:sample_0002731,13,2731,1,1,1,1,1,1,1,0.1964794248342514,1,1,0.20296426117420197,1,1,0.19601887464523315,1,1,0.20323306322097778,1,1,0.2013033926486969
subject_13:sample_0002732,13,2732,1,1,1,1,1,1,1,0.1965174376964569,1,1,0.20305226743221283,1,1,0.19610309600830078,1,1,0.20332475006580353,1,1,0.20100145041942596
subject_13:sample_0002733,13,2733,1,1,1,1,1,1,1,0.1967172622680664,1,1,0.20316892862319946,1,1,0.19641752541065216,1,1,0.2035726010799408,1,1,0.20012272894382477
subject_13:sample_0002734,13,2734,1,1,1,1,1,1,1,0.19709378480911255,1,1,0.2032831758260727,1,1,0.19681018590927124,1,1,0.2034274786710739,1,1,0.1993843913078308
subject_13:sample_0002735,13,2735,1,1,1,1,1,1,1,0.1970449984073639,1,1,0.20328983664512634,1,1,0.19679242372512817,1,1,0.20344284176826477,1,1,0.19942891597747803
subject_13:sample_0002736,13,2736,1,1,1,1,1,1,1,0.19697189331054688,1,1,0.20331399142742157,1,1,0.1967279613018036,1,1,0.20351366698741913,1,1,0.19947148859500885
subject_13:sample_0002737,13,2737,1,1,1,1,1,1,1,0.19683854281902313,1,1,0.20335310697555542,1,1,0.19658894836902618,1,1,0.2035931646823883,1,1,0.19962529838085175
subject_13:sample_0002738,13,2738,1,1,1,1,1,1,1,0.1968134343624115,1,1,0.20340126752853394,1,1,0.19657686352729797,1,1,0.2037251740694046,1,1,0.1994822919368744
subject_13:sample_0002739,13,2739,1,1,1,1,1,1,1,0.1967289000749588,1,1,0.20342746376991272,1,1,0.19648027420043945,1,1,0.20386168360710144,1,1,0.19950073957443237
subject_13:sample_0002740,13,2740,1,1,1,1,1,1,1,0.19687038660049438,1,1,0.20344272255897522,1,1,0.19663186371326447,1,1,0.20390184223651886,1,1,0.19915223121643066
subject_13:sample_0002741,13,2741,1,1,1,1,1,1,1,0.19709333777427673,1,1,0.20339563488960266,1,1,0.19682270288467407,1,1,0.20378637313842773,1,1,0.19890093803405762
subject_13:sample_0002742,13,2742,1,1,1,1,1,1,1,0.19743233919143677,1,1,0.20325635373592377,1,1,0.19713254272937775,1,1,0.2034086436033249,1,1,0.19876912236213684
subject_13:sample_0002743,13,2743,1,1,1,1,1,1,1,0.1978316754102707,1,1,0.20303699374198914,1,1,0.19759148359298706,1,1,0.20286457240581512,1,1,0.1986742466688156
subject_13:sample_0002744,13,2744,1,1,1,1,1,1,1,0.19814635813236237,1,1,0.20241515338420868,1,1,0.1980566382408142,1,1,0.20248812437057495,1,1,0.1988927721977234
subject_13:sample_0002745,13,2745,1,1,1,1,1,1,1,0.19852207601070404,1,1,0.20181068778038025,1,1,0.1985379308462143,1,1,0.20195801556110382,1,1,0.19917035102844238
subject_13:sample_0002746,13,2746,1,1,1,1,1,1,1,0.1993226706981659,1,1,0.20090645551681519,1,1,0.19953836500644684,1,1,0.20085574686527252,1,1,0.19937580823898315
subject_13:sample_0002747,13,2747,1,1,1,1,1,1,1,0.20013822615146637,1,1,0.20012812316417694,1,1,0.2005026936531067,1,1,0.19950279593467712,1,1,0.19972719252109528
subject_13:sample_0002748,13,2748,1,1,1,1,1,1,1,0.2008301019668579,1,1,0.19930879771709442,1,1,0.2013218104839325,1,1,0.19836193323135376,1,1,0.20017634332180023
subject_13:sample_0002749,13,2749,1,1,1,1,1,1,1,0.2012401521205902,1,1,0.19879351556301117,1,1,0.20173609256744385,1,1,0.19771358370780945,1,1,0.2005157172679901
subject_13:sample_0002750,13,2750,1,1,1,1,1,1,1,0.20157723128795624,1,1,0.19806011021137238,1,1,0.20197363197803497,1,1,0.1975911259651184,1,1,0.2007969617843628
subject_13:sample_0002751,13,2751,1,1,1,1,1,1,1,0.20206815004348755,1,1,0.19744977355003357,1,1,0.20203013718128204,1,1,0.19764035940170288,1,1,0.20081056654453278
subject_13:sample_0002752,13,2752,1,1,1,1,1,1,1,0.20262154936790466,1,1,0.1970348060131073,1,1,0.20206314325332642,1,1,0.19768311083316803,1,1,0.200596421957016
subject_13:sample_0002753,13,2753,1,1,1,1,1,1,1,0.20321592688560486,1,1,0.19685135781764984,1,1,0.20185570418834686,1,1,0.19768665730953217,1,1,0.20038938522338867
subject_13:sample_0002754,13,2754,1,1,1,1,1,1,1,0.2035418450832367,1,1,0.19701586663722992,1,1,0.20163586735725403,1,1,0.19753465056419373,1,1,0.20027081668376923
subject_13:sample_0002755,13,2755,1,1,1,1,1,1,1,0.20367668569087982,1,1,0.19718804955482483,1,1,0.20155614614486694,1,1,0.19746798276901245,1,1,0.20011010766029358
subject_13:sample_0002756,13,2756,1,1,1,1,1,1,1,0.203806072473526,1,1,0.19735604524612427,1,1,0.2013932168483734,1,1,0.19745010137557983,1,1,0.1999935507774353
subject_13:sample_0002757,13,2757,1,1,1,1,1,1,1,0.20394666492938995,1,1,0.19743496179580688,1,1,0.2012428343296051,1,1,0.19762657582759857,1,1,0.1997479796409607
subject_13:sample_0002758,13,2758,1,1,1,1,1,1,1,0.2040175199508667,1,1,0.19752006232738495,1,1,0.20110470056533813,1,1,0.19789153337478638,1,1,0.19946525990962982
subject_13:sample_0002759,13,2759,1,1,1,1,1,1,1,0.20398172736167908,1,1,0.19761377573013306,1,1,0.20089486241340637,1,1,0.19820085167884827,1,1,0.19930781424045563
subject_13:sample_0002760,13,2760,1,1,1,1,1,1,1,0.2039748579263687,1,1,0.19767659902572632,1,1,0.20062591135501862,1,1,0.198529452085495,1,1,0.1991921365261078
subject_13:sample_0002761,13,2761,1,1,1,1,1,1,1,0.20369184017181396,1,1,0.19779452681541443,1,1,0.20030413568019867,1,1,0.19902941584587097,1,1,0.19917917251586914
subject_13:sample_0002762,13,2762,1,1,1,1,1,1,1,0.20345757901668549,1,1,0.19792374968528748,1,1,0.19996729493141174,1,1,0.19949398934841156,1,1,0.19915640354156494
subject_13:sample_0002763,13,2763,1,1,1,1,1,1,1,0.20310670137405396,1,1,0.1980743706226349,1,1,0.19956369698047638,1,1,0.20010553300380707,1,1,0.19914869964122772
subject_13:sample_0002764,13,2764,1,1,1,1,1,1,1,0.20291341841220856,1,1,0.19807572662830353,1,1,0.19906628131866455,1,1,0.20073334872722626,1,1,0.1992102712392807
subject_13:sample_0002765,13,2765,1,1,1,1,1,1,1,0.202851340174675,1,1,0.1978251338005066,1,1,0.1988697648048401,1,1,0.20100511610507965,1,1,0.19944773614406586
subject_13:sample_0002766,13,2766,1,1,1,1,1,1,1,0.20250986516475677,1,1,0.19766519963741302,1,1,0.19987823069095612,1,1,0.20061202347278595,1,1,0.19933371245861053
subject_13:sample_0002767,13,2767,1,1,1,1,1,1,1,0.2022182196378708,1,1,0.19819466769695282,1,1,0.20040760934352875,1,1,0.200164794921875,1,1,0.19901376962661743
subject_13:sample_0002768,13,2768,1,1,1,1,1,1,1,0.20214241743087769,1,1,0.19880951941013336,1,1,0.2003719061613083,1,1,0.1999349594116211,1,1,0.1987401694059372
subject_13:sample_0002769,13,2769,1,1,1,1,1,1,1,0.20195472240447998,1,1,0.19899699091911316,1,1,0.20054395496845245,1,1,0.199885293841362,1,1,0.19861800968647003
subject_13:sample_0002770,13,2770,1,1,1,1,1,1,1,0.20189626514911652,1,1,0.1991373896598816,1,1,0.20063364505767822,1,1,0.1998210996389389,1,1,0.1985105574131012
subject_13:sample_0002771,13,2771,1,1,1,1,1,1,1,0.20183585584163666,1,1,0.19916002452373505,1,1,0.20080408453941345,1,1,0.19978885352611542,1,1,0.19841018319129944
subject_13:sample_0002772,13,2772,1,1,1,1,1,1,1,0.20190614461898804,1,1,0.19907622039318085,1,1,0.2009107768535614,1,1,0.19976146519184113,1,1,0.19834445416927338
subject_13:sample_0002773,13,2773,1,1,1,1,1,1,1,0.20271427929401398,1,1,0.1988467425107956,1,1,0.2007075995206833,1,1,0.1995876580476761,1,1,0.19814276695251465
subject_13:sample_0002774,13,2774,1,1,1,1,1,1,1,0.20483309030532837,1,1,0.19833974540233612,1,1,0.20002985000610352,1,1,0.19909322261810303,1,1,0.19770309329032898
subject_13:sample_0002775,13,2775,1,1,1,1,1,1,1,0.20742228627204895,1,1,0.19775637984275818,1,1,0.19921639561653137,1,1,0.19840852916240692,1,1,0.1971954107284546
subject_13:sample_0002776,13,2776,1,1,1,1,1,1,1,0.21017421782016754,1,1,0.1968771517276764,1,1,0.19840547442436218,1,1,0.19785760343074799,1,1,0.1966845989227295
subject_13:sample_0002777,13,2777,1,1,1,1,1,0,0,0.20975662767887115,1,1,0.1967736929655075,1,1,0.19835489988327026,1,1,0.19812223315238953,1,1,0.19699160754680634
subject_13:sample_0002778,13,2778,1,1,1,1,1,0,0,0.20738792419433594,1,1,0.19721688330173492,1,1,0.19888678193092346,1,1,0.19877071678638458,1,1,0.1977367252111435
subject_13:sample_0002779,13,2779,1,1,1,1,1,0,0,0.20465674996376038,1,1,0.19770601391792297,1,1,0.1994439959526062,1,1,0.19951298832893372,1,1,0.19867920875549316
subject_13:sample_0002780,13,2780,1,1,1,1,1,0,0,0.20337866246700287,1,1,0.1978013515472412,1,1,0.19979093968868256,1,1,0.19979159533977509,1,1,0.19923648238182068
subject_13:sample_0002781,13,2781,1,1,1,1,1,0,0,0.20396208763122559,1,1,0.19760644435882568,1,1,0.1999087631702423,1,1,0.19939783215522766,1,1,0.19912393391132355
subject_13:sample_0002782,13,2782,1,1,1,1,1,0,0,0.2056281417608261,1,1,0.19710227847099304,1,1,0.19971846044063568,1,1,0.198769673705101,1,1,0.19878044724464417
subject_13:sample_0002783,13,2783,1,1,1,1,1,0,0,0.20670676231384277,1,1,0.19671998918056488,1,1,0.19951200485229492,1,1,0.19836464524269104,1,1,0.1986956149339676
subject_13:sample_0002784,13,2784,1,1,1,1,1,0,0,0.20736540853977203,1,1,0.1962435096502304,1,1,0.19951923191547394,1,1,0.19817158579826355,1,1,0.1986992508172989
subject_13:sample_0002785,13,2785,1,1,1,1,1,2,0,0.2067677527666092,1,1,0.19591504335403442,1,1,0.19998835027217865,1,1,0.19835694134235382,1,1,0.1989709585905075
subject_13:sample_0002786,13,2786,1,1,1,1,1,2,0,0.2061745971441269,1,1,0.19556842744350433,1,1,0.2004908323287964,1,1,0.1985454559326172,1,1,0.1992197185754776
subject_13:sample_0002787,13,2787,1,1,1,1,1,2,0,0.20589885115623474,1,1,0.19514569640159607,1,1,0.2008042335510254,1,1,0.19872073829174042,1,1,0.1994294822216034
subject_13:sample_0002788,13,2788,1,1,1,1,1,2,0,0.2071503847837448,1,1,0.19465117156505585,1,1,0.200412318110466,1,1,0.19850289821624756,1,1,0.19928224384784698
subject_13:sample_0002789,13,2789,1,1,1,1,1,2,0,0.20745354890823364,1,1,0.19464829564094543,1,1,0.2000703513622284,1,1,0.19854705035686493,1,1,0.1992797553539276
subject_13:sample_0002790,13,2790,1,1,1,1,1,2,0,0.2071254849433899,1,1,0.1948980838060379,1,1,0.1998828649520874,1,1,0.1987544745206833,1,1,0.1993381381034851
subject_13:sample_0002791,13,2791,1,1,1,1,1,2,0,0.20616701245307922,1,1,0.19549229741096497,1,1,0.1992434561252594,1,1,0.19942402839660645,1,1,0.19967222213745117
subject_13:sample_0002792,13,2792,1,1,1,1,1,2,0,0.20564720034599304,1,1,0.1961228996515274,1,1,0.19858697056770325,1,1,0.19988583028316498,1,1,0.19975611567497253
subject_13:sample_0002793,13,2793,1,1,1,1,1,2,0,0.20643934607505798,1,1,0.19623391330242157,1,1,0.19828157126903534,1,1,0.19966135919094086,1,1,0.19938282668590546
subject_13:sample_0002794,13,2794,1,1,1,1,1,2,0,0.20785082876682281,1,1,0.19604991376399994,1,1,0.19803659617900848,1,1,0.19923284649848938,1,1,0.1988288164138794
subject_13:sample_0002795,13,2795,1,1,1,1,1,2,0,0.20918338000774384,1,1,0.19563551247119904,1,1,0.19777865707874298,1,1,0.19893060624599457,1,1,0.19847093522548676
subject_13:sample_0002796,13,2796,1,1,1,1,1,2,0,0.2119201272726059,1,1,0.19473448395729065,1,1,0.19728000462055206,1,1,0.1981562077999115,1,1,0.1979081779718399
subject_13:sample_0002797,13,2797,1,1,1,1,1,2,0,0.21361307799816132,1,1,0.19385860860347748,1,1,0.19732511043548584,1,1,0.1977429836988449,1,1,0.19745931029319763
subject_13:sample_0002798,13,2798,1,1,1,1,1,2,0,0.21479958295822144,1,1,0.19329620897769928,1,1,0.19746050238609314,1,1,0.19730228185653687,1,1,0.19714047014713287
subject_13:sample_0002799,13,2799,1,1,1,1,1,2,0,0.21572013199329376,1,1,0.192783921957016,1,1,0.19755898416042328,1,1,0.19694899022579193,1,1,0.19698695838451385
subject_13:sample_0002800,13,2800,1,1,1,1,1,2,0,0.2162248194217682,1,1,0.19228647649288177,1,1,0.1975562423467636,1,1,0.1968338042497635,1,1,0.1970977783203125
subject_13:sample_0002801,13,2801,1,1,1,1,1,2,0,0.2160160094499588,1,1,0.19198767840862274,1,1,0.19747065007686615,1,1,0.19700920581817627,1,1,0.19751548767089844
subject_13:sample_0002802,13,2802,1,1,1,1,1,2,0,0.21643592417240143,1,1,0.19170498847961426,1,1,0.1973637193441391,1,1,0.19676105678081512,1,1,0.1977333426475525
subject_13:sample_0002803,13,2803,1,1,1,1,1,2,0,0.21590876579284668,1,1,0.19096055626869202,1,1,0.19931747019290924,1,1,0.19552388787269592,1,1,0.19828832149505615
subject_13:sample_0002804,13,2804,1,1,1,1,1,2,0,0.21249856054782867,1,1,0.1877184957265854,1,1,0.21141313016414642,1,1,0.19164173305034637,1,1,0.19672712683677673
subject_13:sample_0002805,13,2805,1,1,1,0,0,0,0,0.21217721700668335,1,1,0.18725721538066864,0,0,0.2130507528781891,1,1,0.19057953357696533,1,1,0.1969342827796936
subject_13:sample_0002806,13,2806,1,1,1,0,0,0,0,0.20814500749111176,1,1,0.18849171698093414,0,0,0.2039463222026825,1,1,0.19151517748832703,1,1,0.20790088176727295
subject_13:sample_0002807,13,2807,1,1,1,0,0,0,0,0.20704257488250732,1,1,0.189858078956604,0,0,0.19995321333408356,1,1,0.19202910363674164,0,0,0.21111613512039185
subject_13:sample_0002808,13,2808,1,1,1,0,0,0,0,0.20819629728794098,1,1,0.19355729222297668,0,0,0.1977541297674179,1,1,0.19500908255577087,2,0,0.20548224449157715
subject_13:sample_0002809,13,2809,1,1,1,0,0,0,0,0.2092822939157486,1,1,0.19627705216407776,0,0,0.19671575725078583,1,1,0.19797734916210175,0,0,0.19974662363529205
subject_13:sample_0002810,13,2810,1,0,0,0,0,0,0,0.20972192287445068,1,1,0.1973104625940323,0,0,0.1967465728521347,1,1,0.19882848858833313,0,0,0.1973915547132492
subject_13:sample_0002811,13,2811,1,0,0,0,0,0,0,0.21061517298221588,1,1,0.1973431557416916,0,0,0.19683799147605896,1,1,0.1979743391275406,0,0,0.1972283124923706
subject_13:sample_0002812,13,2812,1,0,0,0,0,0,0,0.21045441925525665,1,1,0.19789090752601624,0,0,0.19637691974639893,1,1,0.1991405189037323,0,0,0.1961362510919571
subject_13:sample_0002813,13,2813,1,0,0,0,0,0,0,0.2094593644142151,1,1,0.1985316276550293,0,0,0.1965271532535553,1,1,0.2004220336675644,0,0,0.1950588971376419
subject_13:sample_0002814,13,2814,1,0,0,0,0,0,0,0.2073340266942978,1,1,0.2000659555196762,0,0,0.1962532103061676,1,1,0.20343348383903503,0,0,0.19291236996650696
subject_13:sample_0002815,13,2815,1,0,0,0,0,0,0,0.20613649487495422,1,1,0.2008853405714035,0,0,0.19569548964500427,1,1,0.20515595376491547,0,0,0.19212576746940613
subject_13:sample_0002816,13,2816,1,0,0,0,0,0,0,0.2061251699924469,1,1,0.20136034488677979,0,0,0.1947590410709381,1,1,0.2056034654378891,0,0,0.1921509951353073
subject_13:sample_0002817,13,2817,1,0,0,0,0,0,0,0.20795969665050507,1,1,0.20018649101257324,0,0,0.19395096600055695,1,1,0.20355024933815002,0,0,0.19435159862041473
subject_13:sample_0002818,13,2818,1,0,0,0,0,0,0,0.20978067815303802,1,1,0.1984228789806366,0,0,0.19408071041107178,1,1,0.20061397552490234,0,0,0.19710074365139008
subject_13:sample_0002819,13,2819,1,0,0,0,0,0,0,0.2102545201778412,1,1,0.19780424237251282,0,0,0.19570007920265198,1,1,0.1986728459596634,0,0,0.19756735861301422
subject_13:sample_0002820,13,2820,1,2,0,0,0,2,0,0.20927365124225616,2,0,0.19605420529842377,0,0,0.19663506746292114,1,1,0.1930064558982849,2,0,0.20502972602844238
subject_13:sample_0002821,13,2821,1,2,0,0,0,2,0,0.2039259374141693,2,0,0.19610488414764404,2,0,0.20161999762058258,1,1,0.18931333720684052,2,0,0.20903484523296356
subject_13:sample_0002822,13,2822,1,2,0,2,0,2,0,0.2074129283428192,2,0,0.1966843605041504,2,0,0.2086380571126938,1,1,0.1862160861492157,2,0,0.20104758441448212
subject_13:sample_0002823,13,2823,1,1,1,1,1,1,1,0.21155136823654175,1,1,0.19413785636425018,2,0,0.21286682784557343,1,1,0.1868399828672409,1,1,0.19460301101207733
subject_13:sample_0002824,13,2824,1,1,1,1,1,1,1,0.19686853885650635,1,1,0.1961040496826172,2,0,0.22231557965278625,1,1,0.191366508603096,1,1,0.19334439933300018
subject_13:sample_0002825,13,2825,1,1,1,1,1,1,1,0.193947896361351,1,1,0.19812199473381042,2,0,0.22226059436798096,1,1,0.1928458958864212,1,1,0.19282273948192596
subject_13:sample_0002826,13,2826,1,1,1,1,1,1,1,0.1932344287633896,1,1,0.20018090307712555,2,0,0.2207995057106018,1,1,0.19336192309856415,1,1,0.19242222607135773
subject_13:sample_0002827,13,2827,1,1,1,1,1,1,1,0.19313134253025055,1,1,0.20116502046585083,2,0,0.21980717778205872,1,1,0.1936020702123642,1,1,0.19229340553283691
subject_13:sample_0002828,13,2828,1,1,1,1,1,1,1,0.193222776055336,1,1,0.20200596749782562,2,0,0.21865279972553253,1,1,0.1938060075044632,1,1,0.19231143593788147
subject_13:sample_0002829,13,2829,1,1,1,1,1,1,1,0.19339993596076965,1,1,0.20299376547336578,2,0,0.2171102911233902,1,1,0.19407129287719727,1,1,0.1924237459897995
subject_13:sample_0002830,13,2830,1,1,1,1,1,1,1,0.19345501065254211,1,1,0.20599307119846344,2,0,0.21375307440757751,1,1,0.19422005116939545,1,1,0.19257785379886627
subject_13:sample_0002831,13,2831,1,1,1,1,1,1,1,0.19308136403560638,1,1,0.20965394377708435,2,0,0.21090511977672577,1,1,0.19397421181201935,1,1,0.19238443672657013
subject_13:sample_0002832,13,2832,1,1,1,1,1,1,1,0.19213424623012543,1,1,0.21497604250907898,2,0,0.20784202218055725,1,1,0.1933017373085022,1,1,0.19174499809741974
subject_13:sample_0002833,13,2833,1,1,1,1,1,1,1,0.19173796474933624,1,1,0.21776823699474335,2,0,0.20584410429000854,1,1,0.19303077459335327,1,1,0.19161802530288696
subject_13:sample_0002834,13,2834,1,1,1,1,1,1,1,0.19168023765087128,2,0,0.2187218815088272,2,0,0.204803004860878,1,1,0.19299963116645813,1,1,0.1917942613363266
subject_13:sample_0002835,13,2835,1,1,1,1,1,1,1,0.19189634919166565,2,0,0.2186860293149948,2,0,0.2039540708065033,1,1,0.1931322067975998,1,1,0.19233036041259766
subject_13:sample_0002836,13,2836,1,1,1,1,1,1,1,0.19225741922855377,2,0,0.21748504042625427,2,0,0.20367498695850372,1,1,0.19349989295005798,1,1,0.19308173656463623
subject_13:sample_0002837,13,2837,1,1,1,1,1,1,1,0.19277064502239227,2,0,0.2151612490415573,2,0,0.2029825896024704,1,1,0.19418703019618988,1,1,0.1948975771665573
subject_13:sample_0002838,13,2838,1,1,1,1,1,1,1,0.19323530793190002,2,0,0.21166974306106567,2,0,0.20227310061454773,1,1,0.1948569267988205,1,1,0.19796395301818848
subject_13:sample_0002839,13,2839,1,1,1,1,1,1,1,0.19264894723892212,2,0,0.20707766711711884,2,0,0.20054683089256287,1,1,0.19483038783073425,1,1,0.20489519834518433
subject_13:sample_0002840,13,2840,1,1,1,1,1,1,1,0.1910697966814041,2,0,0.20217594504356384,2,0,0.19825154542922974,1,1,0.19400890171527863,1,1,0.21449287235736847
subject_13:sample_0002841,13,2841,1,2,0,1,1,1,1,0.19025151431560516,2,0,0.19817931950092316,2,0,0.19719256460666656,1,1,0.1943882554769516,2,0,0.21998731791973114
subject_13:sample_0002842,13,2842,1,2,0,2,0,1,1,0.19415217638015747,2,0,0.19976907968521118,2,0,0.20270314812660217,1,1,0.20083723962306976,2,0,0.2025374174118042
subject_13:sample_0002843,13,2843,1,2,0,2,0,1,1,0.19434459507465363,2,0,0.19838391244411469,2,0,0.204558327794075,1,1,0.20520195364952087,2,0,0.1975102573633194
subject_13:sample_0002844,13,2844,1,2,0,2,0,1,1,0.19465836882591248,2,0,0.1955437809228897,2,0,0.20278143882751465,1,1,0.21176214516162872,2,0,0.19525328278541565
subject_13:sample_0002845,13,2845,1,2,0,2,0,1,1,0.19467498362064362,2,0,0.19004131853580475,2,0,0.19861480593681335,1,1,0.22710922360420227,2,0,0.18955866992473602
subject_13:sample_0002846,13,2846,1,2,0,2,0,1,1,0.2022566944360733,2,0,0.19179244339466095,2,0,0.2009696364402771,2,0,0.21538521349430084,2,0,0.18959510326385498
subject_13:sample_0002847,13,2847,1,2,0,2,0,1,1,0.21002361178398132,2,0,0.19908557832241058,2,0,0.20389921963214874,2,0,0.1981944441795349,2,0,0.18879617750644684
subject_13:sample_0002848,13,2848,1,2,0,2,0,2,0,0.2111658900976181,2,0,0.203170046210289,2,0,0.20837898552417755,2,0,0.1916603147983551,2,0,0.18562379479408264
subject_13:sample_0002849,13,2849,1,2,0,2,0,2,0,0.18850894272327423,2,0,0.2195361703634262,2,0,0.21793296933174133,2,0,0.1889602541923523,2,0,0.18506072461605072
subject_13:sample_0002850,13,2850,1,2,0,2,0,2,0,0.1860552281141281,2,0,0.22256338596343994,2,0,0.220257967710495,2,0,0.18205617368221283,2,0,0.18906629085540771
subject_13:sample_0002851,13,2851,1,2,0,2,0,2,0,0.18492116034030914,2,0,0.22272562980651855,2,0,0.2219417542219162,2,0,0.17956067621707916,2,0,0.19084981083869934
subject_13:sample_0002852,13,2852,1,2,0,2,0,2,0,0.1845441609621048,2,0,0.22311058640480042,2,0,0.22181691229343414,2,0,0.18161188066005707,2,0,0.18891550600528717
subject_13:sample_0002853,13,2853,1,2,0,2,0,2,0,0.18122762441635132,2,0,0.22317224740982056,2,0,0.22813399136066437,2,0,0.18214769661426544,2,0,0.18531741201877594
subject_13:sample_0002854,13,2854,1,2,0,2,0,2,0,0.17762796580791473,2,0,0.22014710307121277,2,0,0.23351329565048218,2,0,0.18771789968013763,2,0,0.18099276721477509
subject_13:sample_0002855,13,2855,1,2,0,2,0,2,0,0.17777231335639954,2,0,0.2117801308631897,2,0,0.22289927303791046,2,0,0.2133893370628357,2,0,0.174157977104187
subject_13:sample_0002856,13,2856,1,2,0,2,0,2,0,0.1918385624885559,2,0,0.20648209750652313,2,0,0.2130923867225647,2,0,0.22352802753448486,2,0,0.165057972073555
subject_13:sample_0002857,13,2857,1,2,0,0,0,2,0,0.20656271278858185,2,0,0.2093246728181839,2,0,0.194876566529274,0,0,0.21046552062034607,2,0,0.17876963317394257
subject_13:sample_0002858,13,2858,1,2,0,0,0,2,0,0.20893289148807526,2,0,0.2110586315393448,0,0,0.1767909973859787,0,0,0.19540202617645264,2,0,0.20781445503234863
subject_13:sample_0002859,13,2859,1,0,0,0,0,2,0,0.2073037028312683,0,0,0.1928883194923401,0,0,0.17784887552261353,0,0,0.19505353271961212,2,0,0.22690466046333313
subject_13:sample_0002860,13,2860,1,0,0,0,0,0,0,0.1923220306634903,0,0,0.19574986398220062,0,0,0.18266481161117554,0,0,0.20290690660476685,2,0,0.22635547816753387
subject_13:sample_0002861,13,2861,1,0,0,0,0,0,0,0.19907794892787933,0,0,0.19862312078475952,0,0,0.18759171664714813,0,0,0.2124066948890686,0,0,0.2022995948791504
subject_13:sample_0002862,13,2862,1,0,0,0,0,0,0,0.1975918412208557,0,0,0.20299255847930908,0,0,0.18909808993339539,0,0,0.21424858272075653,0,0,0.1960679292678833
subject_13:sample_0002863,13,2863,1,0,0,0,0,0,0,0.19533228874206543,0,0,0.20188923180103302,0,0,0.19097889959812164,0,0,0.21452286839485168,0,0,0.19727569818496704
subject_13:sample_0002864,13,2864,1,0,0,0,0,0,0,0.19466377794742584,0,0,0.20114803314208984,0,0,0.1917337328195572,0,0,0.21417714655399323,0,0,0.19827638566493988
subject_13:sample_0002865,13,2865,1,0,0,0,0,0,0,0.1945536881685257,0,0,0.20078393816947937,0,0,0.19244800508022308,0,0,0.21361498534679413,0,0,0.1985984444618225
subject_13:sample_0002866,13,2866,1,0,0,0,0,0,0,0.19443857669830322,0,0,0.20028522610664368,0,0,0.19318564236164093,0,0,0.21303263306617737,0,0,0.19905690848827362
subject_13:sample_0002867,13,2867,1,0,0,0,0,0,0,0.1947554349899292,0,0,0.200245201587677,0,0,0.1936720907688141,0,0,0.21244581043720245,0,0,0.19888049364089966
subject_13:sample_0002868,13,2868,1,0,0,0,0,0,0,0.19483843445777893,0,0,0.19983436167240143,0,0,0.1950874924659729,0,0,0.21162720024585724,0,0,0.1986115723848343
subject_13:sample_0002869,13,2869,1,0,0,0,0,0,0,0.19511713087558746,0,0,0.19899293780326843,0,0,0.19622988998889923,0,0,0.21080853044986725,0,0,0.19885051250457764
subject_13:sample_0002870,13,2870,1,0,0,0,0,0,0,0.1964273750782013,0,0,0.1975034475326538,0,0,0.19747747480869293,0,0,0.20928312838077545,0,0,0.1993076205253601
subject_13:sample_0002871,13,2871,1,0,0,0,0,0,0,0.19713641703128815,0,0,0.19712281227111816,0,0,0.19783882796764374,0,0,0.2090669572353363,0,0,0.19883398711681366
subject_13:sample_0002872,13,2872,1,0,0,0,0,0,0,0.19810080528259277,0,0,0.19759683310985565,0,0,0.1979348063468933,0,0,0.20843857526779175,0,0,0.1979280710220337
subject_13:sample_0002873,13,2873,1,0,0,0,0,0,0,0.19893647730350494,0,0,0.19881044328212738,0,0,0.19791527092456818,0,0,0.20763294398784637,0,0,0.19670386612415314
subject_13:sample_0002874,13,2874,1,0,0,0,0,0,0,0.19918721914291382,0,0,0.19962432980537415,0,0,0.1984451860189438,0,0,0.20693732798099518,0,0,0.1958049088716507
subject_13:sample_0002875,13,2875,1,0,0,0,0,0,0,0.19912290573120117,0,0,0.20041145384311676,0,0,0.19935636222362518,0,0,0.20617111027240753,0,0,0.19493721425533295
subject_13:sample_0002876,13,2876,1,0,0,0,0,0,0,0.19908955693244934,0,0,0.2006244957447052,0,0,0.20093578100204468,0,0,0.20504318177700043,0,0,0.19430597126483917
subject_13:sample_0002877,13,2877,1,0,0,0,0,0,0,0.1986793726682663,0,0,0.2005026638507843,0,0,0.20353783667087555,0,0,0.203314870595932,0,0,0.19396424293518066
subject_13:sample_0002878,13,2878,1,0,0,0,0,0,0,0.19777226448059082,0,0,0.20007279515266418,0,0,0.2064899355173111,0,0,0.20195160806179047,0,0,0.19371247291564941
subject_13:sample_0002879,13,2879,1,0,0,0,0,0,0,0.19710446894168854,0,0,0.19962014257907867,0,0,0.208418071269989,0,0,0.20161287486553192,0,0,0.19324351847171783
subject_13:sample_0002880,13,2880,1,0,0,0,0,0,0,0.19670146703720093,0,0,0.19929242134094238,0,0,0.21015624701976776,0,0,0.20161780714988708,0,0,0.1922311782836914
subject_13:sample_0002881,13,2881,1,0,0,0,0,0,0,0.19632688164710999,0,0,0.19917048513889313,0,0,0.21192507445812225,0,0,0.20193997025489807,0,0,0.19063664972782135
subject_13:sample_0002882,13,2882,1,0,0,0,0,0,0,0.19537021219730377,0,0,0.19926796853542328,0,0,0.21283717453479767,0,0,0.20269177854061127,0,0,0.18983188271522522
subject_13:sample_0002883,13,2883,1,0,0,0,0,0,0,0.19500494003295898,0,0,0.19945257902145386,0,0,0.21308688819408417,0,0,0.20313163101673126,0,0,0.18932297825813293
subject_13:sample_0002884,13,2884,1,0,0,0,0,0,0,0.195326566696167,0,0,0.20022791624069214,0,0,0.21336622536182404,0,0,0.20152218639850616,0,0,0.18955610692501068
subject_13:sample_0002885,13,2885,1,0,0,0,0,0,0,0.19609269499778748,0,0,0.2017156034708023,0,0,0.21461182832717896,0,0,0.19710807502269745,0,0,0.19047079980373383
subject_13:sample_0002886,13,2886,1,0,0,0,0,0,0,0.1968582719564438,0,0,0.20251251757144928,0,0,0.21312446892261505,0,0,0.19597689807415009,0,0,0.19152690470218658
subject_13:sample_0002887,13,2887,1,0,0,0,0,0,0,0.19716237485408783,0,0,0.2028311938047409,0,0,0.21177999675273895,0,0,0.1960565447807312,0,0,0.19216889142990112
subject_13:sample_0002888,13,2888,1,0,0,0,0,0,0,0.19700872898101807,0,0,0.20295275747776031,0,0,0.2119547575712204,0,0,0.1959095448255539,0,0,0.19217321276664734
subject_13:sample_0002889,13,2889,1,0,0,0,0,0,0,0.19670212268829346,0,0,0.2029811292886734,0,0,0.2127932608127594,0,0,0.19564226269721985,0,0,0.1918802410364151
subject_13:sample_0002890,13,2890,1,0,0,0,0,0,0,0.19676966965198517,0,0,0.20301710069179535,0,0,0.2122340053319931,0,0,0.19599752128124237,0,0,0.19198070466518402
subject_13:sample_0002891,13,2891,1,0,0,0,0,0,0,0.19673216342926025,0,0,0.20301444828510284,0,0,0.2124137133359909,0,0,0.19606460630893707,0,0,0.19177407026290894
subject_13:sample_0002892,13,2892,1,0,0,0,0,0,0,0.19645094871520996,0,0,0.20284925401210785,0,0,0.21411681175231934,0,0,0.1955331414937973,0,0,0.1910487860441208
subject_13:sample_0002893,13,2893,1,0,0,0,0,0,0,0.1961081475019455,0,0,0.2024966925382614,0,0,0.21669769287109375,0,0,0.1946178674697876,0,0,0.19007867574691772
subject_13:sample_0002894,13,2894,1,0,0,0,0,0,0,0.1952694207429886,0,0,0.2020210176706314,0,0,0.2212582379579544,0,0,0.1928253024816513,0,0,0.1886250376701355
subject_13:sample_0002895,13,2895,1,0,0,0,0,0,0,0.1944962441921234,0,0,0.2015218883752823,0,0,0.2259347289800644,0,0,0.19085679948329926,0,0,0.18718944489955902
subject_13:sample_0002896,13,2896,1,0,0,0,0,0,0,0.19411645829677582,0,0,0.20101800560951233,0,0,0.22962668538093567,0,0,0.18914704024791718,0,0,0.18609079718589783
subject_13:sample_0002897,13,2897,1,0,0,0,0,0,0,0.19397030770778656,0,0,0.20052748918533325,0,0,0.2328607589006424,0,0,0.18742315471172333,0,0,0.1852172613143921
subject_13:sample_0002898,13,2898,1,0,0,0,0,0,0,0.19413720071315765,0,0,0.19987307488918304,0,0,0.2339562326669693,0,0,0.18666303157806396,0,0,0.18536943197250366
subject_13:sample_0002899,13,2899,1,0,0,0,0,0,0,0.19436898827552795,0,0,0.19900944828987122,0,0,0.23235531151294708,0,0,0.18717019259929657,0,0,0.18709513545036316
subject_13:sample_0002900,13,2900,1,0,0,0,0,0,0,0.19426016509532928,0,0,0.19818095862865448,0,0,0.2301846295595169,0,0,0.1881261020898819,0,0,0.18924717605113983
subject_13:sample_0002901,13,2901,1,0,0,0,0,0,0,0.19400334358215332,0,0,0.1972009837627411,0,0,0.22824379801750183,0,0,0.18927985429763794,0,0,0.1912710964679718
subject_13:sample_0002902,13,2902,1,0,0,0,0,0,0,0.1939200609922409,0,0,0.19640065729618073,0,0,0.22551962733268738,0,0,0.1914147287607193,0,0,0.19274401664733887
subject_13:sample_0002903,13,2903,1,0,0,0,0,0,0,0.1940627247095108,0,0,0.19576561450958252,0,0,0.22262218594551086,0,0,0.19409619271755219,0,0,0.193452388048172
subject_13:sample_0002904,13,2904,1,0,0,0,0,0,0,0.1943589746952057,0,0,0.19525982439517975,0,0,0.22028882801532745,0,0,0.19657102227210999,0,0,0.1935204565525055
subject_13:sample_0002905,13,2905,1,0,0,0,0,0,0,0.1948176622390747,0,0,0.19512034952640533,0,0,0.21789242327213287,0,0,0.19897668063640594,0,0,0.19319187104701996
subject_13:sample_0002906,13,2906,1,0,0,0,0,0,0,0.19535957276821136,0,0,0.19559195637702942,0,0,0.21565844118595123,0,0,0.2006053924560547,0,0,0.1927836537361145
subject_13:sample_0002907,13,2907,1,0,0,0,0,0,0,0.19573132693767548,0,0,0.19612020254135132,0,0,0.21404629945755005,0,0,0.2015618532896042,0,0,0.1925392746925354
subject_13:sample_0002908,13,2908,1,0,0,0,0,0,0,0.1959616094827652,0,0,0.19657550752162933,0,0,0.21263913810253143,0,0,0.20233404636383057,0,0,0.19248871505260468
subject_13:sample_0002909,13,2909,1,0,0,0,0,0,0,0.19605910778045654,0,0,0.19668374955654144,0,0,0.2115044891834259,0,0,0.2028680294752121,0,0,0.19288362562656403
subject_13:sample_0002910,13,2910,1,0,0,0,0,0,0,0.19603438675403595,0,0,0.1964360922574997,0,0,0.2107996940612793,0,0,0.20303334295749664,0,0,0.1936955451965332
subject_13:sample_0002911,13,2911,1,0,0,0,0,0,0,0.19593113660812378,0,0,0.19616281986236572,0,0,0.21033194661140442,0,0,0.20289689302444458,0,0,0.19467628002166748
subject_13:sample_0002912,13,2912,1,0,0,0,0,0,0,0.19576556980609894,0,0,0.19592954218387604,0,0,0.20988845825195312,0,0,0.20270325243473053,0,0,0.19571219384670258
subject_13:sample_0002913,13,2913,1,0,0,0,0,0,0,0.19565661251544952,0,0,0.19580228626728058,0,0,0.20956702530384064,0,0,0.20230424404144287,0,0,0.1966688483953476
subject_13:sample_0002914,13,2914,1,0,0,0,0,0,0,0.19562794268131256,0,0,0.19554933905601501,0,0,0.2091762125492096,0,0,0.20178785920143127,0,0,0.19785760343074799
subject_13:sample_0002915,13,2915,1,0,0,0,0,0,0,0.19531673192977905,0,0,0.19526048004627228,0,0,0.20836058259010315,0,0,0.20118498802185059,0,0,0.19987627863883972
subject_13:sample_0002916,13,2916,1,0,0,0,0,0,0,0.19526584446430206,0,0,0.195201113820076,0,0,0.20789414644241333,0,0,0.20070499181747437,0,0,0.20093291997909546
subject_13:sample_0002917,13,2917,1,0,0,0,0,0,0,0.19541269540786743,0,0,0.19522014260292053,0,0,0.20754142105579376,0,0,0.2003466635942459,0,0,0.20147819817066193
subject_13:sample_0002918,13,2918,1,0,0,0,0,0,0,0.19569705426692963,0,0,0.19544096291065216,0,0,0.20754599571228027,0,0,0.19983388483524323,0,0,0.20148108899593353
subject_13:sample_0002919,13,2919,1,0,0,0,0,0,0,0.19568730890750885,0,0,0.1957513689994812,0,0,0.20757146179676056,0,0,0.19928477704524994,0,0,0.20170408487319946
subject_13:sample_0002920,13,2920,1,0,0,0,0,0,0,0.19602985680103302,0,0,0.1961243748664856,0,0,0.20762041211128235,0,0,0.19830018281936646,0,0,0.2019241601228714
subject_13:sample_0002921,13,2921,1,0,0,0,0,0,0,0.19663105905056,0,0,0.19663271307945251,0,0,0.20782673358917236,0,0,0.19693288207054138,0,0,0.20197568833827972
subject_13:sample_0002922,13,2922,1,0,0,0,0,0,0,0.19720378518104553,0,0,0.1972254365682602,0,0,0.20843854546546936,0,0,0.19508138298988342,0,0,0.2020498663187027
subject_13:sample_0002923,13,2923,1,0,0,0,0,0,0,0.19767245650291443,0,0,0.19767387211322784,0,0,0.20905612409114838,0,0,0.19320553541183472,0,0,0.20239107310771942
subject_13:sample_0002924,13,2924,1,0,0,0,0,0,0,0.19765345752239227,0,0,0.19808626174926758,0,0,0.20939816534519196,0,0,0.19176040589809418,0,0,0.20310078561306
subject_13:sample_0002925,13,2925,1,0,0,0,0,0,0,0.1976252943277359,0,0,0.19852857291698456,0,0,0.20966018736362457,0,0,0.190339133143425,0,0,0.20384584367275238
subject_13:sample_0002926,13,2926,1,0,0,0,0,0,0,0.1976025253534317,0,0,0.19891399145126343,0,0,0.20974929630756378,0,0,0.189240500330925,0,0,0.2044927328824997
subject_13:sample_0002927,13,2927,1,0,0,0,0,0,0,0.1976379156112671,0,0,0.19912156462669373,0,0,0.20943744480609894,0,0,0.18897171318531036,0,0,0.20483042299747467
subject_13:sample_0002928,13,2928,1,0,0,0,0,0,0,0.19773587584495544,0,0,0.19949723780155182,0,0,0.20908941328525543,0,0,0.18868115544319153,0,0,0.20499536395072937
subject_13:sample_0002929,13,2929,1,0,0,0,0,0,0,0.19787493348121643,0,0,0.19978785514831543,0,0,0.20888520777225494,0,0,0.18818289041519165,0,0,0.20526815950870514
subject_13:sample_0002930,13,2930,1,0,0,0,0,0,0,0.1980629563331604,0,0,0.19992849230766296,0,0,0.20871596038341522,0,0,0.18793508410453796,0,0,0.20535652339458466
subject_13:sample_0002931,13,2931,1,0,0,0,0,0,0,0.19834721088409424,0,0,0.1999468058347702,0,0,0.20868058502674103,0,0,0.1876259595155716,0,0,0.2053985297679901
subject_13:sample_0002932,13,2932,1,0,0,0,0,0,0,0.19869501888751984,0,0,0.19963037967681885,0,0,0.20860974490642548,0,0,0.18760162591934204,0,0,0.20546233654022217
subject_13:sample_0002933,13,2933,1,0,0,0,0,0,0,0.1991412341594696,0,0,0.19898857176303864,0,0,0.20858050882816315,0,0,0.1876353919506073,0,0,0.2056533396244049
subject_13:sample_0002934,13,2934,1,0,0,0,0,0,0,0.19950076937675476,0,0,0.19846586883068085,0,0,0.2084740698337555,0,0,0.18767940998077393,0,0,0.20587892830371857
subject_13:sample_0002935,13,2935,1,0,0,0,0,0,0,0.19965559244155884,0,0,0.19801253080368042,0,0,0.20820564031600952,0,0,0.18805468082427979,0,0,0.20607057213783264
subject_13:sample_0002936,13,2936,1,0,0,0,0,0,0,0.19957339763641357,0,0,0.1966763436794281,0,0,0.20851454138755798,0,0,0.18852218985557556,0,0,0.206712543964386
subject_13:sample_0002937,13,2937,1,0,0,0,0,0,0,0.19278068840503693,0,0,0.18961700797080994,0,0,0.20781993865966797,0,0,0.2036217749118805,0,0,0.20615962147712708
subject_13:sample_0002938,13,2938,1,0,0,0,0,0,0,0.17965248227119446,0,0,0.1859416961669922,0,0,0.20981796085834503,2,0,0.2161669284105301,0,0,0.20841994881629944
subject_13:sample_0002939,13,2939,1,0,0,0,0,0,0,0.17991821467876434,0,0,0.18927335739135742,0,0,0.209488183259964,2,0,0.213339164853096,0,0,0.20798005163669586
subject_13:sample_0002940,13,2940,1,0,0,0,0,0,0,0.18121269345283508,0,0,0.1978820115327835,0,0,0.2079651802778244,2,0,0.20675235986709595,0,0,0.20618686079978943
subject_13:sample_0002941,13,2941,1,0,0,0,0,0,0,0.18128061294555664,0,0,0.21067306399345398,0,0,0.20467448234558105,2,0,0.20087292790412903,0,0,0.20249797403812408
subject_13:sample_0002942,13,2942,1,0,0,0,0,0,0,0.18265360593795776,2,0,0.21473243832588196,0,0,0.20344318449497223,2,0,0.19830955564975739,0,0,0.2008601725101471
subject_13:sample_0002943,13,2943,1,0,0,0,0,0,0,0.1854768693447113,2,0,0.2149433195590973,0,0,0.2026234120130539,2,0,0.19679154455661774,0,0,0.20016390085220337
subject_13:sample_0002944,13,2944,1,0,0,0,0,0,0,0.1894209235906601,2,0,0.21566300094127655,0,0,0.20050427317619324,2,0,0.19516991078853607,0,0,0.19924095273017883
subject_13:sample_0002945,13,2945,1,0,0,0,0,0,0,0.1923922300338745,2,0,0.21541868150234222,0,0,0.1987178772687912,2,0,0.194915771484375,0,0,0.19855450093746185
subject_13:sample_0002946,13,2946,1,0,0,0,0,0,0,0.1972675770521164,2,0,0.21542826294898987,0,0,0.19539254903793335,2,0,0.19557245075702667,0,0,0.1963382214307785
subject_13:sample_0002947,13,2947,1,0,0,0,0,0,0,0.20192891359329224,2,0,0.2157180905342102,0,0,0.1925971955060959,2,0,0.19643977284431458,0,0,0.1933150440454483
subject_13:sample_0002948,13,2948,1,2,0,0,0,0,0,0.2060498148202896,2,0,0.21663311123847961,0,0,0.190593883395195,2,0,0.19743764400482178,0,0,0.18928459286689758
subject_13:sample_0002949,13,2949,1,2,0,0,0,0,0,0.2061454951763153,2,0,0.21723884344100952,0,0,0.1911322921514511,2,0,0.19763055443763733,0,0,0.18785183131694794
subject_13:sample_0002950,13,2950,2,2,1,2,1,2,1,0.1997077912092209,2,1,0.2030760794878006,2,1,0.19993823766708374,2,1,0.19783338904380798,2,1,0.19944359362125397
subject_13:sample_0002951,13,2951,2,2,1,2,1,2,1,0.19956599175930023,2,1,0.20307132601737976,2,1,0.19992555677890778,2,1,0.19788891077041626,2,1,0.19954723119735718
subject_13:sample_0002952,13,2952,2,2,1,2,1,2,1,0.1994793862104416,2,1,0.20308253169059753,2,1,0.1999022215604782,2,1,0.19791626930236816,2,1,0.19961859285831451
subject_13:sample_0002953,13,2953,2,2,1,2,1,2,1,0.19935698807239532,2,1,0.20308226346969604,2,1,0.199872687458992,2,1,0.19796715676784515,2,1,0.19971993565559387
subject_13:sample_0002954,13,2954,2,2,1,2,1,2,1,0.19917032122612,2,1,0.20314271748065948,2,1,0.1998002678155899,2,1,0.1980484127998352,2,1,0.19983729720115662
subject_13:sample_0002955,13,2955,2,2,1,2,1,2,1,0.1990271955728531,2,1,0.20318247377872467,2,1,0.1996994912624359,2,1,0.19811612367630005,2,1,0.1999737024307251
subject_13:sample_0002956,13,2956,2,2,1,2,1,2,1,0.19898660480976105,2,1,0.20321917533874512,2,1,0.19960317015647888,2,1,0.198121577501297,2,1,0.20006853342056274
subject_13:sample_0002957,13,2957,2,2,1,2,1,2,1,0.19893872737884521,2,1,0.20329953730106354,2,1,0.19951173663139343,2,1,0.19812312722206116,2,1,0.20012591779232025
subject_13:sample_0002958,13,2958,2,2,1,2,1,2,1,0.1989162713289261,2,1,0.20344018936157227,2,1,0.19936370849609375,2,1,0.19809861481189728,2,1,0.2001802623271942
subject_13:sample_0002959,13,2959,2,2,1,2,1,2,1,0.19889098405838013,2,1,0.2036076933145523,2,1,0.19920426607131958,2,1,0.1980641782283783,2,1,0.2002319097518921
subject_13:sample_0002960,13,2960,2,2,1,2,1,2,1,0.19888387620449066,2,1,0.20377710461616516,2,1,0.19902990758419037,2,1,0.19803492724895477,2,1,0.20027318596839905
subject_13:sample_0002961,13,2961,2,2,1,2,1,2,1,0.1988736093044281,2,1,0.20387154817581177,2,1,0.19894632697105408,2,1,0.19800665974617004,2,1,0.2003009021282196
subject_13:sample_0002962,13,2962,2,2,1,2,1,2,1,0.19886977970600128,2,1,0.20398201048374176,2,1,0.1988605260848999,2,1,0.1979863941669464,2,1,0.20030033588409424
subject_13:sample_0002963,13,2963,2,2,1,2,1,2,1,0.19886040687561035,2,1,0.20409168303012848,2,1,0.19877289235591888,2,1,0.1979624181985855,2,1,0.20031166076660156
subject_13:sample_0002964,13,2964,2,2,1,2,1,2,1,0.19884897768497467,2,1,0.20415298640727997,2,1,0.19874504208564758,2,1,0.19794660806655884,2,1,0.20030541718006134
subject_13:sample_0002965,13,2965,2,2,1,2,1,2,1,0.1988588273525238,2,1,0.2041928470134735,2,1,0.19874422252178192,2,1,0.19791065156459808,2,1,0.20029252767562866
subject_13:sample_0002966,13,2966,2,2,1,2,1,2,1,0.19886721670627594,2,1,0.2042226940393448,2,1,0.198728546500206,2,1,0.19787435233592987,2,1,0.20030620694160461
subject_13:sample_0002967,13,2967,2,2,1,2,1,2,1,0.19885987043380737,2,1,0.2042747139930725,2,1,0.19867156445980072,2,1,0.1978401243686676,2,1,0.20035266876220703
subject_13:sample_0002968,13,2968,2,2,1,2,1,2,1,0.19885070621967316,2,1,0.20421946048736572,2,1,0.19876240193843842,2,1,0.1977849155664444,2,1,0.2003815770149231
subject_13:sample_0002969,13,2969,2,2,1,2,1,2,1,0.1988343894481659,2,1,0.2041376382112503,2,1,0.19892753660678864,2,1,0.19771148264408112,2,1,0.20038798451423645
subject_13:sample_0002970,13,2970,2,2,1,2,1,2,1,0.19884023070335388,2,1,0.20405063033103943,2,1,0.1990838199853897,2,1,0.1976393312215805,2,1,0.2003849744796753
subject_13:sample_0002971,13,2971,2,2,1,2,1,2,1,0.1988505870103836,2,1,0.203973188996315,2,1,0.19919969141483307,2,1,0.1975819170475006,2,1,0.20039363205432892
subject_13:sample_0002972,13,2972,2,2,1,2,1,2,1,0.19884440302848816,2,1,0.20390501618385315,2,1,0.1993076652288437,2,1,0.19751638174057007,2,1,0.20042553544044495
subject_13:sample_0002973,13,2973,2,2,1,2,1,2,1,0.1988375335931778,2,1,0.20383301377296448,2,1,0.19940286874771118,2,1,0.19745218753814697,2,1,0.20047345757484436
subject_13:sample_0002974,13,2974,2,2,1,2,1,2,1,0.1988840401172638,2,1,0.20369887351989746,2,1,0.1995343565940857,2,1,0.19739143550395966,2,1,0.20049026608467102
subject_13:sample_0002975,13,2975,2,2,1,2,1,2,1,0.19895057380199432,2,1,0.20357869565486908,2,1,0.19966891407966614,2,1,0.1973099708557129,2,1,0.2004908323287964
subject_13:sample_0002976,13,2976,2,2,1,2,1,2,1,0.1990814059972763,2,1,0.20341439545154572,2,1,0.19982141256332397,2,1,0.19721829891204834,2,1,0.2004634439945221
subject_13:sample_0002977,13,2977,2,2,1,2,1,2,1,0.1992008239030838,2,1,0.203262597322464,2,1,0.19993111491203308,2,1,0.19715265929698944,2,1,0.2004518359899521
subject_13:sample_0002978,13,2978,2,2,1,2,1,2,1,0.19934985041618347,2,1,0.20312875509262085,2,1,0.20002204179763794,2,1,0.19707855582237244,2,1,0.2004198133945465
subject_13:sample_0002979,13,2979,2,2,1,2,1,2,1,0.1994943469762802,2,1,0.2030172199010849,2,1,0.20009197294712067,2,1,0.19701293110847473,2,1,0.2003825455904007
subject_13:sample_0002980,13,2980,2,2,1,2,1,2,1,0.19968652725219727,2,1,0.20292621850967407,2,1,0.20015136897563934,2,1,0.1969141811132431,2,1,0.20032081007957458
subject_13:sample_0002981,13,2981,2,2,1,2,1,2,1,0.19996613264083862,2,1,0.20282377302646637,2,1,0.2002028524875641,2,1,0.19679968059062958,2,1,0.20020660758018494
subject_13:sample_0002982,13,2982,2,2,1,2,1,2,1,0.20024453103542328,2,1,0.20273691415786743,2,1,0.2002318799495697,2,1,0.19669368863105774,2,1,0.20009197294712067
subject_13:sample_0002983,13,2983,2,2,1,2,1,2,1,0.20049817860126495,2,1,0.20266085863113403,2,1,0.20024549961090088,2,1,0.19660089910030365,2,1,0.1999935507774353
subject_13:sample_0002984,13,2984,2,2,1,2,1,2,1,0.20078618824481964,2,1,0.20256130397319794,2,1,0.2002556025981903,2,1,0.19650065898895264,2,1,0.19989530742168427
subject_13:sample_0002985,13,2985,2,2,1,2,1,2,1,0.2010662704706192,2,1,0.20245805382728577,2,1,0.20026220381259918,2,1,0.19641856849193573,2,1,0.1997939646244049
subject_13:sample_0002986,13,2986,2,2,1,2,1,2,1,0.20130005478858948,2,1,0.20234732329845428,2,1,0.20027200877666473,2,1,0.19636134803295135,2,1,0.19971834123134613
subject_13:sample_0002987,13,2987,2,2,1,2,1,2,1,0.20155175030231476,2,1,0.20220473408699036,2,1,0.20029793679714203,2,1,0.1963026374578476,2,1,0.19964207708835602
subject_13:sample_0002988,13,2988,2,2,1,2,1,2,1,0.20177635550498962,2,1,0.20205657184123993,2,1,0.20033513009548187,2,1,0.19625113904476166,2,1,0.1995798945426941
subject_13:sample_0002989,13,2989,2,2,1,2,1,2,1,0.20195411145687103,2,1,0.20189253985881805,2,1,0.20039568841457367,2,1,0.19621819257736206,2,1,0.1995384842157364
subject_13:sample_0002990,13,2990,2,2,1,2,1,2,1,0.20204107463359833,2,1,0.20174072682857513,2,1,0.20047272741794586,2,1,0.19621984660625458,2,1,0.1995246708393097
subject_13:sample_0002991,13,2991,2,2,1,2,1,2,1,0.20208513736724854,2,1,0.20158903300762177,2,1,0.20056314766407013,2,1,0.19625617563724518,2,1,0.1995055228471756
subject_13:sample_0002992,13,2992,2,2,1,2,1,2,1,0.20209330320358276,2,1,0.20144963264465332,2,1,0.20065779983997345,2,1,0.19630461931228638,2,1,0.1994936317205429
subject_13:sample_0002993,13,2993,2,2,1,2,1,2,1,0.20205742120742798,2,1,0.2013501673936844,2,1,0.20073743164539337,2,1,0.19635115563869476,2,1,0.19950281083583832
subject_13:sample_0002994,13,2994,2,2,1,2,1,2,1,0.20203183591365814,2,1,0.20125547051429749,2,1,0.20080317556858063,2,1,0.19639664888381958,2,1,0.19951193034648895
subject_13:sample_0002995,13,2995,2,2,1,2,1,2,1,0.2019776552915573,2,1,0.20115545392036438,2,1,0.20086884498596191,2,1,0.19644975662231445,2,1,0.19954732060432434
subject_13:sample_0002996,13,2996,2,2,1,2,1,2,1,0.20191361010074615,2,1,0.20103375613689423,2,1,0.2009286731481552,2,1,0.1965101659297943,2,1,0.19961293041706085
subject_13:sample_0002997,13,2997,2,2,1,2,1,2,1,0.20186848938465118,2,1,0.2009388655424118,2,1,0.20094725489616394,2,1,0.19656670093536377,2,1,0.19967769086360931
subject_13:sample_0002998,13,2998,2,2,1,2,1,2,1,0.20185965299606323,2,1,0.20083852112293243,2,1,0.20092211663722992,2,1,0.19664372503757477,2,1,0.19973500072956085
subject_13:sample_0002999,13,2999,2,2,1,2,1,2,1,0.20179592072963715,2,1,0.20083913207054138,2,1,0.20085786283016205,2,1,0.19672097265720367,2,1,0.19978517293930054
subject_13:sample_0003000,13,3000,2,2,1,2,1,2,1,0.2017166167497635,2,1,0.20091290771961212,2,1,0.20075689256191254,2,1,0.19679056107997894,2,1,0.19982211291790009
subject_13:sample_0003001,13,3001,2,2,1,2,1,2,1,0.2016022950410843,2,1,0.20084060728549957,2,1,0.20068302750587463,2,1,0.19696228206157684,2,1,0.19991083443164825
subject_13:sample_0003002,13,3002,2,2,1,2,1,2,1,0.20145893096923828,2,1,0.2006431668996811,2,1,0.20066148042678833,2,1,0.19719861447811127,2,1,0.20003683865070343
subject_13:sample_0003003,13,3003,2,2,1,2,1,2,1,0.20131102204322815,2,1,0.20044909417629242,2,1,0.20061425864696503,2,1,0.1974853277206421,2,1,0.20013929903507233
subject_13:sample_0003004,13,3004,2,2,1,2,1,2,1,0.201163649559021,2,1,0.20020031929016113,2,1,0.20054832100868225,2,1,0.19785712659358978,2,1,0.20022957026958466
subject_13:sample_0003005,13,3005,2,2,1,2,1,2,1,0.20110300183296204,2,1,0.19992947578430176,2,1,0.20046384632587433,2,1,0.1981974095106125,2,1,0.2003052532672882
subject_13:sample_0003006,13,3006,2,2,1,2,1,2,1,0.2010900378227234,2,1,0.1996856927871704,2,1,0.20038467645645142,2,1,0.1984652280807495,2,1,0.20037342607975006
subject_13:sample_0003007,13,3007,2,2,1,2,1,2,1,0.2010725736618042,2,1,0.19948221743106842,2,1,0.20028546452522278,2,1,0.19867052137851715,2,1,0.20048820972442627
subject_13:sample_0003008,13,3008,2,2,1,2,1,2,1,0.20107854902744293,2,1,0.19939430058002472,2,1,0.2001902014017105,2,1,0.19865813851356506,2,1,0.2006777971982956
subject_13:sample_0003009,13,3009,2,2,1,2,1,2,1,0.20100829005241394,2,1,0.19950295984745026,2,1,0.20005163550376892,2,1,0.19858910143375397,2,1,0.20084699988365173
subject_13:sample_0003010,13,3010,2,2,1,2,1,2,1,0.20079003274440765,2,1,0.19969704747200012,2,1,0.1999610811471939,2,1,0.19858838617801666,2,1,0.20096249878406525
subject_13:sample_0003011,13,3011,2,2,1,2,1,2,1,0.20054790377616882,2,1,0.19983050227165222,2,1,0.19989128410816193,2,1,0.19863440096378326,2,1,0.20109492540359497
subject_13:sample_0003012,13,3012,2,2,1,2,1,2,1,0.20046761631965637,2,1,0.1999184936285019,2,1,0.19975091516971588,2,1,0.1986868530511856,2,1,0.20117513835430145
subject_13:sample_0003013,13,3013,2,2,1,2,1,2,1,0.20045413076877594,2,1,0.19990761578083038,2,1,0.1996707171201706,2,1,0.19873540103435516,2,1,0.2012312114238739
subject_13:sample_0003014,13,3014,2,2,1,2,1,2,1,0.20047527551651,2,1,0.199842631816864,2,1,0.19969753921031952,2,1,0.19875039160251617,2,1,0.20123325288295746
subject_13:sample_0003015,13,3015,2,2,1,2,1,2,1,0.20052678883075714,2,1,0.19978590309619904,2,1,0.19978517293930054,2,1,0.19873479008674622,2,1,0.20116637647151947
subject_13:sample_0003016,13,3016,2,2,1,2,1,2,1,0.20060774683952332,2,1,0.1997889280319214,2,1,0.19981583952903748,2,1,0.19871293008327484,2,1,0.2010735720396042
subject_13:sample_0003017,13,3017,2,2,1,2,1,2,1,0.20068302750587463,2,1,0.19978606700897217,2,1,0.19990141689777374,2,1,0.19867441058158875,2,1,0.2009541392326355
subject_13:sample_0003018,13,3018,2,2,1,2,1,2,1,0.20076651871204376,2,1,0.19979803264141083,2,1,0.19990301132202148,2,1,0.19865646958351135,2,1,0.20087502896785736
subject_13:sample_0003019,13,3019,2,2,1,2,1,2,1,0.200845867395401,2,1,0.19981616735458374,2,1,0.19995802640914917,2,1,0.19861769676208496,2,1,0.20076125860214233
subject_13:sample_0003020,13,3020,2,2,1,2,1,2,1,0.20091192424297333,2,1,0.19984851777553558,2,1,0.20006802678108215,2,1,0.1985357701778412,2,1,0.20063477754592896
subject_13:sample_0003021,13,3021,2,2,1,2,1,2,1,0.20095661282539368,2,1,0.19986125826835632,2,1,0.20011498034000397,2,1,0.19850610196590424,2,1,0.2005600482225418
subject_13:sample_0003022,13,3022,2,2,1,2,1,2,1,0.2009793370962143,2,1,0.19986344873905182,2,1,0.2001742273569107,2,1,0.1984976977109909,2,1,0.2004842907190323
subject_13:sample_0003023,13,3023,2,2,1,2,1,2,1,0.20104765892028809,2,1,0.19989342987537384,2,1,0.2002692073583603,2,1,0.19841088354587555,2,1,0.20037786662578583
subject_13:sample_0003024,13,3024,2,2,1,2,1,2,1,0.20111696422100067,2,1,0.19991467893123627,2,1,0.20030826330184937,2,1,0.19835297763347626,2,1,0.20030614733695984
subject_13:sample_0003025,13,3025,2,2,1,2,1,2,1,0.20112398266792297,2,1,0.19985339045524597,2,1,0.2003902643918991,2,1,0.19834698736667633,2,1,0.20028434693813324
subject_13:sample_0003026,13,3026,2,2,1,2,1,2,1,0.20114970207214355,2,1,0.19980575144290924,2,1,0.20044457912445068,2,1,0.19832956790924072,2,1,0.20026938617229462
subject_13:sample_0003027,13,3027,2,2,1,2,1,2,1,0.20127210021018982,2,1,0.19979484379291534,2,1,0.2004411220550537,2,1,0.1982547789812088,2,1,0.20023620128631592
subject_13:sample_0003028,13,3028,2,2,1,2,1,2,1,0.20172429084777832,2,1,0.19966290891170502,2,1,0.20017357170581818,2,1,0.1982448399066925,2,1,0.2001933604478836
subject_13:sample_0003029,13,3029,2,2,1,2,1,2,1,0.20244331657886505,2,1,0.19943717122077942,2,1,0.1997392624616623,2,1,0.19823984801769257,2,1,0.20013944804668427
subject_13:sample_0003030,13,3030,2,2,1,2,1,2,1,0.20254656672477722,2,1,0.19938623905181885,2,1,0.199384406208992,2,1,0.19839873909950256,2,1,0.20028309524059296
subject_13:sample_0003031,13,3031,2,2,1,2,1,2,1,0.20257225632667542,2,1,0.19942206144332886,2,1,0.19923637807369232,2,1,0.19844955205917358,2,1,0.2003188133239746
subject_13:sample_0003032,13,3032,2,2,1,2,1,2,1,0.2025974988937378,2,1,0.199480801820755,2,1,0.19900310039520264,2,1,0.19854001700878143,2,1,0.2003776878118515
subject_13:sample_0003033,13,3033,2,2,1,2,1,2,1,0.2025744467973709,2,1,0.19952760636806488,2,1,0.19886556267738342,2,1,0.19860953092575073,2,1,0.20042182505130768
subject_13:sample_0003034,13,3034,2,2,1,2,1,2,1,0.20248007774353027,2,1,0.19957704842090607,2,1,0.1987839788198471,2,1,0.19868406653404236,2,1,0.200473815202713
subject_13:sample_0003035,13,3035,2,2,1,2,1,2,1,0.20239508152008057,2,1,0.19970838725566864,2,1,0.1986890286207199,2,1,0.19871214032173157,2,1,0.2004944235086441
subject_13:sample_0003036,13,3036,2,2,1,2,1,2,1,0.20231731235980988,2,1,0.19979023933410645,2,1,0.19851775467395782,2,1,0.19880549609661102,2,1,0.20056819915771484
subject_13:sample_0003037,13,3037,2,2,1,2,1,2,1,0.20220081508159637,2,1,0.19984059035778046,2,1,0.19832943379878998,2,1,0.1989240199327469,2,1,0.2007042020559311
subject_13:sample_0003038,13,3038,2,2,1,2,1,2,1,0.20211459696292877,2,1,0.19983918964862823,2,1,0.19809867441654205,2,1,0.19905252754688263,2,1,0.2008940726518631
subject_13:sample_0003039,13,3039,2,2,1,2,1,2,1,0.20210933685302734,2,1,0.19980016350746155,2,1,0.19797885417938232,2,1,0.19910548627376556,2,1,0.20100513100624084
subject_13:sample_0003040,13,3040,2,2,1,2,1,2,1,0.20207417011260986,2,1,0.19977015256881714,2,1,0.19771786034107208,2,1,0.19921112060546875,2,1,0.2012256681919098
subject_13:sample_0003041,13,3041,2,2,1,2,1,2,1,0.2020425945520401,2,1,0.19979168474674225,2,1,0.19735394418239594,2,1,0.19933143258094788,2,1,0.20147937536239624
subject_13:sample_0003042,13,3042,2,2,1,2,1,2,1,0.2019931972026825,2,1,0.19979985058307648,2,1,0.19708339869976044,2,1,0.1994285136461258,2,1,0.20169413089752197
subject_13:sample_0003043,13,3043,2,2,1,2,1,2,1,0.20203636586666107,2,1,0.19977706670761108,2,1,0.196871817111969,2,1,0.19947201013565063,2,1,0.201841801404953
subject_13:sample_0003044,13,3044,2,2,1,2,1,2,1,0.20206581056118011,2,1,0.19971902668476105,2,1,0.1968245953321457,2,1,0.1994689404964447,2,1,0.20192065834999084
subject_13:sample_0003045,13,3045,2,2,1,2,1,2,1,0.20177368819713593,2,1,0.19976095855236053,2,1,0.19673995673656464,2,1,0.19959574937820435,2,1,0.20212863385677338
subject_13:sample_0003046,13,3046,2,2,1,2,1,2,1,0.20166876912117004,2,1,0.19975869357585907,2,1,0.19648678600788116,2,1,0.19976931810379028,2,1,0.20231550931930542
subject_13:sample_0003047,13,3047,2,2,1,2,1,2,1,0.2016018182039261,2,1,0.19978588819503784,2,1,0.19613976776599884,2,1,0.20002619922161102,2,1,0.20244531333446503
subject_13:sample_0003048,13,3048,2,2,1,2,1,2,1,0.20169326663017273,2,1,0.19965021312236786,2,1,0.1960393190383911,2,1,0.20025396347045898,2,1,0.20236222445964813
subject_13:sample_0003049,13,3049,2,2,1,2,1,2,1,0.20176298916339874,2,1,0.19944632053375244,2,1,0.19608600437641144,2,1,0.200506791472435,2,1,0.2021968811750412
subject_13:sample_0003050,13,3050,2,2,1,2,1,2,1,0.20169134438037872,2,1,0.19937512278556824,2,1,0.19587528705596924,2,1,0.2008938044309616,2,1,0.202163428068161
subject_13:sample_0003051,13,3051,2,2,1,2,1,2,1,0.2019527405500412,2,1,0.19914686679840088,2,1,0.19580428302288055,2,1,0.20112808048725128,2,1,0.2019670605659485
subject_13:sample_0003052,13,3052,2,2,1,2,1,2,1,0.20219558477401733,2,1,0.1988532543182373,2,1,0.19599170982837677,2,1,0.20123739540576935,2,1,0.20172104239463806
subject_13:sample_0003053,13,3053,2,2,1,2,1,2,1,0.2022446095943451,2,1,0.19863049685955048,2,1,0.19630485773086548,2,1,0.2012988030910492,2,1,0.20152024924755096
subject_13:sample_0003054,13,3054,2,2,1,2,1,2,1,0.2020767480134964,2,1,0.19839957356452942,2,1,0.19697357714176178,2,1,0.20131725072860718,2,1,0.20123185217380524
subject_13:sample_0003055,13,3055,2,2,1,2,1,2,1,0.20147773623466492,2,1,0.19830170273780823,2,1,0.19787099957466125,2,1,0.20134644210338593,2,1,0.2010020911693573
subject_13:sample_0003056,13,3056,2,2,1,2,1,2,1,0.2008969485759735,2,1,0.19823168218135834,2,1,0.19877152144908905,2,1,0.2013251781463623,2,1,0.200773686170578
subject_13:sample_0003057,13,3057,2,2,1,2,1,2,1,0.20075729489326477,2,1,0.19823184609413147,2,1,0.1993178129196167,2,1,0.20121893286705017,2,1,0.20047308504581451
subject_13:sample_0003058,13,3058,2,2,1,2,1,2,1,0.20062367618083954,2,1,0.19836390018463135,2,1,0.19958314299583435,2,1,0.2011200338602066,2,1,0.20030827820301056
subject_13:sample_0003059,13,3059,2,2,1,2,1,2,1,0.20043838024139404,2,1,0.19839490950107574,2,1,0.19984768331050873,2,1,0.20103295147418976,2,1,0.2002851366996765
subject_13:sample_0003060,13,3060,2,2,1,2,1,2,1,0.20051994919776917,2,1,0.19827501475811005,2,1,0.19989237189292908,2,1,0.20090459287166595,2,1,0.20040719211101532
subject_13:sample_0003061,13,3061,2,2,1,2,1,2,1,0.20060789585113525,2,1,0.19809548556804657,2,1,0.19994719326496124,2,1,0.20073600113391876,2,1,0.20061248540878296
subject_13:sample_0003062,13,3062,2,2,1,2,1,2,1,0.20067404210567474,2,1,0.19803890585899353,2,1,0.19996854662895203,2,1,0.20061783492565155,2,1,0.20069964230060577
subject_13:sample_0003063,13,3063,2,2,1,2,1,2,1,0.20068874955177307,2,1,0.19807647168636322,2,1,0.19993045926094055,2,1,0.20056097209453583,2,1,0.20074237883090973
subject_13:sample_0003064,13,3064,2,2,1,2,1,2,1,0.20060914754867554,2,1,0.19809497892856598,2,1,0.19989202916622162,2,1,0.20051628351211548,2,1,0.20088660717010498
subject_13:sample_0003065,13,3065,2,2,1,2,1,2,1,0.20052924752235413,2,1,0.19813703000545502,2,1,0.19989261031150818,2,1,0.2004731148481369,2,1,0.20096702873706818
subject_13:sample_0003066,13,3066,2,2,1,2,1,2,1,0.20061051845550537,2,1,0.19809243083000183,2,1,0.1999303102493286,2,1,0.20035429298877716,2,1,0.201011523604393
subject_13:sample_0003067,13,3067,2,2,1,2,1,2,1,0.2007277011871338,2,1,0.19802434742450714,2,1,0.19990690052509308,2,1,0.2002614289522171,2,1,0.20107871294021606
subject_13:sample_0003068,13,3068,2,2,1,2,1,2,1,0.2007124125957489,2,1,0.19794590771198273,2,1,0.19997356832027435,2,1,0.2001730054616928,2,1,0.201194167137146
subject_13:sample_0003069,13,3069,2,2,1,2,1,2,1,0.2006848156452179,2,1,0.1978449821472168,2,1,0.20006313920021057,2,1,0.20010285079479218,2,1,0.20130318403244019
subject_13:sample_0003070,13,3070,2,2,1,2,1,2,1,0.20063748955726624,2,1,0.19776302576065063,2,1,0.200276717543602,2,1,0.19999831914901733,2,1,0.20132344961166382
subject_13:sample_0003071,13,3071,2,2,1,2,1,2,1,0.20059902966022491,2,1,0.19774530827999115,2,1,0.2005215585231781,2,1,0.19984503090381622,2,1,0.2012881189584732
subject_13:sample_0003072,13,3072,2,1,0,1,0,1,0,0.20966216921806335,1,0,0.19836097955703735,1,0,0.19732554256916046,1,0,0.19587638974189758,1,0,0.19877390563488007
subject_13:sample_0003073,13,3073,2,1,0,1,0,1,0,0.2099795788526535,1,0,0.1983991265296936,1,0,0.19716279208660126,1,0,0.19581682980060577,1,0,0.19864068925380707
subject_13:sample_0003074,13,3074,2,1,0,1,0,1,0,0.21080012619495392,1,0,0.19848163425922394,1,0,0.196151003241539,1,0,0.195675790309906,1,0,0.19889046251773834
subject_13:sample_0003075,13,3075,2,1,0,1,0,1,0,0.21160705387592316,1,0,0.19868268072605133,1,0,0.1943710744380951,1,0,0.19575828313827515,1,0,0.19957999885082245
subject_13:sample_0003076,13,3076,2,1,0,1,0,1,0,0.2116808295249939,1,0,0.19865086674690247,1,0,0.19371382892131805,1,0,0.19589394330978394,1,0,0.20005947351455688
subject_13:sample_0003077,13,3077,2,1,0,1,0,1,0,0.21089909970760345,1,0,0.19861774146556854,1,0,0.1942908614873886,1,0,0.19615541398525238,1,0,0.20003603398799896
subject_13:sample_0003078,13,3078,2,1,0,1,0,1,0,0.209122434258461,1,0,0.19842584431171417,1,0,0.1954607367515564,1,0,0.1964506208896637,1,0,0.20053942501544952
subject_13:sample_0003079,13,3079,2,1,0,1,0,1,0,0.20596657693386078,1,0,0.1983594298362732,1,0,0.1969873160123825,1,0,0.19701272249221802,1,0,0.2016729712486267
subject_13:sample_0003080,13,3080,2,1,0,1,0,1,0,0.2032698392868042,1,0,0.1977616846561432,1,0,0.1983921378850937,1,0,0.19783489406108856,1,0,0.20274044573307037
subject_13:sample_0003081,13,3081,2,1,0,1,0,1,0,0.20232205092906952,1,0,0.19743697345256805,1,0,0.19875580072402954,1,0,0.19832743704319,1,0,0.20315676927566528
subject_13:sample_0003082,13,3082,2,1,0,1,0,1,0,0.2017977237701416,1,0,0.19687724113464355,1,0,0.1987893432378769,1,0,0.1987738311290741,1,0,0.20376086235046387
subject_13:sample_0003083,13,3083,2,1,0,1,0,1,0,0.20164068043231964,1,0,0.19550186395645142,1,0,0.19910509884357452,1,0,0.19871029257774353,1,0,0.2050410658121109
subject_13:sample_0003084,13,3084,2,1,0,1,0,1,0,0.20206788182258606,1,0,0.19533008337020874,1,0,0.1990257054567337,1,0,0.19830285012722015,1,0,0.20527254045009613
subject_13:sample_0003085,13,3085,2,1,0,1,0,1,0,0.20183342695236206,1,0,0.19550156593322754,1,0,0.19898930191993713,1,0,0.19819846749305725,1,0,0.20547625422477722
subject_13:sample_0003086,13,3086,2,1,0,1,0,1,0,0.20182669162750244,1,0,0.19577956199645996,1,0,0.19906967878341675,1,0,0.1982402503490448,1,0,0.20508287847042084
subject_13:sample_0003087,13,3087,2,1,0,1,0,1,0,0.20177236199378967,1,0,0.19600065052509308,1,0,0.19910985231399536,1,0,0.19825726747512817,1,0,0.2048589438199997
subject_13:sample_0003088,13,3088,2,1,0,1,0,1,0,0.2018873691558838,1,0,0.19605983793735504,1,0,0.19908195734024048,1,0,0.19821003079414368,1,0,0.2047598510980606
subject_13:sample_0003089,13,3089,2,1,0,1,0,1,0,0.20186050236225128,1,0,0.19585832953453064,1,0,0.19914768636226654,1,0,0.19825473427772522,1,0,0.2048777937889099
subject_13:sample_0003090,13,3090,2,1,0,1,0,1,0,0.20188169181346893,1,0,0.19525843858718872,1,0,0.19916991889476776,1,0,0.19825704395771027,1,0,0.2054319679737091
subject_13:sample_0003091,13,3091,2,1,0,1,0,1,0,0.20150981843471527,1,0,0.19381101429462433,1,0,0.19861973822116852,1,0,0.19815151393413544,1,0,0.20790687203407288
subject_13:sample_0003092,13,3092,2,1,0,1,0,1,0,0.20057141780853271,1,0,0.19203060865402222,1,0,0.19799382984638214,1,0,0.19947417080402374,1,0,0.20992903411388397
subject_13:sample_0003093,13,3093,2,1,0,1,0,1,0,0.20180483162403107,1,0,0.19221416115760803,1,0,0.19952882826328278,1,0,0.20146246254444122,1,0,0.2049887478351593
subject_13:sample_0003094,13,3094,2,1,0,1,0,1,0,0.19822706282138824,1,0,0.1882966011762619,1,0,0.19606910645961761,1,0,0.1984875500202179,2,1,0.21891871094703674
subject_13:sample_0003095,13,3095,2,1,0,1,0,1,0,0.2031468152999878,1,0,0.1903618425130844,1,0,0.20081648230552673,1,0,0.20352624356746674,2,1,0.20214775204658508
subject_13:sample_0003096,13,3096,2,1,0,1,0,1,0,0.2032841444015503,1,0,0.17927369475364685,1,0,0.2081097960472107,1,0,0.210820272564888,2,1,0.19851113855838776
subject_13:sample_0003097,13,3097,2,2,1,2,1,2,1,0.20296093821525574,2,1,0.19098129868507385,1,0,0.2033705711364746,1,0,0.207680806517601,2,1,0.19500534236431122
subject_13:sample_0003098,13,3098,2,2,1,2,1,2,1,0.2018461972475052,2,1,0.20195256173610687,2,1,0.19888907670974731,1,0,0.20171508193016052,2,1,0.1955960988998413
subject_13:sample_0003099,13,3099,2,2,1,2,1,2,1,0.1931108683347702,2,1,0.1929035633802414,2,1,0.20563875138759613,2,1,0.21546757221221924,2,1,0.19287829101085663
subject_13:sample_0003100,13,3100,2,2,1,2,1,2,1,0.1946815550327301,2,1,0.1901857554912567,2,1,0.21097016334533691,2,1,0.21102121472358704,2,1,0.19314037263393402
subject_13:sample_0003101,13,3101,2,2,1,2,1,2,1,0.19736778736114502,2,1,0.19397473335266113,2,1,0.20616371929645538,2,1,0.20480939745903015,2,1,0.1976834535598755
subject_13:sample_0003102,13,3102,2,2,1,2,1,2,1,0.1980355829000473,2,1,0.19551916420459747,2,1,0.20481084287166595,2,1,0.2020113170146942,2,1,0.19962206482887268
subject_13:sample_0003103,13,3103,2,2,1,2,1,2,1,0.19891461730003357,2,1,0.19794020056724548,2,1,0.20216508209705353,2,1,0.20034237205982208,2,1,0.20063677430152893
subject_13:sample_0003104,13,3104,2,2,1,2,1,2,1,0.19973155856132507,2,1,0.20013949275016785,2,1,0.19826292991638184,2,1,0.2005148082971573,2,1,0.20135021209716797
subject_13:sample_0003105,13,3105,2,2,1,2,1,2,1,0.2003774344921112,2,1,0.20179249346256256,2,1,0.19553427398204803,2,1,0.2004701793193817,2,1,0.20182465016841888
subject_13:sample_0003106,13,3106,2,2,1,2,1,2,1,0.20082180202007294,2,1,0.20271499454975128,2,1,0.19402140378952026,2,1,0.2002709060907364,2,1,0.20216995477676392
subject_13:sample_0003107,13,3107,2,2,1,2,1,2,1,0.20133563876152039,2,1,0.20322468876838684,2,1,0.19295428693294525,2,1,0.2002117782831192,2,1,0.20227257907390594
subject_13:sample_0003108,13,3108,2,2,1,2,1,2,1,0.20195282995700836,2,1,0.20343220233917236,2,1,0.1924513280391693,2,1,0.20007923245429993,2,1,0.20208345353603363
subject_13:sample_0003109,13,3109,2,2,1,2,1,2,1,0.2021813690662384,2,1,0.20359329879283905,2,1,0.19200560450553894,2,1,0.19986151158809662,2,1,0.20235730707645416
subject_13:sample_0003110,13,3110,2,2,1,2,1,2,1,0.2017841339111328,2,1,0.2043018341064453,2,1,0.19148409366607666,2,1,0.19934439659118652,2,1,0.20308449864387512
subject_13:sample_0003111,13,3111,2,2,1,2,1,2,1,0.20175670087337494,2,1,0.20459507405757904,2,1,0.1912834644317627,2,1,0.19906756281852722,2,1,0.20329628884792328
subject_13:sample_0003112,13,3112,2,2,1,2,1,2,1,0.20187364518642426,2,1,0.20488949120044708,2,1,0.19150181114673615,2,1,0.19856780767440796,2,1,0.20316633582115173
subject_13:sample_0003113,13,3113,2,2,1,2,1,2,1,0.20196223258972168,2,1,0.20475804805755615,2,1,0.19158858060836792,2,1,0.19840405881404877,2,1,0.20328615605831146
subject_13:sample_0003114,13,3114,2,2,1,2,1,2,1,0.2014470398426056,2,1,0.20508773624897003,2,1,0.192257359623909,2,1,0.19806711375713348,2,1,0.20313970744609833
subject_13:sample_0003115,13,3115,2,2,1,2,1,2,1,0.20119202136993408,2,1,0.20589204132556915,2,1,0.19269029796123505,2,1,0.19755764305591583,2,1,0.20266708731651306
subject_13:sample_0003116,13,3116,2,2,1,2,1,2,1,0.20128417015075684,2,1,0.206573948264122,2,1,0.19321593642234802,2,1,0.1970561444759369,2,1,0.20186887681484222
subject_13:sample_0003117,13,3117,2,2,1,2,1,2,1,0.20131529867649078,2,1,0.20717638731002808,2,1,0.19386380910873413,2,1,0.1966816782951355,2,1,0.2009619176387787
subject_13:sample_0003118,13,3118,2,2,1,2,1,2,1,0.20114941895008087,2,1,0.2080143690109253,2,1,0.19466984272003174,2,1,0.19636361300945282,2,1,0.19980187714099884
subject_13:sample_0003119,13,3119,2,2,1,2,1,2,1,0.20104867219924927,2,1,0.2087681144475937,2,1,0.19519458711147308,2,1,0.19609405100345612,2,1,0.19889359176158905
subject_13:sample_0003120,13,3120,2,2,1,2,1,2,1,0.20109517872333527,2,1,0.20912808179855347,2,1,0.1955704540014267,2,1,0.1958567500114441,2,1,0.19834856688976288
subject_13:sample_0003121,13,3121,2,2,1,2,1,2,1,0.2008962631225586,2,1,0.20946604013442993,2,1,0.19569973647594452,2,1,0.19574056565761566,2,1,0.1981964260339737
subject_13:sample_0003122,13,3122,2,2,1,2,1,2,1,0.20083461701869965,2,1,0.20954424142837524,2,1,0.195719376206398,2,1,0.19570903480052948,2,1,0.19819174706935883
subject_13:sample_0003123,13,3123,2,2,1,2,1,2,1,0.2014264166355133,2,1,0.20901066064834595,2,1,0.1957406848669052,2,1,0.19568274915218353,2,1,0.1981385350227356
subject_13:sample_0003124,13,3124,2,2,1,2,1,2,1,0.2020627111196518,2,1,0.20828653872013092,2,1,0.1958177238702774,2,1,0.19570718705654144,2,1,0.19812481105327606
subject_13:sample_0003125,13,3125,2,2,1,2,1,2,1,0.20241111516952515,2,1,0.20781898498535156,2,1,0.1958494484424591,2,1,0.19575902819633484,2,1,0.19816042482852936
subject_13:sample_0003126,13,3126,2,2,1,2,1,2,1,0.20263706147670746,2,1,0.2077082246541977,2,1,0.19574443995952606,2,1,0.19576245546340942,2,1,0.19814684987068176
subject_13:sample_0003127,13,3127,2,2,1,2,1,2,1,0.20290929079055786,2,1,0.2074413299560547,2,1,0.1957094818353653,2,1,0.1957734078168869,2,1,0.19816556572914124
subject_13:sample_0003128,13,3128,2,2,1,2,1,2,1,0.20312148332595825,2,1,0.2071646749973297,2,1,0.19574053585529327,2,1,0.1957760900259018,2,1,0.19819630682468414
subject_13:sample_0003129,13,3129,2,2,1,2,1,2,1,0.20323339104652405,2,1,0.20679233968257904,2,1,0.19585207104682922,2,1,0.19586575031280518,2,1,0.19825544953346252
subject_13:sample_0003130,13,3130,2,2,1,2,1,2,1,0.20342810451984406,2,1,0.20647084712982178,2,1,0.19589033722877502,2,1,0.19595380127429962,2,1,0.19825588166713715
subject_13:sample_0003131,13,3131,2,2,1,2,1,2,1,0.20356066524982452,2,1,0.20615272223949432,2,1,0.1959426999092102,2,1,0.1960689276456833,2,1,0.19827406108379364
subject_13:sample_0003132,13,3132,2,2,1,2,1,2,1,0.20355844497680664,2,1,0.20559509098529816,2,1,0.1961802840232849,2,1,0.1962146908044815,2,1,0.19845050573349
subject_13:sample_0003133,13,3133,2,2,1,2,1,2,1,0.20359478890895844,2,1,0.20522446930408478,2,1,0.19633913040161133,2,1,0.19626012444496155,2,1,0.1985805481672287
subject_13:sample_0003134,13,3134,2,2,1,2,1,2,1,0.20361660420894623,2,1,0.2047908455133438,2,1,0.19649651646614075,2,1,0.19641338288784027,2,1,0.19868166744709015
subject_13:sample_0003135,13,3135,2,2,1,2,1,2,1,0.2036416381597519,2,1,0.20437189936637878,2,1,0.19665247201919556,2,1,0.19651192426681519,2,1,0.19882114231586456
subject_13:sample_0003136,13,3136,2,2,1,2,1,2,1,0.2036583125591278,2,1,0.20386630296707153,2,1,0.1968633383512497,2,1,0.19656264781951904,2,1,0.1990484744310379
subject_13:sample_0003137,13,3137,2,2,1,2,1,2,1,0.20365409553050995,2,1,0.20334306359291077,2,1,0.1971001774072647,2,1,0.19666779041290283,2,1,0.19923385977745056
subject_13:sample_0003138,13,3138,2,2,1,2,1,2,1,0.2034945785999298,2,1,0.20272664725780487,2,1,0.1974644958972931,2,1,0.196842759847641,2,1,0.19947056472301483
subject_13:sample_0003139,13,3139,2,2,1,2,1,2,1,0.20328623056411743,2,1,0.20226141810417175,2,1,0.1977945864200592,2,1,0.19699889421463013,2,1,0.1996578723192215
subject_13:sample_0003140,13,3140,2,2,1,2,1,2,1,0.20287597179412842,2,1,0.20238648355007172,2,1,0.19815197587013245,2,1,0.1969383955001831,2,1,0.19964614510536194
subject_13:sample_0003141,13,3141,2,2,1,2,1,2,1,0.20247343182563782,2,1,0.2019069939851761,2,1,0.19890595972537994,2,1,0.19693200290203094,2,1,0.1997806429862976
subject_13:sample_0003142,13,3142,2,2,1,2,1,2,1,0.20214983820915222,2,1,0.20154939591884613,2,1,0.19933702051639557,2,1,0.19709111750125885,2,1,0.19987165927886963
subject_13:sample_0003143,13,3143,2,2,1,2,1,2,1,0.2019207775592804,2,1,0.20134317874908447,2,1,0.19963808357715607,2,1,0.19717906415462494,2,1,0.19991792738437653
subject_13:sample_0003144,13,3144,2,2,1,2,1,2,1,0.20174968242645264,2,1,0.20108282566070557,2,1,0.20003214478492737,2,1,0.1971585750579834,2,1,0.19997581839561462
subject_13:sample_0003145,13,3145,2,2,1,2,1,2,1,0.2017887532711029,2,1,0.20089226961135864,2,1,0.20050634443759918,2,1,0.19659113883972168,2,1,0.2002204954624176
subject_13:sample_0003146,13,3146,2,2,1,2,1,2,1,0.2015438675880432,2,1,0.2005348801612854,2,1,0.20068132877349854,2,1,0.19694040715694427,2,1,0.20029856264591217
subject_13:sample_0003147,13,3147,2,2,1,2,1,2,1,0.2015332281589508,2,1,0.2001221925020218,2,1,0.20098590850830078,2,1,0.19679008424282074,2,1,0.2005675882101059
subject_13:sample_0003148,13,3148,2,2,1,2,1,2,1,0.2011910378932953,2,1,0.19846852123737335,2,1,0.20110169053077698,2,1,0.19853313267230988,2,1,0.2007046490907669
subject_13:sample_0003149,13,3149,2,2,1,2,1,2,1,0.19999022781848907,2,1,0.19833402335643768,2,1,0.20145659148693085,2,1,0.19912467896938324,2,1,0.20109353959560394
subject_13:sample_0003150,13,3150,2,2,1,2,1,2,1,0.20205797255039215,2,1,0.19804172217845917,2,1,0.20123030245304108,2,1,0.1979718804359436,2,1,0.2006971389055252
subject_13:sample_0003151,13,3151,2,2,1,2,1,2,1,0.2019427865743637,2,1,0.19905893504619598,2,1,0.20125877857208252,2,1,0.19707810878753662,2,1,0.20066037774085999
subject_13:sample_0003152,13,3152,2,2,1,2,1,2,1,0.2017548382282257,2,1,0.19892525672912598,2,1,0.20114175975322723,2,1,0.19766584038734436,2,1,0.20051126182079315
subject_13:sample_0003153,13,3153,2,2,1,2,1,2,1,0.20088490843772888,2,1,0.1984374076128006,2,1,0.2013368159532547,2,1,0.19869910180568695,2,1,0.20064076781272888
subject_13:sample_0003154,13,3154,2,2,1,2,1,2,1,0.20182180404663086,2,1,0.1988571137189865,2,1,0.201348677277565,2,1,0.1974220871925354,2,1,0.20054936408996582
subject_13:sample_0003155,13,3155,2,2,1,2,1,2,1,0.20165632665157318,2,1,0.19868429005146027,2,1,0.20145797729492188,2,1,0.19765996932983398,2,1,0.2005404680967331
subject_13:sample_0003156,13,3156,2,2,1,2,1,2,1,0.20215052366256714,2,1,0.197690948843956,2,1,0.20177806913852692,2,1,0.19764821231365204,2,1,0.2007313221693039
subject_13:sample_0003157,13,3157,2,2,1,2,1,2,1,0.202342689037323,2,1,0.1972750872373581,2,1,0.20210392773151398,2,1,0.197489932179451,2,1,0.20078739523887634
subject_13:sample_0003158,13,3158,2,2,1,2,1,2,1,0.20119082927703857,2,1,0.197457954287529,2,1,0.20198938250541687,2,1,0.19862310588359833,2,1,0.20073778927326202
subject_13:sample_0003159,13,3159,2,2,1,2,1,2,1,0.20047661662101746,2,1,0.19802893698215485,2,1,0.20196335017681122,2,1,0.19877305626869202,2,1,0.20075707137584686
subject_13:sample_0003160,13,3160,2,2,1,2,1,2,1,0.20004190504550934,2,1,0.19872358441352844,2,1,0.20189855992794037,2,1,0.19864222407341003,2,1,0.20069275796413422
subject_13:sample_0003161,13,3161,2,2,1,2,1,2,1,0.19987617433071136,2,1,0.19899892807006836,2,1,0.20191727578639984,2,1,0.19851669669151306,2,1,0.20069001615047455
subject_13:sample_0003162,13,3162,2,2,1,2,1,2,1,0.19993138313293457,2,1,0.19920198619365692,2,1,0.20170582830905914,2,1,0.19847272336483002,2,1,0.20068709552288055
subject_13:sample_0003163,13,3163,2,2,1,2,1,2,1,0.20019175112247467,2,1,0.19906669855117798,2,1,0.20146270096302032,2,1,0.19844569265842438,2,1,0.20083217322826385
subject_13:sample_0003164,13,3164,2,2,1,2,1,2,1,0.2002844363451004,2,1,0.19906927645206451,2,1,0.20136000216007233,2,1,0.19839201867580414,2,1,0.2008933275938034
subject_13:sample_0003165,13,3165,2,2,1,2,1,2,1,0.2003948986530304,2,1,0.19915743172168732,2,1,0.20124660432338715,2,1,0.19835008680820465,2,1,0.20085005462169647
subject_13:sample_0003166,13,3166,2,2,1,2,1,2,1,0.20071113109588623,2,1,0.19879980385303497,2,1,0.2009320855140686,2,1,0.19848522543907166,2,1,0.20107080042362213
subject_13:sample_0003167,13,3167,2,2,1,2,1,2,1,0.20070472359657288,2,1,0.1990007758140564,2,1,0.20040416717529297,2,1,0.19869458675384521,2,1,0.20119480788707733
subject_13:sample_0003168,13,3168,2,2,1,2,1,2,1,0.2008594125509262,2,1,0.1993587613105774,2,1,0.1999894082546234,2,1,0.19880826771259308,2,1,0.2009831666946411
subject_13:sample_0003169,13,3169,2,2,1,2,1,2,1,0.20095045864582062,2,1,0.1994830220937729,2,1,0.199847012758255,2,1,0.19886061549186707,2,1,0.20085784792900085
subject_13:sample_0003170,13,3170,2,2,1,2,1,2,1,0.201331228017807,2,1,0.2001664936542511,2,1,0.19946198165416718,2,1,0.1986800879240036,2,1,0.2003592848777771
subject_13:sample_0003171,13,3171,2,2,1,2,1,2,1,0.20168957114219666,2,1,0.2007509469985962,2,1,0.19904009997844696,2,1,0.1984097808599472,2,1,0.2001086324453354
subject_13:sample_0003172,13,3172,2,2,1,2,1,2,1,0.2015780359506607,2,1,0.20058120787143707,2,1,0.19925574958324432,2,1,0.19840559363365173,2,1,0.20017842948436737
subject_13:sample_0003173,13,3173,2,2,1,2,1,2,1,0.20122766494750977,2,1,0.19998309016227722,2,1,0.1998668611049652,2,1,0.1984843611717224,2,1,0.2004370242357254
subject_13:sample_0003174,13,3174,2,2,1,2,1,2,1,0.20151418447494507,2,1,0.20046618580818176,2,1,0.19950608909130096,2,1,0.19827595353126526,2,1,0.20023657381534576
subject_13:sample_0003175,13,3175,2,2,1,2,1,2,1,0.20180431008338928,2,1,0.20097845792770386,2,1,0.19907309114933014,2,1,0.1980999857187271,2,1,0.20004317164421082
subject_13:sample_0003176,13,3176,2,2,1,2,1,2,1,0.20185819268226624,2,1,0.20106935501098633,2,1,0.1990615576505661,2,1,0.19798286259174347,2,1,0.20002704858779907
subject_13:sample_0003177,13,3177,2,2,1,2,1,2,1,0.20188093185424805,2,1,0.20098769664764404,2,1,0.19916626811027527,2,1,0.1979249119758606,2,1,0.20003925263881683
subject_13:sample_0003178,13,3178,2,2,1,2,1,2,1,0.20205649733543396,2,1,0.20133334398269653,2,1,0.19892506301403046,2,1,0.19781413674354553,2,1,0.1998700052499771
subject_13:sample_0003179,13,3179,2,2,1,2,1,2,1,0.20220352709293365,2,1,0.20196600258350372,2,1,0.19851505756378174,2,1,0.1976243257522583,2,1,0.19969013333320618
subject_13:sample_0003180,13,3180,2,2,1,2,1,2,1,0.20229379832744598,2,1,0.20239825546741486,2,1,0.19825945794582367,2,1,0.19747145473957062,2,1,0.19957603514194489
subject_13:sample_0003181,13,3181,2,2,1,2,1,2,1,0.20238541066646576,2,1,0.20263496041297913,2,1,0.19813811779022217,2,1,0.19740436971187592,2,1,0.1994362473487854
subject_13:sample_0003182,13,3182,2,2,1,2,1,2,1,0.20162004232406616,2,1,0.20320488512516022,2,1,0.19820445775985718,2,1,0.1974346786737442,2,1,0.19953501224517822
subject_13:sample_0003183,13,3183,2,2,1,2,1,2,1,0.20051240921020508,2,1,0.20400848984718323,2,1,0.1982843577861786,2,1,0.19753114879131317,2,1,0.19966262578964233
subject_13:sample_0003184,13,3184,2,2,1,2,1,2,1,0.19969052076339722,2,1,0.20432767271995544,2,1,0.1986822932958603,2,1,0.19759705662727356,2,1,0.19970150291919708
subject_13:sample_0003185,13,3185,2,2,1,2,1,2,1,0.19988736510276794,2,1,0.2032182514667511,2,1,0.19928638637065887,2,1,0.19793055951595306,2,1,0.1996764838695526
subject_13:sample_0003186,13,3186,2,2,1,2,1,2,1,0.20039941370487213,2,1,0.20039516687393188,2,1,0.20069503784179688,2,1,0.1988644301891327,2,1,0.19964492321014404
subject_13:sample_0003187,13,3187,2,2,1,2,1,2,1,0.20005770027637482,2,1,0.19938363134860992,2,1,0.20110593736171722,2,1,0.19942855834960938,2,1,0.20002321898937225
subject_13:sample_0003188,13,3188,0,0,1,0,1,1,0,0.2083003968000412,0,1,0.20462240278720856,0,1,0.1920078843832016,1,0,0.20353107154369354,0,1,0.19153732061386108
subject_13:sample_0003189,13,3189,0,0,1,0,1,1,0,0.20800912380218506,0,1,0.20427820086479187,0,1,0.19236759841442108,1,0,0.20306529104709625,0,1,0.19227880239486694
subject_13:sample_0003190,13,3190,0,0,1,0,1,1,0,0.20776574313640594,0,1,0.20377998054027557,0,1,0.19278095662593842,1,0,0.20266909897327423,0,1,0.19300328195095062
subject_13:sample_0003191,13,3191,0,0,1,0,1,1,0,0.20766796171665192,0,1,0.20401310920715332,0,1,0.192963108420372,1,0,0.2026159018278122,0,1,0.19273896515369415
subject_13:sample_0003192,13,3192,0,0,1,0,1,1,0,0.20898856222629547,0,1,0.20418530702590942,0,1,0.19087384641170502,1,0,0.20365934073925018,0,1,0.19229207932949066
subject_13:sample_0003193,13,3193,0,0,1,0,1,1,0,0.2097337543964386,0,1,0.20372998714447021,0,1,0.18955008685588837,1,0,0.20447926223278046,0,1,0.19250600039958954
subject_13:sample_0003194,13,3194,0,0,1,0,1,1,0,0.20953369140625,0,1,0.2027008980512619,0,1,0.18994387984275818,1,0,0.20411889255046844,0,1,0.19370171427726746
subject_13:sample_0003195,13,3195,0,0,1,0,1,1,0,0.20859235525131226,0,1,0.20174436271190643,0,1,0.19164520502090454,1,0,0.20207808911800385,0,1,0.19593900442123413
subject_13:sample_0003196,13,3196,0,0,1,0,1,1,0,0.20735593140125275,0,1,0.20199981331825256,0,1,0.19262854754924774,1,0,0.2009461671113968,0,1,0.19706864655017853
subject_13:sample_0003197,13,3197,0,0,1,0,1,1,0,0.20647864043712616,0,1,0.20243419706821442,0,1,0.1929398775100708,1,0,0.20053933560848236,0,1,0.19760701060295105
subject_13:sample_0003198,13,3198,0,0,1,0,1,1,0,0.20625783503055573,0,1,0.202980637550354,0,1,0.19268782436847687,1,0,0.2004043608903885,0,1,0.1976683884859085
subject_13:sample_0003199,13,3199,0,0,1,0,1,1,0,0.20387761294841766,0,1,0.20290051400661469,0,1,0.19536463916301727,1,0,0.19699642062187195,0,1,0.20085987448692322
subject_13:sample_0003200,13,3200,0,0,1,0,1,1,0,0.19965866208076477,0,1,0.20289276540279388,0,1,0.1983710378408432,1,0,0.19362185895442963,0,1,0.2054547816514969
subject_13:sample_0003201,13,3201,0,0,1,0,1,1,0,0.19275882840156555,0,1,0.20299305021762848,0,1,0.20365481078624725,1,0,0.18840131163597107,0,1,0.21219101548194885
subject_13:sample_0003202,13,3202,0,1,0,1,0,1,0,0.18922653794288635,0,1,0.2058786302804947,0,1,0.20614221692085266,1,0,0.18654917180538177,1,0,0.21220247447490692
subject_13:sample_0003203,13,3203,0,1,0,1,0,1,0,0.19030141830444336,1,0,0.21087342500686646,1,0,0.21102291345596313,1,0,0.18868498504161835,1,0,0.1991163045167923
subject_13:sample_0003204,13,3204,0,1,0,1,0,1,0,0.19434723258018494,1,0,0.2004433274269104,1,0,0.21024781465530396,1,0,0.19332575798034668,1,0,0.20163491368293762
subject_13:sample_0003205,13,3205,0,1,0,1,0,1,0,0.1957131028175354,1,0,0.20089499652385712,1,0,0.2072627991437912,1,0,0.19595752656459808,1,0,0.20017066597938538
subject_13:sample_0003206,13,3206,0,1,0,1,0,1,0,0.1977386772632599,1,0,0.2008911520242691,1,0,0.202607199549675,1,0,0.19861699640750885,1,0,0.20014499127864838
subject_13:sample_0003207,13,3207,0,1,0,1,0,1,0,0.19913288950920105,1,0,0.20133255422115326,1,0,0.199555441737175,1,0,0.20017565786838531,1,0,0.1998024582862854
subject_13:sample_0003208,13,3208,0,1,0,1,0,1,0,0.19829900562763214,1,0,0.20077727735042572,1,0,0.202891007065773,1,0,0.19987651705741882,1,0,0.19815519452095032
subject_13:sample_0003209,13,3209,0,1,0,1,0,1,0,0.19756709039211273,1,0,0.2004176825284958,1,0,0.20487143099308014,1,0,0.1999354213476181,1,0,0.1972074657678604
subject_13:sample_0003210,13,3210,0,1,0,1,0,1,0,0.19745424389839172,1,0,0.20028948783874512,1,0,0.20538468658924103,1,0,0.19981253147125244,1,0,0.1970580667257309
subject_13:sample_0003211,13,3211,0,1,0,1,0,1,0,0.19752253592014313,1,0,0.200010746717453,1,0,0.20540626347064972,1,0,0.1997578740119934,1,0,0.19730159640312195
subject_13:sample_0003212,13,3212,0,1,0,1,0,1,0,0.19772781431674957,1,0,0.1992415189743042,1,0,0.2055169939994812,1,0,0.1998249888420105,1,0,0.19768767058849335
subject_13:sample_0003213,13,3213,0,1,0,1,0,1,0,0.1979595422744751,1,0,0.19840525090694427,1,0,0.20564810931682587,1,0,0.20001906156539917,1,0,0.1979670524597168
subject_13:sample_0003214,13,3214,0,1,0,1,0,1,0,0.1982843428850174,1,0,0.19767022132873535,1,0,0.2055661827325821,1,0,0.20012444257736206,1,0,0.1983538269996643
subject_13:sample_0003215,13,3215,0,1,0,1,0,1,0,0.19887588918209076,1,0,0.1970946341753006,1,0,0.20495061576366425,1,0,0.20025669038295746,1,0,0.19882120192050934
subject_13:sample_0003216,13,3216,0,1,0,1,0,1,0,0.19962701201438904,1,0,0.19662700593471527,1,0,0.2043226957321167,1,0,0.20027902722358704,1,0,0.19914324581623077
subject_13:sample_0003217,13,3217,0,1,0,1,0,1,0,0.20009151101112366,1,0,0.19642160832881927,1,0,0.2039257138967514,1,0,0.2001340389251709,1,0,0.19942618906497955
subject_13:sample_0003218,13,3218,0,1,0,1,0,1,0,0.20011505484580994,1,0,0.19645556807518005,1,0,0.20386162400245667,1,0,0.19985945522785187,1,0,0.19970732927322388
subject_13:sample_0003219,13,3219,0,1,0,1,0,1,0,0.19996365904808044,1,0,0.19656944274902344,1,0,0.20381399989128113,1,0,0.199611097574234,1,0,0.20004084706306458
subject_13:sample_0003220,13,3220,0,1,0,1,0,1,0,0.19983232021331787,1,0,0.19647608697414398,1,0,0.20402221381664276,1,0,0.19947901368141174,1,0,0.20018935203552246
subject_13:sample_0003221,13,3221,0,1,0,1,0,1,0,0.19987691938877106,1,0,0.1963893622159958,1,0,0.20401139557361603,1,0,0.19948479533195496,1,0,0.20023654401302338
subject_13:sample_0003222,13,3222,0,1,0,1,0,1,0,0.20061473548412323,1,0,0.19730955362319946,1,0,0.20069651305675507,1,0,0.2002520114183426,1,0,0.20112621784210205
subject_13:sample_0003223,13,3223,0,1,0,1,0,1,0,0.19975213706493378,1,0,0.1967059075832367,1,0,0.20351657271385193,1,0,0.19938626885414124,1,0,0.20063817501068115
subject_13:sample_0003224,13,3224,0,1,0,1,0,1,0,0.19838887453079224,1,0,0.19538471102714539,1,0,0.2086823582649231,1,0,0.19799691438674927,1,0,0.19954612851142883
subject_13:sample_0003225,13,3225,0,1,0,1,0,1,0,0.19724857807159424,1,0,0.19458931684494019,1,0,0.2128342241048813,1,0,0.19692754745483398,1,0,0.19839932024478912
subject_13:sample_0003226,13,3226,0,1,0,1,0,1,0,0.19697342813014984,1,0,0.19582147896289825,1,0,0.21200305223464966,1,0,0.19687840342521667,1,0,0.198322594165802
subject_13:sample_0003227,13,3227,0,1,0,1,0,1,0,0.19676031172275543,1,0,0.1961703598499298,1,0,0.21187955141067505,1,0,0.19670535624027252,1,0,0.198483407497406
subject_13:sample_0003228,13,3228,0,1,0,1,0,1,0,0.19660426676273346,1,0,0.19529351592063904,0,1,0.2126021385192871,1,0,0.1964718997478485,1,0,0.19902728497982025
subject_13:sample_0003229,13,3229,0,1,0,1,0,1,0,0.19686734676361084,1,0,0.1942254900932312,1,0,0.21255657076835632,1,0,0.19646497070789337,1,0,0.19988463819026947
subject_13:sample_0003230,13,3230,0,1,0,1,0,1,0,0.1951277107000351,1,0,0.20353788137435913,0,1,0.20925535261631012,1,0,0.19447238743305206,1,0,0.19760577380657196
subject_13:sample_0003231,13,3231,0,1,0,1,0,1,0,0.19286294281482697,0,1,0.2115326225757599,0,1,0.2089807242155075,1,0,0.1913922131061554,1,0,0.19523055851459503
subject_13:sample_0003232,13,3232,0,0,1,0,1,1,0,0.1809239238500595,0,1,0.2019212394952774,0,1,0.20483769476413727,0,1,0.20634996891021729,0,1,0.20596615970134735
subject_13:sample_0003233,13,3233,0,0,1,0,1,1,0,0.18084530532360077,0,1,0.20381700992584229,0,1,0.20741640031337738,0,1,0.2030031532049179,0,1,0.20491722226142883
subject_13:sample_0003234,13,3234,0,0,1,0,1,1,0,0.18171772360801697,0,1,0.2042577564716339,0,1,0.2084532380104065,0,1,0.20171795785427094,0,1,0.20385241508483887
subject_13:sample_0003235,13,3235,0,0,1,0,1,1,0,0.18193668127059937,0,1,0.20448508858680725,0,1,0.20995545387268066,0,1,0.20054712891578674,0,1,0.20307475328445435
subject_13:sample_0003236,13,3236,0,0,1,0,1,1,0,0.18140655755996704,0,1,0.20464088022708893,0,1,0.21062800288200378,0,1,0.20015737414360046,0,1,0.20316627621650696
subject_13:sample_0003237,13,3237,0,0,1,0,1,1,0,0.18075859546661377,0,1,0.20468509197235107,0,1,0.21008877456188202,0,1,0.20062628388404846,0,1,0.20384031534194946
subject_13:sample_0003238,13,3238,0,0,1,0,1,1,0,0.18140913546085358,0,1,0.20425841212272644,0,1,0.20960137248039246,0,1,0.20044063031673431,0,1,0.20428960025310516
subject_13:sample_0003239,13,3239,0,0,1,0,1,1,0,0.1877962052822113,0,1,0.20226158201694489,0,1,0.2066095471382141,0,1,0.19918745756149292,0,1,0.2041441649198532
subject_13:sample_0003240,13,3240,0,0,1,0,1,1,0,0.2034117728471756,0,1,0.19845740497112274,0,1,0.20183563232421875,0,1,0.19559167325496674,0,1,0.200702503323555
subject_13:sample_0003241,13,3241,0,0,1,0,1,1,0,0.20286035537719727,0,1,0.19914904236793518,0,1,0.20193204283714294,0,1,0.19615457952022552,0,1,0.19990305602550507
subject_13:sample_0003242,13,3242,0,0,1,0,1,0,1,0.20322202146053314,0,1,0.19928734004497528,0,1,0.2021908015012741,0,1,0.19618260860443115,0,1,0.19911625981330872
subject_13:sample_0003243,13,3243,0,0,1,0,1,0,1,0.20175801217556,0,1,0.1997336745262146,0,1,0.20255935192108154,0,1,0.19650879502296448,0,1,0.19943921267986298
subject_13:sample_0003244,13,3244,0,0,1,0,1,0,1,0.20013362169265747,0,1,0.19952277839183807,0,1,0.20270125567913055,0,1,0.19627103209495544,0,1,0.20137031376361847
subject_13:sample_0003245,13,3245,0,0,1,0,1,0,1,0.20007596909999847,0,1,0.19929823279380798,0,1,0.20272812247276306,0,1,0.19633212685585022,0,1,0.20156459510326385
subject_13:sample_0003246,13,3246,0,0,1,0,1,0,1,0.2002861052751541,0,1,0.19933363795280457,0,1,0.20251032710075378,0,1,0.19644282758235931,0,1,0.20142611861228943
subject_13:sample_0003247,13,3247,0,0,1,0,1,0,1,0.20099951326847076,0,1,0.19962091743946075,0,1,0.20253904163837433,0,1,0.19666676223278046,0,1,0.20017285645008087
subject_13:sample_0003248,13,3248,0,0,1,0,1,0,1,0.201406329870224,0,1,0.19967496395111084,0,1,0.20193520188331604,0,1,0.19790801405906677,0,1,0.19907458126544952
subject_13:sample_0003249,13,3249,0,0,1,0,1,0,1,0.20147202908992767,0,1,0.19937340915203094,0,1,0.2016809582710266,0,1,0.19911371171474457,0,1,0.1983589231967926
subject_13:sample_0003250,13,3250,0,0,1,0,1,0,1,0.20095011591911316,0,1,0.19786396622657776,0,1,0.20270906388759613,0,1,0.20049746334552765,0,1,0.1979784369468689
subject_13:sample_0003251,13,3251,0,0,1,0,1,0,1,0.19946786761283875,0,1,0.19554616510868073,0,1,0.20519258081912994,0,1,0.20099800825119019,0,1,0.1987943947315216
subject_13:sample_0003252,13,3252,0,0,1,0,1,0,1,0.19754378497600555,0,1,0.19371430575847626,0,1,0.2072259783744812,0,1,0.20112916827201843,0,1,0.20038574934005737
subject_13:sample_0003253,13,3253,0,0,1,0,1,0,1,0.19665977358818054,0,1,0.19195041060447693,0,1,0.20905084908008575,0,1,0.2003355622291565,0,1,0.20200246572494507
subject_13:sample_0003254,13,3254,0,0,1,0,1,0,1,0.1957247108221054,0,1,0.19076073169708252,0,1,0.2103138566017151,0,1,0.20011210441589355,0,1,0.20308765769004822
subject_13:sample_0003255,13,3255,0,0,1,0,1,0,1,0.1946844905614853,0,1,0.18955333530902863,0,1,0.21114973723888397,0,1,0.2001148760318756,0,1,0.20449666678905487
subject_13:sample_0003256,13,3256,0,0,1,0,1,0,1,0.19380685687065125,0,1,0.18883496522903442,0,1,0.21190190315246582,0,1,0.19994542002677917,0,1,0.2055099457502365
subject_13:sample_0003257,13,3257,0,0,1,0,1,0,1,0.19337642192840576,0,1,0.1885197013616562,0,1,0.21313077211380005,0,1,0.1990683525800705,0,1,0.2059038132429123
subject_13:sample_0003258,13,3258,0,0,1,0,1,0,1,0.19325146079063416,0,1,0.1885758340358734,0,1,0.21416057646274567,0,1,0.1979958862066269,0,1,0.20601534843444824
subject_13:sample_0003259,13,3259,0,0,1,0,1,0,1,0.19292406737804413,0,1,0.18866002559661865,0,1,0.21511463820934296,0,1,0.19720333814620972,0,1,0.20609700679779053
subject_13:sample_0003260,13,3260,0,0,1,0,1,0,1,0.19242586195468903,0,1,0.18891385197639465,0,1,0.21695372462272644,0,1,0.1954987645149231,0,1,0.20620684325695038
subject_13:sample_0003261,13,3261,0,0,1,0,1,0,1,0.1924719363451004,0,1,0.18910807371139526,0,1,0.2183893769979477,0,1,0.19436711072921753,0,1,0.20566251873970032
subject_13:sample_0003262,13,3262,0,0,1,0,1,0,1,0.19274891912937164,0,1,0.18955576419830322,0,1,0.21968312561511993,0,1,0.19351282715797424,0,1,0.20449841022491455
subject_13:sample_0003263,13,3263,0,0,1,0,1,0,1,0.1930667757987976,0,1,0.1898859441280365,0,1,0.2199898064136505,0,1,0.1933474987745285,0,1,0.2037089765071869
subject_13:sample_0003264,13,3264,0,0,1,0,1,0,1,0.1931309700012207,0,1,0.1903683990240097,0,1,0.221218079328537,0,1,0.19241130352020264,0,1,0.20287033915519714
subject_13:sample_0003265,13,3265,0,0,1,0,1,0,1,0.1939171552658081,0,1,0.19145967066287994,0,1,0.2225537896156311,0,1,0.1922360211610794,0,1,0.19983236491680145
subject_13:sample_0003266,13,3266,0,0,1,0,1,0,1,0.1941990703344345,0,1,0.1922285556793213,0,1,0.2243366688489914,0,1,0.19288311898708344,0,1,0.19635161757469177
subject_13:sample_0003267,13,3267,0,0,1,0,1,0,1,0.19342884421348572,0,1,0.19206587970256805,0,1,0.22773157060146332,0,1,0.1921270787715912,0,1,0.1946457475423813
subject_13:sample_0003268,13,3268,0,0,1,0,1,0,1,0.19274720549583435,0,1,0.1916603446006775,0,1,0.23016145825386047,0,1,0.19141919910907745,0,1,0.1940108686685562
subject_13:sample_0003269,13,3269,0,0,1,0,1,0,1,0.19264757633209229,0,1,0.19185300171375275,0,1,0.23305602371692657,0,1,0.19057051837444305,0,1,0.19187192618846893
subject_13:sample_0003270,13,3270,0,0,1,0,1,0,1,0.19326774775981903,0,1,0.19251717627048492,0,1,0.23374806344509125,0,1,0.18992100656032562,0,1,0.19054503738880157
subject_13:sample_0003271,13,3271,0,0,1,0,1,0,1,0.19363273680210114,0,1,0.1931341290473938,0,1,0.23269858956336975,0,1,0.1902189999818802,0,1,0.1903146356344223
subject_13:sample_0003272,13,3272,0,0,1,0,1,0,1,0.19389888644218445,0,1,0.19403928518295288,0,1,0.23027808964252472,0,1,0.19118273258209229,0,1,0.19060011208057404
subject_13:sample_0003273,13,3273,0,0,1,0,1,0,1,0.1950094848871231,0,1,0.1954299956560135,0,1,0.22705937922000885,0,1,0.19184480607509613,0,1,0.1906554400920868
subject_13:sample_0003274,13,3274,0,0,1,0,1,0,1,0.1973866969347,0,1,0.1962628960609436,0,1,0.22465462982654572,0,1,0.19184179604053497,0,1,0.1898529827594757
subject_13:sample_0003275,13,3275,0,0,1,0,1,0,1,0.2007828950881958,0,1,0.1957477480173111,0,1,0.22454015910625458,0,1,0.1902194768190384,0,1,0.18870873749256134
subject_13:sample_0003276,13,3276,0,0,1,0,1,0,1,0.20540112257003784,0,1,0.19409659504890442,0,1,0.22630690038204193,0,1,0.18715497851371765,0,1,0.18703943490982056
subject_13:sample_0003277,13,3277,0,0,1,0,1,0,1,0.21773946285247803,0,1,0.1916702538728714,0,1,0.2276027947664261,0,1,0.18098951876163483,0,1,0.18199698626995087
subject_13:sample_0003278,13,3278,0,0,1,0,1,0,1,0.21914735436439514,0,1,0.19498176872730255,0,1,0.2302989810705185,0,1,0.17643268406391144,0,1,0.17913833260536194
subject_13:sample_0003279,13,3279,0,0,1,0,1,0,1,0.2172033190727234,0,1,0.19913101196289062,0,1,0.230562224984169,0,1,0.1737380027770996,0,1,0.17936451733112335
subject_13:sample_0003280,13,3280,0,0,1,0,1,0,1,0.21610432863235474,0,1,0.2002597451210022,0,1,0.23086687922477722,0,1,0.17218053340911865,0,1,0.1805875152349472
subject_13:sample_0003281,13,3281,0,0,1,0,1,0,1,0.21569345891475677,0,1,0.20100507140159607,0,1,0.2302568405866623,0,1,0.1714560091495514,0,1,0.18158769607543945
subject_13:sample_0003282,13,3282,0,0,1,0,1,0,1,0.2148827761411667,0,1,0.20352351665496826,0,1,0.22859281301498413,0,1,0.1711675375699997,0,1,0.18183238804340363
subject_13:sample_0003283,13,3283,0,0,1,0,1,0,1,0.21670123934745789,0,1,0.20234905183315277,0,1,0.22584302723407745,0,1,0.1729932725429535,0,1,0.18211247026920319
subject_13:sample_0003284,13,3284,0,0,1,0,1,0,1,0.21973522007465363,0,1,0.19930100440979004,0,1,0.2218511551618576,0,1,0.1760692596435547,0,1,0.1830424815416336
subject_13:sample_0003285,13,3285,0,0,1,0,1,0,1,0.22148770093917847,0,1,0.1979772448539734,0,1,0.21778714656829834,0,1,0.17949159443378448,0,1,0.1832553744316101
subject_13:sample_0003286,13,3286,0,0,1,0,1,0,1,0.22110576927661896,0,1,0.19849812984466553,0,1,0.21662427484989166,0,1,0.18193940818309784,0,1,0.18183143436908722
subject_13:sample_0003287,13,3287,0,0,1,0,1,0,1,0.22080737352371216,0,1,0.19804160296916962,0,1,0.21604706346988678,0,1,0.18391472101211548,0,1,0.18118837475776672
subject_13:sample_0003288,13,3288,0,0,1,0,1,0,1,0.22037488222122192,0,1,0.19674432277679443,0,1,0.2161768525838852,0,1,0.18543417751789093,0,1,0.18126876652240753
subject_13:sample_0003289,13,3289,0,0,1,0,1,0,1,0.2195044904947281,0,1,0.19793573021888733,0,1,0.2182154506444931,0,1,0.18478551506996155,0,1,0.17955787479877472
subject_13:sample_0003290,13,3290,0,0,1,0,1,0,1,0.21639740467071533,0,1,0.20219598710536957,0,1,0.2217385321855545,0,1,0.1829497218132019,0,1,0.17671743035316467
subject_13:sample_0003291,13,3291,0,0,1,0,1,0,1,0.2147587388753891,0,1,0.20421314239501953,0,1,0.22351516783237457,0,1,0.18204444646835327,0,1,0.1754675656557083
subject_13:sample_0003292,13,3292,0,0,1,0,1,0,1,0.21469400823116302,0,1,0.20360466837882996,0,1,0.22456493973731995,0,1,0.18203853070735931,0,1,0.17509686946868896
subject_13:sample_0003293,13,3293,0,0,1,0,1,0,1,0.21372860670089722,0,1,0.20508389174938202,0,1,0.22493864595890045,0,1,0.18163251876831055,0,1,0.17461533844470978
subject_13:sample_0003294,13,3294,0,0,1,0,1,0,1,0.21115733683109283,0,1,0.2088390588760376,0,1,0.22468093037605286,0,1,0.18101496994495392,0,1,0.1743067353963852
subject_13:sample_0003295,13,3295,0,0,1,0,1,0,1,0.20990990102291107,0,1,0.21024778485298157,0,1,0.22431215643882751,0,1,0.18086987733840942,0,1,0.1746593713760376
subject_13:sample_0003296,13,3296,0,0,1,0,1,0,1,0.20901474356651306,0,1,0.21118104457855225,0,1,0.22455470263957977,0,1,0.18043342232704163,0,1,0.1748151034116745
subject_13:sample_0003297,13,3297,0,0,1,0,1,0,1,0.20833757519721985,0,1,0.21146193146705627,0,1,0.22402410209178925,0,1,0.18077662587165833,0,1,0.17539876699447632
subject_13:sample_0003298,13,3298,0,0,1,0,1,0,1,0.20784856379032135,0,1,0.21129997074604034,0,1,0.22167529165744781,0,1,0.182440847158432,0,1,0.17673435807228088
subject_13:sample_0003299,13,3299,0,0,1,0,1,0,1,0.20879991352558136,0,1,0.21019309759140015,0,1,0.2194368839263916,0,1,0.18396881222724915,0,1,0.17760033905506134
subject_13:sample_0003300,13,3300,0,0,1,0,1,0,1,0.21075698733329773,0,1,0.20764249563217163,0,1,0.218793123960495,0,1,0.1848134696483612,0,1,0.17799298465251923
subject_13:sample_0003301,13,3301,0,0,1,0,1,0,1,0.2138017863035202,0,1,0.20368541777133942,0,1,0.21614454686641693,0,1,0.18707109987735748,0,1,0.17929618060588837
subject_13:sample_0003302,13,3302,0,0,1,0,1,0,1,0.21658040583133698,0,1,0.19963127374649048,0,1,0.20850537717342377,0,1,0.19240012764930725,0,1,0.18288186192512512
subject_13:sample_0003303,13,3303,0,0,1,0,1,0,1,0.21592606604099274,0,1,0.19738462567329407,0,1,0.20439578592777252,0,1,0.196769118309021,0,1,0.1855233609676361
subject_13:sample_0003304,13,3304,0,0,1,0,1,0,1,0.20917664468288422,0,1,0.19823703169822693,0,1,0.2033790946006775,0,1,0.20042888820171356,0,1,0.1887773871421814
subject_13:sample_0003305,13,3305,0,0,1,0,1,0,1,0.2029391974210739,0,1,0.1986483335494995,0,1,0.20370905101299286,0,1,0.20308583974838257,0,1,0.19161657989025116
subject_13:sample_0003306,13,3306,0,0,1,0,1,0,1,0.19903600215911865,0,1,0.19707858562469482,0,1,0.20613913238048553,0,1,0.20521655678749084,0,1,0.19252876937389374
subject_13:sample_0003307,13,3307,0,0,1,0,1,0,1,0.1947946697473526,0,1,0.19383525848388672,0,1,0.21360477805137634,0,1,0.20546069741249084,0,1,0.19230368733406067
subject_13:sample_0003308,13,3308,0,0,1,0,1,0,1,0.1922033578157425,0,1,0.19195294380187988,0,1,0.22151124477386475,0,1,0.2029045820236206,0,1,0.19142688810825348
subject_13:sample_0003309,13,3309,0,0,1,0,1,0,1,0.19003815948963165,0,1,0.1907220184803009,0,1,0.2266143560409546,0,1,0.20135259628295898,0,1,0.19127191603183746
subject_13:sample_0003310,13,3310,0,0,1,0,1,0,1,0.18770240247249603,0,1,0.18954956531524658,1,0,0.2304161787033081,0,1,0.20094601809978485,0,1,0.19138483703136444
subject_13:sample_0003311,13,3311,0,0,1,0,1,0,1,0.18859365582466125,0,1,0.19183042645454407,1,0,0.22142139077186584,0,1,0.20301158726215363,0,1,0.1951419860124588
subject_13:sample_0003312,13,3312,0,0,1,0,1,0,1,0.188834547996521,0,1,0.19288164377212524,1,0,0.21963034570217133,0,1,0.2022257298231125,0,1,0.19642676413059235
subject_13:sample_0003313,13,3313,0,0,1,0,1,0,1,0.18981975317001343,0,1,0.1942158043384552,1,0,0.21621844172477722,0,1,0.20174048840999603,0,1,0.19800464808940887
subject_13:sample_0003314,13,3314,0,0,1,0,1,0,1,0.19112543761730194,0,1,0.19659003615379333,1,0,0.21000663936138153,0,1,0.20153363049030304,0,1,0.20074327290058136
subject_13:sample_0003315,13,3315,0,0,1,0,1,0,1,0.19121502339839935,0,1,0.19759921729564667,1,0,0.20941704511642456,0,1,0.20112191140651703,0,1,0.20064584910869598
subject_13:sample_0003316,13,3316,0,0,1,0,1,0,1,0.1915702223777771,0,1,0.19802559912204742,1,0,0.2106088399887085,0,1,0.20067022740840912,0,1,0.19912420213222504
subject_13:sample_0003317,13,3317,0,0,1,0,1,0,1,0.19185389578342438,0,1,0.1989183872938156,1,0,0.21035294234752655,0,1,0.20026180148124695,0,1,0.1986120194196701
subject_13:sample_0003318,13,3318,0,0,1,0,1,0,1,0.19187356531620026,0,1,0.20035181939601898,1,0,0.20737232267856598,0,1,0.20046889781951904,0,1,0.19993241131305695
subject_13:sample_0003319,13,3319,0,0,1,0,1,0,1,0.19003324210643768,0,1,0.2017889767885208,1,0,0.20439772307872772,0,1,0.20056290924549103,0,1,0.20321623980998993
subject_13:sample_0003320,13,3320,0,0,1,0,1,0,1,0.18889352679252625,0,1,0.2019903063774109,1,0,0.20262494683265686,0,1,0.2000751793384552,0,1,0.20641504228115082
subject_13:sample_0003321,13,3321,0,0,1,0,1,0,1,0.188590869307518,0,1,0.20106686651706696,1,0,0.20123325288295746,0,1,0.19871732592582703,0,1,0.21039070188999176
subject_13:sample_0003322,13,3322,0,0,1,0,1,0,1,0.19295911490917206,0,1,0.2057253122329712,1,0,0.19961608946323395,0,1,0.20242398977279663,1,0,0.19927455484867096
subject_13:sample_0003323,13,3323,0,0,1,0,1,0,1,0.19340746104717255,0,1,0.2135183960199356,1,0,0.1932222694158554,0,1,0.20656651258468628,1,0,0.19328443706035614
subject_13:sample_0003324,13,3324,0,0,1,0,1,0,1,0.19348473846912384,0,1,0.2178468257188797,1,0,0.19091998040676117,0,1,0.20774151384830475,1,0,0.19000594317913055
subject_13:sample_0003325,13,3325,0,0,1,0,1,0,1,0.19414490461349487,0,1,0.2193877100944519,1,0,0.1900477409362793,0,1,0.20790210366249084,1,0,0.18851657211780548
subject_13:sample_0003326,13,3326,0,1,0,1,0,0,1,0.1984235644340515,1,0,0.20693957805633545,1,0,0.18829847872257233,0,1,0.21904844045639038,1,0,0.1872890144586563
subject_13:sample_0003327,13,3327,0,1,0,1,0,0,1,0.2057504653930664,1,0,0.2025614082813263,1,0,0.1890481412410736,1,0,0.2137368619441986,1,0,0.1889021396636963
subject_13:sample_0003328,13,3328,0,1,0,1,0,0,1,0.20831875503063202,1,0,0.19924671947956085,1,0,0.18883869051933289,1,0,0.215477854013443,1,0,0.18811705708503723
subject_13:sample_0003329,13,3329,0,1,0,1,0,0,1,0.20678278803825378,1,0,0.19752025604248047,1,0,0.1876925826072693,2,0,0.22162051498889923,1,0,0.18638283014297485
subject_13:sample_0003330,13,3330,0,1,0,1,0,2,0,0.21670062839984894,1,0,0.19125346839427948,1,0,0.18655925989151,2,0,0.21914690732955933,1,0,0.18633882701396942
subject_13:sample_0003331,13,3331,0,1,0,1,0,2,0,0.2204350233078003,1,0,0.18653693795204163,1,0,0.18657074868679047,2,0,0.21988101303577423,1,0,0.1865752637386322
subject_13:sample_0003332,13,3332,0,1,0,1,0,2,0,0.2199847251176834,1,0,0.18570002913475037,1,0,0.18669411540031433,2,0,0.22095337510108948,1,0,0.18666677176952362
subject_13:sample_0003333,13,3333,0,1,0,1,0,2,0,0.2202519178390503,1,0,0.1851855367422104,1,0,0.18675801157951355,2,0,0.2212211787700653,1,0,0.18658235669136047
subject_13:sample_0003334,13,3334,0,1,0,1,0,2,0,0.21604284644126892,1,0,0.18612511456012726,1,0,0.18817250430583954,1,0,0.2211136370897293,1,0,0.18854494392871857
subject_13:sample_0003335,13,3335,0,1,0,1,0,1,0,0.20427054166793823,1,0,0.19080610573291779,1,0,0.193463534116745,1,0,0.21730904281139374,1,0,0.19414980709552765
subject_13:sample_0003336,13,3336,0,1,0,1,0,1,0,0.19659437239170074,1,0,0.19200573861598969,1,0,0.1952103078365326,1,0,0.22033652663230896,1,0,0.19585219025611877
subject_13:sample_0003337,13,3337,0,1,0,1,0,1,0,0.19680258631706238,1,0,0.19225673377513885,1,0,0.1960645467042923,1,0,0.2184634953737259,1,0,0.19641165435314178
subject_13:sample_0003338,13,3338,0,1,0,1,0,1,0,0.1980055272579193,1,0,0.19320884346961975,1,0,0.19737288355827332,1,0,0.2139282077550888,1,0,0.1974835991859436
subject_13:sample_0003339,13,3339,0,1,0,1,0,1,0,0.1979033648967743,1,0,0.19297491014003754,1,0,0.19777610898017883,1,0,0.21413901448249817,1,0,0.19720573723316193
subject_13:sample_0003340,13,3340,0,1,0,1,0,1,0,0.19772905111312866,1,0,0.192374125123024,1,0,0.19782693684101105,1,0,0.21563929319381714,1,0,0.19642969965934753
subject_13:sample_0003341,13,3341,0,1,0,1,0,1,0,0.19743561744689941,1,0,0.19003675878047943,1,0,0.1945188343524933,1,0,0.2234015017747879,1,0,0.19460631906986237
subject_13:sample_0003342,13,3342,0,1,0,1,0,1,0,0.21008117496967316,1,0,0.18701666593551636,1,0,0.19016742706298828,1,0,0.22108013927936554,1,0,0.19165369868278503
subject_13:sample_0003343,13,3343,0,1,0,1,0,2,0,0.22304417192935944,1,0,0.1842588186264038,1,0,0.18633951246738434,1,0,0.21777038276195526,1,0,0.18858619034290314
subject_13:sample_0003344,13,3344,0,1,0,1,0,2,0,0.22198131680488586,1,0,0.18449929356575012,1,0,0.1859806627035141,1,0,0.21877630054950714,1,0,0.18876145780086517
subject_13:sample_0003345,13,3345,0,1,0,1,0,0,1,0.21115298569202423,1,0,0.1856648027896881,1,0,0.1876625269651413,1,0,0.2255886346101761,1,0,0.1899300515651703
subject_13:sample_0003346,13,3346,0,1,0,1,0,0,1,0.20350322127342224,1,0,0.18585626780986786,1,0,0.19190692901611328,0,1,0.2288072407245636,1,0,0.1899253875017166
subject_13:sample_0003347,13,3347,0,1,0,1,0,0,1,0.1981845498085022,1,0,0.1859787553548813,1,0,0.19742746651172638,1,0,0.22878220677375793,1,0,0.1896260529756546
subject_13:sample_0003348,13,3348,0,1,0,1,0,0,1,0.1941983848810196,1,0,0.18393951654434204,1,0,0.20945635437965393,1,0,0.22524090111255646,1,0,0.18716393411159515
subject_13:sample_0003349,13,3349,0,1,0,0,1,0,1,0.19261117279529572,1,0,0.18385685980319977,0,1,0.21445327997207642,1,0,0.22288887202739716,1,0,0.18618884682655334
subject_13:sample_0003350,13,3350,0,1,0,0,1,0,1,0.19643010199069977,1,0,0.18812663853168488,0,1,0.21112266182899475,1,0,0.21614724397659302,1,0,0.18817238509655
subject_13:sample_0003351,13,3351,0,1,0,1,0,0,1,0.20042835175991058,1,0,0.19350355863571167,0,1,0.2137163132429123,1,0,0.2024005502462387,1,0,0.18995030224323273
subject_13:sample_0003352,13,3352,0,1,0,0,1,0,1,0.20138096809387207,1,0,0.20762492716312408,0,1,0.2030845433473587,1,0,0.19975906610488892,1,0,0.1881495863199234
subject_13:sample_0003353,13,3353,0,1,0,0,1,0,1,0.2001432478427887,1,0,0.21318981051445007,0,1,0.1934913694858551,1,0,0.20683075487613678,1,0,0.1863439381122589
subject_13:sample_0003354,13,3354,0,1,0,0,1,0,1,0.197156623005867,1,0,0.21506750583648682,0,1,0.18958480656147003,1,0,0.2102205902338028,1,0,0.18796953558921814
subject_13:sample_0003355,13,3355,0,1,0,0,1,0,1,0.19272269308567047,1,0,0.217413991689682,0,1,0.1885252594947815,1,0,0.21000967919826508,1,0,0.19132742285728455
subject_13:sample_0003356,13,3356,0,1,0,0,1,0,1,0.18676190078258514,1,0,0.21880759298801422,0,1,0.1868802160024643,1,0,0.21263082325458527,1,0,0.19491848349571228
subject_13:sample_0003357,13,3357,0,1,0,0,1,0,1,0.1828143298625946,1,0,0.2203167974948883,0,1,0.19036926329135895,1,0,0.2096661776304245,1,0,0.19683247804641724
subject_13:sample_0003358,13,3358,0,1,0,0,1,0,1,0.1812160164117813,1,0,0.21954627335071564,0,1,0.19284746050834656,1,0,0.20747843384742737,1,0,0.1989109218120575
subject_13:sample_0003359,13,3359,0,1,0,0,1,0,1,0.17812979221343994,1,0,0.21684391796588898,0,1,0.1935221403837204,1,0,0.2064686268568039,1,0,0.20503456890583038
subject_13:sample_0003360,13,3360,0,1,0,0,1,0,1,0.17881646752357483,1,0,0.21221205592155457,0,1,0.19682136178016663,1,0,0.20288647711277008,1,0,0.2092626541852951
subject_13:sample_0003361,13,3361,0,0,1,0,1,0,1,0.18337854743003845,1,0,0.20484401285648346,0,1,0.20036451518535614,1,0,0.20096686482429504,1,0,0.2104451060295105
subject_13:sample_0003362,13,3362,0,1,0,0,1,0,1,0.20796087384223938,1,0,0.19236984848976135,0,1,0.2076997309923172,1,0,0.19526097178459167,1,0,0.19670765101909637
subject_13:sample_0003363,13,3363,0,1,0,1,0,1,0,0.20912040770053864,1,0,0.19202592968940735,1,0,0.20173953473567963,1,0,0.19882693886756897,1,0,0.19828617572784424
subject_13:sample_0003364,13,3364,0,1,0,1,0,1,0,0.20729856193065643,1,0,0.1938173770904541,1,0,0.20097340643405914,1,0,0.1991347372531891,1,0,0.19877491891384125
subject_13:sample_0003365,13,3365,0,1,0,1,0,1,0,0.20471376180648804,1,0,0.19381940364837646,1,0,0.20305518805980682,1,0,0.19956272840499878,1,0,0.1988479644060135
subject_13:sample_0003366,13,3366,0,1,0,1,0,1,0,0.20299604535102844,1,0,0.19477412104606628,1,0,0.20319421589374542,1,0,0.200001522898674,1,0,0.19903314113616943
subject_13:sample_0003367,13,3367,0,1,0,1,0,1,0,0.20325593650341034,1,0,0.1957402229309082,1,0,0.20213818550109863,1,0,0.1999441236257553,1,0,0.19892050325870514
subject_13:sample_0003368,13,3368,0,1,0,1,0,1,0,0.20491082966327667,1,0,0.19568291306495667,1,0,0.20068827271461487,1,0,0.19946305453777313,1,0,0.1992538869380951
subject_13:sample_0003369,13,3369,0,1,0,1,0,1,0,0.20619666576385498,1,0,0.19570107758045197,1,0,0.19930432736873627,1,0,0.1989278644323349,1,0,0.19986912608146667
subject_13:sample_0003370,13,3370,0,1,0,1,0,1,0,0.20680958032608032,1,0,0.1960379183292389,1,0,0.19819869101047516,1,0,0.1986529529094696,1,0,0.20029985904693604
subject_13:sample_0003371,13,3371,0,1,0,1,0,1,0,0.2068219929933548,1,0,0.19622862339019775,1,0,0.19797076284885406,1,0,0.19868597388267517,1,0,0.2002916783094406
subject_13:sample_0003372,13,3372,0,1,0,1,0,1,0,0.20695717632770538,1,0,0.19622428715229034,1,0,0.19728592038154602,1,0,0.19911062717437744,1,0,0.20042100548744202
subject_13:sample_0003373,13,3373,0,1,0,1,0,1,0,0.206971675157547,1,0,0.19618576765060425,1,0,0.1969694346189499,1,0,0.19940049946308136,1,0,0.2004716396331787
subject_13:sample_0003374,13,3374,0,1,0,1,0,1,0,0.2065516710281372,1,0,0.19627754390239716,1,0,0.19744692742824554,1,0,0.19948942959308624,1,0,0.20023344457149506
subject_13:sample_0003375,13,3375,0,1,0,1,0,1,0,0.20602934062480927,1,0,0.19599054753780365,1,0,0.19737215340137482,1,0,0.20031234622001648,1,0,0.200294628739357
subject_13:sample_0003376,13,3376,0,1,0,1,0,1,0,0.205015629529953,1,0,0.1958608776330948,1,0,0.19750607013702393,1,0,0.2011120617389679,1,0,0.200504332780838
subject_13:sample_0003377,13,3377,0,1,0,1,0,1,0,0.20294243097305298,1,0,0.19608601927757263,1,0,0.1986554116010666,1,0,0.2024766057729721,1,0,0.19983859360218048
subject_13:sample_0003378,13,3378,0,1,0,1,0,1,0,0.20261512696743011,1,0,0.19464223086833954,1,0,0.20062263309955597,1,0,0.20392392575740814,1,0,0.19819514453411102
subject_13:sample_0003379,13,3379,0,1,0,1,0,1,0,0.2040298730134964,1,0,0.1924285888671875,1,0,0.2024027407169342,1,0,0.2027769684791565,1,0,0.19836090505123138
subject_13:sample_0003380,13,3380,0,1,0,1,0,1,0,0.204725444316864,1,0,0.19211137294769287,1,0,0.2034766674041748,1,0,0.20097529888153076,1,0,0.19871018826961517
subject_13:sample_0003381,13,3381,0,1,0,1,0,1,0,0.2048783004283905,1,0,0.19232332706451416,1,0,0.2039642035961151,1,0,0.20005394518375397,1,0,0.19877928495407104
subject_13:sample_0003382,13,3382,0,1,0,1,0,1,0,0.20508736371994019,1,0,0.19258148968219757,1,0,0.2038550227880478,1,0,0.1995183825492859,1,0,0.19895675778388977
subject_13:sample_0003383,13,3383,0,1,0,1,0,1,0,0.20567190647125244,1,0,0.19312754273414612,1,0,0.20298029482364655,1,0,0.19860634207725525,1,0,0.19961300492286682
subject_13:sample_0003384,13,3384,0,1,0,1,0,1,0,0.20575343072414398,1,0,0.19339992105960846,1,0,0.20231102406978607,1,0,0.19855985045433044,1,0,0.1999748945236206
subject_13:sample_0003385,13,3385,0,1,0,1,0,1,0,0.20541122555732727,1,0,0.19346649944782257,1,0,0.2018539011478424,1,0,0.19927896559238434,1,0,0.1999884694814682
subject_13:sample_0003386,13,3386,0,1,0,1,0,1,0,0.20483656227588654,1,0,0.1936158537864685,1,0,0.2014528512954712,1,0,0.19992361962795258,1,0,0.20017008483409882
subject_13:sample_0003387,13,3387,0,1,0,1,0,1,0,0.20393678545951843,1,0,0.19400572776794434,1,0,0.2015397995710373,1,0,0.19995702803134918,1,0,0.20055970549583435
subject_13:sample_0003388,13,3388,0,1,0,1,0,1,0,0.20305825769901276,1,0,0.194265216588974,1,0,0.20176619291305542,1,0,0.20006883144378662,1,0,0.20084047317504883
subject_13:sample_0003389,13,3389,0,1,0,1,0,1,0,0.2018474042415619,1,0,0.19440793991088867,1,0,0.20196433365345,1,0,0.20073093473911285,1,0,0.20104846358299255
subject_13:sample_0003390,13,3390,0,1,0,1,0,1,0,0.20115317404270172,1,0,0.19447511434555054,1,0,0.20222926139831543,1,0,0.2010147124528885,1,0,0.20112676918506622
subject_13:sample_0003391,13,3391,0,1,0,1,0,1,0,0.20071057975292206,1,0,0.19467860460281372,1,0,0.20263133943080902,1,0,0.2006775140762329,1,0,0.20130102336406708
subject_13:sample_0003392,13,3392,0,1,0,1,0,1,0,0.20067237317562103,1,0,0.1947755068540573,1,0,0.20281900465488434,1,0,0.20038269460201263,1,0,0.20134945213794708
subject_13:sample_0003393,13,3393,0,1,0,1,0,1,0,0.20062552392482758,1,0,0.1947380155324936,1,0,0.20289425551891327,1,0,0.20043553411960602,1,0,0.20130571722984314
