sample_id,subject_id,sample_index,label,consensus_prediction,consensus_correct,classifier_prediction,classifier_correct,delta_prediction,delta_correct,delta_weight,theta_prediction,theta_correct,theta_weight,alpha_prediction,alpha_correct,alpha_weight,beta_prediction,beta_correct,beta_weight,gamma_prediction,gamma_correct,gamma_weight
subject_05:sample_0000000,5,0,2,2,1,2,1,2,1,0.19092486798763275,2,1,0.20223493874073029,2,1,0.19492486119270325,2,1,0.20479834079742432,2,1,0.2071159929037094
subject_05:sample_0000001,5,1,2,2,1,2,1,2,1,0.1905619204044342,2,1,0.20288419723510742,2,1,0.19482721388339996,2,1,0.2046680897474289,2,1,0.2070576697587967
subject_05:sample_0000002,5,2,2,2,1,2,1,2,1,0.19030340015888214,2,1,0.2033466398715973,2,1,0.19475890696048737,2,1,0.20457158982753754,2,1,0.20701852440834045
subject_05:sample_0000003,5,3,2,2,1,2,1,2,1,0.19016695022583008,2,1,0.20370961725711823,2,1,0.19471508264541626,2,1,0.20449396967887878,2,1,0.2069135159254074
subject_05:sample_0000004,5,4,2,2,1,2,1,2,1,0.1899964064359665,2,1,0.20398609340190887,2,1,0.19474844634532928,2,1,0.20442534983158112,2,1,0.20684275031089783
subject_05:sample_0000005,5,5,2,2,1,2,1,2,1,0.18996071815490723,2,1,0.20411914587020874,2,1,0.1947937160730362,2,1,0.204424649477005,2,1,0.20670071244239807
subject_05:sample_0000006,5,6,2,2,1,2,1,2,1,0.19034764170646667,2,1,0.20407545566558838,2,1,0.1949279010295868,2,1,0.2042405903339386,2,1,0.20640741288661957
subject_05:sample_0000007,5,7,2,2,1,2,1,2,1,0.1907513588666916,2,1,0.20395749807357788,2,1,0.19511248171329498,2,1,0.20405429601669312,2,1,0.20612342655658722
subject_05:sample_0000008,5,8,2,2,1,2,1,2,1,0.19110505282878876,2,1,0.2038201093673706,2,1,0.19535641372203827,2,1,0.2039085328578949,2,1,0.20580895245075226
subject_05:sample_0000009,5,9,2,2,1,2,1,2,1,0.19098664820194244,2,1,0.20373132824897766,2,1,0.1956654191017151,2,1,0.20394395291805267,2,1,0.20567163825035095
subject_05:sample_0000010,5,10,2,2,1,2,1,2,1,0.19081375002861023,2,1,0.20344278216362,2,1,0.19597280025482178,2,1,0.20408761501312256,2,1,0.20568206906318665
subject_05:sample_0000011,5,11,2,2,1,2,1,2,1,0.19040410220623016,2,1,0.20285700261592865,2,1,0.1963777095079422,2,1,0.2044171392917633,2,1,0.20594309270381927
subject_05:sample_0000012,5,12,2,2,1,2,1,2,1,0.18974417448043823,2,1,0.20219095051288605,2,1,0.1967041790485382,2,1,0.20490428805351257,2,1,0.20645543932914734
subject_05:sample_0000013,5,13,2,2,1,2,1,2,1,0.18920744955539703,2,1,0.2015548050403595,2,1,0.19695641100406647,2,1,0.20534290373325348,2,1,0.20693740248680115
subject_05:sample_0000014,5,14,2,2,1,2,1,2,1,0.1889609843492508,2,1,0.2009914219379425,2,1,0.19713984429836273,2,1,0.20568455755710602,2,1,0.20722220838069916
subject_05:sample_0000015,5,15,2,2,1,2,1,2,1,0.1885279417037964,2,1,0.200480118393898,2,1,0.19743898510932922,2,1,0.20605793595314026,2,1,0.2074940949678421
subject_05:sample_0000016,5,16,2,2,1,2,1,2,1,0.18781138956546783,2,1,0.20038679242134094,2,1,0.1979825347661972,2,1,0.20636509358882904,2,1,0.20745322108268738
subject_05:sample_0000017,5,17,2,2,1,2,1,2,1,0.1881304830312729,2,1,0.20014536380767822,2,1,0.1983605921268463,2,1,0.20634382963180542,2,1,0.20701877772808075
subject_05:sample_0000018,5,18,2,2,1,2,1,2,1,0.18936936557292938,2,1,0.1998467892408371,2,1,0.1985449641942978,2,1,0.20602375268936157,2,1,0.20621414482593536
subject_05:sample_0000019,5,19,2,2,1,2,1,2,1,0.18980051577091217,2,1,0.20000222325325012,2,1,0.19877949357032776,2,1,0.20580224692821503,2,1,0.20561455190181732
subject_05:sample_0000020,5,20,2,2,1,2,1,2,1,0.19036467373371124,2,1,0.20038197934627533,2,1,0.1989411562681198,2,1,0.20544826984405518,2,1,0.20486293733119965
subject_05:sample_0000021,5,21,2,2,1,2,1,2,1,0.19072508811950684,2,1,0.2012627273797989,2,1,0.19887277483940125,2,1,0.20503896474838257,2,1,0.20409944653511047
subject_05:sample_0000022,5,22,2,2,1,2,1,2,1,0.19128203392028809,2,1,0.20119217038154602,2,1,0.19920073449611664,2,1,0.20484161376953125,2,1,0.2034824788570404
subject_05:sample_0000023,5,23,2,2,1,2,1,2,1,0.1916818469762802,2,1,0.20092011988162994,2,1,0.19966661930084229,2,1,0.20473846793174744,2,1,0.20299191772937775
subject_05:sample_0000024,5,24,2,2,1,2,1,2,1,0.19164808094501495,2,1,0.20084230601787567,2,1,0.20016442239284515,2,1,0.204648956656456,2,1,0.20269526541233063
subject_05:sample_0000025,5,25,2,2,1,2,1,2,1,0.19141896069049835,2,1,0.20091262459754944,2,1,0.20049381256103516,2,1,0.20459650456905365,2,1,0.202577143907547
subject_05:sample_0000026,5,26,2,2,1,2,1,2,1,0.19089114665985107,2,1,0.2010505497455597,2,1,0.20090161263942719,2,1,0.20457571744918823,2,1,0.20258000493049622
subject_05:sample_0000027,5,27,2,2,1,2,1,2,1,0.19072388112545013,2,1,0.20096546411514282,2,1,0.2011796087026596,2,1,0.2045796662569046,2,1,0.20255042612552643
subject_05:sample_0000028,5,28,2,2,1,2,1,2,1,0.19172248244285583,2,1,0.20038935542106628,2,1,0.20135655999183655,2,1,0.2041482776403427,2,1,0.20238244533538818
subject_05:sample_0000029,5,29,2,2,1,2,1,2,1,0.19215385615825653,2,1,0.20011813938617706,2,1,0.20167580246925354,2,1,0.20391863584518433,2,1,0.20213258266448975
subject_05:sample_0000030,5,30,2,2,1,2,1,2,1,0.1932748556137085,2,1,0.19976864755153656,2,1,0.20192928612232208,2,1,0.20314738154411316,2,1,0.2018788456916809
subject_05:sample_0000031,5,31,2,2,1,2,1,2,1,0.1943303793668747,2,1,0.19942714273929596,2,1,0.2022392749786377,2,1,0.20236466825008392,2,1,0.2016376107931137
subject_05:sample_0000032,5,32,2,2,1,2,1,2,1,0.19492590427398682,2,1,0.19925859570503235,2,1,0.20251606404781342,2,1,0.20185789465904236,2,1,0.20144060254096985
subject_05:sample_0000033,5,33,2,2,1,2,1,2,1,0.19478748738765717,2,1,0.1996275782585144,2,1,0.20247721672058105,2,1,0.20174969732761383,2,1,0.20135700702667236
subject_05:sample_0000034,5,34,2,2,1,2,1,2,1,0.19446684420108795,2,1,0.2006123661994934,2,1,0.20201805233955383,2,1,0.20140010118484497,2,1,0.20150166749954224
subject_05:sample_0000035,5,35,2,2,1,2,1,2,1,0.19515196979045868,2,1,0.20187553763389587,2,1,0.2023463398218155,2,1,0.1993180215358734,2,1,0.20130720734596252
subject_05:sample_0000036,5,36,2,2,1,2,1,2,1,0.19529879093170166,2,1,0.20414172112941742,2,1,0.2018672376871109,2,1,0.19700604677200317,2,1,0.20168530941009521
subject_05:sample_0000037,5,37,2,2,1,2,1,2,1,0.19507397711277008,2,1,0.20782828330993652,2,1,0.20203649997711182,2,1,0.19375377893447876,2,1,0.20130655169487
subject_05:sample_0000038,5,38,2,2,1,2,1,2,1,0.1942320615053177,2,1,0.21125468611717224,2,1,0.20203344523906708,0,0,0.19208486378192902,2,1,0.20039397478103638
subject_05:sample_0000039,5,39,2,0,0,2,1,0,0,0.1934766173362732,2,1,0.21209020912647247,0,0,0.2023063451051712,0,0,0.19339168071746826,0,0,0.19873417913913727
subject_05:sample_0000040,5,40,2,0,0,2,1,0,0,0.19274264574050903,2,1,0.21222341060638428,0,0,0.20120805501937866,0,0,0.19596487283706665,0,0,0.19786006212234497
subject_05:sample_0000041,5,41,2,0,0,2,1,0,0,0.19190846383571625,2,1,0.21373888850212097,0,0,0.1993350237607956,0,0,0.19808441400527954,0,0,0.19693222641944885
subject_05:sample_0000042,5,42,2,0,0,2,1,0,0,0.190537691116333,2,1,0.2183249443769455,0,0,0.19761723279953003,0,0,0.19833049178123474,0,0,0.19518862664699554
subject_05:sample_0000043,5,43,2,0,0,2,1,0,0,0.18674050271511078,2,1,0.22775527834892273,0,0,0.1970427930355072,0,0,0.19429053366184235,0,0,0.19416992366313934
subject_05:sample_0000044,5,44,2,2,1,2,1,2,1,0.18242940306663513,2,1,0.2306046336889267,2,1,0.19994668662548065,0,0,0.1765003800392151,2,1,0.21051789820194244
subject_05:sample_0000045,5,45,2,2,1,2,1,2,1,0.18713420629501343,2,1,0.2244524210691452,2,1,0.20309299230575562,0,0,0.1662214994430542,2,1,0.21909788250923157
subject_05:sample_0000046,5,46,2,2,1,2,1,2,1,0.19261664152145386,2,1,0.21622030436992645,2,1,0.20496948063373566,2,1,0.1711033582687378,2,1,0.21508926153182983
subject_05:sample_0000047,5,47,2,2,1,2,1,2,1,0.19380252063274384,2,1,0.21207195520401,2,1,0.2019682228565216,2,1,0.1805938333272934,2,1,0.21156251430511475
subject_05:sample_0000048,5,48,2,2,1,2,1,2,1,0.19338616728782654,2,1,0.21013736724853516,2,1,0.20015449821949005,2,1,0.18558606505393982,2,1,0.2107350081205368
subject_05:sample_0000049,5,49,2,2,1,2,1,2,1,0.19294121861457825,2,1,0.20865972340106964,2,1,0.19879652559757233,2,1,0.18906323611736298,2,1,0.2105383574962616
subject_05:sample_0000050,5,50,2,2,1,2,1,2,1,0.1927095502614975,2,1,0.20825599133968353,2,1,0.19774654507637024,2,1,0.19039146602153778,2,1,0.21089549362659454
subject_05:sample_0000051,5,51,2,2,1,2,1,2,1,0.1926003098487854,2,1,0.2084570974111557,2,1,0.19624987244606018,2,1,0.19120372831821442,2,1,0.2114880234003067
subject_05:sample_0000052,5,52,2,2,1,2,1,2,1,0.1926269233226776,2,1,0.20883044600486755,2,1,0.19482330977916718,2,1,0.19164222478866577,2,1,0.21207618713378906
subject_05:sample_0000053,5,53,2,2,1,2,1,2,1,0.1923072636127472,2,1,0.2086426168680191,2,1,0.19395633041858673,2,1,0.1930115818977356,2,1,0.21208125352859497
subject_05:sample_0000054,5,54,2,2,1,2,1,2,1,0.19170448184013367,2,1,0.2082957625389099,2,1,0.1934005469083786,2,1,0.19484807550907135,2,1,0.21175016462802887
subject_05:sample_0000055,5,55,2,2,1,2,1,2,1,0.19114145636558533,2,1,0.20814764499664307,2,1,0.1929687261581421,2,1,0.19636587798595428,2,1,0.21137531101703644
subject_05:sample_0000056,5,56,2,2,1,2,1,2,1,0.19056479632854462,2,1,0.2075570821762085,2,1,0.19319815933704376,2,1,0.19781167805194855,2,1,0.21086736023426056
subject_05:sample_0000057,5,57,2,2,1,2,1,2,1,0.1901143193244934,2,1,0.20725417137145996,2,1,0.19319719076156616,2,1,0.19910238683223724,2,1,0.2103310078382492
subject_05:sample_0000058,5,58,2,2,1,2,1,2,1,0.18989795446395874,2,1,0.2067052274942398,2,1,0.193546324968338,2,1,0.20015408098697662,2,1,0.20969541370868683
subject_05:sample_0000059,5,59,2,2,1,2,1,2,1,0.18972738087177277,2,1,0.2059202790260315,2,1,0.19443243741989136,2,1,0.20105265080928802,2,1,0.20886634290218353
subject_05:sample_0000060,5,60,2,2,1,2,1,2,1,0.18966980278491974,2,1,0.20511303842067719,2,1,0.19546979665756226,2,1,0.20173154771327972,2,1,0.20801487565040588
subject_05:sample_0000061,5,61,2,2,1,2,1,2,1,0.18956787884235382,2,1,0.20466075837612152,2,1,0.1961859166622162,2,1,0.20231302082538605,2,1,0.20727145671844482
subject_05:sample_0000062,5,62,2,2,1,2,1,2,1,0.18948717415332794,2,1,0.20448318123817444,2,1,0.19666984677314758,2,1,0.20266734063625336,2,1,0.2066914588212967
subject_05:sample_0000063,5,63,2,2,1,2,1,2,1,0.18954607844352722,2,1,0.20422281324863434,2,1,0.19705893099308014,2,1,0.20289742946624756,2,1,0.20627377927303314
subject_05:sample_0000064,5,64,2,2,1,2,1,2,1,0.1895226538181305,2,1,0.20413066446781158,2,1,0.19734381139278412,2,1,0.2030181884765625,2,1,0.20598375797271729
subject_05:sample_0000065,5,65,2,2,1,2,1,2,1,0.1895352602005005,2,1,0.204179584980011,2,1,0.19742418825626373,2,1,0.20308107137680054,2,1,0.20577888190746307
subject_05:sample_0000066,5,66,2,2,1,2,1,2,1,0.18956030905246735,2,1,0.20427918434143066,2,1,0.1973491609096527,2,1,0.20317509770393372,2,1,0.20563523471355438
subject_05:sample_0000067,5,67,2,2,1,2,1,2,1,0.18948426842689514,2,1,0.20432768762111664,2,1,0.1974116414785385,2,1,0.20326723158359528,2,1,0.20550817251205444
subject_05:sample_0000068,5,68,2,2,1,2,1,2,1,0.18949982523918152,2,1,0.2041371911764145,2,1,0.19753925502300262,2,1,0.2033439576625824,2,1,0.20547878742218018
subject_05:sample_0000069,5,69,2,2,1,2,1,2,1,0.18963126838207245,2,1,0.20392270386219025,2,1,0.19741013646125793,2,1,0.20345249772071838,2,1,0.2055824249982834
subject_05:sample_0000070,5,70,2,2,1,2,1,2,1,0.1896779090166092,2,1,0.20386558771133423,2,1,0.1973092406988144,2,1,0.2035388946533203,2,1,0.20560745894908905
subject_05:sample_0000071,5,71,2,2,1,2,1,2,1,0.18973781168460846,2,1,0.2038322538137436,2,1,0.1972494274377823,2,1,0.20357653498649597,2,1,0.20560291409492493
subject_05:sample_0000072,5,72,2,2,1,2,1,2,1,0.18988895416259766,2,1,0.20370130240917206,2,1,0.19721615314483643,2,1,0.2036033719778061,2,1,0.2055891454219818
subject_05:sample_0000073,5,73,2,2,1,2,1,2,1,0.1900208294391632,2,1,0.20362597703933716,2,1,0.19721059501171112,2,1,0.2036028504371643,2,1,0.20553874969482422
subject_05:sample_0000074,5,74,2,2,1,2,1,2,1,0.1901170313358307,2,1,0.20356133580207825,2,1,0.19723811745643616,2,1,0.20360438525676727,2,1,0.20547820627689362
subject_05:sample_0000075,5,75,2,2,1,2,1,2,1,0.19023773074150085,2,1,0.2034263163805008,2,1,0.1972893625497818,2,1,0.20361532270908356,2,1,0.20543025434017181
subject_05:sample_0000076,5,76,2,2,1,2,1,2,1,0.19021931290626526,2,1,0.2034304440021515,2,1,0.19736561179161072,2,1,0.2035999894142151,2,1,0.20538364350795746
subject_05:sample_0000077,5,77,2,2,1,2,1,2,1,0.1901375651359558,2,1,0.20354460179805756,2,1,0.197382852435112,2,1,0.2035752236843109,2,1,0.20535878837108612
subject_05:sample_0000078,5,78,2,2,1,2,1,2,1,0.18998761475086212,2,1,0.20370352268218994,2,1,0.1974191814661026,2,1,0.20352821052074432,2,1,0.20536042749881744
subject_05:sample_0000079,5,79,2,2,1,2,1,2,1,0.18982377648353577,2,1,0.2039232850074768,2,1,0.1973992884159088,2,1,0.2034710794687271,2,1,0.2053815871477127
subject_05:sample_0000080,5,80,2,2,1,2,1,2,1,0.1897338628768921,2,1,0.20395348966121674,2,1,0.19743622839450836,2,1,0.20343804359436035,2,1,0.20543736219406128
subject_05:sample_0000081,5,81,2,2,1,2,1,2,1,0.1896626204252243,2,1,0.20394204556941986,2,1,0.19752579927444458,2,1,0.20341803133487701,2,1,0.20545054972171783
subject_05:sample_0000082,5,82,2,2,1,2,1,2,1,0.1895526647567749,2,1,0.20406463742256165,2,1,0.19753317534923553,2,1,0.2034004032611847,2,1,0.20544816553592682
subject_05:sample_0000083,5,83,2,2,1,2,1,2,1,0.18938256800174713,2,1,0.20422053337097168,2,1,0.1976308524608612,2,1,0.2033526599407196,2,1,0.2054123878479004
subject_05:sample_0000084,5,84,2,2,1,2,1,2,1,0.18928676843643188,2,1,0.20432370901107788,2,1,0.19769039750099182,2,1,0.20338192582130432,2,1,0.2053162306547165
subject_05:sample_0000085,5,85,2,2,1,2,1,2,1,0.18925487995147705,2,1,0.20429743826389313,2,1,0.19776518642902374,2,1,0.20343132317066193,2,1,0.20525023341178894
subject_05:sample_0000086,5,86,2,2,1,2,1,2,1,0.18935242295265198,2,1,0.20418718457221985,2,1,0.19772867858409882,2,1,0.20356176793575287,2,1,0.2051689475774765
subject_05:sample_0000087,5,87,2,2,1,2,1,2,1,0.18934261798858643,2,1,0.2041511982679367,2,1,0.1977613866329193,2,1,0.20364311337471008,2,1,0.20510077476501465
subject_05:sample_0000088,5,88,2,2,1,2,1,2,1,0.18934378027915955,2,1,0.20409274101257324,2,1,0.19781093299388885,2,1,0.2037470042705536,2,1,0.20500461757183075
subject_05:sample_0000089,5,89,2,2,1,2,1,2,1,0.1893930435180664,2,1,0.204023078083992,2,1,0.19782130420207977,2,1,0.2038482278585434,2,1,0.20491339266300201
subject_05:sample_0000090,5,90,2,2,1,2,1,2,1,0.18943175673484802,2,1,0.2039637565612793,2,1,0.19788944721221924,2,1,0.2039182335138321,2,1,0.20479585230350494
subject_05:sample_0000091,5,91,2,2,1,2,1,2,1,0.18960294127464294,2,1,0.20383532345294952,2,1,0.19790464639663696,2,1,0.20392584800720215,2,1,0.20473028719425201
subject_05:sample_0000092,5,92,2,2,1,2,1,2,1,0.18981662392616272,2,1,0.20375260710716248,2,1,0.19773943722248077,2,1,0.20403757691383362,2,1,0.2046528160572052
subject_05:sample_0000093,5,93,2,2,1,2,1,2,1,0.18996788561344147,2,1,0.20365187525749207,2,1,0.19762517511844635,2,1,0.20414993166923523,2,1,0.20460408926010132
subject_05:sample_0000094,5,94,2,2,1,2,1,2,1,0.19010566174983978,2,1,0.20356787741184235,2,1,0.19745273888111115,2,1,0.2042987197637558,2,1,0.20457403361797333
subject_05:sample_0000095,5,95,2,2,1,2,1,2,1,0.19023650884628296,2,1,0.20346404612064362,2,1,0.1974126398563385,2,1,0.20433716475963593,2,1,0.2045487016439438
subject_05:sample_0000096,5,96,2,2,1,2,1,2,1,0.1904231160879135,2,1,0.20332472026348114,2,1,0.19734635949134827,2,1,0.20435161888599396,2,1,0.20455318689346313
subject_05:sample_0000097,5,97,2,2,1,2,1,2,1,0.19063234329223633,2,1,0.20319131016731262,2,1,0.1973133683204651,2,1,0.2043210119009018,2,1,0.20454101264476776
subject_05:sample_0000098,5,98,2,2,1,2,1,2,1,0.19092075526714325,2,1,0.20282131433486938,2,1,0.19729255139827728,2,1,0.2044084519147873,2,1,0.20455603301525116
subject_05:sample_0000099,5,99,2,2,1,2,1,2,1,0.1912723034620285,2,1,0.20242011547088623,2,1,0.1971558779478073,2,1,0.20453576743602753,2,1,0.20461495220661163
subject_05:sample_0000100,5,100,2,2,1,2,1,2,1,0.19158902764320374,2,1,0.20187638700008392,2,1,0.19718804955482483,2,1,0.20468740165233612,2,1,0.2046581506729126
subject_05:sample_0000101,5,101,2,2,1,2,1,2,1,0.19164688885211945,2,1,0.2010824829339981,2,1,0.19810287654399872,2,1,0.2046801894903183,2,1,0.2044866383075714
subject_05:sample_0000102,5,102,2,2,1,2,1,2,1,0.19166100025177002,2,1,0.20036287605762482,2,1,0.1990806758403778,2,1,0.20462188124656677,2,1,0.20427264273166656
subject_05:sample_0000103,5,103,2,2,1,2,1,2,1,0.19164098799228668,2,1,0.1997315138578415,2,1,0.19987040758132935,2,1,0.20463792979717255,2,1,0.20411822199821472
subject_05:sample_0000104,5,104,2,2,1,2,1,2,1,0.19164691865444183,2,1,0.19916391372680664,2,1,0.20037341117858887,2,1,0.204718679189682,2,1,0.20409609377384186
subject_05:sample_0000105,5,105,2,2,1,2,1,2,1,0.19159168004989624,2,1,0.19916178286075592,2,1,0.2002880871295929,2,1,0.2047853022813797,2,1,0.20417219400405884
subject_05:sample_0000106,5,106,2,2,1,2,1,2,1,0.19159208238124847,2,1,0.19908906519412994,2,1,0.20019088685512543,2,1,0.2048669457435608,2,1,0.20426006615161896
subject_05:sample_0000107,5,107,2,2,1,2,1,2,1,0.19165435433387756,2,1,0.19887281954288483,2,1,0.20009465515613556,2,1,0.20502054691314697,2,1,0.20435670018196106
subject_05:sample_0000108,5,108,2,2,1,2,1,2,1,0.19156892597675323,2,1,0.1988162100315094,2,1,0.19998198747634888,2,1,0.20518858730793,2,1,0.2044433057308197
subject_05:sample_0000109,5,109,2,2,1,2,1,2,1,0.1916055828332901,2,1,0.1989785134792328,2,1,0.19942942261695862,2,1,0.20538218319416046,2,1,0.20460331439971924
subject_05:sample_0000110,5,110,2,2,1,2,1,2,1,0.19190043210983276,2,1,0.19925716519355774,2,1,0.19819819927215576,2,1,0.2056778520345688,2,1,0.20496536791324615
subject_05:sample_0000111,5,111,2,2,1,2,1,2,1,0.19206029176712036,2,1,0.19963166117668152,2,1,0.19740815460681915,2,1,0.20573654770851135,2,1,0.2051623910665512
subject_05:sample_0000112,5,112,2,2,1,2,1,2,1,0.191925510764122,2,1,0.20003986358642578,2,1,0.19741392135620117,2,1,0.2054571658372879,2,1,0.2051626294851303
subject_05:sample_0000113,5,113,2,2,1,2,1,2,1,0.1917986422777176,2,1,0.2002469003200531,2,1,0.19755969941616058,2,1,0.20509663224220276,2,1,0.20529717206954956
subject_05:sample_0000114,5,114,2,2,1,2,1,2,1,0.19159580767154694,2,1,0.2005494385957718,2,1,0.19766566157341003,2,1,0.2046624720096588,2,1,0.2055256962776184
subject_05:sample_0000115,5,115,2,2,1,2,1,2,1,0.1911712884902954,2,1,0.20098534226417542,2,1,0.19815218448638916,2,1,0.20413929224014282,2,1,0.2055509090423584
subject_05:sample_0000116,5,116,2,2,1,2,1,2,1,0.19065552949905396,2,1,0.20147989690303802,2,1,0.19893038272857666,2,1,0.2035256326198578,2,1,0.20540758967399597
subject_05:sample_0000117,5,117,2,2,1,2,1,2,1,0.1905459761619568,2,1,0.20194216072559357,2,1,0.19878855347633362,2,1,0.2031978964805603,2,1,0.2055245041847229
subject_05:sample_0000118,5,118,2,2,1,2,1,2,1,0.1905164122581482,2,1,0.2023078352212906,2,1,0.19870305061340332,2,1,0.20280589163303375,2,1,0.20566587150096893
subject_05:sample_0000119,5,119,2,2,1,2,1,2,1,0.19058871269226074,2,1,0.20252294838428497,2,1,0.19865697622299194,2,1,0.20246367156505585,2,1,0.2057667076587677
subject_05:sample_0000120,5,120,2,2,1,2,1,2,1,0.19054384529590607,2,1,0.2029009908437729,2,1,0.1986684650182724,2,1,0.20205813646316528,2,1,0.20582759380340576
subject_05:sample_0000121,5,121,2,2,1,2,1,2,1,0.1903402954339981,2,1,0.20351473987102509,2,1,0.19862200319766998,2,1,0.20167438685894012,2,1,0.2058476060628891
subject_05:sample_0000122,5,122,2,2,1,2,1,2,1,0.19041161239147186,2,1,0.20386053621768951,2,1,0.19846807420253754,2,1,0.2012316882610321,2,1,0.20602712035179138
subject_05:sample_0000123,5,123,2,2,1,2,1,2,1,0.19051530957221985,2,1,0.20433540642261505,2,1,0.197974294424057,2,1,0.20089523494243622,2,1,0.20627884566783905
subject_05:sample_0000124,5,124,2,2,1,2,1,2,1,0.19083118438720703,2,1,0.20440788567066193,2,1,0.19766637682914734,2,1,0.200625941157341,2,1,0.20646771788597107
subject_05:sample_0000125,5,125,2,2,1,2,1,2,1,0.1912676841020584,2,1,0.20404353737831116,2,1,0.19764892756938934,2,1,0.2004747986793518,2,1,0.20656409859657288
subject_05:sample_0000126,5,126,2,2,1,2,1,2,1,0.1914987713098526,2,1,0.20394307374954224,2,1,0.19769121706485748,2,1,0.2003028839826584,2,1,0.20656314492225647
subject_05:sample_0000127,5,127,2,2,1,2,1,2,1,0.19171598553657532,2,1,0.20384402573108673,2,1,0.19774505496025085,2,1,0.2001275271177292,2,1,0.2065664380788803
subject_05:sample_0000128,5,128,2,2,1,2,1,2,1,0.19186612963676453,2,1,0.20391982793807983,2,1,0.19778907299041748,2,1,0.1999366283416748,2,1,0.20648743212223053
subject_05:sample_0000129,5,129,2,2,1,2,1,2,1,0.1918293535709381,2,1,0.2042413204908371,2,1,0.19774992763996124,2,1,0.19976656138896942,2,1,0.20641185343265533
subject_05:sample_0000130,5,130,2,2,1,2,1,2,1,0.19183991849422455,2,1,0.2043626457452774,2,1,0.19764071702957153,2,1,0.19974561035633087,2,1,0.20641016960144043
subject_05:sample_0000131,5,131,2,2,1,2,1,2,1,0.19211676716804504,2,1,0.20404697954654694,2,1,0.19752053916454315,2,1,0.19985897839069366,2,1,0.2064557671546936
subject_05:sample_0000132,5,132,2,2,1,2,1,2,1,0.19245603680610657,2,1,0.2035290002822876,2,1,0.1974053531885147,2,1,0.2000245898962021,2,1,0.2065841406583786
subject_05:sample_0000133,5,133,2,2,1,2,1,2,1,0.1926765888929367,2,1,0.2031078040599823,2,1,0.19753295183181763,2,1,0.20006196200847626,2,1,0.20661967992782593
subject_05:sample_0000134,5,134,2,2,1,2,1,2,1,0.19286403059959412,2,1,0.20235216617584229,2,1,0.198419451713562,2,1,0.19998961687088013,2,1,0.20637375116348267
subject_05:sample_0000135,5,135,2,2,1,2,1,2,1,0.19300459325313568,2,1,0.20161062479019165,2,1,0.1993476301431656,2,1,0.19991962611675262,2,1,0.20611655712127686
subject_05:sample_0000136,5,136,2,2,1,2,1,2,1,0.19302809238433838,2,1,0.20124472677707672,2,1,0.19986583292484283,2,1,0.19995169341564178,2,1,0.2059086561203003
subject_05:sample_0000137,5,137,2,2,1,2,1,2,1,0.1933213472366333,2,1,0.20050354301929474,2,1,0.20035400986671448,2,1,0.2001034915447235,2,1,0.20571671426296234
subject_05:sample_0000138,5,138,2,2,1,2,1,2,1,0.19369280338287354,2,1,0.1996542364358902,2,1,0.20082055032253265,2,1,0.20023515820503235,2,1,0.20559629797935486
subject_05:sample_0000139,5,139,2,2,1,2,1,2,1,0.19403859972953796,2,1,0.19875375926494598,2,1,0.20125864446163177,2,1,0.20047028362751007,2,1,0.2054777890443802
subject_05:sample_0000140,5,140,2,2,1,2,1,2,1,0.19447696208953857,2,1,0.19760791957378387,2,1,0.20165657997131348,2,1,0.2007528841495514,2,1,0.2055046707391739
subject_05:sample_0000141,5,141,2,2,1,2,1,2,1,0.194691002368927,2,1,0.1969892680644989,2,1,0.2018355131149292,2,1,0.20092415809631348,2,1,0.2055591344833374
subject_05:sample_0000142,5,142,2,2,1,2,1,2,1,0.194536954164505,2,1,0.19725555181503296,2,1,0.20172248780727386,2,1,0.201018825173378,2,1,0.2054651975631714
subject_05:sample_0000143,5,143,2,2,1,2,1,2,1,0.19458073377609253,2,1,0.197175532579422,2,1,0.2016814798116684,2,1,0.2012365460395813,2,1,0.2053247094154358
subject_05:sample_0000144,5,144,2,2,1,2,1,2,1,0.19467702507972717,2,1,0.19703887403011322,2,1,0.20165100693702698,2,1,0.20142607390880585,2,1,0.20520615577697754
subject_05:sample_0000145,5,145,2,2,1,2,1,2,1,0.19491228461265564,2,1,0.19671639800071716,2,1,0.20169615745544434,2,1,0.2015736848115921,2,1,0.20510055124759674
subject_05:sample_0000146,5,146,2,2,1,2,1,2,1,0.19505831599235535,2,1,0.19675803184509277,2,1,0.20157776772975922,2,1,0.20165960490703583,2,1,0.20494526624679565
subject_05:sample_0000147,5,147,2,2,1,2,1,2,1,0.19539815187454224,2,1,0.1965371072292328,2,1,0.20149235427379608,2,1,0.2017384171485901,2,1,0.2048329859972
subject_05:sample_0000148,5,148,2,2,1,2,1,2,1,0.1959262490272522,2,1,0.19609695672988892,2,1,0.2014179229736328,2,1,0.20179350674152374,2,1,0.20476436614990234
subject_05:sample_0000149,5,149,2,2,1,2,1,2,1,0.19658426940441132,2,1,0.19555142521858215,2,1,0.20139124989509583,2,1,0.201827734708786,2,1,0.2046443372964859
subject_05:sample_0000150,5,150,2,2,1,2,1,2,1,0.197295144200325,2,1,0.195029154419899,2,1,0.2014305144548416,2,1,0.20178382098674774,2,1,0.20446033775806427
subject_05:sample_0000151,5,151,2,2,1,2,1,2,1,0.19775259494781494,2,1,0.1950151026248932,2,1,0.20141376554965973,2,1,0.20163320004940033,2,1,0.20418433845043182
subject_05:sample_0000152,5,152,2,2,1,2,1,2,1,0.19813655316829681,2,1,0.19500239193439484,2,1,0.2014140635728836,2,1,0.20154668390750885,2,1,0.2038993090391159
subject_05:sample_0000153,5,153,2,2,1,2,1,2,1,0.1981678009033203,2,1,0.19496923685073853,2,1,0.2014971524477005,2,1,0.2015295922756195,2,1,0.20383526384830475
subject_05:sample_0000154,5,154,2,2,1,2,1,2,1,0.19765882194042206,2,1,0.19521062076091766,2,1,0.20152518153190613,2,1,0.20162589848041534,2,1,0.20397859811782837
subject_05:sample_0000155,5,155,2,2,1,2,1,2,1,0.19715939462184906,2,1,0.19542892277240753,2,1,0.20162208378314972,2,1,0.2016795128583908,2,1,0.2041091024875641
subject_05:sample_0000156,5,156,2,2,1,2,1,2,1,0.19717343151569366,2,1,0.1955157071352005,2,1,0.20171912014484406,2,1,0.20155534148216248,2,1,0.2040354311466217
subject_05:sample_0000157,5,157,2,2,1,2,1,2,1,0.19736234843730927,2,1,0.19571758806705475,2,1,0.20169363915920258,2,1,0.20144814252853394,2,1,0.20377731323242188
subject_05:sample_0000158,5,158,2,2,1,2,1,2,1,0.19741541147232056,2,1,0.1959623545408249,2,1,0.20168277621269226,2,1,0.2013864815235138,2,1,0.2035519927740097
subject_05:sample_0000159,5,159,2,2,1,2,1,2,1,0.1972740739583969,2,1,0.19632230699062347,2,1,0.2017701417207718,2,1,0.20135124027729034,2,1,0.20328131318092346
subject_05:sample_0000160,5,160,2,2,1,2,1,2,1,0.19705666601657867,2,1,0.19682368636131287,2,1,0.20187455415725708,2,1,0.2012551724910736,2,1,0.20298898220062256
subject_05:sample_0000161,5,161,2,2,1,2,1,2,1,0.19693715870380402,2,1,0.1971415877342224,2,1,0.20169135928153992,2,1,0.20113341510295868,2,1,0.20309549570083618
subject_05:sample_0000162,5,162,2,2,1,2,1,2,1,0.196869358420372,2,1,0.19748248159885406,2,1,0.20146751403808594,2,1,0.2009745091199875,2,1,0.2032051831483841
subject_05:sample_0000163,5,163,2,2,1,2,1,2,1,0.19702638685703278,2,1,0.19804386794567108,2,1,0.2010018527507782,2,1,0.20073164999485016,2,1,0.203195258975029
subject_05:sample_0000164,5,164,2,2,1,2,1,2,1,0.19734084606170654,2,1,0.19840386509895325,2,1,0.20031554996967316,2,1,0.20054462552070618,2,1,0.20339415967464447
subject_05:sample_0000165,5,165,2,2,1,2,1,2,1,0.19764968752861023,2,1,0.19870641827583313,2,1,0.19957812130451202,2,1,0.200504332780838,2,1,0.2035604566335678
subject_05:sample_0000166,5,166,2,2,1,2,1,2,1,0.19824829697608948,2,1,0.19889670610427856,2,1,0.19891493022441864,2,1,0.2003653347492218,2,1,0.20357370376586914
subject_05:sample_0000167,5,167,2,2,1,2,1,2,1,0.19903691112995148,2,1,0.19877617061138153,2,1,0.1982506364583969,2,1,0.20026329159736633,2,1,0.20367199182510376
subject_05:sample_0000168,5,168,2,2,1,2,1,2,1,0.19961747527122498,2,1,0.19892501831054688,2,1,0.1974198967218399,2,1,0.200284942984581,2,1,0.20375169813632965
subject_05:sample_0000169,5,169,2,2,1,2,1,2,1,0.20002488791942596,2,1,0.19911055266857147,2,1,0.19683261215686798,2,1,0.2002980262041092,2,1,0.20373302698135376
subject_05:sample_0000170,5,170,2,2,1,2,1,2,1,0.200076624751091,2,1,0.19931857287883759,2,1,0.1968185305595398,2,1,0.20016233623027802,2,1,0.203622967004776
subject_05:sample_0000171,5,171,2,2,1,2,1,2,1,0.20010440051555634,2,1,0.19960825145244598,2,1,0.1966658979654312,2,1,0.1999433934688568,2,1,0.20367702841758728
subject_05:sample_0000172,5,172,2,2,1,2,1,2,1,0.20040124654769897,2,1,0.20005571842193604,2,1,0.1959458291530609,2,1,0.19947105646133423,2,1,0.20412513613700867
subject_05:sample_0000173,5,173,2,2,1,2,1,2,1,0.20069082081317902,2,1,0.2007727473974228,2,1,0.19462381303310394,2,1,0.1988891065120697,2,1,0.20502260327339172
subject_05:sample_0000174,5,174,2,2,1,2,1,2,1,0.20088531076908112,2,1,0.2014394849538803,2,1,0.1934340000152588,2,1,0.19783002138137817,2,1,0.20641018450260162
subject_05:sample_0000175,5,175,2,2,1,2,1,2,1,0.20103855431079865,2,1,0.2022254914045334,2,1,0.1926013082265854,2,1,0.19605223834514618,2,1,0.20808145403862
subject_05:sample_0000176,5,176,2,2,1,2,1,2,1,0.20052790641784668,2,1,0.20197582244873047,2,1,0.19466999173164368,2,1,0.1936219036579132,2,1,0.20920346677303314
subject_05:sample_0000177,5,177,2,2,1,2,1,2,1,0.2003730684518814,2,1,0.2028805911540985,2,1,0.1947605013847351,2,1,0.19182151556015015,2,1,0.21016338467597961
subject_05:sample_0000178,5,178,2,2,1,2,1,2,1,0.2002456784248352,2,1,0.2035807967185974,2,1,0.19457077980041504,2,1,0.19074647128582,2,1,0.2108553946018219
subject_05:sample_0000179,5,179,2,2,1,2,1,2,1,0.20005695521831512,2,1,0.2040024846792221,2,1,0.19446250796318054,2,1,0.19023467600345612,2,1,0.2112424224615097
subject_05:sample_0000180,5,180,2,2,1,2,1,2,1,0.19970859587192535,2,1,0.20480412244796753,2,1,0.19411632418632507,2,1,0.1899832934141159,2,1,0.2113867551088333
subject_05:sample_0000181,5,181,2,2,1,2,1,2,1,0.19950899481773376,2,1,0.20440486073493958,2,1,0.19433526694774628,2,1,0.19001376628875732,2,1,0.21173609793186188
subject_05:sample_0000182,5,182,2,2,1,2,1,2,1,0.19924750924110413,2,1,0.20381172001361847,2,1,0.19470255076885223,2,1,0.19012638926506042,2,1,0.21211089193820953
subject_05:sample_0000183,5,183,2,2,1,2,1,2,1,0.19887642562389374,2,1,0.20352426171302795,2,1,0.1949443370103836,2,1,0.19015757739543915,2,1,0.21249645948410034
subject_05:sample_0000184,5,184,2,2,1,2,1,2,1,0.19872739911079407,2,1,0.20310984551906586,2,1,0.19543908536434174,2,1,0.19041883945465088,2,1,0.21230384707450867
subject_05:sample_0000185,5,185,2,2,1,2,1,2,1,0.19890671968460083,2,1,0.20242497324943542,2,1,0.19594626128673553,2,1,0.1909269541501999,2,1,0.2117941826581955
subject_05:sample_0000186,5,186,2,2,1,2,1,2,1,0.1990584284067154,2,1,0.20180587470531464,2,1,0.19643233716487885,2,1,0.1915172040462494,2,1,0.21118515729904175
subject_05:sample_0000187,5,187,2,2,1,2,1,2,1,0.19928322732448578,2,1,0.20139111578464508,2,1,0.1966303586959839,2,1,0.19203995168209076,2,1,0.21065443754196167
subject_05:sample_0000188,5,188,2,2,1,2,1,2,1,0.19963090121746063,2,1,0.201059028506279,2,1,0.19664554297924042,2,1,0.19270050525665283,2,1,0.2099630981683731
subject_05:sample_0000189,5,189,2,2,1,2,1,2,1,0.19993241131305695,2,1,0.20085126161575317,2,1,0.1964453011751175,2,1,0.1933727264404297,2,1,0.2093973159790039
subject_05:sample_0000190,5,190,2,2,1,2,1,2,1,0.20008164644241333,2,1,0.20067043602466583,2,1,0.1964053511619568,2,1,0.19404719769954681,2,1,0.2087944746017456
subject_05:sample_0000191,5,191,2,2,1,2,1,2,1,0.20011816918849945,2,1,0.200412780046463,2,1,0.19667454063892365,2,1,0.19465960562229156,2,1,0.20813389122486115
subject_05:sample_0000192,5,192,2,2,1,2,1,2,1,0.20005649328231812,2,1,0.20010314881801605,2,1,0.1970786154270172,2,1,0.1955428123474121,2,1,0.20721793174743652
subject_05:sample_0000193,5,193,2,2,1,2,1,2,1,0.20013335347175598,2,1,0.19972090423107147,2,1,0.19745758175849915,2,1,0.19672825932502747,2,1,0.2059590220451355
subject_05:sample_0000194,5,194,2,2,1,2,1,2,1,0.20020993053913116,2,1,0.19930073618888855,2,1,0.19761040806770325,2,1,0.1977710723876953,2,1,0.20510686933994293
subject_05:sample_0000195,5,195,2,2,1,2,1,2,1,0.2004268616437912,2,1,0.1988951861858368,2,1,0.1978307068347931,2,1,0.19838786125183105,2,1,0.20445843040943146
subject_05:sample_0000196,5,196,2,2,1,2,1,2,1,0.20050936937332153,2,1,0.19862104952335358,2,1,0.19830331206321716,2,1,0.1984182447195053,2,1,0.20414701104164124
subject_05:sample_0000197,5,197,2,2,1,2,1,2,1,0.1997745782136917,2,1,0.19833047688007355,2,1,0.19877329468727112,2,1,0.19906465709209442,2,1,0.2040559947490692
subject_05:sample_0000198,5,198,2,2,1,2,1,2,1,0.1990990787744522,2,1,0.19804689288139343,2,1,0.19937872886657715,2,1,0.19958104193210602,2,1,0.2038932591676712
subject_05:sample_0000199,5,199,2,2,1,2,1,2,1,0.1995842605829239,2,1,0.19802597165107727,2,1,0.1982055902481079,2,1,0.2002050280570984,2,1,0.20397812128067017
subject_05:sample_0000200,5,200,2,2,1,2,1,2,1,0.20011751353740692,2,1,0.1972392350435257,2,1,0.19950444996356964,2,1,0.2001737803220749,2,1,0.20296402275562286
subject_05:sample_0000201,5,201,2,2,1,2,1,2,1,0.20076970756053925,2,1,0.19625984132289886,2,1,0.20087836682796478,2,1,0.20025849342346191,2,1,0.2018326073884964
subject_05:sample_0000202,5,202,2,2,1,2,1,2,1,0.20139846205711365,2,1,0.19566307961940765,2,1,0.2004861682653427,2,1,0.20087356865406036,2,1,0.20157775282859802
subject_05:sample_0000203,5,203,2,2,1,2,1,2,1,0.20161062479019165,2,1,0.19541655480861664,2,1,0.19997431337833405,2,1,0.20144745707511902,2,1,0.20155002176761627
subject_05:sample_0000204,5,204,2,2,1,2,1,2,1,0.20165622234344482,2,1,0.19558168947696686,2,1,0.19928652048110962,2,1,0.20184171199798584,2,1,0.20163284242153168
subject_05:sample_0000205,5,205,2,2,1,2,1,2,1,0.20131322741508484,2,1,0.1959364414215088,2,1,0.19916556775569916,2,1,0.20196135342121124,2,1,0.20162242650985718
subject_05:sample_0000206,5,206,2,2,1,2,1,2,1,0.20048657059669495,2,1,0.1964241862297058,2,1,0.19986143708229065,2,1,0.20182548463344574,2,1,0.20140132308006287
subject_05:sample_0000207,5,207,2,2,1,2,1,2,1,0.19970329105854034,2,1,0.19707417488098145,2,1,0.20030713081359863,2,1,0.20158010721206665,2,1,0.20133431255817413
subject_05:sample_0000208,5,208,2,2,1,2,1,2,1,0.19924914836883545,2,1,0.19817860424518585,2,1,0.19964206218719482,2,1,0.20137637853622437,2,1,0.2015528380870819
subject_05:sample_0000209,5,209,2,2,1,2,1,2,1,0.19911989569664001,2,1,0.19897890090942383,2,1,0.19851288199424744,2,1,0.20131021738052368,2,1,0.20207709074020386
subject_05:sample_0000210,5,210,2,2,1,2,1,2,1,0.1990991085767746,2,1,0.1992192566394806,2,1,0.1974102109670639,2,1,0.20129038393497467,2,1,0.20298011600971222
subject_05:sample_0000211,5,211,2,2,1,2,1,2,1,0.1989372968673706,2,1,0.19919583201408386,2,1,0.19705241918563843,2,1,0.20117507874965668,2,1,0.20363837480545044
subject_05:sample_0000212,5,212,2,2,1,2,1,2,1,0.19904685020446777,2,1,0.19832243025302887,2,1,0.19687730073928833,2,1,0.2013944536447525,2,1,0.20435798168182373
subject_05:sample_0000213,5,213,2,2,1,2,1,2,1,0.19912739098072052,2,1,0.19674208760261536,2,1,0.1969139724969864,2,1,0.20170532166957855,2,1,0.2055101990699768
subject_05:sample_0000214,5,214,2,2,1,2,1,2,1,0.19895455241203308,2,1,0.1966046541929245,2,1,0.19650191068649292,2,1,0.2017025649547577,2,1,0.20623527467250824
subject_05:sample_0000215,5,215,2,2,1,2,1,2,1,0.19855719804763794,2,1,0.19682784378528595,2,1,0.19633857905864716,2,1,0.20142124593257904,2,1,0.2068541944026947
subject_05:sample_0000216,5,216,2,2,1,2,1,2,1,0.19845499098300934,2,1,0.1961096078157425,2,1,0.19645750522613525,2,1,0.20140841603279114,2,1,0.2075684815645218
subject_05:sample_0000217,5,217,2,2,1,2,1,2,1,0.19827021658420563,2,1,0.19626933336257935,2,1,0.19605180621147156,2,1,0.2009565532207489,2,1,0.20845116674900055
subject_05:sample_0000218,5,218,2,2,1,2,1,2,1,0.19806461036205292,2,1,0.19687505066394806,2,1,0.19543369114398956,2,1,0.20018185675144196,2,1,0.2094438672065735
subject_05:sample_0000219,5,219,2,2,1,2,1,2,1,0.1977882981300354,2,1,0.19701221585273743,2,1,0.19554200768470764,2,1,0.19911687076091766,2,1,0.21053965389728546
subject_05:sample_0000220,5,220,2,2,1,2,1,2,1,0.19740933179855347,2,1,0.19742804765701294,2,1,0.19593003392219543,2,1,0.197829008102417,2,1,0.21140262484550476
subject_05:sample_0000221,5,221,2,2,1,2,1,2,1,0.19711175560951233,2,1,0.19816192984580994,2,1,0.1963006854057312,2,1,0.19619889557361603,2,1,0.21222570538520813
subject_05:sample_0000222,5,222,2,2,1,2,1,2,1,0.19731445610523224,2,1,0.19838173687458038,2,1,0.19639696180820465,2,1,0.19516003131866455,2,1,0.2127457708120346
subject_05:sample_0000223,5,223,2,2,1,2,1,2,1,0.19775012135505676,2,1,0.19867675006389618,2,1,0.19686850905418396,2,1,0.193255215883255,2,1,0.2134484499692917
subject_05:sample_0000224,5,224,2,2,1,2,1,2,1,0.19848717749118805,2,1,0.19912485778331757,2,1,0.1973000466823578,2,1,0.19090169668197632,2,1,0.21418523788452148
subject_05:sample_0000225,5,225,2,2,1,2,1,2,1,0.1996246725320816,2,1,0.19956184923648834,2,1,0.19802448153495789,2,1,0.18769949674606323,2,1,0.21508856117725372
subject_05:sample_0000226,5,226,2,2,1,2,1,2,1,0.20086319744586945,2,1,0.19840098917484283,2,1,0.19855107367038727,2,1,0.18628615140914917,2,1,0.21589761972427368
subject_05:sample_0000227,5,227,2,2,1,2,1,2,1,0.2012796401977539,2,1,0.19649334251880646,2,1,0.1980181336402893,2,1,0.1884867548942566,2,1,0.2157212346792221
subject_05:sample_0000228,5,228,2,2,1,2,1,2,1,0.20117853581905365,2,1,0.19567465782165527,2,1,0.1967473179101944,2,1,0.19141630828380585,2,1,0.21498215198516846
subject_05:sample_0000229,5,229,2,2,1,2,1,2,1,0.20144963264465332,2,1,0.19518409669399261,2,1,0.19611521065235138,2,1,0.19227324426174164,2,1,0.21497681736946106
subject_05:sample_0000230,5,230,2,2,1,2,1,2,1,0.2010737955570221,2,1,0.19658486545085907,2,1,0.1951306015253067,2,1,0.1928318589925766,2,1,0.21437788009643555
subject_05:sample_0000231,5,231,2,2,1,2,1,2,1,0.2009572684764862,2,1,0.1971137672662735,2,1,0.1949024796485901,2,1,0.19281569123268127,2,1,0.21420980989933014
subject_05:sample_0000232,5,232,2,2,1,2,1,2,1,0.20081311464309692,2,1,0.19742587208747864,2,1,0.194886714220047,2,1,0.1927478164434433,2,1,0.21412552893161774
subject_05:sample_0000233,5,233,2,2,1,2,1,2,1,0.20044422149658203,2,1,0.1981472373008728,2,1,0.19442415237426758,2,1,0.19332639873027802,2,1,0.21365708112716675
subject_05:sample_0000234,5,234,2,2,1,2,1,2,1,0.2000020295381546,2,1,0.19949354231357574,2,1,0.19394606351852417,2,1,0.1933479905128479,2,1,0.21320940554141998
subject_05:sample_0000235,5,235,1,0,0,0,0,0,0,0.19747237861156464,0,0,0.2037176787853241,0,0,0.19955037534236908,0,0,0.19931812584400177,0,0,0.19994041323661804
subject_05:sample_0000236,5,236,1,0,0,0,0,0,0,0.19742107391357422,0,0,0.20351983606815338,0,0,0.19948096573352814,0,0,0.1996687948703766,0,0,0.19990836083889008
subject_05:sample_0000237,5,237,1,0,0,0,0,0,0,0.19729669392108917,0,0,0.2030748724937439,0,0,0.1994541734457016,0,0,0.20046992599964142,0,0,0.19970335066318512
subject_05:sample_0000238,5,238,1,0,0,0,0,0,0,0.19718262553215027,0,0,0.2027846723794937,0,0,0.19945943355560303,0,0,0.2010374367237091,0,0,0.19953486323356628
subject_05:sample_0000239,5,239,1,0,0,0,0,0,0,0.1971161663532257,0,0,0.20264951884746552,0,0,0.19945812225341797,0,0,0.20130813121795654,0,0,0.19946707785129547
subject_05:sample_0000240,5,240,1,0,0,0,0,0,0,0.19716061651706696,0,0,0.20293857157230377,0,0,0.19948776066303253,0,0,0.20084543526172638,0,0,0.19956666231155396
subject_05:sample_0000241,5,241,1,0,0,0,0,0,0,0.19718454778194427,0,0,0.2033309042453766,0,0,0.19950978457927704,0,0,0.20028173923492432,0,0,0.1996920108795166
subject_05:sample_0000242,5,242,1,0,0,0,0,0,0,0.1971864551305771,0,0,0.20372697710990906,0,0,0.19955776631832123,0,0,0.19973096251487732,0,0,0.1997969001531601
subject_05:sample_0000243,5,243,1,0,0,0,0,0,0,0.19721338152885437,0,0,0.20416507124900818,0,0,0.19964829087257385,0,0,0.19908864796161652,0,0,0.19988365471363068
subject_05:sample_0000244,5,244,1,0,0,0,0,0,0,0.19721968472003937,0,0,0.20456615090370178,0,0,0.19971665740013123,0,0,0.19835595786571503,0,0,0.2001405954360962
subject_05:sample_0000245,5,245,1,0,0,0,0,0,0,0.19710364937782288,0,0,0.20479540526866913,0,0,0.19986973702907562,0,0,0.19783076643943787,0,0,0.20039953291416168
subject_05:sample_0000246,5,246,1,0,0,0,0,0,0,0.1967562884092331,0,0,0.20498648285865784,0,0,0.20009715855121613,0,0,0.19746190309524536,0,0,0.20069721341133118
subject_05:sample_0000247,5,247,1,0,0,0,0,0,0,0.19633352756500244,0,0,0.20513392984867096,0,0,0.20024846494197845,0,0,0.19720441102981567,0,0,0.20107866823673248
subject_05:sample_0000248,5,248,1,0,0,0,0,0,0,0.19653768837451935,0,0,0.20507031679153442,0,0,0.20028318464756012,0,0,0.19692319631576538,0,0,0.20118461549282074
subject_05:sample_0000249,5,249,1,0,0,0,0,0,0,0.1965944766998291,0,0,0.2049921452999115,0,0,0.20031410455703735,0,0,0.19677069783210754,0,0,0.2013275921344757
subject_05:sample_0000250,5,250,1,0,0,0,0,0,0,0.19652697443962097,0,0,0.20490840077400208,0,0,0.20028536021709442,0,0,0.19668607413768768,0,0,0.20159220695495605
subject_05:sample_0000251,5,251,1,0,0,0,0,0,0,0.1964523047208786,0,0,0.20484969019889832,0,0,0.2002027928829193,0,0,0.19658027589321136,0,0,0.20191402733325958
subject_05:sample_0000252,5,252,1,0,0,0,0,0,0,0.19630122184753418,0,0,0.20493465662002563,0,0,0.2001314014196396,0,0,0.19642756879329681,0,0,0.2022041529417038
subject_05:sample_0000253,5,253,1,0,0,0,0,0,0,0.1961333006620407,0,0,0.20508377254009247,0,0,0.20011930167675018,0,0,0.19630156457424164,0,0,0.20236104726791382
subject_05:sample_0000254,5,254,1,0,0,0,0,0,0,0.19593919813632965,0,0,0.20531775057315826,0,0,0.2001257836818695,0,0,0.19615623354911804,0,0,0.20246005058288574
subject_05:sample_0000255,5,255,1,0,0,0,0,0,0,0.1957865059375763,0,0,0.20552004873752594,0,0,0.2001006007194519,0,0,0.1959780752658844,0,0,0.20261377096176147
subject_05:sample_0000256,5,256,1,0,0,0,0,0,0,0.19572313129901886,0,0,0.20566685497760773,0,0,0.20003089308738708,0,0,0.1957780420780182,0,0,0.20280003547668457
subject_05:sample_0000257,5,257,1,0,0,0,0,0,0,0.19575561583042145,0,0,0.20575498044490814,0,0,0.1999136358499527,0,0,0.19555775821208954,0,0,0.20301705598831177
subject_05:sample_0000258,5,258,1,0,0,0,0,0,0,0.19572637975215912,0,0,0.20583003759384155,0,0,0.1998865306377411,0,0,0.19541871547698975,0,0,0.20313739776611328
subject_05:sample_0000259,5,259,1,0,0,0,0,0,0,0.1955428421497345,0,0,0.20591221749782562,0,0,0.1998816579580307,0,0,0.19528920948505402,0,0,0.20337308943271637
subject_05:sample_0000260,5,260,1,0,0,0,0,0,0,0.1952248364686966,0,0,0.20596787333488464,0,0,0.19989678263664246,0,0,0.19520406424999237,0,0,0.20370548963546753
subject_05:sample_0000261,5,261,1,0,0,0,0,0,0,0.19487498700618744,0,0,0.20601509511470795,0,0,0.19991722702980042,0,0,0.19512853026390076,0,0,0.20406319200992584
subject_05:sample_0000262,5,262,1,0,0,0,0,0,0,0.19456049799919128,0,0,0.20598192512989044,0,0,0.19987808167934418,0,0,0.1950046569108963,0,0,0.20457392930984497
subject_05:sample_0000263,5,263,1,0,0,0,0,0,0,0.1943109929561615,0,0,0.20587873458862305,0,0,0.19985872507095337,0,0,0.19491666555404663,0,0,0.20503391325473785
subject_05:sample_0000264,5,264,1,0,0,0,0,0,0,0.19409866631031036,0,0,0.20581194758415222,0,0,0.1999054253101349,0,0,0.19489328563213348,0,0,0.20528966188430786
subject_05:sample_0000265,5,265,1,0,0,0,0,0,0,0.19395098090171814,0,0,0.20572182536125183,0,0,0.19999544322490692,0,0,0.19488123059272766,0,0,0.20544959604740143
subject_05:sample_0000266,5,266,1,0,0,0,0,0,0,0.19386091828346252,0,0,0.2055131196975708,0,0,0.20014892518520355,0,0,0.194930300116539,0,0,0.2055458128452301
subject_05:sample_0000267,5,267,1,0,0,0,0,0,0,0.19380176067352295,0,0,0.20531027019023895,0,0,0.20025518536567688,0,0,0.1949411779642105,0,0,0.2056906819343567
subject_05:sample_0000268,5,268,1,0,0,0,0,0,0,0.19377431273460388,0,0,0.20512992143630981,0,0,0.20040826499462128,0,0,0.1949816644191742,0,0,0.20570486783981323
subject_05:sample_0000269,5,269,1,0,0,0,0,0,0,0.1937469244003296,0,0,0.20488914847373962,0,0,0.20064279437065125,0,0,0.19502611458301544,0,0,0.20569410920143127
subject_05:sample_0000270,5,270,1,0,0,0,0,0,0,0.19370484352111816,0,0,0.20456010103225708,0,0,0.20088395476341248,0,0,0.19504332542419434,0,0,0.20580677688121796
subject_05:sample_0000271,5,271,1,0,0,0,0,0,0,0.19363819062709808,0,0,0.20417387783527374,0,0,0.20124033093452454,0,0,0.19509689509868622,0,0,0.2058498114347458
subject_05:sample_0000272,5,272,1,0,0,0,0,0,0,0.19358184933662415,0,0,0.20376761257648468,0,0,0.20167185366153717,0,0,0.1952112317085266,0,0,0.2057664394378662
subject_05:sample_0000273,5,273,1,0,0,0,0,0,0,0.19358007609844208,0,0,0.20297937095165253,0,0,0.20225511491298676,0,0,0.1954428255558014,0,0,0.20574155449867249
subject_05:sample_0000274,5,274,1,0,0,0,0,0,0,0.19344663619995117,0,0,0.20202429592609406,0,0,0.202894926071167,0,0,0.1956273317337036,0,0,0.20600590109825134
subject_05:sample_0000275,5,275,1,0,0,0,0,0,0,0.19326208531856537,0,0,0.20129036903381348,0,0,0.203462153673172,0,0,0.19593505561351776,0,0,0.20604939758777618
subject_05:sample_0000276,5,276,1,0,0,0,0,0,0,0.19330957531929016,0,0,0.20082537829875946,0,0,0.2041434645652771,0,0,0.1965768188238144,0,0,0.20514380931854248
subject_05:sample_0000277,5,277,1,0,0,0,0,0,0,0.19298869371414185,0,0,0.19973617792129517,0,0,0.2052087038755417,0,0,0.1975068300962448,0,0,0.20455865561962128
subject_05:sample_0000278,5,278,1,0,0,0,0,0,0,0.19249247014522552,0,0,0.19901756942272186,0,0,0.20619694888591766,0,0,0.1981431245803833,0,0,0.20414894819259644
subject_05:sample_0000279,5,279,1,0,0,0,0,0,0,0.19246608018875122,0,0,0.19880911707878113,0,0,0.20650123059749603,0,0,0.19791823625564575,0,0,0.20430436730384827
subject_05:sample_0000280,5,280,1,0,0,0,0,0,0,0.19328632950782776,0,0,0.19854797422885895,0,0,0.2064691185951233,0,0,0.19701790809631348,0,0,0.20467767119407654
subject_05:sample_0000281,5,281,1,0,0,0,0,0,0,0.19547030329704285,0,0,0.19870521128177643,0,0,0.20620164275169373,0,0,0.19675226509571075,0,0,0.20286959409713745
subject_05:sample_0000282,5,282,1,0,0,0,0,0,0,0.19782660901546478,0,0,0.19868847727775574,0,0,0.20589260756969452,0,0,0.19739484786987305,0,0,0.20019647479057312
subject_05:sample_0000283,5,283,1,0,0,0,0,0,0,0.20058836042881012,0,0,0.1978541761636734,0,0,0.2051660269498825,0,0,0.19844160974025726,0,0,0.19794891774654388
subject_05:sample_0000284,5,284,1,0,0,0,0,0,0,0.20491163432598114,0,0,0.19560177624225616,0,0,0.2038266509771347,0,0,0.1991397887468338,0,0,0.19651919603347778
subject_05:sample_0000285,5,285,1,0,0,0,0,0,0,0.21086597442626953,1,1,0.19205628335475922,1,1,0.20265454053878784,0,0,0.1987593024969101,0,0,0.19566290080547333
subject_05:sample_0000286,5,286,1,1,1,0,0,0,0,0.21918423473834991,1,1,0.18709225952625275,1,1,0.2010175585746765,1,1,0.19570553302764893,1,1,0.1969994455575943
subject_05:sample_0000287,5,287,1,1,1,1,1,0,0,0.23800331354141235,1,1,0.1790757030248642,1,1,0.195076584815979,1,1,0.18472808599472046,1,1,0.2031153440475464
subject_05:sample_0000288,5,288,1,1,1,1,1,0,0,0.260887086391449,1,1,0.17556007206439972,1,1,0.1923103630542755,1,1,0.1758577674627304,1,1,0.19538374245166779
subject_05:sample_0000289,5,289,1,1,1,1,1,0,0,0.2685997486114502,1,1,0.17559674382209778,1,1,0.19197510182857513,1,1,0.1739378571510315,1,1,0.18988950550556183
subject_05:sample_0000290,5,290,1,1,1,1,1,0,0,0.27011629939079285,1,1,0.17591805756092072,1,1,0.19229069352149963,1,1,0.17347939312458038,1,1,0.18819460272789001
subject_05:sample_0000291,5,291,1,1,1,1,1,1,1,0.27100569009780884,1,1,0.1768798530101776,1,1,0.19176627695560455,1,1,0.1734890341758728,1,1,0.1868581920862198
subject_05:sample_0000292,5,292,1,1,1,1,1,1,1,0.2629808187484741,1,1,0.17998279631137848,1,1,0.19275733828544617,1,1,0.17590151727199554,1,1,0.18837657570838928
subject_05:sample_0000293,5,293,1,1,1,1,1,1,1,0.23431895673274994,1,1,0.18815061450004578,1,1,0.19916629791259766,1,1,0.1832442432641983,1,1,0.1951189786195755
subject_05:sample_0000294,5,294,1,1,1,1,1,1,1,0.21704530715942383,1,1,0.1933780312538147,1,1,0.20326897501945496,1,1,0.18820835649967194,1,1,0.1980983465909958
subject_05:sample_0000295,5,295,1,1,1,1,1,1,1,0.21014569699764252,1,1,0.19499078392982483,1,1,0.20531950891017914,1,1,0.19107842445373535,1,1,0.19846457242965698
subject_05:sample_0000296,5,296,1,1,1,1,1,1,1,0.21044501662254333,1,1,0.19474752247333527,1,1,0.20583413541316986,1,1,0.19074170291423798,1,1,0.19823068380355835
subject_05:sample_0000297,5,297,1,1,1,1,1,1,1,0.21417567133903503,1,1,0.1938793659210205,1,1,0.20546677708625793,1,1,0.18879278004169464,1,1,0.19768448173999786
subject_05:sample_0000298,5,298,1,1,1,1,1,1,1,0.21646466851234436,1,1,0.1931961178779602,1,1,0.2056908905506134,1,1,0.18756726384162903,1,1,0.1970801055431366
subject_05:sample_0000299,5,299,1,1,1,1,1,1,1,0.21740104258060455,1,1,0.19318845868110657,1,1,0.20618167519569397,1,1,0.18682388961315155,1,1,0.19640399515628815
subject_05:sample_0000300,5,300,1,1,1,1,1,1,1,0.21855999529361725,1,1,0.19360613822937012,1,1,0.20616674423217773,1,1,0.18583452701568604,1,1,0.19583165645599365
subject_05:sample_0000301,5,301,1,1,1,1,1,1,1,0.2163238823413849,1,1,0.1945423185825348,1,1,0.20686978101730347,1,1,0.1864149272441864,1,1,0.19584810733795166
subject_05:sample_0000302,5,302,1,1,1,1,1,1,1,0.21093183755874634,1,1,0.19586080312728882,1,1,0.2093309462070465,1,1,0.18787333369255066,1,1,0.19600209593772888
subject_05:sample_0000303,5,303,1,1,1,1,1,1,1,0.20957081019878387,1,1,0.19496145844459534,1,1,0.21172964572906494,1,1,0.1889834702014923,1,1,0.19475367665290833
subject_05:sample_0000304,5,304,1,1,1,1,1,1,1,0.20952560007572174,1,1,0.19350974261760712,1,1,0.21401478350162506,1,1,0.1895570158958435,1,1,0.19339187443256378
subject_05:sample_0000305,5,305,1,1,1,1,1,1,1,0.2089526206254959,1,1,0.1916315257549286,1,1,0.21606659889221191,1,1,0.19075921177864075,1,1,0.19258904457092285
subject_05:sample_0000306,5,306,1,1,1,1,1,1,1,0.20764073729515076,1,1,0.1897735893726349,1,1,0.21744295954704285,1,1,0.192891925573349,1,1,0.19224980473518372
subject_05:sample_0000307,5,307,1,1,1,1,1,1,1,0.20617793500423431,1,1,0.1882980316877365,1,1,0.21799837052822113,1,1,0.19479991495609283,1,1,0.19272483885288239
subject_05:sample_0000308,5,308,1,1,1,1,1,1,1,0.20557163655757904,1,1,0.1869296282529831,1,1,0.21777434647083282,1,1,0.19626617431640625,1,1,0.19345727562904358
subject_05:sample_0000309,5,309,1,1,1,1,1,1,1,0.20558831095695496,1,1,0.18600457906723022,1,1,0.2174086719751358,1,1,0.19708164036273956,1,1,0.19391585886478424
subject_05:sample_0000310,5,310,1,1,1,1,1,1,1,0.20344361662864685,1,1,0.18616996705532074,1,1,0.21722321212291718,1,1,0.198103129863739,1,1,0.195059135556221
subject_05:sample_0000311,5,311,1,1,1,1,1,1,1,0.2045007348060608,1,1,0.1856246143579483,1,1,0.21623161435127258,1,1,0.19821737706661224,1,1,0.19542472064495087
subject_05:sample_0000312,5,312,1,1,1,1,1,1,1,0.202820286154747,1,1,0.18570144474506378,1,1,0.21581365168094635,1,1,0.1993178427219391,1,1,0.19634585082530975
subject_05:sample_0000313,5,313,1,1,1,1,1,1,1,0.20429527759552002,1,1,0.1852026879787445,1,1,0.2140955626964569,1,1,0.19945195317268372,1,1,0.19695349037647247
subject_05:sample_0000314,5,314,1,1,1,1,1,1,1,0.20341756939888,1,1,0.185484379529953,1,1,0.21398748457431793,1,1,0.20013900101184845,1,1,0.1969706118106842
subject_05:sample_0000315,5,315,1,1,1,1,1,1,1,0.20188221335411072,1,1,0.18593721091747284,1,1,0.2141280472278595,1,1,0.20116761326789856,1,1,0.19688399136066437
subject_05:sample_0000316,5,316,1,1,1,1,1,1,1,0.20051811635494232,1,1,0.18620158731937408,1,1,0.21352270245552063,1,1,0.20246027410030365,1,1,0.1972963809967041
subject_05:sample_0000317,5,317,1,1,1,1,1,1,1,0.1978600174188614,1,1,0.18709340691566467,1,1,0.2132335901260376,1,1,0.20411786437034607,1,1,0.1976940929889679
subject_05:sample_0000318,5,318,1,1,1,1,1,1,1,0.19754856824874878,1,1,0.18738017976284027,1,1,0.21252252161502838,1,1,0.20491062104701996,1,1,0.1976371556520462
subject_05:sample_0000319,5,319,1,1,1,1,1,1,1,0.19784659147262573,1,1,0.18716011941432953,1,1,0.21185457706451416,1,1,0.20543041825294495,1,1,0.19770729541778564
subject_05:sample_0000320,5,320,1,1,1,1,1,1,1,0.1966732293367386,1,1,0.1874181032180786,1,1,0.2111266553401947,1,1,0.2062041014432907,1,1,0.19857700169086456
subject_05:sample_0000321,5,321,1,1,1,1,1,1,1,0.19532369077205658,1,1,0.18827363848686218,1,1,0.21027517318725586,1,1,0.20654486119747162,1,1,0.19958171248435974
subject_05:sample_0000322,5,322,1,1,1,1,1,1,1,0.19479387998580933,1,1,0.18947257101535797,1,1,0.20898081362247467,1,1,0.20641587674617767,1,1,0.20033587515354156
subject_05:sample_0000323,5,323,1,1,1,1,1,1,1,0.19408412277698517,1,1,0.19101010262966156,1,1,0.20794308185577393,1,1,0.2061503380537033,1,1,0.20081138610839844
subject_05:sample_0000324,5,324,1,1,1,1,1,1,1,0.19280244410037994,1,1,0.1926555186510086,1,1,0.2072986513376236,1,1,0.20602115988731384,1,1,0.20122124254703522
subject_05:sample_0000325,5,325,1,1,1,1,1,1,1,0.19199220836162567,1,1,0.19403991103172302,1,1,0.206872820854187,1,1,0.20573492348194122,1,1,0.20135922729969025
subject_05:sample_0000326,5,326,1,1,1,1,1,1,1,0.1915813684463501,1,1,0.19540022313594818,1,1,0.2063589096069336,1,1,0.2052246332168579,1,1,0.2014339715242386
subject_05:sample_0000327,5,327,1,1,1,1,1,1,1,0.19135169684886932,1,1,0.19661475718021393,1,1,0.20600830018520355,1,1,0.20468100905418396,1,1,0.20134331285953522
subject_05:sample_0000328,5,328,1,1,1,1,1,1,1,0.19103620946407318,1,1,0.1979893296957016,1,1,0.20564031600952148,1,1,0.20408618450164795,1,1,0.20124702155590057
subject_05:sample_0000329,5,329,1,1,1,1,1,1,1,0.19078385829925537,1,1,0.1994214653968811,1,1,0.20522169768810272,1,1,0.2034478336572647,1,1,0.2011241912841797
subject_05:sample_0000330,5,330,1,1,1,1,1,1,1,0.19051073491573334,1,1,0.20051531493663788,1,1,0.2048720121383667,1,1,0.20301072299480438,1,1,0.2010902762413025
subject_05:sample_0000331,5,331,1,1,1,1,1,1,1,0.19036714732646942,1,1,0.2012287974357605,1,1,0.20467068254947662,1,1,0.20273663103580475,1,1,0.2009958028793335
subject_05:sample_0000332,5,332,1,1,1,1,1,1,1,0.19044499099254608,1,1,0.20172740519046783,1,1,0.20449942350387573,1,1,0.20252224802970886,1,1,0.2008049488067627
subject_05:sample_0000333,5,333,1,1,1,1,1,1,1,0.19058257341384888,1,1,0.20215271413326263,1,1,0.2043384462594986,1,1,0.20235642790794373,1,1,0.20056889951229095
subject_05:sample_0000334,5,334,1,1,1,1,1,1,1,0.19089418649673462,1,1,0.2024260312318802,1,1,0.20426204800605774,1,1,0.20219574868679047,1,1,0.2002210021018982
subject_05:sample_0000335,5,335,1,1,1,1,1,1,1,0.19114646315574646,1,1,0.20268520712852478,1,1,0.20421527326107025,1,1,0.20202772319316864,1,1,0.19992445409297943
subject_05:sample_0000336,5,336,1,1,1,1,1,1,1,0.19147218763828278,1,1,0.2029111534357071,1,1,0.20418474078178406,1,1,0.20181719958782196,1,1,0.19961373507976532
subject_05:sample_0000337,5,337,1,1,1,1,1,1,1,0.1916959583759308,1,1,0.2028757482767105,1,1,0.20433732867240906,1,1,0.20172366499900818,1,1,0.19936634600162506
subject_05:sample_0000338,5,338,1,1,1,1,1,1,1,0.19197073578834534,1,1,0.20275752246379852,1,1,0.20459716022014618,1,1,0.20163558423519135,1,1,0.19903811812400818
subject_05:sample_0000339,5,339,1,1,1,1,1,1,1,0.1922541856765747,1,1,0.20267683267593384,1,1,0.20488135516643524,1,1,0.2015257328748703,1,1,0.1986609399318695
subject_05:sample_0000340,5,340,1,1,1,1,1,1,1,0.19261319935321808,1,1,0.2028033286333084,1,1,0.20504307746887207,1,1,0.20128870010375977,1,1,0.19825071096420288
subject_05:sample_0000341,5,341,1,1,1,1,1,1,1,0.19303222000598907,1,1,0.2030385136604309,1,1,0.20514647662639618,1,1,0.20098331570625305,1,1,0.19779855012893677
subject_05:sample_0000342,5,342,1,1,1,1,1,1,1,0.19364996254444122,1,1,0.20335473120212555,1,1,0.2053433507680893,1,1,0.20047666132450104,1,1,0.1971743404865265
subject_05:sample_0000343,5,343,1,1,1,1,1,1,1,0.19418896734714508,1,1,0.20378458499908447,1,1,0.20551931858062744,1,1,0.19992738962173462,1,1,0.19657884538173676
subject_05:sample_0000344,5,344,1,1,1,1,1,1,1,0.1946638971567154,1,1,0.20423166453838348,1,1,0.20570245385169983,1,1,0.1993923932313919,1,1,0.1960086226463318
subject_05:sample_0000345,5,345,1,1,1,1,1,1,1,0.1950734704732895,1,1,0.20459747314453125,1,1,0.20584160089492798,1,1,0.19892030954360962,1,1,0.19556625187397003
subject_05:sample_0000346,5,346,1,1,1,1,1,1,1,0.19540239870548248,1,1,0.20497645437717438,1,1,0.20586131513118744,1,1,0.19847123324871063,1,1,0.19528764486312866
subject_05:sample_0000347,5,347,1,1,1,1,1,1,1,0.19558191299438477,1,1,0.2056133896112442,1,1,0.2055039256811142,1,1,0.19798822700977325,1,1,0.19531157612800598
subject_05:sample_0000348,5,348,1,1,1,1,1,1,1,0.19582253694534302,1,1,0.20606619119644165,1,1,0.20487850904464722,1,1,0.1976003795862198,1,1,0.19563138484954834
subject_05:sample_0000349,5,349,1,1,1,1,1,1,1,0.1960684210062027,1,1,0.20631487667560577,1,1,0.20407788455486298,1,1,0.19732607901096344,1,1,0.1962117999792099
subject_05:sample_0000350,5,350,1,1,1,1,1,1,1,0.19692546129226685,1,1,0.20448848605155945,1,1,0.20404212176799774,1,1,0.19754387438297272,1,1,0.19699902832508087
subject_05:sample_0000351,5,351,1,1,1,1,1,1,1,0.1973869651556015,1,1,0.20472341775894165,1,1,0.20313812792301178,1,1,0.19715780019760132,1,1,0.19759272038936615
subject_05:sample_0000352,5,352,1,1,1,1,1,1,1,0.1973872035741806,1,1,0.2064160853624344,1,1,0.20211777091026306,1,1,0.1963350772857666,1,1,0.19774289429187775
subject_05:sample_0000353,5,353,1,1,1,1,1,1,1,0.19780173897743225,1,1,0.20775848627090454,1,1,0.2018236666917801,1,1,0.19532276690006256,1,1,0.19729238748550415
subject_05:sample_0000354,5,354,1,1,1,1,1,1,1,0.19873841106891632,1,1,0.20729020237922668,1,1,0.20257656276226044,1,1,0.1946621984243393,1,1,0.19673170149326324
subject_05:sample_0000355,5,355,1,1,1,1,1,1,1,0.1997167021036148,1,1,0.206002876162529,1,1,0.20396409928798676,1,1,0.19412696361541748,1,1,0.19618840515613556
subject_05:sample_0000356,5,356,1,1,1,1,1,1,1,0.20049388706684113,1,1,0.2056136131286621,1,1,0.20471586287021637,1,1,0.193410724401474,1,1,0.19576497375965118
subject_05:sample_0000357,5,357,1,1,1,1,1,1,1,0.201329305768013,1,1,0.20532849431037903,1,1,0.20520055294036865,1,1,0.19272665679454803,1,1,0.19541403651237488
subject_05:sample_0000358,5,358,1,1,1,1,1,1,1,0.20216304063796997,1,1,0.20504331588745117,1,1,0.2055715173482895,1,1,0.1922176629304886,1,1,0.19500353932380676
subject_05:sample_0000359,5,359,1,1,1,1,1,1,1,0.20289435982704163,1,1,0.20511211454868317,1,1,0.20580512285232544,1,1,0.1916794329881668,1,1,0.19450801610946655
subject_05:sample_0000360,5,360,1,1,1,1,1,1,1,0.20324064791202545,1,1,0.20567254722118378,1,1,0.20603270828723907,1,1,0.1910717636346817,1,1,0.19398139417171478
subject_05:sample_0000361,5,361,1,1,1,1,1,1,1,0.20287583768367767,1,1,0.20751024782657623,1,1,0.205764502286911,1,1,0.19009625911712646,1,1,0.1937522143125534
subject_05:sample_0000362,5,362,1,1,1,1,1,1,1,0.20246291160583496,1,1,0.20907524228096008,1,1,0.2058211863040924,1,1,0.18906688690185547,1,1,0.19357289373874664
subject_05:sample_0000363,5,363,1,1,1,1,1,1,1,0.20231711864471436,1,1,0.209896057844162,1,1,0.20614415407180786,1,1,0.18833254277706146,1,1,0.19330920279026031
subject_05:sample_0000364,5,364,1,1,1,1,1,1,1,0.20185019075870514,1,1,0.21047422289848328,1,1,0.20645305514335632,1,1,0.18768565356731415,1,1,0.1935359090566635
subject_05:sample_0000365,5,365,1,1,1,1,1,1,1,0.20100179314613342,1,1,0.21152780950069427,1,1,0.20655854046344757,1,1,0.1866999864578247,1,1,0.194210946559906
subject_05:sample_0000366,5,366,1,1,1,1,1,1,1,0.19996444880962372,1,1,0.21368099749088287,1,1,0.20599064230918884,1,1,0.18514159321784973,1,1,0.19522133469581604
subject_05:sample_0000367,5,367,1,1,1,1,1,1,1,0.1989867091178894,1,1,0.21514807641506195,1,1,0.20562884211540222,1,1,0.1837480068206787,1,1,0.1964873969554901
subject_05:sample_0000368,5,368,1,1,1,1,1,1,1,0.19747059047222137,1,1,0.21656447649002075,1,1,0.20511925220489502,1,1,0.18224193155765533,1,1,0.19860275089740753
subject_05:sample_0000369,5,369,1,1,1,1,1,1,1,0.1944926381111145,1,1,0.21901312470436096,1,1,0.2032545804977417,1,1,0.1800537109375,1,1,0.20318491756916046
subject_05:sample_0000370,5,370,1,1,1,1,1,1,1,0.19081544876098633,1,1,0.22181838750839233,1,1,0.2009490579366684,1,1,0.17719382047653198,1,1,0.20922240614891052
subject_05:sample_0000371,5,371,1,1,1,1,1,1,1,0.18313680589199066,1,1,0.2243230789899826,1,1,0.1952328085899353,1,1,0.1710406094789505,1,1,0.2262658029794693
subject_05:sample_0000372,5,372,1,1,1,1,1,1,1,0.18100605905056,1,1,0.22626498341560364,1,1,0.19522005319595337,1,1,0.16971120238304138,1,1,0.22779671847820282
subject_05:sample_0000373,5,373,1,1,1,1,1,1,1,0.17906947433948517,1,1,0.22632169723510742,1,1,0.19520550966262817,1,1,0.1681053787469864,1,1,0.23129704594612122
subject_05:sample_0000374,5,374,1,1,1,1,1,1,1,0.1767018735408783,1,1,0.22709983587265015,1,1,0.1936798393726349,1,1,0.1655379682779312,1,1,0.23697957396507263
subject_05:sample_0000375,5,375,1,1,1,1,1,1,1,0.17588379979133606,1,1,0.22000975906848907,1,1,0.1932288259267807,1,1,0.16416534781455994,1,1,0.24671122431755066
subject_05:sample_0000376,5,376,1,1,1,1,1,1,1,0.1755020022392273,1,1,0.21293281018733978,1,1,0.19329850375652313,1,1,0.1633666753768921,1,1,0.2548990547657013
subject_05:sample_0000377,5,377,1,1,1,1,1,1,1,0.17502181231975555,1,1,0.2083669900894165,1,1,0.19293396174907684,1,1,0.16275554895401,1,1,0.26092079281806946
subject_05:sample_0000378,5,378,1,1,1,1,1,1,1,0.17473645508289337,1,1,0.20467258989810944,1,1,0.19158701598644257,1,1,0.1625542938709259,1,1,0.2664487063884735
subject_05:sample_0000379,5,379,1,1,1,1,1,1,1,0.1744937151670456,1,1,0.2024737447500229,1,1,0.18895334005355835,1,1,0.16299159824848175,1,1,0.27108660340309143
subject_05:sample_0000380,5,380,1,1,1,1,1,1,1,0.1744665801525116,1,1,0.20322959125041962,1,1,0.18709874153137207,1,1,0.1635168492794037,1,1,0.27168726921081543
subject_05:sample_0000381,5,381,1,1,1,1,1,1,1,0.17632955312728882,1,1,0.20650672912597656,1,1,0.1875276416540146,1,1,0.16544435918331146,1,1,0.26419076323509216
subject_05:sample_0000382,5,382,1,1,1,1,1,1,1,0.1796221286058426,1,1,0.2095886766910553,1,1,0.18872776627540588,1,1,0.16818004846572876,1,1,0.25388044118881226
subject_05:sample_0000383,5,383,1,1,1,1,1,1,1,0.18162861466407776,1,1,0.210752472281456,1,1,0.18923991918563843,1,1,0.1696484535932541,1,1,0.24872960150241852
subject_05:sample_0000384,5,384,1,1,1,1,1,1,1,0.18289001286029816,1,1,0.21105001866817474,1,1,0.18934497237205505,1,1,0.1704052835702896,1,1,0.24630871415138245
subject_05:sample_0000385,5,385,1,1,1,1,1,1,1,0.1839582622051239,1,1,0.2096276879310608,1,1,0.18931381404399872,1,1,0.1706153005361557,1,1,0.24648402631282806
subject_05:sample_0000386,5,386,1,1,1,1,1,1,1,0.1872033029794693,1,1,0.20473191142082214,1,1,0.1893225908279419,1,1,0.17073601484298706,1,1,0.24800516664981842
subject_05:sample_0000387,5,387,1,1,1,1,1,1,1,0.18674224615097046,1,1,0.2020026594400406,1,1,0.18930813670158386,1,1,0.17078734934329987,1,1,0.25115862488746643
subject_05:sample_0000388,5,388,1,1,1,1,1,1,1,0.18570198118686676,1,1,0.20161810517311096,1,1,0.18861742317676544,1,1,0.17054827511310577,1,1,0.25351330637931824
subject_05:sample_0000389,5,389,1,1,1,1,1,1,1,0.1860392987728119,1,1,0.2019590139389038,1,1,0.18886977434158325,1,1,0.17063258588314056,1,1,0.2524983286857605
subject_05:sample_0000390,5,390,1,1,1,1,1,1,1,0.18645498156547546,1,1,0.20471520721912384,1,1,0.18896785378456116,1,1,0.17086327075958252,1,1,0.24899770319461823
subject_05:sample_0000391,5,391,1,1,1,1,1,1,1,0.18377088010311127,1,1,0.2075997292995453,1,1,0.18888425827026367,1,1,0.17120999097824097,1,1,0.2485341727733612
subject_05:sample_0000392,5,392,1,1,1,1,1,1,1,0.18278498947620392,1,1,0.20787395536899567,1,1,0.1889399141073227,1,1,0.17136724293231964,1,1,0.2490328848361969
subject_05:sample_0000393,5,393,1,1,1,1,1,1,1,0.1825520545244217,1,1,0.20936118066310883,1,1,0.18822942674160004,1,1,0.17124997079372406,1,1,0.24860641360282898
subject_05:sample_0000394,5,394,1,1,1,1,1,1,1,0.1822815239429474,1,1,0.21067796647548676,1,1,0.18778206408023834,1,1,0.17106257379055023,1,1,0.24819491803646088
subject_05:sample_0000395,5,395,1,1,1,1,1,1,1,0.18207816779613495,1,1,0.21142786741256714,1,1,0.187600240111351,1,1,0.1710745245218277,1,1,0.24781818687915802
subject_05:sample_0000396,5,396,1,1,1,1,1,1,1,0.1820889413356781,1,1,0.21119333803653717,1,1,0.18782393634319305,1,1,0.17136113345623016,1,1,0.2475316971540451
subject_05:sample_0000397,5,397,1,1,1,1,1,1,1,0.18239206075668335,1,1,0.20970329642295837,1,1,0.1888231635093689,1,1,0.17207352817058563,1,1,0.24700693786144257
subject_05:sample_0000398,5,398,1,1,1,1,1,1,1,0.1825130432844162,1,1,0.20947156846523285,1,1,0.18927809596061707,1,1,0.1725367307662964,1,1,0.2461996078491211
subject_05:sample_0000399,5,399,1,1,1,1,1,1,1,0.1825389713048935,1,1,0.20965945720672607,1,1,0.18922874331474304,1,1,0.17268575727939606,1,1,0.24588604271411896
subject_05:sample_0000400,5,400,1,1,1,1,1,1,1,0.18272465467453003,1,1,0.20964926481246948,1,1,0.18913617730140686,1,1,0.1730291247367859,1,1,0.24545980989933014
subject_05:sample_0000401,5,401,1,1,1,1,1,1,1,0.18221525847911835,1,1,0.2100197672843933,1,1,0.18890222907066345,1,1,0.17308463156223297,1,1,0.24577708542346954
subject_05:sample_0000402,5,402,1,1,1,1,1,1,1,0.1818849742412567,1,1,0.20952561497688293,1,1,0.1890050619840622,1,1,0.17313258349895477,1,1,0.2464507520198822
subject_05:sample_0000403,5,403,1,1,1,1,1,1,1,0.18186965584754944,1,1,0.20866958796977997,1,1,0.18935023248195648,1,1,0.1730397641658783,1,1,0.24706971645355225
subject_05:sample_0000404,5,404,1,1,1,1,1,1,1,0.18176962435245514,1,1,0.208414226770401,1,1,0.18925876915454865,1,1,0.17259444296360016,1,1,0.24796196818351746
subject_05:sample_0000405,5,405,1,1,1,1,1,1,1,0.1811513751745224,1,1,0.20919953286647797,1,1,0.1887131780385971,1,1,0.1718568205833435,1,1,0.2490781992673874
subject_05:sample_0000406,5,406,1,1,1,1,1,1,1,0.18006090819835663,1,1,0.2116001546382904,1,1,0.1880587637424469,1,1,0.17094488441944122,1,1,0.24933426082134247
subject_05:sample_0000407,5,407,1,1,1,1,1,1,1,0.17903096973896027,1,1,0.2163572907447815,1,1,0.18764688074588776,1,1,0.17052298784255981,1,1,0.24644093215465546
subject_05:sample_0000408,5,408,1,1,1,1,1,1,1,0.17909443378448486,1,1,0.2203378528356552,1,1,0.18804237246513367,1,1,0.17100107669830322,1,1,0.24152323603630066
subject_05:sample_0000409,5,409,1,1,1,1,1,1,1,0.1796066015958786,1,1,0.22246873378753662,1,1,0.18852418661117554,1,1,0.1717764288187027,1,1,0.2376231849193573
subject_05:sample_0000410,5,410,1,1,1,1,1,1,1,0.1801641434431076,1,1,0.22468802332878113,1,1,0.18900515139102936,1,1,0.17286072671413422,1,1,0.2332809716463089
subject_05:sample_0000411,5,411,1,1,1,1,1,1,1,0.1810474395751953,1,1,0.22768259048461914,1,1,0.18952307105064392,1,1,0.1743525117635727,1,1,0.2273934781551361
subject_05:sample_0000412,5,412,1,1,1,1,1,1,1,0.1817297339439392,1,1,0.22999383509159088,1,1,0.18978653848171234,1,1,0.17600798606872559,1,1,0.22248099744319916
subject_05:sample_0000413,5,413,1,1,1,1,1,1,1,0.1822233349084854,1,1,0.23118095099925995,1,1,0.19006136059761047,1,1,0.17738492786884308,1,1,0.2191484570503235
subject_05:sample_0000414,5,414,1,1,1,1,1,1,1,0.18196351826190948,1,1,0.23309850692749023,1,1,0.19006215035915375,1,1,0.17834490537643433,1,1,0.21652990579605103
subject_05:sample_0000415,5,415,1,1,1,1,1,1,1,0.18216930329799652,1,1,0.2341708093881607,1,1,0.19027495384216309,1,1,0.1797056645154953,1,1,0.21367833018302917
subject_05:sample_0000416,5,416,1,1,1,1,1,1,1,0.1826602667570114,1,1,0.2341531664133072,1,1,0.1906905323266983,1,1,0.1814173310995102,1,1,0.2110777050256729
subject_05:sample_0000417,5,417,1,1,1,1,1,1,1,0.18312962353229523,1,1,0.23345740139484406,1,1,0.19105301797389984,1,1,0.1828298270702362,1,1,0.20952914655208588
subject_05:sample_0000418,5,418,1,1,1,1,1,1,1,0.18363834917545319,1,1,0.23303847014904022,1,1,0.19152559340000153,1,1,0.1843617707490921,1,1,0.20743486285209656
subject_05:sample_0000419,5,419,1,1,1,1,1,1,1,0.1838095337152481,1,1,0.23334813117980957,1,1,0.19175942242145538,1,1,0.18534064292907715,1,1,0.20574137568473816
subject_05:sample_0000420,5,420,1,1,1,1,1,1,1,0.18405315279960632,1,1,0.2334105521440506,1,1,0.1919456571340561,1,1,0.18621401488780975,1,1,0.20437566936016083
subject_05:sample_0000421,5,421,1,1,1,1,1,1,1,0.1840018779039383,1,1,0.23389063775539398,1,1,0.19200201332569122,1,1,0.1866275817155838,1,1,0.2034769058227539
subject_05:sample_0000422,5,422,1,1,1,1,1,1,1,0.18390609323978424,1,1,0.23429612815380096,1,1,0.19202132523059845,1,1,0.18690739572048187,1,1,0.20286813378334045
subject_05:sample_0000423,5,423,1,1,1,1,1,1,1,0.18346329033374786,1,1,0.23509705066680908,1,1,0.1919334977865219,1,1,0.18708954751491547,1,1,0.20241571962833405
subject_05:sample_0000424,5,424,1,1,1,1,1,1,1,0.18300925195217133,1,1,0.23573321104049683,1,1,0.1918422132730484,1,1,0.18745194375514984,1,1,0.201962411403656
subject_05:sample_0000425,5,425,1,1,1,1,1,1,1,0.18288275599479675,1,1,0.2357896864414215,1,1,0.19186697900295258,1,1,0.1878184676170349,1,1,0.20164114236831665
subject_05:sample_0000426,5,426,1,1,1,1,1,1,1,0.1833193451166153,1,1,0.23499740660190582,1,1,0.1920010894536972,1,1,0.18852823972702026,1,1,0.20115290582180023
subject_05:sample_0000427,5,427,1,1,1,1,1,1,1,0.18407949805259705,1,1,0.23345941305160522,1,1,0.19229726493358612,1,1,0.18936918675899506,1,1,0.20079363882541656
subject_05:sample_0000428,5,428,1,1,1,1,1,1,1,0.18455098569393158,1,1,0.23238463699817657,1,1,0.19254648685455322,1,1,0.18988020718097687,1,1,0.20063672959804535
subject_05:sample_0000429,5,429,1,1,1,1,1,1,1,0.18532443046569824,1,1,0.23082633316516876,1,1,0.19288058578968048,1,1,0.19054655730724335,1,1,0.2004210650920868
subject_05:sample_0000430,5,430,1,1,1,1,1,1,1,0.18634651601314545,1,1,0.22904638946056366,1,1,0.19319142401218414,1,1,0.19109705090522766,1,1,0.20031772553920746
subject_05:sample_0000431,5,431,1,1,1,1,1,1,1,0.18789860606193542,1,1,0.22659803926944733,1,1,0.19356071949005127,1,1,0.19163386523723602,1,1,0.20030780136585236
subject_05:sample_0000432,5,432,1,1,1,1,1,1,1,0.18950219452381134,1,1,0.22378215193748474,1,1,0.194041907787323,1,1,0.19231833517551422,1,1,0.2003544121980667
subject_05:sample_0000433,5,433,1,1,1,1,1,1,1,0.1903344988822937,1,1,0.2217840701341629,1,1,0.19443216919898987,1,1,0.19291989505290985,1,1,0.20052847266197205
subject_05:sample_0000434,5,434,1,1,1,1,1,1,1,0.1913018822669983,1,1,0.21917864680290222,1,1,0.19507326185703278,1,1,0.19367437064647675,1,1,0.20077091455459595
subject_05:sample_0000435,5,435,1,1,1,1,1,1,1,0.1922648549079895,1,1,0.2165854126214981,1,1,0.19571958482265472,1,1,0.1944011002779007,1,1,0.20102813839912415
subject_05:sample_0000436,5,436,1,1,1,1,1,1,1,0.1931789666414261,1,1,0.21375906467437744,1,1,0.19649477303028107,1,1,0.1952403336763382,1,1,0.20132599771022797
subject_05:sample_0000437,5,437,1,1,1,1,1,1,1,0.19364236295223236,1,1,0.21120323240756989,1,1,0.19742587208747864,1,1,0.19608250260353088,1,1,0.20164504647254944
subject_05:sample_0000438,5,438,1,1,1,1,1,1,1,0.19354982674121857,1,1,0.20902131497859955,1,1,0.1983303725719452,1,1,0.1969868242740631,1,1,0.20211075246334076
subject_05:sample_0000439,5,439,1,1,1,1,1,1,1,0.19332584738731384,1,1,0.20705902576446533,1,1,0.19910667836666107,1,1,0.19777628779411316,1,1,0.20273126661777496
subject_05:sample_0000440,5,440,1,1,1,1,1,1,1,0.1930869072675705,1,1,0.20522142946720123,1,1,0.19977104663848877,1,1,0.1984657347202301,1,1,0.20345386862754822
subject_05:sample_0000441,5,441,1,1,1,1,1,1,1,0.19307363033294678,1,1,0.20322605967521667,1,1,0.2004072666168213,1,1,0.19909310340881348,1,1,0.2041989117860794
subject_05:sample_0000442,5,442,1,1,1,1,1,1,1,0.1935833990573883,1,1,0.20081967115402222,1,1,0.2007029503583908,1,1,0.1998526006937027,1,1,0.20504045486450195
subject_05:sample_0000443,5,443,1,1,1,1,1,1,1,0.1936889886856079,1,1,0.1992381513118744,1,1,0.20106297731399536,1,1,0.2002769112586975,1,1,0.20573200285434723
subject_05:sample_0000444,5,444,1,1,1,1,1,1,1,0.19322469830513,1,1,0.19885016977787018,1,1,0.20167116820812225,1,1,0.20028772950172424,1,1,0.20596528053283691
subject_05:sample_0000445,5,445,1,1,1,1,1,1,1,0.19273994863033295,1,1,0.19876401126384735,1,1,0.20233941078186035,1,1,0.20013020932674408,1,1,0.2060253918170929
subject_05:sample_0000446,5,446,1,1,1,1,1,1,1,0.19232593476772308,1,1,0.1985900104045868,1,1,0.2029091715812683,1,1,0.19994455575942993,1,1,0.2062293291091919
subject_05:sample_0000447,5,447,1,1,1,1,1,1,1,0.19187228381633759,1,1,0.19887953996658325,1,1,0.20319408178329468,1,1,0.19976000487804413,1,1,0.20629313588142395
subject_05:sample_0000448,5,448,1,1,1,1,1,1,1,0.19092391431331635,1,1,0.1996709108352661,1,1,0.20329460501670837,1,1,0.19951659440994263,1,1,0.20659303665161133
subject_05:sample_0000449,5,449,1,1,1,1,1,1,1,0.19046650826931,1,1,0.2003060132265091,1,1,0.20334000885486603,1,1,0.19940496981143951,1,1,0.20648150146007538
subject_05:sample_0000450,5,450,1,1,1,1,1,1,1,0.1900154948234558,1,1,0.20100463926792145,1,1,0.20323608815670013,1,1,0.19939835369586945,1,1,0.20634445548057556
subject_05:sample_0000451,5,451,1,1,1,1,1,1,1,0.18981866538524628,1,1,0.2015911489725113,1,1,0.2031136006116867,1,1,0.1992696225643158,1,1,0.20620600879192352
subject_05:sample_0000452,5,452,1,1,1,1,1,1,1,0.18975096940994263,1,1,0.20215947926044464,1,1,0.20303983986377716,1,1,0.19891344010829926,1,1,0.2061353325843811
subject_05:sample_0000453,5,453,1,1,1,1,1,1,1,0.18989065289497375,1,1,0.20249952375888824,1,1,0.2034112513065338,1,1,0.19841550290584564,1,1,0.20578211545944214
subject_05:sample_0000454,5,454,1,1,1,1,1,1,1,0.19012445211410522,1,1,0.20295453071594238,1,1,0.20392346382141113,1,1,0.19788514077663422,1,1,0.20511144399642944
subject_05:sample_0000455,5,455,1,1,1,1,1,1,1,0.19016678631305695,1,1,0.20389871299266815,1,1,0.20438377559185028,1,1,0.1971299946308136,1,1,0.2044198364019394
subject_05:sample_0000456,5,456,1,1,1,1,1,1,1,0.1902007907629013,1,1,0.20504097640514374,1,1,0.20497721433639526,1,1,0.19626761972904205,1,1,0.20351247489452362
subject_05:sample_0000457,5,457,1,1,1,1,1,1,1,0.19036078453063965,1,1,0.2063852697610855,1,1,0.20514681935310364,1,1,0.19553281366825104,1,1,0.2025732845067978
subject_05:sample_0000458,5,458,1,1,1,1,1,1,1,0.19036005437374115,1,1,0.2080274075269699,1,1,0.2050255537033081,1,1,0.194838747382164,1,1,0.20174722373485565
subject_05:sample_0000459,5,459,1,1,1,1,1,1,1,0.190353125333786,1,1,0.20890367031097412,1,1,0.2054254412651062,1,1,0.1942279189825058,1,1,0.20108895003795624
subject_05:sample_0000460,5,460,1,1,1,1,1,1,1,0.19033809006214142,1,1,0.2093861997127533,1,1,0.20627671480178833,1,1,0.19367170333862305,1,1,0.20032630860805511
subject_05:sample_0000461,5,461,1,1,1,1,1,1,1,0.19019123911857605,1,1,0.20969319343566895,1,1,0.20756009221076965,1,1,0.19315505027770996,1,1,0.19939948618412018
subject_05:sample_0000462,5,462,1,1,1,1,1,1,1,0.19037869572639465,1,1,0.2096695750951767,1,1,0.20803166925907135,1,1,0.19306589663028717,1,1,0.19885322451591492
subject_05:sample_0000463,5,463,1,1,1,1,1,1,1,0.19065141677856445,1,1,0.2096753567457199,1,1,0.20819507539272308,1,1,0.1931534707546234,1,1,0.19832377135753632
subject_05:sample_0000464,5,464,1,1,1,1,1,1,1,0.19086170196533203,1,1,0.20962105691432953,1,1,0.2083064615726471,1,1,0.19327746331691742,1,1,0.19793236255645752
subject_05:sample_0000465,5,465,1,1,1,1,1,1,1,0.1910143494606018,1,1,0.20957139134407043,1,1,0.20840629935264587,1,1,0.1933479607105255,1,1,0.19765903055667877
subject_05:sample_0000466,5,466,1,1,1,1,1,1,1,0.19125548005104065,1,1,0.2094602882862091,1,1,0.20837697386741638,1,1,0.1935499608516693,1,1,0.19735637307167053
subject_05:sample_0000467,5,467,1,1,1,1,1,1,1,0.19138188660144806,1,1,0.20935550332069397,1,1,0.20828278362751007,1,1,0.19373923540115356,1,1,0.1972396969795227
subject_05:sample_0000468,5,468,0,0,1,0,1,0,1,0.19560649991035461,0,1,0.21156461536884308,0,1,0.19929859042167664,0,1,0.19296221435070038,0,1,0.2005670666694641
subject_05:sample_0000469,5,469,0,0,1,0,1,0,1,0.19563604891300201,0,1,0.211639404296875,0,1,0.1992214173078537,0,1,0.1929616928100586,0,1,0.2005404829978943
subject_05:sample_0000470,5,470,0,0,1,0,1,0,1,0.1956452876329422,0,1,0.2116851955652237,0,1,0.19919179379940033,0,1,0.1929585337638855,0,1,0.20051828026771545
subject_05:sample_0000471,5,471,0,0,1,0,1,0,1,0.1956559419631958,0,1,0.21176590025424957,0,1,0.19911447167396545,0,1,0.1929529756307602,0,1,0.20050975680351257
subject_05:sample_0000472,5,472,0,0,1,0,1,0,1,0.1957031786441803,0,1,0.21187786757946014,0,1,0.19895508885383606,0,1,0.19294369220733643,0,1,0.20051923394203186
subject_05:sample_0000473,5,473,0,0,1,0,1,0,1,0.19576872885227203,0,1,0.21203026175498962,0,1,0.19868896901607513,0,1,0.1929452270269394,0,1,0.200565904378891
subject_05:sample_0000474,5,474,0,0,1,0,1,0,1,0.19584251940250397,0,1,0.21223604679107666,0,1,0.1983603537082672,0,1,0.19293144345283508,0,1,0.20062866806983948
subject_05:sample_0000475,5,475,0,0,1,0,1,0,1,0.1958732306957245,0,1,0.21232128143310547,0,1,0.19824525713920593,0,1,0.1929127722978592,0,1,0.20064647495746613
subject_05:sample_0000476,5,476,0,0,1,0,1,0,1,0.1958932727575302,0,1,0.21239154040813446,0,1,0.19816100597381592,0,1,0.19289515912532806,0,1,0.20065802335739136
subject_05:sample_0000477,5,477,0,0,1,0,1,0,1,0.19592192769050598,0,1,0.2124820202589035,0,1,0.1980169713497162,0,1,0.192876398563385,0,1,0.20070165395736694
subject_05:sample_0000478,5,478,0,0,1,0,1,0,1,0.1959345042705536,0,1,0.21247908473014832,0,1,0.19804632663726807,0,1,0.1928531378507614,0,1,0.2006860375404358
subject_05:sample_0000479,5,479,0,0,1,0,1,0,1,0.1959483027458191,0,1,0.2124689370393753,0,1,0.19806665182113647,0,1,0.19283467531204224,0,1,0.20068050920963287
subject_05:sample_0000480,5,480,0,0,1,0,1,0,1,0.19596131145954132,0,1,0.21251679956912994,0,1,0.19801568984985352,0,1,0.19281479716300964,0,1,0.20069043338298798
subject_05:sample_0000481,5,481,0,0,1,0,1,0,1,0.19596216082572937,0,1,0.21257458627223969,0,1,0.19799678027629852,0,1,0.19279061257839203,0,1,0.2006748914718628
subject_05:sample_0000482,5,482,0,0,1,0,1,0,1,0.19593031704425812,0,1,0.21250230073928833,0,1,0.19817917048931122,0,1,0.19277402758598328,0,1,0.20061326026916504
subject_05:sample_0000483,5,483,0,0,1,0,1,0,1,0.19589146971702576,0,1,0.21235473453998566,0,1,0.19846203923225403,0,1,0.19275721907615662,0,1,0.2005336433649063
subject_05:sample_0000484,5,484,0,0,1,0,1,0,1,0.19585557281970978,0,1,0.21226365864276886,0,1,0.19866208732128143,0,1,0.19274219870567322,0,1,0.20047546923160553
subject_05:sample_0000485,5,485,0,0,1,0,1,0,1,0.1958526074886322,0,1,0.2123851627111435,0,1,0.19854554533958435,0,1,0.19272808730602264,0,1,0.2004876583814621
subject_05:sample_0000486,5,486,0,0,1,0,1,0,1,0.19581682980060577,0,1,0.21245378255844116,0,1,0.19852693378925323,0,1,0.1927156150341034,0,1,0.200485959649086
subject_05:sample_0000487,5,487,0,0,1,0,1,0,1,0.19576197862625122,0,1,0.2125127613544464,0,1,0.19854794442653656,0,1,0.19270800054073334,0,1,0.20046845078468323
subject_05:sample_0000488,5,488,0,0,1,0,1,0,1,0.19565711915493011,0,1,0.2123740315437317,0,1,0.19884485006332397,0,1,0.19271741807460785,0,1,0.200405552983284
subject_05:sample_0000489,5,489,0,0,1,0,1,0,1,0.1955501288175583,0,1,0.21217818558216095,0,1,0.19917340576648712,0,1,0.19274024665355682,0,1,0.20035700500011444
subject_05:sample_0000490,5,490,0,0,1,0,1,0,1,0.1954728066921234,0,1,0.2119738757610321,0,1,0.19949579238891602,0,1,0.19275043904781342,0,1,0.20030605792999268
subject_05:sample_0000491,5,491,0,0,1,0,1,0,1,0.19544659554958344,0,1,0.21176858246326447,0,1,0.19979143142700195,0,1,0.19274196028709412,0,1,0.20025044679641724
subject_05:sample_0000492,5,492,0,0,1,0,1,0,1,0.19544315338134766,0,1,0.21168749034404755,0,1,0.19995523989200592,0,1,0.1927121877670288,0,1,0.20020097494125366
subject_05:sample_0000493,5,493,0,0,1,0,1,0,1,0.1954292505979538,0,1,0.2115352600812912,0,1,0.20022089779376984,0,1,0.19268174469470978,0,1,0.20013189315795898
subject_05:sample_0000494,5,494,0,0,1,0,1,0,1,0.19544613361358643,0,1,0.21132755279541016,0,1,0.2005026489496231,0,1,0.19265641272068024,0,1,0.20006625354290009
subject_05:sample_0000495,5,495,0,0,1,0,1,0,1,0.19545836746692657,0,1,0.211131289601326,0,1,0.20074744522571564,0,1,0.1926378607749939,0,1,0.2000240981578827
subject_05:sample_0000496,5,496,0,0,1,0,1,0,1,0.19548813998699188,0,1,0.21097718179225922,0,1,0.2009117752313614,0,1,0.19262626767158508,0,1,0.19999563694000244
subject_05:sample_0000497,5,497,0,0,1,0,1,0,1,0.19554951786994934,0,1,0.21084454655647278,0,1,0.20104281604290009,0,1,0.19260583817958832,0,1,0.19995631277561188
subject_05:sample_0000498,5,498,0,0,1,0,1,0,1,0.19564498960971832,0,1,0.21069341897964478,0,1,0.20110248029232025,0,1,0.1926085650920868,0,1,0.19994957745075226
subject_05:sample_0000499,5,499,0,0,1,0,1,0,1,0.19577117264270782,0,1,0.21057379245758057,0,1,0.20107106864452362,0,1,0.19261647760868073,0,1,0.19996654987335205
subject_05:sample_0000500,5,500,0,0,1,0,1,0,1,0.1958925575017929,0,1,0.21042314171791077,0,1,0.20104190707206726,0,1,0.1926298588514328,0,1,0.20001153647899628
subject_05:sample_0000501,5,501,0,0,1,0,1,0,1,0.19599388539791107,0,1,0.2102815955877304,0,1,0.20103858411312103,0,1,0.19263173639774323,0,1,0.20005324482917786
subject_05:sample_0000502,5,502,0,0,1,0,1,0,1,0.19609595835208893,0,1,0.2101205587387085,0,1,0.20108836889266968,0,1,0.19261211156845093,0,1,0.20008201897144318
subject_05:sample_0000503,5,503,0,0,1,0,1,0,1,0.19624771177768707,0,1,0.20995771884918213,0,1,0.20114485919475555,0,1,0.19256530702114105,0,1,0.200083389878273
subject_05:sample_0000504,5,504,0,0,1,0,1,0,1,0.196354940533638,0,1,0.2098904401063919,0,1,0.20122861862182617,0,1,0.1924867331981659,0,1,0.20003828406333923
subject_05:sample_0000505,5,505,0,0,1,0,1,0,1,0.1964465230703354,0,1,0.20973941683769226,0,1,0.2013329267501831,0,1,0.19243475794792175,0,1,0.20004545152187347
subject_05:sample_0000506,5,506,0,0,1,0,1,0,1,0.1965499073266983,0,1,0.2095528542995453,0,1,0.20141080021858215,0,1,0.19240537285804749,0,1,0.20008014142513275
subject_05:sample_0000507,5,507,0,0,1,0,1,0,1,0.19664005935192108,0,1,0.20940634608268738,0,1,0.2014794796705246,0,1,0.192365363240242,0,1,0.20010782778263092
subject_05:sample_0000508,5,508,0,0,1,0,1,0,1,0.19669625163078308,0,1,0.20930752158164978,0,1,0.2015141397714615,0,1,0.19234441220760345,0,1,0.2001366764307022
subject_05:sample_0000509,5,509,0,0,1,0,1,0,1,0.19677312672138214,0,1,0.20911315083503723,0,1,0.20155997574329376,0,1,0.19234693050384521,0,1,0.20020586252212524
subject_05:sample_0000510,5,510,0,0,1,0,1,0,1,0.19682209193706512,0,1,0.20897060632705688,0,1,0.2016076147556305,0,1,0.19233769178390503,0,1,0.20026107132434845
subject_05:sample_0000511,5,511,0,0,1,0,1,0,1,0.19687433540821075,0,1,0.20885220170021057,0,1,0.20167426764965057,0,1,0.1922989785671234,0,1,0.20029926300048828
subject_05:sample_0000512,5,512,0,0,1,0,1,0,1,0.19837869703769684,0,1,0.1966857761144638,0,1,0.1988358497619629,0,1,0.19180598855018616,0,1,0.21429269015789032
subject_05:sample_0000513,5,513,0,0,1,0,1,0,1,0.1981402039527893,0,1,0.1967819780111313,0,1,0.19878607988357544,0,1,0.1927015334367752,0,1,0.21358920633792877
subject_05:sample_0000514,5,514,0,0,1,0,1,0,1,0.19792349636554718,0,1,0.19695588946342468,0,1,0.198787122964859,0,1,0.19347135722637177,0,1,0.21286115050315857
subject_05:sample_0000515,5,515,0,0,1,0,1,0,1,0.19782744348049164,0,1,0.1974070519208908,0,1,0.19887849688529968,0,1,0.1937900334596634,0,1,0.21209600567817688
subject_05:sample_0000516,5,516,0,0,1,0,1,0,1,0.1978578120470047,0,1,0.19814057648181915,0,1,0.1989699751138687,0,1,0.19378991425037384,0,1,0.2112407386302948
subject_05:sample_0000517,5,517,0,0,1,0,1,0,1,0.19801394641399384,0,1,0.1985478550195694,0,1,0.1991434246301651,0,1,0.193881556391716,0,1,0.21041224896907806
subject_05:sample_0000518,5,518,0,0,1,0,1,0,1,0.19838619232177734,0,1,0.19841201603412628,0,1,0.19981056451797485,0,1,0.1944049745798111,0,1,0.2089853286743164
subject_05:sample_0000519,5,519,0,0,1,0,1,0,1,0.19839049875736237,0,1,0.19844916462898254,0,1,0.20080824196338654,0,1,0.19547125697135925,0,1,0.20687992870807648
subject_05:sample_0000520,5,520,0,0,1,0,1,0,1,0.19780118763446808,0,1,0.19767868518829346,0,1,0.2005053162574768,0,1,0.19571396708488464,0,1,0.20829981565475464
subject_05:sample_0000521,5,521,0,0,1,0,1,0,1,0.19770532846450806,0,1,0.19773279130458832,0,1,0.20009666681289673,0,1,0.1960047334432602,0,1,0.20845958590507507
subject_05:sample_0000522,5,522,0,0,1,0,1,0,1,0.19807736575603485,0,1,0.19931896030902863,0,1,0.2000870406627655,0,1,0.19683805108070374,0,1,0.20567767322063446
subject_05:sample_0000523,5,523,0,0,1,0,1,0,1,0.19785600900650024,0,1,0.20155172049999237,0,1,0.19954733550548553,0,1,0.19779039919376373,0,1,0.2032536119222641
subject_05:sample_0000524,5,524,0,0,1,0,1,0,1,0.19618402421474457,0,1,0.2015073150396347,0,1,0.19872522354125977,0,1,0.19975896179676056,0,1,0.20382356643676758
subject_05:sample_0000525,5,525,0,0,1,0,1,0,1,0.19318024814128876,0,1,0.19815818965435028,0,1,0.19927024841308594,0,1,0.20797930657863617,0,1,0.20141103863716125
subject_05:sample_0000526,5,526,0,0,1,0,1,0,1,0.19217270612716675,0,1,0.1958727240562439,0,1,0.20323669910430908,0,1,0.20573453605175018,0,1,0.20298238098621368
subject_05:sample_0000527,5,527,0,0,1,0,1,0,1,0.18042178452014923,0,1,0.18238145112991333,0,1,0.19382117688655853,2,0,0.24651138484477997,0,1,0.19686320424079895
subject_05:sample_0000528,5,528,0,2,0,2,0,0,1,0.17630194127559662,0,1,0.17747224867343903,0,1,0.18422025442123413,2,0,0.2534004747867584,2,0,0.2086041420698166
subject_05:sample_0000529,5,529,0,2,0,2,0,0,1,0.1686292588710785,0,1,0.17052564024925232,2,0,0.1957615613937378,2,0,0.24242019653320312,2,0,0.22266234457492828
subject_05:sample_0000530,5,530,0,2,0,2,0,0,1,0.1669878214597702,0,1,0.16981622576713562,2,0,0.20416224002838135,2,0,0.23604202270507812,2,0,0.22299079596996307
subject_05:sample_0000531,5,531,0,2,0,2,0,0,1,0.1635282188653946,2,0,0.18093211948871613,2,0,0.20212110877037048,2,0,0.23217469453811646,2,0,0.22124287486076355
subject_05:sample_0000532,5,532,0,2,0,2,0,2,0,0.16652774810791016,2,0,0.18888157606124878,2,0,0.1959362030029297,2,0,0.23035965859889984,2,0,0.21829377114772797
subject_05:sample_0000533,5,533,0,2,0,2,0,2,0,0.17072266340255737,2,0,0.18917617201805115,2,0,0.19117631018161774,2,0,0.23196780681610107,2,0,0.21695612370967865
subject_05:sample_0000534,5,534,0,2,0,2,0,2,0,0.1756218522787094,2,0,0.18671199679374695,2,0,0.1884223073720932,2,0,0.23586343228816986,2,0,0.21337948739528656
subject_05:sample_0000535,5,535,0,2,0,2,0,2,0,0.18511806428432465,2,0,0.17936179041862488,2,0,0.18272815644741058,2,0,0.24405385553836823,2,0,0.20873712003231049
subject_05:sample_0000536,5,536,0,2,0,2,0,2,0,0.19380733370780945,1,0,0.17568282783031464,1,0,0.17217418551445007,2,0,0.2505105137825012,2,0,0.20782418549060822
subject_05:sample_0000537,5,537,0,2,0,2,0,2,0,0.2041047066450119,1,0,0.1749313771724701,1,0,0.16566245257854462,2,0,0.25519680976867676,1,0,0.2001037299633026
subject_05:sample_0000538,5,538,0,2,0,2,0,2,0,0.21070550382137299,1,0,0.17387473583221436,1,0,0.16298116743564606,2,0,0.2532743215560913,1,0,0.19916339218616486
subject_05:sample_0000539,5,539,0,2,0,2,0,2,0,0.213898703455925,1,0,0.1725739687681198,1,0,0.16186833381652832,2,0,0.24755774438381195,2,0,0.2041003257036209
subject_05:sample_0000540,5,540,0,2,0,2,0,2,0,0.21199029684066772,1,0,0.17119024693965912,1,0,0.16793662309646606,2,0,0.23723676800727844,2,0,0.21164509654045105
subject_05:sample_0000541,5,541,0,2,0,2,0,2,0,0.21126708388328552,1,0,0.17218999564647675,1,0,0.1743234544992447,2,0,0.23017773032188416,2,0,0.2120407521724701
subject_05:sample_0000542,5,542,0,2,0,2,0,2,0,0.20571976900100708,2,0,0.17819730937480927,2,0,0.18432362377643585,2,0,0.22067630290985107,2,0,0.2110820859670639
subject_05:sample_0000543,5,543,0,2,0,2,0,2,0,0.20174990594387054,2,0,0.18560636043548584,2,0,0.1890428513288498,2,0,0.21425554156303406,2,0,0.20934437215328217
subject_05:sample_0000544,5,544,0,2,0,2,0,2,0,0.20099635422229767,2,0,0.18861381709575653,2,0,0.19178412854671478,2,0,0.21090391278266907,2,0,0.20770089328289032
subject_05:sample_0000545,5,545,0,2,0,2,0,2,0,0.20031367242336273,2,0,0.19026300311088562,2,0,0.1944652944803238,2,0,0.20820526778697968,2,0,0.20675186812877655
subject_05:sample_0000546,5,546,0,2,0,2,0,2,0,0.2011072188615799,2,0,0.19124262034893036,2,0,0.19554351270198822,2,0,0.20541886985301971,2,0,0.2066868543624878
subject_05:sample_0000547,5,547,0,2,0,2,0,2,0,0.20096270740032196,2,0,0.19162829220294952,2,0,0.19576309621334076,2,0,0.20453475415706635,2,0,0.2071101814508438
subject_05:sample_0000548,5,548,0,2,0,2,0,2,0,0.20066827535629272,2,0,0.19198119640350342,2,0,0.19598397612571716,2,0,0.20351822674274445,2,0,0.20784732699394226
subject_05:sample_0000549,5,549,0,2,0,2,0,2,0,0.20003190636634827,2,0,0.19220463931560516,2,0,0.1963638812303543,2,0,0.20255623757839203,2,0,0.2088424414396286
subject_05:sample_0000550,5,550,0,2,0,2,0,2,0,0.19978587329387665,2,0,0.19239602982997894,2,0,0.19614042341709137,2,0,0.2014838606119156,2,0,0.21019284427165985
subject_05:sample_0000551,5,551,0,2,0,2,0,2,0,0.1994640827178955,2,0,0.19300977885723114,2,0,0.19518424570560455,2,0,0.20074646174907684,2,0,0.21159446239471436
subject_05:sample_0000552,5,552,0,2,0,2,0,2,0,0.19901691377162933,2,0,0.19385673105716705,2,0,0.1942385882139206,2,0,0.20042221248149872,2,0,0.21246454119682312
subject_05:sample_0000553,5,553,0,2,0,2,0,2,0,0.1988648921251297,2,0,0.19466421008110046,2,0,0.19309759140014648,2,0,0.19943904876708984,2,0,0.2139333039522171
subject_05:sample_0000554,5,554,0,2,0,2,0,2,0,0.19861763715744019,2,0,0.1955524981021881,2,0,0.19266216456890106,2,0,0.1983194798231125,2,0,0.21484725177288055
subject_05:sample_0000555,5,555,0,2,0,2,0,2,0,0.19822509586811066,2,0,0.19628871977329254,2,0,0.19276063144207,2,0,0.19750377535820007,2,0,0.21522082388401031
subject_05:sample_0000556,5,556,0,2,0,2,0,2,0,0.19771766662597656,2,0,0.19700010120868683,2,0,0.19307313859462738,2,0,0.19712606072425842,2,0,0.2150821089744568
subject_05:sample_0000557,5,557,0,2,0,2,0,2,0,0.19694101810455322,2,0,0.19775401055812836,2,0,0.1935359388589859,2,0,0.19671723246574402,2,0,0.2150508314371109
subject_05:sample_0000558,5,558,0,2,0,2,0,2,0,0.1959119588136673,2,0,0.19866929948329926,2,0,0.19379569590091705,2,0,0.19647863507270813,2,0,0.21514341235160828
subject_05:sample_0000559,5,559,0,2,0,2,0,2,0,0.19458888471126556,2,0,0.20019279420375824,2,0,0.19348540902137756,2,0,0.19666726887226105,2,0,0.21506468951702118
subject_05:sample_0000560,5,560,0,2,0,2,0,2,0,0.19351011514663696,2,0,0.2005666345357895,2,0,0.19354794919490814,2,0,0.19745886325836182,2,0,0.21491549909114838
subject_05:sample_0000561,5,561,0,2,0,2,0,2,0,0.19228310883045197,2,0,0.20135359466075897,2,0,0.19341455399990082,2,0,0.19783607125282288,2,0,0.21511167287826538
subject_05:sample_0000562,5,562,0,2,0,2,0,2,0,0.19096209108829498,2,0,0.20103336870670319,2,0,0.1934637725353241,2,0,0.201400488615036,2,0,0.2131393402814865
subject_05:sample_0000563,5,563,0,2,0,2,0,2,0,0.190127894282341,2,0,0.20020729303359985,2,0,0.193231999874115,2,0,0.20493043959140778,2,0,0.21150141954421997
subject_05:sample_0000564,5,564,0,2,0,2,0,2,0,0.18975131213665009,2,0,0.1998056322336197,2,0,0.19326110184192657,2,0,0.20602314174175262,2,0,0.2111578732728958
subject_05:sample_0000565,5,565,0,2,0,2,0,2,0,0.18965621292591095,2,0,0.19916655123233795,2,0,0.1933390349149704,2,0,0.20662380754947662,2,0,0.21121343970298767
subject_05:sample_0000566,5,566,0,2,0,2,0,2,0,0.1897778958082199,2,0,0.19843555986881256,2,0,0.19346904754638672,2,0,0.20714686810970306,2,0,0.21116970479488373
subject_05:sample_0000567,5,567,0,2,0,2,0,2,0,0.1898772120475769,2,0,0.19762133061885834,2,0,0.19364283978939056,2,0,0.20767435431480408,2,0,0.21118327975273132
subject_05:sample_0000568,5,568,0,2,0,2,0,2,0,0.18982960283756256,2,0,0.19682765007019043,2,0,0.1938018798828125,2,0,0.20832690596580505,2,0,0.21121299266815186
subject_05:sample_0000569,5,569,0,2,0,2,0,2,0,0.18987123668193817,2,0,0.19579710066318512,2,0,0.19412316381931305,2,0,0.20890827476978302,2,0,0.21129927039146423
subject_05:sample_0000570,5,570,0,2,0,2,0,2,0,0.18991737067699432,2,0,0.19491082429885864,2,0,0.19442380964756012,2,0,0.2096027433872223,2,0,0.21114440262317657
subject_05:sample_0000571,5,571,0,2,0,2,0,2,0,0.18998317420482635,2,0,0.19437642395496368,2,0,0.19483527541160583,2,0,0.20975644886493683,2,0,0.21104773879051208
subject_05:sample_0000572,5,572,0,2,0,2,0,2,0,0.19025097787380219,2,0,0.1936289668083191,2,0,0.1952621191740036,2,0,0.20997531712055206,2,0,0.21088172495365143
subject_05:sample_0000573,5,573,0,2,0,2,0,2,0,0.19046515226364136,2,0,0.19304412603378296,2,0,0.19572381675243378,2,0,0.20989586412906647,2,0,0.21087011694908142
subject_05:sample_0000574,5,574,0,2,0,2,0,2,0,0.19062253832817078,2,0,0.1926867514848709,2,0,0.19617655873298645,2,0,0.20968331396579742,2,0,0.21082991361618042
subject_05:sample_0000575,5,575,0,2,0,2,0,2,0,0.19096659123897552,2,0,0.19204041361808777,2,0,0.19669204950332642,2,0,0.2097061723470688,2,0,0.21059386432170868
subject_05:sample_0000576,5,576,0,2,0,2,0,2,0,0.19108380377292633,2,0,0.19166380167007446,2,0,0.19708527624607086,2,0,0.2096782624721527,2,0,0.21048779785633087
subject_05:sample_0000577,5,577,0,2,0,2,0,2,0,0.19103465974330902,2,0,0.1914595663547516,2,0,0.19729408621788025,2,0,0.2096450924873352,2,0,0.21056562662124634
subject_05:sample_0000578,5,578,0,2,0,2,0,2,0,0.19094660878181458,2,0,0.19141674041748047,2,0,0.19743476808071136,2,0,0.20950932800769806,2,0,0.21069161593914032
subject_05:sample_0000579,5,579,0,2,0,2,0,2,0,0.19094642996788025,2,0,0.19123466312885284,2,0,0.19757500290870667,2,0,0.20943130552768707,2,0,0.21081167459487915
subject_05:sample_0000580,5,580,0,2,0,2,0,2,0,0.19120237231254578,2,0,0.19077369570732117,2,0,0.19771450757980347,2,0,0.20930831134319305,2,0,0.21100012958049774
subject_05:sample_0000581,5,581,0,2,0,2,0,2,0,0.19138184189796448,2,0,0.19028325378894806,2,0,0.19799847900867462,2,0,0.20919889211654663,2,0,0.21113651990890503
subject_05:sample_0000582,5,582,0,2,0,2,0,2,0,0.1913870871067047,2,0,0.19028189778327942,2,0,0.19813357293605804,2,0,0.20896898210048676,2,0,0.21122750639915466
subject_05:sample_0000583,5,583,0,2,0,2,0,2,0,0.19146119058132172,2,0,0.19019193947315216,2,0,0.19810104370117188,2,0,0.20870356261730194,2,0,0.2115413397550583
subject_05:sample_0000584,5,584,0,2,0,2,0,2,0,0.1916782557964325,2,0,0.18984279036521912,2,0,0.19815412163734436,2,0,0.20854736864566803,2,0,0.21177642047405243
subject_05:sample_0000585,5,585,0,2,0,2,0,2,0,0.19174069166183472,2,0,0.1896878033876419,2,0,0.19819341599941254,2,0,0.20831529796123505,2,0,0.21206189692020416
subject_05:sample_0000586,5,586,0,2,0,2,0,2,0,0.19185931980609894,2,0,0.18941719830036163,2,0,0.19824865460395813,2,0,0.2080751359462738,2,0,0.2123986780643463
subject_05:sample_0000587,5,587,0,2,0,2,0,2,0,0.1919153481721878,2,0,0.18923714756965637,2,0,0.1983456164598465,2,0,0.207891583442688,2,0,0.21260938048362732
subject_05:sample_0000588,5,588,0,2,0,2,0,2,0,0.1921190768480301,2,0,0.1882227063179016,2,0,0.19825845956802368,2,0,0.2075953334569931,2,0,0.21380342543125153
subject_05:sample_0000589,5,589,0,2,0,2,0,2,0,0.19225697219371796,2,0,0.18722103536128998,2,0,0.1982659548521042,2,0,0.20760594308376312,2,0,0.21464909613132477
subject_05:sample_0000590,5,590,0,2,0,2,0,2,0,0.1924745887517929,2,0,0.18621781468391418,2,0,0.19836153090000153,2,0,0.20779602229595184,2,0,0.21514901518821716
subject_05:sample_0000591,5,591,0,2,0,2,0,2,0,0.1925506740808487,2,0,0.18570485711097717,2,0,0.19845928251743317,2,0,0.2079945206642151,2,0,0.21528968214988708
subject_05:sample_0000592,5,592,0,2,0,2,0,2,0,0.19214846193790436,2,0,0.18511611223220825,2,0,0.19880647957324982,2,0,0.20854340493679047,2,0,0.2153846025466919
subject_05:sample_0000593,5,593,0,2,0,2,0,2,0,0.1910884827375412,2,0,0.1843843013048172,2,0,0.19948861002922058,2,0,0.2094920575618744,2,0,0.21554554998874664
subject_05:sample_0000594,5,594,0,2,0,2,0,2,0,0.19106845557689667,2,0,0.18382465839385986,2,0,0.1998658925294876,2,0,0.210237517952919,2,0,0.21500250697135925
subject_05:sample_0000595,5,595,0,2,0,2,0,2,0,0.1918666809797287,2,0,0.18349573016166687,2,0,0.20005013048648834,2,0,0.210778146982193,2,0,0.2138083577156067
subject_05:sample_0000596,5,596,0,2,0,2,0,2,0,0.19244706630706787,2,0,0.18324190378189087,2,0,0.20002326369285583,2,0,0.2108166515827179,2,0,0.21347014605998993
subject_05:sample_0000597,5,597,0,2,0,2,0,2,0,0.19304633140563965,2,0,0.18311011791229248,2,0,0.19991318881511688,2,0,0.21070373058319092,2,0,0.21322570741176605
subject_05:sample_0000598,5,598,0,2,0,2,0,2,0,0.19299335777759552,2,0,0.1829836070537567,2,0,0.19981200993061066,2,0,0.2103150188922882,2,0,0.2138950228691101
subject_05:sample_0000599,5,599,0,2,0,2,0,2,0,0.19349296391010284,2,0,0.18280139565467834,2,0,0.19941124320030212,2,0,0.20900441706180573,2,0,0.21528908610343933
subject_05:sample_0000600,5,600,0,2,0,2,0,2,0,0.195108562707901,2,0,0.1831962615251541,2,0,0.19909217953681946,2,0,0.20692658424377441,2,0,0.21567541360855103
subject_05:sample_0000601,5,601,0,2,0,2,0,2,0,0.19562476873397827,2,0,0.18421965837478638,2,0,0.19889792799949646,2,0,0.20446744561195374,2,0,0.21678917109966278
subject_05:sample_0000602,5,602,0,2,0,2,0,2,0,0.19613325595855713,2,0,0.1851053088903427,2,0,0.19946956634521484,2,0,0.20333507657051086,2,0,0.21595582365989685
subject_05:sample_0000603,5,603,0,2,0,2,0,2,0,0.19710403680801392,2,0,0.18759624660015106,2,0,0.20150534808635712,2,0,0.20218785107135773,2,0,0.21160556375980377
subject_05:sample_0000604,5,604,0,2,0,2,0,2,0,0.19686008989810944,2,0,0.19007207453250885,2,0,0.20207417011260986,2,0,0.20225968956947327,2,0,0.20873308181762695
subject_05:sample_0000605,5,605,0,2,0,2,0,2,0,0.19661052525043488,2,0,0.1906181126832962,2,0,0.202275350689888,2,0,0.2024439424276352,2,0,0.20805105566978455
subject_05:sample_0000606,5,606,0,2,0,2,0,2,0,0.19612862169742584,2,0,0.19109101593494415,2,0,0.20252582430839539,2,0,0.20286612212657928,2,0,0.20738749206066132
subject_05:sample_0000607,5,607,0,2,0,2,0,2,0,0.1958833932876587,2,0,0.19110630452632904,2,0,0.2027047872543335,2,0,0.20358891785144806,2,0,0.2067156881093979
subject_05:sample_0000608,5,608,0,2,0,2,0,2,0,0.19580870866775513,2,0,0.19112542271614075,2,0,0.20300275087356567,2,0,0.20373792946338654,2,0,0.2063242644071579
subject_05:sample_0000609,5,609,0,2,0,2,0,2,0,0.19577598571777344,2,0,0.1909526288509369,2,0,0.20338140428066254,2,0,0.20335547626018524,2,0,0.2065335214138031
subject_05:sample_0000610,5,610,0,2,0,2,0,2,0,0.19534632563591003,2,0,0.19130660593509674,2,0,0.20362989604473114,2,0,0.20322254300117493,2,0,0.20649367570877075
subject_05:sample_0000611,5,611,0,2,0,2,0,2,0,0.19521838426589966,2,0,0.1913297325372696,2,0,0.20376300811767578,2,0,0.2031950056552887,2,0,0.20649297535419464
subject_05:sample_0000612,5,612,0,2,0,2,0,2,0,0.1953326165676117,2,0,0.1908014416694641,2,0,0.20379072427749634,2,0,0.2035403996706009,2,0,0.20653387904167175
subject_05:sample_0000613,5,613,0,2,0,2,0,2,0,0.19590134918689728,2,0,0.19026029109954834,2,0,0.20369383692741394,2,0,0.20359110832214355,2,0,0.2065524309873581
subject_05:sample_0000614,5,614,0,2,0,2,0,2,0,0.19662849605083466,2,0,0.18963466584682465,2,0,0.20356842875480652,2,0,0.20362678170204163,2,0,0.20654067397117615
subject_05:sample_0000615,5,615,0,2,0,2,0,2,0,0.1972816288471222,2,0,0.1893143355846405,2,0,0.20344625413417816,2,0,0.20346026122570038,2,0,0.20649658143520355
subject_05:sample_0000616,5,616,0,2,0,2,0,2,0,0.19725628197193146,2,0,0.1892644166946411,2,0,0.20349733531475067,2,0,0.2032231092453003,2,0,0.20675793290138245
subject_05:sample_0000617,5,617,0,2,0,2,0,2,0,0.1966535598039627,2,0,0.18901470303535461,2,0,0.20365117490291595,2,0,0.20345300436019897,2,0,0.20722658932209015
subject_05:sample_0000618,5,618,0,2,0,2,0,2,0,0.19529443979263306,2,0,0.18892647325992584,2,0,0.20390330255031586,2,0,0.20441603660583496,2,0,0.2074587196111679
subject_05:sample_0000619,5,619,0,2,0,2,0,2,0,0.19279491901397705,2,0,0.18872465193271637,2,0,0.20438461005687714,2,0,0.20591716468334198,2,0,0.20817765593528748
subject_05:sample_0000620,5,620,0,2,0,2,0,2,0,0.19069957733154297,2,0,0.18894249200820923,2,0,0.20510362088680267,2,0,0.20623913407325745,2,0,0.20901426672935486
subject_05:sample_0000621,5,621,0,2,0,2,0,2,0,0.18903374671936035,2,0,0.18936097621917725,2,0,0.20595315098762512,2,0,0.20570120215415955,2,0,0.20994995534420013
subject_05:sample_0000622,5,622,0,2,0,2,0,2,0,0.18695643544197083,2,0,0.1901388019323349,2,0,0.20700009167194366,2,0,0.20494766533374786,2,0,0.21095606684684753
subject_05:sample_0000623,5,623,0,2,0,2,0,2,0,0.18481026589870453,2,0,0.1912188082933426,2,0,0.2080603986978531,2,0,0.20400822162628174,2,0,0.21190130710601807
subject_05:sample_0000624,5,624,0,2,0,2,0,2,0,0.18319787085056305,2,0,0.19219352304935455,2,0,0.20902693271636963,2,0,0.2030966579914093,2,0,0.21248400211334229
subject_05:sample_0000625,5,625,0,2,0,2,0,2,0,0.1818924993276596,2,0,0.1928555965423584,2,0,0.20972146093845367,2,0,0.20263735949993134,2,0,0.21289215981960297
subject_05:sample_0000626,5,626,0,2,0,2,0,2,0,0.18083150684833527,2,0,0.19321635365486145,2,0,0.21006743609905243,2,0,0.20279820263385773,2,0,0.21308551728725433
subject_05:sample_0000627,5,627,0,2,0,2,0,2,0,0.17988137900829315,2,0,0.19346392154693604,2,0,0.21013835072517395,2,0,0.20357277989387512,2,0,0.21294257044792175
subject_05:sample_0000628,5,628,0,2,0,2,0,2,0,0.17916055023670197,2,0,0.1936090737581253,2,0,0.21000567078590393,2,0,0.20446714758872986,2,0,0.21275655925273895
subject_05:sample_0000629,5,629,0,2,0,2,0,2,0,0.17862427234649658,2,0,0.19376832246780396,2,0,0.20973634719848633,2,0,0.2054901123046875,2,0,0.21237991750240326
subject_05:sample_0000630,5,630,0,2,0,2,0,2,0,0.17787177860736847,2,0,0.1934397965669632,2,0,0.20877893269062042,2,0,0.20878233015537262,2,0,0.21112622320652008
subject_05:sample_0000631,5,631,0,2,0,2,0,2,0,0.17739459872245789,2,0,0.19323183596134186,2,0,0.20801393687725067,2,0,0.21112701296806335,2,0,0.21023166179656982
subject_05:sample_0000632,5,632,0,2,0,2,0,2,0,0.17773514986038208,2,0,0.19356749951839447,2,0,0.2078196257352829,2,0,0.21084114909172058,2,0,0.21003559231758118
subject_05:sample_0000633,5,633,0,2,0,2,0,2,0,0.178322434425354,2,0,0.1938672959804535,2,0,0.2075074315071106,2,0,0.2105983942747116,2,0,0.2097034454345703
subject_05:sample_0000634,5,634,0,2,0,2,0,2,0,0.17921823263168335,2,0,0.19378364086151123,2,0,0.20656272768974304,2,0,0.2116050124168396,2,0,0.2088293731212616
subject_05:sample_0000635,5,635,0,2,0,2,0,2,0,0.18092861771583557,2,0,0.19415122270584106,2,0,0.20599928498268127,2,0,0.21041443943977356,2,0,0.20850545167922974
subject_05:sample_0000636,5,636,0,2,0,2,0,2,0,0.18207646906375885,2,0,0.19423434138298035,2,0,0.20545659959316254,2,0,0.20985279977321625,2,0,0.20837879180908203
subject_05:sample_0000637,5,637,0,2,0,2,0,2,0,0.18321359157562256,2,0,0.1940169781446457,2,0,0.204871267080307,2,0,0.20923443138599396,2,0,0.20866282284259796
subject_05:sample_0000638,5,638,0,2,0,2,0,2,0,0.18370994925498962,2,0,0.19370704889297485,2,0,0.20443731546401978,2,0,0.2086382955312729,2,0,0.20950646698474884
subject_05:sample_0000639,5,639,0,2,0,2,0,2,0,0.18389678001403809,2,0,0.1933685839176178,2,0,0.20412199199199677,2,0,0.2080686390399933,2,0,0.21054305136203766
subject_05:sample_0000640,5,640,0,2,0,2,0,2,0,0.18383219838142395,2,0,0.19327831268310547,2,0,0.2045915275812149,2,0,0.20816569030284882,2,0,0.21013130247592926
subject_05:sample_0000641,5,641,0,2,0,2,0,2,0,0.18219909071922302,2,0,0.19138705730438232,2,0,0.20632757246494293,2,0,0.20932617783546448,2,0,0.21075917780399323
subject_05:sample_0000642,5,642,0,2,0,2,0,2,0,0.17502297461032867,2,0,0.18649610877037048,2,0,0.21084661781787872,2,0,0.21313166618347168,2,0,0.21450164914131165
subject_05:sample_0000643,5,643,0,2,0,2,0,2,0,0.15821422636508942,2,0,0.16461656987667084,2,0,0.22409102320671082,2,0,0.22564579546451569,2,0,0.22743137180805206
subject_05:sample_0000644,5,644,0,2,0,2,0,0,1,0.16328521072864532,0,1,0.1609136164188385,2,0,0.22482159733772278,2,0,0.2257194221019745,2,0,0.2252592146396637
subject_05:sample_0000645,5,645,0,2,0,2,0,0,1,0.1652001291513443,0,1,0.16260167956352234,2,0,0.2243642956018448,2,0,0.22499020397663116,2,0,0.2228427529335022
subject_05:sample_0000646,5,646,0,2,0,2,0,0,1,0.16544130444526672,0,1,0.1627088487148285,2,0,0.22453804314136505,2,0,0.2250460833311081,2,0,0.22226473689079285
subject_05:sample_0000647,5,647,0,2,0,2,0,0,1,0.16571320593357086,0,1,0.1631632149219513,2,0,0.22484369575977325,2,0,0.22511544823646545,2,0,0.22116346657276154
subject_05:sample_0000648,5,648,0,2,0,2,0,0,1,0.1661582887172699,0,1,0.16415388882160187,2,0,0.22460971772670746,2,0,0.22488155961036682,2,0,0.22019560635089874
subject_05:sample_0000649,5,649,0,2,0,2,0,0,1,0.1668040156364441,0,1,0.165383979678154,2,0,0.22439518570899963,2,0,0.22509317100048065,2,0,0.2183227241039276
subject_05:sample_0000650,5,650,0,2,0,2,0,0,1,0.1675267070531845,0,1,0.16659079492092133,2,0,0.22380873560905457,2,0,0.22507742047309875,2,0,0.21699537336826324
subject_05:sample_0000651,5,651,0,2,0,2,0,0,1,0.168485626578331,0,1,0.16787707805633545,2,0,0.22300967574119568,2,0,0.22521276772022247,2,0,0.21541395783424377
subject_05:sample_0000652,5,652,0,2,0,2,0,0,1,0.16999176144599915,0,1,0.16975586116313934,2,0,0.221658393740654,2,0,0.22598816454410553,2,0,0.2126048356294632
subject_05:sample_0000653,5,653,0,2,0,2,0,0,1,0.1719071865081787,0,1,0.17187190055847168,2,0,0.22070206701755524,2,0,0.22725528478622437,2,0,0.208262637257576
subject_05:sample_0000654,5,654,0,2,0,2,0,0,1,0.17503085732460022,0,1,0.17503689229488373,2,0,0.2201998084783554,2,0,0.23014892637729645,2,0,0.1995825320482254
subject_05:sample_0000655,5,655,0,2,0,2,0,0,1,0.17652656137943268,0,1,0.17611567676067352,2,0,0.22004319727420807,2,0,0.230901300907135,2,0,0.19641231000423431
subject_05:sample_0000656,5,656,0,2,0,2,0,0,1,0.17899535596370697,0,1,0.1781490445137024,2,0,0.2194848507642746,2,0,0.23237384855747223,2,0,0.190995991230011
subject_05:sample_0000657,5,657,0,2,0,2,0,0,1,0.18097956478595734,0,1,0.17930163443088531,2,0,0.21853426098823547,2,0,0.23227745294570923,2,0,0.18890616297721863
subject_05:sample_0000658,5,658,0,0,1,2,0,0,1,0.18350952863693237,0,1,0.18157149851322174,2,0,0.2135278880596161,2,0,0.23349452018737793,0,1,0.18789558112621307
subject_05:sample_0000659,5,659,0,0,1,2,0,0,1,0.1856318563222885,0,1,0.18324032425880432,2,0,0.20648187398910522,2,0,0.2329654097557068,0,1,0.19167953729629517
subject_05:sample_0000660,5,660,0,0,1,2,0,0,1,0.18827477097511292,0,1,0.18508373200893402,2,0,0.19992196559906006,2,0,0.23111066222190857,0,1,0.19560787081718445
subject_05:sample_0000661,5,661,0,0,1,2,0,0,1,0.1896553486585617,0,1,0.18510885536670685,2,0,0.20242896676063538,2,0,0.22702474892139435,0,1,0.1957811415195465
subject_05:sample_0000662,5,662,0,0,1,2,0,0,1,0.190084308385849,0,1,0.18346942961215973,2,0,0.21108300983905792,2,0,0.22074252367019653,0,1,0.19461975991725922
subject_05:sample_0000663,5,663,0,0,1,2,0,0,1,0.19120095670223236,0,1,0.1821897178888321,2,0,0.21654535830020905,2,0,0.21617498993873596,0,1,0.19388805329799652
subject_05:sample_0000664,5,664,0,2,0,1,0,0,1,0.1970748007297516,1,0,0.1814526617527008,2,0,0.2165098786354065,2,0,0.2135852873325348,1,0,0.19137641787528992
subject_05:sample_0000665,5,665,0,1,0,1,0,0,1,0.2147640585899353,1,0,0.17980261147022247,1,0,0.20529866218566895,1,0,0.2118849903345108,1,0,0.18824870884418488
subject_05:sample_0000666,5,666,0,1,0,1,0,0,1,0.23203878104686737,1,0,0.17863929271697998,1,0,0.19477605819702148,1,0,0.20893657207489014,1,0,0.185608372092247
subject_05:sample_0000667,5,667,0,1,0,1,0,0,1,0.24273622035980225,1,0,0.17717218399047852,1,0,0.1901518702507019,1,0,0.20792752504348755,1,0,0.18201127648353577
subject_05:sample_0000668,5,668,0,1,0,1,0,1,0,0.24782638251781464,1,0,0.17712965607643127,1,0,0.18805114924907684,1,0,0.20695465803146362,1,0,0.18003715574741364
subject_05:sample_0000669,5,669,0,1,0,1,0,1,0,0.24635277688503265,1,0,0.17998960614204407,1,0,0.18750068545341492,1,0,0.2067938894033432,1,0,0.17936210334300995
subject_05:sample_0000670,5,670,0,1,0,1,0,1,0,0.24284407496452332,1,0,0.18301697075366974,1,0,0.18790803849697113,1,0,0.2073264867067337,1,0,0.1789034605026245
subject_05:sample_0000671,5,671,0,1,0,1,0,1,0,0.24322082102298737,1,0,0.18430742621421814,1,0,0.18743662536144257,1,0,0.20686736702919006,1,0,0.17816679179668427
subject_05:sample_0000672,5,672,0,1,0,1,0,1,0,0.23956233263015747,1,0,0.1866583675146103,1,0,0.18802177906036377,1,0,0.2070724070072174,1,0,0.17868413031101227
subject_05:sample_0000673,5,673,0,1,0,1,0,1,0,0.2405649870634079,1,0,0.18676725029945374,1,0,0.18763503432273865,1,0,0.20684704184532166,1,0,0.17818479239940643
subject_05:sample_0000674,5,674,0,1,0,1,0,1,0,0.18301810324192047,1,0,0.2600462734699249,1,0,0.18159088492393494,1,0,0.18862631916999817,1,0,0.1867174655199051
subject_05:sample_0000675,5,675,0,1,0,1,0,1,0,0.1840648204088211,1,0,0.2566038966178894,1,0,0.18243524432182312,1,0,0.18942216038703918,1,0,0.18747290968894958
subject_05:sample_0000676,5,676,0,1,0,1,0,1,0,0.18594540655612946,1,0,0.2514813244342804,1,0,0.18388338387012482,1,0,0.190406933426857,1,0,0.18828196823596954
subject_05:sample_0000677,5,677,0,1,0,1,0,1,0,0.18785826861858368,1,0,0.24766172468662262,1,0,0.1852237582206726,1,0,0.1907271146774292,1,0,0.1885281801223755
subject_05:sample_0000678,5,678,0,1,0,1,0,1,0,0.19057747721672058,1,0,0.24237631261348724,1,0,0.1867731809616089,1,0,0.19151774048805237,1,0,0.1887543648481369
subject_05:sample_0000679,5,679,0,1,0,1,0,1,0,0.1932162344455719,1,0,0.23840077221393585,1,0,0.18759910762310028,1,0,0.19195780158042908,1,0,0.18882519006729126
subject_05:sample_0000680,5,680,0,1,0,1,0,1,0,0.19569611549377441,1,0,0.23601308465003967,1,0,0.18771466612815857,1,0,0.19179509580135345,1,0,0.18878008425235748
subject_05:sample_0000681,5,681,0,1,0,1,0,1,0,0.19772538542747498,1,0,0.23419255018234253,1,0,0.1877220720052719,1,0,0.1915706843137741,1,0,0.18878835439682007
subject_05:sample_0000682,5,682,0,1,0,1,0,1,0,0.19891926646232605,1,0,0.23314276337623596,1,0,0.18774102628231049,1,0,0.191426619887352,1,0,0.1887694150209427
subject_05:sample_0000683,5,683,0,1,0,1,0,1,0,0.19988968968391418,1,0,0.23054204881191254,1,0,0.18823468685150146,1,0,0.19237741827964783,1,0,0.18895521759986877
subject_05:sample_0000684,5,684,0,1,0,1,0,1,0,0.20086367428302765,1,0,0.22666896879673004,1,0,0.18950754404067993,1,0,0.19383877515792847,1,0,0.1891201287508011
subject_05:sample_0000685,5,685,0,1,0,1,0,1,0,0.2017059475183487,1,0,0.22371001541614532,1,0,0.19070351123809814,1,0,0.19482603669166565,1,0,0.18905358016490936
subject_05:sample_0000686,5,686,0,1,0,1,0,1,0,0.2022005021572113,1,0,0.22174938023090363,1,0,0.19176939129829407,1,0,0.19558808207511902,1,0,0.18869175016880035
subject_05:sample_0000687,5,687,0,1,0,1,0,1,0,0.20276258885860443,1,0,0.2189941108226776,1,0,0.19323207437992096,1,0,0.19665513932704926,1,0,0.18835516273975372
subject_05:sample_0000688,5,688,0,1,0,1,0,1,0,0.20375119149684906,1,0,0.21499797701835632,1,0,0.19499875605106354,1,0,0.1979427933692932,1,0,0.18830831348896027
subject_05:sample_0000689,5,689,0,1,0,1,0,1,0,0.20415182411670685,1,0,0.2129601687192917,1,0,0.1961071640253067,1,0,0.19857625663280487,1,0,0.1882035732269287
subject_05:sample_0000690,5,690,0,1,0,1,0,1,0,0.20414891839027405,1,0,0.21216394007205963,1,0,0.1965750753879547,1,0,0.19881261885166168,1,0,0.18829844892024994
subject_05:sample_0000691,5,691,0,1,0,1,0,1,0,0.2046564370393753,1,0,0.2112017273902893,1,0,0.19676151871681213,1,0,0.19880102574825287,1,0,0.1885783076286316
subject_05:sample_0000692,5,692,0,1,0,1,0,1,0,0.20542490482330322,1,0,0.20997993648052216,1,0,0.19701527059078217,1,0,0.1987762153148651,1,0,0.18880270421504974
subject_05:sample_0000693,5,693,0,1,0,1,0,1,0,0.20641905069351196,1,0,0.20802469551563263,1,0,0.19744473695755005,1,0,0.19896459579467773,1,0,0.18914595246315002
subject_05:sample_0000694,5,694,0,1,0,1,0,1,0,0.2068398892879486,1,0,0.20739640295505524,1,0,0.19777490198612213,1,0,0.19874849915504456,1,0,0.18923938274383545
subject_05:sample_0000695,5,695,0,1,0,1,0,1,0,0.2072320431470871,1,0,0.20723317563533783,1,0,0.19728149473667145,1,0,0.19799436628818512,1,0,0.19025787711143494
subject_05:sample_0000696,5,696,0,1,0,1,0,1,0,0.20777177810668945,1,0,0.20925576984882355,1,0,0.1959894448518753,1,0,0.19646023213863373,1,0,0.19052183628082275
subject_05:sample_0000697,5,697,0,1,0,1,0,1,0,0.20943236351013184,1,0,0.21221596002578735,1,0,0.1942114233970642,1,0,0.19468837976455688,1,0,0.18945090472698212
subject_05:sample_0000698,5,698,0,1,0,1,0,1,0,0.21170859038829803,1,0,0.21591775119304657,1,0,0.19265936315059662,1,0,0.19375868141651154,1,0,0.18595461547374725
subject_05:sample_0000699,5,699,0,1,0,1,0,1,0,0.21586239337921143,1,0,0.21750988066196442,1,0,0.19131691753864288,1,0,0.19526724517345428,1,0,0.18004266917705536
subject_05:sample_0000700,5,700,0,1,0,1,0,1,0,0.219583198428154,1,0,0.21790242195129395,1,0,0.18804356455802917,1,0,0.20040753483772278,1,0,0.17406238615512848
subject_05:sample_0000701,5,701,0,1,0,1,0,1,0,0.2214020937681198,1,0,0.21696704626083374,1,0,0.18378283083438873,1,0,0.20846112072467804,1,0,0.16938595473766327
subject_05:sample_0000702,5,702,0,1,0,1,0,1,0,0.22393201291561127,1,0,0.2151619791984558,1,0,0.17708301544189453,1,0,0.2194739133119583,1,0,0.16434819996356964
subject_05:sample_0000703,5,703,0,1,0,1,0,1,0,0.22372642159461975,1,0,0.21406500041484833,1,0,0.17142833769321442,1,0,0.22904857993125916,1,0,0.16173069179058075
subject_05:sample_0000704,5,704,0,1,0,1,0,0,1,0.21857203543186188,1,0,0.21980717778205872,1,0,0.171648308634758,1,0,0.2260952889919281,1,0,0.1638762503862381
subject_05:sample_0000705,5,705,0,1,0,1,0,0,1,0.21374459564685822,1,0,0.22079861164093018,1,0,0.17519381642341614,0,1,0.2209509164094925,1,0,0.16931115090847015
subject_05:sample_0000706,5,706,0,0,1,0,1,0,1,0.20596861839294434,0,1,0.21695464849472046,1,0,0.18511071801185608,0,1,0.20993444323539734,1,0,0.18203066289424896
subject_05:sample_0000707,5,707,0,0,1,0,1,0,1,0.20101478695869446,0,1,0.21381151676177979,1,0,0.19105678796768188,0,1,0.20254962146282196,1,0,0.1915663331747055
subject_05:sample_0000708,5,708,0,0,1,0,1,0,1,0.19900692999362946,0,1,0.21098943054676056,0,1,0.19476747512817383,0,1,0.1978851854801178,0,1,0.19734998047351837
subject_05:sample_0000709,5,709,0,0,1,0,1,0,1,0.1978197991847992,0,1,0.20899778604507446,0,1,0.19753894209861755,0,1,0.19500380754470825,0,1,0.20063866674900055
subject_05:sample_0000710,5,710,0,0,1,0,1,0,1,0.19771431386470795,0,1,0.20759068429470062,0,1,0.2002674788236618,0,1,0.19226068258285522,0,1,0.2021658569574356
subject_05:sample_0000711,5,711,0,0,1,0,1,0,1,0.19699321687221527,0,1,0.2076161503791809,0,1,0.20121803879737854,0,1,0.1919647604227066,0,1,0.20220689475536346
subject_05:sample_0000712,5,712,0,0,1,0,1,0,1,0.19599264860153198,0,1,0.2081911712884903,0,1,0.2018977254629135,0,1,0.1918685883283615,0,1,0.20204895734786987
subject_05:sample_0000713,5,713,0,0,1,0,1,0,1,0.19445490837097168,0,1,0.20883680880069733,0,1,0.2019820660352707,0,1,0.19291585683822632,0,1,0.20180946588516235
subject_05:sample_0000714,5,714,0,0,1,0,1,0,1,0.19372597336769104,0,1,0.2096989005804062,0,1,0.20087161660194397,0,1,0.19485297799110413,0,1,0.20084960758686066
subject_05:sample_0000715,5,715,0,0,1,0,1,0,1,0.1952623575925827,0,1,0.2130991369485855,1,0,0.196898952126503,0,1,0.19621653854846954,1,0,0.19852203130722046
subject_05:sample_0000716,5,716,0,1,0,1,0,1,0,0.18838438391685486,2,0,0.22606056928634644,1,0,0.18672433495521545,0,1,0.20594263076782227,1,0,0.19288712739944458
subject_05:sample_0000717,5,717,0,1,0,1,0,1,0,0.17595399916172028,2,0,0.24490326642990112,1,0,0.17654892802238464,1,0,0.21671146154403687,1,0,0.18588140606880188
subject_05:sample_0000718,5,718,0,1,0,1,0,1,0,0.17190055549144745,2,0,0.26259344816207886,1,0,0.17175711691379547,1,0,0.21192015707492828,1,0,0.18182776868343353
subject_05:sample_0000719,5,719,0,1,0,1,0,1,0,0.17278552055358887,2,0,0.28294837474823,1,0,0.17074207961559296,1,0,0.19514183700084686,1,0,0.17838121950626373
subject_05:sample_0000720,5,720,0,1,0,1,0,1,0,0.17583219707012177,2,0,0.2980771064758301,1,0,0.1723804622888565,1,0,0.18107494711875916,1,0,0.1726343184709549
subject_05:sample_0000721,5,721,0,1,0,1,0,1,0,0.17837178707122803,2,0,0.3068431615829468,1,0,0.17462566494941711,1,0,0.1727345734834671,1,0,0.16742391884326935
subject_05:sample_0000722,5,722,0,1,0,1,0,1,0,0.18109077215194702,2,0,0.3096991777420044,1,0,0.17736418545246124,1,0,0.16800664365291595,1,0,0.1638382375240326
subject_05:sample_0000723,5,723,0,1,0,1,0,1,0,0.1847965270280838,2,0,0.3068755567073822,1,0,0.18052524328231812,1,0,0.16578346490859985,1,0,0.162018284201622
subject_05:sample_0000724,5,724,0,1,0,2,0,1,0,0.19120380282402039,2,0,0.3002159297466278,1,0,0.18359217047691345,1,0,0.16405758261680603,1,0,0.16092947125434875
subject_05:sample_0000725,5,725,0,1,0,1,0,1,0,0.18949538469314575,2,0,0.30364030599594116,1,0,0.18413470685482025,1,0,0.1628514677286148,1,0,0.159877210855484
subject_05:sample_0000726,5,726,0,1,0,2,0,1,0,0.1902300864458084,2,0,0.30042949318885803,1,0,0.18674510717391968,1,0,0.1625417172908783,1,0,0.16005262732505798
subject_05:sample_0000727,5,727,0,1,0,1,0,1,0,0.1871979832649231,2,0,0.29963821172714233,1,0,0.1886432021856308,1,0,0.16325558722019196,1,0,0.16126401722431183
subject_05:sample_0000728,5,728,0,1,0,1,0,1,0,0.18186330795288086,2,0,0.3003667891025543,1,0,0.19161993265151978,1,0,0.16381123661994934,1,0,0.16233770549297333
subject_05:sample_0000729,5,729,0,1,0,1,0,1,0,0.17596304416656494,2,0,0.30284395813941956,1,0,0.19439823925495148,1,0,0.16413447260856628,1,0,0.16265934705734253
subject_05:sample_0000730,5,730,0,1,0,1,0,1,0,0.17294271290302277,2,0,0.30123475193977356,1,0,0.19849324226379395,1,0,0.16435123980045319,1,0,0.16297708451747894
subject_05:sample_0000731,5,731,0,1,0,1,0,1,0,0.17240674793720245,2,0,0.2948988080024719,1,0,0.20341689884662628,1,0,0.16512314975261688,1,0,0.16415344178676605
subject_05:sample_0000732,5,732,0,1,0,1,0,1,0,0.1728726476430893,2,0,0.2866012156009674,1,0,0.20889250934123993,1,0,0.16609327495098114,1,0,0.1655394285917282
subject_05:sample_0000733,5,733,0,1,0,1,0,1,0,0.16865785419940948,2,0,0.2855280339717865,1,0,0.2127736508846283,1,0,0.1676407903432846,1,0,0.1653987020254135
subject_05:sample_0000734,5,734,0,1,0,1,0,1,0,0.16750004887580872,2,0,0.2772035300731659,1,0,0.21909743547439575,1,0,0.17044734954833984,1,0,0.1657506376504898
subject_05:sample_0000735,5,735,0,1,0,2,0,1,0,0.17266930639743805,2,0,0.26037970185279846,1,0,0.22626405954360962,1,0,0.17409612238407135,1,0,0.1665899157524109
subject_05:sample_0000736,5,736,0,1,0,2,0,1,0,0.17552751302719116,2,0,0.2516636252403259,1,0,0.22670291364192963,1,0,0.18022674322128296,1,0,0.16587822139263153
subject_05:sample_0000737,5,737,0,1,0,2,0,1,0,0.1743500530719757,2,0,0.2462054193019867,2,0,0.22550463676452637,1,0,0.18894846737384796,1,0,0.16499045491218567
subject_05:sample_0000738,5,738,0,1,0,2,0,1,0,0.17866291105747223,2,0,0.23757202923297882,2,0,0.21961206197738647,1,0,0.19969774782657623,1,0,0.16445426642894745
subject_05:sample_0000739,5,739,0,2,0,2,0,1,0,0.1830729842185974,2,0,0.2299855351448059,2,0,0.2106366604566574,2,0,0.21016618609428406,1,0,0.1661376655101776
subject_05:sample_0000740,5,740,0,2,0,2,0,1,0,0.19413898885250092,2,0,0.22591620683670044,0,1,0.20193926990032196,2,0,0.20908860862255096,1,0,0.1689160168170929
subject_05:sample_0000741,5,741,0,0,1,2,0,0,1,0.20080697536468506,2,0,0.22425436973571777,0,1,0.19731809198856354,0,1,0.20251615345478058,1,0,0.17510347068309784
subject_05:sample_0000742,5,742,0,0,1,2,0,0,1,0.20131924748420715,2,0,0.2195521742105484,0,1,0.19627876579761505,0,1,0.19999657571315765,1,0,0.18285232782363892
subject_05:sample_0000743,5,743,0,0,1,2,0,0,1,0.2015276700258255,2,0,0.21423281729221344,0,1,0.1951674222946167,0,1,0.19857457280158997,1,0,0.1904965192079544
subject_05:sample_0000744,5,744,0,0,1,2,0,0,1,0.20233075320720673,2,0,0.20777171850204468,0,1,0.19543734192848206,0,1,0.19813495874404907,0,1,0.19632425904273987
subject_05:sample_0000745,5,745,0,0,1,0,1,0,1,0.20301277935504913,0,1,0.20428800582885742,0,1,0.19588671624660492,0,1,0.19796207547187805,0,1,0.19884946942329407
subject_05:sample_0000746,5,746,0,0,1,0,1,0,1,0.20113705098628998,0,1,0.20594705641269684,0,1,0.19546905159950256,0,1,0.19715505838394165,0,1,0.20029082894325256
subject_05:sample_0000747,5,747,0,0,1,0,1,0,1,0.1995723992586136,0,1,0.20606353878974915,0,1,0.1956019401550293,0,1,0.19723930954933167,0,1,0.2015218436717987
subject_05:sample_0000748,5,748,0,0,1,0,1,0,1,0.19871598482131958,0,1,0.2056245505809784,0,1,0.1957119107246399,0,1,0.19734646379947662,0,1,0.2026001662015915
subject_05:sample_0000749,5,749,0,0,1,0,1,0,1,0.1987197995185852,0,1,0.2053477019071579,0,1,0.19563616812229156,0,1,0.1970963031053543,0,1,0.203199103474617
subject_05:sample_0000750,5,750,0,0,1,0,1,0,1,0.19905118644237518,0,1,0.2055494636297226,0,1,0.1954880952835083,0,1,0.19671998918056488,0,1,0.20319031178951263
subject_05:sample_0000751,5,751,0,0,1,0,1,0,1,0.19937406480312347,0,1,0.20551425218582153,0,1,0.19535231590270996,0,1,0.1964913308620453,0,1,0.20326699316501617
subject_05:sample_0000752,5,752,0,0,1,0,1,0,1,0.1990569531917572,0,1,0.20784834027290344,0,1,0.19497805833816528,0,1,0.1957792043685913,0,1,0.20233646035194397
subject_05:sample_0000753,5,753,0,0,1,0,1,0,1,0.19921410083770752,0,1,0.20874696969985962,0,1,0.19513364136219025,0,1,0.19543954730033875,0,1,0.20146483182907104
subject_05:sample_0000754,5,754,0,0,1,0,1,0,1,0.19920557737350464,0,1,0.2093360424041748,0,1,0.19527888298034668,0,1,0.1952282041311264,0,1,0.20095038414001465
subject_05:sample_0000755,5,755,0,0,1,0,1,0,1,0.19881108403205872,0,1,0.2100856751203537,0,1,0.19532141089439392,0,1,0.19509845972061157,0,1,0.20068243145942688
subject_05:sample_0000756,5,756,0,0,1,0,1,0,1,0.19842283427715302,0,1,0.2106103152036667,0,1,0.19543670117855072,0,1,0.19510798156261444,0,1,0.20042115449905396
subject_05:sample_0000757,5,757,0,0,1,0,1,0,1,0.19796666502952576,0,1,0.21062536537647247,0,1,0.1959703117609024,0,1,0.1957792490720749,0,1,0.19965746998786926
subject_05:sample_0000758,5,758,0,0,1,0,1,0,1,0.1980808675289154,0,1,0.21039408445358276,0,1,0.1965947449207306,0,1,0.19596877694129944,0,1,0.19896061718463898
subject_05:sample_0000759,5,759,0,0,1,0,1,0,1,0.19865036010742188,0,1,0.21016019582748413,0,1,0.19688773155212402,0,1,0.19562603533267975,0,1,0.19867472350597382
subject_05:sample_0000760,5,760,0,0,1,0,1,0,1,0.19820088148117065,0,1,0.20960170030593872,0,1,0.19763071835041046,0,1,0.19640161097049713,0,1,0.19816407561302185
subject_05:sample_0000761,5,761,0,0,1,0,1,0,1,0.19819805026054382,0,1,0.20927740633487701,0,1,0.19777321815490723,0,1,0.19671490788459778,0,1,0.19803541898727417
subject_05:sample_0000762,5,762,0,0,1,0,1,0,1,0.19837640225887299,0,1,0.20914795994758606,0,1,0.19761334359645844,0,1,0.1966206580400467,0,1,0.19824065268039703
subject_05:sample_0000763,5,763,0,0,1,0,1,0,1,0.1975659281015396,0,1,0.20844756066799164,0,1,0.19831092655658722,0,1,0.19742028415203094,0,1,0.1982542872428894
subject_05:sample_0000764,5,764,0,0,1,0,1,0,1,0.19826249778270721,0,1,0.20814356207847595,0,1,0.19673795998096466,0,1,0.19742682576179504,0,1,0.19942812621593475
subject_05:sample_0000765,5,765,0,0,1,0,1,0,1,0.19764557480812073,0,1,0.20681650936603546,0,1,0.19778743386268616,0,1,0.19846205413341522,0,1,0.19928739964962006
subject_05:sample_0000766,5,766,0,0,1,0,1,0,1,0.19763880968093872,0,1,0.20710860192775726,0,1,0.1976618468761444,0,1,0.1983976662158966,0,1,0.199192076921463
subject_05:sample_0000767,5,767,0,0,1,0,1,0,1,0.19911640882492065,0,1,0.20822250843048096,0,1,0.19577302038669586,0,1,0.19681376218795776,0,1,0.20007330179214478
subject_05:sample_0000768,5,768,0,0,1,0,1,0,1,0.20068711042404175,0,1,0.20877352356910706,0,1,0.19436264038085938,0,1,0.19515560567378998,0,1,0.20102019608020782
subject_05:sample_0000769,5,769,0,0,1,0,1,0,1,0.20156864821910858,0,1,0.20906996726989746,0,1,0.19364336133003235,0,1,0.19407770037651062,0,1,0.20163942873477936
subject_05:sample_0000770,5,770,0,0,1,0,1,0,1,0.20092368125915527,0,1,0.20878630876541138,0,1,0.19426976144313812,0,1,0.19457271695137024,0,1,0.20144657790660858
subject_05:sample_0000771,5,771,0,0,1,0,1,0,1,0.1977456510066986,0,1,0.20754419267177582,0,1,0.19775986671447754,0,1,0.19742773473262787,0,1,0.19952155649662018
subject_05:sample_0000772,5,772,0,0,1,0,1,0,1,0.1963278204202652,0,1,0.20540247857570648,0,1,0.20025475323200226,0,1,0.19888003170490265,0,1,0.1991339474916458
subject_05:sample_0000773,5,773,0,0,1,0,1,0,1,0.19577141106128693,0,1,0.20387116074562073,0,1,0.2014051377773285,0,1,0.19939100742340088,0,1,0.1995602697134018
subject_05:sample_0000774,5,774,0,0,1,0,1,0,1,0.19531287252902985,0,1,0.20413346588611603,0,1,0.20159761607646942,0,1,0.19943195581436157,0,1,0.19952312111854553
subject_05:sample_0000775,5,775,0,0,1,0,1,0,1,0.1952693611383438,0,1,0.20419101417064667,0,1,0.20161326229572296,0,1,0.19925329089164734,0,1,0.19967208802700043
subject_05:sample_0000776,5,776,0,0,1,0,1,0,1,0.19636380672454834,0,1,0.20304802060127258,0,1,0.20155349373817444,0,1,0.19906343519687653,0,1,0.1999702751636505
subject_05:sample_0000777,5,777,0,0,1,0,1,0,1,0.1975962221622467,0,1,0.20286309719085693,0,1,0.20115932822227478,0,1,0.1985064297914505,0,1,0.19987396895885468
subject_05:sample_0000778,5,778,0,0,1,0,1,0,1,0.1990208476781845,0,1,0.20272280275821686,0,1,0.20042644441127777,0,1,0.19771525263786316,0,1,0.20011375844478607
subject_05:sample_0000779,5,779,0,0,1,0,1,0,1,0.19951209425926208,0,1,0.20277820527553558,0,1,0.1995573490858078,0,1,0.19701240956783295,0,1,0.2011389434337616
subject_05:sample_0000780,5,780,0,0,1,0,1,0,1,0.19910453259944916,0,1,0.20286104083061218,0,1,0.19890491664409637,0,1,0.19652125239372253,0,1,0.20260733366012573
subject_05:sample_0000781,5,781,0,0,1,0,1,0,1,0.19853396713733673,0,1,0.20296144485473633,0,1,0.1981416791677475,0,1,0.19590310752391815,0,1,0.2044587880373001
subject_05:sample_0000782,5,782,0,0,1,0,1,0,1,0.1980200558900833,0,1,0.2035978138446808,0,1,0.19750292599201202,0,1,0.19534656405448914,0,1,0.20553165674209595
subject_05:sample_0000783,5,783,0,0,1,0,1,0,1,0.19758914411067963,0,1,0.20429761707782745,0,1,0.19716669619083405,0,1,0.19504830241203308,0,1,0.2058972716331482
subject_05:sample_0000784,5,784,0,0,1,0,1,0,1,0.19723844528198242,0,1,0.20474418997764587,0,1,0.1970008760690689,0,1,0.19487830996513367,0,1,0.20613721013069153
subject_05:sample_0000785,5,785,0,0,1,0,1,0,1,0.19698278605937958,0,1,0.20531319081783295,0,1,0.1968233585357666,0,1,0.19465488195419312,0,1,0.20622482895851135
subject_05:sample_0000786,5,786,0,0,1,0,1,0,1,0.19699673354625702,0,1,0.20569151639938354,0,1,0.19665315747261047,0,1,0.19444683194160461,0,1,0.20621080696582794
subject_05:sample_0000787,5,787,0,0,1,0,1,0,1,0.19730055332183838,0,1,0.20578235387802124,0,1,0.19653935730457306,0,1,0.1942729353904724,0,1,0.20610377192497253
subject_05:sample_0000788,5,788,0,0,1,0,1,0,1,0.19771045446395874,0,1,0.20573846995830536,0,1,0.19643083214759827,0,1,0.1941537857055664,0,1,0.20596548914909363
subject_05:sample_0000789,5,789,0,0,1,0,1,0,1,0.1983482837677002,0,1,0.20563793182373047,0,1,0.19629572331905365,0,1,0.19398771226406097,0,1,0.2057294398546219
subject_05:sample_0000790,5,790,0,0,1,0,1,0,1,0.19903337955474854,0,1,0.20553575456142426,0,1,0.19613927602767944,0,1,0.19381575286388397,0,1,0.2054748684167862
subject_05:sample_0000791,5,791,0,0,1,0,1,0,1,0.19927474856376648,0,1,0.20550264418125153,0,1,0.1960919201374054,0,1,0.193763867020607,0,1,0.205365851521492
subject_05:sample_0000792,5,792,0,0,1,0,1,0,1,0.19931702315807343,0,1,0.20549392700195312,0,1,0.1960907280445099,0,1,0.19376705586910248,0,1,0.2053302526473999
subject_05:sample_0000793,5,793,0,0,1,0,1,0,1,0.19922593235969543,0,1,0.2054479718208313,0,1,0.1961265355348587,0,1,0.1938420534133911,0,1,0.20535659790039062
subject_05:sample_0000794,5,794,0,0,1,0,1,0,1,0.19902652502059937,0,1,0.2054128348827362,0,1,0.19619669020175934,0,1,0.19397972524166107,0,1,0.20538321137428284
subject_05:sample_0000795,5,795,0,0,1,0,1,0,1,0.19908367097377777,0,1,0.2052529752254486,0,1,0.1962338089942932,0,1,0.19406366348266602,0,1,0.20536492764949799
subject_05:sample_0000796,5,796,0,0,1,0,1,0,1,0.19918853044509888,0,1,0.205063134431839,0,1,0.19623659551143646,0,1,0.19413113594055176,0,1,0.2053796797990799
subject_05:sample_0000797,5,797,0,0,1,0,1,0,1,0.199354887008667,0,1,0.20483635365962982,0,1,0.19618108868598938,0,1,0.1941806524991989,0,1,0.20544607937335968
subject_05:sample_0000798,5,798,0,0,1,0,1,0,1,0.199716717004776,0,1,0.204480841755867,0,1,0.19607962667942047,0,1,0.19420276582241058,0,1,0.20551902055740356
subject_05:sample_0000799,5,799,0,0,1,0,1,0,1,0.20003214478492737,0,1,0.2041451781988144,0,1,0.19599905610084534,0,1,0.19424428045749664,0,1,0.20557840168476105
subject_05:sample_0000800,5,800,0,0,1,0,1,0,1,0.20008862018585205,0,1,0.2039385885000229,0,1,0.19600039720535278,0,1,0.19432546198368073,0,1,0.20564599335193634
subject_05:sample_0000801,5,801,0,0,1,0,1,0,1,0.19994093477725983,0,1,0.2037820816040039,0,1,0.19608305394649506,0,1,0.1944497972726822,0,1,0.2057431936264038
subject_05:sample_0000802,5,802,0,0,1,0,1,0,1,0.1997416466474533,0,1,0.2037358283996582,0,1,0.1961478888988495,0,1,0.1945715844631195,0,1,0.20580212771892548
subject_05:sample_0000803,5,803,0,0,1,0,1,0,1,0.19967716932296753,0,1,0.20376703143119812,0,1,0.19618752598762512,0,1,0.19461672008037567,0,1,0.20575058460235596
subject_05:sample_0000804,5,804,0,0,1,0,1,0,1,0.1997549831867218,0,1,0.20386874675750732,0,1,0.19620691239833832,0,1,0.19459068775177002,0,1,0.20557768642902374
subject_05:sample_0000805,5,805,0,0,1,0,1,0,1,0.19944678246974945,0,1,0.20413528382778168,0,1,0.1962931901216507,0,1,0.1946616917848587,0,1,0.20546214282512665
subject_05:sample_0000806,5,806,0,0,1,0,1,0,1,0.19939345121383667,0,1,0.20381781458854675,0,1,0.1964349001646042,0,1,0.19481654465198517,0,1,0.205536350607872
subject_05:sample_0000807,5,807,0,0,1,0,1,0,1,0.19930103421211243,0,1,0.20501162111759186,0,1,0.1961304247379303,0,1,0.19450198113918304,0,1,0.2050539255142212
subject_05:sample_0000808,5,808,0,0,1,0,1,0,1,0.19973386824131012,0,1,0.20527181029319763,0,1,0.19600267708301544,0,1,0.1943131685256958,0,1,0.20467758178710938
subject_05:sample_0000809,5,809,0,0,1,0,1,0,1,0.20044894516468048,0,1,0.20448163151741028,0,1,0.19610010087490082,0,1,0.1943635791540146,0,1,0.20460474491119385
subject_05:sample_0000810,5,810,0,0,1,0,1,0,1,0.20077113807201385,0,1,0.20496104657649994,0,1,0.19585931301116943,0,1,0.19409066438674927,0,1,0.2043168693780899
subject_05:sample_0000811,5,811,0,0,1,0,1,0,1,0.20126540958881378,0,1,0.2044421136379242,0,1,0.19588275253772736,0,1,0.19407427310943604,0,1,0.20433442294597626
subject_05:sample_0000812,5,812,0,0,1,0,1,0,1,0.20139572024345398,0,1,0.20363685488700867,0,1,0.19614452123641968,0,1,0.19429340958595276,0,1,0.20452851057052612
subject_05:sample_0000813,5,813,0,0,1,0,1,0,1,0.20057830214500427,0,1,0.20361046493053436,0,1,0.1964806467294693,0,1,0.19459694623947144,0,1,0.20473270118236542
subject_05:sample_0000814,5,814,0,0,1,0,1,0,1,0.19956016540527344,0,1,0.20397329330444336,0,1,0.1967863291501999,0,1,0.19482828676700592,0,1,0.2048509567975998
subject_05:sample_0000815,5,815,0,0,1,0,1,0,1,0.19916577637195587,0,1,0.20425693690776825,0,1,0.1969626396894455,0,1,0.1948224902153015,0,1,0.2047911286354065
subject_05:sample_0000816,5,816,0,0,1,0,1,0,1,0.19875875115394592,0,1,0.20461499691009521,0,1,0.1971346139907837,0,1,0.1947871893644333,0,1,0.20470350980758667
subject_05:sample_0000817,5,817,0,0,1,0,1,0,1,0.19861476123332977,0,1,0.20509883761405945,0,1,0.19712194800376892,0,1,0.19463758170604706,0,1,0.2045259326696396
subject_05:sample_0000818,5,818,0,0,1,0,1,0,1,0.19872240722179413,0,1,0.2055118829011917,0,1,0.19705626368522644,0,1,0.19445547461509705,0,1,0.20425306260585785
subject_05:sample_0000819,5,819,0,0,1,0,1,0,1,0.19883473217487335,0,1,0.20583876967430115,0,1,0.19699911773204803,0,1,0.1943013221025467,0,1,0.20402507483959198
subject_05:sample_0000820,5,820,0,0,1,0,1,0,1,0.19912804663181305,0,1,0.205346941947937,0,1,0.19712896645069122,0,1,0.19439105689525604,0,1,0.20400400459766388
subject_05:sample_0000821,5,821,0,0,1,0,1,0,1,0.19945889711380005,0,1,0.20452499389648438,0,1,0.19734524190425873,0,1,0.19457311928272247,0,1,0.20409677922725677
subject_05:sample_0000822,5,822,0,0,1,0,1,0,1,0.19954991340637207,0,1,0.2044423222541809,0,1,0.1973109245300293,0,1,0.19451795518398285,0,1,0.2041778415441513
subject_05:sample_0000823,5,823,0,0,1,0,1,0,1,0.19943279027938843,0,1,0.20478984713554382,0,1,0.19716383516788483,0,1,0.19433651864528656,0,1,0.20427599549293518
subject_05:sample_0000824,5,824,0,0,1,0,1,0,1,0.19943466782569885,0,1,0.20460335910320282,0,1,0.1972033977508545,0,1,0.1943119466304779,0,1,0.20444563031196594
subject_05:sample_0000825,5,825,0,0,1,0,1,0,1,0.19946585595607758,0,1,0.2044181525707245,0,1,0.19725315272808075,0,1,0.19433018565177917,0,1,0.20453163981437683
subject_05:sample_0000826,5,826,0,0,1,0,1,0,1,0.1994982361793518,0,1,0.2042912244796753,0,1,0.19731107354164124,0,1,0.1943545937538147,0,1,0.20454396307468414
subject_05:sample_0000827,5,827,0,0,1,0,1,0,1,0.19958166778087616,0,1,0.20418302714824677,0,1,0.19737708568572998,0,1,0.19440005719661713,0,1,0.20445722341537476
subject_05:sample_0000828,5,828,0,0,1,0,1,0,1,0.1996728777885437,0,1,0.20392552018165588,0,1,0.1974862962961197,0,1,0.19448356330394745,0,1,0.20443077385425568
subject_05:sample_0000829,5,829,0,0,1,0,1,0,1,0.19972898066043854,0,1,0.20370864868164062,0,1,0.19759434461593628,0,1,0.1945396512746811,0,1,0.20442740619182587
subject_05:sample_0000830,5,830,0,0,1,0,1,0,1,0.19979676604270935,0,1,0.20343630015850067,0,1,0.19772961735725403,0,1,0.19459401071071625,0,1,0.20444230735301971
subject_05:sample_0000831,5,831,0,0,1,0,1,0,1,0.19986777007579803,0,1,0.20321403443813324,0,1,0.1978873461484909,0,1,0.19465218484401703,0,1,0.2043776512145996
subject_05:sample_0000832,5,832,0,0,1,0,1,0,1,0.19989773631095886,0,1,0.20296305418014526,0,1,0.1980416625738144,0,1,0.1946960836648941,0,1,0.20440050959587097
subject_05:sample_0000833,5,833,0,0,1,0,1,0,1,0.1999046504497528,0,1,0.20278948545455933,0,1,0.19818580150604248,0,1,0.19472290575504303,0,1,0.20439618825912476
subject_05:sample_0000834,5,834,0,0,1,0,1,0,1,0.1998741775751114,0,1,0.20263537764549255,0,1,0.19826799631118774,0,1,0.19473205506801605,0,1,0.20448936522006989
subject_05:sample_0000835,5,835,0,0,1,0,1,0,1,0.19987286627292633,0,1,0.20244231820106506,0,1,0.1983521729707718,0,1,0.1947564333677292,0,1,0.20457525551319122
subject_05:sample_0000836,5,836,0,0,1,0,1,0,1,0.1999075561761856,0,1,0.2022978514432907,0,1,0.19846013188362122,0,1,0.19478894770145416,0,1,0.20454463362693787
subject_05:sample_0000837,5,837,0,0,1,0,1,0,1,0.19992557168006897,0,1,0.20219635963439941,0,1,0.19855958223342896,0,1,0.19480322301387787,0,1,0.204514279961586
subject_05:sample_0000838,5,838,0,0,1,0,1,0,1,0.19992998242378235,0,1,0.20210351049900055,0,1,0.19868548214435577,0,1,0.19482316076755524,0,1,0.20445694029331207
subject_05:sample_0000839,5,839,0,0,1,0,1,0,1,0.19992251694202423,0,1,0.2020368129014969,0,1,0.19878637790679932,0,1,0.1948312669992447,0,1,0.20442214608192444
subject_05:sample_0000840,5,840,0,0,1,0,1,0,1,0.19991762936115265,0,1,0.2020268589258194,0,1,0.1988539695739746,0,1,0.1948171854019165,0,1,0.20438344776630402
subject_05:sample_0000841,5,841,0,0,1,0,1,0,1,0.19990089535713196,0,1,0.20200881361961365,0,1,0.19893383979797363,0,1,0.19479221105575562,0,1,0.20436331629753113
subject_05:sample_0000842,5,842,0,0,1,0,1,0,1,0.19986183941364288,0,1,0.2020440548658371,0,1,0.1990276426076889,0,1,0.19475124776363373,0,1,0.20431436598300934
subject_05:sample_0000843,5,843,0,0,1,0,1,0,1,0.19983099400997162,0,1,0.20210202038288116,0,1,0.19911877810955048,0,1,0.19470587372779846,0,1,0.20424138009548187
subject_05:sample_0000844,5,844,0,0,1,0,1,0,1,0.1998128592967987,0,1,0.2021450251340866,0,1,0.19922903180122375,0,1,0.19465775787830353,0,1,0.2041543424129486
subject_05:sample_0000845,5,845,0,0,1,0,1,0,1,0.199804425239563,0,1,0.202248677611351,0,1,0.19931894540786743,0,1,0.19459958374500275,0,1,0.20402741432189941
subject_05:sample_0000846,5,846,0,0,1,0,1,0,1,0.19981126487255096,0,1,0.20227761566638947,0,1,0.19935038685798645,0,1,0.19456851482391357,0,1,0.20399129390716553
subject_05:sample_0000847,5,847,0,0,1,0,1,0,1,0.19982123374938965,0,1,0.2022697776556015,0,1,0.19937552511692047,0,1,0.1945606917142868,0,1,0.20397183299064636
subject_05:sample_0000848,5,848,0,0,1,0,1,0,1,0.19981688261032104,0,1,0.20231877267360687,0,1,0.19933298230171204,0,1,0.19455210864543915,0,1,0.2039782553911209
subject_05:sample_0000849,5,849,0,0,1,0,1,0,1,0.19980257749557495,0,1,0.2023923397064209,0,1,0.1992342174053192,0,1,0.19454613327980042,0,1,0.20402376353740692
subject_05:sample_0000850,5,850,0,0,1,0,1,0,1,0.1997513473033905,0,1,0.2023770809173584,0,1,0.1991099715232849,0,1,0.19455832242965698,0,1,0.2042022943496704
subject_05:sample_0000851,5,851,0,0,1,0,1,0,1,0.19964872300624847,0,1,0.20235176384449005,0,1,0.19905079901218414,0,1,0.19458898901939392,0,1,0.2043587565422058
subject_05:sample_0000852,5,852,0,0,1,0,1,0,1,0.19952170550823212,0,1,0.20225730538368225,0,1,0.1991121917963028,0,1,0.1946195811033249,0,1,0.20448827743530273
subject_05:sample_0000853,5,853,0,0,1,0,1,0,1,0.19941672682762146,0,1,0.20226123929023743,0,1,0.19914250075817108,0,1,0.19463559985160828,0,1,0.20454300940036774
subject_05:sample_0000854,5,854,0,0,1,0,1,0,1,0.19926750659942627,0,1,0.20230042934417725,0,1,0.19917961955070496,0,1,0.19464492797851562,0,1,0.2046065479516983
subject_05:sample_0000855,5,855,0,0,1,0,1,0,1,0.19912801682949066,0,1,0.2024252563714981,0,1,0.1992790699005127,0,1,0.1945914775133133,0,1,0.20457516610622406
subject_05:sample_0000856,5,856,0,0,1,0,1,0,1,0.19900041818618774,0,1,0.2024902105331421,0,1,0.19932758808135986,0,1,0.19456803798675537,0,1,0.20461277663707733
subject_05:sample_0000857,5,857,0,0,1,0,1,0,1,0.19888342916965485,0,1,0.20257939398288727,0,1,0.1992529034614563,0,1,0.19455982744693756,0,1,0.20472347736358643
subject_05:sample_0000858,5,858,0,0,1,0,1,0,1,0.19877594709396362,0,1,0.2027072310447693,0,1,0.19912783801555634,0,1,0.19457633793354034,0,1,0.20481166243553162
subject_05:sample_0000859,5,859,0,0,1,0,1,0,1,0.19873592257499695,0,1,0.20269069075584412,0,1,0.19907024502754211,0,1,0.19457626342773438,0,1,0.20492596924304962
subject_05:sample_0000860,5,860,0,0,1,0,1,0,1,0.1987466663122177,0,1,0.2024523764848709,0,1,0.19918783009052277,0,1,0.194563090801239,0,1,0.20504914224147797
subject_05:sample_0000861,5,861,0,0,1,0,1,0,1,0.19876421988010406,0,1,0.20229408144950867,0,1,0.19922207295894623,0,1,0.1945437639951706,0,1,0.20517487823963165
subject_05:sample_0000862,5,862,0,0,1,0,1,0,1,0.1987886279821396,0,1,0.20215198397636414,0,1,0.19915537536144257,0,1,0.19452518224716187,0,1,0.20537778735160828
subject_05:sample_0000863,5,863,0,0,1,0,1,0,1,0.19880709052085876,0,1,0.20225322246551514,0,1,0.1989775002002716,0,1,0.19450296461582184,0,1,0.20545823872089386
subject_05:sample_0000864,5,864,0,0,1,0,1,0,1,0.1988033950328827,0,1,0.2023584097623825,0,1,0.19889380037784576,0,1,0.19447652995586395,0,1,0.20546689629554749
subject_05:sample_0000865,5,865,0,0,1,0,1,0,1,0.19879208505153656,0,1,0.20258088409900665,0,1,0.1987205147743225,0,1,0.19446633756160736,0,1,0.20543916523456573
subject_05:sample_0000866,5,866,0,0,1,0,1,0,1,0.19879688322544098,0,1,0.20266030728816986,0,1,0.19861622154712677,0,1,0.194458469748497,0,1,0.2054671347141266
subject_05:sample_0000867,5,867,0,0,1,0,1,0,1,0.1987437605857849,0,1,0.20274534821510315,0,1,0.19865942001342773,0,1,0.19445379078388214,0,1,0.20539674162864685
subject_05:sample_0000868,5,868,0,0,1,0,1,0,1,0.19872663915157318,0,1,0.20276132225990295,0,1,0.19866669178009033,0,1,0.19446855783462524,0,1,0.20537589490413666
subject_05:sample_0000869,5,869,0,0,1,0,1,0,1,0.19872324168682098,0,1,0.20275656878948212,0,1,0.19864222407341003,0,1,0.19447697699069977,0,1,0.2054000049829483
subject_05:sample_0000870,5,870,0,0,1,0,1,0,1,0.19872631132602692,0,1,0.20277315378189087,0,1,0.19857174158096313,0,1,0.1944894641637802,0,1,0.2054382860660553
subject_05:sample_0000871,5,871,0,0,1,0,1,0,1,0.19869548082351685,0,1,0.2028859704732895,0,1,0.19843579828739166,0,1,0.1945173442363739,0,1,0.2054644525051117
subject_05:sample_0000872,5,872,0,0,1,0,1,0,1,0.19869275391101837,0,1,0.20292599499225616,0,1,0.19833126664161682,0,1,0.19459131360054016,0,1,0.2054576873779297
subject_05:sample_0000873,5,873,0,0,1,0,1,0,1,0.19868098199367523,0,1,0.20294055342674255,0,1,0.19826361536979675,0,1,0.19463558495044708,0,1,0.20547832548618317
subject_05:sample_0000874,5,874,0,0,1,0,1,0,1,0.19861750304698944,0,1,0.20302936434745789,0,1,0.1981896162033081,0,1,0.19471614062786102,0,1,0.20544640719890594
subject_05:sample_0000875,5,875,0,0,1,0,1,0,1,0.19855362176895142,0,1,0.20319485664367676,0,1,0.1981118768453598,0,1,0.19471725821495056,0,1,0.20542144775390625
subject_05:sample_0000876,5,876,0,0,1,0,1,0,1,0.1984434574842453,0,1,0.20344698429107666,0,1,0.19806139171123505,0,1,0.19473989307880402,0,1,0.20530730485916138
subject_05:sample_0000877,5,877,0,0,1,0,1,0,1,0.1984027624130249,0,1,0.2035902440547943,0,1,0.19808368384838104,0,1,0.19478611648082733,0,1,0.205136239528656
subject_05:sample_0000878,5,878,0,0,1,0,1,0,1,0.19842667877674103,0,1,0.20410333573818207,0,1,0.19809481501579285,0,1,0.1946941614151001,0,1,0.20468005537986755
subject_05:sample_0000879,5,879,0,0,1,0,1,0,1,0.19872111082077026,0,1,0.20391303300857544,0,1,0.19831110537052155,0,1,0.19472308456897736,0,1,0.20433075726032257
subject_05:sample_0000880,5,880,0,0,1,0,1,0,1,0.19931137561798096,0,1,0.20229145884513855,0,1,0.19888398051261902,0,1,0.19531230628490448,0,1,0.2041998952627182
subject_05:sample_0000881,5,881,0,0,1,0,1,0,1,0.20002983510494232,0,1,0.19949296116828918,0,1,0.1999843716621399,0,1,0.19639423489570618,0,1,0.20409762859344482
subject_05:sample_0000882,5,882,0,0,1,0,1,0,1,0.2000981718301773,0,1,0.19861483573913574,0,1,0.2008294314146042,0,1,0.19707003235816956,0,1,0.20338654518127441
subject_05:sample_0000883,5,883,0,0,1,0,1,0,1,0.19990038871765137,0,1,0.19806838035583496,0,1,0.20167313516139984,0,1,0.19800767302513123,0,1,0.20234951376914978
subject_05:sample_0000884,5,884,0,0,1,0,1,0,1,0.1997891515493393,0,1,0.19698256254196167,0,1,0.2026357352733612,0,1,0.2002020627260208,0,1,0.200389564037323
subject_05:sample_0000885,5,885,0,0,1,0,1,0,1,0.1999617964029312,0,1,0.19777876138687134,0,1,0.2024672031402588,0,1,0.20365139842033386,0,1,0.19613982737064362
subject_05:sample_0000886,5,886,0,0,1,0,1,0,1,0.2008245587348938,0,1,0.2007632702589035,0,1,0.20103363692760468,0,1,0.20509210228919983,0,1,0.19228549301624298
subject_05:sample_0000887,5,887,0,0,1,0,1,0,1,0.20200024545192719,0,1,0.2007538080215454,0,1,0.2001529186964035,0,1,0.20589959621429443,0,1,0.19119247794151306
subject_05:sample_0000888,5,888,0,0,1,0,1,0,1,0.19571323692798615,2,0,0.21800002455711365,0,1,0.19883838295936584,0,1,0.19732610881328583,0,1,0.19012126326560974
subject_05:sample_0000889,5,889,0,2,0,2,0,2,0,0.20549269020557404,2,0,0.21605785191059113,0,1,0.18687136471271515,2,0,0.21197016537189484,0,1,0.17960698902606964
subject_05:sample_0000890,5,890,0,2,0,2,0,2,0,0.21149060130119324,2,0,0.21421073377132416,2,0,0.18573173880577087,2,0,0.2148371934890747,2,0,0.17372877895832062
subject_05:sample_0000891,5,891,0,2,0,2,0,2,0,0.2062661051750183,2,0,0.20653720200061798,2,0,0.1898418813943863,2,0,0.20849914848804474,2,0,0.18885475397109985
subject_05:sample_0000892,5,892,0,2,0,2,0,2,0,0.20516559481620789,2,0,0.20425112545490265,2,0,0.18802334368228912,2,0,0.2064463347196579,2,0,0.1961127072572708
subject_05:sample_0000893,5,893,0,2,0,2,0,2,0,0.20541468262672424,2,0,0.20300577580928802,2,0,0.18794281780719757,2,0,0.20564648509025574,2,0,0.19798924028873444
subject_05:sample_0000894,5,894,0,2,0,2,0,2,0,0.20577473938465118,2,0,0.20151424407958984,2,0,0.1887809932231903,2,0,0.2041323482990265,2,0,0.1997966766357422
subject_05:sample_0000895,5,895,0,2,0,2,0,2,0,0.20615321397781372,2,0,0.20072950422763824,2,0,0.18961365520954132,2,0,0.20307406783103943,2,0,0.2004285454750061
subject_05:sample_0000896,5,896,0,2,0,2,0,2,0,0.20631468296051025,2,0,0.2001786231994629,2,0,0.19041100144386292,2,0,0.20248903334140778,2,0,0.20060569047927856
subject_05:sample_0000897,5,897,0,2,0,2,0,2,0,0.20623274147510529,2,0,0.2000432014465332,2,0,0.19064085185527802,2,0,0.20239566266536713,2,0,0.20068654417991638
subject_05:sample_0000898,5,898,0,2,0,2,0,2,0,0.20619986951351166,2,0,0.1999506801366806,2,0,0.19073796272277832,2,0,0.20234470069408417,2,0,0.20076574385166168
subject_05:sample_0000899,5,899,0,2,0,2,0,2,0,0.20616759359836578,2,0,0.20017123222351074,2,0,0.1905682533979416,2,0,0.20237405598163605,2,0,0.20071794092655182
subject_05:sample_0000900,5,900,0,2,0,2,0,2,0,0.2062419056892395,2,0,0.2002498209476471,2,0,0.1902838498353958,2,0,0.20237669348716736,2,0,0.2008468061685562
subject_05:sample_0000901,5,901,0,2,0,2,0,2,0,0.20632284879684448,2,0,0.20048080384731293,2,0,0.18977956473827362,2,0,0.202555850148201,2,0,0.20086002349853516
subject_05:sample_0000902,5,902,0,2,0,2,0,2,0,0.20636411011219025,2,0,0.20061969757080078,2,0,0.18951579928398132,2,0,0.2025766670703888,2,0,0.20092271268367767
subject_05:sample_0000903,5,903,0,2,0,2,0,2,0,0.20643840730190277,2,0,0.20075640082359314,2,0,0.18925102055072784,2,0,0.20254844427108765,2,0,0.2010047733783722
subject_05:sample_0000904,5,904,0,2,0,2,0,2,0,0.20649512112140656,2,0,0.20067737996578217,2,0,0.18914580345153809,2,0,0.2025073915719986,2,0,0.201173335313797
subject_05:sample_0000905,5,905,0,2,0,2,0,2,0,0.20668530464172363,2,0,0.20091697573661804,2,0,0.18862560391426086,2,0,0.20259228348731995,2,0,0.20117883384227753
subject_05:sample_0000906,5,906,0,2,0,2,0,2,0,0.20692871510982513,2,0,0.20133943855762482,2,0,0.18788602948188782,2,0,0.20273439586162567,2,0,0.20111040771007538
subject_05:sample_0000907,5,907,0,2,0,2,0,2,0,0.2070697546005249,2,0,0.20155209302902222,2,0,0.18754902482032776,2,0,0.20275720953941345,2,0,0.20107099413871765
subject_05:sample_0000908,5,908,0,2,0,2,0,2,0,0.20718225836753845,2,0,0.20181596279144287,2,0,0.18709447979927063,2,0,0.20282727479934692,2,0,0.20107907056808472
subject_05:sample_0000909,5,909,0,2,0,2,0,2,0,0.20722386240959167,2,0,0.20201043784618378,2,0,0.1867537647485733,2,0,0.20283304154872894,2,0,0.2011779248714447
subject_05:sample_0000910,5,910,0,2,0,2,0,2,0,0.2074582278728485,2,0,0.20252978801727295,2,0,0.1855296641588211,2,0,0.20311768352985382,2,0,0.201363667845726
subject_05:sample_0000911,5,911,0,2,0,2,0,2,0,0.20766860246658325,2,0,0.20286281406879425,2,0,0.18475337326526642,2,0,0.20330677926540375,2,0,0.20140738785266876
subject_05:sample_0000912,5,912,1,1,1,1,1,1,1,0.19924989342689514,1,1,0.20445989072322845,1,1,0.16608348488807678,1,1,0.20489926636219025,0,0,0.22530651092529297
subject_05:sample_0000913,5,913,1,1,1,1,1,1,1,0.20191828906536102,1,1,0.2040909230709076,1,1,0.1658560335636139,1,1,0.20567631721496582,0,0,0.22245745360851288
subject_05:sample_0000914,5,914,1,1,1,1,1,1,1,0.2007359266281128,1,1,0.20439408719539642,1,1,0.16615934669971466,1,1,0.2047218233346939,0,0,0.223987877368927
subject_05:sample_0000915,5,915,1,1,1,1,1,1,1,0.19978563487529755,1,1,0.20444291830062866,1,1,0.16648846864700317,1,1,0.2042301893234253,0,0,0.22505182027816772
subject_05:sample_0000916,5,916,1,1,1,1,1,1,1,0.19780054688453674,1,1,0.20443283021450043,1,1,0.16722331941127777,1,1,0.20319844782352448,0,0,0.2273438721895218
subject_05:sample_0000917,5,917,1,1,1,1,1,1,1,0.19660399854183197,1,1,0.20427516102790833,1,1,0.16762958467006683,1,1,0.20337918400764465,1,1,0.228111132979393
subject_05:sample_0000918,5,918,1,1,1,1,1,1,1,0.19234608113765717,1,1,0.20481626689434052,1,1,0.16882599890232086,1,1,0.20152561366558075,1,1,0.23248513042926788
subject_05:sample_0000919,5,919,1,1,1,1,1,1,1,0.18813082575798035,1,1,0.2045869678258896,1,1,0.17084257304668427,1,1,0.19950376451015472,1,1,0.2369348108768463
subject_05:sample_0000920,5,920,1,1,1,1,1,1,1,0.18571022152900696,1,1,0.20573905110359192,1,1,0.17312826216220856,1,1,0.19821593165397644,1,1,0.23720550537109375
subject_05:sample_0000921,5,921,1,1,1,1,1,1,1,0.18496665358543396,1,1,0.20715685188770294,1,1,0.17607174813747406,1,1,0.19765084981918335,1,1,0.23415298759937286
subject_05:sample_0000922,5,922,1,1,1,1,1,1,1,0.1839780956506729,1,1,0.2090883105993271,1,1,0.17956994473934174,1,1,0.19718170166015625,1,1,0.2301809936761856
subject_05:sample_0000923,5,923,1,1,1,1,1,1,1,0.1822042614221573,1,1,0.210848867893219,1,1,0.18363265693187714,1,1,0.1965147703886032,1,1,0.22679850459098816
subject_05:sample_0000924,5,924,1,1,1,1,1,1,1,0.18104390799999237,1,1,0.2123224288225174,1,1,0.18730871379375458,1,1,0.19595369696617126,1,1,0.22337022423744202
subject_05:sample_0000925,5,925,1,1,1,1,1,1,1,0.18037272989749908,1,1,0.21387988328933716,1,1,0.19036051630973816,1,1,0.19546358287334442,1,1,0.21992231905460358
subject_05:sample_0000926,5,926,1,1,1,1,1,1,1,0.18040597438812256,1,1,0.2148405760526657,1,1,0.1922987550497055,1,1,0.19494208693504333,1,1,0.2175116389989853
subject_05:sample_0000927,5,927,1,1,1,1,1,1,1,0.18070009350776672,1,1,0.21556410193443298,1,1,0.19347071647644043,1,1,0.19432145357131958,1,1,0.21594268083572388
subject_05:sample_0000928,5,928,1,1,1,1,1,1,1,0.1810302436351776,1,1,0.2170945554971695,1,1,0.19443240761756897,1,1,0.19337783753871918,1,1,0.21406404674053192
subject_05:sample_0000929,5,929,1,1,1,1,1,1,1,0.18122470378875732,1,1,0.2182590514421463,1,1,0.19513434171676636,1,1,0.19235965609550476,1,1,0.21302123367786407
subject_05:sample_0000930,5,930,1,1,1,1,1,1,1,0.18127092719078064,1,1,0.2186238318681717,1,1,0.19585633277893066,1,1,0.191463902592659,1,1,0.2127840667963028
subject_05:sample_0000931,5,931,1,1,1,1,1,1,1,0.18128016591072083,1,1,0.21892766654491425,1,1,0.19650232791900635,1,1,0.19060856103897095,1,1,0.21268032491207123
subject_05:sample_0000932,5,932,1,1,1,1,1,1,1,0.1813022643327713,1,1,0.21893365681171417,1,1,0.19710300862789154,1,1,0.1898883879184723,1,1,0.2127716988325119
subject_05:sample_0000933,5,933,1,1,1,1,1,1,1,0.18121542036533356,1,1,0.21870121359825134,1,1,0.1978147029876709,1,1,0.18922851979732513,1,1,0.21303915977478027
subject_05:sample_0000934,5,934,1,1,1,1,1,1,1,0.18108366429805756,1,1,0.21844059228897095,1,1,0.19861768186092377,1,1,0.18857894837856293,1,1,0.21327824890613556
subject_05:sample_0000935,5,935,1,1,1,1,1,1,1,0.18074704706668854,1,1,0.21773231029510498,1,1,0.20001563429832458,1,1,0.18780867755413055,1,1,0.21369531750679016
subject_05:sample_0000936,5,936,1,1,1,1,1,1,1,0.18072766065597534,1,1,0.21744774281978607,1,1,0.20067819952964783,1,1,0.18729926645755768,1,1,0.2138461470603943
subject_05:sample_0000937,5,937,1,1,1,1,1,1,1,0.1808767318725586,1,1,0.21744564175605774,1,1,0.20076756179332733,1,1,0.18699432909488678,1,1,0.21391478180885315
subject_05:sample_0000938,5,938,1,1,1,1,1,1,1,0.18055066466331482,1,1,0.21690191328525543,1,1,0.20281098783016205,1,1,0.18626902997493744,1,1,0.21346649527549744
subject_05:sample_0000939,5,939,1,1,1,1,1,1,1,0.1802302598953247,1,1,0.21560674905776978,1,1,0.2051830291748047,1,1,0.18582649528980255,1,1,0.2131524682044983
subject_05:sample_0000940,5,940,1,1,1,1,1,1,1,0.18001997470855713,1,1,0.21483980119228363,1,1,0.20693127810955048,1,1,0.18555229902267456,1,1,0.21265564858913422
subject_05:sample_0000941,5,941,1,1,1,1,1,1,1,0.17983025312423706,1,1,0.2138255387544632,1,1,0.208958238363266,1,1,0.18531431257724762,1,1,0.21207067370414734
subject_05:sample_0000942,5,942,1,1,1,1,1,1,1,0.18011927604675293,1,1,0.21364277601242065,1,1,0.21010874211788177,1,1,0.18498623371124268,1,1,0.21114200353622437
subject_05:sample_0000943,5,943,1,1,1,1,1,1,1,0.18040020763874054,1,1,0.21384254097938538,1,1,0.2104320228099823,1,1,0.1847042739391327,1,1,0.2106199860572815
subject_05:sample_0000944,5,944,1,1,1,1,1,1,1,0.18068927526474,1,1,0.2136913239955902,1,1,0.21094653010368347,1,1,0.1844487190246582,1,1,0.21022330224514008
subject_05:sample_0000945,5,945,1,1,1,1,1,1,1,0.18092180788516998,1,1,0.21310944855213165,1,1,0.21182997524738312,1,1,0.1842789500951767,1,1,0.20985887944698334
subject_05:sample_0000946,5,946,1,1,1,1,1,1,1,0.18083783984184265,1,1,0.21299725770950317,1,1,0.21250268816947937,1,1,0.1840614229440689,1,1,0.20959977805614471
subject_05:sample_0000947,5,947,1,1,1,1,1,1,1,0.1805052012205124,1,1,0.21307078003883362,1,1,0.21300117671489716,1,1,0.18380685150623322,1,1,0.20961497724056244
subject_05:sample_0000948,5,948,1,1,1,1,1,1,1,0.18013538420200348,1,1,0.21283699572086334,1,1,0.2136135697364807,1,1,0.18386413156986237,1,1,0.2095489352941513
subject_05:sample_0000949,5,949,1,1,1,1,1,1,1,0.1803406924009323,1,1,0.21158814430236816,1,1,0.2141212671995163,1,1,0.18418928980827332,1,1,0.2097596526145935
subject_05:sample_0000950,5,950,1,1,1,1,1,1,1,0.18181614577770233,1,1,0.2117111086845398,1,1,0.2098555564880371,1,1,0.1855005919933319,1,1,0.21111559867858887
subject_05:sample_0000951,5,951,1,1,1,1,1,1,1,0.18269920349121094,1,1,0.21033361554145813,1,1,0.20982486009597778,1,1,0.18580566346645355,1,1,0.21133564412593842
subject_05:sample_0000952,5,952,1,1,1,1,1,1,1,0.18347220122814178,1,1,0.20889423787593842,1,1,0.2106521725654602,1,1,0.18585115671157837,1,1,0.21112921833992004
subject_05:sample_0000953,5,953,1,1,1,1,1,1,1,0.18474768102169037,1,1,0.20749787986278534,1,1,0.2111682891845703,1,1,0.18585869669914246,1,1,0.2107265144586563
subject_05:sample_0000954,5,954,1,1,1,1,1,1,1,0.18607491254806519,1,1,0.20603111386299133,1,1,0.2118874043226242,1,1,0.18575043976306915,1,1,0.21025517582893372
subject_05:sample_0000955,5,955,1,1,1,1,1,1,1,0.18672527372837067,1,1,0.20455901324748993,1,1,0.21380962431430817,1,1,0.18529178202152252,1,1,0.20961329340934753
subject_05:sample_0000956,5,956,1,1,1,1,1,1,1,0.1872599720954895,1,1,0.20268398523330688,1,1,0.2169385403394699,1,1,0.18448998034000397,1,1,0.20862649381160736
subject_05:sample_0000957,5,957,1,1,1,1,1,1,1,0.18736931681632996,1,1,0.20085985958576202,1,1,0.22090615332126617,1,1,0.1835326999425888,1,1,0.20733100175857544
subject_05:sample_0000958,5,958,1,1,1,1,1,1,1,0.18772928416728973,1,1,0.19995002448558807,1,1,0.22301264107227325,1,1,0.18304942548274994,1,1,0.2062576860189438
subject_05:sample_0000959,5,959,1,1,1,1,1,1,1,0.1884220689535141,1,1,0.2001078575849533,1,1,0.22266705334186554,1,1,0.18315701186656952,1,1,0.20564502477645874
subject_05:sample_0000960,5,960,1,1,1,1,1,1,1,0.18920063972473145,1,1,0.20146411657333374,1,1,0.22035983204841614,1,1,0.18379394710063934,1,1,0.20518048107624054
subject_05:sample_0000961,5,961,1,1,1,1,1,1,1,0.18997108936309814,1,1,0.20347283780574799,1,1,0.21713344752788544,1,1,0.1847326010465622,1,1,0.20468910038471222
subject_05:sample_0000962,5,962,1,1,1,1,1,1,1,0.19082455337047577,1,1,0.20547570288181305,1,1,0.21358032524585724,1,1,0.1857919692993164,1,1,0.20432652533054352
subject_05:sample_0000963,5,963,1,1,1,1,1,1,1,0.19146758317947388,1,1,0.20722846686840057,1,1,0.21062570810317993,1,1,0.1866726577281952,1,1,0.20400464534759521
subject_05:sample_0000964,5,964,1,1,1,1,1,1,1,0.19178500771522522,1,1,0.20895245671272278,1,1,0.2082212269306183,1,1,0.18736831843852997,1,1,0.20367200672626495
subject_05:sample_0000965,5,965,1,1,1,1,1,1,1,0.19197098910808563,1,1,0.21078617870807648,1,1,0.2058950662612915,1,1,0.1881294846534729,1,1,0.2032172977924347
subject_05:sample_0000966,5,966,1,1,1,1,1,1,1,0.19216406345367432,1,1,0.21195240318775177,1,1,0.20438118278980255,1,1,0.18876096606254578,1,1,0.20274041593074799
subject_05:sample_0000967,5,967,1,1,1,1,1,1,1,0.19211514294147491,1,1,0.21288765966892242,1,1,0.2034652680158615,1,1,0.1891712248325348,1,1,0.20235973596572876
subject_05:sample_0000968,5,968,1,1,1,1,1,1,1,0.1915041208267212,1,1,0.2142525464296341,1,1,0.20285630226135254,1,1,0.18937993049621582,1,1,0.20200614631175995
subject_05:sample_0000969,5,969,1,1,1,1,1,1,1,0.19051207602024078,1,1,0.21604876220226288,1,1,0.20232300460338593,1,1,0.18954864144325256,1,1,0.20156653225421906
subject_05:sample_0000970,5,970,1,1,1,1,1,1,1,0.18987500667572021,1,1,0.2177201807498932,1,1,0.2019067257642746,1,1,0.18972961604595184,1,1,0.20076756179332733
subject_05:sample_0000971,5,971,1,1,1,1,1,1,1,0.18935677409172058,1,1,0.21925117075443268,1,1,0.20160511136054993,1,1,0.1897004097700119,1,1,0.2000855952501297
subject_05:sample_0000972,5,972,1,1,1,1,1,1,1,0.18929465115070343,1,1,0.22030143439769745,1,1,0.2013082355260849,1,1,0.18967686593532562,1,1,0.1994178593158722
subject_05:sample_0000973,5,973,1,1,1,1,1,1,1,0.18945981562137604,1,1,0.221138596534729,1,1,0.2010726034641266,1,1,0.18962278962135315,1,1,0.19870522618293762
subject_05:sample_0000974,5,974,1,1,1,1,1,1,1,0.18964329361915588,1,1,0.22179289162158966,1,1,0.20093010365962982,1,1,0.1894037276506424,1,1,0.1982290893793106
subject_05:sample_0000975,5,975,1,1,1,1,1,1,1,0.18979722261428833,1,1,0.22249776124954224,1,1,0.20076732337474823,1,1,0.18913596868515015,1,1,0.19780077040195465
subject_05:sample_0000976,5,976,1,1,1,1,1,1,1,0.18999727070331573,1,1,0.2229844480752945,1,1,0.20059899985790253,1,1,0.1890602707862854,1,1,0.1973581314086914
subject_05:sample_0000977,5,977,1,1,1,1,1,1,1,0.19015899300575256,1,1,0.2233874499797821,1,1,0.2004995346069336,1,1,0.1890183389186859,1,1,0.19693470001220703
subject_05:sample_0000978,5,978,1,1,1,1,1,1,1,0.19003455340862274,1,1,0.22410453855991364,1,1,0.20035213232040405,1,1,0.1887916475534439,1,1,0.19671617448329926
subject_05:sample_0000979,5,979,1,1,1,1,1,1,1,0.18985477089881897,1,1,0.22489462792873383,1,1,0.2002117782831192,1,1,0.1885230392217636,1,1,0.19651485979557037
subject_05:sample_0000980,5,980,1,1,1,1,1,1,1,0.1899019181728363,1,1,0.2253492921590805,1,1,0.20007939636707306,1,1,0.18831029534339905,1,1,0.1963580995798111
subject_05:sample_0000981,5,981,1,1,1,1,1,1,1,0.18997523188591003,1,1,0.22578731179237366,1,1,0.19997063279151917,1,1,0.18806099891662598,1,1,0.19620484113693237
subject_05:sample_0000982,5,982,1,1,1,1,1,1,1,0.19006332755088806,1,1,0.22605502605438232,1,1,0.2000933438539505,1,1,0.18780532479286194,1,1,0.19598205387592316
subject_05:sample_0000983,5,983,1,1,1,1,1,1,1,0.1901320219039917,1,1,0.22587084770202637,1,1,0.20115981996059418,1,1,0.1874881386756897,1,1,0.19534821808338165
subject_05:sample_0000984,5,984,1,1,1,1,1,1,1,0.19000238180160522,1,1,0.22547493875026703,1,1,0.20300011336803436,1,1,0.18705980479717255,1,1,0.19446182250976562
subject_05:sample_0000985,5,985,1,1,1,1,1,1,1,0.19040782749652863,1,1,0.22565901279449463,1,1,0.20315979421138763,1,1,0.1869278997182846,1,1,0.19384455680847168
subject_05:sample_0000986,5,986,1,1,1,1,1,1,1,0.19071713089942932,1,1,0.22629612684249878,1,1,0.20259596407413483,1,1,0.18681840598583221,1,1,0.19357135891914368
subject_05:sample_0000987,5,987,1,1,1,1,1,1,1,0.19039003551006317,1,1,0.22756090760231018,1,1,0.20234930515289307,1,1,0.1863245815038681,1,1,0.19337418675422668
subject_05:sample_0000988,5,988,1,1,1,1,1,1,1,0.19045229256153107,1,1,0.22825941443443298,1,1,0.20198500156402588,1,1,0.18605810403823853,1,1,0.19324417412281036
subject_05:sample_0000989,5,989,1,1,1,1,1,1,1,0.19083289802074432,1,1,0.22834748029708862,1,1,0.2016732096672058,1,1,0.18608666956424713,1,1,0.1930587738752365
subject_05:sample_0000990,5,990,1,1,1,1,1,1,1,0.1910695880651474,1,1,0.22845213115215302,1,1,0.20132659375667572,1,1,0.18619661033153534,1,1,0.19295412302017212
subject_05:sample_0000991,5,991,1,1,1,1,1,1,1,0.191571444272995,1,1,0.22800904512405396,1,1,0.20110544562339783,1,1,0.1864677369594574,1,1,0.19284537434577942
subject_05:sample_0000992,5,992,1,1,1,1,1,1,1,0.1922251582145691,1,1,0.22755350172519684,1,1,0.20075224339962006,1,1,0.18670624494552612,1,1,0.19276192784309387
subject_05:sample_0000993,5,993,1,1,1,1,1,1,1,0.19281335175037384,1,1,0.2271708995103836,1,1,0.20070341229438782,1,1,0.18668043613433838,1,1,0.19263093173503876
subject_05:sample_0000994,5,994,1,1,1,1,1,1,1,0.1936313658952713,1,1,0.22621479630470276,1,1,0.20050184428691864,1,1,0.18718090653419495,1,1,0.19247014820575714
subject_05:sample_0000995,5,995,1,1,1,1,1,1,1,0.19424138963222504,1,1,0.225454181432724,1,1,0.2005845606327057,1,1,0.1874483823776245,1,1,0.19227059185504913
subject_05:sample_0000996,5,996,1,1,1,1,1,1,1,0.19498726725578308,1,1,0.22478677332401276,1,1,0.20056520402431488,1,1,0.18762148916721344,1,1,0.19203825294971466
subject_05:sample_0000997,5,997,1,1,1,1,1,1,1,0.19558554887771606,1,1,0.22474704682826996,1,1,0.2000756561756134,1,1,0.18764667212963104,1,1,0.19194406270980835
subject_05:sample_0000998,5,998,1,1,1,1,1,1,1,0.19569265842437744,1,1,0.22541344165802002,1,1,0.19963178038597107,1,1,0.1874142587184906,1,1,0.19184695184230804
subject_05:sample_0000999,5,999,1,1,1,1,1,1,1,0.19622693955898285,1,1,0.2248258739709854,1,1,0.1998935341835022,1,1,0.18741604685783386,1,1,0.19163666665554047
subject_05:sample_0001000,5,1000,1,1,1,1,1,1,1,0.19695676863193512,1,1,0.2237943559885025,1,1,0.20040975511074066,1,1,0.1874173879623413,1,1,0.1914208084344864
subject_05:sample_0001001,5,1001,1,1,1,1,1,1,1,0.19762921333312988,1,1,0.22291052341461182,1,1,0.20090553164482117,1,1,0.18734753131866455,1,1,0.1912062168121338
subject_05:sample_0001002,5,1002,1,1,1,1,1,1,1,0.19793041050434113,1,1,0.2225141078233719,1,1,0.2013395130634308,1,1,0.18720528483390808,1,1,0.19100970029830933
subject_05:sample_0001003,5,1003,1,1,1,1,1,1,1,0.19803909957408905,1,1,0.22272159159183502,1,1,0.2014719396829605,1,1,0.18682348728179932,1,1,0.19094300270080566
subject_05:sample_0001004,5,1004,1,1,1,1,1,1,1,0.19784758985042572,1,1,0.22372746467590332,1,1,0.20143038034439087,1,1,0.18588323891162872,1,1,0.19111034274101257
subject_05:sample_0001005,5,1005,1,1,1,1,1,1,1,0.1978302150964737,1,1,0.22459016740322113,1,1,0.20134320855140686,1,1,0.18494798243045807,1,1,0.19128745794296265
subject_05:sample_0001006,5,1006,1,1,1,1,1,1,1,0.1978769749403,1,1,0.22589968144893646,1,1,0.2017117291688919,1,1,0.18302279710769653,1,1,0.1914878785610199
subject_05:sample_0001007,5,1007,1,1,1,1,1,1,1,0.19739551842212677,1,1,0.227614164352417,1,1,0.20197619497776031,1,1,0.1814616471529007,1,1,0.19155153632164001
subject_05:sample_0001008,5,1008,1,1,1,1,1,1,1,0.19644123315811157,1,1,0.22978106141090393,1,1,0.2021099179983139,1,1,0.18004238605499268,1,1,0.1916244477033615
subject_05:sample_0001009,5,1009,1,1,1,1,1,1,1,0.19437141716480255,1,1,0.23299311101436615,1,1,0.20151884853839874,1,1,0.17934507131576538,1,1,0.19177056849002838
subject_05:sample_0001010,5,1010,1,1,1,1,1,1,1,0.19168342649936676,1,1,0.2367023080587387,1,1,0.20107892155647278,1,1,0.17845450341701508,1,1,0.19207988679409027
subject_05:sample_0001011,5,1011,1,1,1,1,1,1,1,0.189632385969162,1,1,0.23966237902641296,1,1,0.20096305012702942,1,1,0.17722833156585693,1,1,0.19251291453838348
subject_05:sample_0001012,5,1012,1,1,1,1,1,1,1,0.18813081085681915,1,1,0.24133458733558655,1,1,0.20070691406726837,1,1,0.17696622014045715,1,1,0.19286054372787476
subject_05:sample_0001013,5,1013,1,1,1,1,1,1,1,0.18689464032649994,1,1,0.24215632677078247,1,1,0.20074671506881714,1,1,0.17660699784755707,1,1,0.19359439611434937
subject_05:sample_0001014,5,1014,1,1,1,1,1,1,1,0.18648068606853485,1,1,0.24011363089084625,1,1,0.20087182521820068,1,1,0.17706160247325897,1,1,0.19547124207019806
subject_05:sample_0001015,5,1015,1,1,1,1,1,1,1,0.18655382096767426,1,1,0.2379784882068634,1,1,0.20196476578712463,1,1,0.17702923715114594,1,1,0.19647270441055298
subject_05:sample_0001016,5,1016,1,1,1,1,1,1,1,0.1871534138917923,1,1,0.2334018498659134,1,1,0.20441265404224396,1,1,0.17700810730457306,1,1,0.1980229765176773
subject_05:sample_0001017,5,1017,1,1,1,1,1,1,1,0.18771491944789886,1,1,0.2309025526046753,1,1,0.20514369010925293,1,1,0.17718645930290222,1,1,0.19905143976211548
subject_05:sample_0001018,5,1018,1,1,1,1,1,1,1,0.18807101249694824,1,1,0.22815603017807007,1,1,0.20587316155433655,1,1,0.17764046788215637,1,1,0.20025834441184998
subject_05:sample_0001019,5,1019,1,1,1,1,1,1,1,0.18801799416542053,1,1,0.22467896342277527,1,1,0.20686616003513336,1,1,0.17852076888084412,1,1,0.20191515982151031
subject_05:sample_0001020,5,1020,1,1,1,1,1,1,1,0.1870056390762329,1,1,0.2212279886007309,1,1,0.20713065564632416,1,1,0.1811850368976593,1,1,0.20344974100589752
subject_05:sample_0001021,5,1021,1,1,1,1,1,1,1,0.18640674650669098,1,1,0.21724122762680054,1,1,0.208224818110466,1,1,0.18285280466079712,1,1,0.20527340471744537
subject_05:sample_0001022,5,1022,1,1,1,1,1,1,1,0.1860019862651825,1,1,0.21383261680603027,1,1,0.20978641510009766,1,1,0.18438979983329773,1,1,0.20598824322223663
subject_05:sample_0001023,5,1023,1,1,1,1,1,1,1,0.1853204369544983,1,1,0.2125750631093979,1,1,0.21069689095020294,1,1,0.18535956740379333,1,1,0.20604708790779114
subject_05:sample_0001024,5,1024,1,1,1,1,1,1,1,0.17970485985279083,1,1,0.21928544342517853,1,1,0.19868847727775574,1,1,0.19322960078716278,1,1,0.20909065008163452
subject_05:sample_0001025,5,1025,1,1,1,1,1,1,1,0.1792116016149521,1,1,0.2201240509748459,1,1,0.19789955019950867,1,1,0.19364069402217865,1,1,0.20912310481071472
subject_05:sample_0001026,5,1026,1,1,1,1,1,1,1,0.1786649227142334,1,1,0.22106175124645233,1,1,0.19714155793190002,1,1,0.19411268830299377,1,1,0.20901811122894287
subject_05:sample_0001027,5,1027,1,1,1,1,1,1,1,0.1784321814775467,1,1,0.22139549255371094,1,1,0.19668793678283691,1,1,0.19469690322875977,1,1,0.20878656208515167
subject_05:sample_0001028,5,1028,1,1,1,1,1,1,1,0.1780717819929123,1,1,0.2214881032705307,1,1,0.19633594155311584,1,1,0.19550906121730804,1,1,0.2085942178964615
subject_05:sample_0001029,5,1029,1,1,1,1,1,1,1,0.17819438874721527,1,1,0.22185105085372925,1,1,0.19599959254264832,1,1,0.19578182697296143,1,1,0.20817223191261292
subject_05:sample_0001030,5,1030,1,1,1,1,1,1,1,0.17824195325374603,1,1,0.22204390168190002,1,1,0.19571542739868164,1,1,0.19623714685440063,1,1,0.20776057243347168
subject_05:sample_0001031,5,1031,1,1,1,1,1,1,1,0.17865228652954102,1,1,0.2221970558166504,1,1,0.19545958936214447,1,1,0.19648075103759766,1,1,0.20720933377742767
subject_05:sample_0001032,5,1032,1,1,1,1,1,1,1,0.17952309548854828,1,1,0.22193506360054016,1,1,0.19516141712665558,1,1,0.19686850905418396,1,1,0.20651091635227203
subject_05:sample_0001033,5,1033,1,1,1,1,1,1,1,0.1803595870733261,1,1,0.22117482125759125,1,1,0.19482915103435516,1,1,0.1978798508644104,1,1,0.20575562119483948
subject_05:sample_0001034,5,1034,1,1,1,1,1,1,1,0.18176111578941345,1,1,0.21987730264663696,1,1,0.19479379057884216,1,1,0.19880835711956024,1,1,0.2047584056854248
subject_05:sample_0001035,5,1035,1,1,1,1,1,1,1,0.18308767676353455,1,1,0.21852460503578186,1,1,0.19497594237327576,1,1,0.19966429471969604,1,1,0.2037465125322342
subject_05:sample_0001036,5,1036,1,1,1,1,1,1,1,0.18475431203842163,1,1,0.21676936745643616,1,1,0.19549764692783356,1,1,0.20027345418930054,1,1,0.20270422101020813
subject_05:sample_0001037,5,1037,1,1,1,1,1,1,1,0.1866423487663269,1,1,0.21462586522102356,1,1,0.19625525176525116,1,1,0.20082072913646698,1,1,0.20165486633777618
subject_05:sample_0001038,5,1038,1,1,1,1,1,1,1,0.18788571655750275,1,1,0.21372951567173004,1,1,0.19682152569293976,1,1,0.20046263933181763,1,1,0.20109961926937103
subject_05:sample_0001039,5,1039,1,1,1,1,1,1,1,0.18959486484527588,1,1,0.21248356997966766,1,1,0.19769079983234406,1,1,0.19980262219905853,1,1,0.20042718946933746
subject_05:sample_0001040,5,1040,1,1,1,1,1,1,1,0.19090180099010468,1,1,0.21153922379016876,1,1,0.19837307929992676,1,1,0.19932423532009125,1,1,0.19986063241958618
subject_05:sample_0001041,5,1041,1,1,1,1,1,1,1,0.19205832481384277,1,1,0.21106605231761932,1,1,0.19903479516506195,1,1,0.19842813909053802,1,1,0.19941172003746033
subject_05:sample_0001042,5,1042,1,1,1,1,1,1,1,0.19286516308784485,1,1,0.21112509071826935,1,1,0.19953171908855438,1,1,0.19737131893634796,1,1,0.19910567998886108
subject_05:sample_0001043,5,1043,1,1,1,1,1,1,1,0.19407345354557037,1,1,0.21064138412475586,1,1,0.20031709969043732,1,1,0.1963706612586975,1,1,0.19859638810157776
subject_05:sample_0001044,5,1044,1,1,1,1,1,1,1,0.19483214616775513,1,1,0.21013115346431732,1,1,0.2007407397031784,1,1,0.19597628712654114,1,1,0.198318749666214
subject_05:sample_0001045,5,1045,1,1,1,1,1,1,1,0.19466425478458405,1,1,0.2101203352212906,1,1,0.20051296055316925,1,1,0.19644345343112946,1,1,0.19825801253318787
subject_05:sample_0001046,5,1046,1,1,1,1,1,1,1,0.19429908692836761,1,1,0.21070507168769836,1,1,0.20017072558403015,1,1,0.19668298959732056,1,1,0.19814112782478333
subject_05:sample_0001047,5,1047,1,1,1,1,1,1,1,0.1938503086566925,1,1,0.21227531135082245,1,1,0.19992882013320923,1,1,0.19593295454978943,1,1,0.1980116069316864
subject_05:sample_0001048,5,1048,1,1,1,1,1,1,1,0.19351032376289368,1,1,0.21385805308818817,1,1,0.19974525272846222,1,1,0.1950368732213974,1,1,0.19784857332706451
subject_05:sample_0001049,5,1049,1,1,1,1,1,1,1,0.19297291338443756,1,1,0.21548931300640106,1,1,0.19943279027938843,1,1,0.19417180120944977,1,1,0.19793224334716797
subject_05:sample_0001050,5,1050,1,1,1,1,1,1,1,0.19247786700725555,1,1,0.21657642722129822,1,1,0.19917508959770203,1,1,0.19366340339183807,1,1,0.19810624420642853
subject_05:sample_0001051,5,1051,1,1,1,1,1,1,1,0.19182996451854706,1,1,0.21766847372055054,1,1,0.19876408576965332,1,1,0.1937696486711502,1,1,0.1979667991399765
subject_05:sample_0001052,5,1052,1,1,1,1,1,1,1,0.19160810112953186,1,1,0.21820904314517975,1,1,0.19858847558498383,1,1,0.19404061138629913,1,1,0.1975528448820114
subject_05:sample_0001053,5,1053,1,1,1,1,1,1,1,0.19120769202709198,1,1,0.21936871111392975,1,1,0.19840241968631744,1,1,0.19350206851959229,1,1,0.19751811027526855
subject_05:sample_0001054,5,1054,1,1,1,1,1,1,1,0.19082510471343994,1,1,0.22036729753017426,1,1,0.19823265075683594,1,1,0.19302712380886078,1,1,0.19754691421985626
subject_05:sample_0001055,5,1055,1,1,1,1,1,1,1,0.19055119156837463,1,1,0.2211419641971588,1,1,0.1981818526983261,1,1,0.19257080554962158,1,1,0.19755321741104126
subject_05:sample_0001056,5,1056,1,1,1,1,1,1,1,0.189943328499794,1,1,0.22231382131576538,1,1,0.19797399640083313,1,1,0.19204945862293243,1,1,0.19771841168403625
subject_05:sample_0001057,5,1057,1,1,1,1,1,1,1,0.18948499858379364,1,1,0.22313529253005981,1,1,0.19784614443778992,1,1,0.19181005656719208,1,1,0.19772247970104218
subject_05:sample_0001058,5,1058,1,1,1,1,1,1,1,0.18856820464134216,1,1,0.2244345247745514,1,1,0.19748803973197937,1,1,0.19164620339870453,1,1,0.19786210358142853
subject_05:sample_0001059,5,1059,1,1,1,1,1,1,1,0.1877371370792389,1,1,0.2255234271287918,1,1,0.1971617341041565,1,1,0.19162318110466003,1,1,0.19795361161231995
subject_05:sample_0001060,5,1060,1,1,1,1,1,1,1,0.18685513734817505,1,1,0.22656933963298798,1,1,0.1968596875667572,1,1,0.1916363686323166,1,1,0.19807849824428558
subject_05:sample_0001061,5,1061,1,1,1,1,1,1,1,0.1859833151102066,1,1,0.22761759161949158,1,1,0.19654299318790436,1,1,0.1916903555393219,1,1,0.19816480576992035
subject_05:sample_0001062,5,1062,1,1,1,1,1,1,1,0.18511654436588287,1,1,0.22848345339298248,1,1,0.196238175034523,1,1,0.19182008504867554,1,1,0.19834081828594208
subject_05:sample_0001063,5,1063,1,1,1,1,1,1,1,0.18435753881931305,1,1,0.22921665012836456,1,1,0.19594919681549072,1,1,0.19193778932094574,1,1,0.19853778183460236
subject_05:sample_0001064,5,1064,1,1,1,1,1,1,1,0.183639794588089,1,1,0.22999712824821472,1,1,0.1957002431154251,1,1,0.19199472665786743,1,1,0.19866715371608734
subject_05:sample_0001065,5,1065,1,1,1,1,1,1,1,0.1830584555864334,1,1,0.23061245679855347,1,1,0.19553059339523315,1,1,0.19194196164608002,1,1,0.19885550439357758
subject_05:sample_0001066,5,1066,1,1,1,1,1,1,1,0.18300221860408783,1,1,0.23070195317268372,1,1,0.19558362662792206,1,1,0.19189931452274323,1,1,0.19881194829940796
subject_05:sample_0001067,5,1067,1,1,1,1,1,1,1,0.1828766167163849,1,1,0.23091311752796173,1,1,0.1956157088279724,1,1,0.19166254997253418,1,1,0.198931023478508
subject_05:sample_0001068,5,1068,1,1,1,1,1,1,1,0.18301329016685486,1,1,0.23094600439071655,1,1,0.19580604135990143,1,1,0.19130347669124603,1,1,0.1989302933216095
subject_05:sample_0001069,5,1069,1,1,1,1,1,1,1,0.18324492871761322,1,1,0.23095953464508057,1,1,0.19608105719089508,1,1,0.1908653825521469,1,1,0.19884806871414185
subject_05:sample_0001070,5,1070,1,1,1,1,1,1,1,0.1835465431213379,1,1,0.2307606190443039,1,1,0.1963552087545395,1,1,0.1904338300228119,1,1,0.19890284538269043
subject_05:sample_0001071,5,1071,1,1,1,1,1,1,1,0.18381065130233765,1,1,0.2305612862110138,1,1,0.19659510254859924,1,1,0.18998320400714874,1,1,0.19904875755310059
subject_05:sample_0001072,5,1072,1,1,1,1,1,1,1,0.1840743124485016,1,1,0.23019710183143616,1,1,0.19683857262134552,1,1,0.1896483302116394,1,1,0.19924068450927734
subject_05:sample_0001073,5,1073,1,1,1,1,1,1,1,0.1843901425600052,1,1,0.2297479808330536,1,1,0.19702954590320587,1,1,0.18939106166362762,1,1,0.19944031536579132
subject_05:sample_0001074,5,1074,1,1,1,1,1,1,1,0.18462902307510376,1,1,0.22944562137126923,1,1,0.19710931181907654,1,1,0.18927757441997528,1,1,0.1995374858379364
subject_05:sample_0001075,5,1075,1,1,1,1,1,1,1,0.1847705841064453,1,1,0.22925370931625366,1,1,0.19707030057907104,1,1,0.18933385610580444,1,1,0.19957055151462555
subject_05:sample_0001076,5,1076,1,1,1,1,1,1,1,0.1848687380552292,1,1,0.22906836867332458,1,1,0.19698871672153473,1,1,0.18941396474838257,1,1,0.19965927302837372
subject_05:sample_0001077,5,1077,1,1,1,1,1,1,1,0.18487438559532166,1,1,0.2289656102657318,1,1,0.19695699214935303,1,1,0.18946778774261475,1,1,0.19973419606685638
subject_05:sample_0001078,5,1078,1,1,1,1,1,1,1,0.18472589552402496,1,1,0.22910349071025848,1,1,0.1968841850757599,1,1,0.1894218623638153,1,1,0.19986358284950256
subject_05:sample_0001079,5,1079,1,1,1,1,1,1,1,0.18455040454864502,1,1,0.22912727296352386,1,1,0.19683073461055756,1,1,0.18929369747638702,1,1,0.20019686222076416
subject_05:sample_0001080,5,1080,1,1,1,1,1,1,1,0.18452787399291992,1,1,0.2288098931312561,1,1,0.19699953496456146,1,1,0.1891101896762848,1,1,0.20055152475833893
subject_05:sample_0001081,5,1081,1,1,1,1,1,1,1,0.18451103568077087,1,1,0.2283754199743271,1,1,0.1972842961549759,1,1,0.18897388875484467,1,1,0.20085442066192627
subject_05:sample_0001082,5,1082,1,1,1,1,1,1,1,0.18446215987205505,1,1,0.22763407230377197,1,1,0.19783402979373932,1,1,0.18894335627555847,1,1,0.20112545788288116
subject_05:sample_0001083,5,1083,1,1,1,1,1,1,1,0.1846098005771637,1,1,0.22642968595027924,1,1,0.19819103181362152,1,1,0.18916234374046326,1,1,0.2016061693429947
subject_05:sample_0001084,5,1084,1,1,1,1,1,1,1,0.18479256331920624,1,1,0.22433215379714966,1,1,0.1993931084871292,1,1,0.18940092623233795,1,1,0.20208027958869934
subject_05:sample_0001085,5,1085,1,1,1,1,1,1,1,0.18535520136356354,1,1,0.22151120007038116,1,1,0.20012426376342773,1,1,0.19010737538337708,1,1,0.20290103554725647
subject_05:sample_0001086,5,1086,1,1,1,1,1,1,1,0.18592962622642517,1,1,0.2190561294555664,1,1,0.20070776343345642,1,1,0.1906309723854065,1,1,0.2036745697259903
subject_05:sample_0001087,5,1087,1,1,1,1,1,1,1,0.18653926253318787,1,1,0.2163274586200714,1,1,0.20189517736434937,1,1,0.19083915650844574,1,1,0.20439806580543518
subject_05:sample_0001088,5,1088,1,1,1,1,1,1,1,0.18719083070755005,1,1,0.21345001459121704,1,1,0.20338276028633118,1,1,0.1908225119113922,1,1,0.2051529437303543
subject_05:sample_0001089,5,1089,1,1,1,1,1,1,1,0.18775399029254913,1,1,0.21106795966625214,1,1,0.20481646060943604,1,1,0.1906169354915619,1,1,0.2057436853647232
subject_05:sample_0001090,5,1090,1,1,1,1,1,1,1,0.1880943775177002,1,1,0.21010039746761322,1,1,0.20514725148677826,1,1,0.19037476181983948,1,1,0.20628227293491364
subject_05:sample_0001091,5,1091,1,1,1,1,1,1,1,0.18843108415603638,1,1,0.20933309197425842,1,1,0.20566794276237488,1,1,0.19004513323307037,1,1,0.20652180910110474
subject_05:sample_0001092,5,1092,1,1,1,1,1,1,1,0.18867577612400055,1,1,0.2092888355255127,1,1,0.20569364726543427,1,1,0.18969692289829254,1,1,0.20664386451244354
subject_05:sample_0001093,5,1093,1,1,1,1,1,1,1,0.18895873427391052,1,1,0.2090679258108139,1,1,0.20587120950222015,1,1,0.18939034640789032,1,1,0.2067108303308487
subject_05:sample_0001094,5,1094,1,1,1,1,1,1,1,0.1891425997018814,1,1,0.20888188481330872,1,1,0.20599950850009918,1,1,0.18922658264636993,1,1,0.20674847066402435
subject_05:sample_0001095,5,1095,1,1,1,1,1,1,1,0.1893714815378189,1,1,0.2080831676721573,1,1,0.20662376284599304,1,1,0.18912172317504883,1,1,0.20679894089698792
subject_05:sample_0001096,5,1096,1,1,1,1,1,1,1,0.18952180445194244,1,1,0.20746344327926636,1,1,0.2071111798286438,1,1,0.1890861988067627,1,1,0.2068164348602295
subject_05:sample_0001097,5,1097,2,1,0,1,0,1,0,0.20613667368888855,1,0,0.17461934685707092,1,0,0.18958817422389984,1,0,0.19808709621429443,1,0,0.23156777024269104
subject_05:sample_0001098,5,1098,2,1,0,1,0,1,0,0.20687907934188843,1,0,0.1734737902879715,1,0,0.1885567009449005,1,0,0.19861097633838654,1,0,0.2324785590171814
subject_05:sample_0001099,5,1099,2,1,0,1,0,1,0,0.20650191605091095,1,0,0.17398472130298615,1,0,0.1892816424369812,1,0,0.19884862005710602,1,0,0.2313821017742157
subject_05:sample_0001100,5,1100,2,1,0,1,0,1,0,0.20668631792068481,1,0,0.1740279197692871,1,0,0.18967194855213165,1,0,0.19900444149971008,1,0,0.23060841858386993
subject_05:sample_0001101,5,1101,2,1,0,1,0,1,0,0.20747055113315582,1,0,0.17395971715450287,1,0,0.1891813427209854,1,0,0.19906257092952728,1,0,0.23032483458518982
subject_05:sample_0001102,5,1102,2,1,0,1,0,1,0,0.20937654376029968,1,0,0.1731715202331543,1,0,0.18761806190013885,1,0,0.19835898280143738,1,0,0.2314739227294922
subject_05:sample_0001103,5,1103,2,1,0,1,0,1,0,0.21097229421138763,1,0,0.1737092286348343,1,0,0.18734225630760193,1,0,0.19731484353542328,1,0,0.23066043853759766
subject_05:sample_0001104,5,1104,2,1,0,1,0,1,0,0.21196550130844116,1,0,0.17539054155349731,1,0,0.18744301795959473,1,0,0.19660668075084686,1,0,0.22859327495098114
subject_05:sample_0001105,5,1105,2,1,0,1,0,1,0,0.21288001537322998,1,0,0.17765478789806366,1,0,0.18774659931659698,1,0,0.1954585462808609,1,0,0.22625911235809326
subject_05:sample_0001106,5,1106,2,1,0,1,0,1,0,0.21277108788490295,1,0,0.18083404004573822,1,0,0.188681498169899,1,0,0.19452112913131714,1,0,0.22319133579730988
subject_05:sample_0001107,5,1107,2,1,0,1,0,1,0,0.21282732486724854,1,0,0.1840263307094574,1,0,0.18981824815273285,1,0,0.1931619793176651,1,0,0.2201651632785797
subject_05:sample_0001108,5,1108,2,1,0,1,0,1,0,0.2128436118364334,1,0,0.18680046498775482,1,0,0.19056035578250885,1,0,0.19209495186805725,1,0,0.21769970655441284
subject_05:sample_0001109,5,1109,2,1,0,1,0,1,0,0.21364492177963257,1,0,0.18882201611995697,1,0,0.19073474407196045,1,0,0.1907927393913269,1,0,0.21600459516048431
subject_05:sample_0001110,5,1110,2,1,0,1,0,1,0,0.21513181924819946,1,0,0.19015644490718842,1,0,0.1906616985797882,1,0,0.18927490711212158,1,0,0.21477417647838593
subject_05:sample_0001111,5,1111,2,1,0,1,0,1,0,0.2171424925327301,1,0,0.19090881943702698,1,0,0.19057317078113556,1,0,0.18777956068515778,1,0,0.2135949730873108
subject_05:sample_0001112,5,1112,2,1,0,1,0,1,0,0.21950137615203857,1,0,0.1910778284072876,1,0,0.19044791162014008,1,0,0.18649306893348694,1,0,0.212478905916214
subject_05:sample_0001113,5,1113,2,1,0,1,0,1,0,0.22227559983730316,1,0,0.19124466180801392,1,0,0.18992778658866882,1,0,0.18487872183322906,1,0,0.21167224645614624
subject_05:sample_0001114,5,1114,2,1,0,1,0,1,0,0.22590506076812744,1,0,0.1909099519252777,1,0,0.18916963040828705,1,0,0.1829913854598999,1,0,0.2110230177640915
subject_05:sample_0001115,5,1115,2,1,0,1,0,1,0,0.2292429655790329,1,0,0.19078245759010315,1,0,0.1886729747056961,1,0,0.18091504275798798,1,0,0.21038560569286346
subject_05:sample_0001116,5,1116,2,1,0,1,0,1,0,0.23520363867282867,1,0,0.18951676785945892,1,0,0.18741372227668762,1,0,0.17764504253864288,1,0,0.2102198749780655
subject_05:sample_0001117,5,1117,2,1,0,1,0,1,0,0.24418872594833374,1,0,0.1867234855890274,1,0,0.18580101430416107,1,0,0.17269748449325562,1,0,0.210588276386261
subject_05:sample_0001118,5,1118,2,1,0,1,0,1,0,0.25441059470176697,1,0,0.18291251361370087,1,0,0.1847788691520691,1,0,0.16660676896572113,1,0,0.2112903743982315
subject_05:sample_0001119,5,1119,2,1,0,1,0,1,0,0.264415442943573,1,0,0.1783275604248047,1,0,0.18501214683055878,1,0,0.16001662611961365,1,0,0.2122272551059723
subject_05:sample_0001120,5,1120,2,1,0,1,0,1,0,0.27295568585395813,1,0,0.17249518632888794,1,0,0.18843944370746613,1,0,0.1518893539905548,1,0,0.21421943604946136
subject_05:sample_0001121,5,1121,2,1,0,1,0,1,0,0.2787591516971588,1,0,0.16467098891735077,1,0,0.19588321447372437,1,0,0.14157205820083618,1,0,0.21911360323429108
subject_05:sample_0001122,5,1122,2,1,0,1,0,1,0,0.2811782658100128,1,0,0.15624110400676727,1,0,0.20564524829387665,1,0,0.12907297909259796,1,0,0.22786150872707367
subject_05:sample_0001123,5,1123,2,1,0,1,0,2,1,0.2706700563430786,1,0,0.15144158899784088,1,0,0.21424700319766998,1,0,0.11528108268976212,1,0,0.24835938215255737
subject_05:sample_0001124,5,1124,2,2,1,2,1,2,1,0.24619968235492706,1,0,0.15994587540626526,2,1,0.23536165058612823,1,0,0.10640525072813034,2,1,0.2520865499973297
subject_05:sample_0001125,5,1125,2,2,1,2,1,2,1,0.22236765921115875,2,1,0.2035411298274994,2,1,0.22944162786006927,1,0,0.10651412606239319,2,1,0.23813451826572418
subject_05:sample_0001126,5,1126,2,2,1,2,1,2,1,0.2082936018705368,2,1,0.21204619109630585,2,1,0.22447429597377777,1,0,0.12122379243373871,2,1,0.23396113514900208
subject_05:sample_0001127,5,1127,2,2,1,2,1,2,1,0.1913895308971405,2,1,0.2064010202884674,2,1,0.21270325779914856,2,1,0.1651669442653656,2,1,0.22433821856975555
subject_05:sample_0001128,5,1128,2,2,1,2,1,2,1,0.18223316967487335,2,1,0.20358607172966003,2,1,0.20748522877693176,2,1,0.1857815831899643,2,1,0.22091296315193176
subject_05:sample_0001129,5,1129,2,2,1,2,1,2,1,0.17681612074375153,2,1,0.20210379362106323,2,1,0.20409008860588074,2,1,0.1968420445919037,2,1,0.22014696896076202
subject_05:sample_0001130,5,1130,2,2,1,2,1,2,1,0.17412076890468597,2,1,0.20097112655639648,2,1,0.2019040882587433,2,1,0.20382563769817352,2,1,0.21917739510536194
subject_05:sample_0001131,5,1131,2,2,1,2,1,2,1,0.17267383635044098,2,1,0.20036569237709045,2,1,0.20097705721855164,2,1,0.20805411040782928,2,1,0.21792832016944885
subject_05:sample_0001132,5,1132,2,2,1,2,1,2,1,0.17192088067531586,2,1,0.20017613470554352,2,1,0.2010682374238968,2,1,0.21051684021949768,2,1,0.21631692349910736
subject_05:sample_0001133,5,1133,2,2,1,2,1,2,1,0.1723680943250656,2,1,0.20033812522888184,2,1,0.1999756097793579,2,1,0.21244201064109802,2,1,0.21487511694431305
subject_05:sample_0001134,5,1134,2,2,1,2,1,2,1,0.1733189970254898,2,1,0.20095965266227722,2,1,0.1970866322517395,2,1,0.2140476554632187,2,1,0.214586079120636
subject_05:sample_0001135,5,1135,2,2,1,2,1,2,1,0.17303510010242462,2,1,0.20112472772598267,2,1,0.1970655471086502,2,1,0.21464738249778748,2,1,0.21412628889083862
subject_05:sample_0001136,5,1136,2,2,1,2,1,2,1,0.17158527672290802,2,1,0.2006375938653946,2,1,0.19759920239448547,2,1,0.21560396254062653,2,1,0.2145729809999466
subject_05:sample_0001137,5,1137,2,2,1,2,1,2,1,0.170267254114151,2,1,0.20037499070167542,2,1,0.1982611119747162,2,1,0.21634133160114288,2,1,0.21475432813167572
subject_05:sample_0001138,5,1138,2,2,1,2,1,2,1,0.1697002798318863,2,1,0.20081903040409088,2,1,0.1991744339466095,2,1,0.2146773636341095,2,1,0.215627983212471
subject_05:sample_0001139,5,1139,2,2,1,2,1,2,1,0.16931657493114471,2,1,0.20097647607326508,2,1,0.20079022645950317,2,1,0.21322916448116302,2,1,0.21568654477596283
subject_05:sample_0001140,5,1140,2,2,1,2,1,2,1,0.16927389800548553,2,1,0.201009601354599,2,1,0.20293878018856049,2,1,0.2114127278327942,2,1,0.215364009141922
subject_05:sample_0001141,5,1141,2,2,1,2,1,2,1,0.16994524002075195,2,1,0.20178256928920746,2,1,0.20227551460266113,2,1,0.21012964844703674,2,1,0.21586602926254272
subject_05:sample_0001142,5,1142,2,2,1,2,1,2,1,0.17048263549804688,2,1,0.20243807137012482,2,1,0.20108246803283691,2,1,0.21044018864631653,2,1,0.21555566787719727
subject_05:sample_0001143,5,1143,2,2,1,2,1,2,1,0.17097130417823792,2,1,0.20307603478431702,2,1,0.20183590054512024,2,1,0.20911578834056854,2,1,0.2150000035762787
subject_05:sample_0001144,5,1144,2,2,1,2,1,2,1,0.17191950976848602,2,1,0.20350933074951172,2,1,0.2008543610572815,2,1,0.2090902030467987,2,1,0.21462562680244446
subject_05:sample_0001145,5,1145,2,2,1,2,1,2,1,0.17279016971588135,2,1,0.20327147841453552,2,1,0.19953617453575134,2,1,0.21118766069412231,2,1,0.21321353316307068
subject_05:sample_0001146,5,1146,2,2,1,2,1,2,1,0.17333972454071045,2,1,0.20247842371463776,2,1,0.1977977454662323,2,1,0.2141018956899643,2,1,0.2122812271118164
subject_05:sample_0001147,5,1147,2,2,1,2,1,2,1,0.17442573606967926,2,1,0.20144122838974,2,1,0.1955440789461136,2,1,0.2168906033039093,2,1,0.21169741451740265
subject_05:sample_0001148,5,1148,2,2,1,2,1,2,1,0.17589417099952698,2,1,0.20120541751384735,2,1,0.1963399052619934,2,1,0.2148139327764511,2,1,0.21174561977386475
subject_05:sample_0001149,5,1149,2,2,1,2,1,2,1,0.1770845502614975,2,1,0.2003057301044464,2,1,0.1974543035030365,2,1,0.21400009095668793,2,1,0.21115437150001526
subject_05:sample_0001150,5,1150,2,2,1,2,1,2,1,0.17828984558582306,2,1,0.1997031271457672,2,1,0.1987512707710266,2,1,0.21282146871089935,2,1,0.21043331921100616
subject_05:sample_0001151,5,1151,2,2,1,2,1,2,1,0.17954352498054504,2,1,0.199386864900589,2,1,0.1994142234325409,2,1,0.21196198463439941,2,1,0.20969241857528687
subject_05:sample_0001152,5,1152,2,2,1,2,1,2,1,0.1813974678516388,2,1,0.19872352480888367,2,1,0.19986699521541595,2,1,0.21108302474021912,2,1,0.20892812311649323
subject_05:sample_0001153,5,1153,2,2,1,2,1,2,1,0.18295180797576904,2,1,0.19830326735973358,2,1,0.20005278289318085,2,1,0.21034583449363708,2,1,0.20834532380104065
subject_05:sample_0001154,5,1154,2,2,1,2,1,2,1,0.18450942635536194,2,1,0.19800907373428345,2,1,0.20002290606498718,2,1,0.20971322059631348,2,1,0.20774440467357635
subject_05:sample_0001155,5,1155,2,2,1,2,1,2,1,0.18542073667049408,2,1,0.1977788358926773,2,1,0.19997522234916687,2,1,0.20943470299243927,2,1,0.20738953351974487
subject_05:sample_0001156,5,1156,2,2,1,2,1,2,1,0.18620559573173523,2,1,0.1976236253976822,2,1,0.199812114238739,2,1,0.2092813402414322,2,1,0.20707635581493378
subject_05:sample_0001157,5,1157,2,2,1,2,1,2,1,0.18681667745113373,2,1,0.19737508893013,2,1,0.1999407559633255,2,1,0.20917028188705444,2,1,0.20669622719287872
subject_05:sample_0001158,5,1158,2,2,1,2,1,2,1,0.1873030811548233,2,1,0.19679823517799377,2,1,0.20058828592300415,2,1,0.20901228487491608,2,1,0.2062971144914627
subject_05:sample_0001159,5,1159,2,2,1,2,1,2,1,0.1877620667219162,2,1,0.19649189710617065,2,1,0.20120342075824738,2,1,0.20865188539028168,2,1,0.2058897614479065
subject_05:sample_0001160,5,1160,2,2,1,2,1,2,1,0.1882418990135193,2,1,0.1962425857782364,2,1,0.20161180198192596,2,1,0.2085353434085846,2,1,0.20536740124225616
subject_05:sample_0001161,5,1161,2,2,1,2,1,2,1,0.18877312541007996,2,1,0.19570410251617432,2,1,0.20165805518627167,2,1,0.20917637646198273,2,1,0.20468738675117493
subject_05:sample_0001162,5,1162,2,2,1,2,1,2,1,0.18900324404239655,2,1,0.19517381489276886,2,1,0.20141524076461792,2,1,0.20983551442623138,2,1,0.20457124710083008
subject_05:sample_0001163,5,1163,2,2,1,2,1,2,1,0.18921822309494019,2,1,0.19555024802684784,2,1,0.20144662261009216,2,1,0.20897099375724792,2,1,0.20481304824352264
subject_05:sample_0001164,5,1164,2,2,1,2,1,2,1,0.18938995897769928,2,1,0.19577649235725403,2,1,0.20145182311534882,2,1,0.2083938866853714,2,1,0.20498687028884888
subject_05:sample_0001165,5,1165,2,2,1,2,1,2,1,0.18994365632534027,2,1,0.19569379091262817,2,1,0.20159433782100677,2,1,0.20773574709892273,2,1,0.20503157377243042
subject_05:sample_0001166,5,1166,2,2,1,2,1,2,1,0.190780371427536,2,1,0.19532349705696106,2,1,0.20188389718532562,2,1,0.2070399671792984,2,1,0.2049712985754013
subject_05:sample_0001167,5,1167,2,2,1,2,1,2,1,0.19191919267177582,2,1,0.1946839690208435,2,1,0.2020656019449234,2,1,0.20652511715888977,2,1,0.2048051655292511
subject_05:sample_0001168,5,1168,2,2,1,2,1,2,1,0.19331242144107819,2,1,0.19399578869342804,2,1,0.2020978033542633,2,1,0.20606717467308044,2,1,0.2045258730649948
subject_05:sample_0001169,5,1169,2,2,1,2,1,2,1,0.19457262754440308,2,1,0.19296613335609436,2,1,0.2021643966436386,2,1,0.20583461225032806,2,1,0.20446127653121948
subject_05:sample_0001170,5,1170,2,2,1,2,1,2,1,0.19482438266277313,2,1,0.1921299397945404,2,1,0.20251905918121338,2,1,0.20588485896587372,2,1,0.20464076101779938
subject_05:sample_0001171,5,1171,2,2,1,2,1,2,1,0.1946852058172226,2,1,0.19160117208957672,2,1,0.20267686247825623,2,1,0.20608408749103546,2,1,0.204951673746109
subject_05:sample_0001172,5,1172,2,2,1,2,1,2,1,0.19480885565280914,2,1,0.19116054475307465,2,1,0.20283056795597076,2,1,0.20612305402755737,2,1,0.20507603883743286
subject_05:sample_0001173,5,1173,2,2,1,2,1,2,1,0.1948844939470291,2,1,0.19082596898078918,2,1,0.20298708975315094,2,1,0.206142395734787,2,1,0.20515915751457214
subject_05:sample_0001174,5,1174,2,2,1,2,1,2,1,0.19511500000953674,2,1,0.19044947624206543,2,1,0.20317807793617249,2,1,0.20608088374137878,2,1,0.20517565310001373
subject_05:sample_0001175,5,1175,2,2,1,2,1,2,1,0.19547195732593536,2,1,0.19012607634067535,2,1,0.20325303077697754,2,1,0.20600950717926025,2,1,0.20513850450515747
subject_05:sample_0001176,5,1176,2,2,1,2,1,2,1,0.19569902122020721,2,1,0.1898764967918396,2,1,0.20328941941261292,2,1,0.20598682761192322,2,1,0.20514729619026184
subject_05:sample_0001177,5,1177,2,2,1,2,1,2,1,0.19563767313957214,2,1,0.18993978202342987,2,1,0.20327171683311462,2,1,0.20600290596485138,2,1,0.2051468938589096
subject_05:sample_0001178,5,1178,2,2,1,2,1,2,1,0.1955280303955078,2,1,0.18988262116909027,2,1,0.2033180296421051,2,1,0.20608919858932495,2,1,0.20518113672733307
subject_05:sample_0001179,5,1179,2,2,1,2,1,2,1,0.1952851116657257,2,1,0.18997515738010406,2,1,0.20337800681591034,2,1,0.20618319511413574,2,1,0.20517762005329132
subject_05:sample_0001180,5,1180,2,2,1,2,1,2,1,0.19515784084796906,2,1,0.18995614349842072,2,1,0.2034422606229782,2,1,0.20625920593738556,2,1,0.20518356561660767
subject_05:sample_0001181,5,1181,2,2,1,2,1,2,1,0.19515256583690643,2,1,0.18993788957595825,2,1,0.2034728080034256,2,1,0.20631998777389526,2,1,0.20511586964130402
subject_05:sample_0001182,5,1182,2,2,1,2,1,2,1,0.19516508281230927,2,1,0.18995173275470734,2,1,0.20347698032855988,2,1,0.20636139810085297,2,1,0.20504377782344818
subject_05:sample_0001183,5,1183,2,2,1,2,1,2,1,0.19521373510360718,2,1,0.1898980289697647,2,1,0.2034781277179718,2,1,0.20641128718852997,2,1,0.20499789714813232
subject_05:sample_0001184,5,1184,2,2,1,2,1,2,1,0.19523778557777405,2,1,0.1899566799402237,2,1,0.20344582200050354,2,1,0.2064656913280487,2,1,0.20489312708377838
subject_05:sample_0001185,5,1185,2,2,1,2,1,2,1,0.1952660083770752,2,1,0.19002045691013336,2,1,0.20333817601203918,2,1,0.20655557513237,2,1,0.20481887459754944
subject_05:sample_0001186,5,1186,2,2,1,2,1,2,1,0.19519756734371185,2,1,0.19014377892017365,2,1,0.2032899409532547,2,1,0.20664753019809723,2,1,0.20472022891044617
subject_05:sample_0001187,5,1187,2,2,1,2,1,2,1,0.19506585597991943,2,1,0.19042296707630157,2,1,0.2032252699136734,2,1,0.2066972851753235,2,1,0.2045876830816269
subject_05:sample_0001188,5,1188,2,2,1,2,1,2,1,0.19489559531211853,2,1,0.19087933003902435,2,1,0.20310147106647491,2,1,0.20667803287506104,2,1,0.20444458723068237
subject_05:sample_0001189,5,1189,2,2,1,2,1,2,1,0.19495664536952972,2,1,0.191054105758667,2,1,0.20295746624469757,2,1,0.2066742479801178,2,1,0.20435655117034912
subject_05:sample_0001190,5,1190,2,2,1,2,1,2,1,0.19484879076480865,2,1,0.19159556925296783,2,1,0.20276868343353271,2,1,0.2065909206867218,2,1,0.20419511198997498
subject_05:sample_0001191,5,1191,2,2,1,2,1,2,1,0.19473707675933838,2,1,0.1920538693666458,2,1,0.2026534229516983,2,1,0.20647740364074707,2,1,0.20407730340957642
subject_05:sample_0001192,5,1192,2,2,1,2,1,2,1,0.1944650113582611,2,1,0.1922246515750885,2,1,0.20279912650585175,2,1,0.20643924176692963,2,1,0.2040710151195526
subject_05:sample_0001193,5,1193,2,2,1,2,1,2,1,0.19420216977596283,2,1,0.1922113299369812,2,1,0.202948659658432,2,1,0.2064695507287979,2,1,0.20416738092899323
subject_05:sample_0001194,5,1194,2,2,1,2,1,2,1,0.19422096014022827,2,1,0.1923583447933197,2,1,0.20286014676094055,2,1,0.20641085505485535,2,1,0.2041487693786621
subject_05:sample_0001195,5,1195,2,2,1,2,1,2,1,0.1943945288658142,2,1,0.19231458008289337,2,1,0.20281250774860382,2,1,0.20634597539901733,2,1,0.20413143932819366
subject_05:sample_0001196,5,1196,2,2,1,2,1,2,1,0.19486269354820251,2,1,0.19186855852603912,2,1,0.20272475481033325,2,1,0.20635464787483215,2,1,0.20418842136859894
subject_05:sample_0001197,5,1197,2,2,1,2,1,2,1,0.19511711597442627,2,1,0.19182699918746948,2,1,0.20246249437332153,2,1,0.20635582506656647,2,1,0.20423667132854462
subject_05:sample_0001198,5,1198,2,2,1,2,1,2,1,0.19591860473155975,2,1,0.19123540818691254,2,1,0.20182152092456818,2,1,0.20654688775539398,2,1,0.20447665452957153
subject_05:sample_0001199,5,1199,2,2,1,2,1,2,1,0.1962129920721054,2,1,0.19110262393951416,2,1,0.20139510929584503,2,1,0.206680566072464,2,1,0.204607754945755
subject_05:sample_0001200,5,1200,2,2,1,2,1,2,1,0.19638435542583466,2,1,0.19097444415092468,2,1,0.201199010014534,2,1,0.20677320659160614,2,1,0.2046680748462677
subject_05:sample_0001201,5,1201,2,2,1,2,1,2,1,0.19656360149383545,2,1,0.19078132510185242,2,1,0.2011047601699829,2,1,0.20684100687503815,2,1,0.2047082930803299
subject_05:sample_0001202,5,1202,2,2,1,2,1,2,1,0.19666050374507904,2,1,0.19066834449768066,2,1,0.20104853808879852,2,1,0.20690657198429108,2,1,0.20471511781215668
subject_05:sample_0001203,5,1203,2,2,1,2,1,2,1,0.19675998389720917,2,1,0.19060179591178894,2,1,0.20099884271621704,2,1,0.20695491135120392,2,1,0.2046835571527481
subject_05:sample_0001204,5,1204,2,2,1,2,1,2,1,0.19679731130599976,2,1,0.19045446813106537,2,1,0.20099937915802002,2,1,0.2070583552122116,2,1,0.204689621925354
subject_05:sample_0001205,5,1205,2,2,1,2,1,2,1,0.19711218774318695,2,1,0.18997810781002045,2,1,0.2010459005832672,2,1,0.2071627676486969,2,1,0.2047000229358673
subject_05:sample_0001206,5,1206,2,2,1,2,1,2,1,0.19735245406627655,2,1,0.18953156471252441,2,1,0.20116735994815826,2,1,0.20722128450870514,2,1,0.20472636818885803
subject_05:sample_0001207,5,1207,2,2,1,2,1,2,1,0.1975838541984558,2,1,0.18905967473983765,2,1,0.20131953060626984,2,1,0.20727095007896423,2,1,0.20476499199867249
subject_05:sample_0001208,5,1208,2,2,1,2,1,2,1,0.19778825342655182,2,1,0.18862760066986084,2,1,0.20154736936092377,2,1,0.20727132260799408,2,1,0.20476454496383667
subject_05:sample_0001209,5,1209,2,2,1,2,1,2,1,0.19811715185642242,2,1,0.18834178149700165,2,1,0.20153650641441345,2,1,0.2072402685880661,2,1,0.2047632783651352
subject_05:sample_0001210,5,1210,2,2,1,2,1,2,1,0.1985919177532196,2,1,0.188231959939003,2,1,0.20142732560634613,2,1,0.20708593726158142,2,1,0.20466193556785583
subject_05:sample_0001211,5,1211,2,2,1,2,1,2,1,0.1996605396270752,2,1,0.18810586631298065,2,1,0.201093852519989,2,1,0.20674347877502441,2,1,0.20439524948596954
subject_05:sample_0001212,5,1212,2,2,1,2,1,2,1,0.2014087587594986,2,1,0.1879124790430069,2,1,0.20050035417079926,2,1,0.20626123249530792,2,1,0.2039162963628769
subject_05:sample_0001213,5,1213,2,2,1,2,1,2,1,0.20310531556606293,2,1,0.18799269199371338,2,1,0.19994261860847473,2,1,0.20568856596946716,2,1,0.2032698690891266
subject_05:sample_0001214,5,1214,2,2,1,2,1,2,1,0.20418478548526764,2,1,0.1880653202533722,2,1,0.19962814450263977,2,1,0.20535293221473694,2,1,0.20276780426502228
subject_05:sample_0001215,5,1215,2,2,1,2,1,2,1,0.20308390259742737,2,1,0.1885889172554016,2,1,0.1998460292816162,2,1,0.2056652307510376,2,1,0.2028149515390396
subject_05:sample_0001216,5,1216,2,2,1,2,1,2,1,0.20142026245594025,2,1,0.18930235505104065,2,1,0.20022329688072205,2,1,0.20606505870819092,2,1,0.20298805832862854
subject_05:sample_0001217,5,1217,2,2,1,2,1,2,1,0.20082005858421326,2,1,0.1898127943277359,2,1,0.2003314346075058,2,1,0.20609523355960846,2,1,0.20293951034545898
subject_05:sample_0001218,5,1218,2,2,1,2,1,2,1,0.20104847848415375,2,1,0.18998058140277863,2,1,0.20027537643909454,2,1,0.2058606743812561,2,1,0.20283390581607819
subject_05:sample_0001219,5,1219,2,2,1,2,1,2,1,0.20161336660385132,2,1,0.18998411297798157,2,1,0.20008574426174164,2,1,0.20554965734481812,2,1,0.20276610553264618
subject_05:sample_0001220,5,1220,2,2,1,2,1,2,1,0.20196433365345,2,1,0.189976766705513,2,1,0.19995811581611633,2,1,0.20524975657463074,2,1,0.20284996926784515
subject_05:sample_0001221,5,1221,2,2,1,2,1,2,1,0.20175734162330627,2,1,0.1900659203529358,2,1,0.19996289908885956,2,1,0.20505811274051666,2,1,0.2031548023223877
subject_05:sample_0001222,5,1222,2,2,1,2,1,2,1,0.20090390741825104,2,1,0.19028903543949127,2,1,0.20012043416500092,2,1,0.20497249066829681,2,1,0.20371314883232117
subject_05:sample_0001223,5,1223,2,2,1,2,1,2,1,0.19980566203594208,2,1,0.19061468541622162,2,1,0.20030857622623444,2,1,0.20495088398456573,2,1,0.20431922376155853
subject_05:sample_0001224,5,1224,2,2,1,2,1,2,1,0.19863000512123108,2,1,0.19092555344104767,2,1,0.20046734809875488,2,1,0.20497247576713562,2,1,0.20500369369983673
subject_05:sample_0001225,5,1225,2,2,1,2,1,2,1,0.19780857861042023,2,1,0.1910000443458557,2,1,0.20053119957447052,2,1,0.20494547486305237,2,1,0.2057136744260788
subject_05:sample_0001226,5,1226,2,2,1,2,1,2,1,0.1972467303276062,2,1,0.19101320207118988,2,1,0.2003965973854065,2,1,0.2048352211713791,2,1,0.20650725066661835
subject_05:sample_0001227,5,1227,2,2,1,2,1,2,1,0.1969612091779709,2,1,0.1909727156162262,2,1,0.20020803809165955,2,1,0.20476362109184265,2,1,0.20709340274333954
subject_05:sample_0001228,5,1228,2,2,1,2,1,2,1,0.19696730375289917,2,1,0.19067221879959106,2,1,0.20003697276115417,2,1,0.20479856431484222,2,1,0.20752394199371338
subject_05:sample_0001229,5,1229,2,2,1,2,1,2,1,0.19690652191638947,2,1,0.19064800441265106,2,1,0.199957475066185,2,1,0.2049403041601181,2,1,0.20754672586917877
subject_05:sample_0001230,5,1230,2,2,1,2,1,2,1,0.19711986184120178,2,1,0.19056196510791779,2,1,0.20011892914772034,2,1,0.20527666807174683,2,1,0.20692157745361328
subject_05:sample_0001231,5,1231,2,2,1,2,1,2,1,0.19760863482952118,2,1,0.1903531551361084,2,1,0.20041514933109283,2,1,0.20579488575458527,2,1,0.20582722127437592
subject_05:sample_0001232,5,1232,2,2,1,2,1,2,1,0.19793611764907837,2,1,0.19016243517398834,2,1,0.20056885480880737,2,1,0.20620082318782806,2,1,0.20513074100017548
subject_05:sample_0001233,5,1233,2,2,1,2,1,2,1,0.19813759624958038,2,1,0.19006627798080444,2,1,0.2005321979522705,2,1,0.20641136169433594,2,1,0.20485159754753113
subject_05:sample_0001234,5,1234,2,2,1,2,1,2,1,0.19840213656425476,2,1,0.19004300236701965,2,1,0.20042981207370758,2,1,0.20630726218223572,2,1,0.20481683313846588
subject_05:sample_0001235,5,1235,2,2,1,2,1,2,1,0.19853125512599945,2,1,0.1899583488702774,2,1,0.20048944652080536,2,1,0.20597553253173828,2,1,0.2050444632768631
subject_05:sample_0001236,5,1236,2,2,1,2,1,2,1,0.19854697585105896,2,1,0.19000591337680817,2,1,0.2007075548171997,2,1,0.20540164411067963,2,1,0.2053370326757431
subject_05:sample_0001237,5,1237,2,2,1,2,1,2,1,0.1984010487794876,2,1,0.19010776281356812,2,1,0.20096199214458466,2,1,0.20489540696144104,2,1,0.20563283562660217
subject_05:sample_0001238,5,1238,2,2,1,2,1,2,1,0.19850142300128937,2,1,0.1901087611913681,2,1,0.2011793851852417,2,1,0.2044706642627716,2,1,0.2057388573884964
subject_05:sample_0001239,5,1239,2,2,1,2,1,2,1,0.19862784445285797,2,1,0.19014784693717957,2,1,0.20145060122013092,2,1,0.20401571691036224,2,1,0.2057570219039917
subject_05:sample_0001240,5,1240,2,2,1,2,1,2,1,0.19887082278728485,2,1,0.19013282656669617,2,1,0.20160414278507233,2,1,0.2035951018333435,2,1,0.20579610764980316
subject_05:sample_0001241,5,1241,2,2,1,2,1,2,1,0.19902291893959045,2,1,0.1902894377708435,2,1,0.20172567665576935,2,1,0.2031693458557129,2,1,0.2057916224002838
subject_05:sample_0001242,5,1242,2,2,1,2,1,2,1,0.19914543628692627,2,1,0.19049473106861115,2,1,0.20196124911308289,2,1,0.20265834033489227,2,1,0.20573927462100983
subject_05:sample_0001243,5,1243,2,2,1,2,1,2,1,0.19908827543258667,2,1,0.190728098154068,2,1,0.20229865610599518,2,1,0.2021801918745041,2,1,0.20570378005504608
subject_05:sample_0001244,5,1244,2,2,1,2,1,2,1,0.1990661323070526,2,1,0.1908230185508728,2,1,0.2026750147342682,2,1,0.2017432153224945,2,1,0.2056916058063507
subject_05:sample_0001245,5,1245,2,2,1,2,1,2,1,0.19918803870677948,2,1,0.19084063172340393,2,1,0.20308420062065125,2,1,0.20127753913402557,2,1,0.20560859143733978
subject_05:sample_0001246,5,1246,2,2,1,2,1,2,1,0.19934268295764923,2,1,0.19081531465053558,2,1,0.20324404537677765,2,1,0.20102305710315704,2,1,0.2055739164352417
subject_05:sample_0001247,5,1247,2,2,1,2,1,2,1,0.19959749281406403,2,1,0.19081561267375946,2,1,0.20328737795352936,2,1,0.20075468719005585,2,1,0.2055439054965973
subject_05:sample_0001248,5,1248,2,2,1,2,1,2,1,0.19964496791362762,2,1,0.19095644354820251,2,1,0.2032812386751175,2,1,0.20054273307323456,2,1,0.2055736929178238
subject_05:sample_0001249,5,1249,2,2,1,2,1,2,1,0.1995997428894043,2,1,0.1910107433795929,2,1,0.2033356875181198,2,1,0.20040982961654663,2,1,0.20564302802085876
subject_05:sample_0001250,5,1250,2,2,1,2,1,2,1,0.19931963086128235,2,1,0.19132789969444275,2,1,0.20332787930965424,2,1,0.2003866732120514,2,1,0.20563693344593048
subject_05:sample_0001251,5,1251,2,2,1,2,1,2,1,0.19904588162899017,2,1,0.19172504544258118,2,1,0.20333115756511688,2,1,0.20029424130916595,2,1,0.20560263097286224
subject_05:sample_0001252,5,1252,2,2,1,2,1,2,1,0.198598250746727,2,1,0.19249075651168823,2,1,0.20313569903373718,2,1,0.20016367733478546,2,1,0.20561066269874573
subject_05:sample_0001253,5,1253,2,2,1,2,1,2,1,0.1981050819158554,2,1,0.19337065517902374,2,1,0.20291239023208618,2,1,0.2000732421875,2,1,0.20553769171237946
subject_05:sample_0001254,5,1254,2,2,1,2,1,2,1,0.19781385362148285,2,1,0.19402486085891724,2,1,0.20266790688037872,2,1,0.19996516406536102,2,1,0.2055271863937378
subject_05:sample_0001255,5,1255,2,2,1,2,1,2,1,0.19758407771587372,2,1,0.19461823999881744,2,1,0.20242328941822052,2,1,0.199788898229599,2,1,0.20558448135852814
subject_05:sample_0001256,5,1256,2,2,1,2,1,2,1,0.19749516248703003,2,1,0.1950167715549469,2,1,0.20224404335021973,2,1,0.1995917707681656,2,1,0.20565132796764374
subject_05:sample_0001257,5,1257,2,2,1,2,1,2,1,0.19731158018112183,2,1,0.19553875923156738,2,1,0.2020598202943802,2,1,0.19936759769916534,2,1,0.20572131872177124
subject_05:sample_0001258,5,1258,2,2,1,2,1,2,1,0.19707122445106506,2,1,0.19614195823669434,2,1,0.20192942023277283,2,1,0.1991102248430252,2,1,0.20574623346328735
subject_05:sample_0001259,5,1259,2,2,1,2,1,2,1,0.19668835401535034,2,1,0.19688595831394196,2,1,0.20184892416000366,2,1,0.19882746040821075,2,1,0.20574837923049927
subject_05:sample_0001260,5,1260,2,2,1,2,1,2,1,0.1962714046239853,2,1,0.19766618311405182,2,1,0.20180010795593262,2,1,0.19854383170604706,2,1,0.2057175189256668
subject_05:sample_0001261,5,1261,2,2,1,2,1,2,1,0.19602136313915253,2,1,0.19830915331840515,2,1,0.2017851024866104,2,1,0.19819213449954987,2,1,0.20569124817848206
subject_05:sample_0001262,5,1262,2,2,1,2,1,2,1,0.19584578275680542,2,1,0.1990593820810318,2,1,0.20160004496574402,2,1,0.19776956737041473,2,1,0.20572419464588165
subject_05:sample_0001263,5,1263,2,2,1,2,1,2,1,0.1957184225320816,2,1,0.20007194578647614,2,1,0.2009180784225464,2,1,0.19747184216976166,2,1,0.2058187574148178
subject_05:sample_0001264,5,1264,2,2,1,2,1,2,1,0.19559738039970398,2,1,0.20128880441188812,2,1,0.19993680715560913,2,1,0.19716940820217133,2,1,0.20600655674934387
subject_05:sample_0001265,5,1265,2,2,1,2,1,2,1,0.19547227025032043,2,1,0.20250317454338074,2,1,0.1991078108549118,2,1,0.1968889683485031,2,1,0.20602679252624512
subject_05:sample_0001266,5,1266,2,2,1,2,1,2,1,0.1951715499162674,2,1,0.2032848447561264,2,1,0.19946615397930145,2,1,0.19629330933094025,2,1,0.2057832032442093
subject_05:sample_0001267,5,1267,2,2,1,2,1,2,1,0.1948975920677185,2,1,0.20398660004138947,2,1,0.19995585083961487,2,1,0.19572725892066956,2,1,0.20543172955513
subject_05:sample_0001268,5,1268,2,2,1,2,1,2,1,0.19470855593681335,2,1,0.20466047525405884,2,1,0.20008794963359833,2,1,0.19511623680591583,2,1,0.20542582869529724
subject_05:sample_0001269,5,1269,2,2,1,2,1,2,1,0.1945679783821106,2,1,0.20508316159248352,2,1,0.19995689392089844,2,1,0.19437964260578156,2,1,0.20601138472557068
subject_05:sample_0001270,5,1270,2,2,1,2,1,2,1,0.19468797743320465,2,1,0.2054128646850586,2,1,0.1997906118631363,2,1,0.1938072144985199,2,1,0.20630043745040894
subject_05:sample_0001271,5,1271,2,2,1,2,1,2,1,0.19456712901592255,2,1,0.20587977766990662,2,1,0.19958052039146423,2,1,0.1935485154390335,2,1,0.20642311871051788
subject_05:sample_0001272,5,1272,2,2,1,2,1,2,1,0.19447638094425201,2,1,0.20623478293418884,2,1,0.1994987428188324,2,1,0.19326351583003998,2,1,0.20652566850185394
subject_05:sample_0001273,5,1273,2,2,1,2,1,2,1,0.19423703849315643,2,1,0.2066364884376526,2,1,0.19954422116279602,2,1,0.19303089380264282,2,1,0.20655035972595215
subject_05:sample_0001274,5,1274,2,2,1,2,1,2,1,0.19398587942123413,2,1,0.20716361701488495,2,1,0.1996678113937378,2,1,0.1930045783519745,2,1,0.20617714524269104
subject_05:sample_0001275,5,1275,2,2,1,2,1,2,1,0.19392991065979004,2,1,0.20776806771755219,2,1,0.19987845420837402,2,1,0.1931082010269165,2,1,0.20531433820724487
subject_05:sample_0001276,5,1276,2,2,1,2,1,2,1,0.19385719299316406,2,1,0.20835909247398376,2,1,0.20007090270519257,2,1,0.19306907057762146,2,1,0.20464274287223816
subject_05:sample_0001277,5,1277,2,2,1,2,1,2,1,0.19376839697360992,2,1,0.2086804062128067,2,1,0.2001701444387436,2,1,0.19267794489860535,2,1,0.20470216870307922
subject_05:sample_0001278,5,1278,2,2,1,2,1,2,1,0.19380828738212585,2,1,0.20886939764022827,2,1,0.20049713551998138,2,1,0.19231495261192322,2,1,0.20450931787490845
subject_05:sample_0001279,5,1279,2,2,1,2,1,2,1,0.1937618851661682,2,1,0.20886476337909698,2,1,0.20086441934108734,2,1,0.19198262691497803,2,1,0.20452533662319183
subject_05:sample_0001280,5,1280,2,2,1,2,1,2,1,0.19374509155750275,2,1,0.20882217586040497,2,1,0.2010871320962906,2,1,0.19169513881206512,2,1,0.2046494483947754
subject_05:sample_0001281,5,1281,2,2,1,2,1,2,1,0.19382253289222717,2,1,0.20880506932735443,2,1,0.20133571326732635,2,1,0.1914851814508438,2,1,0.20455054938793182
subject_05:sample_0001282,5,1282,2,2,1,2,1,2,1,0.193940207362175,2,1,0.20892959833145142,2,1,0.20159664750099182,2,1,0.191365048289299,2,1,0.20416750013828278
subject_05:sample_0001283,5,1283,2,2,1,2,1,2,1,0.19380031526088715,2,1,0.20905689895153046,2,1,0.20198829472064972,2,1,0.19119222462177277,2,1,0.2039612978696823
subject_05:sample_0001284,5,1284,2,2,1,2,1,2,1,0.19371706247329712,2,1,0.20915921032428741,2,1,0.20219747722148895,2,1,0.1910955011844635,2,1,0.2038298100233078
subject_05:sample_0001285,5,1285,2,2,1,2,1,2,1,0.19351831078529358,2,1,0.20922327041625977,2,1,0.2027663290500641,2,1,0.19096453487873077,2,1,0.2035266011953354
subject_05:sample_0001286,5,1286,2,2,1,2,1,2,1,0.19353774189949036,2,1,0.2094394713640213,2,1,0.2029603123664856,2,1,0.19092318415641785,2,1,0.20313838124275208
subject_05:sample_0001287,5,1287,2,2,1,2,1,2,1,0.1937635838985443,2,1,0.20974978804588318,2,1,0.20299363136291504,2,1,0.19077712297439575,2,1,0.20271489024162292
subject_05:sample_0001288,5,1288,2,2,1,2,1,2,1,0.19407878816127777,2,1,0.21015562117099762,2,1,0.2024417221546173,2,1,0.19086672365665436,2,1,0.20245619118213654
subject_05:sample_0001289,5,1289,2,2,1,2,1,2,1,0.1943933218717575,2,1,0.21050718426704407,2,1,0.2014947086572647,2,1,0.19105282425880432,2,1,0.2025509625673294
subject_05:sample_0001290,5,1290,2,2,1,2,1,2,1,0.19473868608474731,2,1,0.2106645107269287,2,1,0.20036748051643372,2,1,0.19132986664772034,2,1,0.20289847254753113
subject_05:sample_0001291,5,1291,2,2,1,2,1,2,1,0.1947607696056366,2,1,0.2104661613702774,2,1,0.2004084587097168,2,1,0.19139881432056427,2,1,0.20296485722064972
subject_05:sample_0001292,5,1292,0,0,1,0,1,0,1,0.199254110455513,0,1,0.20152312517166138,0,1,0.19846773147583008,0,1,0.19704696536064148,0,1,0.20370711386203766
subject_05:sample_0001293,5,1293,0,0,1,0,1,0,1,0.19946743547916412,0,1,0.20141330361366272,0,1,0.19832175970077515,0,1,0.197112575173378,0,1,0.2036840170621872
subject_05:sample_0001294,5,1294,0,0,1,0,1,0,1,0.19942684471607208,0,1,0.2013550102710724,0,1,0.19847699999809265,0,1,0.19705823063850403,0,1,0.20368196070194244
subject_05:sample_0001295,5,1295,0,0,1,0,1,0,1,0.19929379224777222,0,1,0.20147597789764404,0,1,0.19853685796260834,0,1,0.19697096943855286,0,1,0.20372147858142853
subject_05:sample_0001296,5,1296,0,0,1,0,1,0,1,0.1991400420665741,0,1,0.2016303390264511,0,1,0.19862225651741028,0,1,0.19684280455112457,0,1,0.20376351475715637
subject_05:sample_0001297,5,1297,0,0,1,0,1,0,1,0.1990649402141571,0,1,0.20168209075927734,0,1,0.19874997437000275,0,1,0.19674718379974365,0,1,0.20375481247901917
subject_05:sample_0001298,5,1298,0,0,1,0,1,0,1,0.199165940284729,0,1,0.20172974467277527,0,1,0.1987902820110321,0,1,0.1966722458600998,0,1,0.20364080369472504
subject_05:sample_0001299,5,1299,0,0,1,0,1,0,1,0.19909533858299255,0,1,0.20171530544757843,0,1,0.19883739948272705,0,1,0.19654521346092224,0,1,0.20380577445030212
subject_05:sample_0001300,5,1300,0,0,1,0,1,0,1,0.1989021748304367,0,1,0.20178315043449402,0,1,0.19889092445373535,0,1,0.19640645384788513,0,1,0.20401625335216522
subject_05:sample_0001301,5,1301,0,0,1,0,1,0,1,0.19864265620708466,0,1,0.20192599296569824,0,1,0.1990542858839035,0,1,0.19630751013755798,0,1,0.2040686309337616
subject_05:sample_0001302,5,1302,0,0,1,0,1,0,1,0.19833390414714813,0,1,0.20219984650611877,0,1,0.19931653141975403,0,1,0.19613783061504364,0,1,0.20401087403297424
subject_05:sample_0001303,5,1303,0,0,1,0,1,0,1,0.19793955981731415,0,1,0.2026049643754959,0,1,0.19968092441558838,0,1,0.19594702124595642,0,1,0.20382659137248993
subject_05:sample_0001304,5,1304,0,0,1,0,1,0,1,0.19761642813682556,0,1,0.20289717614650726,0,1,0.19998839497566223,0,1,0.19585415720939636,0,1,0.2036428600549698
subject_05:sample_0001305,5,1305,0,0,1,0,1,0,1,0.19743134081363678,0,1,0.20309478044509888,0,1,0.2001231610774994,0,1,0.19579435884952545,0,1,0.2035553753376007
subject_05:sample_0001306,5,1306,0,0,1,0,1,0,1,0.19733816385269165,0,1,0.2033020257949829,0,1,0.20010529458522797,0,1,0.1956709325313568,0,1,0.20358256995677948
subject_05:sample_0001307,5,1307,0,0,1,0,1,0,1,0.19725464284420013,0,1,0.20352034270763397,0,1,0.20001716911792755,0,1,0.19554342329502106,0,1,0.20366346836090088
subject_05:sample_0001308,5,1308,0,0,1,0,1,0,1,0.19711895287036896,0,1,0.2038956880569458,0,1,0.1999218463897705,0,1,0.19540327787399292,0,1,0.2036592662334442
subject_05:sample_0001309,5,1309,0,0,1,0,1,0,1,0.19704081118106842,0,1,0.2041584551334381,0,1,0.19991929829120636,0,1,0.19540679454803467,0,1,0.20347364246845245
subject_05:sample_0001310,5,1310,0,0,1,0,1,0,1,0.19701777398586273,0,1,0.2043655961751938,0,1,0.2000305950641632,0,1,0.19556975364685059,0,1,0.2030153125524521
subject_05:sample_0001311,5,1311,0,0,1,0,1,0,1,0.19689877331256866,0,1,0.20451083779335022,0,1,0.20007556676864624,0,1,0.19568513333797455,0,1,0.20282872021198273
subject_05:sample_0001312,5,1312,0,0,1,0,1,0,1,0.19680757820606232,0,1,0.20455266535282135,0,1,0.19997984170913696,0,1,0.19569522142410278,0,1,0.2029637098312378
subject_05:sample_0001313,5,1313,0,0,1,0,1,0,1,0.19687342643737793,0,1,0.20455601811408997,0,1,0.19984371960163116,0,1,0.19567303359508514,0,1,0.20305278897285461
subject_05:sample_0001314,5,1314,0,0,1,0,1,0,1,0.1968695968389511,0,1,0.20465227961540222,0,1,0.19976645708084106,0,1,0.1956423968076706,0,1,0.20306827127933502
subject_05:sample_0001315,5,1315,0,0,1,0,1,0,1,0.19683298468589783,0,1,0.20471972227096558,0,1,0.19970820844173431,0,1,0.1955913007259369,0,1,0.20314675569534302
subject_05:sample_0001316,5,1316,0,0,1,0,1,0,1,0.19692058861255646,0,1,0.2047143429517746,0,1,0.19956284761428833,0,1,0.19544148445129395,0,1,0.20335979759693146
subject_05:sample_0001317,5,1317,0,0,1,0,1,0,1,0.1969657987356186,0,1,0.20470017194747925,0,1,0.19945427775382996,0,1,0.1953275501728058,0,1,0.2035512924194336
subject_05:sample_0001318,5,1318,0,0,1,0,1,0,1,0.19700057804584503,0,1,0.20476725697517395,0,1,0.1993590146303177,0,1,0.19524097442626953,0,1,0.20363116264343262
subject_05:sample_0001319,5,1319,0,0,1,0,1,0,1,0.19693441689014435,0,1,0.20494519174098969,0,1,0.19929246604442596,0,1,0.1951512098312378,0,1,0.20367580652236938
subject_05:sample_0001320,5,1320,0,0,1,0,1,0,1,0.19691698253154755,0,1,0.20511505007743835,0,1,0.19922146201133728,0,1,0.19503702223300934,0,1,0.2037084698677063
subject_05:sample_0001321,5,1321,0,0,1,0,1,0,1,0.1969207376241684,0,1,0.20531637966632843,0,1,0.1991140991449356,0,1,0.19494330883026123,0,1,0.20370455086231232
subject_05:sample_0001322,5,1322,0,0,1,0,1,0,1,0.19694329798221588,0,1,0.20558641850948334,0,1,0.198960542678833,0,1,0.19477319717407227,0,1,0.20373563468456268
subject_05:sample_0001323,5,1323,0,0,1,0,1,0,1,0.19693994522094727,0,1,0.2058553248643875,0,1,0.1987590342760086,0,1,0.1945473998785019,0,1,0.2038973718881607
subject_05:sample_0001324,5,1324,0,0,1,0,1,0,1,0.19698910415172577,0,1,0.20603521168231964,0,1,0.19851401448249817,0,1,0.1943812072277069,0,1,0.2040795385837555
subject_05:sample_0001325,5,1325,0,0,1,0,1,0,1,0.19695542752742767,0,1,0.20617003738880157,0,1,0.19824925065040588,0,1,0.19440846145153046,0,1,0.20421583950519562
subject_05:sample_0001326,5,1326,0,0,1,0,1,0,1,0.19684134423732758,0,1,0.206258624792099,0,1,0.1979709267616272,0,1,0.19464486837387085,0,1,0.20428328216075897
subject_05:sample_0001327,5,1327,0,0,1,0,1,0,1,0.1966412365436554,0,1,0.20648504793643951,0,1,0.19765876233577728,0,1,0.1951119303703308,0,1,0.2041020542383194
subject_05:sample_0001328,5,1328,0,0,1,0,1,0,1,0.19669076800346375,0,1,0.20669375360012054,0,1,0.19751331210136414,0,1,0.1953772008419037,0,1,0.2037239968776703
subject_05:sample_0001329,5,1329,0,0,1,0,1,0,1,0.19678659737110138,0,1,0.20675760507583618,0,1,0.19737251102924347,0,1,0.19565866887569427,0,1,0.2034236490726471
subject_05:sample_0001330,5,1330,0,0,1,0,1,0,1,0.19686594605445862,0,1,0.20668768882751465,0,1,0.19725914299488068,0,1,0.19600094854831696,0,1,0.2031853049993515
subject_05:sample_0001331,5,1331,0,0,1,0,1,0,1,0.1969546228647232,0,1,0.20654700696468353,0,1,0.19712474942207336,0,1,0.1963786631822586,0,1,0.20299401879310608
subject_05:sample_0001332,5,1332,0,0,1,0,1,0,1,0.1971556544303894,0,1,0.20625443756580353,0,1,0.19693592190742493,0,1,0.19663946330547333,0,1,0.20301364362239838
subject_05:sample_0001333,5,1333,0,0,1,0,1,0,1,0.19737474620342255,0,1,0.20599627494812012,0,1,0.19678060710430145,0,1,0.1968451887369156,0,1,0.20300225913524628
subject_05:sample_0001334,5,1334,0,0,1,0,1,0,1,0.19760271906852722,0,1,0.205760657787323,0,1,0.1967250555753708,0,1,0.19691058993339539,0,1,0.2030000239610672
subject_05:sample_0001335,5,1335,0,0,1,0,1,0,1,0.1978146731853485,0,1,0.20534928143024445,0,1,0.19667083024978638,0,1,0.1969832330942154,0,1,0.20318102836608887
subject_05:sample_0001336,5,1336,0,0,1,0,1,0,1,0.19794531166553497,0,1,0.20504026114940643,0,1,0.19669272005558014,0,1,0.19689345359802246,0,1,0.20342722535133362
subject_05:sample_0001337,5,1337,0,0,1,0,1,0,1,0.1980019211769104,0,1,0.20499780774116516,0,1,0.1967814862728119,0,1,0.19670651853084564,0,1,0.20351140201091766
subject_05:sample_0001338,5,1338,0,0,1,0,1,0,1,0.197931706905365,0,1,0.20509123802185059,0,1,0.196880504488945,0,1,0.19674378633499146,0,1,0.20335176587104797
subject_05:sample_0001339,5,1339,0,0,1,0,1,0,1,0.19798803329467773,0,1,0.20504049956798553,0,1,0.19692087173461914,0,1,0.19676318764686584,0,1,0.20328639447689056
subject_05:sample_0001340,5,1340,0,0,1,0,1,0,1,0.1979922503232956,0,1,0.2050519585609436,0,1,0.19700515270233154,0,1,0.19671586155891418,0,1,0.20323379337787628
subject_05:sample_0001341,5,1341,0,0,1,0,1,0,1,0.19800998270511627,0,1,0.2052752822637558,0,1,0.19706133008003235,0,1,0.19636647403240204,0,1,0.20328593254089355
subject_05:sample_0001342,5,1342,0,0,1,0,1,0,1,0.19814139604568481,0,1,0.20552051067352295,0,1,0.1971609890460968,0,1,0.19579066336154938,0,1,0.20338548719882965
subject_05:sample_0001343,5,1343,0,0,1,0,1,0,1,0.1982269585132599,0,1,0.20615410804748535,0,1,0.19738076627254486,0,1,0.19498562812805176,0,1,0.20325154066085815
subject_05:sample_0001344,5,1344,0,0,1,0,1,0,1,0.19838455319404602,0,1,0.20665235817432404,0,1,0.19764189422130585,0,1,0.19439475238323212,0,1,0.202925443649292
subject_05:sample_0001345,5,1345,0,0,1,0,1,0,1,0.19846561551094055,0,1,0.2071298211812973,0,1,0.1979982703924179,0,1,0.19393053650856018,0,1,0.20247478783130646
subject_05:sample_0001346,5,1346,0,0,1,0,1,0,1,0.19851228594779968,0,1,0.20733635127544403,0,1,0.19818086922168732,0,1,0.1937350630760193,0,1,0.2022344470024109
subject_05:sample_0001347,5,1347,0,0,1,0,1,0,1,0.1984216421842575,0,1,0.20752741396427155,0,1,0.19827978312969208,0,1,0.19368168711662292,0,1,0.20208853483200073
subject_05:sample_0001348,5,1348,0,0,1,0,1,0,1,0.19829340279102325,0,1,0.20771856606006622,0,1,0.1983475536108017,0,1,0.19366523623466492,0,1,0.20197425782680511
subject_05:sample_0001349,5,1349,0,0,1,0,1,0,1,0.19812516868114471,0,1,0.2078370302915573,0,1,0.19833341240882874,0,1,0.19365952908992767,0,1,0.20204389095306396
subject_05:sample_0001350,5,1350,0,0,1,0,1,0,1,0.19787953794002533,0,1,0.20783226191997528,0,1,0.19825425744056702,0,1,0.19361327588558197,0,1,0.20241962373256683
subject_05:sample_0001351,5,1351,0,0,1,0,1,0,1,0.1977359503507614,0,1,0.20767168700695038,0,1,0.1982385516166687,0,1,0.1936318576335907,0,1,0.2027210295200348
subject_05:sample_0001352,5,1352,0,0,1,0,1,0,1,0.19761990010738373,0,1,0.207545667886734,0,1,0.1982259303331375,0,1,0.19362874329090118,0,1,0.20297880470752716
subject_05:sample_0001353,5,1353,0,0,1,0,1,0,1,0.1975366175174713,0,1,0.2074296474456787,0,1,0.19816692173480988,0,1,0.19357264041900635,0,1,0.20329320430755615
subject_05:sample_0001354,5,1354,0,0,1,0,1,0,1,0.19750331342220306,0,1,0.20735715329647064,0,1,0.19810615479946136,0,1,0.19353856146335602,0,1,0.2034938782453537
subject_05:sample_0001355,5,1355,0,0,1,0,1,0,1,0.1975114941596985,0,1,0.2070993334054947,0,1,0.1981518417596817,0,1,0.19353744387626648,0,1,0.20369891822338104
subject_05:sample_0001356,5,1356,0,0,1,0,1,0,1,0.1974971443414688,0,1,0.20696064829826355,0,1,0.19824832677841187,0,1,0.19352158904075623,0,1,0.20377132296562195
subject_05:sample_0001357,5,1357,0,0,1,0,1,0,1,0.1976001113653183,0,1,0.2066888064146042,0,1,0.198318213224411,0,1,0.1936294436454773,0,1,0.20376239717006683
subject_05:sample_0001358,5,1358,0,0,1,0,1,0,1,0.1978190392255783,0,1,0.20643387734889984,0,1,0.19802339375019073,0,1,0.19388307631015778,0,1,0.20383962988853455
subject_05:sample_0001359,5,1359,0,0,1,0,1,0,1,0.1981576830148697,0,1,0.20612561702728271,0,1,0.19748978316783905,0,1,0.1942662000656128,0,1,0.20395976305007935
subject_05:sample_0001360,5,1360,0,0,1,0,1,0,1,0.19829991459846497,0,1,0.2058754712343216,0,1,0.1973639726638794,0,1,0.19444160163402557,0,1,0.2040180265903473
subject_05:sample_0001361,5,1361,0,0,1,0,1,0,1,0.19842372834682465,0,1,0.20551839470863342,0,1,0.19742073118686676,0,1,0.1946788877248764,0,1,0.20395734906196594
subject_05:sample_0001362,5,1362,0,0,1,0,1,0,1,0.19854450225830078,0,1,0.20519576966762543,0,1,0.19762489199638367,0,1,0.19489187002182007,0,1,0.20374204218387604
subject_05:sample_0001363,5,1363,0,0,1,0,1,0,1,0.1986314207315445,0,1,0.20492179691791534,0,1,0.1979459971189499,0,1,0.19504988193511963,0,1,0.203450009226799
subject_05:sample_0001364,5,1364,0,0,1,0,1,0,1,0.19871027767658234,0,1,0.20473572611808777,0,1,0.19822104275226593,0,1,0.19515155255794525,0,1,0.2031804323196411
subject_05:sample_0001365,5,1365,0,0,1,0,1,0,1,0.1987864375114441,0,1,0.2046608179807663,0,1,0.19848980009555817,0,1,0.19526220858097076,0,1,0.2027997374534607
subject_05:sample_0001366,5,1366,0,0,1,0,1,0,1,0.19893649220466614,0,1,0.20457172393798828,0,1,0.19872961938381195,0,1,0.19536174833774567,0,1,0.20239943265914917
subject_05:sample_0001367,5,1367,0,0,1,0,1,0,1,0.19929994642734528,0,1,0.20459429919719696,0,1,0.19901974499225616,0,1,0.19549621641635895,0,1,0.20158882439136505
subject_05:sample_0001368,5,1368,0,0,1,0,1,0,1,0.19940418004989624,0,1,0.20462237298488617,0,1,0.19934798777103424,0,1,0.19566498696804047,0,1,0.20095953345298767
subject_05:sample_0001369,5,1369,0,0,1,0,1,0,1,0.199124276638031,0,1,0.20469556748867035,0,1,0.19974401593208313,0,1,0.195908322930336,0,1,0.20052693784236908
subject_05:sample_0001370,5,1370,0,0,1,0,1,0,1,0.1978841871023178,0,1,0.2050420492887497,0,1,0.20033785700798035,0,1,0.19637331366539001,0,1,0.20036156475543976
subject_05:sample_0001371,5,1371,0,0,1,0,1,0,1,0.19700537621974945,0,1,0.20517727732658386,0,1,0.20083226263523102,0,1,0.19671913981437683,0,1,0.20026497542858124
subject_05:sample_0001372,5,1372,0,0,1,0,1,0,1,0.19628165662288666,0,1,0.2053549885749817,0,1,0.20127861201763153,0,1,0.19701386988162994,0,1,0.20006988942623138
subject_05:sample_0001373,5,1373,0,0,1,0,1,0,1,0.19604581594467163,0,1,0.2055939882993698,0,1,0.20147480070590973,0,1,0.19712427258491516,0,1,0.1997600942850113
subject_05:sample_0001374,5,1374,0,0,1,0,1,0,1,0.19596797227859497,0,1,0.20585642755031586,0,1,0.2015395164489746,0,1,0.19714055955410004,0,1,0.19949449598789215
subject_05:sample_0001375,5,1375,0,0,1,0,1,0,1,0.1959456205368042,0,1,0.20595423877239227,0,1,0.20161573588848114,0,1,0.19716700911521912,0,1,0.19931641221046448
subject_05:sample_0001376,5,1376,0,0,1,0,1,0,1,0.1959167867898941,0,1,0.2060035616159439,0,1,0.20165327191352844,0,1,0.1972053200006485,0,1,0.19922003149986267
subject_05:sample_0001377,5,1377,0,0,1,0,1,0,1,0.19587576389312744,0,1,0.20607629418373108,0,1,0.20168140530586243,0,1,0.19719724357128143,0,1,0.19916829466819763
subject_05:sample_0001378,5,1378,0,0,1,0,1,0,1,0.19581441581249237,0,1,0.20614972710609436,0,1,0.2017168253660202,0,1,0.19718235731124878,0,1,0.19913573563098907
subject_05:sample_0001379,5,1379,0,0,1,0,1,0,1,0.195753276348114,0,1,0.20622660219669342,0,1,0.20177891850471497,0,1,0.19712722301483154,0,1,0.19911299645900726
subject_05:sample_0001380,5,1380,0,0,1,0,1,0,1,0.1956963986158371,0,1,0.20633605122566223,0,1,0.20184652507305145,0,1,0.19701535999774933,0,1,0.1991046518087387
subject_05:sample_0001381,5,1381,0,0,1,0,1,0,1,0.19564703106880188,0,1,0.20643563568592072,0,1,0.20183616876602173,0,1,0.19696414470672607,0,1,0.19911600649356842
subject_05:sample_0001382,5,1382,0,0,1,0,1,0,1,0.1955970823764801,0,1,0.206482395529747,0,1,0.2018539011478424,0,1,0.19692738354206085,0,1,0.19913826882839203
subject_05:sample_0001383,5,1383,0,0,1,0,1,0,1,0.19556252658367157,0,1,0.20654214918613434,0,1,0.20180362462997437,0,1,0.1968928426504135,0,1,0.19919784367084503
subject_05:sample_0001384,5,1384,0,0,1,0,1,0,1,0.19551719725131989,0,1,0.2066090703010559,0,1,0.20176100730895996,0,1,0.19687549769878387,0,1,0.19923627376556396
subject_05:sample_0001385,5,1385,0,0,1,0,1,0,1,0.19546477496623993,0,1,0.20669929683208466,0,1,0.20167982578277588,0,1,0.19690124690532684,0,1,0.1992538720369339
subject_05:sample_0001386,5,1386,0,0,1,0,1,0,1,0.19543041288852692,0,1,0.20683719217777252,0,1,0.2015555202960968,0,1,0.1969224363565445,0,1,0.19925348460674286
subject_05:sample_0001387,5,1387,0,0,1,0,1,0,1,0.19539928436279297,0,1,0.20694942772388458,0,1,0.201438769698143,0,1,0.19698992371559143,0,1,0.1992216259241104
subject_05:sample_0001388,5,1388,0,0,1,0,1,0,1,0.19538243114948273,0,1,0.20700590312480927,0,1,0.20136456191539764,0,1,0.19708120822906494,0,1,0.19916488230228424
subject_05:sample_0001389,5,1389,0,0,1,0,1,0,1,0.19538085162639618,0,1,0.20705080032348633,0,1,0.20134316384792328,0,1,0.19711555540561676,0,1,0.19910863041877747
subject_05:sample_0001390,5,1390,0,0,1,0,1,0,1,0.19537539780139923,0,1,0.20710255205631256,0,1,0.20138557255268097,0,1,0.19712364673614502,0,1,0.1990118771791458
subject_05:sample_0001391,5,1391,0,0,1,0,1,0,1,0.19537997245788574,0,1,0.20715896785259247,0,1,0.20144999027252197,0,1,0.19711540639400482,0,1,0.19889463484287262
subject_05:sample_0001392,5,1392,0,0,1,0,1,0,1,0.19548040628433228,0,1,0.20717677474021912,0,1,0.20151589810848236,0,1,0.19706007838249207,0,1,0.19876594841480255
subject_05:sample_0001393,5,1393,0,0,1,0,1,0,1,0.19567778706550598,0,1,0.20709183812141418,0,1,0.20165328681468964,0,1,0.19700779020786285,0,1,0.19856831431388855
subject_05:sample_0001394,5,1394,0,0,1,0,1,0,1,0.1959957778453827,0,1,0.2069622129201889,0,1,0.20176242291927338,0,1,0.19691002368927002,0,1,0.19836857914924622
subject_05:sample_0001395,5,1395,0,0,1,0,1,0,1,0.19649569690227509,0,1,0.2067408710718155,0,1,0.20178699493408203,0,1,0.196792870759964,0,1,0.19818265736103058
subject_05:sample_0001396,5,1396,0,0,1,0,1,0,1,0.19694024324417114,0,1,0.20657941699028015,0,1,0.20183590054512024,0,1,0.19661161303520203,0,1,0.19803187251091003
subject_05:sample_0001397,5,1397,0,0,1,0,1,0,1,0.1972997784614563,0,1,0.20659734308719635,0,1,0.2018643617630005,0,1,0.19637265801429749,0,1,0.19786487519741058
subject_05:sample_0001398,5,1398,0,0,1,0,1,0,1,0.19785061478614807,0,1,0.20663046836853027,0,1,0.20191630721092224,0,1,0.19592979550361633,0,1,0.1976718306541443
subject_05:sample_0001399,5,1399,0,0,1,0,1,0,1,0.1984076201915741,0,1,0.20671571791172028,0,1,0.20194731652736664,0,1,0.1954033225774765,0,1,0.1975250542163849
subject_05:sample_0001400,5,1400,0,0,1,0,1,0,1,0.19862091541290283,0,1,0.20689404010772705,0,1,0.20203463733196259,0,1,0.19497257471084595,0,1,0.19747686386108398
subject_05:sample_0001401,5,1401,0,0,1,0,1,0,1,0.198720321059227,0,1,0.20698250830173492,0,1,0.20223426818847656,0,1,0.19457213580608368,0,1,0.19748981297016144
subject_05:sample_0001402,5,1402,0,0,1,0,1,0,1,0.1987723857164383,0,1,0.20699501037597656,0,1,0.20251867175102234,0,1,0.1942099779844284,0,1,0.19750303030014038
subject_05:sample_0001403,5,1403,0,0,1,0,1,0,1,0.19878220558166504,0,1,0.20689941942691803,0,1,0.20260250568389893,0,1,0.19422994554042816,0,1,0.19748498499393463
subject_05:sample_0001404,5,1404,0,0,1,0,1,0,1,0.1987864226102829,0,1,0.20677907764911652,0,1,0.2024143487215042,0,1,0.1945270150899887,0,1,0.19749221205711365
subject_05:sample_0001405,5,1405,0,0,1,0,1,0,1,0.19879840314388275,0,1,0.2066769003868103,0,1,0.20196931064128876,0,1,0.19505976140499115,0,1,0.19749464094638824
subject_05:sample_0001406,5,1406,0,0,1,0,1,0,1,0.19880260527133942,0,1,0.20654211938381195,0,1,0.20164185762405396,0,1,0.19552302360534668,0,1,0.1974894404411316
subject_05:sample_0001407,5,1407,0,0,1,0,1,0,1,0.19893759489059448,0,1,0.2063276767730713,0,1,0.20124465227127075,0,1,0.19596384465694427,0,1,0.19752532243728638
subject_05:sample_0001408,5,1408,0,0,1,0,1,0,1,0.1991809755563736,0,1,0.20613239705562592,0,1,0.2008940726518631,0,1,0.1962432563304901,0,1,0.19754832983016968
subject_05:sample_0001409,5,1409,0,0,1,0,1,0,1,0.19957202672958374,0,1,0.20580199360847473,0,1,0.20052005350589752,0,1,0.19656848907470703,0,1,0.19753645360469818
subject_05:sample_0001410,5,1410,0,0,1,0,1,0,1,0.1994362622499466,0,1,0.20550879836082458,0,1,0.20022422075271606,0,1,0.19736099243164062,0,1,0.19746875762939453
subject_05:sample_0001411,5,1411,0,0,1,0,1,0,1,0.19877322018146515,0,1,0.20527349412441254,0,1,0.19998398423194885,0,1,0.1985272467136383,0,1,0.19744102656841278
subject_05:sample_0001412,5,1412,0,0,1,0,1,0,1,0.19800271093845367,0,1,0.20529408752918243,0,1,0.19998718798160553,0,1,0.199074849486351,0,1,0.19764016568660736
subject_05:sample_0001413,5,1413,0,0,1,0,1,0,1,0.19763323664665222,0,1,0.2052718997001648,0,1,0.20000708103179932,0,1,0.1993079036474228,0,1,0.1977788507938385
subject_05:sample_0001414,5,1414,0,0,1,0,1,0,1,0.19758448004722595,0,1,0.20531515777111053,0,1,0.20008964836597443,0,1,0.19905956089496613,0,1,0.19795016944408417
subject_05:sample_0001415,5,1415,0,0,1,0,1,0,1,0.19746501743793488,0,1,0.20518101751804352,0,1,0.20010119676589966,0,1,0.19909213483333588,0,1,0.19815967977046967
subject_05:sample_0001416,5,1416,0,0,1,0,1,0,1,0.19770057499408722,0,1,0.20492523908615112,0,1,0.20004597306251526,0,1,0.19893445074558258,0,1,0.19839274883270264
subject_05:sample_0001417,5,1417,0,0,1,0,1,0,1,0.1977939009666443,0,1,0.2047022581100464,0,1,0.20006349682807922,0,1,0.19853714108467102,0,1,0.19890229403972626
subject_05:sample_0001418,5,1418,0,0,1,0,1,0,1,0.19794319570064545,0,1,0.20441962778568268,0,1,0.20005767047405243,0,1,0.19803783297538757,0,1,0.19954071938991547
subject_05:sample_0001419,5,1419,0,0,1,0,1,0,1,0.19778268039226532,0,1,0.2040313333272934,0,1,0.19994553923606873,0,1,0.19816935062408447,0,1,0.2000700980424881
subject_05:sample_0001420,5,1420,0,0,1,0,1,0,1,0.1977987140417099,0,1,0.20395708084106445,0,1,0.19994479417800903,0,1,0.1975373923778534,0,1,0.200761079788208
subject_05:sample_0001421,5,1421,0,0,1,0,1,0,1,0.19785644114017487,0,1,0.2040461152791977,0,1,0.1999174803495407,0,1,0.19688567519187927,0,1,0.20129325985908508
subject_05:sample_0001422,5,1422,0,0,1,0,1,0,1,0.19784347712993622,0,1,0.20382262766361237,0,1,0.19976051151752472,0,1,0.1969316154718399,0,1,0.2016407996416092
subject_05:sample_0001423,5,1423,0,0,1,0,1,0,1,0.19773413240909576,0,1,0.2032344788312912,0,1,0.1993255466222763,0,1,0.1978796422481537,0,1,0.20182521641254425
subject_05:sample_0001424,5,1424,0,0,1,0,1,0,1,0.19711363315582275,0,1,0.20218060910701752,0,1,0.1983727365732193,0,1,0.20091453194618225,0,1,0.20141761004924774
subject_05:sample_0001425,5,1425,0,0,1,0,1,0,1,0.19624179601669312,0,1,0.20102554559707642,0,1,0.19731903076171875,0,1,0.20466655492782593,0,1,0.2007460743188858
subject_05:sample_0001426,5,1426,0,0,1,0,1,0,1,0.19610291719436646,0,1,0.20060132443904877,0,1,0.19700375199317932,0,1,0.2055819034576416,0,1,0.20070913434028625
subject_05:sample_0001427,5,1427,0,0,1,0,1,0,1,0.19623219966888428,0,1,0.20041915774345398,0,1,0.1969868540763855,0,1,0.20551958680152893,0,1,0.2008412778377533
subject_05:sample_0001428,5,1428,0,0,1,0,1,0,1,0.19641926884651184,0,1,0.20042115449905396,0,1,0.19700904190540314,0,1,0.2051728069782257,0,1,0.20097680389881134
subject_05:sample_0001429,5,1429,0,0,1,0,1,0,1,0.1965213119983673,0,1,0.2004784196615219,0,1,0.1969544142484665,0,1,0.20497801899909973,0,1,0.20106688141822815
subject_05:sample_0001430,5,1430,0,0,1,0,1,0,1,0.19664320349693298,0,1,0.2007434368133545,0,1,0.19710847735404968,0,1,0.20438256859779358,0,1,0.2011212855577469
subject_05:sample_0001431,5,1431,0,0,1,0,1,0,1,0.19681404531002045,0,1,0.20141960680484772,0,1,0.19743910431861877,0,1,0.2029193788766861,0,1,0.20140688121318817
subject_05:sample_0001432,5,1432,0,0,1,0,1,0,1,0.19676977396011353,0,1,0.20208889245986938,0,1,0.19804157316684723,0,1,0.20127327740192413,0,1,0.2018255591392517
subject_05:sample_0001433,5,1433,0,0,1,0,1,0,1,0.1966172605752945,0,1,0.20253491401672363,0,1,0.198529914021492,0,1,0.20020897686481476,0,1,0.20210795104503632
subject_05:sample_0001434,5,1434,0,0,1,0,1,0,1,0.19634471833705902,0,1,0.20273733139038086,0,1,0.19894206523895264,0,1,0.1998024433851242,0,1,0.20217248797416687
subject_05:sample_0001435,5,1435,0,0,1,0,1,0,1,0.19603465497493744,0,1,0.20287922024726868,0,1,0.19932733476161957,0,1,0.19965241849422455,0,1,0.2021053582429886
subject_05:sample_0001436,5,1436,0,0,1,0,1,0,1,0.19593161344528198,0,1,0.20300982892513275,0,1,0.1998625248670578,0,1,0.19921202957630157,0,1,0.20198304951190948
subject_05:sample_0001437,5,1437,0,0,1,0,1,0,1,0.19595716893672943,0,1,0.20326782763004303,0,1,0.20036545395851135,0,1,0.19862309098243713,0,1,0.20178547501564026
subject_05:sample_0001438,5,1438,0,0,1,0,1,0,1,0.19600777328014374,0,1,0.20365053415298462,0,1,0.20090049505233765,0,1,0.19780707359313965,0,1,0.20163312554359436
subject_05:sample_0001439,5,1439,0,0,1,0,1,0,1,0.19601993262767792,0,1,0.20413067936897278,0,1,0.20163941383361816,0,1,0.19665555655956268,0,1,0.20155347883701324
subject_05:sample_0001440,5,1440,0,0,1,0,1,0,1,0.19575662910938263,0,1,0.2040972113609314,0,1,0.20220980048179626,0,1,0.19657215476036072,0,1,0.2013632208108902
subject_05:sample_0001441,5,1441,0,0,1,0,1,0,1,0.19529448449611664,0,1,0.2039749026298523,0,1,0.2025986611843109,0,1,0.1969008594751358,0,1,0.20123018324375153
subject_05:sample_0001442,5,1442,0,0,1,0,1,0,1,0.19552434980869293,0,1,0.20375943183898926,0,1,0.20278261601924896,0,1,0.19684244692325592,0,1,0.2010902315378189
subject_05:sample_0001443,5,1443,0,0,1,0,1,0,1,0.1969289779663086,0,1,0.20347672700881958,0,1,0.20265603065490723,0,1,0.19619201123714447,0,1,0.20074528455734253
subject_05:sample_0001444,5,1444,0,0,1,0,1,0,1,0.19781599938869476,0,1,0.20316281914710999,0,1,0.20258091390132904,0,1,0.1958494484424591,0,1,0.20058979094028473
subject_05:sample_0001445,5,1445,0,0,1,0,1,0,1,0.19825801253318787,0,1,0.20282213389873505,0,1,0.20263521373271942,0,1,0.1956765353679657,0,1,0.2006070911884308
subject_05:sample_0001446,5,1446,0,0,1,0,1,0,1,0.19832749664783478,0,1,0.2025872766971588,0,1,0.20275242626667023,0,1,0.1956988424062729,0,1,0.2006330043077469
subject_05:sample_0001447,5,1447,0,0,1,0,1,0,1,0.19835838675498962,0,1,0.20228394865989685,0,1,0.20283089578151703,0,1,0.19575071334838867,0,1,0.20077508687973022
subject_05:sample_0001448,5,1448,0,0,1,0,1,0,1,0.19836550951004028,0,1,0.20192690193653107,0,1,0.20279179513454437,0,1,0.19582413136959076,0,1,0.20109081268310547
subject_05:sample_0001449,5,1449,0,0,1,0,1,0,1,0.19830821454524994,0,1,0.2016383558511734,0,1,0.20273834466934204,0,1,0.1958969682455063,0,1,0.20141713321208954
subject_05:sample_0001450,5,1450,0,0,1,0,1,0,1,0.19818063080310822,0,1,0.20130151510238647,0,1,0.2027352750301361,0,1,0.19600141048431396,0,1,0.20178021490573883
subject_05:sample_0001451,5,1451,0,0,1,0,1,0,1,0.19790153205394745,0,1,0.20097853243350983,0,1,0.20279055833816528,0,1,0.19614140689373016,0,1,0.20218698680400848
subject_05:sample_0001452,5,1452,0,0,1,0,1,0,1,0.19754427671432495,0,1,0.20060035586357117,0,1,0.20284710824489594,0,1,0.1962791085243225,0,1,0.20272819697856903
subject_05:sample_0001453,5,1453,0,0,1,0,1,0,1,0.1973615139722824,0,1,0.20019672811031342,0,1,0.20286089181900024,0,1,0.19636304676532745,0,1,0.2032168209552765
subject_05:sample_0001454,5,1454,0,0,1,0,1,0,1,0.19760915637016296,0,1,0.19980265200138092,0,1,0.20276573300361633,0,1,0.19638478755950928,0,1,0.20343665778636932
subject_05:sample_0001455,5,1455,0,0,1,0,1,0,1,0.19801582396030426,0,1,0.19940942525863647,0,1,0.2027766853570938,0,1,0.19645684957504272,0,1,0.2033403217792511
subject_05:sample_0001456,5,1456,0,0,1,0,1,0,1,0.19825084507465363,0,1,0.19913119077682495,0,1,0.20290112495422363,0,1,0.1966245323419571,0,1,0.20309138298034668
subject_05:sample_0001457,5,1457,0,0,1,0,1,0,1,0.19831791520118713,0,1,0.1992454081773758,0,1,0.2030646950006485,0,1,0.19681137800216675,0,1,0.20255964994430542
subject_05:sample_0001458,5,1458,0,0,1,0,1,0,1,0.19856643676757812,0,1,0.199506476521492,0,1,0.20316563546657562,0,1,0.19699756801128387,0,1,0.2017628699541092
subject_05:sample_0001459,5,1459,0,0,1,0,1,0,1,0.19907723367214203,0,1,0.19949579238891602,0,1,0.20325607061386108,0,1,0.19718459248542786,0,1,0.2009853571653366
subject_05:sample_0001460,5,1460,0,0,1,0,1,0,1,0.19933927059173584,0,1,0.19959616661071777,0,1,0.20350579917430878,0,1,0.19740290939807892,0,1,0.20015494525432587
subject_05:sample_0001461,5,1461,0,0,1,0,1,0,1,0.19931171834468842,0,1,0.19979090988636017,0,1,0.20372967422008514,0,1,0.19762657582759857,0,1,0.19954007863998413
subject_05:sample_0001462,5,1462,0,0,1,0,1,0,1,0.19905444979667664,0,1,0.2002001404762268,0,1,0.2041185051202774,0,1,0.19786182045936584,0,1,0.1987641453742981
subject_05:sample_0001463,5,1463,0,0,1,0,1,0,1,0.19876010715961456,0,1,0.20088456571102142,0,1,0.20461629331111908,0,1,0.19810114800930023,0,1,0.19763696193695068
subject_05:sample_0001464,5,1464,0,0,1,0,1,0,1,0.19860421121120453,0,1,0.20183582603931427,0,1,0.2046964019536972,0,1,0.19817790389060974,0,1,0.19668464362621307
subject_05:sample_0001465,5,1465,0,0,1,0,1,0,1,0.19844293594360352,0,1,0.20297421514987946,0,1,0.20456592738628387,0,1,0.1980934590101242,0,1,0.19592246413230896
subject_05:sample_0001466,5,1466,0,0,1,0,1,0,1,0.19817957282066345,0,1,0.20413534343242645,0,1,0.20449145138263702,0,1,0.19791023433208466,0,1,0.1952824741601944
subject_05:sample_0001467,5,1467,0,0,1,0,1,0,1,0.1977526694536209,0,1,0.2052319347858429,0,1,0.20454104244709015,0,1,0.19789470732212067,0,1,0.19457870721817017
subject_05:sample_0001468,5,1468,0,0,1,0,1,0,1,0.197000652551651,0,1,0.20640523731708527,0,1,0.2050948143005371,0,1,0.19869464635849,0,1,0.19280366599559784
subject_05:sample_0001469,5,1469,0,0,1,0,1,0,1,0.19451741874217987,0,1,0.20739324390888214,0,1,0.2067883163690567,0,1,0.20078599452972412,0,1,0.19051402807235718
subject_05:sample_0001470,5,1470,0,0,1,0,1,0,1,0.19052815437316895,0,1,0.2087586671113968,0,1,0.20929226279258728,0,1,0.20268146693706512,0,1,0.18873848021030426
subject_05:sample_0001471,5,1471,0,0,1,0,1,1,0,0.18709100782871246,0,1,0.21064545214176178,0,1,0.21264727413654327,0,1,0.20316217839717865,1,0,0.18645314872264862
subject_05:sample_0001472,5,1472,0,1,0,1,0,1,0,0.17789608240127563,0,1,0.21791666746139526,0,1,0.22175538539886475,1,0,0.20292402803897858,1,0,0.17950689792633057
subject_05:sample_0001473,5,1473,0,1,0,1,0,1,0,0.17276601493358612,0,1,0.2337179034948349,0,1,0.24179598689079285,1,0,0.18247677385807037,1,0,0.16924238204956055
subject_05:sample_0001474,5,1474,0,1,0,1,0,1,0,0.17373646795749664,1,0,0.2312476634979248,1,0,0.25852176547050476,1,0,0.17015418410301208,1,0,0.1663389801979065
subject_05:sample_0001475,5,1475,0,1,0,1,0,1,0,0.1818893551826477,1,0,0.20614467561244965,1,0,0.2646006941795349,1,0,0.173770010471344,1,0,0.17359432578086853
subject_05:sample_0001476,5,1476,0,1,0,1,0,1,0,0.18721415102481842,1,0,0.19368617236614227,1,0,0.26084446907043457,1,0,0.1778699904680252,1,0,0.1803843080997467
subject_05:sample_0001477,5,1477,0,1,0,1,0,1,0,0.19151215255260468,1,0,0.19018782675266266,1,0,0.2501690983772278,1,0,0.18200436234474182,1,0,0.18612560629844666
subject_05:sample_0001478,5,1478,0,1,0,1,0,1,0,0.19509339332580566,1,0,0.18811234831809998,1,0,0.23931659758090973,1,0,0.18680882453918457,1,0,0.190667986869812
subject_05:sample_0001479,5,1479,0,1,0,1,0,1,0,0.19748207926750183,1,0,0.190076544880867,1,0,0.22930242121219635,1,0,0.19048696756362915,1,0,0.19265112280845642
subject_05:sample_0001480,5,1480,0,1,0,1,0,1,0,0.20008765161037445,1,0,0.19259536266326904,1,0,0.22475895285606384,1,0,0.19307111203670502,1,0,0.18948587775230408
subject_05:sample_0001481,5,1481,0,1,0,1,0,1,0,0.20202909409999847,1,0,0.19401851296424866,1,0,0.22261963784694672,1,0,0.194680854678154,1,0,0.18665090203285217
subject_05:sample_0001482,5,1482,0,1,0,1,0,1,0,0.20247069001197815,1,0,0.19466154277324677,1,0,0.2215290516614914,1,0,0.19581879675388336,1,0,0.1855189949274063
subject_05:sample_0001483,5,1483,0,1,0,1,0,1,0,0.19985970854759216,1,0,0.1955965906381607,1,0,0.22092388570308685,1,0,0.19705769419670105,1,0,0.18656112253665924
subject_05:sample_0001484,5,1484,0,1,0,1,0,1,0,0.1961565613746643,1,0,0.19646725058555603,1,0,0.22071634232997894,1,0,0.19825120270252228,1,0,0.18840770423412323
subject_05:sample_0001485,5,1485,0,1,0,1,0,1,0,0.19474731385707855,1,0,0.19652563333511353,1,0,0.22010214626789093,1,0,0.19860754907131195,1,0,0.19001643359661102
subject_05:sample_0001486,5,1486,0,1,0,1,0,1,0,0.19524197280406952,1,0,0.19613303244113922,1,0,0.21916316449642181,1,0,0.1981900930404663,1,0,0.19127081334590912
subject_05:sample_0001487,5,1487,0,1,0,1,0,1,0,0.19513635337352753,1,0,0.19623205065727234,1,0,0.21853435039520264,1,0,0.19801250100135803,1,0,0.19208379089832306
subject_05:sample_0001488,5,1488,0,1,0,1,0,1,0,0.19502267241477966,1,0,0.19625873863697052,1,0,0.21785570681095123,1,0,0.1976768970489502,1,0,0.1931850165128708
subject_05:sample_0001489,5,1489,0,1,0,1,0,1,0,0.19536511600017548,1,0,0.19591045379638672,1,0,0.21735219657421112,1,0,0.1973268985748291,1,0,0.1940443366765976
subject_05:sample_0001490,5,1490,0,1,0,1,0,1,0,0.1959257423877716,1,0,0.19594070315361023,1,0,0.21695098280906677,1,0,0.197030708193779,1,0,0.1941508799791336
subject_05:sample_0001491,5,1491,0,1,0,1,0,1,0,0.19646212458610535,1,0,0.19634105265140533,1,0,0.21654117107391357,1,0,0.19681726396083832,1,0,0.19383741915225983
subject_05:sample_0001492,5,1492,0,1,0,1,0,1,0,0.1971202939748764,1,0,0.19710558652877808,1,0,0.21576477587223053,1,0,0.19661539793014526,1,0,0.19339297711849213
subject_05:sample_0001493,5,1493,0,1,0,1,0,1,0,0.19779859483242035,1,0,0.19893230497837067,1,0,0.21407368779182434,1,0,0.19615063071250916,1,0,0.19304382801055908
subject_05:sample_0001494,5,1494,0,1,0,1,0,1,0,0.1977405995130539,1,0,0.2017626166343689,1,0,0.21263477206230164,1,0,0.19508180022239685,1,0,0.1927793025970459
subject_05:sample_0001495,5,1495,0,1,0,1,0,1,0,0.19708803296089172,1,0,0.20498132705688477,1,0,0.21184419095516205,1,0,0.1934765726327896,1,0,0.19260890781879425
subject_05:sample_0001496,5,1496,0,1,0,1,0,1,0,0.19642944633960724,1,0,0.20832686126232147,1,0,0.21092519164085388,1,0,0.19170063734054565,1,0,0.19261692464351654
subject_05:sample_0001497,5,1497,0,1,0,1,0,1,0,0.19611786305904388,1,0,0.21149425208568573,1,0,0.20958088338375092,1,0,0.19010505080223083,1,0,0.19270102679729462
subject_05:sample_0001498,5,1498,0,1,0,1,0,1,0,0.19588345289230347,1,0,0.2144131064414978,1,0,0.20795519649982452,1,0,0.18872326612472534,1,0,0.19302403926849365
subject_05:sample_0001499,5,1499,0,1,0,1,0,1,0,0.19529588520526886,1,0,0.21723265945911407,1,0,0.20643377304077148,1,0,0.18708182871341705,1,0,0.19395484030246735
subject_05:sample_0001500,5,1500,0,1,0,1,0,1,0,0.19427426159381866,1,0,0.2189970165491104,1,0,0.20532454550266266,1,0,0.18560254573822021,1,0,0.19580063223838806
subject_05:sample_0001501,5,1501,0,1,0,1,0,1,0,0.19327504932880402,1,0,0.22095733880996704,1,0,0.20432701706886292,1,0,0.18428252637386322,1,0,0.1971571147441864
subject_05:sample_0001502,5,1502,0,1,0,1,0,1,0,0.1924099326133728,1,0,0.2223799228668213,1,0,0.2035798281431198,1,0,0.18331500887870789,1,0,0.1983143836259842
subject_05:sample_0001503,5,1503,0,1,0,1,0,1,0,0.1915467083454132,1,0,0.22362670302391052,1,0,0.20291274785995483,1,0,0.18255436420440674,1,0,0.1993584930896759
subject_05:sample_0001504,5,1504,0,1,0,1,0,1,0,0.19061952829360962,1,0,0.22422415018081665,1,0,0.20230647921562195,1,0,0.18193751573562622,1,0,0.20091140270233154
subject_05:sample_0001505,5,1505,0,1,0,1,0,1,0,0.18955254554748535,1,0,0.22479118406772614,1,0,0.20168252289295197,1,0,0.18120861053466797,1,0,0.2027641236782074
subject_05:sample_0001506,5,1506,0,1,0,1,0,1,0,0.18828365206718445,1,0,0.22528643906116486,1,0,0.20082582533359528,1,0,0.18041346967220306,1,0,0.20518966019153595
subject_05:sample_0001507,5,1507,0,1,0,1,0,1,0,0.18730731308460236,1,0,0.2254292070865631,1,0,0.1999283879995346,1,0,0.1798308789730072,1,0,0.2075032889842987
subject_05:sample_0001508,5,1508,0,1,0,1,0,1,0,0.18668995797634125,1,0,0.22522194683551788,1,0,0.19914300739765167,1,0,0.17947687208652496,1,0,0.20946723222732544
subject_05:sample_0001509,5,1509,0,1,0,1,0,1,0,0.1862349808216095,1,0,0.224643275141716,1,0,0.19838793575763702,1,0,0.1793302446603775,1,0,0.21140260994434357
subject_05:sample_0001510,5,1510,0,1,0,1,0,1,0,0.18622741103172302,1,0,0.22387218475341797,1,0,0.19784370064735413,1,0,0.17941856384277344,1,0,0.21263714134693146
subject_05:sample_0001511,5,1511,0,1,0,1,0,1,0,0.1862974464893341,1,0,0.2234417051076889,1,0,0.19739125669002533,1,0,0.17953988909721375,1,0,0.21332873404026031
subject_05:sample_0001512,5,1512,0,1,0,1,0,1,0,0.18641218543052673,1,0,0.22282789647579193,1,0,0.19699910283088684,1,0,0.17965248227119446,1,0,0.21410737931728363
subject_05:sample_0001513,5,1513,0,1,0,1,0,1,0,0.1865115761756897,1,0,0.22234973311424255,1,0,0.19666579365730286,1,0,0.17980653047561646,1,0,0.21466541290283203
subject_05:sample_0001514,5,1514,0,1,0,1,0,1,0,0.1868453472852707,1,0,0.22139309346675873,1,0,0.1965743452310562,1,0,0.1803101748228073,1,0,0.21487602591514587
subject_05:sample_0001515,5,1515,0,1,0,1,0,1,0,0.18711866438388824,1,0,0.22053134441375732,1,0,0.19654588401317596,1,0,0.18078134953975677,1,0,0.21502187848091125
subject_05:sample_0001516,5,1516,0,1,0,1,0,1,0,0.18726611137390137,1,0,0.2195524424314499,1,0,0.19650712609291077,1,0,0.18113428354263306,1,0,0.2155390977859497
subject_05:sample_0001517,5,1517,0,1,0,1,0,1,0,0.18717260658740997,1,0,0.21798479557037354,1,0,0.19623884558677673,1,0,0.181226909160614,1,0,0.21737587451934814
subject_05:sample_0001518,5,1518,0,1,0,1,0,1,0,0.18685513734817505,1,0,0.21694697439670563,1,0,0.19577869772911072,1,0,0.18114157021045685,1,0,0.21927662193775177
subject_05:sample_0001519,5,1519,0,1,0,1,0,1,0,0.1864113211631775,1,0,0.21558187901973724,1,0,0.19487707316875458,1,0,0.18081802129745483,1,0,0.22231078147888184
subject_05:sample_0001520,5,1520,0,1,0,1,0,1,0,0.18592870235443115,1,0,0.2145054191350937,1,0,0.19412031769752502,1,0,0.1805817186832428,1,0,0.22486288845539093
subject_05:sample_0001521,5,1521,0,1,0,1,0,1,0,0.18572399020195007,1,0,0.21331864595413208,1,0,0.19364739954471588,1,0,0.18051527440547943,1,0,0.22679376602172852
subject_05:sample_0001522,5,1522,0,1,0,1,0,1,0,0.18559567630290985,1,0,0.21270446479320526,1,0,0.19331325590610504,1,0,0.18041665852069855,1,0,0.22796902060508728
subject_05:sample_0001523,5,1523,0,1,0,1,0,1,0,0.18574751913547516,1,0,0.2122305929660797,1,0,0.19311195611953735,1,0,0.18043600022792816,1,0,0.2284729927778244
subject_05:sample_0001524,5,1524,0,1,0,1,0,1,0,0.18588753044605255,1,0,0.21215316653251648,1,0,0.19289594888687134,1,0,0.18023575842380524,1,0,0.2288265973329544
subject_05:sample_0001525,5,1525,0,1,0,1,0,1,0,0.1859673261642456,1,0,0.2123325765132904,1,0,0.1925937831401825,1,0,0.17990411818027496,1,0,0.22920122742652893
subject_05:sample_0001526,5,1526,0,1,0,1,0,1,0,0.18611286580562592,1,0,0.2119167596101761,1,0,0.19231584668159485,1,0,0.17964644730091095,1,0,0.2300071269273758
subject_05:sample_0001527,5,1527,0,1,0,1,0,1,0,0.18604806065559387,1,0,0.21154791116714478,1,0,0.19191929697990417,1,0,0.17920561134815216,1,0,0.23127815127372742
subject_05:sample_0001528,5,1528,0,1,0,1,0,1,0,0.18627755343914032,1,0,0.21162621676921844,1,0,0.19195307791233063,1,0,0.17912623286247253,1,0,0.23101599514484406
subject_05:sample_0001529,5,1529,1,1,1,1,1,1,1,0.2021714746952057,1,1,0.1978963017463684,1,1,0.23569977283477783,1,1,0.17654114961624146,1,1,0.18769030272960663
subject_05:sample_0001530,5,1530,1,1,1,1,1,1,1,0.20292897522449493,1,1,0.19749672710895538,1,1,0.23597633838653564,1,1,0.17663827538490295,1,1,0.1869586706161499
subject_05:sample_0001531,5,1531,1,1,1,1,1,1,1,0.20315812528133392,1,1,0.1975661963224411,1,1,0.23601467907428741,1,1,0.17658169567584991,1,1,0.18667829036712646
subject_05:sample_0001532,5,1532,1,1,1,1,1,1,1,0.20292921364307404,1,1,0.1977548599243164,1,1,0.2360556423664093,1,1,0.17672280967235565,1,1,0.18653658032417297
subject_05:sample_0001533,5,1533,1,1,1,1,1,1,1,0.20302774012088776,1,1,0.19700568914413452,1,1,0.236550971865654,1,1,0.17690753936767578,1,1,0.18650706112384796
subject_05:sample_0001534,5,1534,1,1,1,1,1,1,1,0.20315536856651306,1,1,0.19607293605804443,1,1,0.2370770126581192,1,1,0.17721334099769592,1,1,0.18648041784763336
subject_05:sample_0001535,5,1535,1,1,1,1,1,1,1,0.2030077874660492,1,1,0.19629035890102386,1,1,0.23718753457069397,1,1,0.1771392673254013,1,1,0.18637414276599884
subject_05:sample_0001536,5,1536,1,0,0,0,0,0,0,0.19442757964134216,0,0,0.20800025761127472,0,0,0.1968025416135788,0,0,0.19544284045696259,0,0,0.20532581210136414
subject_05:sample_0001537,5,1537,1,0,0,0,0,0,0,0.19454529881477356,0,0,0.2084268480539322,0,0,0.19648556411266327,0,0,0.19541019201278687,0,0,0.2051311433315277
subject_05:sample_0001538,5,1538,1,0,0,0,0,0,0,0.19494111835956573,0,0,0.2085457295179367,0,0,0.19641737639904022,0,0,0.19545748829841614,0,0,0.2046372890472412
subject_05:sample_0001539,5,1539,1,0,0,0,0,0,0,0.1955975592136383,0,0,0.20829738676548004,0,0,0.1964469701051712,0,0,0.19550706446170807,0,0,0.20415005087852478
subject_05:sample_0001540,5,1540,1,0,0,0,0,0,0,0.19647197425365448,0,0,0.2085951417684555,0,0,0.19633525609970093,0,0,0.19549435377120972,0,0,0.2031022608280182
subject_05:sample_0001541,5,1541,1,0,0,0,0,0,0,0.1970042884349823,0,0,0.20910608768463135,0,0,0.19618943333625793,0,0,0.19541269540786743,0,0,0.2022865265607834
subject_05:sample_0001542,5,1542,1,0,0,0,0,0,0,0.19733035564422607,0,0,0.20987410843372345,0,0,0.19596980512142181,0,0,0.19515441358089447,0,0,0.20167045295238495
subject_05:sample_0001543,5,1543,1,0,0,0,0,0,0,0.19768136739730835,0,0,0.21053260564804077,0,0,0.19581253826618195,0,0,0.19497424364089966,0,0,0.20099829137325287
subject_05:sample_0001544,5,1544,1,0,0,0,0,0,0,0.1979479342699051,0,0,0.2112043797969818,0,0,0.19569353759288788,0,0,0.19467446208000183,0,0,0.20047873258590698
subject_05:sample_0001545,5,1545,1,0,0,0,0,0,0,0.19818466901779175,0,0,0.21171557903289795,0,0,0.19561061263084412,0,0,0.19438397884368896,0,0,0.20010416209697723
subject_05:sample_0001546,5,1546,1,0,0,0,0,0,0,0.1983902007341385,0,0,0.2120901346206665,0,0,0.19565285742282867,0,0,0.19414041936397552,0,0,0.19972537457942963
subject_05:sample_0001547,5,1547,1,0,0,0,0,0,0,0.19871820509433746,0,0,0.2119903266429901,0,0,0.19587254524230957,0,0,0.19398866593837738,0,0,0.19942930340766907
subject_05:sample_0001548,5,1548,1,0,0,0,0,0,0,0.19913716614246368,0,0,0.21141904592514038,0,0,0.19628000259399414,0,0,0.19394265115261078,0,0,0.19922013580799103
subject_05:sample_0001549,5,1549,1,0,0,0,0,0,0,0.19940246641635895,0,0,0.2106417864561081,0,0,0.19687053561210632,0,0,0.194011390209198,0,0,0.19907288253307343
subject_05:sample_0001550,5,1550,1,0,0,0,0,0,0,0.19973711669445038,0,0,0.20967496931552887,0,0,0.197566956281662,0,0,0.1942470371723175,0,0,0.19877302646636963
subject_05:sample_0001551,5,1551,1,0,0,0,0,0,0,0.20011202991008759,0,0,0.20864200592041016,0,0,0.19835783541202545,0,0,0.19464777410030365,0,0,0.19823943078517914
subject_05:sample_0001552,5,1552,1,0,0,0,0,0,0,0.20070037245750427,0,0,0.2077590972185135,0,0,0.19901427626609802,0,0,0.19516275823116302,0,0,0.19736260175704956
subject_05:sample_0001553,5,1553,1,0,0,0,0,0,0,0.20129285752773285,0,0,0.20750792324543,0,0,0.199382022023201,0,0,0.19549797475337982,0,0,0.19631823897361755
subject_05:sample_0001554,5,1554,1,0,0,0,0,0,0,0.20200969278812408,0,0,0.20751291513442993,0,0,0.19972985982894897,0,0,0.19583550095558167,0,0,0.1949111521244049
subject_05:sample_0001555,5,1555,1,0,0,0,0,0,0,0.2026340812444687,0,0,0.20779094099998474,0,0,0.2002049684524536,0,0,0.19627220928668976,0,0,0.1930968165397644
subject_05:sample_0001556,5,1556,1,0,0,0,0,0,0,0.20361453294754028,0,0,0.20820026099681854,0,0,0.20076853036880493,0,0,0.196748748421669,0,0,0.19066695868968964
subject_05:sample_0001557,5,1557,1,0,0,0,0,0,0,0.20467786490917206,0,0,0.20842404663562775,0,0,0.20156478881835938,0,0,0.19738301634788513,0,0,0.1879493147134781
subject_05:sample_0001558,5,1558,1,0,0,0,0,0,0,0.20618672668933868,0,0,0.20767393708229065,0,0,0.20381127297878265,0,0,0.19917583465576172,0,0,0.18315130472183228
subject_05:sample_0001559,5,1559,1,0,0,0,0,0,0,0.20750319957733154,0,0,0.20561344921588898,0,0,0.2066730409860611,0,0,0.20168641209602356,0,0,0.178522989153862
subject_05:sample_0001560,5,1560,1,0,0,0,0,0,0,0.20778830349445343,0,0,0.2044379562139511,0,0,0.20771408081054688,0,0,0.20256184041500092,0,0,0.17749689519405365
subject_05:sample_0001561,5,1561,1,0,0,0,0,0,0,0.20809486508369446,0,0,0.20316165685653687,0,0,0.20849788188934326,0,0,0.20331250131130219,0,0,0.1769321858882904
subject_05:sample_0001562,5,1562,1,0,0,0,0,0,0,0.2088971585035324,0,0,0.2012006938457489,0,0,0.21012811362743378,0,0,0.20488926768302917,1,1,0.1748838573694229
subject_05:sample_0001563,5,1563,1,0,0,0,0,0,0,0.20983868837356567,0,0,0.1988748013973236,0,0,0.21175134181976318,0,0,0.20651403069496155,1,1,0.17302021384239197
subject_05:sample_0001564,5,1564,1,0,0,0,0,0,0,0.21181972324848175,0,0,0.19346317648887634,0,0,0.21418385207653046,0,0,0.20905156433582306,1,1,0.17148075997829437
subject_05:sample_0001565,5,1565,1,0,0,0,0,0,0,0.21441736817359924,1,1,0.18562640249729156,0,0,0.21698762476444244,0,0,0.2119441032409668,1,1,0.17102350294589996
subject_05:sample_0001566,5,1566,1,0,0,0,0,0,0,0.21581174433231354,1,1,0.18046823143959045,0,0,0.21851155161857605,0,0,0.21351709961891174,1,1,0.17169040441513062
subject_05:sample_0001567,5,1567,1,0,0,0,0,0,0,0.2167457789182663,1,1,0.17692244052886963,0,0,0.21982230246067047,0,0,0.21485047042369843,1,1,0.1716580092906952
subject_05:sample_0001568,5,1568,1,0,0,0,0,0,0,0.21835915744304657,1,1,0.171571284532547,0,0,0.22207465767860413,0,0,0.21709302067756653,1,1,0.17090098559856415
subject_05:sample_0001569,5,1569,1,0,0,0,0,0,0,0.21611173450946808,1,1,0.17555251717567444,0,0,0.22001011669635773,0,0,0.21521371603012085,1,1,0.1731109321117401
subject_05:sample_0001570,5,1570,1,0,0,0,0,0,0,0.2154412567615509,1,1,0.17492035031318665,0,0,0.2198782116174698,0,0,0.21519802510738373,1,1,0.17456123232841492
subject_05:sample_0001571,5,1571,1,0,0,0,0,0,0,0.21256066858768463,1,1,0.18200936913490295,0,0,0.2169772982597351,0,0,0.2124963253736496,1,1,0.17595535516738892
subject_05:sample_0001572,5,1572,1,0,0,0,0,0,0,0.21028707921504974,1,1,0.18639792501926422,0,0,0.2151116132736206,0,0,0.21087703108787537,1,1,0.17732544243335724
subject_05:sample_0001573,5,1573,1,0,0,0,0,0,0,0.20942571759223938,1,1,0.1851532757282257,0,0,0.21578465402126312,0,0,0.21164844930171967,1,1,0.1779869645833969
subject_05:sample_0001574,5,1574,1,0,0,0,0,0,0,0.20922060310840607,1,1,0.18011468648910522,0,0,0.2180258333683014,0,0,0.2139928638935089,1,1,0.17864501476287842
subject_05:sample_0001575,5,1575,1,0,0,0,0,0,0,0.21239043772220612,1,1,0.16358080506324768,0,0,0.2225082367658615,0,0,0.21948936581611633,1,1,0.1820301115512848
subject_05:sample_0001576,5,1576,1,0,0,1,1,0,0,0.2155715376138687,1,1,0.1541181355714798,0,0,0.22426529228687286,0,0,0.22407251596450806,1,1,0.18197156488895416
subject_05:sample_0001577,5,1577,1,1,1,1,1,1,1,0.2188333421945572,1,1,0.15039782226085663,1,1,0.2235589176416397,1,1,0.22785168886184692,1,1,0.17935726046562195
subject_05:sample_0001578,5,1578,1,1,1,1,1,1,1,0.21610349416732788,1,1,0.158318892121315,1,1,0.20995469391345978,1,1,0.22981475293636322,1,1,0.18580718338489532
subject_05:sample_0001579,5,1579,1,1,1,1,1,1,1,0.20961026847362518,1,1,0.16823500394821167,1,1,0.20503132045269012,1,1,0.2231440544128418,1,1,0.193978413939476
subject_05:sample_0001580,5,1580,1,1,1,1,1,1,1,0.20243385434150696,1,1,0.17828722298145294,1,1,0.20165446400642395,1,1,0.21609467267990112,1,1,0.20152884721755981
subject_05:sample_0001581,5,1581,1,1,1,1,1,1,1,0.19838660955429077,1,1,0.1855781227350235,1,1,0.1993098258972168,1,1,0.21169470250606537,1,1,0.20502969622612
subject_05:sample_0001582,5,1582,1,1,1,1,1,1,1,0.19584527611732483,1,1,0.19131891429424286,1,1,0.1971510350704193,1,1,0.20911376178264618,1,1,0.20657004415988922
subject_05:sample_0001583,5,1583,1,1,1,1,1,1,1,0.19404271245002747,1,1,0.1955316662788391,1,1,0.19682657718658447,1,1,0.20662423968315125,1,1,0.2069738805294037
subject_05:sample_0001584,5,1584,1,1,1,1,1,1,1,0.19284988939762115,1,1,0.19761019945144653,1,1,0.19850999116897583,1,1,0.20354759693145752,1,1,0.20748136937618256
subject_05:sample_0001585,5,1585,1,1,1,1,1,1,1,0.1927979290485382,1,1,0.1983792781829834,1,1,0.20171165466308594,1,1,0.19919419288635254,1,1,0.2079160362482071
subject_05:sample_0001586,5,1586,1,1,1,1,1,1,1,0.19233106076717377,1,1,0.199448823928833,1,1,0.20336230099201202,1,1,0.19586092233657837,1,1,0.2089959979057312
subject_05:sample_0001587,5,1587,1,1,1,1,1,1,1,0.19216355681419373,1,1,0.2008814662694931,1,1,0.20448915660381317,1,1,0.1932046264410019,1,1,0.2092602550983429
subject_05:sample_0001588,5,1588,1,1,1,1,1,1,1,0.19207219779491425,1,1,0.20224811136722565,1,1,0.20496781170368195,1,1,0.19150438904762268,1,1,0.2092064917087555
subject_05:sample_0001589,5,1589,1,1,1,1,1,1,1,0.19197294116020203,1,1,0.20367473363876343,1,1,0.20501750707626343,1,1,0.19037054479122162,1,1,0.20896321535110474
subject_05:sample_0001590,5,1590,1,1,1,1,1,1,1,0.1921808421611786,1,1,0.2055852711200714,1,1,0.20473533868789673,1,1,0.19013932347297668,1,1,0.207358255982399
subject_05:sample_0001591,5,1591,1,1,1,1,1,1,1,0.19275899231433868,1,1,0.20860043168067932,1,1,0.20379678905010223,1,1,0.1910555213689804,1,1,0.20378737151622772
subject_05:sample_0001592,5,1592,1,1,1,1,1,1,1,0.19288967549800873,1,1,0.21112018823623657,1,1,0.20257402956485748,1,1,0.19162534177303314,1,1,0.20178978145122528
subject_05:sample_0001593,5,1593,1,1,1,1,1,1,1,0.19271348416805267,1,1,0.21379134058952332,1,1,0.2011961042881012,1,1,0.19182269275188446,1,1,0.20047549903392792
subject_05:sample_0001594,5,1594,1,1,1,1,1,1,1,0.19252191483974457,1,1,0.21599890291690826,1,1,0.20001733303070068,1,1,0.19197359681129456,1,1,0.1994873285293579
subject_05:sample_0001595,5,1595,1,1,1,1,1,1,1,0.19237932562828064,1,1,0.21806685626506805,1,1,0.1990664154291153,1,1,0.19228239357471466,1,1,0.19820407032966614
subject_05:sample_0001596,5,1596,1,1,1,1,1,1,1,0.19206002354621887,1,1,0.21982698142528534,1,1,0.19838134944438934,1,1,0.1923561692237854,1,1,0.19737453758716583
subject_05:sample_0001597,5,1597,1,1,1,1,1,1,1,0.19161105155944824,1,1,0.2212919145822525,1,1,0.19786298274993896,1,1,0.19212166965007782,1,1,0.19711142778396606
subject_05:sample_0001598,5,1598,1,1,1,1,1,1,1,0.19145061075687408,1,1,0.22206351161003113,1,1,0.19753172993659973,1,1,0.1922423541545868,1,1,0.19671088457107544
subject_05:sample_0001599,5,1599,1,1,1,1,1,1,1,0.19149039685726166,1,1,0.22218893468379974,1,1,0.19742494821548462,1,1,0.1924564689397812,1,1,0.19643829762935638
subject_05:sample_0001600,5,1600,1,1,1,1,1,1,1,0.19135238230228424,1,1,0.222490593791008,1,1,0.19729390740394592,1,1,0.19248375296592712,1,1,0.1963784396648407
subject_05:sample_0001601,5,1601,1,1,1,1,1,1,1,0.19105426967144012,1,1,0.2230493426322937,1,1,0.19716395437717438,1,1,0.1924130767583847,1,1,0.19631843268871307
subject_05:sample_0001602,5,1602,1,1,1,1,1,1,1,0.1908884197473526,1,1,0.2233324497938156,1,1,0.19715695083141327,1,1,0.19244670867919922,1,1,0.1961745321750641
subject_05:sample_0001603,5,1603,1,1,1,1,1,1,1,0.1905941516160965,1,1,0.22386929392814636,1,1,0.1970815509557724,1,1,0.19237233698368073,1,1,0.1960817128419876
subject_05:sample_0001604,5,1604,1,1,1,1,1,1,1,0.19084519147872925,1,1,0.22319991886615753,1,1,0.19742430746555328,1,1,0.19260911643505096,1,1,0.19592052698135376
subject_05:sample_0001605,5,1605,1,1,1,1,1,1,1,0.19093595445156097,1,1,0.22287678718566895,1,1,0.1975984275341034,1,1,0.1926211416721344,1,1,0.1959667205810547
subject_05:sample_0001606,5,1606,1,1,1,1,1,1,1,0.19119256734848022,1,1,0.22218438982963562,1,1,0.19785051047801971,1,1,0.1926850974559784,1,1,0.19608645141124725
subject_05:sample_0001607,5,1607,1,1,1,1,1,1,1,0.1912410855293274,1,1,0.22182022035121918,1,1,0.19796836376190186,1,1,0.19264984130859375,1,1,0.1963195651769638
subject_05:sample_0001608,5,1608,1,1,1,1,1,1,1,0.1912999451160431,1,1,0.2214692085981369,1,1,0.19807900488376617,1,1,0.1925702840089798,1,1,0.1965806484222412
subject_05:sample_0001609,5,1609,1,1,1,1,1,1,1,0.19131478667259216,1,1,0.22120237350463867,1,1,0.19812381267547607,1,1,0.19238877296447754,1,1,0.19696924090385437
subject_05:sample_0001610,5,1610,1,1,1,1,1,1,1,0.1912902295589447,1,1,0.2208828181028366,1,1,0.19812896847724915,1,1,0.19217340648174286,1,1,0.19752362370491028
subject_05:sample_0001611,5,1611,1,1,1,1,1,1,1,0.19117704033851624,1,1,0.22087891399860382,1,1,0.19798143208026886,1,1,0.19185678660869598,1,1,0.1981048882007599
subject_05:sample_0001612,5,1612,1,1,1,1,1,1,1,0.19121544063091278,1,1,0.22076281905174255,1,1,0.19788959622383118,1,1,0.19160526990890503,1,1,0.19852586090564728
subject_05:sample_0001613,5,1613,1,1,1,1,1,1,1,0.1913052648305893,1,1,0.2208857238292694,1,1,0.19776220619678497,1,1,0.1913125067949295,1,1,0.19873332977294922
subject_05:sample_0001614,5,1614,1,1,1,1,1,1,1,0.1914328932762146,1,1,0.2209923267364502,1,1,0.19770760834217072,1,1,0.19108796119689941,1,1,0.19877830147743225
subject_05:sample_0001615,5,1615,1,1,1,1,1,1,1,0.19155481457710266,1,1,0.22137866914272308,1,1,0.19758136570453644,1,1,0.19072262942790985,1,1,0.1987614929676056
subject_05:sample_0001616,5,1616,1,1,1,1,1,1,1,0.19167494773864746,1,1,0.22212499380111694,1,1,0.19734959304332733,1,1,0.19018809497356415,1,1,0.1986614167690277
subject_05:sample_0001617,5,1617,1,1,1,1,1,1,1,0.19182702898979187,1,1,0.22302694618701935,1,1,0.19717608392238617,1,1,0.18959899246692657,1,1,0.19836996495723724
subject_05:sample_0001618,5,1618,1,1,1,1,1,1,1,0.1918952614068985,1,1,0.22430191934108734,1,1,0.1969965398311615,1,1,0.18884553015232086,1,1,0.1979597806930542
subject_05:sample_0001619,5,1619,1,1,1,1,1,1,1,0.1920221596956253,1,1,0.2256108671426773,1,1,0.19690613448619843,1,1,0.1878167986869812,1,1,0.19764311611652374
subject_05:sample_0001620,5,1620,1,1,1,1,1,1,1,0.1924193799495697,1,1,0.2257622480392456,1,1,0.1971789002418518,1,1,0.1870073676109314,1,1,0.1976311206817627
subject_05:sample_0001621,5,1621,1,1,1,1,1,1,1,0.1926320493221283,1,1,0.2249184101819992,1,1,0.19776372611522675,1,1,0.18622882664203644,1,1,0.1984560340642929
subject_05:sample_0001622,5,1622,1,1,1,1,1,1,1,0.191935732960701,1,1,0.224356010556221,1,1,0.1984703689813614,1,1,0.18502497673034668,1,1,0.20021197199821472
subject_05:sample_0001623,5,1623,1,1,1,1,1,1,1,0.19019977748394012,1,1,0.22405803203582764,1,1,0.1988481730222702,1,1,0.1839125007390976,1,1,0.2029806524515152
subject_05:sample_0001624,5,1624,1,1,1,1,1,1,1,0.1887902021408081,1,1,0.22399011254310608,1,1,0.19876468181610107,1,1,0.18321365118026733,1,1,0.2052404135465622
subject_05:sample_0001625,5,1625,1,1,1,1,1,1,1,0.1877652406692505,1,1,0.22385603189468384,1,1,0.19842493534088135,1,1,0.18262815475463867,1,1,0.20732475817203522
subject_05:sample_0001626,5,1626,1,1,1,1,1,1,1,0.1865573227405548,1,1,0.2238311618566513,1,1,0.1978604793548584,1,1,0.18178929388523102,1,1,0.20996077358722687
subject_05:sample_0001627,5,1627,1,1,1,1,1,1,1,0.18428948521614075,1,1,0.22410672903060913,1,1,0.19647832214832306,1,1,0.17984017729759216,1,1,0.21528437733650208
subject_05:sample_0001628,5,1628,1,1,1,1,1,1,1,0.18256251513957977,1,1,0.22359207272529602,1,1,0.19579404592514038,1,1,0.17823658883571625,1,1,0.21981389820575714
subject_05:sample_0001629,5,1629,1,1,1,1,1,1,1,0.18078091740608215,1,1,0.22340898215770721,1,1,0.19536563754081726,1,1,0.17667348682880402,1,1,0.22376999258995056
subject_05:sample_0001630,5,1630,1,1,1,1,1,1,1,0.1783081442117691,1,1,0.22408856451511383,1,1,0.1944163739681244,1,1,0.17443206906318665,1,1,0.22875389456748962
subject_05:sample_0001631,5,1631,1,1,1,1,1,1,1,0.1759682446718216,1,1,0.22456032037734985,1,1,0.1938135325908661,1,1,0.17220044136047363,1,1,0.23345652222633362
subject_05:sample_0001632,5,1632,1,1,1,1,1,1,1,0.17281712591648102,1,1,0.22623105347156525,1,1,0.19346986711025238,1,1,0.1691674143075943,1,1,0.2383136749267578
subject_05:sample_0001633,5,1633,1,1,1,1,1,1,1,0.1705067902803421,1,1,0.2264477014541626,1,1,0.1942661851644516,1,1,0.16653265058994293,1,1,0.24224576354026794
subject_05:sample_0001634,5,1634,1,1,1,1,1,1,1,0.16759175062179565,1,1,0.2266971319913864,1,1,0.19551117718219757,1,1,0.1630425602197647,1,1,0.24715636670589447
subject_05:sample_0001635,5,1635,1,1,1,1,1,1,1,0.1642666757106781,1,1,0.2286674678325653,1,1,0.19608074426651,1,1,0.15930041670799255,1,1,0.25168371200561523
subject_05:sample_0001636,5,1636,1,1,1,1,1,1,1,0.16234394907951355,1,1,0.23045748472213745,1,1,0.19722354412078857,1,1,0.1566668003797531,1,1,0.25330719351768494
subject_05:sample_0001637,5,1637,1,1,1,1,1,1,1,0.16194230318069458,1,1,0.23058255016803741,1,1,0.1984100341796875,1,1,0.1555224359035492,1,1,0.2535417079925537
subject_05:sample_0001638,5,1638,1,1,1,1,1,1,1,0.1598411202430725,1,1,0.23702500760555267,1,1,0.1984427124261856,1,1,0.1534278839826584,1,1,0.25126224756240845
subject_05:sample_0001639,5,1639,1,1,1,1,1,1,1,0.1585097312927246,1,1,0.2424524426460266,1,1,0.19918318092823029,1,1,0.15233662724494934,1,1,0.24751700460910797
subject_05:sample_0001640,5,1640,1,1,1,1,1,1,1,0.15717776119709015,1,1,0.24865932762622833,1,1,0.1998952180147171,1,1,0.15154792368412018,1,1,0.24271869659423828
subject_05:sample_0001641,5,1641,1,1,1,1,1,1,1,0.15713746845722198,1,1,0.24922388792037964,1,1,0.2023163139820099,1,1,0.15219183266162872,1,1,0.23912958800792694
subject_05:sample_0001642,5,1642,1,1,1,1,1,1,1,0.15750004351139069,1,1,0.2491684854030609,1,1,0.2038346529006958,1,1,0.15298230946063995,1,1,0.23651355504989624
subject_05:sample_0001643,5,1643,1,1,1,1,1,1,1,0.1601009964942932,1,1,0.24335482716560364,1,1,0.20864298939704895,1,1,0.15660107135772705,1,1,0.23129916191101074
subject_05:sample_0001644,5,1644,1,1,1,1,1,1,1,0.16452373564243317,0,0,0.23568493127822876,1,1,0.212204247713089,1,1,0.1616307497024536,0,0,0.22595535218715668
subject_05:sample_0001645,5,1645,1,1,1,1,1,1,1,0.16861914098262787,0,0,0.23052512109279633,1,1,0.2130918800830841,1,1,0.165305495262146,0,0,0.22245734930038452
subject_05:sample_0001646,5,1646,1,1,1,1,1,1,1,0.1774178445339203,0,0,0.2204982042312622,1,1,0.21252183616161346,1,1,0.17473620176315308,0,0,0.21482497453689575
subject_05:sample_0001647,5,1647,1,1,1,1,1,1,1,0.18247252702713013,0,0,0.21544121205806732,1,1,0.21021468937397003,1,1,0.18078571557998657,0,0,0.21108493208885193
subject_05:sample_0001648,5,1648,1,1,1,1,1,1,1,0.1845901757478714,0,0,0.21312254667282104,1,1,0.2085677832365036,1,1,0.1843770295381546,0,0,0.20934152603149414
subject_05:sample_0001649,5,1649,1,1,1,1,1,1,1,0.18129532039165497,0,0,0.21691331267356873,1,1,0.2087809443473816,1,1,0.18034794926643372,0,0,0.2126615047454834
subject_05:sample_0001650,5,1650,1,1,1,1,1,1,1,0.17656198143959045,0,0,0.22428791224956512,1,1,0.20733052492141724,1,1,0.17287591099739075,1,1,0.21894274652004242
subject_05:sample_0001651,5,1651,1,1,1,1,1,1,1,0.17295636236667633,1,1,0.2317003458738327,1,1,0.20406708121299744,1,1,0.16651862859725952,1,1,0.22475658357143402
subject_05:sample_0001652,5,1652,1,1,1,1,1,1,1,0.1707453578710556,1,1,0.23722973465919495,1,1,0.20187266170978546,1,1,0.1611945778131485,1,1,0.22895663976669312
subject_05:sample_0001653,5,1653,1,1,1,1,1,1,1,0.17003759741783142,1,1,0.24021607637405396,1,1,0.20166249573230743,1,1,0.1574499011039734,1,1,0.2306329607963562
subject_05:sample_0001654,5,1654,1,1,1,1,1,1,1,0.17161615192890167,1,1,0.2403084933757782,1,1,0.20138612389564514,1,1,0.1569608449935913,1,1,0.22972746193408966
subject_05:sample_0001655,5,1655,1,1,1,1,1,1,1,0.1747443825006485,1,1,0.23747047781944275,1,1,0.20122389495372772,1,1,0.15864381194114685,1,1,0.2279164344072342
subject_05:sample_0001656,5,1656,1,1,1,1,1,1,1,0.17810609936714172,1,1,0.23334597051143646,1,1,0.20108173787593842,1,1,0.16111376881599426,1,1,0.22635148465633392
subject_05:sample_0001657,5,1657,1,1,1,1,1,1,1,0.18176330626010895,1,1,0.22865130007266998,1,1,0.20075808465480804,1,1,0.1637282520532608,1,1,0.22509819269180298
subject_05:sample_0001658,5,1658,1,1,1,1,1,1,1,0.18579576909542084,1,1,0.2248019576072693,1,1,0.19975565373897552,1,1,0.16527539491653442,1,1,0.2243703454732895
subject_05:sample_0001659,5,1659,1,1,1,1,1,1,1,0.19093692302703857,1,1,0.218190997838974,1,1,0.1983409821987152,1,1,0.16881537437438965,1,1,0.22371475398540497
subject_05:sample_0001660,5,1660,1,1,1,1,1,1,1,0.19441913068294525,1,1,0.21183879673480988,1,1,0.19814734160900116,1,1,0.17186298966407776,1,1,0.22373080253601074
subject_05:sample_0001661,5,1661,1,1,1,1,1,1,1,0.19600234925746918,1,1,0.20685558021068573,1,1,0.19852401316165924,1,1,0.17347365617752075,1,1,0.2251434326171875
subject_05:sample_0001662,5,1662,1,1,1,1,1,1,1,0.19639618694782257,1,1,0.20349185168743134,1,1,0.19878889620304108,1,1,0.17536097764968872,1,1,0.22596105933189392
subject_05:sample_0001663,5,1663,1,1,1,1,1,1,1,0.19625289738178253,1,1,0.20222945511341095,1,1,0.19870775938034058,1,1,0.1762317717075348,1,1,0.22657708823680878
subject_05:sample_0001664,5,1664,1,1,1,1,1,1,1,0.1962251514196396,1,1,0.2024034857749939,1,1,0.19854755699634552,1,1,0.1769314408302307,1,1,0.22589141130447388
subject_05:sample_0001665,5,1665,1,1,1,1,1,1,1,0.19654665887355804,1,1,0.20350946485996246,1,1,0.19855491816997528,1,1,0.17676109075546265,1,1,0.22462692856788635
subject_05:sample_0001666,5,1666,1,1,1,1,1,1,1,0.19737467169761658,1,1,0.20495006442070007,1,1,0.19864337146282196,1,1,0.17616426944732666,1,1,0.22286668419837952
subject_05:sample_0001667,5,1667,1,1,1,1,1,1,1,0.19841177761554718,1,1,0.20643915235996246,1,1,0.1987154334783554,1,1,0.17574264109134674,1,1,0.220690056681633
subject_05:sample_0001668,5,1668,1,1,1,1,1,1,1,0.19923239946365356,1,1,0.20807093381881714,1,1,0.19868314266204834,1,1,0.17601433396339417,1,1,0.2179981917142868
subject_05:sample_0001669,5,1669,1,1,1,1,1,1,1,0.20012639462947845,1,1,0.20958586037158966,1,1,0.19921450316905975,1,1,0.17508891224861145,1,1,0.2159833461046219
subject_05:sample_0001670,5,1670,1,1,1,1,1,1,1,0.20036597549915314,1,1,0.21215838193893433,1,1,0.2005995661020279,1,1,0.17529557645320892,1,1,0.21157954633235931
subject_05:sample_0001671,5,1671,1,1,1,1,1,1,1,0.20019997656345367,1,1,0.2136782556772232,1,1,0.2009975165128708,1,1,0.17546357214450836,1,1,0.20965974032878876
subject_05:sample_0001672,5,1672,1,1,1,1,1,1,1,0.20079466700553894,1,1,0.21469978988170624,1,1,0.20114032924175262,1,1,0.1756054311990738,1,1,0.2077588438987732
subject_05:sample_0001673,5,1673,1,1,1,1,1,1,1,0.20105476677417755,1,1,0.2158121019601822,1,1,0.2011982500553131,1,1,0.17624329030513763,1,1,0.2056906521320343
subject_05:sample_0001674,5,1674,1,1,1,1,1,1,1,0.20049725472927094,1,1,0.21644635498523712,1,1,0.20134446024894714,1,1,0.17749160528182983,1,1,0.2042192965745926
subject_05:sample_0001675,5,1675,1,1,1,1,1,1,1,0.1994183510541916,1,1,0.21621167659759521,1,1,0.201664999127388,1,1,0.17898410558700562,1,1,0.20371991395950317
subject_05:sample_0001676,5,1676,1,1,1,1,1,1,1,0.19818702340126038,1,1,0.2160097360610962,1,1,0.20204326510429382,1,1,0.18068289756774902,1,1,0.20307615399360657
subject_05:sample_0001677,5,1677,1,1,1,1,1,1,1,0.19748526811599731,1,1,0.21593907475471497,1,1,0.20223096013069153,1,1,0.1821153461933136,1,1,0.2022283971309662
subject_05:sample_0001678,5,1678,1,1,1,1,1,1,1,0.19749560952186584,1,1,0.21583881974220276,1,1,0.2022532969713211,1,1,0.18304239213466644,1,1,0.20136891305446625
subject_05:sample_0001679,5,1679,1,1,1,1,1,1,1,0.1975732445716858,1,1,0.21574875712394714,1,1,0.20230020582675934,1,1,0.18382258713245392,1,1,0.20055420696735382
subject_05:sample_0001680,5,1680,1,1,1,1,1,1,1,0.19726243615150452,1,1,0.2157689481973648,1,1,0.20256270468235016,1,1,0.184298574924469,1,1,0.2001064568758011
subject_05:sample_0001681,5,1681,1,1,1,1,1,1,1,0.1963345855474472,1,1,0.21615447103977203,1,1,0.20271220803260803,1,1,0.18502739071846008,1,1,0.19977037608623505
subject_05:sample_0001682,5,1682,1,1,1,1,1,1,1,0.19519618153572083,1,1,0.2163279950618744,1,1,0.20316356420516968,1,1,0.18532516062259674,1,1,0.19998612999916077
subject_05:sample_0001683,5,1683,1,1,1,1,1,1,1,0.19423873722553253,1,1,0.21626394987106323,1,1,0.2035749852657318,1,1,0.1856902837753296,1,1,0.20023109018802643
subject_05:sample_0001684,5,1684,1,1,1,1,1,1,1,0.19352968037128448,1,1,0.21457646787166595,1,1,0.20459111034870148,1,1,0.18613022565841675,1,1,0.2011716067790985
subject_05:sample_0001685,5,1685,1,1,1,1,1,1,1,0.19351500272750854,1,1,0.21219708025455475,1,1,0.20569708943367004,1,1,0.18678808212280273,1,1,0.20180174708366394
subject_05:sample_0001686,5,1686,1,1,1,1,1,1,1,0.19358032941818237,1,1,0.21042557060718536,1,1,0.20648625493049622,1,1,0.18736593425273895,1,1,0.2021409571170807
subject_05:sample_0001687,5,1687,1,1,1,1,1,1,1,0.1939268410205841,1,1,0.20914310216903687,1,1,0.20707309246063232,1,1,0.18770110607147217,1,1,0.20215483009815216
subject_05:sample_0001688,5,1688,1,1,1,1,1,1,1,0.1943783462047577,1,1,0.2085578292608261,1,1,0.20714810490608215,1,1,0.18815478682518005,1,1,0.20175999402999878
subject_05:sample_0001689,5,1689,1,1,1,1,1,1,1,0.1950533092021942,1,1,0.20811615884304047,1,1,0.2068854123353958,1,1,0.18877260386943817,1,1,0.20117159187793732
subject_05:sample_0001690,5,1690,1,1,1,1,1,1,1,0.19559256732463837,1,1,0.2078029215335846,1,1,0.20659565925598145,1,1,0.18926209211349487,1,1,0.20074580609798431
subject_05:sample_0001691,5,1691,1,1,1,1,1,1,1,0.19623808562755585,1,1,0.20735281705856323,1,1,0.20637579262256622,1,1,0.189669668674469,1,1,0.2003626823425293
subject_05:sample_0001692,5,1692,1,1,1,1,1,1,1,0.19699911773204803,1,1,0.20690931379795074,1,1,0.2059066891670227,1,1,0.19025395810604095,1,1,0.19992990791797638
subject_05:sample_0001693,5,1693,1,1,1,1,1,1,1,0.19736647605895996,1,1,0.20665854215621948,1,1,0.2053207904100418,1,1,0.1910313069820404,1,1,0.19962197542190552
subject_05:sample_0001694,5,1694,1,1,1,1,1,1,1,0.19743870198726654,1,1,0.2064223736524582,1,1,0.20494310557842255,1,1,0.1919228881597519,1,1,0.1992720067501068
subject_05:sample_0001695,5,1695,1,1,1,1,1,1,1,0.1973564326763153,1,1,0.20629210770130157,1,1,0.20474375784397125,1,1,0.19274070858955383,1,1,0.19886602461338043
subject_05:sample_0001696,5,1696,1,1,1,1,1,1,1,0.19735468924045563,1,1,0.20605173707008362,1,1,0.20466120541095734,1,1,0.19315573573112488,1,1,0.19877564907073975
subject_05:sample_0001697,5,1697,1,1,1,1,1,1,1,0.19729486107826233,1,1,0.20602677762508392,1,1,0.20465728640556335,1,1,0.19326207041740417,1,1,0.198758065700531
subject_05:sample_0001698,5,1698,1,1,1,1,1,1,1,0.19745272397994995,1,1,0.20587535202503204,1,1,0.20484203100204468,1,1,0.19319196045398712,1,1,0.19863702356815338
subject_05:sample_0001699,5,1699,1,1,1,1,1,1,1,0.19752466678619385,1,1,0.20590506494045258,1,1,0.20486444234848022,1,1,0.19315437972545624,1,1,0.19855044782161713
subject_05:sample_0001700,5,1700,1,1,1,1,1,1,1,0.19760330021381378,1,1,0.20595292747020721,1,1,0.20483669638633728,1,1,0.19310122728347778,1,1,0.19850489497184753
subject_05:sample_0001701,5,1701,1,1,1,1,1,1,1,0.19731920957565308,1,1,0.2062310129404068,1,1,0.20457759499549866,1,1,0.1931440830230713,1,1,0.19872722029685974
subject_05:sample_0001702,5,1702,1,1,1,1,1,1,1,0.1971367597579956,1,1,0.20627310872077942,1,1,0.20437434315681458,1,1,0.19317486882209778,1,1,0.19904004037380219
subject_05:sample_0001703,5,1703,1,1,1,1,1,1,1,0.1968378722667694,1,1,0.2062637358903885,1,1,0.20412106812000275,1,1,0.19320376217365265,1,1,0.1995726376771927
subject_05:sample_0001704,5,1704,1,1,1,1,1,1,1,0.19593936204910278,1,1,0.20665542781352997,1,1,0.20353028178215027,1,1,0.19336359202861786,1,1,0.2005104124546051
subject_05:sample_0001705,5,1705,1,1,1,1,1,1,1,0.19501516222953796,1,1,0.20680539309978485,1,1,0.20306825637817383,1,1,0.19361981749534607,1,1,0.2014903873205185
subject_05:sample_0001706,5,1706,1,1,1,1,1,1,1,0.1939265877008438,1,1,0.20713169872760773,1,1,0.20264415442943573,1,1,0.19380024075508118,1,1,0.20249639451503754
subject_05:sample_0001707,5,1707,1,1,1,1,1,1,1,0.19287051260471344,1,1,0.20741990208625793,1,1,0.2022176831960678,1,1,0.1940230429172516,1,1,0.2034679502248764
subject_05:sample_0001708,5,1708,1,1,1,1,1,1,1,0.1914178431034088,1,1,0.2086227834224701,1,1,0.20157980918884277,1,1,0.19408050179481506,1,1,0.20429810881614685
subject_05:sample_0001709,5,1709,1,1,1,1,1,1,1,0.19026543200016022,1,1,0.21019311249256134,1,1,0.20105336606502533,1,1,0.19375169277191162,1,1,0.20473548769950867
subject_05:sample_0001710,5,1710,1,1,1,1,1,1,1,0.18900913000106812,1,1,0.21226835250854492,1,1,0.20035195350646973,1,1,0.1932077556848526,1,1,0.20516179502010345
subject_05:sample_0001711,5,1711,1,1,1,1,1,1,1,0.1879442036151886,1,1,0.21448065340518951,1,1,0.1995113641023636,1,1,0.1927071213722229,1,1,0.20535564422607422
subject_05:sample_0001712,5,1712,1,1,1,1,1,1,1,0.18726593255996704,1,1,0.21610738337039948,1,1,0.19876006245613098,1,1,0.1924220770597458,1,1,0.2054435759782791
subject_05:sample_0001713,5,1713,1,1,1,1,1,1,1,0.1867942363023758,1,1,0.21732015907764435,1,1,0.19814163446426392,1,1,0.19220668077468872,1,1,0.20553629100322723
subject_05:sample_0001714,5,1714,1,1,1,1,1,1,1,0.18638388812541962,1,1,0.2183564156293869,1,1,0.19772930443286896,1,1,0.19195863604545593,1,1,0.205570787191391
subject_05:sample_0001715,5,1715,1,1,1,1,1,1,1,0.18601445853710175,1,1,0.21937912702560425,1,1,0.1972166746854782,1,1,0.19188867509365082,1,1,0.20550015568733215
subject_05:sample_0001716,5,1716,1,1,1,1,1,1,1,0.18555714190006256,1,1,0.22056949138641357,1,1,0.19667957723140717,1,1,0.19182392954826355,1,1,0.20536890625953674
subject_05:sample_0001717,5,1717,1,1,1,1,1,1,1,0.1850818246603012,1,1,0.22173264622688293,1,1,0.19630210101604462,1,1,0.1916530579328537,1,1,0.20522937178611755
subject_05:sample_0001718,5,1718,1,1,1,1,1,1,1,0.18468132615089417,1,1,0.22268781065940857,1,1,0.1960531771183014,1,1,0.19145135581493378,1,1,0.2051253467798233
subject_05:sample_0001719,5,1719,1,1,1,1,1,1,1,0.18422052264213562,1,1,0.2236650139093399,1,1,0.19583751261234283,1,1,0.19142426550388336,1,1,0.20485173165798187
subject_05:sample_0001720,5,1720,1,1,1,1,1,1,1,0.183846578001976,1,1,0.22440692782402039,1,1,0.19580738246440887,1,1,0.1914108842611313,1,1,0.20452731847763062
subject_05:sample_0001721,5,1721,1,1,1,1,1,1,1,0.18351542949676514,1,1,0.22501668334007263,1,1,0.19584091007709503,1,1,0.1914491504430771,1,1,0.20417694747447968
subject_05:sample_0001722,5,1722,1,1,1,1,1,1,1,0.1833745390176773,1,1,0.22530600428581238,1,1,0.19595974683761597,1,1,0.19155530631542206,1,1,0.2038034349679947
subject_05:sample_0001723,5,1723,1,1,1,1,1,1,1,0.18339583277702332,1,1,0.2254643440246582,1,1,0.19603104889392853,1,1,0.19173361361026764,1,1,0.2033742219209671
subject_05:sample_0001724,5,1724,1,1,1,1,1,1,1,0.1836317628622055,1,1,0.225111722946167,1,1,0.19621333479881287,1,1,0.1920844167470932,1,1,0.20295779407024384
subject_05:sample_0001725,5,1725,1,1,1,1,1,1,1,0.18412919342517853,1,1,0.22426752746105194,1,1,0.19658717513084412,1,1,0.19269254803657532,1,1,0.2023226022720337
subject_05:sample_0001726,5,1726,1,1,1,1,1,1,1,0.18463046848773956,1,1,0.22336092591285706,1,1,0.19694647192955017,1,1,0.19319479167461395,1,1,0.2018662989139557
subject_05:sample_0001727,5,1727,1,1,1,1,1,1,1,0.1854260265827179,1,1,0.2218487709760666,1,1,0.19750016927719116,1,1,0.193910613656044,1,1,0.20131342113018036
subject_05:sample_0001728,5,1728,1,1,1,1,1,1,1,0.18632374703884125,1,1,0.21998783946037292,1,1,0.198235422372818,1,1,0.1946161538362503,1,1,0.20083588361740112
subject_05:sample_0001729,5,1729,1,1,1,1,1,1,1,0.18716536462306976,1,1,0.2188410609960556,1,1,0.19884037971496582,1,1,0.19510646164417267,1,1,0.20004579424858093
subject_05:sample_0001730,5,1730,1,1,1,1,1,1,1,0.18781575560569763,1,1,0.21810570359230042,1,1,0.19925689697265625,1,1,0.19543613493442535,1,1,0.19938459992408752
subject_05:sample_0001731,5,1731,1,1,1,1,1,1,1,0.1881261169910431,1,1,0.2181503027677536,1,1,0.19925454258918762,1,1,0.19535870850086212,1,1,0.1991093009710312
subject_05:sample_0001732,5,1732,1,1,1,1,1,1,1,0.18816964328289032,1,1,0.21867914497852325,1,1,0.1990223377943039,1,1,0.1951574683189392,1,1,0.1989704817533493
subject_05:sample_0001733,5,1733,1,1,1,1,1,1,1,0.18792842328548431,1,1,0.21826401352882385,1,1,0.1989346146583557,1,1,0.19539594650268555,1,1,0.19947600364685059
subject_05:sample_0001734,5,1734,1,1,1,1,1,1,1,0.18753491342067719,1,1,0.21681222319602966,1,1,0.19900912046432495,1,1,0.19595009088516235,1,1,0.20069266855716705
subject_05:sample_0001735,5,1735,1,1,1,1,1,1,1,0.1871885061264038,1,1,0.2154083400964737,1,1,0.19909289479255676,1,1,0.19663330912590027,1,1,0.20167595148086548
subject_05:sample_0001736,5,1736,1,1,1,1,1,1,1,0.1872900277376175,1,1,0.21336376667022705,1,1,0.19949015974998474,1,1,0.19759604334831238,1,1,0.20225900411605835
subject_05:sample_0001737,5,1737,1,1,1,1,1,1,1,0.18758100271224976,1,1,0.21186834573745728,1,1,0.1998845487833023,1,1,0.1981017291545868,1,1,0.20256343483924866
subject_05:sample_0001738,5,1738,1,1,1,1,1,1,1,0.1878829002380371,1,1,0.21098487079143524,1,1,0.20031136274337769,1,1,0.19846861064434052,1,1,0.20235128700733185
subject_05:sample_0001739,5,1739,1,1,1,1,1,1,1,0.1879372000694275,1,1,0.20993459224700928,1,1,0.2007160633802414,1,1,0.19938188791275024,1,1,0.2020292729139328
subject_05:sample_0001740,5,1740,1,1,1,1,1,1,1,0.18824706971645355,1,1,0.20873889327049255,1,1,0.20141644775867462,1,1,0.2002333700656891,1,1,0.20136329531669617
subject_05:sample_0001741,5,1741,1,1,1,1,1,1,1,0.18836477398872375,1,1,0.2074083387851715,1,1,0.20197001099586487,1,1,0.20099684596061707,1,1,0.201259046792984
subject_05:sample_0001742,5,1742,1,1,1,1,1,1,1,0.18844512104988098,1,1,0.20686878263950348,1,1,0.2021821290254593,1,1,0.2014065980911255,1,1,0.2010963410139084
subject_05:sample_0001743,5,1743,1,1,1,1,1,1,1,0.18824398517608643,1,1,0.2061869353055954,1,1,0.20218299329280853,1,1,0.20240071415901184,1,1,0.20098446309566498
subject_05:sample_0001744,5,1744,1,1,1,1,1,1,1,0.18799911439418793,1,1,0.20635920763015747,1,1,0.20204460620880127,1,1,0.20275506377220154,1,1,0.2008410394191742
subject_05:sample_0001745,5,1745,2,2,1,2,1,2,1,0.20147614181041718,2,1,0.20194244384765625,2,1,0.1936003565788269,2,1,0.20382647216320038,2,1,0.19915363192558289
subject_05:sample_0001746,5,1746,2,2,1,2,1,2,1,0.20163960754871368,2,1,0.2019852250814438,2,1,0.19355008006095886,2,1,0.2038835734128952,2,1,0.1989404708147049
subject_05:sample_0001747,5,1747,2,2,1,2,1,2,1,0.20165158808231354,2,1,0.2021479457616806,2,1,0.1935739666223526,2,1,0.20387683808803558,2,1,0.19874870777130127
subject_05:sample_0001748,5,1748,2,2,1,2,1,2,1,0.20157811045646667,2,1,0.2022908627986908,2,1,0.1935524046421051,2,1,0.20379884541034698,2,1,0.19877882301807404
subject_05:sample_0001749,5,1749,2,2,1,2,1,2,1,0.20146141946315765,2,1,0.20244185626506805,2,1,0.19352619349956512,2,1,0.20355762541294098,2,1,0.1990119218826294
subject_05:sample_0001750,5,1750,2,2,1,2,1,2,1,0.20140773057937622,2,1,0.2026313841342926,2,1,0.19361235201358795,2,1,0.20325987040996552,2,1,0.19908767938613892
subject_05:sample_0001751,5,1751,2,2,1,2,1,2,1,0.20122766494750977,2,1,0.20275163650512695,2,1,0.19454830884933472,2,1,0.20288871228694916,2,1,0.19858276844024658
subject_05:sample_0001752,5,1752,2,2,1,2,1,2,1,0.20064705610275269,2,1,0.20256288349628448,2,1,0.19695261120796204,2,1,0.2024005949497223,2,1,0.1974358856678009
subject_05:sample_0001753,5,1753,2,2,1,2,1,2,1,0.20021861791610718,2,1,0.20249821245670319,2,1,0.19802771508693695,2,1,0.20249012112617493,2,1,0.19676437973976135
subject_05:sample_0001754,5,1754,2,2,1,2,1,2,1,0.20003965497016907,2,1,0.20222274959087372,2,1,0.19861634075641632,2,1,0.20256541669368744,2,1,0.19655485451221466
subject_05:sample_0001755,5,1755,2,2,1,2,1,2,1,0.20003542304039001,2,1,0.20158915221691132,2,1,0.1992420256137848,2,1,0.20249277353286743,2,1,0.19663968682289124
subject_05:sample_0001756,5,1756,2,2,1,2,1,2,1,0.2002841681241989,2,1,0.2010073959827423,2,1,0.19972611963748932,2,1,0.20236533880233765,2,1,0.19661596417427063
subject_05:sample_0001757,5,1757,2,2,1,2,1,2,1,0.20074054598808289,2,1,0.20051664113998413,2,1,0.1996067464351654,2,1,0.20227502286434174,2,1,0.19686006009578705
subject_05:sample_0001758,5,1758,2,2,1,2,1,2,1,0.20113687217235565,2,1,0.20019245147705078,2,1,0.19897493720054626,2,1,0.20214132964611053,2,1,0.19755344092845917
subject_05:sample_0001759,5,1759,2,2,1,2,1,2,1,0.20125573873519897,2,1,0.19959570467472076,2,1,0.19861377775669098,2,1,0.20191766321659088,2,1,0.1986161172389984
subject_05:sample_0001760,5,1760,2,2,1,2,1,2,1,0.2013142704963684,2,1,0.19901680946350098,2,1,0.1984344720840454,2,1,0.20176228880882263,2,1,0.199471116065979
subject_05:sample_0001761,5,1761,2,2,1,2,1,2,1,0.20126038789749146,2,1,0.19835972785949707,2,1,0.19841204583644867,2,1,0.2015914022922516,2,1,0.20037545263767242
subject_05:sample_0001762,5,1762,2,2,1,2,1,2,1,0.20131641626358032,2,1,0.19755657017230988,2,1,0.19878774881362915,2,1,0.2014637142419815,2,1,0.20087455213069916
subject_05:sample_0001763,5,1763,2,2,1,2,1,2,1,0.20139248669147491,2,1,0.19688981771469116,2,1,0.1989148110151291,2,1,0.20159368216991425,2,1,0.2012081891298294
subject_05:sample_0001764,5,1764,2,2,1,2,1,2,1,0.20136839151382446,2,1,0.19654583930969238,2,1,0.19904206693172455,2,1,0.20183992385864258,2,1,0.20120279490947723
subject_05:sample_0001765,5,1765,2,2,1,2,1,2,1,0.2014319747686386,2,1,0.1963556706905365,2,1,0.19892224669456482,2,1,0.2020711600780487,2,1,0.20121806859970093
subject_05:sample_0001766,5,1766,2,2,1,2,1,2,1,0.2011771947145462,2,1,0.19649699330329895,2,1,0.19866208732128143,2,1,0.20226122438907623,2,1,0.20140156149864197
subject_05:sample_0001767,5,1767,2,2,1,2,1,2,1,0.20071646571159363,2,1,0.19689008593559265,2,1,0.1984090954065323,2,1,0.20237693190574646,2,1,0.2016064077615738
subject_05:sample_0001768,5,1768,2,2,1,2,1,2,1,0.1999235898256302,2,1,0.197414830327034,2,1,0.19836851954460144,2,1,0.2023935765028,2,1,0.2018984705209732
subject_05:sample_0001769,5,1769,2,2,1,2,1,2,1,0.19885645806789398,2,1,0.19825789332389832,2,1,0.19837620854377747,2,1,0.20218655467033386,2,1,0.20232197642326355
subject_05:sample_0001770,5,1770,2,2,1,2,1,2,1,0.19756966829299927,2,1,0.19930149614810944,2,1,0.1983068287372589,2,1,0.20178116858005524,2,1,0.20303985476493835
subject_05:sample_0001771,5,1771,2,2,1,2,1,2,1,0.196245938539505,2,1,0.20072293281555176,2,1,0.19805189967155457,2,1,0.20099686086177826,2,1,0.20398138463497162
subject_05:sample_0001772,5,1772,2,2,1,2,1,2,1,0.19469104707241058,2,1,0.20267969369888306,2,1,0.19759385287761688,2,1,0.19989658892154694,2,1,0.20513787865638733
subject_05:sample_0001773,5,1773,2,2,1,2,1,2,1,0.1926148384809494,2,1,0.2056882679462433,2,1,0.19671522080898285,2,1,0.19807714223861694,2,1,0.2069035768508911
subject_05:sample_0001774,5,1774,2,2,1,2,1,2,1,0.19047009944915771,2,1,0.2086091786623001,2,1,0.19627216458320618,2,1,0.19568058848381042,2,1,0.20896698534488678
subject_05:sample_0001775,5,1775,2,2,1,2,1,2,1,0.18826107680797577,2,1,0.21120382845401764,2,1,0.19621066749095917,2,1,0.1926025152206421,2,1,0.21172092854976654
subject_05:sample_0001776,5,1776,2,2,1,2,1,2,1,0.18596191704273224,2,1,0.2129921168088913,2,1,0.19615969061851501,2,1,0.18969689309597015,2,1,0.2151884287595749
subject_05:sample_0001777,5,1777,2,2,1,2,1,2,1,0.18434295058250427,2,1,0.21539075672626495,2,1,0.19651059806346893,2,1,0.1871017962694168,2,1,0.21665295958518982
subject_05:sample_0001778,5,1778,2,2,1,2,1,2,1,0.18356357514858246,2,1,0.217559814453125,2,1,0.19729746878147125,2,1,0.18509098887443542,2,1,0.21648718416690826
subject_05:sample_0001779,5,1779,2,2,1,2,1,2,1,0.18300697207450867,2,1,0.2191176414489746,2,1,0.19811438024044037,2,1,0.18310950696468353,2,1,0.21665045619010925
subject_05:sample_0001780,5,1780,2,2,1,2,1,2,1,0.18262989819049835,2,1,0.22032004594802856,2,1,0.19836993515491486,2,1,0.18131645023822784,2,1,0.21736273169517517
subject_05:sample_0001781,5,1781,2,2,1,2,1,2,1,0.1823309361934662,2,1,0.2208278477191925,2,1,0.19880370795726776,2,1,0.18019086122512817,2,1,0.21784569323062897
subject_05:sample_0001782,5,1782,2,2,1,2,1,2,1,0.18238574266433716,2,1,0.2207915335893631,2,1,0.19881092011928558,2,1,0.18017184734344482,2,1,0.21783901751041412
subject_05:sample_0001783,5,1783,2,2,1,2,1,2,1,0.18297690153121948,2,1,0.22023862600326538,2,1,0.1985224336385727,2,1,0.18081557750701904,2,1,0.21744553744792938
subject_05:sample_0001784,5,1784,2,2,1,2,1,2,1,0.18271194398403168,2,1,0.2201889008283615,2,1,0.198760524392128,2,1,0.18036052584648132,2,1,0.21797718107700348
subject_05:sample_0001785,5,1785,2,2,1,2,1,2,1,0.1813385784626007,2,1,0.22058440744876862,2,1,0.19961082935333252,2,1,0.1791609525680542,2,1,0.21930427849292755
subject_05:sample_0001786,5,1786,2,2,1,2,1,2,1,0.17580045759677887,2,1,0.2233007550239563,2,1,0.20245327055454254,2,1,0.17521461844444275,2,1,0.22322994470596313
subject_05:sample_0001787,5,1787,2,2,1,2,1,2,1,0.1615312397480011,2,1,0.22968070209026337,2,1,0.20920848846435547,2,1,0.16868513822555542,2,1,0.23089346289634705
subject_05:sample_0001788,5,1788,2,2,1,2,1,0,0,0.15688751637935638,2,1,0.23130488395690918,2,1,0.21227392554283142,0,0,0.16468767821788788,2,1,0.23484496772289276
subject_05:sample_0001789,5,1789,2,2,1,2,1,0,0,0.157269686460495,2,1,0.22963562607765198,2,1,0.21281783282756805,0,0,0.16391679644584656,2,1,0.236359104514122
subject_05:sample_0001790,5,1790,2,2,1,2,1,0,0,0.15715445578098297,2,1,0.22765807807445526,2,1,0.21258185803890228,0,0,0.16499681770801544,2,1,0.23760786652565002
subject_05:sample_0001791,5,1791,2,2,1,2,1,0,0,0.15747906267642975,2,1,0.22510415315628052,2,1,0.21257491409778595,0,0,0.16617617011070251,2,1,0.23866470158100128
subject_05:sample_0001792,5,1792,2,2,1,2,1,0,0,0.15848368406295776,2,1,0.22239527106285095,2,1,0.21329127252101898,0,0,0.16650167107582092,2,1,0.23932711780071259
subject_05:sample_0001793,5,1793,2,2,1,2,1,0,0,0.15962496399879456,2,1,0.22014270722866058,2,1,0.213568776845932,0,0,0.16660583019256592,2,1,0.24005676805973053
subject_05:sample_0001794,5,1794,2,2,1,2,1,0,0,0.16047807037830353,2,1,0.2183474451303482,2,1,0.21361801028251648,0,0,0.16656936705112457,2,1,0.24098610877990723
subject_05:sample_0001795,5,1795,2,2,1,2,1,0,0,0.16058877110481262,2,1,0.2177032083272934,2,1,0.21346044540405273,0,0,0.1668834686279297,2,1,0.24136313796043396
subject_05:sample_0001796,5,1796,2,2,1,2,1,0,0,0.15889769792556763,2,1,0.21724991500377655,2,1,0.2135179191827774,2,1,0.16994883120059967,2,1,0.24038462340831757
subject_05:sample_0001797,5,1797,2,2,1,2,1,0,0,0.15802457928657532,2,1,0.2155005782842636,2,1,0.21330270171165466,2,1,0.17331644892692566,2,1,0.23985472321510315
subject_05:sample_0001798,5,1798,2,2,1,2,1,0,0,0.15754517912864685,2,1,0.21258202195167542,2,1,0.21238185465335846,2,1,0.17910274863243103,2,1,0.23838721215724945
subject_05:sample_0001799,5,1799,2,2,1,2,1,2,1,0.1592312455177307,2,1,0.20832522213459015,2,1,0.21007859706878662,2,1,0.1872621476650238,2,1,0.2351018637418747
subject_05:sample_0001800,5,1800,2,2,1,2,1,2,1,0.1640022099018097,2,1,0.2046477496623993,2,1,0.2069898396730423,2,1,0.19350342452526093,2,1,0.2308558076620102
subject_05:sample_0001801,5,1801,2,2,1,2,1,2,1,0.17060723900794983,2,1,0.2016475796699524,2,1,0.204059436917305,2,1,0.19727525115013123,2,1,0.22640956938266754
subject_05:sample_0001802,5,1802,2,2,1,2,1,2,1,0.17793606221675873,2,1,0.1986340582370758,2,1,0.2015637755393982,2,1,0.20024366676807404,2,1,0.22162143886089325
subject_05:sample_0001803,5,1803,2,2,1,2,1,2,1,0.183632031083107,2,1,0.1961279660463333,2,1,0.20010414719581604,2,1,0.2029096633195877,2,1,0.21722520887851715
subject_05:sample_0001804,5,1804,2,2,1,2,1,2,1,0.1868620216846466,2,1,0.19490574300289154,2,1,0.1995985209941864,2,1,0.20494234561920166,2,1,0.2136904001235962
subject_05:sample_0001805,5,1805,2,2,1,2,1,2,1,0.18890750408172607,2,1,0.1948607712984085,2,1,0.19934943318367004,2,1,0.20619508624076843,2,1,0.21068626642227173
subject_05:sample_0001806,5,1806,2,2,1,2,1,2,1,0.1905687004327774,2,1,0.1948653906583786,2,1,0.1992500275373459,2,1,0.2068929523229599,2,1,0.20842202007770538
subject_05:sample_0001807,5,1807,2,2,1,2,1,2,1,0.19170795381069183,2,1,0.19498153030872345,2,1,0.19938623905181885,2,1,0.2072373926639557,2,1,0.2066859006881714
subject_05:sample_0001808,5,1808,2,2,1,2,1,2,1,0.1924426257610321,2,1,0.19493117928504944,2,1,0.1998175084590912,2,1,0.20721134543418884,2,1,0.20559640228748322
subject_05:sample_0001809,5,1809,2,2,1,2,1,2,1,0.19143593311309814,2,1,0.19518128037452698,2,1,0.20090600848197937,2,1,0.20724432170391083,2,1,0.2052314728498459
subject_05:sample_0001810,5,1810,2,2,1,2,1,2,1,0.19099438190460205,2,1,0.19537095725536346,2,1,0.20187751948833466,2,1,0.20696458220481873,2,1,0.20479163527488708
subject_05:sample_0001811,5,1811,2,2,1,2,1,2,1,0.19263222813606262,2,1,0.19500227272510529,2,1,0.20201094448566437,2,1,0.20610687136650085,2,1,0.20424677431583405
subject_05:sample_0001812,5,1812,2,2,1,2,1,2,1,0.19421283900737762,2,1,0.19448210299015045,2,1,0.20211903750896454,2,1,0.20539581775665283,2,1,0.20378927886486053
subject_05:sample_0001813,5,1813,2,2,1,2,1,2,1,0.19482547044754028,2,1,0.19427789747714996,2,1,0.20247961580753326,2,1,0.2049998790025711,2,1,0.20341619849205017
subject_05:sample_0001814,5,1814,2,2,1,2,1,2,1,0.19543984532356262,2,1,0.19402922689914703,2,1,0.20277588069438934,2,1,0.20474590361118317,2,1,0.20300815999507904
subject_05:sample_0001815,5,1815,2,2,1,2,1,2,1,0.1956893652677536,2,1,0.19408069550991058,2,1,0.2030298113822937,2,1,0.20451396703720093,2,1,0.2026851624250412
subject_05:sample_0001816,5,1816,2,2,1,2,1,2,1,0.1953330934047699,2,1,0.19397972524166107,2,1,0.20365838706493378,2,1,0.2044219672679901,2,1,0.20260590314865112
subject_05:sample_0001817,5,1817,2,2,1,2,1,2,1,0.1947629600763321,2,1,0.1939421147108078,2,1,0.20430172979831696,2,1,0.20443254709243774,2,1,0.2025597244501114
subject_05:sample_0001818,5,1818,2,2,1,2,1,2,1,0.19434237480163574,2,1,0.19389307498931885,2,1,0.20494432747364044,2,1,0.20436608791351318,2,1,0.20245321094989777
subject_05:sample_0001819,5,1819,2,2,1,2,1,2,1,0.1939830631017685,2,1,0.19382324814796448,2,1,0.20551344752311707,2,1,0.20433923602104187,2,1,0.2023400515317917
subject_05:sample_0001820,5,1820,2,2,1,2,1,2,1,0.19379490613937378,2,1,0.19397111237049103,2,1,0.20576393604278564,2,1,0.2043532133102417,2,1,0.20211581885814667
subject_05:sample_0001821,5,1821,2,2,1,2,1,2,1,0.19372746348381042,2,1,0.19447170197963715,2,1,0.20571394264698029,2,1,0.20431293547153473,2,1,0.20177297294139862
subject_05:sample_0001822,5,1822,2,2,1,2,1,2,1,0.19286534190177917,2,1,0.19543375074863434,2,1,0.20574939250946045,2,1,0.20437608659267426,2,1,0.2015744000673294
subject_05:sample_0001823,5,1823,2,2,1,2,1,2,1,0.19194960594177246,2,1,0.19638006389141083,2,1,0.20578372478485107,2,1,0.20441751182079315,2,1,0.20146815478801727
subject_05:sample_0001824,5,1824,2,2,1,2,1,2,1,0.19138450920581818,2,1,0.19693827629089355,2,1,0.2058974951505661,2,1,0.20432952046394348,2,1,0.20144924521446228
subject_05:sample_0001825,5,1825,2,2,1,2,1,2,1,0.19123001396656036,2,1,0.1973126083612442,2,1,0.2059047818183899,2,1,0.20415766537189484,2,1,0.2013939619064331
subject_05:sample_0001826,5,1826,2,2,1,2,1,2,1,0.19120335578918457,2,1,0.19755426049232483,2,1,0.2058822214603424,2,1,0.20401142537593842,2,1,0.20134781301021576
subject_05:sample_0001827,5,1827,2,2,1,2,1,2,1,0.19131122529506683,2,1,0.19779036939144135,2,1,0.20581279695034027,2,1,0.20386861264705658,2,1,0.20121602714061737
subject_05:sample_0001828,5,1828,2,2,1,2,1,2,1,0.19147390127182007,2,1,0.19787243008613586,2,1,0.20576117932796478,2,1,0.2037792205810547,2,1,0.201112300157547
subject_05:sample_0001829,5,1829,2,2,1,2,1,2,1,0.19166535139083862,2,1,0.19763946533203125,2,1,0.20582325756549835,2,1,0.20370779931545258,2,1,0.201163187623024
subject_05:sample_0001830,5,1830,2,2,1,2,1,2,1,0.19182182848453522,2,1,0.1972513049840927,2,1,0.20592960715293884,2,1,0.2037367820739746,2,1,0.2012595385313034
subject_05:sample_0001831,5,1831,2,2,1,2,1,2,1,0.1919855773448944,2,1,0.19666768610477448,2,1,0.2060382068157196,2,1,0.20388157665729523,2,1,0.20142601430416107
subject_05:sample_0001832,5,1832,2,2,1,2,1,2,1,0.19198863208293915,2,1,0.1963525265455246,2,1,0.20597292482852936,2,1,0.20409998297691345,2,1,0.20158496499061584
subject_05:sample_0001833,5,1833,2,2,1,2,1,2,1,0.19232498109340668,2,1,0.19614039361476898,2,1,0.20577684044837952,2,1,0.2041153609752655,2,1,0.2016415297985077
subject_05:sample_0001834,5,1834,2,2,1,2,1,2,1,0.19256725907325745,2,1,0.19606368243694305,2,1,0.20559073984622955,2,1,0.2041943371295929,2,1,0.2015831023454666
subject_05:sample_0001835,5,1835,2,2,1,2,1,2,1,0.192780539393425,2,1,0.19568459689617157,2,1,0.2055375874042511,2,1,0.2043478637933731,2,1,0.20164844393730164
subject_05:sample_0001836,5,1836,2,2,1,2,1,2,1,0.19270512461662292,2,1,0.1954445093870163,2,1,0.20552383363246918,2,1,0.2044631540775299,2,1,0.2018624246120453
subject_05:sample_0001837,5,1837,2,2,1,2,1,2,1,0.1926148235797882,2,1,0.19509375095367432,2,1,0.20547902584075928,2,1,0.20442065596580505,2,1,0.20239078998565674
subject_05:sample_0001838,5,1838,2,2,1,2,1,2,1,0.1926170289516449,2,1,0.19454731047153473,2,1,0.20563912391662598,2,1,0.20423951745033264,2,1,0.20295597612857819
subject_05:sample_0001839,5,1839,2,2,1,2,1,2,1,0.1924729347229004,2,1,0.19423224031925201,2,1,0.20581570267677307,2,1,0.2038499265909195,2,1,0.20362825691699982
subject_05:sample_0001840,5,1840,2,2,1,2,1,2,1,0.19211062788963318,2,1,0.1940542608499527,2,1,0.20597736537456512,2,1,0.20327220857143402,2,1,0.20458459854125977
subject_05:sample_0001841,5,1841,2,2,1,2,1,2,1,0.19151571393013,2,1,0.1934826672077179,2,1,0.2065405547618866,2,1,0.20273342728614807,2,1,0.20572663843631744
subject_05:sample_0001842,5,1842,2,2,1,2,1,2,1,0.19113248586654663,2,1,0.19303451478481293,2,1,0.20673410594463348,2,1,0.20242124795913696,2,1,0.2066766768693924
subject_05:sample_0001843,5,1843,2,2,1,2,1,2,1,0.1907997578382492,2,1,0.19257622957229614,2,1,0.20640644431114197,2,1,0.20223936438560486,2,1,0.207977294921875
subject_05:sample_0001844,5,1844,2,2,1,2,1,2,1,0.19058722257614136,2,1,0.1922035813331604,2,1,0.205648273229599,2,1,0.20213313400745392,2,1,0.2094268500804901
subject_05:sample_0001845,5,1845,2,2,1,2,1,2,1,0.18988312780857086,2,1,0.19177304208278656,2,1,0.20554259419441223,2,1,0.20142780244350433,2,1,0.21137244999408722
subject_05:sample_0001846,5,1846,2,2,1,2,1,2,1,0.18833418190479279,2,1,0.191971093416214,2,1,0.20600362122058868,2,1,0.19991828501224518,2,1,0.21377183496952057
subject_05:sample_0001847,5,1847,2,2,1,2,1,2,1,0.1861925572156906,2,1,0.192430317401886,2,1,0.20644702017307281,2,1,0.19887198507785797,2,1,0.2160571813583374
subject_05:sample_0001848,5,1848,2,2,1,2,1,2,1,0.1837553083896637,2,1,0.19302357733249664,2,1,0.20674952864646912,2,1,0.1979827880859375,2,1,0.21848787367343903
subject_05:sample_0001849,5,1849,2,2,1,2,1,2,1,0.18126626312732697,2,1,0.19368664920330048,2,1,0.20707479119300842,2,1,0.19732819497585297,2,1,0.22064319252967834
subject_05:sample_0001850,5,1850,2,2,1,2,1,2,1,0.1762598752975464,2,1,0.1951354742050171,2,1,0.20844560861587524,2,1,0.19682630896568298,2,1,0.2233317345380783
subject_05:sample_0001851,5,1851,2,2,1,2,1,2,1,0.1721203327178955,2,1,0.1964321732521057,2,1,0.20942138135433197,2,1,0.19681334495544434,2,1,0.22521178424358368
subject_05:sample_0001852,5,1852,2,2,1,2,1,2,1,0.17097152769565582,2,1,0.19687806069850922,2,1,0.20958954095840454,2,1,0.19675716757774353,2,1,0.22580277919769287
subject_05:sample_0001853,5,1853,2,2,1,2,1,2,1,0.16981545090675354,2,1,0.19725874066352844,2,1,0.20992156863212585,2,1,0.19640490412712097,2,1,0.22659841179847717
subject_05:sample_0001854,5,1854,2,2,1,2,1,2,1,0.16939646005630493,2,1,0.19720211625099182,2,1,0.2103305160999298,2,1,0.19636087119579315,2,1,0.2267090529203415
subject_05:sample_0001855,5,1855,2,2,1,2,1,2,1,0.17067041993141174,2,1,0.19622430205345154,2,1,0.21066495776176453,2,1,0.19625087082386017,2,1,0.226188525557518
subject_05:sample_0001856,5,1856,2,2,1,2,1,2,1,0.1734975427389145,2,1,0.1949787735939026,2,1,0.2108808308839798,2,1,0.19628261029720306,2,1,0.22435934841632843
subject_05:sample_0001857,5,1857,2,2,1,2,1,2,1,0.17721793055534363,2,1,0.19398443400859833,2,1,0.21050648391246796,2,1,0.19632810354232788,2,1,0.2219620645046234
subject_05:sample_0001858,5,1858,2,2,1,2,1,2,1,0.18193431198596954,2,1,0.19347833096981049,2,1,0.2094002366065979,2,1,0.1960592120885849,2,1,0.21912701427936554
subject_05:sample_0001859,5,1859,2,2,1,2,1,2,1,0.18549206852912903,2,1,0.1935451179742813,2,1,0.20847415924072266,2,1,0.19682705402374268,2,1,0.2156606763601303
subject_05:sample_0001860,5,1860,2,2,1,2,1,2,1,0.18866358697414398,2,1,0.19328273832798004,2,1,0.20776577293872833,2,1,0.19791053235530853,2,1,0.2123764604330063
subject_05:sample_0001861,5,1861,2,2,1,2,1,2,1,0.1905268132686615,2,1,0.19301947951316833,2,1,0.20776121318340302,2,1,0.1986522674560547,2,1,0.21003925800323486
subject_05:sample_0001862,5,1862,2,2,1,2,1,2,1,0.19227446615695953,2,1,0.19320645928382874,2,1,0.20695120096206665,2,1,0.19994503259658813,2,1,0.20762193202972412
subject_05:sample_0001863,5,1863,2,2,1,2,1,2,1,0.1938999891281128,2,1,0.1937095671892166,2,1,0.20585118234157562,2,1,0.2010890543460846,2,1,0.20544925332069397
subject_05:sample_0001864,5,1864,2,2,1,2,1,2,1,0.19564466178417206,2,1,0.1939818263053894,2,1,0.20501609146595,2,1,0.20149661600589752,2,1,0.20385988056659698
subject_05:sample_0001865,5,1865,2,2,1,2,1,2,1,0.1972683221101761,2,1,0.1942523866891861,2,1,0.20495560765266418,2,1,0.20009498298168182,2,1,0.20342783629894257
subject_05:sample_0001866,5,1866,2,2,1,2,1,2,1,0.19772309064865112,2,1,0.19343675673007965,2,1,0.2048294097185135,2,1,0.20085138082504272,2,1,0.2031584233045578
subject_05:sample_0001867,5,1867,2,2,1,2,1,2,1,0.19786681234836578,2,1,0.19212810695171356,2,1,0.2052953839302063,2,1,0.2010960578918457,2,1,0.20361268520355225
subject_05:sample_0001868,5,1868,2,2,1,2,1,2,1,0.19809165596961975,2,1,0.19142544269561768,2,1,0.2057475745677948,2,1,0.20039819180965424,2,1,0.20433615148067474
subject_05:sample_0001869,5,1869,2,2,1,2,1,2,1,0.19804275035858154,2,1,0.19068481028079987,2,1,0.20580455660820007,2,1,0.20051491260528564,2,1,0.20495203137397766
subject_05:sample_0001870,5,1870,2,2,1,2,1,2,1,0.19795075058937073,2,1,0.19049249589443207,2,1,0.20587600767612457,2,1,0.20023179054260254,2,1,0.2054479718208313
subject_05:sample_0001871,5,1871,2,2,1,2,1,2,1,0.19796870648860931,2,1,0.19030822813510895,2,1,0.20597031712532043,2,1,0.19978831708431244,2,1,0.20596346259117126
subject_05:sample_0001872,5,1872,2,2,1,2,1,2,1,0.19770997762680054,2,1,0.19005021452903748,2,1,0.20595282316207886,2,1,0.19976218044757843,2,1,0.2065238654613495
subject_05:sample_0001873,5,1873,2,2,1,2,1,2,1,0.19754353165626526,2,1,0.18985290825366974,2,1,0.20584101974964142,2,1,0.19980011880397797,2,1,0.20696139335632324
subject_05:sample_0001874,5,1874,2,2,1,2,1,2,1,0.19748419523239136,2,1,0.18971015512943268,2,1,0.20573851466178894,2,1,0.1997784674167633,2,1,0.2072877734899521
subject_05:sample_0001875,5,1875,2,2,1,2,1,2,1,0.1972779631614685,2,1,0.189575657248497,2,1,0.20569880306720734,2,1,0.19972683489322662,2,1,0.20771977305412292
subject_05:sample_0001876,5,1876,2,2,1,2,1,2,1,0.19695118069648743,2,1,0.18990646302700043,2,1,0.2055470198392868,2,1,0.199532151222229,2,1,0.20806217193603516
subject_05:sample_0001877,5,1877,2,2,1,2,1,2,1,0.1966424286365509,2,1,0.19025397300720215,2,1,0.2054082304239273,2,1,0.19940245151519775,2,1,0.2082919180393219
subject_05:sample_0001878,5,1878,2,2,1,2,1,2,1,0.19633641839027405,2,1,0.1902039796113968,2,1,0.20537583529949188,2,1,0.19963884353637695,2,1,0.2084439992904663
subject_05:sample_0001879,5,1879,2,2,1,2,1,2,1,0.19592519104480743,2,1,0.18988683819770813,2,1,0.20537246763706207,2,1,0.2000780552625656,2,1,0.20873649418354034
subject_05:sample_0001880,5,1880,2,2,1,2,1,2,1,0.1955593228340149,2,1,0.18938341736793518,2,1,0.20545439422130585,2,1,0.20037706196308136,2,1,0.2092248499393463
subject_05:sample_0001881,5,1881,2,2,1,2,1,2,1,0.1947770118713379,2,1,0.18911200761795044,2,1,0.20562942326068878,2,1,0.2008107751607895,2,1,0.2096697986125946
subject_05:sample_0001882,5,1882,2,2,1,2,1,2,1,0.19414295256137848,2,1,0.18907380104064941,2,1,0.20577365159988403,2,1,0.20103669166564941,2,1,0.20997193455696106
subject_05:sample_0001883,5,1883,2,2,1,2,1,2,1,0.19368009269237518,2,1,0.18956774473190308,2,1,0.20582608878612518,2,1,0.2010909467935562,2,1,0.2098342329263687
subject_05:sample_0001884,5,1884,2,2,1,2,1,2,1,0.19326621294021606,2,1,0.18945886194705963,2,1,0.20600737631320953,2,1,0.20147603750228882,2,1,0.20979058742523193
subject_05:sample_0001885,5,1885,2,2,1,2,1,2,1,0.1930183470249176,2,1,0.1888483166694641,2,1,0.20617996156215668,2,1,0.2020609825849533,2,1,0.2098914384841919
subject_05:sample_0001886,5,1886,2,2,1,2,1,2,1,0.19295956194400787,2,1,0.18814730644226074,2,1,0.2062128335237503,2,1,0.20271436870098114,2,1,0.20996497571468353
subject_05:sample_0001887,5,1887,2,2,1,2,1,2,1,0.19271814823150635,2,1,0.1875218003988266,2,1,0.20622214674949646,2,1,0.20347504317760468,2,1,0.21006198227405548
subject_05:sample_0001888,5,1888,2,2,1,2,1,2,1,0.19224999845027924,2,1,0.18680737912654877,2,1,0.206219881772995,2,1,0.20445095002651215,2,1,0.21027083694934845
subject_05:sample_0001889,5,1889,2,2,1,2,1,2,1,0.1907183676958084,2,1,0.18577125668525696,2,1,0.20658017694950104,2,1,0.205950066447258,2,1,0.2109791785478592
subject_05:sample_0001890,5,1890,2,2,1,2,1,2,1,0.18832740187644958,2,1,0.18424081802368164,2,1,0.20744861662387848,2,1,0.2077895849943161,2,1,0.21219263970851898
subject_05:sample_0001891,5,1891,2,2,1,2,1,2,1,0.18556702136993408,2,1,0.18186642229557037,2,1,0.20897097885608673,2,1,0.20982010662555695,2,1,0.21377456188201904
subject_05:sample_0001892,5,1892,2,2,1,2,1,2,1,0.18202538788318634,2,1,0.17662496864795685,2,1,0.21175332367420197,2,1,0.2130216509103775,2,1,0.21657371520996094
subject_05:sample_0001893,5,1893,2,2,1,2,1,2,1,0.1739223152399063,2,1,0.17138689756393433,2,1,0.21609658002853394,2,1,0.2177085280418396,2,1,0.22088474035263062
subject_05:sample_0001894,5,1894,2,2,1,2,1,2,1,0.1616700440645218,2,1,0.1640648990869522,2,1,0.2225269377231598,2,1,0.22447611391544342,2,1,0.2272609919309616
subject_05:sample_0001895,5,1895,2,2,1,2,1,0,0,0.15047159790992737,0,0,0.15884800255298615,2,1,0.22779041528701782,2,1,0.23043859004974365,2,1,0.23245039582252502
subject_05:sample_0001896,5,1896,2,2,1,2,1,0,0,0.14721500873565674,0,0,0.1571997106075287,2,1,0.22901666164398193,2,1,0.23298341035842896,2,1,0.23358429968357086
subject_05:sample_0001897,5,1897,2,2,1,2,1,0,0,0.1511373370885849,0,0,0.15690775215625763,2,1,0.22690093517303467,2,1,0.23314793407917023,2,1,0.23190508782863617
subject_05:sample_0001898,5,1898,2,2,1,2,1,0,0,0.15877488255500793,0,0,0.16140717267990112,2,1,0.221230149269104,2,1,0.23090523481369019,2,1,0.22768157720565796
subject_05:sample_0001899,5,1899,2,2,1,2,1,0,0,0.16429343819618225,0,0,0.1684628427028656,2,1,0.21316884458065033,2,1,0.23016764223575592,2,1,0.22390632331371307
subject_05:sample_0001900,5,1900,2,2,1,2,1,0,0,0.17240262031555176,0,0,0.17814719676971436,2,1,0.18827924132347107,2,1,0.23625504970550537,2,1,0.22491492331027985
subject_05:sample_0001901,5,1901,2,0,0,2,1,0,0,0.18065227568149567,0,0,0.1864149123430252,0,0,0.18228140473365784,2,1,0.24050062894821167,2,1,0.21014975011348724
subject_05:sample_0001902,5,1902,2,0,0,0,0,0,0,0.186414435505867,0,0,0.1912446916103363,0,0,0.20070676505565643,2,1,0.23731911182403564,0,0,0.18431401252746582
subject_05:sample_0001903,5,1903,2,0,0,0,0,0,0,0.1952795684337616,0,0,0.19761818647384644,0,0,0.2066124975681305,0,0,0.19377586245536804,0,0,0.20671293139457703
subject_05:sample_0001904,5,1904,2,0,0,0,0,0,0,0.194492369890213,0,0,0.1952887773513794,0,0,0.2026008665561676,0,0,0.20641440153121948,0,0,0.2012026458978653
subject_05:sample_0001905,5,1905,2,0,0,0,0,0,0,0.1976098120212555,0,0,0.19776368141174316,0,0,0.2040480524301529,0,0,0.2000148445367813,0,0,0.20056261122226715
subject_05:sample_0001906,5,1906,2,0,0,0,0,0,0,0.19854596257209778,0,0,0.19881051778793335,0,0,0.20422738790512085,0,0,0.19744187593460083,0,0,0.2009732574224472
subject_05:sample_0001907,5,1907,2,0,0,0,0,0,0,0.19886285066604614,0,0,0.19940468668937683,0,0,0.20334146916866302,0,0,0.19696256518363953,0,0,0.2014274150133133
subject_05:sample_0001908,5,1908,2,0,0,0,0,0,0,0.19871704280376434,0,0,0.20077693462371826,0,0,0.20203346014022827,0,0,0.1963275969028473,0,0,0.20214393734931946
subject_05:sample_0001909,5,1909,2,0,0,0,0,0,0,0.19815702736377716,0,0,0.20300263166427612,0,0,0.20082084834575653,0,0,0.19504143297672272,0,0,0.20297715067863464
subject_05:sample_0001910,5,1910,2,0,0,0,0,0,0,0.19739149510860443,0,0,0.20576858520507812,0,0,0.19967523217201233,0,0,0.19366134703159332,0,0,0.203502357006073
subject_05:sample_0001911,5,1911,2,0,0,0,0,0,0,0.19675081968307495,0,0,0.20802253484725952,0,0,0.19885088503360748,0,0,0.19273920357227325,0,0,0.20363560318946838
subject_05:sample_0001912,5,1912,2,0,0,0,0,0,0,0.19634300470352173,0,0,0.2093072384595871,0,0,0.19823774695396423,0,0,0.19234663248062134,0,0,0.2037644237279892
subject_05:sample_0001913,5,1913,2,0,0,0,0,0,0,0.1960224211215973,0,0,0.20972312986850739,0,0,0.19755253195762634,0,0,0.19271628558635712,0,0,0.20398470759391785
subject_05:sample_0001914,5,1914,2,0,0,0,0,0,0,0.1958453208208084,0,0,0.2096146047115326,0,0,0.1969091296195984,0,0,0.19323451817035675,0,0,0.20439548790454865
subject_05:sample_0001915,5,1915,2,0,0,0,0,0,0,0.19614456593990326,0,0,0.2096024751663208,0,0,0.19660229980945587,0,0,0.19253009557724,0,0,0.20511960983276367
subject_05:sample_0001916,5,1916,2,0,0,0,0,0,0,0.19679924845695496,0,0,0.20973049104213715,0,0,0.1965559870004654,0,0,0.19127847254276276,0,0,0.20563484728336334
subject_05:sample_0001917,5,1917,2,0,0,0,0,0,0,0.1971689909696579,0,0,0.20982977747917175,0,0,0.19657565653324127,0,0,0.19065651297569275,0,0,0.2057681530714035
subject_05:sample_0001918,5,1918,2,0,0,0,0,0,0,0.1976078897714615,0,0,0.21002957224845886,0,0,0.19661179184913635,0,0,0.1898110955953598,0,0,0.2059386521577835
subject_05:sample_0001919,5,1919,2,0,0,0,0,0,0,0.19821448624134064,0,0,0.2104085385799408,0,0,0.19677984714508057,0,0,0.18838654458522797,0,0,0.20620959997177124
subject_05:sample_0001920,5,1920,2,0,0,0,0,0,0,0.1988035887479782,0,0,0.21127274632453918,0,0,0.1972837597131729,0,0,0.18586885929107666,0,0,0.20677009224891663
subject_05:sample_0001921,5,1921,2,0,0,0,0,0,0,0.1999243199825287,0,0,0.21289615333080292,0,0,0.19850103557109833,0,0,0.18017947673797607,0,0,0.2084980458021164
subject_05:sample_0001922,5,1922,2,0,0,0,0,0,0,0.20063698291778564,0,0,0.21381890773773193,0,0,0.1991228610277176,0,0,0.17754073441028595,0,0,0.20887954533100128
subject_05:sample_0001923,5,1923,2,0,0,0,0,0,0,0.19735081493854523,0,0,0.20948871970176697,0,0,0.19592198729515076,0,0,0.19257140159606934,0,0,0.2046661376953125
subject_05:sample_0001924,5,1924,2,0,0,0,0,0,0,0.19749285280704498,0,0,0.20923154056072235,0,0,0.1959475874900818,0,0,0.1927594244480133,0,0,0.20456765592098236
subject_05:sample_0001925,5,1925,2,0,0,0,0,0,0,0.19746237993240356,0,0,0.2094387710094452,0,0,0.19593364000320435,0,0,0.19263045489788055,0,0,0.20453377068042755
subject_05:sample_0001926,5,1926,2,0,0,0,0,0,0,0.20077301561832428,0,0,0.2144305557012558,0,0,0.19951164722442627,0,0,0.17658628523349762,0,0,0.20869749784469604
subject_05:sample_0001927,5,1927,2,0,0,0,0,0,0,0.20081017911434174,0,0,0.2148764431476593,0,0,0.19967089593410492,0,0,0.17589214444160461,0,0,0.20874936878681183
subject_05:sample_0001928,5,1928,2,0,0,0,0,0,0,0.20035453140735626,0,0,0.21468892693519592,0,0,0.19943711161613464,0,0,0.17733226716518402,0,0,0.20818617939949036
subject_05:sample_0001929,5,1929,2,0,0,0,0,0,0,0.19921143352985382,0,0,0.2136753797531128,0,0,0.1984674334526062,0,0,0.18181176483631134,0,0,0.20683306455612183
subject_05:sample_0001930,5,1930,2,0,0,0,0,0,0,0.19790954887866974,0,0,0.21269471943378448,0,0,0.19728636741638184,0,0,0.18707364797592163,0,0,0.20503471791744232
subject_05:sample_0001931,5,1931,2,0,0,0,0,0,0,0.19708113372325897,0,0,0.21248720586299896,0,0,0.1967443972826004,0,0,0.18895560503005981,0,0,0.20473067462444305
subject_05:sample_0001932,5,1932,2,0,0,0,0,0,0,0.19668839871883392,0,0,0.21177120506763458,0,0,0.19619490206241608,0,0,0.1904718577861786,0,0,0.204872727394104
subject_05:sample_0001933,5,1933,2,0,0,0,0,0,0,0.19690656661987305,0,0,0.21105284988880157,0,0,0.19603024423122406,0,0,0.19110210239887238,0,0,0.20490729808807373
subject_05:sample_0001934,5,1934,2,0,0,0,0,0,0,0.197540283203125,0,0,0.2102455198764801,0,0,0.19626227021217346,0,0,0.1912136822938919,0,0,0.20473729074001312
subject_05:sample_0001935,5,1935,2,0,0,0,0,0,0,0.19809013605117798,0,0,0.20927304029464722,0,0,0.19676382839679718,0,0,0.19140197336673737,0,0,0.20447000861167908
subject_05:sample_0001936,5,1936,2,0,0,0,0,0,0,0.19813013076782227,0,0,0.20874452590942383,0,0,0.19713957607746124,0,0,0.1915949583053589,0,0,0.20438982546329498
subject_05:sample_0001937,5,1937,2,0,0,0,0,0,0,0.1978801190853119,0,0,0.20862068235874176,0,0,0.1973041296005249,0,0,0.19183453917503357,0,0,0.20435957610607147
subject_05:sample_0001938,5,1938,2,0,0,0,0,0,0,0.1972559094429016,0,0,0.20865322649478912,0,0,0.1976395845413208,0,0,0.1923600286245346,0,0,0.20409022271633148
subject_05:sample_0001939,5,1939,2,0,0,0,0,0,0,0.19653955101966858,0,0,0.20865406095981598,0,0,0.19784513115882874,0,0,0.1929401457309723,0,0,0.2040201723575592
subject_05:sample_0001940,5,1940,2,0,0,0,0,0,0,0.19575604796409607,0,0,0.20859397947788239,0,0,0.19778598845005035,0,0,0.19331766664981842,0,0,0.2045453041791916
subject_05:sample_0001941,5,1941,2,0,0,0,0,0,0,0.1951797902584076,0,0,0.2086132913827896,0,0,0.1976832151412964,0,0,0.19343291223049164,0,0,0.20508986711502075
subject_05:sample_0001942,5,1942,2,0,0,0,0,0,0,0.1949324756860733,0,0,0.20870040357112885,0,0,0.19758084416389465,0,0,0.19340024888515472,0,0,0.20538507401943207
subject_05:sample_0001943,5,1943,2,0,0,0,0,0,0,0.19494229555130005,0,0,0.2088243067264557,0,0,0.19757618010044098,0,0,0.19325537979602814,0,0,0.20540091395378113
subject_05:sample_0001944,5,1944,2,0,0,0,0,0,0,0.19511224329471588,0,0,0.2090023010969162,0,0,0.19767369329929352,0,0,0.19324597716331482,0,0,0.20496481657028198
subject_05:sample_0001945,5,1945,2,0,0,0,0,0,0,0.19527778029441833,0,0,0.20907332003116608,0,0,0.19783419370651245,0,0,0.19318242371082306,0,0,0.20463140308856964
subject_05:sample_0001946,5,1946,2,0,0,0,0,0,0,0.19539614021778107,0,0,0.2092147320508957,0,0,0.1980016678571701,0,0,0.19314847886562347,0,0,0.20423801243305206
subject_05:sample_0001947,5,1947,2,0,0,0,0,0,0,0.1954687535762787,0,0,0.20932674407958984,0,0,0.19816605746746063,0,0,0.19314509630203247,0,0,0.20389243960380554
subject_05:sample_0001948,5,1948,2,0,0,0,0,0,0,0.19533556699752808,0,0,0.20933739840984344,0,0,0.19839012622833252,0,0,0.19310231506824493,0,0,0.203833669424057
subject_05:sample_0001949,5,1949,2,0,0,0,0,0,0,0.1950225979089737,0,0,0.20929881930351257,0,0,0.19874437153339386,0,0,0.19320572912693024,0,0,0.20372751355171204
subject_05:sample_0001950,5,1950,2,0,0,0,0,0,0,0.1943715661764145,0,0,0.20933234691619873,0,0,0.19930805265903473,0,0,0.19333602488040924,0,0,0.2036510854959488
subject_05:sample_0001951,5,1951,2,0,0,0,0,0,0,0.19350245594978333,0,0,0.20955893397331238,0,0,0.20012019574642181,0,0,0.1933843344449997,0,0,0.20343320071697235
subject_05:sample_0001952,5,1952,2,0,0,0,0,0,0,0.19287864863872528,0,0,0.2097114622592926,0,0,0.20103298127651215,0,0,0.19327403604984283,0,0,0.20310191810131073
subject_05:sample_0001953,5,1953,2,0,0,0,0,0,0,0.19337168335914612,0,0,0.2096049189567566,0,0,0.2015572190284729,0,0,0.19314579665660858,0,0,0.2023194581270218
subject_05:sample_0001954,5,1954,2,0,0,0,0,0,0,0.19512233138084412,0,0,0.20910698175430298,0,0,0.201696515083313,0,0,0.1929028481245041,0,0,0.20117036998271942
subject_05:sample_0001955,5,1955,2,0,0,0,0,0,0,0.1987718939781189,0,0,0.2079630345106125,0,0,0.20154619216918945,0,0,0.19235177338123322,0,0,0.19936619699001312
subject_05:sample_0001956,5,1956,2,0,0,0,0,0,0,0.20084160566329956,0,0,0.20739656686782837,0,0,0.20129969716072083,0,0,0.19222058355808258,0,0,0.19824057817459106
subject_05:sample_0001957,5,1957,2,0,0,0,0,0,0,0.20141693949699402,0,0,0.207377091050148,0,0,0.20105327665805817,0,0,0.19250987470149994,0,0,0.19764183461666107
subject_05:sample_0001958,5,1958,2,0,0,0,0,0,0,0.20267757773399353,0,0,0.20714551210403442,0,0,0.2008230984210968,0,0,0.19261562824249268,0,0,0.19673721492290497
subject_05:sample_0001959,5,1959,2,0,0,0,0,0,0,0.20382659137248993,0,0,0.20695751905441284,0,0,0.2006807178258896,0,0,0.19276228547096252,0,0,0.1957719773054123
subject_05:sample_0001960,5,1960,2,0,0,0,0,0,0,0.20509178936481476,0,0,0.20683851838111877,0,0,0.200483039021492,0,0,0.1930249184370041,0,0,0.194560706615448
subject_05:sample_0001961,5,1961,2,0,0,0,0,0,0,0.20530271530151367,0,0,0.20702967047691345,0,0,0.20026947557926178,0,0,0.19387295842170715,0,0,0.19352425634860992
subject_05:sample_0001962,5,1962,2,0,0,0,0,0,0,0.19744695723056793,0,0,0.20723503828048706,0,0,0.20213137567043304,0,0,0.1986498385667801,0,0,0.19453585147857666
subject_05:sample_0001963,5,1963,2,0,0,2,1,2,1,0.2021154910326004,0,0,0.19518162310123444,0,0,0.20736108720302582,0,0,0.1940121203660965,0,0,0.20132869482040405
subject_05:sample_0001964,5,1964,2,2,1,2,1,2,1,0.21033568680286407,2,1,0.20592956244945526,2,1,0.18370524048805237,2,1,0.21923905611038208,0,0,0.1807895451784134
subject_05:sample_0001965,5,1965,2,2,1,2,1,2,1,0.1988358050584793,2,1,0.20132043957710266,2,1,0.19461579620838165,2,1,0.20677022635936737,2,1,0.198456808924675
subject_05:sample_0001966,5,1966,2,2,1,2,1,2,1,0.19771651923656464,2,1,0.20100517570972443,2,1,0.19533951580524445,2,1,0.20542111992835999,2,1,0.20051676034927368
subject_05:sample_0001967,5,1967,2,2,1,2,1,2,1,0.1966005116701126,2,1,0.20106586813926697,2,1,0.19539636373519897,2,1,0.20413072407245636,2,1,0.20280557870864868
subject_05:sample_0001968,5,1968,2,2,1,2,1,2,1,0.19581881165504456,2,1,0.20107394456863403,2,1,0.1955956220626831,2,1,0.20329858362674713,2,1,0.2042120397090912
subject_05:sample_0001969,5,1969,2,2,1,2,1,2,1,0.19543462991714478,2,1,0.2005893588066101,2,1,0.19652265310287476,2,1,0.202958881855011,2,1,0.2044934630393982
subject_05:sample_0001970,5,1970,2,2,1,2,1,2,1,0.19539570808410645,2,1,0.2000194936990738,2,1,0.19722482562065125,2,1,0.20304261147975922,2,1,0.20431636273860931
subject_05:sample_0001971,5,1971,2,2,1,2,1,2,1,0.19558948278427124,2,1,0.19939160346984863,2,1,0.1979784220457077,2,1,0.2032419890165329,2,1,0.20379751920700073
subject_05:sample_0001972,5,1972,2,2,1,2,1,2,1,0.1958857625722885,2,1,0.19842471182346344,2,1,0.1986919343471527,2,1,0.20344476401805878,2,1,0.20355181396007538
subject_05:sample_0001973,5,1973,2,2,1,2,1,2,1,0.1958625614643097,2,1,0.19776466488838196,2,1,0.19922789931297302,2,1,0.20354770123958588,2,1,0.20359623432159424
subject_05:sample_0001974,5,1974,2,2,1,2,1,2,1,0.19549190998077393,2,1,0.19728530943393707,2,1,0.20002222061157227,2,1,0.20350997149944305,2,1,0.20368961989879608
subject_05:sample_0001975,5,1975,2,2,1,2,1,2,1,0.19481277465820312,2,1,0.19659695029258728,2,1,0.20126040279865265,2,1,0.20342938601970673,2,1,0.2038995772600174
subject_05:sample_0001976,5,1976,2,2,1,2,1,2,1,0.1944149136543274,2,1,0.1962394416332245,2,1,0.20106986165046692,2,1,0.20373639464378357,2,1,0.20453840494155884
subject_05:sample_0001977,5,1977,2,2,1,2,1,2,1,0.19412362575531006,2,1,0.19595913589000702,2,1,0.20059092342853546,2,1,0.20415455102920532,2,1,0.2051708847284317
subject_05:sample_0001978,5,1978,2,2,1,2,1,2,1,0.1938193440437317,2,1,0.19575059413909912,2,1,0.2005346268415451,2,1,0.20455506443977356,2,1,0.20533934235572815
subject_05:sample_0001979,5,1979,2,2,1,2,1,2,1,0.19356293976306915,2,1,0.1957678347826004,2,1,0.20075523853302002,2,1,0.20499132573604584,2,1,0.20492172241210938
subject_05:sample_0001980,5,1980,2,2,1,2,1,2,1,0.1932821124792099,2,1,0.19607417285442352,2,1,0.20126017928123474,2,1,0.20540224015712738,2,1,0.20398031175136566
subject_05:sample_0001981,5,1981,2,2,1,2,1,2,1,0.19299063086509705,2,1,0.19669213891029358,2,1,0.20152130722999573,2,1,0.20546457171440125,2,1,0.2033303678035736
subject_05:sample_0001982,5,1982,2,2,1,2,1,2,1,0.19234144687652588,2,1,0.19882787764072418,2,1,0.20118483901023865,2,1,0.20489616692066193,2,1,0.20274868607521057
subject_05:sample_0001983,5,1983,2,2,1,2,1,2,1,0.19233262538909912,2,1,0.19812016189098358,2,1,0.2012849748134613,2,1,0.20494773983955383,2,1,0.20331355929374695
subject_05:sample_0001984,5,1984,2,2,1,2,1,2,1,0.19247324764728546,2,1,0.19690391421318054,2,1,0.20126283168792725,2,1,0.20494067668914795,2,1,0.20441840589046478
subject_05:sample_0001985,5,1985,2,2,1,2,1,2,1,0.19255022704601288,2,1,0.19620639085769653,2,1,0.20106016099452972,2,1,0.2047712653875351,2,1,0.20541100203990936
subject_05:sample_0001986,5,1986,2,2,1,2,1,2,1,0.19261948764324188,2,1,0.19601832330226898,2,1,0.20081470906734467,2,1,0.20460104942321777,2,1,0.2059454768896103
subject_05:sample_0001987,5,1987,2,2,1,2,1,2,1,0.1926117241382599,2,1,0.19605804979801178,2,1,0.20067034661769867,2,1,0.2044888436794281,2,1,0.20617011189460754
subject_05:sample_0001988,5,1988,2,2,1,2,1,2,1,0.19261741638183594,2,1,0.19615621864795685,2,1,0.2005264312028885,2,1,0.20438970625400543,2,1,0.2063092440366745
subject_05:sample_0001989,5,1989,2,2,1,2,1,2,1,0.1926582306623459,2,1,0.19629183411598206,2,1,0.2002834677696228,2,1,0.20430853962898254,2,1,0.20645692944526672
subject_05:sample_0001990,5,1990,2,2,1,2,1,2,1,0.19273966550827026,2,1,0.19634847342967987,2,1,0.2001240849494934,2,1,0.20430389046669006,2,1,0.20648293197155
subject_05:sample_0001991,5,1991,2,2,1,2,1,2,1,0.1928805410861969,2,1,0.19634518027305603,2,1,0.20005223155021667,2,1,0.20427273213863373,2,1,0.20644834637641907
subject_05:sample_0001992,5,1992,2,2,1,2,1,2,1,0.19304370880126953,2,1,0.19651317596435547,2,1,0.19995756447315216,2,1,0.20404943823814392,2,1,0.2064352035522461
subject_05:sample_0001993,5,1993,2,2,1,2,1,2,1,0.19314545392990112,2,1,0.1967209130525589,2,1,0.1999075710773468,2,1,0.20379655063152313,2,1,0.2064286321401596
subject_05:sample_0001994,5,1994,2,2,1,2,1,2,1,0.19318407773971558,2,1,0.19677093625068665,2,1,0.1998806744813919,2,1,0.20373095571994781,2,1,0.20643235743045807
subject_05:sample_0001995,5,1995,2,2,1,2,1,2,1,0.19328299164772034,2,1,0.19670353829860687,2,1,0.19993580877780914,2,1,0.20360524952411652,2,1,0.20647145807743073
subject_05:sample_0001996,5,1996,2,2,1,2,1,2,1,0.19346095621585846,2,1,0.19647103548049927,2,1,0.20010852813720703,2,1,0.20343884825706482,2,1,0.20651964843273163
subject_05:sample_0001997,5,1997,2,2,1,2,1,2,1,0.19376790523529053,2,1,0.19617217779159546,2,1,0.20029067993164062,2,1,0.20346315205097198,2,1,0.206305131316185
subject_05:sample_0001998,5,1998,2,2,1,2,1,2,1,0.19417689740657806,2,1,0.19591458141803741,2,1,0.20043183863162994,2,1,0.2034502923488617,2,1,0.2060253918170929
subject_05:sample_0001999,5,1999,2,2,1,2,1,2,1,0.1946432888507843,2,1,0.19567903876304626,2,1,0.2005896419286728,2,1,0.20346155762672424,2,1,0.2056255042552948
subject_05:sample_0002000,5,2000,2,2,1,2,1,2,1,0.1951017528772354,2,1,0.1954943835735321,2,1,0.2007123976945877,2,1,0.2035396248102188,2,1,0.20515084266662598
subject_05:sample_0002001,5,2001,2,2,1,2,1,2,1,0.19558610022068024,2,1,0.1953285187482834,2,1,0.20081700384616852,2,1,0.20356319844722748,2,1,0.2047041803598404
subject_05:sample_0002002,5,2002,2,2,1,2,1,2,1,0.19596931338310242,2,1,0.19525554776191711,2,1,0.20084388554096222,2,1,0.203469380736351,2,1,0.2044609636068344
subject_05:sample_0002003,5,2003,2,2,1,2,1,2,1,0.1962275505065918,2,1,0.19521482288837433,2,1,0.20081712305545807,2,1,0.2034066617488861,2,1,0.20433291792869568
subject_05:sample_0002004,5,2004,2,2,1,2,1,2,1,0.19650843739509583,2,1,0.19522617757320404,2,1,0.20085933804512024,2,1,0.203194722533226,2,1,0.20421040058135986
subject_05:sample_0002005,5,2005,2,2,1,2,1,2,1,0.19667772948741913,2,1,0.19519494473934174,2,1,0.2008601725101471,2,1,0.20306502282619476,2,1,0.20420120656490326
subject_05:sample_0002006,5,2006,2,2,1,2,1,2,1,0.19689041376113892,2,1,0.19527548551559448,2,1,0.20100027322769165,2,1,0.20275747776031494,2,1,0.2040754109621048
subject_05:sample_0002007,5,2007,2,2,1,2,1,2,1,0.19705773890018463,2,1,0.1954508125782013,2,1,0.201110377907753,2,1,0.20248746871948242,2,1,0.20389260351657867
subject_05:sample_0002008,5,2008,2,2,1,2,1,2,1,0.19713623821735382,2,1,0.19564290344715118,2,1,0.2011701464653015,2,1,0.2022305428981781,2,1,0.20381923019886017
subject_05:sample_0002009,5,2009,2,2,1,2,1,2,1,0.19714607298374176,2,1,0.19584275782108307,2,1,0.20120622217655182,2,1,0.20196861028671265,2,1,0.2038353830575943
subject_05:sample_0002010,5,2010,2,0,0,0,0,0,0,0.19746659696102142,0,0,0.2054179608821869,0,0,0.19738103449344635,0,0,0.19395773112773895,0,0,0.2057756781578064
subject_05:sample_0002011,5,2011,2,0,0,0,0,0,0,0.19746683537960052,0,0,0.20549911260604858,0,0,0.19742144644260406,0,0,0.19383688271045685,0,0,0.20577473938465118
subject_05:sample_0002012,5,2012,2,0,0,0,0,0,0,0.1974814236164093,0,0,0.20558077096939087,0,0,0.19759756326675415,0,0,0.19356365501880646,0,0,0.2057756781578064
subject_05:sample_0002013,5,2013,2,0,0,0,0,0,0,0.19747494161128998,0,0,0.20561082661151886,0,0,0.19769954681396484,0,0,0.19345714151859283,0,0,0.20575657486915588
subject_05:sample_0002014,5,2014,2,0,0,0,0,0,0,0.19744524359703064,0,0,0.20563431084156036,0,0,0.19779610633850098,0,0,0.19339168071746826,0,0,0.20573168992996216
subject_05:sample_0002015,5,2015,2,0,0,0,0,0,0,0.19744040071964264,0,0,0.2056172639131546,0,0,0.19785356521606445,0,0,0.19334779679775238,0,0,0.20573998987674713
subject_05:sample_0002016,5,2016,2,0,0,0,0,0,0,0.19743721187114716,0,0,0.20556074380874634,0,0,0.19799058139324188,0,0,0.1932806670665741,0,0,0.20572982728481293
subject_05:sample_0002017,5,2017,2,0,0,0,0,0,0,0.1974390149116516,0,0,0.2055259793996811,0,0,0.19814077019691467,0,0,0.19319911301136017,0,0,0.20569416880607605
subject_05:sample_0002018,5,2018,2,0,0,0,0,0,0,0.19745884835720062,0,0,0.20545201003551483,0,0,0.1982598900794983,0,0,0.19314995408058167,0,0,0.20567834377288818
subject_05:sample_0002019,5,2019,2,0,0,0,0,0,0,0.19745387136936188,0,0,0.20540550351142883,0,0,0.19836221635341644,0,0,0.193118155002594,0,0,0.20565924048423767
subject_05:sample_0002020,5,2020,2,0,0,0,0,0,0,0.19744065403938293,0,0,0.20538277924060822,0,0,0.19849155843257904,0,0,0.19304320216178894,0,0,0.20564080774784088
subject_05:sample_0002021,5,2021,2,0,0,0,0,0,0,0.19739021360874176,0,0,0.2054011970758438,0,0,0.1985897421836853,0,0,0.1929985135793686,0,0,0.20561940968036652
subject_05:sample_0002022,5,2022,2,0,0,0,0,0,0,0.19732855260372162,0,0,0.20546212792396545,0,0,0.19862940907478333,0,0,0.19299086928367615,0,0,0.20558804273605347
subject_05:sample_0002023,5,2023,2,0,0,0,0,0,0,0.19729192554950714,0,0,0.20553086698055267,0,0,0.19867077469825745,0,0,0.1929701417684555,0,0,0.2055353820323944
subject_05:sample_0002024,5,2024,2,0,0,0,0,0,0,0.19729244709014893,0,0,0.2056075632572174,0,0,0.19872893393039703,0,0,0.19293035566806793,0,0,0.2054397165775299
subject_05:sample_0002025,5,2025,2,0,0,0,0,0,0,0.19737608730793,0,0,0.2055831104516983,0,0,0.19881930947303772,0,0,0.1928834617137909,0,0,0.20533710718154907
subject_05:sample_0002026,5,2026,2,0,0,0,0,0,0,0.19746442139148712,0,0,0.20553281903266907,0,0,0.19885753095149994,0,0,0.1928672194480896,0,0,0.20527701079845428
subject_05:sample_0002027,5,2027,2,0,0,0,0,0,0,0.19752824306488037,0,0,0.2054596096277237,0,0,0.1988975703716278,0,0,0.19289147853851318,0,0,0.20522215962409973
subject_05:sample_0002028,5,2028,2,0,0,0,0,0,0,0.1976086050271988,0,0,0.20536357164382935,0,0,0.19893132150173187,0,0,0.19292160868644714,0,0,0.2051740139722824
subject_05:sample_0002029,5,2029,2,0,0,0,0,0,0,0.1977064311504364,0,0,0.20521356165409088,0,0,0.1989220678806305,0,0,0.19302628934383392,0,0,0.2051306664943695
subject_05:sample_0002030,5,2030,2,0,0,0,0,0,0,0.19779342412948608,0,0,0.2050861120223999,0,0,0.19891344010829926,0,0,0.1931360512971878,0,0,0.20507001876831055
subject_05:sample_0002031,5,2031,2,0,0,0,0,0,0,0.19785475730895996,0,0,0.20494668185710907,0,0,0.1988428831100464,0,0,0.19327150285243988,0,0,0.2050831913948059
subject_05:sample_0002032,5,2032,2,0,0,0,0,0,0,0.19795845448970795,0,0,0.20483730733394623,0,0,0.19869780540466309,0,0,0.19339077174663544,0,0,0.20511464774608612
subject_05:sample_0002033,5,2033,2,0,0,0,0,0,0,0.19810810685157776,0,0,0.20470760762691498,0,0,0.1986772119998932,0,0,0.1934945434331894,0,0,0.2050115019083023
subject_05:sample_0002034,5,2034,2,0,0,0,0,0,0,0.19826456904411316,0,0,0.20459391176700592,0,0,0.19872786104679108,0,0,0.1935316026210785,0,0,0.20488116145133972
subject_05:sample_0002035,5,2035,2,0,0,0,0,0,0,0.19840295612812042,0,0,0.20459125936031342,0,0,0.19879065454006195,0,0,0.19347000122070312,0,0,0.20474420487880707
subject_05:sample_0002036,5,2036,2,0,0,0,0,0,0,0.1985396295785904,0,0,0.20462068915367126,0,0,0.19890718162059784,0,0,0.19339996576309204,0,0,0.20453159511089325
subject_05:sample_0002037,5,2037,2,0,0,0,0,0,0,0.19862915575504303,0,0,0.20468592643737793,0,0,0.19905437529087067,0,0,0.19328738749027252,0,0,0.20434215664863586
subject_05:sample_0002038,5,2038,2,0,0,0,0,0,0,0.19870491325855255,0,0,0.20471470057964325,0,0,0.1991988867521286,0,0,0.19329887628555298,0,0,0.2040816992521286
subject_05:sample_0002039,5,2039,2,0,0,0,0,0,0,0.19876371324062347,0,0,0.2047560214996338,0,0,0.19929710030555725,0,0,0.19332414865493774,0,0,0.20385809242725372
subject_05:sample_0002040,5,2040,2,0,0,0,0,0,0,0.1987604945898056,0,0,0.2047203928232193,0,0,0.19952471554279327,0,0,0.1934737116098404,0,0,0.20351968705654144
subject_05:sample_0002041,5,2041,2,0,0,0,0,0,0,0.19875061511993408,0,0,0.2047276496887207,0,0,0.19974684715270996,0,0,0.19356749951839447,0,0,0.20320644974708557
subject_05:sample_0002042,5,2042,2,0,0,0,0,0,0,0.1985466629266739,0,0,0.2048478126525879,0,0,0.1999281495809555,0,0,0.1938326358795166,0,0,0.2028438150882721
subject_05:sample_0002043,5,2043,2,0,0,0,0,0,0,0.1982755810022354,0,0,0.20504198968410492,0,0,0.20002493262290955,0,0,0.19409751892089844,0,0,0.2025589942932129
subject_05:sample_0002044,5,2044,2,0,0,0,0,0,0,0.19802211225032806,0,0,0.2052021622657776,0,0,0.20015598833560944,0,0,0.19441811740398407,0,0,0.20220069587230682
subject_05:sample_0002045,5,2045,2,0,0,0,0,0,0,0.19781707227230072,0,0,0.20542007684707642,0,0,0.2002674788236618,0,0,0.19453546404838562,0,0,0.20195895433425903
subject_05:sample_0002046,5,2046,2,0,0,0,0,0,0,0.19759495556354523,0,0,0.20567066967487335,0,0,0.20058034360408783,0,0,0.19466768205165863,0,0,0.20148538053035736
subject_05:sample_0002047,5,2047,2,0,0,0,0,0,0,0.1974748820066452,0,0,0.2057957500219345,0,0,0.2009589672088623,0,0,0.19475172460079193,0,0,0.20101770758628845
subject_05:sample_0002048,5,2048,2,2,1,2,1,2,1,0.19085320830345154,2,1,0.20154675841331482,2,1,0.1979159116744995,2,1,0.20334282517433167,2,1,0.2063402682542801
subject_05:sample_0002049,5,2049,2,2,1,2,1,2,1,0.19076789915561676,2,1,0.20130902528762817,2,1,0.1979287564754486,2,1,0.20362721383571625,2,1,0.20636609196662903
subject_05:sample_0002050,5,2050,2,2,1,2,1,2,1,0.190745547413826,2,1,0.201243057847023,2,1,0.19782567024230957,2,1,0.2037695199251175,2,1,0.20641526579856873
subject_05:sample_0002051,5,2051,2,2,1,2,1,2,1,0.19093061983585358,2,1,0.2009671926498413,2,1,0.19779661297798157,2,1,0.20385852456092834,2,1,0.2064460813999176
subject_05:sample_0002052,5,2052,2,2,1,2,1,2,1,0.19115662574768066,2,1,0.20084324479103088,2,1,0.19772396981716156,2,1,0.20383621752262115,2,1,0.20643898844718933
subject_05:sample_0002053,5,2053,2,2,1,2,1,2,1,0.19120752811431885,2,1,0.20086270570755005,2,1,0.19770316779613495,2,1,0.2038174569606781,2,1,0.20640821754932404
subject_05:sample_0002054,5,2054,2,2,1,2,1,2,1,0.19136254489421844,2,1,0.20080223679542542,2,1,0.19772852957248688,2,1,0.20365945994853973,2,1,0.2064463198184967
subject_05:sample_0002055,5,2055,2,2,1,2,1,2,1,0.19121699035167694,2,1,0.2008320540189743,2,1,0.19783326983451843,2,1,0.2035929262638092,2,1,0.20652377605438232
subject_05:sample_0002056,5,2056,2,2,1,2,1,2,1,0.19086381793022156,2,1,0.20057162642478943,2,1,0.19814731180667877,2,1,0.20356936752796173,2,1,0.2068469524383545
subject_05:sample_0002057,5,2057,2,2,1,2,1,2,1,0.19054605066776276,2,1,0.2001909613609314,2,1,0.19840343296527863,2,1,0.20362557470798492,2,1,0.20723304152488708
subject_05:sample_0002058,5,2058,2,2,1,2,1,2,1,0.1902136653661728,2,1,0.19972246885299683,2,1,0.19867445528507233,2,1,0.2037758231163025,2,1,0.20761261880397797
subject_05:sample_0002059,5,2059,2,2,1,2,1,2,1,0.18981944024562836,2,1,0.19936417043209076,2,1,0.19890084862709045,2,1,0.20403331518173218,2,1,0.20788128674030304
subject_05:sample_0002060,5,2060,2,2,1,2,1,2,1,0.18940654397010803,2,1,0.19882604479789734,2,1,0.19865992665290833,2,1,0.20381681621074677,2,1,0.20928968489170074
subject_05:sample_0002061,5,2061,2,2,1,2,1,2,1,0.18955303728580475,2,1,0.19865065813064575,2,1,0.19874835014343262,2,1,0.20402894914150238,2,1,0.20901809632778168
subject_05:sample_0002062,5,2062,2,2,1,2,1,2,1,0.18944621086120605,2,1,0.19892212748527527,2,1,0.1988508701324463,2,1,0.2043783962726593,2,1,0.20840148627758026
subject_05:sample_0002063,5,2063,2,2,1,2,1,2,1,0.18889254331588745,2,1,0.19926589727401733,2,1,0.19899103045463562,2,1,0.20477339625358582,2,1,0.20807614922523499
subject_05:sample_0002064,5,2064,2,2,1,2,1,2,1,0.18863867223262787,2,1,0.1993977427482605,2,1,0.19910158216953278,2,1,0.20513710379600525,2,1,0.20772385597229004
subject_05:sample_0002065,5,2065,2,2,1,2,1,2,1,0.1888868361711502,2,1,0.19931092858314514,2,1,0.19910025596618652,2,1,0.20526976883411407,2,1,0.20743122696876526
subject_05:sample_0002066,5,2066,2,2,1,2,1,2,1,0.18892915546894073,2,1,0.19909992814064026,2,1,0.19926832616329193,2,1,0.2054431438446045,2,1,0.20725850760936737
subject_05:sample_0002067,5,2067,2,2,1,2,1,2,1,0.18894068896770477,2,1,0.1990215927362442,2,1,0.19932912290096283,2,1,0.2055567502975464,2,1,0.20715086162090302
subject_05:sample_0002068,5,2068,2,2,1,2,1,2,1,0.18917326629161835,2,1,0.198653906583786,2,1,0.19940917193889618,2,1,0.20565228164196014,2,1,0.2071104496717453
subject_05:sample_0002069,5,2069,2,2,1,2,1,2,1,0.18966883420944214,2,1,0.197931706905365,2,1,0.1995224505662918,2,1,0.20575778186321259,2,1,0.20711831748485565
subject_05:sample_0002070,5,2070,2,2,1,2,1,2,1,0.19005733728408813,2,1,0.19766128063201904,2,1,0.19948746263980865,2,1,0.20572802424430847,2,1,0.2070649415254593
subject_05:sample_0002071,5,2071,2,2,1,2,1,2,1,0.1902528554201126,2,1,0.19777493178844452,2,1,0.19937752187252045,2,1,0.20563377439975739,2,1,0.20695999264717102
subject_05:sample_0002072,5,2072,2,2,1,2,1,2,1,0.19000539183616638,2,1,0.19798973202705383,2,1,0.1993238627910614,2,1,0.20568221807479858,2,1,0.2069978415966034
subject_05:sample_0002073,5,2073,2,2,1,2,1,2,1,0.18997997045516968,2,1,0.1978641003370285,2,1,0.19925881922245026,2,1,0.20582255721092224,2,1,0.20707359910011292
subject_05:sample_0002074,5,2074,2,2,1,2,1,2,1,0.19023796916007996,2,1,0.1966990977525711,2,1,0.199370339512825,2,1,0.2062462717294693,2,1,0.20744538307189941
subject_05:sample_0002075,5,2075,2,2,1,2,1,2,1,0.19051888585090637,2,1,0.19529615342617035,2,1,0.19952704012393951,2,1,0.20675021409988403,2,1,0.2079067975282669
subject_05:sample_0002076,5,2076,2,2,1,2,1,2,1,0.19087040424346924,2,1,0.1938200145959854,2,1,0.19960591197013855,2,1,0.20723915100097656,2,1,0.20846351981163025
subject_05:sample_0002077,5,2077,2,2,1,2,1,2,1,0.19114793837070465,2,1,0.191651850938797,2,1,0.1999228298664093,2,1,0.20794354379177094,2,1,0.20933282375335693
subject_05:sample_0002078,5,2078,2,2,1,2,1,2,1,0.19227896630764008,2,1,0.18840569257736206,2,1,0.20034238696098328,2,1,0.20879359543323517,2,1,0.2101784348487854
subject_05:sample_0002079,5,2079,2,2,1,2,1,2,1,0.19321508705615997,2,1,0.18557702004909515,2,1,0.20078882575035095,2,1,0.20965923368930817,2,1,0.21075887978076935
subject_05:sample_0002080,5,2080,2,2,1,2,1,2,1,0.19288679957389832,2,1,0.18434280157089233,2,1,0.2008911669254303,2,1,0.21062825620174408,2,1,0.21125002205371857
subject_05:sample_0002081,5,2081,2,2,1,2,1,2,1,0.19208770990371704,2,1,0.18312877416610718,2,1,0.20097948610782623,2,1,0.2117912322282791,2,1,0.21201175451278687
subject_05:sample_0002082,5,2082,2,2,1,2,1,2,1,0.19147475063800812,2,1,0.18141573667526245,2,1,0.20113416016101837,2,1,0.21274806559085846,2,1,0.213226318359375
subject_05:sample_0002083,5,2083,2,2,1,2,1,2,1,0.19032283127307892,2,1,0.18118157982826233,2,1,0.201059952378273,2,1,0.21252307295799255,2,1,0.2149115651845932
subject_05:sample_0002084,5,2084,2,2,1,2,1,2,1,0.18840482831001282,2,1,0.18250513076782227,2,1,0.20119750499725342,2,1,0.20982590317726135,2,1,0.21806566417217255
subject_05:sample_0002085,5,2085,2,2,1,2,1,2,1,0.18714842200279236,2,1,0.18538129329681396,2,1,0.20297521352767944,2,1,0.20335227251052856,2,1,0.22114181518554688
subject_05:sample_0002086,5,2086,2,2,1,2,1,2,1,0.18459272384643555,2,1,0.18817248940467834,2,1,0.20570485293865204,2,1,0.19829456508159637,2,1,0.2232344150543213
subject_05:sample_0002087,5,2087,2,2,1,2,1,2,1,0.1794784814119339,2,1,0.19224777817726135,2,1,0.2099768966436386,2,1,0.1920139640569687,2,1,0.22628194093704224
subject_05:sample_0002088,5,2088,2,2,1,2,1,2,1,0.1743316501379013,2,1,0.19908365607261658,2,1,0.21709983050823212,2,1,0.17777909338474274,2,1,0.23170475661754608
subject_05:sample_0002089,5,2089,2,2,1,2,1,2,1,0.16359160840511322,2,1,0.2116657942533493,2,1,0.22782202064990997,2,1,0.15497222542762756,2,1,0.24194732308387756
subject_05:sample_0002090,5,2090,2,2,1,2,1,0,0,0.1634005755186081,2,1,0.20324738323688507,2,1,0.2201661616563797,0,0,0.17548735439777374,2,1,0.237697571516037
subject_05:sample_0002091,5,2091,2,0,0,0,0,0,0,0.20057567954063416,0,0,0.1867152601480484,2,1,0.20341216027736664,0,0,0.2132095992565155,0,0,0.19608625769615173
subject_05:sample_0002092,5,2092,2,0,0,0,0,0,0,0.20100300014019012,0,0,0.20311617851257324,0,0,0.1892545521259308,0,0,0.20500534772872925,0,0,0.201619952917099
subject_05:sample_0002093,5,2093,2,0,0,0,0,0,0,0.1990082710981369,0,0,0.19864675402641296,0,0,0.2036898285150528,0,0,0.198430135846138,0,0,0.20022402703762054
subject_05:sample_0002094,5,2094,2,0,0,0,0,0,0,0.19905029237270355,0,0,0.19547559320926666,0,0,0.21159206330776215,0,0,0.19836580753326416,0,0,0.1955152302980423
subject_05:sample_0002095,5,2095,2,0,0,0,0,0,0,0.1994381994009018,0,0,0.19624479115009308,0,0,0.21100592613220215,0,0,0.19804683327674866,0,0,0.19526322185993195
subject_05:sample_0002096,5,2096,2,0,0,0,0,0,0,0.19964955747127533,0,0,0.19699770212173462,0,0,0.20987436175346375,0,0,0.1974840611219406,0,0,0.19599339365959167
subject_05:sample_0002097,5,2097,2,0,0,0,0,0,0,0.19999825954437256,0,0,0.19715151190757751,0,0,0.20885519683361053,0,0,0.19716183841228485,0,0,0.19683219492435455
subject_05:sample_0002098,5,2098,2,0,0,0,0,0,0,0.20029591023921967,0,0,0.19709943234920502,0,0,0.20813611149787903,0,0,0.19701191782951355,0,0,0.19745565950870514
subject_05:sample_0002099,5,2099,2,0,0,0,0,0,0,0.20075853168964386,0,0,0.197151318192482,0,0,0.20707322657108307,0,0,0.19689355790615082,0,0,0.19812242686748505
subject_05:sample_0002100,5,2100,2,0,0,0,0,0,0,0.20134110748767853,0,0,0.19737859070301056,0,0,0.20553366839885712,0,0,0.19684316217899323,0,0,0.1989024579524994
subject_05:sample_0002101,5,2101,2,0,0,0,0,0,0,0.20200088620185852,0,0,0.1976112425327301,0,0,0.20400570333003998,0,0,0.19679494202136993,0,0,0.19958627223968506
subject_05:sample_0002102,5,2102,2,0,0,0,0,0,0,0.2023903727531433,0,0,0.19770818948745728,0,0,0.20317693054676056,0,0,0.19677521288394928,0,0,0.19994834065437317
subject_05:sample_0002103,5,2103,2,0,0,0,0,0,0,0.20268751680850983,0,0,0.19786310195922852,0,0,0.20243994891643524,0,0,0.19677093625068665,0,0,0.20023751258850098
subject_05:sample_0002104,5,2104,2,0,0,0,0,0,0,0.20289473235607147,0,0,0.1980218142271042,0,0,0.2019006758928299,0,0,0.19676654040813446,0,0,0.20041523873806
subject_05:sample_0002105,5,2105,2,0,0,0,0,0,0,0.20322997868061066,0,0,0.19852666556835175,0,0,0.20088058710098267,0,0,0.1966857761144638,0,0,0.20067600905895233
subject_05:sample_0002106,5,2106,2,0,0,0,0,0,0,0.203376904129982,0,0,0.19887053966522217,0,0,0.20034678280353546,0,0,0.19660629332065582,0,0,0.20079851150512695
subject_05:sample_0002107,5,2107,2,0,0,0,0,0,0,0.20347554981708527,0,0,0.19901415705680847,0,0,0.20000392198562622,0,0,0.1966129094362259,0,0,0.20089244842529297
subject_05:sample_0002108,5,2108,2,0,0,0,0,0,0,0.2036261260509491,0,0,0.1993212103843689,0,0,0.19941401481628418,0,0,0.19657060503959656,0,0,0.20106710493564606
subject_05:sample_0002109,5,2109,2,0,0,0,0,0,0,0.20375876128673553,0,0,0.19961245357990265,0,0,0.1989395022392273,0,0,0.19647258520126343,0,0,0.20121575891971588
subject_05:sample_0002110,5,2110,2,0,0,0,0,0,0,0.2038642168045044,0,0,0.19986765086650848,0,0,0.1985531747341156,0,0,0.19640228152275085,0,0,0.20131167769432068
subject_05:sample_0002111,5,2111,2,0,0,0,0,0,0,0.2040073275566101,0,0,0.20015913248062134,0,0,0.1982073336839676,0,0,0.19623973965644836,0,0,0.20138554275035858
subject_05:sample_0002112,5,2112,2,0,0,0,0,0,0,0.20419162511825562,0,0,0.20055155456066132,0,0,0.19787749648094177,0,0,0.19594234228134155,0,0,0.20143595337867737
subject_05:sample_0002113,5,2113,2,0,0,0,0,0,0,0.20435170829296112,0,0,0.20089608430862427,0,0,0.19769588112831116,0,0,0.19560004770755768,0,0,0.20145530998706818
subject_05:sample_0002114,5,2114,2,0,0,0,0,0,0,0.20457595586776733,0,0,0.20132872462272644,0,0,0.19753442704677582,0,0,0.19505077600479126,0,0,0.20150914788246155
subject_05:sample_0002115,5,2115,2,0,0,0,0,0,0,0.20470890402793884,0,0,0.20168349146842957,0,0,0.19744490087032318,0,0,0.19455008208751678,0,0,0.2016116827726364
subject_05:sample_0002116,5,2116,2,0,0,0,0,0,0,0.2046196013689041,0,0,0.20196422934532166,0,0,0.19743157923221588,0,0,0.19423915445804596,0,0,0.20174448192119598
subject_05:sample_0002117,5,2117,2,0,0,0,0,0,0,0.2042699158191681,0,0,0.20229430496692657,0,0,0.1974881887435913,0,0,0.19400642812252045,0,0,0.20194011926651
subject_05:sample_0002118,5,2118,2,0,0,0,0,0,0,0.20365943014621735,0,0,0.20271693170070648,0,0,0.19760949909687042,0,0,0.19376187026500702,0,0,0.20225133001804352
subject_05:sample_0002119,5,2119,2,0,0,0,0,0,0,0.20290350914001465,0,0,0.2031470537185669,0,0,0.19768428802490234,0,0,0.1936987340450287,0,0,0.20256546139717102
subject_05:sample_0002120,5,2120,2,0,0,0,0,0,0,0.20219610631465912,0,0,0.2035045325756073,0,0,0.1978280246257782,0,0,0.193598210811615,0,0,0.20287221670150757
subject_05:sample_0002121,5,2121,2,0,0,0,0,0,0,0.20165345072746277,0,0,0.20374345779418945,0,0,0.19798293709754944,0,0,0.19353455305099487,0,0,0.20308466255664825
subject_05:sample_0002122,5,2122,2,0,0,0,0,0,0,0.2008988857269287,0,0,0.20396994054317474,0,0,0.19820377230644226,0,0,0.19356580078601837,0,0,0.2033606618642807
subject_05:sample_0002123,5,2123,2,0,0,0,0,0,0,0.2000282108783722,0,0,0.20423895120620728,0,0,0.19846153259277344,0,0,0.19358694553375244,0,0,0.20368340611457825
subject_05:sample_0002124,5,2124,2,0,0,0,0,0,0,0.19890381395816803,0,0,0.20449335873126984,0,0,0.19879969954490662,0,0,0.1936979591846466,0,0,0.2041042447090149
subject_05:sample_0002125,5,2125,2,0,0,0,0,0,0,0.19731907546520233,0,0,0.20487861335277557,0,0,0.19926156103610992,0,0,0.19390274584293365,0,0,0.2046370506286621
subject_05:sample_0002126,5,2126,2,0,0,0,0,0,0,0.1959579885005951,0,0,0.20515656471252441,0,0,0.19961462914943695,0,0,0.19422878324985504,0,0,0.2050410509109497
subject_05:sample_0002127,5,2127,2,0,0,0,0,0,0,0.19480295479297638,0,0,0.20529472827911377,0,0,0.19981984794139862,0,0,0.19474655389785767,0,0,0.20533491671085358
subject_05:sample_0002128,5,2128,2,0,0,0,0,0,0,0.19416390359401703,0,0,0.205272376537323,0,0,0.1998538225889206,0,0,0.1952645629644394,0,0,0.2054443210363388
subject_05:sample_0002129,5,2129,2,0,0,0,0,0,0,0.19390344619750977,0,0,0.20525342226028442,0,0,0.1998443454504013,0,0,0.19551672041416168,0,0,0.20548108220100403
subject_05:sample_0002130,5,2130,2,0,0,0,0,0,0,0.19388818740844727,0,0,0.20519065856933594,0,0,0.1998763531446457,0,0,0.1955517828464508,0,0,0.2054920345544815
subject_05:sample_0002131,5,2131,2,0,0,0,0,0,0,0.19377708435058594,0,0,0.20514622330665588,0,0,0.19994617998600006,0,0,0.1956019401550293,0,0,0.20552758872509003
subject_05:sample_0002132,5,2132,2,0,0,0,0,0,0,0.19369006156921387,0,0,0.20502956211566925,0,0,0.19999337196350098,0,0,0.19570568203926086,0,0,0.20558032393455505
subject_05:sample_0002133,5,2133,2,0,0,0,0,0,0,0.19374530017375946,0,0,0.20487694442272186,0,0,0.19999563694000244,0,0,0.19579561054706573,0,0,0.2055855542421341
subject_05:sample_0002134,5,2134,2,0,0,0,0,0,0,0.1939021497964859,0,0,0.2047179639339447,0,0,0.2000034749507904,0,0,0.19579453766345978,0,0,0.205580934882164
subject_05:sample_0002135,5,2135,2,0,0,0,0,0,0,0.19400769472122192,0,0,0.2045935094356537,0,0,0.19994613528251648,0,0,0.19592876732349396,0,0,0.20552296936511993
subject_05:sample_0002136,5,2136,2,0,0,0,0,0,0,0.19416338205337524,0,0,0.2044447511434555,0,0,0.19985538721084595,0,0,0.19608750939369202,0,0,0.20544804632663727
subject_05:sample_0002137,5,2137,2,0,0,0,0,0,0,0.19444288313388824,0,0,0.20424465835094452,0,0,0.19979359209537506,0,0,0.19611801207065582,0,0,0.20539988577365875
subject_05:sample_0002138,5,2138,2,0,0,0,0,0,0,0.19470499455928802,0,0,0.2040635496377945,0,0,0.19973301887512207,0,0,0.19609953463077545,0,0,0.20539802312850952
subject_05:sample_0002139,5,2139,2,0,0,0,0,0,0,0.194959819316864,0,0,0.20389090478420258,0,0,0.19970102608203888,0,0,0.19604620337486267,0,0,0.20540106296539307
subject_05:sample_0002140,5,2140,2,0,0,0,0,0,0,0.1952083706855774,0,0,0.20375299453735352,0,0,0.19963450729846954,0,0,0.19602523744106293,0,0,0.20537790656089783
subject_05:sample_0002141,5,2141,2,0,0,0,0,0,0,0.19557228684425354,0,0,0.2035885453224182,0,0,0.19956548511981964,0,0,0.1959114521741867,0,0,0.2053612768650055
subject_05:sample_0002142,5,2142,2,0,0,0,0,0,0,0.19602757692337036,0,0,0.2033608853816986,0,0,0.19943054020404816,0,0,0.19586297869682312,0,0,0.20531709492206573
subject_05:sample_0002143,5,2143,2,0,0,0,0,0,0,0.19653649628162384,0,0,0.2031477838754654,0,0,0.19934619963169098,0,0,0.19568195939064026,0,0,0.20528657734394073
subject_05:sample_0002144,5,2144,2,0,0,0,0,0,0,0.19696642458438873,0,0,0.20296674966812134,0,0,0.19935710728168488,0,0,0.19542518258094788,0,0,0.20528356730937958
subject_05:sample_0002145,5,2145,2,0,0,0,0,0,0,0.19729438424110413,0,0,0.20285795629024506,0,0,0.19941413402557373,0,0,0.19515737891197205,0,0,0.20527520775794983
subject_05:sample_0002146,5,2146,2,0,0,0,0,0,0,0.19750595092773438,0,0,0.2027878761291504,0,0,0.1995297223329544,0,0,0.19490109384059906,0,0,0.20527435839176178
subject_05:sample_0002147,5,2147,2,0,0,0,0,0,0,0.19768740236759186,0,0,0.20264409482479095,0,0,0.19967718422412872,0,0,0.19475439190864563,0,0,0.20523597300052643
subject_05:sample_0002148,5,2148,2,0,0,0,0,0,0,0.1978769451379776,0,0,0.20246849954128265,0,0,0.19981041550636292,0,0,0.19467203319072723,0,0,0.2051711231470108
subject_05:sample_0002149,5,2149,2,0,0,0,0,0,0,0.1974605768918991,0,0,0.20240281522274017,0,0,0.20006726682186127,0,0,0.19478850066661835,0,0,0.2052798569202423
subject_05:sample_0002150,5,2150,2,0,0,0,0,0,0,0.19674639403820038,0,0,0.20249006152153015,0,0,0.20023363828659058,0,0,0.1950232982635498,0,0,0.2055055946111679
subject_05:sample_0002151,5,2151,2,0,0,0,0,0,0,0.19635413587093353,0,0,0.2026432305574417,0,0,0.2000793218612671,0,0,0.19521845877170563,0,0,0.20570391416549683
subject_05:sample_0002152,5,2152,2,0,0,0,0,0,0,0.19621655344963074,0,0,0.20278014242649078,0,0,0.19981060922145844,0,0,0.1953878104686737,0,0,0.20580394566059113
subject_05:sample_0002153,5,2153,2,0,0,0,0,0,0,0.19614365696907043,0,0,0.20299555361270905,0,0,0.19943374395370483,0,0,0.19556058943271637,0,0,0.2058655172586441
subject_05:sample_0002154,5,2154,2,0,0,0,0,0,0,0.19608095288276672,0,0,0.2032427042722702,0,0,0.19919775426387787,0,0,0.19563406705856323,0,0,0.20584352314472198
subject_05:sample_0002155,5,2155,2,0,0,0,0,0,0,0.19603142142295837,0,0,0.2034454345703125,0,0,0.1990395486354828,0,0,0.19568870961666107,0,0,0.20579387247562408
subject_05:sample_0002156,5,2156,2,0,0,0,0,0,0,0.19602231681346893,0,0,0.2035238891839981,0,0,0.19894255697727203,0,0,0.19569362699985504,0,0,0.2058166116476059
subject_05:sample_0002157,5,2157,2,0,0,0,0,0,0,0.19602806866168976,0,0,0.2036045491695404,0,0,0.19880102574825287,0,0,0.19560478627681732,0,0,0.20596060156822205
subject_05:sample_0002158,5,2158,2,0,0,0,0,0,0,0.19598311185836792,0,0,0.20387129485607147,0,0,0.19867530465126038,0,0,0.19539079070091248,0,0,0.20607848465442657
subject_05:sample_0002159,5,2159,2,0,0,0,0,0,0,0.19594112038612366,0,0,0.204300656914711,0,0,0.19855567812919617,0,0,0.19510267674922943,0,0,0.20609886944293976
subject_05:sample_0002160,5,2160,2,0,0,0,0,0,0,0.19585968554019928,0,0,0.20480312407016754,0,0,0.1984119713306427,0,0,0.19480669498443604,0,0,0.20611755549907684
subject_05:sample_0002161,5,2161,2,0,0,0,0,0,0,0.19592048227787018,0,0,0.2049337774515152,0,0,0.19830186665058136,0,0,0.19460086524486542,0,0,0.20624209940433502
subject_05:sample_0002162,5,2162,2,0,0,0,0,0,0,0.19602511823177338,0,0,0.20537598431110382,0,0,0.19806073606014252,0,0,0.1943099945783615,0,0,0.20622724294662476
subject_05:sample_0002163,5,2163,2,0,0,0,0,0,0,0.19638782739639282,0,0,0.20453454554080963,0,0,0.19819900393486023,0,0,0.1943444460630417,0,0,0.206533282995224
subject_05:sample_0002164,5,2164,2,0,0,0,0,0,0,0.19692698121070862,0,0,0.2028292417526245,0,0,0.19856232404708862,0,0,0.19462908804416656,0,0,0.20705141127109528
subject_05:sample_0002165,5,2165,2,0,0,0,0,0,0,0.19720502197742462,0,0,0.2022418975830078,0,0,0.1986558586359024,0,0,0.19471925497055054,0,0,0.2071770280599594
subject_05:sample_0002166,5,2166,2,0,0,0,0,0,0,0.19736230373382568,0,0,0.2019892930984497,0,0,0.19884531199932098,0,0,0.19473493099212646,0,0,0.20706728100776672
subject_05:sample_0002167,5,2167,2,0,0,0,0,0,0,0.19746024906635284,0,0,0.2018110752105713,0,0,0.1990080326795578,0,0,0.19477392733097076,0,0,0.2069457620382309
subject_05:sample_0002168,5,2168,2,0,0,0,0,0,0,0.19757913053035736,0,0,0.20165801048278809,0,0,0.19914688169956207,0,0,0.19481754302978516,0,0,0.20679746568202972
subject_05:sample_0002169,5,2169,2,0,0,0,0,0,0,0.197641983628273,0,0,0.2016761749982834,0,0,0.19925884902477264,0,0,0.19483141601085663,0,0,0.20659062266349792
subject_05:sample_0002170,5,2170,2,0,0,0,0,0,0,0.1976957619190216,0,0,0.20193327963352203,0,0,0.1991054266691208,0,0,0.1948612779378891,0,0,0.20640330016613007
subject_05:sample_0002171,5,2171,2,0,0,0,0,0,0,0.19783230125904083,0,0,0.20224955677986145,0,0,0.19875895977020264,0,0,0.19490459561347961,0,0,0.20625364780426025
subject_05:sample_0002172,5,2172,2,0,0,0,0,0,0,0.19799630343914032,0,0,0.20234163105487823,0,0,0.19850264489650726,0,0,0.19502228498458862,0,0,0.20613622665405273
subject_05:sample_0002173,5,2173,2,0,0,0,0,0,0,0.1981336623430252,0,0,0.20263397693634033,0,0,0.1982220709323883,0,0,0.19509074091911316,0,0,0.20591861009597778
subject_05:sample_0002174,5,2174,2,0,0,0,0,0,0,0.19825991988182068,0,0,0.2030656337738037,0,0,0.1979428231716156,0,0,0.19515715539455414,0,0,0.20557348430156708
subject_05:sample_0002175,5,2175,2,0,0,0,0,0,0,0.19840805232524872,0,0,0.20335610210895538,0,0,0.19767580926418304,0,0,0.19530576467514038,0,0,0.20525333285331726
subject_05:sample_0002176,5,2176,2,0,0,0,0,0,0,0.1985461562871933,0,0,0.203598290681839,0,0,0.19744788110256195,0,0,0.19541434943675995,0,0,0.2049923539161682
subject_05:sample_0002177,5,2177,2,0,0,0,0,0,0,0.19869229197502136,0,0,0.20378591120243073,0,0,0.19723540544509888,0,0,0.1954973340034485,0,0,0.20478807389736176
subject_05:sample_0002178,5,2178,2,0,0,0,0,0,0,0.19883772730827332,0,0,0.2039528489112854,0,0,0.19700764119625092,0,0,0.19555313885211945,0,0,0.20464767515659332
subject_05:sample_0002179,5,2179,2,0,0,0,0,0,0,0.1989583820104599,0,0,0.20417314767837524,0,0,0.19678565859794617,0,0,0.1955794095993042,0,0,0.20450246334075928
subject_05:sample_0002180,5,2180,2,0,0,0,0,0,0,0.19901885092258453,0,0,0.20457850396633148,0,0,0.19655561447143555,0,0,0.19556288421154022,0,0,0.20428317785263062
subject_05:sample_0002181,5,2181,2,0,0,0,0,0,0,0.19913844764232635,0,0,0.20470869541168213,0,0,0.1964954286813736,0,0,0.19561131298542023,0,0,0.2040451020002365
subject_05:sample_0002182,5,2182,2,0,0,0,0,0,0,0.19921912252902985,0,0,0.2049434930086136,0,0,0.1964821219444275,0,0,0.19556167721748352,0,0,0.20379263162612915
subject_05:sample_0002183,5,2183,2,0,0,0,0,0,0,0.19942425191402435,0,0,0.2046472430229187,0,0,0.19669294357299805,0,0,0.19560937583446503,0,0,0.20362523198127747
subject_05:sample_0002184,5,2184,2,0,0,0,0,0,0,0.1996077299118042,0,0,0.20437204837799072,0,0,0.19690446555614471,0,0,0.1955699771642685,0,0,0.20354482531547546
subject_05:sample_0002185,5,2185,2,0,0,0,0,0,0,0.1998881697654724,0,0,0.20319481194019318,0,0,0.19731593132019043,0,0,0.19546659290790558,0,0,0.20413349568843842
subject_05:sample_0002186,5,2186,2,0,0,0,0,0,0,0.20022663474082947,0,0,0.20197787880897522,0,0,0.19780226051807404,0,0,0.19537504017353058,0,0,0.20461727678775787
subject_05:sample_0002187,5,2187,2,0,0,0,0,0,0,0.20064762234687805,0,0,0.2005467563867569,0,0,0.19859226047992706,0,0,0.1953934282064438,0,0,0.20481905341148376
subject_05:sample_0002188,5,2188,2,0,0,0,0,0,0,0.200990229845047,0,0,0.19977058470249176,0,0,0.19951032102108002,0,0,0.19536536931991577,0,0,0.20436249673366547
subject_05:sample_0002189,5,2189,2,0,0,0,0,0,0,0.20140346884727478,0,0,0.19993856549263,0,0,0.20056526362895966,0,0,0.19521047174930573,0,0,0.20288130640983582
subject_05:sample_0002190,5,2190,2,0,0,0,0,0,0,0.20214588940143585,0,0,0.2010265439748764,0,0,0.20169000327587128,0,0,0.1949034035205841,0,0,0.20023325085639954
subject_05:sample_0002191,5,2191,2,0,0,0,0,0,0,0.20132328569889069,0,0,0.20452609658241272,0,0,0.20221829414367676,0,0,0.19380255043506622,0,0,0.1981288492679596
subject_05:sample_0002192,5,2192,2,0,0,0,0,0,0,0.19350996613502502,0,0,0.21355962753295898,0,0,0.2006049007177353,0,0,0.1878611445426941,0,0,0.20446337759494781
subject_05:sample_0002193,5,2193,2,0,0,0,0,0,0,0.19351507723331451,0,0,0.19553029537200928,0,0,0.20650319755077362,0,0,0.1885884404182434,0,0,0.215861976146698
subject_05:sample_0002194,5,2194,2,0,0,0,0,0,0,0.18948645889759064,2,1,0.18398064374923706,0,0,0.2111085206270218,0,0,0.18388085067272186,2,1,0.23154261708259583
subject_05:sample_0002195,5,2195,2,0,0,0,0,0,0,0.175773024559021,2,1,0.22026462852954865,0,0,0.1684267222881317,0,0,0.16951337456703186,2,1,0.2660212814807892
subject_05:sample_0002196,5,2196,2,2,1,2,1,0,0,0.164781853556633,2,1,0.22240787744522095,2,1,0.19482071697711945,0,0,0.15816400945186615,2,1,0.25982460379600525
subject_05:sample_0002197,5,2197,2,2,1,2,1,0,0,0.15669940412044525,2,1,0.21891556680202484,2,1,0.22002771496772766,0,0,0.1506650745868683,2,1,0.25369128584861755
subject_05:sample_0002198,5,2198,2,2,1,2,1,0,0,0.152562215924263,2,1,0.21787439286708832,2,1,0.2286340296268463,0,0,0.14801141619682312,2,1,0.25291699171066284
subject_05:sample_0002199,5,2199,2,2,1,2,1,0,0,0.14992406964302063,2,1,0.21840108931064606,2,1,0.23187392950057983,0,0,0.14705601334571838,2,1,0.2527439594268799
subject_05:sample_0002200,5,2200,2,2,1,2,1,0,0,0.14768025279045105,2,1,0.2195032835006714,2,1,0.23318462073802948,0,0,0.14742058515548706,2,1,0.2522103488445282
subject_05:sample_0002201,5,2201,2,2,1,2,1,0,0,0.14664939045906067,2,1,0.22040896117687225,2,1,0.23289704322814941,0,0,0.1489245891571045,2,1,0.25111904740333557
subject_05:sample_0002202,5,2202,2,2,1,2,1,0,0,0.12834560871124268,2,1,0.22770260274410248,2,1,0.23998330533504486,2,1,0.14505523443222046,2,1,0.2589122951030731
subject_05:sample_0002203,5,2203,2,2,1,2,1,2,1,0.16072097420692444,2,1,0.2034606635570526,2,1,0.21471183001995087,2,1,0.1891307681798935,2,1,0.23197484016418457
subject_05:sample_0002204,5,2204,2,2,1,2,1,2,1,0.17269465327262878,2,1,0.1966032087802887,2,1,0.20757576823234558,2,1,0.1986495554447174,2,1,0.22447577118873596
subject_05:sample_0002205,5,2205,2,2,1,2,1,2,1,0.1774005889892578,2,1,0.19403143227100372,2,1,0.204631507396698,2,1,0.2052493542432785,2,1,0.21868617832660675
subject_05:sample_0002206,5,2206,2,2,1,2,1,2,1,0.18044641613960266,2,1,0.19309251010417938,2,1,0.20362786948680878,2,1,0.20745311677455902,2,1,0.21537911891937256
subject_05:sample_0002207,5,2207,2,2,1,2,1,2,1,0.1827983558177948,2,1,0.19236622750759125,2,1,0.20289866626262665,2,1,0.20806606113910675,2,1,0.21386975049972534
subject_05:sample_0002208,5,2208,2,2,1,2,1,2,1,0.18537302315235138,2,1,0.19152790307998657,2,1,0.20226137340068817,2,1,0.20821592211723328,2,1,0.2126208394765854
subject_05:sample_0002209,5,2209,2,2,1,2,1,2,1,0.18746738135814667,2,1,0.19076882302761078,2,1,0.20185735821723938,2,1,0.20828762650489807,2,1,0.2116178572177887
subject_05:sample_0002210,5,2210,2,2,1,2,1,2,1,0.18961592018604279,2,1,0.1895275115966797,2,1,0.20170755684375763,2,1,0.2085624486207962,2,1,0.21058562397956848
subject_05:sample_0002211,5,2211,2,2,1,2,1,2,1,0.19121545553207397,2,1,0.18789102137088776,2,1,0.2020123451948166,2,1,0.20883634686470032,2,1,0.21004390716552734
subject_05:sample_0002212,5,2212,2,2,1,2,1,2,1,0.19231738150119781,2,1,0.1868785321712494,2,1,0.20226146280765533,2,1,0.2089519202709198,2,1,0.20958974957466125
subject_05:sample_0002213,5,2213,2,2,1,2,1,2,1,0.19315765798091888,2,1,0.1858469843864441,2,1,0.20257732272148132,2,1,0.2091202437877655,2,1,0.20929689705371857
subject_05:sample_0002214,5,2214,2,2,1,2,1,2,1,0.1938527524471283,2,1,0.18479974567890167,2,1,0.20296995341777802,2,1,0.20931342244148254,2,1,0.20906317234039307
subject_05:sample_0002215,5,2215,2,2,1,2,1,2,1,0.19433602690696716,2,1,0.1843634992837906,2,1,0.20326749980449677,2,1,0.20929184556007385,2,1,0.20874017477035522
subject_05:sample_0002216,5,2216,2,2,1,2,1,2,1,0.19457069039344788,2,1,0.1847149133682251,2,1,0.20331650972366333,2,1,0.2090453952550888,2,1,0.20835153758525848
subject_05:sample_0002217,5,2217,2,2,1,2,1,2,1,0.1946600079536438,2,1,0.18481723964214325,2,1,0.20337827503681183,2,1,0.20893694460391998,2,1,0.20820660889148712
subject_05:sample_0002218,5,2218,2,2,1,2,1,2,1,0.19494599103927612,2,1,0.18427354097366333,2,1,0.20357994735240936,2,1,0.2089708000421524,2,1,0.20822873711585999
subject_05:sample_0002219,5,2219,2,2,1,2,1,2,1,0.1950453668832779,2,1,0.18406619131565094,2,1,0.20373845100402832,2,1,0.2089570313692093,2,1,0.20819199085235596
subject_05:sample_0002220,5,2220,2,2,1,2,1,2,1,0.19493573904037476,2,1,0.18420687317848206,2,1,0.20384562015533447,2,1,0.2088971734046936,2,1,0.2081136256456375
subject_05:sample_0002221,5,2221,2,2,1,2,1,2,1,0.1948980987071991,2,1,0.18448816239833832,2,1,0.203978031873703,2,1,0.20877651870250702,2,1,0.20785823464393616
subject_05:sample_0002222,5,2222,2,2,1,2,1,2,1,0.19475197792053223,2,1,0.1847926676273346,2,1,0.2040616273880005,2,1,0.20869702100753784,2,1,0.20769575238227844
subject_05:sample_0002223,5,2223,2,2,1,2,1,2,1,0.19461391866207123,2,1,0.1850086897611618,2,1,0.20418477058410645,2,1,0.20863564312458038,2,1,0.20755600929260254
subject_05:sample_0002224,5,2224,2,2,1,2,1,2,1,0.19445958733558655,2,1,0.18512943387031555,2,1,0.20434105396270752,2,1,0.20858842134475708,2,1,0.2074805051088333
subject_05:sample_0002225,5,2225,2,2,1,2,1,2,1,0.19416001439094543,2,1,0.1852874904870987,2,1,0.2045433521270752,2,1,0.2085384875535965,2,1,0.20746973156929016
subject_05:sample_0002226,5,2226,2,2,1,2,1,2,1,0.19388851523399353,2,1,0.18548037111759186,2,1,0.20469321310520172,2,1,0.20841056108474731,2,1,0.20752638578414917
subject_05:sample_0002227,5,2227,2,2,1,2,1,2,1,0.19351783394813538,2,1,0.18569983541965485,2,1,0.20484250783920288,2,1,0.20827904343605042,2,1,0.2076597958803177
subject_05:sample_0002228,5,2228,2,2,1,2,1,2,1,0.19319655001163483,2,1,0.18595124781131744,2,1,0.20496733486652374,2,1,0.20811794698238373,2,1,0.20776599645614624
subject_05:sample_0002229,5,2229,2,2,1,2,1,2,1,0.1928907185792923,2,1,0.18624058365821838,2,1,0.20508970320224762,2,1,0.20790567994117737,2,1,0.20787233114242554
subject_05:sample_0002230,5,2230,2,2,1,2,1,2,1,0.1925981342792511,2,1,0.18653763830661774,2,1,0.20518338680267334,2,1,0.20767661929130554,2,1,0.2080031782388687
subject_05:sample_0002231,5,2231,2,2,1,2,1,2,1,0.192159965634346,2,1,0.18689820170402527,2,1,0.20534291863441467,2,1,0.20745041966438293,2,1,0.20814752578735352
subject_05:sample_0002232,5,2232,2,2,1,2,1,2,1,0.19179695844650269,2,1,0.18706300854682922,2,1,0.20555056631565094,2,1,0.2072484940290451,2,1,0.20834004878997803
subject_05:sample_0002233,5,2233,2,2,1,2,1,2,1,0.19151759147644043,2,1,0.18707017600536346,2,1,0.20578855276107788,2,1,0.20705309510231018,2,1,0.20856963098049164
subject_05:sample_0002234,5,2234,2,2,1,2,1,2,1,0.19122745096683502,2,1,0.18701286613941193,2,1,0.2060489058494568,2,1,0.20687465369701385,2,1,0.20883522927761078
subject_05:sample_0002235,5,2235,2,2,1,2,1,2,1,0.19090992212295532,2,1,0.18699626624584198,2,1,0.20619700849056244,2,1,0.2068200260400772,2,1,0.20907583832740784
subject_05:sample_0002236,5,2236,2,2,1,2,1,2,1,0.19063977897167206,2,1,0.18708078563213348,2,1,0.20626574754714966,2,1,0.20672881603240967,2,1,0.20928391814231873
subject_05:sample_0002237,5,2237,2,2,1,2,1,2,1,0.19043727219104767,2,1,0.18726472556591034,2,1,0.2062803953886032,2,1,0.20655255019664764,2,1,0.20946413278579712
subject_05:sample_0002238,5,2238,2,2,1,2,1,2,1,0.19014781713485718,2,1,0.18729259073734283,2,1,0.2063155323266983,2,1,0.20649924874305725,2,1,0.20974382758140564
subject_05:sample_0002239,5,2239,2,2,1,2,1,2,1,0.19012220203876495,2,1,0.18761232495307922,2,1,0.20612938702106476,2,1,0.2062915414571762,2,1,0.20984362065792084
subject_05:sample_0002240,5,2240,2,2,1,2,1,2,1,0.19019241631031036,2,1,0.18788757920265198,2,1,0.20586992800235748,2,1,0.20615537464618683,2,1,0.20989377796649933
subject_05:sample_0002241,5,2241,2,2,1,2,1,2,1,0.19040800631046295,2,1,0.18827342987060547,2,1,0.20545826852321625,2,1,0.20597431063652039,2,1,0.20988497138023376
subject_05:sample_0002242,5,2242,2,2,1,2,1,2,1,0.19054202735424042,2,1,0.18858259916305542,2,1,0.20517456531524658,2,1,0.20577634871006012,2,1,0.20992356538772583
subject_05:sample_0002243,5,2243,2,2,1,2,1,2,1,0.19080069661140442,2,1,0.1888350248336792,2,1,0.20492114126682281,2,1,0.20555399358272552,2,1,0.20988821983337402
subject_05:sample_0002244,5,2244,2,2,1,2,1,2,1,0.19082486629486084,2,1,0.1889970600605011,2,1,0.2048092782497406,2,1,0.20528608560562134,2,1,0.21008174121379852
subject_05:sample_0002245,5,2245,2,2,1,2,1,2,1,0.19095319509506226,2,1,0.18909399211406708,2,1,0.20468810200691223,2,1,0.20505072176456451,2,1,0.21021300554275513
subject_05:sample_0002246,5,2246,2,2,1,2,1,2,1,0.19101011753082275,2,1,0.18915420770645142,2,1,0.2046164572238922,2,1,0.2049599289894104,2,1,0.21025831997394562
subject_05:sample_0002247,5,2247,1,0,0,0,0,0,0,0.19727689027786255,0,0,0.21038465201854706,0,0,0.20137371122837067,0,0,0.19343994557857513,0,0,0.1975237876176834
subject_05:sample_0002248,5,2248,1,0,0,0,0,0,0,0.19744642078876495,0,0,0.21041831374168396,0,0,0.20126046240329742,0,0,0.19326549768447876,0,0,0.1976083368062973
subject_05:sample_0002249,5,2249,1,0,0,0,0,0,0,0.1976148784160614,0,0,0.2104518860578537,0,0,0.20107828080654144,0,0,0.19310900568962097,0,0,0.19774501025676727
subject_05:sample_0002250,5,2250,1,0,0,0,0,0,0,0.19773894548416138,0,0,0.21031896770000458,0,0,0.20093780755996704,0,0,0.19314680993556976,0,0,0.19785654544830322
subject_05:sample_0002251,5,2251,1,0,0,0,0,0,0,0.1976398229598999,0,0,0.2102535516023636,0,0,0.2007889300584793,0,0,0.1931571662425995,0,0,0.1981595754623413
subject_05:sample_0002252,5,2252,1,0,0,0,0,0,0,0.1973091959953308,0,0,0.21021851897239685,0,0,0.20069830119609833,0,0,0.19328613579273224,0,0,0.19848684966564178
subject_05:sample_0002253,5,2253,1,0,0,0,0,0,0,0.19701331853866577,0,0,0.20995455980300903,0,0,0.2007429152727127,0,0,0.1934536099433899,0,0,0.1988345831632614
subject_05:sample_0002254,5,2254,1,0,0,0,0,0,0,0.19675599038600922,0,0,0.20933182537555695,0,0,0.20108941197395325,0,0,0.19365713000297546,0,0,0.19916470348834991
subject_05:sample_0002255,5,2255,1,0,0,0,0,0,0,0.1964632123708725,0,0,0.2090928852558136,0,0,0.20124362409114838,0,0,0.1938706338405609,0,0,0.19932878017425537
subject_05:sample_0002256,5,2256,1,0,0,0,0,0,0,0.1959288865327835,0,0,0.20910713076591492,0,0,0.20175820589065552,0,0,0.19381870329380035,0,0,0.19938606023788452
subject_05:sample_0002257,5,2257,1,0,0,0,0,0,0,0.1950148046016693,0,0,0.20955142378807068,0,0,0.2022887021303177,0,0,0.19352012872695923,0,0,0.19962401688098907
subject_05:sample_0002258,5,2258,1,0,0,0,0,0,0,0.19350706040859222,0,0,0.21025621891021729,0,0,0.20302025973796844,0,0,0.1931784301996231,0,0,0.20003700256347656
subject_05:sample_0002259,5,2259,1,0,0,0,0,0,0,0.19234225153923035,0,0,0.20974409580230713,0,0,0.20396722853183746,0,0,0.19384673237800598,0,0,0.20009870827198029
subject_05:sample_0002260,5,2260,1,0,0,0,0,0,0,0.19273751974105835,0,0,0.20643402636051178,0,0,0.20428898930549622,0,0,0.19671519100666046,0,0,0.1998233199119568
subject_05:sample_0002261,5,2261,1,0,0,0,0,0,0,0.19383816421031952,0,0,0.2015777826309204,0,0,0.2055429369211197,0,0,0.2009030431509018,0,0,0.198137104511261
subject_05:sample_0002262,5,2262,1,0,0,0,0,0,0,0.19689369201660156,0,0,0.19329038262367249,0,0,0.2092544436454773,0,0,0.20638027787208557,0,0,0.19418025016784668
subject_05:sample_0002263,5,2263,1,0,0,2,0,0,0,0.20490829646587372,1,1,0.17307285964488983,0,0,0.21925966441631317,0,0,0.21336814761161804,1,1,0.18939003348350525
subject_05:sample_0002264,5,2264,1,2,0,2,0,2,0,0.22232642769813538,1,1,0.1360797882080078,2,0,0.23542442917823792,2,0,0.23805119097232819,1,1,0.16811718046665192
subject_05:sample_0002265,5,2265,1,2,0,2,0,2,0,0.23405569791793823,1,1,0.11141356825828552,2,0,0.2490096092224121,2,0,0.2501571774482727,1,1,0.15536296367645264
subject_05:sample_0002266,5,2266,1,2,0,2,0,2,0,0.23886050283908844,1,1,0.097451351583004,2,0,0.26176151633262634,2,0,0.2510981857776642,1,1,0.1508275419473648
subject_05:sample_0002267,5,2267,1,2,0,2,0,1,1,0.23995400965213776,1,1,0.09118442237377167,2,0,0.27192094922065735,2,0,0.24734097719192505,1,1,0.1495986431837082
subject_05:sample_0002268,5,2268,1,1,1,2,0,1,1,0.2377064973115921,1,1,0.08662451058626175,2,0,0.2839857339859009,1,1,0.24250687658786774,1,1,0.14917545020580292
subject_05:sample_0002269,5,2269,1,2,0,2,0,1,1,0.2333255559206009,1,1,0.08194874227046967,2,0,0.28097742795944214,2,0,0.26335328817367554,1,1,0.14039410650730133
subject_05:sample_0002270,5,2270,1,2,0,2,0,2,0,0.23165442049503326,1,1,0.09140466898679733,2,0,0.27723169326782227,2,0,0.2712286710739136,1,1,0.12847962975502014
subject_05:sample_0002271,5,2271,1,2,0,2,0,2,0,0.21554729342460632,1,1,0.1522449254989624,2,0,0.25829246640205383,2,0,0.2572753131389618,1,1,0.11663904041051865
subject_05:sample_0002272,5,2272,1,2,0,2,0,2,0,0.19836078584194183,2,0,0.21843139827251434,2,0,0.236726775765419,2,0,0.23631048202514648,1,1,0.11016961932182312
subject_05:sample_0002273,5,2273,1,2,0,2,0,2,0,0.19531682133674622,2,0,0.2326282262802124,2,0,0.2299131602048874,2,0,0.22977827489376068,1,1,0.11236248165369034
subject_05:sample_0002274,5,2274,1,2,0,2,0,2,0,0.19845043122768402,2,0,0.23109880089759827,2,0,0.22508028149604797,2,0,0.22724607586860657,1,1,0.11812341213226318
subject_05:sample_0002275,5,2275,1,2,0,2,0,2,0,0.1998109668493271,2,0,0.22411035001277924,2,0,0.21954266726970673,2,0,0.22319041192531586,1,1,0.13334466516971588
subject_05:sample_0002276,5,2276,1,2,0,2,0,2,0,0.19921278953552246,2,0,0.21471765637397766,2,0,0.2121158093214035,2,0,0.21712888777256012,2,0,0.15682390332221985
subject_05:sample_0002277,5,2277,1,2,0,2,0,2,0,0.1995939016342163,2,0,0.20939737558364868,2,0,0.20865610241889954,2,0,0.21408677101135254,2,0,0.1682649403810501
subject_05:sample_0002278,5,2278,1,2,0,2,0,2,0,0.1965150237083435,2,0,0.2016170769929886,2,0,0.2019050121307373,2,0,0.2079056203365326,2,0,0.19205626845359802
subject_05:sample_0002279,5,2279,1,2,0,2,0,2,0,0.19529737532138824,2,0,0.19943735003471375,2,0,0.19846785068511963,2,0,0.2055073231458664,2,0,0.2012891322374344
subject_05:sample_0002280,5,2280,1,2,0,2,0,2,0,0.19455212354660034,2,0,0.19954709708690643,2,0,0.1969175934791565,2,0,0.20447015762329102,2,0,0.20451204478740692
subject_05:sample_0002281,5,2281,1,2,0,2,0,2,0,0.19426202774047852,2,0,0.20021791756153107,2,0,0.1980513632297516,2,0,0.20423218607902527,2,0,0.20323555171489716
subject_05:sample_0002282,5,2282,1,2,0,2,0,2,0,0.19359751045703888,2,0,0.20023281872272491,2,0,0.19956785440444946,2,0,0.20393764972686768,2,0,0.20266324281692505
subject_05:sample_0002283,5,2283,1,2,0,2,0,2,0,0.19312062859535217,2,0,0.2004113495349884,2,0,0.199496328830719,2,0,0.20447015762329102,2,0,0.2025006115436554
subject_05:sample_0002284,5,2284,1,2,0,2,0,2,0,0.19290542602539062,2,0,0.20050178468227386,2,0,0.19941312074661255,2,0,0.20472191274166107,2,0,0.2024567425251007
subject_05:sample_0002285,5,2285,1,2,0,2,0,2,0,0.1928810477256775,2,0,0.20034952461719513,2,0,0.19961081445217133,2,0,0.2047106772661209,2,0,0.20244701206684113
subject_05:sample_0002286,5,2286,1,2,0,2,0,2,0,0.1928553730249405,2,0,0.200155571103096,2,0,0.1997412145137787,2,0,0.20475304126739502,2,0,0.20249387621879578
subject_05:sample_0002287,5,2287,1,2,0,2,0,2,0,0.1928253173828125,2,0,0.19999024271965027,2,0,0.19987502694129944,2,0,0.2047649323940277,2,0,0.20254354178905487
subject_05:sample_0002288,5,2288,1,2,0,2,0,2,0,0.19297781586647034,2,0,0.19969721138477325,2,0,0.2000836879014969,2,0,0.20464709401130676,2,0,0.2025931477546692
subject_05:sample_0002289,5,2289,1,2,0,2,0,2,0,0.19317099452018738,2,0,0.1994769126176834,2,0,0.19978198409080505,2,0,0.20486053824424744,2,0,0.20270869135856628
subject_05:sample_0002290,5,2290,1,2,0,2,0,2,0,0.19355173408985138,2,0,0.19992351531982422,2,0,0.1975918859243393,2,0,0.20572902262210846,2,0,0.20320288836956024
subject_05:sample_0002291,5,2291,1,2,0,2,0,2,0,0.1935608983039856,2,0,0.20021888613700867,2,0,0.1948767751455307,2,0,0.20592375099658966,2,0,0.20541876554489136
subject_05:sample_0002292,5,2292,1,2,0,2,0,2,0,0.19407132267951965,2,0,0.20063747465610504,2,0,0.19348309934139252,2,0,0.2066165953874588,2,0,0.20519056916236877
subject_05:sample_0002293,5,2293,1,2,0,2,0,2,0,0.19423791766166687,2,0,0.2009725123643875,2,0,0.19198350608348846,2,0,0.20653994381427765,2,0,0.20626519620418549
subject_05:sample_0002294,5,2294,1,2,0,2,0,2,0,0.1941789835691452,2,0,0.20161479711532593,2,0,0.19115647673606873,2,0,0.2060549110174179,2,0,0.2069939374923706
subject_05:sample_0002295,5,2295,1,2,0,2,0,2,0,0.19413183629512787,2,0,0.20251046121120453,2,0,0.19126306474208832,2,0,0.20538975298404694,2,0,0.20670399069786072
subject_05:sample_0002296,5,2296,1,2,0,2,0,2,0,0.1943778246641159,2,0,0.2046855390071869,2,0,0.19254110753536224,2,0,0.2058466076850891,2,0,0.20254799723625183
subject_05:sample_0002297,5,2297,1,2,0,2,0,2,0,0.19856376945972443,2,0,0.2143557071685791,2,0,0.20106913149356842,2,0,0.21364274621009827,2,0,0.172367662191391
subject_05:sample_0002298,5,2298,1,2,0,2,0,2,0,0.2014646679162979,2,0,0.22211214900016785,2,0,0.2123841643333435,2,0,0.22416901588439941,1,1,0.1398690789937973
subject_05:sample_0002299,5,2299,1,2,0,2,0,2,0,0.20402558147907257,2,0,0.21325424313545227,2,0,0.22052404284477234,2,0,0.23233087360858917,1,1,0.12986432015895844
subject_05:sample_0002300,5,2300,1,2,0,2,0,2,0,0.2084527462720871,2,0,0.19507180154323578,2,0,0.22747044265270233,2,0,0.240029975771904,1,1,0.12897410988807678
subject_05:sample_0002301,5,2301,1,2,0,2,0,2,0,0.2220969796180725,1,1,0.14261722564697266,2,0,0.24326196312904358,2,0,0.25728991627693176,1,1,0.13473296165466309
subject_05:sample_0002302,5,2302,1,2,0,2,0,2,0,0.22715581953525543,1,1,0.12289174646139145,2,0,0.24852614104747772,2,0,0.26348912715911865,1,1,0.13793621957302094
subject_05:sample_0002303,5,2303,1,2,0,2,0,2,0,0.2289443165063858,1,1,0.1166369765996933,2,0,0.24945032596588135,2,0,0.26488572359085083,1,1,0.14008167386054993
subject_05:sample_0002304,5,2304,1,2,0,2,0,2,0,0.2309502512216568,1,1,0.11270209401845932,2,0,0.2503688335418701,2,0,0.262898325920105,1,1,0.14307951927185059
subject_05:sample_0002305,5,2305,1,2,0,2,0,2,0,0.23348185420036316,1,1,0.10869821161031723,2,0,0.2517709732055664,2,0,0.259609192609787,1,1,0.1464388370513916
subject_05:sample_0002306,5,2306,1,2,0,2,0,2,0,0.23530611395835876,1,1,0.10450955480337143,2,0,0.252798467874527,2,0,0.2578383684158325,1,1,0.1495465785264969
subject_05:sample_0002307,5,2307,1,2,0,2,0,2,0,0.23657412827014923,1,1,0.10402228683233261,2,0,0.252534955739975,2,0,0.2551370859146118,1,1,0.15173064172267914
subject_05:sample_0002308,5,2308,1,2,0,2,0,2,0,0.237244114279747,1,1,0.10476792603731155,2,0,0.2510833144187927,2,0,0.2535586953163147,1,1,0.15334492921829224
subject_05:sample_0002309,5,2309,1,2,0,2,0,2,0,0.23815584182739258,1,1,0.10510186105966568,2,0,0.24974222481250763,2,0,0.25255972146987915,1,1,0.15443943440914154
subject_05:sample_0002310,5,2310,1,2,0,2,0,2,0,0.2393495738506317,1,1,0.10538171976804733,2,0,0.2481498122215271,2,0,0.25153541564941406,1,1,0.15558259189128876
subject_05:sample_0002311,5,2311,1,2,0,2,0,2,0,0.2405383139848709,1,1,0.10573936253786087,2,0,0.2463604211807251,2,0,0.25061559677124023,1,1,0.15674538910388947
subject_05:sample_0002312,5,2312,1,2,0,2,0,2,0,0.24158430099487305,1,1,0.10701362788677216,2,0,0.24309885501861572,2,0,0.25000929832458496,1,1,0.1582929641008377
subject_05:sample_0002313,5,2313,1,2,0,2,0,2,0,0.2422601729631424,1,1,0.11049982905387878,2,0,0.2393808364868164,2,0,0.24836331605911255,1,1,0.15949492156505585
subject_05:sample_0002314,5,2314,1,2,0,2,0,2,0,0.24212783575057983,1,1,0.11377743631601334,2,0,0.23625944554805756,2,0,0.2468859702348709,1,1,0.16094833612442017
subject_05:sample_0002315,5,2315,1,2,0,2,0,2,0,0.24125593900680542,1,1,0.1185951679944992,1,1,0.23403403162956238,2,0,0.24423784017562866,1,1,0.16187608242034912
subject_05:sample_0002316,5,2316,1,1,1,2,0,2,0,0.24011416733264923,1,1,0.12461968511343002,1,1,0.2305728793144226,2,0,0.24150611460208893,1,1,0.1631862223148346
subject_05:sample_0002317,5,2317,1,1,1,2,0,2,0,0.2378583550453186,1,1,0.13212107121944427,1,1,0.22868560254573822,1,1,0.23723411560058594,1,1,0.16409993171691895
subject_05:sample_0002318,5,2318,1,1,1,2,0,1,1,0.23373672366142273,1,1,0.1407584249973297,1,1,0.2267785519361496,1,1,0.2325272560119629,1,1,0.1661980003118515
subject_05:sample_0002319,5,2319,1,1,1,1,1,1,1,0.22810517251491547,1,1,0.149882972240448,1,1,0.22454360127449036,1,1,0.2277570217847824,1,1,0.16971024870872498
subject_05:sample_0002320,5,2320,1,1,1,1,1,1,1,0.2217549830675125,1,1,0.15917925536632538,1,1,0.22230559587478638,1,1,0.2233680933713913,1,1,0.17339114844799042
subject_05:sample_0002321,5,2321,1,1,1,1,1,1,1,0.21536804735660553,1,1,0.16891908645629883,1,1,0.21950620412826538,1,1,0.21861641108989716,1,1,0.1775892674922943
subject_05:sample_0002322,5,2322,1,1,1,1,1,1,1,0.20938389003276825,1,1,0.17912253737449646,1,1,0.21514542400836945,1,1,0.21352528035640717,1,1,0.18282188475131989
subject_05:sample_0002323,5,2323,1,1,1,1,1,1,1,0.2034144401550293,1,1,0.19046832621097565,0,0,0.20847053825855255,1,1,0.2084342986345291,1,1,0.18921144306659698
subject_05:sample_0002324,5,2324,1,0,0,0,0,0,0,0.20004838705062866,1,1,0.19528380036354065,0,0,0.20483067631721497,0,0,0.20589648187160492,1,1,0.1939397007226944
subject_05:sample_0002325,5,2325,1,0,0,0,0,0,0,0.19898024201393127,0,0,0.1967378854751587,0,0,0.20288516581058502,0,0,0.20463687181472778,0,0,0.19675888121128082
subject_05:sample_0002326,5,2326,1,0,0,0,0,0,0,0.19954271614551544,0,0,0.19667896628379822,0,0,0.20203916728496552,0,0,0.20377258956432343,0,0,0.197965607047081
subject_05:sample_0002327,5,2327,1,0,0,0,0,0,0,0.2009200006723404,1,1,0.19617623090744019,0,0,0.20170505344867706,0,0,0.20305146276950836,1,1,0.198146253824234
subject_05:sample_0002328,5,2328,1,1,1,1,1,1,1,0.20213915407657623,1,1,0.19532011449337006,0,0,0.20239973068237305,1,1,0.20300175249576569,1,1,0.19713833928108215
subject_05:sample_0002329,5,2329,1,1,1,1,1,1,1,0.19872456789016724,1,1,0.1936863511800766,1,1,0.2097921520471573,1,1,0.20728318393230438,1,1,0.1905127912759781
subject_05:sample_0002330,5,2330,1,1,1,1,1,1,1,0.1912383735179901,1,1,0.1905573159456253,1,1,0.22155961394309998,1,1,0.20978865027427673,1,1,0.18685516715049744
subject_05:sample_0002331,5,2331,1,1,1,1,1,1,1,0.18565049767494202,1,1,0.1894071102142334,1,1,0.22900299727916718,1,1,0.2111283391714096,1,1,0.1848100870847702
subject_05:sample_0002332,5,2332,1,1,1,1,1,1,1,0.1800745129585266,1,1,0.18759077787399292,1,1,0.2364244908094406,1,1,0.21239878237247467,1,1,0.18351048231124878
subject_05:sample_0002333,5,2333,1,1,1,1,1,1,1,0.1753290593624115,1,1,0.18618638813495636,1,1,0.24254369735717773,1,1,0.2118736207485199,1,1,0.18406625092029572
subject_05:sample_0002334,5,2334,1,1,1,1,1,1,1,0.17136792838573456,1,1,0.18465985357761383,1,1,0.24666984379291534,1,1,0.21237802505493164,1,1,0.18492335081100464
subject_05:sample_0002335,5,2335,1,1,1,1,1,1,1,0.16802537441253662,1,1,0.18329638242721558,1,1,0.24923962354660034,1,1,0.2138001024723053,1,1,0.18563750386238098
subject_05:sample_0002336,5,2336,1,1,1,1,1,1,1,0.16471755504608154,1,1,0.18263429403305054,1,1,0.25013673305511475,1,1,0.21592660248279572,1,1,0.18658389151096344
subject_05:sample_0002337,5,2337,1,1,1,1,1,1,1,0.16274037957191467,1,1,0.18305522203445435,1,1,0.24933314323425293,1,1,0.21700312197208405,1,1,0.1878671795129776
subject_05:sample_0002338,5,2338,1,1,1,1,1,1,1,0.16191686689853668,1,1,0.18469186127185822,1,1,0.24654626846313477,1,1,0.21700887382030487,1,1,0.18983516097068787
subject_05:sample_0002339,5,2339,1,1,1,1,1,1,1,0.16262054443359375,1,1,0.1883295327425003,1,1,0.24122951924800873,1,1,0.21447636187076569,1,1,0.19334305822849274
subject_05:sample_0002340,5,2340,1,1,1,1,1,1,1,0.1633499711751938,1,1,0.1922248750925064,1,1,0.23467430472373962,1,1,0.21292540431022644,1,1,0.19682447612285614
subject_05:sample_0002341,5,2341,1,1,1,1,1,1,1,0.16338057816028595,1,1,0.19550806283950806,1,1,0.22783704102039337,1,1,0.21335110068321228,1,1,0.19992224872112274
subject_05:sample_0002342,5,2342,1,1,1,1,1,1,1,0.1636134833097458,1,1,0.19885794818401337,1,1,0.22141656279563904,1,1,0.21367131173610687,1,1,0.20243974030017853
subject_05:sample_0002343,5,2343,1,1,1,1,1,1,1,0.16364941000938416,1,1,0.20193549990653992,1,1,0.21565917134284973,1,1,0.2141035497188568,1,1,0.20465151965618134
subject_05:sample_0002344,5,2344,1,1,1,1,1,1,1,0.16387756168842316,1,1,0.20537902414798737,1,1,0.20883172750473022,1,1,0.21494528651237488,1,1,0.20696549117565155
subject_05:sample_0002345,5,2345,1,1,1,1,1,1,1,0.16409602761268616,1,1,0.20933552086353302,1,1,0.20262116193771362,1,1,0.21501271426677704,1,1,0.20893362164497375
subject_05:sample_0002346,5,2346,1,1,1,1,1,1,1,0.16469375789165497,1,1,0.2130061835050583,1,1,0.19776561856269836,1,1,0.2142886370420456,1,1,0.2102448046207428
subject_05:sample_0002347,5,2347,1,1,1,1,1,1,1,0.16520975530147552,1,1,0.21628546714782715,1,1,0.19466322660446167,1,1,0.21281003952026367,1,1,0.2110304981470108
subject_05:sample_0002348,5,2348,1,1,1,1,1,1,1,0.1664557009935379,1,1,0.22055773437023163,1,1,0.19257852435112,1,1,0.20844437181949615,1,1,0.21196269989013672
subject_05:sample_0002349,5,2349,1,1,1,1,1,1,1,0.16733480989933014,1,1,0.22446322441101074,1,1,0.19119463860988617,1,1,0.20439326763153076,1,1,0.21261310577392578
subject_05:sample_0002350,5,2350,1,1,1,1,1,1,1,0.1682119071483612,1,1,0.228298619389534,1,1,0.1898745447397232,1,1,0.2008909434080124,1,1,0.212723046541214
subject_05:sample_0002351,5,2351,1,1,1,1,1,1,1,0.1688004732131958,1,1,0.23112717270851135,1,1,0.18888793885707855,1,1,0.1987973302602768,1,1,0.21238604187965393
subject_05:sample_0002352,5,2352,1,1,1,1,1,1,1,0.16906490921974182,1,1,0.23258356750011444,1,1,0.18821273744106293,1,1,0.19814704358577728,1,1,0.2119908183813095
subject_05:sample_0002353,5,2353,1,1,1,1,1,1,1,0.16933397948741913,1,1,0.23364262282848358,1,1,0.18771149218082428,1,1,0.19760562479496002,1,1,0.2117052972316742
subject_05:sample_0002354,5,2354,1,1,1,1,1,1,1,0.16991305351257324,1,1,0.23486055433750153,1,1,0.18739749491214752,1,1,0.1963830143213272,1,1,0.2114449143409729
subject_05:sample_0002355,5,2355,1,1,1,1,1,1,1,0.17034853994846344,1,1,0.23633334040641785,1,1,0.1872471570968628,1,1,0.19464626908302307,1,1,0.21142376959323883
subject_05:sample_0002356,5,2356,1,1,1,1,1,1,1,0.17078225314617157,1,1,0.23746716976165771,1,1,0.187146857380867,1,1,0.19324234127998352,1,1,0.21136043965816498
subject_05:sample_0002357,5,2357,1,1,1,1,1,1,1,0.17105403542518616,1,1,0.238669291138649,1,1,0.18706853687763214,1,1,0.1919710338115692,1,1,0.21123619377613068
subject_05:sample_0002358,5,2358,1,1,1,1,1,1,1,0.17134161293506622,1,1,0.23966144025325775,1,1,0.18717384338378906,1,1,0.19063697755336761,1,1,0.21118523180484772
subject_05:sample_0002359,5,2359,1,1,1,1,1,1,1,0.17195087671279907,1,1,0.2400457113981247,1,1,0.1872774064540863,1,1,0.18971848487854004,1,1,0.21100658178329468
subject_05:sample_0002360,5,2360,1,1,1,1,1,1,1,0.172665074467659,1,1,0.23996886610984802,1,1,0.1874723583459854,1,1,0.18911337852478027,1,1,0.2107793390750885
subject_05:sample_0002361,5,2361,1,1,1,1,1,1,1,0.1736491471529007,1,1,0.23891423642635345,1,1,0.1879756599664688,1,1,0.18870122730731964,1,1,0.2107587456703186
subject_05:sample_0002362,5,2362,1,1,1,1,1,1,1,0.17476537823677063,1,1,0.23729903995990753,1,1,0.18861936032772064,1,1,0.18850332498550415,1,1,0.21081189811229706
subject_05:sample_0002363,5,2363,1,1,1,1,1,1,1,0.17587783932685852,1,1,0.23561711609363556,1,1,0.18918770551681519,1,1,0.18847590684890747,1,1,0.21084052324295044
subject_05:sample_0002364,5,2364,1,1,1,1,1,1,1,0.1769198775291443,1,1,0.23420315980911255,1,1,0.18951468169689178,1,1,0.18862885236740112,1,1,0.21073250472545624
subject_05:sample_0002365,5,2365,1,1,1,1,1,1,1,0.17776522040367126,1,1,0.23397570848464966,1,1,0.18943224847316742,1,1,0.18855711817741394,1,1,0.2102687507867813
subject_05:sample_0002366,5,2366,1,1,1,1,1,1,1,0.17870551347732544,1,1,0.23333244025707245,1,1,0.18965712189674377,1,1,0.1886056363582611,1,1,0.2096983641386032
subject_05:sample_0002367,5,2367,1,1,1,1,1,1,1,0.17911790311336517,1,1,0.23380190134048462,1,1,0.18965911865234375,1,1,0.18825624883174896,1,1,0.20916378498077393
subject_05:sample_0002368,5,2368,1,1,1,1,1,1,1,0.17979146540164948,1,1,0.23295648396015167,1,1,0.19019028544425964,1,1,0.18824057281017303,1,1,0.20882025361061096
subject_05:sample_0002369,5,2369,1,1,1,1,1,1,1,0.18078579008579254,1,1,0.23011203110218048,1,1,0.19144554436206818,1,1,0.1887025684118271,1,1,0.2089531272649765
subject_05:sample_0002370,5,2370,1,1,1,1,1,1,1,0.1818532645702362,1,1,0.22697316110134125,1,1,0.19278490543365479,1,1,0.18924428522586823,1,1,0.20914341509342194
subject_05:sample_0002371,5,2371,1,1,1,1,1,1,1,0.18311315774917603,1,1,0.22363106906414032,1,1,0.19413742423057556,1,1,0.18991662561893463,1,1,0.20920071005821228
subject_05:sample_0002372,5,2372,1,1,1,1,1,1,1,0.18386243283748627,1,1,0.2219887375831604,1,1,0.19466644525527954,1,1,0.1903575360774994,1,1,0.20912392437458038
subject_05:sample_0002373,5,2373,1,1,1,1,1,1,1,0.18506701290607452,1,1,0.21857188642024994,1,1,0.19600962102413177,1,1,0.19119751453399658,1,1,0.20915299654006958
subject_05:sample_0002374,5,2374,1,1,1,1,1,1,1,0.18575631082057953,1,1,0.2169305384159088,1,1,0.1967703253030777,1,1,0.19148747622966766,1,1,0.20905442535877228
subject_05:sample_0002375,5,2375,1,1,1,1,1,1,1,0.18628542125225067,1,1,0.21585765480995178,1,1,0.19739742577075958,1,1,0.1915610432624817,1,1,0.20889747142791748
subject_05:sample_0002376,5,2376,1,1,1,1,1,1,1,0.1868048906326294,1,1,0.2146013379096985,1,1,0.1980465054512024,1,1,0.19177547097206116,1,1,0.20877079665660858
subject_05:sample_0002377,5,2377,1,1,1,1,1,1,1,0.1868790090084076,1,1,0.21425502002239227,1,1,0.19858229160308838,1,1,0.19165819883346558,1,1,0.20862452685832977
subject_05:sample_0002378,5,2378,1,1,1,1,1,1,1,0.18702486157417297,1,1,0.2140444964170456,1,1,0.19896358251571655,1,1,0.1915869563817978,1,1,0.20837917923927307
subject_05:sample_0002379,5,2379,1,1,1,1,1,1,1,0.18672919273376465,1,1,0.21505306661128998,1,1,0.1989390254020691,1,1,0.19112125039100647,1,1,0.2081565111875534
subject_05:sample_0002380,5,2380,1,1,1,1,1,1,1,0.18634887039661407,1,1,0.21611861884593964,1,1,0.1989215612411499,1,1,0.1906599998474121,1,1,0.20795001089572906
subject_05:sample_0002381,5,2381,1,1,1,1,1,1,1,0.1860654652118683,1,1,0.2165200263261795,1,1,0.19937339425086975,1,1,0.19027717411518097,1,1,0.20776298642158508
subject_05:sample_0002382,5,2382,1,1,1,1,1,1,1,0.18635429441928864,1,1,0.21553336083889008,1,1,0.20035110414028168,1,1,0.19018615782260895,1,1,0.20757408440113068
subject_05:sample_0002383,5,2383,1,1,1,1,1,1,1,0.18665765225887299,1,1,0.21426565945148468,1,1,0.2014365941286087,1,1,0.1900762915611267,1,1,0.20756283402442932
subject_05:sample_0002384,5,2384,1,1,1,1,1,1,1,0.18664629757404327,1,1,0.21337535977363586,1,1,0.20283323526382446,1,1,0.18967513740062714,1,1,0.20746898651123047
subject_05:sample_0002385,5,2385,1,1,1,1,1,1,1,0.1869320124387741,1,1,0.21133935451507568,1,1,0.2051398605108261,1,1,0.18933187425136566,1,1,0.2072559893131256
subject_05:sample_0002386,5,2386,1,1,1,1,1,1,1,0.18706022202968597,1,1,0.21040838956832886,1,1,0.2062741219997406,1,1,0.1889774203300476,1,1,0.20727893710136414
subject_05:sample_0002387,5,2387,1,1,1,1,1,1,1,0.18746264278888702,1,1,0.2085983157157898,1,1,0.20797273516654968,1,1,0.18870402872562408,1,1,0.207261323928833
subject_05:sample_0002388,5,2388,1,1,1,1,1,1,1,0.1878524124622345,1,1,0.20703920722007751,1,1,0.20925165712833405,1,1,0.18835686147212982,1,1,0.2074989229440689
subject_05:sample_0002389,5,2389,1,1,1,1,1,1,1,0.1885634958744049,1,1,0.20506314933300018,1,1,0.21120266616344452,1,1,0.18810808658599854,1,1,0.20706160366535187
subject_05:sample_0002390,5,2390,1,1,1,1,1,1,1,0.1891561597585678,1,1,0.20315499603748322,1,1,0.21218660473823547,1,1,0.1881440132856369,1,1,0.207357257604599
subject_05:sample_0002391,5,2391,1,1,1,1,1,1,1,0.18971236050128937,1,1,0.20078134536743164,1,1,0.2137548327445984,1,1,0.18833027780056,1,1,0.2074202597141266
subject_05:sample_0002392,5,2392,1,1,1,1,1,1,1,0.1899290382862091,1,1,0.19929784536361694,1,1,0.21457292139530182,1,1,0.18842998147010803,1,1,0.20776930451393127
subject_05:sample_0002393,5,2393,1,1,1,1,1,1,1,0.18989336490631104,1,1,0.19894176721572876,1,1,0.21436306834220886,1,1,0.18829315900802612,1,1,0.2085077166557312
subject_05:sample_0002394,5,2394,1,1,1,1,1,1,1,0.189748153090477,1,1,0.19936616718769073,1,1,0.21370059251785278,1,1,0.18791812658309937,1,1,0.2092660367488861
subject_05:sample_0002395,5,2395,1,1,1,1,1,1,1,0.1895703673362732,1,1,0.2013431340456009,1,1,0.21159975230693817,1,1,0.18728604912757874,1,1,0.2101997584104538
subject_05:sample_0002396,5,2396,1,1,1,1,1,1,1,0.1895916759967804,1,1,0.2034907042980194,1,1,0.20946523547172546,1,1,0.18663200736045837,1,1,0.21081942319869995
subject_05:sample_0002397,5,2397,1,1,1,1,1,1,1,0.18947480618953705,1,1,0.20480163395404816,1,1,0.20869672298431396,1,1,0.1857198178768158,1,1,0.21130606532096863
subject_05:sample_0002398,5,2398,1,1,1,1,1,1,1,0.18922825157642365,1,1,0.20608791708946228,1,1,0.2082137167453766,1,1,0.18480317294597626,1,1,0.21166600286960602
subject_05:sample_0002399,5,2399,1,1,1,1,1,1,1,0.18866516649723053,1,1,0.20719711482524872,1,1,0.20790542662143707,1,1,0.18401439487934113,1,1,0.21221694350242615
subject_05:sample_0002400,5,2400,1,1,1,1,1,1,1,0.18760378658771515,1,1,0.20841699838638306,1,1,0.2077975869178772,1,1,0.18321366608142853,1,1,0.21296696364879608
subject_05:sample_0002401,5,2401,1,1,1,1,1,1,1,0.18630783259868622,1,1,0.20973925292491913,1,1,0.20770806074142456,1,1,0.18260587751865387,1,1,0.2136380523443222
subject_05:sample_0002402,5,2402,1,1,1,1,1,1,1,0.18487957119941711,1,1,0.21098101139068604,1,1,0.20760883390903473,1,1,0.1822248250246048,1,1,0.21430478990077972
subject_05:sample_0002403,5,2403,1,1,1,1,1,1,1,0.18426267802715302,1,1,0.2111431509256363,1,1,0.20786377787590027,1,1,0.18217851221561432,1,1,0.2145509272813797
subject_05:sample_0002404,5,2404,1,1,1,1,1,1,1,0.1834600567817688,1,1,0.21117368340492249,1,1,0.20841512084007263,1,1,0.18194103240966797,1,1,0.2150091677904129
subject_05:sample_0002405,5,2405,1,1,1,1,1,1,1,0.18373319506645203,1,1,0.21066413819789886,1,1,0.20854628086090088,1,1,0.18215908110141754,1,1,0.2148963063955307
subject_05:sample_0002406,5,2406,1,1,1,1,1,1,1,0.18433773517608643,1,1,0.21037790179252625,1,1,0.2083698958158493,1,1,0.18247614800930023,1,1,0.2144373059272766
subject_05:sample_0002407,5,2407,1,1,1,1,1,1,1,0.18445348739624023,1,1,0.21010276675224304,1,1,0.2087196558713913,1,1,0.1823885440826416,1,1,0.21433451771736145
subject_05:sample_0002408,5,2408,1,1,1,1,1,1,1,0.18446031212806702,1,1,0.21045085787773132,1,1,0.20861311256885529,1,1,0.182293102145195,1,1,0.21418166160583496
subject_05:sample_0002409,5,2409,1,1,1,1,1,1,1,0.18419158458709717,1,1,0.21150252223014832,1,1,0.20823639631271362,1,1,0.18199613690376282,1,1,0.21407239139080048
subject_05:sample_0002410,5,2410,1,1,1,1,1,1,1,0.18431703746318817,1,1,0.21217316389083862,1,1,0.20775440335273743,1,1,0.18187563121318817,1,1,0.2138787806034088
subject_05:sample_0002411,5,2411,1,1,1,1,1,1,1,0.18423910439014435,1,1,0.21326547861099243,1,1,0.20708563923835754,1,1,0.18154864013195038,1,1,0.2138601541519165
subject_05:sample_0002412,5,2412,1,1,1,1,1,1,1,0.18434545397758484,1,1,0.21436235308647156,1,1,0.20615556836128235,1,1,0.1813976764678955,1,1,0.21373805403709412
subject_05:sample_0002413,5,2413,1,1,1,1,1,1,1,0.18470291793346405,1,1,0.2151183784008026,1,1,0.20532836019992828,1,1,0.18140968680381775,1,1,0.2134397029876709
subject_05:sample_0002414,5,2414,1,1,1,1,1,1,1,0.1851409524679184,1,1,0.21595720946788788,1,1,0.20434337854385376,1,1,0.18135370314121246,1,1,0.21320375800132751
subject_05:sample_0002415,5,2415,1,1,1,1,1,1,1,0.18544600903987885,1,1,0.21743565797805786,1,1,0.20283737778663635,1,1,0.18119752407073975,1,1,0.213082417845726
subject_05:sample_0002416,5,2416,1,1,1,1,1,1,1,0.18501102924346924,1,1,0.21963883936405182,1,1,0.2018856704235077,1,1,0.18055206537246704,1,1,0.2129114270210266
subject_05:sample_0002417,5,2417,1,1,1,1,1,1,1,0.18434882164001465,1,1,0.22305458784103394,1,1,0.20075617730617523,1,1,0.1790131777524948,1,1,0.21282629668712616
subject_05:sample_0002418,5,2418,1,1,1,1,1,1,1,0.18355420231819153,1,1,0.22743193805217743,1,1,0.19976338744163513,1,1,0.17698203027248383,1,1,0.21226748824119568
subject_05:sample_0002419,5,2419,1,1,1,1,1,1,1,0.1816582977771759,1,1,0.23620592057704926,1,1,0.1975715309381485,1,1,0.17319950461387634,1,1,0.21136382222175598
subject_05:sample_0002420,5,2420,1,1,1,1,1,1,1,0.18061238527297974,1,1,0.24643151462078094,1,1,0.19505822658538818,1,1,0.16858720779418945,1,1,0.20930975675582886
subject_05:sample_0002421,5,2421,1,1,1,1,1,1,1,0.180000439286232,1,1,0.25973689556121826,1,1,0.19192694127559662,1,1,0.1625003069639206,1,1,0.2058345079421997
subject_05:sample_0002422,5,2422,1,1,1,1,1,1,1,0.17736323177814484,1,1,0.2852281630039215,1,1,0.18521347641944885,1,1,0.15139830112457275,1,1,0.20079584419727325
subject_05:sample_0002423,5,2423,1,1,1,1,1,1,1,0.1835654377937317,0,0,0.2885167598724365,1,1,0.18262124061584473,1,1,0.1422659307718277,1,1,0.20302967727184296
subject_05:sample_0002424,5,2424,1,1,1,1,1,1,1,0.20607228577136993,0,0,0.27277329564094543,1,1,0.18107999861240387,1,1,0.13425232470035553,1,1,0.20582108199596405
subject_05:sample_0002425,5,2425,1,1,1,1,1,1,1,0.23221157491207123,0,0,0.25550851225852966,1,1,0.18019753694534302,1,1,0.1281903237104416,1,1,0.2038911134004593
subject_05:sample_0002426,5,2426,1,1,1,1,1,0,0,0.230294868350029,0,0,0.248755544424057,1,1,0.1850031167268753,1,1,0.12826356291770935,1,1,0.20768193900585175
subject_05:sample_0002427,5,2427,1,1,1,1,1,0,0,0.2245558351278305,0,0,0.24626217782497406,1,1,0.18989823758602142,1,1,0.13523945212364197,1,1,0.20404335856437683
subject_05:sample_0002428,5,2428,1,1,1,1,1,0,0,0.22328440845012665,0,0,0.2483213096857071,1,1,0.19239217042922974,1,1,0.14488336443901062,1,1,0.1911177784204483
subject_05:sample_0002429,5,2429,1,1,1,1,1,0,0,0.22244398295879364,0,0,0.24837474524974823,1,1,0.1930016279220581,1,1,0.15272285044193268,1,1,0.18345583975315094
subject_05:sample_0002430,5,2430,1,1,1,1,1,0,0,0.21739205718040466,0,0,0.2434719055891037,1,1,0.1944459080696106,1,1,0.16192853450775146,1,1,0.18276065587997437
subject_05:sample_0002431,5,2431,1,1,1,1,1,0,0,0.21605035662651062,0,0,0.24398627877235413,1,1,0.19410787522792816,1,1,0.166004940867424,1,1,0.17984959483146667
subject_05:sample_0002432,5,2432,1,1,1,1,1,0,0,0.21727421879768372,0,0,0.24734243750572205,1,1,0.1921839416027069,1,1,0.16694261133670807,1,1,0.17625580728054047
subject_05:sample_0002433,5,2433,1,1,1,1,1,1,1,0.21925155818462372,0,0,0.25290748476982117,1,1,0.1901787966489792,1,1,0.1655731201171875,1,1,0.17208807170391083
subject_05:sample_0002434,5,2434,1,1,1,1,1,1,1,0.2130526900291443,0,0,0.2575341463088989,1,1,0.19193771481513977,1,1,0.16654326021671295,1,1,0.17093122005462646
subject_05:sample_0002435,5,2435,1,1,1,1,1,1,1,0.203958660364151,0,0,0.26272904872894287,1,1,0.1940394937992096,1,1,0.16871410608291626,1,1,0.17055782675743103
subject_05:sample_0002436,5,2436,1,1,1,1,1,1,1,0.1927463412284851,0,0,0.26995375752449036,1,1,0.19450925290584564,1,1,0.17262811958789825,1,1,0.17016151547431946
subject_05:sample_0002437,5,2437,1,1,1,1,1,1,1,0.18743698298931122,1,1,0.2667742967605591,1,1,0.19501104950904846,1,1,0.17889365553855896,1,1,0.17188307642936707
subject_05:sample_0002438,5,2438,1,1,1,1,1,1,1,0.1901034712791443,1,1,0.24404726922512054,1,1,0.19876377284526825,1,1,0.1877693086862564,1,1,0.17931514978408813
subject_05:sample_0002439,5,2439,1,1,1,1,1,1,1,0.19322344660758972,1,1,0.22371838986873627,1,1,0.2012878656387329,1,1,0.19500581920146942,1,1,0.1867634654045105
subject_05:sample_0002440,5,2440,1,1,1,1,1,1,1,0.1959555298089981,1,1,0.20785313844680786,1,1,0.20271675288677216,1,1,0.20044317841529846,1,1,0.1930304914712906
subject_05:sample_0002441,5,2441,1,1,1,1,1,1,1,0.19674241542816162,1,1,0.20132286846637726,1,1,0.20224256813526154,1,1,0.2028147131204605,1,1,0.1968764215707779
subject_05:sample_0002442,5,2442,1,1,1,1,1,1,1,0.19683142006397247,1,1,0.198275625705719,1,1,0.20144566893577576,1,1,0.20418862998485565,1,1,0.1992577463388443
subject_05:sample_0002443,5,2443,1,1,1,1,1,1,1,0.19626468420028687,1,1,0.19979360699653625,1,1,0.19985048472881317,1,1,0.20420604944229126,1,1,0.19988414645195007
subject_05:sample_0002444,5,2444,1,1,1,1,1,1,1,0.1956341564655304,1,1,0.2026507407426834,1,1,0.19816677272319794,1,1,0.20386822521686554,1,1,0.1996791511774063
subject_05:sample_0002445,5,2445,1,1,1,1,1,1,1,0.19472090899944305,1,1,0.20613764226436615,1,1,0.19667594134807587,1,1,0.2032189667224884,1,1,0.1992456018924713
subject_05:sample_0002446,5,2446,1,1,1,1,1,1,1,0.19382551312446594,1,1,0.2106209546327591,1,1,0.19511708617210388,1,1,0.2020414024591446,1,1,0.19839408993721008
subject_05:sample_0002447,5,2447,1,1,1,1,1,1,1,0.19343312084674835,1,1,0.21279123425483704,1,1,0.19430291652679443,1,1,0.20147903263568878,1,1,0.1979927122592926
subject_05:sample_0002448,5,2448,1,1,1,1,1,1,1,0.19278421998023987,1,1,0.21535183489322662,1,1,0.19347359240055084,1,1,0.20059943199157715,1,1,0.1977899819612503
subject_05:sample_0002449,5,2449,1,1,1,1,1,1,1,0.19231639802455902,1,1,0.2164115458726883,1,1,0.1930779367685318,1,1,0.20014111697673798,1,1,0.19805201888084412
subject_05:sample_0002450,5,2450,1,1,1,1,1,1,1,0.1917552500963211,1,1,0.21639332175254822,1,1,0.19283224642276764,1,1,0.20044471323490143,1,1,0.198573499917984
subject_05:sample_0002451,5,2451,1,1,1,1,1,1,1,0.19121728837490082,1,1,0.21495074033737183,1,1,0.19286414980888367,1,1,0.2014624923467636,1,1,0.19950437545776367
subject_05:sample_0002452,5,2452,1,1,1,1,1,1,1,0.19035577774047852,1,1,0.21330846846103668,1,1,0.1929299682378769,1,1,0.20204152166843414,1,1,0.20136329531669617
subject_05:sample_0002453,5,2453,1,1,1,1,1,1,1,0.18937362730503082,1,1,0.21070200204849243,1,1,0.1928020715713501,1,1,0.20258717238903046,1,1,0.20453417301177979
subject_05:sample_0002454,5,2454,1,1,1,1,1,1,1,0.1887555867433548,1,1,0.20817676186561584,1,1,0.1926206648349762,1,1,0.20356442034244537,1,1,0.2068815678358078
subject_05:sample_0002455,5,2455,1,1,1,1,1,1,1,0.18861502408981323,1,1,0.20597665011882782,1,1,0.19271224737167358,1,1,0.20460554957389832,1,1,0.20808956027030945
subject_05:sample_0002456,5,2456,1,1,1,1,1,1,1,0.1879803091287613,1,1,0.20488348603248596,1,1,0.1923559159040451,1,1,0.20528070628643036,1,1,0.20949865877628326
subject_05:sample_0002457,5,2457,1,1,1,1,1,1,1,0.18728533387184143,1,1,0.2035570740699768,1,1,0.19165359437465668,1,1,0.2057022899389267,1,1,0.21180076897144318
subject_05:sample_0002458,5,2458,1,1,1,1,1,1,1,0.18745392560958862,1,1,0.2023245245218277,1,1,0.1912544071674347,1,1,0.20561212301254272,1,1,0.21335403621196747
subject_05:sample_0002459,5,2459,1,1,1,1,1,1,1,0.18749934434890747,1,1,0.20205157995224,1,1,0.19086621701717377,1,1,0.20546679198741913,1,1,0.21411508321762085
subject_05:sample_0002460,5,2460,1,1,1,1,1,1,1,0.18681089580059052,1,1,0.20192024111747742,1,1,0.1900632530450821,1,1,0.20563551783561707,1,1,0.21556907892227173
subject_05:sample_0002461,5,2461,1,1,1,1,1,1,1,0.18727117776870728,1,1,0.20166878402233124,1,1,0.19019466638565063,1,1,0.20542529225349426,1,1,0.21543915569782257
subject_05:sample_0002462,5,2462,1,1,1,1,1,1,1,0.18737994134426117,1,1,0.2011086344718933,1,1,0.18937824666500092,1,1,0.20519188046455383,1,1,0.2169402837753296
subject_05:sample_0002463,5,2463,1,1,1,1,1,1,1,0.1873115599155426,1,1,0.19987903535366058,1,1,0.18847215175628662,1,1,0.20524658262729645,1,1,0.21908971667289734
subject_05:sample_0002464,5,2464,1,1,1,1,1,1,1,0.1874115765094757,1,1,0.1992160975933075,1,1,0.18771544098854065,1,1,0.20526225864887238,1,1,0.22039364278316498
subject_05:sample_0002465,5,2465,1,1,1,1,1,1,1,0.18720148503780365,1,1,0.1997147798538208,1,1,0.18689769506454468,1,1,0.20502488315105438,1,1,0.22116021811962128
subject_05:sample_0002466,5,2466,1,1,1,1,1,1,1,0.18720385432243347,1,1,0.2004988044500351,1,1,0.18635234236717224,1,1,0.20470532774925232,1,1,0.22123874723911285
subject_05:sample_0002467,5,2467,1,1,1,1,1,1,1,0.1869790256023407,1,1,0.20201809704303741,1,1,0.18544930219650269,1,1,0.20428398251533508,1,1,0.2212686538696289
subject_05:sample_0002468,5,2468,1,1,1,1,1,1,1,0.18708199262619019,1,1,0.20221152901649475,1,1,0.18536002933979034,1,1,0.2040710598230362,1,1,0.22127442061901093
subject_05:sample_0002469,5,2469,1,1,1,1,1,1,1,0.1877031773328781,1,1,0.20084020495414734,1,1,0.18542639911174774,1,1,0.2039026916027069,1,1,0.22212661802768707
subject_05:sample_0002470,5,2470,1,1,1,1,1,1,1,0.18861912190914154,1,1,0.19904173910617828,1,1,0.1859963983297348,1,1,0.20404945313930511,1,1,0.22229234874248505
subject_05:sample_0002471,5,2471,1,1,1,1,1,1,1,0.18830938637256622,1,1,0.1986585259437561,1,1,0.18476319313049316,1,1,0.20467065274715424,1,1,0.22359725832939148
subject_05:sample_0002472,5,2472,1,1,1,1,1,1,1,0.18806152045726776,1,1,0.19815075397491455,1,1,0.18356630206108093,1,1,0.2060593217611313,1,1,0.2241610884666443
subject_05:sample_0002473,5,2473,1,1,1,1,1,1,1,0.18794293701648712,1,1,0.19727224111557007,1,1,0.1828073114156723,1,1,0.20680226385593414,1,1,0.22517430782318115
subject_05:sample_0002474,5,2474,1,1,1,1,1,1,1,0.18816478550434113,1,1,0.19586624205112457,1,1,0.1821741759777069,1,1,0.20841941237449646,0,0,0.22537444531917572
subject_05:sample_0002475,5,2475,1,1,1,1,1,1,1,0.18821033835411072,1,1,0.19510649144649506,1,1,0.18158148229122162,1,1,0.2102305293083191,0,0,0.22487019002437592
subject_05:sample_0002476,5,2476,1,1,1,1,1,1,1,0.18810462951660156,1,1,0.19367845356464386,1,1,0.18144932389259338,1,1,0.21197381615638733,0,0,0.2247927486896515
subject_05:sample_0002477,5,2477,1,1,1,1,1,1,1,0.18772070109844208,1,1,0.1931864470243454,1,1,0.18124908208847046,1,1,0.21281452476978302,0,0,0.22502832114696503
subject_05:sample_0002478,5,2478,1,1,1,1,1,1,1,0.18739645183086395,1,1,0.19381029903888702,1,1,0.18103650212287903,1,1,0.21353740990161896,0,0,0.22421839833259583
subject_05:sample_0002479,5,2479,1,1,1,1,1,1,1,0.1876923143863678,1,1,0.1941796988248825,1,1,0.18145857751369476,1,1,0.21378491818904877,0,0,0.22288350760936737
subject_05:sample_0002480,5,2480,1,1,1,1,1,1,1,0.18793542683124542,1,1,0.19456170499324799,1,1,0.1816408932209015,1,1,0.21408680081367493,0,0,0.22177425026893616
subject_05:sample_0002481,5,2481,1,1,1,1,1,1,1,0.18782542645931244,1,1,0.1946965903043747,1,1,0.1815805733203888,0,0,0.21454723179340363,0,0,0.22134916484355927
subject_05:sample_0002482,5,2482,0,1,0,1,0,1,0,0.24233044683933258,1,0,0.17911873757839203,1,0,0.20425620675086975,1,0,0.18251292407512665,1,0,0.1917807012796402
subject_05:sample_0002483,5,2483,0,1,0,1,0,1,0,0.24387426674365997,1,0,0.17652714252471924,1,0,0.20608778297901154,1,0,0.1819435954093933,1,0,0.19156618416309357
subject_05:sample_0002484,5,2484,0,1,0,1,0,1,0,0.24388475716114044,1,0,0.17585474252700806,1,0,0.2071780115365982,1,0,0.1807464212179184,1,0,0.1923351138830185
subject_05:sample_0002485,5,2485,0,1,0,1,0,1,0,0.24279798567295074,1,0,0.17585839331150055,1,0,0.2080305814743042,1,0,0.1802123337984085,1,0,0.1930997520685196
subject_05:sample_0002486,5,2486,0,1,0,1,0,1,0,0.23954197764396667,1,0,0.17717348039150238,1,0,0.20926228165626526,1,0,0.18031136691570282,1,0,0.19370993971824646
subject_05:sample_0002487,5,2487,0,1,0,1,0,1,0,0.23668010532855988,1,0,0.1786612719297409,1,0,0.21015310287475586,1,0,0.1801619827747345,1,0,0.19434261322021484
subject_05:sample_0002488,5,2488,0,1,0,1,0,1,0,0.2338804453611374,1,0,0.1800808161497116,1,0,0.21084915101528168,1,0,0.180127814412117,1,0,0.1950608342885971
subject_05:sample_0002489,5,2489,0,1,0,1,0,1,0,0.23138144612312317,1,0,0.18223688006401062,1,0,0.21076203882694244,1,0,0.1800163835287094,1,0,0.19560234248638153
subject_05:sample_0002490,5,2490,0,1,0,1,0,1,0,0.22940018773078918,1,0,0.1842292994260788,1,0,0.21023161709308624,1,0,0.1800055056810379,1,0,0.19613242149353027
subject_05:sample_0002491,5,2491,0,1,0,1,0,1,0,0.22755496203899384,1,0,0.18581627309322357,1,0,0.2096591591835022,1,0,0.18011680245399475,1,0,0.19685187935829163
subject_05:sample_0002492,5,2492,0,1,0,1,0,1,0,0.22448377311229706,1,0,0.18741494417190552,1,0,0.20955894887447357,1,0,0.1806401163339615,1,0,0.19790126383304596
subject_05:sample_0002493,5,2493,0,1,0,1,0,1,0,0.22073699533939362,1,0,0.18904158473014832,1,0,0.2099277675151825,1,0,0.1813974380493164,1,0,0.19889524579048157
subject_05:sample_0002494,5,2494,0,1,0,1,0,1,0,0.2161906212568283,1,0,0.19006063044071198,1,0,0.2115267664194107,1,0,0.18245963752269745,1,0,0.19976139068603516
subject_05:sample_0002495,5,2495,0,1,0,1,0,1,0,0.2126578688621521,1,0,0.19113874435424805,1,0,0.21269087493419647,1,0,0.18318521976470947,1,0,0.2003263682126999
subject_05:sample_0002496,5,2496,0,1,0,1,0,1,0,0.20826399326324463,1,0,0.19224369525909424,1,0,0.21443867683410645,1,0,0.18419453501701355,1,0,0.20085817575454712
subject_05:sample_0002497,5,2497,0,1,0,1,0,1,0,0.20384499430656433,1,0,0.19364891946315765,1,0,0.21619193255901337,1,0,0.1852761059999466,1,0,0.20103707909584045
subject_05:sample_0002498,5,2498,0,1,0,1,0,1,0,0.2009631097316742,1,0,0.19582955539226532,1,0,0.21583275496959686,1,0,0.18607695400714874,1,0,0.2012966424226761
subject_05:sample_0002499,5,2499,0,1,0,1,0,1,0,0.19939790666103363,1,0,0.1966945379972458,1,0,0.2152142971754074,1,0,0.18686775863170624,1,0,0.20182451605796814
subject_05:sample_0002500,5,2500,0,1,0,1,0,1,0,0.19787439703941345,1,0,0.19712306559085846,1,0,0.21457703411579132,1,0,0.18799033761024475,1,0,0.20243416726589203
subject_05:sample_0002501,5,2501,0,1,0,1,0,1,0,0.19610419869422913,1,0,0.1982647180557251,1,0,0.21360859274864197,1,0,0.18901284039020538,1,0,0.20300865173339844
subject_05:sample_0002502,5,2502,0,1,0,1,0,1,0,0.19493505358695984,1,0,0.199654221534729,1,0,0.21232876181602478,1,0,0.18972767889499664,1,0,0.20335333049297333
subject_05:sample_0002503,5,2503,0,1,0,1,0,1,0,0.19391770660877228,1,0,0.20160146057605743,1,0,0.2106073498725891,1,0,0.19020086526870728,1,0,0.20367172360420227
subject_05:sample_0002504,5,2504,0,1,0,1,0,1,0,0.1931554079055786,1,0,0.2028445601463318,1,0,0.20930269360542297,1,0,0.19051766395568848,1,0,0.20417872071266174
subject_05:sample_0002505,5,2505,0,1,0,1,0,1,0,0.19267448782920837,1,0,0.20414243638515472,1,0,0.20779789984226227,1,0,0.19073224067687988,1,0,0.20465189218521118
subject_05:sample_0002506,5,2506,0,1,0,1,0,1,0,0.19234789907932281,1,0,0.20543068647384644,1,0,0.2065354883670807,1,0,0.19073142111301422,1,0,0.20495355129241943
subject_05:sample_0002507,5,2507,0,1,0,1,0,1,0,0.19202277064323425,1,0,0.2074013203382492,1,0,0.20456725358963013,1,0,0.19064556062221527,1,0,0.20536212623119354
subject_05:sample_0002508,5,2508,0,1,0,1,0,1,0,0.1918608397245407,1,0,0.20923806726932526,1,0,0.20271359384059906,1,0,0.19047211110591888,1,0,0.20571446418762207
subject_05:sample_0002509,5,2509,0,1,0,1,0,1,0,0.19184891879558563,1,0,0.2105175405740738,1,0,0.20134247839450836,1,0,0.1902003437280655,1,0,0.20608976483345032
subject_05:sample_0002510,5,2510,0,1,0,1,0,1,0,0.19184860587120056,1,0,0.21146945655345917,1,0,0.2003903090953827,1,0,0.18982402980327606,1,0,0.2064666599035263
subject_05:sample_0002511,5,2511,0,1,0,1,0,1,0,0.19212615489959717,1,0,0.2113039493560791,1,0,0.20042774081230164,1,0,0.18934541940689087,1,0,0.20679578185081482
subject_05:sample_0002512,5,2512,0,1,0,1,0,1,0,0.1921502649784088,1,0,0.2111755609512329,1,0,0.20077316462993622,1,0,0.18860962986946106,1,0,0.2072904407978058
subject_05:sample_0002513,5,2513,0,1,0,1,0,1,0,0.1919374018907547,1,0,0.21095196902751923,1,0,0.20131850242614746,1,0,0.18779847025871277,1,0,0.20799270272254944
subject_05:sample_0002514,5,2514,0,1,0,1,0,1,0,0.1915391981601715,1,0,0.21092402935028076,1,0,0.20185573399066925,1,0,0.18692122399806976,1,0,0.20875896513462067
subject_05:sample_0002515,5,2515,0,1,0,1,0,1,0,0.1905888319015503,1,0,0.2113037258386612,1,0,0.20235899090766907,1,0,0.18594664335250854,1,0,0.2098008543252945
subject_05:sample_0002516,5,2516,0,1,0,1,0,1,0,0.18984444439411163,1,0,0.21124351024627686,1,0,0.20333454012870789,1,0,0.18505306541919708,1,0,0.21052348613739014
subject_05:sample_0002517,5,2517,0,1,0,1,0,1,0,0.18908041715621948,1,0,0.211308091878891,1,0,0.20409312844276428,1,0,0.1841740757226944,1,0,0.21134325861930847
subject_05:sample_0002518,5,2518,0,1,0,1,0,1,0,0.1877717524766922,1,0,0.2118760198354721,1,0,0.2051817774772644,1,0,0.1829429268836975,1,0,0.2122265249490738
subject_05:sample_0002519,5,2519,0,1,0,1,0,1,0,0.1858770102262497,1,0,0.21297159790992737,1,0,0.20675809681415558,1,0,0.18138501048088074,1,0,0.21300730109214783
subject_05:sample_0002520,5,2520,0,1,0,1,0,1,0,0.1836145967245102,1,0,0.21446587145328522,1,0,0.20784105360507965,1,0,0.17995181679725647,1,0,0.21412567794322968
subject_05:sample_0002521,5,2521,0,1,0,1,0,1,0,0.18218804895877838,1,0,0.21504737436771393,1,0,0.20886699855327606,1,0,0.17897482216358185,1,0,0.21492181718349457
subject_05:sample_0002522,5,2522,0,1,0,1,0,1,0,0.18090230226516724,1,0,0.21535375714302063,1,0,0.20994973182678223,1,0,0.1781553328037262,1,0,0.2156379520893097
subject_05:sample_0002523,5,2523,0,1,0,1,0,1,0,0.1799849569797516,1,0,0.2154250591993332,1,0,0.21055583655834198,1,0,0.17748615145683289,1,0,0.21654701232910156
subject_05:sample_0002524,5,2524,0,1,0,1,0,1,0,0.17914456129074097,1,0,0.21517525613307953,1,0,0.21149230003356934,1,0,0.1767619103193283,1,0,0.21742497384548187
subject_05:sample_0002525,5,2525,0,1,0,1,0,1,0,0.17863810062408447,1,0,0.214466854929924,1,0,0.21292145550251007,1,0,0.17586812376976013,1,0,0.2181045264005661
subject_05:sample_0002526,5,2526,0,1,0,1,0,1,0,0.17844772338867188,1,0,0.21389122307300568,1,0,0.21420088410377502,1,0,0.1744944453239441,1,0,0.21896472573280334
subject_05:sample_0002527,5,2527,0,1,0,1,0,1,0,0.17828373610973358,1,0,0.21391645073890686,1,0,0.21561622619628906,1,0,0.17281407117843628,1,0,0.219368577003479
subject_05:sample_0002528,5,2528,0,1,0,1,0,1,0,0.17795352637767792,1,0,0.21332548558712006,1,0,0.21759404242038727,1,0,0.17121173441410065,1,0,0.2199143022298813
subject_05:sample_0002529,5,2529,0,1,0,1,0,1,0,0.17765316367149353,1,0,0.21278958022594452,1,0,0.21916396915912628,1,0,0.16962464153766632,1,0,0.22076761722564697
subject_05:sample_0002530,5,2530,0,1,0,1,0,1,0,0.1768566519021988,1,0,0.21227744221687317,1,0,0.22134718298912048,1,0,0.1681111752986908,1,0,0.22140657901763916
subject_05:sample_0002531,5,2531,0,1,0,1,0,1,0,0.17606712877750397,1,0,0.2116173952817917,1,0,0.2242560088634491,1,0,0.1668480485677719,1,0,0.22121047973632812
subject_05:sample_0002532,5,2532,0,1,0,1,0,1,0,0.17530779540538788,1,0,0.2114083617925644,1,0,0.22664396464824677,1,0,0.16585542261600494,1,0,0.22078348696231842
subject_05:sample_0002533,5,2533,0,1,0,1,0,1,0,0.17331716418266296,1,0,0.212350532412529,1,0,0.22962398827075958,1,0,0.1640390306711197,1,0,0.22066839039325714
subject_05:sample_0002534,5,2534,0,1,0,1,0,1,0,0.17162349820137024,1,0,0.2143382579088211,1,0,0.23223526775836945,1,0,0.16251304745674133,1,0,0.21928900480270386
subject_05:sample_0002535,5,2535,0,1,0,1,0,1,0,0.16982966661453247,1,0,0.21584273874759674,1,0,0.23463575541973114,1,0,0.16098640859127045,1,0,0.2187044769525528
subject_05:sample_0002536,5,2536,0,1,0,1,0,1,0,0.16945752501487732,1,0,0.21656183898448944,1,0,0.2360229194164276,1,0,0.1605532318353653,1,0,0.2174035608768463
subject_05:sample_0002537,5,2537,0,1,0,1,0,1,0,0.16903971135616302,1,0,0.217807337641716,1,0,0.23726892471313477,1,0,0.1600450575351715,1,0,0.21583804488182068
subject_05:sample_0002538,5,2538,0,1,0,1,0,1,0,0.16902077198028564,1,0,0.21802668273448944,1,0,0.23816952109336853,1,0,0.15984785556793213,1,0,0.21493418514728546
subject_05:sample_0002539,5,2539,0,1,0,1,0,1,0,0.16853037476539612,1,0,0.2193126082420349,1,0,0.23900580406188965,1,0,0.15946277976036072,1,0,0.2136874496936798
subject_05:sample_0002540,5,2540,0,1,0,1,0,1,0,0.1681368052959442,1,0,0.21940328180789948,1,0,0.23959490656852722,1,0,0.15954308211803436,1,0,0.21332094073295593
subject_05:sample_0002541,5,2541,0,1,0,1,0,1,0,0.16776244342327118,1,0,0.21949255466461182,1,0,0.24019812047481537,1,0,0.15961132943630219,1,0,0.21293461322784424
subject_05:sample_0002542,5,2542,0,1,0,1,0,1,0,0.1676924079656601,1,0,0.2201640009880066,1,0,0.24045728147029877,1,0,0.15949837863445282,1,0,0.21218694746494293
subject_05:sample_0002543,5,2543,0,1,0,1,0,1,0,0.16804204881191254,1,0,0.22157731652259827,1,0,0.24034960567951202,1,0,0.15932096540927887,1,0,0.21070915460586548
subject_05:sample_0002544,5,2544,0,1,0,1,0,1,0,0.16945880651474,1,0,0.22247125208377838,1,0,0.23956866562366486,1,0,0.1593257337808609,1,0,0.20917460322380066
subject_05:sample_0002545,5,2545,0,1,0,1,0,1,0,0.17285467684268951,1,0,0.220961794257164,1,0,0.2380467802286148,1,0,0.16060292720794678,1,0,0.2075328826904297
subject_05:sample_0002546,5,2546,0,1,0,1,0,1,0,0.17753630876541138,1,0,0.2184925228357315,1,0,0.2366669923067093,1,0,0.1618431955575943,1,0,0.20545992255210876
subject_05:sample_0002547,5,2547,0,1,0,1,0,1,0,0.18247362971305847,1,0,0.21520480513572693,1,0,0.23479978740215302,1,0,0.1642090231180191,1,0,0.2033117413520813
subject_05:sample_0002548,5,2548,0,1,0,1,0,1,0,0.18752096593379974,1,0,0.21235458552837372,1,0,0.23300062119960785,1,0,0.16556839644908905,1,0,0.20155441761016846
subject_05:sample_0002549,5,2549,0,1,0,1,0,1,0,0.19290190935134888,1,0,0.2096250206232071,1,0,0.23119010031223297,1,0,0.16607485711574554,1,0,0.20020712912082672
subject_05:sample_0002550,5,2550,0,1,0,1,0,1,0,0.1987382173538208,1,0,0.2068098783493042,1,0,0.22954796254634857,1,0,0.16605068743228912,1,0,0.1988523006439209
subject_05:sample_0002551,5,2551,0,1,0,1,0,1,0,0.20407260954380035,1,0,0.20513901114463806,1,0,0.22822949290275574,1,0,0.16569998860359192,1,0,0.1968579739332199
subject_05:sample_0002552,5,2552,0,1,0,1,0,1,0,0.20805558562278748,1,0,0.20366451144218445,1,0,0.22741486132144928,1,0,0.16590404510498047,1,0,0.1949601024389267
subject_05:sample_0002553,5,2553,0,1,0,1,0,1,0,0.21315573155879974,1,0,0.2018640786409378,1,0,0.22657258808612823,1,0,0.16563618183135986,1,0,0.19277040660381317
subject_05:sample_0002554,5,2554,0,1,0,1,0,1,0,0.2200474888086319,1,0,0.19921977818012238,1,0,0.22667554020881653,1,0,0.16388413310050964,1,0,0.19017215073108673
subject_05:sample_0002555,5,2555,0,1,0,1,0,1,0,0.22846637666225433,1,0,0.19628728926181793,1,0,0.2269444763660431,1,0,0.16151811182498932,1,0,0.18678270280361176
subject_05:sample_0002556,5,2556,0,1,0,1,0,1,0,0.24466808140277863,1,0,0.19148482382297516,1,0,0.22617226839065552,1,0,0.15671655535697937,1,0,0.1809573769569397
subject_05:sample_0002557,5,2557,0,1,0,1,0,1,0,0.2644881308078766,1,0,0.18453915417194366,1,0,0.223771870136261,1,0,0.15225152671337128,1,0,0.17494837939739227
subject_05:sample_0002558,5,2558,0,1,0,1,0,1,0,0.28222012519836426,1,0,0.17822064459323883,1,0,0.22194650769233704,1,0,0.14818155765533447,1,0,0.1694302260875702
subject_05:sample_0002559,5,2559,0,1,0,1,0,0,1,0.2892683446407318,1,0,0.17412202060222626,1,0,0.22322070598602295,1,0,0.14677050709724426,1,0,0.1666175276041031
subject_05:sample_0002560,5,2560,0,2,0,2,0,2,0,0.2013349086046219,2,0,0.19646356999874115,2,0,0.20453006029129028,2,0,0.20613440871238708,2,0,0.19153612852096558
subject_05:sample_0002561,5,2561,0,2,0,2,0,2,0,0.2008255273103714,2,0,0.19617697596549988,2,0,0.20418685674667358,2,0,0.20609447360038757,2,0,0.19271521270275116
subject_05:sample_0002562,5,2562,0,2,0,2,0,2,0,0.20023496448993683,2,0,0.19627676904201508,2,0,0.203822061419487,2,0,0.20608875155448914,2,0,0.19357651472091675
subject_05:sample_0002563,5,2563,0,2,0,2,0,2,0,0.1996145397424698,2,0,0.19652371108531952,2,0,0.2033933699131012,2,0,0.20605948567390442,2,0,0.19440791010856628
subject_05:sample_0002564,5,2564,0,2,0,2,0,2,0,0.198898047208786,2,0,0.1966797411441803,2,0,0.20302842557430267,2,0,0.20602160692214966,2,0,0.19537115097045898
subject_05:sample_0002565,5,2565,0,2,0,2,0,2,0,0.19787080585956573,2,0,0.19691084325313568,2,0,0.2025386095046997,2,0,0.20635555684566498,2,0,0.1963232308626175
subject_05:sample_0002566,5,2566,0,2,0,2,0,2,0,0.19692078232765198,2,0,0.1972181648015976,2,0,0.20196570456027985,2,0,0.20641681551933289,2,0,0.1974775642156601
subject_05:sample_0002567,5,2567,0,2,0,2,0,2,0,0.1960005909204483,2,0,0.19731339812278748,2,0,0.20148076117038727,2,0,0.20574992895126343,2,0,0.1994543969631195
subject_05:sample_0002568,5,2568,0,2,0,2,0,2,0,0.19468294084072113,2,0,0.19730669260025024,2,0,0.200986847281456,2,0,0.20566436648368835,2,0,0.20135822892189026
subject_05:sample_0002569,5,2569,0,2,0,2,0,2,0,0.19296735525131226,2,0,0.1971331238746643,2,0,0.20080703496932983,2,0,0.20573638379573822,2,0,0.20335513353347778
subject_05:sample_0002570,5,2570,0,2,0,2,0,2,0,0.19145233929157257,2,0,0.19711507856845856,2,0,0.20085933804512024,2,0,0.20607823133468628,2,0,0.20449407398700714
subject_05:sample_0002571,5,2571,0,2,0,2,0,2,0,0.19030028581619263,2,0,0.19684046506881714,2,0,0.20123697817325592,2,0,0.2067727893590927,2,0,0.20484846830368042
subject_05:sample_0002572,5,2572,0,2,0,2,0,2,0,0.18998825550079346,2,0,0.19627317786216736,2,0,0.20165866613388062,2,0,0.207424134016037,2,0,0.2046547830104828
subject_05:sample_0002573,5,2573,0,2,0,2,0,2,0,0.18898211419582367,2,0,0.19537129998207092,2,0,0.2027973234653473,2,0,0.2084755003452301,2,0,0.20437279343605042
subject_05:sample_0002574,5,2574,0,2,0,2,0,2,0,0.18831941485404968,2,0,0.19436036050319672,2,0,0.20428434014320374,2,0,0.20974569022655487,2,0,0.2032892405986786
subject_05:sample_0002575,5,2575,0,2,0,2,0,2,0,0.1883164346218109,2,0,0.1938767284154892,2,0,0.20572787523269653,2,0,0.21101458370685577,2,0,0.2010633945465088
subject_05:sample_0002576,5,2576,0,2,0,2,0,2,0,0.18826134502887726,2,0,0.1928345113992691,2,0,0.206290602684021,2,0,0.2111721634864807,2,0,0.2014404833316803
subject_05:sample_0002577,5,2577,0,2,0,2,0,2,0,0.18805469572544098,2,0,0.1920214146375656,2,0,0.20647573471069336,2,0,0.21086697280406952,2,0,0.20258021354675293
subject_05:sample_0002578,5,2578,0,2,0,2,0,2,0,0.18854179978370667,2,0,0.19183872640132904,2,0,0.20601233839988708,2,0,0.21028047800064087,2,0,0.20332570374011993
subject_05:sample_0002579,5,2579,0,2,0,2,0,2,0,0.1891574114561081,2,0,0.191797137260437,2,0,0.20536786317825317,2,0,0.20956140756607056,2,0,0.2041151374578476
subject_05:sample_0002580,5,2580,0,2,0,2,0,2,0,0.18971052765846252,2,0,0.1920667588710785,2,0,0.2046513557434082,2,0,0.20863719284534454,2,0,0.20493316650390625
subject_05:sample_0002581,5,2581,0,2,0,2,0,2,0,0.19014742970466614,2,0,0.19259895384311676,2,0,0.20465072989463806,2,0,0.20678159594535828,2,0,0.20582035183906555
subject_05:sample_0002582,5,2582,0,2,0,2,0,2,0,0.19129833579063416,2,0,0.19375519454479218,2,0,0.20479029417037964,2,0,0.20344720780849457,2,0,0.20670805871486664
subject_05:sample_0002583,5,2583,0,2,0,2,0,2,0,0.1931624859571457,2,0,0.1955365091562271,2,0,0.205557718873024,2,0,0.19770565629005432,2,0,0.2080366313457489
subject_05:sample_0002584,5,2584,0,2,0,2,0,2,0,0.19618816673755646,2,0,0.19767513871192932,2,0,0.20685896277427673,2,0,0.1890990138053894,2,0,0.2101776897907257
subject_05:sample_0002585,5,2585,0,2,0,2,0,2,0,0.20024259388446808,2,0,0.20068484544754028,2,0,0.20956827700138092,2,0,0.17574642598628998,2,0,0.2137569636106491
subject_05:sample_0002586,5,2586,0,2,0,2,0,2,0,0.20641960203647614,2,0,0.20545515418052673,2,0,0.21464523673057556,1,0,0.1537325233221054,2,0,0.21974651515483856
subject_05:sample_0002587,5,2587,0,2,0,2,0,2,0,0.21149104833602905,2,0,0.20956185460090637,2,0,0.21893154084682465,1,0,0.13520380854606628,2,0,0.22481082379817963
subject_05:sample_0002588,5,2588,0,2,0,2,0,2,0,0.21381977200508118,2,0,0.2114228755235672,2,0,0.2208753079175949,1,0,0.12672503292560577,2,0,0.22715608775615692
subject_05:sample_0002589,5,2589,0,2,0,2,0,2,0,0.21525892615318298,2,0,0.212831050157547,2,0,0.22249528765678406,1,0,0.12080203741788864,2,0,0.2286117672920227
subject_05:sample_0002590,5,2590,0,2,0,2,0,2,0,0.21628642082214355,2,0,0.2137501984834671,2,0,0.22515147924423218,1,0,0.11452425271272659,2,0,0.2302866131067276
subject_05:sample_0002591,5,2591,0,2,0,2,0,2,0,0.21655581891536713,2,0,0.21272413432598114,2,0,0.22865408658981323,1,0,0.11224070191383362,2,0,0.22982431948184967
subject_05:sample_0002592,5,2592,0,1,0,2,0,1,0,0.2194421887397766,1,0,0.20852869749069214,2,0,0.23393462598323822,1,0,0.1142793595790863,1,0,0.22381415963172913
subject_05:sample_0002593,5,2593,0,1,0,2,0,1,0,0.22452087700366974,1,0,0.2047436237335205,1,0,0.23823480308055878,1,0,0.11701703071594238,1,0,0.2154827117919922
subject_05:sample_0002594,5,2594,0,1,0,2,0,1,0,0.23022237420082092,1,0,0.205163836479187,1,0,0.24043361842632294,1,0,0.11908882111310959,1,0,0.20509034395217896
subject_05:sample_0002595,5,2595,0,1,0,1,0,1,0,0.23532839119434357,1,0,0.20309734344482422,1,0,0.2409260869026184,1,0,0.12092559039592743,1,0,0.19972166419029236
subject_05:sample_0002596,5,2596,0,1,0,1,0,1,0,0.237596333026886,1,0,0.20334233343601227,1,0,0.24156653881072998,1,0,0.12180783599615097,1,0,0.19568604230880737
subject_05:sample_0002597,5,2597,0,1,0,1,0,1,0,0.239950492978096,1,0,0.20322653651237488,1,0,0.24218136072158813,1,0,0.12182845175266266,1,0,0.19281215965747833
subject_05:sample_0002598,5,2598,0,1,0,1,0,1,0,0.2426038682460785,1,0,0.19830776751041412,1,0,0.24382121860980988,1,0,0.12418625503778458,1,0,0.19107994437217712
subject_05:sample_0002599,5,2599,0,1,0,1,0,1,0,0.24501042068004608,1,0,0.19222672283649445,1,0,0.24666252732276917,1,0,0.126300647854805,1,0,0.18979871273040771
subject_05:sample_0002600,5,2600,0,1,0,1,0,1,0,0.2478591650724411,1,0,0.18595223128795624,1,0,0.24816419184207916,1,0,0.1288152039051056,1,0,0.1892082244157791
subject_05:sample_0002601,5,2601,0,1,0,1,0,1,0,0.252149373292923,1,0,0.18101167678833008,1,0,0.24716176092624664,1,0,0.1311938762664795,1,0,0.18848228454589844
subject_05:sample_0002602,5,2602,0,1,0,1,0,1,0,0.25608474016189575,1,0,0.17747721076011658,1,0,0.24595032632350922,1,0,0.13281835615634918,1,0,0.18766842782497406
subject_05:sample_0002603,5,2603,0,1,0,1,0,1,0,0.2586193084716797,1,0,0.1760575920343399,1,0,0.2450685054063797,1,0,0.1334335207939148,1,0,0.18682008981704712
subject_05:sample_0002604,5,2604,0,1,0,1,0,1,0,0.2613685429096222,1,0,0.17425331473350525,1,0,0.24422864615917206,1,0,0.13388517498970032,1,0,0.18626336753368378
subject_05:sample_0002605,5,2605,0,1,0,1,0,1,0,0.2642679810523987,1,0,0.17249873280525208,1,0,0.24327720701694489,1,0,0.13389283418655396,1,0,0.186062291264534
subject_05:sample_0002606,5,2606,0,1,0,1,0,1,0,0.26802805066108704,1,0,0.17010334134101868,1,0,0.24156954884529114,1,0,0.1345066875219345,1,0,0.18579132854938507
subject_05:sample_0002607,5,2607,0,1,0,1,0,1,0,0.27598458528518677,1,0,0.16706536710262299,1,0,0.23863400518894196,1,0,0.1340811550617218,1,0,0.18423394858837128
subject_05:sample_0002608,5,2608,0,1,0,1,0,1,0,0.2840667963027954,1,0,0.16416339576244354,1,0,0.23496034741401672,1,0,0.13409215211868286,1,0,0.18271636962890625
subject_05:sample_0002609,5,2609,0,1,0,1,0,1,0,0.29226383566856384,1,0,0.16141881048679352,1,0,0.2310522049665451,1,0,0.1342388093471527,1,0,0.18102537095546722
subject_05:sample_0002610,5,2610,0,1,0,1,0,1,0,0.3005748689174652,1,0,0.15893690288066864,1,0,0.22800424695014954,1,0,0.13345271348953247,1,0,0.17903026938438416
subject_05:sample_0002611,5,2611,0,1,0,1,0,1,0,0.3076004087924957,1,0,0.1573220193386078,1,0,0.22471751272678375,1,0,0.13291765749454498,1,0,0.17744146287441254
subject_05:sample_0002612,5,2612,0,1,0,1,0,1,0,0.3179585933685303,1,0,0.15539303421974182,1,0,0.2194121927022934,1,0,0.13174554705619812,1,0,0.17548967897891998
subject_05:sample_0002613,5,2613,0,1,0,1,0,1,0,0.3255516290664673,1,0,0.15430201590061188,1,0,0.2143276035785675,1,0,0.13113786280155182,1,0,0.1746799647808075
subject_05:sample_0002614,5,2614,0,1,0,1,0,0,1,0.33127105236053467,1,0,0.1540558785200119,1,0,0.20972107350826263,1,0,0.13098615407943726,1,0,0.17396490275859833
subject_05:sample_0002615,5,2615,0,1,0,1,0,0,1,0.3375411629676819,1,0,0.1543900966644287,1,0,0.2033768743276596,1,0,0.1311820149421692,1,0,0.1735089123249054
subject_05:sample_0002616,5,2616,0,1,0,1,0,0,1,0.34372904896736145,1,0,0.1551409512758255,1,0,0.19584600627422333,1,0,0.13177774846553802,1,0,0.1735052466392517
subject_05:sample_0002617,5,2617,0,1,0,1,0,0,1,0.3488914668560028,1,0,0.15628446638584137,1,0,0.1886451095342636,1,0,0.1324724704027176,1,0,0.17370551824569702
subject_05:sample_0002618,5,2618,0,1,0,1,0,0,1,0.35309314727783203,1,0,0.15710030496120453,1,0,0.18312084674835205,1,0,0.13297995924949646,1,0,0.1737048327922821
subject_05:sample_0002619,5,2619,0,1,0,1,0,0,1,0.35614779591560364,1,0,0.15894906222820282,1,0,0.1773429960012436,1,0,0.13369029760360718,1,0,0.17386892437934875
subject_05:sample_0002620,5,2620,0,1,0,1,0,0,1,0.3587370216846466,1,0,0.16112346947193146,1,0,0.1724294126033783,1,0,0.1342611163854599,1,0,0.17344805598258972
subject_05:sample_0002621,5,2621,0,1,0,1,0,0,1,0.3608548641204834,1,0,0.16307953000068665,1,0,0.168526753783226,1,0,0.13467945158481598,1,0,0.17285847663879395
subject_05:sample_0002622,5,2622,0,1,0,1,0,0,1,0.3636822998523712,1,0,0.16331087052822113,1,0,0.1651977151632309,1,0,0.1351310908794403,1,0,0.17267711460590363
subject_05:sample_0002623,5,2623,0,1,0,1,0,0,1,0.3658278286457062,1,0,0.16390195488929749,1,0,0.1619882732629776,1,0,0.1357305645942688,1,0,0.17255039513111115
subject_05:sample_0002624,5,2624,0,1,0,1,0,0,1,0.36718931794166565,1,0,0.16443708539009094,1,0,0.15942521393299103,1,0,0.13661357760429382,1,0,0.17233388125896454
subject_05:sample_0002625,5,2625,0,1,0,1,0,0,1,0.367388516664505,1,0,0.16547039151191711,1,0,0.15794451534748077,1,0,0.13740651309490204,1,0,0.1717890352010727
subject_05:sample_0002626,5,2626,0,1,0,1,0,0,1,0.3671606183052063,1,0,0.16667276620864868,1,0,0.15674111247062683,1,0,0.13815607130527496,1,0,0.1712685078382492
subject_05:sample_0002627,5,2627,0,1,0,1,0,0,1,0.3659329116344452,1,0,0.16901719570159912,1,0,0.1551877111196518,1,0,0.1392756551504135,1,0,0.17058558762073517
subject_05:sample_0002628,5,2628,0,1,0,1,0,0,1,0.3640197515487671,1,0,0.17151857912540436,1,0,0.15449422597885132,1,0,0.14030086994171143,1,0,0.16966557502746582
subject_05:sample_0002629,5,2629,0,1,0,1,0,0,1,0.36134278774261475,1,0,0.17348480224609375,1,0,0.15361063182353973,1,0,0.14223536849021912,1,0,0.16932547092437744
subject_05:sample_0002630,5,2630,0,1,0,1,0,0,1,0.35901251435279846,1,0,0.1747671663761139,1,0,0.15289127826690674,1,0,0.1438942551612854,1,0,0.16943377256393433
subject_05:sample_0002631,5,2631,0,1,0,1,0,0,1,0.35714372992515564,1,0,0.17531928420066833,1,0,0.1530146449804306,1,0,0.14494672417640686,1,0,0.16957470774650574
subject_05:sample_0002632,5,2632,0,1,0,1,0,0,1,0.3555917739868164,1,0,0.17521949112415314,1,0,0.15318477153778076,1,0,0.1459428369998932,1,0,0.17006023228168488
subject_05:sample_0002633,5,2633,0,1,0,1,0,0,1,0.3546111285686493,1,0,0.17455798387527466,1,0,0.15318065881729126,1,0,0.14710478484630585,1,0,0.1705445647239685
subject_05:sample_0002634,5,2634,0,1,0,1,0,1,0,0.353823184967041,1,0,0.17375260591506958,1,0,0.15331469476222992,1,0,0.1483088582754135,1,0,0.17079967260360718
subject_05:sample_0002635,5,2635,0,1,0,1,0,1,0,0.35239553451538086,1,0,0.17340347170829773,1,0,0.1535142958164215,1,0,0.14923007786273956,1,0,0.17145569622516632
subject_05:sample_0002636,5,2636,0,1,0,1,0,1,0,0.3498729169368744,1,0,0.1735580861568451,1,0,0.15393680334091187,1,0,0.15049012005329132,1,0,0.17214111983776093
subject_05:sample_0002637,5,2637,0,1,0,1,0,1,0,0.3429400622844696,1,0,0.17516599595546722,1,0,0.15525199472904205,1,0,0.15271852910518646,1,0,0.17392247915267944
subject_05:sample_0002638,5,2638,0,1,0,1,0,1,0,0.3285318613052368,1,0,0.1785687506198883,1,0,0.15856583416461945,1,0,0.15641893446445465,1,0,0.17791369557380676
subject_05:sample_0002639,5,2639,0,1,0,1,0,1,0,0.3129194974899292,1,0,0.18202495574951172,1,0,0.16247668862342834,1,0,0.16062450408935547,1,0,0.18195337057113647
subject_05:sample_0002640,5,2640,0,1,0,1,0,1,0,0.29744741320610046,1,0,0.18526726961135864,1,0,0.16674064099788666,1,0,0.16517463326454163,1,0,0.18536904454231262
subject_05:sample_0002641,5,2641,0,1,0,1,0,1,0,0.2788729667663574,1,0,0.18938839435577393,1,0,0.17184343934059143,1,0,0.1704462617635727,1,0,0.18944798409938812
subject_05:sample_0002642,5,2642,0,1,0,1,0,1,0,0.2590668201446533,1,0,0.1944003850221634,1,0,0.17765411734580994,1,0,0.17550234496593475,1,0,0.1933753788471222
subject_05:sample_0002643,5,2643,0,1,0,1,0,1,0,0.24006396532058716,1,0,0.19938448071479797,1,0,0.1832946389913559,1,0,0.18045349419116974,1,0,0.19680243730545044
subject_05:sample_0002644,5,2644,0,1,0,1,0,1,0,0.22694650292396545,1,0,0.2014753520488739,1,0,0.18814390897750854,1,0,0.18456952273845673,1,0,0.19886372983455658
subject_05:sample_0002645,5,2645,0,1,0,1,0,1,0,0.2178572416305542,1,0,0.20166391134262085,1,0,0.19240368902683258,1,0,0.18782399594783783,1,0,0.20025017857551575
subject_05:sample_0002646,5,2646,0,1,0,1,0,1,0,0.21243199706077576,1,0,0.20182299613952637,1,0,0.19543221592903137,1,0,0.18978318572044373,1,0,0.2005285918712616
subject_05:sample_0002647,5,2647,0,1,0,1,0,1,0,0.2097797840833664,1,0,0.2017461061477661,1,0,0.1973057985305786,1,0,0.19074420630931854,1,0,0.20042309165000916
subject_05:sample_0002648,5,2648,0,1,0,1,0,1,0,0.20805267989635468,1,0,0.20160917937755585,1,0,0.19873669743537903,1,0,0.19140055775642395,1,0,0.20020000636577606
subject_05:sample_0002649,5,2649,0,1,0,1,0,1,0,0.20618462562561035,1,0,0.20169365406036377,1,0,0.19992776215076447,1,0,0.19204647839069366,1,0,0.20014649629592896
subject_05:sample_0002650,5,2650,0,1,0,1,0,1,0,0.20468153059482574,1,0,0.20179829001426697,1,0,0.20088760554790497,1,0,0.19261173903942108,1,0,0.2000199258327484
subject_05:sample_0002651,5,2651,0,1,0,1,0,1,0,0.20308446884155273,1,0,0.20206712186336517,1,0,0.20170505344867706,1,0,0.19318152964115143,1,0,0.1999608725309372
subject_05:sample_0002652,5,2652,0,1,0,1,0,1,0,0.20207956433296204,1,0,0.20223328471183777,1,0,0.2022804319858551,1,0,0.1936185210943222,1,0,0.19978725910186768
subject_05:sample_0002653,5,2653,0,1,0,1,0,1,0,0.20088407397270203,1,0,0.2028258740901947,1,0,0.20248661935329437,1,0,0.19410628080368042,1,0,0.19969619810581207
subject_05:sample_0002654,5,2654,0,1,0,1,0,1,0,0.20000487565994263,1,0,0.2035263329744339,1,0,0.20227116346359253,1,0,0.19452567398548126,1,0,0.1996709704399109
subject_05:sample_0002655,5,2655,0,1,0,1,0,1,0,0.19935719668865204,1,0,0.20425674319267273,1,0,0.20191946625709534,1,0,0.19481763243675232,1,0,0.19964799284934998
subject_05:sample_0002656,5,2656,0,1,0,1,0,1,0,0.19858494400978088,1,0,0.20537859201431274,1,0,0.2010979801416397,1,0,0.19496281445026398,1,0,0.19997471570968628
subject_05:sample_0002657,5,2657,0,1,0,1,0,1,0,0.19815845787525177,1,0,0.20491236448287964,1,0,0.20056456327438354,1,0,0.19548399746418,1,0,0.20087967813014984
subject_05:sample_0002658,5,2658,0,1,0,1,0,1,0,0.19765515625476837,1,0,0.20473210513591766,1,0,0.199690043926239,1,0,0.1958681046962738,1,0,0.20205368101596832
subject_05:sample_0002659,5,2659,0,1,0,1,0,1,0,0.19700147211551666,1,0,0.2057151049375534,1,0,0.19871188700199127,1,0,0.19581589102745056,1,0,0.2027546912431717
subject_05:sample_0002660,5,2660,0,1,0,1,0,1,0,0.19643086194992065,1,0,0.2067357301712036,1,0,0.1980445235967636,1,0,0.19575560092926025,1,0,0.2030322551727295
subject_05:sample_0002661,5,2661,0,1,0,1,0,1,0,0.19624294340610504,1,0,0.2068985402584076,1,0,0.1978311538696289,1,0,0.19590745866298676,1,0,0.20311887562274933
subject_05:sample_0002662,5,2662,0,1,0,1,0,1,0,0.19648098945617676,1,0,0.20638161897659302,1,0,0.1980178952217102,1,0,0.19613562524318695,1,0,0.2029828131198883
subject_05:sample_0002663,5,2663,0,1,0,1,0,1,0,0.19735971093177795,1,0,0.2050478309392929,1,0,0.19894209504127502,1,0,0.1965254545211792,1,0,0.20212391018867493
subject_05:sample_0002664,5,2664,0,1,0,1,0,1,0,0.19848568737506866,1,0,0.20291747152805328,1,0,0.20038838684558868,1,0,0.19710391759872437,1,0,0.2011035978794098
subject_05:sample_0002665,5,2665,0,1,0,1,0,1,0,0.19961951673030853,1,0,0.2004530131816864,1,0,0.20187941193580627,1,0,0.19772444665431976,1,0,0.20032264292240143
subject_05:sample_0002666,5,2666,0,1,0,1,0,1,0,0.200201615691185,1,0,0.19944415986537933,1,0,0.2025933861732483,1,0,0.19797585904598236,1,0,0.1997840851545334
subject_05:sample_0002667,5,2667,0,1,0,1,0,1,0,0.2004835158586502,1,0,0.19871509075164795,1,0,0.2029641717672348,1,0,0.19820956885814667,1,0,0.19962668418884277
subject_05:sample_0002668,5,2668,0,1,0,1,0,1,0,0.20036248862743378,1,0,0.19843509793281555,1,0,0.20274503529071808,1,0,0.19844727218151093,1,0,0.20000909268856049
subject_05:sample_0002669,5,2669,0,1,0,1,0,1,0,0.19995130598545074,1,0,0.1987558901309967,1,0,0.20212100446224213,1,0,0.19868002831935883,1,0,0.20049074292182922
subject_05:sample_0002670,5,2670,0,1,0,1,0,1,0,0.19941136240959167,1,0,0.19991181790828705,1,0,0.2013174444437027,1,0,0.19864213466644287,1,0,0.20071622729301453
subject_05:sample_0002671,5,2671,0,1,0,1,0,1,0,0.19896993041038513,1,0,0.20042923092842102,1,0,0.20079122483730316,1,0,0.19873221218585968,1,0,0.2010764181613922
subject_05:sample_0002672,5,2672,0,1,0,1,0,1,0,0.19871826469898224,1,0,0.20055174827575684,1,0,0.20057055354118347,1,0,0.1987614780664444,1,0,0.20139701664447784
subject_05:sample_0002673,5,2673,0,1,0,1,0,1,0,0.19844412803649902,1,0,0.20096299052238464,1,0,0.20033472776412964,1,0,0.19867582619190216,1,0,0.20158132910728455
subject_05:sample_0002674,5,2674,0,1,0,1,0,1,0,0.19833672046661377,1,0,0.20093569159507751,1,0,0.20031285285949707,1,0,0.19869913160800934,1,0,0.2017146199941635
subject_05:sample_0002675,5,2675,0,1,0,1,0,1,0,0.19816197454929352,1,0,0.20141997933387756,1,0,0.20018932223320007,1,0,0.19855134189128876,1,0,0.20167650282382965
subject_05:sample_0002676,5,2676,0,1,0,1,0,1,0,0.19807767868041992,1,0,0.201805979013443,1,0,0.20015791058540344,1,0,0.19837991893291473,1,0,0.2015775740146637
subject_05:sample_0002677,5,2677,0,1,0,1,0,1,0,0.1980985850095749,1,0,0.20232918858528137,1,0,0.2002018690109253,1,0,0.19811177253723145,1,0,0.20125766098499298
subject_05:sample_0002678,5,2678,0,1,0,1,0,1,0,0.1982954740524292,1,0,0.20236383378505707,1,0,0.20051059126853943,1,0,0.19788476824760437,1,0,0.20094436407089233
subject_05:sample_0002679,5,2679,0,1,0,1,0,1,0,0.19851206243038177,1,0,0.2026005983352661,1,0,0.20083822309970856,1,0,0.19754011929035187,1,0,0.20050805807113647
subject_05:sample_0002680,5,2680,0,1,0,1,0,1,0,0.19869421422481537,1,0,0.20278795063495636,1,0,0.20121674239635468,1,0,0.19716477394104004,1,0,0.20013535022735596
subject_05:sample_0002681,5,2681,0,1,0,1,0,1,0,0.19871512055397034,1,0,0.20338064432144165,1,0,0.20142440497875214,1,0,0.19666361808776855,1,0,0.19981521368026733
subject_05:sample_0002682,5,2682,0,1,0,1,0,1,0,0.19886822998523712,1,0,0.20360800623893738,1,0,0.20189350843429565,1,0,0.19621172547340393,1,0,0.19941756129264832
subject_05:sample_0002683,5,2683,0,1,0,1,0,1,0,0.19912025332450867,1,0,0.20341309905052185,1,0,0.2025195211172104,1,0,0.19589810073375702,1,0,0.19904808700084686
subject_05:sample_0002684,5,2684,0,1,0,1,0,1,0,0.1995558887720108,1,0,0.20286017656326294,1,0,0.20350326597690582,1,0,0.1955125331878662,1,0,0.19856718182563782
subject_05:sample_0002685,5,2685,0,1,0,1,0,1,0,0.19996851682662964,1,0,0.20227882266044617,1,0,0.20441791415214539,1,0,0.1951066255569458,1,0,0.19822712242603302
subject_05:sample_0002686,5,2686,0,1,0,1,0,1,0,0.20014092326164246,1,0,0.20219889283180237,1,0,0.20500163733959198,1,0,0.19463706016540527,1,0,0.19802045822143555
subject_05:sample_0002687,5,2687,0,1,0,1,0,1,0,0.20024080574512482,1,0,0.2021089345216751,1,0,0.20536492764949799,1,0,0.1943204700946808,1,0,0.19796395301818848
subject_05:sample_0002688,5,2688,0,1,0,1,0,1,0,0.20022691786289215,1,0,0.20236122608184814,1,0,0.20530906319618225,1,0,0.19391274452209473,1,0,0.19818910956382751
subject_05:sample_0002689,5,2689,0,1,0,1,0,1,0,0.19991350173950195,1,0,0.2033022791147232,1,0,0.20462563633918762,1,0,0.19354961812496185,1,0,0.19860807061195374
subject_05:sample_0002690,5,2690,0,1,0,1,0,1,0,0.19960997998714447,1,0,0.20403870940208435,1,0,0.20412229001522064,1,0,0.19332469999790192,1,0,0.1989033967256546
subject_05:sample_0002691,5,2691,0,1,0,1,0,1,0,0.19879506528377533,1,0,0.20609356462955475,1,0,0.2027302384376526,1,0,0.19290341436862946,1,0,0.1994767040014267
subject_05:sample_0002692,5,2692,0,1,0,1,0,1,0,0.19767211377620697,1,0,0.2088625282049179,1,0,0.20136596262454987,1,0,0.19229210913181305,1,0,0.1998063325881958
subject_05:sample_0002693,5,2693,0,1,0,1,0,1,0,0.19627495110034943,1,0,0.21223869919776917,1,0,0.2004334181547165,1,0,0.19140084087848663,1,0,0.1996510922908783
subject_05:sample_0002694,5,2694,0,1,0,1,0,1,0,0.19491712749004364,1,0,0.21584832668304443,1,0,0.1998366266489029,1,0,0.19032533466815948,1,0,0.19907161593437195
subject_05:sample_0002695,5,2695,0,1,0,1,0,1,0,0.19377432763576508,1,0,0.2193010151386261,1,0,0.19967080652713776,1,0,0.18911519646644592,1,0,0.19813770055770874
subject_05:sample_0002696,5,2696,0,1,0,1,0,1,0,0.19273333251476288,1,0,0.22230879962444305,1,0,0.20026133954524994,1,0,0.18772728741168976,1,0,0.19696830213069916
subject_05:sample_0002697,5,2697,0,1,0,1,0,1,0,0.19252453744411469,1,0,0.22365206480026245,1,0,0.20057260990142822,1,0,0.1869092881679535,1,0,0.19634053111076355
subject_05:sample_0002698,5,2698,0,1,0,1,0,1,0,0.19270339608192444,1,0,0.22405235469341278,1,0,0.20120735466480255,1,0,0.18615907430648804,1,0,0.1958768367767334
subject_05:sample_0002699,5,2699,0,1,0,1,0,1,0,0.19346365332603455,1,0,0.22444309294223785,1,0,0.20096838474273682,1,0,0.1855376809835434,1,0,0.19558614492416382
subject_05:sample_0002700,5,2700,0,1,0,1,0,1,0,0.19458824396133423,1,0,0.22441628575325012,1,0,0.19981016218662262,1,0,0.18540504574775696,1,0,0.19577929377555847
subject_05:sample_0002701,5,2701,0,1,0,1,0,1,0,0.1956074982881546,1,0,0.22448581457138062,1,0,0.19882014393806458,1,0,0.1852811723947525,1,0,0.19580429792404175
subject_05:sample_0002702,5,2702,0,1,0,1,0,1,0,0.19673126935958862,1,0,0.22527305781841278,1,0,0.19752688705921173,1,0,0.18460248410701752,1,0,0.19586531817913055
subject_05:sample_0002703,5,2703,0,1,0,1,0,1,0,0.1980406939983368,1,0,0.22539250552654266,1,0,0.19611594080924988,1,0,0.18427309393882751,1,0,0.19617684185504913
subject_05:sample_0002704,5,2704,0,1,0,1,0,1,0,0.19927482306957245,1,0,0.2247367650270462,1,0,0.19550514221191406,1,0,0.18409323692321777,1,0,0.19638904929161072
subject_05:sample_0002705,5,2705,0,1,0,1,0,1,0,0.20026303827762604,1,0,0.22378374636173248,1,0,0.19543476402759552,1,0,0.18396371603012085,1,0,0.19655373692512512
subject_05:sample_0002706,5,2706,0,1,0,1,0,1,0,0.20115748047828674,1,0,0.2229544222354889,1,0,0.195543572306633,1,0,0.1834654062986374,1,0,0.196878120303154
subject_05:sample_0002707,5,2707,0,1,0,1,0,1,0,0.20201623439788818,1,0,0.2222960740327835,1,0,0.1954765021800995,1,0,0.18313613533973694,1,0,0.1970740556716919
subject_05:sample_0002708,5,2708,0,1,0,1,0,1,0,0.20293687283992767,1,0,0.22142638266086578,1,0,0.19578193128108978,1,0,0.18270350992679596,1,0,0.1971503049135208
subject_05:sample_0002709,5,2709,0,1,0,1,0,1,0,0.20379745960235596,1,0,0.22077099978923798,1,0,0.19618354737758636,1,0,0.18212124705314636,1,0,0.19712582230567932
subject_05:sample_0002710,5,2710,0,1,0,1,0,1,0,0.20419111847877502,1,0,0.22051559388637543,1,0,0.19635719060897827,1,0,0.18169008195400238,1,0,0.1972450464963913
subject_05:sample_0002711,5,2711,0,1,0,1,0,1,0,0.20485898852348328,1,0,0.22021445631980896,1,0,0.1964973360300064,1,0,0.18110403418540955,1,0,0.19732418656349182
subject_05:sample_0002712,5,2712,0,1,0,1,0,1,0,0.20517660677433014,1,0,0.22014285624027252,1,0,0.19633814692497253,1,0,0.1808754950761795,1,0,0.1974659115076065
subject_05:sample_0002713,5,2713,0,1,0,1,0,1,0,0.20568254590034485,1,0,0.22016541659832,1,0,0.19603784382343292,1,0,0.18061654269695282,1,0,0.1974966675043106
subject_05:sample_0002714,5,2714,0,1,0,1,0,1,0,0.2060202658176422,1,0,0.21998170018196106,1,0,0.19606372714042664,1,0,0.1804186999797821,1,0,0.19751465320587158
subject_05:sample_0002715,5,2715,1,0,0,0,0,0,0,0.2235160917043686,1,1,0.15298007428646088,0,0,0.23288288712501526,0,0,0.22527897357940674,1,1,0.16534104943275452
subject_05:sample_0002716,5,2716,1,0,0,0,0,0,0,0.22521331906318665,1,1,0.14906080067157745,0,0,0.23475512862205505,0,0,0.22748348116874695,1,1,0.16348625719547272
subject_05:sample_0002717,5,2717,1,0,0,0,0,0,0,0.22510632872581482,1,1,0.1501956731081009,0,0,0.23430809378623962,0,0,0.2274985909461975,1,1,0.16289041936397552
subject_05:sample_0002718,5,2718,1,0,0,0,0,0,0,0.22503438591957092,1,1,0.15084345638751984,0,0,0.23415184020996094,0,0,0.22768990695476532,1,1,0.1622794270515442
subject_05:sample_0002719,5,2719,1,0,0,0,0,0,0,0.22489984333515167,1,1,0.1513577103614807,0,0,0.23397859930992126,0,0,0.22787344455718994,1,1,0.1618894338607788
subject_05:sample_0002720,5,2720,1,0,0,0,0,0,0,0.22543157637119293,1,1,0.14918944239616394,0,0,0.23485124111175537,0,0,0.22917748987674713,1,1,0.16134929656982422
subject_05:sample_0002721,5,2721,1,0,0,0,0,0,0,0.22506488859653473,1,1,0.149084210395813,0,0,0.2349984049797058,0,0,0.22968095541000366,1,1,0.16117054224014282
subject_05:sample_0002722,5,2722,1,0,0,0,0,0,0,0.22281880676746368,1,1,0.154269278049469,0,0,0.2327328622341156,0,0,0.22772544622421265,1,1,0.16245262324810028
subject_05:sample_0002723,5,2723,1,0,0,0,0,0,0,0.22136755287647247,1,1,0.15932747721672058,0,0,0.23139198124408722,0,0,0.2267058789730072,1,1,0.16120615601539612
subject_05:sample_0002724,5,2724,1,0,0,0,0,0,0,0.220488041639328,1,1,0.1628407984972,0,0,0.23075251281261444,0,0,0.22640539705753326,1,1,0.1595122516155243
subject_05:sample_0002725,5,2725,1,0,0,0,0,0,0,0.21875248849391937,1,1,0.1630025953054428,0,0,0.23187313973903656,0,0,0.22805972397327423,1,1,0.15831103920936584
subject_05:sample_0002726,5,2726,1,0,0,1,1,1,1,0.211798295378685,1,1,0.16388745605945587,0,0,0.2339342087507248,0,0,0.23179712891578674,1,1,0.1585819274187088
subject_05:sample_0002727,5,2727,1,1,1,1,1,1,1,0.20156319439411163,1,1,0.16648903489112854,0,0,0.23629987239837646,0,0,0.23678267002105713,1,1,0.15886427462100983
subject_05:sample_0002728,5,2728,1,1,1,1,1,1,1,0.17297253012657166,1,1,0.1696157306432724,0,0,0.2471940964460373,0,0,0.25127676129341125,1,1,0.1589399129152298
subject_05:sample_0002729,5,2729,1,1,1,1,1,1,1,0.16154369711875916,1,1,0.17080934345722198,0,0,0.25235480070114136,0,0,0.26017093658447266,1,1,0.15512031316757202
subject_05:sample_0002730,5,2730,1,1,1,1,1,1,1,0.15236796438694,1,1,0.172721266746521,1,1,0.2548108994960785,0,0,0.2696998715400696,1,1,0.15039904415607452
subject_05:sample_0002731,5,2731,1,1,1,1,1,1,1,0.1456676572561264,1,1,0.17348960041999817,1,1,0.24136106669902802,0,0,0.28802791237831116,1,1,0.15145283937454224
subject_05:sample_0002732,5,2732,1,1,1,1,1,1,1,0.14327166974544525,1,1,0.1777537763118744,1,1,0.2084653228521347,0,0,0.3105749487876892,1,1,0.15993329882621765
subject_05:sample_0002733,5,2733,1,1,1,1,1,1,1,0.14092251658439636,1,1,0.17947247624397278,1,1,0.19378501176834106,0,0,0.3210977017879486,1,1,0.16472136974334717
subject_05:sample_0002734,5,2734,1,1,1,1,1,1,1,0.1393580138683319,1,1,0.18124839663505554,1,1,0.18335379660129547,0,0,0.32746532559394836,1,1,0.16857348382472992
subject_05:sample_0002735,5,2735,1,1,1,1,1,1,1,0.1375579535961151,1,1,0.1852390021085739,1,1,0.1787506639957428,0,0,0.3283821642398834,1,1,0.17006932199001312
subject_05:sample_0002736,5,2736,1,1,1,1,1,1,1,0.13609495759010315,1,1,0.18914857506752014,1,1,0.17560982704162598,0,0,0.32851994037628174,1,1,0.1706257462501526
subject_05:sample_0002737,5,2737,1,1,1,1,1,1,1,0.13659614324569702,1,1,0.19202415645122528,1,1,0.1725207418203354,1,1,0.32583677768707275,1,1,0.17302125692367554
subject_05:sample_0002738,5,2738,1,1,1,1,1,1,1,0.14388245344161987,1,1,0.20332549512386322,1,1,0.17715801298618317,1,1,0.2924647033214569,1,1,0.18316836655139923
subject_05:sample_0002739,5,2739,1,1,1,1,1,1,1,0.15139414370059967,1,1,0.21458682417869568,1,1,0.1821427196264267,1,1,0.2591840326786041,1,1,0.19269126653671265
subject_05:sample_0002740,5,2740,1,1,1,1,1,1,1,0.15650977194309235,1,1,0.22287768125534058,1,1,0.18526311218738556,1,1,0.23617488145828247,1,1,0.19917355477809906
subject_05:sample_0002741,5,2741,1,1,1,1,1,1,1,0.16004395484924316,1,1,0.2292681783437729,1,1,0.1870722621679306,1,1,0.22001968324184418,1,1,0.20359495282173157
subject_05:sample_0002742,5,2742,1,1,1,1,1,1,1,0.16149775683879852,1,1,0.23329661786556244,1,1,0.18766893446445465,1,1,0.21156439185142517,1,1,0.20597131550312042
subject_05:sample_0002743,5,2743,1,1,1,1,1,1,1,0.1608390063047409,1,1,0.23675784468650818,1,1,0.18805140256881714,1,1,0.20707370340824127,1,1,0.2072770893573761
subject_05:sample_0002744,5,2744,1,1,1,1,1,1,1,0.16132937371730804,1,1,0.23998336493968964,1,1,0.18824706971645355,1,1,0.2015846222639084,1,1,0.20885463058948517
subject_05:sample_0002745,5,2745,1,1,1,1,1,1,1,0.1626720428466797,1,1,0.2418261021375656,1,1,0.18821333348751068,1,1,0.19751054048538208,1,1,0.20977704226970673
subject_05:sample_0002746,5,2746,1,1,1,1,1,1,1,0.16380314528942108,1,1,0.24289721250534058,1,1,0.18841932713985443,1,1,0.19465772807598114,1,1,0.21022163331508636
subject_05:sample_0002747,5,2747,1,1,1,1,1,1,1,0.16582493484020233,1,1,0.24306879937648773,1,1,0.1887935847043991,1,1,0.19205130636692047,1,1,0.21026039123535156
subject_05:sample_0002748,5,2748,1,1,1,1,1,1,1,0.16807349026203156,1,1,0.24245256185531616,1,1,0.18946951627731323,1,1,0.19019795954227448,1,1,0.20980548858642578
subject_05:sample_0002749,5,2749,1,1,1,1,1,1,1,0.17022797465324402,1,1,0.24091672897338867,1,1,0.19077768921852112,1,1,0.18934319913387299,1,1,0.2087334543466568
subject_05:sample_0002750,5,2750,1,1,1,1,1,1,1,0.17157600820064545,1,1,0.23926204442977905,1,1,0.1920114904642105,1,1,0.18940958380699158,1,1,0.2077399641275406
subject_05:sample_0002751,5,2751,1,1,1,1,1,1,1,0.17232422530651093,1,1,0.2380359023809433,1,1,0.19289641082286835,1,1,0.18971973657608032,1,1,0.20702283084392548
subject_05:sample_0002752,5,2752,1,1,1,1,1,1,1,0.17311185598373413,1,1,0.23626017570495605,1,1,0.1938667595386505,1,1,0.19041095674037933,1,1,0.20634925365447998
subject_05:sample_0002753,5,2753,1,1,1,1,1,1,1,0.1734214872121811,1,1,0.2362680584192276,1,1,0.19426576793193817,1,1,0.19061866402626038,1,1,0.20542506873607635
subject_05:sample_0002754,5,2754,1,1,1,1,1,1,1,0.17383965849876404,1,1,0.23532547056674957,1,1,0.19489021599292755,1,1,0.19107306003570557,1,1,0.20487059652805328
subject_05:sample_0002755,5,2755,1,1,1,1,1,1,1,0.17397911846637726,1,1,0.23511287569999695,1,1,0.19527259469032288,1,1,0.19133900105953217,1,1,0.2042955607175827
subject_05:sample_0002756,5,2756,1,1,1,1,1,1,1,0.17395518720149994,1,1,0.23557919263839722,1,1,0.19542403519153595,1,1,0.19135285913944244,1,1,0.20368774235248566
subject_05:sample_0002757,5,2757,1,1,1,1,1,1,1,0.17437918484210968,1,1,0.23493188619613647,1,1,0.1961016207933426,1,1,0.19164542853832245,1,1,0.20294086635112762
subject_05:sample_0002758,5,2758,1,1,1,1,1,1,1,0.17535501718521118,1,1,0.23214049637317657,1,1,0.1972961276769638,1,1,0.1924680769443512,1,1,0.20273931324481964
subject_05:sample_0002759,5,2759,1,1,1,1,1,1,1,0.17641708254814148,1,1,0.22923845052719116,1,1,0.19857630133628845,1,1,0.19315600395202637,1,1,0.20261120796203613
subject_05:sample_0002760,5,2760,1,1,1,1,1,1,1,0.17719312012195587,1,1,0.22732675075531006,1,1,0.19963617622852325,1,1,0.19358515739440918,1,1,0.20225784182548523
subject_05:sample_0002761,5,2761,1,1,1,1,1,1,1,0.17779864370822906,1,1,0.22583958506584167,1,1,0.2005307823419571,1,1,0.19401949644088745,1,1,0.20181050896644592
subject_05:sample_0002762,5,2762,1,1,1,1,1,1,1,0.17818577587604523,1,1,0.22458283603191376,1,1,0.2011519968509674,1,1,0.19446755945682526,1,1,0.20161092281341553
subject_05:sample_0002763,5,2763,1,1,1,1,1,1,1,0.1786193698644638,1,1,0.22376185655593872,1,1,0.20166544616222382,1,1,0.1946789026260376,1,1,0.20127348601818085
subject_05:sample_0002764,5,2764,1,1,1,1,1,1,1,0.17877888679504395,1,1,0.22391708195209503,1,1,0.2018461376428604,1,1,0.19464564323425293,1,1,0.20081135630607605
subject_05:sample_0002765,5,2765,1,1,1,1,1,1,1,0.1792287826538086,1,1,0.22366537153720856,1,1,0.20230135321617126,1,1,0.19460153579711914,1,1,0.20020197331905365
subject_05:sample_0002766,5,2766,1,1,1,1,1,1,1,0.17982499301433563,1,1,0.22311799228191376,1,1,0.20323926210403442,1,1,0.19446538388729095,1,1,0.19935134053230286
subject_05:sample_0002767,5,2767,1,1,1,1,1,1,1,0.1796603798866272,1,1,0.22338010370731354,1,1,0.20428650081157684,1,1,0.1942417472600937,1,1,0.19843031466007233
subject_05:sample_0002768,5,2768,1,1,1,1,1,1,1,0.17832686007022858,1,1,0.22508504986763,1,1,0.20523029565811157,1,1,0.1937190145254135,1,1,0.19763778150081635
subject_05:sample_0002769,5,2769,1,1,1,1,1,1,1,0.17727702856063843,1,1,0.22715941071510315,1,1,0.20553921163082123,1,1,0.19312946498394012,1,1,0.1968938708305359
subject_05:sample_0002770,5,2770,1,1,1,1,1,1,1,0.17523007094860077,1,1,0.23104296624660492,1,1,0.20404531061649323,1,1,0.1920851171016693,1,1,0.19759556651115417
subject_05:sample_0002771,5,2771,1,1,1,1,1,1,1,0.17279395461082458,1,1,0.23919570446014404,1,1,0.19736337661743164,1,1,0.19018368422985077,1,1,0.20046232640743256
subject_05:sample_0002772,5,2772,1,1,1,1,1,1,1,0.16153818368911743,1,1,0.2751089632511139,1,1,0.1853279173374176,1,1,0.18125128746032715,1,1,0.19677269458770752
subject_05:sample_0002773,5,2773,1,1,1,1,1,1,1,0.1324576437473297,1,1,0.39655765891075134,1,1,0.15441568195819855,1,1,0.15020045638084412,1,1,0.16636765003204346
subject_05:sample_0002774,5,2774,1,1,1,1,1,1,1,0.1264965981245041,0,0,0.4093119204044342,1,1,0.15393823385238647,1,1,0.14635512232780457,1,1,0.16389720141887665
subject_05:sample_0002775,5,2775,1,1,1,1,1,1,1,0.12355996668338776,0,0,0.3984018564224243,1,1,0.16154560446739197,1,1,0.148945614695549,1,1,0.16754594445228577
subject_05:sample_0002776,5,2776,1,1,1,1,1,1,1,0.12007846683263779,0,0,0.3767278492450714,1,1,0.17535746097564697,1,1,0.15500955283641815,1,1,0.1728256642818451
subject_05:sample_0002777,5,2777,1,1,1,1,1,1,1,0.11594419181346893,0,0,0.34821274876594543,1,1,0.19480103254318237,1,1,0.1642352193593979,1,1,0.17680583894252777
subject_05:sample_0002778,5,2778,1,1,1,1,1,1,1,0.10974380373954773,0,0,0.30780157446861267,1,1,0.2323586493730545,1,1,0.17598815262317657,1,1,0.17410685122013092
subject_05:sample_0002779,5,2779,1,0,0,1,1,1,1,0.10572672635316849,0,0,0.27351778745651245,0,0,0.2536673843860626,1,1,0.19696439802646637,1,1,0.17012277245521545
subject_05:sample_0002780,5,2780,1,0,0,1,1,1,1,0.10676289349794388,0,0,0.24776296317577362,0,0,0.24474436044692993,0,0,0.23042351007461548,1,1,0.17030537128448486
subject_05:sample_0002781,5,2781,1,0,0,0,0,1,1,0.11649269610643387,0,0,0.23348096013069153,0,0,0.23754695057868958,0,0,0.23037046194076538,1,1,0.18210795521736145
subject_05:sample_0002782,5,2782,1,0,0,0,0,1,1,0.13251066207885742,0,0,0.2209233045578003,0,0,0.227275088429451,0,0,0.22083868086338043,1,1,0.1984512209892273
subject_05:sample_0002783,5,2783,1,0,0,0,0,1,1,0.15537667274475098,0,0,0.21229028701782227,0,0,0.21819615364074707,0,0,0.21240347623825073,0,0,0.20173245668411255
subject_05:sample_0002784,5,2784,1,0,0,0,0,1,1,0.19049213826656342,0,0,0.2033126950263977,0,0,0.20676858723163605,0,0,0.202004536986351,0,0,0.1974210888147354
subject_05:sample_0002785,5,2785,1,0,0,0,0,0,0,0.19903726875782013,0,0,0.20200274884700775,0,0,0.20261430740356445,0,0,0.19879572093486786,0,0,0.1975489854812622
subject_05:sample_0002786,5,2786,1,0,0,0,0,0,0,0.19704371690750122,0,0,0.20363901555538177,0,0,0.20122036337852478,0,0,0.19881652295589447,0,0,0.19927939772605896
subject_05:sample_0002787,5,2787,1,0,0,0,0,0,0,0.19646939635276794,0,0,0.2048063427209854,0,0,0.19996263086795807,0,0,0.198823019862175,0,0,0.19993765652179718
subject_05:sample_0002788,5,2788,1,0,0,0,0,0,0,0.19698762893676758,0,0,0.20533537864685059,0,0,0.19919337332248688,0,0,0.19863756000995636,0,0,0.1998450607061386
subject_05:sample_0002789,5,2789,1,0,0,0,0,0,0,0.19725114107131958,0,0,0.2055322527885437,0,0,0.1989288032054901,0,0,0.19856944680213928,0,0,0.1997174173593521
subject_05:sample_0002790,5,2790,1,0,0,0,0,0,0,0.19741861522197723,0,0,0.20579321682453156,0,0,0.19877171516418457,0,0,0.1984826773405075,0,0,0.19953280687332153
subject_05:sample_0002791,5,2791,1,0,0,0,0,0,0,0.19759178161621094,0,0,0.20614127814769745,0,0,0.19857679307460785,0,0,0.19836409389972687,0,0,0.1993250697851181
subject_05:sample_0002792,5,2792,1,0,0,0,0,0,0,0.19774647057056427,0,0,0.20648762583732605,0,0,0.19838708639144897,0,0,0.1982513815164566,0,0,0.19912651181221008
subject_05:sample_0002793,5,2793,1,0,0,0,0,0,0,0.1980089545249939,0,0,0.20659323036670685,0,0,0.19826118648052216,0,0,0.19819681346416473,0,0,0.19893883168697357
subject_05:sample_0002794,5,2794,1,0,0,0,0,0,0,0.198247492313385,0,0,0.2066216915845871,0,0,0.19815081357955933,0,0,0.19815698266029358,0,0,0.19882208108901978
subject_05:sample_0002795,5,2795,1,0,0,0,0,0,0,0.19844570755958557,0,0,0.20672956109046936,0,0,0.1980147659778595,0,0,0.1981246918439865,0,0,0.19868434965610504
subject_05:sample_0002796,5,2796,1,0,0,0,0,0,0,0.19850963354110718,0,0,0.2070009708404541,0,0,0.19787155091762543,0,0,0.19811876118183136,0,0,0.19849810004234314
subject_05:sample_0002797,5,2797,1,0,0,0,0,0,0,0.19850914180278778,0,0,0.20731677114963531,0,0,0.19777512550354004,0,0,0.1979406327009201,0,0,0.19845731556415558
subject_05:sample_0002798,5,2798,1,0,0,0,0,0,0,0.19856974482536316,0,0,0.2074529528617859,0,0,0.19774289429187775,0,0,0.19753442704677582,0,0,0.1986989676952362
subject_05:sample_0002799,5,2799,1,0,0,0,0,0,0,0.19874490797519684,0,0,0.20739959180355072,0,0,0.19772623479366302,0,0,0.19682703912258148,0,0,0.19930122792720795
subject_05:sample_0002800,5,2800,1,0,0,0,0,0,0,0.19890299439430237,0,0,0.20736661553382874,0,0,0.19769378006458282,0,0,0.1958942711353302,0,0,0.20014135539531708
subject_05:sample_0002801,5,2801,1,0,0,0,0,0,0,0.19901008903980255,0,0,0.20735345780849457,0,0,0.19759181141853333,0,0,0.1950942873954773,0,0,0.20094944536685944
subject_05:sample_0002802,5,2802,1,0,0,0,0,0,0,0.19905924797058105,0,0,0.2072640061378479,0,0,0.19742003083229065,0,0,0.19467180967330933,0,0,0.20158395171165466
subject_05:sample_0002803,5,2803,1,0,0,0,0,0,0,0.19899225234985352,0,0,0.20727591216564178,0,0,0.1971909999847412,0,0,0.19444739818572998,0,0,0.20209239423274994
subject_05:sample_0002804,5,2804,1,0,0,0,0,0,0,0.19893763959407806,0,0,0.20726865530014038,0,0,0.19692157208919525,0,0,0.19432543218135834,0,0,0.20254571735858917
subject_05:sample_0002805,5,2805,1,0,0,0,0,0,0,0.19899733364582062,0,0,0.20717941224575043,0,0,0.19678106904029846,0,0,0.19425956904888153,0,0,0.20278160274028778
subject_05:sample_0002806,5,2806,1,0,0,0,0,0,0,0.19912627339363098,0,0,0.20710285007953644,0,0,0.19667872786521912,0,0,0.19421473145484924,0,0,0.20287646353244781
subject_05:sample_0002807,5,2807,1,0,0,0,0,0,0,0.19923710823059082,0,0,0.20699293911457062,0,0,0.196587473154068,0,0,0.19415859878063202,0,0,0.20302298665046692
subject_05:sample_0002808,5,2808,1,0,0,0,0,0,0,0.19943013787269592,0,0,0.20665930211544037,0,0,0.19659216701984406,0,0,0.19415132701396942,0,0,0.20316608250141144
subject_05:sample_0002809,5,2809,1,0,0,0,0,0,0,0.19970721006393433,0,0,0.20631280541419983,0,0,0.19662462174892426,0,0,0.19415685534477234,0,0,0.20319756865501404
subject_05:sample_0002810,5,2810,1,0,0,0,0,0,0,0.20027151703834534,0,0,0.2059362381696701,0,0,0.1966712772846222,0,0,0.1941104680299759,0,0,0.20300953090190887
subject_05:sample_0002811,5,2811,1,0,0,0,0,0,0,0.20130102336406708,0,0,0.20528344810009003,0,0,0.19672062993049622,0,0,0.19400908052921295,0,0,0.2026849389076233
subject_05:sample_0002812,5,2812,1,0,0,0,0,0,0,0.20251208543777466,0,0,0.20463880896568298,0,0,0.1967013031244278,0,0,0.19384676218032837,0,0,0.20230011641979218
subject_05:sample_0002813,5,2813,1,0,0,0,0,0,0,0.20363691449165344,0,0,0.20405638217926025,0,0,0.19673499464988708,0,0,0.1936430037021637,0,0,0.20192773640155792
subject_05:sample_0002814,5,2814,1,0,0,0,0,0,0,0.204311341047287,0,0,0.20353218913078308,0,0,0.19694985449314117,0,0,0.19352471828460693,0,0,0.2016809582710266
subject_05:sample_0002815,5,2815,1,0,0,0,0,0,0,0.20465075969696045,0,0,0.20305240154266357,0,0,0.1972643882036209,0,0,0.1934996396303177,0,0,0.20153182744979858
subject_05:sample_0002816,5,2816,1,0,0,0,0,0,0,0.20486488938331604,0,0,0.20252621173858643,0,0,0.19765309989452362,0,0,0.19348250329494476,0,0,0.2014724314212799
subject_05:sample_0002817,5,2817,1,0,0,0,0,0,0,0.20514479279518127,0,0,0.20193961262702942,0,0,0.19806717336177826,0,0,0.19345632195472717,0,0,0.20139114558696747
subject_05:sample_0002818,5,2818,1,0,0,0,0,0,0,0.20533277094364166,0,0,0.20135903358459473,0,0,0.19855919480323792,0,0,0.19342203438282013,0,0,0.20132604241371155
subject_05:sample_0002819,5,2819,1,0,0,0,0,0,0,0.20540767908096313,0,0,0.20081615447998047,0,0,0.19931060075759888,0,0,0.19330500066280365,0,0,0.2011595517396927
subject_05:sample_0002820,5,2820,1,0,0,0,0,0,0,0.2054724544286728,0,0,0.20033864676952362,0,0,0.20027349889278412,0,0,0.1930781900882721,0,0,0.20083625614643097
subject_05:sample_0002821,5,2821,1,0,0,0,0,0,0,0.2053074687719345,0,0,0.1999572366476059,0,0,0.2014719545841217,0,0,0.19284872710704803,0,0,0.2004137635231018
subject_05:sample_0002822,5,2822,1,0,0,0,0,0,0,0.20518486201763153,0,0,0.19983309507369995,0,0,0.20188115537166595,0,0,0.19286517798900604,0,0,0.20023474097251892
subject_05:sample_0002823,5,2823,1,0,0,0,0,0,0,0.205192431807518,0,0,0.19984984397888184,0,0,0.2016746550798416,0,0,0.19309717416763306,0,0,0.2001849114894867
subject_05:sample_0002824,5,2824,1,0,0,0,0,0,0,0.20514968037605286,0,0,0.1998918205499649,0,0,0.20161569118499756,0,0,0.19322340190410614,0,0,0.20011843740940094
subject_05:sample_0002825,5,2825,1,0,0,0,0,0,0,0.20513716340065002,0,0,0.20000234246253967,0,0,0.20126312971115112,0,0,0.19354602694511414,0,0,0.20005035400390625
subject_05:sample_0002826,5,2826,1,0,0,0,0,0,0,0.20587502419948578,0,0,0.20092639327049255,0,0,0.19795536994934082,0,0,0.19442223012447357,0,0,0.20082007348537445
subject_05:sample_0002827,5,2827,1,0,0,0,0,0,0,0.2061263620853424,0,0,0.20142892003059387,0,0,0.19636976718902588,0,0,0.19481432437896729,0,0,0.20125964283943176
subject_05:sample_0002828,5,2828,1,0,0,0,0,0,0,0.2063698172569275,0,0,0.20192675292491913,0,0,0.19478662312030792,0,0,0.195221409201622,0,0,0.20169444382190704
subject_05:sample_0002829,5,2829,1,0,0,0,0,0,0,0.2061983346939087,0,0,0.20184959471225739,0,0,0.19516150653362274,0,0,0.19523996114730835,0,0,0.20154963433742523
subject_05:sample_0002830,5,2830,1,0,0,0,0,0,0,0.2056356519460678,0,0,0.2011016309261322,0,0,0.1977527141571045,0,0,0.19478128850460052,0,0,0.20072774589061737
subject_05:sample_0002831,5,2831,1,0,0,0,0,0,0,0.20472754538059235,0,0,0.20011752843856812,0,0,0.2008424997329712,0,0,0.19441018998622894,0,0,0.19990131258964539
subject_05:sample_0002832,5,2832,1,0,0,0,0,0,0,0.20454752445220947,0,0,0.19989702105522156,0,0,0.2005823403596878,0,0,0.19507378339767456,0,0,0.199898362159729
subject_05:sample_0002833,5,2833,1,0,0,0,0,0,0,0.20464520156383514,0,0,0.2000439316034317,0,0,0.19909454882144928,0,0,0.19615811109542847,0,0,0.2000572383403778
subject_05:sample_0002834,5,2834,1,0,0,0,0,0,0,0.20465682446956635,0,0,0.20012760162353516,0,0,0.19757001101970673,0,0,0.19750161468982697,0,0,0.200142964720726
subject_05:sample_0002835,5,2835,1,0,0,0,0,0,0,0.2045159637928009,0,0,0.2000209391117096,0,0,0.19681015610694885,0,0,0.1986074149608612,0,0,0.20004451274871826
subject_05:sample_0002836,5,2836,1,0,0,0,0,0,0,0.2044956237077713,0,0,0.2000470608472824,0,0,0.19640398025512695,0,0,0.19901339709758759,0,0,0.20003892481327057
subject_05:sample_0002837,5,2837,1,0,0,0,0,0,0,0.20457665622234344,0,0,0.20012740790843964,0,0,0.19609327614307404,0,0,0.19904965162277222,0,0,0.20015200972557068
subject_05:sample_0002838,5,2838,1,0,0,0,0,0,0,0.20483818650245667,0,0,0.2001827359199524,0,0,0.19583071768283844,0,0,0.19877147674560547,0,0,0.20037586987018585
subject_05:sample_0002839,5,2839,1,0,0,0,0,0,0,0.20505297183990479,0,0,0.20029765367507935,0,0,0.19573871791362762,0,0,0.1983238160610199,0,0,0.20058584213256836
subject_05:sample_0002840,5,2840,1,0,0,0,0,0,0,0.20522187650203705,0,0,0.20045866072177887,0,0,0.19571664929389954,0,0,0.19784823060035706,0,0,0.2007535994052887
subject_05:sample_0002841,5,2841,1,0,0,0,0,0,0,0.20534755289554596,0,0,0.20051585137844086,0,0,0.19563661515712738,0,0,0.1975768357515335,0,0,0.2009221315383911
subject_05:sample_0002842,5,2842,1,0,0,0,0,0,0,0.20540781319141388,0,0,0.20042656362056732,0,0,0.19567659497261047,0,0,0.19740325212478638,0,0,0.20108480751514435
subject_05:sample_0002843,5,2843,1,0,0,0,0,0,0,0.2053605318069458,0,0,0.20037536323070526,0,0,0.19576090574264526,0,0,0.1973305493593216,0,0,0.20117172598838806
subject_05:sample_0002844,5,2844,1,0,0,0,0,0,0,0.20529885590076447,0,0,0.2002974897623062,0,0,0.19585342705249786,0,0,0.19732460379600525,0,0,0.20122464001178741
subject_05:sample_0002845,5,2845,1,0,0,0,0,0,0,0.20516197383403778,0,0,0.20028479397296906,0,0,0.19599568843841553,0,0,0.19733992218971252,0,0,0.20121662318706512
subject_05:sample_0002846,5,2846,1,0,0,0,0,0,0,0.2051110565662384,0,0,0.20034854114055634,0,0,0.19604016840457916,0,0,0.19730223715305328,0,0,0.2011970430612564
subject_05:sample_0002847,5,2847,1,0,0,0,0,0,0,0.2051732838153839,0,0,0.20050111413002014,0,0,0.19599539041519165,0,0,0.19718176126480103,0,0,0.20114748179912567
subject_05:sample_0002848,5,2848,1,0,0,0,0,0,0,0.2054165005683899,0,0,0.20056165754795074,0,0,0.19580230116844177,0,0,0.19708022475242615,0,0,0.20113830268383026
subject_05:sample_0002849,5,2849,1,0,0,0,0,0,0,0.20557034015655518,0,0,0.20072272419929504,0,0,0.195665642619133,0,0,0.19690310955047607,0,0,0.20113719999790192
subject_05:sample_0002850,5,2850,1,0,0,0,0,0,0,0.20593956112861633,0,0,0.20084477961063385,0,0,0.19531846046447754,0,0,0.19669674336910248,0,0,0.2011995166540146
subject_05:sample_0002851,5,2851,1,0,0,0,0,0,0,0.20627252757549286,0,0,0.2008529007434845,0,0,0.19500161707401276,0,0,0.19657331705093384,0,0,0.20129868388175964
subject_05:sample_0002852,5,2852,1,0,0,0,0,0,0,0.20659448206424713,0,0,0.2008540779352188,0,0,0.1946522742509842,0,0,0.19648665189743042,0,0,0.20141153037548065
subject_05:sample_0002853,5,2853,1,0,0,0,0,0,0,0.206867516040802,0,0,0.2009594887495041,0,0,0.19437292218208313,0,0,0.19622288644313812,0,0,0.20157627761363983
subject_05:sample_0002854,5,2854,1,0,0,0,0,0,0,0.20711266994476318,0,0,0.2009226381778717,0,0,0.19419771432876587,0,0,0.19596979022026062,0,0,0.2017962634563446
subject_05:sample_0002855,5,2855,1,0,0,0,0,0,0,0.20751507580280304,0,0,0.2011445015668869,0,0,0.19432654976844788,0,0,0.19475620985031128,0,0,0.20225673913955688
subject_05:sample_0002856,5,2856,1,0,0,0,0,0,0,0.2078612595796585,0,0,0.20131812989711761,0,0,0.19455744326114655,0,0,0.19339507818222046,0,0,0.20286712050437927
subject_05:sample_0002857,5,2857,1,0,0,0,0,0,0,0.20777377486228943,0,0,0.20106400549411774,0,0,0.19479313492774963,0,0,0.193327859044075,0,0,0.2030402272939682
subject_05:sample_0002858,5,2858,1,0,0,0,0,0,0,0.20756219327449799,0,0,0.2008492797613144,0,0,0.19525489211082458,0,0,0.19339266419410706,0,0,0.20294001698493958
subject_05:sample_0002859,5,2859,1,0,0,0,0,0,0,0.20733726024627686,0,0,0.20062381029129028,0,0,0.195161372423172,0,0,0.19407068192958832,0,0,0.20280590653419495
subject_05:sample_0002860,5,2860,1,0,0,0,0,0,0,0.20706433057785034,0,0,0.20043183863162994,0,0,0.19498609006404877,0,0,0.19475577771663666,0,0,0.20276103913784027
subject_05:sample_0002861,5,2861,1,0,0,0,0,0,0,0.20683450996875763,0,0,0.20030111074447632,0,0,0.19470460712909698,0,0,0.1952562779188156,0,0,0.20290246605873108
subject_05:sample_0002862,5,2862,1,0,0,0,0,0,0,0.20671115815639496,0,0,0.20023466646671295,0,0,0.19439618289470673,0,0,0.19545584917068481,0,0,0.20320118963718414
subject_05:sample_0002863,5,2863,1,0,0,0,0,0,0,0.2066161185503006,0,0,0.2000877857208252,0,0,0.19421754777431488,0,0,0.19584712386131287,0,0,0.20323048532009125
subject_05:sample_0002864,5,2864,1,0,0,0,0,0,0,0.20657901465892792,0,0,0.20014150440692902,0,0,0.19425912201404572,0,0,0.19573937356472015,0,0,0.2032800167798996
subject_05:sample_0002865,5,2865,1,0,0,0,0,0,0,0.2065248191356659,0,0,0.2003202736377716,0,0,0.19433043897151947,0,0,0.19549588859081268,0,0,0.20332767069339752
subject_05:sample_0002866,5,2866,1,0,0,0,0,0,0,0.20644600689411163,0,0,0.20051723718643188,0,0,0.19451062381267548,0,0,0.19517041742801666,0,0,0.20335470139980316
subject_05:sample_0002867,5,2867,1,0,0,0,0,0,0,0.2061738222837448,0,0,0.20087793469429016,0,0,0.19486533105373383,0,0,0.19479301571846008,0,0,0.2032889425754547
subject_05:sample_0002868,5,2868,1,0,0,0,0,0,0,0.20582285523414612,0,0,0.2012733519077301,0,0,0.19523131847381592,0,0,0.19450974464416504,0,0,0.2031617909669876
subject_05:sample_0002869,5,2869,1,0,0,0,0,0,0,0.20559878647327423,0,0,0.20166008174419403,0,0,0.19520610570907593,0,0,0.19437333941459656,0,0,0.20316073298454285
subject_05:sample_0002870,5,2870,1,0,0,0,0,0,0,0.20552891492843628,0,0,0.20201973617076874,0,0,0.1949160099029541,0,0,0.1943434476852417,0,0,0.20319098234176636
subject_05:sample_0002871,5,2871,1,0,0,0,0,0,0,0.20551767945289612,0,0,0.20237445831298828,0,0,0.1946064680814743,0,0,0.19430047273635864,0,0,0.20319998264312744
subject_05:sample_0002872,5,2872,1,0,0,0,0,0,0,0.2054545283317566,0,0,0.20259808003902435,0,0,0.1946149468421936,0,0,0.19416190683841705,0,0,0.203169584274292
subject_05:sample_0002873,5,2873,1,0,0,0,0,0,0,0.20544974505901337,0,0,0.2027660459280014,0,0,0.19476471841335297,0,0,0.1938219517469406,0,0,0.20319662988185883
subject_05:sample_0002874,5,2874,1,0,0,0,0,0,0,0.205536887049675,0,0,0.20289744436740875,0,0,0.1950620412826538,0,0,0.19321908056735992,0,0,0.2032836377620697
subject_05:sample_0002875,5,2875,1,0,0,0,0,0,0,0.2058083713054657,0,0,0.2031226009130478,0,0,0.19550226628780365,0,0,0.19206421077251434,0,0,0.20350153744220734
subject_05:sample_0002876,5,2876,1,0,0,0,0,0,0,0.2059730738401413,0,0,0.20331348478794098,0,0,0.1960233449935913,0,0,0.1908828318119049,0,0,0.2038063257932663
subject_05:sample_0002877,5,2877,1,0,0,0,0,0,0,0.2057715207338333,0,0,0.20309068262577057,0,0,0.19636067748069763,0,0,0.19088535010814667,0,0,0.20389080047607422
subject_05:sample_0002878,5,2878,1,0,0,0,0,0,0,0.2055821269750595,0,0,0.20283451676368713,0,0,0.19660255312919617,0,0,0.19102168083190918,0,0,0.20395821332931519
subject_05:sample_0002879,5,2879,1,0,0,0,0,0,0,0.20542873442173004,0,0,0.2025488168001175,0,0,0.19697540998458862,0,0,0.19108912348747253,0,0,0.2039569616317749
subject_05:sample_0002880,5,2880,1,0,0,0,0,0,0,0.20525601506233215,0,0,0.2024100422859192,0,0,0.1971621811389923,0,0,0.19124259054660797,0,0,0.20392824709415436
subject_05:sample_0002881,5,2881,1,0,0,0,0,0,0,0.2051025778055191,0,0,0.2023659199476242,0,0,0.19722965359687805,0,0,0.19144397974014282,0,0,0.203856959939003
subject_05:sample_0002882,5,2882,1,0,0,0,0,0,0,0.20490001142024994,0,0,0.2023841291666031,0,0,0.19735203683376312,0,0,0.1916220486164093,0,0,0.20374080538749695
subject_05:sample_0002883,5,2883,1,0,0,0,0,0,0,0.20475634932518005,0,0,0.20264528691768646,0,0,0.19712711870670319,0,0,0.19183868169784546,0,0,0.20363163948059082
subject_05:sample_0002884,5,2884,1,0,0,0,0,0,0,0.20484529435634613,0,0,0.2028457671403885,0,0,0.19644400477409363,0,0,0.19218838214874268,0,0,0.2036755383014679
subject_05:sample_0002885,5,2885,1,0,0,0,0,0,0,0.20482981204986572,0,0,0.20291027426719666,0,0,0.19612814486026764,0,0,0.1927003562450409,0,0,0.2034304440021515
subject_05:sample_0002886,5,2886,1,0,0,0,0,0,0,0.20430321991443634,0,0,0.2029476910829544,0,0,0.19707784056663513,0,0,0.19266252219676971,0,0,0.20300783216953278
subject_05:sample_0002887,5,2887,1,0,0,0,0,0,0,0.20482957363128662,0,0,0.20385020971298218,0,0,0.19950108230113983,0,0,0.18857505917549133,0,0,0.20324312150478363
subject_05:sample_0002888,5,2888,1,0,0,0,0,0,0,0.20489342510700226,0,0,0.20388942956924438,0,0,0.20013009011745453,0,0,0.18799643218517303,0,0,0.2030896246433258
subject_05:sample_0002889,5,2889,1,0,0,0,0,0,0,0.20477096736431122,0,0,0.20353750884532928,0,0,0.20036768913269043,0,0,0.18858203291893005,0,0,0.20274081826210022
subject_05:sample_0002890,5,2890,1,0,0,0,0,0,0,0.2061864137649536,0,0,0.20494553446769714,0,0,0.20167016983032227,0,0,0.18373017013072968,0,0,0.2034667283296585
subject_05:sample_0002891,5,2891,1,0,0,0,0,0,0,0.20825724303722382,0,0,0.206122487783432,0,0,0.2034844160079956,0,0,0.17716726660728455,0,0,0.20496761798858643
subject_05:sample_0002892,5,2892,1,0,0,0,0,0,0,0.20523154735565186,0,0,0.20427942276000977,0,0,0.20017409324645996,0,0,0.18824060261249542,0,0,0.20207339525222778
subject_05:sample_0002893,5,2893,1,0,0,0,0,0,0,0.2043384611606598,0,0,0.20341622829437256,0,0,0.19871363043785095,0,0,0.19244690239429474,0,0,0.20108383893966675
subject_05:sample_0002894,5,2894,1,0,0,0,0,0,0,0.2048787623643875,0,0,0.20421990752220154,0,0,0.1993599683046341,0,0,0.1901068091392517,0,0,0.20143356919288635
subject_05:sample_0002895,5,2895,1,0,0,0,0,0,0,0.20525167882442474,0,0,0.2043548971414566,0,0,0.19971320033073425,0,0,0.18906308710575104,0,0,0.20161613821983337
subject_05:sample_0002896,5,2896,1,0,0,0,0,0,0,0.20551477372646332,0,0,0.2043600231409073,0,0,0.1999448537826538,0,0,0.1884283721446991,0,0,0.2017509937286377
subject_05:sample_0002897,5,2897,1,0,0,0,0,0,0,0.20544345676898956,0,0,0.20402169227600098,0,0,0.19974562525749207,0,0,0.1893044114112854,0,0,0.2014838308095932
subject_05:sample_0002898,5,2898,1,0,0,0,0,0,0,0.20483563840389252,0,0,0.20332342386245728,0,0,0.1992785781621933,0,0,0.19154010713100433,0,0,0.20102132856845856
subject_05:sample_0002899,5,2899,1,0,0,0,0,0,0,0.20467141270637512,0,0,0.20298071205615997,0,0,0.1992933303117752,0,0,0.19198694825172424,0,0,0.20106658339500427
subject_05:sample_0002900,5,2900,1,0,0,0,0,0,0,0.2046436220407486,0,0,0.2027328908443451,0,0,0.1992541402578354,0,0,0.19227920472621918,0,0,0.20108918845653534
subject_05:sample_0002901,5,2901,1,0,0,0,0,0,0,0.20459602773189545,0,0,0.20249825716018677,0,0,0.19918334484100342,0,0,0.1925266534090042,0,0,0.20119477808475494
subject_05:sample_0002902,5,2902,1,0,0,0,0,0,0,0.20452241599559784,0,0,0.20225879549980164,0,0,0.19919481873512268,0,0,0.19266293942928314,0,0,0.20136012136936188
subject_05:sample_0002903,5,2903,1,0,0,0,0,0,0,0.20449240505695343,0,0,0.20195388793945312,0,0,0.1992269605398178,0,0,0.19268366694450378,0,0,0.20164217054843903
subject_05:sample_0002904,5,2904,1,0,0,0,0,0,0,0.20456832647323608,0,0,0.20166665315628052,0,0,0.19903379678726196,0,0,0.19273987412452698,0,0,0.20199041068553925
subject_05:sample_0002905,5,2905,1,0,0,0,0,0,0,0.20462122559547424,0,0,0.20144425332546234,0,0,0.19906701147556305,0,0,0.1926572620868683,0,0,0.20220929384231567
subject_05:sample_0002906,5,2906,1,0,0,0,0,0,0,0.2047867625951767,0,0,0.2015775442123413,0,0,0.1981634795665741,0,0,0.19283105432987213,0,0,0.20264019072055817
subject_05:sample_0002907,5,2907,1,0,0,0,0,0,0,0.20464885234832764,0,0,0.20129410922527313,0,0,0.1982439011335373,0,0,0.19283881783485413,0,0,0.2029733657836914
subject_05:sample_0002908,5,2908,1,0,0,0,0,0,0,0.20456430315971375,0,0,0.2010498195886612,0,0,0.19827800989151,0,0,0.19278550148010254,0,0,0.2033213973045349
subject_05:sample_0002909,5,2909,1,0,0,0,0,0,0,0.20454011857509613,0,0,0.20078609883785248,0,0,0.19837044179439545,0,0,0.19278886914253235,0,0,0.2035135179758072
subject_05:sample_0002910,5,2910,1,0,0,0,0,0,0,0.2045021802186966,0,0,0.20053420960903168,0,0,0.19863231480121613,0,0,0.1927642673254013,0,0,0.20356610417366028
subject_05:sample_0002911,5,2911,1,0,0,0,0,0,0,0.20450803637504578,0,0,0.20038165152072906,0,0,0.19874653220176697,0,0,0.19278256595134735,0,0,0.20358018577098846
subject_05:sample_0002912,5,2912,1,0,0,0,0,0,0,0.20450448989868164,0,0,0.2005024552345276,0,0,0.19858308136463165,0,0,0.19282330572605133,0,0,0.203585684299469
subject_05:sample_0002913,5,2913,1,0,0,0,0,0,0,0.20451320707798004,0,0,0.2006523311138153,0,0,0.19839106500148773,0,0,0.19285333156585693,0,0,0.20358909666538239
subject_05:sample_0002914,5,2914,1,0,0,0,0,0,0,0.20452167093753815,0,0,0.2006063014268875,0,0,0.19848735630512238,0,0,0.19281168282032013,0,0,0.2035721093416214
subject_05:sample_0002915,5,2915,1,0,0,0,0,0,0,0.2044554501771927,0,0,0.20066609978675842,0,0,0.1987101286649704,0,0,0.1927199512720108,0,0,0.20344744622707367
subject_05:sample_0002916,5,2916,1,0,0,0,0,0,0,0.20432338118553162,0,0,0.20076708495616913,0,0,0.19909736514091492,0,0,0.19258227944374084,0,0,0.20322898030281067
subject_05:sample_0002917,5,2917,1,0,0,0,0,0,0,0.20429696142673492,0,0,0.20069865882396698,0,0,0.1994108408689499,0,0,0.19252803921699524,0,0,0.20306453108787537
subject_05:sample_0002918,5,2918,1,0,0,0,0,0,0,0.20445087552070618,0,0,0.2006128430366516,0,0,0.19924043118953705,0,0,0.19265016913414001,0,0,0.20304468274116516
subject_05:sample_0002919,5,2919,1,0,0,0,0,0,0,0.2046438604593277,0,0,0.20069916546344757,0,0,0.19875061511993408,0,0,0.19282887876033783,0,0,0.20307645201683044
subject_05:sample_0002920,5,2920,1,0,0,0,0,0,0,0.20474521815776825,0,0,0.20099540054798126,0,0,0.19820691645145416,0,0,0.19299054145812988,0,0,0.20306098461151123
subject_05:sample_0002921,5,2921,1,0,0,0,0,0,0,0.2049694061279297,0,0,0.20114636421203613,0,0,0.19747024774551392,0,0,0.19326211512088776,0,0,0.2031508982181549
subject_05:sample_0002922,5,2922,1,0,0,0,0,0,0,0.2051508128643036,0,0,0.20079103112220764,0,0,0.19726137816905975,0,0,0.193510502576828,0,0,0.2032853364944458
subject_05:sample_0002923,5,2923,1,0,0,0,0,0,0,0.2053266018629074,0,0,0.20029132068157196,0,0,0.1972271203994751,0,0,0.19373464584350586,0,0,0.20341938734054565
subject_05:sample_0002924,5,2924,1,0,0,0,0,0,0,0.205557182431221,0,0,0.19958782196044922,0,0,0.19726498425006866,0,0,0.1939944624900818,0,0,0.20359450578689575
subject_05:sample_0002925,5,2925,1,0,0,0,0,0,0,0.20574656128883362,0,0,0.1987382471561432,0,0,0.19756151735782623,0,0,0.19420060515403748,0,0,0.20375216007232666
subject_05:sample_0002926,5,2926,1,0,0,0,0,0,0,0.20595315098762512,0,0,0.19759662449359894,0,0,0.1980990171432495,0,0,0.19441814720630646,0,0,0.2039320468902588
subject_05:sample_0002927,5,2927,1,0,0,0,0,0,0,0.2062607705593109,0,0,0.19688279926776886,0,0,0.19842474162578583,0,0,0.1944873034954071,0,0,0.2039434015750885
subject_05:sample_0002928,5,2928,1,0,0,0,0,0,0,0.2059275060892105,0,0,0.19877955317497253,0,0,0.19810153543949127,0,0,0.19391463696956635,0,0,0.20327575504779816
subject_05:sample_0002929,5,2929,1,0,0,0,0,0,0,0.2056591510772705,0,0,0.20053911209106445,0,0,0.19775596261024475,0,0,0.19341567158699036,0,0,0.20262908935546875
subject_05:sample_0002930,5,2930,1,0,0,0,0,0,0,0.20586569607257843,0,0,0.20022904872894287,0,0,0.1979563981294632,0,0,0.19358201324939728,0,0,0.20236581563949585
subject_05:sample_0002931,5,2931,1,0,0,0,0,0,0,0.20554208755493164,0,0,0.2001519501209259,0,0,0.19838249683380127,0,0,0.19388701021671295,0,0,0.20203548669815063
subject_05:sample_0002932,5,2932,1,0,0,0,0,0,0,0.2052026242017746,0,0,0.20005910098552704,0,0,0.19865256547927856,0,0,0.194204643368721,0,0,0.20188015699386597
subject_05:sample_0002933,5,2933,1,0,0,0,0,0,0,0.20499224960803986,0,0,0.20024374127388,0,0,0.19867825508117676,0,0,0.19422189891338348,0,0,0.2018629014492035
subject_05:sample_0002934,5,2934,1,0,0,0,0,0,0,0.2048712521791458,0,0,0.2006337195634842,0,0,0.19858792424201965,0,0,0.19403700530529022,0,0,0.2018691748380661
subject_05:sample_0002935,5,2935,1,0,0,0,0,0,0,0.20480968058109283,0,0,0.20100931823253632,0,0,0.19841313362121582,0,0,0.19391794502735138,0,0,0.20184893906116486
subject_05:sample_0002936,5,2936,1,0,0,0,0,0,0,0.20477712154388428,0,0,0.20146068930625916,0,0,0.19821259379386902,0,0,0.19376543164253235,0,0,0.20178323984146118
subject_05:sample_0002937,5,2937,1,0,0,0,0,0,0,0.2047702521085739,0,0,0.20205137133598328,0,0,0.1979297697544098,0,0,0.19353212416172028,0,0,0.20171551406383514
subject_05:sample_0002938,5,2938,1,0,0,0,0,0,0,0.20473530888557434,0,0,0.20251870155334473,0,0,0.19774898886680603,0,0,0.19337943196296692,0,0,0.201616570353508
subject_05:sample_0002939,5,2939,1,0,0,0,0,0,0,0.20467768609523773,0,0,0.2027435600757599,0,0,0.19767232239246368,0,0,0.19339361786842346,0,0,0.20151181519031525
subject_05:sample_0002940,5,2940,1,0,0,0,0,0,0,0.2042766809463501,0,0,0.2035737782716751,0,0,0.1973372995853424,0,0,0.19348560273647308,0,0,0.20132564008235931
subject_05:sample_0002941,5,2941,1,0,0,0,0,0,0,0.2036510407924652,0,0,0.205170139670372,0,0,0.19688068330287933,0,0,0.19346897304058075,0,0,0.20082825422286987
subject_05:sample_0002942,5,2942,1,0,0,0,0,0,0,0.20324376225471497,0,0,0.20610980689525604,0,0,0.19655756652355194,0,0,0.19365641474723816,0,0,0.20043151080608368
subject_05:sample_0002943,5,2943,1,0,0,0,0,0,0,0.20321017503738403,0,0,0.20531851053237915,0,0,0.19666434824466705,0,0,0.19429372251033783,0,0,0.20051231980323792
subject_05:sample_0002944,5,2944,1,0,0,0,0,0,0,0.20255333185195923,0,0,0.20661097764968872,0,0,0.19631730020046234,0,0,0.1943727731704712,0,0,0.2001446634531021
subject_05:sample_0002945,5,2945,1,0,0,0,0,0,0,0.20153279602527618,0,0,0.20947305858135223,0,0,0.19560596346855164,0,0,0.19399608671665192,0,0,0.19939106702804565
subject_05:sample_0002946,5,2946,1,0,0,0,0,0,0,0.20127391815185547,0,0,0.21047651767730713,0,0,0.19527192413806915,0,0,0.1938576102256775,0,0,0.19911903142929077
subject_05:sample_0002947,5,2947,1,0,0,0,0,0,0,0.20099517703056335,0,0,0.2115216702222824,0,0,0.19495239853858948,0,0,0.1937006711959839,0,0,0.19882909953594208
subject_05:sample_0002948,5,2948,1,0,0,0,0,0,0,0.20108826458454132,0,0,0.21132324635982513,0,0,0.19489021599292755,0,0,0.19382403790950775,0,0,0.19887332618236542
subject_05:sample_0002949,5,2949,1,0,0,0,0,0,0,0.2008897364139557,0,0,0.21207663416862488,0,0,0.1946704387664795,0,0,0.1936943382024765,0,0,0.19866788387298584
subject_05:sample_0002950,5,2950,2,2,1,2,1,2,1,0.16082961857318878,2,1,0.18964605033397675,0,0,0.16646155714988708,2,1,0.2437458634376526,2,1,0.2393159717321396
subject_05:sample_0002951,5,2951,2,2,1,2,1,0,0,0.15963859856128693,2,1,0.1804448366165161,0,0,0.17145752906799316,2,1,0.24729417264461517,2,1,0.24116387963294983
subject_05:sample_0002952,5,2952,2,2,1,2,1,0,0,0.16634486615657806,0,0,0.17102864384651184,0,0,0.1739274114370346,2,1,0.24821621179580688,2,1,0.240481898188591
subject_05:sample_0002953,5,2953,2,2,1,2,1,0,0,0.16686466336250305,0,0,0.17077817022800446,0,0,0.17428287863731384,2,1,0.24810300767421722,2,1,0.23997026681900024
subject_05:sample_0002954,5,2954,2,2,1,2,1,0,0,0.16753381490707397,0,0,0.17062151432037354,0,0,0.17472884058952332,2,1,0.24803225696086884,2,1,0.23908264935016632
subject_05:sample_0002955,5,2955,2,2,1,2,1,0,0,0.1642196923494339,2,1,0.17434954643249512,0,0,0.1745908558368683,2,1,0.24784202873706818,2,1,0.2389969676733017
subject_05:sample_0002956,5,2956,2,2,1,2,1,0,0,0.15844354033470154,2,1,0.18764355778694153,0,0,0.17127780616283417,2,1,0.24529002606868744,2,1,0.23734413087368011
subject_05:sample_0002957,5,2957,2,2,1,2,1,2,1,0.16203536093235016,2,1,0.2015456259250641,0,0,0.16359643638134003,2,1,0.239374041557312,2,1,0.23344756662845612
subject_05:sample_0002958,5,2958,2,2,1,2,1,2,1,0.18048208951950073,2,1,0.20720356702804565,0,0,0.1542847752571106,2,1,0.23071801662445068,2,1,0.22731059789657593
subject_05:sample_0002959,5,2959,2,2,1,2,1,2,1,0.19499190151691437,2,1,0.2065100371837616,0,0,0.14867658913135529,2,1,0.22540530562400818,2,1,0.22441518306732178
subject_05:sample_0002960,5,2960,2,2,1,2,1,2,1,0.1986650675535202,2,1,0.20696565508842468,0,0,0.14734916388988495,2,1,0.22325363755226135,2,1,0.2237655073404312
subject_05:sample_0002961,5,2961,2,2,1,2,1,2,1,0.2004309743642807,2,1,0.20733873546123505,0,0,0.1470048874616623,2,1,0.22171100974082947,2,1,0.2235134243965149
subject_05:sample_0002962,5,2962,2,2,1,2,1,2,1,0.20256131887435913,2,1,0.2076387256383896,0,0,0.14696119725704193,2,1,0.21979597210884094,2,1,0.22304180264472961
subject_05:sample_0002963,5,2963,2,2,1,2,1,2,1,0.20372876524925232,2,1,0.20776279270648956,0,0,0.14802186191082,2,1,0.21811510622501373,2,1,0.22237053513526917
subject_05:sample_0002964,5,2964,2,2,1,2,1,2,1,0.20476441085338593,2,1,0.20810553431510925,2,1,0.1496705412864685,2,1,0.2161455750465393,2,1,0.22131304442882538
subject_05:sample_0002965,5,2965,2,2,1,2,1,2,1,0.2047557383775711,2,1,0.2078399956226349,2,1,0.15385349094867706,2,1,0.21400003135204315,2,1,0.2195497453212738
subject_05:sample_0002966,5,2966,2,2,1,2,1,2,1,0.20379164814949036,2,1,0.20698927342891693,2,1,0.15951311588287354,2,1,0.21202144026756287,2,1,0.21768353879451752
subject_05:sample_0002967,5,2967,2,2,1,2,1,2,1,0.20244789123535156,2,1,0.20575720071792603,2,1,0.1658094972372055,2,1,0.2100995033979416,2,1,0.21588486433029175
subject_05:sample_0002968,5,2968,2,2,1,2,1,2,1,0.20061944425106049,2,1,0.2045874446630478,2,1,0.1728159785270691,2,1,0.20804494619369507,2,1,0.21393121778964996
subject_05:sample_0002969,5,2969,2,2,1,2,1,2,1,0.19939972460269928,2,1,0.2039264440536499,2,1,0.1774124950170517,2,1,0.2066541463136673,2,1,0.2126062661409378
subject_05:sample_0002970,5,2970,2,2,1,2,1,2,1,0.19789133965969086,2,1,0.20332291722297668,2,1,0.18170872330665588,2,1,0.20526330173015594,2,1,0.21181276440620422
subject_05:sample_0002971,5,2971,2,2,1,2,1,2,1,0.1966245323419571,2,1,0.20231473445892334,2,1,0.18603350222110748,2,1,0.2038784772157669,2,1,0.21114778518676758
subject_05:sample_0002972,5,2972,2,2,1,2,1,2,1,0.19569368660449982,2,1,0.20231963694095612,2,1,0.18826855719089508,2,1,0.2028808444738388,2,1,0.2108362764120102
subject_05:sample_0002973,5,2973,2,2,1,2,1,2,1,0.19528986513614655,2,1,0.2029951959848404,2,1,0.18844690918922424,2,1,0.20219697058200836,2,1,0.21107010543346405
subject_05:sample_0002974,5,2974,2,2,1,2,1,2,1,0.19485041499137878,2,1,0.20428134500980377,2,1,0.1885894387960434,2,1,0.20112676918506622,2,1,0.21115104854106903
subject_05:sample_0002975,5,2975,2,2,1,2,1,2,1,0.19441580772399902,2,1,0.20587009191513062,2,1,0.18909859657287598,2,1,0.19958695769309998,2,1,0.21102756261825562
subject_05:sample_0002976,5,2976,2,2,1,2,1,2,1,0.1941331923007965,2,1,0.206819087266922,2,1,0.18994659185409546,2,1,0.19806720316410065,2,1,0.21103297173976898
subject_05:sample_0002977,5,2977,2,2,1,2,1,2,1,0.19395799934864044,2,1,0.2072295844554901,2,1,0.19095303118228912,2,1,0.19628575444221497,2,1,0.21157264709472656
subject_05:sample_0002978,5,2978,2,2,1,2,1,2,1,0.19376197457313538,2,1,0.20736412703990936,2,1,0.19157111644744873,2,1,0.19472505152225494,2,1,0.21257668733596802
subject_05:sample_0002979,5,2979,2,2,1,2,1,2,1,0.19334256649017334,2,1,0.20715290307998657,2,1,0.19298210740089417,2,1,0.1933032125234604,2,1,0.2132183015346527
subject_05:sample_0002980,5,2980,2,2,1,2,1,2,1,0.19297713041305542,2,1,0.20648200809955597,2,1,0.19419211149215698,2,1,0.19217948615550995,2,1,0.21416831016540527
subject_05:sample_0002981,5,2981,2,2,1,2,1,2,1,0.19259266555309296,2,1,0.2060619741678238,2,1,0.19546139240264893,2,1,0.19148434698581696,2,1,0.21439868211746216
subject_05:sample_0002982,5,2982,2,2,1,2,1,2,1,0.19228599965572357,2,1,0.20546962320804596,2,1,0.1966678649187088,2,1,0.19119450449943542,2,1,0.21438106894493103
subject_05:sample_0002983,5,2983,2,2,1,2,1,2,1,0.19208021461963654,2,1,0.20476357638835907,2,1,0.19808439910411835,2,1,0.19101394712924957,2,1,0.21405692398548126
subject_05:sample_0002984,5,2984,2,2,1,2,1,2,1,0.1920807808637619,2,1,0.2039649933576584,2,1,0.19923976063728333,2,1,0.19138869643211365,2,1,0.21332475543022156
subject_05:sample_0002985,5,2985,2,2,1,2,1,2,1,0.19191992282867432,2,1,0.2034549117088318,2,1,0.20020297169685364,2,1,0.19210118055343628,2,1,0.21232002973556519
subject_05:sample_0002986,5,2986,2,2,1,2,1,2,1,0.19167977571487427,2,1,0.20307698845863342,2,1,0.20083865523338318,2,1,0.19277766346931458,2,1,0.21162594854831696
subject_05:sample_0002987,5,2987,2,2,1,2,1,2,1,0.19139976799488068,2,1,0.20222486555576324,2,1,0.20216675102710724,2,1,0.19380415976047516,2,1,0.21040353178977966
subject_05:sample_0002988,5,2988,2,2,1,2,1,2,1,0.19080987572669983,2,1,0.2017500102519989,2,1,0.2032165378332138,2,1,0.19518102705478668,2,1,0.20904158055782318
subject_05:sample_0002989,5,2989,2,2,1,2,1,2,1,0.19036129117012024,2,1,0.2017492949962616,2,1,0.203539177775383,2,1,0.19551019370555878,2,1,0.2088390439748764
subject_05:sample_0002990,5,2990,2,2,1,2,1,2,1,0.1899748593568802,2,1,0.20167222619056702,2,1,0.20383435487747192,2,1,0.19544996321201324,2,1,0.20906762778759003
subject_05:sample_0002991,5,2991,2,2,1,2,1,2,1,0.18964934349060059,2,1,0.20126302540302277,2,1,0.20408491790294647,2,1,0.19553832709789276,2,1,0.20946341753005981
subject_05:sample_0002992,5,2992,2,2,1,2,1,2,1,0.18935632705688477,2,1,0.2007254809141159,2,1,0.20400801301002502,2,1,0.19623404741287231,2,1,0.2096751630306244
subject_05:sample_0002993,5,2993,2,2,1,2,1,2,1,0.18914224207401276,2,1,0.20020082592964172,2,1,0.20389801263809204,2,1,0.19716142117977142,2,1,0.20959654450416565
subject_05:sample_0002994,5,2994,2,2,1,2,1,2,1,0.18890362977981567,2,1,0.20002642273902893,2,1,0.20346690714359283,2,1,0.19835317134857178,2,1,0.20924890041351318
subject_05:sample_0002995,5,2995,2,2,1,2,1,2,1,0.18901464343070984,2,1,0.1995663195848465,2,1,0.2031479775905609,2,1,0.19931674003601074,2,1,0.20895341038703918
subject_05:sample_0002996,5,2996,2,2,1,2,1,2,1,0.18952804803848267,2,1,0.199269637465477,2,1,0.20320257544517517,2,1,0.19910667836666107,2,1,0.20889219641685486
subject_05:sample_0002997,5,2997,2,2,1,2,1,2,1,0.190191388130188,2,1,0.19924308359622955,2,1,0.20320847630500793,2,1,0.19861866533756256,2,1,0.20873741805553436
subject_05:sample_0002998,5,2998,2,2,1,2,1,2,1,0.1910027414560318,2,1,0.19910471141338348,2,1,0.2030819058418274,2,1,0.19794724881649017,2,1,0.20886236429214478
subject_05:sample_0002999,5,2999,2,2,1,2,1,2,1,0.19172614812850952,2,1,0.1991942971944809,2,1,0.2027214616537094,2,1,0.19761228561401367,2,1,0.20874479413032532
subject_05:sample_0003000,5,3000,2,2,1,2,1,2,1,0.19215267896652222,2,1,0.19901078939437866,2,1,0.20222221314907074,2,1,0.19807426631450653,2,1,0.20853906869888306
subject_05:sample_0003001,5,3001,2,2,1,2,1,2,1,0.19249922037124634,2,1,0.19917075335979462,2,1,0.2014206498861313,2,1,0.1985640674829483,2,1,0.20834435522556305
subject_05:sample_0003002,5,3002,2,2,1,2,1,2,1,0.19273486733436584,2,1,0.19960065186023712,2,1,0.2003173530101776,2,1,0.19887466728687286,2,1,0.20847143232822418
subject_05:sample_0003003,5,3003,2,2,1,2,1,2,1,0.19278940558433533,2,1,0.20001468062400818,2,1,0.1996336281299591,2,1,0.19907113909721375,2,1,0.20849016308784485
subject_05:sample_0003004,5,3004,2,2,1,2,1,2,1,0.1928965449333191,2,1,0.200367733836174,2,1,0.1991112381219864,2,1,0.19911105930805206,2,1,0.20851251482963562
subject_05:sample_0003005,5,3005,2,2,1,2,1,2,1,0.1929396092891693,2,1,0.20065200328826904,2,1,0.19882705807685852,2,1,0.1990874856710434,2,1,0.20849286019802094
subject_05:sample_0003006,5,3006,2,2,1,2,1,2,1,0.19295650720596313,2,1,0.20081865787506104,2,1,0.1986902952194214,2,1,0.19899882376194,2,1,0.2085348218679428
subject_05:sample_0003007,5,3007,2,2,1,2,1,2,1,0.1929464191198349,2,1,0.20085658133029938,2,1,0.1986663043498993,2,1,0.1989828497171402,2,1,0.20854689180850983
subject_05:sample_0003008,5,3008,2,2,1,2,1,2,1,0.1931164413690567,2,1,0.20083782076835632,2,1,0.1985761970281601,2,1,0.19892814755439758,2,1,0.2085404247045517
subject_05:sample_0003009,5,3009,2,2,1,2,1,2,1,0.19343751668930054,2,1,0.20076388120651245,2,1,0.19850167632102966,2,1,0.19880639016628265,2,1,0.2084895521402359
subject_05:sample_0003010,5,3010,2,2,1,2,1,2,1,0.19386903941631317,2,1,0.20060232281684875,2,1,0.19851846992969513,2,1,0.19863714277744293,2,1,0.20837201178073883
subject_05:sample_0003011,5,3011,2,2,1,2,1,2,1,0.19440299272537231,2,1,0.20018750429153442,2,1,0.19862717390060425,2,1,0.198516383767128,2,1,0.20826506614685059
subject_05:sample_0003012,5,3012,2,2,1,2,1,2,1,0.19494663178920746,2,1,0.19993634521961212,2,1,0.1986788958311081,2,1,0.19825975596904755,2,1,0.20817744731903076
subject_05:sample_0003013,5,3013,2,2,1,2,1,2,1,0.195465549826622,2,1,0.19946181774139404,2,1,0.19882352650165558,2,1,0.19819800555706024,2,1,0.20805013179779053
subject_05:sample_0003014,5,3014,2,2,1,2,1,2,1,0.1959490329027176,2,1,0.1990198940038681,2,1,0.19899813830852509,2,1,0.1981154978275299,2,1,0.20791643857955933
subject_05:sample_0003015,5,3015,2,2,1,2,1,2,1,0.19632461667060852,2,1,0.19865815341472626,2,1,0.19910988211631775,2,1,0.19815796613693237,2,1,0.2077483981847763
subject_05:sample_0003016,5,3016,2,2,1,2,1,2,1,0.1965554803609848,2,1,0.19835661351680756,2,1,0.19908209145069122,2,1,0.19845108687877655,2,1,0.20755378901958466
subject_05:sample_0003017,5,3017,2,2,1,2,1,2,1,0.19683395326137543,2,1,0.19790640473365784,2,1,0.19910567998886108,2,1,0.19880549609661102,2,1,0.20734748244285583
subject_05:sample_0003018,5,3018,2,2,1,2,1,2,1,0.19708479940891266,2,1,0.19747193157672882,2,1,0.19911335408687592,2,1,0.19912543892860413,2,1,0.20720356702804565
subject_05:sample_0003019,5,3019,2,2,1,2,1,2,1,0.1974189430475235,2,1,0.19691772758960724,2,1,0.19916491210460663,2,1,0.19945022463798523,2,1,0.20704728364944458
subject_05:sample_0003020,5,3020,2,2,1,2,1,2,1,0.19766485691070557,2,1,0.19636501371860504,2,1,0.19917580485343933,2,1,0.19993941485881805,2,1,0.20685389637947083
subject_05:sample_0003021,5,3021,2,2,1,2,1,2,1,0.19805659353733063,2,1,0.1955629587173462,2,1,0.1993352472782135,2,1,0.20046600699424744,2,1,0.20657819509506226
subject_05:sample_0003022,5,3022,2,2,1,2,1,2,1,0.1985490620136261,2,1,0.19454528391361237,2,1,0.1996060013771057,2,1,0.200967475771904,2,1,0.2063312977552414
subject_05:sample_0003023,5,3023,2,2,1,2,1,2,1,0.1991090029478073,2,1,0.1935161054134369,2,1,0.19996246695518494,2,1,0.2012772411108017,2,1,0.20613420009613037
subject_05:sample_0003024,5,3024,2,2,1,2,1,2,1,0.19964009523391724,2,1,0.19254164397716522,2,1,0.20042559504508972,2,1,0.2014542520046234,2,1,0.2059374898672104
subject_05:sample_0003025,5,3025,2,2,1,2,1,2,1,0.19999611377716064,2,1,0.19185250997543335,2,1,0.20084229111671448,2,1,0.2015434205532074,2,1,0.20576466619968414
subject_05:sample_0003026,5,3026,2,2,1,2,1,2,1,0.2003343254327774,2,1,0.19118046760559082,2,1,0.20126807689666748,2,1,0.20159073173999786,2,1,0.20562545955181122
subject_05:sample_0003027,5,3027,2,2,1,2,1,2,1,0.20068617165088654,2,1,0.19034221768379211,2,1,0.2017638087272644,2,1,0.2016543447971344,2,1,0.20555239915847778
subject_05:sample_0003028,5,3028,2,2,1,2,1,2,1,0.20089374482631683,2,1,0.18978597223758698,2,1,0.20209014415740967,2,1,0.20181803405284882,2,1,0.2054111212491989
subject_05:sample_0003029,5,3029,2,2,1,2,1,2,1,0.2011403739452362,2,1,0.18911565840244293,2,1,0.20235294103622437,2,1,0.2021222561597824,2,1,0.20526783168315887
subject_05:sample_0003030,5,3030,2,2,1,2,1,2,1,0.201351597905159,2,1,0.18846413493156433,2,1,0.20255053043365479,2,1,0.20244397222995758,2,1,0.2051888257265091
subject_05:sample_0003031,5,3031,2,2,1,2,1,2,1,0.2014959305524826,2,1,0.18791081011295319,2,1,0.20269659161567688,2,1,0.20271645486354828,2,1,0.20517922937870026
subject_05:sample_0003032,5,3032,2,2,1,2,1,2,1,0.20164033770561218,2,1,0.18746964633464813,2,1,0.202797070145607,2,1,0.2029506117105484,2,1,0.20514138042926788
subject_05:sample_0003033,5,3033,2,2,1,2,1,2,1,0.2017977386713028,2,1,0.18703149259090424,2,1,0.20279322564601898,2,1,0.2032305896282196,2,1,0.205145925283432
subject_05:sample_0003034,5,3034,2,2,1,2,1,2,1,0.20191103219985962,2,1,0.18671409785747528,2,1,0.20280934870243073,2,1,0.20343610644340515,2,1,0.2051285356283188
subject_05:sample_0003035,5,3035,2,2,1,2,1,2,1,0.20198258757591248,2,1,0.18650591373443604,2,1,0.2027970403432846,2,1,0.2035815417766571,2,1,0.20513196289539337
subject_05:sample_0003036,5,3036,2,2,1,2,1,2,1,0.20203876495361328,2,1,0.18633140623569489,2,1,0.20274797081947327,2,1,0.20368681848049164,2,1,0.2051941454410553
subject_05:sample_0003037,5,3037,2,2,1,2,1,2,1,0.20204855501651764,2,1,0.18626968562602997,2,1,0.20268796384334564,2,1,0.20380613207817078,2,1,0.2051866203546524
subject_05:sample_0003038,5,3038,2,2,1,2,1,2,1,0.2020915299654007,2,1,0.18602848052978516,2,1,0.20258282124996185,2,1,0.20400461554527283,2,1,0.20529159903526306
subject_05:sample_0003039,5,3039,2,2,1,2,1,2,1,0.2021455317735672,2,1,0.1857333481311798,2,1,0.20251935720443726,2,1,0.20418386161327362,2,1,0.20541687309741974
subject_05:sample_0003040,5,3040,2,2,1,2,1,2,1,0.2022554725408554,2,1,0.18548491597175598,2,1,0.20238016545772552,2,1,0.20429418981075287,2,1,0.20558437705039978
subject_05:sample_0003041,5,3041,2,2,1,2,1,2,1,0.20233699679374695,2,1,0.1853550672531128,2,1,0.20226439833641052,2,1,0.20433394610881805,2,1,0.2057085782289505
subject_05:sample_0003042,5,3042,2,2,1,2,1,2,1,0.2024448961019516,2,1,0.18528631329536438,2,1,0.2020103931427002,2,1,0.20435670018196106,2,1,0.20590077340602875
subject_05:sample_0003043,5,3043,2,2,1,2,1,2,1,0.20243893563747406,2,1,0.18561893701553345,2,1,0.20168298482894897,2,1,0.20429638028144836,2,1,0.20596182346343994
subject_05:sample_0003044,5,3044,2,2,1,2,1,2,1,0.202394500374794,2,1,0.18587739765644073,2,1,0.2014021873474121,2,1,0.20424875617027283,2,1,0.20607627928256989
subject_05:sample_0003045,5,3045,2,2,1,2,1,2,1,0.20238012075424194,2,1,0.1858363002538681,2,1,0.20122718811035156,2,1,0.20425225794315338,2,1,0.206303209066391
subject_05:sample_0003046,5,3046,2,2,1,2,1,2,1,0.2024073451757431,2,1,0.18559087812900543,2,1,0.20112507045269012,2,1,0.2042163461446762,2,1,0.20665942132472992
subject_05:sample_0003047,5,3047,2,2,1,2,1,2,1,0.202497199177742,2,1,0.1851014643907547,2,1,0.20112834870815277,2,1,0.20416465401649475,2,1,0.20710739493370056
subject_05:sample_0003048,5,3048,2,2,1,2,1,2,1,0.20255763828754425,2,1,0.1845199167728424,2,1,0.2011699080467224,2,1,0.20410972833633423,2,1,0.20764191448688507
subject_05:sample_0003049,5,3049,2,2,1,2,1,2,1,0.20278500020503998,2,1,0.18383659422397614,2,1,0.2014632225036621,2,1,0.20418405532836914,2,1,0.20773015916347504
subject_05:sample_0003050,5,3050,2,2,1,2,1,2,1,0.2032143622636795,2,1,0.18368728458881378,2,1,0.20188289880752563,2,1,0.2045125812292099,2,1,0.20670190453529358
subject_05:sample_0003051,5,3051,2,2,1,2,1,2,1,0.20362387597560883,2,1,0.18359166383743286,2,1,0.20225228369235992,2,1,0.20478875935077667,2,1,0.20574252307415009
subject_05:sample_0003052,5,3052,2,2,1,2,1,2,1,0.20388095080852509,2,1,0.18345680832862854,2,1,0.20241017639636993,2,1,0.20490041375160217,2,1,0.20535066723823547
subject_05:sample_0003053,5,3053,2,2,1,2,1,2,1,0.204035222530365,2,1,0.1834532916545868,2,1,0.2023913860321045,2,1,0.20491823554039001,2,1,0.2052009552717209
subject_05:sample_0003054,5,3054,2,2,1,2,1,2,1,0.20413126051425934,2,1,0.18367044627666473,2,1,0.2022603303194046,2,1,0.2049008458852768,2,1,0.20503611862659454
subject_05:sample_0003055,5,3055,2,2,1,2,1,2,1,0.20434334874153137,2,1,0.18389631807804108,2,1,0.20186591148376465,2,1,0.20493561029434204,2,1,0.20495787262916565
subject_05:sample_0003056,5,3056,2,2,1,2,1,2,1,0.20464669167995453,2,1,0.1843997836112976,2,1,0.20084704458713531,2,1,0.20500235259532928,2,1,0.20510321855545044
subject_05:sample_0003057,5,3057,2,2,1,2,1,2,1,0.2047787308692932,2,1,0.18494980037212372,2,1,0.20014944672584534,2,1,0.20493225753307343,2,1,0.2051888257265091
subject_05:sample_0003058,5,3058,2,2,1,2,1,2,1,0.20497632026672363,2,1,0.1851208359003067,2,1,0.19987118244171143,2,1,0.20482106506824493,2,1,0.2052096277475357
subject_05:sample_0003059,5,3059,2,2,1,2,1,2,1,0.20517277717590332,2,1,0.18531474471092224,2,1,0.19972258806228638,2,1,0.20460766553878784,2,1,0.2051813155412674
subject_05:sample_0003060,5,3060,2,2,1,2,1,2,1,0.2053467184305191,2,1,0.18550893664360046,2,1,0.19955426454544067,2,1,0.20432206988334656,2,1,0.20526696741580963
subject_05:sample_0003061,5,3061,2,2,1,2,1,2,1,0.20541632175445557,2,1,0.18569979071617126,2,1,0.19931043684482574,2,1,0.2039373815059662,2,1,0.2056351602077484
subject_05:sample_0003062,5,3062,2,2,1,2,1,2,1,0.20519402623176575,2,1,0.1861851066350937,2,1,0.19890423119068146,2,1,0.20358756184577942,2,1,0.2061280906200409
subject_05:sample_0003063,5,3063,2,2,1,2,1,2,1,0.20477557182312012,2,1,0.18706226348876953,2,1,0.19843870401382446,2,1,0.20331402122974396,2,1,0.2064085453748703
subject_05:sample_0003064,5,3064,2,2,1,2,1,2,1,0.20431484282016754,2,1,0.18807554244995117,2,1,0.1979866474866867,2,1,0.20312660932540894,2,1,0.20649538934230804
subject_05:sample_0003065,5,3065,2,2,1,2,1,2,1,0.2041172832250595,2,1,0.18881160020828247,2,1,0.19765117764472961,2,1,0.20301781594753265,2,1,0.20640115439891815
subject_05:sample_0003066,5,3066,2,2,1,2,1,2,1,0.20402580499649048,2,1,0.18967093527317047,2,1,0.19736282527446747,2,1,0.20301476120948792,2,1,0.20592479407787323
subject_05:sample_0003067,5,3067,2,2,1,2,1,2,1,0.20408834517002106,2,1,0.19018834829330444,2,1,0.19717741012573242,2,1,0.2030419111251831,2,1,0.20550304651260376
subject_05:sample_0003068,5,3068,2,2,1,2,1,2,1,0.20405499637126923,2,1,0.1906634122133255,2,1,0.1969345510005951,2,1,0.20303483307361603,2,1,0.20531125366687775
subject_05:sample_0003069,5,3069,2,2,1,2,1,2,1,0.2040107250213623,2,1,0.1910974532365799,2,1,0.19664612412452698,2,1,0.20303422212600708,2,1,0.20521050691604614
subject_05:sample_0003070,5,3070,2,2,1,2,1,2,1,0.20402869582176208,2,1,0.19151636958122253,2,1,0.1963246464729309,2,1,0.2030784785747528,2,1,0.20505091547966003
subject_05:sample_0003071,5,3071,2,2,1,2,1,2,1,0.20402731001377106,2,1,0.19185714423656464,2,1,0.19596928358078003,2,1,0.20309820771217346,2,1,0.20504702627658844
subject_05:sample_0003072,5,3072,2,2,1,2,1,2,1,0.20164360105991364,2,1,0.1907430738210678,2,1,0.1879495233297348,2,1,0.2122613936662674,2,1,0.20740152895450592
subject_05:sample_0003073,5,3073,2,2,1,2,1,2,1,0.20103490352630615,2,1,0.19201475381851196,2,1,0.18776454031467438,2,1,0.21168765425682068,2,1,0.20749719440937042
subject_05:sample_0003074,5,3074,2,2,1,2,1,2,1,0.2010125070810318,2,1,0.19340510666370392,2,1,0.18804776668548584,2,1,0.21007683873176575,2,1,0.20745688676834106
subject_05:sample_0003075,5,3075,2,2,1,2,1,2,1,0.20080140233039856,2,1,0.1944296658039093,2,1,0.1880732774734497,2,1,0.20969673991203308,2,1,0.20699788630008698
subject_05:sample_0003076,5,3076,2,2,1,2,1,2,1,0.2011456936597824,2,1,0.19451628625392914,2,1,0.18821850419044495,2,1,0.20934388041496277,2,1,0.2067747414112091
subject_05:sample_0003077,5,3077,2,2,1,2,1,2,1,0.2028471976518631,2,1,0.19377461075782776,2,1,0.18793950974941254,2,1,0.20906877517700195,2,1,0.20636893808841705
subject_05:sample_0003078,5,3078,2,2,1,2,1,2,1,0.20435070991516113,2,1,0.19418677687644958,2,1,0.18799564242362976,2,1,0.20703816413879395,2,1,0.2064277082681656
subject_05:sample_0003079,5,3079,2,2,1,2,1,2,1,0.20413459837436676,2,1,0.1960253119468689,2,1,0.18790243566036224,2,1,0.20585547387599945,2,1,0.2060813009738922
subject_05:sample_0003080,5,3080,2,2,1,2,1,2,1,0.20268937945365906,2,1,0.19782325625419617,2,1,0.188496395945549,2,1,0.20450693368911743,2,1,0.20648306608200073
subject_05:sample_0003081,5,3081,2,2,1,2,1,2,1,0.20190609991550446,2,1,0.19827435910701752,2,1,0.18915194272994995,2,1,0.20392805337905884,2,1,0.20673854649066925
subject_05:sample_0003082,5,3082,2,2,1,2,1,2,1,0.20166124403476715,2,1,0.19860097765922546,2,1,0.1900882124900818,2,1,0.20227481424808502,2,1,0.2073737531900406
subject_05:sample_0003083,5,3083,2,2,1,2,1,2,1,0.2016591876745224,2,1,0.19818243384361267,2,1,0.1910405457019806,2,1,0.2016197144985199,2,1,0.207497239112854
subject_05:sample_0003084,5,3084,2,2,1,2,1,2,1,0.20169304311275482,2,1,0.1972111016511917,2,1,0.19251418113708496,2,1,0.20124849677085876,2,1,0.20733223855495453
subject_05:sample_0003085,5,3085,2,2,1,2,1,2,1,0.20214273035526276,2,1,0.19700554013252258,2,1,0.19248847663402557,2,1,0.20092390477657318,2,1,0.20743831992149353
subject_05:sample_0003086,5,3086,2,2,1,2,1,2,1,0.20248036086559296,2,1,0.19663412868976593,2,1,0.19248399138450623,2,1,0.20096813142299652,2,1,0.20743241906166077
subject_05:sample_0003087,5,3087,2,2,1,2,1,2,1,0.20267966389656067,2,1,0.19578523933887482,2,1,0.19309896230697632,2,1,0.20120006799697876,2,1,0.20723509788513184
subject_05:sample_0003088,5,3088,2,2,1,2,1,2,1,0.20280712842941284,2,1,0.19521664083003998,2,1,0.19369648396968842,2,1,0.20116646587848663,2,1,0.20711234211921692
subject_05:sample_0003089,5,3089,2,2,1,2,1,2,1,0.20291322469711304,2,1,0.19515448808670044,2,1,0.19402499496936798,2,1,0.20066572725772858,2,1,0.20724064111709595
subject_05:sample_0003090,5,3090,2,2,1,2,1,2,1,0.2029877007007599,2,1,0.1949874609708786,2,1,0.19464252889156342,2,1,0.19992800056934357,2,1,0.20745337009429932
subject_05:sample_0003091,5,3091,2,2,1,2,1,2,1,0.2031610608100891,2,1,0.19425082206726074,2,1,0.19492101669311523,2,1,0.20039762556552887,2,1,0.20726856589317322
subject_05:sample_0003092,5,3092,2,2,1,2,1,2,1,0.2035328894853592,2,1,0.1937588006258011,2,1,0.19523361325263977,2,1,0.20020531117916107,2,1,0.20726840198040009
subject_05:sample_0003093,5,3093,2,2,1,2,1,2,1,0.20363719761371613,2,1,0.19345799088478088,2,1,0.19570277631282806,2,1,0.20001934468746185,2,1,0.20718175172805786
subject_05:sample_0003094,5,3094,2,2,1,2,1,2,1,0.2035168558359146,2,1,0.19260592758655548,2,1,0.19678795337677002,2,1,0.2004520148038864,2,1,0.20663633942604065
subject_05:sample_0003095,5,3095,2,2,1,2,1,2,1,0.20345555245876312,2,1,0.19215083122253418,2,1,0.1974593549966812,2,1,0.20063260197639465,2,1,0.20630064606666565
subject_05:sample_0003096,5,3096,2,2,1,2,1,2,1,0.2030281275510788,2,1,0.19196085631847382,2,1,0.1980823129415512,2,1,0.20172655582427979,2,1,0.2052011489868164
subject_05:sample_0003097,5,3097,2,2,1,2,1,2,1,0.20267416536808014,2,1,0.19163428246974945,2,1,0.198524609208107,2,1,0.20365527272224426,2,1,0.20351073145866394
subject_05:sample_0003098,5,3098,2,2,1,2,1,2,1,0.20289865136146545,2,1,0.19088789820671082,2,1,0.19927939772605896,2,1,0.20423799753189087,2,1,0.2026950716972351
subject_05:sample_0003099,5,3099,2,2,1,2,1,2,1,0.20325231552124023,2,1,0.19035804271697998,2,1,0.1998809576034546,2,1,0.20429553091526031,2,1,0.20221221446990967
subject_05:sample_0003100,5,3100,2,2,1,2,1,2,1,0.20327305793762207,2,1,0.19045083224773407,2,1,0.20021076500415802,2,1,0.2042449563741684,2,1,0.20181943476200104
subject_05:sample_0003101,5,3101,2,2,1,2,1,2,1,0.20302845537662506,2,1,0.19057418406009674,2,1,0.20025260746479034,2,1,0.20448395609855652,2,1,0.20165981352329254
subject_05:sample_0003102,5,3102,2,2,1,2,1,2,1,0.2025773823261261,2,1,0.1900477111339569,2,1,0.20067939162254333,2,1,0.20471595227718353,2,1,0.2019786685705185
subject_05:sample_0003103,5,3103,2,2,1,2,1,2,1,0.20213517546653748,2,1,0.18937095999717712,2,1,0.20115116238594055,2,1,0.20480529963970184,2,1,0.2025364339351654
subject_05:sample_0003104,5,3104,2,2,1,2,1,2,1,0.20258024334907532,2,1,0.18800324201583862,2,1,0.20154833793640137,2,1,0.20468193292617798,2,1,0.2031852751970291
subject_05:sample_0003105,5,3105,2,2,1,2,1,2,1,0.20291996002197266,2,1,0.1871233731508255,2,1,0.20164725184440613,2,1,0.20460949838161469,2,1,0.20369891822338104
subject_05:sample_0003106,5,3106,2,2,1,2,1,2,1,0.2032107710838318,2,1,0.18600459396839142,2,1,0.20173144340515137,2,1,0.20481397211551666,2,1,0.20423823595046997
subject_05:sample_0003107,5,3107,2,2,1,2,1,2,1,0.20271460711956024,2,1,0.18658648431301117,2,1,0.20152030885219574,2,1,0.20496892929077148,2,1,0.20420868694782257
subject_05:sample_0003108,5,3108,2,2,1,2,1,2,1,0.2027173489332199,2,1,0.18631429970264435,2,1,0.20170733332633972,2,1,0.20498131215572357,2,1,0.20427873730659485
subject_05:sample_0003109,5,3109,2,2,1,2,1,2,1,0.2026873230934143,2,1,0.18609340488910675,2,1,0.20193596184253693,2,1,0.20481756329536438,2,1,0.20446479320526123
subject_05:sample_0003110,5,3110,2,2,1,2,1,2,1,0.2029162496328354,2,1,0.1855057030916214,2,1,0.202212393283844,2,1,0.20466601848602295,2,1,0.20469863712787628
subject_05:sample_0003111,5,3111,2,2,1,2,1,2,1,0.20346599817276,2,1,0.18425287306308746,2,1,0.2026648074388504,2,1,0.20452432334423065,2,1,0.20509110391139984
subject_05:sample_0003112,5,3112,2,2,1,2,1,2,1,0.20372849702835083,2,1,0.18381980061531067,2,1,0.20272967219352722,2,1,0.2044423222541809,2,1,0.20527873933315277
subject_05:sample_0003113,5,3113,2,2,1,2,1,2,1,0.2032318413257599,2,1,0.18480749428272247,2,1,0.2022619992494583,2,1,0.20437459647655487,2,1,0.20532311499118805
subject_05:sample_0003114,5,3114,2,2,1,2,1,2,1,0.2031865417957306,2,1,0.1849498748779297,2,1,0.2021188735961914,2,1,0.2043599635362625,2,1,0.205383762717247
subject_05:sample_0003115,5,3115,2,2,1,2,1,2,1,0.2024916559457779,2,1,0.18669168651103973,2,1,0.20143117010593414,2,1,0.20428358018398285,2,1,0.2051008939743042
subject_05:sample_0003116,5,3116,2,2,1,2,1,2,1,0.2019396871328354,2,1,0.1877686083316803,2,1,0.20096342265605927,2,1,0.20425766706466675,2,1,0.2050696462392807
subject_05:sample_0003117,5,3117,2,2,1,2,1,2,1,0.20149178802967072,2,1,0.188161239027977,2,1,0.20082741975784302,2,1,0.20457503199577332,2,1,0.20494356751441956
subject_05:sample_0003118,5,3118,2,2,1,2,1,2,1,0.2010442465543747,2,1,0.18847116827964783,2,1,0.20068731904029846,2,1,0.2050170749425888,2,1,0.20477913320064545
subject_05:sample_0003119,5,3119,2,2,1,2,1,2,1,0.2007136046886444,2,1,0.1889488250017166,2,1,0.20070098340511322,2,1,0.20513728260993958,2,1,0.20449839532375336
subject_05:sample_0003120,5,3120,2,2,1,2,1,2,1,0.20077872276306152,2,1,0.18936938047409058,2,1,0.20055004954338074,2,1,0.2051527351140976,2,1,0.20414818823337555
subject_05:sample_0003121,5,3121,2,2,1,2,1,2,1,0.2013302743434906,2,1,0.18971650302410126,2,1,0.20010295510292053,2,1,0.20505724847316742,2,1,0.20379208028316498
subject_05:sample_0003122,5,3122,2,2,1,2,1,2,1,0.20199619233608246,2,1,0.1899823397397995,2,1,0.19975699484348297,2,1,0.2047506868839264,2,1,0.20351289212703705
subject_05:sample_0003123,5,3123,2,2,1,2,1,2,1,0.20260463654994965,2,1,0.19043581187725067,2,1,0.1994786113500595,2,1,0.20441971719264984,2,1,0.20306028425693512
subject_05:sample_0003124,5,3124,2,2,1,2,1,2,1,0.20290125906467438,2,1,0.19181351363658905,2,1,0.1989039033651352,2,1,0.20395179092884064,2,1,0.20242857933044434
subject_05:sample_0003125,5,3125,2,2,1,2,1,2,1,0.20284783840179443,2,1,0.1942678689956665,2,1,0.19790127873420715,2,1,0.20329178869724274,2,1,0.20169027149677277
subject_05:sample_0003126,5,3126,2,2,1,2,1,2,1,0.20288294553756714,2,1,0.19558151066303253,2,1,0.19719575345516205,2,1,0.2031847983598709,2,1,0.20115403831005096
subject_05:sample_0003127,5,3127,2,2,1,2,1,2,1,0.20307767391204834,2,1,0.19579331576824188,2,1,0.19707077741622925,2,1,0.2029258906841278,2,1,0.2011314481496811
subject_05:sample_0003128,5,3128,2,2,1,2,1,2,1,0.20359677076339722,2,1,0.19503585994243622,2,1,0.19711434841156006,2,1,0.20289480686187744,2,1,0.20135723054409027
subject_05:sample_0003129,5,3129,2,2,1,2,1,2,1,0.20395609736442566,2,1,0.1944926232099533,2,1,0.19728177785873413,2,1,0.2028460055589676,2,1,0.2014225572347641
subject_05:sample_0003130,5,3130,2,2,1,2,1,2,1,0.20413155853748322,2,1,0.19472676515579224,2,1,0.19695450365543365,2,1,0.20284317433834076,2,1,0.20134304463863373
subject_05:sample_0003131,5,3131,2,2,1,2,1,2,1,0.2041471153497696,2,1,0.19505856931209564,2,1,0.1967088133096695,2,1,0.20286023616790771,2,1,0.20122431218624115
subject_05:sample_0003132,5,3132,2,2,1,2,1,2,1,0.204136922955513,2,1,0.19513197243213654,2,1,0.1966060847043991,2,1,0.20299261808395386,2,1,0.20113146305084229
subject_05:sample_0003133,5,3133,2,2,1,2,1,2,1,0.20395596325397491,2,1,0.19560715556144714,2,1,0.19632604718208313,2,1,0.2031679004430771,2,1,0.2009420543909073
subject_05:sample_0003134,5,3134,2,2,1,2,1,2,1,0.2039361596107483,2,1,0.19581374526023865,2,1,0.1961670219898224,2,1,0.2031114250421524,2,1,0.20097069442272186
subject_05:sample_0003135,5,3135,2,2,1,2,1,2,1,0.20422904193401337,2,1,0.19567516446113586,2,1,0.19597390294075012,2,1,0.20244985818862915,2,1,0.2016710340976715
subject_05:sample_0003136,5,3136,2,2,1,2,1,2,1,0.20448824763298035,2,1,0.1956971436738968,2,1,0.19564341008663177,2,1,0.20153555274009705,2,1,0.20263467729091644
subject_05:sample_0003137,5,3137,2,2,1,2,1,2,1,0.2045200616121292,2,1,0.19629952311515808,2,1,0.19557754695415497,2,1,0.2006431668996811,2,1,0.2029588520526886
subject_05:sample_0003138,5,3138,2,2,1,2,1,2,1,0.20457278192043304,2,1,0.19639378786087036,2,1,0.1960551142692566,2,1,0.1998390108346939,2,1,0.2031383216381073
subject_05:sample_0003139,5,3139,2,2,1,2,1,2,1,0.204477459192276,2,1,0.19643424451351166,2,1,0.19692079722881317,2,1,0.19910691678524017,2,1,0.2030595988035202
subject_05:sample_0003140,5,3140,2,2,1,2,1,2,1,0.20422928035259247,2,1,0.19626174867153168,2,1,0.1981905698776245,2,1,0.19846828281879425,2,1,0.2028491497039795
subject_05:sample_0003141,5,3141,2,2,1,2,1,2,1,0.20390810072422028,2,1,0.19639548659324646,2,1,0.1989038735628128,2,1,0.19806571304798126,2,1,0.2027258574962616
subject_05:sample_0003142,5,3142,2,2,1,2,1,2,1,0.2036297470331192,2,1,0.19648556411266327,2,1,0.19941090047359467,2,1,0.19783520698547363,2,1,0.20263762772083282
subject_05:sample_0003143,5,3143,2,2,1,2,1,2,1,0.2032247930765152,2,1,0.19693468511104584,2,1,0.19963181018829346,2,1,0.19759447872638702,2,1,0.20261327922344208
subject_05:sample_0003144,5,3144,2,2,1,2,1,2,1,0.2025599330663681,2,1,0.19747412204742432,2,1,0.19997522234916687,2,1,0.19757069647312164,2,1,0.2024189978837967
subject_05:sample_0003145,5,3145,2,2,1,2,1,2,1,0.20213206112384796,2,1,0.1982659101486206,2,1,0.2004515379667282,2,1,0.1977592259645462,2,1,0.2013903260231018
subject_05:sample_0003146,5,3146,2,2,1,2,1,2,1,0.20164582133293152,2,1,0.1992344707250595,2,1,0.2009396106004715,2,1,0.19795165956020355,2,1,0.20022742450237274
subject_05:sample_0003147,5,3147,2,2,1,2,1,2,1,0.20093956589698792,2,1,0.1998807042837143,2,1,0.20109258592128754,2,1,0.1977815330028534,2,1,0.20030471682548523
subject_05:sample_0003148,5,3148,2,2,1,2,1,2,1,0.2003069370985031,2,1,0.19972503185272217,2,1,0.2014167457818985,2,1,0.1975204199552536,2,1,0.201029971241951
subject_05:sample_0003149,5,3149,2,2,1,2,1,2,1,0.19951961934566498,2,1,0.19978515803813934,2,1,0.20136141777038574,2,1,0.19710658490657806,2,1,0.2022261917591095
subject_05:sample_0003150,5,3150,2,2,1,2,1,2,1,0.1988726109266281,2,1,0.19985367357730865,2,1,0.20103049278259277,2,1,0.19686010479927063,2,1,0.2033821940422058
subject_05:sample_0003151,5,3151,2,2,1,2,1,2,1,0.1984127014875412,2,1,0.2003268599510193,2,1,0.19995638728141785,2,1,0.19675461947917938,2,1,0.2045484483242035
subject_05:sample_0003152,5,3152,2,2,1,2,1,2,1,0.19861893355846405,2,1,0.20118695497512817,2,1,0.19762589037418365,2,1,0.19717033207416534,2,1,0.20539690554141998
subject_05:sample_0003153,5,3153,2,2,1,2,1,2,1,0.19846367835998535,2,1,0.2016640603542328,2,1,0.19693154096603394,2,1,0.19740034639835358,2,1,0.20553939044475555
subject_05:sample_0003154,5,3154,2,2,1,2,1,2,1,0.19811762869358063,2,1,0.20180435478687286,2,1,0.1971454620361328,2,1,0.19725275039672852,2,1,0.20567888021469116
subject_05:sample_0003155,5,3155,2,2,1,2,1,2,1,0.19781394302845,2,1,0.20166797935962677,2,1,0.19765031337738037,2,1,0.197199285030365,2,1,0.20566752552986145
subject_05:sample_0003156,5,3156,2,2,1,2,1,2,1,0.19784967601299286,2,1,0.2015356719493866,2,1,0.19806380569934845,2,1,0.19718827307224274,2,1,0.20536154508590698
subject_05:sample_0003157,5,3157,2,2,1,2,1,2,1,0.1979433298110962,2,1,0.20165683329105377,2,1,0.1981557458639145,2,1,0.19717682898044586,2,1,0.20506630837917328
subject_05:sample_0003158,5,3158,2,2,1,2,1,2,1,0.1981557160615921,2,1,0.20203237235546112,2,1,0.19805605709552765,2,1,0.19714663922786713,2,1,0.2046082317829132
subject_05:sample_0003159,5,3159,2,2,1,2,1,2,1,0.19836071133613586,2,1,0.20235835015773773,2,1,0.1978413164615631,2,1,0.19688434898853302,2,1,0.2045542597770691
subject_05:sample_0003160,5,3160,2,2,1,2,1,2,1,0.19874955713748932,2,1,0.20269036293029785,2,1,0.19757190346717834,2,1,0.19663727283477783,2,1,0.20434994995594025
subject_05:sample_0003161,5,3161,2,2,1,2,1,2,1,0.19920587539672852,2,1,0.20443031191825867,2,1,0.19679509103298187,2,1,0.19614894688129425,2,1,0.2034188061952591
subject_05:sample_0003162,5,3162,2,2,1,2,1,2,1,0.20049448311328888,2,1,0.20350861549377441,2,1,0.19703494012355804,2,1,0.19610202312469482,2,1,0.20285899937152863
subject_05:sample_0003163,5,3163,2,2,1,2,1,2,1,0.20105776190757751,2,1,0.203746497631073,2,1,0.1969519406557083,2,1,0.19578582048416138,2,1,0.202456995844841
subject_05:sample_0003164,5,3164,2,2,1,2,1,2,1,0.20106324553489685,2,1,0.20433928072452545,2,1,0.19706708192825317,2,1,0.19544528424739838,2,1,0.20208413898944855
subject_05:sample_0003165,5,3165,2,2,1,2,1,2,1,0.2013479322195053,2,1,0.20305757224559784,2,1,0.19787725806236267,2,1,0.19568736851215363,2,1,0.20202893018722534
subject_05:sample_0003166,5,3166,2,2,1,2,1,2,1,0.2031782865524292,2,1,0.19909335672855377,2,1,0.19883817434310913,2,1,0.19642260670661926,2,1,0.20246657729148865
subject_05:sample_0003167,5,3167,2,2,1,2,1,2,1,0.2063712179660797,2,1,0.18872113525867462,2,1,0.20091094076633453,2,1,0.19950520992279053,2,1,0.2044905126094818
subject_05:sample_0003168,5,3168,2,2,1,2,1,2,1,0.20363512635231018,2,1,0.2002360075712204,2,1,0.19792094826698303,2,1,0.19780801236629486,2,1,0.20039893686771393
subject_05:sample_0003169,5,3169,2,2,1,2,1,2,1,0.20346209406852722,2,1,0.2000550478696823,2,1,0.1967361867427826,2,1,0.19938361644744873,2,1,0.20036207139492035
subject_05:sample_0003170,5,3170,2,2,1,2,1,2,1,0.2029152363538742,2,1,0.19535373151302338,2,1,0.19752012193202972,2,1,0.20194339752197266,2,1,0.20226658880710602
subject_05:sample_0003171,5,3171,2,2,1,2,1,2,1,0.20026060938835144,2,1,0.18962569534778595,2,1,0.20009809732437134,2,1,0.20468711853027344,2,1,0.20532745122909546
subject_05:sample_0003172,5,3172,2,2,1,2,1,2,1,0.19773878157138824,2,1,0.1821005642414093,2,1,0.20317253470420837,2,1,0.20785459876060486,2,1,0.20913253724575043
subject_05:sample_0003173,5,3173,2,2,1,2,1,1,0,0.18448199331760406,1,0,0.16849961876869202,2,1,0.21159958839416504,2,1,0.21725735068321228,2,1,0.21816055476665497
subject_05:sample_0003174,5,3174,2,2,1,2,1,1,0,0.1644095778465271,1,0,0.1654963195323944,2,1,0.21904945373535156,2,1,0.22657443583011627,2,1,0.22446928918361664
subject_05:sample_0003175,5,3175,2,2,1,2,1,1,0,0.14385077357292175,1,0,0.1686684638261795,2,1,0.22489479184150696,2,1,0.23795433342456818,2,1,0.22463072836399078
subject_05:sample_0003176,5,3176,2,1,0,2,1,1,0,0.13676650822162628,1,0,0.17762015759944916,1,0,0.22663021087646484,2,1,0.2507981061935425,1,0,0.20818409323692322
subject_05:sample_0003177,5,3177,2,1,0,2,1,1,0,0.13519568741321564,1,0,0.18739178776741028,1,0,0.22477470338344574,2,1,0.2639949917793274,1,0,0.18864184617996216
subject_05:sample_0003178,5,3178,2,1,0,1,0,1,0,0.13519680500030518,1,0,0.19170059263706207,1,0,0.22013312578201294,1,0,0.2689240574836731,1,0,0.18404445052146912
subject_05:sample_0003179,5,3179,2,1,0,1,0,1,0,0.13747532665729523,1,0,0.19431905448436737,1,0,0.21504808962345123,1,0,0.26927125453948975,1,0,0.18388532102108002
subject_05:sample_0003180,5,3180,2,1,0,1,0,1,0,0.14009475708007812,1,0,0.19694560766220093,1,0,0.21261844038963318,1,0,0.2647864520549774,1,0,0.18555377423763275
subject_05:sample_0003181,5,3181,2,1,0,1,0,1,0,0.142363041639328,1,0,0.19804218411445618,1,0,0.212593674659729,1,0,0.2603921890258789,1,0,0.1866079568862915
subject_05:sample_0003182,5,3182,2,1,0,1,0,1,0,0.14601139724254608,1,0,0.19891124963760376,1,0,0.21321888267993927,1,0,0.25359225273132324,1,0,0.1882653385400772
subject_05:sample_0003183,5,3183,2,1,0,1,0,1,0,0.14853937923908234,1,0,0.19992609322071075,1,0,0.21400107443332672,1,0,0.24726663529872894,1,0,0.19026578962802887
subject_05:sample_0003184,5,3184,2,1,0,1,0,1,0,0.1506667137145996,1,0,0.20099037885665894,1,0,0.21484850347042084,1,0,0.24131092429161072,1,0,0.19218245148658752
subject_05:sample_0003185,5,3185,2,1,0,1,0,1,0,0.15138326585292816,1,0,0.20025278627872467,1,0,0.21489688754081726,1,0,0.24140429496765137,1,0,0.19206181168556213
subject_05:sample_0003186,5,3186,2,1,0,1,0,1,0,0.15162083506584167,1,0,0.20052570104599,1,0,0.2142498642206192,1,0,0.24195486307144165,1,0,0.1916477233171463
subject_05:sample_0003187,5,3187,2,1,0,1,0,1,0,0.15194928646087646,1,0,0.2002132385969162,1,0,0.21407529711723328,1,0,0.24222570657730103,1,0,0.19153551757335663
subject_05:sample_0003188,5,3188,0,0,1,0,1,0,1,0.20052872598171234,0,1,0.20418648421764374,0,1,0.19904159009456635,0,1,0.1927706003189087,0,1,0.2034715861082077
subject_05:sample_0003189,5,3189,0,0,1,0,1,0,1,0.20039090514183044,0,1,0.20421305298805237,0,1,0.19887100160121918,0,1,0.19316796958446503,0,1,0.20335614681243896
subject_05:sample_0003190,5,3190,0,0,1,0,1,0,1,0.2004188746213913,0,1,0.20417243242263794,0,1,0.19889354705810547,0,1,0.19306756556034088,0,1,0.203446626663208
subject_05:sample_0003191,5,3191,0,0,1,0,1,0,1,0.2006998509168625,0,1,0.2045881450176239,0,1,0.1989481896162033,0,1,0.192281112074852,0,1,0.2034817636013031
subject_05:sample_0003192,5,3192,0,0,1,0,1,0,1,0.20070704817771912,0,1,0.20478345453739166,0,1,0.19880016148090363,0,1,0.1923687756061554,0,1,0.203339621424675
subject_05:sample_0003193,5,3193,0,0,1,0,1,0,1,0.2005268633365631,0,1,0.20494535565376282,0,1,0.19851848483085632,0,1,0.19302918016910553,0,1,0.20297914743423462
subject_05:sample_0003194,5,3194,0,0,1,0,1,0,1,0.20037701725959778,0,1,0.20497171580791473,0,1,0.1982632577419281,0,1,0.19383133947849274,0,1,0.20255574584007263
subject_05:sample_0003195,5,3195,0,0,1,0,1,0,1,0.20037458837032318,0,1,0.20500516891479492,0,1,0.19828949868679047,0,1,0.19389502704143524,0,1,0.202434703707695
subject_05:sample_0003196,5,3196,0,0,1,0,1,0,1,0.20036625862121582,0,1,0.20499852299690247,0,1,0.1984674632549286,0,1,0.1936255395412445,0,1,0.20254121720790863
subject_05:sample_0003197,5,3197,0,0,1,0,1,0,1,0.20033223927021027,0,1,0.2049710750579834,0,1,0.19863371551036835,0,1,0.19333426654338837,0,1,0.20272773504257202
subject_05:sample_0003198,5,3198,0,0,1,0,1,0,1,0.20028947293758392,0,1,0.20494002103805542,0,1,0.19881775975227356,0,1,0.19300922751426697,0,1,0.20294255018234253
subject_05:sample_0003199,5,3199,0,0,1,0,1,0,1,0.20010504126548767,0,1,0.2049657255411148,0,1,0.19897571206092834,0,1,0.19298028945922852,0,1,0.20297227799892426
subject_05:sample_0003200,5,3200,0,0,1,0,1,0,1,0.19981156289577484,0,1,0.20507487654685974,0,1,0.1990511417388916,0,1,0.19309580326080322,0,1,0.2029656320810318
subject_05:sample_0003201,5,3201,0,0,1,0,1,0,1,0.1995025873184204,0,1,0.2051018476486206,0,1,0.199244886636734,0,1,0.19338388741016388,0,1,0.2027658224105835
subject_05:sample_0003202,5,3202,0,0,1,0,1,0,1,0.1992233842611313,0,1,0.2052258849143982,0,1,0.19917072355747223,0,1,0.19382503628730774,0,1,0.20255401730537415
subject_05:sample_0003203,5,3203,0,0,1,0,1,0,1,0.19900625944137573,0,1,0.20544371008872986,0,1,0.1990690529346466,0,1,0.1941765695810318,0,1,0.2023034244775772
subject_05:sample_0003204,5,3204,0,0,1,0,1,0,1,0.19890490174293518,0,1,0.20561520755290985,0,1,0.1988762468099594,0,1,0.1945318877696991,0,1,0.20207084715366364
subject_05:sample_0003205,5,3205,0,0,1,0,1,0,1,0.1989770233631134,0,1,0.20566105842590332,0,1,0.1986038237810135,0,1,0.19493074715137482,0,1,0.20182642340660095
subject_05:sample_0003206,5,3206,0,0,1,0,1,0,1,0.19928967952728271,0,1,0.2057453691959381,0,1,0.19820500910282135,0,1,0.19499056041240692,0,1,0.20176835358142853
subject_05:sample_0003207,5,3207,0,0,1,0,1,0,1,0.1996016800403595,0,1,0.20581798255443573,0,1,0.19807857275009155,0,1,0.19478952884674072,0,1,0.2017112821340561
subject_05:sample_0003208,5,3208,0,0,1,0,1,0,1,0.2000090330839157,0,1,0.2058490812778473,0,1,0.19785496592521667,0,1,0.19453416764736176,0,1,0.20175179839134216
subject_05:sample_0003209,5,3209,0,0,1,0,1,0,1,0.20030364394187927,0,1,0.20582322776317596,0,1,0.19779813289642334,0,1,0.194285050034523,0,1,0.2017890363931656
subject_05:sample_0003210,5,3210,0,0,1,0,1,0,1,0.20055916905403137,0,1,0.20566798746585846,0,1,0.19797706604003906,0,1,0.19405055046081543,0,1,0.20174431800842285
subject_05:sample_0003211,5,3211,0,0,1,0,1,0,1,0.2008034735918045,0,1,0.20534473657608032,0,1,0.19804175198078156,0,1,0.19415400922298431,0,1,0.20165498554706573
subject_05:sample_0003212,5,3212,0,0,1,0,1,0,1,0.20095887780189514,0,1,0.20462700724601746,0,1,0.1981526017189026,0,1,0.19477511942386627,0,1,0.20148544013500214
subject_05:sample_0003213,5,3213,0,0,1,0,1,0,1,0.20112885534763336,0,1,0.2038792371749878,0,1,0.1980014145374298,0,1,0.19553104043006897,0,1,0.20145854353904724
subject_05:sample_0003214,5,3214,0,0,1,0,1,0,1,0.20122675597667694,0,1,0.20325124263763428,0,1,0.1978866308927536,0,1,0.19605980813503265,0,1,0.2015746384859085
subject_05:sample_0003215,5,3215,0,0,1,0,1,0,1,0.20133720338344574,0,1,0.202762633562088,0,1,0.19766810536384583,0,1,0.19641944766044617,0,1,0.20181161165237427
subject_05:sample_0003216,5,3216,0,0,1,0,1,0,1,0.20134539902210236,0,1,0.2025369554758072,0,1,0.1975383162498474,0,1,0.19651900231838226,0,1,0.20205934345722198
subject_05:sample_0003217,5,3217,0,0,1,0,1,0,1,0.2014075368642807,0,1,0.20255617797374725,0,1,0.1972947120666504,0,1,0.19645710289478302,0,1,0.20228347182273865
subject_05:sample_0003218,5,3218,0,0,1,0,1,0,1,0.20142480731010437,0,1,0.20269259810447693,0,1,0.19692665338516235,0,1,0.19646118581295013,0,1,0.2024937868118286
subject_05:sample_0003219,5,3219,0,0,1,0,1,0,1,0.20128242671489716,0,1,0.20289190113544464,0,1,0.19653263688087463,0,1,0.19673769176006317,0,1,0.20255441963672638
subject_05:sample_0003220,5,3220,0,0,1,0,1,0,1,0.20089198648929596,0,1,0.20306505262851715,0,1,0.19606369733810425,0,1,0.19725686311721802,0,1,0.20272141695022583
subject_05:sample_0003221,5,3221,0,0,1,0,1,0,1,0.20039664208889008,0,1,0.20283308625221252,0,1,0.19585232436656952,0,1,0.19787150621414185,0,1,0.20304539799690247
subject_05:sample_0003222,5,3222,0,0,1,0,1,0,1,0.19991108775138855,0,1,0.20222316682338715,0,1,0.1961488276720047,0,1,0.1985943764448166,0,1,0.2031215876340866
subject_05:sample_0003223,5,3223,0,0,1,0,1,0,1,0.1996459662914276,0,1,0.20041346549987793,0,1,0.19692721962928772,0,1,0.19968374073505402,0,1,0.2033286839723587
subject_05:sample_0003224,5,3224,0,0,1,0,1,0,1,0.20064662396907806,0,1,0.19877804815769196,0,1,0.1980922520160675,0,1,0.2001066505908966,0,1,0.20237547159194946
subject_05:sample_0003225,5,3225,0,0,1,0,1,0,1,0.20125357806682587,0,1,0.198740616440773,0,1,0.19951292872428894,0,1,0.2001844048500061,0,1,0.20030748844146729
subject_05:sample_0003226,5,3226,0,0,1,0,1,0,1,0.20057924091815948,0,1,0.20068836212158203,0,1,0.2013309746980667,0,1,0.2010137438774109,0,1,0.19638670980930328
subject_05:sample_0003227,5,3227,0,0,1,0,1,0,1,0.2019435614347458,0,1,0.20447027683258057,0,1,0.20444355905056,0,1,0.2033785581588745,0,1,0.18576306104660034
subject_05:sample_0003228,5,3228,0,0,1,0,1,0,1,0.2058156281709671,0,1,0.20600959658622742,0,1,0.20570479333400726,0,1,0.20435406267642975,1,0,0.17811502516269684
subject_05:sample_0003229,5,3229,0,0,1,0,1,0,1,0.20661692321300507,0,1,0.20681506395339966,0,1,0.2066039741039276,0,1,0.20493781566619873,1,0,0.17502528429031372
subject_05:sample_0003230,5,3230,0,0,1,0,1,0,1,0.20623831450939178,0,1,0.2064051777124405,0,1,0.20656423270702362,0,1,0.2048177868127823,1,0,0.17597351968288422
subject_05:sample_0003231,5,3231,0,0,1,0,1,0,1,0.20618842542171478,0,1,0.20622791349887848,0,1,0.2062012106180191,0,1,0.20503972470760345,1,0,0.17634183168411255
subject_05:sample_0003232,5,3232,0,0,1,0,1,0,1,0.20687612891197205,0,1,0.207140251994133,0,1,0.2056053727865219,0,1,0.205892413854599,1,0,0.17448493838310242
subject_05:sample_0003233,5,3233,0,0,1,0,1,0,1,0.2082752138376236,0,1,0.2090386599302292,0,1,0.20463940501213074,0,1,0.20738565921783447,1,0,0.1706601083278656
subject_05:sample_0003234,5,3234,0,0,1,0,1,0,1,0.21060073375701904,0,1,0.21201296150684357,0,1,0.2039899379014969,0,1,0.21013252437114716,1,0,0.16326288878917694
subject_05:sample_0003235,5,3235,0,0,1,0,1,0,1,0.21092429757118225,0,1,0.21440178155899048,0,1,0.20354461669921875,0,1,0.21258987486362457,1,0,0.15853850543498993
subject_05:sample_0003236,5,3236,0,0,1,0,1,0,1,0.21016918122768402,0,1,0.2147974669933319,0,1,0.202973410487175,0,1,0.21344172954559326,1,0,0.15861722826957703
subject_05:sample_0003237,5,3237,0,0,1,0,1,0,1,0.21028107404708862,0,1,0.2132764458656311,0,1,0.20132672786712646,0,1,0.21243342757225037,1,0,0.16268137097358704
subject_05:sample_0003238,5,3238,0,0,1,0,1,0,1,0.2115943282842636,0,1,0.21307887136936188,0,1,0.19999247789382935,0,1,0.21230028569698334,1,0,0.16303308308124542
subject_05:sample_0003239,5,3239,0,0,1,0,1,0,1,0.21101316809654236,0,1,0.2115047723054886,0,1,0.19895301759243011,0,1,0.21078965067863464,1,0,0.16773852705955505
subject_05:sample_0003240,5,3240,0,0,1,0,1,0,1,0.21108268201351166,0,1,0.2110755890607834,0,1,0.19853511452674866,0,1,0.21008537709712982,1,0,0.16922031342983246
subject_05:sample_0003241,5,3241,0,0,1,0,1,0,1,0.21038077771663666,0,1,0.20989827811717987,0,1,0.1987912952899933,0,1,0.20882460474967957,1,0,0.17210407555103302
subject_05:sample_0003242,5,3242,0,0,1,0,1,0,1,0.20933084189891815,0,1,0.20845606923103333,0,1,0.19922415912151337,0,1,0.20733323693275452,1,0,0.17565476894378662
subject_05:sample_0003243,5,3243,0,0,1,0,1,0,1,0.20783640444278717,0,1,0.20676171779632568,0,1,0.1993764042854309,0,1,0.20543178915977478,1,0,0.1805926412343979
subject_05:sample_0003244,5,3244,0,0,1,0,1,0,1,0.20634698867797852,0,1,0.20510326325893402,0,1,0.19956152141094208,0,1,0.20341214537620544,0,1,0.18557515740394592
subject_05:sample_0003245,5,3245,0,0,1,0,1,0,1,0.20457527041435242,0,1,0.20318883657455444,0,1,0.19978280365467072,0,1,0.20109857618808746,0,1,0.19135352969169617
subject_05:sample_0003246,5,3246,0,0,1,0,1,0,1,0.20296743512153625,0,1,0.20170971751213074,0,1,0.1996365189552307,0,1,0.19932051002979279,0,1,0.19636490941047668
subject_05:sample_0003247,5,3247,0,0,1,0,1,0,1,0.20177584886550903,0,1,0.2004859894514084,0,1,0.19937488436698914,0,1,0.19798186421394348,0,1,0.20038045942783356
subject_05:sample_0003248,5,3248,0,0,1,0,1,0,1,0.20125821232795715,0,1,0.19991075992584229,0,1,0.19864949584007263,0,1,0.1975695788860321,0,1,0.2026110142469406
subject_05:sample_0003249,5,3249,0,0,1,0,1,0,1,0.20095035433769226,0,1,0.19953787326812744,0,1,0.19795048236846924,0,1,0.19741596281528473,0,1,0.20414438843727112
subject_05:sample_0003250,5,3250,0,0,1,0,1,0,1,0.20035980641841888,0,1,0.19944801926612854,0,1,0.1980489194393158,0,1,0.1972969025373459,0,1,0.2048453986644745
subject_05:sample_0003251,5,3251,0,0,1,0,1,0,1,0.20006567239761353,0,1,0.1992347687482834,0,1,0.1992480456829071,0,1,0.1969984769821167,0,1,0.20445208251476288
subject_05:sample_0003252,5,3252,0,0,1,0,1,0,1,0.19991062581539154,0,1,0.19941973686218262,0,1,0.20035259425640106,0,1,0.19715003669261932,0,1,0.20316603779792786
subject_05:sample_0003253,5,3253,0,0,1,0,1,0,1,0.19981159269809723,0,1,0.19927820563316345,0,1,0.20079250633716583,0,1,0.19719693064689636,0,1,0.20291981101036072
subject_05:sample_0003254,5,3254,0,0,1,0,1,0,1,0.1995590776205063,0,1,0.19942843914031982,0,1,0.201121985912323,0,1,0.19749358296394348,0,1,0.202395960688591
subject_05:sample_0003255,5,3255,0,0,1,0,1,0,1,0.199361190199852,0,1,0.19951409101486206,0,1,0.2015046626329422,0,1,0.19781209528446198,0,1,0.20180700719356537
subject_05:sample_0003256,5,3256,0,0,1,0,1,0,1,0.1990186870098114,0,1,0.19963401556015015,0,1,0.20144644379615784,0,1,0.1978577822446823,0,1,0.20204216241836548
subject_05:sample_0003257,5,3257,0,0,1,0,1,0,1,0.1988057941198349,0,1,0.1996901035308838,0,1,0.20072484016418457,0,1,0.19758561253547668,0,1,0.20319265127182007
subject_05:sample_0003258,5,3258,0,0,1,0,1,0,1,0.1988658905029297,0,1,0.19973579049110413,0,1,0.19951577484607697,0,1,0.19746431708335876,0,1,0.20441725850105286
subject_05:sample_0003259,5,3259,0,0,1,0,1,0,1,0.19900712370872498,0,1,0.19988656044006348,0,1,0.19832493364810944,0,1,0.19731299579143524,0,1,0.20546738803386688
subject_05:sample_0003260,5,3260,0,0,1,0,1,0,1,0.1991465836763382,0,1,0.20005570352077484,0,1,0.19761314988136292,0,1,0.19726932048797607,0,1,0.20591433346271515
subject_05:sample_0003261,5,3261,0,0,1,0,1,0,1,0.19922928512096405,0,1,0.20022450387477875,0,1,0.19701465964317322,0,1,0.1972045749425888,0,1,0.20632606744766235
subject_05:sample_0003262,5,3262,0,0,1,0,1,0,1,0.19943979382514954,0,1,0.2001314014196396,0,1,0.19669558107852936,0,1,0.19708119332790375,0,1,0.20665104687213898
subject_05:sample_0003263,5,3263,0,0,1,0,1,0,1,0.19941166043281555,0,1,0.200149804353714,0,1,0.1968005895614624,0,1,0.1970309168100357,0,1,0.20660611987113953
subject_05:sample_0003264,5,3264,0,0,1,0,1,0,1,0.19920319318771362,0,1,0.20020762085914612,0,1,0.19696873426437378,0,1,0.1970052421092987,0,1,0.2066141813993454
subject_05:sample_0003265,5,3265,0,0,1,0,1,0,1,0.19896571338176727,0,1,0.20036226511001587,0,1,0.19699619710445404,0,1,0.19711823761463165,0,1,0.20655658841133118
subject_05:sample_0003266,5,3266,0,0,1,0,1,0,1,0.19880597293376923,0,1,0.20062768459320068,0,1,0.19689494371414185,0,1,0.1975083351135254,0,1,0.20616206526756287
subject_05:sample_0003267,5,3267,0,0,1,0,1,0,1,0.19874916970729828,0,1,0.2004227191209793,0,1,0.1970721036195755,0,1,0.1979055553674698,0,1,0.2058495134115219
subject_05:sample_0003268,5,3268,0,0,1,0,1,0,1,0.19860126078128815,0,1,0.2000865936279297,0,1,0.19752588868141174,0,1,0.19819706678390503,0,1,0.2055882066488266
subject_05:sample_0003269,5,3269,0,0,1,0,1,0,1,0.19840244948863983,0,1,0.20035164058208466,0,1,0.19783630967140198,0,1,0.19824564456939697,0,1,0.20516297221183777
subject_05:sample_0003270,5,3270,0,0,1,0,1,0,1,0.19819989800453186,0,1,0.2013683021068573,0,1,0.1980549544095993,0,1,0.19813105463981628,0,1,0.20424474775791168
subject_05:sample_0003271,5,3271,0,0,1,0,1,0,1,0.19793809950351715,0,1,0.20310644805431366,0,1,0.1980276107788086,0,1,0.1977103352546692,0,1,0.2032165229320526
subject_05:sample_0003272,5,3272,0,0,1,0,1,0,1,0.19779476523399353,0,1,0.20442740619182587,0,1,0.19808313250541687,0,1,0.19728580117225647,0,1,0.20240789651870728
subject_05:sample_0003273,5,3273,0,0,1,0,1,0,1,0.1977444291114807,0,1,0.20564322173595428,0,1,0.19819200038909912,0,1,0.19681276381015778,0,1,0.2016066610813141
subject_05:sample_0003274,5,3274,0,0,1,0,1,0,1,0.19771796464920044,0,1,0.20630596578121185,0,1,0.19826439023017883,0,1,0.1965821534395218,0,1,0.20112860202789307
subject_05:sample_0003275,5,3275,0,0,1,0,1,0,1,0.19783452153205872,0,1,0.20671585202217102,0,1,0.19862081110477448,0,1,0.19632846117019653,0,1,0.20049943029880524
subject_05:sample_0003276,5,3276,0,0,1,0,1,0,1,0.1980493664741516,0,1,0.2067948579788208,0,1,0.199072927236557,0,1,0.19605430960655212,0,1,0.20002757012844086
subject_05:sample_0003277,5,3277,0,0,1,0,1,0,1,0.19824744760990143,0,1,0.20679065585136414,0,1,0.19934812188148499,0,1,0.19579102098941803,0,1,0.1998218148946762
subject_05:sample_0003278,5,3278,0,0,1,0,1,0,1,0.19844244420528412,0,1,0.20669473707675934,0,1,0.1995086371898651,0,1,0.19562971591949463,0,1,0.1997235119342804
subject_05:sample_0003279,5,3279,0,0,1,0,1,0,1,0.19855743646621704,0,1,0.2065136730670929,0,1,0.19957365095615387,0,1,0.19567756354808807,0,1,0.19967666268348694
subject_05:sample_0003280,5,3280,0,0,1,0,1,0,1,0.1987212598323822,0,1,0.2062903344631195,0,1,0.19973331689834595,0,1,0.19546836614608765,0,1,0.19978569447994232
subject_05:sample_0003281,5,3281,0,0,1,0,1,0,1,0.1988757997751236,0,1,0.20597824454307556,0,1,0.1999671310186386,0,1,0.19521564245224,0,1,0.19996219873428345
subject_05:sample_0003282,5,3282,0,0,1,0,1,0,1,0.1989395022392273,0,1,0.20565426349639893,0,1,0.2001010924577713,0,1,0.1952238231897354,0,1,0.20008033514022827
subject_05:sample_0003283,5,3283,0,0,1,0,1,0,1,0.1989901065826416,0,1,0.2053452730178833,0,1,0.200260728597641,0,1,0.19525501132011414,0,1,0.20014794170856476
subject_05:sample_0003284,5,3284,0,0,1,0,1,0,1,0.1989874392747879,0,1,0.20502690970897675,0,1,0.20036712288856506,0,1,0.19532893598079681,0,1,0.20028862357139587
subject_05:sample_0003285,5,3285,0,0,1,0,1,0,1,0.19894303381443024,0,1,0.20473113656044006,0,1,0.20049558579921722,0,1,0.1953873485326767,0,1,0.20044204592704773
subject_05:sample_0003286,5,3286,0,0,1,0,1,0,1,0.19890767335891724,0,1,0.20438696444034576,0,1,0.20055267214775085,0,1,0.1955643892288208,0,1,0.20058736205101013
subject_05:sample_0003287,5,3287,0,0,1,0,1,0,1,0.19882869720458984,0,1,0.20409436523914337,0,1,0.20062759518623352,0,1,0.19576415419578552,0,1,0.20068424940109253
subject_05:sample_0003288,5,3288,0,0,1,0,1,0,1,0.19879145920276642,0,1,0.20376965403556824,0,1,0.20088206231594086,0,1,0.19589115679264069,0,1,0.2006646692752838
subject_05:sample_0003289,5,3289,0,0,1,0,1,0,1,0.1987680345773697,0,1,0.20351658761501312,0,1,0.2011258453130722,0,1,0.1959507167339325,0,1,0.20063796639442444
subject_05:sample_0003290,5,3290,0,0,1,0,1,0,1,0.19870398938655853,0,1,0.20310498774051666,0,1,0.20140311121940613,0,1,0.19630782306194305,0,1,0.20047906041145325
subject_05:sample_0003291,5,3291,0,0,1,0,1,0,1,0.1986226588487625,0,1,0.20259155333042145,0,1,0.20172041654586792,0,1,0.19678765535354614,0,1,0.200276717543602
subject_05:sample_0003292,5,3292,0,0,1,0,1,0,1,0.1985929310321808,0,1,0.20230312645435333,0,1,0.20216988027095795,0,1,0.19691333174705505,0,1,0.20001986622810364
subject_05:sample_0003293,5,3293,0,0,1,0,1,0,1,0.19857220351696014,0,1,0.20192937552928925,0,1,0.20261794328689575,0,1,0.19716563820838928,0,1,0.19971391558647156
subject_05:sample_0003294,5,3294,0,0,1,0,1,0,1,0.1986154019832611,0,1,0.2016676515340805,0,1,0.20293989777565002,0,1,0.19729715585708618,0,1,0.19947893917560577
subject_05:sample_0003295,5,3295,0,0,1,0,1,0,1,0.19865058362483978,0,1,0.2014024704694748,0,1,0.20346485078334808,0,1,0.19738416373729706,0,1,0.19909699261188507
subject_05:sample_0003296,5,3296,0,0,1,0,1,0,1,0.1987307369709015,0,1,0.2011694312095642,0,1,0.2038140892982483,0,1,0.19726349413394928,0,1,0.1990213245153427
subject_05:sample_0003297,5,3297,0,0,1,0,1,0,1,0.1987185925245285,0,1,0.20100192725658417,0,1,0.20416532456874847,0,1,0.19705797731876373,0,1,0.19905519485473633
subject_05:sample_0003298,5,3298,0,0,1,0,1,0,1,0.19879765808582306,0,1,0.2008397877216339,0,1,0.2042228728532791,0,1,0.19666628539562225,0,1,0.19947239756584167
subject_05:sample_0003299,5,3299,0,0,1,0,1,0,1,0.19888857007026672,0,1,0.20065882802009583,0,1,0.20424439013004303,0,1,0.1964922547340393,0,1,0.1997150480747223
subject_05:sample_0003300,5,3300,0,0,1,0,1,0,1,0.19927936792373657,0,1,0.20042331516742706,0,1,0.204352468252182,0,1,0.1963074803352356,0,1,0.1996363401412964
subject_05:sample_0003301,5,3301,0,0,1,0,1,0,1,0.19965754449367523,0,1,0.2003682553768158,0,1,0.20471829175949097,0,1,0.19592244923114777,0,1,0.19933247566223145
subject_05:sample_0003302,5,3302,0,0,1,0,1,0,1,0.19973114132881165,0,1,0.20063449442386627,0,1,0.20425190031528473,0,1,0.19484809041023254,0,1,0.2005334049463272
subject_05:sample_0003303,5,3303,0,0,1,0,1,0,1,0.19979020953178406,0,1,0.20078732073307037,0,1,0.20371372997760773,0,1,0.1944945603609085,0,1,0.20121321082115173
subject_05:sample_0003304,5,3304,0,0,1,0,1,0,1,0.20014047622680664,0,1,0.20096057653427124,0,1,0.2042238861322403,0,1,0.194448322057724,0,1,0.200225830078125
subject_05:sample_0003305,5,3305,0,0,1,0,1,0,1,0.20013068616390228,0,1,0.20075106620788574,0,1,0.20509904623031616,0,1,0.19519615173339844,0,1,0.19882206618785858
subject_05:sample_0003306,5,3306,0,0,1,0,1,0,1,0.19920633733272552,0,1,0.19959759712219238,0,1,0.20630952715873718,0,1,0.19620265066623688,0,1,0.19868293404579163
subject_05:sample_0003307,5,3307,0,0,1,0,1,0,1,0.19888979196548462,0,1,0.19889827072620392,0,1,0.2074534147977829,0,1,0.19689038395881653,0,1,0.19786719977855682
subject_05:sample_0003308,5,3308,0,0,1,0,1,0,1,0.19809459149837494,0,1,0.19782350957393646,0,1,0.2084895521402359,0,1,0.19792455434799194,0,1,0.19766677916049957
subject_05:sample_0003309,5,3309,0,0,1,0,1,0,1,0.19518353044986725,0,1,0.19864486157894135,0,1,0.20919570326805115,0,1,0.19877074658870697,0,1,0.19820426404476166
subject_05:sample_0003310,5,3310,0,0,1,0,1,0,1,0.19385568797588348,0,1,0.19942010939121246,0,1,0.20916098356246948,0,1,0.19926032423973083,0,1,0.19830191135406494
subject_05:sample_0003311,5,3311,0,0,1,0,1,0,1,0.19287972152233124,0,1,0.2002907693386078,0,1,0.2086973786354065,0,1,0.19986982643604279,0,1,0.1982613503932953
subject_05:sample_0003312,5,3312,0,0,1,0,1,0,1,0.19206179678440094,0,1,0.20073534548282623,0,1,0.2073703557252884,0,1,0.20166435837745667,0,1,0.19816717505455017
subject_05:sample_0003313,5,3313,0,0,1,0,1,0,1,0.19159327447414398,0,1,0.20018553733825684,0,1,0.2068561315536499,0,1,0.20337477326393127,0,1,0.1979893147945404
subject_05:sample_0003314,5,3314,0,0,1,0,1,0,1,0.1911456435918808,0,1,0.19938737154006958,0,1,0.20684099197387695,0,1,0.20481012761592865,0,1,0.19781488180160522
subject_05:sample_0003315,5,3315,0,0,1,0,1,0,1,0.19069787859916687,0,1,0.19941052794456482,0,1,0.20732329785823822,0,1,0.2050955593585968,0,1,0.1974717676639557
subject_05:sample_0003316,5,3316,0,0,1,0,1,0,1,0.1909426599740982,0,1,0.19905143976211548,0,1,0.20772220194339752,0,1,0.20545077323913574,0,1,0.19683197140693665
subject_05:sample_0003317,5,3317,0,0,1,0,1,0,1,0.19048428535461426,0,1,0.19783344864845276,0,1,0.20836366713047028,0,1,0.20743542909622192,0,1,0.19588221609592438
subject_05:sample_0003318,5,3318,0,0,1,0,1,0,1,0.19001543521881104,0,1,0.19718532264232635,0,1,0.20976859331130981,0,1,0.2084655463695526,0,1,0.19456420838832855
subject_05:sample_0003319,5,3319,0,0,1,0,1,0,1,0.18949435651302338,0,1,0.19692949950695038,0,1,0.21142689883708954,0,1,0.20773184299468994,0,1,0.19441646337509155
subject_05:sample_0003320,5,3320,0,0,1,0,1,0,1,0.19124847650527954,0,1,0.1971139907836914,0,1,0.21144913136959076,0,1,0.2047484815120697,0,1,0.19543887674808502
subject_05:sample_0003321,5,3321,0,0,1,0,1,0,1,0.19181407988071442,0,1,0.19704081118106842,0,1,0.21079538762569427,0,1,0.20310558378696442,0,1,0.1972431242465973
subject_05:sample_0003322,5,3322,0,0,1,0,1,0,1,0.19219520688056946,0,1,0.19699060916900635,0,1,0.21017345786094666,0,1,0.2024247646331787,0,1,0.19821499288082123
subject_05:sample_0003323,5,3323,0,0,1,0,1,0,1,0.19241468608379364,0,1,0.19694168865680695,0,1,0.2096836417913437,0,1,0.20201356709003448,0,1,0.19894546270370483
subject_05:sample_0003324,5,3324,0,0,1,0,1,0,1,0.19298605620861053,0,1,0.19720590114593506,0,1,0.20905497670173645,0,1,0.20096424221992493,0,1,0.19978785514831543
subject_05:sample_0003325,5,3325,0,0,1,0,1,0,1,0.19222542643547058,0,1,0.19675277173519135,0,1,0.20979838073253632,0,1,0.2016361653804779,0,1,0.19958636164665222
subject_05:sample_0003326,5,3326,0,0,1,0,1,0,1,0.1918332278728485,0,1,0.19650395214557648,0,1,0.21040284633636475,0,1,0.20185008645057678,0,1,0.19940884411334991
subject_05:sample_0003327,5,3327,0,0,1,0,1,0,1,0.1917387694120407,0,1,0.19655922055244446,0,1,0.2103986144065857,0,1,0.20185528695583344,0,1,0.1994471698999405
subject_05:sample_0003328,5,3328,0,0,1,0,1,0,1,0.19198428094387054,0,1,0.19672022759914398,0,1,0.20968082547187805,0,1,0.20170117914676666,0,1,0.19991248846054077
subject_05:sample_0003329,5,3329,0,0,1,0,1,0,1,0.19283682107925415,0,1,0.19729630649089813,0,1,0.2089938074350357,0,1,0.20013031363487244,0,1,0.2007417529821396
subject_05:sample_0003330,5,3330,0,0,1,0,1,0,1,0.19395087659358978,0,1,0.19802811741828918,0,1,0.2088133841753006,0,1,0.19773124158382416,0,1,0.20147539675235748
subject_05:sample_0003331,5,3331,0,0,1,0,1,0,1,0.1952207088470459,0,1,0.1990496665239334,0,1,0.2079949676990509,0,1,0.1952444165945053,0,1,0.20248931646347046
subject_05:sample_0003332,5,3332,0,0,1,0,1,0,1,0.19611577689647675,0,1,0.1997372955083847,0,1,0.20716455578804016,0,1,0.1939760446548462,0,1,0.2030053585767746
subject_05:sample_0003333,5,3333,0,0,1,0,1,0,1,0.19666852056980133,0,1,0.1999228596687317,0,1,0.206224262714386,0,1,0.19407592713832855,0,1,0.20310741662979126
subject_05:sample_0003334,5,3334,0,0,1,0,1,0,1,0.1973259449005127,0,1,0.20013892650604248,0,1,0.20515590906143188,0,1,0.19411255419254303,0,1,0.20326575636863708
subject_05:sample_0003335,5,3335,0,0,1,0,1,0,1,0.19781489670276642,0,1,0.20055809617042542,0,1,0.2036348581314087,0,1,0.1947098672389984,0,1,0.20328134298324585
subject_05:sample_0003336,5,3336,0,0,1,0,1,0,1,0.19821029901504517,0,1,0.20090918242931366,0,1,0.20297871530056,0,1,0.1941065639257431,0,1,0.2037942111492157
subject_05:sample_0003337,5,3337,0,0,1,0,1,0,1,0.1983189433813095,0,1,0.20154112577438354,0,1,0.2013523429632187,0,1,0.19472429156303406,0,1,0.20406238734722137
subject_05:sample_0003338,5,3338,0,0,1,0,1,0,1,0.19936037063598633,0,1,0.20331650972366333,0,1,0.19809135794639587,0,1,0.19386373460292816,0,1,0.20536713302135468
subject_05:sample_0003339,5,3339,0,0,1,0,1,0,1,0.20460455119609833,0,1,0.20893415808677673,0,1,0.1928415149450302,1,0,0.18311992287635803,0,1,0.21049892902374268
subject_05:sample_0003340,5,3340,0,0,1,1,0,0,1,0.22257402539253235,0,1,0.22719956934452057,1,0,0.18626227974891663,1,0,0.13644707202911377,0,1,0.22751609981060028
subject_05:sample_0003341,5,3341,0,0,1,1,0,0,1,0.23792323470115662,0,1,0.24039871990680695,1,0,0.167855903506279,1,0,0.11626823991537094,0,1,0.23755288124084473
subject_05:sample_0003342,5,3342,0,1,0,1,0,0,1,0.265542596578598,1,0,0.260458379983902,1,0,0.15879274904727936,1,0,0.11269538849592209,1,0,0.20250996947288513
subject_05:sample_0003343,5,3343,0,1,0,1,0,1,0,0.29016387462615967,1,0,0.24786126613616943,1,0,0.16482481360435486,1,0,0.1230882927775383,1,0,0.17406082153320312
subject_05:sample_0003344,5,3344,0,1,0,1,0,1,0,0.2781701982021332,1,0,0.2345835417509079,1,0,0.17678412795066833,1,0,0.13577991724014282,1,0,0.17468129098415375
subject_05:sample_0003345,5,3345,0,1,0,1,0,1,0,0.25882983207702637,1,0,0.22070211172103882,1,0,0.19061093032360077,1,0,0.14972487092018127,1,0,0.18013131618499756
subject_05:sample_0003346,5,3346,0,1,0,1,0,1,0,0.23583567142486572,1,0,0.21314637362957,1,0,0.20223742723464966,1,0,0.16246028244495392,1,0,0.18631932139396667
subject_05:sample_0003347,5,3347,0,1,0,1,0,1,0,0.2225041687488556,1,0,0.2080850899219513,1,0,0.20796598494052887,1,0,0.17102111876010895,1,0,0.1904226392507553
subject_05:sample_0003348,5,3348,0,1,0,1,0,1,0,0.21282806992530823,1,0,0.20525653660297394,1,0,0.210993230342865,1,0,0.17829544842243195,1,0,0.1926257312297821
subject_05:sample_0003349,5,3349,0,1,0,1,0,1,0,0.20679622888565063,1,0,0.2037779688835144,1,0,0.21419121325016022,1,0,0.18203717470169067,1,0,0.19319653511047363
subject_05:sample_0003350,5,3350,0,1,0,1,0,1,0,0.2042829841375351,1,0,0.20244567096233368,1,0,0.21664145588874817,1,0,0.1840502917766571,1,0,0.19257864356040955
subject_05:sample_0003351,5,3351,0,1,0,1,0,1,0,0.20350384712219238,1,0,0.20235206186771393,1,0,0.21730826795101166,1,0,0.18467606604099274,1,0,0.19215881824493408
subject_05:sample_0003352,5,3352,0,1,0,1,0,1,0,0.20228427648544312,1,0,0.20348462462425232,1,0,0.21730540692806244,1,0,0.18530556559562683,1,0,0.1916191577911377
subject_05:sample_0003353,5,3353,0,1,0,1,0,1,0,0.2009168565273285,1,0,0.20551638305187225,1,0,0.21826377511024475,1,0,0.18589407205581665,1,0,0.18940788507461548
subject_05:sample_0003354,5,3354,0,1,0,1,0,1,0,0.20018593966960907,1,0,0.20681820809841156,1,0,0.21888571977615356,1,0,0.1858454942703247,1,0,0.1882636994123459
subject_05:sample_0003355,5,3355,0,1,0,1,0,1,0,0.1997615545988083,1,0,0.20823831856250763,1,0,0.2200758457183838,1,0,0.18531166017055511,1,0,0.18661169707775116
subject_05:sample_0003356,5,3356,0,1,0,1,0,1,0,0.19962537288665771,1,0,0.20949287712574005,1,0,0.22054989635944366,1,0,0.18469907343387604,1,0,0.18563184142112732
subject_05:sample_0003357,5,3357,0,1,0,1,0,1,0,0.19981898367404938,1,0,0.2101902961730957,1,0,0.2197808474302292,1,0,0.18443846702575684,1,0,0.18577039241790771
subject_05:sample_0003358,5,3358,0,1,0,1,0,1,0,0.20004510879516602,1,0,0.21098966896533966,1,0,0.21899014711380005,1,0,0.1841268092393875,1,0,0.18584728240966797
subject_05:sample_0003359,5,3359,0,1,0,1,0,1,0,0.19982922077178955,1,0,0.21242009103298187,1,0,0.2177584022283554,1,0,0.18391576409339905,1,0,0.18607553839683533
subject_05:sample_0003360,5,3360,0,1,0,1,0,1,0,0.19951891899108887,1,0,0.21340174973011017,1,0,0.2156420201063156,1,0,0.18448254466056824,1,0,0.1869538426399231
subject_05:sample_0003361,5,3361,0,1,0,1,0,1,0,0.19899852573871613,1,0,0.21494640409946442,1,0,0.21390275657176971,1,0,0.18454016745090485,1,0,0.18761122226715088
subject_05:sample_0003362,5,3362,0,1,0,1,0,1,0,0.19871172308921814,1,0,0.21570992469787598,1,0,0.21285401284694672,1,0,0.18444132804870605,1,0,0.1882820427417755
subject_05:sample_0003363,5,3363,0,1,0,1,0,1,0,0.19840149581432343,1,0,0.21652059257030487,1,0,0.211732879281044,1,0,0.18433833122253418,1,0,0.1890057623386383
subject_05:sample_0003364,5,3364,0,1,0,1,0,1,0,0.1979399025440216,1,0,0.21800057590007782,1,0,0.20982562005519867,1,0,0.18452230095863342,1,0,0.18971066176891327
subject_05:sample_0003365,5,3365,0,1,0,1,0,1,0,0.1974601298570633,1,0,0.21967607736587524,1,0,0.20789240300655365,1,0,0.18466220796108246,1,0,0.19030818343162537
subject_05:sample_0003366,5,3366,0,1,0,1,0,1,0,0.19687975943088531,1,0,0.22109192609786987,1,0,0.2059583067893982,1,0,0.18494851887226105,1,0,0.1911204606294632
subject_05:sample_0003367,5,3367,0,1,0,1,0,1,0,0.19625194370746613,1,0,0.22298459708690643,1,0,0.20486527681350708,1,0,0.1845431625843048,1,0,0.19135405123233795
subject_05:sample_0003368,5,3368,0,1,0,1,0,1,0,0.1958000659942627,1,0,0.22465722262859344,1,0,0.20380650460720062,1,0,0.18372425436973572,1,0,0.19201098382472992
subject_05:sample_0003369,5,3369,0,1,0,1,0,1,0,0.19501757621765137,1,0,0.22599902749061584,1,0,0.20256072282791138,1,0,0.1836761087179184,1,0,0.1927456557750702
subject_05:sample_0003370,5,3370,0,1,0,1,0,1,0,0.19396929442882538,1,0,0.22706206142902374,1,0,0.20148660242557526,1,0,0.184047132730484,1,0,0.1934339553117752
subject_05:sample_0003371,5,3371,0,1,0,1,0,1,0,0.19257144629955292,1,0,0.22798402607440948,1,0,0.2002411037683487,1,0,0.18479153513908386,1,0,0.19441090524196625
subject_05:sample_0003372,5,3372,0,1,0,1,0,1,0,0.19211101531982422,1,0,0.22879688441753387,1,0,0.19976074993610382,1,0,0.1847214698791504,1,0,0.19460894167423248
subject_05:sample_0003373,5,3373,0,1,0,1,0,1,0,0.1912696808576584,1,0,0.22971846163272858,1,0,0.19895948469638824,1,0,0.18493583798408508,1,0,0.1951155811548233
subject_05:sample_0003374,5,3374,0,1,0,1,0,1,0,0.19036129117012024,1,0,0.23086759448051453,1,0,0.19805750250816345,1,0,0.18505845963954926,1,0,0.19565418362617493
subject_05:sample_0003375,5,3375,0,1,0,1,0,1,0,0.18995612859725952,1,0,0.23152032494544983,1,0,0.19701416790485382,1,0,0.1853453814983368,1,0,0.19616301357746124
subject_05:sample_0003376,5,3376,0,1,0,1,0,1,0,0.18989519774913788,1,0,0.23255449533462524,1,0,0.19630686938762665,1,0,0.1849745512008667,1,0,0.19626788794994354
subject_05:sample_0003377,5,3377,0,1,0,1,0,1,0,0.1905161291360855,1,0,0.23371700942516327,1,0,0.19622710347175598,1,0,0.183915376663208,1,0,0.19562338292598724
subject_05:sample_0003378,5,3378,0,1,0,1,0,1,0,0.19033536314964294,1,0,0.23440350592136383,1,0,0.19558697938919067,1,0,0.1842886060476303,1,0,0.19538456201553345
subject_05:sample_0003379,5,3379,0,1,0,1,0,1,0,0.19040927290916443,1,0,0.23499348759651184,1,0,0.1950974315404892,1,0,0.184881329536438,1,0,0.19461749494075775
subject_05:sample_0003380,5,3380,0,1,0,1,0,1,0,0.19067414104938507,1,0,0.23608222603797913,1,0,0.19507062435150146,1,0,0.1839102804660797,1,0,0.19426177442073822
subject_05:sample_0003381,5,3381,0,1,0,1,0,1,0,0.1911293864250183,1,0,0.23736584186553955,1,0,0.19570596516132355,1,0,0.18217119574546814,1,0,0.19362668693065643
subject_05:sample_0003382,5,3382,0,1,0,1,0,1,0,0.19148893654346466,1,0,0.2384459227323532,1,0,0.19647443294525146,1,0,0.180578351020813,1,0,0.1930113583803177
subject_05:sample_0003383,5,3383,0,1,0,1,0,1,0,0.19175253808498383,1,0,0.23894761502742767,1,0,0.19707079231739044,1,0,0.1796617954969406,1,0,0.19256630539894104
subject_05:sample_0003384,5,3384,0,1,0,1,0,1,0,0.192073792219162,1,0,0.23972266912460327,1,0,0.19780060648918152,1,0,0.17845426499843597,1,0,0.19194772839546204
subject_05:sample_0003385,5,3385,0,1,0,1,0,1,0,0.19226615130901337,1,0,0.2399909645318985,1,0,0.19858194887638092,1,0,0.17787893116474152,1,0,0.1912810057401657
subject_05:sample_0003386,5,3386,0,1,0,1,0,1,0,0.1924344152212143,1,0,0.24014568328857422,1,0,0.19954274594783783,1,0,0.17751441895961761,1,0,0.1903618425130844
subject_05:sample_0003387,5,3387,0,1,0,1,0,1,0,0.19188925623893738,1,0,0.24212546646595,1,0,0.19999195635318756,1,0,0.17668884992599487,1,0,0.18930356204509735
subject_05:sample_0003388,5,3388,0,1,0,1,0,1,0,0.19134806096553802,1,0,0.24366582930088043,1,0,0.20046621561050415,1,0,0.17592161893844604,1,0,0.18859732151031494
subject_05:sample_0003389,5,3389,0,1,0,1,0,1,0,0.19113649427890778,1,0,0.2438170164823532,1,0,0.20134280622005463,1,0,0.17548654973506927,1,0,0.1882161945104599
subject_05:sample_0003390,5,3390,0,1,0,1,0,1,0,0.19106772541999817,1,0,0.24336573481559753,1,0,0.20220233500003815,1,0,0.17524059116840363,1,0,0.18812264502048492
subject_05:sample_0003391,5,3391,0,1,0,1,0,1,0,0.1909818947315216,1,0,0.24316523969173431,1,0,0.20281663537025452,1,0,0.17502734065055847,1,0,0.1880079209804535
subject_05:sample_0003392,5,3392,0,1,0,1,0,1,0,0.1908252090215683,1,0,0.2431255728006363,1,0,0.20328782498836517,1,0,0.17479802668094635,1,0,0.1879623830318451
subject_05:sample_0003393,5,3393,0,1,0,1,0,1,0,0.19052192568778992,1,0,0.24317067861557007,1,0,0.2034851759672165,1,0,0.17464518547058105,1,0,0.1881759911775589
