epoch,threshold,target_accuracy,pseudo_accuracy,coverage,reliable_count,target_count,reliability_mean,alignment_active
1.0,0.0,0.459536436849342,0.487821646042035,1.0,10182.0,10182.0,0.2672794426043531,0.0
1.0,0.05,0.459536436849342,0.4886475814412636,0.9948929483402082,10130.0,10182.0,0.2672794426043531,0.0
1.0,0.1,0.459536436849342,0.5008545182653279,0.9194657238263603,9362.0,10182.0,0.2672794426043531,0.0
1.0,0.15,0.459536436849342,0.5110788231020704,0.8111373011196229,8259.0,10182.0,0.2672794426043531,0.0
1.0,0.2,0.459536436849342,0.5163036473772393,0.7620310351600864,7759.0,10182.0,0.2672794426043531,0.0
1.0,0.25,0.459536436849342,0.5455330168321105,0.6826753093694755,6951.0,10182.0,0.2672794426043531,0.0
1.0,0.3,0.459536436849342,0.6438651509212073,0.5010803378511098,5102.0,10182.0,0.2672794426043531,0.0
1.0,0.35,0.459536436849342,0.578688524590164,0.17972893341190335,1830.0,10182.0,0.2672794426043531,0.0
1.0,0.4,0.459536436849342,nan,0.0,0.0,10182.0,0.2672794426043531,0.0
1.0,0.45,0.459536436849342,nan,0.0,0.0,10182.0,0.2672794426043531,0.0
1.0,0.5,0.459536436849342,nan,0.0,0.0,10182.0,0.2672794426043531,0.0
1.0,0.55,0.459536436849342,nan,0.0,0.0,10182.0,0.2672794426043531,0.0
1.0,0.6,0.459536436849342,nan,0.0,0.0,10182.0,0.2672794426043531,0.0
1.0,0.65,0.459536436849342,nan,0.0,0.0,10182.0,0.2672794426043531,0.0
1.0,0.7,0.459536436849342,nan,0.0,0.0,10182.0,0.2672794426043531,0.0
1.0,0.75,0.459536436849342,nan,0.0,0.0,10182.0,0.2672794426043531,0.0
1.0,0.8,0.459536436849342,nan,0.0,0.0,10182.0,0.2672794426043531,0.0
1.0,0.85,0.459536436849342,nan,0.0,0.0,10182.0,0.2672794426043531,0.0
1.0,0.9,0.459536436849342,nan,0.0,0.0,10182.0,0.2672794426043531,0.0
1.0,0.95,0.459536436849342,nan,0.0,0.0,10182.0,0.2672794426043531,0.0
1.0,1.0,0.459536436849342,nan,0.0,0.0,10182.0,0.2672794426043531,0.0
2.0,0.0,0.560695344725987,0.525535258298959,1.0,10182.0,10182.0,0.6459436980658783,0.0
2.0,0.05,0.560695344725987,0.5240213523131673,0.9935179728933412,10116.0,10182.0,0.6459436980658783,0.0
2.0,0.1,0.560695344725987,0.5456049638055843,0.9497151836574347,9670.0,10182.0,0.6459436980658783,0.0
2.0,0.15,0.560695344725987,0.5517277930888277,0.9265370261245335,9434.0,10182.0,0.6459436980658783,0.0
2.0,0.2,0.560695344725987,0.5663441218996774,0.8830288744843842,8991.0,10182.0,0.6459436980658783,0.0
2.0,0.25,0.560695344725987,0.5778952205882353,0.8548418778236103,8704.0,10182.0,0.6459436980658783,0.0
2.0,0.3,0.560695344725987,0.5832742735648476,0.8314672952268709,8466.0,10182.0,0.6459436980658783,0.0
2.0,0.35,0.560695344725987,0.589264027204275,0.808681987821646,8234.0,10182.0,0.6459436980658783,0.0
2.0,0.4,0.560695344725987,0.5964125560538116,0.788450206246317,8028.0,10182.0,0.6459436980658783,0.0
2.0,0.45,0.560695344725987,0.601350490508345,0.770870163032803,7849.0,10182.0,0.6459436980658783,0.0
2.0,0.5,0.560695344725987,0.6052903225806452,0.7611471223728148,7750.0,10182.0,0.6459436980658783,0.0
2.0,0.55,0.560695344725987,0.6067961165048543,0.7485759182871734,7622.0,10182.0,0.6459436980658783,0.0
2.0,0.6,0.560695344725987,0.6213519952352591,0.6595953643684934,6716.0,10182.0,0.6459436980658783,0.0
2.0,0.65,0.560695344725987,0.7652248150256118,0.34511883716362207,3514.0,10182.0,0.6459436980658783,0.0
2.0,0.7,0.560695344725987,0.7651083238312428,0.34452956197210766,3508.0,10182.0,0.6459436980658783,0.0
2.0,0.75,0.560695344725987,0.7654462242562929,0.34335101158907877,3496.0,10182.0,0.6459436980658783,0.0
2.0,0.8,0.560695344725987,0.7663793103448275,0.3417796110783736,3480.0,10182.0,0.6459436980658783,0.0
2.0,0.85,0.560695344725987,0.7682080924855491,0.33981536043999216,3460.0,10182.0,0.6459436980658783,0.0
2.0,0.9,0.560695344725987,0.7685373655132306,0.3377528972696916,3439.0,10182.0,0.6459436980658783,0.0
2.0,0.95,0.560695344725987,0.7701826753093695,0.3333333333333333,3394.0,10182.0,0.6459436980658783,0.0
2.0,1.0,0.560695344725987,nan,0.0,0.0,10182.0,0.6459436980658783,0.0
3.0,0.0,0.5532311923001375,0.5428206639167158,1.0,10182.0,10182.0,0.6015186339054799,0.0
3.0,0.05,0.5532311923001375,0.5428739809448974,0.9999017874680809,10181.0,10182.0,0.6015186339054799,0.0
3.0,0.1,0.5532311923001375,0.5429779701022817,0.998625024553133,10168.0,10182.0,0.6015186339054799,0.0
3.0,0.15,0.5532311923001375,0.5451217098753216,0.9925358475741505,10106.0,10182.0,0.6015186339054799,0.0
3.0,0.2,0.5532311923001375,0.5480163885280304,0.9828128069141623,10007.0,10182.0,0.6015186339054799,0.0
3.0,0.25,0.5532311923001375,0.5532870559412005,0.9620899626792379,9796.0,10182.0,0.6015186339054799,0.0
3.0,0.3,0.5532311923001375,0.58770073447031,0.7889412689059124,8033.0,10182.0,0.6015186339054799,0.0
3.0,0.35,0.5532311923001375,0.5919288464091331,0.7398350029463759,7533.0,10182.0,0.6015186339054799,0.0
3.0,0.4,0.5532311923001375,0.6025658523270097,0.7196032213710469,7327.0,10182.0,0.6015186339054799,0.0
3.0,0.45,0.5532311923001375,0.6139685216413716,0.6988803771361226,7116.0,10182.0,0.6015186339054799,0.0
3.0,0.5,0.5532311923001375,0.6239705882352942,0.6678452170496956,6800.0,10182.0,0.6015186339054799,0.0
3.0,0.55,0.5532311923001375,0.8291837377875827,0.3116283637792182,3173.0,10182.0,0.6015186339054799,0.0
3.0,0.6,0.5532311923001375,0.8295992426633008,0.31123551365154195,3169.0,10182.0,0.6015186339054799,0.0
3.0,0.65,0.5532311923001375,0.8310126582278481,0.31035160086427027,3160.0,10182.0,0.6015186339054799,0.0
3.0,0.7,0.5532311923001375,0.8321678321678322,0.3089766254174033,3146.0,10182.0,0.6015186339054799,0.0
3.0,0.75,0.5532311923001375,0.8333333333333334,0.3070123747790218,3126.0,10182.0,0.6015186339054799,0.0
3.0,0.8,0.5532311923001375,0.8331189710610932,0.3054409742683166,3110.0,10182.0,0.6015186339054799,0.0
3.0,0.85,0.5532311923001375,0.831979200519987,0.3021999607149872,3077.0,10182.0,0.6015186339054799,0.0
3.0,0.9,0.5532311923001375,0.830976652416968,0.2986643095659006,3041.0,10182.0,0.6015186339054799,0.0
3.0,0.95,0.5532311923001375,0.8301196808510638,0.2954232960125712,3008.0,10182.0,0.6015186339054799,0.0
3.0,1.0,0.5532311923001375,nan,0.0,0.0,10182.0,0.6015186339054799,0.0
4.0,0.0,0.594382243174229,0.5581418188960912,1.0,10182.0,10182.0,0.6307197220709838,0.0
4.0,0.05,0.594382243174229,0.5581418188960912,1.0,10182.0,10182.0,0.6307197220709838,0.0
4.0,0.1,0.594382243174229,0.5579795597484277,0.9994107248084856,10176.0,10182.0,0.6307197220709838,0.0
4.0,0.15,0.594382243174229,0.5578137332280979,0.9954822235317227,10136.0,10182.0,0.6307197220709838,0.0
4.0,0.2,0.594382243174229,0.5596284458649621,0.9833038695737576,10012.0,10182.0,0.6307197220709838,0.0
4.0,0.25,0.594382243174229,0.5635291725960561,0.966214889019839,9838.0,10182.0,0.6307197220709838,0.0
4.0,0.3,0.594382243174229,0.5665118243243243,0.9302691023374583,9472.0,10182.0,0.6307197220709838,0.0
4.0,0.35,0.594382243174229,0.5710221054935435,0.8974661166764879,9138.0,10182.0,0.6307197220709838,0.0
4.0,0.4,0.594382243174229,0.5749798595925883,0.8533686898448242,8689.0,10182.0,0.6307197220709838,0.0
4.0,0.45,0.594382243174229,0.6090215845935117,0.7598703594578669,7737.0,10182.0,0.6307197220709838,0.0
4.0,0.5,0.594382243174229,0.7295633775726101,0.5106069534472599,5199.0,10182.0,0.6307197220709838,0.0
4.0,0.55,0.594382243174229,0.794458915462941,0.4147515222942447,4223.0,10182.0,0.6307197220709838,0.0
4.0,0.6,0.594382243174229,0.8250069003588186,0.35582400314280105,3623.0,10182.0,0.6307197220709838,0.0
4.0,0.65,0.594382243174229,0.8336172629187961,0.34590453741897464,3522.0,10182.0,0.6307197220709838,0.0
4.0,0.7,0.594382243174229,0.8337639965546942,0.34207424867413083,3483.0,10182.0,0.6307197220709838,0.0
4.0,0.75,0.594382243174229,0.837452747891829,0.3377528972696916,3439.0,10182.0,0.6307197220709838,0.0
4.0,0.8,0.594382243174229,0.8376623376623377,0.3327440581418189,3388.0,10182.0,0.6307197220709838,0.0
4.0,0.85,0.594382243174229,0.8397855866587254,0.3297976821842467,3358.0,10182.0,0.6307197220709838,0.0
4.0,0.9,0.594382243174229,0.8406278297615454,0.3253781182478884,3313.0,10182.0,0.6307197220709838,0.0
4.0,0.95,0.594382243174229,0.8431311881188119,0.31742290316244354,3232.0,10182.0,0.6307197220709838,0.0
4.0,1.0,0.594382243174229,nan,0.0,0.0,10182.0,0.6307197220709838,0.0
5.0,0.0,0.6478098605382047,0.6468277352190139,1.0,10182.0,10182.0,0.8497332764203704,0.0
5.0,0.05,0.6478098605382047,0.6468277352190139,1.0,10182.0,10182.0,0.8497332764203704,0.0
5.0,0.1,0.6478098605382047,0.6469026548672566,0.9988214496169712,10170.0,10182.0,0.8497332764203704,0.0
5.0,0.15,0.6478098605382047,0.6474415853297841,0.9961697112551562,10143.0,10182.0,0.8497332764203704,0.0
5.0,0.2,0.6478098605382047,0.6495438318127728,0.9903751718719308,10084.0,10182.0,0.8497332764203704,0.0
5.0,0.25,0.6478098605382047,0.6509264793783622,0.9858573954036535,10038.0,10182.0,0.8497332764203704,0.0
5.0,0.3,0.6478098605382047,0.6535448885318337,0.9780003928501276,9958.0,10182.0,0.8497332764203704,0.0
5.0,0.35,0.6478098605382047,0.6569625407166124,0.9648399135729719,9824.0,10182.0,0.8497332764203704,0.0
5.0,0.4,0.6478098605382047,0.6621185293198625,0.9429385189550187,9601.0,10182.0,0.8497332764203704,0.0
5.0,0.45,0.6478098605382047,0.6670552082229522,0.9268316637202907,9437.0,10182.0,0.8497332764203704,0.0
5.0,0.5,0.6478098605382047,0.6716011755741809,0.9022785307405224,9187.0,10182.0,0.8497332764203704,0.0
5.0,0.55,0.6478098605382047,0.6787436904094223,0.8755647220585346,8915.0,10182.0,0.8497332764203704,0.0
5.0,0.6,0.6478098605382047,0.6851787972864206,0.8541543901001768,8697.0,10182.0,0.8497332764203704,0.0
5.0,0.65,0.6478098605382047,0.6861538461538461,0.8298958947161658,8450.0,10182.0,0.8497332764203704,0.0
5.0,0.7,0.6478098605382047,0.7153396082421776,0.7721469259477509,7862.0,10182.0,0.8497332764203704,0.0
5.0,0.75,0.6478098605382047,0.7225488855462874,0.7182282459241799,7313.0,10182.0,0.8497332764203704,0.0
5.0,0.8,0.6478098605382047,0.7254929380506223,0.7023178157532901,7151.0,10182.0,0.8497332764203704,0.0
5.0,0.85,0.6478098605382047,0.7262514220705347,0.6906305244549205,7032.0,10182.0,0.8497332764203704,0.0
5.0,0.9,0.6478098605382047,0.7310589277802393,0.6649970536240424,6771.0,10182.0,0.8497332764203704,0.0
5.0,0.95,0.6478098605382047,0.7282648235722081,0.5399725004910627,5498.0,10182.0,0.8497332764203704,0.0
5.0,1.0,0.6478098605382047,nan,0.0,0.0,10182.0,0.8497332764203704,0.0
6.0,0.0,0.7082105676684345,0.6983893144765272,1.0,10182.0,10182.0,0.8871274963248118,0.0
6.0,0.05,0.7082105676684345,0.6983893144765272,1.0,10182.0,10182.0,0.8871274963248118,0.0
6.0,0.1,0.7082105676684345,0.6984766584766585,0.9993125122765665,10175.0,10182.0,0.8871274963248118,0.0
6.0,0.15,0.7082105676684345,0.6989564874975389,0.9976428992339422,10158.0,10182.0,0.8871274963248118,0.0
6.0,0.2,0.7082105676684345,0.7004845248689805,0.993223335297584,10113.0,10182.0,0.8871274963248118,0.0
6.0,0.25,0.7082105676684345,0.7015267937331604,0.9841877823610292,10021.0,10182.0,0.8871274963248118,0.0
6.0,0.3,0.7082105676684345,0.7025278058645096,0.9713219406796307,9890.0,10182.0,0.8871274963248118,0.0
6.0,0.35,0.7082105676684345,0.7033190796171859,0.9646434885091337,9822.0,10182.0,0.8871274963248118,0.0
6.0,0.4,0.7082105676684345,0.7030558699454676,0.9545275977214692,9719.0,10182.0,0.8871274963248118,0.0
6.0,0.45,0.7082105676684345,0.7032400589101621,0.9336083284227067,9506.0,10182.0,0.8871274963248118,0.0
6.0,0.5,0.7082105676684345,0.7060339274210865,0.9147515222942447,9314.0,10182.0,0.8871274963248118,0.0
6.0,0.55,0.7082105676684345,0.7095644561173123,0.8974661166764879,9138.0,10182.0,0.8871274963248118,0.0
6.0,0.6,0.7082105676684345,0.7118832832163938,0.8818503241013553,8979.0,10182.0,0.8871274963248118,0.0
6.0,0.65,0.7082105676684345,0.718491260349586,0.8540561775682577,8696.0,10182.0,0.8871274963248118,0.0
6.0,0.7,0.7082105676684345,0.7314020028612304,0.8238067177371833,8388.0,10182.0,0.8871274963248118,0.0
6.0,0.75,0.7082105676684345,0.7459687422475813,0.7917894323315655,8062.0,10182.0,0.8871274963248118,0.0
6.0,0.8,0.7082105676684345,0.7598051781594463,0.7662541740326065,7802.0,10182.0,0.8871274963248118,0.0
6.0,0.85,0.7082105676684345,0.7659546586292754,0.7494598310744451,7631.0,10182.0,0.8871274963248118,0.0
6.0,0.9,0.7082105676684345,0.7718524458700882,0.7348261638185032,7482.0,10182.0,0.8871274963248118,0.0
6.0,0.95,0.7082105676684345,0.7805883970305196,0.7143979571793361,7274.0,10182.0,0.8871274963248118,0.0
6.0,1.0,0.7082105676684345,nan,0.0,0.0,10182.0,0.8871274963248118,0.0
7.0,0.0,0.7133176193282262,0.7076212924769201,1.0,10182.0,10182.0,0.8811816910833875,0.0
7.0,0.05,0.7133176193282262,0.7076907965818682,0.9999017874680809,10181.0,10182.0,0.8811816910833875,0.0
7.0,0.1,0.7133176193282262,0.7081777078828386,0.9992142997446474,10174.0,10182.0,0.8811816910833875,0.0
7.0,0.15,0.7133176193282262,0.7094674556213018,0.995875073659399,10140.0,10182.0,0.8811816910833875,0.0
7.0,0.2,0.7133176193282262,0.7122730429606112,0.9898841092123355,10079.0,10182.0,0.8811816910833875,0.0
7.0,0.25,0.7133176193282262,0.714813704924583,0.9832056570418385,10011.0,10182.0,0.8811816910833875,0.0
7.0,0.3,0.7133176193282262,0.7178247734138973,0.9752504419563937,9930.0,10182.0,0.8811816910833875,0.0
7.0,0.35,0.7133176193282262,0.7205566356287731,0.9598310744450992,9773.0,10182.0,0.8811816910833875,0.0
7.0,0.4,0.7133176193282262,0.7267714077619395,0.9439206442742094,9611.0,10182.0,0.8811816910833875,0.0
7.0,0.45,0.7133176193282262,0.7335515893969796,0.9299744647417011,9469.0,10182.0,0.8811816910833875,0.0
7.0,0.5,0.7133176193282262,0.7446015565055355,0.8959929286977019,9123.0,10182.0,0.8811816910833875,0.0
7.0,0.55,0.7133176193282262,0.7438667566959262,0.8727165586328816,8886.0,10182.0,0.8811816910833875,0.0
7.0,0.6,0.7133176193282262,0.7415005861664713,0.8377528972696916,8530.0,10182.0,0.8811816910833875,0.0
7.0,0.65,0.7133176193282262,0.7670202269363592,0.7963072087998428,8108.0,10182.0,0.8811816910833875,0.0
7.0,0.7,0.7133176193282262,0.7671284634760706,0.7798075034374387,7940.0,10182.0,0.8811816910833875,0.0
7.0,0.75,0.7133176193282262,0.7693869780428988,0.7738165389903752,7879.0,10182.0,0.8811816910833875,0.0
7.0,0.8,0.7133176193282262,0.7703599693643094,0.7693969750540169,7834.0,10182.0,0.8811816910833875,0.0
7.0,0.85,0.7133176193282262,0.7701400488243608,0.7643881359261442,7783.0,10182.0,0.8811816910833875,0.0
7.0,0.9,0.7133176193282262,0.7716464202636341,0.7599685719897858,7738.0,10182.0,0.8811816910833875,0.0
7.0,0.95,0.7133176193282262,0.7724700618502435,0.7463170300530347,7599.0,10182.0,0.8811816910833875,0.0
7.0,1.0,0.7133176193282262,nan,0.0,0.0,10182.0,0.8811816910833875,0.0
8.0,0.0,0.7158711451581222,0.7216656845413475,1.0,10182.0,10182.0,0.916924926578381,0.0
8.0,0.05,0.7158711451581222,0.7217365681170809,0.9999017874680809,10181.0,10182.0,0.916924926578381,0.0
8.0,0.1,0.7158711451581222,0.7218946540880503,0.9994107248084856,10176.0,10182.0,0.916924926578381,0.0
8.0,0.15,0.7158711451581222,0.7220255653883972,0.9988214496169712,10170.0,10182.0,0.916924926578381,0.0
8.0,0.2,0.7158711451581222,0.7230056207474608,0.995973286191318,10141.0,10182.0,0.916924926578381,0.0
8.0,0.25,0.7158711451581222,0.7235498264749628,0.9904733844038499,10085.0,10182.0,0.916924926578381,0.0
8.0,0.3,0.7158711451581222,0.7247011952191235,0.9860538204674917,10040.0,10182.0,0.916924926578381,0.0
8.0,0.35,0.7158711451581222,0.7286290322580645,0.9742683166372029,9920.0,10182.0,0.916924926578381,0.0
8.0,0.4,0.7158711451581222,0.7316849816849816,0.9652327637006483,9828.0,10182.0,0.916924926578381,0.0
8.0,0.45,0.7158711451581222,0.7346813096582162,0.956884698487527,9743.0,10182.0,0.916924926578381,0.0
8.0,0.5,0.7158711451581222,0.7366297713871935,0.9494205460616775,9667.0,10182.0,0.916924926578381,0.0
8.0,0.55,0.7158711451581222,0.7389306599832915,0.9404832056570418,9576.0,10182.0,0.916924926578381,0.0
8.0,0.6,0.7158711451581222,0.7456647398843931,0.9175014731879788,9342.0,10182.0,0.916924926578381,0.0
8.0,0.65,0.7158711451581222,0.7476045541652576,0.8712433706540955,8871.0,10182.0,0.916924926578381,0.0
8.0,0.7,0.7158711451581222,0.7499130837872291,0.8474759379296798,8629.0,10182.0,0.916924926578381,0.0
8.0,0.75,0.7158711451581222,0.7519981194170193,0.835592221567472,8508.0,10182.0,0.916924926578381,0.0
8.0,0.8,0.7158711451581222,0.7514574657941702,0.8254763307798075,8405.0,10182.0,0.916924926578381,0.0
8.0,0.85,0.7158711451581222,0.753980605770382,0.8203692791200157,8353.0,10182.0,0.916924926578381,0.0
8.0,0.9,0.7158711451581222,0.7566553727008712,0.8116283637792182,8264.0,10182.0,0.916924926578381,0.0
8.0,0.95,0.7158711451581222,0.7653353241259176,0.7893341190335886,8037.0,10182.0,0.916924926578381,0.0
8.0,1.0,0.7158711451581222,nan,0.0,0.0,10182.0,0.916924926578381,0.0
9.0,0.0,0.7029070909448045,0.7125319190728737,1.0,10182.0,10182.0,0.9212104045879077,0.0
9.0,0.05,0.7029070909448045,0.7125319190728737,1.0,10182.0,10182.0,0.9212104045879077,0.0
9.0,0.1,0.7029070909448045,0.7125319190728737,1.0,10182.0,10182.0,0.9212104045879077,0.0
9.0,0.15,0.7029070909448045,0.7125442390876917,0.9990178746808093,10172.0,10182.0,0.9212104045879077,0.0
9.0,0.2,0.7029070909448045,0.7130469057942451,0.9966607739147515,10148.0,10182.0,0.9212104045879077,0.0
9.0,0.25,0.7029070909448045,0.7139040079168728,0.9924376350422314,10105.0,10182.0,0.9212104045879077,0.0
9.0,0.3,0.7029070909448045,0.7148277583624563,0.9835985071695148,10015.0,10182.0,0.9212104045879077,0.0
9.0,0.35,0.7029070909448045,0.7189238393850511,0.9710273030838735,9887.0,10182.0,0.9212104045879077,0.0
9.0,0.4,0.7029070909448045,0.7238183503243745,0.9537418974661167,9711.0,10182.0,0.9212104045879077,0.0
9.0,0.45,0.7029070909448045,0.7253236664940446,0.9482419956786486,9655.0,10182.0,0.9212104045879077,0.0
9.0,0.5,0.7029070909448045,0.726420986883198,0.943429581614614,9606.0,10182.0,0.9212104045879077,0.0
9.0,0.55,0.7029070909448045,0.7278149853495186,0.9385189550186603,9556.0,10182.0,0.9212104045879077,0.0
9.0,0.6,0.7029070909448045,0.7285353535353535,0.9334119033588686,9504.0,10182.0,0.9212104045879077,0.0
9.0,0.65,0.7029070909448045,0.7326329331046312,0.9161264977411118,9328.0,10182.0,0.9212104045879077,0.0
9.0,0.7,0.7029070909448045,0.7327047597409974,0.8645649184835985,8803.0,10182.0,0.9212104045879077,0.0
9.0,0.75,0.7029070909448045,0.7363679468942627,0.8285209192692987,8436.0,10182.0,0.9212104045879077,0.0
9.0,0.8,0.7029070909448045,0.7367857142857143,0.8249852681202121,8400.0,10182.0,0.9212104045879077,0.0
9.0,0.85,0.7029070909448045,0.7373205741626794,0.8210567668434492,8360.0,10182.0,0.9212104045879077,0.0
9.0,0.9,0.7029070909448045,0.7381095725466587,0.8156550775879002,8305.0,10182.0,0.9212104045879077,0.0
9.0,0.95,0.7029070909448045,0.7398660986001218,0.8068159497151837,8215.0,10182.0,0.9212104045879077,0.0
9.0,1.0,0.7029070909448045,nan,0.0,0.0,10182.0,0.9212104045879077,0.0
10.0,0.0,0.7120408564132783,0.7162639952857984,1.0,10182.0,10182.0,0.90623468968617,0.0
10.0,0.05,0.7120408564132783,0.7162639952857984,1.0,10182.0,10182.0,0.90623468968617,0.0
10.0,0.1,0.7120408564132783,0.7162932389937107,0.9994107248084856,10176.0,10182.0,0.90623468968617,0.0
10.0,0.15,0.7120408564132783,0.7166601101494886,0.998625024553133,10168.0,10182.0,0.90623468968617,0.0
10.0,0.2,0.7120408564132783,0.7174384236453202,0.9968571989785897,10150.0,10182.0,0.90623468968617,0.0
10.0,0.25,0.7120408564132783,0.7188798733425688,0.9925358475741505,10106.0,10182.0,0.90623468968617,0.0
10.0,0.3,0.7120408564132783,0.7206132879045997,0.9800628560204282,9979.0,10182.0,0.90623468968617,0.0
10.0,0.35,0.7120408564132783,0.7246257945458273,0.9579650363386368,9754.0,10182.0,0.90623468968617,0.0
10.0,0.4,0.7120408564132783,0.7253945182724253,0.94598310744451,9632.0,10182.0,0.90623468968617,0.0
10.0,0.45,0.7120408564132783,0.7262937794040774,0.9394028678059321,9565.0,10182.0,0.90623468968617,0.0
10.0,0.5,0.7120408564132783,0.7298323315406517,0.931349440188568,9483.0,10182.0,0.90623468968617,0.0
10.0,0.55,0.7120408564132783,0.7307161803713528,0.9256531133372619,9425.0,10182.0,0.90623468968617,0.0
10.0,0.6,0.7120408564132783,0.7316231946540203,0.9112158711451581,9278.0,10182.0,0.90623468968617,0.0
10.0,0.65,0.7120408564132783,0.7299444003177125,0.8655470438027892,8813.0,10182.0,0.90623468968617,0.0
10.0,0.7,0.7120408564132783,0.7378594439804319,0.8231192300137498,8381.0,10182.0,0.90623468968617,0.0
10.0,0.75,0.7120408564132783,0.7387647200192261,0.8173246906305245,8322.0,10182.0,0.90623468968617,0.0
10.0,0.8,0.7120408564132783,0.7389626055488541,0.8141818896091141,8290.0,10182.0,0.90623468968617,0.0
10.0,0.85,0.7120408564132783,0.7415259460125724,0.7967982714594383,8113.0,10182.0,0.90623468968617,0.0
10.0,0.9,0.7120408564132783,0.743808925204274,0.7812806914162247,7955.0,10182.0,0.90623468968617,0.0
10.0,0.95,0.7120408564132783,0.7440559440559441,0.7724415635435081,7865.0,10182.0,0.90623468968617,0.0
10.0,1.0,0.7120408564132783,nan,0.0,0.0,10182.0,0.90623468968617,0.0
11.0,0.0,0.6967197014339029,0.7026124533490473,1.0,10182.0,10182.0,0.8911873255509674,0.0
11.0,0.05,0.6967197014339029,0.7026124533490473,1.0,10182.0,10182.0,0.8911873255509674,0.0
11.0,0.1,0.6967197014339029,0.7026522593320236,0.9998035749361619,10180.0,10182.0,0.8911873255509674,0.0
11.0,0.15,0.6967197014339029,0.7028992628992629,0.9993125122765665,10175.0,10182.0,0.8911873255509674,0.0
11.0,0.2,0.6967197014339029,0.7037219377707759,0.9974464741701041,10156.0,10182.0,0.8911873255509674,0.0
11.0,0.25,0.6967197014339029,0.7053006329113924,0.9931251227656649,10112.0,10182.0,0.8911873255509674,0.0
11.0,0.3,0.6967197014339029,0.7175101214574898,0.97033981536044,9880.0,10182.0,0.8911873255509674,0.0
11.0,0.35,0.6967197014339029,0.7206048760415595,0.9547240227853074,9721.0,10182.0,0.8911873255509674,0.0
11.0,0.4,0.6967197014339029,0.7211288139123191,0.9431349440188568,9603.0,10182.0,0.8911873255509674,0.0
11.0,0.45,0.6967197014339029,0.722659117122785,0.936652916912198,9537.0,10182.0,0.8911873255509674,0.0
11.0,0.5,0.6967197014339029,0.7264050901378579,0.9261441759968572,9430.0,10182.0,0.8911873255509674,0.0
11.0,0.55,0.6967197014339029,0.7332899305555556,0.9051266941661756,9216.0,10182.0,0.8911873255509674,0.0
11.0,0.6,0.6967197014339029,0.7322294500295683,0.8303869573757612,8455.0,10182.0,0.8911873255509674,0.0
11.0,0.65,0.6967197014339029,0.733061028351754,0.8175211156943626,8324.0,10182.0,0.8911873255509674,0.0
11.0,0.7,0.6967197014339029,0.7352869352869353,0.8043606364172068,8190.0,10182.0,0.8911873255509674,0.0
11.0,0.75,0.6967197014339029,0.7367838701745758,0.7988607346297387,8134.0,10182.0,0.8911873255509674,0.0
11.0,0.8,0.6967197014339029,0.7373562507728453,0.7942447456295423,8087.0,10182.0,0.8911873255509674,0.0
11.0,0.85,0.6967197014339029,0.7386646736422521,0.788450206246317,8028.0,10182.0,0.8911873255509674,0.0
11.0,0.9,0.6967197014339029,0.7439195212020884,0.7712630131604793,7853.0,10182.0,0.8911873255509674,0.0
11.0,0.95,0.6967197014339029,0.7447510893965403,0.7437635042231389,7573.0,10182.0,0.8911873255509674,0.0
11.0,1.0,0.6967197014339029,nan,0.0,0.0,10182.0,0.8911873255509674,0.0
12.0,0.0,0.7083087802003536,0.7091926929876252,1.0,10182.0,10182.0,0.8926368904161186,0.0
12.0,0.05,0.7083087802003536,0.7091926929876252,1.0,10182.0,10182.0,0.8926368904161186,0.0
12.0,0.1,0.7083087802003536,0.7094017094017094,0.9997053624042428,10179.0,10182.0,0.8926368904161186,0.0
12.0,0.15,0.7083087802003536,0.709959689312752,0.9989196621488902,10171.0,10182.0,0.8926368904161186,0.0
12.0,0.2,0.7083087802003536,0.7110344827586207,0.9968571989785897,10150.0,10182.0,0.8926368904161186,0.0
12.0,0.25,0.7083087802003536,0.712492587467879,0.9937143979571793,10118.0,10182.0,0.8926368904161186,0.0
12.0,0.3,0.7083087802003536,0.7186841841339886,0.9792771557650756,9971.0,10182.0,0.8926368904161186,0.0
12.0,0.35,0.7083087802003536,0.7195097244732577,0.9695541151050874,9872.0,10182.0,0.8926368904161186,0.0
12.0,0.4,0.7083087802003536,0.720204081632653,0.9624828128069142,9800.0,10182.0,0.8926368904161186,0.0
12.0,0.45,0.7083087802003536,0.7209111430330392,0.9571793360832842,9746.0,10182.0,0.8926368904161186,0.0
12.0,0.5,0.7083087802003536,0.7228752730677208,0.9441170693380475,9613.0,10182.0,0.8926368904161186,0.0
12.0,0.55,0.7083087802003536,0.7222656686403753,0.8791003732076212,8951.0,10182.0,0.8926368904161186,0.0
12.0,0.6,0.7083087802003536,0.725487848677122,0.8203692791200157,8353.0,10182.0,0.8926368904161186,0.0
12.0,0.65,0.7083087802003536,0.7254973313925279,0.8096641131408367,8244.0,10182.0,0.8926368904161186,0.0
12.0,0.7,0.7083087802003536,0.72648835202761,0.7967982714594383,8113.0,10182.0,0.8926368904161186,0.0
12.0,0.75,0.7083087802003536,0.7283489096573209,0.7881555686505598,8025.0,10182.0,0.8926368904161186,0.0
12.0,0.8,0.7083087802003536,0.7293543543543544,0.7849145550972304,7992.0,10182.0,0.8926368904161186,0.0
12.0,0.85,0.7083087802003536,0.7297875015717339,0.7810842663523866,7953.0,10182.0,0.8926368904161186,0.0
12.0,0.9,0.7083087802003536,0.7321745749809693,0.7741111765861324,7882.0,10182.0,0.8926368904161186,0.0
12.0,0.95,0.7083087802003536,0.7349288486416559,0.7591828717344333,7730.0,10182.0,0.8926368904161186,0.0
12.0,1.0,0.7083087802003536,nan,0.0,0.0,10182.0,0.8926368904161186,0.0
13.0,0.0,0.7093891180514633,0.7205853466902377,1.0,10182.0,10182.0,0.896310483961434,0.0
13.0,0.05,0.7093891180514633,0.7205579019742658,0.9999017874680809,10181.0,10182.0,0.896310483961434,0.0
13.0,0.1,0.7093891180514633,0.7206879606879607,0.9993125122765665,10175.0,10182.0,0.896310483961434,0.0
13.0,0.15,0.7093891180514633,0.7201939250024735,0.9926340601060696,10107.0,10182.0,0.896310483961434,0.0
13.0,0.2,0.7093891180514633,0.7212901937287797,0.9835002946375958,10014.0,10182.0,0.896310483961434,0.0
13.0,0.25,0.7093891180514633,0.7221888153938665,0.9799646434885091,9978.0,10182.0,0.896310483961434,0.0
13.0,0.3,0.7093891180514633,0.7228976188083994,0.9775093301905323,9953.0,10182.0,0.896310483961434,0.0
13.0,0.35,0.7093891180514633,0.7221941610263664,0.9722058534669024,9899.0,10182.0,0.896310483961434,0.0
13.0,0.4,0.7093891180514633,0.7227411167512691,0.9673934394028678,9850.0,10182.0,0.896310483961434,0.0
13.0,0.45,0.7093891180514633,0.7233391162363506,0.9623846002749951,9799.0,10182.0,0.896310483961434,0.0
13.0,0.5,0.7093891180514633,0.7244845625192328,0.9574739736790414,9749.0,10182.0,0.896310483961434,0.0
13.0,0.55,0.7093891180514633,0.727129997906636,0.9383225299548222,9554.0,10182.0,0.896310483961434,0.0
13.0,0.6,0.7093891180514633,0.7276232764664641,0.8405028481634257,8558.0,10182.0,0.896310483961434,0.0
13.0,0.65,0.7093891180514633,0.7338120740019474,0.8069141622471028,8216.0,10182.0,0.896310483961434,0.0
13.0,0.7,0.7093891180514633,0.7351485148514851,0.7935572579061089,8080.0,10182.0,0.896310483961434,0.0
13.0,0.75,0.7093891180514633,0.7362062523352846,0.7885484187782361,8029.0,10182.0,0.896310483961434,0.0
13.0,0.8,0.7093891180514633,0.7375593898474618,0.7855038302887448,7998.0,10182.0,0.896310483961434,0.0
13.0,0.85,0.7093891180514633,0.739185110663984,0.7809860538204675,7952.0,10182.0,0.896310483961434,0.0
13.0,0.9,0.7093891180514633,0.743045852915026,0.7732272637988608,7873.0,10182.0,0.896310483961434,0.0
13.0,0.95,0.7093891180514633,0.7472061657032756,0.7645845609899823,7785.0,10182.0,0.896310483961434,0.0
13.0,1.0,0.7093891180514633,nan,0.0,0.0,10182.0,0.896310483961434,0.0
14.0,0.0,0.7093891180514633,0.7135140443920645,1.0,10182.0,10182.0,0.9050215153896932,0.0
14.0,0.05,0.7093891180514633,0.7135140443920645,1.0,10182.0,10182.0,0.9050215153896932,0.0
14.0,0.1,0.7093891180514633,0.7136819343424415,0.9992142997446474,10174.0,10182.0,0.9050215153896932,0.0
14.0,0.15,0.7093891180514633,0.7137072881690697,0.9945000982125319,10126.0,10182.0,0.9050215153896932,0.0
14.0,0.2,0.7093891180514633,0.7144280589876445,0.9856609703398154,10036.0,10182.0,0.9050215153896932,0.0
14.0,0.25,0.7093891180514633,0.717907444668008,0.9762325672755844,9940.0,10182.0,0.9050215153896932,0.0
14.0,0.3,0.7093891180514633,0.7207746121869614,0.9686702023178158,9863.0,10182.0,0.9050215153896932,0.0
14.0,0.35,0.7093891180514633,0.7228227615745462,0.9630720879984286,9806.0,10182.0,0.9050215153896932,0.0
14.0,0.4,0.7093891180514633,0.7250513347022587,0.9565900608917698,9740.0,10182.0,0.9050215153896932,0.0
14.0,0.45,0.7093891180514633,0.7278461379381657,0.9498133961893538,9671.0,10182.0,0.9050215153896932,0.0
14.0,0.5,0.7093891180514633,0.7315394242803505,0.9416617560400707,9588.0,10182.0,0.9050215153896932,0.0
14.0,0.55,0.7093891180514633,0.731221527704206,0.9270280887841289,9439.0,10182.0,0.9050215153896932,0.0
14.0,0.6,0.7093891180514633,0.7310446743207912,0.8639756432920841,8797.0,10182.0,0.9050215153896932,0.0
14.0,0.65,0.7093891180514633,0.7350346936375397,0.8351011589078766,8503.0,10182.0,0.9050215153896932,0.0
14.0,0.7,0.7093891180514633,0.7357863501483679,0.827440581418189,8425.0,10182.0,0.9050215153896932,0.0
14.0,0.75,0.7093891180514633,0.7366654680570538,0.8193871538008249,8343.0,10182.0,0.9050215153896932,0.0
14.0,0.8,0.7093891180514633,0.7379318646924281,0.8158515026517383,8307.0,10182.0,0.9050215153896932,0.0
14.0,0.85,0.7093891180514633,0.739779206599539,0.8095659006089176,8243.0,10182.0,0.9050215153896932,0.0
14.0,0.9,0.7093891180514633,0.7441089837997055,0.8002357100766058,8148.0,10182.0,0.9050215153896932,0.0
14.0,0.95,0.7093891180514633,0.7463894422310757,0.7888430563739933,8032.0,10182.0,0.9050215153896932,0.0
14.0,1.0,0.7093891180514633,nan,0.0,0.0,10182.0,0.9050215153896932,0.0
15.0,0.0,0.690041249263406,0.6851306226674524,1.0,10182.0,10182.0,0.9121753380326011,0.0
15.0,0.05,0.690041249263406,0.6851306226674524,1.0,10182.0,10182.0,0.9121753380326011,0.0
15.0,0.1,0.690041249263406,0.6851979176898143,0.9999017874680809,10181.0,10182.0,0.9121753380326011,0.0
15.0,0.15,0.690041249263406,0.6853016309687562,0.9996071498723237,10178.0,10182.0,0.9121753380326011,0.0
15.0,0.2,0.690041249263406,0.6863305101437857,0.9972500491062659,10154.0,10182.0,0.9121753380326011,0.0
15.0,0.25,0.690041249263406,0.6916633426406062,0.9848752700844627,10028.0,10182.0,0.9121753380326011,0.0
15.0,0.3,0.690041249263406,0.6922844784226939,0.9763307798075035,9941.0,10182.0,0.9121753380326011,0.0
15.0,0.35,0.690041249263406,0.6960008120178643,0.9675898644667059,9852.0,10182.0,0.9121753380326011,0.0
15.0,0.4,0.690041249263406,0.6993865030674846,0.9605185621685327,9780.0,10182.0,0.9121753380326011,0.0
15.0,0.45,0.690041249263406,0.7044070595520694,0.951581221763897,9689.0,10182.0,0.9121753380326011,0.0
15.0,0.5,0.690041249263406,0.7085416666666666,0.9428403064230996,9600.0,10182.0,0.9121753380326011,0.0
15.0,0.55,0.690041249263406,0.7108394634357421,0.9078766450599096,9244.0,10182.0,0.9121753380326011,0.0
15.0,0.6,0.690041249263406,0.7159990948178321,0.868002357100766,8838.0,10182.0,0.9121753380326011,0.0
15.0,0.65,0.690041249263406,0.7227871504506587,0.8499312512276567,8654.0,10182.0,0.9121753380326011,0.0
15.0,0.7,0.690041249263406,0.7226166918868583,0.8437438617167551,8591.0,10182.0,0.9121753380326011,0.0
15.0,0.75,0.690041249263406,0.7242716165413534,0.8359850716951484,8512.0,10182.0,0.9121753380326011,0.0
15.0,0.8,0.690041249263406,0.7269285376242309,0.830092319780004,8452.0,10182.0,0.9121753380326011,0.0
15.0,0.85,0.690041249263406,0.7280304834484401,0.824788843056374,8398.0,10182.0,0.9121753380326011,0.0
15.0,0.9,0.690041249263406,0.7293124246079614,0.8141818896091141,8290.0,10182.0,0.9121753380326011,0.0
15.0,0.95,0.690041249263406,0.7310986053339859,0.8027892359065016,8174.0,10182.0,0.9121753380326011,0.0
15.0,1.0,0.690041249263406,nan,0.0,0.0,10182.0,0.9121753380326011,0.0
16.0,0.0,0.7227460223924573,0.7211746218817521,1.0,10182.0,10182.0,0.9290302413426291,1.0
16.0,0.05,0.7227460223924573,0.7211746218817521,1.0,10182.0,10182.0,0.9290302413426291,1.0
16.0,0.1,0.7227460223924573,0.7211746218817521,1.0,10182.0,10182.0,0.9290302413426291,1.0
16.0,0.15,0.7227460223924573,0.721058325956526,0.998526812021214,10167.0,10182.0,0.9290302413426291,1.0
16.0,0.2,0.7227460223924573,0.7220191642793639,0.9942054606167747,10123.0,10182.0,0.9290302413426291,1.0
16.0,0.25,0.7227460223924573,0.7252879318978468,0.9806521312119426,9985.0,10182.0,0.9290302413426291,1.0
16.0,0.3,0.7227460223924573,0.7279596977329975,0.9747593792967982,9925.0,10182.0,0.9290302413426291,1.0
16.0,0.35,0.7227460223924573,0.7282652648604934,0.9715183657434688,9892.0,10182.0,0.9290302413426291,1.0
16.0,0.4,0.7227460223924573,0.7280844155844156,0.9679827145943822,9856.0,10182.0,0.9290302413426291,1.0
16.0,0.45,0.7227460223924573,0.7287928221859706,0.9632685130622668,9808.0,10182.0,0.9290302413426291,1.0
16.0,0.5,0.7227460223924573,0.7290322580645161,0.9590453741897466,9765.0,10182.0,0.9290302413426291,1.0
16.0,0.55,0.7227460223924573,0.7273483823988349,0.9441170693380475,9613.0,10182.0,0.9290302413426291,1.0
16.0,0.6,0.7227460223924573,0.728535764680343,0.9048320565704184,9213.0,10182.0,0.9290302413426291,1.0
16.0,0.65,0.7227460223924573,0.7313616071428571,0.879984285994893,8960.0,10182.0,0.9290302413426291,1.0
16.0,0.7,0.7227460223924573,0.7338746053225079,0.8709487330583382,8868.0,10182.0,0.9290302413426291,1.0
16.0,0.75,0.7227460223924573,0.7336814621409922,0.8651541936751129,8809.0,10182.0,0.9290302413426291,1.0
16.0,0.8,0.7227460223924573,0.7345890410958904,0.8603417796110784,8760.0,10182.0,0.9290302413426291,1.0
16.0,0.85,0.7227460223924573,0.73398392652124,0.8554311530151247,8710.0,10182.0,0.9290302413426291,1.0
16.0,0.9,0.7227460223924573,0.7336264753529276,0.8487527008446277,8642.0,10182.0,0.9290302413426291,1.0
16.0,0.95,0.7227460223924573,0.7340039770733419,0.839618935376154,8549.0,10182.0,0.9290302413426291,1.0
16.0,1.0,0.7227460223924573,nan,0.0,0.0,10182.0,0.9290302413426291,1.0
17.0,0.0,0.6893537615399725,0.6896483991357297,1.0,10182.0,10182.0,0.9359408905793679,1.0
17.0,0.05,0.6893537615399725,0.6896483991357297,1.0,10182.0,10182.0,0.9359408905793679,1.0
17.0,0.1,0.6893537615399725,0.6896179157253708,0.9999017874680809,10181.0,10182.0,0.9359408905793679,1.0
17.0,0.15,0.6893537615399725,0.6899941026145076,0.9992142997446474,10174.0,10182.0,0.9359408905793679,1.0
17.0,0.2,0.6893537615399725,0.6902045633359559,0.998625024553133,10168.0,10182.0,0.9359408905793679,1.0
17.0,0.25,0.6893537615399725,0.6907084441816927,0.9967589864466706,10149.0,10182.0,0.9359408905793679,1.0
17.0,0.3,0.6893537615399725,0.6916583912611718,0.9890001964250639,10070.0,10182.0,0.9359408905793679,1.0
17.0,0.35,0.6893537615399725,0.6949543585113853,0.9790807307012375,9969.0,10182.0,0.9359408905793679,1.0
17.0,0.4,0.6893537615399725,0.6959058444824464,0.9763307798075035,9941.0,10182.0,0.9359408905793679,1.0
17.0,0.45,0.6893537615399725,0.6970828706974866,0.972991553722255,9907.0,10182.0,0.9359408905793679,1.0
17.0,0.5,0.6893537615399725,0.6980634695325966,0.9686702023178158,9863.0,10182.0,0.9359408905793679,1.0
17.0,0.55,0.6893537615399725,0.6981400548836264,0.966313101551758,9839.0,10182.0,0.9359408905793679,1.0
17.0,0.6,0.6893537615399725,0.6965282083075015,0.9505008839127873,9678.0,10182.0,0.9359408905793679,1.0
17.0,0.65,0.6893537615399725,0.6946348895418435,0.9024749558043607,9189.0,10182.0,0.9359408905793679,1.0
17.0,0.7,0.6893537615399725,0.703077097763143,0.8649577686112748,8807.0,10182.0,0.9359408905793679,1.0
17.0,0.75,0.6893537615399725,0.7026345933562428,0.8573954036535062,8730.0,10182.0,0.9359408905793679,1.0
17.0,0.8,0.6893537615399725,0.7029235727440147,0.8532704773129052,8688.0,10182.0,0.9359408905793679,1.0
17.0,0.85,0.6893537615399725,0.7031863311013623,0.8507169514830092,8662.0,10182.0,0.9359408905793679,1.0
17.0,0.9,0.6893537615399725,0.7032699443413729,0.8469848752700845,8624.0,10182.0,0.9359408905793679,1.0
17.0,0.95,0.6893537615399725,0.7036690815611124,0.8405028481634257,8558.0,10182.0,0.9359408905793679,1.0
17.0,1.0,0.6893537615399725,nan,0.0,0.0,10182.0,0.9359408905793679,1.0
18.0,0.0,0.6480062856020429,0.6481044981339619,1.0,10182.0,10182.0,0.926111906331506,1.0
18.0,0.05,0.6480062856020429,0.6481044981339619,1.0,10182.0,10182.0,0.926111906331506,1.0
18.0,0.1,0.6480062856020429,0.6481044981339619,1.0,10182.0,10182.0,0.926111906331506,1.0
18.0,0.15,0.6480062856020429,0.648324653630736,0.9995089373404047,10177.0,10182.0,0.926111906331506,1.0
18.0,0.2,0.6480062856020429,0.6486380175041794,0.9987232370850521,10169.0,10182.0,0.926111906331506,1.0
18.0,0.25,0.6480062856020429,0.6492213680268086,0.9964643488509134,10146.0,10182.0,0.926111906331506,1.0
18.0,0.3,0.6480062856020429,0.6502025091376075,0.9942054606167747,10123.0,10182.0,0.926111906331506,1.0
18.0,0.35,0.6480062856020429,0.6515226664021426,0.9900805342761736,10081.0,10182.0,0.926111906331506,1.0
18.0,0.4,0.6480062856020429,0.6593129847889594,0.9749558043606364,9927.0,10182.0,0.926111906331506,1.0
18.0,0.45,0.6480062856020429,0.660697840990484,0.9598310744450992,9773.0,10182.0,0.926111906331506,1.0
18.0,0.5,0.6480062856020429,0.6631875587099467,0.9409742683166372,9581.0,10182.0,0.926111906331506,1.0
18.0,0.55,0.6480062856020429,0.6692640692640692,0.9074837949322333,9240.0,10182.0,0.926111906331506,1.0
18.0,0.6,0.6480062856020429,0.6694006999125109,0.8980553918680023,9144.0,10182.0,0.926111906331506,1.0
18.0,0.65,0.6480062856020429,0.6685261631150284,0.8802789235906502,8963.0,10182.0,0.926111906331506,1.0
18.0,0.7,0.6480062856020429,0.6690843155031732,0.8666273816538991,8824.0,10182.0,0.926111906331506,1.0
18.0,0.75,0.6480062856020429,0.6716211545108883,0.8523865645256334,8679.0,10182.0,0.926111906331506,1.0
18.0,0.8,0.6480062856020429,0.6724157888644519,0.8484580632488705,8639.0,10182.0,0.926111906331506,1.0
18.0,0.85,0.6480062856020429,0.6732868757259001,0.8456098998232174,8610.0,10182.0,0.926111906331506,1.0
18.0,0.9,0.6480062856020429,0.6757041019048732,0.8404046356315066,8557.0,10182.0,0.926111906331506,1.0
18.0,0.95,0.6480062856020429,0.6791317683142621,0.8325476330779807,8477.0,10182.0,0.926111906331506,1.0
18.0,1.0,0.6480062856020429,nan,0.0,0.0,10182.0,0.926111906331506,1.0
19.0,0.0,0.611864073855824,0.60911412296209,1.0,10182.0,10182.0,0.8928891925265245,1.0
19.0,0.05,0.611864073855824,0.60911412296209,1.0,10182.0,10182.0,0.8928891925265245,1.0
19.0,0.1,0.611864073855824,0.6093151223346762,0.9995089373404047,10177.0,10182.0,0.8928891925265245,1.0
19.0,0.15,0.611864073855824,0.610618597320725,0.9970536240424278,10152.0,10182.0,0.8928891925265245,1.0
19.0,0.2,0.611864073855824,0.6133214568487728,0.9923394225103123,10104.0,10182.0,0.8928891925265245,1.0
19.0,0.25,0.611864073855824,0.6181346115438386,0.9835002946375958,10014.0,10182.0,0.8928891925265245,1.0
19.0,0.3,0.611864073855824,0.6216814159292036,0.9766254174032607,9944.0,10182.0,0.8928891925265245,1.0
19.0,0.35,0.611864073855824,0.6313951099239778,0.9560007857002554,9734.0,10182.0,0.8928891925265245,1.0
19.0,0.4,0.611864073855824,0.6352331606217616,0.9477509330190532,9650.0,10182.0,0.8928891925265245,1.0
19.0,0.45,0.611864073855824,0.6369705820988942,0.9414653309762325,9586.0,10182.0,0.8928891925265245,1.0
19.0,0.5,0.611864073855824,0.6394795303078388,0.9284030642309958,9453.0,10182.0,0.8928891925265245,1.0
19.0,0.55,0.611864073855824,0.6442900369830774,0.8763504223138873,8923.0,10182.0,0.8928891925265245,1.0
19.0,0.6,0.611864073855824,0.6504378283712785,0.8411903358868592,8565.0,10182.0,0.8928891925265245,1.0
19.0,0.65,0.611864073855824,0.6483817229890528,0.8253781182478884,8404.0,10182.0,0.8928891925265245,1.0
19.0,0.7,0.611864073855824,0.6525434017239287,0.8089766254174032,8237.0,10182.0,0.8928891925265245,1.0
19.0,0.75,0.611864073855824,0.6595008648381517,0.7949322333529758,8094.0,10182.0,0.8928891925265245,1.0
19.0,0.8,0.611864073855824,0.6630448357687024,0.7863877430760166,8007.0,10182.0,0.8928891925265245,1.0
19.0,0.85,0.611864073855824,0.6639477977161501,0.7826556668630917,7969.0,10182.0,0.8928891925265245,1.0
19.0,0.9,0.611864073855824,0.6658247032078808,0.777646827735219,7918.0,10182.0,0.8928891925265245,1.0
19.0,0.95,0.611864073855824,0.6675152749490835,0.7715576507562365,7856.0,10182.0,0.8928891925265245,1.0
19.0,1.0,0.611864073855824,nan,0.0,0.0,10182.0,0.8928891925265245,1.0
20.0,0.0,0.6917108623060303,0.6874877234335102,1.0,10182.0,10182.0,0.9158015416046388,1.0
20.0,0.05,0.6917108623060303,0.6874877234335102,1.0,10182.0,10182.0,0.9158015416046388,1.0
20.0,0.1,0.6917108623060303,0.68756140695618,0.9996071498723237,10178.0,10182.0,0.9158015416046388,1.0
20.0,0.15,0.6917108623060303,0.6880598484102766,0.9977411117658613,10159.0,10182.0,0.9158015416046388,1.0
20.0,0.2,0.6917108623060303,0.6903066271018793,0.9929286977018268,10110.0,10182.0,0.9158015416046388,1.0
20.0,0.25,0.6917108623060303,0.6929133858267716,0.9853663327440582,10033.0,10182.0,0.9158015416046388,1.0
20.0,0.3,0.6917108623060303,0.6960882647943831,0.9791789432331566,9970.0,10182.0,0.9158015416046388,1.0
20.0,0.35,0.6917108623060303,0.6954093032703637,0.9670005892751915,9846.0,10182.0,0.9158015416046388,1.0
20.0,0.4,0.6917108623060303,0.700112855237509,0.9572775486152033,9747.0,10182.0,0.9158015416046388,1.0
20.0,0.45,0.6917108623060303,0.705334023821854,0.9482419956786486,9655.0,10182.0,0.9158015416046388,1.0
20.0,0.5,0.6917108623060303,0.7084994753410283,0.9359654291887645,9530.0,10182.0,0.9158015416046388,1.0
20.0,0.55,0.6917108623060303,0.7082586225081743,0.9311530151247299,9481.0,10182.0,0.9158015416046388,1.0
20.0,0.6,0.6917108623060303,0.7075064710957722,0.9106265959536437,9272.0,10182.0,0.9158015416046388,1.0
20.0,0.65,0.6917108623060303,0.7131675874769797,0.8532704773129052,8688.0,10182.0,0.9158015416046388,1.0
20.0,0.7,0.6917108623060303,0.7191628668303519,0.8400117855038303,8553.0,10182.0,0.9158015416046388,1.0
20.0,0.75,0.6917108623060303,0.7213230950974602,0.8313690826949519,8465.0,10182.0,0.9158015416046388,1.0
20.0,0.8,0.6917108623060303,0.7216238608119304,0.8297976821842467,8449.0,10182.0,0.9158015416046388,1.0
20.0,0.85,0.6917108623060303,0.7213173225537985,0.826065605971322,8411.0,10182.0,0.9158015416046388,1.0
20.0,0.9,0.6917108623060303,0.7207465900933238,0.8208603417796111,8358.0,10182.0,0.9158015416046388,1.0
20.0,0.95,0.6917108623060303,0.7210171125572427,0.8149675898644667,8298.0,10182.0,0.9158015416046388,1.0
20.0,1.0,0.6917108623060303,nan,0.0,0.0,10182.0,0.9158015416046388,1.0
21.0,0.0,0.7056570418385386,0.6975054016892556,1.0,10182.0,10182.0,0.9305297199430347,1.0
21.0,0.05,0.7056570418385386,0.6975054016892556,1.0,10182.0,10182.0,0.9305297199430347,1.0
21.0,0.1,0.7056570418385386,0.6978480888277488,0.9995089373404047,10177.0,10182.0,0.9305297199430347,1.0
21.0,0.15,0.7056570418385386,0.698386144459752,0.9980357493616185,10162.0,10182.0,0.9305297199430347,1.0
21.0,0.2,0.7056570418385386,0.7010186925131046,0.9930269102337458,10111.0,10182.0,0.9305297199430347,1.0
21.0,0.25,0.7056570418385386,0.7010247736543628,0.9871341583186014,10051.0,10182.0,0.9305297199430347,1.0
21.0,0.3,0.7056570418385386,0.7016823552974164,0.9807503437438617,9986.0,10182.0,0.9305297199430347,1.0
21.0,0.35,0.7056570418385386,0.7025367425005034,0.97564329208407,9934.0,10182.0,0.9305297199430347,1.0
21.0,0.4,0.7056570418385386,0.7038652734097596,0.9680809271263013,9857.0,10182.0,0.9305297199430347,1.0
21.0,0.45,0.7056570418385386,0.7059366348815749,0.9578668238067177,9753.0,10182.0,0.9305297199430347,1.0
21.0,0.5,0.7056570418385386,0.7075763831544178,0.951483009231978,9688.0,10182.0,0.9305297199430347,1.0
21.0,0.55,0.7056570418385386,0.7139544688026982,0.9318405028481634,9488.0,10182.0,0.9305297199430347,1.0
21.0,0.6,0.7056570418385386,0.7129760995307214,0.8999214299744648,9163.0,10182.0,0.9305297199430347,1.0
21.0,0.65,0.7056570418385386,0.713335550382441,0.8859752504419564,9021.0,10182.0,0.9305297199430347,1.0
21.0,0.7,0.7056570418385386,0.714093206064009,0.8745825967393439,8905.0,10182.0,0.9305297199430347,1.0
21.0,0.75,0.7056570418385386,0.7160704145371948,0.8647613435474366,8805.0,10182.0,0.9305297199430347,1.0
21.0,0.8,0.7056570418385386,0.7170392335766423,0.861127479866431,8768.0,10182.0,0.9305297199430347,1.0
21.0,0.85,0.7056570418385386,0.7169054441260745,0.8569043409939108,8725.0,10182.0,0.9305297199430347,1.0
21.0,0.9,0.7056570418385386,0.7178867403314917,0.8532704773129052,8688.0,10182.0,0.9305297199430347,1.0
21.0,0.95,0.7056570418385386,0.7191947240541479,0.8488509133765468,8643.0,10182.0,0.9305297199430347,1.0
21.0,1.0,0.7056570418385386,nan,0.0,0.0,10182.0,0.9305297199430347,1.0
22.0,0.0,0.6832645845609899,0.6809074837949323,1.0,10182.0,10182.0,0.9263896270602228,1.0
22.0,0.05,0.6832645845609899,0.6809430255402751,0.9998035749361619,10180.0,10182.0,0.9263896270602228,1.0
22.0,0.1,0.6832645845609899,0.6810895859966565,0.9987232370850521,10169.0,10182.0,0.9263896270602228,1.0
22.0,0.15,0.6832645845609899,0.6814420803782506,0.9970536240424278,10152.0,10182.0,0.9263896270602228,1.0
22.0,0.2,0.6832645845609899,0.6820969337289812,0.9929286977018268,10110.0,10182.0,0.9263896270602228,1.0
22.0,0.25,0.6832645845609899,0.6836265493802479,0.9825181693184051,10004.0,10182.0,0.9263896270602228,1.0
22.0,0.3,0.6832645845609899,0.6852689793866265,0.9767236299351797,9945.0,10182.0,0.9263896270602228,1.0
22.0,0.35,0.6832645845609899,0.687386110548694,0.9701433902966018,9878.0,10182.0,0.9263896270602228,1.0
22.0,0.4,0.6832645845609899,0.6887827677301361,0.9666077391475152,9842.0,10182.0,0.9263896270602228,1.0
22.0,0.45,0.6832645845609899,0.6899090072589715,0.9606167747004518,9781.0,10182.0,0.9263896270602228,1.0
22.0,0.5,0.6832645845609899,0.691727770319116,0.9509919465723826,9683.0,10182.0,0.9263896270602228,1.0
22.0,0.55,0.6832645845609899,0.6942767950052029,0.9438224317422903,9610.0,10182.0,0.9263896270602228,1.0
22.0,0.6,0.6832645845609899,0.697244767193507,0.9196621488901984,9364.0,10182.0,0.9263896270602228,1.0
22.0,0.65,0.6832645845609899,0.7057285746760628,0.8640738558240031,8798.0,10182.0,0.9263896270602228,1.0
22.0,0.7,0.6832645845609899,0.706904435299497,0.8591632292280496,8748.0,10182.0,0.9263896270602228,1.0
22.0,0.75,0.6832645845609899,0.7086252440565063,0.8551365154193675,8707.0,10182.0,0.9263896270602228,1.0
22.0,0.8,0.6832645845609899,0.7119898254133425,0.8494401885680612,8649.0,10182.0,0.9263896270602228,1.0
22.0,0.85,0.6832645845609899,0.7131100034774545,0.8472795128658417,8627.0,10182.0,0.9263896270602228,1.0
22.0,0.9,0.6832645845609899,0.7139702463970247,0.845020624631703,8604.0,10182.0,0.9263896270602228,1.0
22.0,0.95,0.6832645845609899,0.715104044891279,0.8401099980357494,8554.0,10182.0,0.9263896270602228,1.0
22.0,1.0,0.6832645845609899,nan,0.0,0.0,10182.0,0.9263896270602228,1.0
23.0,0.0,0.6849341976036142,0.6787468080927126,1.0,10182.0,10182.0,0.9198588692039643,1.0
23.0,0.05,0.6849341976036142,0.6787468080927126,1.0,10182.0,10182.0,0.9198588692039643,1.0
23.0,0.1,0.6849341976036142,0.6787503684055408,0.9997053624042428,10179.0,10182.0,0.9198588692039643,1.0
23.0,0.15,0.6849341976036142,0.6787223587223588,0.9993125122765665,10175.0,10182.0,0.9198588692039643,1.0
23.0,0.2,0.6849341976036142,0.6789162561576355,0.9968571989785897,10150.0,10182.0,0.9198588692039643,1.0
23.0,0.25,0.6849341976036142,0.679778612373987,0.9937143979571793,10118.0,10182.0,0.9198588692039643,1.0
23.0,0.3,0.6849341976036142,0.6804481459448741,0.990571596935769,10086.0,10182.0,0.9198588692039643,1.0
23.0,0.35,0.6849341976036142,0.6850330595071128,0.9803574936161854,9982.0,10182.0,0.9198588692039643,1.0
23.0,0.4,0.6849341976036142,0.6890866794781025,0.9710273030838735,9887.0,10182.0,0.9198588692039643,1.0
23.0,0.45,0.6849341976036142,0.6916769167691676,0.9581614614024749,9756.0,10182.0,0.9198588692039643,1.0
23.0,0.5,0.6849341976036142,0.6914672216441207,0.9438224317422903,9610.0,10182.0,0.9198588692039643,1.0
23.0,0.55,0.6849341976036142,0.691105007394887,0.9296798271459438,9466.0,10182.0,0.9198588692039643,1.0
23.0,0.6,0.6849341976036142,0.6932109308283518,0.9200549990178747,9368.0,10182.0,0.9198588692039643,1.0
23.0,0.65,0.6849341976036142,0.6948568969227459,0.9127872716558633,9294.0,10182.0,0.9198588692039643,1.0
23.0,0.7,0.6849341976036142,0.693731875975909,0.8805735611864074,8966.0,10182.0,0.9198588692039643,1.0
23.0,0.75,0.6849341976036142,0.7135323025290663,0.8193871538008249,8343.0,10182.0,0.9198588692039643,1.0
23.0,0.8,0.6849341976036142,0.7198787878787879,0.8102533883323512,8250.0,10182.0,0.9198588692039643,1.0
23.0,0.85,0.6849341976036142,0.7189176011701609,0.8057356118640738,8204.0,10182.0,0.9198588692039643,1.0
23.0,0.9,0.6849341976036142,0.7200880841693174,0.8027892359065016,8174.0,10182.0,0.9198588692039643,1.0
23.0,0.95,0.6849341976036142,0.7217850995820014,0.7988607346297387,8134.0,10182.0,0.9198588692039643,1.0
23.0,1.0,0.6849341976036142,nan,0.0,0.0,10182.0,0.9198588692039643,1.0
24.0,0.0,0.680711058731094,0.680711058731094,1.0,10182.0,10182.0,0.9302971011056598,1.0
24.0,0.05,0.680711058731094,0.68067969747569,0.9999017874680809,10181.0,10182.0,0.9302971011056598,1.0
24.0,0.1,0.680711058731094,0.6808176100628931,0.9994107248084856,10176.0,10182.0,0.9302971011056598,1.0
24.0,0.15,0.680711058731094,0.6807987409010426,0.9984285994892949,10166.0,10182.0,0.9302971011056598,1.0
24.0,0.2,0.680711058731094,0.6808468734613491,0.997348261638185,10155.0,10182.0,0.9302971011056598,1.0
24.0,0.25,0.680711058731094,0.6814368893713609,0.9951875859359655,10133.0,10182.0,0.9302971011056598,1.0
24.0,0.3,0.680711058731094,0.6868948996905879,0.9839913572971911,10019.0,10182.0,0.9302971011056598,1.0
24.0,0.35,0.680711058731094,0.6908047134656058,0.9751522294244745,9929.0,10182.0,0.9302971011056598,1.0
24.0,0.4,0.680711058731094,0.691721686135094,0.9669023767432724,9845.0,10182.0,0.9302971011056598,1.0
24.0,0.45,0.680711058731094,0.6926451086402122,0.9627774504026714,9803.0,10182.0,0.9302971011056598,1.0
24.0,0.5,0.680711058731094,0.6944444444444444,0.9581614614024749,9756.0,10182.0,0.9302971011056598,1.0
24.0,0.55,0.680711058731094,0.6952224052718287,0.9538401099980357,9712.0,10182.0,0.9302971011056598,1.0
24.0,0.6,0.680711058731094,0.6960612012819187,0.9500098212531919,9673.0,10182.0,0.9302971011056598,1.0
24.0,0.65,0.680711058731094,0.6963132680691523,0.9430367314869378,9602.0,10182.0,0.9302971011056598,1.0
24.0,0.7,0.680711058731094,0.713885778275476,0.8770379100373208,8930.0,10182.0,0.9302971011056598,1.0
24.0,0.75,0.680711058731094,0.7169634489222118,0.838342172461206,8536.0,10182.0,0.9302971011056598,1.0
24.0,0.8,0.680711058731094,0.7161191569527846,0.8341190335886859,8493.0,10182.0,0.9302971011056598,1.0
24.0,0.85,0.680711058731094,0.7162130177514793,0.8298958947161658,8450.0,10182.0,0.9302971011056598,1.0
24.0,0.9,0.680711058731094,0.717272511285341,0.8267530936947555,8418.0,10182.0,0.9302971011056598,1.0
24.0,0.95,0.680711058731094,0.7180316091954023,0.8202710665880967,8352.0,10182.0,0.9302971011056598,1.0
24.0,1.0,0.680711058731094,nan,0.0,0.0,10182.0,0.9302971011056598,1.0
25.0,0.0,0.6555686505598114,0.6568454134747593,1.0,10182.0,10182.0,0.9492973462354514,1.0
25.0,0.05,0.6555686505598114,0.6568454134747593,1.0,10182.0,10182.0,0.9492973462354514,1.0
25.0,0.1,0.6555686505598114,0.6568454134747593,1.0,10182.0,10182.0,0.9492973462354514,1.0
25.0,0.15,0.6555686505598114,0.6570698634175101,0.9995089373404047,10177.0,10182.0,0.9492973462354514,1.0
25.0,0.2,0.6555686505598114,0.6568251156382245,0.9979375368296994,10161.0,10182.0,0.9492973462354514,1.0
25.0,0.25,0.6555686505598114,0.6566413568681589,0.995973286191318,10141.0,10182.0,0.9492973462354514,1.0
25.0,0.3,0.6555686505598114,0.6568608094768016,0.9948929483402082,10130.0,10182.0,0.9492973462354514,1.0
25.0,0.35,0.6555686505598114,0.656942246835443,0.9931251227656649,10112.0,10182.0,0.9492973462354514,1.0
25.0,0.4,0.6555686505598114,0.658429653248306,0.9856609703398154,10036.0,10182.0,0.9492973462354514,1.0
25.0,0.45,0.6555686505598114,0.6595616931852296,0.9814378314672952,9993.0,10182.0,0.9492973462354514,1.0
25.0,0.5,0.6555686505598114,0.6607556675062972,0.9747593792967982,9925.0,10182.0,0.9492973462354514,1.0
25.0,0.55,0.6555686505598114,0.6683804627249358,0.9551168729129837,9725.0,10182.0,0.9492973462354514,1.0
25.0,0.6,0.6555686505598114,0.6692791585026296,0.9523669220192497,9697.0,10182.0,0.9492973462354514,1.0
25.0,0.65,0.6555686505598114,0.6697029293033847,0.9488312708701631,9661.0,10182.0,0.9492973462354514,1.0
25.0,0.7,0.6555686505598114,0.6709549210333647,0.9390100176782558,9561.0,10182.0,0.9492973462354514,1.0
25.0,0.75,0.6555686505598114,0.6871013082495405,0.908367707719505,9249.0,10182.0,0.9492973462354514,1.0
25.0,0.8,0.6555686505598114,0.694304010785305,0.8741897466116676,8901.0,10182.0,0.9492973462354514,1.0
25.0,0.85,0.6555686505598114,0.6945323090826931,0.869377332547633,8852.0,10182.0,0.9492973462354514,1.0
25.0,0.9,0.6555686505598114,0.6959390285519281,0.8633863681005697,8791.0,10182.0,0.9492973462354514,1.0
25.0,0.95,0.6555686505598114,0.7009690816797416,0.8513062266745237,8668.0,10182.0,0.9492973462354514,1.0
25.0,1.0,0.6555686505598114,nan,0.0,0.0,10182.0,0.9492973462354514,1.0
26.0,0.0,0.6468277352190139,0.6374975446867021,1.0,10182.0,10182.0,0.9578874784252295,1.0
26.0,0.05,0.6468277352190139,0.6374975446867021,1.0,10182.0,10182.0,0.9578874784252295,1.0
26.0,0.1,0.6468277352190139,0.6374975446867021,1.0,10182.0,10182.0,0.9578874784252295,1.0
26.0,0.15,0.6468277352190139,0.6374533307133032,0.9996071498723237,10178.0,10182.0,0.9578874784252295,1.0
26.0,0.2,0.6468277352190139,0.6376868607395751,0.998625024553133,10168.0,10182.0,0.9578874784252295,1.0
26.0,0.25,0.6468277352190139,0.6380924228988077,0.9967589864466706,10149.0,10182.0,0.9578874784252295,1.0
26.0,0.3,0.6468277352190139,0.6395728270542865,0.993223335297584,10113.0,10182.0,0.9578874784252295,1.0
26.0,0.35,0.6468277352190139,0.6422465208747515,0.9880180711058731,10060.0,10182.0,0.9578874784252295,1.0
26.0,0.4,0.6468277352190139,0.6435129740518962,0.9840895698291102,10020.0,10182.0,0.9578874784252295,1.0
26.0,0.45,0.6468277352190139,0.6443443443443444,0.981143193871538,9990.0,10182.0,0.9578874784252295,1.0
26.0,0.5,0.6468277352190139,0.6463598831940389,0.9753486544883128,9931.0,10182.0,0.9578874784252295,1.0
26.0,0.55,0.6468277352190139,0.648530901722391,0.9693576900412493,9870.0,10182.0,0.9578874784252295,1.0
26.0,0.6,0.6468277352190139,0.6508827431370549,0.9623846002749951,9799.0,10182.0,0.9578874784252295,1.0
26.0,0.65,0.6468277352190139,0.6549165120593692,0.952857984678845,9702.0,10182.0,0.9578874784252295,1.0
26.0,0.7,0.6468277352190139,0.6560588784077952,0.947456295423296,9647.0,10182.0,0.9578874784252295,1.0
26.0,0.75,0.6468277352190139,0.6579552582061468,0.9395010803378511,9566.0,10182.0,0.9578874784252295,1.0
26.0,0.8,0.6468277352190139,0.6735595045772752,0.9119033588685916,9285.0,10182.0,0.9578874784252295,1.0
26.0,0.85,0.6468277352190139,0.6781698764332629,0.8822431742290316,8983.0,10182.0,0.9578874784252295,1.0
26.0,0.9,0.6468277352190139,0.6789985469989941,0.878707523079945,8947.0,10182.0,0.9578874784252295,1.0
26.0,0.95,0.6468277352190139,0.6807262884853953,0.8708505205264192,8867.0,10182.0,0.9578874784252295,1.0
26.0,1.0,0.6468277352190139,nan,0.0,0.0,10182.0,0.9578874784252295,1.0
27.0,0.0,0.6790414456884698,0.6754075820074642,1.0,10182.0,10182.0,0.9656118705848232,1.0
27.0,0.05,0.6790414456884698,0.6754075820074642,1.0,10182.0,10182.0,0.9656118705848232,1.0
27.0,0.1,0.6790414456884698,0.6754075820074642,1.0,10182.0,10182.0,0.9656118705848232,1.0
27.0,0.15,0.6790414456884698,0.6755083996463307,0.9997053624042428,10179.0,10182.0,0.9656118705848232,1.0
27.0,0.2,0.6790414456884698,0.6757447645265953,0.9989196621488902,10171.0,10182.0,0.9656118705848232,1.0
27.0,0.25,0.6790414456884698,0.675883105382269,0.9981339618935376,10163.0,10182.0,0.9656118705848232,1.0
27.0,0.3,0.6790414456884698,0.6762618296529969,0.9962679237870752,10144.0,10182.0,0.9656118705848232,1.0
27.0,0.35,0.6790414456884698,0.6776205087597743,0.9922412099783933,10103.0,10182.0,0.9656118705848232,1.0
27.0,0.4,0.6790414456884698,0.6790369117500746,0.9871341583186014,10051.0,10182.0,0.9656118705848232,1.0
27.0,0.45,0.6790414456884698,0.680791525084949,0.9827145943822432,10006.0,10182.0,0.9656118705848232,1.0
27.0,0.5,0.6790414456884698,0.6815580764983435,0.978295030445885,9961.0,10182.0,0.9656118705848232,1.0
27.0,0.55,0.6790414456884698,0.68278432557671,0.9749558043606364,9927.0,10182.0,0.9656118705848232,1.0
27.0,0.6,0.6790414456884698,0.6837572195764515,0.9692594775093302,9869.0,10182.0,0.9656118705848232,1.0
27.0,0.65,0.6790414456884698,0.6840497046241597,0.9642506383814575,9818.0,10182.0,0.9656118705848232,1.0
27.0,0.7,0.6790414456884698,0.6855971296770886,0.9580632488705558,9755.0,10182.0,0.9656118705848232,1.0
27.0,0.75,0.6790414456884698,0.6894298661608178,0.9319387153800825,9489.0,10182.0,0.9656118705848232,1.0
27.0,0.8,0.6790414456884698,0.6952513667059707,0.9162247102730309,9329.0,10182.0,0.9656118705848232,1.0
27.0,0.85,0.6790414456884698,0.695741019574102,0.9131801217835396,9298.0,10182.0,0.9656118705848232,1.0
27.0,0.9,0.6790414456884698,0.6970416756640034,0.909644470634453,9262.0,10182.0,0.9656118705848232,1.0
27.0,0.95,0.6790414456884698,0.6980844579886809,0.9023767432724416,9188.0,10182.0,0.9656118705848232,1.0
27.0,1.0,0.6790414456884698,nan,0.0,0.0,10182.0,0.9656118705848232,1.0
28.0,0.0,0.7011392653702613,0.6987821646042035,1.0,10182.0,10182.0,0.9434235597113845,1.0
28.0,0.05,0.7011392653702613,0.6987821646042035,1.0,10182.0,10182.0,0.9434235597113845,1.0
28.0,0.1,0.7011392653702613,0.698997641509434,0.9994107248084856,10176.0,10182.0,0.9434235597113845,1.0
28.0,0.15,0.7011392653702613,0.6990358126721763,0.9982321744254566,10164.0,10182.0,0.9434235597113845,1.0
28.0,0.2,0.7011392653702613,0.6991324921135647,0.9962679237870752,10144.0,10182.0,0.9434235597113845,1.0
28.0,0.25,0.7011392653702613,0.7006237006237006,0.9920447849145551,10101.0,10182.0,0.9434235597113845,1.0
28.0,0.3,0.7011392653702613,0.7019412643106023,0.986544883127087,10045.0,10182.0,0.9434235597113845,1.0
28.0,0.35,0.7011392653702613,0.702144718380437,0.9799646434885091,9978.0,10182.0,0.9434235597113845,1.0
28.0,0.4,0.7011392653702613,0.70274359491628,0.9736790414456885,9914.0,10182.0,0.9434235597113845,1.0
28.0,0.45,0.7011392653702613,0.7038391224862889,0.9670005892751915,9846.0,10182.0,0.9434235597113845,1.0
28.0,0.5,0.7011392653702613,0.7058042100960555,0.9611078373600471,9786.0,10182.0,0.9434235597113845,1.0
28.0,0.55,0.7011392653702613,0.7070790095551217,0.9559025731683363,9733.0,10182.0,0.9434235597113845,1.0
28.0,0.6,0.7011392653702613,0.7085159674389481,0.9410724808485563,9582.0,10182.0,0.9434235597113845,1.0
28.0,0.65,0.7011392653702613,0.7163181720198318,0.9112158711451581,9278.0,10182.0,0.9434235597113845,1.0
28.0,0.7,0.7011392653702613,0.718537228201186,0.8943233156550776,9106.0,10182.0,0.9434235597113845,1.0
28.0,0.75,0.7011392653702613,0.7191235059760956,0.8874484384207425,9036.0,10182.0,0.9434235597113845,1.0
28.0,0.8,0.7011392653702613,0.7193587888233329,0.8822431742290316,8983.0,10182.0,0.9434235597113845,1.0
28.0,0.85,0.7011392653702613,0.7196783560419924,0.8793950108033786,8954.0,10182.0,0.9434235597113845,1.0
28.0,0.9,0.7011392653702613,0.72004039497307,0.8752700844627774,8912.0,10182.0,0.9434235597113845,1.0
28.0,0.95,0.7011392653702613,0.7211407876867361,0.8678059320369279,8836.0,10182.0,0.9434235597113845,1.0
28.0,1.0,0.7011392653702613,nan,0.0,0.0,10182.0,0.9434235597113845,1.0
29.0,0.0,0.691318012178354,0.6899430367314869,1.0,10182.0,10182.0,0.953765754439588,1.0
29.0,0.05,0.691318012178354,0.6899430367314869,1.0,10182.0,10182.0,0.953765754439588,1.0
29.0,0.1,0.691318012178354,0.6899803536345775,0.9998035749361619,10180.0,10182.0,0.953765754439588,1.0
29.0,0.15,0.691318012178354,0.6901533018867925,0.9994107248084856,10176.0,10182.0,0.953765754439588,1.0
29.0,0.2,0.691318012178354,0.6904691649454117,0.998526812021214,10167.0,10182.0,0.953765754439588,1.0
29.0,0.25,0.691318012178354,0.6908517350157729,0.9962679237870752,10144.0,10182.0,0.953765754439588,1.0
29.0,0.3,0.691318012178354,0.6912506178942165,0.9934197603614221,10115.0,10182.0,0.953765754439588,1.0
29.0,0.35,0.691318012178354,0.6905851910828026,0.9868395207228442,10048.0,10182.0,0.953765754439588,1.0
29.0,0.4,0.691318012178354,0.6919531015131777,0.9800628560204282,9979.0,10182.0,0.953765754439588,1.0
29.0,0.45,0.691318012178354,0.6924473126953716,0.9739736790414457,9917.0,10182.0,0.953765754439588,1.0
29.0,0.5,0.691318012178354,0.6933617539585871,0.9675898644667059,9852.0,10182.0,0.953765754439588,1.0
29.0,0.55,0.691318012178354,0.6958747057017095,0.9594382243174229,9769.0,10182.0,0.953765754439588,1.0
29.0,0.6,0.691318012178354,0.6988824503311258,0.9491259084659203,9664.0,10182.0,0.953765754439588,1.0
29.0,0.65,0.691318012178354,0.695780903034789,0.9287959143586721,9457.0,10182.0,0.953765754439588,1.0
29.0,0.7,0.691318012178354,0.6967748848173149,0.9166175604007071,9333.0,10182.0,0.953765754439588,1.0
29.0,0.75,0.691318012178354,0.6974137931034483,0.9114122962089962,9280.0,10182.0,0.953765754439588,1.0
29.0,0.8,0.691318012178354,0.6991640429920747,0.9046356315065802,9211.0,10182.0,0.953765754439588,1.0
29.0,0.85,0.691318012178354,0.6998037933289731,0.9010017678255745,9174.0,10182.0,0.953765754439588,1.0
29.0,0.9,0.691318012178354,0.7005922351392849,0.8955018660381064,9118.0,10182.0,0.953765754439588,1.0
29.0,0.95,0.691318012178354,0.7031665190434012,0.8870555882930662,9032.0,10182.0,0.953765754439588,1.0
29.0,1.0,0.691318012178354,nan,0.0,0.0,10182.0,0.953765754439588,1.0
30.0,0.0,0.6890591239442153,0.681889609114123,1.0,10182.0,10182.0,0.9501086952908583,1.0
30.0,0.05,0.6890591239442153,0.681956585797073,0.9999017874680809,10181.0,10182.0,0.9501086952908583,1.0
30.0,0.1,0.6890591239442153,0.681956585797073,0.9999017874680809,10181.0,10182.0,0.9501086952908583,1.0
30.0,0.15,0.6890591239442153,0.6821575948123404,0.9996071498723237,10178.0,10182.0,0.9501086952908583,1.0
30.0,0.2,0.6890591239442153,0.6822025565388398,0.9988214496169712,10170.0,10182.0,0.9501086952908583,1.0
30.0,0.25,0.6890591239442153,0.6820735192667784,0.9965625613828325,10147.0,10182.0,0.9501086952908583,1.0
30.0,0.3,0.6890591239442153,0.681773105910353,0.9903751718719308,10084.0,10182.0,0.9501086952908583,1.0
30.0,0.35,0.6890591239442153,0.6829997012249776,0.9861520329994107,10041.0,10182.0,0.9501086952908583,1.0
30.0,0.4,0.6890591239442153,0.6862725450901803,0.9801610685523473,9980.0,10182.0,0.9501086952908583,1.0
30.0,0.45,0.6890591239442153,0.687726723095526,0.9746611667648792,9924.0,10182.0,0.9501086952908583,1.0
30.0,0.5,0.6890591239442153,0.6908905852417303,0.9649381261048909,9825.0,10182.0,0.9501086952908583,1.0
30.0,0.55,0.6890591239442153,0.6956118665018541,0.9534472598703595,9708.0,10182.0,0.9501086952908583,1.0
30.0,0.6,0.6890591239442153,0.7003776751993286,0.9361618542526027,9532.0,10182.0,0.9501086952908583,1.0
30.0,0.65,0.6890591239442153,0.6995410395986765,0.9201532115497938,9369.0,10182.0,0.9501086952908583,1.0
30.0,0.7,0.6890591239442153,0.7007984462667242,0.9102337458259674,9268.0,10182.0,0.9501086952908583,1.0
30.0,0.75,0.6890591239442153,0.7012578616352201,0.90571596935769,9222.0,10182.0,0.9501086952908583,1.0
30.0,0.8,0.6890591239442153,0.7026673924877518,0.9020821056766843,9185.0,10182.0,0.9501086952908583,1.0
30.0,0.85,0.6890591239442153,0.7029746281714786,0.8980553918680023,9144.0,10182.0,0.9501086952908583,1.0
30.0,0.9,0.6890591239442153,0.7094168418723028,0.8875466509526616,9037.0,10182.0,0.9501086952908583,1.0
30.0,0.95,0.6890591239442153,0.712706565430996,0.8795914358672167,8956.0,10182.0,0.9501086952908583,1.0
30.0,1.0,0.6890591239442153,nan,0.0,0.0,10182.0,0.9501086952908583,1.0
31.0,0.0,0.6855234727951287,0.6826753093694755,1.0,10182.0,10182.0,0.9481632336483878,1.0
31.0,0.05,0.6855234727951287,0.6826753093694755,1.0,10182.0,10182.0,0.9481632336483878,1.0
31.0,0.1,0.6855234727951287,0.6828094302554027,0.9998035749361619,10180.0,10182.0,0.9481632336483878,1.0
31.0,0.15,0.6855234727951287,0.6828812893081762,0.9994107248084856,10176.0,10182.0,0.9481632336483878,1.0
31.0,0.2,0.6855234727951287,0.6830875122910521,0.9988214496169712,10170.0,10182.0,0.9481632336483878,1.0
31.0,0.25,0.6855234727951287,0.6832053553849183,0.9976428992339422,10158.0,10182.0,0.9481632336483878,1.0
31.0,0.3,0.6855234727951287,0.6839352674166174,0.9952857984678845,10134.0,10182.0,0.9481632336483878,1.0
31.0,0.35,0.6855234727951287,0.6856489763466508,0.9882144961697112,10062.0,10182.0,0.9481632336483878,1.0
31.0,0.4,0.6855234727951287,0.6879943927105237,0.9808485562757808,9987.0,10182.0,0.9481632336483878,1.0
31.0,0.45,0.6855234727951287,0.6888440181726401,0.9727951286584168,9905.0,10182.0,0.9481632336483878,1.0
31.0,0.5,0.6855234727951287,0.6930612244897959,0.9624828128069142,9800.0,10182.0,0.9481632336483878,1.0
31.0,0.55,0.6855234727951287,0.7080843032400126,0.936652916912198,9537.0,10182.0,0.9481632336483878,1.0
31.0,0.6,0.6855234727951287,0.7105542578042047,0.9249656256138283,9418.0,10182.0,0.9481632336483878,1.0
31.0,0.65,0.6855234727951287,0.7117414951477018,0.9209389118051463,9377.0,10182.0,0.9481632336483878,1.0
31.0,0.7,0.6855234727951287,0.7133648474430597,0.9141622471027303,9308.0,10182.0,0.9481632336483878,1.0
31.0,0.75,0.6855234727951287,0.7131352704320383,0.9024749558043607,9189.0,10182.0,0.9481632336483878,1.0
31.0,0.8,0.6855234727951287,0.7139886164623468,0.8972696916126498,9136.0,10182.0,0.9481632336483878,1.0
31.0,0.85,0.6855234727951287,0.7137517863031768,0.893439402867806,9097.0,10182.0,0.9481632336483878,1.0
31.0,0.9,0.6855234727951287,0.7141752292564357,0.8889216263995285,9051.0,10182.0,0.9481632336483878,1.0
31.0,0.95,0.6855234727951287,0.7151813703537842,0.8772343351011589,8932.0,10182.0,0.9481632336483878,1.0
31.0,1.0,0.6855234727951287,nan,0.0,0.0,10182.0,0.9481632336483878,1.0
32.0,0.0,0.703594578668238,0.7041838538597525,1.0,10182.0,10182.0,0.9485878663825758,1.0
32.0,0.05,0.703594578668238,0.7041838538597525,1.0,10182.0,10182.0,0.9485878663825758,1.0
32.0,0.1,0.703594578668238,0.7041547981534231,0.9999017874680809,10181.0,10182.0,0.9485878663825758,1.0
32.0,0.15,0.703594578668238,0.7044717444717444,0.9993125122765665,10175.0,10182.0,0.9485878663825758,1.0
32.0,0.2,0.703594578668238,0.7051181102362205,0.9978393242977804,10160.0,10182.0,0.9485878663825758,1.0
32.0,0.25,0.703594578668238,0.7065271057568875,0.994598310744451,10127.0,10182.0,0.9485878663825758,1.0
32.0,0.3,0.703594578668238,0.7083870967741935,0.9894912590846592,10075.0,10182.0,0.9485878663825758,1.0
32.0,0.35,0.703594578668238,0.7100189791229647,0.9832056570418385,10011.0,10182.0,0.9485878663825758,1.0
32.0,0.4,0.703594578668238,0.7126031809945641,0.97564329208407,9934.0,10182.0,0.9485878663825758,1.0
32.0,0.45,0.703594578668238,0.7166020803589639,0.9630720879984286,9806.0,10182.0,0.9485878663825758,1.0
32.0,0.5,0.703594578668238,0.7186102153334026,0.9441170693380475,9613.0,10182.0,0.9485878663825758,1.0
32.0,0.55,0.703594578668238,0.7181770560502881,0.9374386171675506,9545.0,10182.0,0.9485878663825758,1.0
32.0,0.6,0.703594578668238,0.7180755869038846,0.9329208406992733,9499.0,10182.0,0.9485878663825758,1.0
32.0,0.65,0.703594578668238,0.7183901975282561,0.9297780396778629,9467.0,10182.0,0.9485878663825758,1.0
32.0,0.7,0.703594578668238,0.7207446808510638,0.923197800039285,9400.0,10182.0,0.9485878663825758,1.0
32.0,0.75,0.703594578668238,0.7207799202843909,0.9117069338047535,9283.0,10182.0,0.9485878663825758,1.0
32.0,0.8,0.703594578668238,0.7268041237113402,0.8955018660381064,9118.0,10182.0,0.9485878663825758,1.0
32.0,0.85,0.703594578668238,0.7271825396825397,0.8909840895698291,9072.0,10182.0,0.9485878663825758,1.0
32.0,0.9,0.703594578668238,0.727363184079602,0.8883323512080141,9045.0,10182.0,0.9485878663825758,1.0
32.0,0.95,0.703594578668238,0.7294653773480049,0.8836181496758987,8997.0,10182.0,0.9485878663825758,1.0
32.0,1.0,0.703594578668238,nan,0.0,0.0,10182.0,0.9485878663825758,1.0
33.0,0.0,0.6907287369868396,0.6923983500294637,1.0,10182.0,10182.0,0.9450684280817634,1.0
33.0,0.05,0.6907287369868396,0.6923983500294637,1.0,10182.0,10182.0,0.9450684280817634,1.0
33.0,0.1,0.6907287369868396,0.6924663589038405,0.9999017874680809,10181.0,10182.0,0.9450684280817634,1.0
33.0,0.15,0.6907287369868396,0.6925798525798526,0.9993125122765665,10175.0,10182.0,0.9450684280817634,1.0
33.0,0.2,0.6907287369868396,0.6928374655647382,0.9982321744254566,10164.0,10182.0,0.9450684280817634,1.0
33.0,0.25,0.6907287369868396,0.6936199585839661,0.995973286191318,10141.0,10182.0,0.9450684280817634,1.0
33.0,0.3,0.6907287369868396,0.6940734144652221,0.9926340601060696,10107.0,10182.0,0.9450684280817634,1.0
33.0,0.35,0.6907287369868396,0.6961194029850746,0.9870359457866824,10050.0,10182.0,0.9450684280817634,1.0
33.0,0.4,0.6907287369868396,0.70017121563098,0.9751522294244745,9929.0,10182.0,0.9450684280817634,1.0
33.0,0.45,0.6907287369868396,0.7026889386840497,0.9642506383814575,9818.0,10182.0,0.9450684280817634,1.0
33.0,0.5,0.6907287369868396,0.7092529271578075,0.9478491455509723,9651.0,10182.0,0.9450684280817634,1.0
33.0,0.55,0.6907287369868396,0.7137601177336277,0.9342958161461402,9513.0,10182.0,0.9450684280817634,1.0
33.0,0.6,0.6907287369868396,0.7174235993208828,0.9255549008053428,9424.0,10182.0,0.9450684280817634,1.0
33.0,0.65,0.6907287369868396,0.7186433447098977,0.9208406992732273,9376.0,10182.0,0.9450684280817634,1.0
33.0,0.7,0.6907287369868396,0.7206451612903226,0.9133765468473777,9300.0,10182.0,0.9450684280817634,1.0
33.0,0.75,0.6907287369868396,0.7236355729506414,0.9033588685916323,9198.0,10182.0,0.9450684280817634,1.0
33.0,0.8,0.6907287369868396,0.7241190632523528,0.8974661166764879,9138.0,10182.0,0.9450684280817634,1.0
33.0,0.85,0.6907287369868396,0.7295555555555555,0.8839127872716559,9000.0,10182.0,0.9450684280817634,1.0
33.0,0.9,0.6907287369868396,0.7307134085073127,0.8796896483991358,8957.0,10182.0,0.9450684280817634,1.0
33.0,0.95,0.6907287369868396,0.7333107803337844,0.8709487330583382,8868.0,10182.0,0.9450684280817634,1.0
33.0,1.0,0.6907287369868396,nan,0.0,0.0,10182.0,0.9450684280817634,1.0
34.0,0.0,0.664407778432528,0.6621488901983893,1.0,10182.0,10182.0,0.9551211899485599,1.0
34.0,0.05,0.664407778432528,0.6621488901983893,1.0,10182.0,10182.0,0.9551211899485599,1.0
34.0,0.1,0.664407778432528,0.662213927904921,0.9999017874680809,10181.0,10182.0,0.9551211899485599,1.0
34.0,0.15,0.664407778432528,0.6625393081761006,0.9994107248084856,10176.0,10182.0,0.9551211899485599,1.0
34.0,0.2,0.664407778432528,0.6628970400236012,0.9987232370850521,10169.0,10182.0,0.9551211899485599,1.0
34.0,0.25,0.664407778432528,0.6634492268295085,0.9971518365743469,10153.0,10182.0,0.9551211899485599,1.0
34.0,0.3,0.664407778432528,0.6649219830140233,0.9945000982125319,10126.0,10182.0,0.9551211899485599,1.0
34.0,0.35,0.664407778432528,0.6675597896199266,0.9896876841484974,10077.0,10182.0,0.9551211899485599,1.0
34.0,0.4,0.664407778432528,0.67442794058611,0.9785896680416422,9964.0,10182.0,0.9551211899485599,1.0
34.0,0.45,0.664407778432528,0.67826438757965,0.9710273030838735,9887.0,10182.0,0.9551211899485599,1.0
34.0,0.5,0.664407778432528,0.680770412867534,0.9586525240620704,9761.0,10182.0,0.9551211899485599,1.0
34.0,0.55,0.664407778432528,0.6820773297398155,0.947456295423296,9647.0,10182.0,0.9551211899485599,1.0
34.0,0.6,0.664407778432528,0.6828253406844897,0.9441170693380475,9613.0,10182.0,0.9551211899485599,1.0
34.0,0.65,0.664407778432528,0.6846290676990687,0.9386171675505794,9557.0,10182.0,0.9551211899485599,1.0
34.0,0.7,0.664407778432528,0.6851342778600127,0.9288941268905913,9458.0,10182.0,0.9551211899485599,1.0
34.0,0.75,0.664407778432528,0.6858571884644036,0.9229031624435278,9397.0,10182.0,0.9551211899485599,1.0
34.0,0.8,0.664407778432528,0.686798503474078,0.9187782361029267,9355.0,10182.0,0.9551211899485599,1.0
34.0,0.85,0.664407778432528,0.6918068366793272,0.9050284816342565,9215.0,10182.0,0.9551211899485599,1.0
34.0,0.9,0.664407778432528,0.6911668484187569,0.9006089176978983,9170.0,10182.0,0.9551211899485599,1.0
34.0,0.95,0.664407778432528,0.6911829375549692,0.8933411903358869,9096.0,10182.0,0.9551211899485599,1.0
34.0,1.0,0.664407778432528,nan,0.0,0.0,10182.0,0.9551211899485599,1.0
35.0,0.0,0.659006089176979,0.6572382636024356,1.0,10182.0,10182.0,0.9764603135602059,1.0
35.0,0.05,0.659006089176979,0.6573028189765249,0.9999017874680809,10181.0,10182.0,0.9764603135602059,1.0
35.0,0.1,0.659006089176979,0.6573028189765249,0.9999017874680809,10181.0,10182.0,0.9764603135602059,1.0
35.0,0.15,0.659006089176979,0.6573028189765249,0.9999017874680809,10181.0,10182.0,0.9764603135602059,1.0
35.0,0.2,0.659006089176979,0.6573337262992436,0.9997053624042428,10179.0,10182.0,0.9764603135602059,1.0
35.0,0.25,0.659006089176979,0.6574911521824617,0.9990178746808093,10172.0,10182.0,0.9764603135602059,1.0
35.0,0.3,0.659006089176979,0.6579076862513532,0.9979375368296994,10161.0,10182.0,0.9764603135602059,1.0
35.0,0.35,0.659006089176979,0.6582889808791642,0.9964643488509134,10146.0,10182.0,0.9764603135602059,1.0
35.0,0.4,0.659006089176979,0.659180846853977,0.9927322726379886,10108.0,10182.0,0.9764603135602059,1.0
35.0,0.45,0.659006089176979,0.6633376610406472,0.9834020821056767,10013.0,10182.0,0.9764603135602059,1.0
35.0,0.5,0.659006089176979,0.6640264688189292,0.9795717933608329,9974.0,10182.0,0.9764603135602059,1.0
35.0,0.55,0.659006089176979,0.6642174131857072,0.975741504615989,9935.0,10182.0,0.9764603135602059,1.0
35.0,0.6,0.659006089176979,0.665186231957202,0.972991553722255,9907.0,10182.0,0.9764603135602059,1.0
35.0,0.65,0.659006089176979,0.6661946186526401,0.9709290905519544,9886.0,10182.0,0.9764603135602059,1.0
35.0,0.7,0.659006089176979,0.6674454037582529,0.9669023767432724,9845.0,10182.0,0.9764603135602059,1.0
35.0,0.75,0.659006089176979,0.6687461648598896,0.9603221371046946,9778.0,10182.0,0.9764603135602059,1.0
35.0,0.8,0.659006089176979,0.6716387202962658,0.9547240227853074,9721.0,10182.0,0.9764603135602059,1.0
35.0,0.85,0.659006089176979,0.6709096553865259,0.9490276959340012,9663.0,10182.0,0.9764603135602059,1.0
35.0,0.9,0.659006089176979,0.6708177667081777,0.9463759575721862,9636.0,10182.0,0.9764603135602059,1.0
35.0,0.95,0.659006089176979,0.6713213839099624,0.9424474562954233,9596.0,10182.0,0.9764603135602059,1.0
35.0,1.0,0.659006089176979,nan,0.0,0.0,10182.0,0.9764603135602059,1.0
36.0,0.0,0.7167550579453938,0.7194067963072088,1.0,10182.0,10182.0,0.9707917005051988,1.0
36.0,0.05,0.7167550579453938,0.7194067963072088,1.0,10182.0,10182.0,0.9707917005051988,1.0
36.0,0.1,0.7167550579453938,0.7193792358314507,0.9999017874680809,10181.0,10182.0,0.9707917005051988,1.0
36.0,0.15,0.7167550579453938,0.7194534552246141,0.9991160872127284,10173.0,10182.0,0.9707917005051988,1.0
36.0,0.2,0.7167550579453938,0.7193068819533327,0.9975446867020232,10157.0,10182.0,0.9707917005051988,1.0
36.0,0.25,0.7167550579453938,0.7191077773391236,0.9950893734040464,10132.0,10182.0,0.9707917005051988,1.0
36.0,0.3,0.7167550579453938,0.7194964813162851,0.9908662345315262,10089.0,10182.0,0.9707917005051988,1.0
36.0,0.35,0.7167550579453938,0.719558296856347,0.9872323708505205,10052.0,10182.0,0.9707917005051988,1.0
36.0,0.4,0.7167550579453938,0.7200997506234414,0.9845806324887055,10025.0,10182.0,0.9707917005051988,1.0
36.0,0.45,0.7167550579453938,0.7207513238085723,0.9830092319780004,10009.0,10182.0,0.9707917005051988,1.0
36.0,0.5,0.7167550579453938,0.7211750551433728,0.9795717933608329,9974.0,10182.0,0.9707917005051988,1.0
36.0,0.55,0.7167550579453938,0.7223676263338031,0.97564329208407,9934.0,10182.0,0.9707917005051988,1.0
36.0,0.6,0.7167550579453938,0.7291051613560012,0.9647417010410528,9823.0,10182.0,0.9707917005051988,1.0
36.0,0.65,0.7167550579453938,0.7320402298850575,0.9569829110194461,9744.0,10182.0,0.9707917005051988,1.0
36.0,0.7,0.7167550579453938,0.7334433670311533,0.9520722844234925,9694.0,10182.0,0.9707917005051988,1.0
36.0,0.75,0.7167550579453938,0.7342165183191885,0.948929483402082,9662.0,10182.0,0.9707917005051988,1.0
36.0,0.8,0.7167550579453938,0.7349097697573118,0.9469652327637006,9642.0,10182.0,0.9707917005051988,1.0
36.0,0.85,0.7167550579453938,0.7361472086495477,0.9447063445295619,9619.0,10182.0,0.9707917005051988,1.0
36.0,0.9,0.7167550579453938,0.7379857918930213,0.9400903555293656,9572.0,10182.0,0.9707917005051988,1.0
36.0,0.95,0.7167550579453938,0.7448224852071006,0.9294834020821057,9464.0,10182.0,0.9707917005051988,1.0
36.0,1.0,0.7167550579453938,nan,0.0,0.0,10182.0,0.9707917005051988,1.0
37.0,0.0,0.71292476920055,0.7085052052641917,1.0,10182.0,10182.0,0.9575265903787608,1.0
37.0,0.05,0.71292476920055,0.7085052052641917,1.0,10182.0,10182.0,0.9575265903787608,1.0
37.0,0.1,0.71292476920055,0.7085052052641917,1.0,10182.0,10182.0,0.9575265903787608,1.0
37.0,0.15,0.71292476920055,0.7087960687960688,0.9993125122765665,10175.0,10182.0,0.9575265903787608,1.0
37.0,0.2,0.71292476920055,0.7090587193862496,0.998526812021214,10167.0,10182.0,0.9575265903787608,1.0
37.0,0.25,0.71292476920055,0.7099191480970223,0.9960714987232371,10142.0,10182.0,0.9575265903787608,1.0
37.0,0.3,0.71292476920055,0.7110714639706611,0.9908662345315262,10089.0,10182.0,0.9575265903787608,1.0
37.0,0.35,0.71292476920055,0.7151028600100351,0.9786878805735612,9965.0,10182.0,0.9575265903787608,1.0
37.0,0.4,0.71292476920055,0.7173978819969743,0.9737772539776075,9915.0,10182.0,0.9575265903787608,1.0
37.0,0.45,0.71292476920055,0.7183355269818771,0.9700451777646828,9877.0,10182.0,0.9575265903787608,1.0
37.0,0.5,0.71292476920055,0.718927701056052,0.9671970143390297,9848.0,10182.0,0.9575265903787608,1.0
37.0,0.55,0.71292476920055,0.7193036041539401,0.9646434885091337,9822.0,10182.0,0.9575265903787608,1.0
37.0,0.6,0.71292476920055,0.7212879409351928,0.9577686112747986,9752.0,10182.0,0.9575265903787608,1.0
37.0,0.65,0.71292476920055,0.7257233035244608,0.9335101158907877,9505.0,10182.0,0.9575265903787608,1.0
37.0,0.7,0.71292476920055,0.729620576044213,0.9240817128265567,9409.0,10182.0,0.9575265903787608,1.0
37.0,0.75,0.71292476920055,0.7312907013985267,0.9199567864859556,9367.0,10182.0,0.9575265903787608,1.0
37.0,0.8,0.71292476920055,0.7331975560081466,0.9162247102730309,9329.0,10182.0,0.9575265903787608,1.0
37.0,0.85,0.71292476920055,0.7337348101946446,0.9132783343154587,9299.0,10182.0,0.9575265903787608,1.0
37.0,0.9,0.71292476920055,0.7345218800648298,0.9089569829110195,9255.0,10182.0,0.9575265903787608,1.0
37.0,0.95,0.71292476920055,0.7353453911527565,0.9013946179532508,9178.0,10182.0,0.9575265903787608,1.0
37.0,1.0,0.71292476920055,nan,0.0,0.0,10182.0,0.9575265903787608,1.0
38.0,0.0,0.7233352975839717,0.7256923983500294,1.0,10182.0,10182.0,0.9541480668998437,1.0
38.0,0.05,0.7233352975839717,0.7256923983500294,1.0,10182.0,10182.0,0.9541480668998437,1.0
38.0,0.1,0.7233352975839717,0.7256654552597976,0.9999017874680809,10181.0,10182.0,0.9541480668998437,1.0
38.0,0.15,0.7233352975839717,0.7257272012578616,0.9994107248084856,10176.0,10182.0,0.9541480668998437,1.0
38.0,0.2,0.7233352975839717,0.7257699498179672,0.9981339618935376,10163.0,10182.0,0.9541480668998437,1.0
38.0,0.25,0.7233352975839717,0.7262960772718312,0.9964643488509134,10146.0,10182.0,0.9541480668998437,1.0
38.0,0.3,0.7233352975839717,0.7284427284427284,0.9920447849145551,10101.0,10182.0,0.9541480668998437,1.0
38.0,0.35,0.7233352975839717,0.7324859887910328,0.9813396189353761,9992.0,10182.0,0.9541480668998437,1.0
38.0,0.4,0.7233352975839717,0.7335814140601428,0.9765272048713416,9943.0,10182.0,0.9541480668998437,1.0
38.0,0.45,0.7233352975839717,0.7343371059013742,0.9719112158711452,9896.0,10182.0,0.9541480668998437,1.0
38.0,0.5,0.7233352975839717,0.7342158859470469,0.9644470634452956,9820.0,10182.0,0.9541480668998437,1.0
38.0,0.55,0.7233352975839717,0.7349360613810741,0.9600274995089373,9775.0,10182.0,0.9541480668998437,1.0
38.0,0.6,0.7233352975839717,0.7358141447368421,0.955411510508741,9728.0,10182.0,0.9541480668998437,1.0
38.0,0.65,0.7233352975839717,0.7351253718657034,0.9243763504223139,9412.0,10182.0,0.9541480668998437,1.0
38.0,0.7,0.7233352975839717,0.7376715265866209,0.9161264977411118,9328.0,10182.0,0.9541480668998437,1.0
38.0,0.75,0.7233352975839717,0.738980493587671,0.9113140836770772,9279.0,10182.0,0.9541480668998437,1.0
38.0,0.8,0.7233352975839717,0.7420647817137905,0.9065998821449617,9231.0,10182.0,0.9541480668998437,1.0
38.0,0.85,0.7233352975839717,0.7426957749538394,0.9042427813789039,9207.0,10182.0,0.9541480668998437,1.0
38.0,0.9,0.7233352975839717,0.7446227754121629,0.8995285798467885,9159.0,10182.0,0.9541480668998437,1.0
38.0,0.95,0.7233352975839717,0.7470303563572371,0.8929483402082106,9092.0,10182.0,0.9541480668998437,1.0
38.0,1.0,0.7233352975839717,nan,0.0,0.0,10182.0,0.9541480668998437,1.0
39.0,0.0,0.6761932822628167,0.6771754075820074,1.0,10182.0,10182.0,0.9594046120540821,1.0
39.0,0.05,0.6761932822628167,0.6771754075820074,1.0,10182.0,10182.0,0.9594046120540821,1.0
39.0,0.1,0.6761932822628167,0.6771754075820074,1.0,10182.0,10182.0,0.9594046120540821,1.0
39.0,0.15,0.6761932822628167,0.6771754075820074,1.0,10182.0,10182.0,0.9594046120540821,1.0
39.0,0.2,0.6761932822628167,0.6775113033221938,0.9992142997446474,10174.0,10182.0,0.9594046120540821,1.0
39.0,0.25,0.6761932822628167,0.6778477277198505,0.9984285994892949,10166.0,10182.0,0.9594046120540821,1.0
39.0,0.3,0.6761932822628167,0.6782968657599053,0.9964643488509134,10146.0,10182.0,0.9594046120540821,1.0
39.0,0.35,0.6761932822628167,0.678956212315904,0.9936161854252603,10117.0,10182.0,0.9594046120540821,1.0
39.0,0.4,0.6761932822628167,0.6788154897494305,0.9916519347868789,10097.0,10182.0,0.9594046120540821,1.0
39.0,0.45,0.6761932822628167,0.6795190301103051,0.9883127087016303,10063.0,10182.0,0.9594046120540821,1.0
39.0,0.5,0.6761932822628167,0.6799282081962309,0.9849734826163818,10029.0,10182.0,0.9594046120540821,1.0
39.0,0.55,0.6761932822628167,0.6813406703351675,0.9816342565311333,9995.0,10182.0,0.9594046120540821,1.0
39.0,0.6,0.6761932822628167,0.683866425266546,0.9764289923394225,9942.0,10182.0,0.9594046120540821,1.0
39.0,0.65,0.6761932822628167,0.6830479813992814,0.9292869770182676,9462.0,10182.0,0.9594046120540821,1.0
39.0,0.7,0.6761932822628167,0.6820666738128417,0.9162247102730309,9329.0,10182.0,0.9594046120540821,1.0
39.0,0.75,0.6761932822628167,0.6848648648648649,0.908465920251424,9250.0,10182.0,0.9594046120540821,1.0
39.0,0.8,0.6761932822628167,0.6862787668258793,0.9047338440384993,9212.0,10182.0,0.9594046120540821,1.0
39.0,0.85,0.6761932822628167,0.6863621497874196,0.9009035552936555,9173.0,10182.0,0.9594046120540821,1.0
39.0,0.9,0.6761932822628167,0.6882546652030735,0.8947161657827539,9110.0,10182.0,0.9594046120540821,1.0
39.0,0.95,0.6761932822628167,0.689792751856367,0.8861716755057946,9023.0,10182.0,0.9594046120540821,1.0
39.0,1.0,0.6761932822628167,nan,0.0,0.0,10182.0,0.9594046120540821,1.0
40.0,0.0,0.7060498919662149,0.7087016303280299,1.0,10182.0,10182.0,0.9520065241188332,1.0
40.0,0.05,0.7060498919662149,0.7087016303280299,1.0,10182.0,10182.0,0.9520065241188332,1.0
40.0,0.1,0.7060498919662149,0.7086730183675474,0.9999017874680809,10181.0,10182.0,0.9520065241188332,1.0
40.0,0.15,0.7060498919662149,0.708558514296944,0.9995089373404047,10177.0,10182.0,0.9520065241188332,1.0
40.0,0.2,0.7060498919662149,0.7089603619553457,0.998526812021214,10167.0,10182.0,0.9520065241188332,1.0
40.0,0.25,0.7060498919662149,0.7092736769488519,0.9965625613828325,10147.0,10182.0,0.9520065241188332,1.0
40.0,0.3,0.7060498919662149,0.7094634725796872,0.9921429974464742,10102.0,10182.0,0.9520065241188332,1.0
40.0,0.35,0.7060498919662149,0.7093983092988563,0.9875270084462777,10055.0,10182.0,0.9520065241188332,1.0
40.0,0.4,0.7060498919662149,0.7103579284143171,0.9823217442545669,10002.0,10182.0,0.9520065241188332,1.0
40.0,0.45,0.7060498919662149,0.7107006625175668,0.978393242977804,9962.0,10182.0,0.9520065241188332,1.0
40.0,0.5,0.7060498919662149,0.711045864128784,0.9700451777646828,9877.0,10182.0,0.9520065241188332,1.0
40.0,0.55,0.7060498919662149,0.714038304808476,0.9640542133176193,9816.0,10182.0,0.9520065241188332,1.0
40.0,0.6,0.7060498919662149,0.7182037056422066,0.9382243174229031,9553.0,10182.0,0.9520065241188332,1.0
40.0,0.65,0.7060498919662149,0.7191094228131265,0.9307601649970536,9477.0,10182.0,0.9520065241188332,1.0
40.0,0.7,0.7060498919662149,0.7193544939617399,0.9189746611667649,9357.0,10182.0,0.9520065241188332,1.0
40.0,0.75,0.7060498919662149,0.7175870673755018,0.9052249066980946,9217.0,10182.0,0.9520065241188332,1.0
40.0,0.8,0.7060498919662149,0.7183313364557238,0.901689255549008,9181.0,10182.0,0.9520065241188332,1.0
40.0,0.85,0.7060498919662149,0.7188526384935406,0.8970732665488116,9134.0,10182.0,0.9520065241188332,1.0
40.0,0.9,0.7060498919662149,0.719143298741444,0.8896091141229621,9058.0,10182.0,0.9520065241188332,1.0
40.0,0.95,0.7060498919662149,0.7201747507561331,0.8767432724415636,8927.0,10182.0,0.9520065241188332,1.0
40.0,1.0,0.7060498919662149,nan,0.0,0.0,10182.0,0.9520065241188332,1.0
41.0,0.0,0.6443724219210372,0.6636220781771754,1.0,10182.0,10182.0,0.9462657156278731,1.0
41.0,0.05,0.6443724219210372,0.6636220781771754,1.0,10182.0,10182.0,0.9462657156278731,1.0
41.0,0.1,0.6443724219210372,0.6637524557956778,0.9998035749361619,10180.0,10182.0,0.9462657156278731,1.0
41.0,0.15,0.6443724219210372,0.6638820638820638,0.9993125122765665,10175.0,10182.0,0.9462657156278731,1.0
41.0,0.2,0.6443724219210372,0.6640409610082709,0.9974464741701041,10156.0,10182.0,0.9462657156278731,1.0
41.0,0.25,0.6443724219210372,0.6639376602880253,0.9956786485955608,10138.0,10182.0,0.9462657156278731,1.0
41.0,0.3,0.6443724219210372,0.6635661982980408,0.9925358475741505,10106.0,10182.0,0.9462657156278731,1.0
41.0,0.35,0.6443724219210372,0.6629696243005595,0.9829110194460813,10008.0,10182.0,0.9462657156278731,1.0
41.0,0.4,0.6443724219210372,0.6612821294320838,0.9667059516794343,9843.0,10182.0,0.9462657156278731,1.0
41.0,0.45,0.6443724219210372,0.6626146080148346,0.9533490473384404,9707.0,10182.0,0.9462657156278731,1.0
41.0,0.5,0.6443724219210372,0.6687199832950511,0.94067963072088,9578.0,10182.0,0.9462657156278731,1.0
41.0,0.55,0.6443724219210372,0.6734801390791276,0.9321351404439207,9491.0,10182.0,0.9462657156278731,1.0
41.0,0.6,0.6443724219210372,0.674687301250795,0.9265370261245335,9434.0,10182.0,0.9462657156278731,1.0
41.0,0.65,0.6443724219210372,0.6763733333333334,0.9207424867413082,9375.0,10182.0,0.9462657156278731,1.0
41.0,0.7,0.6443724219210372,0.6787637303467585,0.9120015714005107,9286.0,10182.0,0.9462657156278731,1.0
41.0,0.75,0.6443724219210372,0.6835869565217392,0.9035552936554705,9200.0,10182.0,0.9462657156278731,1.0
41.0,0.8,0.6443724219210372,0.6848597314703635,0.8997250049106266,9161.0,10182.0,0.9462657156278731,1.0
41.0,0.85,0.6443724219210372,0.685692375109553,0.8964839913572972,9128.0,10182.0,0.9462657156278731,1.0
41.0,0.9,0.6443724219210372,0.6867297535211268,0.8925554900805343,9088.0,10182.0,0.9462657156278731,1.0
41.0,0.95,0.6443724219210372,0.6890933274218577,0.8860734629738755,9022.0,10182.0,0.9462657156278731,1.0
41.0,1.0,0.6443724219210372,nan,0.0,0.0,10182.0,0.9462657156278731,1.0
42.0,0.0,0.6984875270084463,0.6956393635827932,1.0,10182.0,10182.0,0.9221406913393725,1.0
42.0,0.05,0.6984875270084463,0.6956393635827932,1.0,10182.0,10182.0,0.9221406913393725,1.0
42.0,0.1,0.6984875270084463,0.6956393635827932,1.0,10182.0,10182.0,0.9221406913393725,1.0
42.0,0.15,0.6984875270084463,0.6960880676233536,0.9992142997446474,10174.0,10182.0,0.9221406913393725,1.0
42.0,0.2,0.6984875270084463,0.6968740755349571,0.995973286191318,10141.0,10182.0,0.9221406913393725,1.0
42.0,0.25,0.6984875270084463,0.6996420759594353,0.9878216460420349,10058.0,10182.0,0.9221406913393725,1.0
42.0,0.3,0.6984875270084463,0.7016137115365341,0.9798664309565901,9977.0,10182.0,0.9221406913393725,1.0
42.0,0.35,0.6984875270084463,0.7016976556184317,0.9719112158711452,9896.0,10182.0,0.9221406913393725,1.0
42.0,0.4,0.6984875270084463,0.7054018176248341,0.9617953250834806,9793.0,10182.0,0.9221406913393725,1.0
42.0,0.45,0.6984875270084463,0.7182448036951501,0.9355725790610881,9526.0,10182.0,0.9221406913393725,1.0
42.0,0.5,0.6984875270084463,0.7160359969641115,0.9058141818896092,9223.0,10182.0,0.9221406913393725,1.0
42.0,0.55,0.6984875270084463,0.7176923076923077,0.8937340404635632,9100.0,10182.0,0.9221406913393725,1.0
42.0,0.6,0.6984875270084463,0.7188675071886751,0.8880377136122569,9042.0,10182.0,0.9221406913393725,1.0
42.0,0.65,0.6984875270084463,0.7217584863661658,0.8824395992928697,8985.0,10182.0,0.9221406913393725,1.0
42.0,0.7,0.6984875270084463,0.7271194063413537,0.8735022588882342,8894.0,10182.0,0.9221406913393725,1.0
42.0,0.75,0.6984875270084463,0.7287426503844414,0.8685916322922805,8844.0,10182.0,0.9221406913393725,1.0
42.0,0.8,0.6984875270084463,0.7299020724208608,0.8625024553132979,8782.0,10182.0,0.9221406913393725,1.0
42.0,0.85,0.6984875270084463,0.7298599954096856,0.855824003142801,8714.0,10182.0,0.9221406913393725,1.0
42.0,0.9,0.6984875270084463,0.7309027777777778,0.8485562757807896,8640.0,10182.0,0.9221406913393725,1.0
42.0,0.95,0.6984875270084463,0.7318815127034305,0.8388332351208014,8541.0,10182.0,0.9221406913393725,1.0
42.0,1.0,0.6984875270084463,nan,0.0,0.0,10182.0,0.9221406913393725,1.0
43.0,0.0,0.6743272441563544,0.6761932822628167,1.0,10182.0,10182.0,0.958919399685205,1.0
43.0,0.05,0.6743272441563544,0.6761932822628167,1.0,10182.0,10182.0,0.958919399685205,1.0
43.0,0.1,0.6743272441563544,0.6762596994401335,0.9999017874680809,10181.0,10182.0,0.958919399685205,1.0
43.0,0.15,0.6743272441563544,0.6762596994401335,0.9999017874680809,10181.0,10182.0,0.958919399685205,1.0
43.0,0.2,0.6743272441563544,0.6762943314667452,0.9997053624042428,10179.0,10182.0,0.958919399685205,1.0
43.0,0.25,0.6743272441563544,0.6764329957722938,0.9989196621488902,10171.0,10182.0,0.958919399685205,1.0
43.0,0.3,0.6743272441563544,0.6765777296445801,0.9975446867020232,10157.0,10182.0,0.958919399685205,1.0
43.0,0.35,0.6743272441563544,0.675670327495795,0.9926340601060696,10107.0,10182.0,0.958919399685205,1.0
43.0,0.4,0.6743272441563544,0.6776505724240915,0.986544883127087,10045.0,10182.0,0.958919399685205,1.0
43.0,0.45,0.6743272441563544,0.6779086010776292,0.9842859948929483,10022.0,10182.0,0.958919399685205,1.0
43.0,0.5,0.6743272441563544,0.6792433846463427,0.9761343547436653,9939.0,10182.0,0.958919399685205,1.0
43.0,0.55,0.6743272441563544,0.6815848901662903,0.9567864859556079,9742.0,10182.0,0.958919399685205,1.0
43.0,0.6,0.6743272441563544,0.6894176581089543,0.9410724808485563,9582.0,10182.0,0.958919399685205,1.0
43.0,0.65,0.6743272441563544,0.6916133095413036,0.9356707915930073,9527.0,10182.0,0.958919399685205,1.0
43.0,0.7,0.6743272441563544,0.6945031712473573,0.9290905519544294,9460.0,10182.0,0.958919399685205,1.0
43.0,0.75,0.6743272441563544,0.69596174282678,0.9241799253584757,9410.0,10182.0,0.958919399685205,1.0
43.0,0.8,0.6743272441563544,0.7020452099031216,0.912394421528187,9290.0,10182.0,0.958919399685205,1.0
43.0,0.85,0.6743272441563544,0.7049144836544706,0.9072873698683952,9238.0,10182.0,0.958919399685205,1.0
43.0,0.9,0.6743272441563544,0.7058503697259678,0.9031624435277942,9196.0,10182.0,0.958919399685205,1.0
43.0,0.95,0.6743272441563544,0.7077950514560981,0.8970732665488116,9134.0,10182.0,0.958919399685205,1.0
43.0,1.0,0.6743272441563544,nan,0.0,0.0,10182.0,0.958919399685205,1.0
44.0,0.0,0.675211156943626,0.6703987428795914,1.0,10182.0,10182.0,0.9490582567151761,1.0
44.0,0.05,0.675211156943626,0.6703987428795914,1.0,10182.0,10182.0,0.9490582567151761,1.0
44.0,0.1,0.675211156943626,0.670629851626216,0.9995089373404047,10177.0,10182.0,0.9490582567151761,1.0
44.0,0.15,0.675211156943626,0.6706333595594021,0.998625024553133,10168.0,10182.0,0.9490582567151761,1.0
44.0,0.2,0.675211156943626,0.6706032870780435,0.9979375368296994,10161.0,10182.0,0.9490582567151761,1.0
44.0,0.25,0.675211156943626,0.6720987654320988,0.9944018856806128,10125.0,10182.0,0.9490582567151761,1.0
44.0,0.3,0.675211156943626,0.6735422451408172,0.9903751718719308,10084.0,10182.0,0.9490582567151761,1.0
44.0,0.35,0.675211156943626,0.6762249723312205,0.9761343547436653,9939.0,10182.0,0.9490582567151761,1.0
44.0,0.4,0.675211156943626,0.677115987460815,0.9712237281477116,9889.0,10182.0,0.9490582567151761,1.0
44.0,0.45,0.675211156943626,0.6777203123415475,0.9684737772539777,9861.0,10182.0,0.9490582567151761,1.0
44.0,0.5,0.675211156943626,0.680114390767031,0.9615989000196425,9791.0,10182.0,0.9490582567151761,1.0
44.0,0.55,0.675211156943626,0.6769759450171822,0.9431349440188568,9603.0,10182.0,0.9490582567151761,1.0
44.0,0.6,0.675211156943626,0.6759611322348965,0.929876252209782,9468.0,10182.0,0.9490582567151761,1.0
44.0,0.65,0.675211156943626,0.6785866326096212,0.9228049499116088,9396.0,10182.0,0.9490582567151761,1.0
44.0,0.7,0.675211156943626,0.6814282650654085,0.9159300726772737,9326.0,10182.0,0.9490582567151761,1.0
44.0,0.75,0.675211156943626,0.681317494600432,0.9094480455706148,9260.0,10182.0,0.9490582567151761,1.0
44.0,0.8,0.675211156943626,0.6868719965050241,0.8992339422510313,9156.0,10182.0,0.9490582567151761,1.0
44.0,0.85,0.675211156943626,0.6883715822993302,0.8944215281869966,9107.0,10182.0,0.9490582567151761,1.0
44.0,0.9,0.675211156943626,0.6897387854072523,0.8910823021017482,9073.0,10182.0,0.9490582567151761,1.0
44.0,0.95,0.675211156943626,0.6922650094329154,0.8849931251227656,9011.0,10182.0,0.9490582567151761,1.0
44.0,1.0,0.675211156943626,nan,0.0,0.0,10182.0,0.9490582567151761,1.0
45.0,0.0,0.6931840502848163,0.6907287369868396,1.0,10182.0,10182.0,0.9493266155855832,1.0
45.0,0.05,0.6931840502848163,0.6906679764243615,0.9998035749361619,10180.0,10182.0,0.9493266155855832,1.0
45.0,0.1,0.6931840502848163,0.6910449228349552,0.9991160872127284,10173.0,10182.0,0.9493266155855832,1.0
45.0,0.15,0.6931840502848163,0.6916642062789096,0.9979375368296994,10161.0,10182.0,0.9493266155855832,1.0
45.0,0.2,0.6931840502848163,0.6923685251087386,0.9935179728933412,10116.0,10182.0,0.9493266155855832,1.0
45.0,0.25,0.6931840502848163,0.6954172503502102,0.9815360439992143,9994.0,10182.0,0.9493266155855832,1.0
45.0,0.3,0.6931840502848163,0.6964339832306293,0.9722058534669024,9899.0,10182.0,0.9493266155855832,1.0
45.0,0.35,0.6931840502848163,0.69657686854365,0.9697505401689256,9874.0,10182.0,0.9493266155855832,1.0
45.0,0.4,0.6931840502848163,0.6966680211296221,0.9668041642113534,9844.0,10182.0,0.9493266155855832,1.0
45.0,0.45,0.6931840502848163,0.6983057766891202,0.9622863877430761,9798.0,10182.0,0.9493266155855832,1.0
45.0,0.5,0.6931840502848163,0.6990062493596968,0.9586525240620704,9761.0,10182.0,0.9493266155855832,1.0
45.0,0.55,0.6931840502848163,0.699269772703898,0.9549204478491455,9723.0,10182.0,0.9493266155855832,1.0
45.0,0.6,0.6931840502848163,0.6992056856187291,0.9396975054016893,9568.0,10182.0,0.9493266155855832,1.0
45.0,0.65,0.6931840502848163,0.7003924064057694,0.9260459634649382,9429.0,10182.0,0.9493266155855832,1.0
45.0,0.7,0.6931840502848163,0.70162243472655,0.9140640345708112,9307.0,10182.0,0.9493266155855832,1.0
45.0,0.75,0.6931840502848163,0.7017392243707464,0.9091534079748576,9257.0,10182.0,0.9493266155855832,1.0
45.0,0.8,0.6931840502848163,0.7025151777970512,0.9059123944215282,9224.0,10182.0,0.9493266155855832,1.0
45.0,0.85,0.6931840502848163,0.7027409179899935,0.902966018463956,9194.0,10182.0,0.9493266155855832,1.0
45.0,0.9,0.6931840502848163,0.7028914348063284,0.9001178550383029,9165.0,10182.0,0.9493266155855832,1.0
45.0,0.95,0.6931840502848163,0.7039149029498849,0.8956000785700255,9119.0,10182.0,0.9493266155855832,1.0
45.0,1.0,0.6931840502848163,nan,0.0,0.0,10182.0,0.9493266155855832,1.0
46.0,0.0,0.6899430367314869,0.6918090748379493,1.0,10182.0,10182.0,0.937599243917796,1.0
46.0,0.05,0.6899430367314869,0.6918090748379493,1.0,10182.0,10182.0,0.937599243917796,1.0
46.0,0.1,0.6899430367314869,0.6918090748379493,1.0,10182.0,10182.0,0.937599243917796,1.0
46.0,0.15,0.6899430367314869,0.6920581875368587,0.9992142997446474,10174.0,10182.0,0.937599243917796,1.0
46.0,0.2,0.6899430367314869,0.6918908266824317,0.9967589864466706,10149.0,10182.0,0.937599243917796,1.0
46.0,0.25,0.6899430367314869,0.6921177400237061,0.9943036731486937,10124.0,10182.0,0.937599243917796,1.0
46.0,0.3,0.6899430367314869,0.6939994029256642,0.9869377332547633,10049.0,10182.0,0.937599243917796,1.0
46.0,0.35,0.6899430367314869,0.6954345214257108,0.9809467688076998,9988.0,10182.0,0.937599243917796,1.0
46.0,0.4,0.6899430367314869,0.6968507898178892,0.9761343547436653,9939.0,10182.0,0.937599243917796,1.0
46.0,0.45,0.6899430367314869,0.6981913711225624,0.9720094284030643,9897.0,10182.0,0.937599243917796,1.0
46.0,0.5,0.6899430367314869,0.6991078669910786,0.9687684148497349,9864.0,10182.0,0.937599243917796,1.0
46.0,0.55,0.6899430367314869,0.6994903160040775,0.9634649381261049,9810.0,10182.0,0.937599243917796,1.0
46.0,0.6,0.6899430367314869,0.7005248533497993,0.9543311726576311,9717.0,10182.0,0.937599243917796,1.0
46.0,0.65,0.6899430367314869,0.7127706584180291,0.8890198389314476,9052.0,10182.0,0.937599243917796,1.0
46.0,0.7,0.6899430367314869,0.7130473938984577,0.8724219210371243,8883.0,10182.0,0.937599243917796,1.0
46.0,0.75,0.6899430367314869,0.7137664697864607,0.8646631310155176,8804.0,10182.0,0.937599243917796,1.0
46.0,0.8,0.6899430367314869,0.7146110921307368,0.862404242781379,8781.0,10182.0,0.937599243917796,1.0
46.0,0.85,0.6899430367314869,0.7153661051907872,0.857100766057749,8727.0,10182.0,0.937599243917796,1.0
46.0,0.9,0.6899430367314869,0.7165399677493665,0.8526812021213906,8682.0,10182.0,0.937599243917796,1.0
46.0,0.95,0.6899430367314869,0.7185107863604732,0.8467884502062463,8622.0,10182.0,0.937599243917796,1.0
46.0,1.0,0.6899430367314869,nan,0.0,0.0,10182.0,0.937599243917796,1.0
47.0,0.0,0.6836574346886662,0.6842467098801807,1.0,10182.0,10182.0,0.9423524986054698,1.0
47.0,0.05,0.6836574346886662,0.6842467098801807,1.0,10182.0,10182.0,0.9423524986054698,1.0
47.0,0.1,0.6836574346886662,0.684313918082703,0.9999017874680809,10181.0,10182.0,0.9423524986054698,1.0
47.0,0.15,0.6836574346886662,0.6844173707997642,0.9996071498723237,10178.0,10182.0,0.9423524986054698,1.0
47.0,0.2,0.6836574346886662,0.6855426432932834,0.9972500491062659,10154.0,10182.0,0.9423524986054698,1.0
47.0,0.25,0.6836574346886662,0.6859088217880402,0.9952857984678845,10134.0,10182.0,0.9423524986054698,1.0
47.0,0.3,0.6836574346886662,0.6874442572589436,0.9910626595953643,10091.0,10182.0,0.9423524986054698,1.0
47.0,0.35,0.6836574346886662,0.6880055927294517,0.9834020821056767,10013.0,10182.0,0.9423524986054698,1.0
47.0,0.4,0.6836574346886662,0.6890806904857487,0.9785896680416422,9964.0,10182.0,0.9423524986054698,1.0
47.0,0.45,0.6836574346886662,0.6897141706924316,0.9758397171479081,9936.0,10182.0,0.9423524986054698,1.0
47.0,0.5,0.6836574346886662,0.6908852061438965,0.9719112158711452,9896.0,10182.0,0.9423524986054698,1.0
47.0,0.55,0.6836574346886662,0.6964248379678026,0.9395010803378511,9566.0,10182.0,0.9423524986054698,1.0
47.0,0.6,0.6836574346886662,0.6994935890529038,0.9115105087409153,9281.0,10182.0,0.9423524986054698,1.0
47.0,0.65,0.6836574346886662,0.7001088139281828,0.9025731683362798,9190.0,10182.0,0.9423524986054698,1.0
47.0,0.7,0.6836574346886662,0.6995594713656388,0.8917697898251817,9080.0,10182.0,0.9423524986054698,1.0
47.0,0.75,0.6836574346886662,0.6997675190966456,0.8871538008249853,9033.0,10182.0,0.9423524986054698,1.0
47.0,0.8,0.6836574346886662,0.7000333667000334,0.8830288744843842,8991.0,10182.0,0.9423524986054698,1.0
47.0,0.85,0.6836574346886662,0.6991833538427117,0.8779218228245924,8939.0,10182.0,0.9423524986054698,1.0
47.0,0.9,0.6836574346886662,0.6986624704956726,0.8737968964839914,8897.0,10182.0,0.9423524986054698,1.0
47.0,0.95,0.6836574346886662,0.6983265490728178,0.8685916322922805,8844.0,10182.0,0.9423524986054698,1.0
47.0,1.0,0.6836574346886662,nan,0.0,0.0,10182.0,0.9423524986054698,1.0
48.0,0.0,0.629345904537419,0.6299351797289334,1.0,10182.0,10182.0,0.9413537258797083,1.0
48.0,0.05,0.629345904537419,0.6299351797289334,1.0,10182.0,10182.0,0.9413537258797083,1.0
48.0,0.1,0.629345904537419,0.6300589390962672,0.9998035749361619,10180.0,10182.0,0.9413537258797083,1.0
48.0,0.15,0.629345904537419,0.6303941806743341,0.9991160872127284,10173.0,10182.0,0.9413537258797083,1.0
48.0,0.2,0.629345904537419,0.630362062180244,0.9982321744254566,10164.0,10182.0,0.9413537258797083,1.0
48.0,0.25,0.629345904537419,0.6308526367668802,0.9963661363189943,10145.0,10182.0,0.9413537258797083,1.0
48.0,0.3,0.629345904537419,0.6320530588002375,0.9921429974464742,10102.0,10182.0,0.9413537258797083,1.0
48.0,0.35,0.629345904537419,0.634667198882347,0.9841877823610292,10021.0,10182.0,0.9413537258797083,1.0
48.0,0.4,0.629345904537419,0.6342788171394086,0.9764289923394225,9942.0,10182.0,0.9413537258797083,1.0
48.0,0.45,0.629345904537419,0.6360865589759219,0.9667059516794343,9843.0,10182.0,0.9413537258797083,1.0
48.0,0.5,0.629345904537419,0.6366899097621,0.9577686112747986,9752.0,10182.0,0.9413537258797083,1.0
48.0,0.55,0.629345904537419,0.6405057999790992,0.9397957179336083,9569.0,10182.0,0.9413537258797083,1.0
48.0,0.6,0.629345904537419,0.6407387862796834,0.9305637399332155,9475.0,10182.0,0.9413537258797083,1.0
48.0,0.65,0.629345904537419,0.6412903225806451,0.9133765468473777,9300.0,10182.0,0.9413537258797083,1.0
48.0,0.7,0.629345904537419,0.6415073730202075,0.8991357297191122,9155.0,10182.0,0.9413537258797083,1.0
48.0,0.75,0.629345904537419,0.6437720848056537,0.889412689059124,9056.0,10182.0,0.9413537258797083,1.0
48.0,0.8,0.629345904537419,0.6461555580282631,0.882636024356708,8987.0,10182.0,0.9413537258797083,1.0
48.0,0.85,0.629345904537419,0.6458006718924972,0.8770379100373208,8930.0,10182.0,0.9413537258797083,1.0
48.0,0.9,0.629345904537419,0.6454012623985572,0.8713415831860145,8872.0,10182.0,0.9413537258797083,1.0
48.0,0.95,0.629345904537419,0.6449035498230795,0.8604399921429975,8761.0,10182.0,0.9413537258797083,1.0
48.0,1.0,0.629345904537419,nan,0.0,0.0,10182.0,0.9413537258797083,1.0
49.0,0.0,0.6288548418778236,0.6282655666863092,1.0,10182.0,10182.0,0.9845428085808926,1.0
49.0,0.05,0.6288548418778236,0.6282655666863092,1.0,10182.0,10182.0,0.9845428085808926,1.0
49.0,0.1,0.6288548418778236,0.6282655666863092,1.0,10182.0,10182.0,0.9845428085808926,1.0
49.0,0.15,0.6288548418778236,0.6283272762989883,0.9999017874680809,10181.0,10182.0,0.9845428085808926,1.0
49.0,0.2,0.6288548418778236,0.6283524904214559,0.9997053624042428,10179.0,10182.0,0.9845428085808926,1.0
49.0,0.25,0.6288548418778236,0.6286247911137325,0.9991160872127284,10173.0,10182.0,0.9845428085808926,1.0
49.0,0.3,0.6288548418778236,0.6287372147915028,0.998625024553133,10168.0,10182.0,0.9845428085808926,1.0
49.0,0.35,0.6288548418778236,0.6287036125602914,0.9977411117658613,10159.0,10182.0,0.9845428085808926,1.0
49.0,0.4,0.6288548418778236,0.6289066351178152,0.9961697112551562,10143.0,10182.0,0.9845428085808926,1.0
49.0,0.45,0.6288548418778236,0.628923988153998,0.9948929483402082,10130.0,10182.0,0.9845428085808926,1.0
49.0,0.5,0.6288548418778236,0.6290912686640957,0.993223335297584,10113.0,10182.0,0.9845428085808926,1.0
49.0,0.55,0.6288548418778236,0.6297581284694687,0.9907680219996071,10088.0,10182.0,0.9845428085808926,1.0
49.0,0.6,0.6288548418778236,0.6303699284009546,0.9876252209781968,10056.0,10182.0,0.9845428085808926,1.0
49.0,0.65,0.6288548418778236,0.6309167165967645,0.9835002946375958,10014.0,10182.0,0.9845428085808926,1.0
49.0,0.7,0.6288548418778236,0.6322522159548751,0.9750540168925554,9928.0,10182.0,0.9845428085808926,1.0
49.0,0.75,0.6288548418778236,0.6325459317585301,0.9728933411903359,9906.0,10182.0,0.9845428085808926,1.0
49.0,0.8,0.6288548418778236,0.6326592517694641,0.9713219406796307,9890.0,10182.0,0.9845428085808926,1.0
49.0,0.85,0.6288548418778236,0.6324794978232257,0.9700451777646828,9877.0,10182.0,0.9845428085808926,1.0
49.0,0.9,0.6288548418778236,0.6321185666429804,0.9674916519347869,9851.0,10182.0,0.9845428085808926,1.0
49.0,0.95,0.6288548418778236,0.6327302463457017,0.9608131997642899,9783.0,10182.0,0.9845428085808926,1.0
49.0,1.0,0.6288548418778236,nan,0.0,0.0,10182.0,0.9845428085808926,1.0
50.0,0.0,0.6472205853466902,0.6459438224317423,1.0,10182.0,10182.0,0.9680495482707183,1.0
50.0,0.05,0.6472205853466902,0.6459438224317423,1.0,10182.0,10182.0,0.9680495482707183,1.0
50.0,0.1,0.6472205853466902,0.6459438224317423,1.0,10182.0,10182.0,0.9680495482707183,1.0
50.0,0.15,0.6472205853466902,0.6459029278836707,0.9996071498723237,10178.0,10182.0,0.9680495482707183,1.0
50.0,0.2,0.6472205853466902,0.6460298742138365,0.9994107248084856,10176.0,10182.0,0.9680495482707183,1.0
50.0,0.25,0.6472205853466902,0.6461614173228346,0.9978393242977804,10160.0,10182.0,0.9680495482707183,1.0
50.0,0.3,0.6472205853466902,0.6466587817859255,0.9964643488509134,10146.0,10182.0,0.9680495482707183,1.0
50.0,0.35,0.6472205853466902,0.6474314560031674,0.9922412099783933,10103.0,10182.0,0.9680495482707183,1.0
50.0,0.4,0.6472205853466902,0.6475450652325465,0.9861520329994107,10041.0,10182.0,0.9680495482707183,1.0
50.0,0.45,0.6472205853466902,0.6469291654142871,0.9802592810842663,9981.0,10182.0,0.9680495482707183,1.0
50.0,0.5,0.6472205853466902,0.6477740930559742,0.9773129051266942,9951.0,10182.0,0.9680495482707183,1.0
50.0,0.55,0.6472205853466902,0.6502632644795464,0.9699469652327637,9876.0,10182.0,0.9680495482707183,1.0
50.0,0.6,0.6472205853466902,0.6518684451685165,0.9645452759772147,9821.0,10182.0,0.9680495482707183,1.0
50.0,0.65,0.6472205853466902,0.651685393258427,0.952759772146926,9701.0,10182.0,0.9680495482707183,1.0
50.0,0.7,0.6472205853466902,0.6519572214723289,0.9458848949125909,9631.0,10182.0,0.9680495482707183,1.0
50.0,0.75,0.6472205853466902,0.6515025041736227,0.9412689059123944,9584.0,10182.0,0.9680495482707183,1.0
50.0,0.8,0.6472205853466902,0.6517875810160987,0.9395010803378511,9566.0,10182.0,0.9680495482707183,1.0
50.0,0.85,0.6472205853466902,0.6519325442547397,0.9376350422313887,9547.0,10182.0,0.9680495482707183,1.0
50.0,0.9,0.6472205853466902,0.6529108327192336,0.9329208406992733,9499.0,10182.0,0.9680495482707183,1.0
50.0,0.95,0.6472205853466902,0.6531196943972836,0.9255549008053428,9424.0,10182.0,0.9680495482707183,1.0
50.0,1.0,0.6472205853466902,nan,0.0,0.0,10182.0,0.9680495482707183,1.0
51.0,0.0,0.6545865252406207,0.6540954625810254,1.0,10182.0,10182.0,0.9809145924619316,1.0
51.0,0.05,0.6545865252406207,0.6540954625810254,1.0,10182.0,10182.0,0.9809145924619316,1.0
51.0,0.1,0.6545865252406207,0.6540954625810254,1.0,10182.0,10182.0,0.9809145924619316,1.0
51.0,0.15,0.6545865252406207,0.6541257367387033,0.9998035749361619,10180.0,10182.0,0.9809145924619316,1.0
51.0,0.2,0.6545865252406207,0.6546330906944717,0.9984285994892949,10166.0,10182.0,0.9809145924619316,1.0
51.0,0.25,0.6545865252406207,0.6553900779169544,0.9957768611274799,10139.0,10182.0,0.9809145924619316,1.0
51.0,0.3,0.6545865252406207,0.6556324110671937,0.9939108230210175,10120.0,10182.0,0.9809145924619316,1.0
51.0,0.35,0.6545865252406207,0.6558171745152355,0.9927322726379886,10108.0,10182.0,0.9809145924619316,1.0
51.0,0.4,0.6545865252406207,0.6562035845133182,0.991848359850717,10099.0,10182.0,0.9809145924619316,1.0
51.0,0.45,0.6545865252406207,0.65625,0.9899823217442546,10080.0,10182.0,0.9809145924619316,1.0
51.0,0.5,0.6545865252406207,0.6561755361397935,0.989196621488902,10072.0,10182.0,0.9809145924619316,1.0
51.0,0.55,0.6545865252406207,0.6579340571770097,0.9859556079355726,10039.0,10182.0,0.9809145924619316,1.0
51.0,0.6,0.6545865252406207,0.6583633453381352,0.9817324690630524,9996.0,10182.0,0.9809145924619316,1.0
51.0,0.65,0.6545865252406207,0.6576004835297673,0.9749558043606364,9927.0,10182.0,0.9809145924619316,1.0
51.0,0.7,0.6545865252406207,0.6593005575266092,0.9688666273816539,9865.0,10182.0,0.9809145924619316,1.0
51.0,0.75,0.6545865252406207,0.6589107904897379,0.9666077391475152,9842.0,10182.0,0.9809145924619316,1.0
51.0,0.8,0.6545865252406207,0.6586333129957291,0.9658220388921627,9834.0,10182.0,0.9809145924619316,1.0
51.0,0.85,0.6545865252406207,0.6585241730279898,0.9649381261048909,9825.0,10182.0,0.9809145924619316,1.0
51.0,0.9,0.6545865252406207,0.6586136595310907,0.9634649381261049,9810.0,10182.0,0.9809145924619316,1.0
51.0,0.95,0.6545865252406207,0.6597115679656337,0.9602239245727755,9777.0,10182.0,0.9809145924619316,1.0
51.0,1.0,0.6545865252406207,nan,0.0,0.0,10182.0,0.9809145924619316,1.0
52.0,0.0,0.6556668630917305,0.6545865252406207,1.0,10182.0,10182.0,0.9699728534897367,1.0
52.0,0.05,0.6556668630917305,0.6545865252406207,1.0,10182.0,10182.0,0.9699728534897367,1.0
52.0,0.1,0.6556668630917305,0.654650820155191,0.9999017874680809,10181.0,10182.0,0.9699728534897367,1.0
52.0,0.15,0.6556668630917305,0.6547116045986047,0.9995089373404047,10177.0,10182.0,0.9699728534897367,1.0
52.0,0.2,0.6556668630917305,0.6549995084062531,0.9989196621488902,10171.0,10182.0,0.9699728534897367,1.0
52.0,0.25,0.6556668630917305,0.6554712892741061,0.9971518365743469,10153.0,10182.0,0.9699728534897367,1.0
52.0,0.3,0.6556668630917305,0.6562068284981252,0.9952857984678845,10134.0,10182.0,0.9699728534897367,1.0
52.0,0.35,0.6556668630917305,0.6569141049718296,0.9936161854252603,10117.0,10182.0,0.9699728534897367,1.0
52.0,0.4,0.6556668630917305,0.6572732685056559,0.9897858966804164,10078.0,10182.0,0.9699728534897367,1.0
52.0,0.45,0.6556668630917305,0.659222333000997,0.985071695148301,10030.0,10182.0,0.9699728534897367,1.0
52.0,0.5,0.6556668630917305,0.6596255881469617,0.9810449813396189,9989.0,10182.0,0.9699728534897367,1.0
52.0,0.55,0.6556668630917305,0.6555589524100682,0.9637595757218621,9813.0,10182.0,0.9699728534897367,1.0
52.0,0.6,0.6556668630917305,0.6546106557377049,0.9585543115301512,9760.0,10182.0,0.9699728534897367,1.0
52.0,0.65,0.6556668630917305,0.6542142636616239,0.9543311726576311,9717.0,10182.0,0.9699728534897367,1.0
52.0,0.7,0.6556668630917305,0.6544740648894399,0.9505008839127873,9678.0,10182.0,0.9699728534897367,1.0
52.0,0.75,0.6556668630917305,0.6555371215263376,0.9471616578275388,9644.0,10182.0,0.9699728534897367,1.0
52.0,0.8,0.6556668630917305,0.6578152660626887,0.9431349440188568,9603.0,10182.0,0.9699728534897367,1.0
52.0,0.85,0.6556668630917305,0.6584830756372754,0.9400903555293656,9572.0,10182.0,0.9699728534897367,1.0
52.0,0.9,0.6556668630917305,0.6587692630254743,0.9368493419760361,9539.0,10182.0,0.9699728534897367,1.0
52.0,0.95,0.6556668630917305,0.6590191538623448,0.9332154782950305,9502.0,10182.0,0.9699728534897367,1.0
52.0,1.0,0.6556668630917305,nan,0.0,0.0,10182.0,0.9699728534897367,1.0
53.0,0.0,0.6749165193478688,0.6704969554115106,1.0,10182.0,10182.0,0.9535122529357127,1.0
53.0,0.05,0.6749165193478688,0.6704969554115106,1.0,10182.0,10182.0,0.9535122529357127,1.0
53.0,0.1,0.6749165193478688,0.6705628130831942,0.9999017874680809,10181.0,10182.0,0.9535122529357127,1.0
53.0,0.15,0.6749165193478688,0.670629851626216,0.9995089373404047,10177.0,10182.0,0.9535122529357127,1.0
53.0,0.2,0.6749165193478688,0.6709284028324154,0.998625024553133,10168.0,10182.0,0.9535122529357127,1.0
53.0,0.25,0.6749165193478688,0.6714990138067061,0.995875073659399,10140.0,10182.0,0.9535122529357127,1.0
53.0,0.3,0.6749165193478688,0.6750074471254096,0.9890984089569829,10071.0,10182.0,0.9535122529357127,1.0
53.0,0.35,0.6749165193478688,0.6780253822324372,0.9828128069141623,10007.0,10182.0,0.9535122529357127,1.0
53.0,0.4,0.6749165193478688,0.6809902385025661,0.9759379296798272,9937.0,10182.0,0.9535122529357127,1.0
53.0,0.45,0.6749165193478688,0.6819513180486819,0.9724022785307406,9901.0,10182.0,0.9535122529357127,1.0
53.0,0.5,0.6749165193478688,0.6816001632819676,0.9623846002749951,9799.0,10182.0,0.9535122529357127,1.0
53.0,0.55,0.6749165193478688,0.6814715581203628,0.9530544097426832,9704.0,10182.0,0.9535122529357127,1.0
53.0,0.6,0.6749165193478688,0.6824885749896136,0.9455902573168337,9628.0,10182.0,0.9535122529357127,1.0
53.0,0.65,0.6749165193478688,0.6836702629098146,0.9376350422313887,9547.0,10182.0,0.9535122529357127,1.0
53.0,0.7,0.6749165193478688,0.6835402737981534,0.9254566882734236,9423.0,10182.0,0.9535122529357127,1.0
53.0,0.75,0.6749165193478688,0.683764352398326,0.9152425849538401,9319.0,10182.0,0.9535122529357127,1.0
53.0,0.8,0.6749165193478688,0.6850733390854185,0.9106265959536437,9272.0,10182.0,0.9535122529357127,1.0
53.0,0.85,0.6749165193478688,0.6859845601826683,0.9032606560597132,9197.0,10182.0,0.9535122529357127,1.0
53.0,0.9,0.6749165193478688,0.6861305872042068,0.8964839913572972,9128.0,10182.0,0.9535122529357127,1.0
53.0,0.95,0.6749165193478688,0.6861749116607774,0.889412689059124,9056.0,10182.0,0.9535122529357127,1.0
53.0,1.0,0.6749165193478688,nan,0.0,0.0,10182.0,0.9535122529357127,1.0
54.0,0.0,0.6844431349440189,0.6849341976036142,1.0,10182.0,10182.0,0.9430188111195488,1.0
54.0,0.05,0.6844431349440189,0.6849341976036142,1.0,10182.0,10182.0,0.9430188111195488,1.0
54.0,0.1,0.6844431349440189,0.6849705304518664,0.9998035749361619,10180.0,10182.0,0.9430188111195488,1.0
54.0,0.15,0.6844431349440189,0.6850796147041478,0.9992142997446474,10174.0,10182.0,0.9430188111195488,1.0
54.0,0.2,0.6844431349440189,0.685230738955033,0.9981339618935376,10163.0,10182.0,0.9430188111195488,1.0
54.0,0.25,0.6844431349440189,0.6853622474125185,0.9963661363189943,10145.0,10182.0,0.9430188111195488,1.0
54.0,0.3,0.6844431349440189,0.6863443093048551,0.993223335297584,10113.0,10182.0,0.9430188111195488,1.0
54.0,0.35,0.6844431349440189,0.6872329855936413,0.9885091337654685,10065.0,10182.0,0.9430188111195488,1.0
54.0,0.4,0.6844431349440189,0.6882323485227841,0.9806521312119426,9985.0,10182.0,0.9430188111195488,1.0
54.0,0.45,0.6844431349440189,0.6892248376623377,0.9679827145943822,9856.0,10182.0,0.9430188111195488,1.0
54.0,0.5,0.6844431349440189,0.6925845932325414,0.9549204478491455,9723.0,10182.0,0.9430188111195488,1.0
54.0,0.55,0.6844431349440189,0.6924510717614166,0.9484384207424867,9657.0,10182.0,0.9430188111195488,1.0
54.0,0.6,0.6844431349440189,0.6908444816053512,0.9396975054016893,9568.0,10182.0,0.9430188111195488,1.0
54.0,0.65,0.6844431349440189,0.6923972892842016,0.9275191514437242,9444.0,10182.0,0.9430188111195488,1.0
54.0,0.7,0.6844431349440189,0.6962581751903077,0.9160282852091927,9327.0,10182.0,0.9430188111195488,1.0
54.0,0.75,0.6844431349440189,0.6975188781014023,0.9104301708898055,9270.0,10182.0,0.9430188111195488,1.0
54.0,0.8,0.6844431349440189,0.6994779203828584,0.902966018463956,9194.0,10182.0,0.9430188111195488,1.0
54.0,0.85,0.6844431349440189,0.7023260917270134,0.8951090159104301,9114.0,10182.0,0.9430188111195488,1.0
54.0,0.9,0.6844431349440189,0.7068349341076614,0.8793950108033786,8954.0,10182.0,0.9430188111195488,1.0
54.0,0.95,0.6844431349440189,0.7201336675020885,0.8229228049499117,8379.0,10182.0,0.9430188111195488,1.0
54.0,1.0,0.6844431349440189,nan,0.0,0.0,10182.0,0.9430188111195488,1.0
55.0,0.0,0.6744254566882735,0.6774700451777647,1.0,10182.0,10182.0,0.9701179173096145,1.0
55.0,0.05,0.6744254566882735,0.6774700451777647,1.0,10182.0,10182.0,0.9701179173096145,1.0
55.0,0.1,0.6744254566882735,0.6775049115913556,0.9998035749361619,10180.0,10182.0,0.9701179173096145,1.0
55.0,0.15,0.6744254566882735,0.677571470674919,0.9997053624042428,10179.0,10182.0,0.9701179173096145,1.0
55.0,0.2,0.6744254566882735,0.6778728005504767,0.9991160872127284,10173.0,10182.0,0.9701179173096145,1.0
55.0,0.25,0.6744254566882735,0.6781428290379697,0.9984285994892949,10166.0,10182.0,0.9701179173096145,1.0
55.0,0.3,0.6744254566882735,0.6801263698292033,0.9947947358082891,10129.0,10182.0,0.9701179173096145,1.0
55.0,0.35,0.6744254566882735,0.6812512373787368,0.9921429974464742,10102.0,10182.0,0.9701179173096145,1.0
55.0,0.4,0.6744254566882735,0.6814756049186831,0.9903751718719308,10084.0,10182.0,0.9701179173096145,1.0
55.0,0.45,0.6744254566882735,0.6810525266620153,0.9853663327440582,10033.0,10182.0,0.9701179173096145,1.0
55.0,0.5,0.6744254566882735,0.6810940787496242,0.9802592810842663,9981.0,10182.0,0.9701179173096145,1.0
55.0,0.55,0.6744254566882735,0.6815575007546031,0.9761343547436653,9939.0,10182.0,0.9701179173096145,1.0
55.0,0.6,0.6744254566882735,0.681128640776699,0.9711255156157925,9888.0,10182.0,0.9701179173096145,1.0
55.0,0.65,0.6744254566882735,0.6811255587159691,0.9668041642113534,9844.0,10182.0,0.9701179173096145,1.0
55.0,0.7,0.6744254566882735,0.6823385118560916,0.960911412296209,9784.0,10182.0,0.9701179173096145,1.0
55.0,0.75,0.6744254566882735,0.6888911895641371,0.9486348458063248,9659.0,10182.0,0.9701179173096145,1.0
55.0,0.8,0.6744254566882735,0.6899273104880581,0.9457866823806718,9630.0,10182.0,0.9701179173096145,1.0
55.0,0.85,0.6744254566882735,0.6904811497604666,0.9430367314869378,9602.0,10182.0,0.9701179173096145,1.0
55.0,0.9,0.6744254566882735,0.6920498585943228,0.9376350422313887,9547.0,10182.0,0.9701179173096145,1.0
55.0,0.95,0.6744254566882735,0.6970179348402844,0.9254566882734236,9423.0,10182.0,0.9701179173096145,1.0
55.0,1.0,0.6744254566882735,nan,0.0,0.0,10182.0,0.9701179173096145,1.0
56.0,0.0,0.6042034963661364,0.6060695344725987,1.0,10182.0,10182.0,0.9494913746973277,1.0
56.0,0.05,0.6042034963661364,0.6060695344725987,1.0,10182.0,10182.0,0.9494913746973277,1.0
56.0,0.1,0.6042034963661364,0.6061290639426382,0.9999017874680809,10181.0,10182.0,0.9494913746973277,1.0
56.0,0.15,0.6042034963661364,0.6062094714089212,0.9996071498723237,10178.0,10182.0,0.9494913746973277,1.0
56.0,0.2,0.6042034963661364,0.6066686338152848,0.998526812021214,10167.0,10182.0,0.9494913746973277,1.0
56.0,0.25,0.6042034963661364,0.60676261829653,0.9962679237870752,10144.0,10182.0,0.9494913746973277,1.0
56.0,0.3,0.6042034963661364,0.6074535389482009,0.9935179728933412,10116.0,10182.0,0.9494913746973277,1.0
56.0,0.35,0.6042034963661364,0.6080852334959673,0.9863484580632489,10043.0,10182.0,0.9494913746973277,1.0
56.0,0.4,0.6042034963661364,0.6084518325655919,0.9807503437438617,9986.0,10182.0,0.9494913746973277,1.0
56.0,0.45,0.6042034963661364,0.609689766317486,0.9750540168925554,9928.0,10182.0,0.9494913746973277,1.0
56.0,0.5,0.6042034963661364,0.6126381986002637,0.9682773521901394,9859.0,10182.0,0.9494913746973277,1.0
56.0,0.55,0.6042034963661364,0.6224912062900889,0.9493223335297584,9666.0,10182.0,0.9494913746973277,1.0
56.0,0.6,0.6042034963661364,0.6288388725283971,0.9338047534865449,9508.0,10182.0,0.9494913746973277,1.0
56.0,0.65,0.6042034963661364,0.6336138033869422,0.9221174621881753,9389.0,10182.0,0.9494913746973277,1.0
56.0,0.7,0.6042034963661364,0.6335656836461127,0.9158318601453546,9325.0,10182.0,0.9494913746973277,1.0
56.0,0.75,0.6042034963661364,0.6329305135951662,0.9102337458259674,9268.0,10182.0,0.9494913746973277,1.0
56.0,0.8,0.6042034963661364,0.6342658103842386,0.9022785307405224,9187.0,10182.0,0.9494913746973277,1.0
56.0,0.85,0.6042034963661364,0.6342744583059751,0.8974661166764879,9138.0,10182.0,0.9494913746973277,1.0
56.0,0.9,0.6042034963661364,0.6354625550660793,0.8917697898251817,9080.0,10182.0,0.9494913746973277,1.0
56.0,0.95,0.6042034963661364,0.6367387909881775,0.8805735611864074,8966.0,10182.0,0.9494913746973277,1.0
56.0,1.0,0.6042034963661364,nan,0.0,0.0,10182.0,0.9494913746973277,1.0
57.0,0.0,0.6364172068355922,0.6322922804949912,1.0,10182.0,10182.0,0.9599424410019413,1.0
57.0,0.05,0.6364172068355922,0.6322922804949912,1.0,10182.0,10182.0,0.9599424410019413,1.0
57.0,0.1,0.6364172068355922,0.6324786324786325,0.9997053624042428,10179.0,10182.0,0.9599424410019413,1.0
57.0,0.15,0.6364172068355922,0.6326289926289926,0.9993125122765665,10175.0,10182.0,0.9599424410019413,1.0
57.0,0.2,0.6364172068355922,0.6330807832332973,0.9981339618935376,10163.0,10182.0,0.9599424410019413,1.0
57.0,0.25,0.6364172068355922,0.6341054706752095,0.9963661363189943,10145.0,10182.0,0.9599424410019413,1.0
57.0,0.3,0.6364172068355922,0.6353208741224167,0.993223335297584,10113.0,10182.0,0.9599424410019413,1.0
57.0,0.35,0.6364172068355922,0.6384546450263865,0.9863484580632489,10043.0,10182.0,0.9599424410019413,1.0
57.0,0.4,0.6364172068355922,0.6433671930001006,0.9765272048713416,9943.0,10182.0,0.9599424410019413,1.0
57.0,0.45,0.6364172068355922,0.6466937945066125,0.9654291887644864,9830.0,10182.0,0.9599424410019413,1.0
57.0,0.5,0.6364172068355922,0.6487730061349694,0.9605185621685327,9780.0,10182.0,0.9599424410019413,1.0
57.0,0.55,0.6364172068355922,0.6508948775972022,0.9548222353172264,9722.0,10182.0,0.9599424410019413,1.0
57.0,0.6,0.6364172068355922,0.651981015270326,0.9518758593596542,9692.0,10182.0,0.9599424410019413,1.0
57.0,0.65,0.6364172068355922,0.6523137580410874,0.9465723826360244,9638.0,10182.0,0.9599424410019413,1.0
57.0,0.7,0.6364172068355922,0.6537656903765691,0.9389118051463367,9560.0,10182.0,0.9599424410019413,1.0
57.0,0.75,0.6364172068355922,0.6539592522579291,0.935179728933412,9522.0,10182.0,0.9599424410019413,1.0
57.0,0.8,0.6364172068355922,0.6546413502109705,0.9310548025928108,9480.0,10182.0,0.9599424410019413,1.0
57.0,0.85,0.6364172068355922,0.6543945520323473,0.9230013749754469,9398.0,10182.0,0.9599424410019413,1.0
57.0,0.9,0.6364172068355922,0.655220517222878,0.9152425849538401,9319.0,10182.0,0.9599424410019413,1.0
57.0,0.95,0.6364172068355922,0.6573570962834167,0.9037517187193086,9202.0,10182.0,0.9599424410019413,1.0
57.0,1.0,0.6364172068355922,nan,0.0,0.0,10182.0,0.9599424410019413,1.0
58.0,0.0,0.6826753093694755,0.6785503830288745,1.0,10182.0,10182.0,0.9590257649589641,1.0
58.0,0.05,0.6826753093694755,0.6785503830288745,1.0,10182.0,10182.0,0.9590257649589641,1.0
58.0,0.1,0.6826753093694755,0.6785854616895874,0.9998035749361619,10180.0,10182.0,0.9590257649589641,1.0
58.0,0.15,0.6826753093694755,0.678652126927989,0.9997053624042428,10179.0,10182.0,0.9590257649589641,1.0
58.0,0.2,0.6826753093694755,0.6788593903638152,0.9988214496169712,10170.0,10182.0,0.9590257649589641,1.0
58.0,0.25,0.6826753093694755,0.6791765169424744,0.9970536240424278,10152.0,10182.0,0.9590257649589641,1.0
58.0,0.3,0.6826753093694755,0.6800790904597133,0.9934197603614221,10115.0,10182.0,0.9590257649589641,1.0
58.0,0.35,0.6826753093694755,0.6834926324173636,0.986446670595168,10044.0,10182.0,0.9590257649589641,1.0
58.0,0.4,0.6826753093694755,0.6858890783271487,0.9792771557650756,9971.0,10182.0,0.9590257649589641,1.0
58.0,0.45,0.6826753093694755,0.6867761103837244,0.9751522294244745,9929.0,10182.0,0.9590257649589641,1.0
58.0,0.5,0.6826753093694755,0.6879813538710985,0.9691612649774111,9868.0,10182.0,0.9590257649589641,1.0
58.0,0.55,0.6826753093694755,0.6896058811517255,0.9618935376153998,9794.0,10182.0,0.9590257649589641,1.0
58.0,0.6,0.6826753093694755,0.6918562750952332,0.9539383225299548,9713.0,10182.0,0.9590257649589641,1.0
58.0,0.65,0.6826753093694755,0.6916814528754828,0.9409742683166372,9581.0,10182.0,0.9590257649589641,1.0
58.0,0.7,0.6826753093694755,0.6950474183350895,0.9320369279120015,9490.0,10182.0,0.9590257649589641,1.0
58.0,0.75,0.6826753093694755,0.6976101964949548,0.9246709880180711,9415.0,10182.0,0.9590257649589641,1.0
58.0,0.8,0.6826753093694755,0.6975996570938705,0.9165193478687881,9332.0,10182.0,0.9590257649589641,1.0
58.0,0.85,0.6826753093694755,0.6982675131819649,0.9126890591239443,9293.0,10182.0,0.9590257649589641,1.0
58.0,0.9,0.6826753093694755,0.6996317157712305,0.9066980946768808,9232.0,10182.0,0.9590257649589641,1.0
58.0,0.95,0.6826753093694755,0.6994314454406297,0.8982518169318405,9146.0,10182.0,0.9590257649589641,1.0
58.0,1.0,0.6826753093694755,nan,0.0,0.0,10182.0,0.9590257649589641,1.0
59.0,0.0,0.6816931840502848,0.677862895305441,1.0,10182.0,10182.0,0.9750194630578842,1.0
59.0,0.05,0.6816931840502848,0.677862895305441,1.0,10182.0,10182.0,0.9750194630578842,1.0
59.0,0.1,0.6816931840502848,0.6779294764757883,0.9999017874680809,10181.0,10182.0,0.9750194630578842,1.0
59.0,0.15,0.6816931840502848,0.6780310473570446,0.9996071498723237,10178.0,10182.0,0.9750194630578842,1.0
59.0,0.2,0.6816931840502848,0.6782694198623402,0.9988214496169712,10170.0,10182.0,0.9750194630578842,1.0
59.0,0.25,0.6816931840502848,0.6784132296485874,0.9977411117658613,10159.0,10182.0,0.9750194630578842,1.0
59.0,0.3,0.6816931840502848,0.6787263406940063,0.9962679237870752,10144.0,10182.0,0.9750194630578842,1.0
59.0,0.35,0.6816931840502848,0.6792527429079767,0.9936161854252603,10117.0,10182.0,0.9750194630578842,1.0
59.0,0.4,0.6816931840502848,0.67965110516404,0.9908662345315262,10089.0,10182.0,0.9750194630578842,1.0
59.0,0.45,0.6816931840502848,0.6816867710098694,0.98516990768022,10031.0,10182.0,0.9750194630578842,1.0
59.0,0.5,0.6816931840502848,0.6824729891956782,0.9817324690630524,9996.0,10182.0,0.9750194630578842,1.0
59.0,0.55,0.6816931840502848,0.683206106870229,0.9778039677862895,9956.0,10182.0,0.9750194630578842,1.0
59.0,0.6,0.6816931840502848,0.6846619576185671,0.9732861913180122,9910.0,10182.0,0.9750194630578842,1.0
59.0,0.65,0.6816931840502848,0.6854855057774174,0.968964839913573,9866.0,10182.0,0.9750194630578842,1.0
59.0,0.7,0.6816931840502848,0.6848713760718661,0.9620899626792379,9796.0,10182.0,0.9750194630578842,1.0
59.0,0.75,0.6816931840502848,0.6856849666495639,0.9570811235513652,9745.0,10182.0,0.9750194630578842,1.0
59.0,0.8,0.6816931840502848,0.6867320598864223,0.9511883716362208,9685.0,10182.0,0.9750194630578842,1.0
59.0,0.85,0.6816931840502848,0.6863337850516001,0.942152818699666,9593.0,10182.0,0.9750194630578842,1.0
59.0,0.9,0.6816931840502848,0.6856813899937199,0.9383225299548222,9554.0,10182.0,0.9750194630578842,1.0
59.0,0.95,0.6816931840502848,0.6854736842105263,0.9330190532311923,9500.0,10182.0,0.9750194630578842,1.0
59.0,1.0,0.6816931840502848,nan,0.0,0.0,10182.0,0.9750194630578842,1.0
60.0,0.0,0.671184443134944,0.6637202907090944,1.0,10182.0,10182.0,0.9639140165781745,1.0
60.0,0.05,0.671184443134944,0.6637202907090944,1.0,10182.0,10182.0,0.9639140165781745,1.0
60.0,0.1,0.671184443134944,0.6637202907090944,1.0,10182.0,10182.0,0.9639140165781745,1.0
60.0,0.15,0.671184443134944,0.6638176638176638,0.9997053624042428,10179.0,10182.0,0.9639140165781745,1.0
60.0,0.2,0.671184443134944,0.664110127826942,0.9988214496169712,10170.0,10182.0,0.9639140165781745,1.0
60.0,0.25,0.671184443134944,0.6646623952686053,0.9963661363189943,10145.0,10182.0,0.9639140165781745,1.0
60.0,0.3,0.671184443134944,0.6650542941757157,0.9948929483402082,10130.0,10182.0,0.9639140165781745,1.0
60.0,0.35,0.671184443134944,0.6663359460263915,0.9898841092123355,10079.0,10182.0,0.9639140165781745,1.0
60.0,0.4,0.671184443134944,0.6700741631589497,0.9799646434885091,9978.0,10182.0,0.9639140165781745,1.0
60.0,0.45,0.671184443134944,0.673807599029911,0.9719112158711452,9896.0,10182.0,0.9639140165781745,1.0
60.0,0.5,0.671184443134944,0.6768776714838184,0.96503633863681,9826.0,10182.0,0.9639140165781745,1.0
60.0,0.55,0.671184443134944,0.6780682050234837,0.9618935376153998,9794.0,10182.0,0.9639140165781745,1.0
60.0,0.6,0.671184443134944,0.679987672077255,0.9560007857002554,9734.0,10182.0,0.9639140165781745,1.0
60.0,0.65,0.671184443134944,0.6814040173949057,0.9485366332744058,9658.0,10182.0,0.9639140165781745,1.0
60.0,0.7,0.671184443134944,0.6837010824313072,0.9436260066784522,9608.0,10182.0,0.9639140165781745,1.0
60.0,0.75,0.671184443134944,0.6867078663454488,0.9376350422313887,9547.0,10182.0,0.9639140165781745,1.0
60.0,0.8,0.671184443134944,0.6877904520490071,0.929876252209782,9468.0,10182.0,0.9639140165781745,1.0
60.0,0.85,0.671184443134944,0.6884081026620003,0.9260459634649382,9429.0,10182.0,0.9639140165781745,1.0
60.0,0.9,0.671184443134944,0.688604898828541,0.9222156747200942,9390.0,10182.0,0.9639140165781745,1.0
60.0,0.95,0.671184443134944,0.6897069872276483,0.9150461598900019,9317.0,10182.0,0.9639140165781745,1.0
60.0,1.0,0.671184443134944,nan,0.0,0.0,10182.0,0.9639140165781745,1.0
61.0,0.0,0.6461402474955804,0.6409349833038696,1.0,10182.0,10182.0,0.9656050047621152,1.0
61.0,0.05,0.6461402474955804,0.6409349833038696,1.0,10182.0,10182.0,0.9656050047621152,1.0
61.0,0.1,0.6461402474955804,0.6410609037328094,0.9998035749361619,10180.0,10182.0,0.9656050047621152,1.0
61.0,0.15,0.6461402474955804,0.6409550948216567,0.9995089373404047,10177.0,10182.0,0.9656050047621152,1.0
61.0,0.2,0.6461402474955804,0.6411643229422755,0.9987232370850521,10169.0,10182.0,0.9656050047621152,1.0
61.0,0.25,0.6461402474955804,0.6411341931672738,0.9975446867020232,10157.0,10182.0,0.9656050047621152,1.0
61.0,0.3,0.6461402474955804,0.6420325604341391,0.9953840109998036,10135.0,10182.0,0.9656050047621152,1.0
61.0,0.35,0.6461402474955804,0.6435075217735551,0.9923394225103123,10104.0,10182.0,0.9656050047621152,1.0
61.0,0.4,0.6461402474955804,0.6446584590945195,0.989196621488902,10072.0,10182.0,0.9656050047621152,1.0
61.0,0.45,0.6461402474955804,0.6457439377307654,0.9841877823610292,10021.0,10182.0,0.9656050047621152,1.0
61.0,0.5,0.6461402474955804,0.6480570338387388,0.9780986053820467,9959.0,10182.0,0.9656050047621152,1.0
61.0,0.55,0.6461402474955804,0.649183321497413,0.9680809271263013,9857.0,10182.0,0.9656050047621152,1.0
61.0,0.6,0.6461402474955804,0.6520578877142564,0.956884698487527,9743.0,10182.0,0.9656050047621152,1.0
61.0,0.65,0.6461402474955804,0.654148561969791,0.9493223335297584,9666.0,10182.0,0.9656050047621152,1.0
61.0,0.7,0.6461402474955804,0.6561556873764179,0.9437242192103712,9609.0,10182.0,0.9656050047621152,1.0
61.0,0.75,0.6461402474955804,0.6576388162710447,0.9392064427420939,9563.0,10182.0,0.9656050047621152,1.0
61.0,0.8,0.6461402474955804,0.6583491261318172,0.9328226281673542,9498.0,10182.0,0.9656050047621152,1.0
61.0,0.85,0.6461402474955804,0.6622741764080765,0.9241799253584757,9410.0,10182.0,0.9656050047621152,1.0
61.0,0.9,0.6461402474955804,0.6653131010899765,0.919072873698684,9358.0,10182.0,0.9656050047621152,1.0
61.0,0.95,0.6461402474955804,0.6665592437426147,0.9142604596346494,9309.0,10182.0,0.9656050047621152,1.0
61.0,1.0,0.6461402474955804,nan,0.0,0.0,10182.0,0.9656050047621152,1.0
62.0,0.0,0.6543901001767826,0.6507562364957769,1.0,10182.0,10182.0,0.9590623690914111,1.0
62.0,0.05,0.6543901001767826,0.6507562364957769,1.0,10182.0,10182.0,0.9590623690914111,1.0
62.0,0.1,0.6543901001767826,0.6507562364957769,1.0,10182.0,10182.0,0.9590623690914111,1.0
62.0,0.15,0.6543901001767826,0.6508497887808232,0.9997053624042428,10179.0,10182.0,0.9590623690914111,1.0
62.0,0.2,0.6543901001767826,0.6512840696644692,0.9981339618935376,10163.0,10182.0,0.9590623690914111,1.0
62.0,0.25,0.6543901001767826,0.6523325771772364,0.9957768611274799,10139.0,10182.0,0.9590623690914111,1.0
62.0,0.3,0.6543901001767826,0.6535753248041257,0.9902769593400118,10083.0,10182.0,0.9590623690914111,1.0
62.0,0.35,0.6543901001767826,0.6548354935194417,0.985071695148301,10030.0,10182.0,0.9590623690914111,1.0
62.0,0.4,0.6543901001767826,0.6564097424075374,0.9798664309565901,9977.0,10182.0,0.9590623690914111,1.0
62.0,0.45,0.6543901001767826,0.6575162074554295,0.9695541151050874,9872.0,10182.0,0.9590623690914111,1.0
62.0,0.5,0.6543901001767826,0.6606246799795187,0.9590453741897466,9765.0,10182.0,0.9590623690914111,1.0
62.0,0.55,0.6543901001767826,0.6612421464620455,0.9535454724022785,9709.0,10182.0,0.9590623690914111,1.0
62.0,0.6,0.6543901001767826,0.6647296876621355,0.9464741701041053,9637.0,10182.0,0.9590623690914111,1.0
62.0,0.65,0.6543901001767826,0.6669449081803005,0.9412689059123944,9584.0,10182.0,0.9590623690914111,1.0
62.0,0.7,0.6543901001767826,0.6678916421671567,0.93537615399725,9524.0,10182.0,0.9590623690914111,1.0
62.0,0.75,0.6543901001767826,0.6695138669197511,0.931349440188568,9483.0,10182.0,0.9590623690914111,1.0
62.0,0.8,0.6543901001767826,0.6717338152439672,0.9238852877627185,9407.0,10182.0,0.9590623690914111,1.0
62.0,0.85,0.6543901001767826,0.6725333333333333,0.9207424867413082,9375.0,10182.0,0.9590623690914111,1.0
62.0,0.9,0.6543901001767826,0.6732334047109207,0.9173050481241406,9340.0,10182.0,0.9590623690914111,1.0
62.0,0.95,0.6543901001767826,0.6749299417978013,0.9112158711451581,9278.0,10182.0,0.9590623690914111,1.0
62.0,1.0,0.6543901001767826,nan,0.0,0.0,10182.0,0.9590623690914111,1.0
63.0,0.0,0.6480062856020429,0.6474170104105283,1.0,10182.0,10182.0,0.957349938132122,1.0
63.0,0.05,0.6480062856020429,0.6474170104105283,1.0,10182.0,10182.0,0.957349938132122,1.0
63.0,0.1,0.6480062856020429,0.6473477406679764,0.9998035749361619,10180.0,10182.0,0.957349938132122,1.0
63.0,0.15,0.6480062856020429,0.6474056603773585,0.9994107248084856,10176.0,10182.0,0.957349938132122,1.0
63.0,0.2,0.6480062856020429,0.6474289647035689,0.9989196621488902,10171.0,10182.0,0.957349938132122,1.0
63.0,0.25,0.6480062856020429,0.6477708886920579,0.9979375368296994,10161.0,10182.0,0.957349938132122,1.0
63.0,0.3,0.6480062856020429,0.6481262327416174,0.995875073659399,10140.0,10182.0,0.957349938132122,1.0
63.0,0.35,0.6480062856020429,0.6493570722057369,0.9929286977018268,10110.0,10182.0,0.957349938132122,1.0
63.0,0.4,0.6480062856020429,0.6522431115090023,0.9873305833824396,10053.0,10182.0,0.957349938132122,1.0
63.0,0.45,0.6480062856020429,0.6531734132933533,0.9826163818503241,10005.0,10182.0,0.957349938132122,1.0
63.0,0.5,0.6480062856020429,0.6544413183279743,0.9774111176586132,9952.0,10182.0,0.957349938132122,1.0
63.0,0.55,0.6480062856020429,0.658137882018479,0.9672952268709487,9849.0,10182.0,0.957349938132122,1.0
63.0,0.6,0.6480062856020429,0.6575144508670521,0.951483009231978,9688.0,10182.0,0.957349938132122,1.0
63.0,0.65,0.6480062856020429,0.6554507337526205,0.9369475545079552,9540.0,10182.0,0.957349938132122,1.0
63.0,0.7,0.6480062856020429,0.6576662431173231,0.9275191514437242,9444.0,10182.0,0.957349938132122,1.0
63.0,0.75,0.6480062856020429,0.6583778014941302,0.9202514240817128,9370.0,10182.0,0.957349938132122,1.0
63.0,0.8,0.6480062856020429,0.6622044693943647,0.9097426831663721,9263.0,10182.0,0.957349938132122,1.0
63.0,0.85,0.6480062856020429,0.6637004883342377,0.9050284816342565,9215.0,10182.0,0.957349938132122,1.0
63.0,0.9,0.6480062856020429,0.6646667393912948,0.900314280102141,9167.0,10182.0,0.957349938132122,1.0
63.0,0.95,0.6480062856020429,0.6708776595744681,0.8862698880377136,9024.0,10182.0,0.957349938132122,1.0
63.0,1.0,0.6480062856020429,nan,0.0,0.0,10182.0,0.957349938132122,1.0
64.0,0.0,0.6480062856020429,0.6506580239638577,1.0,10182.0,10182.0,0.943384011443086,1.0
64.0,0.05,0.6480062856020429,0.6506580239638577,1.0,10182.0,10182.0,0.943384011443086,1.0
64.0,0.1,0.6480062856020429,0.6506580239638577,1.0,10182.0,10182.0,0.943384011443086,1.0
64.0,0.15,0.6480062856020429,0.6505893909626719,0.9998035749361619,10180.0,10182.0,0.943384011443086,1.0
64.0,0.2,0.6480062856020429,0.6509341199606686,0.9988214496169712,10170.0,10182.0,0.943384011443086,1.0
64.0,0.25,0.6480062856020429,0.6520753228827763,0.9961697112551562,10143.0,10182.0,0.943384011443086,1.0
64.0,0.3,0.6480062856020429,0.6550014870625558,0.9906698094676881,10087.0,10182.0,0.943384011443086,1.0
64.0,0.35,0.6480062856020429,0.6573280159521435,0.985071695148301,10030.0,10182.0,0.943384011443086,1.0
64.0,0.4,0.6480062856020429,0.6587892196299276,0.9766254174032607,9944.0,10182.0,0.943384011443086,1.0
64.0,0.45,0.6480062856020429,0.6597582037996546,0.9667059516794343,9843.0,10182.0,0.943384011443086,1.0
64.0,0.5,0.6480062856020429,0.661036036036036,0.9593400117855039,9768.0,10182.0,0.943384011443086,1.0
64.0,0.55,0.6480062856020429,0.6645261522527188,0.9482419956786486,9655.0,10182.0,0.943384011443086,1.0
64.0,0.6,0.6480062856020429,0.6648231242825837,0.9411706933804753,9583.0,10182.0,0.943384011443086,1.0
64.0,0.65,0.6480062856020429,0.6631027477814605,0.9185818110390885,9353.0,10182.0,0.943384011443086,1.0
64.0,0.7,0.6480062856020429,0.6627680311890838,0.9068945197407189,9234.0,10182.0,0.943384011443086,1.0
64.0,0.75,0.6480062856020429,0.6649168853893264,0.8980553918680023,9144.0,10182.0,0.943384011443086,1.0
64.0,0.8,0.6480062856020429,0.668493457107706,0.8781182478884305,8941.0,10182.0,0.943384011443086,1.0
64.0,0.85,0.6480062856020429,0.670561797752809,0.8740915340797486,8900.0,10182.0,0.943384011443086,1.0
64.0,0.9,0.6480062856020429,0.6718626454309273,0.8694755450795522,8853.0,10182.0,0.943384011443086,1.0
64.0,0.95,0.6480062856020429,0.6749515448637555,0.8614221174621882,8771.0,10182.0,0.943384011443086,1.0
64.0,1.0,0.6480062856020429,nan,0.0,0.0,10182.0,0.943384011443086,1.0
65.0,0.0,0.5757218621096052,0.5765075623649578,1.0,10182.0,10182.0,0.9523297113867119,1.0
65.0,0.05,0.5757218621096052,0.5765075623649578,1.0,10182.0,10182.0,0.9523297113867119,1.0
65.0,0.1,0.5757218621096052,0.5764659660151262,0.9999017874680809,10181.0,10182.0,0.9523297113867119,1.0
65.0,0.15,0.5757218621096052,0.5765225933202358,0.9998035749361619,10180.0,10182.0,0.9523297113867119,1.0
65.0,0.2,0.5757218621096052,0.5765260984960189,0.9991160872127284,10173.0,10182.0,0.9523297113867119,1.0
65.0,0.25,0.5757218621096052,0.5765250813048192,0.9965625613828325,10147.0,10182.0,0.9523297113867119,1.0
65.0,0.3,0.5757218621096052,0.5765391837138057,0.9938126104890984,10119.0,10182.0,0.9523297113867119,1.0
65.0,0.35,0.5757218621096052,0.5767321818542783,0.9893930465527401,10074.0,10182.0,0.9523297113867119,1.0
65.0,0.4,0.5757218621096052,0.5778313737312832,0.9773129051266942,9951.0,10182.0,0.9523297113867119,1.0
65.0,0.45,0.5757218621096052,0.5793068297655454,0.9634649381261049,9810.0,10182.0,0.9523297113867119,1.0
65.0,0.5,0.5757218621096052,0.5803002261978203,0.9552150854449027,9726.0,10182.0,0.9523297113867119,1.0
65.0,0.55,0.5757218621096052,0.5790452572845629,0.9505008839127873,9678.0,10182.0,0.9523297113867119,1.0
65.0,0.6,0.5757218621096052,0.5782418952618454,0.9451974071891573,9624.0,10182.0,0.9523297113867119,1.0
65.0,0.65,0.5757218621096052,0.5780939428810545,0.9388135926144175,9559.0,10182.0,0.9523297113867119,1.0
65.0,0.7,0.5757218621096052,0.5836097143468493,0.9179925358475741,9347.0,10182.0,0.9523297113867119,1.0
65.0,0.75,0.5757218621096052,0.5871828236824984,0.90571596935769,9222.0,10182.0,0.9523297113867119,1.0
65.0,0.8,0.5757218621096052,0.5871199738476627,0.9012964054213317,9177.0,10182.0,0.9523297113867119,1.0
65.0,0.85,0.5757218621096052,0.5869185411661935,0.8994303673148694,9158.0,10182.0,0.9523297113867119,1.0
65.0,0.9,0.5757218621096052,0.5873903508771929,0.8956982911019447,9120.0,10182.0,0.9523297113867119,1.0
65.0,0.95,0.5757218621096052,0.5886713131983626,0.8877430760164997,9039.0,10182.0,0.9523297113867119,1.0
65.0,1.0,0.5757218621096052,nan,0.0,0.0,10182.0,0.9523297113867119,1.0
66.0,0.0,0.6672559418581812,0.6652916912197997,1.0,10182.0,10182.0,0.9716216545245416,1.0
66.0,0.05,0.6672559418581812,0.6652916912197997,1.0,10182.0,10182.0,0.9716216545245416,1.0
66.0,0.1,0.6672559418581812,0.6654223968565816,0.9998035749361619,10180.0,10182.0,0.9716216545245416,1.0
66.0,0.15,0.6672559418581812,0.6654220300678,0.9995089373404047,10177.0,10182.0,0.9716216545245416,1.0
66.0,0.2,0.6672559418581812,0.6655524970507275,0.9990178746808093,10172.0,10182.0,0.9716216545245416,1.0
66.0,0.25,0.6672559418581812,0.6656166945565508,0.9977411117658613,10159.0,10182.0,0.9716216545245416,1.0
66.0,0.3,0.6672559418581812,0.666107713552969,0.9956786485955608,10138.0,10182.0,0.9716216545245416,1.0
66.0,0.35,0.6672559418581812,0.6661722535350539,0.993223335297584,10113.0,10182.0,0.9716216545245416,1.0
66.0,0.4,0.6672559418581812,0.6661716661716661,0.9920447849145551,10101.0,10182.0,0.9716216545245416,1.0
66.0,0.45,0.6672559418581812,0.6669646404449742,0.9888037713612257,10068.0,10182.0,0.9716216545245416,1.0
66.0,0.5,0.6672559418581812,0.6693306693306693,0.9831074445099195,10010.0,10182.0,0.9716216545245416,1.0
66.0,0.55,0.6672559418581812,0.6730943967693084,0.9727951286584168,9905.0,10182.0,0.9716216545245416,1.0
66.0,0.6,0.6672559418581812,0.6735520453624949,0.9699469652327637,9876.0,10182.0,0.9716216545245416,1.0
66.0,0.65,0.6672559418581812,0.6746314184036604,0.9659202514240817,9835.0,10182.0,0.9716216545245416,1.0
66.0,0.7,0.6672559418581812,0.6748391051179896,0.9614024749558043,9789.0,10182.0,0.9716216545245416,1.0
66.0,0.75,0.6672559418581812,0.6737823834196891,0.9477509330190532,9650.0,10182.0,0.9716216545245416,1.0
66.0,0.8,0.6672559418581812,0.671385131592744,0.936652916912198,9537.0,10182.0,0.9716216545245416,1.0
66.0,0.85,0.6672559418581812,0.6711345646437995,0.9305637399332155,9475.0,10182.0,0.9716216545245416,1.0
66.0,0.9,0.6672559418581812,0.6713271899163225,0.927224513847967,9441.0,10182.0,0.9716216545245416,1.0
66.0,0.95,0.6672559418581812,0.6719897796231236,0.9225103123158515,9393.0,10182.0,0.9716216545245416,1.0
66.0,1.0,0.6672559418581812,nan,0.0,0.0,10182.0,0.9716216545245416,1.0
67.0,0.0,0.6618542526026321,0.6648006285602043,1.0,10182.0,10182.0,0.9675752199469879,1.0
67.0,0.05,0.6618542526026321,0.6648659267262548,0.9999017874680809,10181.0,10182.0,0.9675752199469879,1.0
67.0,0.1,0.6618542526026321,0.6648659267262548,0.9999017874680809,10181.0,10182.0,0.9675752199469879,1.0
67.0,0.15,0.6618542526026321,0.6648659267262548,0.9999017874680809,10181.0,10182.0,0.9675752199469879,1.0
67.0,0.2,0.6618542526026321,0.6648983200707339,0.9997053624042428,10179.0,10182.0,0.9675752199469879,1.0
67.0,0.25,0.6618542526026321,0.6651263395929604,0.9989196621488902,10171.0,10182.0,0.9675752199469879,1.0
67.0,0.3,0.6618542526026321,0.6653547180950506,0.9981339618935376,10163.0,10182.0,0.9675752199469879,1.0
67.0,0.35,0.6618542526026321,0.6653849945775412,0.9961697112551562,10143.0,10182.0,0.9675752199469879,1.0
67.0,0.4,0.6618542526026321,0.6657754010695187,0.9917501473187978,10098.0,10182.0,0.9675752199469879,1.0
67.0,0.45,0.6618542526026321,0.6659711872826627,0.9885091337654685,10065.0,10182.0,0.9675752199469879,1.0
67.0,0.5,0.6618542526026321,0.6660025898993923,0.9859556079355726,10039.0,10182.0,0.9675752199469879,1.0
67.0,0.55,0.6618542526026321,0.6666333566503447,0.9828128069141623,10007.0,10182.0,0.9675752199469879,1.0
67.0,0.6,0.6618542526026321,0.6672341277788905,0.9807503437438617,9986.0,10182.0,0.9675752199469879,1.0
67.0,0.65,0.6618542526026321,0.6676373129832313,0.9780986053820467,9959.0,10182.0,0.9675752199469879,1.0
67.0,0.7,0.6618542526026321,0.6691903896628306,0.9728933411903359,9906.0,10182.0,0.9675752199469879,1.0
67.0,0.75,0.6618542526026321,0.6710419210419211,0.9652327637006483,9828.0,10182.0,0.9675752199469879,1.0
67.0,0.8,0.6618542526026321,0.6619613670133729,0.9253584757415046,9422.0,10182.0,0.9675752199469879,1.0
67.0,0.85,0.6618542526026321,0.6545732706808,0.8987428795914358,9151.0,10182.0,0.9675752199469879,1.0
67.0,0.9,0.6618542526026321,0.6551042810098793,0.8947161657827539,9110.0,10182.0,0.9675752199469879,1.0
67.0,0.95,0.6618542526026321,0.6559055994656574,0.8822431742290316,8983.0,10182.0,0.9675752199469879,1.0
67.0,1.0,0.6618542526026321,nan,0.0,0.0,10182.0,0.9675752199469879,1.0
68.0,0.0,0.671086230603025,0.673836181496759,1.0,10182.0,10182.0,0.9799705934122664,1.0
68.0,0.05,0.671086230603025,0.673836181496759,1.0,10182.0,10182.0,0.9799705934122664,1.0
68.0,0.1,0.671086230603025,0.6739023671545035,0.9999017874680809,10181.0,10182.0,0.9799705934122664,1.0
68.0,0.15,0.671086230603025,0.6739685658153242,0.9998035749361619,10180.0,10182.0,0.9799705934122664,1.0
68.0,0.2,0.671086230603025,0.6741694515431492,0.9992142997446474,10174.0,10182.0,0.9799705934122664,1.0
68.0,0.25,0.671086230603025,0.6742722265932337,0.998625024553133,10168.0,10182.0,0.9799705934122664,1.0
68.0,0.3,0.671086230603025,0.6743430764688515,0.9979375368296994,10161.0,10182.0,0.9799705934122664,1.0
68.0,0.35,0.671086230603025,0.6743819560720969,0.9971518365743469,10153.0,10182.0,0.9799705934122664,1.0
68.0,0.4,0.671086230603025,0.6752567140600316,0.99469652327637,10128.0,10182.0,0.9799705934122664,1.0
68.0,0.45,0.671086230603025,0.6764385461028029,0.9916519347868789,10097.0,10182.0,0.9799705934122664,1.0
68.0,0.5,0.671086230603025,0.6770988574267263,0.9885091337654685,10065.0,10182.0,0.9799705934122664,1.0
68.0,0.55,0.671086230603025,0.6791379826399282,0.9843842074248674,10023.0,10182.0,0.9799705934122664,1.0
68.0,0.6,0.671086230603025,0.6806529140797116,0.9807503437438617,9986.0,10182.0,0.9799705934122664,1.0
68.0,0.65,0.671086230603025,0.6814292903875189,0.975741504615989,9935.0,10182.0,0.9799705934122664,1.0
68.0,0.7,0.671086230603025,0.6829638627391437,0.9702416028285209,9879.0,10182.0,0.9799705934122664,1.0
68.0,0.75,0.671086230603025,0.6834839102629174,0.9674916519347869,9851.0,10182.0,0.9799705934122664,1.0
68.0,0.8,0.671086230603025,0.6833503575076609,0.9615006874877234,9790.0,10182.0,0.9799705934122664,1.0
68.0,0.85,0.671086230603025,0.6830550401978973,0.952857984678845,9702.0,10182.0,0.9799705934122664,1.0
68.0,0.9,0.671086230603025,0.6846026490066225,0.9491259084659203,9664.0,10182.0,0.9799705934122664,1.0
68.0,0.95,0.671086230603025,0.6857322438717788,0.9375368296994696,9546.0,10182.0,0.9799705934122664,1.0
68.0,1.0,0.671086230603025,nan,0.0,0.0,10182.0,0.9799705934122664,1.0
69.0,0.0,0.7029070909448045,0.703594578668238,1.0,10182.0,10182.0,0.9688960275139152,1.0
69.0,0.05,0.7029070909448045,0.703594578668238,1.0,10182.0,10182.0,0.9688960275139152,1.0
69.0,0.1,0.7029070909448045,0.7036636872605835,0.9999017874680809,10181.0,10182.0,0.9688960275139152,1.0
69.0,0.15,0.7029070909448045,0.7035981124655918,0.9990178746808093,10172.0,10182.0,0.9688960275139152,1.0
69.0,0.2,0.7029070909448045,0.7036599763872491,0.9982321744254566,10164.0,10182.0,0.9688960275139152,1.0
69.0,0.25,0.7029070909448045,0.7037912358444116,0.997348261638185,10155.0,10182.0,0.9688960275139152,1.0
69.0,0.3,0.7029070909448045,0.7042114606963211,0.9957768611274799,10139.0,10182.0,0.9688960275139152,1.0
69.0,0.35,0.7029070909448045,0.7049520608876149,0.9936161854252603,10117.0,10182.0,0.9688960275139152,1.0
69.0,0.4,0.7029070909448045,0.7052464544282455,0.9902769593400118,10083.0,10182.0,0.9688960275139152,1.0
69.0,0.45,0.7029070909448045,0.7061691542288557,0.9870359457866824,10050.0,10182.0,0.9688960275139152,1.0
69.0,0.5,0.7029070909448045,0.706887933619914,0.982419956786486,10003.0,10182.0,0.9688960275139152,1.0
69.0,0.55,0.7029070909448045,0.7058407437348424,0.9719112158711452,9896.0,10182.0,0.9688960275139152,1.0
69.0,0.6,0.7029070909448045,0.7058405281868969,0.9669023767432724,9845.0,10182.0,0.9688960275139152,1.0
69.0,0.65,0.7029070909448045,0.7065184127307967,0.9627774504026714,9803.0,10182.0,0.9688960275139152,1.0
69.0,0.7,0.7029070909448045,0.7069248104896537,0.9587507365939893,9762.0,10182.0,0.9688960275139152,1.0
69.0,0.75,0.7029070909448045,0.7061194955550961,0.950108033785111,9674.0,10182.0,0.9688960275139152,1.0
69.0,0.8,0.7029070909448045,0.7031463748290013,0.9333136908269495,9503.0,10182.0,0.9688960275139152,1.0
69.0,0.85,0.7029070909448045,0.700982486117044,0.9196621488901984,9364.0,10182.0,0.9688960275139152,1.0
69.0,0.9,0.7029070909448045,0.7009956107483138,0.9174032606560597,9341.0,10182.0,0.9688960275139152,1.0
69.0,0.95,0.7029070909448045,0.7013350559862188,0.9121979964643488,9288.0,10182.0,0.9688960275139152,1.0
69.0,1.0,0.7029070909448045,nan,0.0,0.0,10182.0,0.9688960275139152,1.0
70.0,0.0,0.719701433902966,0.7267727362011392,1.0,10182.0,10182.0,0.9702665898037891,1.0
70.0,0.05,0.719701433902966,0.7267727362011392,1.0,10182.0,10182.0,0.9702665898037891,1.0
70.0,0.1,0.719701433902966,0.726790450928382,0.9997053624042428,10179.0,10182.0,0.9702665898037891,1.0
70.0,0.15,0.719701433902966,0.7266738767082883,0.9989196621488902,10171.0,10182.0,0.9702665898037891,1.0
70.0,0.2,0.719701433902966,0.7266371245691777,0.997348261638185,10155.0,10182.0,0.9702665898037891,1.0
70.0,0.25,0.719701433902966,0.7271651213257053,0.9956786485955608,10138.0,10182.0,0.9702665898037891,1.0
70.0,0.3,0.719701433902966,0.7271290258842126,0.9941072480848556,10122.0,10182.0,0.9702665898037891,1.0
70.0,0.35,0.719701433902966,0.7276953511374876,0.9929286977018268,10110.0,10182.0,0.9702665898037891,1.0
70.0,0.4,0.719701433902966,0.7278399524611271,0.9916519347868789,10097.0,10182.0,0.9702665898037891,1.0
70.0,0.45,0.719701433902966,0.7258501354198014,0.9790807307012375,9969.0,10182.0,0.9702665898037891,1.0
70.0,0.5,0.719701433902966,0.7240785743215877,0.9699469652327637,9876.0,10182.0,0.9702665898037891,1.0
70.0,0.55,0.719701433902966,0.7241730279898219,0.9649381261048909,9825.0,10182.0,0.9702665898037891,1.0
70.0,0.6,0.719701433902966,0.7237958891502199,0.9604203496366136,9779.0,10182.0,0.9702665898037891,1.0
70.0,0.65,0.719701433902966,0.723939611790079,0.9562954232960126,9737.0,10182.0,0.9702665898037891,1.0
70.0,0.7,0.719701433902966,0.7242336967702119,0.9548222353172264,9722.0,10182.0,0.9702665898037891,1.0
70.0,0.75,0.719701433902966,0.725219185146983,0.9521704969554116,9695.0,10182.0,0.9702665898037891,1.0
70.0,0.8,0.719701433902966,0.7256847545219638,0.9502062463170301,9675.0,10182.0,0.9702665898037891,1.0
70.0,0.85,0.719701433902966,0.7271499792272539,0.9455902573168337,9628.0,10182.0,0.9702665898037891,1.0
70.0,0.9,0.719701433902966,0.7296675726531465,0.9395010803378511,9566.0,10182.0,0.9702665898037891,1.0
70.0,0.95,0.719701433902966,0.736139086186791,0.9264388135926144,9433.0,10182.0,0.9702665898037891,1.0
70.0,1.0,0.719701433902966,nan,0.0,0.0,10182.0,0.9702665898037891,1.0
71.0,0.0,0.7116480062856021,0.714201532115498,1.0,10182.0,10182.0,0.9750541596060779,1.0
71.0,0.05,0.7116480062856021,0.714201532115498,1.0,10182.0,10182.0,0.9750541596060779,1.0
71.0,0.1,0.7116480062856021,0.7142716825459189,0.9999017874680809,10181.0,10182.0,0.9750541596060779,1.0
71.0,0.15,0.7116480062856021,0.7143418467583497,0.9998035749361619,10180.0,10182.0,0.9750541596060779,1.0
71.0,0.2,0.7116480062856021,0.7144121116791191,0.9990178746808093,10172.0,10182.0,0.9750541596060779,1.0
71.0,0.25,0.7116480062856021,0.7141592049591656,0.9981339618935376,10163.0,10182.0,0.9750541596060779,1.0
71.0,0.3,0.7116480062856021,0.7146375098502759,0.9970536240424278,10152.0,10182.0,0.9750541596060779,1.0
71.0,0.35,0.7116480062856021,0.7148352732294339,0.9956786485955608,10138.0,10182.0,0.9750541596060779,1.0
71.0,0.4,0.7116480062856021,0.715669797330697,0.9934197603614221,10115.0,10182.0,0.9750541596060779,1.0
71.0,0.45,0.7116480062856021,0.7166369224667857,0.990571596935769,10086.0,10182.0,0.9750541596060779,1.0
71.0,0.5,0.7116480062856021,0.7199240607513989,0.9829110194460813,10008.0,10182.0,0.9750541596060779,1.0
71.0,0.55,0.7116480062856021,0.7183098591549296,0.9692594775093302,9869.0,10182.0,0.9750541596060779,1.0
71.0,0.6,0.7116480062856021,0.7189973614775725,0.9677862895305441,9854.0,10182.0,0.9750541596060779,1.0
71.0,0.65,0.7116480062856021,0.7197193125190684,0.9657238263602436,9833.0,10182.0,0.9750541596060779,1.0
71.0,0.7,0.7116480062856021,0.7185291406330021,0.9588489491259085,9763.0,10182.0,0.9750541596060779,1.0
71.0,0.75,0.7116480062856021,0.7188014827018122,0.9538401099980357,9712.0,10182.0,0.9750541596060779,1.0
71.0,0.8,0.7116480062856021,0.7202645447969412,0.9504026713808682,9677.0,10182.0,0.9750541596060779,1.0
71.0,0.85,0.7116480062856021,0.7209615583877318,0.9478491455509723,9651.0,10182.0,0.9750541596060779,1.0
71.0,0.9,0.7116480062856021,0.7216452014956377,0.9455902573168337,9628.0,10182.0,0.9750541596060779,1.0
71.0,0.95,0.7116480062856021,0.7232776617954071,0.9408760557847181,9580.0,10182.0,0.9750541596060779,1.0
71.0,1.0,0.7116480062856021,nan,0.0,0.0,10182.0,0.9750541596060779,1.0
72.0,0.0,0.702219603221371,0.7028088784128855,1.0,10182.0,10182.0,0.9757272617635687,1.0
72.0,0.05,0.702219603221371,0.7028088784128855,1.0,10182.0,10182.0,0.9757272617635687,1.0
72.0,0.1,0.702219603221371,0.7028088784128855,1.0,10182.0,10182.0,0.9757272617635687,1.0
72.0,0.15,0.702219603221371,0.7028487229862476,0.9998035749361619,10180.0,10182.0,0.9757272617635687,1.0
72.0,0.2,0.702219603221371,0.702997542997543,0.9993125122765665,10175.0,10182.0,0.9757272617635687,1.0
72.0,0.25,0.702219603221371,0.7032588362705523,0.9975446867020232,10157.0,10182.0,0.9757272617635687,1.0
72.0,0.3,0.702219603221371,0.7036671924290221,0.9962679237870752,10144.0,10182.0,0.9757272617635687,1.0
72.0,0.35,0.702219603221371,0.7041058033951836,0.9950893734040464,10132.0,10182.0,0.9757272617635687,1.0
72.0,0.4,0.702219603221371,0.7048127285304872,0.9938126104890984,10119.0,10182.0,0.9757272617635687,1.0
72.0,0.45,0.702219603221371,0.7051078994258563,0.9921429974464742,10102.0,10182.0,0.9757272617635687,1.0
72.0,0.5,0.702219603221371,0.7067116759332804,0.989196621488902,10072.0,10182.0,0.9757272617635687,1.0
72.0,0.55,0.702219603221371,0.7080175508575988,0.9848752700844627,10028.0,10182.0,0.9757272617635687,1.0
72.0,0.6,0.702219603221371,0.7061793214862682,0.9726969161264978,9904.0,10182.0,0.9757272617635687,1.0
72.0,0.65,0.702219603221371,0.7080462099716255,0.9691612649774111,9868.0,10182.0,0.9757272617635687,1.0
72.0,0.7,0.702219603221371,0.7099959283387622,0.9648399135729719,9824.0,10182.0,0.9757272617635687,1.0
72.0,0.75,0.702219603221371,0.7116369596394182,0.9587507365939893,9762.0,10182.0,0.9757272617635687,1.0
72.0,0.8,0.702219603221371,0.7118119975262832,0.952857984678845,9702.0,10182.0,0.9757272617635687,1.0
72.0,0.85,0.702219603221371,0.7116000413180457,0.9507955215085445,9681.0,10182.0,0.9757272617635687,1.0
72.0,0.9,0.702219603221371,0.7115704196094724,0.9455902573168337,9628.0,10182.0,0.9757272617635687,1.0
72.0,0.95,0.702219603221371,0.712314446999791,0.9395010803378511,9566.0,10182.0,0.9757272617635687,1.0
72.0,1.0,0.702219603221371,nan,0.0,0.0,10182.0,0.9757272617635687,1.0
73.0,0.0,0.7227460223924573,0.722353172264781,1.0,10182.0,10182.0,0.9722780458675963,1.0
73.0,0.05,0.7227460223924573,0.722353172264781,1.0,10182.0,10182.0,0.9722780458675963,1.0
73.0,0.1,0.7227460223924573,0.7224241233670563,0.9999017874680809,10181.0,10182.0,0.9722780458675963,1.0
73.0,0.15,0.7227460223924573,0.7224950884086444,0.9998035749361619,10180.0,10182.0,0.9722780458675963,1.0
73.0,0.2,0.7227460223924573,0.7226535626535626,0.9993125122765665,10175.0,10182.0,0.9722780458675963,1.0
73.0,0.25,0.7227460223924573,0.7227469500196773,0.9982321744254566,10164.0,10182.0,0.9722780458675963,1.0
73.0,0.3,0.7227460223924573,0.7229723070858382,0.9965625613828325,10147.0,10182.0,0.9722780458675963,1.0
73.0,0.35,0.7227460223924573,0.7231710929015698,0.9947947358082891,10129.0,10182.0,0.9722780458675963,1.0
73.0,0.4,0.7227460223924573,0.7235305758955076,0.9925358475741505,10106.0,10182.0,0.9722780458675963,1.0
73.0,0.45,0.7227460223924573,0.7245830023828436,0.989196621488902,10072.0,10182.0,0.9722780458675963,1.0
73.0,0.5,0.7227460223924573,0.7251467807742064,0.9869377332547633,10049.0,10182.0,0.9722780458675963,1.0
73.0,0.55,0.7227460223924573,0.7274090363854459,0.9825181693184051,10004.0,10182.0,0.9722780458675963,1.0
73.0,0.6,0.7227460223924573,0.7290956486865852,0.9795717933608329,9974.0,10182.0,0.9722780458675963,1.0
73.0,0.65,0.7227460223924573,0.731278423446185,0.971813003339226,9895.0,10182.0,0.9722780458675963,1.0
73.0,0.7,0.7227460223924573,0.7326591071610992,0.9614024749558043,9789.0,10182.0,0.9722780458675963,1.0
73.0,0.75,0.7227460223924573,0.7319780105798154,0.9468670202317816,9641.0,10182.0,0.9722780458675963,1.0
73.0,0.8,0.7227460223924573,0.7323137744486059,0.9440188568061285,9612.0,10182.0,0.9722780458675963,1.0
73.0,0.85,0.7227460223924573,0.7324780976220275,0.9416617560400707,9588.0,10182.0,0.9722780458675963,1.0
73.0,0.9,0.7227460223924573,0.732370788867964,0.9387153800824986,9558.0,10182.0,0.9722780458675963,1.0
73.0,0.95,0.7227460223924573,0.7339818143370691,0.9288941268905913,9458.0,10182.0,0.9722780458675963,1.0
73.0,1.0,0.7227460223924573,nan,0.0,0.0,10182.0,0.9722780458675963,1.0
74.0,0.0,0.7106658809664114,0.7095855431153015,1.0,10182.0,10182.0,0.9612307929254789,1.0
74.0,0.05,0.7106658809664114,0.7095855431153015,1.0,10182.0,10182.0,0.9612307929254789,1.0
74.0,0.1,0.7106658809664114,0.7095855431153015,1.0,10182.0,10182.0,0.9612307929254789,1.0
74.0,0.15,0.7106658809664114,0.7096679111809786,0.9996071498723237,10178.0,10182.0,0.9612307929254789,1.0
74.0,0.2,0.7106658809664114,0.709959689312752,0.9989196621488902,10171.0,10182.0,0.9612307929254789,1.0
74.0,0.25,0.7106658809664114,0.7105030022640023,0.9977411117658613,10159.0,10182.0,0.9612307929254789,1.0
74.0,0.3,0.7106658809664114,0.7111001480019734,0.9953840109998036,10135.0,10182.0,0.9612307929254789,1.0
74.0,0.35,0.7106658809664114,0.7116698010491933,0.9922412099783933,10103.0,10182.0,0.9612307929254789,1.0
74.0,0.4,0.7106658809664114,0.7125087073340631,0.9869377332547633,10049.0,10182.0,0.9612307929254789,1.0
74.0,0.45,0.7106658809664114,0.7136263295203693,0.9787860931054803,9966.0,10182.0,0.9612307929254789,1.0
74.0,0.5,0.7106658809664114,0.7146033350176857,0.971813003339226,9895.0,10182.0,0.9612307929254789,1.0
74.0,0.55,0.7106658809664114,0.7165058405281869,0.9669023767432724,9845.0,10182.0,0.9612307929254789,1.0
74.0,0.6,0.7106658809664114,0.7188426541253451,0.9606167747004518,9781.0,10182.0,0.9612307929254789,1.0
74.0,0.65,0.7106658809664114,0.7210694745535253,0.9513847967000589,9687.0,10182.0,0.9612307929254789,1.0
74.0,0.7,0.7106658809664114,0.7244234800838575,0.9369475545079552,9540.0,10182.0,0.9612307929254789,1.0
74.0,0.75,0.7106658809664114,0.7258985200845666,0.9290905519544294,9460.0,10182.0,0.9612307929254789,1.0
74.0,0.8,0.7106658809664114,0.7261160004241332,0.9262423885287763,9431.0,10182.0,0.9612307929254789,1.0
74.0,0.85,0.7106658809664114,0.726663118680149,0.9227067373796897,9395.0,10182.0,0.9612307929254789,1.0
74.0,0.9,0.7106658809664114,0.7267080745341615,0.9171086230603025,9338.0,10182.0,0.9612307929254789,1.0
74.0,0.95,0.7106658809664114,0.7295090889300098,0.9022785307405224,9187.0,10182.0,0.9612307929254789,1.0
74.0,1.0,0.7106658809664114,nan,0.0,0.0,10182.0,0.9612307929254789,1.0
75.0,0.0,0.6964250638381457,0.6919072873698684,1.0,10182.0,10182.0,0.9741830611017909,1.0
75.0,0.05,0.6964250638381457,0.6919072873698684,1.0,10182.0,10182.0,0.9741830611017909,1.0
75.0,0.1,0.6964250638381457,0.6919072873698684,1.0,10182.0,10182.0,0.9741830611017909,1.0
75.0,0.15,0.6964250638381457,0.6919449901768173,0.9998035749361619,10180.0,10182.0,0.9741830611017909,1.0
75.0,0.2,0.6964250638381457,0.6923001278395122,0.9987232370850521,10169.0,10182.0,0.9741830611017909,1.0
75.0,0.25,0.6964250638381457,0.6920422049107583,0.995973286191318,10141.0,10182.0,0.9741830611017909,1.0
75.0,0.3,0.6964250638381457,0.6922163979823954,0.9930269102337458,10111.0,10182.0,0.9741830611017909,1.0
75.0,0.35,0.6964250638381457,0.6920867584431019,0.9916519347868789,10097.0,10182.0,0.9741830611017909,1.0
75.0,0.4,0.6964250638381457,0.6935772519387552,0.9878216460420349,10058.0,10182.0,0.9741830611017909,1.0
75.0,0.45,0.6964250638381457,0.6939182452642074,0.985071695148301,10030.0,10182.0,0.9741830611017909,1.0
75.0,0.5,0.6964250638381457,0.6936259771497294,0.9799646434885091,9978.0,10182.0,0.9741830611017909,1.0
75.0,0.55,0.6964250638381457,0.6931841096995361,0.9740718915733647,9918.0,10182.0,0.9741830611017909,1.0
75.0,0.6,0.6964250638381457,0.6934571890145396,0.9726969161264978,9904.0,10182.0,0.9741830611017909,1.0
75.0,0.65,0.6964250638381457,0.6939912858445638,0.9692594775093302,9869.0,10182.0,0.9741830611017909,1.0
75.0,0.7,0.6964250638381457,0.6951256741630203,0.9651345511687291,9827.0,10182.0,0.9741830611017909,1.0
75.0,0.75,0.6964250638381457,0.6985331828905529,0.9574739736790414,9749.0,10182.0,0.9741830611017909,1.0
75.0,0.8,0.6964250638381457,0.6996499176276771,0.9538401099980357,9712.0,10182.0,0.9741830611017909,1.0
75.0,0.85,0.6964250638381457,0.7001761840605244,0.9476527204871341,9649.0,10182.0,0.9741830611017909,1.0
75.0,0.9,0.6964250638381457,0.7012581886243111,0.9445099194657238,9617.0,10182.0,0.9741830611017909,1.0
75.0,0.95,0.6964250638381457,0.7031987414787625,0.9364564918483599,9535.0,10182.0,0.9741830611017909,1.0
75.0,1.0,0.6964250638381457,nan,0.0,0.0,10182.0,0.9741830611017909,1.0
76.0,0.0,0.6525240620703202,0.6632292280494991,1.0,10182.0,10182.0,0.9234684529794595,1.0
76.0,0.05,0.6525240620703202,0.6632292280494991,1.0,10182.0,10182.0,0.9234684529794595,1.0
76.0,0.1,0.6525240620703202,0.6633595284872299,0.9998035749361619,10180.0,10182.0,0.9234684529794595,1.0
76.0,0.15,0.6525240620703202,0.6634558678985649,0.9992142997446474,10174.0,10182.0,0.9234684529794595,1.0
76.0,0.2,0.6525240620703202,0.6617428373153564,0.9906698094676881,10087.0,10182.0,0.9234684529794595,1.0
76.0,0.25,0.6525240620703202,0.6632785251619332,0.9855627578078963,10035.0,10182.0,0.9234684529794595,1.0
76.0,0.3,0.6525240620703202,0.663963152097727,0.9808485562757808,9987.0,10182.0,0.9234684529794595,1.0
76.0,0.35,0.6525240620703202,0.6605813360530342,0.9629738754665095,9805.0,10182.0,0.9234684529794595,1.0
76.0,0.4,0.6525240620703202,0.661549556975067,0.9532508348065213,9706.0,10182.0,0.9234684529794595,1.0
76.0,0.45,0.6525240620703202,0.6611767143153097,0.9481437831467295,9654.0,10182.0,0.9234684529794595,1.0
76.0,0.5,0.6525240620703202,0.6601779173207745,0.9384207424867413,9555.0,10182.0,0.9234684529794595,1.0
76.0,0.55,0.6525240620703202,0.6642819006940737,0.9197603614221175,9365.0,10182.0,0.9234684529794595,1.0
76.0,0.6,0.6525240620703202,0.6669577557035258,0.8997250049106266,9161.0,10182.0,0.9234684529794595,1.0
76.0,0.65,0.6525240620703202,0.6656343324853445,0.8879395010803378,9041.0,10182.0,0.9234684529794595,1.0
76.0,0.7,0.6525240620703202,0.6671511627906976,0.8784128854841878,8944.0,10182.0,0.9234684529794595,1.0
76.0,0.75,0.6525240620703202,0.6667795462241788,0.8700648202710666,8859.0,10182.0,0.9234684529794595,1.0
76.0,0.8,0.6525240620703202,0.6672360778954561,0.862404242781379,8781.0,10182.0,0.9234684529794595,1.0
76.0,0.85,0.6525240620703202,0.6684270952927669,0.8554311530151247,8710.0,10182.0,0.9234684529794595,1.0
76.0,0.9,0.6525240620703202,0.6718097447795823,0.8465920251424082,8620.0,10182.0,0.9234684529794595,1.0
76.0,0.95,0.6525240620703202,0.6759565422768068,0.8316637202907091,8468.0,10182.0,0.9234684529794595,1.0
76.0,1.0,0.6525240620703202,nan,0.0,0.0,10182.0,0.9234684529794595,1.0
77.0,0.0,0.660381064623846,0.6651934786878806,1.0,10182.0,10182.0,0.9646107884443326,1.0
77.0,0.05,0.660381064623846,0.6651934786878806,1.0,10182.0,10182.0,0.9646107884443326,1.0
77.0,0.1,0.660381064623846,0.6651601493417174,0.9996071498723237,10178.0,10182.0,0.9646107884443326,1.0
77.0,0.15,0.660381064623846,0.6652246583423459,0.9989196621488902,10171.0,10182.0,0.9646107884443326,1.0
77.0,0.2,0.660381064623846,0.6653527788726843,0.9966607739147515,10148.0,10182.0,0.9646107884443326,1.0
77.0,0.25,0.660381064623846,0.6660738984390436,0.9941072480848556,10122.0,10182.0,0.9646107884443326,1.0
77.0,0.3,0.660381064623846,0.6670632559984137,0.990571596935769,10086.0,10182.0,0.9646107884443326,1.0
77.0,0.35,0.660381064623846,0.6673633920573305,0.9867413081909252,10047.0,10182.0,0.9646107884443326,1.0
77.0,0.4,0.660381064623846,0.6674681895601643,0.9802592810842663,9981.0,10182.0,0.9646107884443326,1.0
77.0,0.45,0.660381064623846,0.6680076435683395,0.9765272048713416,9943.0,10182.0,0.9646107884443326,1.0
77.0,0.5,0.660381064623846,0.669195751138088,0.9708308780200353,9885.0,10182.0,0.9646107884443326,1.0
77.0,0.55,0.660381064623846,0.6699512393336042,0.9668041642113534,9844.0,10182.0,0.9646107884443326,1.0
77.0,0.6,0.660381064623846,0.6722903885480572,0.9605185621685327,9780.0,10182.0,0.9646107884443326,1.0
77.0,0.65,0.660381064623846,0.6773159636062862,0.9499116087212728,9672.0,10182.0,0.9646107884443326,1.0
77.0,0.7,0.660381064623846,0.6774193548387096,0.9468670202317816,9641.0,10182.0,0.9646107884443326,1.0
77.0,0.75,0.660381064623846,0.6777928444768958,0.9415635435081516,9587.0,10182.0,0.9646107884443326,1.0
77.0,0.8,0.660381064623846,0.6787102195147569,0.9350815164014928,9521.0,10182.0,0.9646107884443326,1.0
77.0,0.85,0.660381064623846,0.678575203466864,0.9291887644863485,9461.0,10182.0,0.9646107884443326,1.0
77.0,0.9,0.660381064623846,0.6786586012947045,0.9254566882734236,9423.0,10182.0,0.9646107884443326,1.0
77.0,0.95,0.660381064623846,0.6781954887218045,0.9143586721665684,9310.0,10182.0,0.9646107884443326,1.0
77.0,1.0,0.660381064623846,nan,0.0,0.0,10182.0,0.9646107884443326,1.0
78.0,0.0,0.6862109605185621,0.6943626006678452,1.0,10182.0,10182.0,0.9484284681819951,1.0
78.0,0.05,0.6862109605185621,0.6943626006678452,1.0,10182.0,10182.0,0.9484284681819951,1.0
78.0,0.1,0.6862109605185621,0.6943626006678452,1.0,10182.0,10182.0,0.9484284681819951,1.0
78.0,0.15,0.6862109605185621,0.6943626006678452,1.0,10182.0,10182.0,0.9484284681819951,1.0
78.0,0.2,0.6862109605185621,0.6947885939036381,0.9988214496169712,10170.0,10182.0,0.9484284681819951,1.0
78.0,0.25,0.6862109605185621,0.6953009555708797,0.9969554115105087,10151.0,10182.0,0.9484284681819951,1.0
78.0,0.3,0.6862109605185621,0.6965626234689846,0.9943036731486937,10124.0,10182.0,0.9484284681819951,1.0
78.0,0.35,0.6862109605185621,0.6975081902114564,0.9892948340208211,10073.0,10182.0,0.9484284681819951,1.0
78.0,0.4,0.6862109605185621,0.6970302969703029,0.9822235317226478,10001.0,10182.0,0.9484284681819951,1.0
78.0,0.45,0.6862109605185621,0.6987418218419729,0.975741504615989,9935.0,10182.0,0.9484284681819951,1.0
78.0,0.5,0.6862109605185621,0.6980443813962914,0.9692594775093302,9869.0,10182.0,0.9484284681819951,1.0
78.0,0.55,0.6862109605185621,0.6986064489878955,0.9655274012964055,9831.0,10182.0,0.9484284681819951,1.0
78.0,0.6,0.6862109605185621,0.6987939493049877,0.960911412296209,9784.0,10182.0,0.9484284681819951,1.0
78.0,0.65,0.6862109605185621,0.6992496659471683,0.95550972304066,9729.0,10182.0,0.9484284681819951,1.0
78.0,0.7,0.6862109605185621,0.6997205258254839,0.9488312708701631,9661.0,10182.0,0.9484284681819951,1.0
78.0,0.75,0.6862109605185621,0.7004544974104218,0.9291887644863485,9461.0,10182.0,0.9484284681819951,1.0
78.0,0.8,0.6862109605185621,0.7000988685048884,0.8940286780593204,9103.0,10182.0,0.9484284681819951,1.0
78.0,0.85,0.6862109605185621,0.7077258638503042,0.8555293655470438,8711.0,10182.0,0.9484284681819951,1.0
78.0,0.9,0.6862109605185621,0.7095839610615366,0.8474759379296798,8629.0,10182.0,0.9484284681819951,1.0
78.0,0.95,0.6862109605185621,0.7099856665074057,0.8222353172264781,8372.0,10182.0,0.9484284681819951,1.0
78.0,1.0,0.6862109605185621,nan,0.0,0.0,10182.0,0.9484284681819951,1.0
79.0,0.0,0.7271655863288156,0.7282459241799254,1.0,10182.0,10182.0,0.9666055394290848,1.0
79.0,0.05,0.7271655863288156,0.7282459241799254,1.0,10182.0,10182.0,0.9666055394290848,1.0
79.0,0.1,0.7271655863288156,0.7282459241799254,1.0,10182.0,10182.0,0.9666055394290848,1.0
79.0,0.15,0.7271655863288156,0.7282459241799254,1.0,10182.0,10182.0,0.9666055394290848,1.0
79.0,0.2,0.7271655863288156,0.7283174540811315,0.9999017874680809,10181.0,10182.0,0.9666055394290848,1.0
79.0,0.25,0.7271655863288156,0.7283089319052766,0.9995089373404047,10177.0,10182.0,0.9666055394290848,1.0
79.0,0.3,0.7271655863288156,0.7283271083153136,0.9992142997446474,10174.0,10182.0,0.9666055394290848,1.0
79.0,0.35,0.7271655863288156,0.728623437961232,0.9981339618935376,10163.0,10182.0,0.9666055394290848,1.0
79.0,0.4,0.7271655863288156,0.729029078363726,0.9963661363189943,10145.0,10182.0,0.9666055394290848,1.0
79.0,0.45,0.7271655863288156,0.7298259493670886,0.9931251227656649,10112.0,10182.0,0.9666055394290848,1.0
79.0,0.5,0.7271655863288156,0.7296252230814991,0.990571596935769,10086.0,10182.0,0.9666055394290848,1.0
79.0,0.55,0.7271655863288156,0.7311033449825262,0.9835985071695148,10015.0,10182.0,0.9666055394290848,1.0
79.0,0.6,0.7271655863288156,0.7319794913039107,0.9769200549990179,9947.0,10182.0,0.9666055394290848,1.0
79.0,0.65,0.7271655863288156,0.7317663673963483,0.9735808289137694,9913.0,10182.0,0.9666055394290848,1.0
79.0,0.7,0.7271655863288156,0.7301619639401039,0.9641524258495384,9817.0,10182.0,0.9666055394290848,1.0
79.0,0.75,0.7271655863288156,0.7305082976724768,0.9409742683166372,9581.0,10182.0,0.9666055394290848,1.0
79.0,0.8,0.7271655863288156,0.7258378378378378,0.908465920251424,9250.0,10182.0,0.9666055394290848,1.0
79.0,0.85,0.7271655863288156,0.7260615251299827,0.9066980946768808,9232.0,10182.0,0.9666055394290848,1.0
79.0,0.9,0.7271655863288156,0.7267479851884121,0.9017874680809271,9182.0,10182.0,0.9666055394290848,1.0
79.0,0.95,0.7271655863288156,0.728901670169229,0.8879395010803378,9041.0,10182.0,0.9666055394290848,1.0
79.0,1.0,0.7271655863288156,nan,0.0,0.0,10182.0,0.9666055394290848,1.0
80.0,0.0,0.6964250638381457,0.707523079945001,1.0,10182.0,10182.0,0.9477337333047187,1.0
80.0,0.05,0.6964250638381457,0.707523079945001,1.0,10182.0,10182.0,0.9477337333047187,1.0
80.0,0.1,0.6964250638381457,0.7074943522247323,0.9999017874680809,10181.0,10182.0,0.9477337333047187,1.0
80.0,0.15,0.6964250638381457,0.7075351213282248,0.9997053624042428,10179.0,10182.0,0.9477337333047187,1.0
80.0,0.2,0.6964250638381457,0.7078254030672434,0.9990178746808093,10172.0,10182.0,0.9477337333047187,1.0
80.0,0.25,0.6964250638381457,0.7080708661417323,0.9978393242977804,10160.0,10182.0,0.9477337333047187,1.0
80.0,0.3,0.6964250638381457,0.7093367548361627,0.9950893734040464,10132.0,10182.0,0.9477337333047187,1.0
80.0,0.35,0.6964250638381457,0.7101434933201386,0.9924376350422314,10105.0,10182.0,0.9477337333047187,1.0
80.0,0.4,0.6964250638381457,0.7135312873654842,0.9856609703398154,10036.0,10182.0,0.9477337333047187,1.0
80.0,0.45,0.6964250638381457,0.718636546994756,0.9738754665095266,9916.0,10182.0,0.9477337333047187,1.0
80.0,0.5,0.6964250638381457,0.7180580946577291,0.9670005892751915,9846.0,10182.0,0.9477337333047187,1.0
80.0,0.55,0.6964250638381457,0.7178232956282482,0.9637595757218621,9813.0,10182.0,0.9477337333047187,1.0
80.0,0.6,0.6964250638381457,0.71842350263784,0.9494205460616775,9667.0,10182.0,0.9477337333047187,1.0
80.0,0.65,0.6964250638381457,0.7163582842724979,0.9341976036142212,9512.0,10182.0,0.9477337333047187,1.0
80.0,0.7,0.6964250638381457,0.7183608302288451,0.9227067373796897,9395.0,10182.0,0.9477337333047187,1.0
80.0,0.75,0.6964250638381457,0.7204476314645806,0.9039481437831467,9204.0,10182.0,0.9477337333047187,1.0
80.0,0.8,0.6964250638381457,0.7188683448429495,0.8817521115694362,8978.0,10182.0,0.9477337333047187,1.0
80.0,0.85,0.6964250638381457,0.7178251121076233,0.8760557847181301,8920.0,10182.0,0.9477337333047187,1.0
80.0,0.9,0.6964250638381457,0.7160493827160493,0.8671184443134944,8829.0,10182.0,0.9477337333047187,1.0
80.0,0.95,0.6964250638381457,0.7144335825186889,0.8539579650363386,8695.0,10182.0,0.9477337333047187,1.0
80.0,1.0,0.6964250638381457,nan,0.0,0.0,10182.0,0.9477337333047187,1.0
81.0,0.0,0.7006482027106659,0.7011392653702613,1.0,10182.0,10182.0,0.9181613378798247,1.0
81.0,0.05,0.7006482027106659,0.7011392653702613,1.0,10182.0,10182.0,0.9181613378798247,1.0
81.0,0.1,0.7006482027106659,0.7012476667649081,0.9997053624042428,10179.0,10182.0,0.9181613378798247,1.0
81.0,0.15,0.7006482027106659,0.7010623647452292,0.9984285994892949,10166.0,10182.0,0.9181613378798247,1.0
81.0,0.2,0.7006482027106659,0.7009474930911962,0.9950893734040464,10132.0,10182.0,0.9181613378798247,1.0
81.0,0.25,0.7006482027106659,0.7021128856264259,0.9900805342761736,10081.0,10182.0,0.9181613378798247,1.0
81.0,0.3,0.7006482027106659,0.7040367705835332,0.9829110194460813,10008.0,10182.0,0.9181613378798247,1.0
81.0,0.35,0.7006482027106659,0.7071572580645161,0.9742683166372029,9920.0,10182.0,0.9181613378798247,1.0
81.0,0.4,0.7006482027106659,0.7090946000812017,0.9675898644667059,9852.0,10182.0,0.9181613378798247,1.0
81.0,0.45,0.7006482027106659,0.7106635313362641,0.9606167747004518,9781.0,10182.0,0.9181613378798247,1.0
81.0,0.5,0.7006482027106659,0.7129993790105568,0.948929483402082,9662.0,10182.0,0.9181613378798247,1.0
81.0,0.55,0.7006482027106659,0.7174164998419555,0.9321351404439207,9491.0,10182.0,0.9181613378798247,1.0
81.0,0.6,0.7006482027106659,0.7216661285114627,0.9124926340601061,9291.0,10182.0,0.9181613378798247,1.0
81.0,0.65,0.7006482027106659,0.7316748111950244,0.8843056373993321,9004.0,10182.0,0.9181613378798247,1.0
81.0,0.7,0.7006482027106659,0.7334249398832017,0.8576900412492634,8733.0,10182.0,0.9181613378798247,1.0
81.0,0.75,0.7006482027106659,0.7317073170731707,0.8415831860145354,8569.0,10182.0,0.9181613378798247,1.0
81.0,0.8,0.7006482027106659,0.7290922087205146,0.8243959929286977,8394.0,10182.0,0.9181613378798247,1.0
81.0,0.85,0.7006482027106659,0.7270319084888621,0.8156550775879002,8305.0,10182.0,0.9181613378798247,1.0
81.0,0.9,0.7006482027106659,0.7252747252747253,0.8043606364172068,8190.0,10182.0,0.9181613378798247,1.0
81.0,0.95,0.7006482027106659,0.7248546331807497,0.7938518955018661,8083.0,10182.0,0.9181613378798247,1.0
81.0,1.0,0.7006482027106659,nan,0.0,0.0,10182.0,0.9181613378798247,1.0
82.0,0.0,0.7276566489884109,0.7271655863288156,1.0,10182.0,10182.0,0.9545479039913122,1.0
82.0,0.05,0.7276566489884109,0.7271655863288156,1.0,10182.0,10182.0,0.9545479039913122,1.0
82.0,0.1,0.7276566489884109,0.7271655863288156,1.0,10182.0,10182.0,0.9545479039913122,1.0
82.0,0.15,0.7276566489884109,0.7272816583161411,0.9997053624042428,10179.0,10182.0,0.9545479039913122,1.0
82.0,0.2,0.7276566489884109,0.7271296478457604,0.9984285994892949,10166.0,10182.0,0.9545479039913122,1.0
82.0,0.25,0.7276566489884109,0.7270935960591133,0.9968571989785897,10150.0,10182.0,0.9545479039913122,1.0
82.0,0.3,0.7276566489884109,0.7275780323982616,0.9943036731486937,10124.0,10182.0,0.9545479039913122,1.0
82.0,0.35,0.7276566489884109,0.7282716293803208,0.9921429974464742,10102.0,10182.0,0.9545479039913122,1.0
82.0,0.4,0.7276566489884109,0.7290072542979231,0.9883127087016303,10063.0,10182.0,0.9545479039913122,1.0
82.0,0.45,0.7276566489884109,0.7299860251547216,0.983893144765272,10018.0,10182.0,0.9545479039913122,1.0
82.0,0.5,0.7276566489884109,0.7305881174231039,0.9802592810842663,9981.0,10182.0,0.9545479039913122,1.0
82.0,0.55,0.7276566489884109,0.7315010570824524,0.9755450795521509,9933.0,10182.0,0.9545479039913122,1.0
82.0,0.6,0.7276566489884109,0.7328614762386249,0.9713219406796307,9890.0,10182.0,0.9545479039913122,1.0
82.0,0.65,0.7276566489884109,0.7332990750256937,0.9556079355725791,9730.0,10182.0,0.9545479039913122,1.0
82.0,0.7,0.7276566489884109,0.7345563847429519,0.9475545079552151,9648.0,10182.0,0.9545479039913122,1.0
82.0,0.75,0.7276566489884109,0.7373863992478846,0.9401885680612846,9573.0,10182.0,0.9545479039913122,1.0
82.0,0.8,0.7276566489884109,0.7395241103390188,0.9328226281673542,9498.0,10182.0,0.9545479039913122,1.0
82.0,0.85,0.7276566489884109,0.7412393162393163,0.9192692987625221,9360.0,10182.0,0.9545479039913122,1.0
82.0,0.9,0.7276566489884109,0.738822184105203,0.8588685916322922,8745.0,10182.0,0.9545479039913122,1.0
82.0,0.95,0.7276566489884109,0.7363647357600677,0.8121194264388136,8269.0,10182.0,0.9545479039913122,1.0
82.0,1.0,0.7276566489884109,nan,0.0,0.0,10182.0,0.9545479039913122,1.0
83.0,0.0,0.7014339029660185,0.7040856413278335,1.0,10182.0,10182.0,0.9586394451649326,1.0
83.0,0.05,0.7014339029660185,0.7040856413278335,1.0,10182.0,10182.0,0.9586394451649326,1.0
83.0,0.1,0.7014339029660185,0.7040856413278335,1.0,10182.0,10182.0,0.9586394451649326,1.0
83.0,0.15,0.7014339029660185,0.7043042452830188,0.9994107248084856,10176.0,10182.0,0.9586394451649326,1.0
83.0,0.2,0.7014339029660185,0.7044940505457764,0.9987232370850521,10169.0,10182.0,0.9586394451649326,1.0
83.0,0.25,0.7014339029660185,0.7048453811305889,0.9972500491062659,10154.0,10182.0,0.9586394451649326,1.0
83.0,0.3,0.7014339029660185,0.7056499407348874,0.9943036731486937,10124.0,10182.0,0.9586394451649326,1.0
83.0,0.35,0.7014339029660185,0.7072518327719437,0.9913572971911215,10094.0,10182.0,0.9586394451649326,1.0
83.0,0.4,0.7014339029660185,0.7081054201889607,0.9875270084462777,10055.0,10182.0,0.9586394451649326,1.0
83.0,0.45,0.7014339029660185,0.7117080994386528,0.979768218424671,9976.0,10182.0,0.9586394451649326,1.0
83.0,0.5,0.7014339029660185,0.7135374697824335,0.9750540168925554,9928.0,10182.0,0.9586394451649326,1.0
83.0,0.55,0.7014339029660185,0.7176649746192894,0.9673934394028678,9850.0,10182.0,0.9586394451649326,1.0
83.0,0.6,0.7014339029660185,0.7192964515799162,0.9604203496366136,9779.0,10182.0,0.9586394451649326,1.0
83.0,0.65,0.7014339029660185,0.7206155752943607,0.9508937340404635,9682.0,10182.0,0.9586394451649326,1.0
83.0,0.7,0.7014339029660185,0.7202461666840513,0.9415635435081516,9587.0,10182.0,0.9586394451649326,1.0
83.0,0.75,0.7014339029660185,0.7182784272051009,0.9241799253584757,9410.0,10182.0,0.9586394451649326,1.0
83.0,0.8,0.7014339029660185,0.7187667273311209,0.9174032606560597,9341.0,10182.0,0.9586394451649326,1.0
83.0,0.85,0.7014339029660185,0.7186114415486103,0.9081712826556668,9247.0,10182.0,0.9586394451649326,1.0
83.0,0.9,0.7014339029660185,0.7194072136863899,0.9012964054213317,9177.0,10182.0,0.9586394451649326,1.0
83.0,0.95,0.7014339029660185,0.7178997076680909,0.8735022588882342,8894.0,10182.0,0.9586394451649326,1.0
83.0,1.0,0.7014339029660185,nan,0.0,0.0,10182.0,0.9586394451649326,1.0
84.0,0.0,0.710174818306816,0.7082105676684345,1.0,10182.0,10182.0,0.9784922155501671,1.0
84.0,0.05,0.710174818306816,0.7082105676684345,1.0,10182.0,10182.0,0.9784922155501671,1.0
84.0,0.1,0.710174818306816,0.7082801296532757,0.9999017874680809,10181.0,10182.0,0.9784922155501671,1.0
84.0,0.15,0.710174818306816,0.7083906464924347,0.9996071498723237,10178.0,10182.0,0.9784922155501671,1.0
84.0,0.2,0.710174818306816,0.7085135666535588,0.9990178746808093,10172.0,10182.0,0.9784922155501671,1.0
84.0,0.25,0.710174818306816,0.7093343836155966,0.9974464741701041,10156.0,10182.0,0.9784922155501671,1.0
84.0,0.3,0.710174818306816,0.7095693308367005,0.9965625613828325,10147.0,10182.0,0.9784922155501671,1.0
84.0,0.35,0.710174818306816,0.7099447513812155,0.9954822235317227,10136.0,10182.0,0.9784922155501671,1.0
84.0,0.4,0.710174818306816,0.7106588955843129,0.9942054606167747,10123.0,10182.0,0.9784922155501671,1.0
84.0,0.45,0.710174818306816,0.7112474033039865,0.9928304851699077,10109.0,10182.0,0.9784922155501671,1.0
84.0,0.5,0.710174818306816,0.7119165839126117,0.9890001964250639,10070.0,10182.0,0.9784922155501671,1.0
84.0,0.55,0.710174818306816,0.7123682640684033,0.9878216460420349,10058.0,10182.0,0.9784922155501671,1.0
84.0,0.6,0.710174818306816,0.7128624090863804,0.9857591828717345,10037.0,10182.0,0.9784922155501671,1.0
84.0,0.65,0.710174818306816,0.7140428085617123,0.9819288941268906,9998.0,10182.0,0.9784922155501671,1.0
84.0,0.7,0.710174818306816,0.7149189080286088,0.9749558043606364,9927.0,10182.0,0.9784922155501671,1.0
84.0,0.75,0.710174818306816,0.7140232700551132,0.9622863877430761,9798.0,10182.0,0.9784922155501671,1.0
84.0,0.8,0.710174818306816,0.7185437293729373,0.9522687094873306,9696.0,10182.0,0.9784922155501671,1.0
84.0,0.85,0.710174818306816,0.7184799583550234,0.943331369082695,9605.0,10182.0,0.9784922155501671,1.0
84.0,0.9,0.710174818306816,0.7191773671573233,0.940777843252799,9579.0,10182.0,0.9784922155501671,1.0
84.0,0.95,0.710174818306816,0.7213872832369942,0.9344922412099784,9515.0,10182.0,0.9784922155501671,1.0
84.0,1.0,0.710174818306816,nan,0.0,0.0,10182.0,0.9784922155501671,1.0
85.0,0.0,0.6899430367314869,0.6903358868591633,1.0,10182.0,10182.0,0.9817573526741373,1.0
85.0,0.05,0.6899430367314869,0.6903358868591633,1.0,10182.0,10182.0,0.9817573526741373,1.0
85.0,0.1,0.6899430367314869,0.6902750491159135,0.9998035749361619,10180.0,10182.0,0.9817573526741373,1.0
85.0,0.15,0.6899430367314869,0.6903124385930438,0.9996071498723237,10178.0,10182.0,0.9817573526741373,1.0
85.0,0.2,0.6899430367314869,0.6903194103194104,0.9993125122765665,10175.0,10182.0,0.9817573526741373,1.0
85.0,0.25,0.6899430367314869,0.6904621435594887,0.9988214496169712,10170.0,10182.0,0.9817573526741373,1.0
85.0,0.3,0.6899430367314869,0.690605017215937,0.9983303869573757,10165.0,10182.0,0.9817573526741373,1.0
85.0,0.35,0.6899430367314869,0.6906800511760653,0.9979375368296994,10161.0,10182.0,0.9817573526741373,1.0
85.0,0.4,0.6899430367314869,0.6912387897900858,0.9965625613828325,10147.0,10182.0,0.9817573526741373,1.0
85.0,0.45,0.6899430367314869,0.6915260925323073,0.9955804360636418,10137.0,10182.0,0.9817573526741373,1.0
85.0,0.5,0.6899430367314869,0.6928098110968253,0.9930269102337458,10111.0,10182.0,0.9817573526741373,1.0
85.0,0.55,0.6899430367314869,0.6933359738587979,0.991848359850717,10099.0,10182.0,0.9817573526741373,1.0
85.0,0.6,0.6899430367314869,0.6934523809523809,0.9899823217442546,10080.0,10182.0,0.9817573526741373,1.0
85.0,0.65,0.6899430367314869,0.6932191576222244,0.9863484580632489,10043.0,10182.0,0.9817573526741373,1.0
85.0,0.7,0.6899430367314869,0.6957306073361396,0.9799646434885091,9978.0,10182.0,0.9817573526741373,1.0
85.0,0.75,0.6899430367314869,0.6964644435516272,0.9778039677862895,9956.0,10182.0,0.9817573526741373,1.0
85.0,0.8,0.6899430367314869,0.6984817813765182,0.97033981536044,9880.0,10182.0,0.9817573526741373,1.0
85.0,0.85,0.6899430367314869,0.6984641103332985,0.9399921429974465,9571.0,10182.0,0.9817573526741373,1.0
85.0,0.9,0.6899430367314869,0.699895178197065,0.9369475545079552,9540.0,10182.0,0.9817573526741373,1.0
85.0,0.95,0.6899430367314869,0.7018227794752924,0.9321351404439207,9491.0,10182.0,0.9817573526741373,1.0
85.0,1.0,0.6899430367314869,nan,0.0,0.0,10182.0,0.9817573526741373,1.0
86.0,0.0,0.6869966607739147,0.6873895109015911,1.0,10182.0,10182.0,0.9908697453867684,1.0
86.0,0.05,0.6869966607739147,0.6873895109015911,1.0,10182.0,10182.0,0.9908697453867684,1.0
86.0,0.1,0.6869966607739147,0.6873895109015911,1.0,10182.0,10182.0,0.9908697453867684,1.0
86.0,0.15,0.6869966607739147,0.6873895109015911,1.0,10182.0,10182.0,0.9908697453867684,1.0
86.0,0.2,0.6869966607739147,0.687524557956778,0.9998035749361619,10180.0,10182.0,0.9908697453867684,1.0
86.0,0.25,0.6869966607739147,0.687524557956778,0.9998035749361619,10180.0,10182.0,0.9908697453867684,1.0
86.0,0.3,0.6869966607739147,0.6876658476658477,0.9993125122765665,10175.0,10182.0,0.9908697453867684,1.0
86.0,0.35,0.6869966607739147,0.6878567211178902,0.9980357493616185,10162.0,10182.0,0.9908697453867684,1.0
86.0,0.4,0.6869966607739147,0.6880291395944084,0.9976428992339422,10158.0,10182.0,0.9908697453867684,1.0
86.0,0.45,0.6869966607739147,0.6884115096570753,0.9966607739147515,10148.0,10182.0,0.9908697453867684,1.0
86.0,0.5,0.6869966607739147,0.6882579118603963,0.9961697112551562,10143.0,10182.0,0.9908697453867684,1.0
86.0,0.55,0.6869966607739147,0.6885731201894613,0.9952857984678845,10134.0,10182.0,0.9908697453867684,1.0
86.0,0.6,0.6869966607739147,0.6888339920948616,0.9939108230210175,10120.0,10182.0,0.9908697453867684,1.0
86.0,0.65,0.6869966607739147,0.6888800871373403,0.991848359850717,10099.0,10182.0,0.9908697453867684,1.0
86.0,0.7,0.6869966607739147,0.6892963330029732,0.9909644470634453,10090.0,10182.0,0.9908697453867684,1.0
86.0,0.75,0.6869966607739147,0.6900695134061569,0.9890001964250639,10070.0,10182.0,0.9908697453867684,1.0
86.0,0.8,0.6869966607739147,0.6904761904761905,0.9817324690630524,9996.0,10182.0,0.9908697453867684,1.0
86.0,0.85,0.6869966607739147,0.692964824120603,0.9772146925947751,9950.0,10182.0,0.9908697453867684,1.0
86.0,0.9,0.6869966607739147,0.6964195151638097,0.9682773521901394,9859.0,10182.0,0.9908697453867684,1.0
86.0,0.95,0.6869966607739147,0.6969912583858507,0.966214889019839,9838.0,10182.0,0.9908697453867684,1.0
86.0,1.0,0.6869966607739147,nan,0.0,0.0,10182.0,0.9908697453867684,1.0
87.0,0.0,0.6947554507955215,0.6963268513062266,1.0,10182.0,10182.0,0.9885962683948218,1.0
87.0,0.05,0.6947554507955215,0.6963268513062266,1.0,10182.0,10182.0,0.9885962683948218,1.0
87.0,0.1,0.6947554507955215,0.6963268513062266,1.0,10182.0,10182.0,0.9885962683948218,1.0
87.0,0.15,0.6947554507955215,0.6963268513062266,1.0,10182.0,10182.0,0.9885962683948218,1.0
87.0,0.2,0.6947554507955215,0.6965022597759875,0.9996071498723237,10178.0,10182.0,0.9885962683948218,1.0
87.0,0.25,0.6947554507955215,0.6966093366093367,0.9993125122765665,10175.0,10182.0,0.9885962683948218,1.0
87.0,0.3,0.6947554507955215,0.6968414838138345,0.9981339618935376,10163.0,10182.0,0.9885962683948218,1.0
87.0,0.35,0.6947554507955215,0.6969189880893789,0.9977411117658613,10159.0,10182.0,0.9885962683948218,1.0
87.0,0.4,0.6947554507955215,0.6973787938510051,0.9966607739147515,10148.0,10182.0,0.9885962683948218,1.0
87.0,0.45,0.6947554507955215,0.697835326677869,0.9936161854252603,10117.0,10182.0,0.9885962683948218,1.0
87.0,0.5,0.6947554507955215,0.6989076464746773,0.9890001964250639,10070.0,10182.0,0.9885962683948218,1.0
87.0,0.55,0.6947554507955215,0.6990947975728639,0.9873305833824396,10053.0,10182.0,0.9885962683948218,1.0
87.0,0.6,0.6947554507955215,0.699283296834561,0.9866430956590061,10046.0,10182.0,0.9885962683948218,1.0
87.0,0.65,0.6947554507955215,0.6996212876220849,0.9854645452759773,10034.0,10182.0,0.9885962683948218,1.0
87.0,0.7,0.6947554507955215,0.7005197920831667,0.9825181693184051,10004.0,10182.0,0.9885962683948218,1.0
87.0,0.75,0.6947554507955215,0.7008830022075055,0.9787860931054803,9966.0,10182.0,0.9885962683948218,1.0
87.0,0.8,0.6947554507955215,0.7016785606593627,0.977116480062856,9949.0,10182.0,0.9885962683948218,1.0
87.0,0.85,0.6947554507955215,0.7018108651911469,0.9762325672755844,9940.0,10182.0,0.9885962683948218,1.0
87.0,0.9,0.6947554507955215,0.7020034229336555,0.9755450795521509,9933.0,10182.0,0.9885962683948218,1.0
87.0,0.95,0.6947554507955215,0.7017987065481003,0.9719112158711452,9896.0,10182.0,0.9885962683948218,1.0
87.0,1.0,0.6947554507955215,nan,0.0,0.0,10182.0,0.9885962683948218,1.0
88.0,0.0,0.664309565900609,0.669907680219996,1.0,10182.0,10182.0,0.9862481080693712,1.0
88.0,0.05,0.664309565900609,0.669907680219996,1.0,10182.0,10182.0,0.9862481080693712,1.0
88.0,0.1,0.664309565900609,0.669907680219996,1.0,10182.0,10182.0,0.9862481080693712,1.0
88.0,0.15,0.664309565900609,0.6700068769034286,0.9997053624042428,10179.0,10182.0,0.9862481080693712,1.0
88.0,0.2,0.664309565900609,0.6700727058361171,0.9996071498723237,10178.0,10182.0,0.9862481080693712,1.0
88.0,0.25,0.664309565900609,0.6699105475277696,0.9991160872127284,10173.0,10182.0,0.9862481080693712,1.0
88.0,0.3,0.664309565900609,0.670076726342711,0.9984285994892949,10166.0,10182.0,0.9862481080693712,1.0
88.0,0.35,0.664309565900609,0.6708037825059102,0.9970536240424278,10152.0,10182.0,0.9862481080693712,1.0
88.0,0.4,0.664309565900609,0.6715342871238283,0.9953840109998036,10135.0,10182.0,0.9862481080693712,1.0
88.0,0.45,0.664309565900609,0.6714751506768106,0.9940090355529365,10121.0,10182.0,0.9862481080693712,1.0
88.0,0.5,0.664309565900609,0.6716166716166716,0.9920447849145551,10101.0,10182.0,0.9862481080693712,1.0
88.0,0.55,0.664309565900609,0.6717943628423978,0.9895894716165783,10076.0,10182.0,0.9862481080693712,1.0
88.0,0.6,0.664309565900609,0.6719872306464485,0.9844824199567865,10024.0,10182.0,0.9862481080693712,1.0
88.0,0.65,0.664309565900609,0.671907861792689,0.9806521312119426,9985.0,10182.0,0.9862481080693712,1.0
88.0,0.7,0.664309565900609,0.6715848639967881,0.978491455509723,9963.0,10182.0,0.9862481080693712,1.0
88.0,0.75,0.664309565900609,0.6714170204164139,0.971714790807307,9894.0,10182.0,0.9862481080693712,1.0
88.0,0.8,0.664309565900609,0.6729872236868789,0.9685719897858966,9862.0,10182.0,0.9862481080693712,1.0
88.0,0.85,0.664309565900609,0.6731939935064936,0.9679827145943822,9856.0,10182.0,0.9862481080693712,1.0
88.0,0.9,0.664309565900609,0.6735067045916294,0.9668041642113534,9844.0,10182.0,0.9862481080693712,1.0
88.0,0.95,0.664309565900609,0.6737559784267834,0.9651345511687291,9827.0,10182.0,0.9862481080693712,1.0
88.0,1.0,0.664309565900609,nan,0.0,0.0,10182.0,0.9862481080693712,1.0
89.0,0.0,0.6618542526026321,0.6648988410921234,1.0,10182.0,10182.0,0.9859089657453558,1.0
89.0,0.05,0.6618542526026321,0.6648988410921234,1.0,10182.0,10182.0,0.9859089657453558,1.0
89.0,0.1,0.6618542526026321,0.6648988410921234,1.0,10182.0,10182.0,0.9859089657453558,1.0
89.0,0.15,0.6618542526026321,0.6649641489048227,0.9999017874680809,10181.0,10182.0,0.9859089657453558,1.0
89.0,0.2,0.6618542526026321,0.6649641489048227,0.9999017874680809,10181.0,10182.0,0.9859089657453558,1.0
89.0,0.25,0.6618542526026321,0.6650618982118295,0.9996071498723237,10178.0,10182.0,0.9859089657453558,1.0
89.0,0.3,0.6618542526026321,0.6653554921821221,0.9987232370850521,10169.0,10182.0,0.9859089657453558,1.0
89.0,0.35,0.6618542526026321,0.6658464566929134,0.9978393242977804,10160.0,10182.0,0.9859089657453558,1.0
89.0,0.4,0.6618542526026321,0.6660098522167488,0.9968571989785897,10150.0,10182.0,0.9859089657453558,1.0
89.0,0.45,0.6618542526026321,0.6655472145397077,0.9943036731486937,10124.0,10182.0,0.9859089657453558,1.0
89.0,0.5,0.6618542526026321,0.6653453572490338,0.9910626595953643,10091.0,10182.0,0.9859089657453558,1.0
89.0,0.55,0.6618542526026321,0.6662692498758073,0.9885091337654685,10065.0,10182.0,0.9859089657453558,1.0
89.0,0.6,0.6618542526026321,0.6677625024905359,0.9858573954036535,10038.0,10182.0,0.9859089657453558,1.0
89.0,0.65,0.6618542526026321,0.6689297124600639,0.9836967197014339,10016.0,10182.0,0.9859089657453558,1.0
89.0,0.7,0.6618542526026321,0.6695034040849018,0.9809467688076998,9988.0,10182.0,0.9859089657453558,1.0
89.0,0.75,0.6618542526026321,0.6687303359382929,0.967688076998625,9853.0,10182.0,0.9859089657453558,1.0
89.0,0.8,0.6618542526026321,0.6690369768386835,0.9668041642113534,9844.0,10182.0,0.9859089657453558,1.0
89.0,0.85,0.6618542526026321,0.6697182382260197,0.9655274012964055,9831.0,10182.0,0.9859089657453558,1.0
89.0,0.9,0.6618542526026321,0.670129341073429,0.9643488509133765,9819.0,10182.0,0.9859089657453558,1.0
89.0,0.95,0.6618542526026321,0.6702388242498469,0.9622863877430761,9798.0,10182.0,0.9859089657453558,1.0
89.0,1.0,0.6618542526026321,nan,0.0,0.0,10182.0,0.9859089657453558,1.0
90.0,0.0,0.6785503830288745,0.6802199960714987,1.0,10182.0,10182.0,0.9854672949485286,1.0
90.0,0.05,0.6785503830288745,0.6802199960714987,1.0,10182.0,10182.0,0.9854672949485286,1.0
90.0,0.1,0.6785503830288745,0.6802199960714987,1.0,10182.0,10182.0,0.9854672949485286,1.0
90.0,0.15,0.6785503830288745,0.6802868087614183,0.9999017874680809,10181.0,10182.0,0.9854672949485286,1.0
90.0,0.2,0.6785503830288745,0.6804873256042444,0.9996071498723237,10178.0,10182.0,0.9854672949485286,1.0
90.0,0.25,0.6785503830288745,0.6805582858266168,0.9992142997446474,10174.0,10182.0,0.9854672949485286,1.0
90.0,0.3,0.6785503830288745,0.6806962336512932,0.9987232370850521,10169.0,10182.0,0.9854672949485286,1.0
90.0,0.35,0.6785503830288745,0.6811736904293029,0.9974464741701041,10156.0,10182.0,0.9854672949485286,1.0
90.0,0.4,0.6785503830288745,0.6811865576032324,0.9965625613828325,10147.0,10182.0,0.9854672949485286,1.0
90.0,0.45,0.6785503830288745,0.6811808846761453,0.99469652327637,10128.0,10182.0,0.9854672949485286,1.0
90.0,0.5,0.6785503830288745,0.6812871287128713,0.9919465723826361,10100.0,10182.0,0.9854672949485286,1.0
90.0,0.55,0.6785503830288745,0.6823506055191583,0.9893930465527401,10074.0,10182.0,0.9854672949485286,1.0
90.0,0.6,0.6785503830288745,0.6832835820895522,0.9870359457866824,10050.0,10182.0,0.9854672949485286,1.0
90.0,0.65,0.6785503830288745,0.6841580207501995,0.9844824199567865,10024.0,10182.0,0.9854672949485286,1.0
90.0,0.7,0.6785503830288745,0.6836836836836837,0.981143193871538,9990.0,10182.0,0.9854672949485286,1.0
90.0,0.75,0.6785503830288745,0.6837459415584416,0.9679827145943822,9856.0,10182.0,0.9854672949485286,1.0
90.0,0.8,0.6785503830288745,0.6843495934959349,0.9664113140836771,9840.0,10182.0,0.9854672949485286,1.0
90.0,0.85,0.6785503830288745,0.6848854961832062,0.9649381261048909,9825.0,10182.0,0.9854672949485286,1.0
90.0,0.9,0.6785503830288745,0.6856647634584013,0.9632685130622668,9808.0,10182.0,0.9854672949485286,1.0
90.0,0.95,0.6785503830288745,0.6869369369369369,0.9593400117855039,9768.0,10182.0,0.9854672949485286,1.0
90.0,1.0,0.6785503830288745,nan,0.0,0.0,10182.0,0.9854672949485286,1.0
91.0,0.0,0.6760950697308976,0.6789432331565508,1.0,10182.0,10182.0,0.9877205460486548,1.0
91.0,0.05,0.6760950697308976,0.6789432331565508,1.0,10182.0,10182.0,0.9877205460486548,1.0
91.0,0.1,0.6760950697308976,0.6789432331565508,1.0,10182.0,10182.0,0.9877205460486548,1.0
91.0,0.15,0.6760950697308976,0.6789116982614675,0.9999017874680809,10181.0,10182.0,0.9877205460486548,1.0
91.0,0.2,0.6760950697308976,0.6789783889980353,0.9998035749361619,10180.0,10182.0,0.9877205460486548,1.0
91.0,0.25,0.6760950697308976,0.6791470125786163,0.9994107248084856,10176.0,10182.0,0.9877205460486548,1.0
91.0,0.3,0.6760950697308976,0.6790912667191188,0.998625024553133,10168.0,10182.0,0.9877205460486548,1.0
91.0,0.35,0.6760950697308976,0.6796020880527923,0.9971518365743469,10153.0,10182.0,0.9877205460486548,1.0
91.0,0.4,0.6760950697308976,0.6799447840662591,0.9960714987232371,10142.0,10182.0,0.9877205460486548,1.0
91.0,0.45,0.6760950697308976,0.6805020258918866,0.9938126104890984,10119.0,10182.0,0.9877205460486548,1.0
91.0,0.5,0.6760950697308976,0.6813589540412044,0.9915537222549597,10096.0,10182.0,0.9877205460486548,1.0
91.0,0.55,0.6760950697308976,0.6819854769720481,0.9873305833824396,10053.0,10182.0,0.9877205460486548,1.0
91.0,0.6,0.6760950697308976,0.6826424870466321,0.9856609703398154,10036.0,10182.0,0.9877205460486548,1.0
91.0,0.65,0.6760950697308976,0.68324345915718,0.9835002946375958,10014.0,10182.0,0.9877205460486548,1.0
91.0,0.7,0.6760950697308976,0.6841999799619277,0.9802592810842663,9981.0,10182.0,0.9877205460486548,1.0
91.0,0.75,0.6760950697308976,0.6844060648659503,0.9780986053820467,9959.0,10182.0,0.9877205460486548,1.0
91.0,0.8,0.6760950697308976,0.6847662141779789,0.9767236299351797,9945.0,10182.0,0.9877205460486548,1.0
91.0,0.85,0.6760950697308976,0.6854294632967476,0.9753486544883128,9931.0,10182.0,0.9877205460486548,1.0
91.0,0.9,0.6760950697308976,0.6862072444758349,0.9733844038499313,9911.0,10182.0,0.9877205460486548,1.0
91.0,0.95,0.6760950697308976,0.6888303263734036,0.968964839913573,9866.0,10182.0,0.9877205460486548,1.0
91.0,1.0,0.6760950697308976,nan,0.0,0.0,10182.0,0.9877205460486548,1.0
92.0,0.0,0.7042820663916716,0.691318012178354,1.0,10182.0,10182.0,0.9624080618291339,1.0
92.0,0.05,0.7042820663916716,0.691318012178354,1.0,10182.0,10182.0,0.9624080618291339,1.0
92.0,0.1,0.7042820663916716,0.6912876927610254,0.9999017874680809,10181.0,10182.0,0.9624080618291339,1.0
92.0,0.15,0.7042820663916716,0.6913932010218118,0.9996071498723237,10178.0,10182.0,0.9624080618291339,1.0
92.0,0.2,0.7042820663916716,0.6915060951631931,0.9990178746808093,10172.0,10182.0,0.9624080618291339,1.0
92.0,0.25,0.7042820663916716,0.6919062623079952,0.9974464741701041,10156.0,10182.0,0.9624080618291339,1.0
92.0,0.3,0.7042820663916716,0.6925742574257425,0.9919465723826361,10100.0,10182.0,0.9624080618291339,1.0
92.0,0.35,0.7042820663916716,0.69745541975556,0.9803574936161854,9982.0,10182.0,0.9624080618291339,1.0
92.0,0.4,0.7042820663916716,0.7004440855874041,0.973089766254174,9908.0,10182.0,0.9624080618291339,1.0
92.0,0.45,0.7042820663916716,0.7022397891963109,0.9690630524454921,9867.0,10182.0,0.9624080618291339,1.0
92.0,0.5,0.7042820663916716,0.7036772944891515,0.9641524258495384,9817.0,10182.0,0.9624080618291339,1.0
92.0,0.55,0.7042820663916716,0.7032628770777755,0.9571793360832842,9746.0,10182.0,0.9624080618291339,1.0
92.0,0.6,0.7042820663916716,0.7052381444364088,0.9505990964447063,9679.0,10182.0,0.9624080618291339,1.0
92.0,0.65,0.7042820663916716,0.7065183491007381,0.9447063445295619,9619.0,10182.0,0.9624080618291339,1.0
92.0,0.7,0.7042820663916716,0.7085774058577405,0.9389118051463367,9560.0,10182.0,0.9624080618291339,1.0
92.0,0.75,0.7042820663916716,0.7090108045735865,0.9362600667845217,9533.0,10182.0,0.9624080618291339,1.0
92.0,0.8,0.7042820663916716,0.7092974337400084,0.9338047534865449,9508.0,10182.0,0.9624080618291339,1.0
92.0,0.85,0.7042820663916716,0.710037958667229,0.9314476527204871,9484.0,10182.0,0.9624080618291339,1.0
92.0,0.9,0.7042820663916716,0.7110028592608282,0.9274209389118051,9443.0,10182.0,0.9624080618291339,1.0
92.0,0.95,0.7042820663916716,0.7142551827313528,0.919072873698684,9358.0,10182.0,0.9624080618291339,1.0
92.0,1.0,0.7042820663916716,nan,0.0,0.0,10182.0,0.9624080618291339,1.0
93.0,0.0,0.690139461795325,0.6868002357100766,1.0,10182.0,10182.0,0.9593554778005163,1.0
93.0,0.05,0.690139461795325,0.6868002357100766,1.0,10182.0,10182.0,0.9593554778005163,1.0
93.0,0.1,0.690139461795325,0.6868002357100766,1.0,10182.0,10182.0,0.9593554778005163,1.0
93.0,0.15,0.690139461795325,0.6867694725469011,0.9999017874680809,10181.0,10182.0,0.9593554778005163,1.0
93.0,0.2,0.690139461795325,0.6870514207059286,0.9989196621488902,10171.0,10182.0,0.9593554778005163,1.0
93.0,0.25,0.690139461795325,0.6873522458628841,0.9970536240424278,10152.0,10182.0,0.9593554778005163,1.0
93.0,0.3,0.690139461795325,0.6881124418489557,0.9922412099783933,10103.0,10182.0,0.9593554778005163,1.0
93.0,0.35,0.690139461795325,0.6909580301066693,0.98516990768022,10031.0,10182.0,0.9593554778005163,1.0
93.0,0.4,0.690139461795325,0.6931875188120799,0.9788843056373994,9967.0,10182.0,0.9593554778005163,1.0
93.0,0.45,0.690139461795325,0.6968930270215565,0.9704380278923591,9881.0,10182.0,0.9593554778005163,1.0
93.0,0.5,0.690139461795325,0.698086319218241,0.9648399135729719,9824.0,10182.0,0.9593554778005163,1.0
93.0,0.55,0.690139461795325,0.6993745514200759,0.9578668238067177,9753.0,10182.0,0.9593554778005163,1.0
93.0,0.6,0.690139461795325,0.7059495379503686,0.9458848949125909,9631.0,10182.0,0.9593554778005163,1.0
93.0,0.65,0.690139461795325,0.711376994122586,0.9357690041249264,9528.0,10182.0,0.9593554778005163,1.0
93.0,0.7,0.690139461795325,0.7123143368798062,0.9323315655077588,9493.0,10182.0,0.9593554778005163,1.0
93.0,0.75,0.690139461795325,0.7134088263308287,0.9280102141033196,9449.0,10182.0,0.9593554778005163,1.0
93.0,0.8,0.690139461795325,0.7140580172138986,0.9242781378903948,9411.0,10182.0,0.9593554778005163,1.0
93.0,0.85,0.690139461795325,0.7145902163487158,0.9215281869966607,9383.0,10182.0,0.9593554778005163,1.0
93.0,0.9,0.690139461795325,0.71659702132219,0.9166175604007071,9333.0,10182.0,0.9593554778005163,1.0
93.0,0.95,0.690139461795325,0.7177235772357724,0.9060106069534473,9225.0,10182.0,0.9593554778005163,1.0
93.0,1.0,0.690139461795325,nan,0.0,0.0,10182.0,0.9593554778005163,1.0
94.0,0.0,0.7300137497544686,0.7289334119033589,1.0,10182.0,10182.0,0.9541629215882057,1.0
94.0,0.05,0.7300137497544686,0.7289334119033589,1.0,10182.0,10182.0,0.9541629215882057,1.0
94.0,0.1,0.7300137497544686,0.729005009331107,0.9999017874680809,10181.0,10182.0,0.9541629215882057,1.0
94.0,0.15,0.7300137497544686,0.7291216348988013,0.9996071498723237,10178.0,10182.0,0.9541629215882057,1.0
94.0,0.2,0.7300137497544686,0.7290335266935405,0.9989196621488902,10171.0,10182.0,0.9541629215882057,1.0
94.0,0.25,0.7300137497544686,0.7301477832512315,0.9968571989785897,10150.0,10182.0,0.9541629215882057,1.0
94.0,0.3,0.7300137497544686,0.7310045391750543,0.9952857984678845,10134.0,10182.0,0.9541629215882057,1.0
94.0,0.35,0.7300137497544686,0.731502519016102,0.9942054606167747,10123.0,10182.0,0.9541629215882057,1.0
94.0,0.4,0.7300137497544686,0.7318109924871491,0.9935179728933412,10116.0,10182.0,0.9541629215882057,1.0
94.0,0.45,0.7300137497544686,0.7320526784830181,0.991848359850717,10099.0,10182.0,0.9541629215882057,1.0
94.0,0.5,0.7300137497544686,0.7343860002011465,0.9765272048713416,9943.0,10182.0,0.9541629215882057,1.0
94.0,0.55,0.7300137497544686,0.7321318228630278,0.9536436849341976,9710.0,10182.0,0.9541629215882057,1.0
94.0,0.6,0.7300137497544686,0.7334719334719335,0.944804557061481,9620.0,10182.0,0.9541629215882057,1.0
94.0,0.65,0.7300137497544686,0.7307280513918629,0.9173050481241406,9340.0,10182.0,0.9541629215882057,1.0
94.0,0.7,0.7300137497544686,0.730981495509144,0.9075820074641524,9241.0,10182.0,0.9541629215882057,1.0
94.0,0.75,0.7300137497544686,0.7316993818457868,0.905617756825771,9221.0,10182.0,0.9541629215882057,1.0
94.0,0.8,0.7300137497544686,0.7327314260850647,0.902867805932037,9193.0,10182.0,0.9541629215882057,1.0
94.0,0.85,0.7300137497544686,0.7337116664847757,0.8999214299744648,9163.0,10182.0,0.9541629215882057,1.0
94.0,0.9,0.7300137497544686,0.7357848518111965,0.8947161657827539,9110.0,10182.0,0.9541629215882057,1.0
94.0,0.95,0.7300137497544686,0.737145390070922,0.8862698880377136,9024.0,10182.0,0.9541629215882057,1.0
94.0,1.0,0.7300137497544686,nan,0.0,0.0,10182.0,0.9541629215882057,1.0
95.0,0.0,0.7158711451581222,0.7160675702219603,1.0,10182.0,10182.0,0.95474113507935,1.0
95.0,0.05,0.7158711451581222,0.7160675702219603,1.0,10182.0,10182.0,0.95474113507935,1.0
95.0,0.1,0.7158711451581222,0.7160675702219603,1.0,10182.0,10182.0,0.95474113507935,1.0
95.0,0.15,0.7158711451581222,0.7161803713527851,0.9997053624042428,10179.0,10182.0,0.95474113507935,1.0
95.0,0.2,0.7158711451581222,0.7164619164619165,0.9993125122765665,10175.0,10182.0,0.95474113507935,1.0
95.0,0.25,0.7158711451581222,0.7168455252535197,0.9975446867020232,10157.0,10182.0,0.95474113507935,1.0
95.0,0.3,0.7158711451581222,0.7169755520504731,0.9962679237870752,10144.0,10182.0,0.95474113507935,1.0
95.0,0.35,0.7158711451581222,0.7176470588235294,0.9934197603614221,10115.0,10182.0,0.95474113507935,1.0
95.0,0.4,0.7158711451581222,0.7188026563584101,0.9908662345315262,10089.0,10182.0,0.95474113507935,1.0
95.0,0.45,0.7158711451581222,0.7192093762415575,0.9888037713612257,10068.0,10182.0,0.95474113507935,1.0
95.0,0.5,0.7158711451581222,0.7200039828736433,0.9863484580632489,10043.0,10182.0,0.95474113507935,1.0
95.0,0.55,0.7158711451581222,0.7197401299350324,0.9826163818503241,10005.0,10182.0,0.95474113507935,1.0
95.0,0.6,0.7158711451581222,0.7173314291543406,0.9627774504026714,9803.0,10182.0,0.95474113507935,1.0
95.0,0.65,0.7158711451581222,0.7190215642098488,0.9154390100176782,9321.0,10182.0,0.95474113507935,1.0
95.0,0.7,0.7158711451581222,0.7212403773175756,0.9058141818896092,9223.0,10182.0,0.95474113507935,1.0
95.0,0.75,0.7158711451581222,0.723863512482285,0.9009035552936555,9173.0,10182.0,0.95474113507935,1.0
95.0,0.8,0.7158711451581222,0.7246582832148715,0.8981536043999214,9145.0,10182.0,0.95474113507935,1.0
95.0,0.85,0.7158711451581222,0.7258064516129032,0.8951090159104301,9114.0,10182.0,0.95474113507935,1.0
95.0,0.9,0.7158711451581222,0.7286881625441696,0.889412689059124,9056.0,10182.0,0.95474113507935,1.0
95.0,0.95,0.7158711451581222,0.7339818852733981,0.8783146729522687,8943.0,10182.0,0.95474113507935,1.0
95.0,1.0,0.7158711451581222,nan,0.0,0.0,10182.0,0.95474113507935,1.0
96.0,0.0,0.7013356904340994,0.7014339029660185,1.0,10182.0,10182.0,0.9545471384386678,1.0
96.0,0.05,0.7013356904340994,0.7014339029660185,1.0,10182.0,10182.0,0.9545471384386678,1.0
96.0,0.1,0.7013356904340994,0.7014339029660185,1.0,10182.0,10182.0,0.9545471384386678,1.0
96.0,0.15,0.7013356904340994,0.7014734774066798,0.9998035749361619,10180.0,10182.0,0.9545471384386678,1.0
96.0,0.2,0.7013356904340994,0.7017888735993709,0.9992142997446474,10174.0,10182.0,0.9545471384386678,1.0
96.0,0.25,0.7013356904340994,0.7021548755288792,0.9981339618935376,10163.0,10182.0,0.9545471384386678,1.0
96.0,0.3,0.7013356904340994,0.7030864806232127,0.995973286191318,10141.0,10182.0,0.9545471384386678,1.0
96.0,0.35,0.7013356904340994,0.7032022138762601,0.9937143979571793,10118.0,10182.0,0.9545471384386678,1.0
96.0,0.4,0.7013356904340994,0.7032270837457929,0.9921429974464742,10102.0,10182.0,0.9545471384386678,1.0
96.0,0.45,0.7013356904340994,0.7039721946375372,0.9890001964250639,10070.0,10182.0,0.9545471384386678,1.0
96.0,0.5,0.7013356904340994,0.7007897934386391,0.9699469652327637,9876.0,10182.0,0.9545471384386678,1.0
96.0,0.55,0.7013356904340994,0.7127405096203848,0.9443134944018857,9615.0,10182.0,0.9545471384386678,1.0
96.0,0.6,0.7013356904340994,0.7165494805331094,0.9358672166568455,9529.0,10182.0,0.9545471384386678,1.0
96.0,0.65,0.7013356904340994,0.718323277230867,0.9278137890394814,9447.0,10182.0,0.9545471384386678,1.0
96.0,0.7,0.7013356904340994,0.7194730077120822,0.9169121979964644,9336.0,10182.0,0.9545471384386678,1.0
96.0,0.75,0.7013356904340994,0.7184444927221377,0.9041445688469849,9206.0,10182.0,0.9545471384386678,1.0
96.0,0.8,0.7013356904340994,0.7196210801393729,0.9019838931447652,9184.0,10182.0,0.9545471384386678,1.0
96.0,0.85,0.7013356904340994,0.7200829060761427,0.900314280102141,9167.0,10182.0,0.9545471384386678,1.0
96.0,0.9,0.7013356904340994,0.7208232975695205,0.8970732665488116,9134.0,10182.0,0.9545471384386678,1.0
96.0,0.95,0.7013356904340994,0.7224301122606207,0.8923590650166962,9086.0,10182.0,0.9545471384386678,1.0
96.0,1.0,0.7013356904340994,nan,0.0,0.0,10182.0,0.9545471384386678,1.0
97.0,0.0,0.7106658809664114,0.7184246709880181,1.0,10182.0,10182.0,0.9521271169977381,1.0
97.0,0.05,0.7106658809664114,0.7184246709880181,1.0,10182.0,10182.0,0.9521271169977381,1.0
97.0,0.1,0.7106658809664114,0.7186364082915807,0.9997053624042428,10179.0,10182.0,0.9521271169977381,1.0
97.0,0.15,0.7106658809664114,0.7188206388206388,0.9993125122765665,10175.0,10182.0,0.9521271169977381,1.0
97.0,0.2,0.7106658809664114,0.7193189646688318,0.9979375368296994,10161.0,10182.0,0.9521271169977381,1.0
97.0,0.25,0.7106658809664114,0.719640919404163,0.9955804360636418,10137.0,10182.0,0.9521271169977381,1.0
97.0,0.3,0.7106658809664114,0.720479065624072,0.9922412099783933,10103.0,10182.0,0.9521271169977381,1.0
97.0,0.35,0.7106658809664114,0.7212508742132081,0.9830092319780004,10009.0,10182.0,0.9521271169977381,1.0
97.0,0.4,0.7106658809664114,0.724847250509165,0.9644470634452956,9820.0,10182.0,0.9521271169977381,1.0
97.0,0.45,0.7106658809664114,0.7270308983016165,0.9599292869770183,9774.0,10182.0,0.9521271169977381,1.0
97.0,0.5,0.7106658809664114,0.7287839917906619,0.9570811235513652,9745.0,10182.0,0.9521271169977381,1.0
97.0,0.55,0.7106658809664114,0.7307929969104017,0.9536436849341976,9710.0,10182.0,0.9521271169977381,1.0
97.0,0.6,0.7106658809664114,0.7292580982236154,0.9398939304655274,9570.0,10182.0,0.9521271169977381,1.0
97.0,0.65,0.7106658809664114,0.7295956076443881,0.9301708898055392,9471.0,10182.0,0.9521271169977381,1.0
97.0,0.7,0.7106658809664114,0.731496315283563,0.9195639363582793,9363.0,10182.0,0.9521271169977381,1.0
97.0,0.75,0.7106658809664114,0.7335621581036147,0.9156354350815163,9323.0,10182.0,0.9521271169977381,1.0
97.0,0.8,0.7106658809664114,0.7356297093649085,0.912394421528187,9290.0,10182.0,0.9521271169977381,1.0
97.0,0.85,0.7106658809664114,0.738988934692992,0.9053231192300137,9218.0,10182.0,0.9521271169977381,1.0
97.0,0.9,0.7106658809664114,0.7428352658061693,0.8978589668041642,9142.0,10182.0,0.9521271169977381,1.0
97.0,0.95,0.7106658809664114,0.7454004627079431,0.8914751522294245,9077.0,10182.0,0.9521271169977381,1.0
97.0,1.0,0.7106658809664114,nan,0.0,0.0,10182.0,0.9521271169977381,1.0
98.0,0.0,0.7338440384993126,0.7354154390100177,1.0,10182.0,10182.0,0.9656832757594542,1.0
98.0,0.05,0.7338440384993126,0.7354154390100177,1.0,10182.0,10182.0,0.9656832757594542,1.0
98.0,0.1,0.7338440384993126,0.7354154390100177,1.0,10182.0,10182.0,0.9656832757594542,1.0
98.0,0.15,0.7338440384993126,0.7354876731165897,0.9999017874680809,10181.0,10182.0,0.9656832757594542,1.0
98.0,0.2,0.7338440384993126,0.7356525157232704,0.9994107248084856,10176.0,10182.0,0.9656832757594542,1.0
98.0,0.25,0.7338440384993126,0.7355371900826446,0.9982321744254566,10164.0,10182.0,0.9656832757594542,1.0
98.0,0.3,0.7338440384993126,0.7361521781983047,0.9964643488509134,10146.0,10182.0,0.9656832757594542,1.0
98.0,0.35,0.7338440384993126,0.7362333168561542,0.9934197603614221,10115.0,10182.0,0.9656832757594542,1.0
98.0,0.4,0.7338440384993126,0.7372153415900919,0.9833038695737576,10012.0,10182.0,0.9656832757594542,1.0
98.0,0.45,0.7338440384993126,0.7383458646616541,0.9796700058927519,9975.0,10182.0,0.9656832757594542,1.0
98.0,0.5,0.7338440384993126,0.7406139909411172,0.975741504615989,9935.0,10182.0,0.9656832757594542,1.0
98.0,0.55,0.7338440384993126,0.7429986856738449,0.9714201532115498,9891.0,10182.0,0.9656832757594542,1.0
98.0,0.6,0.7338440384993126,0.7444500760263558,0.9688666273816539,9865.0,10182.0,0.9656832757594542,1.0
98.0,0.65,0.7338440384993126,0.7433144037170882,0.9511883716362208,9685.0,10182.0,0.9656832757594542,1.0
98.0,0.7,0.7338440384993126,0.7452368558042686,0.943331369082695,9605.0,10182.0,0.9656832757594542,1.0
98.0,0.75,0.7338440384993126,0.7497631329613643,0.9329208406992733,9499.0,10182.0,0.9656832757594542,1.0
98.0,0.8,0.7338440384993126,0.751004016064257,0.9292869770182676,9462.0,10182.0,0.9656832757594542,1.0
98.0,0.85,0.7338440384993126,0.7525026624068157,0.9222156747200942,9390.0,10182.0,0.9656832757594542,1.0
98.0,0.9,0.7338440384993126,0.7533468994323659,0.9170104105283834,9337.0,10182.0,0.9656832757594542,1.0
98.0,0.95,0.7338440384993126,0.7536216216216216,0.908465920251424,9250.0,10182.0,0.9656832757594542,1.0
98.0,1.0,0.7338440384993126,nan,0.0,0.0,10182.0,0.9656832757594542,1.0
99.0,0.0,0.7240227853074053,0.7242192103712434,1.0,10182.0,10182.0,0.9703349291464595,1.0
99.0,0.05,0.7240227853074053,0.7242192103712434,1.0,10182.0,10182.0,0.9703349291464595,1.0
99.0,0.1,0.7240227853074053,0.7242192103712434,1.0,10182.0,10182.0,0.9703349291464595,1.0
99.0,0.15,0.7240227853074053,0.7242192103712434,1.0,10182.0,10182.0,0.9703349291464595,1.0
99.0,0.2,0.7240227853074053,0.7243344139895864,0.9997053624042428,10179.0,10182.0,0.9703349291464595,1.0
99.0,0.25,0.7240227853074053,0.7248058204699637,0.9989196621488902,10171.0,10182.0,0.9703349291464595,1.0
99.0,0.3,0.7240227853074053,0.7253666699478295,0.9977411117658613,10159.0,10182.0,0.9703349291464595,1.0
99.0,0.35,0.7240227853074053,0.726223362273086,0.9954822235317227,10136.0,10182.0,0.9703349291464595,1.0
99.0,0.4,0.7240227853074053,0.7271468144044322,0.9927322726379886,10108.0,10182.0,0.9703349291464595,1.0
99.0,0.45,0.7240227853074053,0.7290650204122274,0.9863484580632489,10043.0,10182.0,0.9703349291464595,1.0
99.0,0.5,0.7240227853074053,0.7348255696713047,0.9740718915733647,9918.0,10182.0,0.9703349291464595,1.0
99.0,0.55,0.7240227853074053,0.7356089678852757,0.9725004910626596,9902.0,10182.0,0.9703349291464595,1.0
99.0,0.6,0.7240227853074053,0.7361237488626023,0.9714201532115498,9891.0,10182.0,0.9703349291464595,1.0
99.0,0.65,0.7240227853074053,0.7376749847839318,0.9681791396582203,9858.0,10182.0,0.9703349291464595,1.0
99.0,0.7,0.7240227853074053,0.7413399709603816,0.9469652327637006,9642.0,10182.0,0.9703349291464595,1.0
99.0,0.75,0.7240227853074053,0.7445674885081488,0.9400903555293656,9572.0,10182.0,0.9703349291464595,1.0
99.0,0.8,0.7240227853074053,0.746431570109152,0.9357690041249264,9528.0,10182.0,0.9703349291464595,1.0
99.0,0.85,0.7240227853074053,0.7479734708916728,0.9329208406992733,9499.0,10182.0,0.9703349291464595,1.0
99.0,0.9,0.7240227853074053,0.7516949152542373,0.9271263013160479,9440.0,10182.0,0.9703349291464595,1.0
99.0,0.95,0.7240227853074053,0.754213782803499,0.9206442742093891,9374.0,10182.0,0.9703349291464595,1.0
99.0,1.0,0.7240227853074053,nan,0.0,0.0,10182.0,0.9703349291464595,1.0
100.0,0.0,0.7200942840306424,0.7200942840306424,1.0,10182.0,10182.0,0.9780091796215954,1.0
100.0,0.05,0.7200942840306424,0.7200942840306424,1.0,10182.0,10182.0,0.9780091796215954,1.0
100.0,0.1,0.7200942840306424,0.7203065134099617,0.9997053624042428,10179.0,10182.0,0.9780091796215954,1.0
100.0,0.15,0.7200942840306424,0.7207747517451578,0.9989196621488902,10171.0,10182.0,0.9780091796215954,1.0
100.0,0.2,0.7200942840306424,0.7214566929133859,0.9978393242977804,10160.0,10182.0,0.9780091796215954,1.0
100.0,0.25,0.7200942840306424,0.7218119153126539,0.997348261638185,10155.0,10182.0,0.9780091796215954,1.0
100.0,0.3,0.7200942840306424,0.722797671895038,0.9955804360636418,10137.0,10182.0,0.9780091796215954,1.0
100.0,0.35,0.7200942840306424,0.723490463484534,0.9938126104890984,10119.0,10182.0,0.9780091796215954,1.0
100.0,0.4,0.7200942840306424,0.7259104892329066,0.9896876841484974,10077.0,10182.0,0.9780091796215954,1.0
100.0,0.45,0.7200942840306424,0.7280789159027501,0.9856609703398154,10036.0,10182.0,0.9780091796215954,1.0
100.0,0.5,0.7200942840306424,0.7289607666966158,0.983794932233353,10017.0,10182.0,0.9780091796215954,1.0
100.0,0.55,0.7200942840306424,0.7294541091781643,0.9823217442545669,10002.0,10182.0,0.9780091796215954,1.0
100.0,0.6,0.7200942840306424,0.7300490637829178,0.9808485562757808,9987.0,10182.0,0.9780091796215954,1.0
100.0,0.65,0.7200942840306424,0.7328552671447328,0.9724022785307406,9901.0,10182.0,0.9780091796215954,1.0
100.0,0.7,0.7200942840306424,0.7357951647454861,0.9627774504026714,9803.0,10182.0,0.9780091796215954,1.0
100.0,0.75,0.7200942840306424,0.7366857845145433,0.9589471616578276,9764.0,10182.0,0.9780091796215954,1.0
100.0,0.8,0.7200942840306424,0.7366529774127311,0.9565900608917698,9740.0,10182.0,0.9780091796215954,1.0
100.0,0.85,0.7200942840306424,0.7380510918829831,0.9534472598703595,9708.0,10182.0,0.9780091796215954,1.0
100.0,0.9,0.7200942840306424,0.739788513373419,0.9473580828913769,9646.0,10182.0,0.9780091796215954,1.0
100.0,0.95,0.7200942840306424,0.7411188665485988,0.9427420938911805,9599.0,10182.0,0.9780091796215954,1.0
100.0,1.0,0.7200942840306424,nan,0.0,0.0,10182.0,0.9780091796215954,1.0
